rule,asset,group,tf,n,per_yr,avgR,t,win,coin,longs,shorts,is_,oos,yrs_pos,worst,hold_h,rr,candidate
"Holy Grail (ADX>30 rising, first pullback to EMA20, buy stop, 20-bar high target)",AAPL,stock,M5,768,65.34171907756814,-0.1700788140296936,-3.068682510971842,0.3307291666666667,-0.05941076949238777,-0.1590077430009842,-0.17661142349243164,-0.13495104014873505,-0.28157126903533936,1/11,-0.36342158913612366,0.25,2.0,False
"Holy Grail (ADX>30 rising, first pullback to EMA20, buy stop, 20-bar high target)",AAPL,stock,M15,287,24.555340829234012,-0.12791334092617035,-1.5442351066337907,0.3554006968641115,-0.0783902034163475,0.04452234506607056,-0.29444366693496704,-0.19600003957748413,0.07168330252170563,6/11,-0.6670341491699219,1.0,1.816901445388794,False
"Holy Grail (ADX>30 rising, first pullback to EMA20, buy stop, 20-bar high target)",AAPL,stock,M30,195,16.62552521008403,-0.008987321518361568,-0.08129512496776703,0.39487179487179486,0.0527854859828949,-0.10547923296689987,0.0754430815577507,-0.015797611325979233,0.011869157664477825,5/11,-0.5460067987442017,4.0,1.807692289352417,False
"Holy Grail (ADX>30 rising, first pullback to EMA20, buy stop, 20-bar high target)",AAPL,stock,H1,103,8.820808909730363,0.0899055227637291,0.6109334249891873,0.4174757281553398,-0.008334153331816196,0.3543153405189514,-0.19036884605884552,0.15039192140102386,-0.07211160659790039,5/11,-0.7482777237892151,20.58333396911621,2.2876713275909424,False
"Holy Grail (ADX>30 rising, first pullback to EMA20, buy stop, 20-bar high target)",AAPL,stock,H4,33,2.98791522062469,-0.025312550365924835,-0.13690377953723537,0.42424242424242425,0.5898488163948059,0.25418609380722046,-0.5144351720809937,0.06612005829811096,-0.2691328823566437,5/10,-1.0064096450805664,24.5,2.059171676635742,False
"Holy Grail (ADX>30 rising, first pullback to EMA20, buy stop, 20-bar high target)",AAPL,stock,D1,11,1.0207698170731707,-0.3633050322532654,-0.8421242174094521,0.18181818181818182,-0.2578642964363098,0.180949404835701,-0.5674003958702087,-0.11926978826522827,-1.0140656232833862,2/8,-1.0177412033081055,136.5,2.985175132751465,False
"Holy Grail (ADX>30 rising, first pullback to EMA20, buy stop, 20-bar high target)",ADAUSD,crypto,M5,2570,512.6665756417258,-5.779974937438965,-2.404318879732864,0.18832684824902723,-5.586922645568848,-8.748059272766113,-3.530565023422241,-10.667359352111816,-1.485649824142456,0/6,-111.41484832763672,0.1666666716337204,2.3529412746429443,False
"Holy Grail (ADX>30 rising, first pullback to EMA20, buy stop, 20-bar high target)",ADAUSD,crypto,M15,1055,210.56762295081967,-1.5120850801467896,-2.7245394377094385,0.2900473933649289,-1.505918264389038,-2.4241325855255127,-1.025571584701538,-2.531188726425171,-0.5974578857421875,0/6,-15.873886108398438,0.6666666865348816,2.2666666507720947,False
"Holy Grail (ADX>30 rising, first pullback to EMA20, buy stop, 20-bar high target)",ADAUSD,crypto,M30,578,115.6158269441402,-0.5219550132751465,-7.9196219876123415,0.3477508650519031,-0.6330272555351257,-0.5711232423782349,-0.49261710047721863,-0.49349096417427063,-0.5496419668197632,1/6,-0.7137449383735657,1.5,1.9299049377441406,False
"Holy Grail (ADX>30 rising, first pullback to EMA20, buy stop, 20-bar high target)",ADAUSD,crypto,H1,334,66.69956260251503,-0.24159245193004608,-2.7661984973894547,0.4101796407185629,-0.22289639711380005,-0.3097647726535797,-0.20029576122760773,-0.42889249324798584,-0.0542924627661705,2/6,-0.5834960341453552,3.0833332538604736,2.0148983001708984,False
"Holy Grail (ADX>30 rising, first pullback to EMA20, buy stop, 20-bar high target)",ADAUSD,crypto,H4,75,15.269648829431437,-0.30483829975128174,-1.7099040299813157,0.28,-0.29656437039375305,-0.28189513087272644,-0.3170122802257538,-0.1885063648223877,-0.3914109170436859,1/6,-0.7777130007743835,11.666666984558105,2.5089285373687744,False
"Holy Grail (ADX>30 rising, first pullback to EMA20, buy stop, 20-bar high target)",ADAUSD,crypto,D1,9,,,,,,,,,,,,,,
"Holy Grail (ADX>30 rising, first pullback to EMA20, buy stop, 20-bar high target)",AMD,stock,M5,390,66.19307620817844,0.2612321972846985,3.0587300197893614,0.441025641025641,-0.0897161066532135,0.4003598093986511,0.1343805342912674,0.07836262136697769,0.41960254311561584,3/7,-0.15161779522895813,0.25,2.016953945159912,True
"Holy Grail (ADX>30 rising, first pullback to EMA20, buy stop, 20-bar high target)",AMD,stock,M15,156,26.63814866760168,-0.15350964665412903,-1.3487977900858827,0.34615384615384615,0.19097064435482025,-0.2366238385438919,-0.07249963283538818,-0.1000194400548935,-0.19704818725585938,1/7,-0.6549394726753235,0.75,1.7965517044067383,False
"Holy Grail (ADX>30 rising, first pullback to EMA20, buy stop, 20-bar high target)",AMD,stock,M30,99,16.7483788791107,-0.13013742864131927,-0.9454478479149488,0.36363636363636365,0.326191246509552,0.018528643995523453,-0.31596997380256653,-0.028182154521346092,-0.23846489191055298,3/7,-0.613176167011261,2.4166667461395264,1.7755101919174194,False
"Holy Grail (ADX>30 rising, first pullback to EMA20, buy stop, 20-bar high target)",AMD,stock,H1,48,8.1241890639481,-0.18739934265613556,-1.007660778108495,0.3333333333333333,0.31338897347450256,-0.23012492060661316,-0.12758353352546692,-0.1267988681793213,-0.2271030843257904,2/7,-1.014097809791565,20.08333396911621,1.7496144771575928,False
"Holy Grail (ADX>30 rising, first pullback to EMA20, buy stop, 20-bar high target)",AMD,stock,H4,14,3.2926593689632973,-0.010657412931323051,-0.031277249690348785,0.42857142857142855,0.1080964133143425,-0.1281542330980301,0.20083682239055634,-0.3577675223350525,0.12818658351898193,3/5,-0.8442549109458923,48.666664123535156,2.1342968940734863,False
"Holy Grail (ADX>30 rising, first pullback to EMA20, buy stop, 20-bar high target)",AMD,stock,D1,1,,,,,,,,,,,,,,
"Holy Grail (ADX>30 rising, first pullback to EMA20, buy stop, 20-bar high target)",AMZN,stock,M5,321,62.29821997874601,-0.3732714056968689,-4.790819396352779,0.30218068535825543,-0.08902692794799805,-0.3081871569156647,-0.4268920123577118,-0.19285644590854645,-0.5438455939292908,1/6,-0.6421959400177002,0.25,1.954545497894287,False
"Holy Grail (ADX>30 rising, first pullback to EMA20, buy stop, 20-bar high target)",AMZN,stock,M15,135,26.25599041533546,-0.2374657839536667,-2.286776022073212,0.37777777777777777,-0.032807499170303345,-0.05299223214387894,-0.46805769205093384,-0.23412171006202698,-0.24096179008483887,1/6,-0.5318822264671326,1.0833333730697632,1.5813953876495361,False
"Holy Grail (ADX>30 rising, first pullback to EMA20, buy stop, 20-bar high target)",AMZN,stock,M30,97,19.552566225165563,-0.2522940933704376,-1.7307640451384876,0.29896907216494845,0.2575167715549469,-0.38890618085861206,-0.11283591389656067,-0.407978355884552,-0.11756733059883118,1/6,-0.6140753030776978,3.0,1.970802903175354,False
"Holy Grail (ADX>30 rising, first pullback to EMA20, buy stop, 20-bar high target)",AMZN,stock,H1,44,9.376312718786464,-0.225282683968544,-1.0576840638196428,0.3181818181818182,0.6958256959915161,-0.4359321594238281,-0.11632609367370605,-0.09497959911823273,-0.29974159598350525,0/5,-0.6408400535583496,21.666667938232422,2.2576794624328613,False
"Holy Grail (ADX>30 rising, first pullback to EMA20, buy stop, 20-bar high target)",AMZN,stock,H4,7,,,,,,,,,,,,,,
"Holy Grail (ADX>30 rising, first pullback to EMA20, buy stop, 20-bar high target)",AMZN,stock,D1,3,,,,,,,,,,,,,,
"Holy Grail (ADX>30 rising, first pullback to EMA20, buy stop, 20-bar high target)",AUDCAD,fx,M15,1469,124.86670933209217,-0.6822293996810913,-18.641538243152993,0.281143635125936,-0.4017468988895416,-0.7372881174087524,-0.6407709717750549,-0.7047313451766968,-0.5941784977912903,0/12,-1.2159239053726196,0.5,1.6818181276321411,False
"Holy Grail (ADX>30 rising, first pullback to EMA20, buy stop, 20-bar high target)",AUDCAD,fx,M30,797,67.99912403644008,-0.5383274555206299,-11.645896794207472,0.31493099121706397,-0.15914197266101837,-0.6300294995307922,-0.4701026678085327,-0.5106309652328491,-0.6494617462158203,0/12,-0.8308390974998474,1.25,1.6407767534255981,False
"Holy Grail (ADX>30 rising, first pullback to EMA20, buy stop, 20-bar high target)",AUDCAD,fx,H1,400,34.10364145658263,-0.38730093836784363,-6.089099049568176,0.3575,-0.15983207523822784,-0.4202875792980194,-0.3636581003665924,-0.3801974654197693,-0.41402339935302734,1/12,-0.6788329482078552,3.0,1.6080358028411865,False
"Holy Grail (ADX>30 rising, first pullback to EMA20, buy stop, 20-bar high target)",AUDCAD,fx,H4,78,7.008487084870849,-0.29034435749053955,-1.777734717238326,0.32051282051282054,-0.20596298575401306,-0.06196906045079231,-0.4964391589164734,-0.15495896339416504,-0.7416291832923889,3/12,-1.454288125038147,12.25,1.792065143585205,False
"Holy Grail (ADX>30 rising, first pullback to EMA20, buy stop, 20-bar high target)",AUDCAD,fx,D1,22,2.3675604007071303,-0.4004521071910858,-1.8443552553383653,0.3181818181818182,0.6879857778549194,-0.7619628310203552,-0.231747105717659,-0.3382387161254883,-1.0225858688354492,1/9,-1.0905518531799316,108.0,1.7362360954284668,False
"Holy Grail (ADX>30 rising, first pullback to EMA20, buy stop, 20-bar high target)",AUDCHF,fx,M15,1409,119.90616262814538,-0.6557613015174866,-11.977147838077306,0.2966643009226402,-0.4748077392578125,-0.7125314474105835,-0.6139011383056641,-0.6326701045036316,-0.7312623858451843,0/12,-0.9663336277008057,0.5,1.7783504724502563,False
"Holy Grail (ADX>30 rising, first pullback to EMA20, buy stop, 20-bar high target)",AUDCHF,fx,M30,789,67.17534965034965,-0.30915817618370056,-5.744268965972891,0.36248415716096327,-0.38433927297592163,-0.2527434825897217,-0.3507857918739319,-0.3343389332294464,-0.21949730813503265,0/12,-0.5528653264045715,1.25,1.7514450550079346,False
"Holy Grail (ADX>30 rising, first pullback to EMA20, buy stop, 20-bar high target)",AUDCHF,fx,H1,416,36.065511511986706,-0.27263355255126953,-3.9949943386651303,0.37740384615384615,-0.25239449739456177,-0.16860176622867584,-0.3438132107257843,-0.21343748271465302,-0.4673093557357788,1/12,-0.6601257920265198,3.0,1.5527851581573486,False
"Holy Grail (ADX>30 rising, first pullback to EMA20, buy stop, 20-bar high target)",AUDCHF,fx,H4,106,9.374455205811138,-0.02169596217572689,-0.15370048330257885,0.46226415094339623,-0.27133646607398987,-0.048798367381095886,-0.003909997642040253,0.04675154760479927,-0.19509629905223846,5/12,-1.5113334655761719,14.125,1.8640533685684204,False
"Holy Grail (ADX>30 rising, first pullback to EMA20, buy stop, 20-bar high target)",AUDCHF,fx,D1,15,1.3019843155893536,-0.6230030059814453,-2.1989247577457345,0.2,0.26735126972198486,-0.22267915308475494,-1.0805160999298096,-0.9633626937866211,0.7384355068206787,2/9,-1.1702072620391846,113.5,1.9672846794128418,False
"Holy Grail (ADX>30 rising, first pullback to EMA20, buy stop, 20-bar high target)",AUDJPY,fx,M15,1298,110.43431167016074,-0.5082612633705139,-7.249575140669712,0.33436055469953774,-0.35294750332832336,-0.49507999420166016,-0.518200695514679,-0.5336505174636841,-0.42734307050704956,0/12,-1.7040189504623413,0.5,1.7523584365844727,False
"Holy Grail (ADX>30 rising, first pullback to EMA20, buy stop, 20-bar high target)",AUDJPY,fx,M30,654,55.62959944108058,-0.37700605392456055,-2.8810136509935416,0.39908256880733944,-0.3872300684452057,-0.19432102143764496,-0.514631986618042,-0.4670410752296448,-0.1165476068854332,3/12,-3.1200904846191406,1.5,1.5860722064971924,False
"Holy Grail (ADX>30 rising, first pullback to EMA20, buy stop, 20-bar high target)",AUDJPY,fx,H1,387,32.9952731092437,-0.45689961314201355,-2.719601932874777,0.3462532299741602,-0.3279285430908203,-0.7171168923377991,-0.27927300333976746,-0.5968679189682007,-0.0760241448879242,3/12,-2.807034492492676,3.5,1.7462546825408936,False
"Holy Grail (ADX>30 rising, first pullback to EMA20, buy stop, 20-bar high target)",AUDJPY,fx,H4,93,7.936507009345794,-0.0434989370405674,-0.21780715956108476,0.3333333333333333,-0.1039373129606247,-0.47478148341178894,0.2544780671596527,0.10746121406555176,-0.5306885838508606,4/12,-1.047273874282837,17.0,2.180887460708618,False
"Holy Grail (ADX>30 rising, first pullback to EMA20, buy stop, 20-bar high target)",AUDJPY,fx,D1,15,1.2939891355692017,-0.2424728274345398,-0.7929593533382706,0.3333333333333333,0.2751008868217468,0.45962825417518616,-0.710540235042572,-0.34011971950531006,0.3922320008277893,4/8,-1.0558000802993774,142.25,1.8194842338562012,False
"Holy Grail (ADX>30 rising, first pullback to EMA20, buy stop, 20-bar high target)",AUDNZD,fx,M15,1644,139.96993006993006,-0.6895283460617065,-18.104692655958733,0.2767639902676399,-0.43353211879730225,-0.7411497235298157,-0.6573733687400818,-0.7312005758285522,-0.5641053915023804,0/12,-1.0434678792953491,0.5,1.7003936767578125,False
"Holy Grail (ADX>30 rising, first pullback to EMA20, buy stop, 20-bar high target)",AUDNZD,fx,M30,889,75.7953431372549,-0.397573322057724,-7.754450628971539,0.3498312710911136,-0.4217272400856018,-0.413156658411026,-0.3899901509284973,-0.4539472162723541,-0.23021328449249268,0/12,-0.8371809720993042,1.25,1.615384578704834,False
"Holy Grail (ADX>30 rising, first pullback to EMA20, buy stop, 20-bar high target)",AUDNZD,fx,H1,482,41.15252454417952,-0.24565069377422333,-3.7604416559894918,0.38381742738589214,-0.23399731516838074,-0.15946251153945923,-0.27883806824684143,-0.2703404724597931,-0.17198950052261353,1/12,-0.8553730845451355,2.5,1.56644606590271,False
"Holy Grail (ADX>30 rising, first pullback to EMA20, buy stop, 20-bar high target)",AUDNZD,fx,H4,110,9.520734597156398,-0.43629753589630127,-3.722528008459738,0.32727272727272727,-0.2889325022697449,-0.20547032356262207,-0.54401695728302,-0.2953154146671295,-0.7514340877532959,3/12,-1.189271092414856,9.125,2.0620083808898926,False
"Holy Grail (ADX>30 rising, first pullback to EMA20, buy stop, 20-bar high target)",AUDNZD,fx,D1,13,1.2952127659574468,0.030506061390042305,0.08712351539010953,0.46153846153846156,-0.19163377583026886,-0.032636165618896484,0.17257606983184814,-0.36054864525794983,0.486736536026001,4/8,-1.1028265953063965,124.5,1.626628041267395,False
"Holy Grail (ADX>30 rising, first pullback to EMA20, buy stop, 20-bar high target)",AUDUSD,fx,M15,1328,112.96040987424313,-0.44936496019363403,-11.283766131064912,0.29743975903614456,-0.19077463448047638,-0.46097785234451294,-0.4397355616092682,-0.4697710871696472,-0.37333205342292786,0/12,-0.592690110206604,0.5,1.8674633502960205,False
"Holy Grail (ADX>30 rising, first pullback to EMA20, buy stop, 20-bar high target)",AUDUSD,fx,M30,711,60.70424263674614,-0.2783581614494324,-5.01338331429559,0.33755274261603374,-0.15787748992443085,-0.21677981317043304,-0.3254205286502838,-0.31739866733551025,-0.14391249418258667,2/12,-0.617213785648346,1.25,1.6627906560897827,False
"Holy Grail (ADX>30 rising, first pullback to EMA20, buy stop, 20-bar high target)",AUDUSD,fx,H1,376,32.14747191011236,-0.17662498354911804,-2.3765752974346213,0.3803191489361702,-0.18660405278205872,-0.1753523200750351,-0.17749817669391632,-0.18299196660518646,-0.1461613029241562,0/12,-0.32050618529319763,3.0,1.672206997871399,False
"Holy Grail (ADX>30 rising, first pullback to EMA20, buy stop, 20-bar high target)",AUDUSD,fx,H4,97,8.557789855072464,-0.004415944684296846,-0.031039502183492756,0.44329896907216493,-0.10881709307432175,0.20513039827346802,-0.26756712794303894,-0.01570083014667034,0.02339334227144718,7/12,-0.5484179258346558,12.5,1.643617033958435,False
"Holy Grail (ADX>30 rising, first pullback to EMA20, buy stop, 20-bar high target)",AUDUSD,fx,D1,10,1.1421200750469043,-0.20279665291309357,-0.7236872177247186,0.5,0.5884504318237305,-0.553143322467804,-0.05264807492494583,-0.2969459295272827,0.6445469260215759,3/7,-1.0225894451141357,33.75,1.0128173828125,False
"Holy Grail (ADX>30 rising, first pullback to EMA20, buy stop, 20-bar high target)",AUS200.cash,index,M5,2048,268.4967695620962,-3.04409122467041,-15.560213209175526,0.19384765625,-2.8106799125671387,-3.258868932723999,-2.842723846435547,-4.135420799255371,-0.7283429503440857,0/8,-7.283749103546143,0.0833333358168602,1.820202112197876,False
"Holy Grail (ADX>30 rising, first pullback to EMA20, buy stop, 20-bar high target)",AUS200.cash,index,M15,685,89.80482770997847,-1.7369384765625,-7.051994411509434,0.25547445255474455,-1.6347287893295288,-2.1832878589630127,-1.3911912441253662,-2.648826837539673,-0.25555679202079773,1/8,-5.250725746154785,0.5,1.8333333730697632,False
"Holy Grail (ADX>30 rising, first pullback to EMA20, buy stop, 20-bar high target)",AUS200.cash,index,M30,379,50.11938812454743,-0.8933165669441223,-5.788216173831823,0.31398416886543534,-0.9275022149085999,-1.185742974281311,-0.6202858090400696,-1.3469256162643433,-0.09205087274312973,1/8,-2.85648775100708,1.25,1.7777777910232544,False
"Holy Grail (ADX>30 rising, first pullback to EMA20, buy stop, 20-bar high target)",AUS200.cash,index,H1,192,25.244060475161987,-0.6385028958320618,-3.908771982830466,0.296875,-0.5716909766197205,-0.4678603708744049,-0.7859514355659485,-0.986844539642334,0.0747680589556694,2/8,-2.276301383972168,3.6666667461395264,1.9579594135284424,False
"Holy Grail (ADX>30 rising, first pullback to EMA20, buy stop, 20-bar high target)",AUS200.cash,index,H4,51,6.749184782608696,-0.3886319696903229,-1.4476252481421608,0.39215686274509803,-0.10289949178695679,-0.3541371524333954,-0.4274385869503021,-0.5854322910308838,0.083688884973526,2/8,-1.5713025331497192,12.333333015441895,1.9020408391952515,False
"Holy Grail (ADX>30 rising, first pullback to EMA20, buy stop, 20-bar high target)",AUS200.cash,index,D1,5,,,,,,,,,,,,,,
"Holy Grail (ADX>30 rising, first pullback to EMA20, buy stop, 20-bar high target)",AVGO,stock,M5,451,77.73843794242568,-0.41202741861343384,-6.979539796727589,0.24611973392461198,0.16357505321502686,-0.33989912271499634,-0.468985915184021,-0.5556634664535522,-0.163058340549469,1/7,-0.7667700052261353,0.0833333358168602,2.0,False
"Holy Grail (ADX>30 rising, first pullback to EMA20, buy stop, 20-bar high target)",AVGO,stock,M15,124,21.732725527831096,-0.24125202000141144,-2.272445951959958,0.3548387096774194,0.08502772450447083,-0.22838887572288513,-0.25848376750946045,-0.5518630146980286,0.09006641805171967,2/7,-0.707770049571991,0.5833333134651184,1.8452380895614624,False
"Holy Grail (ADX>30 rising, first pullback to EMA20, buy stop, 20-bar high target)",AVGO,stock,M30,82,14.524975751697381,-0.22373057901859283,-1.6059291008339598,0.32926829268292684,-0.09799866378307343,-0.42579755187034607,0.010241659358143806,-0.40327033400535583,0.02973729372024536,2/7,-0.5158378481864929,4.375,1.702751636505127,False
"Holy Grail (ADX>30 rising, first pullback to EMA20, buy stop, 20-bar high target)",AVGO,stock,H1,36,6.2140831758034025,0.07261002063751221,0.2740779295563698,0.3611111111111111,0.2939712107181549,-0.009302942082285881,0.16415977478027344,-0.11809231340885162,0.22517187893390656,4/7,-0.6266177296638489,21.58333396911621,2.5867815017700195,False
"Holy Grail (ADX>30 rising, first pullback to EMA20, buy stop, 20-bar high target)",AVGO,stock,H4,11,3.0345543806646527,-0.41197851300239563,-1.2233589730568577,0.2727272727272727,0.765988290309906,-0.353066623210907,-1.0010974407196045,-0.47576382756233215,-0.335436075925827,1/5,-1.0100781917572021,48.58333206176758,1.4090908765792847,False
"Holy Grail (ADX>30 rising, first pullback to EMA20, buy stop, 20-bar high target)",AVGO,stock,D1,5,,,,,,,,,,,,,,
"Holy Grail (ADX>30 rising, first pullback to EMA20, buy stop, 20-bar high target)",BA,stock,M5,334,56.21820276497696,-0.26462116837501526,-3.319143047067652,0.2874251497005988,0.11450447887182236,-0.2160310596227646,-0.3149889409542084,-0.23127608001232147,-0.2931497395038605,1/7,-0.8385910391807556,0.1666666716337204,2.0738635063171387,False
"Holy Grail (ADX>30 rising, first pullback to EMA20, buy stop, 20-bar high target)",BA,stock,M15,161,27.686087570621467,0.1833409070968628,1.0911492605540596,0.391304347826087,0.12863844633102417,-0.13428030908107758,0.5759561061859131,0.32211560010910034,0.06530263274908066,6/7,-0.28020796179771423,1.0833333730697632,2.0185184478759766,False
"Holy Grail (ADX>30 rising, first pullback to EMA20, buy stop, 20-bar high target)",BA,stock,M30,111,19.389167862266856,0.013186699710786343,0.0858517051061548,0.36936936936936937,0.06710696220397949,0.09290248155593872,-0.09144028276205063,0.09180570393800735,-0.08272846043109894,3/6,-0.6501224040985107,2.5833332538604736,1.941605806350708,False
"Holy Grail (ADX>30 rising, first pullback to EMA20, buy stop, 20-bar high target)",BA,stock,H1,43,8.253152916447714,0.08700793236494064,0.3371141087675236,0.3953488372093023,0.21669268608093262,0.21112309396266937,-0.12243631482124329,-0.15258170664310455,0.3380066752433777,3/6,-0.6378476619720459,20.66666603088379,2.2113821506500244,False
"Holy Grail (ADX>30 rising, first pullback to EMA20, buy stop, 20-bar high target)",BA,stock,H4,7,,,,,,,,,,,,,,
"Holy Grail (ADX>30 rising, first pullback to EMA20, buy stop, 20-bar high target)",BA,stock,D1,4,,,,,,,,,,,,,,
"Holy Grail (ADX>30 rising, first pullback to EMA20, buy stop, 20-bar high target)",BABA,stock,M5,343,66.63869680851063,-0.5905618667602539,-8.185629490716117,0.2565597667638484,-0.19544528424739838,-0.48327547311782837,-0.6610496044158936,-0.442237913608551,-0.6978917717933655,0/6,-0.9282177686691284,0.1666666716337204,2.0759494304656982,False
"Holy Grail (ADX>30 rising, first pullback to EMA20, buy stop, 20-bar high target)",BABA,stock,M15,133,26.258513513513513,-0.04531891271471977,-0.28167888830771215,0.3082706766917293,-0.40668976306915283,0.17567063868045807,-0.19172444939613342,0.1442120224237442,-0.29040199518203735,3/6,-0.7558493614196777,1.5833333730697632,2.4809160232543945,False
"Holy Grail (ADX>30 rising, first pullback to EMA20, buy stop, 20-bar high target)",BABA,stock,M30,119,23.30549597855228,0.24840016663074493,1.4047447008276284,0.4369747899159664,-0.060528308153152466,0.19716520607471466,0.28682637214660645,0.48308995366096497,-0.04385492205619812,5/6,-0.3593491315841675,18.5,1.9636363983154297,False
"Holy Grail (ADX>30 rising, first pullback to EMA20, buy stop, 20-bar high target)",BABA,stock,H1,60,11.884490238611715,0.1645377278327942,0.7054696543721735,0.38333333333333336,-0.005144914146512747,-0.3095985949039459,0.6386739611625671,0.3504411280155182,-0.04792334511876106,4/6,-0.365710586309433,22.58333396911621,2.143282175064087,False
"Holy Grail (ADX>30 rising, first pullback to EMA20, buy stop, 20-bar high target)",BABA,stock,H4,19,3.8704684885666483,-0.18535824120044708,-0.6609799194591797,0.3157894736842105,0.3014970123767853,0.09155552089214325,-0.38675010204315186,-0.3092506527900696,0.027028730139136314,3/6,-1.1637310981750488,48.5,2.5172414779663086,False
"Holy Grail (ADX>30 rising, first pullback to EMA20, buy stop, 20-bar high target)",BABA,stock,D1,3,,,,,,,,,,,,,,
"Holy Grail (ADX>30 rising, first pullback to EMA20, buy stop, 20-bar high target)",BAC,stock,M5,330,64.0108868826341,-0.8773020505905151,-10.207082935777315,0.2636363636363636,-0.6963732838630676,-0.8432268500328064,-0.9036828279495239,-0.5843989253044128,-1.0629040002822876,0/6,-1.4254488945007324,0.1666666716337204,1.9115383625030518,False
"Holy Grail (ADX>30 rising, first pullback to EMA20, buy stop, 20-bar high target)",BAC,stock,M15,130,25.583243534482758,-0.5192350149154663,-4.244824505004748,0.3076923076923077,-0.2774254381656647,-0.68608158826828,-0.3889574408531189,-0.2968314290046692,-0.7348989844322205,1/6,-0.7886977195739746,0.75,2.1143791675567627,False
"Holy Grail (ADX>30 rising, first pullback to EMA20, buy stop, 20-bar high target)",BAC,stock,M30,104,20.5440778799351,-0.20732352137565613,-1.5092813784641033,0.38461538461538464,-0.11317769438028336,-0.34375065565109253,-0.08100207895040512,-0.2425118386745453,-0.17075525224208832,2/6,-0.4709828495979309,3.7083334922790527,1.933712124824524,False
"Holy Grail (ADX>30 rising, first pullback to EMA20, buy stop, 20-bar high target)",BAC,stock,H1,52,10.884240687679082,0.036908749490976334,0.1801166946869787,0.4423076923076923,-0.21712517738342285,-0.09921860694885254,0.1535893678665161,-0.10004864633083344,0.16372117400169373,2/6,-0.933169960975647,22.541667938232422,1.85426926612854,False
"Holy Grail (ADX>30 rising, first pullback to EMA20, buy stop, 20-bar high target)",BAC,stock,H4,16,3.3819444444444446,-0.24900871515274048,-0.8020257353782654,0.3125,0.3400781750679016,0.03354036808013916,-1.096656084060669,-0.41149455308914185,-0.175151526927948,2/6,-1.0602104663848877,48.541664123535156,1.9212250709533691,False
"Holy Grail (ADX>30 rising, first pullback to EMA20, buy stop, 20-bar high target)",BAC,stock,D1,4,,,,,,,,,,,,,,
"Holy Grail (ADX>30 rising, first pullback to EMA20, buy stop, 20-bar high target)",BTCUSD,crypto,M5,5415,618.0714843750001,-0.9570822715759277,-28.922503636771182,0.27590027700831027,-1.0069762468338013,-1.0235700607299805,-0.9053720235824585,-1.0895464420318604,-0.6048889756202698,0/9,-2.1787397861480713,0.25,2.506777286529541,False
"Holy Grail (ADX>30 rising, first pullback to EMA20, buy stop, 20-bar high target)",BTCUSD,crypto,M15,1932,220.5886214442013,-0.3993334174156189,-9.299906632620791,0.33540372670807456,-0.5357487797737122,-0.39846405386924744,-0.39996907114982605,-0.46842944622039795,-0.23423023521900177,0/9,-0.8507609963417053,0.8333333134651184,2.321301221847534,False
"Holy Grail (ADX>30 rising, first pullback to EMA20, buy stop, 20-bar high target)",BTCUSD,crypto,M30,1022,116.90745380519887,-0.2100956290960312,-3.6427546464932936,0.35714285714285715,-0.3370506763458252,-0.09991931170225143,-0.2845097780227661,-0.25334450602531433,-0.11692361533641815,2/9,-0.40970343351364136,1.75,2.1392903327941895,False
"Holy Grail (ADX>30 rising, first pullback to EMA20, buy stop, 20-bar high target)",BTCUSD,crypto,H1,538,61.523011897307455,-0.06364936381578445,-0.9139943924878521,0.4033457249070632,-0.27914416790008545,-0.14656312763690948,-0.010564327239990234,-0.028712313622236252,-0.1433228850364685,3/9,-0.303690105676651,3.75,1.9668643474578857,False
"Holy Grail (ADX>30 rising, first pullback to EMA20, buy stop, 20-bar high target)",BTCUSD,crypto,H4,125,14.489447794351,0.0817800834774971,0.5015172872799233,0.368,0.09051387012004852,0.08694848418235779,0.07897254824638367,-0.060784436762332916,0.40817779302597046,5/9,-0.525307297706604,13.25,2.5401504039764404,False
"Holy Grail (ADX>30 rising, first pullback to EMA20, buy stop, 20-bar high target)",BTCUSD,crypto,D1,13,1.7476076555023925,0.17075219750404358,0.45920892475190583,0.5384615384615384,-0.3449934720993042,0.4340551197528839,-0.05493602529168129,0.30013173818588257,-0.12035173177719116,3/7,-1.058225154876709,121.33333587646484,1.8494757413864136,False
"Holy Grail (ADX>30 rising, first pullback to EMA20, buy stop, 20-bar high target)",CADCHF,fx,M15,1507,128.15640279394646,-0.7894821763038635,-17.67904819491887,0.2793629727936297,-0.6449281573295593,-0.8162402510643005,-0.7704691290855408,-0.8292543888092041,-0.6470757722854614,0/12,-1.1177550554275513,0.5,1.601694941520691,False
"Holy Grail (ADX>30 rising, first pullback to EMA20, buy stop, 20-bar high target)",CADCHF,fx,M30,776,66.00698649278063,-0.41268908977508545,-7.145077381546843,0.3427835051546392,-0.3996433913707733,-0.4329715967178345,-0.3976818025112152,-0.39364224672317505,-0.47858673334121704,0/12,-0.8503234386444092,1.125,1.6519230604171753,False
"Holy Grail (ADX>30 rising, first pullback to EMA20, buy stop, 20-bar high target)",CADCHF,fx,H1,458,39.066907986922,-0.39774706959724426,-6.368258665571215,0.36026200873362446,-0.21239589154720306,-0.36043256521224976,-0.41956761479377747,-0.38489022850990295,-0.4449760317802429,1/12,-0.731164276599884,2.5,1.4797680377960205,False
"Holy Grail (ADX>30 rising, first pullback to EMA20, buy stop, 20-bar high target)",CADCHF,fx,H4,100,8.686087990487515,-0.20001892745494843,-1.278757005929947,0.4,-0.2549150288105011,-0.14959536492824554,-0.21962808072566986,-0.16412778198719025,-0.33503785729408264,5/12,-1.1544995307922363,13.875,1.7606606483459473,False
"Holy Grail (ADX>30 rising, first pullback to EMA20, buy stop, 20-bar high target)",CADCHF,fx,D1,18,1.5627525552650343,-0.32832804322242737,-0.9889446116402303,0.2222222222222222,-0.5165565013885498,-0.05370756983757019,-0.4067910313606262,-0.18519163131713867,-1.044010043144226,2/8,-1.0774970054626465,135.375,1.9517652988433838,False
"Holy Grail (ADX>30 rising, first pullback to EMA20, buy stop, 20-bar high target)",CADJPY,fx,M15,1301,110.76695804195803,-0.431638240814209,-10.558263322478993,0.32820906994619525,-0.34712284803390503,-0.4428606629371643,-0.42294198274612427,-0.4283643662929535,-0.44246789813041687,0/12,-0.6667702198028564,0.5,1.6927374601364136,False
"Holy Grail (ADX>30 rising, first pullback to EMA20, buy stop, 20-bar high target)",CADJPY,fx,M30,678,57.96804775280899,-0.26650094985961914,-4.990876897598082,0.37315634218289084,-0.23592565953731537,-0.1898854821920395,-0.32106050848960876,-0.2543399930000305,-0.3040095269680023,0/12,-0.5877562165260315,1.25,1.728942632675171,False
"Holy Grail (ADX>30 rising, first pullback to EMA20, buy stop, 20-bar high target)",CADJPY,fx,H1,400,34.199438202247194,-0.2194794863462448,-2.8915801644325256,0.345,-0.10041648894548416,-0.3228170573711395,-0.1568128913640976,-0.2945496141910553,0.05060045048594475,3/12,-0.5973453521728516,2.75,1.9350968599319458,False
"Holy Grail (ADX>30 rising, first pullback to EMA20, buy stop, 20-bar high target)",CADJPY,fx,H4,102,8.704556074766355,0.049424827098846436,0.35277467367303283,0.45098039215686275,-0.05037372186779976,0.04654645547270775,0.05056829750537872,-0.011144648306071758,0.29775968194007874,4/12,-1.067600965499878,11.5,2.0461831092834473,False
"Holy Grail (ADX>30 rising, first pullback to EMA20, buy stop, 20-bar high target)",CADJPY,fx,D1,11,0.9754187909686817,-0.2649906873703003,-0.7244536066989173,0.36363636363636365,0.32314494252204895,-0.5512587428092957,-0.15764012932777405,-0.601950466632843,0.13936111330986023,3/8,-1.0199958086013794,41.25,2.538940906524658,False
"Holy Grail (ADX>30 rising, first pullback to EMA20, buy stop, 20-bar high target)",CHFJPY,fx,M15,1549,131.75879133674894,-0.5112728476524353,-12.030927074778027,0.29954809554551326,-0.34667226672172546,-0.5314782857894897,-0.49753227829933167,-0.46253514289855957,-0.6941141486167908,0/12,-0.8360865712165833,0.5,1.7714285850524902,False
"Holy Grail (ADX>30 rising, first pullback to EMA20, buy stop, 20-bar high target)",CHFJPY,fx,M30,807,68.64386353050769,-0.16550685465335846,-2.5710155960523444,0.3828996282527881,-0.3308735489845276,-0.2071428745985031,-0.13580475747585297,-0.08472243696451187,-0.42076900601387024,3/12,-0.6635763645172119,1.25,1.6666666269302368,False
"Holy Grail (ADX>30 rising, first pullback to EMA20, buy stop, 20-bar high target)",CHFJPY,fx,H1,470,40.090495095749645,-0.2066078633069992,-3.1518842291604026,0.3851063829787234,-0.142610102891922,-0.09912122040987015,-0.27637994289398193,-0.17815804481506348,-0.3132229149341583,0/12,-0.4338531196117401,2.75,1.5770900249481201,False
"Holy Grail (ADX>30 rising, first pullback to EMA20, buy stop, 20-bar high target)",CHFJPY,fx,H4,105,9.008985200845665,-0.29033833742141724,-2.4071656782966326,0.34285714285714286,0.09639270603656769,-0.20247139036655426,-0.37021738290786743,-0.20502953231334686,-0.5633264183998108,3/12,-1.5359705686569214,10.75,1.7515923976898193,False
"Holy Grail (ADX>30 rising, first pullback to EMA20, buy stop, 20-bar high target)",CHFJPY,fx,D1,16,1.4892966360856268,-0.1357990801334381,-0.40265387296676636,0.375,0.009228348731994629,0.038523923605680466,-0.42633748054504395,-0.10428187996149063,-0.20513693988323212,5/10,-1.1138108968734741,82.75,1.9480198621749878,False
"Holy Grail (ADX>30 rising, first pullback to EMA20, buy stop, 20-bar high target)",COCOA.c,soft,M5,456,122.82743362831859,-0.548271119594574,-7.407909971237616,0.3267543859649123,-0.5095369219779968,-0.5182014107704163,-0.5871049165725708,-0.4051077961921692,-0.6123536825180054,0/4,-1.1926344633102417,0.25,1.8634033203125,False
"Holy Grail (ADX>30 rising, first pullback to EMA20, buy stop, 20-bar high target)",COCOA.c,soft,M15,182,49.53464977645306,-0.39223816990852356,-3.9596364948720466,0.34615384615384615,-0.08743050694465637,-0.4218749403953552,-0.3527223765850067,0.031683266162872314,-0.548419713973999,1/4,-0.9927481412887573,0.9583333730697632,1.623760461807251,False
"Holy Grail (ADX>30 rising, first pullback to EMA20, buy stop, 20-bar high target)",COCOA.c,soft,M30,80,21.676557863501486,-0.46215853095054626,-2.959144701225757,0.2875,-0.14279142022132874,-0.2456318736076355,-0.7705450057983398,0.013790796510875225,-0.5905893445014954,1/4,-1.2441152334213257,1.75,2.1653146743774414,False
"Holy Grail (ADX>30 rising, first pullback to EMA20, buy stop, 20-bar high target)",COCOA.c,soft,H1,34,9.288332086761406,0.30038273334503174,0.8559283701004825,0.4411764705882353,-0.2762572765350342,0.49677109718322754,0.12581533193588257,1.256824254989624,0.13547904789447784,3/4,-0.9872036576271057,19.625,1.5522246360778809,False
"Holy Grail (ADX>30 rising, first pullback to EMA20, buy stop, 20-bar high target)",COCOA.c,soft,H4,15,5.319174757281553,-0.09577181190252304,-0.11828633882340102,0.26666666666666666,-0.06150791794061661,0.6912186145782471,-0.9951894879341125,10.888972282409668,-0.8803964257240295,1/4,-1.0338101387023926,5.083333492279053,4.542168617248535,False
"Holy Grail (ADX>30 rising, first pullback to EMA20, buy stop, 20-bar high target)",COCOA.c,soft,D1,4,,,,,,,,,,,,,,
"Holy Grail (ADX>30 rising, first pullback to EMA20, buy stop, 20-bar high target)",COFFEE.c,soft,M5,422,114.08993338267949,-0.4717949628829956,-6.534592016673047,0.3080568720379147,-0.37912094593048096,-0.39246854186058044,-0.5686566233634949,-0.16017870604991913,-0.5830149054527283,0/4,-0.7751106023788452,0.25,1.8706952333450317,False
"Holy Grail (ADX>30 rising, first pullback to EMA20, buy stop, 20-bar high target)",COFFEE.c,soft,M15,151,40.97529717682021,-0.09859410673379898,-0.7903427606180241,0.3973509933774834,-0.2568034827709198,-0.08278139680624008,-0.12467118352651596,0.27369430661201477,-0.311884343624115,1/4,-0.44387298822402954,0.75,1.752173900604248,False
"Holy Grail (ADX>30 rising, first pullback to EMA20, buy stop, 20-bar high target)",COFFEE.c,soft,M30,71,19.705737082066868,0.2879893481731415,1.5110211868455043,0.5070422535211268,-0.1747344434261322,0.29406240582466125,0.27919384837150574,0.4910232722759247,0.19070221483707428,3/4,-0.002881539287045598,2.1666667461395264,1.8638743162155151,False
"Holy Grail (ADX>30 rising, first pullback to EMA20, buy stop, 20-bar high target)",COFFEE.c,soft,H1,30,8.822463768115941,0.5163113474845886,1.5550200490527537,0.5333333333333333,-0.43330395221710205,0.5450018644332886,0.4493666887283325,0.25234541296958923,0.629439651966095,3/4,-0.15628671646118164,18.33333396911621,1.6443452835083008,False
"Holy Grail (ADX>30 rising, first pullback to EMA20, buy stop, 20-bar high target)",COFFEE.c,soft,H4,13,3.6980140186915884,0.2810313105583191,0.40973262775624136,0.38461538461538464,-0.4658135771751404,0.48063766956329346,-0.038338832557201385,-1.0224339962005615,0.5180249810218811,2/4,-1.0224339962005615,7.166666507720947,4.297618865966797,False
"Holy Grail (ADX>30 rising, first pullback to EMA20, buy stop, 20-bar high target)",COFFEE.c,soft,D1,5,,,,,,,,,,,,,,
"Holy Grail (ADX>30 rising, first pullback to EMA20, buy stop, 20-bar high target)",CORN.c,soft,M5,806,228.74242424242425,-3.3778045177459717,-9.561786424524263,0.1761786600496278,-3.143867015838623,-2.6093618869781494,-3.98879337310791,-0.45561182498931885,-4.447624206542969,0/4,-6.381747245788574,0.0833333358168602,1.7807807922363281,False
"Holy Grail (ADX>30 rising, first pullback to EMA20, buy stop, 20-bar high target)",CORN.c,soft,M15,313,89.45481220657277,-1.1314127445220947,-7.86869612851582,0.2747603833865815,-1.1029475927352905,-1.2454310655593872,-1.0166634321212769,0.11336100846529007,-1.4704365730285645,1/4,-1.8176337480545044,0.5,1.5263158082962036,False
"Holy Grail (ADX>30 rising, first pullback to EMA20, buy stop, 20-bar high target)",CORN.c,soft,M30,163,47.288125496425735,-0.9420550465583801,-4.779365781351331,0.27607361963190186,-0.719933032989502,-1.0562771558761597,-0.7976911067962646,-0.3334563374519348,-1.0849835872650146,0/4,-1.4848171472549438,1.25,1.4166666269302368,False
"Holy Grail (ADX>30 rising, first pullback to EMA20, buy stop, 20-bar high target)",CORN.c,soft,H1,88,25.44893111638955,-0.43707579374313354,-2.405408368860197,0.3522727272727273,-0.3350967764854431,-0.22881130874156952,-0.6987414956092834,0.39526599645614624,-0.6979590058326721,2/4,-1.3125100135803223,3.0,1.3602150678634644,False
"Holy Grail (ADX>30 rising, first pullback to EMA20, buy stop, 20-bar high target)",CORN.c,soft,H4,28,8.403451109285127,0.05343112349510193,0.08758240519802263,0.2857142857142857,-0.7174772620201111,0.8421210646629333,-0.9981553554534912,1.1098212003707886,-0.12263385206460953,3/4,-1.0481303930282593,15.666666030883789,3.038593292236328,False
"Holy Grail (ADX>30 rising, first pullback to EMA20, buy stop, 20-bar high target)",CORN.c,soft,D1,1,,,,,,,,,,,,,,
"Holy Grail (ADX>30 rising, first pullback to EMA20, buy stop, 20-bar high target)",COTTON.c,soft,M5,470,252.0814977973568,-12.272627830505371,-16.34370361245923,0.006382978723404255,-11.882554054260254,-9.1758451461792,-13.9794340133667,,-12.272627830505371,0/3,-22.42052459716797,0.0833333358168602,2.0,False
"Holy Grail (ADX>30 rising, first pullback to EMA20, buy stop, 20-bar high target)",COTTON.c,soft,M15,142,77.87612612612612,-6.126330852508545,-7.977037973123482,0.035211267605633804,-5.7174811363220215,-3.765310287475586,-7.409493923187256,,-6.126330852508545,0/3,-26.750186920166016,0.5,1.7171052694320679,False
"Holy Grail (ADX>30 rising, first pullback to EMA20, buy stop, 20-bar high target)",COTTON.c,soft,M30,80,43.48214285714286,-3.5683646202087402,-10.295309259014344,0.0625,-3.301903247833252,-3.021439552307129,-3.932981491088867,,-3.5683646202087402,0/3,-4.519321918487549,1.0833333730697632,1.8240740299224854,False
"Holy Grail (ADX>30 rising, first pullback to EMA20, buy stop, 20-bar high target)",COTTON.c,soft,H1,44,24.800925925925924,-2.9698235988616943,-6.102409435105088,0.11363636363636363,-2.9376161098480225,-3.4621758460998535,-2.6598236560821533,,-2.9698235988616943,0/3,-7.176031112670898,3.375,1.3333332538604736,False
"Holy Grail (ADX>30 rising, first pullback to EMA20, buy stop, 20-bar high target)",COTTON.c,soft,H4,7,,,,,,,,,,,,,,
"Holy Grail (ADX>30 rising, first pullback to EMA20, buy stop, 20-bar high target)",CVX,stock,M5,294,49.69157797316058,-0.08770120143890381,-0.7004244137821563,0.32653061224489793,-0.06108319014310837,0.06555380672216415,-0.19948720932006836,0.22743020951747894,-0.42046234011650085,3/7,-0.5297900438308716,0.1666666716337204,2.1234755516052246,False
"Holy Grail (ADX>30 rising, first pullback to EMA20, buy stop, 20-bar high target)",CVX,stock,M15,111,18.92752100840336,-0.22239606082439423,-1.6875657204223962,0.32432432432432434,-0.034019555896520615,-0.17883484065532684,-0.25682345032691956,-0.1393335461616516,-0.30108678340911865,2/7,-0.769291877746582,0.9166666865348816,2.2933332920074463,False
"Holy Grail (ADX>30 rising, first pullback to EMA20, buy stop, 20-bar high target)",CVX,stock,M30,79,13.515105386416863,-0.23727183043956757,-1.8369338784385627,0.379746835443038,-0.06716548651456833,-0.047097403556108475,-0.4226919114589691,-0.13012206554412842,-0.33658143877983093,1/7,-1.003605604171753,2.25,2.0,False
"Holy Grail (ADX>30 rising, first pullback to EMA20, buy stop, 20-bar high target)",CVX,stock,H1,44,7.65650309671272,-0.11752371490001678,-0.5997301439153384,0.36363636363636365,-0.09054103493690491,0.4696387052536011,-0.524020791053772,-0.3216104805469513,0.1059998869895935,3/7,-1.0077054500579834,18.58333396911621,2.298679828643799,False
"Holy Grail (ADX>30 rising, first pullback to EMA20, buy stop, 20-bar high target)",CVX,stock,H4,8,,,,,,,,,,,,,,
"Holy Grail (ADX>30 rising, first pullback to EMA20, buy stop, 20-bar high target)",CVX,stock,D1,1,,,,,,,,,,,,,,
"Holy Grail (ADX>30 rising, first pullback to EMA20, buy stop, 20-bar high target)",DIS,stock,M5,321,54.890098314606746,-0.22806388139724731,-2.6693938079872668,0.308411214953271,0.1130591630935669,-0.39148226380348206,-0.10638819634914398,0.01815349981188774,-0.48207294940948486,1/7,-0.7093662619590759,0.1666666716337204,2.0238094329833984,False
"Holy Grail (ADX>30 rising, first pullback to EMA20, buy stop, 20-bar high target)",DIS,stock,M15,125,21.215729553903344,-0.06499321758747101,-0.5015508571893667,0.36,-0.19531796872615814,-0.01114705204963684,-0.12148750573396683,0.047923069447278976,-0.1761171519756317,4/7,-0.39029210805892944,0.9166666865348816,2.126984119415283,False
"Holy Grail (ADX>30 rising, first pullback to EMA20, buy stop, 20-bar high target)",DIS,stock,M30,72,12.13567143516382,0.23705440759658813,1.0774078542383525,0.4027777777777778,-0.25353628396987915,0.27927589416503906,0.19927728176116943,0.10741713643074036,0.35304567217826843,3/7,-0.43032947182655334,3.0,2.3359375,False
"Holy Grail (ADX>30 rising, first pullback to EMA20, buy stop, 20-bar high target)",DIS,stock,H1,34,5.973304473304474,0.10009592771530151,0.40383031725172824,0.4411764705882353,-0.5114567279815674,0.06952031701803207,0.14377538859844208,0.242975652217865,-0.0606437623500824,3/6,-0.2737576961517334,21.625,2.095454454421997,False
"Holy Grail (ADX>30 rising, first pullback to EMA20, buy stop, 20-bar high target)",DIS,stock,H4,5,,,,,,,,,,,,,,
"Holy Grail (ADX>30 rising, first pullback to EMA20, buy stop, 20-bar high target)",DIS,stock,D1,2,,,,,,,,,,,,,,
"Holy Grail (ADX>30 rising, first pullback to EMA20, buy stop, 20-bar high target)",DOGEUSD,crypto,M5,2877,573.2810965630115,-1.6377429962158203,-38.41923050002827,0.22419186652763295,-1.554474115371704,-1.5220288038253784,-1.7230610847473145,-2.125718116760254,-1.156840205192566,0/6,-2.575970411300659,0.1666666716337204,2.465116262435913,False
"Holy Grail (ADX>30 rising, first pullback to EMA20, buy stop, 20-bar high target)",DOGEUSD,crypto,M15,1177,234.66116266375545,-0.8650621175765991,-14.650495488657729,0.3007646559048428,-0.7711365222930908,-0.6802998185157776,-0.9814983010292053,-1.2119606733322144,-0.5199275612831116,0/6,-1.384721279144287,0.75,2.355555534362793,False
"Holy Grail (ADX>30 rising, first pullback to EMA20, buy stop, 20-bar high target)",DOGEUSD,crypto,M30,634,127.72669608383895,-0.461442768573761,-6.449221878871572,0.33280757097791797,-0.5020590424537659,-0.18872225284576416,-0.6650440096855164,-0.5697161555290222,-0.34899163246154785,0/6,-0.8813058137893677,1.7083332538604736,2.370349645614624,False
"Holy Grail (ADX>30 rising, first pullback to EMA20, buy stop, 20-bar high target)",DOGEUSD,crypto,H1,333,67.19792817679559,-0.08796031773090363,-0.8696200611657862,0.3993993993993994,-0.43299978971481323,-0.1031075119972229,-0.07724075019359589,-0.13024725019931793,-0.03998088091611862,3/6,-0.4728514552116394,4.0,2.3074324131011963,False
"Holy Grail (ADX>30 rising, first pullback to EMA20, buy stop, 20-bar high target)",DOGEUSD,crypto,H4,101,20.347628240485385,-0.056599754840135574,-0.33772028600990733,0.37623762376237624,-0.019030530005693436,-0.012340637855231762,-0.09076467156410217,-0.21454375982284546,0.1480095237493515,1/6,-0.4400814473628998,18.25,2.6078431606292725,False
"Holy Grail (ADX>30 rising, first pullback to EMA20, buy stop, 20-bar high target)",DOGEUSD,crypto,D1,13,2.938273514851485,-0.5059483647346497,-1.967661132145115,0.3076923076923077,0.20981720089912415,-0.5972863435745239,-0.30043789744377136,-0.1677214354276657,-1.0471115112304688,2/6,-1.0563240051269531,110.83333587646484,2.9317405223846436,False
"Holy Grail (ADX>30 rising, first pullback to EMA20, buy stop, 20-bar high target)",DXY.cash,index,M5,418,224.52132352941177,-1.1267584562301636,-12.768297771766342,0.24401913875598086,-1.014498233795166,-1.266754388809204,-0.9681914448738098,,-1.1267584562301636,0/3,-1.8075828552246094,0.1666666716337204,1.9023809432983398,False
"Holy Grail (ADX>30 rising, first pullback to EMA20, buy stop, 20-bar high target)",DXY.cash,index,M15,186,100.94576523031203,-0.5475457310676575,-5.0296953530273205,0.3333333333333333,-0.5458542108535767,-0.6414089798927307,-0.4650597870349884,,-0.5475457310676575,0/3,-1.480804204940796,0.5833333134651184,1.8671185970306396,False
"Holy Grail (ADX>30 rising, first pullback to EMA20, buy stop, 20-bar high target)",DXY.cash,index,M30,98,53.345007451564825,-0.39227983355522156,-2.630962986032769,0.3469387755102041,-0.4506274163722992,-0.2725667655467987,-0.5072044134140015,,-0.39227983355522156,0/3,-1.0142635107040405,1.0833333730697632,1.8591511249542236,False
"Holy Grail (ADX>30 rising, first pullback to EMA20, buy stop, 20-bar high target)",DXY.cash,index,H1,53,31.07263242375602,-0.477358341217041,-2.9890504453078184,0.33962264150943394,-0.27739953994750977,-0.32925593852996826,-0.6095927357673645,,-0.477358341217041,0/2,-0.5736250877380371,5.166666507720947,1.8333333730697632,False
"Holy Grail (ADX>30 rising, first pullback to EMA20, buy stop, 20-bar high target)",DXY.cash,index,H4,21,12.060141509433961,-0.06405900418758392,-0.14366846750735984,0.38095238095238093,-0.05267557501792908,0.4283981919288635,-0.36710959672927856,,-0.06405900418758392,1/2,-0.39440280199050903,11.333333015441895,3.0102040767669678,False
"Holy Grail (ADX>30 rising, first pullback to EMA20, buy stop, 20-bar high target)",DXY.cash,index,D1,4,,,,,,,,,,,,,,
"Holy Grail (ADX>30 rising, first pullback to EMA20, buy stop, 20-bar high target)",ETHUSD,crypto,M5,5668,648.3673661133729,-4.534913063049316,-20.291455197043184,0.19830628087508823,-4.492251396179199,-4.056239604949951,-4.927784442901611,-6.019610404968262,-0.980528712272644,0/9,-18.023820877075195,0.25,2.5649616718292236,False
"Holy Grail (ADX>30 rising, first pullback to EMA20, buy stop, 20-bar high target)",ETHUSD,crypto,M15,2007,229.8704139228598,-2.3714990615844727,-8.488655758746521,0.24314897857498755,-2.4363770484924316,-2.67580509185791,-2.203094720840454,-3.3097524642944336,-0.4991931617259979,0/9,-9.652815818786621,0.8333333134651184,2.3764939308166504,False
"Holy Grail (ADX>30 rising, first pullback to EMA20, buy stop, 20-bar high target)",ETHUSD,crypto,M30,1036,118.54605263157895,-1.4896351099014282,-13.019214450780863,0.2625482625482625,-1.5394682884216309,-1.2017885446548462,-1.6684693098068237,-2.0847296714782715,-0.2660919725894928,1/9,-5.963310241699219,1.75,2.280177116394043,False
"Holy Grail (ADX>30 rising, first pullback to EMA20, buy stop, 20-bar high target)",ETHUSD,crypto,H1,478,55.00614366729678,-0.8973822593688965,-8.496987789074518,0.2907949790794979,-1.032071590423584,-0.6490984559059143,-1.0211349725723267,-1.2887742519378662,0.05716358870267868,2/9,-3.1584420204162598,3.9166667461395264,2.2575674057006836,False
"Holy Grail (ADX>30 rising, first pullback to EMA20, buy stop, 20-bar high target)",ETHUSD,crypto,H4,100,11.843385214007782,-0.39091193675994873,-2.7091440558433533,0.27,-0.34676674008369446,-0.5504578351974487,-0.30116742849349976,-0.5036212205886841,-0.1721232533454895,0/9,-1.120597004890442,17.416667938232422,2.213313102722168,False
"Holy Grail (ADX>30 rising, first pullback to EMA20, buy stop, 20-bar high target)",ETHUSD,crypto,D1,16,1.9604159677960413,0.448200523853302,1.1121125221252441,0.5625,-0.502197265625,0.8717321157455444,0.02466893196105957,0.3322567045688629,0.7032769322395325,5/9,-1.5762557983398438,123.20832824707031,2.520937442779541,False
"Holy Grail (ADX>30 rising, first pullback to EMA20, buy stop, 20-bar high target)",EU50.cash,index,M5,1284,253.64034613304486,-1.2207778692245483,-22.901474769355897,0.23208722741433022,-0.7730472087860107,-1.28034508228302,-1.1653313636779785,-1.318859338760376,-1.1043168306350708,0/6,-1.6509994268417358,0.0833333358168602,1.8346993923187256,False
"Holy Grail (ADX>30 rising, first pullback to EMA20, buy stop, 20-bar high target)",EU50.cash,index,M15,458,90.81677524429968,-0.5649468898773193,-7.525112446540359,0.314410480349345,-0.40653303265571594,-0.4901446998119354,-0.6229329705238342,-0.5633098483085632,-0.5666719675064087,0/6,-0.7565419673919678,0.5,2.0,False
"Holy Grail (ADX>30 rising, first pullback to EMA20, buy stop, 20-bar high target)",EU50.cash,index,M30,249,49.779556650246306,-0.43163400888442993,-4.901492145802241,0.321285140562249,-0.0350930392742157,-0.5672035813331604,-0.3260834217071533,-0.4435453414916992,-0.42000633478164673,1/6,-0.6647520065307617,1.0,1.7142857313156128,False
"Holy Grail (ADX>30 rising, first pullback to EMA20, buy stop, 20-bar high target)",EU50.cash,index,H1,148,29.816326530612248,-0.2220289409160614,-1.8049853297103298,0.3716216216216216,-0.3184221088886261,-0.23620754480361938,-0.21152007579803467,-0.14282244443893433,-0.3726765513420105,2/6,-0.6801832914352417,2.5,2.0,False
"Holy Grail (ADX>30 rising, first pullback to EMA20, buy stop, 20-bar high target)",EU50.cash,index,H4,51,10.565938740782757,-0.24116279184818268,-0.9193983341723141,0.2549019607843137,0.12711231410503387,-0.01697578653693199,-0.3259902894496918,-0.3007368743419647,-0.15605692565441132,2/6,-0.7966985702514648,9.833333015441895,2.2373626232147217,False
"Holy Grail (ADX>30 rising, first pullback to EMA20, buy stop, 20-bar high target)",EU50.cash,index,D1,2,,,,,,,,,,,,,,
"Holy Grail (ADX>30 rising, first pullback to EMA20, buy stop, 20-bar high target)",EURAUD,fx,M15,1405,119.6215034965035,-0.3724101185798645,-9.3202985942826,0.32526690391459073,-0.24175967276096344,-0.3984117805957794,-0.3505946397781372,-0.34092193841934204,-0.49038439989089966,0/12,-0.6050611734390259,0.5,1.7052631378173828,False
"Holy Grail (ADX>30 rising, first pullback to EMA20, buy stop, 20-bar high target)",EURAUD,fx,M30,742,63.188505479132665,-0.33923256397247314,-6.983346085338244,0.3288409703504043,-0.1394663155078888,-0.2897631525993347,-0.377159059047699,-0.3185751736164093,-0.409811794757843,1/12,-0.5897250771522522,1.25,1.626225471496582,False
"Holy Grail (ADX>30 rising, first pullback to EMA20, buy stop, 20-bar high target)",EURAUD,fx,H1,383,32.661860845201964,-0.1914760172367096,-2.7244511593977347,0.37597911227154046,-0.049089692533016205,-0.05685638636350632,-0.3023768961429596,-0.19809240102767944,-0.17141775786876678,3/12,-0.6948834657669067,2.75,1.6537102460861206,False
"Holy Grail (ADX>30 rising, first pullback to EMA20, buy stop, 20-bar high target)",EURAUD,fx,H4,96,8.240658049353701,-0.08062247186899185,-0.5242978274597029,0.3958333333333333,0.11655592918395996,-0.02140635810792446,-0.12291969358921051,0.03753677010536194,-0.3675806224346161,5/12,-0.883819580078125,9.0,1.682521104812622,False
"Holy Grail (ADX>30 rising, first pullback to EMA20, buy stop, 20-bar high target)",EURAUD,fx,D1,14,1.5250521920668056,-0.21543945372104645,-0.5527396864211023,0.35714285714285715,0.05784555897116661,-0.1017216220498085,-0.6324048042297363,-0.08025381714105606,-1.0265532732009888,2/7,-1.039463996887207,80.375,1.872335433959961,False
"Holy Grail (ADX>30 rising, first pullback to EMA20, buy stop, 20-bar high target)",EURCAD,fx,M15,1475,125.49353598881902,-0.4603217542171478,-10.979937902408441,0.33152542372881355,-0.4006982445716858,-0.4432588815689087,-0.4771777391433716,-0.4104876220226288,-0.6596584916114807,1/12,-0.8671669960021973,0.5,1.6953125,False
"Holy Grail (ADX>30 rising, first pullback to EMA20, buy stop, 20-bar high target)",EURCAD,fx,M30,785,66.88156053184045,-0.35653895139694214,-7.2722731342042986,0.3401273885350318,-0.10687283426523209,-0.3220335841178894,-0.38809874653816223,-0.31739047169685364,-0.5143876671791077,1/12,-0.5602807402610779,1.0,1.5,False
"Holy Grail (ADX>30 rising, first pullback to EMA20, buy stop, 20-bar high target)",EURCAD,fx,H1,447,38.21787219101124,-0.2754814922809601,-4.5107558041737725,0.3668903803131991,-0.11360648274421692,-0.3871592879295349,-0.17563396692276,-0.2744022011756897,-0.28028562664985657,0/12,-0.38921794295310974,3.0,1.533073902130127,False
"Holy Grail (ADX>30 rising, first pullback to EMA20, buy stop, 20-bar high target)",EURCAD,fx,H4,109,9.529021062709429,-0.3446158170700073,-2.7323816533571983,0.3211009174311927,-0.0002745097444858402,-0.2011820673942566,-0.475467711687088,-0.3996734023094177,-0.18534210324287415,3/12,-1.0719306468963623,11.5,1.8484848737716675,False
"Holy Grail (ADX>30 rising, first pullback to EMA20, buy stop, 20-bar high target)",EURCAD,fx,D1,12,1.102364185110664,0.15578432381153107,0.3830114123112169,0.5,0.047395337373018265,-0.23102834820747375,0.3491906523704529,0.32485368847846985,-0.35142385959625244,4/8,-1.0324615240097046,110.375,1.992575764656067,False
"Holy Grail (ADX>30 rising, first pullback to EMA20, buy stop, 20-bar high target)",EURCHF,fx,M15,1669,142.46371815844824,-0.7422589063644409,-20.115879632599967,0.26722588376273215,-0.5039547681808472,-0.6319377422332764,-0.8267800211906433,-0.7237167358398438,-0.7993813753128052,0/12,-0.9842061996459961,0.5,1.7358490228652954,False
"Holy Grail (ADX>30 rising, first pullback to EMA20, buy stop, 20-bar high target)",EURCHF,fx,M30,826,70.5392798690671,-0.4426981210708618,-8.569431588552687,0.3305084745762712,-0.44671308994293213,-0.2761465311050415,-0.5437955856323242,-0.4200456440448761,-0.5035765767097473,0/12,-0.7249616384506226,1.25,1.7597451210021973,False
"Holy Grail (ADX>30 rising, first pullback to EMA20, buy stop, 20-bar high target)",EURCHF,fx,H1,528,45.090483984101006,-0.25589409470558167,-4.106789644443693,0.36742424242424243,-0.20745313167572021,-0.25904351472854614,-0.2544114887714386,-0.2053472399711609,-0.38567647337913513,2/12,-0.5204581618309021,3.0,1.6118197441101074,False
"Holy Grail (ADX>30 rising, first pullback to EMA20, buy stop, 20-bar high target)",EURCHF,fx,H4,157,13.499117231638419,-0.3038713037967682,-2.4791499721344348,0.3503184713375796,-0.28075993061065674,0.1721719652414322,-0.43546047806739807,-0.06562020629644394,-0.6788237690925598,1/12,-1.0670160055160522,9.75,1.7605633735656738,False
"Holy Grail (ADX>30 rising, first pullback to EMA20, buy stop, 20-bar high target)",EURCHF,fx,D1,21,2.0486778846153846,-0.23797819018363953,-0.9839621668053407,0.42857142857142855,-0.32096734642982483,-0.5412606596946716,0.16639837622642517,-0.1345132291316986,-0.4966405928134918,3/9,-1.5177680253982544,136.0,1.2909482717514038,False
"Holy Grail (ADX>30 rising, first pullback to EMA20, buy stop, 20-bar high target)",EURGBP,fx,M15,1513,128.75658201304753,-0.5259711146354675,-14.421456308568622,0.30799735624586916,-0.2611326277256012,-0.48772382736206055,-0.5549341440200806,-0.46719783544540405,-0.7459561824798584,0/12,-1.0274360179901123,0.5,1.6296296119689941,False
"Holy Grail (ADX>30 rising, first pullback to EMA20, buy stop, 20-bar high target)",EURGBP,fx,M30,850,72.60582319925165,-0.4067954421043396,-8.761707436548017,0.33647058823529413,-0.2660248279571533,-0.39678671956062317,-0.4143640398979187,-0.38639283180236816,-0.46897488832473755,0/12,-0.814987063407898,1.0,1.625,False
"Holy Grail (ADX>30 rising, first pullback to EMA20, buy stop, 20-bar high target)",EURGBP,fx,H1,457,38.890785181733456,-0.2576298415660858,-3.69643862960674,0.36980306345733044,-0.11913847923278809,-0.24209071695804596,-0.2678203582763672,-0.309410959482193,-0.09030008316040039,3/12,-0.6092360615730286,2.5,1.4322580099105835,False
"Holy Grail (ADX>30 rising, first pullback to EMA20, buy stop, 20-bar high target)",EURGBP,fx,H4,132,11.482019528459157,-0.17365631461143494,-1.5603244407916494,0.4015151515151515,-0.1241932362318039,-0.19506116211414337,-0.1546977162361145,-0.13999371230602264,-0.25108030438423157,6/12,-1.0352741479873657,11.5,1.4131884574890137,False
"Holy Grail (ADX>30 rising, first pullback to EMA20, buy stop, 20-bar high target)",EURGBP,fx,D1,15,1.468833780160858,-0.3339991569519043,-1.0311478212812015,0.26666666666666666,0.1664789468050003,-0.31145939230918884,-0.42415836453437805,-0.15845386683940887,-1.0361803770065308,3/8,-1.0440430641174316,67.0,2.1290876865386963,False
"Holy Grail (ADX>30 rising, first pullback to EMA20, buy stop, 20-bar high target)",EURJPY,fx,M15,1411,120.048392732355,-0.286039263010025,-6.441914899813015,0.3486888731396173,-0.2957077622413635,-0.3081861436367035,-0.26979637145996094,-0.22642385959625244,-0.4805547595024109,2/12,-0.561968982219696,0.5,1.7608696222305298,False
"Holy Grail (ADX>30 rising, first pullback to EMA20, buy stop, 20-bar high target)",EURJPY,fx,M30,846,71.96122496506753,-0.20287933945655823,-3.5497564358473928,0.36879432624113473,-0.15223164856433868,-0.23541386425495148,-0.17980942130088806,-0.25434625148773193,-0.04799079895019531,1/12,-0.7454211115837097,1.5,1.6535255908966064,False
"Holy Grail (ADX>30 rising, first pullback to EMA20, buy stop, 20-bar high target)",EURJPY,fx,H1,462,39.43573264781491,-0.14806686341762543,-2.2098473552502598,0.37445887445887444,-0.057527877390384674,-0.039551716297864914,-0.22185716032981873,-0.0487728975713253,-0.4735304117202759,5/12,-0.49914050102233887,3.25,1.7137640714645386,False
"Holy Grail (ADX>30 rising, first pullback to EMA20, buy stop, 20-bar high target)",EURJPY,fx,H4,106,9.114053672316384,-0.1090279370546341,-0.7841284494776026,0.3584905660377358,0.01596066914498806,-0.1749342381954193,-0.0584997721016407,-0.1340917944908142,-0.013329592533409595,4/12,-0.718001127243042,10.625,1.9371343851089478,False
"Holy Grail (ADX>30 rising, first pullback to EMA20, buy stop, 20-bar high target)",EURJPY,fx,D1,20,1.745102723363593,-0.11454324424266815,-0.3560259661523123,0.35,0.3524755835533142,0.10335686057806015,-0.18717657029628754,-0.15427923202514648,0.044400930404663086,4/11,-1.0176527500152588,124.875,1.8171372413635254,False
"Holy Grail (ADX>30 rising, first pullback to EMA20, buy stop, 20-bar high target)",EURNZD,fx,M15,1445,123.19940476190476,-0.5982045531272888,-14.672278535802945,0.2975778546712803,-0.45562058687210083,-0.6527019143104553,-0.5624972581863403,-0.5953909158706665,-0.6061466336250305,0/12,-0.9708999991416931,0.5,1.8026316165924072,False
"Holy Grail (ADX>30 rising, first pullback to EMA20, buy stop, 20-bar high target)",EURNZD,fx,M30,778,66.23881118881118,-0.3863687515258789,-7.547072896949265,0.3393316195372751,-0.2437768131494522,-0.426792711019516,-0.35944828391075134,-0.3729095757007599,-0.4244920015335083,2/12,-0.7659214735031128,1.5,1.6073038578033447,False
"Holy Grail (ADX>30 rising, first pullback to EMA20, buy stop, 20-bar high target)",EURNZD,fx,H1,427,36.37167677238806,-0.3362857699394226,-4.79891439139805,0.35362997658079626,-0.2856164574623108,-0.44053369760513306,-0.28756508231163025,-0.29454267024993896,-0.4970916509628296,2/12,-0.788956344127655,3.0,1.790697693824768,False
"Holy Grail (ADX>30 rising, first pullback to EMA20, buy stop, 20-bar high target)",EURNZD,fx,H4,104,9.050750536097214,-0.22857476770877838,-1.6750292912515512,0.36538461538461536,0.04703450947999954,0.015960346907377243,-0.40790051221847534,-0.07751020789146423,-0.6012006402015686,3/12,-1.181976079940796,12.625,1.9072489738464355,False
"Holy Grail (ADX>30 rising, first pullback to EMA20, buy stop, 20-bar high target)",EURNZD,fx,D1,16,1.596285167986889,-0.35390377044677734,-1.291894555091858,0.3125,0.16335062682628632,-0.1844610571861267,-1.0881555080413818,-0.13294796645641327,-0.6379898190498352,3/8,-1.1179273128509521,91.75,1.5969914197921753,False
"Holy Grail (ADX>30 rising, first pullback to EMA20, buy stop, 20-bar high target)",EURUSD,fx,M15,1476,125.54937121564974,-0.3926181197166443,-8.442639606535895,0.3157181571815718,-0.26621586084365845,-0.331726610660553,-0.453674852848053,-0.40078094601631165,-0.3635948896408081,0/12,-1.2798707485198975,0.5,1.7619825601577759,False
"Holy Grail (ADX>30 rising, first pullback to EMA20, buy stop, 20-bar high target)",EURUSD,fx,M30,763,65.15916530278233,-0.3076777160167694,-5.6927084724693415,0.34469200524246396,-0.1654687225818634,-0.2804500162601471,-0.3365979790687561,-0.33604252338409424,-0.21513564884662628,0/12,-0.6672013401985168,1.25,1.649999976158142,False
"Holy Grail (ADX>30 rising, first pullback to EMA20, buy stop, 20-bar high target)",EURUSD,fx,H1,423,36.10674222949287,-0.22757646441459656,-3.4927037714935496,0.3806146572104019,-0.1386498361825943,-0.2599326968193054,-0.20144258439540863,-0.2612408697605133,-0.08967413008213043,1/12,-0.6757110357284546,2.5,1.5102040767669678,False
"Holy Grail (ADX>30 rising, first pullback to EMA20, buy stop, 20-bar high target)",EURUSD,fx,H4,102,8.792895916922351,-0.1841900795698166,-1.2486172428237161,0.3333333333333333,-0.030962662771344185,-0.20889154076576233,-0.15411868691444397,-0.2899472117424011,0.03693844750523567,4/12,-1.085932970046997,11.75,1.8417953252792358,False
"Holy Grail (ADX>30 rising, first pullback to EMA20, buy stop, 20-bar high target)",EURUSD,fx,D1,13,1.2528364116094988,-0.7138040065765381,-3.3154442785690352,0.15384615384615385,0.5820384621620178,-0.7985663414001465,-0.5781841278076172,-0.7697045207023621,-0.6485866904258728,1/7,-1.0750893354415894,47.5,2.1069767475128174,False
"Holy Grail (ADX>30 rising, first pullback to EMA20, buy stop, 20-bar high target)",FRA40.cash,index,M5,1230,243.36809317443124,-1.4395467042922974,-16.987483121112525,0.2528455284552846,-1.259223222732544,-1.3180484771728516,-1.5497429370880127,-1.7310686111450195,-1.0838267803192139,0/6,-2.34100341796875,0.1666666716337204,1.8920884132385254,False
"Holy Grail (ADX>30 rising, first pullback to EMA20, buy stop, 20-bar high target)",FRA40.cash,index,M15,443,87.7471529284165,-0.4675096571445465,-4.917566933196112,0.3611738148984199,-0.588217556476593,-0.3882940113544464,-0.5402098298072815,-0.614349365234375,-0.3226454257965088,0/6,-0.9308183193206787,0.5,1.8899999856948853,False
"Holy Grail (ADX>30 rising, first pullback to EMA20, buy stop, 20-bar high target)",FRA40.cash,index,M30,240,47.771117166212534,-0.27058398723602295,-2.5353106265628935,0.37916666666666665,-0.17801091074943542,-0.3929387629032135,-0.1754191517829895,-0.2798033356666565,-0.2596884071826935,1/6,-0.4317513108253479,1.3333333730697632,1.7792208194732666,False
"Holy Grail (ADX>30 rising, first pullback to EMA20, buy stop, 20-bar high target)",FRA40.cash,index,H1,144,29.010479867622728,-0.44531112909317017,-4.15606963634491,0.3333333333333333,-0.1022670567035675,-0.4351397454738617,-0.4525763988494873,-0.39256182312965393,-0.5358807444572449,1/6,-0.845172107219696,3.0,1.7154921293258667,False
"Holy Grail (ADX>30 rising, first pullback to EMA20, buy stop, 20-bar high target)",FRA40.cash,index,H4,48,9.675496688741722,-0.11435922235250473,-0.6382932327342892,0.4583333333333333,-0.37249520421028137,-0.063345767557621,-0.14778180420398712,-0.3018227219581604,0.34090930223464966,2/6,-0.7053737044334412,10.375,1.5585482120513916,False
"Holy Grail (ADX>30 rising, first pullback to EMA20, buy stop, 20-bar high target)",FRA40.cash,index,D1,4,,,,,,,,,,,,,,
"Holy Grail (ADX>30 rising, first pullback to EMA20, buy stop, 20-bar high target)",GBPAUD,fx,M15,1512,128.67148182665423,-0.4494917392730713,-11.594690423303078,0.3101851851851852,-0.22408920526504517,-0.4805755913257599,-0.4248237907886505,-0.4234392046928406,-0.5435351133346558,0/12,-0.603390097618103,0.5,1.6728910207748413,False
"Holy Grail (ADX>30 rising, first pullback to EMA20, buy stop, 20-bar high target)",GBPAUD,fx,M30,743,63.258916083916084,-0.34674757719039917,-7.366096362079242,0.35262449528936746,-0.16036076843738556,-0.4289076030254364,-0.2859452962875366,-0.38268324732780457,-0.22654175758361816,1/12,-0.6516246795654297,1.25,1.5382715463638306,False
"Holy Grail (ADX>30 rising, first pullback to EMA20, buy stop, 20-bar high target)",GBPAUD,fx,H1,388,33.20454545454545,-0.1679384559392929,-2.3599191738218948,0.41237113402061853,-0.2271556258201599,-0.3901119530200958,-0.04529866203665733,-0.1405823826789856,-0.2611977756023407,3/12,-0.7723272442817688,2.75,1.5135633945465088,False
"Holy Grail (ADX>30 rising, first pullback to EMA20, buy stop, 20-bar high target)",GBPAUD,fx,H4,88,7.577086280056577,-0.18252363801002502,-1.3776071644448051,0.38636363636363635,-0.0005164904869161546,-0.2653261721134186,-0.11352153867483139,0.008870524354279041,-0.6648369431495667,4/12,-1.13129723072052,12.0,2.0800676345825195,False
"Holy Grail (ADX>30 rising, first pullback to EMA20, buy stop, 20-bar high target)",GBPAUD,fx,D1,20,1.847496206373293,-0.13115902245044708,-0.40237140026957036,0.35,-0.13826417922973633,-0.20065008103847504,0.26262366771698,0.2627912163734436,-0.8627809882164001,4/11,-1.0279359817504883,80.375,1.7320802211761475,False
"Holy Grail (ADX>30 rising, first pullback to EMA20, buy stop, 20-bar high target)",GBPCAD,fx,M15,1437,122.26048218029351,-0.4906570017337799,-11.286236692018361,0.3103688239387613,-0.34107014536857605,-0.44565823674201965,-0.527510404586792,-0.45949581265449524,-0.6021028757095337,0/12,-0.8861902356147766,0.5,1.7171052694320679,False
"Holy Grail (ADX>30 rising, first pullback to EMA20, buy stop, 20-bar high target)",GBPCAD,fx,M30,748,63.66977394546726,-0.34298956394195557,-6.7529351852592825,0.356951871657754,-0.2298668771982193,-0.385528564453125,-0.3061789870262146,-0.32964441180229187,-0.3894178569316864,2/12,-0.8302061557769775,1.0,1.619503140449524,False
"Holy Grail (ADX>30 rising, first pullback to EMA20, buy stop, 20-bar high target)",GBPCAD,fx,H1,475,40.432008855744584,-0.1061919555068016,-1.4758026073943238,0.391578947368421,-0.19975197315216064,-0.23228056728839874,-0.0019263597205281258,-0.05376303195953369,-0.31869637966156006,3/12,-0.6765444278717041,2.75,1.5113269090652466,False
"Holy Grail (ADX>30 rising, first pullback to EMA20, buy stop, 20-bar high target)",GBPCAD,fx,H4,94,8.450283042087127,-0.4623153805732727,-3.9027452338537265,0.2872340425531915,-0.032463379204273224,-0.32009634375572205,-0.5631616711616516,-0.36521512269973755,-0.6911947131156921,2/12,-0.8991261124610901,13.25,1.357938528060913,False
"Holy Grail (ADX>30 rising, first pullback to EMA20, buy stop, 20-bar high target)",GBPCAD,fx,D1,11,1.3707778915046058,-0.2350667417049408,-0.4391896406109973,0.18181818181818182,0.7228744626045227,-0.4647351801395416,0.1668529510498047,0.06512275338172913,-1.0355720520019531,2/7,-1.060774564743042,107.25,2.5282363891601562,False
"Holy Grail (ADX>30 rising, first pullback to EMA20, buy stop, 20-bar high target)",GBPCHF,fx,M15,1542,131.16336748952025,-0.6677904725074768,-17.202646754232234,0.28664072632944226,-0.4631716310977936,-0.6998176574707031,-0.6450660824775696,-0.6869007349014282,-0.5986732244491577,0/12,-0.9876139760017395,0.5,1.6294699907302856,False
"Holy Grail (ADX>30 rising, first pullback to EMA20, buy stop, 20-bar high target)",GBPCHF,fx,M30,892,76.17559036707974,-0.512374997138977,-10.88504409220662,0.3094170403587444,-0.2849724590778351,-0.5729473829269409,-0.4730757176876068,-0.5126164555549622,-0.5116633772850037,0/12,-0.7637908458709717,1.25,1.6295784711837769,False
"Holy Grail (ADX>30 rising, first pullback to EMA20, buy stop, 20-bar high target)",GBPCHF,fx,H1,475,40.422588536812675,-0.2657589316368103,-4.401807707194997,0.40421052631578946,-0.2191624939441681,-0.20277197659015656,-0.2968562841415405,-0.18923218548297882,-0.519688606262207,1/12,-0.6308389902114868,2.75,1.5259740352630615,False
"Holy Grail (ADX>30 rising, first pullback to EMA20, buy stop, 20-bar high target)",GBPCHF,fx,H4,125,11.111280116816744,-0.30021148920059204,-2.4627270413803903,0.376,-0.3597242534160614,-0.5146236419677734,-0.23831932246685028,-0.272203266620636,-0.3500039279460907,2/12,-0.6016255021095276,15.5,1.684426188468933,False
"Holy Grail (ADX>30 rising, first pullback to EMA20, buy stop, 20-bar high target)",GBPCHF,fx,D1,9,,,,,,,,,,,,,,
"Holy Grail (ADX>30 rising, first pullback to EMA20, buy stop, 20-bar high target)",GBPJPY,fx,M15,1418,120.61585933861201,-0.4051171541213989,-9.382759366785763,0.3300423131170663,-0.3820686340332031,-0.40643996000289917,-0.40409818291664124,-0.4117301404476166,-0.382055401802063,0/12,-0.6180733442306519,0.5,1.7257308959960938,False
"Holy Grail (ADX>30 rising, first pullback to EMA20, buy stop, 20-bar high target)",GBPJPY,fx,M30,793,67.87983360674947,-0.25227659940719604,-4.245786192074923,0.3493064312736444,-0.23913873732089996,-0.2835657298564911,-0.23230069875717163,-0.2859881818294525,-0.13580115139484406,2/12,-0.5700857639312744,1.5,1.6899224519729614,False
"Holy Grail (ADX>30 rising, first pullback to EMA20, buy stop, 20-bar high target)",GBPJPY,fx,H1,412,35.22542134831461,-0.3058498799800873,-4.506503531357466,0.33737864077669905,-0.13595092296600342,-0.3176937699317932,-0.2988532781600952,-0.2989329993724823,-0.323713481426239,1/12,-0.6506180167198181,3.0,1.7700495719909668,False
"Holy Grail (ADX>30 rising, first pullback to EMA20, buy stop, 20-bar high target)",GBPJPY,fx,H4,96,8.402588066139469,-0.16807381808757782,-1.326905251324661,0.3958333333333333,0.006945376750081778,-0.19407296180725098,-0.14869265258312225,-0.08511826395988464,-0.4643436074256897,6/12,-1.269554615020752,11.25,1.7409353256225586,False
"Holy Grail (ADX>30 rising, first pullback to EMA20, buy stop, 20-bar high target)",GBPJPY,fx,D1,15,1.3091397849462365,-0.3697574734687805,-1.2623602419475835,0.26666666666666666,1.5166866779327393,-0.408038854598999,-0.35583698749542236,-0.5491503477096558,-0.010971641167998314,3/8,-1.0461182594299316,42.25,1.6919431686401367,False
"Holy Grail (ADX>30 rising, first pullback to EMA20, buy stop, 20-bar high target)",GBPNZD,fx,M15,1501,127.73537977632805,-0.4787330627441406,-12.453586111799705,0.31845436375749503,-0.3040447235107422,-0.5100942254066467,-0.4586482048034668,-0.4376375675201416,-0.6143835783004761,0/12,-0.7303400039672852,0.5,1.6777777671813965,False
"Holy Grail (ADX>30 rising, first pullback to EMA20, buy stop, 20-bar high target)",GBPNZD,fx,M30,758,64.5059412861137,-0.4484209716320038,-9.265878840012148,0.3007915567282322,-0.23536400496959686,-0.515171468257904,-0.40541693568229675,-0.4519871175289154,-0.43833500146865845,1/12,-0.8108693361282349,1.5,1.7000813484191895,False
"Holy Grail (ADX>30 rising, first pullback to EMA20, buy stop, 20-bar high target)",GBPNZD,fx,H1,389,33.3761451726568,-0.2836238145828247,-4.567473093652076,0.38046272493573263,-0.15641123056411743,-0.21248044073581696,-0.32016435265541077,-0.28514373302459717,-0.277364045381546,1/12,-0.6412563920021057,3.0,1.5650793313980103,False
"Holy Grail (ADX>30 rising, first pullback to EMA20, buy stop, 20-bar high target)",GBPNZD,fx,H4,68,5.855021216407355,-0.49014148116111755,-3.764580193768757,0.27941176470588236,0.008594222366809845,-0.3812646269798279,-0.5869207382202148,-0.456296443939209,-0.5916761755943298,3/12,-1.0933918952941895,14.25,1.8662910461425781,False
"Holy Grail (ADX>30 rising, first pullback to EMA20, buy stop, 20-bar high target)",GBPNZD,fx,D1,18,1.6157532563283363,-0.524067223072052,-2.088939931373087,0.2222222222222222,-0.08844073861837387,-0.4235685467720032,-1.02656090259552,-0.31147947907447815,-0.8581337332725525,1/8,-1.025746464729309,98.0,2.0810163021087646,False
"Holy Grail (ADX>30 rising, first pullback to EMA20, buy stop, 20-bar high target)",GBPUSD,fx,M15,1428,121.55138662316477,-0.3780425190925598,-10.231958983773314,0.3326330532212885,-0.2211713343858719,-0.3747555911540985,-0.3811071217060089,-0.39869871735572815,-0.2959216833114624,0/12,-0.6146104335784912,0.5,1.6901791095733643,False
"Holy Grail (ADX>30 rising, first pullback to EMA20, buy stop, 20-bar high target)",GBPUSD,fx,M30,719,61.40162497077391,-0.2120969593524933,-4.140168768440174,0.38803894297635605,-0.030899159610271454,-0.19102637469768524,-0.22918692231178284,-0.22691571712493896,-0.15727713704109192,1/12,-0.4940420687198639,1.0,1.5563910007476807,False
"Holy Grail (ADX>30 rising, first pullback to EMA20, buy stop, 20-bar high target)",GBPUSD,fx,H1,405,34.69189727954972,-0.012708027847111225,-0.1775830445827118,0.43703703703703706,-0.08583586663007736,-0.1212240532040596,0.07674435526132584,0.023912405595183372,-0.14273115992546082,5/12,-0.5958737134933472,2.75,1.5230768918991089,False
"Holy Grail (ADX>30 rising, first pullback to EMA20, buy stop, 20-bar high target)",GBPUSD,fx,H4,89,7.953816980670419,-0.2459048181772232,-1.7659574359572263,0.34831460674157305,0.138852059841156,-0.21477824449539185,-0.2807368338108063,-0.2998357117176056,0.0001551508903503418,5/12,-1.0333715677261353,15.75,1.6252045631408691,False
"Holy Grail (ADX>30 rising, first pullback to EMA20, buy stop, 20-bar high target)",GBPUSD,fx,D1,11,1.3383577614923383,0.11779529601335526,0.25453003192010754,0.45454545454545453,0.09129787236452103,0.40427181124687195,-0.3835386335849762,1.027664303779602,-0.22340556979179382,4/6,-1.0163522958755493,145.5,1.512022614479065,False
"Holy Grail (ADX>30 rising, first pullback to EMA20, buy stop, 20-bar high target)",GER40.cash,index,M5,1300,273.20195627157653,-0.4819875955581665,-11.43999268415177,0.3176923076923077,-0.376787394285202,-0.4515562057495117,-0.508152425289154,-0.5492615699768066,-0.42450228333473206,0/5,-0.6571893692016602,0.1666666716337204,1.8275805711746216,False
"Holy Grail (ADX>30 rising, first pullback to EMA20, buy stop, 20-bar high target)",GER40.cash,index,M15,511,107.3893843498274,-0.18285731971263885,-2.5958355690211845,0.3561643835616438,-0.1079086884856224,-0.12167497724294662,-0.24100391566753387,-0.24931097030639648,-0.13341401517391205,0/5,-0.3653499186038971,0.5833333134651184,1.8257142305374146,False
"Holy Grail (ADX>30 rising, first pullback to EMA20, buy stop, 20-bar high target)",GER40.cash,index,M30,312,65.83362218370884,0.015555026941001415,0.16512379010569153,0.391025641025641,-0.09600427001714706,-0.170390784740448,0.163029283285141,-0.02824769914150238,0.04602650925517082,3/5,-0.06577099114656448,1.5,1.8831652402877808,False
"Holy Grail (ADX>30 rising, first pullback to EMA20, buy stop, 20-bar high target)",GER40.cash,index,H1,144,31.140319715808168,0.015672940760850906,0.12823471426963806,0.4305555555555556,-0.1830022782087326,-0.021727735176682472,0.04395149275660515,0.15951353311538696,-0.08133583515882492,3/5,-0.46174219250679016,3.125,1.9626712799072266,False
"Holy Grail (ADX>30 rising, first pullback to EMA20, buy stop, 20-bar high target)",GER40.cash,index,H4,55,11.761563231850118,0.28722432255744934,1.0223016438078736,0.509090909090909,-0.30849769711494446,0.07214248925447464,0.42006897926330566,0.1956561654806137,0.3821839690208435,3/5,-0.635600745677948,9.0,1.5255475044250488,False
"Holy Grail (ADX>30 rising, first pullback to EMA20, buy stop, 20-bar high target)",GER40.cash,index,D1,7,,,,,,,,,,,,,,
"Holy Grail (ADX>30 rising, first pullback to EMA20, buy stop, 20-bar high target)",GOOG,stock,M5,337,65.29933687002652,-0.4248408079147339,-6.004859714851594,0.2789317507418398,-0.018373984843492508,-0.26287052035331726,-0.5661149024963379,-0.42206519842147827,-0.4278036952018738,0/6,-0.6277055740356445,0.1666666716337204,2.0,False
"Holy Grail (ADX>30 rising, first pullback to EMA20, buy stop, 20-bar high target)",GOOG,stock,M15,167,32.514259061833684,0.08482261747121811,0.6318479391280066,0.3772455089820359,0.1811748445034027,0.11462237685918808,0.06168022379279137,0.08493177592754364,0.08470944315195084,4/6,-0.35262230038642883,1.0,2.109243631362915,False
"Holy Grail (ADX>30 rising, first pullback to EMA20, buy stop, 20-bar high target)",GOOG,stock,M30,93,18.087460063897762,-0.27243781089782715,-2.222485124090273,0.34408602150537637,0.19704775512218475,-0.10058358311653137,-0.4903993308544159,-0.27111193537712097,-0.27373552322387695,2/6,-0.6447521448135376,3.5,1.9821428060531616,False
"Holy Grail (ADX>30 rising, first pullback to EMA20, buy stop, 20-bar high target)",GOOG,stock,H1,55,11.222765363128492,0.07528399676084518,0.3387056511290308,0.38181818181818183,0.05455384775996208,0.28983187675476074,-0.05723090469837189,0.34628063440322876,-0.16767850518226624,2/6,-0.35919293761253357,22.58333396911621,2.34246563911438,False
"Holy Grail (ADX>30 rising, first pullback to EMA20, buy stop, 20-bar high target)",GOOG,stock,H4,13,3.403763440860215,0.012778346426784992,0.03566435324783786,0.46153846153846156,-0.8018856048583984,-0.017580457031726837,0.08108565211296082,0.5146560072898865,-0.21027837693691254,2/5,-0.326934814453125,52.33333206176758,3.5299999713897705,False
"Holy Grail (ADX>30 rising, first pullback to EMA20, buy stop, 20-bar high target)",GOOG,stock,D1,2,,,,,,,,,,,,,,
"Holy Grail (ADX>30 rising, first pullback to EMA20, buy stop, 20-bar high target)",HK50.cash,index,M5,1321,260.9492969172525,-0.9094688296318054,-15.419946840838085,0.2937168811506434,-0.6453426480293274,-0.9472590088844299,-0.8750146627426147,-0.9286963939666748,-0.8873962759971619,0/6,-1.2325509786605835,0.1666666716337204,1.7999999523162842,False
"Holy Grail (ADX>30 rising, first pullback to EMA20, buy stop, 20-bar high target)",HK50.cash,index,M15,481,95.17077464788733,-0.3666177988052368,-4.920179090023963,0.34303534303534305,-0.3216091990470886,-0.2686532735824585,-0.45638611912727356,-0.38045287132263184,-0.34891414642333984,0/6,-0.598128080368042,0.8333333134651184,1.7108433246612549,False
"Holy Grail (ADX>30 rising, first pullback to EMA20, buy stop, 20-bar high target)",HK50.cash,index,M30,274,54.18435300487276,-0.008628156036138535,-0.08631269368773417,0.4124087591240876,-0.22118249535560608,0.071689173579216,-0.09377661347389221,-0.13579823076725006,0.1594950258731842,3/6,-0.16755832731723785,2.1666667461395264,1.812275767326355,False
"Holy Grail (ADX>30 rising, first pullback to EMA20, buy stop, 20-bar high target)",HK50.cash,index,H1,196,38.73863636363636,-0.07063975930213928,-0.6083541586995125,0.3979591836734694,-0.1336074322462082,0.051700349897146225,-0.17666782438755035,-0.028180761262774467,-0.11578033119440079,1/6,-0.23291422426700592,4.083333492279053,1.845874309539795,False
"Holy Grail (ADX>30 rising, first pullback to EMA20, buy stop, 20-bar high target)",HK50.cash,index,H4,50,10.213926174496645,0.1144631952047348,0.43002050214028587,0.4,0.2123248130083084,-0.09764300286769867,0.25586727261543274,0.1130022183060646,0.1161782294511795,3/6,-1.040473461151123,8.083333015441895,2.3747968673706055,False
"Holy Grail (ADX>30 rising, first pullback to EMA20, buy stop, 20-bar high target)",HK50.cash,index,D1,2,,,,,,,,,,,,,,
"Holy Grail (ADX>30 rising, first pullback to EMA20, buy stop, 20-bar high target)",INTC,stock,M5,362,62.16290550070522,-0.1105080097913742,-1.2984448809606268,0.3397790055248619,0.0064791287295520306,-0.06142714247107506,-0.1601341813802719,0.07874422520399094,-0.3242516815662384,2/7,-0.6136072874069214,0.1666666716337204,2.0,False
"Holy Grail (ADX>30 rising, first pullback to EMA20, buy stop, 20-bar high target)",INTC,stock,M15,132,22.893162393162395,-0.10263247787952423,-0.7587358630996508,0.3409090909090909,-0.07205210626125336,0.02900775521993637,-0.31852245330810547,-0.12448151409626007,-0.07559891045093536,2/7,-1.0039063692092896,0.8333333134651184,2.2565789222717285,False
"Holy Grail (ADX>30 rising, first pullback to EMA20, buy stop, 20-bar high target)",INTC,stock,M30,93,16.037889518413596,0.09769298136234283,0.5505606856711237,0.3655913978494624,-0.13551758229732513,0.037116169929504395,0.17452210187911987,0.14473284780979156,0.049630507826805115,5/7,-0.5822651982307434,3.0833332538604736,2.2608695030212402,False
"Holy Grail (ADX>30 rising, first pullback to EMA20, buy stop, 20-bar high target)",INTC,stock,H1,34,6.072616136919315,-0.358652263879776,-1.839710626898063,0.29411764705882354,0.3068847954273224,-0.23561222851276398,-0.5574091672897339,-0.0892077311873436,-0.5713716149330139,2/6,-1.0046314001083374,21.58333396911621,1.8335511684417725,False
"Holy Grail (ADX>30 rising, first pullback to EMA20, buy stop, 20-bar high target)",INTC,stock,H4,7,,,,,,,,,,,,,,
"Holy Grail (ADX>30 rising, first pullback to EMA20, buy stop, 20-bar high target)",INTC,stock,D1,3,,,,,,,,,,,,,,
"Holy Grail (ADX>30 rising, first pullback to EMA20, buy stop, 20-bar high target)",JNJ,stock,M5,296,50.09916589434662,-0.05435372516512871,-0.5655072210891422,0.3581081081081081,-0.09464287012815475,0.13159073889255524,-0.26724666357040405,-0.0886547714471817,-0.024798758327960968,2/7,-0.29058340191841125,0.1666666716337204,2.1715543270111084,False
"Holy Grail (ADX>30 rising, first pullback to EMA20, buy stop, 20-bar high target)",JNJ,stock,M15,112,19.160655737704918,0.19105777144432068,1.2747026118716664,0.44642857142857145,-0.24956722557544708,0.10216322541236877,0.3012869954109192,0.09702999889850616,0.31642812490463257,4/7,-1.015587329864502,1.25,1.8699690103530884,False
"Holy Grail (ADX>30 rising, first pullback to EMA20, buy stop, 20-bar high target)",JNJ,stock,M30,86,14.705758426966293,0.1998230218887329,1.254161986475877,0.4883720930232558,-0.34028828144073486,0.2572602331638336,0.13377025723457336,0.10933635383844376,0.29461854696273804,5/7,-0.65484219789505,4.916666507720947,1.8608630895614624,False
"Holy Grail (ADX>30 rising, first pullback to EMA20, buy stop, 20-bar high target)",JNJ,stock,H1,33,5.758838987099857,0.27402573823928833,0.9499192741302416,0.48484848484848486,-0.17807620763778687,0.12291945517063141,0.41624340415000916,-0.0866820216178894,0.5398103594779968,4/7,-1.0096958875656128,22.58333396911621,1.305389165878296,False
"Holy Grail (ADX>30 rising, first pullback to EMA20, buy stop, 20-bar high target)",JNJ,stock,H4,17,3.247515690376569,-0.19587132334709167,-0.7240857591230145,0.4117647058823529,-0.08405550569295883,-0.13641467690467834,-0.2627600431442261,-0.20388582348823547,-0.1887473464012146,2/6,-1.001473307609558,50.08333206176758,1.9743589162826538,False
"Holy Grail (ADX>30 rising, first pullback to EMA20, buy stop, 20-bar high target)",JNJ,stock,D1,4,,,,,,,,,,,,,,
"Holy Grail (ADX>30 rising, first pullback to EMA20, buy stop, 20-bar high target)",JP225.cash,index,M5,1527,301.4793243243243,-0.5676027536392212,-16.46845475889174,0.28552717747216766,-0.21408315002918243,-0.6078871488571167,-0.5352610349655151,-0.7198874950408936,-0.42328187823295593,0/6,-0.7968851923942566,0.0833333358168602,1.7647058963775635,False
"Holy Grail (ADX>30 rising, first pullback to EMA20, buy stop, 20-bar high target)",JP225.cash,index,M15,565,112.09464964693102,-0.17739897966384888,-2.8035210121670917,0.37168141592920356,-0.10496064275503159,-0.13900546729564667,-0.2039525806903839,-0.24566985666751862,-0.10936936736106873,1/6,-0.3283534646034241,0.5833333134651184,1.7598565816879272,False
"Holy Grail (ADX>30 rising, first pullback to EMA20, buy stop, 20-bar high target)",JP225.cash,index,M30,317,62.857899022801305,-0.04818255826830864,-0.5547436340742078,0.4195583596214511,0.04254363477230072,-0.05076044052839279,-0.046319205313920975,-0.03653399273753166,-0.05537376552820206,2/6,-0.2592632472515106,1.25,1.9310344457626343,False
"Holy Grail (ADX>30 rising, first pullback to EMA20, buy stop, 20-bar high target)",JP225.cash,index,H1,145,29.01986301369863,-0.11272642016410828,-0.8901167837593014,0.36551724137931035,-0.10710982233285904,-0.21953733265399933,-0.013036292977631092,-0.34042996168136597,0.06221650913357735,1/6,-0.8495275378227234,3.5,2.0,False
"Holy Grail (ADX>30 rising, first pullback to EMA20, buy stop, 20-bar high target)",JP225.cash,index,H4,46,9.906544811320755,0.2813732922077179,0.9315985557726205,0.41304347826086957,-0.14876364171504974,0.08857732266187668,0.3746616542339325,0.5093627572059631,-0.015013027004897594,3/6,-1.0482412576675415,11.916666030883789,2.068420886993408,False
"Holy Grail (ADX>30 rising, first pullback to EMA20, buy stop, 20-bar high target)",JP225.cash,index,D1,4,,,,,,,,,,,,,,
"Holy Grail (ADX>30 rising, first pullback to EMA20, buy stop, 20-bar high target)",JPM,stock,M5,284,48.22454672245467,-0.17356166243553162,-2.0004658531211255,0.3380281690140845,0.05156674608588219,-0.18470200896263123,-0.16226331889629364,-0.044796060770750046,-0.2969990372657776,2/7,-0.37681064009666443,0.1666666716337204,2.0326924324035645,False
"Holy Grail (ADX>30 rising, first pullback to EMA20, buy stop, 20-bar high target)",JPM,stock,M15,133,22.785295497185743,0.2937225103378296,1.620148316852327,0.44360902255639095,-0.08203183114528656,0.14970453083515167,0.45374253392219543,0.18088258802890778,0.4117704927921295,5/7,-0.3679432272911072,1.4166666269302368,1.978723406791687,False
"Holy Grail (ADX>30 rising, first pullback to EMA20, buy stop, 20-bar high target)",JPM,stock,M30,107,18.15222944728286,-0.10814810544252396,-0.8498064874773279,0.38317757009345793,-0.032037653028964996,0.1333245038986206,-0.3451489806175232,0.06145474314689636,-0.25692251324653625,2/7,-0.514343798160553,3.5,1.9064748287200928,False
"Holy Grail (ADX>30 rising, first pullback to EMA20, buy stop, 20-bar high target)",JPM,stock,H1,39,6.653316207379729,0.21883538365364075,0.8917957849523939,0.46153846153846156,0.06675241142511368,0.49009132385253906,-0.1710951030254364,0.7360480427742004,-0.3845793902873993,5/7,-0.790134608745575,20.58333396911621,2.0790960788726807,False
"Holy Grail (ADX>30 rising, first pullback to EMA20, buy stop, 20-bar high target)",JPM,stock,H4,5,,,,,,,,,,,,,,
"Holy Grail (ADX>30 rising, first pullback to EMA20, buy stop, 20-bar high target)",JPM,stock,D1,2,,,,,,,,,,,,,,
"Holy Grail (ADX>30 rising, first pullback to EMA20, buy stop, 20-bar high target)",KO,stock,M5,335,56.54286044362293,-0.21551388502120972,-2.468851282055459,0.32238805970149254,-0.21520449221134186,-0.08985652029514313,-0.33040061593055725,-0.15983498096466064,-0.2721990644931793,0/7,-0.485910028219223,0.1666666716337204,2.0,False
"Holy Grail (ADX>30 rising, first pullback to EMA20, buy stop, 20-bar high target)",KO,stock,M15,137,23.274069767441862,-0.10127956420183182,-0.8131075762030386,0.35766423357664234,0.023909781128168106,-0.12197335809469223,-0.0846700668334961,-0.22254933416843414,0.04541773349046707,4/7,-0.845330536365509,0.75,1.7599999904632568,False
"Holy Grail (ADX>30 rising, first pullback to EMA20, buy stop, 20-bar high target)",KO,stock,M30,80,13.496535796766743,0.06257757544517517,0.35105841923491055,0.425,0.041405852884054184,0.05089564248919487,0.07425950467586517,-0.19846394658088684,0.29875800013542175,3/7,-0.771882951259613,2.75,2.0568180084228516,False
"Holy Grail (ADX>30 rising, first pullback to EMA20, buy stop, 20-bar high target)",KO,stock,H1,26,4.682692307692308,-0.4155772924423218,-1.7205086651842718,0.2692307692307692,-0.19852516055107117,-0.4645983874797821,-0.3487302362918854,-0.35946595668792725,-0.46367260813713074,0/6,-0.7899346947669983,4.6666669845581055,2.5108695030212402,False
"Holy Grail (ADX>30 rising, first pullback to EMA20, buy stop, 20-bar high target)",KO,stock,H4,18,3.791522491349481,-0.003022872842848301,-0.01293542493664713,0.5555555555555556,-0.06907068938016891,0.014721970073878765,-0.038512587547302246,0.055778201669454575,-1.0026415586471558,1/4,-1.0026415586471558,23.916667938232422,1.514102578163147,False
"Holy Grail (ADX>30 rising, first pullback to EMA20, buy stop, 20-bar high target)",KO,stock,D1,6,,,,,,,,,,,,,,
"Holy Grail (ADX>30 rising, first pullback to EMA20, buy stop, 20-bar high target)",LTCUSD,crypto,M5,5165,600.610076408787,-7.349412441253662,-20.39876966306589,0.14404646660212972,-7.75075626373291,-5.412253379821777,-8.450645446777344,-8.742642402648926,-3.072010040283203,0/9,-31.254486083984375,0.1666666716337204,2.5,False
"Holy Grail (ADX>30 rising, first pullback to EMA20, buy stop, 20-bar high target)",LTCUSD,crypto,M15,2477,287.8537225580655,-3.846829891204834,-5.822713307283366,0.17642309245054502,-6.848086833953857,-1.4214860200881958,-4.591711521148682,-4.582057952880859,-1.3926365375518799,0/9,-9.135199546813965,0.6666666865348816,2.7857143878936768,False
"Holy Grail (ADX>30 rising, first pullback to EMA20, buy stop, 20-bar high target)",LTCUSD,crypto,M30,1568,182.27625716104393,1.3359959125518799,1.4666604473838996,0.21556122448979592,-5.499499320983887,-0.7187959551811218,1.820143222808838,2.0040271282196045,-1.1797817945480347,3/9,-1.6482294797897339,1.5833333730697632,3.3360214233398438,False
"Holy Grail (ADX>30 rising, first pullback to EMA20, buy stop, 20-bar high target)",LTCUSD,crypto,H1,876,102.02774234693878,12.286810874938965,8.850550514932792,0.3470319634703196,-4.285040378570557,-0.23654112219810486,14.508695602416992,15.224127769470215,-0.6591460108757019,4/9,-0.8044759631156921,4.0,32.692710876464844,False
"Holy Grail (ADX>30 rising, first pullback to EMA20, buy stop, 20-bar high target)",LTCUSD,crypto,H4,280,33.38883447600392,7.745840072631836,5.160929549456485,0.3107142857142857,-2.155799150466919,-0.276317834854126,8.817625045776367,9.431312561035156,-0.4006195366382599,5/9,-0.871843159198761,14.166666030883789,17.318832397460938,False
"Holy Grail (ADX>30 rising, first pullback to EMA20, buy stop, 20-bar high target)",LTCUSD,crypto,D1,36,4.277488614183474,-0.5159304738044739,-2.0801623463630676,0.1388888888888889,-0.13999749720096588,0.5205902457237244,-0.8120793104171753,-0.8047284483909607,0.928058922290802,3/8,-1.1140930652618408,52.958335876464844,0.0017220338340848684,False
"Holy Grail (ADX>30 rising, first pullback to EMA20, buy stop, 20-bar high target)",MCD,stock,M5,160,62.70386266094421,-0.17872354388237,-1.5095837241518515,0.3375,-0.1990293562412262,-0.05551876127719879,-0.26748397946357727,,-0.17872354388237,0/3,-0.38583096861839294,0.25,1.987687587738037,False
"Holy Grail (ADX>30 rising, first pullback to EMA20, buy stop, 20-bar high target)",MCD,stock,M15,63,26.3884747706422,-0.3092329204082489,-1.9146906067839768,0.31746031746031744,-0.14833025634288788,-0.17945846915245056,-0.40042585134506226,,-0.3092329204082489,0/3,-0.5786462426185608,0.9166666865348816,2.090909004211426,False
"Holy Grail (ADX>30 rising, first pullback to EMA20, buy stop, 20-bar high target)",MCD,stock,M30,38,15.13576881134133,-0.05416889488697052,-0.19798819021827466,0.34210526315789475,-0.3107145428657532,-0.2760724425315857,0.07527482509613037,,-0.05416889488697052,2/3,-0.7229469418525696,2.2083334922790527,2.1428918838500977,False
"Holy Grail (ADX>30 rising, first pullback to EMA20, buy stop, 20-bar high target)",MCD,stock,H1,17,8.301136363636365,-0.13766320049762726,-0.3612622655650271,0.29411764705882354,0.5127441883087158,-0.20311972498893738,-0.09184366464614868,,-0.13766320049762726,1/3,-1.0080853700637817,5.833333492279053,2.0119760036468506,False
"Holy Grail (ADX>30 rising, first pullback to EMA20, buy stop, 20-bar high target)",MCD,stock,H4,5,,,,,,,,,,,,,,
"Holy Grail (ADX>30 rising, first pullback to EMA20, buy stop, 20-bar high target)",MCD,stock,D1,2,,,,,,,,,,,,,,
"Holy Grail (ADX>30 rising, first pullback to EMA20, buy stop, 20-bar high target)",META,stock,M5,350,67.60312004230566,-0.13283304870128632,-1.6151108793455333,0.3457142857142857,0.08282951265573502,-0.1350296288728714,-0.13080544769763947,-0.17566044628620148,-0.09330009669065475,1/6,-0.32801225781440735,0.1666666716337204,2.0241000652313232,False
"Holy Grail (ADX>30 rising, first pullback to EMA20, buy stop, 20-bar high target)",META,stock,M15,139,26.96216144450345,-0.030814548954367638,-0.21628579025644437,0.35251798561151076,-0.16219379007816315,0.21364794671535492,-0.211105614900589,0.18866953253746033,-0.25347957015037537,4/6,-0.7547115087509155,1.25,2.0959999561309814,False
"Holy Grail (ADX>30 rising, first pullback to EMA20, buy stop, 20-bar high target)",META,stock,M30,97,18.925881410256412,0.09086225181818008,0.5680228601474107,0.422680412371134,-0.012402168475091457,-0.07057548314332962,0.23647277057170868,0.2856886088848114,-0.11639981716871262,3/6,-0.7520496249198914,18.0,1.7616279125213623,False
"Holy Grail (ADX>30 rising, first pullback to EMA20, buy stop, 20-bar high target)",META,stock,H1,45,9.13632573652029,-0.4110497832298279,-2.2672579719537285,0.24444444444444444,0.4528007209300995,-0.49122926592826843,-0.2789895236492157,-0.3215843737125397,-0.4604099988937378,1/6,-1.0270962715148926,21.83333396911621,1.8584269285202026,False
"Holy Grail (ADX>30 rising, first pullback to EMA20, buy stop, 20-bar high target)",META,stock,H4,10,2.3443517329910137,0.029059862717986107,0.08571595644063378,0.5,-0.23174318671226501,0.2966298460960388,-0.037832632660865784,-0.06873729825019836,0.05350915342569351,3/5,-1.0020594596862793,85.75,2.528320789337158,False
"Holy Grail (ADX>30 rising, first pullback to EMA20, buy stop, 20-bar high target)",META,stock,D1,3,,,,,,,,,,,,,,
"Holy Grail (ADX>30 rising, first pullback to EMA20, buy stop, 20-bar high target)",MSFT,stock,M5,710,60.61886395511921,-0.38554030656814575,-8.166531366423646,0.271830985915493,-0.013659988529980183,-0.38768404722213745,-0.3836035132408142,-0.37180009484291077,-0.43354400992393494,0/11,-0.7297531366348267,0.1666666716337204,1.8325083255767822,False
"Holy Grail (ADX>30 rising, first pullback to EMA20, buy stop, 20-bar high target)",MSFT,stock,M15,271,23.170119382022474,-0.1748185157775879,-1.9821823780029466,0.33579335793357934,0.03434799611568451,-0.0644436776638031,-0.3037363588809967,-0.18049468100070953,-0.15442274510860443,3/11,-0.586661159992218,0.9166666865348816,1.8918918371200562,False
"Holy Grail (ADX>30 rising, first pullback to EMA20, buy stop, 20-bar high target)",MSFT,stock,M30,199,16.97845129642607,-0.06549682468175888,-0.6426222046687105,0.38190954773869346,-0.1314501017332077,0.14168855547904968,-0.28336188197135925,0.005443234462291002,-0.3153993785381317,5/11,-0.7880082726478577,2.6666667461395264,1.7724138498306274,False
"Holy Grail (ADX>30 rising, first pullback to EMA20, buy stop, 20-bar high target)",MSFT,stock,H1,82,7.050494350282486,0.027685584500432014,0.163708340496815,0.4024390243902439,-0.0017766327364370227,0.15947866439819336,-0.12491699308156967,0.0971197858452797,-0.1616804450750351,7/11,-1.0168219804763794,19.125,2.151940107345581,False
"Holy Grail (ADX>30 rising, first pullback to EMA20, buy stop, 20-bar high target)",MSFT,stock,H4,22,2.1140489344909232,-0.31433388590812683,-1.412972840944271,0.3181818181818182,-0.43788301944732666,-0.33411797881126404,-0.305101215839386,-0.3413187861442566,-0.24237406253814697,2/11,-1.0220327377319336,36.58333206176758,2.397294044494629,False
"Holy Grail (ADX>30 rising, first pullback to EMA20, buy stop, 20-bar high target)",MSFT,stock,D1,8,,,,,,,,,,,,,,
"Holy Grail (ADX>30 rising, first pullback to EMA20, buy stop, 20-bar high target)",MSTR,stock,M5,227,46.21613712374582,0.1796444058418274,1.0230560833070557,0.34801762114537443,0.2140970230102539,0.26492416858673096,0.09360994398593903,0.6618214845657349,-0.09827710688114166,3/6,-1.010068655014038,0.3333333432674408,2.1818182468414307,False
"Holy Grail (ADX>30 rising, first pullback to EMA20, buy stop, 20-bar high target)",MSTR,stock,M15,97,20.14169982944855,0.22330500185489655,1.1414809553285945,0.4020618556701031,-0.09749401360750198,0.17793475091457367,0.2594331204891205,0.5382320880889893,0.011543677188456059,4/6,-0.45450443029403687,1.0833333730697632,2.0714285373687744,False
"Holy Grail (ADX>30 rising, first pullback to EMA20, buy stop, 20-bar high target)",MSTR,stock,M30,85,18.05014534883721,0.11820484697818756,0.6191487069993297,0.4,0.011666770093142986,0.36330926418304443,-0.06187186762690544,0.36381056904792786,-0.037660323083400726,3/6,-0.3025429844856262,2.8333332538604736,2.1282050609588623,False
"Holy Grail (ADX>30 rising, first pullback to EMA20, buy stop, 20-bar high target)",MSTR,stock,H1,30,6.28657487091222,0.16156576573848724,0.4790389857406591,0.3333333333333333,0.35077571868896484,0.48749950528144836,-0.32733479142189026,0.5627802610397339,-0.44025591015815735,3/6,-1.0465986728668213,21.875,2.3444442749023438,False
"Holy Grail (ADX>30 rising, first pullback to EMA20, buy stop, 20-bar high target)",MSTR,stock,H4,13,3.463347921225383,0.43957361578941345,0.8739259045443752,0.5384615384615384,-0.15836693346500397,0.04497659206390381,0.8999367356300354,0.527508556842804,0.41319313645362854,3/5,-1.0182301998138428,54.91666793823242,2.416426420211792,False
"Holy Grail (ADX>30 rising, first pullback to EMA20, buy stop, 20-bar high target)",MSTR,stock,D1,2,,,,,,,,,,,,,,
"Holy Grail (ADX>30 rising, first pullback to EMA20, buy stop, 20-bar high target)",N25.cash,index,M5,613,105.2648095909732,-1.1603360176086426,-15.87118996000715,0.2463295269168026,-1.0678755044937134,-1.0772783756256104,-1.2248564958572388,-0.43386656045913696,-1.5905570983886719,0/7,-2.244539737701416,0.1666666716337204,1.7999999523162842,False
"Holy Grail (ADX>30 rising, first pullback to EMA20, buy stop, 20-bar high target)",N25.cash,index,M15,214,36.86957547169811,-0.6709470152854919,-5.874265920075964,0.27102803738317754,-0.349185585975647,-0.6575120091438293,-0.6801505088806152,-0.38309451937675476,-0.8719868659973145,1/7,-1.4892150163650513,0.6666666865348816,2.2557666301727295,False
"Holy Grail (ADX>30 rising, first pullback to EMA20, buy stop, 20-bar high target)",N25.cash,index,M30,124,21.36367924528302,-0.37299495935440063,-2.647242401115152,0.3548387096774194,-0.22195304930210114,-0.46157050132751465,-0.3170525133609772,0.06970158219337463,-0.5916762948036194,2/7,-1.0643905401229858,1.0,1.9935882091522217,False
"Holy Grail (ADX>30 rising, first pullback to EMA20, buy stop, 20-bar high target)",N25.cash,index,H1,60,10.470616340181557,0.146366149187088,0.663776522393105,0.48333333333333334,-0.5957328677177429,0.4212285876274109,-0.07852121442556381,0.5238468647003174,-0.2067609280347824,5/7,-0.43205857276916504,2.5416665077209473,2.070833444595337,False
"Holy Grail (ADX>30 rising, first pullback to EMA20, buy stop, 20-bar high target)",N25.cash,index,H4,21,3.8524610748367656,0.5991564393043518,1.733131605207056,0.6190476190476191,-0.5648864507675171,0.6231924891471863,0.5773054957389832,0.8174166083335876,0.4648425281047821,5/6,-0.036950282752513885,14.0,1.525106430053711,False
"Holy Grail (ADX>30 rising, first pullback to EMA20, buy stop, 20-bar high target)",N25.cash,index,D1,5,,,,,,,,,,,,,,
"Holy Grail (ADX>30 rising, first pullback to EMA20, buy stop, 20-bar high target)",NATGAS.cash,energy,M5,697,356.0548951048951,-11.450337409973145,-25.50779337523691,0.0014347202295552368,-11.332986831665039,-11.282936096191406,-11.609766006469727,,-11.450337409973145,0/3,-15.154444694519043,0.1666666716337204,1.75,False
"Holy Grail (ADX>30 rising, first pullback to EMA20, buy stop, 20-bar high target)",NATGAS.cash,energy,M15,218,114.07521489971347,-4.895274639129639,-14.241771174433918,0.045871559633027525,-4.938754081726074,-5.060737133026123,-4.741525650024414,,-4.895274639129639,0/3,-6.246858596801758,0.5833333134651184,1.390096664428711,False
"Holy Grail (ADX>30 rising, first pullback to EMA20, buy stop, 20-bar high target)",NATGAS.cash,energy,M30,116,60.01274787535411,-2.882405996322632,-10.429605889659888,0.11206896551724138,-2.8089985847473145,-2.407573699951172,-3.3105335235595703,,-2.882405996322632,0/3,-4.256480693817139,1.0,1.300943374633789,False
"Holy Grail (ADX>30 rising, first pullback to EMA20, buy stop, 20-bar high target)",NATGAS.cash,energy,H1,51,26.53525641025641,-1.525958776473999,-4.612623161260471,0.13725490196078433,-1.7336783409118652,-1.536863923072815,-1.5126831531524658,,-1.525958776473999,0/3,-3.044992446899414,2.5,1.4642857313156128,False
"Holy Grail (ADX>30 rising, first pullback to EMA20, buy stop, 20-bar high target)",NATGAS.cash,energy,H4,19,11.12139423076923,-1.0139849185943604,-1.8260364857136224,0.21052631578947367,-1.2964726686477661,-1.8249725103378296,-0.42417576909065247,,-1.0139849185943604,1/3,-2.3412058353424072,8.75,3.615384578704834,False
"Holy Grail (ADX>30 rising, first pullback to EMA20, buy stop, 20-bar high target)",NATGAS.cash,energy,D1,4,,,,,,,,,,,,,,
"Holy Grail (ADX>30 rising, first pullback to EMA20, buy stop, 20-bar high target)",NFLX,stock,M5,416,80.43620963472738,-0.4879569411277771,-6.776519109250411,0.27163461538461536,-0.186148002743721,-0.5483816266059875,-0.4400339126586914,-0.20823785662651062,-0.739576518535614,1/6,-1.375928282737732,0.1666666716337204,1.75,False
"Holy Grail (ADX>30 rising, first pullback to EMA20, buy stop, 20-bar high target)",NFLX,stock,M15,140,27.069878242456326,-0.1487773060798645,-1.1905554402022696,0.38571428571428573,-0.16658711433410645,-0.1222398653626442,-0.18521009385585785,0.019525466486811638,-0.32195845246315,3/6,-0.8676337003707886,0.9166666865348816,1.6691176891326904,False
"Holy Grail (ADX>30 rising, first pullback to EMA20, buy stop, 20-bar high target)",NFLX,stock,M30,89,17.383556149732623,-0.026673825457692146,-0.1704634571679674,0.42696629213483145,-0.10173953324556351,-0.11552508175373077,0.0683763325214386,0.05070800706744194,-0.09900904446840286,2/6,-0.5064250826835632,3.4166667461395264,1.75,False
"Holy Grail (ADX>30 rising, first pullback to EMA20, buy stop, 20-bar high target)",NFLX,stock,H1,42,8.857101616628176,0.31398189067840576,1.344426390245925,0.5238095238095238,-0.274779349565506,0.5491013526916504,0.07886246591806412,0.09081526100635529,0.4513152241706848,4/6,-1.0045620203018188,22.541667938232422,1.7127550840377808,False
"Holy Grail (ADX>30 rising, first pullback to EMA20, buy stop, 20-bar high target)",NFLX,stock,H4,9,,,,,,,,,,,,,,
"Holy Grail (ADX>30 rising, first pullback to EMA20, buy stop, 20-bar high target)",NFLX,stock,D1,4,,,,,,,,,,,,,,
"Holy Grail (ADX>30 rising, first pullback to EMA20, buy stop, 20-bar high target)",NKE,stock,M5,344,57.95479704797047,-0.20660936832427979,-2.323940422497034,0.31976744186046513,-0.16909068822860718,-0.15937070548534393,-0.25015339255332947,-0.011968686245381832,-0.3681197762489319,2/7,-0.9929576516151428,0.1666666716337204,2.069047451019287,False
"Holy Grail (ADX>30 rising, first pullback to EMA20, buy stop, 20-bar high target)",NKE,stock,M15,125,21.205875522526707,0.02281293086707592,0.17810761190277583,0.424,0.07485945522785187,0.3199754059314728,-0.3433336913585663,0.1698162853717804,-0.14163155853748322,5/7,-0.4409988820552826,0.6666666865348816,1.7777777910232544,False
"Holy Grail (ADX>30 rising, first pullback to EMA20, buy stop, 20-bar high target)",NKE,stock,M30,99,17.210732984293195,-0.17222286760807037,-1.2070262592568644,0.3333333333333333,0.21419408917427063,-0.2217264324426651,-0.12925748527050018,-0.29613685607910156,-0.05559792369604111,1/7,-1.0063259601593018,3.0,1.9375,False
"Holy Grail (ADX>30 rising, first pullback to EMA20, buy stop, 20-bar high target)",NKE,stock,H1,36,6.190677966101695,-0.1842850297689438,-0.6788688004016876,0.25,-0.040748387575149536,-0.08314724266529083,-0.25652632117271423,-0.005733847618103027,-0.32712599635124207,3/7,-1.2296167612075806,23.5,2.5520362854003906,False
"Holy Grail (ADX>30 rising, first pullback to EMA20, buy stop, 20-bar high target)",NKE,stock,H4,6,,,,,,,,,,,,,,
"Holy Grail (ADX>30 rising, first pullback to EMA20, buy stop, 20-bar high target)",NKE,stock,D1,3,,,,,,,,,,,,,,
"Holy Grail (ADX>30 rising, first pullback to EMA20, buy stop, 20-bar high target)",NVDA,stock,M5,336,65.10557029177718,-0.09876082092523575,-1.2396043628622073,0.37797619047619047,-0.13165412843227386,-0.10722161829471588,-0.09151540696620941,-0.07095861434936523,-0.13122665882110596,2/6,-0.5379956960678101,0.21666666865348816,1.9417693614959717,False
"Holy Grail (ADX>30 rising, first pullback to EMA20, buy stop, 20-bar high target)",NVDA,stock,M15,143,28.035829307568438,0.037980351597070694,0.2573847371460632,0.38461538461538464,-0.10076120495796204,0.024070745334029198,0.049571700394153595,-0.11170515418052673,0.25734713673591614,3/6,-0.37036794424057007,1.3833333253860474,1.8666666746139526,False
"Holy Grail (ADX>30 rising, first pullback to EMA20, buy stop, 20-bar high target)",NVDA,stock,M30,89,17.46762493283181,0.1663937121629715,0.9504537709114232,0.43820224719101125,-0.15357793867588043,-0.002054500626400113,0.30390238761901855,0.17100510001182556,0.1624547690153122,4/6,-0.3826666474342346,4.416666507720947,1.6575342416763306,False
"Holy Grail (ADX>30 rising, first pullback to EMA20, buy stop, 20-bar high target)",NVDA,stock,H1,41,8.046883396023643,-0.14842098951339722,-0.6413933306296864,0.34146341463414637,-0.15746992826461792,-0.5478286743164062,0.2319672703742981,-0.36908766627311707,0.1070878654718399,2/6,-0.6706096529960632,21.616666793823242,1.715596318244934,False
"Holy Grail (ADX>30 rising, first pullback to EMA20, buy stop, 20-bar high target)",NVDA,stock,H4,8,,,,,,,,,,,,,,
"Holy Grail (ADX>30 rising, first pullback to EMA20, buy stop, 20-bar high target)",NVDA,stock,D1,2,,,,,,,,,,,,,,
"Holy Grail (ADX>30 rising, first pullback to EMA20, buy stop, 20-bar high target)",NZDCAD,fx,M15,1501,127.67588495575221,-0.6222563982009888,-11.22651212097999,0.29513657561625584,-0.4914650022983551,-0.7779245972633362,-0.5081116557121277,-0.5580909848213196,-0.8309301733970642,0/12,-0.938764750957489,0.5,1.8055555820465088,False
"Holy Grail (ADX>30 rising, first pullback to EMA20, buy stop, 20-bar high target)",NZDCAD,fx,M30,782,66.76612903225806,-0.309317946434021,-5.564522899513822,0.3721227621483376,-0.24457485973834991,-0.4419313371181488,-0.21986781060695648,-0.26242461800575256,-0.46391138434410095,0/12,-0.7393360733985901,1.25,1.6442022323608398,False
"Holy Grail (ADX>30 rising, first pullback to EMA20, buy stop, 20-bar high target)",NZDCAD,fx,H1,427,36.34624796084829,-0.26349595189094543,-3.7489469782025555,0.3700234192037471,-0.14546507596969604,-0.30255815386772156,-0.23790870606899261,-0.17167094349861145,-0.5450927019119263,3/12,-0.8388528823852539,2.75,1.6907216310501099,False
"Holy Grail (ADX>30 rising, first pullback to EMA20, buy stop, 20-bar high target)",NZDCAD,fx,H4,119,10.181482782853127,-0.12404037266969681,-0.8976739506159446,0.37815126050420167,-0.18819010257720947,-0.1471710354089737,-0.11047037690877914,-0.2589595317840576,0.3356840908527374,4/12,-1.0233187675476074,9.0,1.892215609550476,False
"Holy Grail (ADX>30 rising, first pullback to EMA20, buy stop, 20-bar high target)",NZDCAD,fx,D1,21,2.0094969871626933,-0.47471219301223755,-2.364434942082757,0.2857142857142857,0.0013630787143483758,-0.8454729914665222,-0.1376568228006363,-0.5001243352890015,-0.4238876700401306,2/11,-1.0923547744750977,83.5,1.3528399467468262,False
"Holy Grail (ADX>30 rising, first pullback to EMA20, buy stop, 20-bar high target)",NZDCHF,fx,M15,1488,126.59958071278827,-0.8929469585418701,-20.857872579156396,0.2661290322580645,-0.7195842862129211,-0.922283947467804,-0.8753951787948608,-0.9542593359947205,-0.7141730785369873,0/12,-1.4316422939300537,0.5,1.8750648498535156,False
"Holy Grail (ADX>30 rising, first pullback to EMA20, buy stop, 20-bar high target)",NZDCHF,fx,M30,840,71.50081566068516,-0.542896568775177,-9.51605976966464,0.3011904761904762,-0.3629259467124939,-0.5790818333625793,-0.5230013728141785,-0.6499740481376648,-0.13892243802547455,1/12,-1.068025827407837,1.25,1.7141025066375732,False
"Holy Grail (ADX>30 rising, first pullback to EMA20, buy stop, 20-bar high target)",NZDCHF,fx,H1,387,33.11120871398454,-0.3567974865436554,-4.418113377115695,0.330749354005168,-0.32590028643608093,-0.645270586013794,-0.23179249465465546,-0.37958306074142456,-0.2826818823814392,3/12,-0.7057507038116455,2.5,1.756972074508667,False
"Holy Grail (ADX>30 rising, first pullback to EMA20, buy stop, 20-bar high target)",NZDCHF,fx,H4,108,9.242502343017808,-0.17807799577713013,-1.1857084978378414,0.4074074074074074,-0.2045905888080597,-0.5391390323638916,-0.09601866453886032,-0.14523111283779144,-0.3226042687892914,4/12,-1.1716151237487793,9.0,2.0623645782470703,False
"Holy Grail (ADX>30 rising, first pullback to EMA20, buy stop, 20-bar high target)",NZDCHF,fx,D1,8,,,,,,,,,,,,,,
"Holy Grail (ADX>30 rising, first pullback to EMA20, buy stop, 20-bar high target)",NZDJPY,fx,M15,1368,116.38993710691824,-0.44631654024124146,-9.884693020826377,0.3362573099415205,-0.42390933632850647,-0.5222119688987732,-0.3907879889011383,-0.44721511006355286,-0.4433615803718567,0/12,-1.0312492847442627,0.5,1.723609209060669,False
"Holy Grail (ADX>30 rising, first pullback to EMA20, buy stop, 20-bar high target)",NZDJPY,fx,M30,810,69.17290156651859,-0.2741609513759613,-4.992164161126443,0.36666666666666664,-0.2702886760234833,-0.386214941740036,-0.19712381064891815,-0.2922833263874054,-0.21777009963989258,1/12,-0.46936988830566406,1.25,1.6719800233840942,False
"Holy Grail (ADX>30 rising, first pullback to EMA20, buy stop, 20-bar high target)",NZDJPY,fx,H1,440,37.57540332008417,-0.12507617473602295,-1.8493057243480062,0.41363636363636364,-0.08753543347120285,-0.03845565393567085,-0.18120107054710388,-0.09237802773714066,-0.23205944895744324,4/12,-0.440500408411026,3.0,1.8221805095672607,False
"Holy Grail (ADX>30 rising, first pullback to EMA20, buy stop, 20-bar high target)",NZDJPY,fx,H4,96,8.190609670637702,-0.05019361898303032,-0.358345792956068,0.4270833333333333,-0.015068255364894867,-0.04281751811504364,-0.05423855409026146,-0.004064268432557583,-0.18858163058757782,6/12,-0.7544142603874207,9.875,1.727552890777588,False
"Holy Grail (ADX>30 rising, first pullback to EMA20, buy stop, 20-bar high target)",NZDJPY,fx,D1,12,1.1485849056603774,-0.2878169119358063,-0.7097308141072548,0.25,0.17706499993801117,-1.0250451564788818,-0.04207420349121094,-0.25662004947662354,-0.35021069645881653,3/9,-1.1842033863067627,78.75,1.9832051992416382,False
"Holy Grail (ADX>30 rising, first pullback to EMA20, buy stop, 20-bar high target)",NZDUSD,fx,M15,1336,113.69384902143523,-0.44884055852890015,-10.514813192666171,0.33308383233532934,-0.43750086426734924,-0.4706643223762512,-0.4308329224586487,-0.4587513506412506,-0.4187486171722412,0/12,-0.6795216202735901,0.5,1.8539403676986694,False
"Holy Grail (ADX>30 rising, first pullback to EMA20, buy stop, 20-bar high target)",NZDUSD,fx,M30,792,67.493700419972,-0.3021051287651062,-5.879096824487718,0.35984848484848486,-0.2771861255168915,-0.265188604593277,-0.33209457993507385,-0.27578574419021606,-0.399128794670105,1/12,-0.5482202172279358,1.5,1.7303030490875244,False
"Holy Grail (ADX>30 rising, first pullback to EMA20, buy stop, 20-bar high target)",NZDUSD,fx,H1,400,34.199438202247194,-0.24724774062633514,-3.696739673614502,0.3825,-0.24119125306606293,-0.2531885504722595,-0.24272015690803528,-0.259773313999176,-0.19791863858699799,2/12,-0.5439217686653137,3.25,1.778594732284546,False
"Holy Grail (ADX>30 rising, first pullback to EMA20, buy stop, 20-bar high target)",NZDUSD,fx,H4,85,7.429109834888729,-0.21138045191764832,-1.340437985079756,0.32941176470588235,-0.11880302429199219,-0.11001522839069366,-0.2666706144809723,-0.27616003155708313,-0.08628885447978973,4/12,-1.0507683753967285,9.0,2.1632652282714844,False
"Holy Grail (ADX>30 rising, first pullback to EMA20, buy stop, 20-bar high target)",NZDUSD,fx,D1,17,1.62630958617077,-0.14464908838272095,-0.45941027551931035,0.4117647058823529,-0.023352110758423805,-0.0471259206533432,-0.25436270236968994,-0.3474431037902832,0.8017227649688721,4/10,-1.074946403503418,40.25,1.7436399459838867,False
"Holy Grail (ADX>30 rising, first pullback to EMA20, buy stop, 20-bar high target)",PFE,stock,M5,388,74.94288736118456,-1.4038360118865967,-11.548422262330032,0.22164948453608246,-1.0440998077392578,-1.5614720582962036,-1.2571794986724854,-0.4209077060222626,-2.2198517322540283,0/6,-2.7416133880615234,0.1666666716337204,1.7681992053985596,False
"Holy Grail (ADX>30 rising, first pullback to EMA20, buy stop, 20-bar high target)",PFE,stock,M15,142,27.427551560021154,-0.602740466594696,-4.652861318221645,0.2676056338028169,-0.46621978282928467,-0.3430795967578888,-0.8413478136062622,-0.27860701084136963,-0.8922997117042542,1/6,-1.1984338760375977,1.2916667461395264,2.0227272510528564,False
"Holy Grail (ADX>30 rising, first pullback to EMA20, buy stop, 20-bar high target)",PFE,stock,M30,99,19.2852,-0.28316378593444824,-1.6737150693391545,0.3838383838383838,-0.1309085190296173,-0.22021989524364471,-0.3473922312259674,-0.1066398099064827,-0.4427143335342407,2/6,-1.0000070333480835,3.0,1.7692307233810425,False
"Holy Grail (ADX>30 rising, first pullback to EMA20, buy stop, 20-bar high target)",PFE,stock,H1,42,8.38737014762165,-0.3282652497291565,-1.6371788895034753,0.35714285714285715,-0.20859257876873016,-0.13674862682819366,-0.45849648118019104,0.07724914699792862,-0.6632553935050964,1/6,-0.8726089596748352,21.75,1.85665762424469,False
"Holy Grail (ADX>30 rising, first pullback to EMA20, buy stop, 20-bar high target)",PFE,stock,H4,10,2.1510600706713783,0.09156809002161026,0.2032189370350342,0.5,0.03737189993262291,0.30112555623054504,-0.22276818752288818,-0.5876210927963257,0.770757257938385,2/5,-1.252097487449646,24.666667938232422,2.5729165077209473,False
"Holy Grail (ADX>30 rising, first pullback to EMA20, buy stop, 20-bar high target)",PFE,stock,D1,1,,,,,,,,,,,,,,
"Holy Grail (ADX>30 rising, first pullback to EMA20, buy stop, 20-bar high target)",PLTR,stock,M5,312,53.55169172932331,-0.16926005482673645,-1.9565879429750395,0.2948717948717949,0.06714597344398499,-0.01004188321530819,-0.326449990272522,-0.17526909708976746,-0.1612779200077057,2/7,-0.44185057282447815,0.1666666716337204,2.25,False
"Holy Grail (ADX>30 rising, first pullback to EMA20, buy stop, 20-bar high target)",PLTR,stock,M15,128,22.146849834201802,0.2244572788476944,1.3819559661031002,0.4375,0.030225330963730812,0.3055666983127594,0.14584355056285858,0.286996990442276,0.14404909312725067,5/7,-1.005553960800171,1.0,2.0467004776000977,False
"Holy Grail (ADX>30 rising, first pullback to EMA20, buy stop, 20-bar high target)",PLTR,stock,M30,96,16.586565752128664,0.10891145467758179,0.5103904324429324,0.40625,0.1863432377576828,0.03937918692827225,0.2300962656736374,-0.21717019379138947,0.5463380217552185,4/7,-0.7136476039886475,3.875,1.815523624420166,False
"Holy Grail (ADX>30 rising, first pullback to EMA20, buy stop, 20-bar high target)",PLTR,stock,H1,61,10.716810966810968,0.09880628436803818,0.5403151428343551,0.4262295081967213,-0.0037889969535171986,0.10477882623672485,0.08959860354661942,0.27817004919052124,-0.127059206366539,3/6,-0.5026017427444458,21.58333396911621,1.9677419662475586,False
"Holy Grail (ADX>30 rising, first pullback to EMA20, buy stop, 20-bar high target)",PLTR,stock,H4,18,3.3356164383561646,0.913772463798523,1.0545427885261318,0.5,-0.15428689122200012,1.7717440128326416,-0.15869197249412537,1.7271095514297485,-0.10289865732192993,2/6,-1.0028719902038574,51.75,2.1083333492279053,False
"Holy Grail (ADX>30 rising, first pullback to EMA20, buy stop, 20-bar high target)",PLTR,stock,D1,5,,,,,,,,,,,,,,
"Holy Grail (ADX>30 rising, first pullback to EMA20, buy stop, 20-bar high target)",QCOM,stock,M5,325,54.55250459558823,-0.18452246487140656,-2.274256485064538,0.31384615384615383,-0.08914680033922195,-0.23020800948143005,-0.14076343178749084,-0.15475544333457947,-0.21968349814414978,0/7,-0.5970135927200317,0.1666666716337204,2.1481480598449707,False
"Holy Grail (ADX>30 rising, first pullback to EMA20, buy stop, 20-bar high target)",QCOM,stock,M15,130,22.013212795549375,-0.07388261705636978,-0.5506473245171702,0.34615384615384615,0.1424347460269928,0.18161192536354065,-0.35410240292549133,-0.12382091581821442,-0.005784916691482067,2/7,-0.29961463809013367,0.8333333134651184,1.957965612411499,False
"Holy Grail (ADX>30 rising, first pullback to EMA20, buy stop, 20-bar high target)",QCOM,stock,M30,80,13.527777777777779,-0.32953500747680664,-2.7361408090533788,0.3125,0.10467036068439484,-0.43769827485084534,-0.18319648504257202,-0.34922322630882263,-0.3125939667224884,0/7,-0.6986662745475769,2.875,1.7070868015289307,False
"Holy Grail (ADX>30 rising, first pullback to EMA20, buy stop, 20-bar high target)",QCOM,stock,H1,47,8.01435574229692,0.4674605429172516,1.3907010958959571,0.40425531914893614,0.010184740647673607,0.8004458546638489,0.11999766528606415,-0.20774783194065094,1.1720257997512817,5/7,-1.0060791969299316,5.083333492279053,2.322580575942993,False
"Holy Grail (ADX>30 rising, first pullback to EMA20, buy stop, 20-bar high target)",QCOM,stock,H4,12,2.784625158831004,-0.014589577913284302,-0.0314027824047444,0.3333333333333333,-0.3769401013851166,-0.4166942536830902,0.27262797951698303,0.528123140335083,-0.5573022961616516,1/3,-1.0022152662277222,36.041664123535156,2.0507214069366455,False
"Holy Grail (ADX>30 rising, first pullback to EMA20, buy stop, 20-bar high target)",QCOM,stock,D1,6,,,,,,,,,,,,,,
"Holy Grail (ADX>30 rising, first pullback to EMA20, buy stop, 20-bar high target)",SOYBEAN.c,soft,M5,759,239.39961139896374,-2.8288276195526123,-24.331929162033234,0.13175230566534915,-2.680058717727661,-2.8957583904266357,-2.7681195735931396,-0.3387090861797333,-3.180814504623413,0/4,-4.27410364151001,0.1666666716337204,1.75,False
"Holy Grail (ADX>30 rising, first pullback to EMA20, buy stop, 20-bar high target)",SOYBEAN.c,soft,M15,257,81.83892763731474,-1.1266005039215088,-10.699599065357429,0.2723735408560311,-1.0899970531463623,-1.2380313873291016,-1.0089296102523804,-0.4653976559638977,-1.2274117469787598,0/4,-1.7067129611968994,0.5833333134651184,1.3888888359069824,False
"Holy Grail (ADX>30 rising, first pullback to EMA20, buy stop, 20-bar high target)",SOYBEAN.c,soft,M30,131,41.6429503916449,-0.9006230235099792,-6.582915978734307,0.2748091603053435,-0.9972836971282959,-1.0313928127288818,-0.7458785772323608,-0.45671045780181885,-0.9759295582771301,0/4,-1.2973744869232178,2.0,1.81067955493927,False
"Holy Grail (ADX>30 rising, first pullback to EMA20, buy stop, 20-bar high target)",SOYBEAN.c,soft,H1,86,28.60792349726776,-0.22495824098587036,-1.0948784323892429,0.4069767441860465,-1.032231330871582,-0.19179686903953552,-0.2688747048377991,0.16735734045505524,-0.2708132863044739,2/4,-0.7077875137329102,7.7083330154418945,1.9796701669692993,False
"Holy Grail (ADX>30 rising, first pullback to EMA20, buy stop, 20-bar high target)",SOYBEAN.c,soft,H4,23,8.124516441005802,0.22163793444633484,0.44871816317717017,0.391304347826087,-0.7355990409851074,-0.023495307192206383,0.5403110980987549,-0.1881783902645111,0.2606680393218994,2/4,-0.1881783902645111,13.0,3.367521286010742,False
"Holy Grail (ADX>30 rising, first pullback to EMA20, buy stop, 20-bar high target)",SOYBEAN.c,soft,D1,1,,,,,,,,,,,,,,
"Holy Grail (ADX>30 rising, first pullback to EMA20, buy stop, 20-bar high target)",SPN35.cash,index,M5,555,108.98588709677419,-0.8314870595932007,-11.98644267207455,0.2990990990990991,-0.7327918410301208,-0.7394640445709229,-0.9031587243080139,-0.8619617223739624,-0.8061417937278748,0/6,-1.101088047027588,0.1666666716337204,1.9802955389022827,False
"Holy Grail (ADX>30 rising, first pullback to EMA20, buy stop, 20-bar high target)",SPN35.cash,index,M15,262,52.26406335335882,-0.45501866936683655,-4.805369651724188,0.3282442748091603,-0.6047301888465881,-0.2581395208835602,-0.6138797998428345,-0.6880515813827515,-0.2890017628669739,1/6,-1.0058976411819458,0.6666666865348816,2.224543571472168,False
"Holy Grail (ADX>30 rising, first pullback to EMA20, buy stop, 20-bar high target)",SPN35.cash,index,M30,139,27.532402386117138,-0.23148877918720245,-1.7591491341783405,0.38848920863309355,-0.6318141222000122,0.11856020987033844,-0.576537013053894,-0.18999083340168,-0.2723938822746277,1/6,-0.7535697221755981,1.5833333730697632,2.302201509475708,False
"Holy Grail (ADX>30 rising, first pullback to EMA20, buy stop, 20-bar high target)",SPN35.cash,index,H1,68,13.914285714285715,-0.15665645897388458,-0.7590334032338222,0.38235294117647056,-0.29680728912353516,-0.3592093586921692,-0.006040224805474281,0.06875994801521301,-0.4102499186992645,3/6,-0.4801607131958008,3.7916667461395264,2.199683427810669,False
"Holy Grail (ADX>30 rising, first pullback to EMA20, buy stop, 20-bar high target)",SPN35.cash,index,H4,11,3.558680248007086,0.008111444301903248,0.011517423656258604,0.2727272727272727,0.40241268277168274,-0.6001968383789062,0.3557162880897522,0.1614743024110794,-0.4008561670780182,2/4,-1.1509594917297363,18.5,2.31463885307312,False
"Holy Grail (ADX>30 rising, first pullback to EMA20, buy stop, 20-bar high target)",SPN35.cash,index,D1,4,,,,,,,,,,,,,,
"Holy Grail (ADX>30 rising, first pullback to EMA20, buy stop, 20-bar high target)",SUGAR.c,soft,M5,265,143.8205794947994,-6.8652472496032715,-14.792367132255485,0.026415094339622643,-6.608272075653076,-8.734594345092773,-5.837653636932373,,-6.8652472496032715,0/3,-7.830815315246582,0.0833333358168602,2.0,False
"Holy Grail (ADX>30 rising, first pullback to EMA20, buy stop, 20-bar high target)",SUGAR.c,soft,M15,91,49.09564254062038,-4.791445732116699,-8.277747044914932,0.054945054945054944,-4.741306304931641,-5.731001853942871,-4.373865127563477,,-4.791445732116699,0/3,-8.145344734191895,0.4166666567325592,2.0,False
"Holy Grail (ADX>30 rising, first pullback to EMA20, buy stop, 20-bar high target)",SUGAR.c,soft,M30,34,20.22557003257329,-2.9910099506378174,-4.191949661500614,0.11764705882352941,-2.6928040981292725,-3.1209285259246826,-2.8755264282226562,,-2.9910099506378174,0/3,-14.47583293914795,1.875,1.6124999523162842,False
"Holy Grail (ADX>30 rising, first pullback to EMA20, buy stop, 20-bar high target)",SUGAR.c,soft,H1,17,10.31436877076412,-2.627333879470825,-3.9067324877378384,0.17647058823529413,-3.9247517585754395,-2.673689842224121,-2.5423481464385986,,-2.627333879470825,0/3,-5.580834865570068,16.08333396911621,3.4000000953674316,False
"Holy Grail (ADX>30 rising, first pullback to EMA20, buy stop, 20-bar high target)",SUGAR.c,soft,H4,6,,,,,,,,,,,,,,
"Holy Grail (ADX>30 rising, first pullback to EMA20, buy stop, 20-bar high target)",T,stock,M5,326,62.210815047021946,-1.7803689241409302,-16.20404251927169,0.13803680981595093,-1.2751864194869995,-1.8887388706207275,-1.6450937986373901,-1.046040654182434,-2.347078800201416,0/6,-2.923522472381592,0.1666666716337204,1.8819444179534912,False
"Holy Grail (ADX>30 rising, first pullback to EMA20, buy stop, 20-bar high target)",T,stock,M15,153,29.614864864864867,-1.1278281211853027,-8.637079679619825,0.20261437908496732,-0.9183330535888672,-1.2713090181350708,-1.0160462856292725,-0.6745980978012085,-1.4283393621444702,0/6,-1.6952877044677734,0.5833333134651184,2.0,False
"Holy Grail (ADX>30 rising, first pullback to EMA20, buy stop, 20-bar high target)",T,stock,M30,95,18.291381128096997,0.0167413130402565,0.07369969735087259,0.4,-0.40839073061943054,0.29147595167160034,-0.22028468549251556,0.5007003545761108,-0.3834556043148041,2/6,-0.5346140265464783,3.5833332538604736,1.875,False
"Holy Grail (ADX>30 rising, first pullback to EMA20, buy stop, 20-bar high target)",T,stock,H1,50,10.140199888950583,-0.16046783328056335,-0.8211305068997079,0.44,-0.36507633328437805,0.020979205146431923,-0.3279573619365692,-0.46147406101226807,0.07603706419467926,2/6,-0.7498584985733032,22.08333396911621,2.0096492767333984,False
"Holy Grail (ADX>30 rising, first pullback to EMA20, buy stop, 20-bar high target)",T,stock,H4,15,3.1200170842824604,0.21929235756397247,0.6014640075123034,0.4666666666666667,0.09779144078493118,0.8241361379623413,-0.08312954753637314,0.18144266307353973,0.2760668396949768,5/6,-0.022458508610725403,48.75,2.269230842590332,False
"Holy Grail (ADX>30 rising, first pullback to EMA20, buy stop, 20-bar high target)",T,stock,D1,6,,,,,,,,,,,,,,
"Holy Grail (ADX>30 rising, first pullback to EMA20, buy stop, 20-bar high target)",TSLA,stock,M5,309,60.033111702127655,-0.056086309254169464,-0.6967919287644627,0.40129449838187703,-0.12431906908750534,-0.03749104589223862,-0.06995394825935364,-0.0025384684558957815,-0.10531041771173477,3/6,-0.363177627325058,0.2666666805744171,1.8117647171020508,False
"Holy Grail (ADX>30 rising, first pullback to EMA20, buy stop, 20-bar high target)",TSLA,stock,M15,143,27.693928950159066,-0.15725474059581757,-1.344254301771802,0.34965034965034963,0.09044001251459122,-0.1641271561384201,-0.15184274315834045,-0.10594453662633896,-0.19434650242328644,2/6,-0.38981595635414124,0.9166666865348816,2.1525423526763916,False
"Holy Grail (ADX>30 rising, first pullback to EMA20, buy stop, 20-bar high target)",TSLA,stock,M30,93,18.155130946018172,0.4611837863922119,2.3615484622117524,0.4946236559139785,-0.007805139757692814,0.23967358469963074,0.5948536396026611,0.6326957941055298,0.27018168568611145,4/6,-0.3520423471927643,18.5,2.1895735263824463,False
"Holy Grail (ADX>30 rising, first pullback to EMA20, buy stop, 20-bar high target)",TSLA,stock,H1,31,6.796368547418967,-0.1771889626979828,-0.6975989220634116,0.3225806451612903,0.23275738954544067,-0.4011552929878235,0.09477017819881439,-0.07130037248134613,-0.29013684391975403,1/5,-0.3637976348400116,20.03333282470703,2.5167882442474365,False
"Holy Grail (ADX>30 rising, first pullback to EMA20, buy stop, 20-bar high target)",TSLA,stock,H4,6,,,,,,,,,,,,,,
"Holy Grail (ADX>30 rising, first pullback to EMA20, buy stop, 20-bar high target)",TSLA,stock,D1,1,,,,,,,,,,,,,,
"Holy Grail (ADX>30 rising, first pullback to EMA20, buy stop, 20-bar high target)",UK100.cash,index,M5,1423,284.01680327868854,-0.967055082321167,-19.943436956594944,0.2649332396345748,-0.7773423790931702,-0.8912861347198486,-1.0337157249450684,-0.9108588099479675,-1.014577865600586,0/6,-1.15446937084198,0.1666666716337204,1.7777777910232544,False
"Holy Grail (ADX>30 rising, first pullback to EMA20, buy stop, 20-bar high target)",UK100.cash,index,M15,490,97.63911620294598,-0.43456146121025085,-6.475257388895434,0.33877551020408164,-0.41428041458129883,-0.39658263325691223,-0.4741228222846985,-0.5270745158195496,-0.3598000407218933,0/6,-0.5553056001663208,0.5833333134651184,1.674242377281189,False
"Holy Grail (ADX>30 rising, first pullback to EMA20, buy stop, 20-bar high target)",UK100.cash,index,M30,277,56.14553274139845,-0.3452697694301605,-3.797763187873045,0.34296028880866425,-0.004429923836141825,-0.3700513541698456,-0.32489004731178284,-0.2158178836107254,-0.44716086983680725,0/6,-0.6994009613990784,1.4166666269302368,1.7971014976501465,False
"Holy Grail (ADX>30 rising, first pullback to EMA20, buy stop, 20-bar high target)",UK100.cash,index,H1,127,26.67438182863715,-0.2808597981929779,-2.242916371468889,0.33858267716535434,-0.1470692753791809,-0.527568519115448,-0.0862727016210556,-0.024409055709838867,-0.5672299265861511,1/6,-1.2279008626937866,2.9166667461395264,1.7147541046142578,False
"Holy Grail (ADX>30 rising, first pullback to EMA20, buy stop, 20-bar high target)",UK100.cash,index,H4,39,8.219705712637046,0.39393851161003113,1.3956807356321388,0.5128205128205128,-0.16796673834323883,0.6487552523612976,0.12571048736572266,0.8058031797409058,-0.08657015115022659,3/5,-1.0270967483520508,13.25,1.5735536813735962,False
"Holy Grail (ADX>30 rising, first pullback to EMA20, buy stop, 20-bar high target)",UK100.cash,index,D1,5,,,,,,,,,,,,,,
"Holy Grail (ADX>30 rising, first pullback to EMA20, buy stop, 20-bar high target)",UKOIL.cash,energy,M5,1318,260.3566792861006,-0.44414347410202026,-10.460271883757125,0.3285280728376328,-0.22507339715957642,-0.4875749349594116,-0.4016249477863312,-0.45376887917518616,-0.4366483986377716,0/6,-0.774912416934967,0.1666666716337204,1.7215172052383423,False
"Holy Grail (ADX>30 rising, first pullback to EMA20, buy stop, 20-bar high target)",UKOIL.cash,energy,M15,498,98.37452677122768,-0.1546396166086197,-2.19046969465804,0.40963855421686746,-0.19722245633602142,-0.17728006839752197,-0.13253819942474365,-0.16457651555538177,-0.14658169448375702,0/6,-0.5133475065231323,0.5833333134651184,1.6385483741760254,False
"Holy Grail (ADX>30 rising, first pullback to EMA20, buy stop, 20-bar high target)",UKOIL.cash,energy,M30,280,55.49104720564298,-0.014342986047267914,-0.1669236070687344,0.44285714285714284,-0.2400854080915451,-0.2076767086982727,0.13933254778385162,0.17176584899425507,-0.19264306128025055,3/6,-0.21943138539791107,1.0833333730697632,1.414285659790039,False
"Holy Grail (ADX>30 rising, first pullback to EMA20, buy stop, 20-bar high target)",UKOIL.cash,energy,H1,156,31.28995057660626,-0.17787618935108185,-1.4987414180964143,0.358974358974359,0.007020953577011824,-0.11552830040454865,-0.22862449288368225,-0.17120090126991272,-0.18359783291816711,2/6,-1.0887788534164429,2.5,1.6788358688354492,False
"Holy Grail (ADX>30 rising, first pullback to EMA20, buy stop, 20-bar high target)",UKOIL.cash,energy,H4,39,8.384196586227192,0.2226669043302536,0.6206767187596952,0.41025641025641024,-0.03647005930542946,0.5052287578582764,0.081386037170887,-0.21612566709518433,0.5279139280319214,4/6,-1.0875186920166016,9.833333015441895,2.4322032928466797,False
"Holy Grail (ADX>30 rising, first pullback to EMA20, buy stop, 20-bar high target)",UKOIL.cash,energy,D1,6,,,,,,,,,,,,,,
"Holy Grail (ADX>30 rising, first pullback to EMA20, buy stop, 20-bar high target)",US100.cash,index,M5,1508,300.3255179934569,-0.24695898592472076,-6.614011749888293,0.3494694960212202,-0.0884028747677803,-0.2804447114467621,-0.2208266705274582,-0.2743344306945801,-0.2251889854669571,0/6,-0.3414015471935272,0.21666666865348816,1.8615901470184326,False
"Holy Grail (ADX>30 rising, first pullback to EMA20, buy stop, 20-bar high target)",US100.cash,index,M15,558,111.55418719211822,-0.07487516850233078,-1.215460279422989,0.3888888888888889,-0.025755267590284348,-0.16900457441806793,-0.018072938546538353,-0.025449836626648903,-0.10609115660190582,1/6,-0.23323248326778412,0.699999988079071,1.7545013427734375,False
"Holy Grail (ADX>30 rising, first pullback to EMA20, buy stop, 20-bar high target)",US100.cash,index,M30,303,60.4097980349345,0.018260762095451355,0.21914354451090454,0.44554455445544555,-0.10495759546756744,0.08641872555017471,-0.014322071336209774,-0.05424823239445686,0.06580764800310135,2/6,-0.13293877243995667,1.0833333730697632,1.610606074333191,False
"Holy Grail (ADX>30 rising, first pullback to EMA20, buy stop, 20-bar high target)",US100.cash,index,H1,133,27.245232753785753,0.031199920922517776,0.23171737381123197,0.44360902255639095,-0.21183879673480988,0.20075231790542603,-0.04980843514204025,0.031530559062957764,0.030966807156801224,4/6,-0.3898079991340637,3.1500000953674316,1.5374493598937988,False
"Holy Grail (ADX>30 rising, first pullback to EMA20, buy stop, 20-bar high target)",US100.cash,index,H4,53,10.70699668141593,0.2675069570541382,0.94829619820633,0.4339622641509434,0.10376395285129547,0.15235838294029236,0.31296029686927795,0.4564044177532196,0.055941686034202576,4/6,-0.5632947087287903,11.350000381469727,1.8310291767120361,False
"Holy Grail (ADX>30 rising, first pullback to EMA20, buy stop, 20-bar high target)",US100.cash,index,D1,8,,,,,,,,,,,,,,
"Holy Grail (ADX>30 rising, first pullback to EMA20, buy stop, 20-bar high target)",US2000.cash,index,M5,2786,319.99575471698114,-0.8388274312019348,-26.936902785432054,0.2867910983488873,-0.7421641945838928,-0.8189488649368286,-0.8561677932739258,-0.8707572817802429,-0.7708061337471008,0/9,-1.5821199417114258,0.1666666716337204,1.8257418870925903,False
"Holy Grail (ADX>30 rising, first pullback to EMA20, buy stop, 20-bar high target)",US2000.cash,index,M15,959,110.18394149103493,-0.4171147346496582,-9.282474096306807,0.3420229405630866,-0.2180546224117279,-0.4896995723247528,-0.3591013252735138,-0.4248592257499695,-0.40301522612571716,0/9,-0.8270652294158936,0.5833333134651184,1.7259259223937988,False
"Holy Grail (ADX>30 rising, first pullback to EMA20, buy stop, 20-bar high target)",US2000.cash,index,M30,572,65.7610953729934,-0.25799229741096497,-4.058150717277817,0.3548951048951049,-0.13078199326992035,-0.21078047156333923,-0.28558701276779175,-0.2531970143318176,-0.2684352695941925,0/9,-0.44103291630744934,1.0833333730697632,1.728665828704834,False
"Holy Grail (ADX>30 rising, first pullback to EMA20, buy stop, 20-bar high target)",US2000.cash,index,H1,324,37.3197729422895,-0.27040594816207886,-3.441949814558029,0.35802469135802467,-0.09277009218931198,-0.18167583644390106,-0.3298642635345459,-0.21502567827701569,-0.39445769786834717,1/9,-0.8239772319793701,2.9583334922790527,1.7065931558609009,False
"Holy Grail (ADX>30 rising, first pullback to EMA20, buy stop, 20-bar high target)",US2000.cash,index,H4,107,12.348104265402844,-0.06056799367070198,-0.41550100754108127,0.411214953271028,-0.165800541639328,0.17347866296768188,-0.19480066001415253,-0.10069594532251358,0.009398634545505047,4/9,-0.6835850477218628,12.5,2.3890316486358643,False
"Holy Grail (ADX>30 rising, first pullback to EMA20, buy stop, 20-bar high target)",US2000.cash,index,D1,9,,,,,,,,,,,,,,
"Holy Grail (ADX>30 rising, first pullback to EMA20, buy stop, 20-bar high target)",US30.cash,index,M5,2411,314.9562768240343,-0.2049943506717682,-7.034606686035611,0.33678971381169637,-0.06177087500691414,-0.19717256724834442,-0.21210388839244843,-0.18452401459217072,-0.2443469613790512,1/8,-0.30220091342926025,0.1666666716337204,1.9285714626312256,False
"Holy Grail (ADX>30 rising, first pullback to EMA20, buy stop, 20-bar high target)",US30.cash,index,M15,896,117.34098243097884,-0.08045107871294022,-1.2766347445502786,0.36941964285714285,-0.08473324030637741,-0.20374831557273865,0.01034921407699585,-0.036602530628442764,-0.1560198962688446,4/8,-0.25981777906417847,0.5,1.7157697677612305,False
"Holy Grail (ADX>30 rising, first pullback to EMA20, buy stop, 20-bar high target)",US30.cash,index,M30,494,64.85747663551402,-0.08851416409015656,-1.360263571665246,0.38461538461538464,-0.03283151984214783,0.014636234380304813,-0.16229534149169922,-0.10320258885622025,-0.06355182826519012,1/8,-0.22483272850513458,1.0833333730697632,1.693849802017212,False
"Holy Grail (ADX>30 rising, first pullback to EMA20, buy stop, 20-bar high target)",US30.cash,index,H1,241,31.51638023630505,-0.06479616463184357,-0.7320551272051237,0.4107883817427386,-0.0741385817527771,0.012140181846916676,-0.12221963703632355,-0.05237443000078201,-0.0875936970114708,2/8,-0.34304967522621155,2.4166667461395264,1.5092307329177856,False
"Holy Grail (ADX>30 rising, first pullback to EMA20, buy stop, 20-bar high target)",US30.cash,index,H4,80,10.726872246696034,-0.1865667700767517,-1.2835435383487577,0.3625,-0.009806525893509388,-0.22677862644195557,-0.15684498846530914,-0.32171711325645447,0.09413015842437744,2/8,-0.6517432332038879,11.75,2.292135715484619,False
"Holy Grail (ADX>30 rising, first pullback to EMA20, buy stop, 20-bar high target)",US30.cash,index,D1,18,2.9856948228882834,-0.251906156539917,-0.7781930045841737,0.3333333333333333,-0.4762119650840759,0.06622514128684998,-0.3428008556365967,-0.31461063027381897,-0.1533704698085785,3/7,-1.0055384635925293,104.0,2.53778076171875,False
"Holy Grail (ADX>30 rising, first pullback to EMA20, buy stop, 20-bar high target)",US500.cash,index,M5,1491,297.1018821603928,-0.31553271412849426,-8.045519749994218,0.3527833668678739,-0.248026505112648,-0.3254586458206177,-0.30729976296424866,-0.28151950240135193,-0.34269410371780396,0/6,-0.45830777287483215,0.18333333730697632,1.7999999523162842,False
"Holy Grail (ADX>30 rising, first pullback to EMA20, buy stop, 20-bar high target)",US500.cash,index,M15,555,110.65161026200873,-0.17497038841247559,-2.9349257277535448,0.3837837837837838,-0.057490572333335876,-0.21883724629878998,-0.1450611650943756,-0.1595780849456787,-0.18795925378799438,0/6,-0.3696810007095337,0.5833333134651184,1.699696660041809,False
"Holy Grail (ADX>30 rising, first pullback to EMA20, buy stop, 20-bar high target)",US500.cash,index,M30,332,66.4090909090909,-0.1142108291387558,-1.6462491403336288,0.4246987951807229,-0.10274209082126617,0.04600699618458748,-0.21602414548397064,0.009739566594362259,-0.2176169753074646,2/6,-0.3739411234855652,1.2166666984558105,1.6004704236984253,False
"Holy Grail (ADX>30 rising, first pullback to EMA20, buy stop, 20-bar high target)",US500.cash,index,H1,189,39.46955403087478,-0.10695645213127136,-1.1947302791183427,0.4656084656084656,-0.0418693907558918,0.10888180881738663,-0.22825399041175842,-0.029239913448691368,-0.1691296547651291,2/6,-0.6133094429969788,2.4666666984558105,1.2826087474822998,False
"Holy Grail (ADX>30 rising, first pullback to EMA20, buy stop, 20-bar high target)",US500.cash,index,H4,49,10.315417867435158,0.04319281503558159,0.18167191557586193,0.3673469387755102,-0.25433146953582764,0.10253236442804337,0.008737587369978428,-0.2714139223098755,0.42930108308792114,4/6,-1.018856406211853,7.016666889190674,2.0023488998413086,False
"Holy Grail (ADX>30 rising, first pullback to EMA20, buy stop, 20-bar high target)",US500.cash,index,D1,10,2.3473650385604112,-0.44758838415145874,-1.4836057695117582,0.3,0.525359570980072,-0.4348379671573639,-0.45305293798446655,-1.0092390775680542,-0.07315468788146973,1/5,-1.0202898979187012,94.125,1.7787481546401978,False
"Holy Grail (ADX>30 rising, first pullback to EMA20, buy stop, 20-bar high target)",USDCAD,fx,M15,1270,108.20328901329601,-0.4132203161716461,-10.560020915036183,0.31181102362204727,-0.2147379070520401,-0.3964786231517792,-0.43060699105262756,-0.4175379276275635,-0.3973042964935303,0/12,-0.6266584992408752,0.5,1.6492455005645752,False
"Holy Grail (ADX>30 rising, first pullback to EMA20, buy stop, 20-bar high target)",USDCAD,fx,M30,664,56.67819584014957,-0.15121011435985565,-2.5763027599725516,0.3990963855421687,-0.20749180018901825,-0.19856968522071838,-0.10356438905000687,-0.1655983030796051,-0.10315543413162231,3/12,-0.5058315396308899,1.25,1.5370733737945557,False
"Holy Grail (ADX>30 rising, first pullback to EMA20, buy stop, 20-bar high target)",USDCAD,fx,H1,385,32.87847790507365,-0.2211124151945114,-2.811565944703227,0.35844155844155845,0.09675244241952896,-0.19763240218162537,-0.24521030485630035,-0.2647961676120758,-0.07998020201921463,2/12,-0.772871732711792,2.5,1.611764669418335,False
"Holy Grail (ADX>30 rising, first pullback to EMA20, buy stop, 20-bar high target)",USDCAD,fx,H4,102,9.055785123966944,-0.11886804550886154,-0.911983878397704,0.39215686274509803,-0.03562004491686821,-0.3380614221096039,0.31951865553855896,-0.06322765350341797,-0.2996992766857147,4/12,-0.6062172651290894,11.75,1.8903024196624756,False
"Holy Grail (ADX>30 rising, first pullback to EMA20, buy stop, 20-bar high target)",USDCAD,fx,D1,11,1.2571182728410513,0.2019587904214859,0.3817990510265715,0.36363636363636365,-0.13893438875675201,0.21223390102386475,0.1745585948228836,0.23940123617649078,0.033468008041381836,3/6,-1.016150951385498,138.5,2.5402727127075195,False
"Holy Grail (ADX>30 rising, first pullback to EMA20, buy stop, 20-bar high target)",USDCHF,fx,M15,1436,122.06167093320923,-0.5207339525222778,-12.742242716972743,0.31058495821727017,-0.37311631441116333,-0.6021913886070251,-0.45145317912101746,-0.4999464154243469,-0.5953167080879211,0/12,-0.7112001180648804,0.5,1.6899038553237915,False
"Holy Grail (ADX>30 rising, first pullback to EMA20, buy stop, 20-bar high target)",USDCHF,fx,M30,789,67.34803692451507,-0.3026884198188782,-6.077874946552863,0.3472750316856781,-0.24954307079315186,-0.2604749798774719,-0.3372178375720978,-0.29547300934791565,-0.3257546126842499,1/12,-0.5618014931678772,1.25,1.5882352590560913,False
"Holy Grail (ADX>30 rising, first pullback to EMA20, buy stop, 20-bar high target)",USDCHF,fx,H1,418,35.60506063432835,-0.15581008791923523,-2.0560914979431653,0.3923444976076555,-0.1338089257478714,0.010877132415771484,-0.31169354915618896,-0.11669363081455231,-0.30905458331108093,3/12,-0.5441580414772034,2.75,1.5266292095184326,False
"Holy Grail (ADX>30 rising, first pullback to EMA20, buy stop, 20-bar high target)",USDCHF,fx,H4,102,8.704556074766355,0.026066679507493973,0.138849982333528,0.37254901960784315,0.22376221418380737,0.11093077808618546,-0.03831300511956215,-0.18600742518901825,0.5350444912910461,6/12,-0.7199808955192566,11.125,1.8020753860473633,False
"Holy Grail (ADX>30 rising, first pullback to EMA20, buy stop, 20-bar high target)",USDCHF,fx,D1,13,1.2729892761394102,0.12197685986757278,0.28406011480607574,0.38461538461538464,-0.5032961368560791,0.2748224139213562,0.026448383927345276,0.027130484580993652,0.2737310528755188,3/8,-1.0567286014556885,89.75,2.497596263885498,False
"Holy Grail (ADX>30 rising, first pullback to EMA20, buy stop, 20-bar high target)",USDJPY,fx,M15,1418,120.672064305685,-0.33749720454216003,-8.29160984611953,0.33709449929478136,-0.2837878167629242,-0.262719988822937,-0.390780508518219,-0.3051649332046509,-0.45164158940315247,1/12,-0.9045140743255615,0.5,1.914811134338379,False
"Holy Grail (ADX>30 rising, first pullback to EMA20, buy stop, 20-bar high target)",USDJPY,fx,M30,794,67.5380763856544,-0.29247573018074036,-5.897234490403563,0.3438287153652393,-0.19031868875026703,-0.22740574181079865,-0.3330613076686859,-0.3268794119358063,-0.1707851141691208,3/12,-0.9637596607208252,1.5,1.8440430164337158,False
"Holy Grail (ADX>30 rising, first pullback to EMA20, buy stop, 20-bar high target)",USDJPY,fx,H1,416,35.47606817651179,-0.2497638761997223,-3.3206708346880096,0.3245192307692308,-0.01687873713672161,-0.16668562591075897,-0.30328860878944397,-0.3292420208454132,0.08404430001974106,4/12,-0.6710134744644165,3.5,1.7958216667175293,False
"Holy Grail (ADX>30 rising, first pullback to EMA20, buy stop, 20-bar high target)",USDJPY,fx,H4,83,7.148255128507428,0.03616979345679283,0.15421129225545951,0.3614457831325301,-0.12022082507610321,-0.49172285199165344,0.2906894385814667,-0.16065913438796997,0.6561809778213501,4/12,-0.7985610365867615,14.25,1.8745763301849365,False
"Holy Grail (ADX>30 rising, first pullback to EMA20, buy stop, 20-bar high target)",USDJPY,fx,D1,20,1.7576997112608277,0.38457587361335754,1.2157470487171846,0.6,-0.030904371291399002,0.44812023639678955,0.3325848877429962,0.33740732073783875,0.5260812044143677,6/9,-1.0131770372390747,109.375,2.1295652389526367,False
"Holy Grail (ADX>30 rising, first pullback to EMA20, buy stop, 20-bar high target)",USOIL.cash,energy,M5,1767,307.1855069014755,-0.444515198469162,-12.50345381041056,0.31918505942275044,-0.32558199763298035,-0.45986682176589966,-0.43110087513923645,-0.34059998393058777,-0.5645245909690857,0/6,-0.6000384092330933,0.1666666716337204,1.8717948198318481,False
"Holy Grail (ADX>30 rising, first pullback to EMA20, buy stop, 20-bar high target)",USOIL.cash,energy,M15,646,112.25095147478592,-0.12944477796554565,-2.191055977180544,0.42105263157894735,-0.2052823007106781,-0.21245579421520233,-0.0675230622291565,-0.15285536646842957,-0.10124023258686066,1/6,-0.2567257583141327,0.5,1.6105201244354248,False
"Holy Grail (ADX>30 rising, first pullback to EMA20, buy stop, 20-bar high target)",USOIL.cash,energy,M30,354,61.54140885292718,-0.044959165155887604,-0.5388817274553528,0.4350282485875706,-0.07174993306398392,-0.09998483210802078,-0.0072273071855306625,0.030617324635386467,-0.13871227204799652,2/6,-0.34564658999443054,1.1666666269302368,1.47304105758667,False
"Holy Grail (ADX>30 rising, first pullback to EMA20, buy stop, 20-bar high target)",USOIL.cash,energy,H1,188,32.90225203641591,-0.03160971403121948,-0.2877670144835234,0.42021276595744683,0.14225594699382782,0.07090525329113007,-0.1298532336950302,-0.06046327203512192,-0.0027561758179217577,3/6,-0.5110377669334412,2.5,1.5048327445983887,False
"Holy Grail (ADX>30 rising, first pullback to EMA20, buy stop, 20-bar high target)",USOIL.cash,energy,H4,41,7.601649746192893,-0.12793782353401184,-0.5467013895655957,0.36585365853658536,0.24417002499103546,0.37780195474624634,-0.41971075534820557,-0.19589129090309143,-0.05658670514822006,3/6,-0.8339018821716309,9.583333015441895,2.4754300117492676,False
"Holy Grail (ADX>30 rising, first pullback to EMA20, buy stop, 20-bar high target)",USOIL.cash,energy,D1,11,2.407279808268424,-0.41614609956741333,-1.4347064221691124,0.2727272727272727,0.12503163516521454,-0.7204198837280273,0.11633297801017761,0.5319164395332336,-0.9578961730003357,2/5,-1.0162590742111206,45.33333206176758,2.299539089202881,False
"Holy Grail (ADX>30 rising, first pullback to EMA20, buy stop, 20-bar high target)",V,stock,M5,490,94.69444444444444,-0.3612990379333496,-6.004238359926191,0.3163265306122449,-0.1802237331867218,-0.4305056929588318,-0.3283633291721344,-0.33759331703186035,-0.39538338780403137,0/6,-0.5529826879501343,0.1666666716337204,1.6889880895614624,False
"Holy Grail (ADX>30 rising, first pullback to EMA20, buy stop, 20-bar high target)",V,stock,M15,149,29.00972814498934,-0.3135949373245239,-2.668691982072805,0.3288590604026846,-0.11423925310373306,-0.25775960087776184,-0.3417946398258209,-0.35587793588638306,-0.2729809582233429,1/6,-0.7546678781509399,0.8333333134651184,2.0526316165924072,False
"Holy Grail (ADX>30 rising, first pullback to EMA20, buy stop, 20-bar high target)",V,stock,M30,103,20.0323482428115,-0.14687858521938324,-0.9210969904717007,0.3592233009708738,0.04713410884141922,-0.38321974873542786,0.02937588468194008,-0.20840051770210266,-0.04998157173395157,3/6,-0.9047208428382874,2.0,1.916853904724121,False
"Holy Grail (ADX>30 rising, first pullback to EMA20, buy stop, 20-bar high target)",V,stock,H1,56,10.990865126276196,-0.2880975306034088,-1.6266634351130445,0.30357142857142855,0.08777427673339844,-0.2622922658920288,-0.30134886503219604,-0.23738501965999603,-0.36647137999534607,1/6,-1.0389329195022583,18.5,1.8063172101974487,False
"Holy Grail (ADX>30 rising, first pullback to EMA20, buy stop, 20-bar high target)",V,stock,H4,10,2.2176684881602915,0.5820342302322388,2.189304831279687,0.9,-0.5962880849838257,0.7978718876838684,0.07841300964355469,0.7742445468902588,0.2937186360359192,5/6,-1.0452864170074463,32.541664123535156,1.0372470617294312,False
"Holy Grail (ADX>30 rising, first pullback to EMA20, buy stop, 20-bar high target)",V,stock,D1,6,,,,,,,,,,,,,,
"Holy Grail (ADX>30 rising, first pullback to EMA20, buy stop, 20-bar high target)",WHEAT.c,soft,M5,813,230.01413632842758,-1.717339038848877,-17.81105833609894,0.22509225092250923,-1.6022759675979614,-1.6405224800109863,-1.7682358026504517,0.027367226779460907,-2.397327184677124,1/4,-3.478510856628418,0.1666666716337204,1.8225806951522827,False
"Holy Grail (ADX>30 rising, first pullback to EMA20, buy stop, 20-bar high target)",WHEAT.c,soft,M15,274,77.64041892940264,-0.8052810430526733,-7.3975440063566005,0.27007299270072993,-0.7384089827537537,-0.8172018527984619,-0.7967873811721802,0.07191809266805649,-1.0836230516433716,1/4,-1.6490861177444458,0.7083333730697632,1.672316312789917,False
"Holy Grail (ADX>30 rising, first pullback to EMA20, buy stop, 20-bar high target)",WHEAT.c,soft,M30,156,45.839903459372486,-0.5154864192008972,-3.941955991856629,0.36538461538461536,-0.6105021238327026,-0.7143474817276001,-0.3061589300632477,0.18306803703308105,-0.717547595500946,1/4,-1.2501617670059204,1.3333333730697632,1.5956237316131592,False
"Holy Grail (ADX>30 rising, first pullback to EMA20, buy stop, 20-bar high target)",WHEAT.c,soft,H1,85,24.2548828125,-0.035552721470594406,-0.1928405942421261,0.4588235294117647,-0.5839492082595825,-0.22172538936138153,0.19471344351768494,0.467355340719223,-0.19029368460178375,2/4,-0.6812530755996704,3.5833332538604736,1.6875,False
"Holy Grail (ADX>30 rising, first pullback to EMA20, buy stop, 20-bar high target)",WHEAT.c,soft,H4,31,9.803246753246754,-0.16467280685901642,-0.5650073922945099,0.41935483870967744,-0.3052341938018799,-0.02215692214667797,-0.3903229236602783,-0.3563455045223236,-0.10876824706792831,1/4,-1.2017771005630493,14.25,2.3897058963775635,False
"Holy Grail (ADX>30 rising, first pullback to EMA20, buy stop, 20-bar high target)",WHEAT.c,soft,D1,2,,,,,,,,,,,,,,
"Holy Grail (ADX>30 rising, first pullback to EMA20, buy stop, 20-bar high target)",WMT,stock,M5,429,82.99377648305085,-0.495505154132843,-6.885340101960767,0.29603729603729606,-0.3856455385684967,-0.5051583647727966,-0.4873848557472229,-0.30454641580581665,-0.7449836134910583,0/6,-0.9353109002113342,0.1666666716337204,1.6666666269302368,False
"Holy Grail (ADX>30 rising, first pullback to EMA20, buy stop, 20-bar high target)",WMT,stock,M15,134,26.877265238879733,-0.23268549144268036,-1.945151452756291,0.3582089552238806,-0.03383069857954979,-0.02380974218249321,-0.3781052529811859,-0.19608479738235474,-0.29225125908851624,2/6,-0.5489990711212158,0.8333333134651184,1.8199999332427979,False
"Holy Grail (ADX>30 rising, first pullback to EMA20, buy stop, 20-bar high target)",WMT,stock,M30,101,20.092728758169937,-0.1781567633152008,-1.339518048065014,0.39603960396039606,-0.16515398025512695,-0.10868789255619049,-0.2757440507411957,-0.1610521823167801,-0.19246245920658112,3/6,-0.5281968712806702,2.6666667461395264,1.7708333730697632,False
"Holy Grail (ADX>30 rising, first pullback to EMA20, buy stop, 20-bar high target)",WMT,stock,H1,44,9.453529411764706,-0.2798680067062378,-1.425404098342861,0.3181818181818182,0.27725374698638916,-0.4982629716396332,-0.017794007435441017,-0.13726438581943512,-0.4224715232849121,1/6,-1.0747947692871094,11.833333969116211,1.6341991424560547,False
"Holy Grail (ADX>30 rising, first pullback to EMA20, buy stop, 20-bar high target)",WMT,stock,H4,21,4.7435064935064934,-0.2616406977176666,-0.8535323843565221,0.3333333333333333,0.009629834443330765,-0.08062350749969482,-0.5557935833930969,-0.2604350745677948,-0.26296690106391907,2/6,-1.2173182964324951,24.75,2.1764705181121826,False
"Holy Grail (ADX>30 rising, first pullback to EMA20, buy stop, 20-bar high target)",WMT,stock,D1,2,,,,,,,,,,,,,,
"Holy Grail (ADX>30 rising, first pullback to EMA20, buy stop, 20-bar high target)",XAGUSD,metal,M5,4855,412.7767108938547,-1.9492002725601196,-46.33790148721057,0.1973223480947477,-1.8023592233657837,-2.0868759155273438,-1.824134111404419,-2.267324924468994,-0.49204251170158386,0/12,-4.534572601318359,0.1666666716337204,1.8032786846160889,False
"Holy Grail (ADX>30 rising, first pullback to EMA20, buy stop, 20-bar high target)",XAGUSD,metal,M15,1687,143.83210784313724,-0.9799246788024902,-22.564924074168733,0.2679312388855957,-0.871012270450592,-1.0099272727966309,-0.9570939540863037,-1.1584023237228394,-0.2831359803676605,0/12,-2.4309945106506348,0.5833333134651184,1.7313432693481445,False
"Holy Grail (ADX>30 rising, first pullback to EMA20, buy stop, 20-bar high target)",XAGUSD,metal,M30,852,72.58992302309308,-0.6059595346450806,-10.865162812624764,0.31338028169014087,-0.5781458020210266,-0.7099698185920715,-0.5334423780441284,-0.7269877791404724,-0.1411006897687912,1/12,-1.7369740009307861,1.5,1.808390498161316,False
"Holy Grail (ADX>30 rising, first pullback to EMA20, buy stop, 20-bar high target)",XAGUSD,metal,H1,477,40.73515314472761,-0.4926854372024536,-7.238526534170245,0.3417190775681342,-0.36846181750297546,-0.5975238084793091,-0.41567692160606384,-0.6414427757263184,0.05421656370162964,3/12,-1.4651981592178345,3.6666667461395264,1.8387097120285034,False
"Holy Grail (ADX>30 rising, first pullback to EMA20, buy stop, 20-bar high target)",XAGUSD,metal,H4,113,9.812945791726106,-0.16461282968521118,-1.2191345771436903,0.4336283185840708,-0.4214588403701782,-0.09394994378089905,-0.22273880243301392,-0.3078114688396454,0.2501693665981293,3/12,-1.1627548933029175,14.166666984558105,1.709183692932129,False
"Holy Grail (ADX>30 rising, first pullback to EMA20, buy stop, 20-bar high target)",XAGUSD,metal,D1,13,1.287137435619409,-0.7481358647346497,-3.1015561972441485,0.15384615384615385,-0.17703914642333984,-0.5904744267463684,-1.1028741598129272,-0.6909589171409607,-1.0626094341278076,1/8,-1.2329826354980469,64.5,2.677584409713745,False
"Holy Grail (ADX>30 rising, first pullback to EMA20, buy stop, 20-bar high target)",XAUUSD,gold,M5,4586,389.8153362811264,-0.305716335773468,-11.625573458336754,0.35804622764936767,-0.42179185152053833,-0.3747442662715912,-0.24912439286708832,-0.3402750492095947,-0.15469388663768768,1/12,-1.1210612058639526,0.2666666805744171,1.988843321800232,False
"Holy Grail (ADX>30 rising, first pullback to EMA20, buy stop, 20-bar high target)",XAUUSD,gold,M15,1559,132.67119058713885,-0.17124836146831512,-4.792418766912971,0.3989737010904426,-0.22500702738761902,-0.1757001280784607,-0.16815629601478577,-0.17617201805114746,-0.15248072147369385,3/12,-0.4150486886501312,0.6666666865348816,1.7193676233291626,False
"Holy Grail (ADX>30 rising, first pullback to EMA20, buy stop, 20-bar high target)",XAUUSD,gold,M30,772,65.72797202797203,-0.13800105452537537,-2.787455838105927,0.3963730569948187,-0.08596716821193695,-0.1541757434606552,-0.12642720341682434,-0.21569450199604034,0.15684786438941956,5/12,-0.8198192715644836,1.5416666269302368,1.6166586875915527,False
"Holy Grail (ADX>30 rising, first pullback to EMA20, buy stop, 20-bar high target)",XAUUSD,gold,H1,354,30.216989950923114,-0.13295868039131165,-1.7763169562067915,0.3870056497175141,-0.14754119515419006,-0.10098063200712204,-0.15844373404979706,-0.15237657725811005,-0.06310468167066574,5/12,-0.7367828488349915,3.5833332538604736,1.766188144683838,False
"Holy Grail (ADX>30 rising, first pullback to EMA20, buy stop, 20-bar high target)",XAUUSD,gold,H4,123,10.628282469836764,-0.32048022747039795,-2.7675966142137023,0.3008130081300813,0.10627555847167969,-0.5342131853103638,-0.13589267432689667,-0.19607141613960266,-0.7237364053726196,5/12,-1.0226457118988037,11.966666221618652,2.2067198753356934,False
"Holy Grail (ADX>30 rising, first pullback to EMA20, buy stop, 20-bar high target)",XAUUSD,gold,D1,13,1.2945065430752454,0.3473755717277527,1.1382215849624986,0.6153846153846154,-0.6785488724708557,0.34986382722854614,0.33369016647338867,0.4685675799846649,0.07469356060028076,5/8,-1.0246165990829468,182.5,1.6890594959259033,False
"Holy Grail (ADX>30 rising, first pullback to EMA20, buy stop, 20-bar high target)",XCUUSD,metal,M5,529,287.954172876304,-1.074310541152954,-14.46889340877533,0.27599243856332706,-0.9526722431182861,-1.0590969324111938,-1.0889042615890503,,-1.074310541152954,0/3,-1.0949492454528809,0.1666666716337204,1.899999976158142,False
"Holy Grail (ADX>30 rising, first pullback to EMA20, buy stop, 20-bar high target)",XCUUSD,metal,M15,221,119.94093610698366,-0.5219215750694275,-5.331831617285629,0.34841628959276016,-0.5059536099433899,-0.3796755373477936,-0.6762450337409973,,-0.5219215750694275,0/3,-0.7734581828117371,0.5833333134651184,1.7565217018127441,False
"Holy Grail (ADX>30 rising, first pullback to EMA20, buy stop, 20-bar high target)",XCUUSD,metal,M30,117,66.66809672386896,-0.3141724169254303,-2.1607153182592027,0.3504273504273504,-0.2908554673194885,-0.3209920823574066,-0.30364638566970825,,-0.3141724169254303,0/3,-1.2007564306259155,1.5833333730697632,2.0960452556610107,False
"Holy Grail (ADX>30 rising, first pullback to EMA20, buy stop, 20-bar high target)",XCUUSD,metal,H1,45,27.531407035175878,-0.05111902207136154,-0.2152817634200952,0.4222222222222222,-0.6002746820449829,0.3545510768890381,-0.2974187433719635,,-0.05111902207136154,1/3,-1.2471444606781006,4.666666507720947,2.0368852615356445,False
"Holy Grail (ADX>30 rising, first pullback to EMA20, buy stop, 20-bar high target)",XCUUSD,metal,H4,13,8.102815699658704,-0.22699521481990814,-0.4449987773633201,0.3076923076923077,0.3854920566082001,1.0498632192611694,-0.7944878339767456,,-0.22699521481990814,1/2,-1.1782511472702026,11.25,1.2410072088241577,False
"Holy Grail (ADX>30 rising, first pullback to EMA20, buy stop, 20-bar high target)",XCUUSD,metal,D1,4,,,,,,,,,,,,,,
"Holy Grail (ADX>30 rising, first pullback to EMA20, buy stop, 20-bar high target)",XOM,stock,M5,291,49.025714944649444,-0.1999851018190384,-2.206084453577808,0.29896907216494845,0.11653276532888412,-0.09193045645952225,-0.2872341573238373,-0.06616117805242538,-0.30217790603637695,1/7,-0.6572904586791992,0.1666666716337204,2.25,False
"Holy Grail (ADX>30 rising, first pullback to EMA20, buy stop, 20-bar high target)",XOM,stock,M15,134,22.554608294930876,-0.08335200697183609,-0.7224183635979737,0.41044776119402987,-0.15397031605243683,0.07648064941167831,-0.2384837418794632,-0.1254238784313202,-0.046020690351724625,3/7,-0.5081496238708496,0.75,1.9480366706848145,False
"Holy Grail (ADX>30 rising, first pullback to EMA20, buy stop, 20-bar high target)",XOM,stock,M30,87,14.663936317489616,0.09227018058300018,0.5985505197186575,0.45977011494252873,-0.09208476543426514,0.016648894175887108,0.169650137424469,-0.09451798349618912,0.29240041971206665,4/7,-1.0044041872024536,2.0,1.9078013896942139,False
"Holy Grail (ADX>30 rising, first pullback to EMA20, buy stop, 20-bar high target)",XOM,stock,H1,41,7.104008538899431,-0.24849863350391388,-1.2884861203233617,0.3170731707317073,0.5817846059799194,0.035247188061475754,-0.5187327265739441,-0.3719635307788849,-0.1055392324924469,2/7,-1.007154107093811,21.58333396911621,2.5,False
"Holy Grail (ADX>30 rising, first pullback to EMA20, buy stop, 20-bar high target)",XOM,stock,H4,8,,,,,,,,,,,,,,
"Holy Grail (ADX>30 rising, first pullback to EMA20, buy stop, 20-bar high target)",XOM,stock,D1,1,,,,,,,,,,,,,,
"Holy Grail (ADX>30 rising, first pullback to EMA20, buy stop, 20-bar high target)",XPDUSD,metal,M5,5436,571.5310880829016,-7.312369346618652,-30.11585551385638,0.08664459161147903,-7.498878479003906,-6.961559772491455,-7.47474479675293,-8.448192596435547,-4.01896858215332,0/10,-12.817997932434082,0.1666666716337204,2.234930992126465,False
"Holy Grail (ADX>30 rising, first pullback to EMA20, buy stop, 20-bar high target)",XPDUSD,metal,M15,1776,186.7253886010363,-2.6340787410736084,-19.608184837718778,0.16159909909909909,-2.4649460315704346,-2.472447395324707,-2.7085142135620117,-2.944650411605835,-1.6437654495239258,0/10,-4.3714118003845215,0.5833333134651184,1.8256338834762573,False
"Holy Grail (ADX>30 rising, first pullback to EMA20, buy stop, 20-bar high target)",XPDUSD,metal,M30,860,90.62752452394692,-1.3575667142868042,-17.40287237456688,0.22441860465116278,-1.1483933925628662,-1.2029932737350464,-1.4345839023590088,-1.502709984779358,-0.9353312849998474,0/10,-2.0539329051971436,1.4166666269302368,1.6328353881835938,False
"Holy Grail (ADX>30 rising, first pullback to EMA20, buy stop, 20-bar high target)",XPDUSD,metal,H1,404,42.672353961827646,-0.9438279867172241,-10.710501623030305,0.2995049504950495,-1.0501011610031128,-0.8469237089157104,-0.989284873008728,-0.9554040431976318,-0.9121012091636658,0/10,-1.3052070140838623,3.0833332538604736,1.737025499343872,False
"Holy Grail (ADX>30 rising, first pullback to EMA20, buy stop, 20-bar high target)",XPDUSD,metal,H4,99,10.51155523255814,-0.5970089435577393,-4.546387611551232,0.31313131313131315,-0.41619303822517395,-0.6968768239021301,-0.5293018817901611,-0.6122626066207886,-0.5678476095199585,1/10,-1.6322420835494995,12.25,1.7282698154449463,False
"Holy Grail (ADX>30 rising, first pullback to EMA20, buy stop, 20-bar high target)",XPDUSD,metal,D1,16,1.9344587884806357,0.17445561289787292,0.4966270625591278,0.5,0.27564144134521484,0.6556016802787781,-0.44416072964668274,0.2440498024225235,-0.12711934745311737,5/8,-1.2279218435287476,116.95833587646484,1.972854733467102,False
"Holy Grail (ADX>30 rising, first pullback to EMA20, buy stop, 20-bar high target)",XPTUSD,metal,M5,3977,418.2548949035416,-3.1200554370880127,-44.265848021869424,0.12169977369876792,-3.1331026554107666,-3.0493388175964355,-3.162015199661255,-3.31095552444458,-2.5217559337615967,0/10,-3.7961652278900146,0.1666666716337204,1.978723406791687,False
"Holy Grail (ADX>30 rising, first pullback to EMA20, buy stop, 20-bar high target)",XPTUSD,metal,M15,1435,150.91671465591708,-1.2913795709609985,-26.012055300814296,0.23414634146341465,-1.2465572357177734,-1.046366810798645,-1.428118348121643,-1.316855788230896,-1.2211527824401855,0/10,-1.6488423347473145,0.5833333134651184,1.6785714626312256,False
"Holy Grail (ADX>30 rising, first pullback to EMA20, buy stop, 20-bar high target)",XPTUSD,metal,M30,652,68.86726431463273,-0.7867541909217834,-13.147094097454401,0.294478527607362,-0.7296867370605469,-0.7358637452125549,-0.8171887993812561,-0.7912693619728088,-0.7739525437355042,0/10,-1.3789607286453247,1.3333333730697632,1.5396366119384766,False
"Holy Grail (ADX>30 rising, first pullback to EMA20, buy stop, 20-bar high target)",XPTUSD,metal,H1,352,37.179872758820125,-0.5408734679222107,-6.841705667727465,0.3494318181818182,-0.4933364987373352,-0.3674217760562897,-0.6487811803817749,-0.5378817915916443,-0.5507240891456604,0/10,-0.865370512008667,3.0,1.5513107776641846,False
"Holy Grail (ADX>30 rising, first pullback to EMA20, buy stop, 20-bar high target)",XPTUSD,metal,H4,104,11.123279648609078,-0.4556734263896942,-3.319380672015299,0.33653846153846156,-0.20510824024677277,-0.49951639771461487,-0.419522225856781,-0.49308931827545166,-0.3489687740802765,1/10,-1.1612099409103394,14.291666030883789,1.908715009689331,False
"Holy Grail (ADX>30 rising, first pullback to EMA20, buy stop, 20-bar high target)",XPTUSD,metal,D1,9,,,,,,,,,,,,,,
"Holy Grail (ADX>30 rising, first pullback to EMA20, buy stop, 20-bar high target)",XRPUSD,crypto,M5,5257,611.1137014640357,-17.062000274658203,-25.654015286398703,0.14685181662545177,-17.03765869140625,-12.312722206115723,-19.7191162109375,-22.272016525268555,-2.2507731914520264,0/9,-79.97865295410156,0.1666666716337204,2.382608652114868,False
"Holy Grail (ADX>30 rising, first pullback to EMA20, buy stop, 20-bar high target)",XRPUSD,crypto,M15,2066,240.2440305635148,-7.820679664611816,-18.441392358155756,0.18441432720232334,-7.820645809173584,-7.664298057556152,-7.90468692779541,-10.618355751037598,-1.096118688583374,0/9,-35.94633483886719,0.75,2.3456177711486816,False
"Holy Grail (ADX>30 rising, first pullback to EMA20, buy stop, 20-bar high target)",XRPUSD,crypto,M30,1115,129.616088478676,-5.561800003051758,-14.287079726532017,0.21255605381165918,-5.575612545013428,-5.122267723083496,-5.779209613800049,-7.290931701660156,-0.7331721782684326,0/9,-23.576274871826172,1.5833333730697632,2.4146981239318848,False
"Holy Grail (ADX>30 rising, first pullback to EMA20, buy stop, 20-bar high target)",XRPUSD,crypto,H1,598,69.80488974113136,-2.945467948913574,-11.440353303885255,0.23745819397993312,-2.9221017360687256,-3.41986346244812,-2.705282211303711,-3.8717594146728516,-0.5348776578903198,0/9,-10.836451530456543,3.75,2.294508934020996,False
"Holy Grail (ADX>30 rising, first pullback to EMA20, buy stop, 20-bar high target)",XRPUSD,crypto,H4,177,21.05153044610876,-1.7935187816619873,-5.908650801510781,0.24858757062146894,-2.0132908821105957,-2.666186809539795,-1.2992643117904663,-2.499725341796875,-0.22702422738075256,1/9,-7.5639801025390625,16.58333396911621,2.549947500228882,False
"Holy Grail (ADX>30 rising, first pullback to EMA20, buy stop, 20-bar high target)",XRPUSD,crypto,D1,16,1.9656912209889004,-0.023224733769893646,-0.06453339755535126,0.5,-0.2947092056274414,-0.8929646015167236,1.0950121879577637,-0.4492338001728058,0.9139951467514038,3/8,-1.6943144798278809,225.29165649414062,1.6859344244003296,False
"Holy Grail (ADX>30 rising, first pullback to EMA20, buy stop, 20-bar high target)",ZM,stock,M5,528,102.96422851041109,-0.6651719808578491,-11.028072637859502,0.24053030303030304,-0.36439085006713867,-0.3282550275325775,-0.8077487945556641,-0.4197707772254944,-0.8324199914932251,0/6,-1.1329083442687988,0.1666666716337204,1.78125,False
"Holy Grail (ADX>30 rising, first pullback to EMA20, buy stop, 20-bar high target)",ZM,stock,M15,158,30.68022328548644,-0.39162129163742065,-3.7520194076501907,0.35443037974683544,-0.2731950879096985,-0.25138750672340393,-0.4774787425994873,-0.19919811189174652,-0.5261106491088867,2/6,-0.7275515794754028,0.7916666269302368,1.76481294631958,False
"Holy Grail (ADX>30 rising, first pullback to EMA20, buy stop, 20-bar high target)",ZM,stock,M30,101,19.876212284482758,-0.18735362589359283,-1.418808281550236,0.38613861386138615,0.10489636659622192,-0.265768826007843,-0.14392367005348206,-0.11615918576717377,-0.24456347525119781,2/6,-0.5952155590057373,2.5,1.7290639877319336,False
"Holy Grail (ADX>30 rising, first pullback to EMA20, buy stop, 20-bar high target)",ZM,stock,H1,54,10.701844818231146,0.07922406494617462,0.376081579677977,0.46296296296296297,0.13785706460475922,0.052998196333646774,0.10746730118989944,0.32874342799186707,-0.17029529809951782,2/6,-0.5429190993309021,11.666666984558105,1.9837851524353027,False
"Holy Grail (ADX>30 rising, first pullback to EMA20, buy stop, 20-bar high target)",ZM,stock,H4,16,3.29983060417843,-0.01672682911157608,-0.053837116807699203,0.5,-0.04273715615272522,-0.20802439749240875,0.13206011056900024,0.2912883162498474,-0.32474201917648315,3/6,-0.7009943127632141,51.91666793823242,1.89105224609375,False
"Holy Grail (ADX>30 rising, first pullback to EMA20, buy stop, 20-bar high target)",ZM,stock,D1,3,,,,,,,,,,,,,,
