sym,sess,group,lookback,interval,vwap,n,avgR,t,from2024,by_year
AAPL,us_cash,stock,10,15,True,1663,-0.0485,-0.9474,-0.1627,15:+0.23 16:-0.13 17:+0.12 18:+0.16 19:-0.38 21:+0.27 22:+0.02 23:-0.24 24:-0.04 25:-0.23 26:-0.23
AAPL,us_cash,stock,10,15,False,1669,-0.0793,-1.1298,-0.1789,15:+0.32 16:-0.37 17:+0.22 18:+0.08 19:-0.48 21:-0.07 22:+0.15 23:-0.28 24:-0.20 25:-0.31 26:-0.01
AAPL,us_cash,stock,10,30,True,1469,0.0377,0.7592,-0.0475,15:+0.26 16:-0.08 17:+0.17 18:+0.13 19:+0.02 21:+0.37 22:+0.06 23:-0.17 24:-0.01 25:+0.07 26:-0.22
AAPL,us_cash,stock,10,30,False,1480,-0.0425,-0.6503,-0.1282,15:+0.31 16:-0.24 17:+0.18 18:+0.02 19:-0.27 21:+0.06 22:+0.12 23:-0.26 24:-0.18 25:-0.08 26:-0.13
AAPL,us_cash,stock,10,60,True,1200,0.0990,2.0912,0.0211,15:+0.29 16:+0.01 17:+0.18 18:+0.12 19:+0.19 21:-0.02 22:+0.20 23:-0.00 24:+0.06 25:+0.12 26:-0.12
AAPL,us_cash,stock,10,60,False,1221,0.1013,1.8451,0.0311,15:+0.32 16:-0.06 17:+0.30 18:+0.18 19:+0.01 21:-0.22 22:+0.29 23:-0.03 24:+0.03 25:+0.19 26:-0.13
AAPL,us_cash,stock,14,15,True,1642,-0.0323,-0.6761,-0.1647,15:+0.24 16:-0.07 17:+0.19 18:+0.19 19:-0.42 21:+0.21 22:+0.09 23:-0.25 24:-0.08 25:-0.23 26:-0.19
AAPL,us_cash,stock,14,15,False,1646,-0.0295,-0.4516,-0.1154,15:+0.24 16:-0.23 17:+0.22 18:+0.18 19:-0.41 21:-0.09 22:+0.26 23:-0.28 24:-0.10 25:-0.17 26:-0.07
AAPL,us_cash,stock,14,30,True,1457,0.0398,0.8592,-0.0818,15:+0.22 16:-0.04 17:+0.23 18:+0.21 19:-0.05 21:+0.29 22:+0.12 23:-0.19 24:-0.07 25:-0.01 26:-0.18
AAPL,us_cash,stock,14,30,False,1466,-0.0280,-0.4687,-0.1262,15:+0.27 16:-0.11 17:+0.19 18:+0.05 19:-0.33 21:-0.09 22:+0.15 23:-0.18 24:-0.17 25:-0.05 26:-0.17
AAPL,us_cash,stock,14,60,True,1192,0.0732,1.6519,-0.0539,15:+0.25 16:+0.04 17:+0.25 18:+0.05 19:+0.14 21:-0.03 22:+0.24 23:-0.01 24:-0.07 25:+0.03 26:-0.13
AAPL,us_cash,stock,14,60,False,1210,0.0966,1.8947,-0.0145,15:+0.29 16:-0.00 17:+0.37 18:+0.12 19:+0.01 21:-0.20 22:+0.32 23:+0.01 24:-0.07 25:+0.11 26:-0.09
AAPL,us_cash,stock,20,15,True,1619,-0.0184,-0.3941,-0.1482,15:+0.21 16:-0.06 17:+0.20 18:+0.16 19:-0.33 21:+0.25 22:+0.09 23:-0.22 24:-0.05 25:-0.20 26:-0.20
AAPL,us_cash,stock,20,15,False,1623,-0.0327,-0.5088,-0.1207,15:+0.21 16:-0.18 17:+0.26 18:+0.20 19:-0.45 21:+0.04 22:+0.13 23:-0.29 24:-0.16 25:-0.10 26:-0.09
AAPL,us_cash,stock,20,30,True,1429,0.0367,0.8446,-0.0321,15:+0.21 16:-0.05 17:+0.27 18:+0.17 19:-0.30 21:+0.37 22:+0.08 23:-0.16 24:-0.02 25:+0.09 26:-0.17
AAPL,us_cash,stock,20,30,False,1440,-0.0171,-0.3112,-0.1101,15:+0.18 16:-0.10 17:+0.27 18:+0.13 19:-0.38 21:-0.04 22:+0.10 23:-0.16 24:-0.20 25:+0.01 26:-0.13
AAPL,us_cash,stock,20,60,True,1178,0.0601,1.5306,-0.0176,15:+0.22 16:-0.03 17:+0.23 18:+0.12 19:-0.14 21:+0.04 22:+0.19 23:-0.01 24:-0.03 25:+0.07 26:-0.10
AAPL,us_cash,stock,20,60,False,1192,0.0706,1.5296,-0.0145,15:+0.19 16:-0.04 17:+0.35 18:+0.16 19:-0.19 21:-0.20 22:+0.28 23:+0.02 24:-0.08 25:+0.06 26:-0.01
ADAUSD,us_cash,crypto,10,15,True,836,-1.2012,-7.8619,-0.9755,21:-0.76 22:-1.23 23:-1.89 24:-1.16 25:-0.87 26:-0.87
ADAUSD,us_cash,crypto,10,15,False,839,-0.6605,-3.2437,-0.5816,21:-0.65 22:-0.24 23:-1.21 24:-0.87 25:-0.31 26:-0.53
ADAUSD,us_cash,crypto,10,30,True,752,-0.7698,-7.1993,-0.6409,21:-0.62 22:-0.88 23:-1.06 24:-0.72 25:-0.42 26:-0.81
ADAUSD,us_cash,crypto,10,30,False,756,-0.4927,-3.3860,-0.4348,21:-0.10 22:-0.33 23:-0.86 24:-0.72 25:-0.14 26:-0.41
ADAUSD,us_cash,crypto,10,60,True,601,-0.3656,-4.0384,-0.2620,21:-0.59 22:-0.40 23:-0.56 24:-0.52 25:-0.15 26:-0.05
ADAUSD,us_cash,crypto,10,60,False,610,-0.3521,-2.9224,-0.2934,21:-0.20 22:-0.25 23:-0.62 24:-0.71 25:-0.05 26:-0.03
ADAUSD,us_cash,crypto,14,15,True,824,-1.1178,-7.6635,-0.9828,21:-0.82 22:-0.95 23:-1.67 24:-1.14 25:-0.82 26:-0.97
ADAUSD,us_cash,crypto,14,15,False,827,-0.6518,-3.3697,-0.6145,21:-0.56 22:-0.13 23:-1.17 24:-0.77 25:-0.33 26:-0.77
ADAUSD,us_cash,crypto,14,30,True,741,-0.7433,-6.7674,-0.6745,21:-0.45 22:-0.81 23:-0.93 24:-0.75 25:-0.38 26:-0.94
ADAUSD,us_cash,crypto,14,30,False,744,-0.5191,-3.6125,-0.4695,21:-0.09 22:-0.30 23:-0.91 24:-0.72 25:-0.12 26:-0.56
ADAUSD,us_cash,crypto,14,60,True,610,-0.3485,-3.8858,-0.2901,21:-0.78 22:-0.25 23:-0.47 24:-0.49 25:-0.16 26:-0.17
ADAUSD,us_cash,crypto,14,60,False,616,-0.3607,-3.2090,-0.3427,21:-0.50 22:-0.13 23:-0.55 24:-0.72 25:-0.05 26:-0.18
ADAUSD,us_cash,crypto,20,15,True,810,-1.0989,-7.8772,-1.0166,21:-1.01 22:-0.88 23:-1.50 24:-1.25 25:-0.76 26:-1.01
ADAUSD,us_cash,crypto,20,15,False,813,-0.6231,-3.3893,-0.4647,21:-0.70 22:-0.23 23:-1.31 24:-0.67 25:-0.02 26:-0.72
ADAUSD,us_cash,crypto,20,30,True,730,-0.6785,-6.3999,-0.6505,21:-0.54 22:-0.67 23:-0.79 24:-0.72 25:-0.42 26:-0.83
ADAUSD,us_cash,crypto,20,30,False,736,-0.5702,-4.1069,-0.4889,21:-0.12 22:-0.30 23:-1.08 24:-0.64 25:-0.17 26:-0.66
ADAUSD,us_cash,crypto,20,60,True,592,-0.3339,-3.6565,-0.2799,21:-0.81 22:-0.22 23:-0.46 24:-0.50 25:-0.09 26:-0.19
ADAUSD,us_cash,crypto,20,60,False,598,-0.3503,-3.0609,-0.3317,21:-0.47 22:-0.12 23:-0.55 24:-0.68 25:+0.09 26:-0.31
AMD,us_cash,stock,10,15,True,940,-0.0502,-0.6434,-0.3294,20:+0.01 21:-0.02 22:+0.35 23:+0.27 24:+0.11 25:-0.93 26:-0.13
AMD,us_cash,stock,10,15,False,940,0.0743,0.7408,-0.0659,20:-0.43 21:+0.20 22:+0.40 23:+0.07 24:+0.01 25:-0.23 26:+0.05
AMD,us_cash,stock,10,30,True,810,0.0299,0.4748,-0.1286,20:-0.16 21:+0.15 22:+0.19 23:+0.20 24:+0.13 25:-0.54 26:+0.04
AMD,us_cash,stock,10,30,False,812,0.1244,1.6259,0.0937,20:-0.55 21:+0.20 22:+0.21 23:+0.14 24:+0.17 25:-0.10 26:+0.23
AMD,us_cash,stock,10,60,True,670,0.0656,1.2144,-0.0366,20:-0.29 21:+0.22 22:+0.15 23:+0.14 24:+0.02 25:-0.22 26:+0.10
AMD,us_cash,stock,10,60,False,674,0.1000,1.6286,0.0160,20:-0.49 21:+0.24 22:+0.20 23:+0.15 24:+0.03 25:-0.09 26:+0.12
AMD,us_cash,stock,14,15,True,927,-0.0695,-0.8834,-0.3842,20:+0.02 21:+0.02 22:+0.38 23:+0.24 24:+0.02 25:-0.88 26:-0.28
AMD,us_cash,stock,14,15,False,928,-0.0154,-0.1481,-0.1867,20:-0.51 21:+0.10 22:+0.34 23:+0.04 24:-0.05 25:-0.43 26:-0.05
AMD,us_cash,stock,14,30,True,798,0.0379,0.5931,-0.1453,20:-0.22 21:+0.25 22:+0.23 23:+0.16 24:+0.12 25:-0.49 26:-0.06
AMD,us_cash,stock,14,30,False,799,0.1056,1.3744,0.0633,20:-0.74 21:+0.23 22:+0.21 23:+0.07 24:+0.17 25:-0.04 26:+0.05
AMD,us_cash,stock,14,60,True,656,0.0912,1.6265,-0.0212,20:-0.36 21:+0.25 22:+0.17 23:+0.21 24:+0.04 25:-0.11 26:+0.00
AMD,us_cash,stock,14,60,False,659,0.1102,1.7245,0.0124,20:-0.55 21:+0.25 22:+0.21 23:+0.20 24:+0.05 25:-0.01 26:-0.01
AMD,us_cash,stock,20,15,True,931,-0.0815,-1.0596,-0.3483,20:-0.21 21:-0.05 22:+0.33 23:+0.25 24:-0.00 25:-0.85 26:-0.18
AMD,us_cash,stock,20,15,False,932,-0.0355,-0.3535,-0.1978,20:-0.46 21:+0.00 22:+0.27 23:+0.12 24:-0.15 25:-0.38 26:-0.05
AMD,us_cash,stock,20,30,True,794,0.0338,0.5270,-0.1195,20:-0.11 21:+0.16 22:+0.19 23:+0.18 24:+0.09 25:-0.39 26:-0.06
AMD,us_cash,stock,20,30,False,796,0.1127,1.4688,0.0769,20:-0.54 21:+0.17 22:+0.22 23:+0.09 24:+0.10 25:+0.06 26:+0.06
AMD,us_cash,stock,20,60,True,658,0.0806,1.5095,-0.0075,20:-0.11 21:+0.15 22:+0.17 23:+0.17 24:+0.01 25:-0.04 26:+0.01
AMD,us_cash,stock,20,60,False,661,0.0895,1.4746,-0.0015,20:-0.27 21:+0.13 22:+0.21 23:+0.20 24:+0.03 25:-0.02 26:-0.01
AMZN,us_cash,stock,10,15,True,898,-0.1175,-1.8304,-0.2008,21:+0.14 22:+0.03 23:-0.15 24:+0.14 25:-0.50 26:-0.22
AMZN,us_cash,stock,10,15,False,903,-0.0456,-0.5034,-0.0607,21:-0.36 22:+0.14 23:-0.07 24:+0.13 25:-0.09 26:-0.25
AMZN,us_cash,stock,10,30,True,799,-0.0586,-0.9914,-0.1481,21:+0.34 22:+0.02 23:-0.06 24:+0.01 25:-0.26 26:-0.20
AMZN,us_cash,stock,10,30,False,804,-0.0138,-0.1793,-0.0384,21:-0.21 22:+0.15 23:-0.04 24:+0.07 25:-0.07 26:-0.13
AMZN,us_cash,stock,10,60,True,677,-0.0716,-1.4507,-0.1111,21:+0.09 22:-0.03 23:-0.08 24:-0.05 25:-0.15 26:-0.13
AMZN,us_cash,stock,10,60,False,681,-0.0373,-0.6408,-0.0781,21:-0.02 22:+0.12 23:-0.10 24:-0.03 25:-0.09 26:-0.12
AMZN,us_cash,stock,14,15,True,886,-0.1228,-1.9157,-0.2475,21:+0.07 22:+0.10 23:-0.09 24:+0.05 25:-0.50 26:-0.29
AMZN,us_cash,stock,14,15,False,890,-0.0370,-0.4105,-0.1128,21:-0.25 22:+0.17 23:+0.04 24:-0.04 25:-0.14 26:-0.17
AMZN,us_cash,stock,14,30,True,778,-0.0707,-1.2183,-0.1946,21:+0.33 22:+0.08 23:-0.04 24:-0.08 25:-0.30 26:-0.20
AMZN,us_cash,stock,14,30,False,782,-0.0018,-0.0239,-0.0687,21:+0.04 22:+0.18 23:-0.03 24:-0.03 25:-0.07 26:-0.12
AMZN,us_cash,stock,14,60,True,665,-0.0581,-1.2373,-0.1372,21:+0.16 22:+0.03 23:-0.02 24:-0.07 25:-0.22 26:-0.13
AMZN,us_cash,stock,14,60,False,671,-0.0517,-0.9449,-0.1252,21:+0.05 22:+0.13 23:-0.09 24:-0.06 25:-0.16 26:-0.17
AMZN,us_cash,stock,20,15,True,872,-0.1102,-1.8241,-0.1885,21:+0.14 22:+0.09 23:-0.19 24:+0.07 25:-0.42 26:-0.20
AMZN,us_cash,stock,20,15,False,876,-0.0601,-0.6916,-0.0937,21:-0.28 22:+0.08 23:-0.04 24:+0.07 25:-0.14 26:-0.23
AMZN,us_cash,stock,20,30,True,775,-0.0520,-0.9432,-0.1244,21:+0.29 22:+0.07 23:-0.10 24:-0.02 25:-0.28 26:-0.06
AMZN,us_cash,stock,20,30,False,778,0.0035,0.0491,-0.0527,21:+0.00 22:+0.18 23:-0.03 24:+0.06 25:-0.10 26:-0.13
AMZN,us_cash,stock,20,60,True,665,-0.0572,-1.2645,-0.1119,21:+0.15 22:+0.02 23:-0.07 24:-0.04 25:-0.22 26:-0.07
AMZN,us_cash,stock,20,60,False,668,-0.0499,-0.9173,-0.1000,21:-0.02 22:+0.10 23:-0.09 24:-0.06 25:-0.09 26:-0.16
AUDCAD,ny_fx,forex,10,15,True,2204,-1.3655,-14.7705,-1.0361,15:-2.19 16:-1.92 17:-3.02 18:-1.41 19:-2.35 20:-0.29 21:-0.46 22:-0.82 23:-0.86 24:-1.18 25:-0.93 26:-0.99
AUDCAD,ny_fx,forex,10,15,False,2206,-0.7694,-6.0936,-0.5602,15:-0.29 16:-1.00 17:-2.04 18:-0.82 19:-1.41 20:-0.38 21:-0.53 22:-0.59 23:-0.44 24:-0.33 25:-0.84 26:-0.48
AUDCAD,ny_fx,forex,10,30,True,1980,-0.7738,-11.6547,-0.6237,15:-1.03 16:-1.05 17:-1.60 18:-0.97 19:-1.41 20:-0.17 21:-0.27 22:-0.40 23:-0.52 24:-0.68 25:-0.53 26:-0.67
AUDCAD,ny_fx,forex,10,30,False,1990,-0.6174,-6.8597,-0.5286,15:-0.77 16:-0.77 17:-1.04 18:-0.62 19:-0.89 20:-0.49 21:-0.32 22:-0.30 23:-0.61 24:-0.53 25:-0.77 26:-0.20
AUDCAD,ny_fx,forex,10,60,True,1657,-0.4626,-9.3737,-0.4652,15:-0.42 16:-0.57 17:-1.03 18:-0.60 19:-0.80 20:-0.12 21:-0.16 22:-0.03 23:-0.42 24:-0.41 25:-0.45 26:-0.55
AUDCAD,ny_fx,forex,10,60,False,1664,-0.3608,-5.7964,-0.4460,15:-0.31 16:-0.43 17:-0.84 18:-0.38 19:-0.45 20:-0.20 21:-0.07 22:+0.05 23:-0.38 24:-0.40 25:-0.55 26:-0.38
AUDCAD,ny_fx,forex,14,15,True,2195,-1.3248,-15.3995,-0.9728,15:-1.77 16:-1.98 17:-2.85 18:-1.49 19:-2.29 20:-0.41 21:-0.41 22:-0.86 23:-0.88 24:-1.19 25:-0.86 26:-0.82
AUDCAD,ny_fx,forex,14,15,False,2198,-0.7877,-6.5316,-0.6575,15:-0.11 16:-1.09 17:-1.98 18:-0.74 19:-1.10 20:-0.56 21:-0.42 22:-0.65 23:-0.75 24:-0.59 25:-1.11 26:-0.12
AUDCAD,ny_fx,forex,14,30,True,1957,-0.7501,-11.8233,-0.6314,15:-0.83 16:-1.17 17:-1.58 18:-0.89 19:-1.35 20:-0.25 21:-0.10 22:-0.40 23:-0.50 24:-0.63 25:-0.60 26:-0.68
AUDCAD,ny_fx,forex,14,30,False,1968,-0.6089,-7.0868,-0.5430,15:-0.48 16:-0.79 17:-1.14 18:-0.56 19:-0.79 20:-0.67 21:-0.20 22:-0.27 23:-0.74 24:-0.42 25:-0.85 26:-0.29
AUDCAD,ny_fx,forex,14,60,True,1642,-0.4579,-9.7734,-0.4269,15:-0.37 16:-0.73 17:-0.96 18:-0.56 19:-0.82 20:-0.14 21:-0.13 22:+0.01 23:-0.46 24:-0.33 25:-0.45 26:-0.52
AUDCAD,ny_fx,forex,14,60,False,1648,-0.4016,-6.5330,-0.4744,15:-0.19 16:-0.68 17:-0.78 18:-0.44 19:-0.47 20:-0.41 21:-0.09 22:+0.18 23:-0.47 24:-0.37 25:-0.66 26:-0.37
AUDCAD,ny_fx,forex,20,15,True,2171,-1.2738,-15.0194,-0.9959,15:-1.82 16:-2.06 17:-2.77 18:-1.29 19:-1.99 20:-0.34 21:-0.47 22:-0.72 23:-0.81 24:-1.06 25:-1.00 26:-0.90
AUDCAD,ny_fx,forex,20,15,False,2172,-0.7528,-6.3356,-0.6284,15:-0.20 16:-1.21 17:-1.71 18:-0.84 19:-1.06 20:-0.36 21:-0.37 22:-0.68 23:-0.63 24:-0.58 25:-1.03 26:-0.14
AUDCAD,ny_fx,forex,20,30,True,1947,-0.7302,-11.8118,-0.6458,15:-0.75 16:-1.15 17:-1.39 18:-0.79 19:-1.29 20:-0.23 21:-0.31 22:-0.44 23:-0.43 24:-0.69 25:-0.60 26:-0.65
AUDCAD,ny_fx,forex,20,30,False,1954,-0.5881,-7.0420,-0.5771,15:-0.46 16:-0.81 17:-0.97 18:-0.52 19:-0.86 20:-0.54 21:-0.19 22:-0.38 23:-0.58 24:-0.44 25:-0.83 26:-0.40
AUDCAD,ny_fx,forex,20,60,True,1648,-0.4292,-9.8221,-0.4190,15:-0.38 16:-0.60 17:-0.91 18:-0.55 19:-0.74 20:-0.03 21:-0.16 22:-0.10 23:-0.42 24:-0.35 25:-0.45 26:-0.47
AUDCAD,ny_fx,forex,20,60,False,1652,-0.3688,-6.3527,-0.4427,15:-0.31 16:-0.53 17:-0.75 18:-0.37 19:-0.44 20:-0.28 21:-0.06 22:+0.03 23:-0.42 24:-0.35 25:-0.58 26:-0.39
AUDCHF,ny_fx,forex,10,15,True,2204,-1.4400,-15.0812,-1.4416,15:-2.15 16:-2.16 17:-2.32 18:-1.28 19:-1.95 20:-0.83 21:-0.81 22:-0.32 23:-1.12 24:-1.14 25:-1.85 26:-1.30
AUDCHF,ny_fx,forex,10,15,False,2207,-0.6284,-4.7391,-0.8016,15:-1.35 16:-0.96 17:-0.66 18:-0.15 19:-0.51 20:-0.76 21:+0.06 22:-0.60 23:-0.26 24:-0.30 25:-1.18 26:-0.94
AUDCHF,ny_fx,forex,10,30,True,1994,-0.7811,-10.9833,-0.9112,15:-0.80 16:-1.19 17:-1.15 18:-0.67 19:-1.15 20:-0.47 21:-0.54 22:-0.06 23:-0.60 24:-0.76 25:-1.06 26:-0.91
AUDCHF,ny_fx,forex,10,30,False,1999,-0.5055,-5.3246,-0.5798,15:-0.43 16:-0.76 17:-0.53 18:-0.20 19:-0.69 20:-0.43 21:-0.39 22:-0.24 23:-0.67 24:-0.56 25:-0.57 26:-0.61
AUDCHF,ny_fx,forex,10,60,True,1707,-0.3561,-6.3108,-0.2833,15:-0.29 16:-0.72 17:-0.67 18:-0.19 19:-0.67 20:-0.59 21:-0.16 22:+0.08 23:-0.14 24:-0.23 25:-0.39 26:-0.21
AUDCHF,ny_fx,forex,10,60,False,1715,-0.2216,-3.2282,-0.0686,15:-0.10 16:-0.72 17:-0.44 18:-0.16 19:-0.35 20:-0.37 21:-0.04 22:-0.07 23:-0.11 24:-0.07 25:-0.11 26:-0.01
AUDCHF,ny_fx,forex,14,15,True,2178,-1.3497,-14.8931,-1.3201,15:-1.85 16:-2.07 17:-2.25 18:-1.27 19:-1.83 20:-0.78 21:-0.65 22:-0.43 23:-1.10 24:-1.20 25:-1.62 26:-1.08
AUDCHF,ny_fx,forex,14,15,False,2180,-0.6086,-4.7051,-0.7174,15:-1.07 16:-0.79 17:-0.73 18:-0.09 19:-0.60 20:-0.83 21:-0.20 22:-0.47 23:-0.41 24:-0.25 25:-1.21 26:-0.67
AUDCHF,ny_fx,forex,14,30,True,1970,-0.7649,-11.1686,-0.8491,15:-0.88 16:-1.15 17:-1.05 18:-0.57 19:-1.11 20:-0.49 21:-0.43 22:-0.16 23:-0.83 24:-0.79 25:-0.95 26:-0.79
AUDCHF,ny_fx,forex,14,30,False,1975,-0.4874,-5.3309,-0.5646,15:-0.41 16:-0.62 17:-0.42 18:-0.17 19:-0.69 20:-0.55 21:-0.26 22:-0.29 23:-0.78 24:-0.49 25:-0.59 26:-0.62
AUDCHF,ny_fx,forex,14,60,True,1663,-0.3421,-6.0761,-0.2543,15:-0.28 16:-0.72 17:-0.65 18:-0.22 19:-0.63 20:-0.62 21:-0.10 22:+0.08 23:-0.17 24:-0.19 25:-0.40 26:-0.15
AUDCHF,ny_fx,forex,14,60,False,1673,-0.2034,-2.9709,-0.0904,15:-0.05 16:-0.61 17:-0.33 18:-0.11 19:-0.34 20:-0.41 21:-0.02 22:-0.13 23:-0.12 24:-0.08 25:-0.15 26:-0.03
AUDCHF,ny_fx,forex,20,15,True,2159,-1.3072,-14.9442,-1.3292,15:-1.78 16:-2.15 17:-2.17 18:-1.18 19:-1.52 20:-0.83 21:-0.63 22:-0.44 23:-1.02 24:-1.18 25:-1.64 26:-1.13
AUDCHF,ny_fx,forex,20,15,False,2161,-0.6241,-5.0140,-0.6210,15:-0.99 16:-0.98 17:-0.84 18:-0.12 19:-0.37 20:-0.97 21:-0.18 22:-0.60 23:-0.58 24:-0.26 25:-0.95 26:-0.67
AUDCHF,ny_fx,forex,20,30,True,1930,-0.7511,-11.3025,-0.8297,15:-0.90 16:-1.16 17:-1.09 18:-0.49 19:-0.94 20:-0.54 21:-0.47 22:-0.20 23:-0.76 24:-0.79 25:-0.86 26:-0.83
AUDCHF,ny_fx,forex,20,30,False,1935,-0.4287,-4.8006,-0.4753,15:-0.36 16:-0.68 17:-0.44 18:-0.12 19:-0.47 20:-0.57 21:-0.23 22:-0.20 23:-0.63 24:-0.31 25:-0.50 26:-0.65
AUDCHF,ny_fx,forex,20,60,True,1659,-0.3718,-6.8486,-0.3047,15:-0.40 16:-0.72 17:-0.67 18:-0.26 19:-0.57 20:-0.58 21:-0.18 22:+0.08 23:-0.20 24:-0.13 25:-0.40 26:-0.40
AUDCHF,ny_fx,forex,20,60,False,1668,-0.2136,-3.1243,-0.1647,15:-0.03 16:-0.51 17:-0.31 18:-0.15 19:-0.30 20:-0.46 21:-0.11 22:-0.06 23:-0.11 24:+0.04 25:-0.20 26:-0.37
AUDJPY,ny_fx,forex,10,15,True,2159,-0.9524,-8.6539,-0.8472,15:-1.92 16:-1.36 17:-1.38 18:-1.10 19:-1.64 20:-0.41 21:-0.03 22:-0.38 23:-0.67 24:-0.49 25:-0.87 26:-1.28
AUDJPY,ny_fx,forex,10,15,False,2163,-0.5252,-3.2098,-0.2850,15:-1.56 16:-0.85 17:+0.06 18:-0.64 19:-0.76 20:-1.14 21:+0.80 22:-0.77 23:-0.61 24:+0.09 25:+0.06 26:-1.22
AUDJPY,ny_fx,forex,10,30,True,1933,-0.5126,-5.6752,-0.4198,15:-1.46 16:-0.43 17:-0.79 18:-0.62 19:-0.90 20:-0.29 21:-0.01 22:-0.25 23:-0.19 24:-0.21 25:-0.43 26:-0.69
AUDJPY,ny_fx,forex,10,30,False,1946,-0.3943,-2.9692,-0.3521,15:-1.16 16:-0.18 17:-0.15 18:-0.46 19:-0.46 20:-0.61 21:+0.22 22:-0.62 23:-0.28 24:-0.08 25:-0.09 26:-1.05
AUDJPY,ny_fx,forex,10,60,True,1660,-0.2402,-3.7540,-0.1036,15:-0.40 16:-0.40 17:-0.48 18:-0.24 19:-0.46 20:-0.36 21:+0.13 22:-0.30 23:+0.03 24:+0.07 25:-0.08 26:-0.35
AUDJPY,ny_fx,forex,10,60,False,1669,-0.1665,-1.8587,-0.1474,15:+0.01 16:-0.50 17:-0.28 18:+0.08 19:+0.11 20:-0.57 21:+0.13 22:-0.35 23:-0.10 24:-0.06 25:-0.04 26:-0.38
AUDJPY,ny_fx,forex,14,15,True,2139,-0.8789,-9.0797,-0.7355,15:-1.60 16:-1.09 17:-1.55 18:-1.22 19:-1.47 20:-0.28 21:+0.02 22:-0.42 23:-0.64 24:-0.34 25:-0.73 26:-1.26
AUDJPY,ny_fx,forex,14,15,False,2142,-0.4820,-3.1901,-0.2378,15:-1.58 16:-0.19 17:-0.07 18:-0.74 19:-0.82 20:-1.15 21:+0.67 22:-0.50 23:-0.60 24:+0.17 25:+0.15 26:-1.27
AUDJPY,ny_fx,forex,14,30,True,1896,-0.4398,-5.6641,-0.3607,15:-0.95 16:-0.31 17:-0.86 18:-0.63 19:-0.86 20:-0.24 21:-0.01 22:-0.16 23:-0.17 24:-0.17 25:-0.34 26:-0.64
AUDJPY,ny_fx,forex,14,30,False,1906,-0.2973,-2.5799,-0.2590,15:-0.51 16:-0.10 17:-0.12 18:-0.49 19:-0.37 20:-0.64 21:+0.32 22:-0.56 23:-0.28 24:-0.24 25:+0.01 26:-0.63
AUDJPY,ny_fx,forex,14,60,True,1630,-0.2187,-3.7267,-0.1071,15:-0.33 16:-0.36 17:-0.43 18:-0.31 19:-0.40 20:-0.25 21:+0.10 22:-0.23 23:-0.05 24:+0.07 25:-0.08 26:-0.37
AUDJPY,ny_fx,forex,14,60,False,1640,-0.1865,-2.2651,-0.1617,15:-0.05 16:-0.44 17:-0.24 18:-0.03 19:+0.07 20:-0.50 21:+0.18 22:-0.42 23:-0.28 24:-0.15 25:+0.00 26:-0.37
AUDJPY,ny_fx,forex,20,15,True,2126,-0.8608,-9.2103,-0.6730,15:-1.54 16:-1.09 17:-1.55 18:-1.13 19:-1.48 20:-0.44 21:+0.06 22:-0.57 23:-0.54 24:-0.40 25:-0.64 26:-1.07
AUDJPY,ny_fx,forex,20,15,False,2128,-0.4460,-3.0402,-0.2656,15:-1.29 16:-0.25 17:+0.10 18:-0.39 19:-0.86 20:-1.31 21:+0.47 22:-0.59 23:-0.48 24:-0.17 25:+0.18 26:-0.96
AUDJPY,ny_fx,forex,20,30,True,1891,-0.4326,-5.7725,-0.3424,15:-0.77 16:-0.41 17:-0.82 18:-0.59 19:-0.85 20:-0.40 21:-0.03 22:-0.19 23:-0.10 24:-0.04 25:-0.37 26:-0.72
AUDJPY,ny_fx,forex,20,30,False,1903,-0.3701,-3.2149,-0.2549,15:-0.48 16:-0.31 17:-0.14 18:-0.49 19:-0.35 20:-0.87 21:+0.14 22:-0.72 23:-0.37 24:-0.23 25:+0.01 26:-0.63
AUDJPY,ny_fx,forex,20,60,True,1610,-0.2431,-4.1411,-0.0958,15:-0.38 16:-0.38 17:-0.39 18:-0.31 19:-0.39 20:-0.49 21:+0.02 22:-0.21 23:-0.02 24:+0.20 25:-0.15 26:-0.40
AUDJPY,ny_fx,forex,20,60,False,1618,-0.2155,-2.6731,-0.1257,15:-0.15 16:-0.45 17:-0.24 18:-0.09 19:+0.10 20:-0.65 21:+0.09 22:-0.48 23:-0.28 24:+0.01 25:-0.06 26:-0.37
AUDNZD,ny_fx,forex,10,15,True,2197,-2.3040,-23.7287,-2.0039,15:-2.81 16:-3.65 17:-3.73 18:-2.78 19:-3.35 20:-1.24 21:-1.48 22:-1.27 23:-1.39 24:-2.05 25:-2.37 26:-1.47
AUDNZD,ny_fx,forex,10,15,False,2199,-1.2096,-9.7518,-0.9428,15:-0.84 16:-2.37 17:-2.47 18:-1.83 19:-1.80 20:-0.46 21:-0.84 22:-0.70 23:-0.36 24:-0.39 25:-1.65 26:-0.80
AUDNZD,ny_fx,forex,10,30,True,1956,-1.3179,-19.8838,-1.1496,15:-1.42 16:-2.26 17:-2.02 18:-1.45 19:-1.79 20:-0.95 21:-0.85 22:-0.99 23:-0.69 24:-0.94 25:-1.61 26:-0.86
AUDNZD,ny_fx,forex,10,30,False,1966,-0.9633,-10.8620,-0.7783,15:-0.48 16:-2.07 17:-1.77 18:-1.44 19:-1.30 20:-0.29 21:-0.81 22:-0.80 23:-0.24 24:-0.28 25:-1.33 26:-0.78
AUDNZD,ny_fx,forex,10,60,True,1658,-0.7615,-14.0352,-0.5916,15:-0.69 16:-1.30 17:-1.28 18:-1.00 19:-1.09 20:-0.50 21:-0.59 22:-0.55 23:-0.39 24:-0.67 25:-0.67 26:-0.38
AUDNZD,ny_fx,forex,10,60,False,1670,-0.6178,-9.0587,-0.4711,15:-0.46 16:-1.24 17:-1.08 18:-0.94 19:-0.89 20:-0.20 21:-0.64 22:-0.35 23:-0.22 24:-0.31 25:-0.61 26:-0.52
AUDNZD,ny_fx,forex,14,15,True,2168,-2.2267,-24.6644,-1.9738,15:-2.68 16:-3.37 17:-3.73 18:-2.80 19:-3.06 20:-1.10 21:-1.46 22:-1.18 23:-1.40 24:-2.10 25:-2.38 26:-1.26
AUDNZD,ny_fx,forex,14,15,False,2172,-1.1624,-10.0794,-1.0427,15:-0.71 16:-2.04 17:-2.36 18:-1.78 19:-1.49 20:-0.57 21:-0.91 22:-0.60 23:-0.32 24:-0.56 25:-1.74 26:-0.81
AUDNZD,ny_fx,forex,14,30,True,1940,-1.3188,-20.4494,-1.2016,15:-1.32 16:-2.17 17:-2.05 18:-1.57 19:-1.74 20:-0.86 21:-0.92 22:-0.89 23:-0.71 24:-1.02 25:-1.62 26:-0.94
AUDNZD,ny_fx,forex,14,30,False,1952,-0.9317,-11.1922,-0.9138,15:-0.48 16:-1.82 17:-1.59 18:-1.51 19:-1.22 20:-0.28 21:-0.74 22:-0.65 23:-0.15 24:-0.56 25:-1.37 26:-0.84
AUDNZD,ny_fx,forex,14,60,True,1654,-0.7677,-14.7880,-0.6567,15:-0.75 16:-1.27 17:-1.27 18:-1.02 19:-0.98 20:-0.55 21:-0.61 22:-0.54 23:-0.28 24:-0.73 25:-0.65 26:-0.56
AUDNZD,ny_fx,forex,14,60,False,1665,-0.6442,-9.6752,-0.5733,15:-0.52 16:-1.14 17:-1.04 18:-1.06 19:-0.85 20:-0.22 21:-0.61 22:-0.39 23:-0.19 24:-0.40 25:-0.61 26:-0.76
AUDNZD,ny_fx,forex,20,15,True,2137,-2.1390,-24.6189,-1.8623,15:-2.57 16:-3.40 17:-3.47 18:-2.41 19:-3.00 20:-1.12 21:-1.47 22:-1.27 23:-1.35 24:-2.08 25:-2.04 26:-1.32
AUDNZD,ny_fx,forex,20,15,False,2140,-1.1529,-10.2745,-0.9013,15:-0.99 16:-2.01 17:-2.31 18:-1.64 19:-1.71 20:-0.68 21:-0.79 22:-0.53 23:-0.38 24:-0.46 25:-1.47 26:-0.79
AUDNZD,ny_fx,forex,20,30,True,1902,-1.2734,-20.4713,-1.1166,15:-1.32 16:-2.13 17:-1.95 18:-1.53 19:-1.75 20:-0.79 21:-0.88 22:-0.89 23:-0.69 24:-1.02 25:-1.44 26:-0.85
AUDNZD,ny_fx,forex,20,30,False,1912,-0.8765,-11.0590,-0.8323,15:-0.56 16:-1.62 17:-1.34 18:-1.40 19:-1.28 20:-0.35 21:-0.69 22:-0.60 23:-0.16 24:-0.47 25:-1.23 26:-0.86
AUDNZD,ny_fx,forex,20,60,True,1624,-0.7594,-14.9571,-0.6527,15:-0.73 16:-1.32 17:-1.16 18:-1.08 19:-0.97 20:-0.57 21:-0.54 22:-0.47 23:-0.32 24:-0.73 25:-0.66 26:-0.55
AUDNZD,ny_fx,forex,20,60,False,1638,-0.6149,-9.3406,-0.5643,15:-0.55 16:-1.05 17:-1.01 18:-0.93 19:-0.84 20:-0.24 21:-0.56 22:-0.38 23:-0.14 24:-0.40 25:-0.53 26:-0.83
AUDUSD,ny_fx,forex,10,15,True,2200,-0.7305,-7.7452,-0.6607,15:-0.60 16:-0.56 17:-1.03 18:-0.58 19:-0.67 20:-1.28 21:-1.19 22:-0.59 23:-0.16 24:-0.68 25:-0.59 26:-0.73
AUDUSD,ny_fx,forex,10,15,False,2205,-0.4652,-3.1474,-0.4745,15:-0.04 16:-0.60 17:-0.70 18:-0.02 19:-0.52 20:-0.58 21:-0.41 22:-0.93 23:-0.28 24:-0.50 25:-0.44 26:-0.49
AUDUSD,ny_fx,forex,10,30,True,1973,-0.3567,-4.7871,-0.3218,15:-0.17 16:-0.00 17:-0.68 18:-0.19 19:-0.67 20:-0.78 21:-0.57 22:-0.26 23:+0.11 24:-0.34 25:-0.31 26:-0.32
AUDUSD,ny_fx,forex,10,30,False,1987,-0.3967,-3.6740,-0.5887,15:-0.26 16:-0.08 17:-0.63 18:+0.41 19:-0.43 20:-0.74 21:-0.41 22:-0.50 23:-0.35 24:-0.35 25:-0.82 26:-0.60
AUDUSD,ny_fx,forex,10,60,True,1653,-0.1943,-3.7684,-0.2566,15:+0.01 16:-0.01 17:-0.37 18:+0.07 19:-0.25 20:-0.50 21:-0.14 22:-0.11 23:-0.24 24:-0.14 25:-0.42 26:-0.19
AUDUSD,ny_fx,forex,10,60,False,1660,-0.2054,-2.9837,-0.3708,15:-0.05 16:-0.18 17:-0.27 18:+0.25 19:-0.13 20:-0.56 21:+0.07 22:-0.07 23:-0.44 24:-0.32 25:-0.44 26:-0.34
AUDUSD,ny_fx,forex,14,15,True,2174,-0.6656,-7.2015,-0.5319,15:-0.67 16:-0.60 17:-0.88 18:-0.94 19:-0.55 20:-1.15 21:-1.08 22:-0.30 23:-0.13 24:-0.47 25:-0.41 26:-0.76
AUDUSD,ny_fx,forex,14,15,False,2181,-0.3798,-2.6783,-0.2798,15:-0.25 16:-0.35 17:-0.63 18:-0.04 19:-0.55 20:-0.47 21:-0.61 22:-0.85 23:+0.11 24:-0.26 25:-0.27 26:-0.31
AUDUSD,ny_fx,forex,14,30,True,1954,-0.3137,-4.3852,-0.2799,15:-0.10 16:-0.03 17:-0.45 18:-0.44 19:-0.49 20:-0.78 21:-0.61 22:-0.09 23:+0.13 24:-0.22 25:-0.29 26:-0.33
AUDUSD,ny_fx,forex,14,30,False,1968,-0.3362,-3.2227,-0.3322,15:-0.29 16:+0.02 17:-0.73 18:+0.18 19:-0.31 20:-0.78 21:-0.43 22:-0.40 23:-0.25 24:-0.02 25:-0.55 26:-0.44
AUDUSD,ny_fx,forex,14,60,True,1639,-0.1976,-4.0570,-0.2328,15:-0.05 16:+0.00 17:-0.28 18:-0.05 19:-0.16 20:-0.60 21:-0.24 22:-0.08 23:-0.20 24:-0.00 25:-0.49 26:-0.19
AUDUSD,ny_fx,forex,14,60,False,1645,-0.2040,-3.0912,-0.2841,15:-0.12 16:-0.10 17:-0.19 18:+0.08 19:-0.08 20:-0.69 21:-0.06 22:-0.02 23:-0.41 24:-0.19 25:-0.43 26:-0.21
AUDUSD,ny_fx,forex,20,15,True,2151,-0.6123,-6.7340,-0.4044,15:-0.77 16:-0.54 17:-0.93 18:-0.59 19:-0.69 20:-1.06 21:-1.17 22:-0.29 23:+0.02 24:-0.40 25:-0.29 26:-0.54
AUDUSD,ny_fx,forex,20,15,False,2157,-0.4236,-2.9878,-0.2563,15:-0.09 16:-0.20 17:-0.81 18:+0.08 19:-0.63 20:-0.56 21:-0.77 22:-1.10 23:-0.10 24:-0.26 25:-0.16 26:-0.36
AUDUSD,ny_fx,forex,20,30,True,1921,-0.3019,-4.1860,-0.2486,15:-0.12 16:-0.03 17:-0.46 18:-0.30 19:-0.59 20:-0.63 21:-0.70 22:-0.12 23:+0.14 24:-0.27 25:-0.20 26:-0.29
AUDUSD,ny_fx,forex,20,30,False,1935,-0.3695,-3.5021,-0.3527,15:-0.23 16:+0.04 17:-0.75 18:+0.16 19:-0.35 20:-0.77 21:-0.57 22:-0.48 23:-0.35 24:-0.10 25:-0.55 26:-0.40
AUDUSD,ny_fx,forex,20,60,True,1620,-0.1758,-3.6517,-0.2136,15:-0.01 16:+0.03 17:-0.34 18:-0.02 19:-0.21 20:-0.42 21:-0.22 22:-0.07 23:-0.19 24:-0.01 25:-0.46 26:-0.16
AUDUSD,ny_fx,forex,20,60,False,1626,-0.1844,-2.8544,-0.2238,15:-0.06 16:-0.05 17:-0.29 18:+0.17 19:-0.15 20:-0.62 21:-0.06 22:-0.11 23:-0.37 24:-0.15 25:-0.34 26:-0.17
AUS200.cash,au_cash,index,10,15,True,1128,-1.0421,-9.2968,-0.1022,19:-5.27 20:-2.38 21:-2.51 22:-0.13 23:-0.29 24:-0.12 25:-0.14 26:-0.02
AUS200.cash,au_cash,index,10,15,False,1131,-0.6159,-5.5396,-0.0131,19:-2.49 20:-1.77 21:-1.35 22:-0.17 23:-0.31 24:+0.26 25:-0.23 26:-0.10
AUS200.cash,au_cash,index,10,30,True,996,-0.6300,-7.1287,-0.0247,19:-3.30 20:-1.31 21:-1.57 22:-0.17 23:-0.11 24:+0.07 25:-0.07 26:-0.10
AUS200.cash,au_cash,index,10,30,False,1001,-0.4576,-4.8676,0.0685,19:-1.72 20:-1.18 21:-1.17 22:-0.18 23:-0.30 24:+0.20 25:+0.04 26:-0.08
AUS200.cash,au_cash,index,10,60,True,824,-0.4230,-5.9374,0.0644,19:-2.06 20:-1.05 21:-1.13 22:-0.17 23:-0.11 24:+0.10 25:+0.03 26:+0.06
AUS200.cash,au_cash,index,10,60,False,837,-0.3951,-5.1672,-0.0014,19:-1.41 20:-0.86 21:-1.05 22:-0.18 23:-0.21 24:+0.04 25:+0.00 26:-0.07
AUS200.cash,au_cash,index,14,15,True,1107,-0.9521,-9.4166,-0.1316,19:-4.80 20:-2.13 21:-2.38 22:-0.05 23:-0.32 24:-0.26 25:-0.10 26:+0.01
AUS200.cash,au_cash,index,14,15,False,1110,-0.5623,-5.3707,-0.0850,19:-1.76 20:-1.65 21:-1.32 22:-0.09 23:-0.27 24:+0.10 25:-0.20 26:-0.19
AUS200.cash,au_cash,index,14,30,True,972,-0.6052,-7.2553,-0.0327,19:-3.15 20:-1.28 21:-1.55 22:-0.12 23:-0.14 24:-0.02 25:-0.01 26:-0.08
AUS200.cash,au_cash,index,14,30,False,975,-0.4438,-4.9546,0.0105,19:-1.41 20:-1.21 21:-1.09 22:-0.16 23:-0.29 24:+0.07 25:+0.10 26:-0.19
AUS200.cash,au_cash,index,14,60,True,812,-0.4151,-6.0586,0.0231,19:-1.99 20:-1.07 21:-1.10 22:-0.12 23:-0.15 24:+0.03 25:+0.00 26:+0.04
AUS200.cash,au_cash,index,14,60,False,823,-0.3726,-5.0679,-0.0414,19:-1.02 20:-0.83 21:-0.97 22:-0.18 23:-0.28 24:-0.04 25:-0.00 26:-0.09
AUS200.cash,au_cash,index,20,15,True,1102,-0.9227,-9.3826,-0.1658,19:-4.13 20:-2.00 21:-2.43 22:-0.04 23:-0.23 24:-0.24 25:-0.14 26:-0.09
AUS200.cash,au_cash,index,20,15,False,1104,-0.5294,-5.0798,-0.1012,19:-1.51 20:-1.61 21:-1.22 22:-0.02 23:-0.22 24:+0.08 25:-0.21 26:-0.21
AUS200.cash,au_cash,index,20,30,True,971,-0.5732,-7.4634,-0.0399,19:-2.74 20:-1.18 21:-1.51 22:-0.13 23:-0.15 24:+0.01 25:-0.04 26:-0.11
AUS200.cash,au_cash,index,20,30,False,977,-0.4095,-4.8742,0.0243,19:-1.42 20:-1.14 21:-1.02 22:-0.11 23:-0.25 24:+0.09 25:+0.08 26:-0.14
AUS200.cash,au_cash,index,20,60,True,824,-0.4012,-6.2018,0.0120,19:-2.05 20:-0.91 21:-1.09 22:-0.05 23:-0.15 24:+0.04 25:-0.05 26:+0.06
AUS200.cash,au_cash,index,20,60,False,836,-0.3419,-4.8960,-0.0383,19:-1.17 20:-0.72 21:-0.96 22:-0.05 23:-0.20 24:-0.04 25:-0.03 26:-0.04
AVGO,us_cash,stock,10,15,True,827,0.0596,0.6430,-0.0081,20:+0.82 21:-0.23 22:+0.23 23:+0.15 24:+0.23 25:+0.03 26:-0.33
AVGO,us_cash,stock,10,15,False,827,0.1438,1.1970,0.1112,20:+0.79 21:+0.07 22:+0.32 23:+0.06 24:+0.43 25:+0.08 26:-0.23
AVGO,us_cash,stock,10,30,True,744,0.0215,0.3069,-0.0518,20:+0.02 21:+0.04 22:+0.03 23:+0.19 24:+0.22 25:-0.13 26:-0.28
AVGO,us_cash,stock,10,30,False,749,0.0765,0.8116,0.1244,20:-0.01 21:-0.04 22:+0.09 23:-0.03 24:+0.49 25:+0.06 26:-0.22
AVGO,us_cash,stock,10,60,True,607,0.1282,2.0536,-0.0227,20:-0.34 21:+0.11 22:+0.06 23:+0.65 24:+0.20 25:-0.09 26:-0.22
AVGO,us_cash,stock,10,60,False,610,0.1459,1.9412,0.0738,20:+0.01 21:-0.01 22:+0.06 23:+0.49 24:+0.42 25:-0.07 26:-0.18
AVGO,us_cash,stock,14,15,True,806,0.1063,1.1923,0.0476,21:-0.17 22:+0.27 23:+0.18 24:+0.23 25:+0.13 26:-0.28
AVGO,us_cash,stock,14,15,False,806,0.1630,1.3885,0.1983,21:+0.12 22:+0.33 23:-0.08 24:+0.53 25:+0.20 26:-0.22
AVGO,us_cash,stock,14,30,True,720,0.0831,1.1762,0.0241,21:+0.14 22:+0.09 23:+0.21 24:+0.22 25:-0.02 26:-0.17
AVGO,us_cash,stock,14,30,False,726,0.1460,1.6052,0.2284,21:-0.00 22:+0.20 23:-0.07 24:+0.61 25:+0.08 26:-0.07
AVGO,us_cash,stock,14,60,True,593,0.1665,2.6392,0.0344,21:+0.09 22:+0.13 23:+0.60 24:+0.26 25:-0.04 26:-0.17
AVGO,us_cash,stock,14,60,False,597,0.2114,2.8642,0.1813,21:-0.07 22:+0.17 23:+0.43 24:+0.54 25:+0.01 26:-0.08
AVGO,us_cash,stock,20,15,True,798,0.1005,1.1592,0.0201,21:-0.03 22:+0.28 23:+0.16 24:+0.29 25:-0.01 26:-0.30
AVGO,us_cash,stock,20,15,False,798,0.1567,1.3711,0.1588,21:+0.22 22:+0.25 23:+0.03 24:+0.61 25:+0.02 26:-0.26
AVGO,us_cash,stock,20,30,True,708,0.0639,0.9428,-0.0230,21:+0.27 22:+0.10 23:+0.20 24:+0.17 25:-0.11 26:-0.17
AVGO,us_cash,stock,20,30,False,711,0.1176,1.3160,0.1839,21:+0.04 22:+0.15 23:-0.07 24:+0.61 25:-0.07 26:-0.06
AVGO,us_cash,stock,20,60,True,582,0.1436,2.2759,0.0151,21:+0.06 22:+0.12 23:+0.55 24:+0.24 25:-0.11 26:-0.13
AVGO,us_cash,stock,20,60,False,587,0.1863,2.5644,0.1577,21:-0.07 22:+0.15 23:+0.37 24:+0.49 25:-0.01 26:-0.08
BA,us_cash,stock,10,15,True,953,0.0224,0.2832,-0.0030,20:-0.03 21:+0.21 22:+0.19 23:-0.22 24:+0.31 25:-0.12 26:-0.26
BA,us_cash,stock,10,15,False,955,0.0415,0.4166,0.0521,20:+0.10 21:+0.17 22:+0.24 23:-0.28 24:+0.34 25:+0.01 26:-0.23
BA,us_cash,stock,10,30,True,859,0.0258,0.3951,0.0089,20:-0.00 21:+0.28 22:+0.17 23:-0.28 24:+0.16 25:-0.01 26:-0.14
BA,us_cash,stock,10,30,False,860,0.0023,0.0288,0.0287,20:+0.06 21:+0.19 22:+0.14 23:-0.35 24:+0.19 25:+0.07 26:-0.20
BA,us_cash,stock,10,60,True,702,-0.1001,-1.8145,-0.1634,20:+0.55 21:+0.12 22:+0.07 23:-0.33 24:+0.05 25:-0.23 26:-0.33
BA,us_cash,stock,10,60,False,705,-0.0853,-1.3146,-0.1929,20:+0.68 21:+0.09 22:+0.23 23:-0.30 24:+0.01 25:-0.18 26:-0.41
BA,us_cash,stock,14,15,True,931,0.0317,0.3960,0.0351,20:-0.44 21:+0.20 22:+0.24 23:-0.26 24:+0.40 25:-0.07 26:-0.30
BA,us_cash,stock,14,15,False,933,0.0229,0.2254,0.0547,20:-0.56 21:+0.15 22:+0.31 23:-0.36 24:+0.40 25:-0.03 26:-0.26
BA,us_cash,stock,14,30,True,840,0.0191,0.3058,0.0196,20:-0.27 21:+0.24 22:+0.19 23:-0.30 24:+0.27 25:-0.02 26:-0.23
BA,us_cash,stock,14,30,False,841,0.0174,0.2272,0.0446,20:-0.28 21:+0.17 22:+0.21 23:-0.33 24:+0.24 25:+0.07 26:-0.20
BA,us_cash,stock,14,60,True,690,-0.1034,-1.9127,-0.1639,20:+0.46 21:+0.11 22:+0.07 23:-0.34 24:+0.05 25:-0.21 26:-0.35
BA,us_cash,stock,14,60,False,695,-0.1006,-1.5814,-0.1912,20:+0.57 21:+0.07 22:+0.21 23:-0.33 24:+0.02 25:-0.18 26:-0.42
BA,us_cash,stock,20,15,True,917,0.0547,0.6829,0.0537,20:-0.16 21:+0.15 22:+0.26 23:-0.19 24:+0.49 25:-0.07 26:-0.33
BA,us_cash,stock,20,15,False,919,0.0427,0.4233,0.1228,20:-0.68 21:+0.14 22:+0.22 23:-0.35 24:+0.55 25:-0.07 26:-0.18
BA,us_cash,stock,20,30,True,825,0.0300,0.4847,0.0645,20:-0.17 21:+0.17 22:+0.16 23:-0.28 24:+0.34 25:+0.05 26:-0.22
BA,us_cash,stock,20,30,False,826,-0.0058,-0.0759,0.0686,20:-0.24 21:+0.15 22:+0.10 23:-0.40 24:+0.31 25:+0.02 26:-0.15
BA,us_cash,stock,20,60,True,690,-0.1049,-1.9605,-0.1420,20:+0.87 21:+0.06 22:+0.07 23:-0.34 24:+0.13 25:-0.18 26:-0.40
BA,us_cash,stock,20,60,False,692,-0.1039,-1.6208,-0.1782,20:+1.11 21:+0.03 22:+0.17 23:-0.30 24:+0.04 25:-0.14 26:-0.45
BABA,us_cash,stock,10,15,True,740,-0.1390,-1.9329,-0.2465,21:+0.19 22:+0.08 23:-0.18 24:-0.21 25:-0.29 26:-0.24
BABA,us_cash,stock,10,15,False,744,-0.1334,-1.4002,-0.2228,21:+0.00 22:+0.02 23:-0.06 24:-0.15 25:-0.36 26:-0.14
BABA,us_cash,stock,10,30,True,644,-0.0877,-1.4299,-0.1563,21:+0.10 22:+0.07 23:-0.13 24:-0.12 25:-0.11 26:-0.25
BABA,us_cash,stock,10,30,False,649,-0.0685,-0.8943,-0.1138,21:-0.13 22:+0.05 23:-0.02 24:-0.04 25:-0.18 26:-0.13
BABA,us_cash,stock,10,60,True,527,-0.0040,-0.0732,-0.0489,21:+0.01 22:+0.01 23:+0.12 24:-0.08 25:+0.03 26:-0.12
BABA,us_cash,stock,10,60,False,538,-0.0523,-0.8199,-0.1047,21:+0.04 22:-0.09 23:+0.11 24:-0.04 25:-0.16 26:-0.11
BABA,us_cash,stock,14,15,True,738,-0.1592,-2.2287,-0.2526,21:+0.02 22:+0.06 23:-0.17 24:-0.17 25:-0.26 26:-0.35
BABA,us_cash,stock,14,15,False,740,-0.0750,-0.8199,-0.0770,21:-0.02 22:-0.07 23:-0.10 24:-0.04 25:-0.12 26:-0.07
BABA,us_cash,stock,14,30,True,643,-0.0875,-1.4400,-0.1130,21:-0.05 22:+0.04 23:-0.15 24:-0.07 25:-0.04 26:-0.25
BABA,us_cash,stock,14,30,False,647,-0.0602,-0.8100,-0.0818,21:-0.15 22:+0.01 23:-0.02 24:-0.02 25:-0.13 26:-0.10
BABA,us_cash,stock,14,60,True,514,0.0107,0.1962,0.0013,21:-0.01 22:-0.01 23:+0.08 24:-0.01 25:+0.12 26:-0.13
BABA,us_cash,stock,14,60,False,523,-0.0238,-0.3727,-0.0395,21:-0.02 22:-0.08 23:+0.09 24:+0.02 25:-0.07 26:-0.07
BABA,us_cash,stock,20,15,True,727,-0.1200,-1.6495,-0.1741,21:+0.13 22:-0.02 23:-0.17 24:-0.20 25:-0.18 26:-0.13
BABA,us_cash,stock,20,15,False,730,-0.0888,-0.9452,-0.1005,21:+0.16 22:-0.13 23:-0.11 24:-0.03 25:-0.16 26:-0.11
BABA,us_cash,stock,20,30,True,617,-0.0764,-1.2249,-0.1058,21:+0.11 22:-0.05 23:-0.11 24:-0.10 25:-0.03 26:-0.22
BABA,us_cash,stock,20,30,False,620,-0.0258,-0.3364,-0.0524,21:+0.10 22:-0.07 23:+0.04 24:+0.00 25:-0.05 26:-0.12
BABA,us_cash,stock,20,60,True,505,0.0103,0.1954,-0.0028,21:+0.07 22:-0.05 23:+0.09 24:+0.00 25:+0.12 26:-0.17
BABA,us_cash,stock,20,60,False,513,-0.0052,-0.0834,-0.0176,21:+0.04 22:-0.12 23:+0.13 24:+0.08 25:-0.05 26:-0.10
BAC,us_cash,stock,10,15,True,856,-0.6071,-7.7652,-0.8691,21:-0.39 22:-0.29 23:-0.26 24:-0.48 25:-1.26 26:-0.84
BAC,us_cash,stock,10,15,False,856,-0.5427,-5.6988,-0.7085,21:-0.31 22:-0.27 23:-0.43 24:-0.30 25:-1.09 26:-0.73
BAC,us_cash,stock,10,30,True,761,-0.4096,-6.8977,-0.5967,21:-0.37 22:-0.23 23:-0.10 24:-0.41 25:-0.78 26:-0.58
BAC,us_cash,stock,10,30,False,765,-0.4188,-5.6434,-0.5735,21:-0.19 22:-0.26 23:-0.25 24:-0.35 25:-0.74 26:-0.62
BAC,us_cash,stock,10,60,True,629,-0.2576,-4.7316,-0.4078,21:-0.08 22:-0.19 23:+0.00 24:-0.20 25:-0.54 26:-0.51
BAC,us_cash,stock,10,60,False,636,-0.2971,-4.6603,-0.4894,21:-0.02 22:-0.12 23:-0.06 24:-0.22 25:-0.64 26:-0.65
BAC,us_cash,stock,14,15,True,852,-0.6117,-8.2394,-0.8972,21:-0.39 22:-0.21 23:-0.29 24:-0.46 25:-1.28 26:-0.92
BAC,us_cash,stock,14,15,False,853,-0.5369,-5.9288,-0.7015,21:-0.33 22:-0.30 23:-0.39 24:-0.24 25:-1.10 26:-0.74
BAC,us_cash,stock,14,30,True,749,-0.4036,-6.8221,-0.6119,21:-0.35 22:-0.18 23:-0.09 24:-0.40 25:-0.81 26:-0.60
BAC,us_cash,stock,14,30,False,751,-0.3919,-5.5056,-0.5280,21:-0.20 22:-0.29 23:-0.20 24:-0.26 25:-0.69 26:-0.64
BAC,us_cash,stock,14,60,True,620,-0.2390,-4.3752,-0.3791,21:-0.07 22:-0.17 23:+0.01 24:-0.21 25:-0.49 26:-0.45
BAC,us_cash,stock,14,60,False,625,-0.2527,-4.0599,-0.4059,21:-0.03 22:-0.12 23:-0.05 24:-0.19 25:-0.49 26:-0.57
BAC,us_cash,stock,20,15,True,836,-0.5757,-7.6396,-0.8546,21:-0.39 22:-0.13 23:-0.29 24:-0.45 25:-1.11 26:-1.02
BAC,us_cash,stock,20,15,False,838,-0.5287,-5.6593,-0.6956,21:-0.37 22:-0.23 23:-0.41 24:-0.29 25:-0.96 26:-0.86
BAC,us_cash,stock,20,30,True,739,-0.3743,-6.3571,-0.5489,21:-0.39 22:-0.15 23:-0.11 24:-0.41 25:-0.65 26:-0.60
BAC,us_cash,stock,20,30,False,741,-0.4009,-5.4624,-0.5435,21:-0.16 22:-0.26 23:-0.24 24:-0.40 25:-0.60 26:-0.66
BAC,us_cash,stock,20,60,True,605,-0.2277,-4.2213,-0.3417,21:-0.08 22:-0.18 23:-0.04 24:-0.21 25:-0.36 26:-0.47
BAC,us_cash,stock,20,60,False,610,-0.2607,-4.2022,-0.3989,21:-0.03 22:-0.14 23:-0.11 24:-0.20 25:-0.43 26:-0.60
BTCUSD,us_cash,crypto,10,15,True,1456,-0.0590,-0.3097,-0.1934,18:-1.43 19:+1.37 20:-0.27 21:-0.76 22:-0.05 23:+1.06 24:+0.05 25:-0.43 26:-0.19
BTCUSD,us_cash,crypto,10,15,False,1463,0.4576,1.9341,-0.0438,18:+0.07 19:+2.68 20:+0.39 21:-0.72 22:+0.29 23:+1.51 24:+0.05 25:-0.13 26:-0.05
BTCUSD,us_cash,crypto,10,30,True,1279,0.0694,0.3983,-0.0562,18:-1.23 19:+1.11 20:-0.13 21:-0.22 22:-0.11 23:+1.26 24:+0.06 25:-0.26 26:+0.08
BTCUSD,us_cash,crypto,10,30,False,1286,0.4745,2.0858,0.1222,18:-0.39 19:+2.77 20:+0.35 21:-0.28 22:+0.17 23:+1.34 24:+0.23 25:-0.05 26:+0.23
BTCUSD,us_cash,crypto,10,60,True,1023,0.1865,1.3166,-0.0666,18:+0.13 19:+1.29 20:-0.17 21:+0.02 22:+0.07 23:+0.62 24:-0.02 25:-0.16 26:+0.00
BTCUSD,us_cash,crypto,10,60,False,1032,0.4054,2.6873,0.0544,18:+0.55 19:+1.71 20:+0.03 21:+0.19 22:+0.37 23:+0.76 24:+0.13 25:-0.02 26:+0.06
BTCUSD,us_cash,crypto,14,15,True,1423,-0.0551,-0.3115,-0.0949,18:-1.42 19:+1.02 20:-0.19 21:-0.63 22:+0.02 23:+0.91 24:+0.17 25:-0.33 26:-0.12
BTCUSD,us_cash,crypto,14,15,False,1429,0.3827,1.7941,0.0071,18:+0.02 19:+2.12 20:+0.32 21:-0.60 22:+0.36 23:+1.32 24:+0.14 25:-0.03 26:-0.14
BTCUSD,us_cash,crypto,14,30,True,1256,0.0714,0.4562,-0.0048,18:-0.93 19:+0.91 20:-0.19 21:-0.32 22:+0.06 23:+1.09 24:+0.15 25:-0.20 26:+0.05
BTCUSD,us_cash,crypto,14,30,False,1262,0.3722,1.7188,0.1482,18:-0.15 19:+2.39 20:+0.01 21:-0.33 22:+0.10 23:+1.07 24:+0.25 25:+0.06 26:+0.13
BTCUSD,us_cash,crypto,14,60,True,995,0.2598,1.7515,-0.0519,18:+0.56 19:+1.32 20:-0.17 21:-0.08 22:+0.26 23:+0.81 24:+0.06 25:-0.20 26:+0.01
BTCUSD,us_cash,crypto,14,60,False,1003,0.4283,2.8001,0.0679,18:+0.98 19:+1.69 20:-0.12 21:+0.09 22:+0.38 23:+0.89 24:+0.19 25:-0.05 26:+0.06
BTCUSD,us_cash,crypto,20,15,True,1394,-0.0584,-0.3192,-0.1226,18:-1.22 19:+1.11 20:-0.26 21:-0.58 22:-0.11 23:+0.82 24:+0.12 25:-0.34 26:-0.17
BTCUSD,us_cash,crypto,20,15,False,1400,0.4047,1.8465,-0.0227,18:+0.11 19:+2.23 20:+0.35 21:-0.24 22:+0.30 23:+1.08 24:+0.01 25:+0.04 26:-0.15
BTCUSD,us_cash,crypto,20,30,True,1234,0.0479,0.3286,-0.0109,18:-0.85 19:+0.86 20:-0.21 21:-0.23 22:-0.08 23:+0.88 24:+0.06 25:-0.12 26:+0.04
BTCUSD,us_cash,crypto,20,30,False,1245,0.3343,1.7198,0.0821,18:-0.25 19:+2.06 20:+0.08 21:-0.06 22:+0.10 23:+0.87 24:+0.10 25:+0.04 26:+0.13
BTCUSD,us_cash,crypto,20,60,True,965,0.2532,1.7212,-0.0512,18:+0.55 19:+1.29 20:-0.18 21:+0.08 22:+0.16 23:+0.77 24:+0.02 25:-0.15 26:-0.02
BTCUSD,us_cash,crypto,20,60,False,972,0.4213,2.7973,0.0507,18:+0.96 19:+1.64 20:-0.21 21:+0.24 22:+0.38 23:+0.92 24:+0.20 25:-0.03 26:-0.04
CADCHF,ny_fx,forex,10,15,True,2268,-1.2199,-13.1658,-1.1988,15:-1.83 16:-2.43 17:-1.53 18:-1.52 19:-2.28 20:-0.23 21:-0.19 22:-0.45 23:-0.61 24:-1.12 25:-1.13 26:-1.39
CADCHF,ny_fx,forex,10,15,False,2272,-0.6380,-4.8015,-0.3824,15:-1.04 16:-1.76 17:-0.83 18:-1.27 19:-1.74 20:+0.13 21:-0.07 22:-0.46 23:+0.62 24:-0.22 25:-0.41 26:-0.54
CADCHF,ny_fx,forex,10,30,True,2037,-0.7783,-11.0341,-0.8194,15:-1.16 16:-1.47 17:-1.00 18:-0.94 19:-1.34 20:-0.27 21:-0.10 22:-0.25 23:-0.40 24:-0.76 25:-0.99 26:-0.67
CADCHF,ny_fx,forex,10,30,False,2043,-0.4695,-4.9157,-0.4048,15:-0.73 16:-0.96 17:-0.55 18:-0.78 19:-1.09 20:-0.02 21:+0.06 22:-0.18 23:-0.16 24:-0.08 25:-0.73 26:-0.36
CADCHF,ny_fx,forex,10,60,True,1718,-0.4095,-7.9938,-0.3380,15:-0.79 16:-0.97 17:-0.55 18:-0.31 19:-0.81 20:-0.11 21:+0.01 22:-0.22 23:-0.12 24:-0.27 25:-0.45 26:-0.29
CADCHF,ny_fx,forex,10,60,False,1725,-0.3247,-4.9864,-0.2146,15:-0.70 16:-0.81 17:-0.36 18:-0.01 19:-0.82 20:-0.10 21:-0.07 22:-0.29 23:-0.03 24:-0.12 25:-0.40 26:-0.09
CADCHF,ny_fx,forex,14,15,True,2236,-1.2087,-13.6474,-1.1617,15:-1.78 16:-2.34 17:-1.78 18:-1.18 19:-2.45 20:-0.37 21:-0.13 22:-0.51 23:-0.54 24:-1.19 25:-1.02 26:-1.32
CADCHF,ny_fx,forex,14,15,False,2242,-0.5818,-4.7109,-0.3817,15:-0.84 16:-1.35 17:-1.00 18:-0.85 19:-1.79 20:+0.05 21:-0.03 22:-0.52 23:+0.50 24:-0.13 25:-0.47 26:-0.56
CADCHF,ny_fx,forex,14,30,True,2017,-0.7706,-11.4406,-0.7411,15:-1.12 16:-1.43 17:-1.01 18:-0.84 19:-1.46 20:-0.31 21:-0.16 22:-0.31 23:-0.44 24:-0.74 25:-0.86 26:-0.59
CADCHF,ny_fx,forex,14,30,False,2023,-0.4669,-5.1470,-0.3815,15:-0.54 16:-0.79 17:-0.65 18:-0.64 19:-1.33 20:-0.06 21:+0.01 22:-0.34 23:-0.16 24:-0.02 25:-0.70 26:-0.39
CADCHF,ny_fx,forex,14,60,True,1703,-0.4148,-8.3805,-0.3112,15:-0.74 16:-0.88 17:-0.60 18:-0.32 19:-0.92 20:-0.12 21:-0.05 22:-0.27 23:-0.12 24:-0.34 25:-0.42 26:-0.13
CADCHF,ny_fx,forex,14,60,False,1710,-0.3312,-5.2113,-0.2374,15:-0.66 16:-0.74 17:-0.53 18:+0.00 19:-0.81 20:-0.02 21:-0.10 22:-0.34 23:-0.05 24:-0.17 25:-0.49 26:+0.02
CADCHF,ny_fx,forex,20,15,True,2217,-1.1133,-13.1443,-1.0747,15:-1.49 16:-2.23 17:-1.51 18:-1.10 19:-2.30 20:-0.48 21:-0.10 22:-0.40 23:-0.61 24:-1.04 25:-0.96 26:-1.28
CADCHF,ny_fx,forex,20,15,False,2221,-0.6324,-5.1752,-0.4891,15:-0.46 16:-1.40 17:-1.17 18:-0.94 19:-1.85 20:-0.12 21:-0.14 22:-0.41 23:+0.40 24:-0.42 25:-0.56 26:-0.48
CADCHF,ny_fx,forex,20,30,True,1989,-0.6985,-10.7374,-0.7216,15:-0.87 16:-1.29 17:-0.87 18:-0.69 19:-1.29 20:-0.46 21:-0.18 22:-0.21 23:-0.40 24:-0.67 25:-0.82 26:-0.66
CADCHF,ny_fx,forex,20,30,False,1994,-0.4641,-5.2013,-0.4128,15:-0.38 16:-0.85 17:-0.67 18:-0.57 19:-1.31 20:-0.02 21:+0.00 22:-0.29 23:-0.24 24:-0.12 25:-0.73 26:-0.35
CADCHF,ny_fx,forex,20,60,True,1681,-0.3817,-8.1817,-0.3175,15:-0.53 16:-0.81 17:-0.52 18:-0.21 19:-0.78 20:-0.25 21:-0.06 22:-0.26 23:-0.19 24:-0.37 25:-0.40 26:-0.14
CADCHF,ny_fx,forex,20,60,False,1689,-0.3275,-5.3033,-0.2821,15:-0.52 16:-0.74 17:-0.39 18:+0.08 19:-0.69 20:-0.14 21:-0.15 22:-0.39 23:-0.11 24:-0.19 25:-0.56 26:-0.03
CADJPY,ny_fx,forex,10,15,True,2232,-0.6588,-6.7829,-0.9267,15:-0.99 16:-0.82 17:-1.01 18:-1.00 19:-1.02 20:-0.33 21:+0.25 22:-0.17 23:-0.13 24:-1.33 25:-0.64 26:-0.77
CADJPY,ny_fx,forex,10,15,False,2233,-0.3308,-2.2247,-0.6416,15:-0.58 16:-0.21 17:-0.57 18:-0.43 19:-0.74 20:+0.36 21:+0.44 22:-0.35 23:-0.08 24:-0.98 25:-0.29 26:-0.64
CADJPY,ny_fx,forex,10,30,True,2017,-0.4331,-5.7506,-0.5799,15:-0.82 16:-0.40 17:-0.68 18:-0.69 19:-0.34 20:-0.37 21:+0.15 22:-0.27 23:-0.07 24:-1.03 25:-0.29 26:-0.38
CADJPY,ny_fx,forex,10,30,False,2026,-0.2473,-2.3955,-0.5227,15:-0.53 16:-0.02 17:-0.37 18:-0.25 19:-0.21 20:+0.17 21:+0.23 22:-0.50 23:+0.00 24:-0.60 25:-0.44 26:-0.53
CADJPY,ny_fx,forex,10,60,True,1719,-0.2567,-4.9976,-0.3355,15:-0.45 16:-0.13 17:-0.34 18:-0.42 19:-0.34 20:-0.16 21:-0.04 22:-0.26 23:+0.06 24:-0.31 25:-0.17 26:-0.56
CADJPY,ny_fx,forex,10,60,False,1730,-0.2541,-3.8546,-0.3778,15:-0.33 16:-0.12 17:-0.49 18:-0.25 19:-0.22 20:+0.21 21:-0.26 22:-0.51 23:+0.00 24:-0.32 25:-0.24 26:-0.61
CADJPY,ny_fx,forex,14,15,True,2220,-0.6753,-7.0796,-0.9033,15:-0.96 16:-0.88 17:-1.04 18:-0.98 19:-1.22 20:-0.34 21:+0.37 22:-0.23 23:-0.20 24:-1.46 25:-0.56 26:-0.61
CADJPY,ny_fx,forex,14,15,False,2223,-0.3984,-2.7659,-0.5859,15:-0.57 16:-0.42 17:-0.82 18:-0.50 19:-1.07 20:+0.16 21:+0.53 22:-0.31 23:-0.09 24:-0.82 25:-0.40 26:-0.51
CADJPY,ny_fx,forex,14,30,True,2016,-0.3944,-5.3822,-0.4989,15:-0.77 16:-0.38 17:-0.67 18:-0.60 19:-0.42 20:-0.32 21:+0.21 22:-0.24 23:-0.04 24:-0.89 25:-0.26 26:-0.29
CADJPY,ny_fx,forex,14,30,False,2022,-0.2804,-2.7903,-0.4604,15:-0.54 16:-0.04 17:-0.50 18:-0.34 19:-0.30 20:+0.03 21:+0.32 22:-0.60 23:-0.07 24:-0.50 25:-0.39 26:-0.50
CADJPY,ny_fx,forex,14,60,True,1702,-0.2546,-5.0798,-0.3541,15:-0.31 16:-0.19 17:-0.39 18:-0.45 19:-0.33 20:-0.06 21:-0.12 22:-0.30 23:+0.15 24:-0.33 25:-0.21 26:-0.56
CADJPY,ny_fx,forex,14,60,False,1711,-0.2806,-4.3073,-0.3659,15:-0.20 16:-0.25 17:-0.58 18:-0.32 19:-0.24 20:+0.16 21:-0.31 22:-0.55 23:+0.04 24:-0.30 25:-0.17 26:-0.70
CADJPY,ny_fx,forex,20,15,True,2181,-0.6382,-6.8317,-0.8947,15:-0.72 16:-0.96 17:-0.82 18:-0.95 19:-1.06 20:-0.28 21:+0.23 22:-0.15 23:-0.31 24:-1.49 25:-0.54 26:-0.56
CADJPY,ny_fx,forex,20,15,False,2183,-0.4582,-3.2304,-0.6509,15:-0.49 16:-0.22 17:-0.80 18:-0.63 19:-1.05 20:-0.10 21:+0.38 22:-0.43 23:-0.26 24:-0.86 25:-0.46 26:-0.61
CADJPY,ny_fx,forex,20,30,True,1986,-0.3874,-5.3568,-0.4503,15:-0.66 16:-0.36 17:-0.59 18:-0.67 19:-0.40 20:-0.33 21:+0.15 22:-0.31 23:-0.14 24:-0.88 25:-0.20 26:-0.20
CADJPY,ny_fx,forex,20,30,False,1991,-0.3484,-3.4228,-0.4095,15:-0.59 16:-0.05 17:-0.61 18:-0.47 19:-0.46 20:-0.09 21:+0.23 22:-0.59 23:-0.37 24:-0.47 25:-0.26 26:-0.52
CADJPY,ny_fx,forex,20,60,True,1669,-0.2317,-4.7878,-0.3256,15:-0.23 16:-0.21 17:-0.33 18:-0.42 19:-0.35 20:+0.06 21:-0.14 22:-0.29 23:+0.08 24:-0.35 25:-0.20 26:-0.44
CADJPY,ny_fx,forex,20,60,False,1679,-0.2455,-3.9136,-0.3326,15:-0.17 16:-0.23 17:-0.46 18:-0.26 19:-0.24 20:+0.23 21:-0.32 22:-0.52 23:-0.00 24:-0.27 25:-0.14 26:-0.65
CHFJPY,ny_fx,forex,10,15,True,2179,-0.8573,-9.7474,-0.6668,15:-1.32 16:-1.34 17:-1.28 18:-1.05 19:-1.66 20:-0.20 21:-0.46 22:-0.41 23:-0.52 24:-0.50 25:-0.83 26:-0.65
CHFJPY,ny_fx,forex,10,15,False,2182,-0.5013,-3.8833,-0.3037,15:-0.79 16:-1.29 17:-1.02 18:-1.38 19:-0.60 20:+0.06 21:-0.24 22:+0.06 23:+0.23 24:-0.38 25:-0.40 26:-0.07
CHFJPY,ny_fx,forex,10,30,True,1924,-0.4091,-5.5871,-0.3041,15:-0.61 16:-0.69 17:-0.67 18:-0.54 19:-0.64 20:-0.03 21:-0.23 22:-0.24 23:-0.31 24:-0.39 25:-0.28 26:-0.23
CHFJPY,ny_fx,forex,10,30,False,1937,-0.3194,-3.0846,-0.1882,15:-0.48 16:-0.76 17:-0.69 18:-0.66 19:-0.32 20:-0.05 21:-0.24 22:-0.06 23:+0.06 24:-0.29 25:-0.24 26:+0.00
CHFJPY,ny_fx,forex,10,60,True,1632,-0.1564,-2.6838,-0.0923,15:-0.21 16:-0.22 17:-0.31 18:-0.25 19:-0.41 20:-0.06 21:-0.17 22:-0.16 23:+0.21 24:+0.09 25:-0.19 26:-0.19
CHFJPY,ny_fx,forex,10,60,False,1647,-0.1068,-1.4181,0.0386,15:-0.06 16:-0.07 17:-0.32 18:-0.54 19:-0.17 20:-0.18 21:-0.09 22:-0.11 23:+0.21 24:+0.24 25:-0.04 26:-0.10
CHFJPY,ny_fx,forex,14,15,True,2136,-0.8087,-9.6209,-0.6081,15:-1.07 16:-1.08 17:-1.20 18:-1.30 19:-1.39 20:-0.11 21:-0.46 22:-0.68 23:-0.53 24:-0.57 25:-0.67 26:-0.57
CHFJPY,ny_fx,forex,14,15,False,2138,-0.4699,-3.8172,-0.2968,15:-0.63 16:-0.88 17:-0.99 18:-1.39 19:-0.27 20:-0.00 21:-0.32 22:-0.40 23:+0.20 24:-0.31 25:-0.37 26:-0.18
CHFJPY,ny_fx,forex,14,30,True,1905,-0.4172,-6.1301,-0.3047,15:-0.59 16:-0.63 17:-0.63 18:-0.66 19:-0.71 20:+0.11 21:-0.21 22:-0.38 23:-0.34 24:-0.35 25:-0.24 26:-0.34
CHFJPY,ny_fx,forex,14,30,False,1917,-0.3283,-3.3686,-0.1794,15:-0.52 16:-0.58 17:-0.65 18:-0.91 19:-0.31 20:+0.01 21:-0.22 22:-0.20 23:+0.06 24:-0.24 25:-0.12 26:-0.19
CHFJPY,ny_fx,forex,14,60,True,1631,-0.1767,-3.2920,-0.1383,15:-0.10 16:-0.18 17:-0.31 18:-0.30 19:-0.40 20:-0.05 21:-0.20 22:-0.26 23:+0.13 24:+0.09 25:-0.22 26:-0.30
CHFJPY,ny_fx,forex,14,60,False,1645,-0.1422,-2.0917,0.0342,15:-0.19 16:-0.04 17:-0.36 18:-0.52 19:-0.19 20:-0.15 21:-0.07 22:-0.35 23:+0.16 24:+0.24 25:+0.01 26:-0.17
CHFJPY,ny_fx,forex,20,15,True,2122,-0.8186,-9.8915,-0.5450,15:-1.19 16:-1.21 17:-1.14 18:-1.26 19:-1.46 20:-0.11 21:-0.71 22:-0.59 23:-0.43 24:-0.45 25:-0.64 26:-0.55
CHFJPY,ny_fx,forex,20,15,False,2124,-0.4962,-4.2108,-0.1765,15:-0.69 16:-0.84 17:-0.85 18:-1.36 19:-0.54 20:-0.03 21:-0.61 22:-0.50 23:+0.16 24:-0.15 25:-0.14 26:-0.26
CHFJPY,ny_fx,forex,20,30,True,1880,-0.4340,-6.5609,-0.2666,15:-0.68 16:-0.65 17:-0.47 18:-0.70 19:-0.68 20:-0.09 21:-0.32 22:-0.44 23:-0.33 24:-0.31 25:-0.21 26:-0.29
CHFJPY,ny_fx,forex,20,30,False,1893,-0.3195,-3.4912,-0.1409,15:-0.53 16:-0.55 17:-0.38 18:-0.87 19:-0.26 20:-0.09 21:-0.27 22:-0.42 23:+0.07 24:-0.18 25:-0.10 26:-0.15
CHFJPY,ny_fx,forex,20,60,True,1601,-0.1737,-3.3547,-0.0699,15:-0.31 16:-0.28 17:-0.20 18:-0.33 19:-0.33 20:-0.13 21:-0.14 22:-0.24 23:+0.13 24:+0.10 25:-0.11 26:-0.22
CHFJPY,ny_fx,forex,20,60,False,1614,-0.1305,-2.0189,0.0313,15:-0.25 16:-0.11 17:-0.16 18:-0.58 19:-0.19 20:-0.18 21:+0.00 22:-0.33 23:+0.24 24:+0.22 25:-0.00 26:-0.16
CVX,us_cash,stock,10,15,True,923,-0.0604,-0.8125,0.0415,20:+0.51 21:-0.21 22:-0.09 23:-0.23 24:+0.54 25:-0.17 26:-0.29
CVX,us_cash,stock,10,15,False,925,-0.0699,-0.7038,-0.0428,20:+1.01 21:-0.06 22:-0.10 23:-0.26 24:+0.32 25:-0.19 26:-0.30
CVX,us_cash,stock,10,30,True,815,-0.0519,-0.8103,0.0435,20:+0.32 21:-0.20 22:-0.02 23:-0.23 24:+0.34 25:-0.07 26:-0.18
CVX,us_cash,stock,10,30,False,821,-0.0248,-0.3118,0.0170,20:+0.76 21:-0.05 22:+0.03 23:-0.26 24:+0.11 25:+0.03 26:-0.11
CVX,us_cash,stock,10,60,True,670,-0.0150,-0.2671,-0.0058,20:+0.10 21:-0.14 22:+0.07 23:-0.02 24:+0.24 25:-0.13 26:-0.14
CVX,us_cash,stock,10,60,False,678,0.0460,0.7175,0.0084,20:+0.46 21:+0.00 22:+0.17 23:-0.00 24:+0.17 25:-0.08 26:-0.08
CVX,us_cash,stock,14,15,True,903,-0.0463,-0.6301,0.0333,20:+0.39 21:-0.20 22:+0.01 23:-0.21 24:+0.43 25:-0.13 26:-0.24
CVX,us_cash,stock,14,15,False,905,-0.0332,-0.3294,-0.0210,20:+0.78 21:-0.12 22:+0.07 23:-0.17 24:+0.27 25:-0.15 26:-0.21
CVX,us_cash,stock,14,30,True,802,-0.0395,-0.6536,0.0537,20:+0.26 21:-0.22 22:+0.02 23:-0.20 24:+0.23 25:-0.00 26:-0.12
CVX,us_cash,stock,14,30,False,808,-0.0316,-0.4179,-0.0080,20:+0.57 21:-0.05 22:+0.07 23:-0.25 24:-0.02 25:+0.02 26:-0.03
CVX,us_cash,stock,14,60,True,654,-0.0247,-0.4528,-0.0020,20:-0.02 21:-0.10 22:+0.03 23:-0.07 24:+0.17 25:-0.02 26:-0.19
CVX,us_cash,stock,14,60,False,662,0.0074,0.1187,-0.0157,20:+0.13 21:+0.00 22:+0.14 23:-0.08 24:+0.06 25:-0.04 26:-0.07
CVX,us_cash,stock,20,15,True,900,-0.0635,-0.8600,0.0336,20:+0.42 21:-0.16 22:-0.02 23:-0.30 24:+0.49 25:-0.17 26:-0.28
CVX,us_cash,stock,20,15,False,901,-0.0883,-0.8875,-0.0934,20:+0.54 21:-0.13 22:+0.03 23:-0.20 24:+0.28 25:-0.36 26:-0.23
CVX,us_cash,stock,20,30,True,792,-0.0413,-0.6963,0.0486,20:-0.01 21:-0.11 22:-0.02 23:-0.23 24:+0.26 25:-0.01 26:-0.14
CVX,us_cash,stock,20,30,False,797,-0.0607,-0.8178,-0.0556,20:+0.25 21:+0.01 22:+0.07 23:-0.30 24:+0.01 25:-0.07 26:-0.11
CVX,us_cash,stock,20,60,True,647,-0.0427,-0.8199,0.0077,20:-0.06 21:-0.12 22:-0.05 23:-0.08 24:+0.18 25:-0.03 26:-0.16
CVX,us_cash,stock,20,60,False,654,-0.0166,-0.2793,-0.0280,20:-0.05 21:-0.04 22:+0.08 23:-0.07 24:+0.11 25:-0.12 26:-0.10
DIS,us_cash,stock,10,15,True,935,-0.0552,-0.7901,-0.1738,20:+0.69 21:-0.14 22:+0.08 23:+0.11 24:+0.17 25:-0.26 26:-0.46
DIS,us_cash,stock,10,15,False,936,-0.0880,-0.8492,-0.1439,20:+0.79 21:-0.32 22:+0.03 23:+0.05 24:+0.12 25:-0.28 26:-0.28
DIS,us_cash,stock,10,30,True,837,-0.0328,-0.5699,-0.1030,20:+0.43 21:-0.03 22:-0.05 23:+0.11 24:+0.09 25:-0.09 26:-0.35
DIS,us_cash,stock,10,30,False,840,-0.0210,-0.2788,-0.0807,20:+0.32 21:+0.02 22:-0.07 23:+0.12 24:+0.05 25:-0.13 26:-0.16
DIS,us_cash,stock,10,60,True,688,-0.0487,-0.9603,-0.1226,20:+0.40 21:-0.05 22:-0.06 23:+0.11 24:+0.03 25:-0.10 26:-0.32
DIS,us_cash,stock,10,60,False,695,-0.0455,-0.7643,-0.1218,20:+0.46 21:-0.05 22:-0.06 23:+0.11 24:+0.00 25:-0.08 26:-0.32
DIS,us_cash,stock,14,15,True,927,-0.0304,-0.4387,-0.1115,20:+0.75 21:-0.06 22:+0.07 23:+0.03 24:+0.17 25:-0.16 26:-0.36
DIS,us_cash,stock,14,15,False,930,-0.0665,-0.6526,-0.0514,20:+0.61 21:-0.35 22:+0.05 23:-0.04 24:+0.17 25:-0.17 26:-0.14
DIS,us_cash,stock,14,30,True,825,-0.0377,-0.6866,-0.0859,20:+0.54 21:-0.05 22:-0.06 23:+0.06 24:+0.07 25:-0.07 26:-0.27
DIS,us_cash,stock,14,30,False,827,-0.0400,-0.5655,-0.0414,20:+0.24 21:-0.10 22:-0.10 23:+0.04 24:+0.04 25:-0.06 26:-0.11
DIS,us_cash,stock,14,60,True,671,-0.0495,-1.0111,-0.0880,20:+0.46 21:-0.07 22:-0.13 23:+0.09 24:+0.03 25:-0.06 26:-0.26
DIS,us_cash,stock,14,60,False,676,-0.0456,-0.7932,-0.0586,20:+0.35 21:-0.09 22:-0.13 23:+0.07 24:+0.07 25:-0.07 26:-0.19
DIS,us_cash,stock,20,15,True,913,-0.0506,-0.7229,-0.1525,20:+0.70 21:+0.03 22:+0.02 23:+0.01 24:+0.24 25:-0.30 26:-0.38
DIS,us_cash,stock,20,15,False,915,-0.0656,-0.6592,-0.0892,20:+0.59 21:-0.16 22:-0.03 23:-0.01 24:+0.24 25:-0.29 26:-0.19
DIS,us_cash,stock,20,30,True,815,-0.0420,-0.7845,-0.1201,20:+0.50 21:+0.01 22:-0.05 23:+0.08 24:+0.12 25:-0.17 26:-0.30
DIS,us_cash,stock,20,30,False,817,-0.0345,-0.5056,-0.0337,20:+0.25 21:-0.04 22:-0.13 23:+0.03 24:+0.13 25:-0.13 26:-0.09
DIS,us_cash,stock,20,60,True,660,-0.0463,-0.9505,-0.0714,20:+0.32 21:-0.05 22:-0.12 23:+0.06 24:+0.12 25:-0.09 26:-0.26
DIS,us_cash,stock,20,60,False,666,-0.0545,-0.9540,-0.0485,20:+0.19 21:-0.09 22:-0.14 23:+0.02 24:+0.13 25:-0.08 26:-0.21
DOGEUSD,us_cash,crypto,10,15,True,797,-0.9662,-6.7757,-0.6123,21:-1.36 22:-1.15 23:-1.64 24:-0.41 25:-0.80 26:-0.63
DOGEUSD,us_cash,crypto,10,15,False,800,-0.4910,-2.5905,-0.2128,21:-0.89 22:-0.63 23:-1.00 24:+0.12 25:-0.01 26:-0.91
DOGEUSD,us_cash,crypto,10,30,True,694,-0.5072,-3.9606,-0.3134,21:-0.69 22:-0.69 23:-0.82 24:-0.12 25:-0.29 26:-0.60
DOGEUSD,us_cash,crypto,10,30,False,703,-0.3556,-2.2484,-0.1630,21:-0.66 22:-0.50 23:-0.67 24:+0.22 25:-0.11 26:-0.73
DOGEUSD,us_cash,crypto,10,60,True,565,-0.2394,-2.2912,-0.1994,21:-0.44 22:-0.10 23:-0.42 24:-0.08 25:-0.23 26:-0.31
DOGEUSD,us_cash,crypto,10,60,False,574,-0.2050,-1.6413,-0.1733,21:-0.15 22:-0.06 23:-0.43 24:-0.11 25:-0.16 26:-0.28
DOGEUSD,us_cash,crypto,14,15,True,777,-0.8359,-5.9179,-0.5385,21:-1.45 22:-1.10 23:-1.27 24:-0.37 25:-0.69 26:-0.55
DOGEUSD,us_cash,crypto,14,15,False,780,-0.3602,-1.9155,-0.1183,21:-1.24 22:-0.37 23:-0.80 24:+0.35 25:-0.06 26:-0.78
DOGEUSD,us_cash,crypto,14,30,True,675,-0.4871,-3.7558,-0.3454,21:-0.89 22:-0.65 23:-0.64 24:-0.18 25:-0.21 26:-0.74
DOGEUSD,us_cash,crypto,14,30,False,682,-0.2731,-1.7646,-0.1426,21:-1.00 22:-0.33 23:-0.41 24:+0.17 25:-0.01 26:-0.72
DOGEUSD,us_cash,crypto,14,60,True,546,-0.1967,-1.8381,-0.1642,21:-0.43 22:-0.21 23:-0.23 24:-0.12 25:-0.13 26:-0.27
DOGEUSD,us_cash,crypto,14,60,False,553,-0.1624,-1.2687,-0.1303,21:-0.51 22:-0.04 23:-0.28 24:-0.09 25:-0.07 26:-0.26
DOGEUSD,us_cash,crypto,20,15,True,759,-0.8213,-5.5935,-0.4950,21:-1.58 22:-0.88 23:-1.51 24:-0.35 25:-0.66 26:-0.47
DOGEUSD,us_cash,crypto,20,15,False,762,-0.3704,-1.9125,-0.0389,21:-1.12 22:-0.43 23:-1.06 24:+0.22 25:+0.11 26:-0.54
DOGEUSD,us_cash,crypto,20,30,True,661,-0.4188,-3.2531,-0.2931,21:-0.83 22:-0.52 23:-0.58 24:-0.10 25:-0.25 26:-0.59
DOGEUSD,us_cash,crypto,20,30,False,666,-0.1683,-1.0590,0.0016,21:-1.00 22:-0.21 23:-0.39 24:+0.27 25:+0.09 26:-0.45
DOGEUSD,us_cash,crypto,20,60,True,529,-0.2371,-2.2206,-0.1701,21:-0.78 22:-0.20 23:-0.34 24:-0.10 25:-0.15 26:-0.29
DOGEUSD,us_cash,crypto,20,60,False,537,-0.2047,-1.5699,-0.0953,21:-0.69 22:-0.09 23:-0.51 24:-0.04 25:-0.07 26:-0.20
DXY.cash,us_cash,index,10,15,True,300,-1.2563,-5.9390,-1.2563,24:-5.66 25:-1.13 26:-1.11
DXY.cash,us_cash,index,10,15,False,301,-0.6751,-2.1511,-0.6751,24:-3.08 25:-0.43 26:-0.80
DXY.cash,us_cash,index,10,30,True,265,-0.8451,-5.0024,-0.8451,24:-2.75 25:-0.82 26:-0.72
DXY.cash,us_cash,index,10,30,False,267,-0.4005,-1.7247,-0.4005,24:-2.77 25:-0.13 26:-0.55
DXY.cash,us_cash,index,10,60,True,209,-0.3016,-2.2703,-0.3016,24:-0.89 25:-0.35 26:-0.19
DXY.cash,us_cash,index,10,60,False,212,-0.2375,-1.5492,-0.2375,24:-1.08 25:-0.16 26:-0.26
DXY.cash,us_cash,index,14,15,True,296,-1.0438,-5.3399,-1.0438,24:-2.86 25:-0.95 26:-1.07
DXY.cash,us_cash,index,14,15,False,296,-0.6015,-2.0167,-0.6015,24:-1.25 25:-0.46 26:-0.73
DXY.cash,us_cash,index,14,30,True,255,-0.7127,-4.1428,-0.7127,24:-0.83 25:-0.72 26:-0.70
DXY.cash,us_cash,index,14,30,False,258,-0.3588,-1.4800,-0.3588,24:-0.54 25:-0.26 26:-0.46
DXY.cash,us_cash,index,14,60,True,205,-0.2544,-1.9357,-0.2544,24:-0.10 25:-0.34 26:-0.16
DXY.cash,us_cash,index,14,60,False,206,-0.1895,-1.2453,-0.1895,24:-0.32 25:-0.11 26:-0.28
DXY.cash,us_cash,index,20,15,True,300,-0.9478,-5.4430,-0.9478,24:-6.28 25:-0.86 26:-0.97
DXY.cash,us_cash,index,20,15,False,301,-0.5272,-2.0603,-0.5272,24:-4.10 25:-0.41 26:-0.61
DXY.cash,us_cash,index,20,30,True,257,-0.6207,-3.7254,-0.6207,24:-1.14 25:-0.65 26:-0.58
DXY.cash,us_cash,index,20,30,False,260,-0.3286,-1.4170,-0.3286,24:-1.71 25:-0.29 26:-0.36
DXY.cash,us_cash,index,20,60,True,206,-0.2604,-2.1393,-0.2604,24:-1.79 25:-0.29 26:-0.19
DXY.cash,us_cash,index,20,60,False,207,-0.2334,-1.5768,-0.2334,24:-2.31 25:-0.16 26:-0.28
ETHUSD,us_cash,crypto,10,15,True,1442,-3.8863,-12.0294,-0.2845,18:-7.90 19:-18.63 20:-7.43 21:-0.33 22:-0.15 23:-0.21 24:-0.44 25:-0.21 26:-0.15
ETHUSD,us_cash,crypto,10,15,False,1453,-1.8425,-7.7288,-0.1112,18:-4.08 19:-8.99 20:-3.24 21:-0.82 22:+0.58 23:+0.26 24:-0.23 25:+0.17 26:-0.31
ETHUSD,us_cash,crypto,10,30,True,1251,-2.3126,-9.9334,-0.1068,18:-4.21 19:-12.43 20:-4.49 21:-0.16 22:-0.17 23:+0.42 24:-0.12 25:-0.10 26:-0.09
ETHUSD,us_cash,crypto,10,30,False,1261,-1.3557,-6.6028,0.0298,18:-2.91 19:-7.30 20:-2.58 21:-0.35 22:+0.23 23:+0.36 24:-0.08 25:+0.20 26:-0.05
ETHUSD,us_cash,crypto,10,60,True,1022,-1.2525,-8.3868,-0.0593,18:-3.02 19:-6.63 20:-2.19 21:-0.09 22:+0.02 23:+0.20 24:-0.21 25:+0.14 26:-0.10
ETHUSD,us_cash,crypto,10,60,False,1035,-0.9531,-7.1931,0.0563,18:-1.85 19:-5.11 20:-2.38 21:-0.13 22:+0.30 23:+0.10 24:-0.15 25:+0.29 26:+0.04
ETHUSD,us_cash,crypto,14,15,True,1409,-3.4482,-11.7494,-0.3398,18:-7.39 19:-15.18 20:-7.05 21:-0.40 22:-0.08 23:-0.15 24:-0.53 25:-0.20 26:-0.26
ETHUSD,us_cash,crypto,14,15,False,1418,-1.5922,-6.8828,-0.1316,18:-3.01 19:-7.83 20:-3.00 21:-0.80 22:+0.58 23:+0.21 24:-0.27 25:+0.30 26:-0.51
ETHUSD,us_cash,crypto,14,30,True,1229,-1.9555,-9.5208,-0.0960,18:-3.51 19:-10.33 20:-3.80 21:-0.25 22:-0.13 23:+0.45 24:-0.16 25:+0.08 26:-0.26
ETHUSD,us_cash,crypto,14,30,False,1240,-1.2473,-6.4443,-0.0089,18:-2.62 19:-6.50 20:-2.38 21:-0.40 22:+0.35 23:+0.28 24:-0.11 25:+0.27 26:-0.26
ETHUSD,us_cash,crypto,14,60,True,995,-0.9949,-7.8282,-0.0105,18:-2.18 19:-5.15 20:-2.20 21:-0.23 22:+0.09 23:+0.32 24:-0.20 25:+0.31 26:-0.15
ETHUSD,us_cash,crypto,14,60,False,1009,-0.7483,-6.2162,0.0487,18:-1.54 19:-3.98 20:-2.02 21:-0.24 22:+0.37 23:+0.24 24:-0.16 25:+0.47 26:-0.19
ETHUSD,us_cash,crypto,20,15,True,1393,-3.1958,-11.3887,-0.2185,18:-8.17 19:-12.96 20:-6.90 21:-0.35 22:-0.30 23:-0.22 24:-0.44 25:-0.03 26:-0.15
ETHUSD,us_cash,crypto,20,15,False,1401,-1.4136,-6.5476,0.1075,18:-3.60 19:-6.86 20:-2.74 21:-0.57 22:+0.19 23:+0.24 24:-0.17 25:+0.57 26:-0.11
ETHUSD,us_cash,crypto,20,30,True,1215,-1.7185,-10.9413,-0.0307,18:-3.75 19:-8.31 20:-3.79 21:-0.27 22:-0.25 23:+0.44 24:-0.15 25:+0.20 26:-0.17
ETHUSD,us_cash,crypto,20,30,False,1227,-1.0570,-6.9575,0.0896,18:-2.61 19:-5.59 20:-2.14 21:-0.39 22:+0.19 23:+0.46 24:-0.12 25:+0.50 26:-0.18
ETHUSD,us_cash,crypto,20,60,True,979,-0.9562,-8.3904,0.0029,18:-2.63 19:-4.56 20:-2.10 21:-0.30 22:-0.04 23:+0.38 24:-0.22 25:+0.39 26:-0.15
ETHUSD,us_cash,crypto,20,60,False,990,-0.7238,-6.6312,0.0851,18:-1.88 19:-3.69 20:-2.00 21:-0.28 22:+0.32 23:+0.33 24:-0.18 25:+0.51 26:-0.05
EU50.cash,eu_cash,index,10,15,True,940,-0.4264,-4.5784,-0.3822,21:-0.36 22:-0.29 23:-0.69 24:-0.38 25:-0.32 26:-0.46
EU50.cash,eu_cash,index,10,15,False,941,-0.1177,-0.9453,-0.1479,21:-0.08 22:+0.07 23:-0.22 24:-0.22 25:-0.09 26:-0.12
EU50.cash,eu_cash,index,10,30,True,866,-0.2536,-3.1782,-0.2087,21:-0.44 22:-0.21 23:-0.37 24:-0.35 25:-0.12 26:-0.13
EU50.cash,eu_cash,index,10,30,False,867,-0.0345,-0.3396,-0.0214,21:-0.18 22:+0.08 23:-0.14 24:-0.07 25:-0.08 26:+0.11
EU50.cash,eu_cash,index,10,60,True,733,-0.1184,-1.6226,-0.1025,21:-0.27 22:-0.06 23:-0.19 24:-0.07 25:-0.09 26:-0.15
EU50.cash,eu_cash,index,10,60,False,740,-0.0581,-0.6267,-0.0776,21:+0.05 22:+0.03 23:-0.11 24:-0.09 25:-0.12 26:-0.01
EU50.cash,eu_cash,index,14,15,True,927,-0.3727,-3.9812,-0.3007,21:-0.27 22:-0.30 23:-0.67 24:-0.23 25:-0.28 26:-0.42
EU50.cash,eu_cash,index,14,15,False,928,-0.0539,-0.4310,-0.1110,21:+0.03 22:+0.10 23:-0.06 24:-0.13 25:+0.01 26:-0.25
EU50.cash,eu_cash,index,14,30,True,853,-0.2000,-2.4675,-0.1634,21:-0.42 22:-0.15 23:-0.30 24:-0.15 25:-0.15 26:-0.20
EU50.cash,eu_cash,index,14,30,False,854,-0.0304,-0.2948,-0.0340,21:-0.19 22:+0.09 23:-0.10 24:+0.07 25:-0.11 26:-0.07
EU50.cash,eu_cash,index,14,60,True,722,-0.1032,-1.4375,-0.1067,21:-0.41 22:+0.01 23:-0.15 24:-0.03 25:-0.12 26:-0.19
EU50.cash,eu_cash,index,14,60,False,727,-0.0374,-0.4130,-0.0776,21:-0.04 22:+0.07 23:-0.03 24:-0.05 25:-0.13 26:-0.05
EU50.cash,eu_cash,index,20,15,True,905,-0.3196,-3.4018,-0.2970,21:-0.29 22:-0.16 23:-0.54 24:-0.31 25:-0.14 26:-0.48
EU50.cash,eu_cash,index,20,15,False,906,-0.0714,-0.5612,-0.1236,21:+0.12 22:+0.18 23:-0.20 24:-0.20 25:+0.10 26:-0.31
EU50.cash,eu_cash,index,20,30,True,836,-0.1589,-1.9587,-0.1624,21:-0.16 22:-0.05 23:-0.26 24:-0.23 25:-0.06 26:-0.21
EU50.cash,eu_cash,index,20,30,False,836,-0.0126,-0.1222,-0.0378,21:+0.05 22:+0.13 23:-0.09 24:+0.01 25:-0.06 26:-0.08
EU50.cash,eu_cash,index,20,60,True,707,-0.0595,-0.8441,-0.0974,21:-0.18 22:+0.06 23:-0.04 24:-0.02 25:-0.10 26:-0.20
EU50.cash,eu_cash,index,20,60,False,710,-0.0293,-0.3254,-0.1155,21:+0.02 22:+0.16 23:+0.03 24:-0.15 25:-0.13 26:-0.06
EURAUD,ny_fx,forex,10,15,True,2198,-0.7075,-7.6444,-0.8802,15:-0.83 16:-1.37 17:-0.80 18:-0.61 19:-0.88 20:-0.42 21:-0.52 22:-0.04 23:-0.35 24:-1.05 25:-0.84 26:-0.73
EURAUD,ny_fx,forex,10,15,False,2206,-0.2734,-2.0331,-0.5704,15:-0.33 16:-0.62 17:+0.33 18:-0.31 19:-0.49 20:-0.29 21:+0.20 22:-0.00 23:-0.09 24:-0.91 25:-0.33 26:-0.47
EURAUD,ny_fx,forex,10,30,True,1966,-0.3958,-5.7886,-0.5440,15:-0.30 16:-0.65 17:-0.34 18:-0.26 19:-0.94 20:-0.22 21:-0.31 22:-0.08 23:-0.05 24:-0.61 25:-0.54 26:-0.46
EURAUD,ny_fx,forex,10,30,False,1975,-0.2278,-2.3153,-0.3387,15:-0.43 16:-0.58 17:-0.04 18:-0.29 19:-0.28 20:+0.11 21:+0.10 22:-0.19 23:-0.21 24:-0.37 25:-0.34 26:-0.29
EURAUD,ny_fx,forex,10,60,True,1675,-0.2676,-4.9273,-0.3957,15:-0.12 16:-0.38 17:-0.18 18:-0.32 19:-0.44 20:-0.34 21:-0.07 22:+0.00 23:-0.18 24:-0.44 25:-0.36 26:-0.39
EURAUD,ny_fx,forex,10,60,False,1683,-0.1962,-2.9276,-0.3970,15:+0.01 16:-0.41 17:+0.08 18:-0.15 19:-0.19 20:-0.08 21:-0.06 22:-0.19 23:-0.21 24:-0.47 25:-0.25 26:-0.52
EURAUD,ny_fx,forex,14,15,True,2183,-0.7362,-8.2326,-0.9602,15:-0.74 16:-1.37 17:-0.80 18:-0.67 19:-0.97 20:-0.46 21:-0.62 22:-0.07 23:-0.26 24:-1.04 25:-1.09 26:-0.69
EURAUD,ny_fx,forex,14,15,False,2189,-0.3321,-2.5962,-0.6467,15:-0.42 16:-0.73 17:-0.00 18:-0.16 19:-0.52 20:-0.12 21:+0.20 22:-0.07 23:-0.27 24:-0.98 25:-0.50 26:-0.44
EURAUD,ny_fx,forex,14,30,True,1937,-0.3853,-5.4824,-0.5205,15:-0.44 16:-0.67 17:-0.26 18:-0.31 19:-0.89 20:-0.33 21:-0.20 22:-0.03 23:+0.04 24:-0.64 25:-0.54 26:-0.36
EURAUD,ny_fx,forex,14,30,False,1946,-0.2002,-2.0450,-0.3007,15:-0.71 16:-0.48 17:+0.06 18:-0.26 19:-0.24 20:+0.27 21:+0.18 22:-0.26 23:-0.16 24:-0.43 25:-0.36 26:-0.06
EURAUD,ny_fx,forex,14,60,True,1658,-0.2641,-5.0936,-0.3948,15:-0.16 16:-0.36 17:-0.12 18:-0.44 19:-0.36 20:-0.39 21:-0.05 22:+0.09 23:-0.20 24:-0.52 25:-0.29 26:-0.39
EURAUD,ny_fx,forex,14,60,False,1669,-0.1979,-3.0857,-0.3783,15:+0.09 16:-0.41 17:+0.07 18:-0.24 19:-0.25 20:-0.09 21:-0.07 22:-0.10 23:-0.27 24:-0.51 25:-0.25 26:-0.40
EURAUD,ny_fx,forex,20,15,True,2155,-0.6804,-7.9353,-0.8548,15:-0.73 16:-1.46 17:-0.61 18:-0.64 19:-0.96 20:-0.38 21:-0.45 22:-0.07 23:-0.31 24:-0.91 25:-0.94 26:-0.67
EURAUD,ny_fx,forex,20,15,False,2159,-0.3191,-2.5405,-0.5535,15:-0.56 16:-0.75 17:+0.18 18:-0.28 19:-0.62 20:-0.09 21:+0.10 22:-0.06 23:-0.15 24:-0.83 25:-0.38 26:-0.47
EURAUD,ny_fx,forex,20,30,True,1925,-0.3542,-5.2487,-0.4195,15:-0.36 16:-0.68 17:-0.21 18:-0.24 19:-0.78 20:-0.38 21:-0.12 22:-0.13 23:-0.10 24:-0.46 25:-0.43 26:-0.35
EURAUD,ny_fx,forex,20,30,False,1935,-0.1566,-1.6577,-0.3064,15:-0.42 16:-0.48 17:+0.24 18:-0.01 19:-0.11 20:+0.21 21:+0.09 22:-0.34 23:-0.21 24:-0.45 25:-0.24 26:-0.22
EURAUD,ny_fx,forex,20,60,True,1647,-0.2662,-5.2436,-0.3587,15:-0.22 16:-0.35 17:-0.16 18:-0.31 19:-0.39 20:-0.45 21:-0.18 22:+0.10 23:-0.18 24:-0.43 25:-0.23 26:-0.45
EURAUD,ny_fx,forex,20,60,False,1656,-0.1898,-3.0238,-0.3510,15:+0.02 16:-0.41 17:+0.04 18:-0.15 19:-0.12 20:-0.16 21:-0.18 22:-0.16 23:-0.13 24:-0.45 25:-0.19 26:-0.45
EURCAD,ny_fx,forex,10,15,True,2252,-0.6517,-7.1053,-1.0601,15:+0.02 16:-1.14 17:-0.36 18:-0.93 19:-0.61 20:-0.50 21:-0.49 22:-0.24 23:-0.36 24:-1.20 25:-0.93 26:-1.03
EURCAD,ny_fx,forex,10,15,False,2255,-0.2794,-2.0653,-0.5867,15:+0.03 16:-0.60 17:+0.32 18:-0.27 19:-0.57 20:-0.40 21:-0.31 22:-0.13 23:+0.36 24:-0.94 25:-0.31 26:-0.47
EURCAD,ny_fx,forex,10,30,True,2028,-0.4072,-5.9364,-0.6320,15:-0.01 16:-0.61 17:-0.35 18:-0.65 19:-0.52 20:-0.24 21:-0.40 22:-0.24 23:+0.04 24:-0.71 25:-0.62 26:-0.53
EURCAD,ny_fx,forex,10,30,False,2041,-0.2377,-2.5462,-0.5242,15:-0.01 16:-0.19 17:-0.04 18:-0.35 19:-0.33 20:-0.15 21:-0.18 22:-0.27 23:+0.20 24:-0.72 25:-0.49 26:-0.29
EURCAD,ny_fx,forex,10,60,True,1715,-0.1825,-3.5865,-0.3548,15:-0.01 16:-0.38 17:-0.20 18:-0.18 19:-0.41 20:+0.22 21:-0.18 22:-0.03 23:-0.02 24:-0.45 25:-0.36 26:-0.21
EURCAD,ny_fx,forex,10,60,False,1725,-0.1656,-2.6103,-0.2212,15:-0.07 16:-0.36 17:-0.11 18:-0.05 19:-0.39 20:-0.03 21:-0.24 22:-0.13 23:+0.04 24:-0.35 25:-0.09 26:-0.21
EURCAD,ny_fx,forex,14,15,True,2238,-0.6784,-7.6725,-1.1577,15:-0.12 16:-1.10 17:-0.34 18:-0.87 19:-0.59 20:-0.46 21:-0.52 22:-0.28 23:-0.43 24:-1.34 25:-1.05 26:-1.05
EURCAD,ny_fx,forex,14,15,False,2240,-0.3330,-2.5545,-0.7322,15:-0.35 16:-0.56 17:+0.31 18:-0.25 19:-0.71 20:-0.25 21:-0.23 22:+0.06 23:+0.14 24:-1.10 25:-0.59 26:-0.40
EURCAD,ny_fx,forex,14,30,True,2031,-0.3822,-5.6039,-0.6645,15:+0.06 16:-0.51 17:-0.07 18:-0.51 19:-0.55 20:-0.40 21:-0.42 22:-0.18 23:-0.01 24:-0.72 25:-0.69 26:-0.55
EURCAD,ny_fx,forex,14,30,False,2042,-0.2658,-2.8630,-0.6032,15:-0.10 16:-0.15 17:+0.13 18:-0.31 19:-0.48 20:-0.14 21:-0.20 22:-0.28 23:+0.11 24:-0.64 25:-0.80 26:-0.30
EURCAD,ny_fx,forex,14,60,True,1714,-0.1756,-3.5819,-0.3396,15:-0.07 16:-0.34 17:-0.13 18:-0.17 19:-0.39 20:+0.12 21:-0.12 22:-0.04 23:+0.00 24:-0.45 25:-0.35 26:-0.17
EURCAD,ny_fx,forex,14,60,False,1723,-0.1782,-2.9652,-0.2869,15:-0.21 16:-0.31 17:-0.08 18:-0.04 19:-0.39 20:+0.08 21:-0.18 22:-0.19 23:-0.01 24:-0.38 25:-0.23 26:-0.23
EURCAD,ny_fx,forex,20,15,True,2218,-0.6278,-7.2969,-1.1078,15:-0.22 16:-0.95 17:-0.35 18:-0.98 19:-0.44 20:-0.32 21:-0.43 22:-0.19 23:-0.36 24:-1.31 25:-0.88 26:-1.12
EURCAD,ny_fx,forex,20,15,False,2219,-0.2965,-2.3595,-0.7498,15:-0.19 16:-0.39 17:+0.36 18:-0.42 19:-0.51 20:+0.07 21:-0.24 22:-0.23 23:+0.17 24:-1.13 25:-0.53 26:-0.50
EURCAD,ny_fx,forex,20,30,True,2016,-0.3592,-5.5263,-0.7048,15:-0.03 16:-0.51 17:-0.02 18:-0.49 19:-0.49 20:-0.30 21:-0.36 22:-0.09 23:+0.04 24:-0.77 25:-0.69 26:-0.63
EURCAD,ny_fx,forex,20,30,False,2029,-0.2469,-2.8207,-0.5666,15:-0.17 16:-0.12 17:+0.16 18:-0.35 19:-0.45 20:-0.06 21:-0.16 22:-0.34 23:+0.15 24:-0.62 25:-0.69 26:-0.34
EURCAD,ny_fx,forex,20,60,True,1706,-0.1868,-4.0687,-0.3723,15:-0.18 16:-0.27 17:-0.11 18:-0.16 19:-0.38 20:+0.08 21:-0.14 22:-0.02 23:-0.03 24:-0.46 25:-0.31 26:-0.34
EURCAD,ny_fx,forex,20,60,False,1715,-0.1812,-3.2046,-0.2996,15:-0.19 16:-0.28 17:-0.04 18:-0.06 19:-0.39 20:-0.02 21:-0.12 22:-0.22 23:-0.00 24:-0.36 25:-0.19 26:-0.35
EURCHF,ny_fx,forex,10,15,True,2213,-1.1758,-13.4470,-1.0551,15:-1.54 16:-1.89 17:-1.52 18:-1.11 19:-1.58 20:-1.55 21:-0.56 22:-0.54 23:-0.70 24:-0.86 25:-1.42 26:-0.84
EURCHF,ny_fx,forex,10,15,False,2219,-0.4749,-4.0675,-0.2110,15:-0.59 16:-1.12 17:-0.37 18:-0.59 19:-0.58 20:-1.33 21:-0.01 22:-0.02 23:-0.38 24:-0.09 25:-0.76 26:+0.33
EURCHF,ny_fx,forex,10,30,True,1994,-0.7831,-11.9642,-0.8348,15:-0.77 16:-1.27 17:-0.98 18:-0.54 19:-0.90 20:-1.14 21:-0.67 22:-0.29 23:-0.39 24:-0.78 25:-1.01 26:-0.69
EURCHF,ny_fx,forex,10,30,False,2002,-0.4429,-4.9980,-0.3569,15:-0.10 16:-1.01 17:-0.60 18:-0.45 19:-0.23 20:-1.11 21:-0.19 22:-0.18 23:-0.34 24:-0.26 25:-0.65 26:-0.11
EURCHF,ny_fx,forex,10,60,True,1670,-0.4186,-7.0291,-0.2586,15:-0.40 16:-0.66 17:-0.58 18:-0.55 19:-0.71 20:-0.67 21:-0.25 22:-0.12 23:-0.30 24:-0.44 25:-0.35 26:+0.07
EURCHF,ny_fx,forex,10,60,False,1678,-0.2665,-3.7229,-0.0354,15:-0.03 16:-0.63 17:-0.42 18:-0.50 19:-0.30 20:-0.90 21:+0.07 22:-0.06 23:-0.27 24:-0.12 25:-0.25 26:+0.33
EURCHF,ny_fx,forex,14,15,True,2203,-1.1428,-13.7001,-1.1778,15:-1.47 16:-1.92 17:-1.27 18:-0.94 19:-1.46 20:-1.35 21:-0.57 22:-0.56 23:-0.69 24:-1.04 25:-1.48 26:-0.97
EURCHF,ny_fx,forex,14,15,False,2208,-0.5104,-4.5823,-0.3025,15:-0.68 16:-0.91 17:-0.46 18:-0.54 19:-0.55 20:-1.40 21:-0.07 22:-0.10 23:-0.44 24:-0.31 25:-0.68 26:+0.18
EURCHF,ny_fx,forex,14,30,True,1972,-0.7635,-12.4743,-0.8658,15:-0.86 16:-1.12 17:-0.86 18:-0.49 19:-0.89 20:-1.07 21:-0.60 22:-0.41 23:-0.29 24:-0.87 25:-0.98 26:-0.72
EURCHF,ny_fx,forex,14,30,False,1980,-0.4822,-5.7929,-0.4546,15:-0.24 16:-0.71 17:-0.65 18:-0.49 19:-0.41 20:-1.16 21:-0.12 22:-0.24 23:-0.34 24:-0.48 25:-0.54 26:-0.31
EURCHF,ny_fx,forex,14,60,True,1636,-0.4103,-7.3012,-0.2843,15:-0.36 16:-0.65 17:-0.52 18:-0.55 19:-0.67 20:-0.69 21:-0.20 22:-0.13 23:-0.31 24:-0.48 25:-0.30 26:-0.03
EURCHF,ny_fx,forex,14,60,False,1644,-0.2743,-3.9533,-0.0653,15:-0.08 16:-0.44 17:-0.44 18:-0.49 19:-0.37 20:-0.97 21:+0.12 22:-0.12 23:-0.28 24:-0.16 25:-0.25 26:+0.27
EURCHF,ny_fx,forex,20,15,True,2182,-1.0708,-13.2497,-1.1114,15:-1.25 16:-1.75 17:-1.06 18:-0.98 19:-1.48 20:-1.42 21:-0.56 22:-0.55 23:-0.48 24:-0.94 25:-1.55 26:-0.80
EURCHF,ny_fx,forex,20,15,False,2185,-0.5010,-4.6272,-0.2857,15:-0.57 16:-1.09 17:-0.47 18:-0.56 19:-0.59 20:-1.58 21:+0.06 22:-0.08 23:-0.21 24:-0.22 25:-0.67 26:+0.09
EURCHF,ny_fx,forex,20,30,True,1958,-0.7422,-12.4540,-0.8728,15:-0.86 16:-0.97 17:-0.71 18:-0.49 19:-0.91 20:-1.04 21:-0.63 22:-0.45 23:-0.25 24:-0.92 25:-1.06 26:-0.60
EURCHF,ny_fx,forex,20,30,False,1963,-0.4702,-5.7533,-0.4471,15:-0.27 16:-0.71 17:-0.50 18:-0.62 19:-0.34 20:-1.16 21:-0.14 22:-0.28 23:-0.23 24:-0.40 25:-0.63 26:-0.29
EURCHF,ny_fx,forex,20,60,True,1658,-0.3988,-7.5220,-0.3049,15:-0.45 16:-0.59 17:-0.42 18:-0.48 19:-0.62 20:-0.69 21:-0.25 22:-0.12 23:-0.27 24:-0.47 25:-0.32 26:-0.08
EURCHF,ny_fx,forex,20,60,False,1668,-0.3153,-4.6713,-0.1977,15:-0.20 16:-0.44 17:-0.35 18:-0.50 19:-0.34 20:-0.99 21:-0.02 22:-0.14 23:-0.18 24:-0.22 25:-0.43 26:+0.11
EURGBP,ny_fx,forex,10,15,True,2136,-0.8850,-10.8655,-0.9709,15:-0.41 16:-0.68 17:-0.49 18:-0.99 19:-0.62 20:-0.63 21:-2.32 22:-0.65 23:-0.96 24:-0.81 25:-1.02 26:-1.13
EURGBP,ny_fx,forex,10,15,False,2140,-0.4746,-4.0945,-0.8165,15:-0.35 16:-0.49 17:+0.02 18:-0.48 19:-0.22 20:-0.16 21:-0.82 22:-0.25 23:-0.54 24:-0.53 25:-1.15 26:-0.78
EURGBP,ny_fx,forex,10,30,True,1898,-0.5284,-7.6691,-0.6948,15:-0.31 16:-0.24 17:-0.34 18:-0.81 19:-0.26 20:-0.30 21:-1.41 22:-0.25 23:-0.42 24:-0.87 25:-0.64 26:-0.53
EURGBP,ny_fx,forex,10,30,False,1912,-0.2948,-3.3200,-0.5770,15:-0.00 16:-0.32 17:-0.26 18:-0.44 19:-0.27 20:+0.23 21:-0.42 22:+0.05 23:-0.42 24:-0.60 25:-0.78 26:-0.28
EURGBP,ny_fx,forex,10,60,True,1636,-0.2815,-5.2788,-0.4114,15:-0.03 16:-0.25 17:-0.11 18:-0.52 19:-0.02 20:-0.03 21:-0.77 22:-0.19 23:-0.27 24:-0.53 25:-0.35 26:-0.32
EURGBP,ny_fx,forex,10,60,False,1651,-0.1854,-2.8957,-0.3062,15:+0.04 16:-0.21 17:+0.07 18:-0.43 19:-0.25 20:+0.32 21:-0.43 22:-0.07 23:-0.38 24:-0.46 25:-0.31 26:-0.10
EURGBP,ny_fx,forex,14,15,True,2103,-0.8682,-10.8861,-0.9820,15:-0.29 16:-0.60 17:-0.77 18:-0.89 19:-0.46 20:-0.65 21:-2.29 22:-0.63 23:-0.96 24:-0.82 25:-0.91 26:-1.29
EURGBP,ny_fx,forex,14,15,False,2107,-0.4179,-3.6642,-0.6866,15:-0.23 16:-0.34 17:-0.21 18:-0.36 19:-0.27 20:-0.09 21:-0.81 22:-0.06 23:-0.65 24:-0.57 25:-0.79 26:-0.72
EURGBP,ny_fx,forex,14,30,True,1870,-0.5094,-7.4864,-0.6787,15:-0.22 16:-0.12 17:-0.38 18:-0.77 19:-0.16 20:-0.31 21:-1.43 22:-0.24 23:-0.52 24:-0.75 25:-0.61 26:-0.66
EURGBP,ny_fx,forex,14,30,False,1886,-0.2927,-3.3694,-0.4620,15:+0.03 16:-0.18 17:-0.36 18:-0.37 19:-0.40 20:+0.19 21:-0.57 22:+0.12 23:-0.60 24:-0.43 25:-0.64 26:-0.26
EURGBP,ny_fx,forex,14,60,True,1615,-0.2463,-4.7375,-0.3876,15:+0.03 16:-0.08 17:-0.14 18:-0.57 19:+0.07 20:-0.04 21:-0.68 22:-0.11 23:-0.33 24:-0.51 25:-0.32 26:-0.30
EURGBP,ny_fx,forex,14,60,False,1630,-0.1455,-2.3486,-0.2897,15:+0.02 16:-0.08 17:+0.04 18:-0.38 19:-0.12 20:+0.26 21:-0.35 22:+0.05 23:-0.36 24:-0.41 25:-0.26 26:-0.16
EURGBP,ny_fx,forex,20,15,True,2080,-0.8498,-10.9370,-0.9911,15:-0.54 16:-0.56 17:-0.67 18:-0.79 19:-0.47 20:-0.57 21:-2.20 22:-0.65 23:-0.83 24:-0.77 25:-0.93 26:-1.38
EURGBP,ny_fx,forex,20,15,False,2085,-0.3653,-3.3526,-0.6098,15:-0.19 16:-0.33 17:-0.08 18:-0.34 19:-0.13 20:-0.06 21:-0.85 22:-0.14 23:-0.49 24:-0.45 25:-0.71 26:-0.71
EURGBP,ny_fx,forex,20,30,True,1857,-0.4822,-7.5360,-0.6736,15:-0.28 16:-0.17 17:-0.39 18:-0.68 19:-0.02 20:-0.22 21:-1.30 22:-0.22 23:-0.53 24:-0.73 25:-0.67 26:-0.60
EURGBP,ny_fx,forex,20,30,False,1870,-0.2882,-3.4798,-0.4518,15:-0.20 16:-0.23 17:-0.33 18:-0.37 19:-0.24 20:+0.23 21:-0.59 22:+0.10 23:-0.52 24:-0.41 25:-0.66 26:-0.23
EURGBP,ny_fx,forex,20,60,True,1601,-0.2554,-5.1709,-0.4026,15:-0.06 16:-0.12 17:-0.15 18:-0.47 19:+0.03 20:+0.03 21:-0.63 22:-0.18 23:-0.34 24:-0.49 25:-0.37 26:-0.32
EURGBP,ny_fx,forex,20,60,False,1614,-0.1694,-2.8218,-0.3243,15:-0.09 16:-0.08 17:-0.09 18:-0.35 19:-0.09 20:+0.21 21:-0.32 22:+0.06 23:-0.35 24:-0.44 25:-0.30 26:-0.20
EURJPY,ny_fx,forex,10,15,True,2157,-0.7725,-8.5987,-0.9525,15:-0.52 16:-1.23 17:-0.57 18:-0.86 19:-0.28 20:-1.10 21:-1.29 22:-0.33 23:-0.21 24:-0.83 25:-0.82 26:-1.30
EURJPY,ny_fx,forex,10,15,False,2166,-0.3971,-2.9376,-0.7874,15:-0.13 16:-0.92 17:+0.17 18:-0.71 19:+0.03 20:-0.67 21:-0.71 22:-0.03 23:+0.55 24:-1.15 25:-0.96 26:-0.04
EURJPY,ny_fx,forex,10,30,True,1921,-0.3877,-5.3274,-0.5336,15:-0.21 16:-0.73 17:-0.16 18:-0.54 19:+0.01 20:-0.54 21:-0.87 22:-0.23 23:+0.21 24:-0.43 25:-0.48 26:-0.73
EURJPY,ny_fx,forex,10,30,False,1934,-0.2601,-2.5602,-0.4924,15:+0.28 16:-0.51 17:+0.10 18:-0.78 19:+0.23 20:-0.55 21:-0.47 22:-0.18 23:+0.25 24:-0.47 25:-0.56 26:-0.44
EURJPY,ny_fx,forex,10,60,True,1617,-0.2282,-3.5120,-0.4772,15:+0.01 16:-0.40 17:+0.00 18:-0.44 19:+0.07 20:-0.34 21:-0.34 22:-0.23 23:+0.29 24:-0.17 25:-0.32 26:-1.09
EURJPY,ny_fx,forex,10,60,False,1627,-0.2718,-3.3792,-0.5521,15:+0.14 16:-0.44 17:+0.02 18:-0.77 19:+0.38 20:-0.31 21:-0.36 22:-0.38 23:+0.07 24:-0.38 25:-0.18 26:-1.23
EURJPY,ny_fx,forex,14,15,True,2139,-0.7424,-8.6778,-1.0510,15:-0.35 16:-1.09 17:-0.60 18:-0.95 19:-0.17 20:-1.03 21:-1.11 22:-0.21 23:-0.25 24:-0.92 25:-0.89 26:-1.44
EURJPY,ny_fx,forex,14,15,False,2145,-0.3193,-2.5163,-0.6225,15:+0.27 16:-0.85 17:+0.10 18:-0.73 19:+0.17 20:-0.71 21:-0.46 22:-0.08 23:+0.35 24:-0.80 25:-0.76 26:-0.19
EURJPY,ny_fx,forex,14,30,True,1903,-0.3944,-5.6025,-0.5628,15:-0.29 16:-0.68 17:-0.27 18:-0.60 19:+0.07 20:-0.57 21:-0.77 22:-0.22 23:+0.28 24:-0.55 25:-0.49 26:-0.66
EURJPY,ny_fx,forex,14,30,False,1920,-0.2516,-2.5242,-0.4460,15:+0.29 16:-0.59 17:-0.02 18:-0.84 19:+0.33 20:-0.50 21:-0.35 22:-0.19 23:+0.26 24:-0.53 25:-0.33 26:-0.47
EURJPY,ny_fx,forex,14,60,True,1591,-0.2218,-3.8552,-0.3841,15:-0.03 16:-0.41 17:-0.12 18:-0.44 19:+0.26 20:-0.39 21:-0.38 22:-0.23 23:+0.22 24:-0.22 25:-0.22 26:-0.80
EURJPY,ny_fx,forex,14,60,False,1599,-0.2534,-3.5188,-0.4722,15:+0.04 16:-0.37 17:-0.01 18:-0.77 19:+0.47 20:-0.42 21:-0.30 22:-0.30 23:+0.04 24:-0.49 25:-0.12 26:-0.87
EURJPY,ny_fx,forex,20,15,True,2109,-0.7376,-8.6213,-0.9938,15:-0.37 16:-1.03 17:-0.56 18:-1.06 19:-0.32 20:-0.96 21:-1.19 22:-0.26 23:-0.14 24:-0.76 25:-0.91 26:-1.41
EURJPY,ny_fx,forex,20,15,False,2114,-0.4204,-3.3399,-0.6779,15:+0.14 16:-0.90 17:+0.01 18:-0.88 19:+0.01 20:-0.56 21:-0.83 22:-0.24 23:+0.26 24:-0.89 25:-0.70 26:-0.37
EURJPY,ny_fx,forex,20,30,True,1877,-0.4100,-5.9438,-0.5572,15:-0.26 16:-0.59 17:-0.30 18:-0.63 19:-0.02 20:-0.61 21:-0.84 22:-0.28 23:+0.26 24:-0.48 25:-0.42 26:-0.82
EURJPY,ny_fx,forex,20,30,False,1894,-0.2672,-2.7770,-0.4118,15:+0.42 16:-0.68 17:-0.06 18:-0.88 19:+0.36 20:-0.45 21:-0.46 22:-0.23 23:+0.11 24:-0.49 25:-0.28 26:-0.46
EURJPY,ny_fx,forex,20,60,True,1581,-0.2336,-4.0693,-0.3723,15:-0.24 16:-0.33 17:-0.11 18:-0.40 19:+0.11 20:-0.36 21:-0.39 22:-0.26 23:+0.25 24:-0.20 25:-0.19 26:-0.85
EURJPY,ny_fx,forex,20,60,False,1591,-0.2411,-3.4633,-0.4263,15:-0.15 16:-0.30 17:+0.05 18:-0.57 19:+0.35 20:-0.37 21:-0.28 22:-0.34 23:-0.03 24:-0.41 25:-0.14 26:-0.82
EURNZD,ny_fx,forex,10,15,True,2180,-1.3718,-15.6722,-1.4633,15:-1.68 16:-2.31 17:-1.68 18:-1.64 19:-2.54 20:-0.55 21:-0.52 22:-0.31 23:-0.77 24:-1.48 25:-1.60 26:-1.27
EURNZD,ny_fx,forex,10,15,False,2184,-0.6631,-5.4872,-1.1730,15:-0.70 16:-1.30 17:-0.64 18:-0.75 19:-1.00 20:+0.05 21:+0.44 22:-0.43 23:-0.16 24:-1.28 25:-1.67 26:-0.44
EURNZD,ny_fx,forex,10,30,True,1937,-0.7998,-11.9871,-0.8643,15:-0.85 16:-1.28 17:-1.10 18:-0.95 19:-1.77 20:-0.21 21:-0.30 22:-0.22 23:-0.28 24:-0.73 25:-0.86 26:-1.03
EURNZD,ny_fx,forex,10,30,False,1947,-0.5425,-5.8807,-0.6850,15:-0.57 16:-1.02 17:-0.65 18:-0.58 19:-1.20 20:+0.03 21:+0.15 22:-0.52 23:-0.12 24:-0.63 25:-0.99 26:-0.39
EURNZD,ny_fx,forex,10,60,True,1645,-0.4405,-8.5104,-0.5865,15:-0.24 16:-1.05 17:-0.46 18:-0.44 19:-0.87 20:-0.26 21:+0.02 22:+0.05 23:-0.25 24:-0.42 25:-0.49 26:-0.88
EURNZD,ny_fx,forex,10,60,False,1656,-0.3345,-5.2581,-0.5560,15:-0.18 16:-0.83 17:-0.03 18:-0.40 19:-0.63 20:-0.20 21:+0.10 22:-0.10 23:-0.10 24:-0.37 25:-0.72 26:-0.58
EURNZD,ny_fx,forex,14,15,True,2183,-1.2810,-14.7956,-1.4115,15:-1.59 16:-2.22 17:-1.57 18:-1.57 19:-2.29 20:-0.37 21:-0.70 22:-0.13 23:-0.65 24:-1.52 25:-1.56 26:-1.09
EURNZD,ny_fx,forex,14,15,False,2190,-0.6611,-5.6735,-1.0234,15:-0.69 16:-1.34 17:-0.68 18:-0.93 19:-0.81 20:-0.16 21:+0.16 22:-0.23 23:-0.21 24:-1.03 25:-1.50 26:-0.40
EURNZD,ny_fx,forex,14,30,True,1919,-0.7648,-11.7881,-0.7743,15:-0.75 16:-1.33 17:-1.06 18:-0.95 19:-1.59 20:-0.31 21:-0.39 22:-0.18 23:-0.26 24:-0.76 25:-0.71 26:-0.86
EURNZD,ny_fx,forex,14,30,False,1927,-0.5033,-5.6992,-0.6006,15:-0.34 16:-0.94 17:-0.60 18:-0.61 19:-0.99 20:-0.11 21:+0.10 22:-0.48 23:-0.24 24:-0.49 25:-0.89 26:-0.39
EURNZD,ny_fx,forex,14,60,True,1623,-0.4081,-8.1486,-0.4683,15:-0.24 16:-1.13 17:-0.50 18:-0.43 19:-0.76 20:-0.29 21:-0.01 22:+0.04 23:-0.14 24:-0.35 25:-0.38 26:-0.71
EURNZD,ny_fx,forex,14,60,False,1632,-0.3144,-5.1078,-0.4816,15:-0.13 16:-0.84 17:-0.08 18:-0.32 19:-0.58 20:-0.30 21:+0.08 22:-0.06 23:-0.11 24:-0.31 25:-0.63 26:-0.49
EURNZD,ny_fx,forex,20,15,True,2144,-1.2276,-14.7543,-1.2744,15:-1.57 16:-2.10 17:-1.51 18:-1.63 19:-2.22 20:-0.47 21:-0.51 22:-0.20 23:-0.63 24:-1.21 25:-1.61 26:-0.93
EURNZD,ny_fx,forex,20,15,False,2147,-0.5464,-4.8784,-0.7724,15:-0.69 16:-1.10 17:-0.56 18:-0.88 19:-0.66 20:-0.14 21:+0.19 22:-0.16 23:-0.26 24:-0.60 25:-1.27 26:-0.35
EURNZD,ny_fx,forex,20,30,True,1888,-0.7639,-12.0705,-0.7136,15:-0.87 16:-1.32 17:-1.02 18:-0.96 19:-1.62 20:-0.40 21:-0.30 22:-0.19 23:-0.24 24:-0.63 25:-0.75 26:-0.77
EURNZD,ny_fx,forex,20,30,False,1897,-0.4574,-5.3043,-0.5824,15:-0.49 16:-0.94 17:-0.42 18:-0.62 19:-0.90 20:-0.06 21:+0.22 22:-0.34 23:-0.19 24:-0.46 25:-0.78 26:-0.49
EURNZD,ny_fx,forex,20,60,True,1578,-0.4104,-8.0924,-0.4447,15:-0.21 16:-1.06 17:-0.50 18:-0.49 19:-0.71 20:-0.33 21:-0.02 22:-0.03 23:-0.17 24:-0.28 25:-0.44 26:-0.62
EURNZD,ny_fx,forex,20,60,False,1590,-0.2936,-4.7100,-0.4346,15:-0.21 16:-0.84 17:+0.01 18:-0.35 19:-0.53 20:-0.27 21:+0.14 22:-0.08 23:-0.09 24:-0.16 25:-0.58 26:-0.55
EURUSD,ny_fx,forex,10,15,True,2182,-0.6586,-6.8869,-0.5139,15:+0.15 16:-0.84 17:-0.58 18:-0.54 19:-0.45 20:-1.94 21:-1.77 22:-0.29 23:+0.15 24:-0.74 25:-0.53 26:-0.22
EURUSD,ny_fx,forex,10,15,False,2191,-0.4673,-3.2275,-0.1786,15:+1.06 16:-1.40 17:-0.23 18:+0.37 19:-0.54 20:-2.16 21:-1.22 22:-1.03 23:+0.36 24:-0.44 25:-0.14 26:+0.10
EURUSD,ny_fx,forex,10,30,True,1965,-0.3201,-4.3014,-0.3110,15:+0.40 16:-0.51 17:+0.06 18:-0.03 19:-0.03 20:-1.38 21:-1.12 22:-0.34 23:+0.22 24:-0.59 25:-0.36 26:+0.09
EURUSD,ny_fx,forex,10,30,False,1979,-0.4095,-3.7761,-0.3586,15:+0.56 16:-0.97 17:-0.16 18:+0.23 19:-0.23 20:-1.59 21:-0.89 22:-0.93 23:+0.32 24:-0.58 25:-0.37 26:-0.06
EURUSD,ny_fx,forex,10,60,True,1651,-0.1706,-3.2194,-0.2126,15:+0.17 16:-0.30 17:+0.06 18:-0.01 19:-0.26 20:-0.55 21:-0.59 22:-0.12 23:+0.26 24:-0.29 25:-0.13 26:-0.21
EURUSD,ny_fx,forex,10,60,False,1663,-0.1826,-2.7897,-0.2443,15:+0.26 16:-0.55 17:-0.01 18:+0.08 19:-0.27 20:-0.52 21:-0.32 22:-0.36 23:+0.27 24:-0.39 25:-0.14 26:-0.19
EURUSD,ny_fx,forex,14,15,True,2147,-0.5993,-6.2629,-0.5022,15:+0.33 16:-0.80 17:-0.51 18:-0.47 19:-0.20 20:-1.85 21:-1.83 22:-0.28 23:+0.20 24:-0.79 25:-0.58 26:-0.02
EURUSD,ny_fx,forex,14,15,False,2154,-0.3831,-2.6825,-0.1969,15:+1.37 16:-1.00 17:-0.26 18:+0.64 19:-0.63 20:-2.07 21:-1.23 22:-0.86 23:+0.45 24:-0.74 25:-0.10 26:+0.39
EURUSD,ny_fx,forex,14,30,True,1941,-0.2826,-3.8303,-0.2926,15:+0.42 16:-0.52 17:-0.10 18:+0.06 19:+0.03 20:-1.15 21:-1.12 22:-0.24 23:+0.32 24:-0.66 25:-0.34 26:+0.25
EURUSD,ny_fx,forex,14,30,False,1956,-0.3399,-3.2632,-0.1959,15:+0.80 16:-0.86 17:-0.29 18:+0.44 19:-0.35 20:-1.44 21:-1.07 22:-0.81 23:+0.43 24:-0.53 25:-0.26 26:+0.33
EURUSD,ny_fx,forex,14,60,True,1654,-0.1778,-3.4939,-0.2188,15:+0.15 16:-0.27 17:-0.10 18:+0.05 19:-0.18 20:-0.50 21:-0.63 22:-0.10 23:+0.21 24:-0.32 25:-0.18 26:-0.13
EURUSD,ny_fx,forex,14,60,False,1669,-0.2047,-3.1861,-0.2335,15:+0.20 16:-0.52 17:-0.10 18:+0.11 19:-0.23 20:-0.55 21:-0.53 22:-0.35 23:+0.30 24:-0.41 25:-0.20 26:-0.05
EURUSD,ny_fx,forex,20,15,True,2135,-0.5688,-6.2678,-0.4200,15:+0.10 16:-0.76 17:-0.55 18:-0.38 19:-0.10 20:-1.95 21:-1.73 22:-0.26 23:+0.35 24:-0.78 25:-0.50 26:+0.14
EURUSD,ny_fx,forex,20,15,False,2142,-0.4913,-3.5327,-0.2795,15:+0.84 16:-1.00 17:-0.31 18:+0.34 19:-0.59 20:-2.00 21:-1.62 22:-0.77 23:+0.46 24:-0.83 25:-0.21 26:+0.33
EURUSD,ny_fx,forex,20,30,True,1925,-0.2577,-3.6371,-0.2169,15:+0.17 16:-0.24 17:-0.02 18:+0.12 19:-0.01 20:-1.23 21:-1.11 22:-0.24 23:+0.34 24:-0.46 25:-0.42 26:+0.38
EURUSD,ny_fx,forex,20,30,False,1936,-0.3332,-3.3585,-0.2331,15:+0.47 16:-0.46 17:-0.32 18:+0.25 19:-0.18 20:-1.39 21:-1.07 22:-0.70 23:+0.41 24:-0.56 25:-0.36 26:+0.37
EURUSD,ny_fx,forex,20,60,True,1614,-0.1541,-3.1394,-0.1434,15:+0.02 16:-0.12 17:-0.10 18:+0.09 19:-0.19 20:-0.50 21:-0.61 22:-0.15 23:+0.22 24:-0.23 25:-0.14 26:-0.04
EURUSD,ny_fx,forex,20,60,False,1627,-0.1877,-3.0976,-0.2272,15:+0.07 16:-0.28 17:-0.14 18:+0.03 19:-0.13 20:-0.51 21:-0.53 22:-0.22 23:+0.22 24:-0.43 25:-0.16 26:-0.05
FRA40.cash,eu_cash,index,10,15,True,955,-0.2519,-3.2085,-0.2981,21:-0.22 22:-0.20 23:-0.19 24:-0.17 25:-0.52 26:-0.19
FRA40.cash,eu_cash,index,10,15,False,960,-0.1802,-1.6377,-0.2327,21:-0.45 22:-0.02 23:-0.14 24:-0.17 25:-0.37 26:-0.14
FRA40.cash,eu_cash,index,10,30,True,870,-0.1579,-2.1382,-0.1826,21:-0.28 22:-0.12 23:-0.10 24:-0.22 25:-0.32 26:+0.04
FRA40.cash,eu_cash,index,10,30,False,870,-0.0879,-0.9563,-0.1157,21:-0.23 22:-0.06 23:-0.01 24:-0.12 25:-0.20 26:-0.01
FRA40.cash,eu_cash,index,10,60,True,727,-0.0409,-0.6415,-0.0698,21:-0.10 22:-0.01 23:+0.01 24:-0.04 25:-0.22 26:+0.07
FRA40.cash,eu_cash,index,10,60,False,732,-0.0660,-0.8448,-0.1661,21:+0.15 22:-0.01 23:+0.10 24:-0.19 25:-0.21 26:-0.08
FRA40.cash,eu_cash,index,14,15,True,932,-0.2167,-2.6394,-0.2758,21:-0.09 22:-0.16 23:-0.15 24:-0.06 25:-0.46 26:-0.33
FRA40.cash,eu_cash,index,14,15,False,937,-0.1211,-1.0866,-0.1910,21:-0.55 22:-0.02 23:+0.05 24:-0.04 25:-0.38 26:-0.15
FRA40.cash,eu_cash,index,14,30,True,851,-0.1376,-1.8448,-0.1583,21:-0.41 22:-0.11 23:-0.05 24:-0.09 25:-0.30 26:-0.07
FRA40.cash,eu_cash,index,14,30,False,851,-0.0952,-0.9995,-0.1512,21:-0.39 22:-0.04 23:+0.07 24:-0.11 25:-0.23 26:-0.10
FRA40.cash,eu_cash,index,14,60,True,711,-0.0461,-0.7271,-0.0998,21:-0.37 22:+0.04 23:+0.07 24:-0.03 25:-0.19 26:-0.08
FRA40.cash,eu_cash,index,14,60,False,716,-0.0745,-0.9718,-0.1975,21:+0.05 22:-0.01 23:+0.18 24:-0.15 25:-0.25 26:-0.19
FRA40.cash,eu_cash,index,20,15,True,911,-0.2034,-2.5559,-0.2793,21:-0.29 22:-0.08 23:-0.11 24:-0.10 25:-0.42 26:-0.34
FRA40.cash,eu_cash,index,20,15,False,915,-0.1476,-1.3450,-0.2334,21:-0.65 22:+0.10 23:-0.06 24:-0.05 25:-0.35 26:-0.33
FRA40.cash,eu_cash,index,20,30,True,836,-0.1242,-1.7374,-0.1845,21:-0.33 22:-0.02 23:-0.02 24:-0.13 25:-0.28 26:-0.15
FRA40.cash,eu_cash,index,20,30,False,837,-0.1195,-1.2690,-0.2209,21:-0.40 22:+0.05 23:+0.04 24:-0.11 25:-0.23 26:-0.36
FRA40.cash,eu_cash,index,20,60,True,703,-0.0229,-0.3615,-0.0915,21:-0.37 22:+0.07 23:+0.13 24:+0.01 25:-0.19 26:-0.10
FRA40.cash,eu_cash,index,20,60,False,708,-0.0726,-0.9432,-0.2138,21:+0.01 22:+0.03 23:+0.19 24:-0.15 25:-0.30 26:-0.19
GBPAUD,ny_fx,forex,10,15,True,2158,-0.8219,-8.9582,-0.5236,15:-1.66 16:-1.28 17:-1.20 18:-0.87 19:-1.02 20:-0.88 21:-0.37 22:-0.04 23:-0.97 24:-0.32 25:-0.79 26:-0.47
GBPAUD,ny_fx,forex,10,15,False,2163,-0.4724,-3.5066,-0.2247,15:-1.35 16:-0.91 17:-0.58 18:-0.08 19:-0.36 20:-0.66 21:-0.40 22:-0.24 23:-0.40 24:+0.15 25:-0.37 26:-0.54
GBPAUD,ny_fx,forex,10,30,True,1921,-0.4912,-7.1132,-0.2892,15:-0.93 16:-0.93 17:-0.68 18:-0.56 19:-0.67 20:-0.62 21:-0.19 22:+0.20 23:-0.61 24:-0.27 25:-0.39 26:-0.20
GBPAUD,ny_fx,forex,10,30,False,1927,-0.3274,-3.3202,-0.2498,15:-0.59 16:-0.61 17:-0.35 18:-0.24 19:-0.37 20:-0.48 21:-0.13 22:-0.05 23:-0.34 24:-0.04 25:-0.44 26:-0.28
GBPAUD,ny_fx,forex,10,60,True,1638,-0.2744,-5.0382,-0.1783,15:-0.36 16:-0.61 17:-0.43 18:-0.39 19:-0.27 20:-0.37 21:-0.06 22:+0.14 23:-0.34 24:-0.02 25:-0.25 26:-0.28
GBPAUD,ny_fx,forex,10,60,False,1644,-0.2707,-4.0294,-0.1650,15:-0.36 16:-0.56 17:-0.32 18:-0.12 19:-0.32 20:-0.39 21:-0.03 22:-0.19 23:-0.42 24:-0.02 25:-0.18 26:-0.33
GBPAUD,ny_fx,forex,14,15,True,2114,-0.8082,-9.1737,-0.6597,15:-1.86 16:-1.15 17:-1.17 18:-0.69 19:-1.08 20:-0.80 21:-0.45 22:+0.26 23:-0.83 24:-0.55 25:-0.75 26:-0.69
GBPAUD,ny_fx,forex,14,15,False,2118,-0.3796,-2.8800,-0.2476,15:-1.21 16:-0.73 17:-0.12 18:+0.25 19:-0.43 20:-0.77 21:-0.36 22:-0.00 23:-0.44 24:+0.14 25:-0.44 26:-0.51
GBPAUD,ny_fx,forex,14,30,True,1882,-0.4705,-6.9085,-0.3471,15:-0.96 16:-0.86 17:-0.83 18:-0.28 19:-0.65 20:-0.61 21:-0.23 22:+0.30 23:-0.49 24:-0.34 25:-0.41 26:-0.28
GBPAUD,ny_fx,forex,14,30,False,1890,-0.2767,-2.8797,-0.2733,15:-0.50 16:-0.57 17:-0.27 18:+0.20 19:-0.46 20:-0.58 21:-0.14 22:+0.12 23:-0.29 24:-0.12 25:-0.38 26:-0.34
GBPAUD,ny_fx,forex,14,60,True,1610,-0.2754,-5.2047,-0.2720,15:-0.40 16:-0.54 17:-0.43 18:-0.25 19:-0.25 20:-0.40 21:-0.03 22:+0.12 23:-0.28 24:-0.16 25:-0.29 26:-0.39
GBPAUD,ny_fx,forex,14,60,False,1615,-0.2384,-3.5804,-0.1971,15:-0.26 16:-0.47 17:-0.32 18:-0.08 19:-0.29 20:-0.49 21:+0.04 22:-0.05 23:-0.30 24:-0.08 25:-0.21 26:-0.32
GBPAUD,ny_fx,forex,20,15,True,2086,-0.7451,-8.4592,-0.5184,15:-1.63 16:-1.18 17:-1.12 18:-0.68 19:-0.90 20:-1.01 21:-0.30 22:+0.12 23:-0.69 24:-0.44 25:-0.56 26:-0.57
GBPAUD,ny_fx,forex,20,15,False,2089,-0.3050,-2.3806,-0.1191,15:-1.36 16:-0.47 17:-0.16 18:+0.33 19:-0.36 20:-0.90 21:-0.10 22:+0.01 23:-0.34 24:+0.34 25:-0.32 26:-0.48
GBPAUD,ny_fx,forex,20,30,True,1868,-0.4136,-6.0662,-0.2679,15:-0.96 16:-0.76 17:-0.71 18:-0.37 19:-0.47 20:-0.81 21:-0.07 22:+0.42 23:-0.43 24:-0.22 25:-0.32 26:-0.27
GBPAUD,ny_fx,forex,20,30,False,1875,-0.2404,-2.5052,-0.1974,15:-0.64 16:-0.47 17:-0.25 18:+0.23 19:-0.38 20:-0.65 21:-0.13 22:+0.24 23:-0.26 24:+0.12 25:-0.41 26:-0.34
GBPAUD,ny_fx,forex,20,60,True,1587,-0.2573,-4.8587,-0.2013,15:-0.33 16:-0.47 17:-0.44 18:-0.32 19:-0.21 20:-0.53 21:-0.02 22:+0.12 23:-0.24 24:-0.02 25:-0.23 26:-0.40
GBPAUD,ny_fx,forex,20,60,False,1594,-0.2276,-3.3532,-0.1667,15:-0.35 16:-0.30 17:-0.23 18:-0.07 19:-0.25 20:-0.68 21:-0.05 22:-0.04 23:-0.24 24:+0.10 25:-0.23 26:-0.43
GBPCAD,ny_fx,forex,10,15,True,2205,-0.7103,-8.2060,-0.6820,15:-1.36 16:-1.36 17:-0.45 18:-1.27 19:-0.90 20:-0.28 21:-0.02 22:-0.25 23:-0.45 24:-0.77 25:-0.65 26:-0.61
GBPCAD,ny_fx,forex,10,15,False,2210,-0.3167,-2.5341,-0.0202,15:-1.02 16:-0.82 17:+0.19 18:-0.87 19:-0.83 20:+0.03 21:-0.32 22:-0.27 23:+0.32 24:+0.22 25:+0.08 26:-0.47
GBPCAD,ny_fx,forex,10,30,True,1994,-0.3925,-5.8158,-0.4435,15:-0.74 16:-1.13 17:-0.05 18:-0.76 19:-0.42 20:-0.11 21:-0.02 22:-0.11 23:+0.05 24:-0.67 25:-0.26 26:-0.36
GBPCAD,ny_fx,forex,10,30,False,2007,-0.2289,-2.6378,-0.2268,15:-0.38 16:-0.69 17:+0.12 18:-0.42 19:-0.51 20:+0.12 21:-0.08 22:-0.25 23:+0.10 24:-0.29 25:-0.30 26:-0.04
GBPCAD,ny_fx,forex,10,60,True,1696,-0.2008,-4.3629,-0.0263,15:-0.46 16:-0.56 17:-0.23 18:-0.38 19:-0.36 20:-0.15 21:-0.14 22:-0.01 23:+0.01 24:-0.13 25:-0.07 26:+0.17
GBPCAD,ny_fx,forex,10,60,False,1706,-0.2335,-3.9201,-0.0069,15:-0.29 16:-0.63 17:-0.24 18:-0.33 19:-0.46 20:-0.05 21:-0.39 22:-0.28 23:+0.00 24:+0.02 25:-0.13 26:+0.13
GBPCAD,ny_fx,forex,14,15,True,2176,-0.7026,-8.3156,-0.6293,15:-1.49 16:-1.30 17:-0.41 18:-1.22 19:-0.99 20:-0.27 21:-0.17 22:-0.15 23:-0.41 24:-0.68 25:-0.61 26:-0.58
GBPCAD,ny_fx,forex,14,15,False,2180,-0.2742,-2.2657,-0.0753,15:-1.09 16:-0.89 17:+0.35 18:-0.70 19:-0.57 20:-0.03 21:-0.29 22:-0.01 23:+0.34 24:+0.21 25:-0.18 26:-0.32
GBPCAD,ny_fx,forex,14,30,True,1939,-0.4101,-6.0658,-0.3825,15:-1.01 16:-1.07 17:-0.23 18:-0.65 19:-0.35 20:-0.20 21:-0.16 22:-0.04 23:+0.03 24:-0.58 25:-0.19 26:-0.34
GBPCAD,ny_fx,forex,14,30,False,1951,-0.2313,-2.6790,-0.2151,15:-0.62 16:-0.65 17:+0.06 18:-0.45 19:-0.41 20:+0.04 21:-0.09 22:-0.01 23:+0.07 24:-0.36 25:-0.23 26:+0.01
GBPCAD,ny_fx,forex,14,60,True,1671,-0.1957,-4.1572,0.0305,15:-0.52 16:-0.53 17:-0.24 18:-0.38 19:-0.39 20:-0.10 21:-0.19 22:+0.03 23:-0.03 24:-0.04 25:-0.03 26:+0.20
GBPCAD,ny_fx,forex,14,60,False,1681,-0.1832,-3.1849,0.0628,15:-0.38 16:-0.48 17:-0.19 18:-0.30 19:-0.45 20:-0.06 21:-0.32 22:-0.09 23:-0.01 24:+0.04 25:-0.06 26:+0.25
GBPCAD,ny_fx,forex,20,15,True,2170,-0.7166,-8.6855,-0.6650,15:-1.57 16:-1.12 17:-0.46 18:-1.42 19:-0.90 20:-0.26 21:-0.29 22:-0.20 23:-0.27 24:-0.69 25:-0.68 26:-0.61
GBPCAD,ny_fx,forex,20,15,False,2172,-0.2127,-1.8401,0.0873,15:-0.89 16:-0.71 17:+0.28 18:-0.78 19:-0.55 20:-0.09 21:-0.19 22:-0.02 23:+0.29 24:+0.36 25:-0.15 26:+0.03
GBPCAD,ny_fx,forex,20,30,True,1949,-0.4059,-6.2207,-0.3863,15:-1.07 16:-0.93 17:-0.12 18:-0.84 19:-0.39 20:-0.16 21:-0.22 22:+0.07 23:+0.07 24:-0.53 25:-0.28 26:-0.32
GBPCAD,ny_fx,forex,20,30,False,1961,-0.2132,-2.5805,-0.2171,15:-0.49 16:-0.62 17:+0.18 18:-0.59 19:-0.38 20:+0.09 21:-0.03 22:-0.03 23:+0.08 24:-0.26 25:-0.29 26:-0.06
GBPCAD,ny_fx,forex,20,60,True,1655,-0.1981,-4.2505,-0.0169,15:-0.54 16:-0.52 17:-0.12 18:-0.40 19:-0.37 20:-0.05 21:-0.24 22:+0.07 23:-0.07 24:-0.05 25:-0.10 26:+0.13
GBPCAD,ny_fx,forex,20,60,False,1664,-0.1924,-3.4123,0.0134,15:-0.39 16:-0.54 17:-0.18 18:-0.36 19:-0.43 20:+0.01 21:-0.31 22:-0.03 23:-0.02 24:+0.03 25:-0.10 26:+0.15
GBPCHF,ny_fx,forex,10,15,True,2133,-1.0049,-10.9893,-0.9914,15:-1.64 16:-1.58 17:-1.08 18:-1.37 19:-0.96 20:-0.77 21:-0.50 22:-0.46 23:-0.69 24:-0.88 25:-1.17 26:-0.90
GBPCHF,ny_fx,forex,10,15,False,2138,-0.4122,-3.3799,-0.3348,15:-0.76 16:-0.80 17:-0.50 18:-0.67 19:-0.38 20:-0.21 21:-0.14 22:+0.08 23:-0.54 24:-0.30 25:-0.42 26:-0.28
GBPCHF,ny_fx,forex,10,30,True,1900,-0.5502,-7.5785,-0.4345,15:-0.88 16:-0.77 17:-0.72 18:-0.98 19:-0.40 20:-0.47 21:-0.34 22:-0.16 23:-0.51 24:-0.31 25:-0.62 26:-0.35
GBPCHF,ny_fx,forex,10,30,False,1909,-0.3239,-3.3968,-0.2655,15:-0.67 16:-0.67 17:-0.40 18:-0.39 19:-0.25 20:-0.18 21:-0.22 22:-0.00 23:-0.26 24:-0.03 25:-0.50 26:-0.25
GBPCHF,ny_fx,forex,10,60,True,1642,-0.2686,-4.5534,-0.0416,15:-0.50 16:-0.52 17:-0.27 18:-0.86 19:-0.23 20:-0.30 21:-0.13 22:+0.06 23:-0.25 24:-0.08 25:-0.21 26:+0.22
GBPCHF,ny_fx,forex,10,60,False,1655,-0.2081,-2.9028,-0.0544,15:-0.24 16:-0.56 17:-0.13 18:-0.79 19:-0.15 20:-0.18 21:-0.13 22:+0.10 23:-0.16 24:+0.02 25:-0.31 26:+0.19
GBPCHF,ny_fx,forex,14,15,True,2104,-0.8907,-10.1188,-0.8750,15:-1.68 16:-1.29 17:-1.04 18:-1.06 19:-0.78 20:-0.75 21:-0.41 22:-0.35 23:-0.69 24:-0.77 25:-1.03 26:-0.81
GBPCHF,ny_fx,forex,14,15,False,2107,-0.4170,-3.5309,-0.2739,15:-0.80 16:-0.80 17:-0.70 18:-0.53 19:-0.29 20:-0.11 21:-0.23 22:+0.02 23:-0.73 24:-0.28 25:-0.30 26:-0.23
GBPCHF,ny_fx,forex,14,30,True,1884,-0.5095,-7.4863,-0.4634,15:-0.93 16:-0.74 17:-0.67 18:-0.83 19:-0.23 20:-0.45 21:-0.25 22:-0.12 23:-0.46 24:-0.41 25:-0.63 26:-0.33
GBPCHF,ny_fx,forex,14,30,False,1891,-0.2764,-3.0489,-0.2104,15:-0.79 16:-0.60 17:-0.39 18:-0.15 19:-0.00 20:-0.28 21:-0.22 22:+0.07 23:-0.28 24:-0.08 25:-0.36 26:-0.19
GBPCHF,ny_fx,forex,14,60,True,1619,-0.2292,-4.1240,-0.0919,15:-0.29 16:-0.38 17:-0.29 18:-0.78 19:-0.11 20:-0.24 21:-0.08 22:+0.06 23:-0.30 24:-0.20 25:-0.17 26:+0.14
GBPCHF,ny_fx,forex,14,60,False,1633,-0.1822,-2.6278,-0.0692,15:-0.13 16:-0.48 17:-0.20 18:-0.60 19:-0.03 20:-0.25 21:-0.07 22:+0.08 23:-0.22 24:-0.00 25:-0.30 26:+0.13
GBPCHF,ny_fx,forex,20,15,True,2085,-0.8800,-10.2062,-0.8598,15:-1.53 16:-1.23 17:-1.02 18:-1.29 19:-0.72 20:-0.86 21:-0.35 22:-0.37 23:-0.60 24:-0.80 25:-1.03 26:-0.72
GBPCHF,ny_fx,forex,20,15,False,2088,-0.4021,-3.5387,-0.2517,15:-0.70 16:-0.79 17:-0.42 18:-0.62 19:-0.37 20:-0.14 21:-0.25 22:+0.05 23:-0.81 24:-0.14 25:-0.35 26:-0.28
GBPCHF,ny_fx,forex,20,30,True,1865,-0.4911,-7.5098,-0.3891,15:-0.91 16:-0.73 17:-0.78 18:-0.89 19:-0.19 20:-0.46 21:-0.28 22:-0.07 23:-0.36 24:-0.27 25:-0.55 26:-0.34
GBPCHF,ny_fx,forex,20,30,False,1873,-0.2905,-3.3293,-0.2022,15:-0.84 16:-0.65 17:-0.29 18:-0.37 19:-0.01 20:-0.24 21:-0.32 22:+0.10 23:-0.21 24:-0.04 25:-0.34 26:-0.24
GBPCHF,ny_fx,forex,20,60,True,1596,-0.2325,-4.4091,-0.0628,15:-0.35 16:-0.37 17:-0.37 18:-0.76 19:-0.20 20:-0.31 21:-0.02 22:+0.07 23:-0.21 24:-0.20 25:-0.18 26:+0.24
GBPCHF,ny_fx,forex,20,60,False,1610,-0.1965,-2.9433,-0.0869,15:-0.20 16:-0.51 17:-0.21 18:-0.64 19:-0.04 20:-0.25 21:-0.07 22:+0.05 23:-0.15 24:-0.13 25:-0.19 26:+0.09
GBPJPY,ny_fx,forex,10,15,True,2126,-0.8015,-8.1614,-0.7051,15:-1.03 16:-0.93 17:-0.85 18:-1.37 19:-0.85 20:-0.79 21:-0.56 22:-0.72 23:-0.38 24:-0.43 25:-0.70 26:-1.06
GBPJPY,ny_fx,forex,10,15,False,2132,-0.5407,-3.8480,-0.5514,15:-0.55 16:-0.91 17:-0.44 18:-0.74 19:-0.16 20:-0.66 21:-0.91 22:-0.63 23:+0.14 24:-0.53 25:-0.69 26:-0.41
GBPJPY,ny_fx,forex,10,30,True,1904,-0.4388,-5.6967,-0.2983,15:-0.60 16:-0.58 17:-0.71 18:-0.83 19:-0.30 20:-0.41 21:-0.39 22:-0.62 23:+0.13 24:-0.22 25:-0.40 26:-0.28
GBPJPY,ny_fx,forex,10,30,False,1913,-0.4372,-3.9642,-0.4095,15:-0.45 16:-0.63 17:-0.19 18:-1.02 19:-0.22 20:-0.34 21:-0.54 22:-0.70 23:+0.11 24:-0.35 25:-0.60 26:-0.26
GBPJPY,ny_fx,forex,10,60,True,1611,-0.1977,-3.3387,-0.1102,15:-0.34 16:-0.23 17:-0.23 18:-0.68 19:-0.10 20:-0.25 21:-0.23 22:-0.23 23:+0.30 24:+0.07 25:-0.27 26:-0.17
GBPJPY,ny_fx,forex,10,60,False,1622,-0.2893,-3.8565,-0.1845,15:-0.35 16:-0.40 17:-0.11 18:-0.92 19:-0.17 20:-0.44 21:-0.23 22:-0.42 23:+0.18 24:-0.07 25:-0.32 26:-0.16
GBPJPY,ny_fx,forex,14,15,True,2095,-0.7554,-7.9831,-0.6451,15:-0.86 16:-0.73 17:-0.93 18:-1.39 19:-0.78 20:-0.80 21:-0.67 22:-0.58 23:-0.32 24:-0.26 25:-0.64 26:-1.14
GBPJPY,ny_fx,forex,14,15,False,2099,-0.4955,-3.6304,-0.4601,15:-0.46 16:-0.78 17:-0.56 18:-0.76 19:-0.38 20:-0.40 21:-0.80 22:-0.49 23:+0.10 24:-0.22 25:-0.62 26:-0.57
GBPJPY,ny_fx,forex,14,30,True,1859,-0.3730,-4.9618,-0.1873,15:-0.58 16:-0.51 17:-0.68 18:-0.80 19:-0.20 20:-0.29 21:-0.48 22:-0.37 23:+0.08 24:-0.13 25:-0.25 26:-0.18
GBPJPY,ny_fx,forex,14,30,False,1870,-0.3937,-3.6898,-0.2159,15:-0.43 16:-0.66 17:-0.40 18:-0.98 19:-0.39 20:-0.13 21:-0.60 22:-0.48 23:+0.08 24:-0.26 25:-0.38 26:+0.05
GBPJPY,ny_fx,forex,14,60,True,1581,-0.1750,-2.9672,-0.0249,15:-0.35 16:-0.17 17:-0.33 18:-0.70 19:-0.06 20:-0.26 21:-0.18 22:-0.15 23:+0.25 24:+0.08 25:-0.08 26:-0.09
GBPJPY,ny_fx,forex,14,60,False,1592,-0.2665,-3.5816,-0.1652,15:-0.23 16:-0.39 17:-0.27 18:-0.85 19:-0.01 20:-0.33 21:-0.25 22:-0.37 23:+0.08 24:-0.14 25:-0.19 26:-0.16
GBPJPY,ny_fx,forex,20,15,True,2084,-0.7802,-8.3388,-0.6142,15:-1.10 16:-0.73 17:-0.90 18:-1.39 19:-0.88 20:-0.71 21:-0.78 22:-0.75 23:-0.24 24:-0.24 25:-0.65 26:-1.04
GBPJPY,ny_fx,forex,20,15,False,2089,-0.5435,-4.0074,-0.2862,15:-0.70 16:-0.88 17:-0.68 18:-1.01 19:-0.30 20:-0.39 21:-0.92 22:-0.78 23:+0.11 24:-0.04 25:-0.45 26:-0.40
GBPJPY,ny_fx,forex,20,30,True,1845,-0.3908,-5.4564,-0.2150,15:-0.64 16:-0.57 17:-0.64 18:-0.75 19:-0.28 20:-0.18 21:-0.50 22:-0.43 23:+0.06 24:-0.24 25:-0.22 26:-0.18
GBPJPY,ny_fx,forex,20,30,False,1857,-0.3829,-3.8428,-0.2222,15:-0.36 16:-0.80 17:-0.45 18:-0.97 19:-0.02 20:-0.15 21:-0.66 22:-0.50 23:+0.11 24:-0.26 25:-0.29 26:-0.10
GBPJPY,ny_fx,forex,20,60,True,1572,-0.1957,-3.4018,0.0035,15:-0.39 16:-0.28 17:-0.35 18:-0.61 19:-0.06 20:-0.25 21:-0.30 22:-0.25 23:+0.21 24:+0.11 25:-0.03 26:-0.10
GBPJPY,ny_fx,forex,20,60,False,1583,-0.2633,-3.6590,-0.0837,15:-0.35 16:-0.42 17:-0.27 18:-0.76 19:-0.02 20:-0.30 21:-0.38 22:-0.43 23:+0.13 24:-0.09 25:-0.09 26:-0.07
GBPNZD,ny_fx,forex,10,15,True,2117,-0.9490,-10.7986,-0.9176,15:-1.14 16:-1.24 17:-1.26 18:-1.75 19:-1.12 20:-0.91 21:-0.40 22:-0.14 23:-0.62 24:-0.51 25:-1.22 26:-1.08
GBPNZD,ny_fx,forex,10,15,False,2126,-0.3455,-2.8017,-0.2994,15:-0.27 16:-0.76 17:-0.28 18:-0.70 19:-0.31 20:-0.50 21:+0.09 22:-0.16 23:-0.29 24:+0.17 25:-0.84 26:-0.23
GBPNZD,ny_fx,forex,10,30,True,1899,-0.5782,-8.1310,-0.6338,15:-0.65 16:-1.09 17:-0.89 18:-1.29 19:-0.49 20:-0.61 21:+0.01 22:+0.36 23:-0.31 24:-0.48 25:-0.70 26:-0.76
GBPNZD,ny_fx,forex,10,30,False,1911,-0.3057,-3.2503,-0.3624,15:-0.36 16:-0.91 17:-0.49 18:-0.59 19:-0.17 20:-0.19 21:+0.15 22:+0.28 23:-0.25 24:-0.11 25:-0.65 26:-0.33
GBPNZD,ny_fx,forex,10,60,True,1607,-0.3548,-6.9045,-0.3507,15:-0.18 16:-0.74 17:-0.42 18:-0.73 19:-0.38 20:-0.47 21:-0.13 22:+0.10 23:-0.23 24:-0.28 25:-0.32 26:-0.49
GBPNZD,ny_fx,forex,10,60,False,1616,-0.2468,-3.7766,-0.2740,15:-0.22 16:-0.65 17:-0.16 18:-0.57 19:-0.12 20:-0.27 21:-0.00 22:+0.04 23:-0.17 24:-0.15 25:-0.38 26:-0.29
GBPNZD,ny_fx,forex,14,15,True,2096,-0.9496,-11.0939,-0.9636,15:-1.19 16:-1.37 17:-1.30 18:-1.62 19:-1.18 20:-0.87 21:-0.28 22:-0.05 23:-0.57 24:-0.56 25:-1.23 26:-1.20
GBPNZD,ny_fx,forex,14,15,False,2103,-0.3854,-3.2868,-0.2908,15:-0.55 16:-1.13 17:-0.19 18:-0.73 19:-0.16 20:-0.71 21:+0.04 22:+0.01 23:-0.19 24:+0.24 25:-0.81 26:-0.36
GBPNZD,ny_fx,forex,14,30,True,1882,-0.5372,-7.7712,-0.6236,15:-0.52 16:-1.05 17:-0.82 18:-1.16 19:-0.46 20:-0.58 21:-0.10 22:+0.43 23:-0.19 24:-0.46 25:-0.68 26:-0.79
GBPNZD,ny_fx,forex,14,30,False,1891,-0.3319,-3.6894,-0.4284,15:-0.36 16:-0.96 17:-0.39 18:-0.72 19:-0.10 20:-0.35 21:+0.05 22:+0.30 23:-0.10 24:-0.22 25:-0.70 26:-0.36
GBPNZD,ny_fx,forex,14,60,True,1601,-0.3530,-7.1703,-0.3444,15:-0.21 16:-0.66 17:-0.47 18:-0.75 19:-0.42 20:-0.51 21:-0.06 22:+0.08 23:-0.15 24:-0.24 25:-0.31 26:-0.54
GBPNZD,ny_fx,forex,14,60,False,1612,-0.2576,-4.0884,-0.2936,15:-0.24 16:-0.73 17:-0.16 18:-0.51 19:-0.15 20:-0.33 21:+0.06 22:-0.02 23:-0.14 24:-0.08 25:-0.46 26:-0.36
GBPNZD,ny_fx,forex,20,15,True,2077,-0.9090,-10.7853,-0.8832,15:-1.17 16:-1.36 17:-1.16 18:-1.51 19:-1.09 20:-0.99 21:-0.25 22:-0.05 23:-0.62 24:-0.51 25:-1.07 26:-1.16
GBPNZD,ny_fx,forex,20,15,False,2084,-0.3673,-3.1440,-0.2902,15:-0.44 16:-0.84 17:-0.27 18:-0.79 19:-0.02 20:-0.87 21:+0.04 22:-0.02 23:-0.21 24:+0.35 25:-0.77 26:-0.56
GBPNZD,ny_fx,forex,20,30,True,1863,-0.5229,-7.7097,-0.5625,15:-0.61 16:-1.03 17:-0.79 18:-1.13 19:-0.44 20:-0.68 21:-0.03 22:+0.39 23:-0.23 24:-0.40 25:-0.62 26:-0.71
GBPNZD,ny_fx,forex,20,30,False,1871,-0.3136,-3.5862,-0.4531,15:-0.20 16:-0.81 17:-0.26 18:-0.65 19:-0.12 20:-0.34 21:-0.05 22:+0.18 23:-0.12 24:-0.12 25:-0.70 26:-0.59
GBPNZD,ny_fx,forex,20,60,True,1586,-0.3401,-7.0038,-0.2979,15:-0.22 16:-0.73 17:-0.39 18:-0.66 19:-0.41 20:-0.60 21:-0.04 22:+0.04 23:-0.13 24:-0.21 25:-0.29 26:-0.44
GBPNZD,ny_fx,forex,20,60,False,1595,-0.2458,-3.9475,-0.2701,15:-0.27 16:-0.72 17:-0.05 18:-0.46 19:-0.13 20:-0.43 21:+0.13 22:-0.06 23:-0.15 24:-0.12 25:-0.44 26:-0.24
GBPUSD,ny_fx,forex,10,15,True,2108,-0.5306,-6.0262,-0.4031,15:+0.12 16:-1.03 17:-0.70 18:-0.50 19:-0.69 20:-0.83 21:-1.04 22:-0.47 23:+0.05 24:-0.67 25:-0.22 26:-0.29
GBPUSD,ny_fx,forex,10,15,False,2109,-0.2182,-1.6039,0.0983,15:+0.90 16:-0.62 17:-0.32 18:-0.13 19:-0.45 20:-0.74 21:-0.54 22:-0.69 23:-0.17 24:+0.10 25:+0.10 26:+0.09
GBPUSD,ny_fx,forex,10,30,True,1891,-0.2769,-3.8233,-0.2413,15:+0.09 16:-0.47 17:-0.48 18:-0.35 19:-0.56 20:-0.23 21:-0.65 22:-0.19 23:+0.18 24:-0.37 25:-0.03 26:-0.34
GBPUSD,ny_fx,forex,10,30,False,1902,-0.1951,-1.9577,-0.2067,15:+0.39 16:-0.39 17:-0.11 18:-0.15 19:-0.22 20:-0.09 21:-0.36 22:-0.70 23:-0.03 24:-0.25 25:-0.09 26:-0.28
GBPUSD,ny_fx,forex,10,60,True,1621,-0.0826,-1.6620,-0.0425,15:+0.37 16:-0.30 17:+0.00 18:-0.38 19:-0.25 20:-0.01 21:-0.23 22:-0.19 23:+0.14 24:-0.19 25:+0.02 26:+0.06
GBPUSD,ny_fx,forex,10,60,False,1627,-0.1052,-1.6549,-0.0868,15:+0.50 16:-0.32 17:+0.09 18:-0.20 19:-0.36 20:-0.23 21:-0.21 22:-0.38 23:+0.14 24:-0.22 25:+0.02 26:-0.05
GBPUSD,ny_fx,forex,14,15,True,2078,-0.5296,-6.3445,-0.4593,15:+0.03 16:-0.97 17:-0.90 18:-0.34 19:-0.48 20:-0.81 21:-1.05 22:-0.30 23:-0.02 24:-0.76 25:-0.36 26:-0.20
GBPUSD,ny_fx,forex,14,15,False,2081,-0.1836,-1.4180,-0.0353,15:+0.96 16:-0.64 17:-0.40 18:+0.15 19:-0.31 20:-0.53 21:-0.73 22:-0.43 23:+0.01 24:-0.20 25:-0.16 26:+0.32
GBPUSD,ny_fx,forex,14,30,True,1850,-0.3050,-4.3062,-0.2894,15:+0.10 16:-0.47 17:-0.64 18:-0.27 19:-0.54 20:-0.22 21:-0.73 22:-0.09 23:+0.05 24:-0.49 25:-0.11 26:-0.24
GBPUSD,ny_fx,forex,14,30,False,1861,-0.2270,-2.3043,-0.2188,15:+0.44 16:-0.42 17:-0.25 18:-0.19 19:-0.33 20:-0.25 21:-0.55 22:-0.44 23:-0.03 24:-0.39 25:-0.17 26:-0.05
GBPUSD,ny_fx,forex,14,60,True,1585,-0.1041,-1.9861,-0.0965,15:+0.36 16:-0.32 17:+0.00 18:-0.34 19:-0.26 20:+0.04 21:-0.39 22:-0.05 23:+0.07 24:-0.27 25:-0.02 26:+0.03
GBPUSD,ny_fx,forex,14,60,False,1590,-0.0928,-1.4211,-0.0976,15:+0.54 16:-0.32 17:-0.00 18:-0.18 19:-0.34 20:-0.10 21:-0.31 22:-0.18 23:+0.14 24:-0.27 25:+0.01 26:-0.00
GBPUSD,ny_fx,forex,20,15,True,2063,-0.4398,-5.3850,-0.3373,15:+0.01 16:-0.75 17:-0.89 18:-0.34 19:-0.45 20:-0.43 21:-1.04 22:-0.28 23:+0.02 24:-0.45 25:-0.46 26:-0.05
GBPUSD,ny_fx,forex,20,15,False,2067,-0.1640,-1.2939,0.1146,15:+0.77 16:-0.77 17:-0.47 18:-0.02 19:-0.18 20:-0.32 21:-0.61 22:-0.50 23:+0.02 24:+0.04 25:-0.01 26:+0.36
GBPUSD,ny_fx,forex,20,30,True,1853,-0.2338,-3.4613,-0.1927,15:+0.09 16:-0.53 17:-0.69 18:-0.12 19:-0.41 20:-0.08 21:-0.56 22:-0.04 23:+0.11 24:-0.39 25:-0.11 26:-0.05
GBPUSD,ny_fx,forex,20,30,False,1866,-0.2524,-2.6359,-0.1712,15:+0.19 16:-0.70 17:-0.43 18:-0.24 19:-0.23 20:-0.09 21:-0.38 22:-0.43 23:-0.11 24:-0.35 25:-0.10 26:-0.04
GBPUSD,ny_fx,forex,20,60,True,1569,-0.0704,-1.4176,-0.0401,15:+0.39 16:-0.38 17:-0.05 18:-0.28 19:-0.19 20:+0.21 21:-0.30 22:-0.08 23:+0.06 24:-0.19 25:-0.01 26:+0.12
GBPUSD,ny_fx,forex,20,60,False,1572,-0.0942,-1.5081,-0.0608,15:+0.55 16:-0.45 17:-0.04 18:-0.32 19:-0.28 20:+0.04 21:-0.16 22:-0.25 23:+0.08 24:-0.22 25:-0.02 26:+0.10
GER40.cash,eu_cash,index,10,15,True,901,-0.0321,-0.3780,0.1131,22:-0.00 23:-0.43 24:+0.18 25:+0.19 26:-0.07
GER40.cash,eu_cash,index,10,15,False,903,0.0691,0.5447,0.1701,22:+0.35 23:-0.44 24:+0.28 25:+0.29 26:-0.12
GER40.cash,eu_cash,index,10,30,True,827,0.0058,0.0766,0.1171,22:+0.11 23:-0.38 24:+0.11 25:+0.25 26:-0.02
GER40.cash,eu_cash,index,10,30,False,830,0.0867,0.8033,0.2107,22:+0.23 23:-0.36 24:+0.18 25:+0.29 26:+0.17
GER40.cash,eu_cash,index,10,60,True,693,0.0388,0.5458,0.0890,22:+0.08 23:-0.13 24:+0.08 25:+0.40 26:-0.23
GER40.cash,eu_cash,index,10,60,False,699,0.0339,0.3581,0.0421,22:+0.16 23:-0.11 24:-0.08 25:+0.40 26:-0.17
GER40.cash,eu_cash,index,14,15,True,891,0.0118,0.1359,0.1543,22:+0.06 23:-0.40 24:+0.31 25:+0.15 26:-0.05
GER40.cash,eu_cash,index,14,15,False,894,0.0952,0.7624,0.2009,22:+0.36 23:-0.41 24:+0.33 25:+0.25 26:-0.03
GER40.cash,eu_cash,index,14,30,True,817,0.0206,0.2762,0.1164,22:+0.16 23:-0.36 24:+0.16 25:+0.24 26:-0.09
GER40.cash,eu_cash,index,14,30,False,819,0.1135,1.0805,0.1741,22:+0.31 23:-0.22 24:+0.20 25:+0.18 26:+0.13
GER40.cash,eu_cash,index,14,60,True,685,0.0345,0.4898,0.0631,22:+0.14 23:-0.14 24:+0.08 25:+0.27 26:-0.19
GER40.cash,eu_cash,index,14,60,False,690,0.0811,0.8794,0.0698,22:+0.24 23:-0.03 24:+0.01 25:+0.30 26:-0.11
GER40.cash,eu_cash,index,20,15,True,863,0.0381,0.4323,0.1385,22:+0.12 23:-0.30 24:+0.16 25:+0.25 26:-0.03
GER40.cash,eu_cash,index,20,15,False,865,0.0824,0.6393,0.1580,22:+0.33 23:-0.33 24:+0.09 25:+0.35 26:+0.01
GER40.cash,eu_cash,index,20,30,True,796,0.0144,0.1941,0.0867,22:+0.14 23:-0.29 24:+0.05 25:+0.23 26:-0.03
GER40.cash,eu_cash,index,20,30,False,798,0.0872,0.8182,0.1207,22:+0.30 23:-0.19 24:+0.06 25:+0.18 26:+0.13
GER40.cash,eu_cash,index,20,60,True,668,0.0404,0.5944,0.0578,22:+0.10 23:-0.06 24:+0.06 25:+0.26 26:-0.18
GER40.cash,eu_cash,index,20,60,False,672,0.1026,1.1270,0.0835,22:+0.21 23:+0.06 24:+0.04 25:+0.29 26:-0.09
GOOG,us_cash,stock,10,15,True,838,-0.0858,-1.1991,-0.2157,21:+0.57 22:+0.09 23:-0.17 24:-0.11 25:-0.34 26:-0.16
GOOG,us_cash,stock,10,15,False,842,-0.0723,-0.7812,-0.2067,21:+0.16 22:+0.03 23:+0.10 24:-0.06 25:-0.22 26:-0.37
GOOG,us_cash,stock,10,30,True,762,-0.0756,-1.3160,-0.1889,21:+0.23 22:+0.08 23:-0.06 24:-0.20 25:-0.29 26:-0.03
GOOG,us_cash,stock,10,30,False,764,-0.0958,-1.2361,-0.2154,21:-0.15 22:+0.04 23:+0.09 24:-0.14 25:-0.13 26:-0.43
GOOG,us_cash,stock,10,60,True,629,-0.0490,-1.0163,-0.1370,21:+0.29 22:-0.01 23:+0.01 24:-0.21 25:-0.18 26:+0.03
GOOG,us_cash,stock,10,60,False,636,-0.0233,-0.3939,-0.1425,21:+0.12 22:+0.07 23:+0.12 24:-0.18 25:-0.15 26:-0.07
GOOG,us_cash,stock,14,15,True,831,-0.0865,-1.2774,-0.2388,21:+0.62 22:+0.12 23:-0.16 24:-0.07 25:-0.40 26:-0.20
GOOG,us_cash,stock,14,15,False,834,-0.1033,-1.1813,-0.2745,21:+0.28 22:-0.00 23:+0.12 24:-0.08 25:-0.39 26:-0.35
GOOG,us_cash,stock,14,30,True,747,-0.0332,-0.6036,-0.1409,21:+0.38 22:+0.08 23:-0.03 24:-0.11 25:-0.27 26:+0.01
GOOG,us_cash,stock,14,30,False,749,-0.0621,-0.8494,-0.2041,21:+0.10 22:+0.09 23:+0.08 24:-0.12 25:-0.25 26:-0.24
GOOG,us_cash,stock,14,60,True,622,-0.0001,-0.0011,-0.0804,21:+0.35 22:+0.04 23:+0.03 24:-0.13 25:-0.12 26:+0.05
GOOG,us_cash,stock,14,60,False,632,-0.0112,-0.1997,-0.1196,21:+0.21 22:+0.04 23:+0.12 24:-0.13 25:-0.20 26:+0.01
GOOG,us_cash,stock,20,15,True,819,-0.0897,-1.3734,-0.2203,21:+0.31 22:+0.14 23:-0.12 24:-0.03 25:-0.41 26:-0.16
GOOG,us_cash,stock,20,15,False,822,-0.1063,-1.2291,-0.2598,21:+0.06 22:+0.03 23:+0.12 24:-0.11 25:-0.35 26:-0.31
GOOG,us_cash,stock,20,30,True,736,-0.0266,-0.5046,-0.1220,21:+0.15 22:+0.13 23:+0.00 24:-0.05 25:-0.28 26:+0.02
GOOG,us_cash,stock,20,30,False,739,-0.0493,-0.7075,-0.1573,21:-0.02 22:+0.10 23:+0.07 24:-0.11 25:-0.22 26:-0.12
GOOG,us_cash,stock,20,60,True,613,-0.0169,-0.3742,-0.0835,21:+0.18 22:+0.04 23:+0.02 24:-0.13 25:-0.14 26:+0.06
GOOG,us_cash,stock,20,60,False,622,-0.0056,-0.1027,-0.0936,21:+0.11 22:+0.04 23:+0.12 24:-0.11 25:-0.20 26:+0.08
HK50.cash,hk_cash,index,10,15,True,809,-0.0187,-0.2924,-0.0469,21:-0.09 22:+0.06 23:+0.00 24:+0.07 25:-0.07 26:-0.16
HK50.cash,hk_cash,index,10,15,False,811,0.0241,0.2802,0.0196,21:-0.41 22:+0.04 23:+0.12 24:+0.06 25:+0.17 26:-0.25
HK50.cash,hk_cash,index,10,30,True,723,-0.0346,-0.6008,-0.0605,21:-0.28 22:+0.03 23:+0.03 24:+0.09 25:-0.14 26:-0.14
HK50.cash,hk_cash,index,10,30,False,728,0.0359,0.5139,0.0340,21:-0.27 22:-0.02 23:+0.17 24:+0.13 25:+0.04 26:-0.09
HK50.cash,hk_cash,index,10,60,True,599,-0.0118,-0.2294,-0.0257,21:+0.05 22:-0.03 23:+0.03 24:+0.08 25:-0.06 26:-0.11
HK50.cash,hk_cash,index,10,60,False,607,0.0129,0.2206,-0.0026,21:-0.15 22:-0.07 23:+0.17 24:+0.08 25:-0.03 26:-0.08
HK50.cash,hk_cash,index,14,15,True,811,-0.0288,-0.4693,-0.0617,21:-0.02 22:+0.05 23:-0.01 24:+0.08 25:-0.14 26:-0.13
HK50.cash,hk_cash,index,14,15,False,814,-0.0108,-0.1308,-0.0199,21:-0.47 22:-0.06 23:+0.15 24:+0.07 25:+0.06 26:-0.25
HK50.cash,hk_cash,index,14,30,True,714,-0.0271,-0.4881,-0.0502,21:-0.18 22:-0.03 23:+0.07 24:+0.11 25:-0.15 26:-0.12
HK50.cash,hk_cash,index,14,30,False,719,0.0372,0.5443,0.0341,21:-0.24 22:-0.01 23:+0.14 24:+0.09 25:+0.05 26:-0.06
HK50.cash,hk_cash,index,14,60,True,582,-0.0126,-0.2479,-0.0258,21:+0.04 22:-0.04 23:+0.05 24:+0.05 25:-0.04 26:-0.11
HK50.cash,hk_cash,index,14,60,False,589,0.0051,0.0873,0.0052,21:-0.14 22:-0.13 23:+0.17 24:+0.06 25:+0.00 26:-0.06
HK50.cash,hk_cash,index,20,15,True,802,-0.0167,-0.2723,-0.0572,21:+0.05 22:+0.05 23:+0.02 24:+0.09 25:-0.10 26:-0.19
HK50.cash,hk_cash,index,20,15,False,806,0.0231,0.2852,0.0336,21:-0.51 22:-0.13 23:+0.24 24:+0.17 25:+0.14 26:-0.29
HK50.cash,hk_cash,index,20,30,True,718,-0.0206,-0.3788,-0.0519,21:-0.19 22:+0.01 23:+0.07 24:+0.10 25:-0.10 26:-0.18
HK50.cash,hk_cash,index,20,30,False,720,0.0070,0.1023,0.0059,21:-0.54 22:-0.08 23:+0.19 24:+0.08 25:+0.06 26:-0.15
HK50.cash,hk_cash,index,20,60,True,575,-0.0109,-0.2234,-0.0455,21:+0.16 22:+0.01 23:+0.04 24:+0.02 25:-0.03 26:-0.14
HK50.cash,hk_cash,index,20,60,False,580,0.0022,0.0389,-0.0141,21:-0.09 22:-0.08 23:+0.15 24:+0.01 25:+0.02 26:-0.10
INTC,us_cash,stock,10,15,True,913,0.0355,0.4573,-0.0287,20:+0.00 21:-0.02 22:-0.12 23:+0.42 24:+0.12 25:-0.02 26:-0.25
INTC,us_cash,stock,10,15,False,913,0.1132,1.0593,0.1442,20:+0.63 21:-0.08 22:-0.21 23:+0.56 24:+0.15 25:-0.05 26:+0.39
INTC,us_cash,stock,10,30,True,811,0.0420,0.6686,0.0190,20:+0.11 21:-0.09 22:-0.05 23:+0.33 24:-0.00 25:+0.09 26:-0.04
INTC,us_cash,stock,10,30,False,813,0.0529,0.6156,0.0652,20:+0.73 21:-0.28 22:-0.05 23:+0.43 24:-0.14 25:+0.17 26:+0.23
INTC,us_cash,stock,10,60,True,680,0.0238,0.4378,0.0207,20:+1.07 21:-0.03 22:-0.14 23:+0.23 24:-0.05 25:+0.05 26:+0.08
INTC,us_cash,stock,10,60,False,684,-0.0160,-0.2379,-0.0613,20:+1.07 21:-0.10 22:-0.14 23:+0.29 24:-0.26 25:+0.08 26:+0.04
INTC,us_cash,stock,14,15,True,892,0.0405,0.5436,-0.0082,20:+0.27 21:-0.08 22:-0.08 23:+0.42 24:+0.14 25:+0.01 26:-0.24
INTC,us_cash,stock,14,15,False,892,0.0979,0.9487,0.1579,20:+1.05 21:-0.09 22:-0.26 23:+0.52 24:+0.17 25:+0.07 26:+0.26
INTC,us_cash,stock,14,30,True,794,0.0550,0.9305,0.0631,20:+0.10 21:-0.14 22:-0.03 23:+0.32 24:+0.08 25:+0.14 26:-0.05
INTC,us_cash,stock,14,30,False,795,0.0612,0.7548,0.0823,20:+1.05 21:-0.22 22:-0.02 23:+0.37 24:-0.07 25:+0.19 26:+0.16
INTC,us_cash,stock,14,60,True,663,0.0257,0.4871,0.0580,20:+1.19 21:-0.05 22:-0.12 23:+0.17 24:-0.02 25:+0.16 26:+0.05
INTC,us_cash,stock,14,60,False,666,-0.0154,-0.2321,-0.0339,20:+1.19 21:-0.06 22:-0.18 23:+0.25 24:-0.21 25:+0.12 26:+0.03
INTC,us_cash,stock,20,15,True,882,0.0484,0.6741,0.0231,21:-0.04 22:-0.10 23:+0.37 24:+0.08 25:+0.12 26:-0.18
INTC,us_cash,stock,20,15,False,882,0.0940,0.9561,0.1612,21:-0.00 22:-0.29 23:+0.45 24:+0.10 25:+0.15 26:+0.27
INTC,us_cash,stock,20,30,True,782,0.0520,0.9112,0.0886,21:-0.14 22:-0.09 23:+0.32 24:+0.04 25:+0.28 26:-0.07
INTC,us_cash,stock,20,30,False,784,0.0967,1.2932,0.1394,21:-0.16 22:-0.04 23:+0.38 24:-0.01 25:+0.34 26:+0.12
INTC,us_cash,stock,20,60,True,650,0.0433,0.8547,0.0798,21:-0.03 22:-0.10 23:+0.17 24:-0.03 25:+0.24 26:+0.05
INTC,us_cash,stock,20,60,False,652,0.0284,0.4607,0.0091,21:-0.01 22:-0.14 23:+0.29 24:-0.21 25:+0.27 26:+0.02
JNJ,us_cash,stock,10,15,True,922,-0.1829,-2.6580,-0.2145,20:+0.29 21:-0.36 22:-0.13 23:-0.03 24:-0.19 25:-0.01 26:-0.52
JNJ,us_cash,stock,10,15,False,924,-0.1780,-1.8622,-0.1106,20:-0.35 21:-0.23 22:-0.12 23:-0.34 24:-0.10 25:+0.05 26:-0.35
JNJ,us_cash,stock,10,30,True,809,-0.1156,-2.0412,-0.1439,20:+0.38 21:-0.24 22:-0.08 23:+0.00 24:-0.20 25:+0.05 26:-0.32
JNJ,us_cash,stock,10,30,False,810,-0.1269,-1.7361,-0.1181,20:-0.26 21:-0.20 22:-0.02 23:-0.17 24:-0.07 25:+0.04 26:-0.39
JNJ,us_cash,stock,10,60,True,643,-0.0434,-0.7983,-0.0782,20:+0.19 21:-0.14 22:+0.14 23:-0.06 24:-0.13 25:+0.12 26:-0.27
JNJ,us_cash,stock,10,60,False,651,-0.0454,-0.7408,-0.0429,20:+0.01 21:-0.09 22:+0.00 23:-0.06 24:-0.05 25:+0.21 26:-0.36
JNJ,us_cash,stock,14,15,True,912,-0.1470,-2.1781,-0.1689,20:+0.31 21:-0.34 22:-0.08 23:-0.00 24:-0.04 25:-0.02 26:-0.53
JNJ,us_cash,stock,14,15,False,914,-0.1251,-1.3526,-0.0645,20:-0.34 21:-0.25 22:-0.03 23:-0.24 24:-0.03 25:+0.09 26:-0.32
JNJ,us_cash,stock,14,30,True,808,-0.1238,-2.2233,-0.1241,20:+0.37 21:-0.26 22:-0.12 23:-0.04 24:-0.07 25:-0.01 26:-0.34
JNJ,us_cash,stock,14,30,False,808,-0.1412,-1.9199,-0.1182,20:-0.40 21:-0.26 22:-0.06 23:-0.15 24:+0.01 25:-0.02 26:-0.40
JNJ,us_cash,stock,14,60,True,651,-0.0662,-1.2887,-0.0787,20:+0.19 21:-0.13 22:+0.02 23:-0.09 24:-0.11 25:+0.12 26:-0.29
JNJ,us_cash,stock,14,60,False,660,-0.0915,-1.5399,-0.0727,20:-0.06 21:-0.13 22:-0.09 23:-0.11 24:-0.07 25:+0.18 26:-0.38
JNJ,us_cash,stock,20,15,True,908,-0.1848,-2.8582,-0.2031,20:+0.66 21:-0.39 22:-0.12 23:-0.06 24:-0.13 25:-0.08 26:-0.46
JNJ,us_cash,stock,20,15,False,909,-0.1993,-2.2117,-0.2006,20:-0.31 21:-0.31 22:+0.02 23:-0.28 24:-0.23 25:-0.06 26:-0.35
JNJ,us_cash,stock,20,30,True,802,-0.1441,-2.6566,-0.1657,20:+0.67 21:-0.27 22:-0.11 23:-0.05 24:-0.13 25:-0.10 26:-0.30
JNJ,us_cash,stock,20,30,False,802,-0.1799,-2.4879,-0.1948,20:+0.02 21:-0.27 22:-0.08 23:-0.16 24:-0.08 25:-0.14 26:-0.41
JNJ,us_cash,stock,20,60,True,640,-0.0819,-1.6662,-0.1061,20:+0.21 21:-0.16 22:+0.07 23:-0.12 24:-0.10 25:+0.05 26:-0.33
JNJ,us_cash,stock,20,60,False,648,-0.0951,-1.6467,-0.1090,20:-0.11 21:-0.10 22:-0.04 23:-0.11 24:-0.06 25:+0.08 26:-0.43
JP225.cash,jp_cash,index,10,15,True,785,-0.0591,-0.8011,-0.0907,21:-0.09 22:+0.25 23:-0.26 24:+0.02 25:-0.33 26:+0.06
JP225.cash,jp_cash,index,10,15,False,787,-0.0519,-0.5008,-0.0731,21:-0.23 22:+0.13 23:-0.12 24:+0.05 25:-0.23 26:-0.04
JP225.cash,jp_cash,index,10,30,True,684,-0.0165,-0.2447,-0.0612,21:+0.01 22:+0.19 23:-0.09 24:-0.07 25:-0.21 26:+0.14
JP225.cash,jp_cash,index,10,30,False,688,-0.0240,-0.2667,-0.0644,21:-0.09 22:+0.07 23:+0.01 24:-0.06 25:-0.19 26:+0.09
JP225.cash,jp_cash,index,10,60,True,585,-0.0034,-0.0534,-0.0149,21:-0.00 22:+0.04 23:-0.02 24:+0.01 25:-0.11 26:+0.07
JP225.cash,jp_cash,index,10,60,False,597,0.0024,0.0323,-0.0028,21:-0.06 22:+0.07 23:-0.03 24:+0.02 25:-0.06 26:+0.04
JP225.cash,jp_cash,index,14,15,True,770,-0.0872,-1.1781,-0.1274,21:-0.17 22:+0.24 23:-0.26 24:+0.00 25:-0.34 26:-0.03
JP225.cash,jp_cash,index,14,15,False,774,-0.0571,-0.5500,-0.0572,21:-0.32 22:+0.05 23:-0.09 24:+0.14 25:-0.14 26:-0.19
JP225.cash,jp_cash,index,14,30,True,685,-0.0465,-0.7275,-0.0996,21:+0.02 22:+0.17 23:-0.12 24:-0.14 25:-0.18 26:+0.05
JP225.cash,jp_cash,index,14,30,False,688,-0.0781,-0.9021,-0.1070,21:-0.12 22:-0.08 23:+0.01 24:-0.11 25:-0.12 26:-0.10
JP225.cash,jp_cash,index,14,60,True,583,-0.0148,-0.2323,-0.0294,21:+0.08 22:+0.07 23:-0.07 24:-0.02 25:-0.10 26:+0.05
JP225.cash,jp_cash,index,14,60,False,591,-0.0121,-0.1679,-0.0122,21:+0.02 22:+0.00 23:-0.03 24:+0.08 25:-0.08 26:-0.04
JP225.cash,jp_cash,index,20,15,True,768,-0.0902,-1.1866,-0.1185,21:-0.26 22:+0.20 23:-0.24 24:-0.01 25:-0.32 26:-0.02
JP225.cash,jp_cash,index,20,15,False,771,-0.0338,-0.3256,-0.0173,21:-0.12 22:+0.01 23:-0.10 24:+0.22 25:-0.14 26:-0.16
JP225.cash,jp_cash,index,20,30,True,671,-0.0533,-0.8671,-0.0788,21:-0.10 22:+0.10 23:-0.12 24:-0.10 25:-0.17 26:+0.05
JP225.cash,jp_cash,index,20,30,False,674,-0.0493,-0.6115,-0.0890,21:+0.04 22:-0.02 23:+0.01 24:-0.02 25:-0.16 26:-0.09
JP225.cash,jp_cash,index,20,60,True,577,-0.0397,-0.6303,-0.0412,21:-0.07 22:+0.03 23:-0.10 24:-0.07 25:-0.10 26:+0.06
JP225.cash,jp_cash,index,20,60,False,581,-0.0121,-0.1701,-0.0036,21:-0.08 22:+0.04 23:-0.07 24:+0.04 25:-0.08 26:+0.03
JP225.cash,us_cash,index,10,15,True,798,-0.1673,-1.6392,-0.1443,21:-0.84 22:+0.04 23:-0.27 24:+0.17 25:-0.50 26:-0.13
JP225.cash,us_cash,index,10,15,False,800,-0.0324,-0.2334,0.0288,21:-1.30 22:+0.28 23:-0.19 24:+0.21 25:-0.17 26:+0.04
JP225.cash,us_cash,index,10,30,True,697,-0.0404,-0.4396,-0.0411,21:-0.68 22:-0.01 23:+0.10 24:+0.26 25:-0.40 26:+0.03
JP225.cash,us_cash,index,10,30,False,702,0.0409,0.3774,0.1032,21:-0.79 22:+0.12 23:+0.00 24:+0.36 25:-0.26 26:+0.23
JP225.cash,us_cash,index,10,60,True,570,-0.0659,-0.9981,-0.0126,21:-0.25 22:-0.07 23:-0.16 24:+0.14 25:-0.18 26:+0.02
JP225.cash,us_cash,index,10,60,False,572,-0.0230,-0.2961,0.0384,21:-0.21 22:+0.03 23:-0.21 24:+0.15 25:-0.10 26:+0.07
JP225.cash,us_cash,index,14,15,True,793,-0.1963,-2.0343,-0.1703,21:-0.94 22:+0.05 23:-0.35 24:+0.16 25:-0.52 26:-0.17
JP225.cash,us_cash,index,14,15,False,794,-0.0265,-0.2024,-0.0523,21:-0.99 22:+0.33 23:-0.11 24:+0.21 25:-0.30 26:-0.08
JP225.cash,us_cash,index,14,30,True,685,-0.0207,-0.2402,0.0181,21:-0.70 22:+0.01 23:+0.00 24:+0.31 25:-0.28 26:+0.04
JP225.cash,us_cash,index,14,30,False,690,0.0468,0.4483,0.1174,21:-1.00 22:+0.15 23:+0.00 24:+0.43 25:-0.22 26:+0.17
JP225.cash,us_cash,index,14,60,True,562,-0.0307,-0.4802,0.0316,21:-0.17 22:-0.07 23:-0.12 24:+0.20 25:-0.08 26:-0.03
JP225.cash,us_cash,index,14,60,False,564,0.0154,0.2026,0.0613,21:+0.00 22:+0.07 23:-0.17 24:+0.23 25:-0.08 26:+0.03
JP225.cash,us_cash,index,20,15,True,762,-0.1561,-1.5801,-0.1489,21:-1.08 22:+0.15 23:-0.31 24:+0.10 25:-0.52 26:-0.01
JP225.cash,us_cash,index,20,15,False,763,0.0219,0.1661,-0.0093,21:-0.94 22:+0.38 23:-0.07 24:+0.16 25:-0.27 26:+0.09
JP225.cash,us_cash,index,20,30,True,668,-0.0493,-0.5728,-0.0424,21:-0.82 22:+0.08 23:-0.06 24:+0.16 25:-0.34 26:+0.09
JP225.cash,us_cash,index,20,30,False,671,0.0765,0.7348,0.1322,21:-0.76 22:+0.17 23:-0.02 24:+0.32 25:-0.18 26:+0.29
JP225.cash,us_cash,index,20,60,True,552,-0.0421,-0.6417,0.0172,21:-0.32 22:-0.08 23:-0.11 24:+0.13 25:-0.06 26:-0.02
JP225.cash,us_cash,index,20,60,False,553,-0.0021,-0.0272,0.0330,21:-0.14 22:+0.07 23:-0.15 24:+0.12 25:-0.08 26:+0.06
JPM,us_cash,stock,10,15,True,925,-0.0520,-0.6679,-0.0221,20:+0.20 21:-0.11 22:+0.03 23:-0.20 24:+0.46 25:-0.31 26:-0.22
JPM,us_cash,stock,10,15,False,925,-0.0926,-0.8853,-0.0159,20:+0.26 21:-0.36 22:-0.01 23:-0.18 24:+0.37 25:-0.31 26:-0.09
JPM,us_cash,stock,10,30,True,809,0.0159,0.2461,0.0878,20:+0.03 21:-0.22 22:-0.00 23:+0.06 24:+0.33 25:+0.01 26:-0.10
JPM,us_cash,stock,10,30,False,813,-0.0334,-0.4021,0.0456,20:-0.01 21:-0.28 22:-0.07 23:+0.01 24:+0.25 25:+0.08 26:-0.23
JPM,us_cash,stock,10,60,True,657,0.0184,0.3364,-0.0073,20:+0.61 21:-0.08 22:+0.05 23:+0.08 24:+0.08 25:+0.09 26:-0.23
JPM,us_cash,stock,10,60,False,664,0.0020,0.0310,-0.0206,20:+0.40 21:-0.15 22:+0.15 23:+0.00 24:+0.06 25:+0.10 26:-0.26
JPM,us_cash,stock,14,15,True,912,-0.0605,-0.8173,-0.0309,20:+0.34 21:-0.10 22:-0.07 23:-0.12 24:+0.38 25:-0.31 26:-0.16
JPM,us_cash,stock,14,15,False,912,-0.1499,-1.5064,-0.1049,20:+0.45 21:-0.30 22:-0.21 23:-0.11 24:+0.17 25:-0.45 26:+0.01
JPM,us_cash,stock,14,30,True,805,-0.0014,-0.0232,0.0699,20:+0.11 21:-0.23 22:-0.05 23:+0.06 24:+0.24 25:+0.00 26:-0.05
JPM,us_cash,stock,14,30,False,811,-0.0899,-1.1436,-0.0307,20:+0.10 21:-0.30 22:-0.19 23:+0.03 24:+0.15 25:-0.14 26:-0.11
JPM,us_cash,stock,14,60,True,657,-0.0069,-0.1303,-0.0452,20:+0.33 21:-0.05 22:-0.03 23:+0.12 24:+0.06 25:+0.00 26:-0.24
JPM,us_cash,stock,14,60,False,663,-0.0456,-0.6520,-0.1096,20:+0.20 21:-0.13 22:-0.01 23:+0.14 24:+0.00 25:-0.13 26:-0.23
JPM,us_cash,stock,20,15,True,904,-0.0694,-0.9354,-0.0226,20:+0.18 21:-0.13 22:-0.09 23:-0.13 24:+0.39 25:-0.35 26:-0.10
JPM,us_cash,stock,20,15,False,904,-0.1708,-1.7293,-0.1410,20:+0.41 21:-0.32 22:-0.21 23:-0.12 24:+0.10 25:-0.45 26:-0.04
JPM,us_cash,stock,20,30,True,797,-0.0262,-0.4491,0.0597,20:-0.08 21:-0.24 22:-0.12 23:+0.05 24:+0.27 25:-0.07 26:-0.03
JPM,us_cash,stock,20,30,False,800,-0.1024,-1.3615,-0.0087,20:+0.07 21:-0.33 22:-0.28 23:+0.03 24:+0.13 25:-0.09 26:-0.07
JPM,us_cash,stock,20,60,True,633,-0.0169,-0.3195,-0.0294,20:+0.30 21:-0.13 22:-0.03 23:+0.10 24:+0.12 25:-0.02 26:-0.22
JPM,us_cash,stock,20,60,False,637,-0.0485,-0.7697,-0.0472,20:+0.28 21:-0.18 22:-0.06 23:+0.05 24:+0.06 25:-0.01 26:-0.21
KO,us_cash,stock,10,15,True,936,-0.1889,-2.3030,-0.3428,20:-0.12 21:-0.13 22:+0.11 23:-0.13 24:-0.09 25:-0.16 26:-0.82
KO,us_cash,stock,10,15,False,937,-0.1939,-1.8023,-0.3290,20:-0.82 21:+0.19 22:-0.03 23:-0.25 24:-0.57 25:-0.06 26:-0.39
KO,us_cash,stock,10,30,True,816,-0.0365,-0.4758,-0.0700,20:-0.58 21:-0.10 22:+0.20 23:-0.06 24:+0.07 25:+0.08 26:-0.38
KO,us_cash,stock,10,30,False,817,-0.0855,-0.9019,-0.0731,20:-0.81 21:+0.05 22:+0.08 23:-0.31 24:-0.16 25:-0.00 26:-0.07
KO,us_cash,stock,10,60,True,667,-0.0015,-0.0270,-0.0045,20:-0.07 21:+0.03 22:+0.01 23:-0.04 24:+0.12 25:+0.03 26:-0.18
KO,us_cash,stock,10,60,False,674,-0.0468,-0.6870,-0.0133,20:-0.07 21:-0.01 22:-0.18 23:-0.04 24:+0.06 25:+0.02 26:-0.13
KO,us_cash,stock,14,15,True,920,-0.1654,-2.1032,-0.3138,20:-0.25 21:-0.05 22:+0.09 23:-0.11 24:-0.07 25:-0.12 26:-0.79
KO,us_cash,stock,14,15,False,921,-0.2144,-2.0521,-0.3362,20:-0.65 21:+0.21 22:-0.14 23:-0.28 24:-0.66 25:+0.09 26:-0.47
KO,us_cash,stock,14,30,True,804,-0.0435,-0.6213,-0.1037,20:-0.54 21:+0.00 22:+0.13 23:-0.04 24:+0.06 25:+0.06 26:-0.45
KO,us_cash,stock,14,30,False,806,-0.1083,-1.1956,-0.1177,20:-0.71 21:+0.15 22:-0.07 23:-0.27 24:-0.22 25:+0.07 26:-0.21
KO,us_cash,stock,14,60,True,659,-0.0126,-0.2376,-0.0230,20:-0.19 21:+0.06 22:-0.01 23:-0.03 24:+0.11 25:+0.02 26:-0.23
KO,us_cash,stock,14,60,False,664,-0.0811,-1.2441,-0.0563,20:-0.22 21:+0.03 22:-0.25 23:-0.06 24:+0.05 25:+0.00 26:-0.24
KO,us_cash,stock,20,15,True,909,-0.1884,-2.4506,-0.3073,20:-0.44 21:-0.10 22:+0.01 23:-0.12 24:-0.09 25:-0.13 26:-0.72
KO,us_cash,stock,20,15,False,910,-0.2115,-2.0780,-0.3680,20:-0.76 21:+0.26 22:-0.19 23:-0.17 24:-0.63 25:+0.08 26:-0.59
KO,us_cash,stock,20,30,True,790,-0.0647,-0.9681,-0.1355,20:-0.96 21:+0.01 22:+0.08 23:-0.00 24:+0.07 25:+0.01 26:-0.51
KO,us_cash,stock,20,30,False,792,-0.1043,-1.2074,-0.1221,20:-1.11 21:+0.14 22:-0.09 23:-0.19 24:-0.19 25:+0.08 26:-0.27
KO,us_cash,stock,20,60,True,650,-0.0080,-0.1560,-0.0092,20:-0.25 21:+0.05 22:-0.04 23:+0.00 24:+0.14 25:+0.01 26:-0.19
KO,us_cash,stock,20,60,False,656,-0.0457,-0.7398,-0.0314,20:-0.45 21:+0.02 22:-0.17 23:+0.02 24:+0.09 25:-0.01 26:-0.18
LTCUSD,us_cash,crypto,10,15,True,1402,-7.8974,-14.2495,-1.8881,18:-14.57 19:-28.75 20:-20.91 21:-0.23 22:-0.54 23:-1.59 24:-1.47 25:-2.29 26:-1.91
LTCUSD,us_cash,crypto,10,15,False,1408,-3.8017,-13.0106,-0.9839,18:-5.97 19:-13.83 20:-10.61 21:-0.50 22:-0.00 23:-0.72 24:-0.60 25:-1.07 26:-1.38
LTCUSD,us_cash,crypto,10,30,True,1241,-4.6642,-12.5434,-1.3011,18:-9.60 19:-15.66 20:-12.41 21:-0.05 22:-0.31 23:-1.01 24:-1.07 25:-1.62 26:-1.20
LTCUSD,us_cash,crypto,10,30,False,1248,-2.9786,-11.8829,-0.8690,18:-5.53 19:-9.63 20:-8.85 21:-0.53 22:+0.08 23:-0.29 24:-0.54 25:-0.94 26:-1.19
LTCUSD,us_cash,crypto,10,60,True,996,-2.6054,-13.6984,-0.9599,18:-4.42 19:-9.64 20:-6.96 21:-0.02 22:-0.05 23:-0.44 24:-0.98 25:-1.06 26:-0.80
LTCUSD,us_cash,crypto,10,60,False,1013,-2.2115,-13.8367,-0.8066,18:-3.37 19:-7.66 20:-6.43 21:-0.20 22:-0.11 23:-0.31 24:-0.68 25:-0.89 26:-0.86
LTCUSD,us_cash,crypto,14,15,True,1387,-7.1474,-13.2034,-1.8466,18:-12.07 19:-25.70 20:-19.39 21:-0.53 22:-0.42 23:-1.21 24:-1.40 25:-2.22 26:-1.94
LTCUSD,us_cash,crypto,14,15,False,1392,-3.4498,-12.8297,-0.9527,18:-5.80 19:-12.75 20:-8.91 21:-0.54 22:-0.04 23:-0.47 24:-0.69 25:-0.91 26:-1.36
LTCUSD,us_cash,crypto,14,30,True,1216,-4.0983,-13.1687,-1.2573,18:-7.27 19:-13.79 20:-11.37 21:-0.09 22:-0.23 23:-0.72 24:-0.98 25:-1.54 26:-1.25
LTCUSD,us_cash,crypto,14,30,False,1224,-2.7474,-12.2235,-0.8835,18:-5.09 19:-9.06 20:-7.34 21:-0.51 22:-0.10 23:-0.29 24:-0.69 25:-0.92 26:-1.09
LTCUSD,us_cash,crypto,14,60,True,964,-2.2860,-13.6699,-0.9193,18:-3.52 19:-7.94 20:-6.56 21:-0.05 22:+0.09 23:-0.44 24:-0.91 25:-0.97 26:-0.86
LTCUSD,us_cash,crypto,14,60,False,983,-1.9514,-13.8562,-0.8273,18:-2.93 19:-6.37 20:-5.75 21:-0.16 22:+0.10 23:-0.38 24:-0.77 25:-0.83 26:-0.90
LTCUSD,us_cash,crypto,20,15,True,1379,-6.6203,-13.6998,-1.7410,18:-12.10 19:-24.84 20:-17.33 21:-0.49 22:-0.37 23:-1.19 24:-1.28 25:-2.13 26:-1.84
LTCUSD,us_cash,crypto,20,15,False,1382,-3.1111,-13.2960,-1.0071,18:-4.94 19:-11.64 20:-8.17 21:-0.41 22:-0.04 23:-0.57 24:-0.83 25:-1.11 26:-1.10
LTCUSD,us_cash,crypto,20,30,True,1194,-3.7598,-15.0768,-1.2399,18:-6.33 19:-12.81 20:-10.69 21:-0.17 22:-0.21 23:-0.74 24:-0.92 25:-1.59 26:-1.18
LTCUSD,us_cash,crypto,20,30,False,1202,-2.4491,-13.5368,-0.8657,18:-3.68 19:-8.31 20:-7.02 21:-0.54 22:-0.04 23:-0.33 24:-0.70 25:-1.01 26:-0.89
LTCUSD,us_cash,crypto,20,60,True,949,-2.2012,-13.8887,-0.8865,18:-3.79 19:-7.45 20:-6.28 21:-0.24 22:+0.15 23:-0.45 24:-0.89 25:-0.94 26:-0.82
LTCUSD,us_cash,crypto,20,60,False,963,-1.8130,-13.6724,-0.7621,18:-2.86 19:-5.82 20:-5.50 21:-0.19 22:+0.14 23:-0.36 24:-0.62 25:-0.83 26:-0.85
MCD,us_cash,stock,10,15,True,428,-0.0244,-0.2092,-0.0244,24:-0.03 25:-0.11 26:+0.10
MCD,us_cash,stock,10,15,False,432,-0.0993,-0.6426,-0.0993,24:-0.45 25:-0.00 26:+0.17
MCD,us_cash,stock,10,30,True,373,-0.0032,-0.0340,-0.0032,24:+0.02 25:-0.00 26:-0.02
MCD,us_cash,stock,10,30,False,373,-0.1581,-1.2603,-0.1581,24:-0.19 25:-0.15 26:-0.13
MCD,us_cash,stock,10,60,True,291,0.0169,0.2056,0.0169,24:+0.12 25:-0.05 26:+0.01
MCD,us_cash,stock,10,60,False,296,-0.0096,-0.0943,-0.0096,24:+0.02 25:+0.04 26:-0.11
MCD,us_cash,stock,14,15,True,418,-0.0308,-0.2594,-0.0308,24:+0.03 25:-0.16 26:+0.09
MCD,us_cash,stock,14,15,False,419,-0.0766,-0.4623,-0.0766,24:-0.29 25:-0.07 26:+0.15
MCD,us_cash,stock,14,30,True,370,0.0158,0.1721,0.0158,24:+0.09 25:+0.00 26:-0.04
MCD,us_cash,stock,14,30,False,370,-0.1105,-0.9118,-0.1105,24:-0.09 25:-0.11 26:-0.13
MCD,us_cash,stock,14,60,True,294,0.0185,0.2368,0.0185,24:+0.12 25:-0.04 26:+0.00
MCD,us_cash,stock,14,60,False,299,-0.0160,-0.1688,-0.0160,24:+0.01 25:+0.03 26:-0.11
MCD,us_cash,stock,20,15,True,411,-0.0626,-0.5402,-0.0626,24:+0.06 25:-0.15 26:-0.06
MCD,us_cash,stock,20,15,False,413,-0.1734,-1.1167,-0.1734,24:-0.32 25:-0.18 26:-0.03
MCD,us_cash,stock,20,30,True,355,0.0315,0.3505,0.0315,24:+0.14 25:+0.04 26:-0.08
MCD,us_cash,stock,20,30,False,355,-0.0959,-0.8201,-0.0959,24:+0.04 25:-0.09 26:-0.24
MCD,us_cash,stock,20,60,True,289,0.0209,0.2757,0.0209,24:+0.17 25:-0.06 26:-0.01
MCD,us_cash,stock,20,60,False,294,-0.0111,-0.1235,-0.0111,24:+0.10 25:+0.02 26:-0.15
META,us_cash,stock,10,15,True,863,-0.1031,-1.4143,-0.2666,21:+0.10 22:+0.26 23:-0.09 24:-0.13 25:-0.55 26:-0.07
META,us_cash,stock,10,15,False,865,-0.0443,-0.4519,-0.1436,21:-0.12 22:+0.28 23:-0.06 24:-0.23 25:-0.34 26:+0.22
META,us_cash,stock,10,30,True,778,-0.0508,-0.8285,-0.1744,21:+0.09 22:+0.25 23:-0.08 24:-0.14 25:-0.36 26:+0.03
META,us_cash,stock,10,30,False,784,-0.0368,-0.4788,-0.1559,21:-0.09 22:+0.28 23:-0.01 24:-0.36 25:-0.20 26:+0.16
META,us_cash,stock,10,60,True,639,-0.0184,-0.3577,-0.2042,21:+0.33 22:+0.20 23:+0.13 24:-0.30 25:-0.27 26:+0.01
META,us_cash,stock,10,60,False,647,-0.0207,-0.3463,-0.2027,21:+0.17 22:+0.25 23:+0.14 24:-0.41 25:-0.23 26:+0.11
META,us_cash,stock,14,15,True,845,-0.0808,-1.1503,-0.2171,21:+0.15 22:+0.26 23:-0.12 24:-0.11 25:-0.43 26:-0.07
META,us_cash,stock,14,15,False,845,-0.0251,-0.2717,-0.1531,21:+0.04 22:+0.29 23:-0.00 24:-0.25 25:-0.28 26:+0.14
META,us_cash,stock,14,30,True,762,-0.0396,-0.6729,-0.1345,21:+0.11 22:+0.22 23:-0.10 24:-0.11 25:-0.26 26:-0.01
META,us_cash,stock,14,30,False,769,-0.0411,-0.5533,-0.1500,21:+0.01 22:+0.25 23:-0.06 24:-0.31 25:-0.20 26:+0.12
META,us_cash,stock,14,60,True,622,0.0060,0.1204,-0.1451,21:+0.34 22:+0.17 23:+0.12 24:-0.20 25:-0.19 26:-0.03
META,us_cash,stock,14,60,False,632,0.0168,0.2987,-0.1335,21:+0.26 22:+0.20 23:+0.14 24:-0.26 25:-0.16 26:+0.05
META,us_cash,stock,20,15,True,850,-0.0987,-1.5243,-0.2387,21:+0.06 22:+0.30 23:-0.16 24:-0.13 25:-0.47 26:-0.07
META,us_cash,stock,20,15,False,851,-0.0864,-0.9937,-0.1878,21:-0.15 22:+0.29 23:-0.16 24:-0.29 25:-0.38 26:+0.21
META,us_cash,stock,20,30,True,761,-0.0753,-1.3577,-0.1550,21:+0.06 22:+0.21 23:-0.19 24:-0.15 25:-0.28 26:+0.00
META,us_cash,stock,20,30,False,767,-0.0605,-0.8627,-0.1359,21:-0.08 22:+0.23 23:-0.14 24:-0.34 25:-0.19 26:+0.19
META,us_cash,stock,20,60,True,611,-0.0185,-0.3728,-0.1561,21:+0.30 22:+0.18 23:+0.05 24:-0.25 25:-0.21 26:+0.03
META,us_cash,stock,20,60,False,618,-0.0107,-0.1889,-0.1442,21:+0.21 22:+0.20 23:+0.07 24:-0.29 25:-0.18 26:+0.09
MSFT,us_cash,stock,10,15,True,1662,-0.0418,-0.8350,-0.2195,15:+0.20 16:-0.22 17:-0.22 18:+0.18 19:+0.12 21:+0.05 22:+0.11 23:+0.08 24:-0.06 25:-0.48 26:-0.08
MSFT,us_cash,stock,10,15,False,1669,-0.0063,-0.0906,-0.1096,15:+0.04 16:-0.28 17:-0.29 18:+0.35 19:+0.13 21:-0.31 22:+0.24 23:+0.27 24:-0.17 25:-0.33 26:+0.26
MSFT,us_cash,stock,10,30,True,1488,0.0051,0.1148,-0.0624,15:+0.17 16:-0.20 17:-0.21 18:+0.22 19:+0.11 21:+0.21 22:+0.05 23:+0.07 24:-0.00 25:-0.14 26:-0.04
MSFT,us_cash,stock,10,30,False,1498,-0.0002,-0.0033,0.0250,15:+0.06 16:-0.24 17:-0.44 18:+0.30 19:+0.11 21:-0.27 22:+0.26 23:+0.07 24:-0.09 25:-0.04 26:+0.26
MSFT,us_cash,stock,10,60,True,1248,0.0124,0.3286,-0.0404,15:+0.21 16:-0.25 17:-0.14 18:+0.12 19:+0.19 21:+0.12 22:+0.01 23:+0.17 24:-0.12 25:-0.03 26:+0.05
MSFT,us_cash,stock,10,60,False,1261,0.0286,0.6409,0.0061,15:+0.10 16:-0.22 17:-0.18 18:+0.21 19:+0.13 21:-0.01 22:+0.16 23:+0.15 24:-0.09 25:-0.01 26:+0.16
MSFT,us_cash,stock,14,15,True,1639,-0.0259,-0.5275,-0.1943,15:+0.22 16:-0.22 17:-0.17 18:+0.23 19:+0.18 21:-0.01 22:+0.15 23:-0.01 24:-0.05 25:-0.44 26:-0.06
MSFT,us_cash,stock,14,15,False,1645,-0.0123,-0.1790,-0.1340,15:+0.09 16:-0.24 17:-0.31 18:+0.40 19:+0.12 21:-0.36 22:+0.29 23:+0.13 24:-0.24 25:-0.25 26:+0.16
MSFT,us_cash,stock,14,30,True,1466,0.0068,0.1573,-0.0458,15:+0.15 16:-0.21 17:-0.15 18:+0.23 19:+0.14 21:+0.11 22:+0.05 23:+0.02 24:-0.03 25:-0.10 26:-0.01
MSFT,us_cash,stock,14,30,False,1472,-0.0077,-0.1361,0.0103,15:+0.03 16:-0.28 17:-0.38 18:+0.26 19:+0.14 21:-0.28 22:+0.29 23:+0.04 24:-0.13 25:-0.01 26:+0.22
MSFT,us_cash,stock,14,60,True,1218,0.0151,0.3998,-0.0384,15:+0.16 16:-0.16 17:-0.17 18:+0.14 19:+0.16 21:+0.19 22:-0.01 23:+0.16 24:-0.12 25:+0.02 26:-0.00
MSFT,us_cash,stock,14,60,False,1232,0.0201,0.4577,0.0031,15:+0.05 16:-0.16 17:-0.22 18:+0.18 19:+0.18 21:+0.01 22:+0.12 23:+0.14 24:-0.06 25:+0.01 26:+0.08
MSFT,us_cash,stock,20,15,True,1627,-0.0382,-0.7975,-0.1715,15:+0.17 16:-0.22 17:-0.19 18:+0.20 19:+0.13 21:+0.07 22:+0.14 23:-0.07 24:-0.05 25:-0.37 26:-0.08
MSFT,us_cash,stock,20,15,False,1635,-0.0216,-0.3252,-0.0835,15:-0.07 16:-0.29 17:-0.29 18:+0.28 19:+0.17 21:-0.24 22:+0.24 23:+0.18 24:-0.13 25:-0.19 26:+0.11
MSFT,us_cash,stock,20,30,True,1453,-0.0061,-0.1466,-0.0710,15:+0.11 16:-0.22 17:-0.16 18:+0.25 19:+0.14 21:+0.13 22:+0.06 23:-0.02 24:-0.04 25:-0.09 26:-0.08
MSFT,us_cash,stock,20,30,False,1457,0.0022,0.0406,0.0459,15:-0.09 16:-0.29 17:-0.31 18:+0.25 19:+0.12 21:-0.18 22:+0.27 23:+0.09 24:-0.09 25:+0.13 26:+0.12
MSFT,us_cash,stock,20,60,True,1215,0.0086,0.2371,-0.0385,15:+0.18 16:-0.19 17:-0.11 18:+0.09 19:+0.14 21:+0.15 22:-0.02 23:+0.13 24:-0.15 25:+0.06 26:-0.02
MSFT,us_cash,stock,20,60,False,1227,0.0155,0.3672,0.0080,15:+0.05 16:-0.20 17:-0.14 18:+0.16 19:+0.10 21:-0.04 22:+0.11 23:+0.13 24:-0.05 25:+0.05 26:+0.03
MSTR,us_cash,stock,10,15,True,753,0.0905,0.9363,0.0604,20:-0.49 21:+0.19 22:+0.14 23:+0.12 24:+0.11 25:+0.15 26:-0.11
MSTR,us_cash,stock,10,15,False,754,0.2025,1.5453,0.3447,20:-1.37 21:-0.28 22:+0.02 23:+0.03 24:+0.43 25:+0.24 26:+0.37
MSTR,us_cash,stock,10,30,True,677,0.0546,0.7027,0.0767,20:-0.49 21:+0.17 22:-0.04 23:+0.06 24:+0.20 25:+0.20 26:-0.21
MSTR,us_cash,stock,10,30,False,680,0.1522,1.6006,0.2870,20:-1.37 21:-0.32 22:-0.10 23:+0.10 24:+0.45 25:+0.24 26:+0.17
MSTR,us_cash,stock,10,60,True,561,0.0088,0.1452,-0.0233,20:-1.24 21:+0.07 22:-0.06 23:+0.18 24:+0.06 25:+0.04 26:-0.19
MSTR,us_cash,stock,10,60,False,562,0.0651,0.9241,0.0478,20:-0.96 21:-0.17 22:-0.08 23:+0.32 24:+0.11 25:+0.11 26:-0.09
MSTR,us_cash,stock,14,15,True,744,0.0851,0.9245,0.0529,21:-0.10 22:+0.21 23:+0.09 24:+0.12 25:+0.14 26:-0.12
MSTR,us_cash,stock,14,15,False,746,0.1477,1.1497,0.2555,21:-0.61 22:+0.04 23:+0.03 24:+0.27 25:+0.22 26:+0.28
MSTR,us_cash,stock,14,30,True,663,0.0589,0.7735,0.0844,21:-0.10 22:+0.02 23:+0.05 24:+0.17 25:+0.24 26:-0.20
MSTR,us_cash,stock,14,30,False,665,0.1446,1.5521,0.2493,21:-0.37 22:-0.07 23:+0.14 24:+0.40 25:+0.25 26:+0.08
MSTR,us_cash,stock,14,60,True,540,0.0116,0.1938,-0.0393,21:-0.06 22:-0.04 23:+0.26 24:+0.02 25:+0.04 26:-0.20
MSTR,us_cash,stock,14,60,False,541,0.0559,0.7895,0.0519,21:-0.31 22:-0.12 23:+0.33 24:+0.15 25:+0.10 26:-0.11
MSTR,us_cash,stock,20,15,True,722,0.0618,0.6865,0.0553,21:-0.19 22:+0.02 23:+0.17 24:+0.08 25:+0.14 26:-0.07
MSTR,us_cash,stock,20,15,False,723,0.1823,1.4409,0.2573,21:-0.78 22:-0.07 23:+0.33 24:+0.29 25:+0.28 26:+0.20
MSTR,us_cash,stock,20,30,True,644,0.0176,0.2293,0.0559,21:-0.21 22:-0.06 23:+0.00 24:+0.14 25:+0.21 26:-0.22
MSTR,us_cash,stock,20,30,False,646,0.1153,1.2394,0.1773,21:-0.46 22:-0.07 23:+0.18 24:+0.34 25:+0.20 26:-0.03
MSTR,us_cash,stock,20,60,True,528,-0.0027,-0.0430,-0.0179,21:-0.05 22:-0.16 23:+0.24 24:+0.06 25:+0.05 26:-0.19
MSTR,us_cash,stock,20,60,False,530,0.0793,1.1161,0.0906,21:-0.36 22:-0.15 23:+0.36 24:+0.19 25:+0.13 26:-0.07
N25.cash,eu_cash,index,10,15,True,657,-0.8878,-8.4841,-1.0740,20:+0.64 21:-0.48 22:-0.58 23:-0.98 24:-0.13 25:-1.73 26:-0.82
N25.cash,eu_cash,index,10,15,False,657,-0.3723,-2.7835,-0.4676,20:-8.28 21:+0.16 22:-0.22 23:-1.18 24:+0.24 25:-0.81 26:-0.45
N25.cash,eu_cash,index,10,30,True,606,-0.6313,-6.6718,-0.7181,20:-1.79 21:-0.37 22:-0.48 23:-0.86 24:-0.17 25:-1.11 26:-0.55
N25.cash,eu_cash,index,10,30,False,608,-0.2894,-2.4392,-0.3015,20:-9.37 21:-0.04 22:-0.16 23:-0.87 24:+0.04 25:-0.53 26:-0.22
N25.cash,eu_cash,index,10,60,True,509,-0.3742,-4.3336,-0.4248,20:-1.07 21:-0.23 22:+0.02 23:-0.79 24:-0.21 25:-0.59 26:-0.34
N25.cash,eu_cash,index,10,60,False,514,-0.2508,-2.2343,-0.2848,20:-3.65 21:+0.01 22:+0.19 23:-1.16 24:+0.06 25:-0.53 26:-0.19
N25.cash,eu_cash,index,14,15,True,645,-0.8227,-8.5143,-0.9470,21:-0.53 22:-0.47 23:-1.06 24:-0.14 25:-1.52 26:-0.72
N25.cash,eu_cash,index,14,15,False,645,-0.2923,-2.3144,-0.3563,21:+0.05 22:-0.08 23:-1.03 24:+0.27 25:-0.73 26:-0.26
N25.cash,eu_cash,index,14,30,True,603,-0.5551,-6.4111,-0.6115,21:-0.40 22:-0.36 23:-0.77 24:-0.14 25:-0.97 26:-0.45
N25.cash,eu_cash,index,14,30,False,604,-0.2521,-2.3242,-0.2767,21:+0.01 22:-0.18 23:-0.91 24:+0.05 25:-0.48 26:-0.21
N25.cash,eu_cash,index,14,60,True,505,-0.3608,-4.4433,-0.4011,21:-0.32 22:+0.05 23:-0.58 24:-0.16 25:-0.58 26:-0.32
N25.cash,eu_cash,index,14,60,False,509,-0.2253,-2.2158,-0.3053,21:+0.06 22:+0.24 23:-0.86 24:+0.03 25:-0.54 26:-0.21
N25.cash,eu_cash,index,20,15,True,630,-0.8027,-8.3284,-0.9639,21:-0.45 22:-0.33 23:-1.09 24:-0.26 25:-1.58 26:-0.65
N25.cash,eu_cash,index,20,15,False,630,-0.2980,-2.3756,-0.3391,21:-0.07 22:-0.09 23:-0.90 24:+0.12 25:-0.64 26:-0.25
N25.cash,eu_cash,index,20,30,True,586,-0.5773,-6.8669,-0.6438,21:-0.38 22:-0.39 23:-0.84 24:-0.27 25:-1.03 26:-0.41
N25.cash,eu_cash,index,20,30,False,588,-0.2795,-2.5994,-0.3175,21:-0.05 22:-0.09 23:-0.89 24:-0.07 25:-0.52 26:-0.23
N25.cash,eu_cash,index,20,60,True,484,-0.4000,-4.9577,-0.4390,21:-0.35 22:-0.01 23:-0.64 24:-0.29 25:-0.58 26:-0.36
N25.cash,eu_cash,index,20,60,False,489,-0.3022,-2.9189,-0.3652,21:-0.04 22:+0.22 23:-1.12 24:-0.12 25:-0.54 26:-0.30
NATGAS.cash,nymex,energy,10,15,True,336,-5.4832,-13.9603,-5.4832,24:-4.62 25:-3.93 26:-7.84
NATGAS.cash,nymex,energy,10,15,False,339,-2.8257,-12.4919,-2.8257,24:-1.79 25:-1.99 26:-4.22
NATGAS.cash,nymex,energy,10,30,True,299,-3.1272,-13.1798,-3.1272,24:-2.27 25:-2.19 26:-4.59
NATGAS.cash,nymex,energy,10,30,False,303,-2.1970,-12.2685,-2.1970,24:-1.79 25:-1.44 26:-3.35
NATGAS.cash,nymex,energy,10,60,True,240,-1.8729,-13.3004,-1.8729,24:-1.94 25:-1.16 26:-2.82
NATGAS.cash,nymex,energy,10,60,False,241,-1.7725,-13.1687,-1.7725,24:-1.92 25:-1.10 26:-2.63
NATGAS.cash,nymex,energy,14,15,True,337,-5.3665,-15.5700,-5.3665,24:-3.99 25:-3.92 26:-7.75
NATGAS.cash,nymex,energy,14,15,False,340,-2.7664,-12.6059,-2.7664,24:-1.32 25:-1.96 26:-4.21
NATGAS.cash,nymex,energy,14,30,True,297,-2.9877,-14.2887,-2.9877,24:-2.27 25:-2.07 26:-4.42
NATGAS.cash,nymex,energy,14,30,False,300,-2.1247,-12.3941,-2.1247,24:-1.66 25:-1.38 26:-3.30
NATGAS.cash,nymex,energy,14,60,True,234,-1.7859,-12.2851,-1.7859,24:-1.48 25:-1.07 26:-2.85
NATGAS.cash,nymex,energy,14,60,False,235,-1.7081,-12.3159,-1.7081,24:-1.75 25:-1.02 26:-2.65
NATGAS.cash,nymex,energy,20,15,True,333,-5.1908,-14.1393,-5.1908,24:-4.83 25:-3.66 26:-7.50
NATGAS.cash,nymex,energy,20,15,False,335,-2.6339,-12.5716,-2.6339,24:-1.50 25:-1.99 26:-3.73
NATGAS.cash,nymex,energy,20,30,True,293,-2.9858,-14.4205,-2.9858,24:-2.16 25:-1.99 26:-4.53
NATGAS.cash,nymex,energy,20,30,False,294,-2.0322,-12.3666,-2.0322,24:-1.90 25:-1.30 26:-3.12
NATGAS.cash,nymex,energy,20,60,True,231,-1.7797,-13.4760,-1.7797,24:-1.80 25:-1.07 26:-2.80
NATGAS.cash,nymex,energy,20,60,False,232,-1.7500,-13.1728,-1.7500,24:-2.24 25:-1.10 26:-2.61
NFLX,us_cash,stock,10,15,True,867,-0.1035,-1.2925,-0.3324,21:+0.42 22:+0.16 23:+0.04 24:+0.02 25:-0.53 26:-0.54
NFLX,us_cash,stock,10,15,False,873,-0.0288,-0.2996,-0.1951,21:+0.24 22:+0.17 23:+0.12 24:-0.14 25:-0.13 26:-0.38
NFLX,us_cash,stock,10,30,True,786,-0.0302,-0.5257,-0.1774,21:+0.50 22:+0.07 23:+0.07 24:-0.04 25:-0.10 26:-0.49
NFLX,us_cash,stock,10,30,False,793,-0.0275,-0.3885,-0.1375,21:+0.30 22:+0.02 23:+0.10 24:-0.07 25:-0.01 26:-0.43
NFLX,us_cash,stock,10,60,True,652,-0.0188,-0.3697,-0.1229,21:+0.19 22:+0.06 23:+0.10 24:+0.01 25:-0.11 26:-0.35
NFLX,us_cash,stock,10,60,False,656,0.0187,0.3341,-0.1270,21:+0.27 22:+0.14 23:+0.19 24:+0.00 25:-0.07 26:-0.41
NFLX,us_cash,stock,14,15,True,863,-0.0390,-0.5664,-0.2220,21:+0.38 22:+0.19 23:+0.05 24:+0.08 25:-0.28 26:-0.58
NFLX,us_cash,stock,14,15,False,868,-0.0263,-0.2832,-0.1220,21:+0.18 22:+0.07 23:+0.05 24:-0.09 25:+0.04 26:-0.42
NFLX,us_cash,stock,14,30,True,773,-0.0182,-0.3390,-0.1458,21:+0.38 22:+0.09 23:+0.06 24:+0.00 25:-0.09 26:-0.47
NFLX,us_cash,stock,14,30,False,781,-0.0335,-0.4999,-0.1127,21:+0.23 22:+0.01 23:+0.03 24:-0.07 25:+0.03 26:-0.40
NFLX,us_cash,stock,14,60,True,641,-0.0157,-0.3149,-0.1232,21:+0.11 22:+0.09 23:+0.12 24:-0.00 25:-0.11 26:-0.33
NFLX,us_cash,stock,14,60,False,646,0.0077,0.1405,-0.1103,21:+0.17 22:+0.14 23:+0.13 24:+0.00 25:-0.06 26:-0.36
NFLX,us_cash,stock,20,15,True,840,-0.0143,-0.2196,-0.1776,21:+0.44 22:+0.20 23:+0.03 24:+0.05 25:-0.22 26:-0.46
NFLX,us_cash,stock,20,15,False,845,-0.0335,-0.3738,-0.1116,21:+0.11 22:+0.02 23:+0.07 24:-0.16 25:+0.06 26:-0.30
NFLX,us_cash,stock,20,30,True,759,-0.0129,-0.2441,-0.1368,21:+0.37 22:+0.09 23:+0.08 24:-0.00 25:-0.07 26:-0.45
NFLX,us_cash,stock,20,30,False,766,-0.0560,-0.8271,-0.1312,21:+0.10 22:-0.01 23:+0.04 24:-0.14 25:+0.01 26:-0.34
NFLX,us_cash,stock,20,60,True,629,-0.0274,-0.5605,-0.1251,21:+0.21 22:+0.05 23:+0.07 24:+0.00 25:-0.13 26:-0.31
NFLX,us_cash,stock,20,60,False,633,-0.0237,-0.4323,-0.1246,21:+0.18 22:+0.08 23:+0.07 24:-0.00 25:-0.13 26:-0.31
NKE,us_cash,stock,10,15,True,919,-0.1229,-1.6317,-0.2879,20:-0.74 21:-0.11 22:+0.24 23:+0.03 24:-0.09 25:-0.03 26:-0.83
NKE,us_cash,stock,10,15,False,919,-0.1698,-1.6230,-0.2467,20:-0.98 21:-0.09 22:+0.19 23:-0.29 24:-0.14 25:-0.20 26:-0.44
NKE,us_cash,stock,10,30,True,796,-0.0726,-1.2637,-0.1711,20:-0.28 21:-0.17 22:+0.18 23:+0.06 24:-0.07 25:+0.07 26:-0.57
NKE,us_cash,stock,10,30,False,802,-0.0931,-1.1635,-0.1906,20:-0.58 21:-0.17 22:+0.26 23:-0.05 24:-0.09 25:+0.02 26:-0.56
NKE,us_cash,stock,10,60,True,654,-0.0484,-1.0022,-0.1138,20:-0.29 21:-0.12 22:+0.16 23:+0.01 24:-0.02 25:+0.14 26:-0.51
NKE,us_cash,stock,10,60,False,657,-0.0545,-0.9075,-0.0901,20:-0.56 21:-0.14 22:+0.15 23:-0.03 24:+0.04 25:+0.15 26:-0.51
NKE,us_cash,stock,14,15,True,900,-0.1098,-1.4927,-0.2992,20:-0.51 21:-0.14 22:+0.28 23:+0.10 24:-0.13 25:-0.02 26:-0.87
NKE,us_cash,stock,14,15,False,900,-0.1657,-1.6215,-0.2729,20:-0.68 21:-0.04 22:+0.10 23:-0.19 24:-0.27 25:-0.19 26:-0.39
NKE,us_cash,stock,14,30,True,783,-0.0721,-1.3327,-0.1640,20:-0.15 21:-0.18 22:+0.15 23:+0.06 24:-0.10 25:+0.10 26:-0.55
NKE,us_cash,stock,14,30,False,788,-0.0752,-1.0079,-0.1791,20:-0.21 21:-0.16 22:+0.25 23:-0.02 24:-0.19 25:+0.03 26:-0.41
NKE,us_cash,stock,14,60,True,640,-0.0473,-1.0445,-0.1082,20:-0.38 21:-0.11 22:+0.17 23:-0.00 24:-0.09 25:+0.19 26:-0.47
NKE,us_cash,stock,14,60,False,642,-0.0514,-0.9038,-0.0737,20:-0.58 21:-0.15 22:+0.14 23:-0.04 24:-0.07 25:+0.20 26:-0.38
NKE,us_cash,stock,20,15,True,901,-0.1213,-1.6540,-0.3035,20:-0.50 21:-0.18 22:+0.27 23:+0.10 24:-0.10 25:-0.10 26:-0.82
NKE,us_cash,stock,20,15,False,901,-0.2011,-2.0104,-0.2922,20:-0.65 21:-0.20 22:+0.15 23:-0.25 24:-0.27 25:-0.18 26:-0.45
NKE,us_cash,stock,20,30,True,783,-0.0624,-1.1594,-0.1390,20:-0.19 21:-0.19 22:+0.18 23:+0.04 24:-0.06 25:+0.08 26:-0.50
NKE,us_cash,stock,20,30,False,788,-0.0850,-1.1434,-0.1549,20:-0.00 21:-0.28 22:+0.26 23:-0.06 24:-0.17 25:+0.04 26:-0.38
NKE,us_cash,stock,20,60,True,625,-0.0357,-0.7672,-0.1087,20:-0.35 21:-0.08 22:+0.19 23:+0.02 24:-0.06 25:+0.16 26:-0.47
NKE,us_cash,stock,20,60,False,627,-0.0287,-0.5031,-0.0522,20:-0.43 21:-0.14 22:+0.18 23:-0.03 24:+0.01 25:+0.17 26:-0.37
NVDA,us_cash,stock,10,15,True,851,-0.0487,-0.6119,-0.2282,21:+0.40 22:+0.11 23:+0.16 24:-0.08 25:-0.44 26:-0.15
NVDA,us_cash,stock,10,15,False,854,0.0328,0.2957,-0.1132,21:+0.17 22:+0.22 23:+0.22 24:-0.07 25:-0.32 26:+0.11
NVDA,us_cash,stock,10,30,True,761,0.0068,0.1079,-0.0700,21:+0.27 22:+0.00 23:+0.14 24:+0.08 25:-0.30 26:+0.03
NVDA,us_cash,stock,10,30,False,767,0.0004,0.0049,-0.0654,21:-0.16 22:+0.06 23:+0.18 24:+0.07 25:-0.28 26:+0.04
NVDA,us_cash,stock,10,60,True,630,0.0434,0.8695,-0.0351,21:+0.15 22:+0.06 23:+0.20 24:+0.06 25:-0.16 26:-0.02
NVDA,us_cash,stock,10,60,False,637,0.0509,0.8384,-0.0304,21:+0.09 22:+0.13 23:+0.18 24:+0.05 25:-0.19 26:+0.06
NVDA,us_cash,stock,14,15,True,846,-0.0426,-0.5639,-0.2379,21:+0.56 22:+0.07 23:+0.22 24:-0.14 25:-0.33 26:-0.25
NVDA,us_cash,stock,14,15,False,847,0.0794,0.7477,-0.0352,21:+0.42 22:+0.18 23:+0.20 24:-0.05 25:-0.07 26:+0.02
NVDA,us_cash,stock,14,30,True,755,0.0277,0.4696,-0.0804,21:+0.65 22:+0.03 23:+0.15 24:+0.06 25:-0.23 26:-0.09
NVDA,us_cash,stock,14,30,False,759,0.0569,0.7653,-0.0489,21:+0.50 22:+0.12 23:+0.15 24:+0.06 25:-0.16 26:-0.05
NVDA,us_cash,stock,14,60,True,626,0.0095,0.1988,-0.0883,21:+0.31 22:+0.04 23:+0.16 24:-0.01 25:-0.19 26:-0.08
NVDA,us_cash,stock,14,60,False,634,0.0384,0.6637,-0.0557,21:+0.27 22:+0.09 23:+0.17 24:-0.01 25:-0.17 26:+0.02
NVDA,us_cash,stock,20,15,True,835,-0.0513,-0.7019,-0.2467,21:+0.51 22:+0.12 23:+0.16 24:-0.15 25:-0.43 26:-0.14
NVDA,us_cash,stock,20,15,False,835,0.0617,0.6125,-0.0449,21:+0.35 22:+0.17 23:+0.17 24:-0.04 25:-0.16 26:+0.10
NVDA,us_cash,stock,20,30,True,756,-0.0089,-0.1564,-0.1335,21:+0.56 22:+0.07 23:+0.08 24:-0.04 25:-0.30 26:-0.05
NVDA,us_cash,stock,20,30,False,761,0.0518,0.7151,-0.0088,21:+0.36 22:+0.10 23:+0.07 24:+0.12 25:-0.24 26:+0.10
NVDA,us_cash,stock,20,60,True,619,0.0039,0.0861,-0.0980,21:+0.16 22:+0.09 23:+0.15 24:-0.06 25:-0.18 26:-0.06
NVDA,us_cash,stock,20,60,False,629,0.0295,0.5180,-0.0593,21:+0.17 22:+0.08 23:+0.17 24:+0.01 25:-0.21 26:+0.03
NZDCAD,ny_fx,forex,10,15,True,2194,-1.2278,-13.5805,-1.2297,15:-2.15 16:-1.43 17:-2.03 18:-1.56 19:-1.63 20:-0.35 21:-0.40 22:-0.77 23:-0.76 24:-1.29 25:-1.28 26:-1.08
NZDCAD,ny_fx,forex,10,15,False,2194,-0.8142,-6.5179,-0.6785,15:-1.44 16:-0.81 17:-1.35 18:-0.88 19:-1.00 20:-0.66 21:-0.11 22:-0.88 23:-0.62 24:-0.59 25:-1.03 26:-0.33
NZDCAD,ny_fx,forex,10,30,True,1974,-0.7412,-10.6851,-0.7765,15:-1.04 16:-0.65 17:-1.06 18:-0.94 19:-1.24 20:-0.51 21:-0.30 22:-0.33 23:-0.52 24:-0.66 25:-0.91 26:-0.77
NZDCAD,ny_fx,forex,10,30,False,1979,-0.5857,-6.5074,-0.6644,15:-0.76 16:-0.43 17:-1.01 18:-0.81 19:-0.88 20:-0.38 21:+0.02 22:-0.40 23:-0.43 24:-0.55 25:-1.05 26:-0.32
NZDCAD,ny_fx,forex,10,60,True,1659,-0.3739,-7.7494,-0.4018,15:-0.39 16:-0.29 17:-0.48 18:-0.54 19:-0.58 20:-0.24 21:-0.33 22:-0.20 23:-0.22 24:-0.31 25:-0.53 26:-0.35
NZDCAD,ny_fx,forex,10,60,False,1666,-0.3686,-6.0359,-0.4428,15:-0.43 16:-0.26 17:-0.52 18:-0.43 19:-0.45 20:-0.46 21:-0.16 22:-0.21 23:-0.22 24:-0.36 25:-0.70 26:-0.20
NZDCAD,ny_fx,forex,14,15,True,2185,-1.1738,-13.4978,-1.1765,15:-2.06 16:-1.47 17:-1.81 18:-1.36 19:-1.40 20:-0.48 21:-0.50 22:-0.81 23:-0.73 24:-1.15 25:-1.39 26:-0.93
NZDCAD,ny_fx,forex,14,15,False,2185,-0.7636,-6.2399,-0.6872,15:-1.50 16:-0.87 17:-1.33 18:-0.82 19:-0.59 20:-0.74 21:+0.00 22:-0.61 23:-0.74 24:-0.51 25:-1.27 26:-0.15
NZDCAD,ny_fx,forex,14,30,True,1970,-0.7023,-10.6444,-0.7260,15:-0.91 16:-0.66 17:-1.11 18:-0.77 19:-1.12 20:-0.47 21:-0.42 22:-0.35 23:-0.46 24:-0.61 25:-0.88 26:-0.67
NZDCAD,ny_fx,forex,14,30,False,1974,-0.5740,-6.6299,-0.6682,15:-0.83 16:-0.49 17:-0.98 18:-0.79 19:-0.64 20:-0.32 21:-0.09 22:-0.36 23:-0.46 24:-0.56 25:-1.14 26:-0.18
NZDCAD,ny_fx,forex,14,60,True,1635,-0.3577,-7.6239,-0.3450,15:-0.33 16:-0.34 17:-0.54 18:-0.50 19:-0.65 20:-0.30 21:-0.24 22:-0.15 23:-0.20 24:-0.25 25:-0.47 26:-0.29
NZDCAD,ny_fx,forex,14,60,False,1639,-0.3657,-6.1016,-0.4213,15:-0.42 16:-0.31 17:-0.49 18:-0.44 19:-0.48 20:-0.46 21:-0.21 22:-0.13 23:-0.20 24:-0.29 25:-0.67 26:-0.26
NZDCAD,ny_fx,forex,20,15,True,2167,-1.1528,-13.9912,-1.0886,15:-2.02 16:-1.39 17:-1.85 18:-1.38 19:-1.56 20:-0.42 21:-0.52 22:-0.89 23:-0.56 24:-1.11 25:-1.29 26:-0.78
NZDCAD,ny_fx,forex,20,15,False,2167,-0.7855,-6.6568,-0.7205,15:-1.25 16:-0.85 17:-1.38 18:-0.92 19:-0.88 20:-0.83 21:-0.19 22:-0.59 23:-0.39 24:-0.52 25:-1.32 26:-0.17
NZDCAD,ny_fx,forex,20,30,True,1937,-0.7102,-11.0681,-0.6785,15:-0.94 16:-0.76 17:-1.14 18:-0.85 19:-1.10 20:-0.41 21:-0.44 22:-0.41 23:-0.42 24:-0.50 25:-0.95 26:-0.56
NZDCAD,ny_fx,forex,20,30,False,1942,-0.5905,-6.9686,-0.6578,15:-0.88 16:-0.49 17:-0.91 18:-0.85 19:-0.71 20:-0.34 21:-0.18 22:-0.31 23:-0.52 24:-0.47 25:-1.16 26:-0.24
NZDCAD,ny_fx,forex,20,60,True,1625,-0.3690,-8.1741,-0.3561,15:-0.33 16:-0.35 17:-0.52 18:-0.53 19:-0.54 20:-0.35 21:-0.27 22:-0.22 23:-0.21 24:-0.25 25:-0.53 26:-0.27
NZDCAD,ny_fx,forex,20,60,False,1630,-0.3675,-6.2678,-0.3664,15:-0.31 16:-0.34 17:-0.54 18:-0.40 19:-0.45 20:-0.55 21:-0.26 22:-0.22 23:-0.24 24:-0.23 25:-0.62 26:-0.21
NZDCHF,ny_fx,forex,10,15,True,2196,-1.8282,-19.5536,-1.9307,15:-2.54 16:-3.10 17:-3.38 18:-1.41 19:-2.49 20:-0.80 21:-0.27 22:-0.79 23:-1.32 24:-1.80 25:-2.03 26:-1.96
NZDCHF,ny_fx,forex,10,15,False,2199,-0.8698,-7.0958,-0.9856,15:-0.77 16:-1.39 17:-1.64 18:-0.48 19:-1.58 20:-0.25 21:+0.61 22:-0.99 23:-1.03 24:-0.42 25:-1.53 26:-0.99
NZDCHF,ny_fx,forex,10,30,True,1958,-1.0495,-15.1525,-1.0687,15:-1.28 16:-1.77 17:-1.58 18:-0.96 19:-1.62 20:-0.48 21:-0.18 22:-0.51 23:-1.01 24:-0.98 25:-1.14 26:-1.09
NZDCHF,ny_fx,forex,10,30,False,1967,-0.6538,-7.4549,-0.6911,15:-0.29 16:-1.25 17:-1.12 18:-0.26 19:-1.18 20:-0.21 21:+0.28 22:-0.78 23:-0.95 24:-0.57 25:-0.84 26:-0.65
NZDCHF,ny_fx,forex,10,60,True,1645,-0.5784,-10.2803,-0.5415,15:-0.59 16:-1.30 17:-0.93 18:-0.45 19:-1.11 20:-0.41 21:+0.12 22:-0.27 23:-0.36 24:-0.29 25:-0.71 26:-0.65
NZDCHF,ny_fx,forex,10,60,False,1654,-0.4922,-7.0418,-0.5579,15:-0.29 16:-1.15 17:-0.69 18:-0.13 19:-0.98 20:-0.45 21:+0.29 22:-0.46 23:-0.36 24:-0.38 25:-0.79 26:-0.49
NZDCHF,ny_fx,forex,14,15,True,2173,-1.8110,-19.6157,-1.9483,15:-2.59 16:-2.78 17:-3.35 18:-1.37 19:-2.73 20:-0.69 21:-0.31 22:-0.75 23:-1.30 24:-1.70 25:-2.25 26:-1.86
NZDCHF,ny_fx,forex,14,15,False,2176,-0.8329,-7.0305,-1.0824,15:-0.93 16:-1.35 17:-1.52 18:-0.39 19:-1.25 20:-0.08 21:+0.63 22:-1.00 23:-0.90 24:-0.37 25:-1.88 26:-0.93
NZDCHF,ny_fx,forex,14,30,True,1943,-1.0430,-15.5147,-1.1299,15:-1.41 16:-1.75 17:-1.61 18:-0.85 19:-1.50 20:-0.43 21:-0.19 22:-0.49 23:-0.92 24:-1.07 25:-1.20 26:-1.11
NZDCHF,ny_fx,forex,14,30,False,1951,-0.6576,-7.7762,-0.7442,15:-0.48 16:-1.17 17:-1.00 18:-0.20 19:-1.11 20:-0.20 21:+0.22 22:-0.79 23:-0.91 24:-0.60 25:-0.93 26:-0.67
NZDCHF,ny_fx,forex,14,60,True,1635,-0.5775,-10.6990,-0.5831,15:-0.58 16:-1.30 17:-1.04 18:-0.36 19:-0.96 20:-0.40 21:+0.13 22:-0.30 23:-0.36 24:-0.35 25:-0.76 26:-0.62
NZDCHF,ny_fx,forex,14,60,False,1642,-0.4483,-6.7286,-0.5270,15:-0.44 16:-1.11 17:-0.65 18:+0.10 19:-0.81 20:-0.42 21:+0.28 22:-0.46 23:-0.29 24:-0.26 25:-0.79 26:-0.51
NZDCHF,ny_fx,forex,20,15,True,2146,-1.7268,-19.7590,-1.8154,15:-2.26 16:-2.87 17:-3.31 18:-1.40 19:-2.56 20:-0.50 21:-0.36 22:-0.76 23:-1.20 24:-1.70 25:-2.02 26:-1.69
NZDCHF,ny_fx,forex,20,15,False,2147,-0.8321,-7.1955,-1.0955,15:-0.61 16:-1.30 17:-1.63 18:-0.22 19:-1.38 20:-0.21 21:+0.33 22:-0.87 23:-0.85 24:-0.53 25:-1.71 26:-1.02
NZDCHF,ny_fx,forex,20,30,True,1902,-1.0268,-15.6023,-1.1882,15:-1.12 16:-1.69 17:-1.63 18:-0.96 19:-1.50 20:-0.34 21:-0.14 22:-0.52 23:-0.88 24:-1.12 25:-1.30 26:-1.14
NZDCHF,ny_fx,forex,20,30,False,1909,-0.6200,-7.4640,-0.7756,15:-0.33 16:-1.17 17:-1.00 18:-0.09 19:-0.97 20:-0.15 21:+0.20 22:-0.74 23:-0.83 24:-0.72 25:-0.87 26:-0.73
NZDCHF,ny_fx,forex,20,60,True,1607,-0.5550,-10.5804,-0.5929,15:-0.52 16:-1.17 17:-1.04 18:-0.39 19:-0.94 20:-0.31 21:+0.15 22:-0.32 23:-0.34 24:-0.37 25:-0.75 26:-0.67
NZDCHF,ny_fx,forex,20,60,False,1615,-0.4533,-6.9994,-0.5320,15:-0.38 16:-1.04 17:-0.66 18:-0.01 19:-0.87 20:-0.29 21:+0.27 22:-0.55 23:-0.31 24:-0.41 25:-0.70 26:-0.48
NZDJPY,ny_fx,forex,10,15,True,2155,-1.1308,-11.2654,-0.8635,15:-2.30 16:-1.26 17:-1.80 18:-1.28 19:-2.20 20:-0.16 21:-0.07 22:-0.74 23:-1.07 24:-0.41 25:-1.18 26:-1.01
NZDJPY,ny_fx,forex,10,15,False,2159,-0.4939,-3.4121,-0.2236,15:-0.93 16:-0.76 17:-0.69 18:-0.70 19:-1.00 20:-0.63 21:+0.44 22:-0.47 23:-0.41 24:+0.25 25:-0.24 26:-0.81
NZDJPY,ny_fx,forex,10,30,True,1955,-0.6545,-8.6503,-0.5713,15:-1.49 16:-0.72 17:-1.03 18:-0.69 19:-1.46 20:-0.03 21:+0.14 22:-0.37 23:-0.49 24:-0.28 25:-0.70 26:-0.77
NZDJPY,ny_fx,forex,10,30,False,1960,-0.3990,-3.6912,-0.2864,15:-0.74 16:-0.80 17:-0.47 18:-0.10 19:-0.98 20:-0.39 21:+0.47 22:-0.48 23:-0.49 24:-0.32 25:-0.12 26:-0.47
NZDJPY,ny_fx,forex,10,60,True,1656,-0.2972,-4.9487,-0.1535,15:-0.46 16:-0.48 17:-0.59 18:-0.36 19:-0.77 20:-0.24 21:+0.15 22:-0.12 23:-0.20 24:+0.07 25:-0.24 26:-0.32
NZDJPY,ny_fx,forex,10,60,False,1662,-0.1972,-2.5678,-0.1159,15:-0.18 16:-0.59 17:-0.28 18:-0.08 19:-0.23 20:-0.40 21:+0.35 22:-0.39 23:-0.23 24:-0.05 25:-0.10 26:-0.21
NZDJPY,ny_fx,forex,14,15,True,2133,-1.1068,-11.0006,-0.8974,15:-2.26 16:-1.15 17:-1.70 18:-1.48 19:-2.37 20:-0.23 21:-0.07 22:-0.42 23:-0.80 24:-0.55 25:-1.10 26:-1.06
NZDJPY,ny_fx,forex,14,15,False,2137,-0.5545,-3.8705,-0.2949,15:-1.17 16:-0.58 17:-0.50 18:-1.07 19:-1.10 20:-0.72 21:+0.36 22:-0.48 23:-0.42 24:+0.04 25:-0.32 26:-0.69
NZDJPY,ny_fx,forex,14,30,True,1914,-0.6526,-8.4331,-0.5407,15:-1.43 16:-0.74 17:-0.97 18:-0.85 19:-1.46 20:-0.18 21:+0.10 22:-0.26 23:-0.37 24:-0.34 25:-0.52 26:-0.82
NZDJPY,ny_fx,forex,14,30,False,1919,-0.4258,-3.9260,-0.2732,15:-0.91 16:-0.76 17:-0.44 18:-0.24 19:-0.98 20:-0.40 21:+0.31 22:-0.53 23:-0.35 24:-0.33 25:-0.04 26:-0.51
NZDJPY,ny_fx,forex,14,60,True,1628,-0.3189,-5.6953,-0.1454,15:-0.60 16:-0.46 17:-0.66 18:-0.41 19:-0.74 20:-0.24 21:+0.09 22:-0.09 23:-0.23 24:+0.06 25:-0.23 26:-0.29
NZDJPY,ny_fx,forex,14,60,False,1635,-0.2436,-3.3916,-0.1588,15:-0.52 16:-0.48 17:-0.27 18:-0.10 19:-0.32 20:-0.35 21:+0.25 22:-0.43 23:-0.28 24:-0.11 25:-0.20 26:-0.17
NZDJPY,ny_fx,forex,20,15,True,2108,-1.0657,-11.3148,-0.8151,15:-2.12 16:-1.10 17:-1.67 18:-1.55 19:-2.14 20:-0.19 21:-0.14 22:-0.60 23:-0.70 24:-0.55 25:-1.02 26:-0.88
NZDJPY,ny_fx,forex,20,15,False,2111,-0.5508,-4.0416,-0.2894,15:-1.00 16:-0.50 17:-0.59 18:-0.82 19:-1.50 20:-0.56 21:+0.35 22:-0.70 23:-0.34 24:-0.12 25:-0.18 26:-0.64
NZDJPY,ny_fx,forex,20,30,True,1890,-0.6192,-8.6437,-0.5290,15:-1.22 16:-0.59 17:-0.99 18:-0.83 19:-1.54 20:-0.10 21:+0.07 22:-0.26 23:-0.39 24:-0.37 25:-0.52 26:-0.74
NZDJPY,ny_fx,forex,20,30,False,1896,-0.4075,-4.0602,-0.2446,15:-0.72 16:-0.68 17:-0.49 18:-0.21 19:-1.05 20:-0.30 21:+0.25 22:-0.58 23:-0.40 24:-0.25 25:-0.07 26:-0.45
NZDJPY,ny_fx,forex,20,60,True,1610,-0.3391,-6.0823,-0.1882,15:-0.55 16:-0.42 17:-0.72 18:-0.37 19:-0.82 20:-0.27 21:+0.10 22:-0.27 23:-0.15 24:-0.02 25:-0.28 26:-0.28
NZDJPY,ny_fx,forex,20,60,False,1618,-0.2665,-3.7978,-0.1389,15:-0.42 16:-0.42 17:-0.40 18:-0.06 19:-0.52 20:-0.39 21:+0.20 22:-0.58 23:-0.22 24:-0.07 25:-0.19 26:-0.17
NZDUSD,ny_fx,forex,10,15,True,2216,-0.9312,-9.1864,-0.7080,15:-1.12 16:-1.17 17:-1.42 18:-1.56 19:-1.00 20:-0.81 21:-0.71 22:-0.30 23:-0.89 24:-0.85 25:-0.87 26:-0.32
NZDUSD,ny_fx,forex,10,15,False,2220,-0.8023,-5.2863,-0.8446,15:-0.12 16:-0.45 17:-1.11 18:-0.67 19:-0.61 20:-1.17 21:-0.18 22:-1.20 23:-1.56 24:-0.49 25:-1.59 26:-0.43
NZDUSD,ny_fx,forex,10,30,True,1996,-0.5309,-7.1579,-0.4613,15:-0.69 16:-0.64 17:-0.90 18:-0.68 19:-0.77 20:-0.41 21:-0.21 22:-0.16 23:-0.51 24:-0.39 25:-0.62 26:-0.36
NZDUSD,ny_fx,forex,10,30,False,2003,-0.5692,-5.2766,-0.6266,15:-0.24 16:-0.27 17:-0.87 18:-0.29 19:-0.84 20:-0.80 21:-0.20 22:-0.47 23:-0.97 24:-0.26 25:-1.02 26:-0.64
NZDUSD,ny_fx,forex,10,60,True,1634,-0.2704,-5.3720,-0.2242,15:-0.20 16:-0.47 17:-0.62 18:-0.19 19:-0.43 20:-0.25 21:+0.10 22:-0.12 23:-0.36 24:-0.21 25:-0.25 26:-0.21
NZDUSD,ny_fx,forex,10,60,False,1648,-0.3086,-4.4978,-0.3711,15:+0.01 16:-0.55 17:-0.48 18:+0.12 19:-0.50 20:-0.45 21:+0.04 22:-0.21 23:-0.56 24:-0.40 25:-0.49 26:-0.19
NZDUSD,ny_fx,forex,14,15,True,2181,-0.9372,-9.8153,-0.6663,15:-1.20 16:-1.27 17:-1.42 18:-1.36 19:-0.99 20:-0.67 21:-0.83 22:-0.48 23:-0.93 24:-0.99 25:-0.89 26:+0.03
NZDUSD,ny_fx,forex,14,15,False,2185,-0.6579,-4.5295,-0.5953,15:+0.19 16:-0.64 17:-0.93 18:-0.54 19:-0.74 20:-0.83 21:-0.17 22:-1.06 23:-1.31 24:-0.53 25:-1.21 26:+0.04
NZDUSD,ny_fx,forex,14,30,True,1950,-0.5257,-7.2270,-0.4722,15:-0.76 16:-0.81 17:-0.72 18:-0.59 19:-0.61 20:-0.42 21:-0.21 22:-0.25 23:-0.52 24:-0.49 25:-0.68 26:-0.20
NZDUSD,ny_fx,forex,14,30,False,1959,-0.5037,-4.8594,-0.5942,15:-0.27 16:-0.41 17:-0.57 18:-0.28 19:-0.71 20:-0.63 21:-0.08 22:-0.46 23:-0.91 24:-0.41 25:-0.86 26:-0.51
NZDUSD,ny_fx,forex,14,60,True,1629,-0.2848,-6.0188,-0.2493,15:-0.23 16:-0.46 17:-0.51 18:-0.19 19:-0.49 20:-0.26 21:+0.03 22:-0.10 23:-0.45 24:-0.24 25:-0.35 26:-0.15
NZDUSD,ny_fx,forex,14,60,False,1641,-0.3067,-4.7744,-0.2913,15:-0.08 16:-0.54 17:-0.29 18:+0.01 19:-0.52 20:-0.52 21:-0.01 22:-0.18 23:-0.64 24:-0.28 25:-0.46 26:-0.10
NZDUSD,ny_fx,forex,20,15,True,2149,-0.8941,-9.7076,-0.6326,15:-1.22 16:-1.11 17:-1.35 18:-1.25 19:-1.12 20:-0.49 21:-0.82 22:-0.63 23:-0.76 24:-0.77 25:-0.81 26:-0.22
NZDUSD,ny_fx,forex,20,15,False,2153,-0.7124,-5.0336,-0.6658,15:-0.03 16:-0.49 17:-0.86 18:-0.63 19:-0.68 20:-1.07 21:-0.27 22:-1.11 23:-1.31 24:-0.56 25:-1.25 26:-0.09
NZDUSD,ny_fx,forex,20,30,True,1913,-0.5048,-7.1636,-0.4574,15:-0.57 16:-0.72 17:-0.67 18:-0.60 19:-0.63 20:-0.39 21:-0.31 22:-0.33 23:-0.46 24:-0.38 25:-0.71 26:-0.24
NZDUSD,ny_fx,forex,20,30,False,1919,-0.5630,-5.4353,-0.6362,15:-0.10 16:-0.40 17:-0.58 18:-0.45 19:-0.60 20:-0.92 21:-0.29 22:-0.55 23:-0.98 24:-0.34 25:-0.97 26:-0.60
NZDUSD,ny_fx,forex,20,60,True,1609,-0.2750,-5.8810,-0.2201,15:-0.17 16:-0.44 17:-0.50 18:-0.16 19:-0.48 20:-0.21 21:-0.05 22:-0.18 23:-0.41 24:-0.17 25:-0.42 26:-0.05
NZDUSD,ny_fx,forex,20,60,False,1619,-0.2957,-4.7807,-0.2846,15:-0.02 16:-0.50 17:-0.27 18:+0.02 19:-0.45 20:-0.56 21:-0.02 22:-0.28 23:-0.59 24:-0.25 25:-0.55 26:-0.00
PFE,us_cash,stock,10,15,True,866,-1.0593,-11.1452,-1.8233,21:-0.09 22:-0.18 23:-0.21 24:-0.60 25:-2.22 26:-2.88
PFE,us_cash,stock,10,15,False,870,-0.5009,-5.1983,-0.7974,21:-0.27 22:-0.22 23:-0.06 24:-0.20 25:-0.58 26:-1.79
PFE,us_cash,stock,10,30,True,777,-0.7146,-10.7101,-1.1816,21:-0.10 22:-0.17 23:-0.19 24:-0.41 25:-1.43 26:-1.83
PFE,us_cash,stock,10,30,False,789,-0.5234,-6.7853,-0.7543,21:-0.28 22:-0.23 23:-0.27 24:-0.21 25:-0.64 26:-1.55
PFE,us_cash,stock,10,60,True,661,-0.5474,-9.7513,-0.9299,21:-0.17 22:-0.07 23:-0.09 24:-0.50 25:-1.03 26:-1.35
PFE,us_cash,stock,10,60,False,675,-0.4808,-7.9164,-0.7525,21:-0.36 22:-0.14 23:-0.11 24:-0.35 25:-0.77 26:-1.25
PFE,us_cash,stock,14,15,True,862,-0.9962,-11.0425,-1.6770,21:-0.21 22:-0.16 23:-0.25 24:-0.59 25:-2.08 26:-2.50
PFE,us_cash,stock,14,15,False,865,-0.4938,-5.4132,-0.7469,21:-0.33 22:-0.25 23:-0.11 24:-0.21 25:-0.55 26:-1.60
PFE,us_cash,stock,14,30,True,764,-0.6600,-10.4273,-1.0734,21:-0.19 22:-0.16 23:-0.20 24:-0.42 25:-1.33 26:-1.55
PFE,us_cash,stock,14,30,False,775,-0.4682,-6.3401,-0.6534,21:-0.34 22:-0.23 23:-0.25 24:-0.20 25:-0.48 26:-1.39
PFE,us_cash,stock,14,60,True,649,-0.4866,-9.1797,-0.8182,21:-0.21 22:-0.11 23:-0.05 24:-0.47 25:-0.89 26:-1.17
PFE,us_cash,stock,14,60,False,663,-0.4323,-7.3695,-0.6764,21:-0.37 22:-0.12 23:-0.10 24:-0.32 25:-0.62 26:-1.19
PFE,us_cash,stock,20,15,True,843,-0.9159,-11.0789,-1.5051,21:-0.33 22:-0.13 23:-0.27 24:-0.58 25:-1.74 26:-2.30
PFE,us_cash,stock,20,15,False,848,-0.4848,-5.5565,-0.7357,21:-0.40 22:-0.16 23:-0.15 24:-0.26 25:-0.54 26:-1.52
PFE,us_cash,stock,20,30,True,754,-0.6236,-10.6940,-0.9699,21:-0.21 22:-0.15 23:-0.26 24:-0.43 25:-1.11 26:-1.44
PFE,us_cash,stock,20,30,False,765,-0.4529,-6.6413,-0.6334,21:-0.25 22:-0.19 23:-0.28 24:-0.20 25:-0.46 26:-1.34
PFE,us_cash,stock,20,60,True,640,-0.4792,-9.5893,-0.7654,21:-0.20 22:-0.11 23:-0.13 24:-0.44 25:-0.78 26:-1.16
PFE,us_cash,stock,20,60,False,652,-0.4098,-7.5557,-0.6238,21:-0.32 22:-0.12 23:-0.13 24:-0.27 25:-0.58 26:-1.11
PLTR,us_cash,stock,10,15,True,886,0.0630,0.8250,-0.0200,20:+0.08 21:+0.12 22:+0.09 23:+0.22 24:+0.07 25:-0.07 26:-0.05
PLTR,us_cash,stock,10,15,False,889,0.0672,0.6759,0.0677,20:+0.48 21:+0.09 22:-0.03 23:+0.13 24:+0.01 25:+0.12 26:+0.07
PLTR,us_cash,stock,10,30,True,774,0.0441,0.7619,0.0187,20:+0.09 21:+0.02 22:+0.05 23:+0.13 24:+0.03 25:+0.11 26:-0.11
PLTR,us_cash,stock,10,30,False,777,0.0987,1.3419,0.1148,20:+0.06 21:+0.02 22:+0.06 23:+0.18 24:+0.01 25:+0.25 26:+0.06
PLTR,us_cash,stock,10,60,True,662,-0.0320,-0.6636,-0.0399,20:+0.09 21:-0.02 22:-0.14 23:+0.09 24:+0.04 25:-0.12 26:-0.03
PLTR,us_cash,stock,10,60,False,662,0.0026,0.0459,-0.0099,20:-0.19 21:+0.05 22:-0.12 23:+0.13 24:+0.08 25:-0.13 26:+0.05
PLTR,us_cash,stock,14,15,True,866,0.0391,0.5395,-0.0433,20:-0.59 21:+0.13 22:+0.06 23:+0.17 24:+0.03 25:-0.06 26:-0.11
PLTR,us_cash,stock,14,15,False,866,0.0644,0.6801,0.0808,20:-0.91 21:+0.15 22:-0.02 23:+0.02 24:+0.14 25:+0.04 26:+0.06
PLTR,us_cash,stock,14,30,True,759,0.0481,0.8420,0.0374,20:-0.40 21:+0.11 22:-0.02 23:+0.10 24:+0.03 25:+0.12 26:-0.06
PLTR,us_cash,stock,14,30,False,761,0.1030,1.4546,0.1220,20:-0.91 21:+0.13 22:-0.07 23:+0.21 24:+0.01 25:+0.23 26:+0.11
PLTR,us_cash,stock,14,60,True,654,-0.0466,-0.9842,-0.0345,20:-0.33 21:-0.03 22:-0.18 23:+0.05 24:-0.03 25:-0.10 26:+0.03
PLTR,us_cash,stock,14,60,False,654,-0.0199,-0.3641,-0.0143,20:-0.86 21:+0.05 22:-0.18 23:+0.07 24:+0.02 25:-0.15 26:+0.12
PLTR,us_cash,stock,20,15,True,859,0.0502,0.7346,-0.0058,21:+0.10 22:+0.05 23:+0.16 24:+0.11 25:+0.03 26:-0.19
PLTR,us_cash,stock,20,15,False,860,0.0557,0.6152,0.0720,21:+0.06 22:+0.03 23:+0.03 24:+0.08 25:+0.09 26:+0.03
PLTR,us_cash,stock,20,30,True,755,0.0233,0.4296,0.0087,21:+0.02 22:+0.00 23:+0.09 24:-0.01 25:+0.08 26:-0.07
PLTR,us_cash,stock,20,30,False,755,0.0855,1.2370,0.1210,21:+0.08 22:-0.06 23:+0.14 24:+0.04 25:+0.19 26:+0.14
PLTR,us_cash,stock,20,60,True,640,-0.0605,-1.3023,-0.0425,21:-0.06 22:-0.18 23:+0.02 24:-0.04 25:-0.10 26:+0.03
PLTR,us_cash,stock,20,60,False,640,-0.0269,-0.5003,-0.0140,21:+0.03 22:-0.17 23:+0.03 24:+0.03 25:-0.14 26:+0.10
QCOM,us_cash,stock,10,15,True,903,-0.0031,-0.0355,-0.1357,20:-0.02 21:+0.17 22:+0.17 23:+0.00 24:+0.08 25:+0.01 26:-0.60
QCOM,us_cash,stock,10,15,False,904,0.1662,1.4950,0.1822,20:-0.18 21:+0.17 22:+0.10 23:+0.23 24:+0.45 25:+0.27 26:-0.29
QCOM,us_cash,stock,10,30,True,800,0.0508,0.7321,-0.0028,20:+0.40 21:+0.19 22:-0.03 23:+0.10 24:+0.21 25:+0.16 26:-0.52
QCOM,us_cash,stock,10,30,False,802,0.2099,2.4812,0.2654,20:-0.14 21:+0.18 22:+0.18 23:+0.17 24:+0.48 25:+0.38 26:-0.17
QCOM,us_cash,stock,10,60,True,656,0.1083,1.9058,0.1589,20:+0.49 21:+0.16 22:-0.05 23:+0.06 24:+0.29 25:+0.36 26:-0.25
QCOM,us_cash,stock,10,60,False,661,0.1644,2.5646,0.1827,20:+0.03 21:+0.22 22:+0.10 23:+0.14 24:+0.32 25:+0.36 26:-0.21
QCOM,us_cash,stock,14,15,True,892,0.0197,0.2354,-0.0759,20:-0.27 21:+0.13 22:+0.21 23:+0.00 24:+0.08 25:+0.16 26:-0.59
QCOM,us_cash,stock,14,15,False,892,0.1639,1.5387,0.1462,20:-0.70 21:+0.25 22:+0.24 23:+0.14 24:+0.38 25:+0.32 26:-0.39
QCOM,us_cash,stock,14,30,True,790,0.0625,0.9236,0.0450,20:+0.35 21:+0.15 22:-0.01 23:+0.08 24:+0.28 25:+0.19 26:-0.47
QCOM,us_cash,stock,14,30,False,793,0.1643,1.9807,0.2284,20:-0.48 21:+0.17 22:+0.12 23:+0.10 24:+0.42 25:+0.35 26:-0.19
QCOM,us_cash,stock,14,60,True,651,0.1159,2.1431,0.1473,20:+0.62 21:+0.14 22:-0.03 23:+0.12 24:+0.30 25:+0.31 26:-0.24
QCOM,us_cash,stock,14,60,False,657,0.1469,2.3520,0.1793,20:+0.03 21:+0.19 22:+0.05 23:+0.13 24:+0.31 25:+0.31 26:-0.14
QCOM,us_cash,stock,20,15,True,882,0.0266,0.3111,-0.0746,20:+0.45 21:+0.13 22:+0.18 23:+0.01 24:+0.02 25:+0.19 26:-0.54
QCOM,us_cash,stock,20,15,False,882,0.1465,1.3943,0.1178,20:+0.12 21:+0.15 22:+0.19 23:+0.18 24:+0.33 25:+0.31 26:-0.41
QCOM,us_cash,stock,20,30,True,780,0.0772,1.1235,0.0476,20:+0.86 21:+0.17 22:+0.02 23:+0.09 24:+0.19 25:+0.24 26:-0.43
QCOM,us_cash,stock,20,30,False,783,0.1708,2.0985,0.1869,20:+0.56 21:+0.12 22:+0.18 23:+0.14 24:+0.39 25:+0.27 26:-0.21
QCOM,us_cash,stock,20,60,True,628,0.1372,2.4844,0.1457,20:+1.28 21:+0.19 22:-0.01 23:+0.16 24:+0.25 25:+0.28 26:-0.17
QCOM,us_cash,stock,20,60,False,632,0.1714,2.6405,0.1595,20:+1.26 21:+0.26 22:-0.01 23:+0.26 24:+0.27 25:+0.26 26:-0.12
SOLUSD,us_cash,crypto,10,15,True,243,-0.0432,-0.2054,-0.0432,25:+0.05 26:-0.12
SOLUSD,us_cash,crypto,10,15,False,245,0.0182,0.0630,0.0182,25:-0.11 26:+0.14
SOLUSD,us_cash,crypto,10,30,True,208,0.1119,0.5466,0.1119,25:+0.20 26:+0.02
SOLUSD,us_cash,crypto,10,30,False,210,0.2343,0.8909,0.2343,25:+0.17 26:+0.30
SOLUSD,us_cash,crypto,10,60,True,179,0.1015,0.7177,0.1015,25:+0.21 26:+0.01
SOLUSD,us_cash,crypto,10,60,False,179,0.2302,1.3363,0.2302,25:+0.19 26:+0.27
SOLUSD,us_cash,crypto,14,15,True,234,-0.0962,-0.4736,-0.0962,25:+0.03 26:-0.20
SOLUSD,us_cash,crypto,14,15,False,236,0.0796,0.2851,0.0796,25:+0.13 26:+0.04
SOLUSD,us_cash,crypto,14,30,True,200,0.0580,0.3055,0.0580,25:+0.19 26:-0.06
SOLUSD,us_cash,crypto,14,30,False,203,0.1968,0.8189,0.1968,25:+0.31 26:+0.10
SOLUSD,us_cash,crypto,14,60,True,173,0.1180,0.8006,0.1180,25:+0.30 26:-0.03
SOLUSD,us_cash,crypto,14,60,False,173,0.2866,1.5962,0.2866,25:+0.31 26:+0.27
SOLUSD,us_cash,crypto,20,15,True,229,0.0029,0.0150,0.0029,25:+0.12 26:-0.09
SOLUSD,us_cash,crypto,20,15,False,231,0.1234,0.4555,0.1234,25:+0.20 26:+0.06
SOLUSD,us_cash,crypto,20,30,True,196,0.1407,0.7782,0.1407,25:+0.27 26:+0.03
SOLUSD,us_cash,crypto,20,30,False,199,0.2090,0.9118,0.2090,25:+0.30 26:+0.14
SOLUSD,us_cash,crypto,20,60,True,169,0.0714,0.4986,0.0714,25:+0.25 26:-0.07
SOLUSD,us_cash,crypto,20,60,False,169,0.2129,1.2104,0.2129,25:+0.28 26:+0.16
SPN35.cash,eu_cash,index,10,15,True,978,-0.6469,-7.4930,-0.5767,21:-0.80 22:-0.64 23:-0.79 24:-0.56 25:-0.71 26:-0.43
SPN35.cash,eu_cash,index,10,15,False,980,-0.2843,-2.3179,-0.2836,21:+0.17 22:-0.27 23:-0.43 24:-0.03 25:-0.32 26:-0.55
SPN35.cash,eu_cash,index,10,30,True,905,-0.4177,-5.4475,-0.3513,21:-0.37 22:-0.46 23:-0.57 24:-0.44 25:-0.25 26:-0.36
SPN35.cash,eu_cash,index,10,30,False,906,-0.2698,-2.6502,-0.2571,21:+0.05 22:-0.28 23:-0.39 24:-0.01 25:-0.18 26:-0.66
SPN35.cash,eu_cash,index,10,60,True,762,-0.2600,-4.1273,-0.2275,21:-0.49 22:-0.15 23:-0.38 24:-0.12 25:-0.28 26:-0.29
SPN35.cash,eu_cash,index,10,60,False,776,-0.2332,-2.9561,-0.2363,21:-0.10 22:-0.08 23:-0.40 24:+0.08 25:-0.40 26:-0.42
SPN35.cash,eu_cash,index,14,15,True,958,-0.5509,-6.3980,-0.5280,21:-0.80 22:-0.38 23:-0.70 24:-0.47 25:-0.66 26:-0.44
SPN35.cash,eu_cash,index,14,15,False,962,-0.2829,-2.3219,-0.2727,21:+0.08 22:-0.21 23:-0.47 24:-0.01 25:-0.33 26:-0.55
SPN35.cash,eu_cash,index,14,30,True,882,-0.3638,-4.9296,-0.3286,21:-0.42 22:-0.32 23:-0.48 24:-0.39 25:-0.22 26:-0.38
SPN35.cash,eu_cash,index,14,30,False,884,-0.2470,-2.4950,-0.2225,21:-0.02 22:-0.19 23:-0.43 24:+0.04 25:-0.13 26:-0.67
SPN35.cash,eu_cash,index,14,60,True,739,-0.2396,-4.0252,-0.2469,21:-0.49 22:-0.06 23:-0.31 24:-0.15 25:-0.29 26:-0.32
SPN35.cash,eu_cash,index,14,60,False,753,-0.2330,-2.9939,-0.2734,21:-0.05 22:+0.01 23:-0.39 24:+0.05 25:-0.37 26:-0.55
SPN35.cash,eu_cash,index,20,15,True,945,-0.5383,-6.5358,-0.5314,21:-0.61 22:-0.40 23:-0.66 24:-0.45 25:-0.69 26:-0.44
SPN35.cash,eu_cash,index,20,15,False,950,-0.2074,-1.7931,-0.2014,21:+0.21 22:-0.17 23:-0.38 24:+0.01 25:-0.28 26:-0.39
SPN35.cash,eu_cash,index,20,30,True,864,-0.3642,-5.1288,-0.3457,21:-0.29 22:-0.33 23:-0.47 24:-0.37 25:-0.29 26:-0.38
SPN35.cash,eu_cash,index,20,30,False,866,-0.1933,-2.0546,-0.1940,21:+0.20 22:-0.11 23:-0.37 24:-0.01 25:-0.13 26:-0.53
SPN35.cash,eu_cash,index,20,60,True,726,-0.2332,-4.0367,-0.2352,21:-0.28 22:-0.12 23:-0.31 24:-0.12 25:-0.29 26:-0.31
SPN35.cash,eu_cash,index,20,60,False,739,-0.2275,-3.0059,-0.2557,21:+0.17 22:-0.07 23:-0.40 24:+0.01 25:-0.34 26:-0.49
T,us_cash,stock,10,15,True,852,-0.9763,-11.1020,-1.5101,21:-0.12 22:-0.42 23:-0.49 24:-0.70 25:-1.90 26:-2.01
T,us_cash,stock,10,15,False,854,-0.4141,-4.4696,-0.7054,21:+0.09 22:-0.16 23:-0.13 24:+0.01 25:-0.85 26:-1.37
T,us_cash,stock,10,30,True,762,-0.5722,-8.4837,-0.9060,21:-0.03 22:-0.12 23:-0.38 24:-0.47 25:-1.01 26:-1.31
T,us_cash,stock,10,30,False,763,-0.3706,-4.8799,-0.6187,21:+0.07 22:-0.12 23:-0.16 24:-0.14 25:-0.70 26:-1.10
T,us_cash,stock,10,60,True,631,-0.4757,-8.0380,-0.6811,21:-0.10 22:-0.13 23:-0.44 24:-0.40 25:-0.88 26:-0.79
T,us_cash,stock,10,60,False,637,-0.4211,-6.7489,-0.5966,21:-0.06 22:-0.13 23:-0.40 24:-0.29 25:-0.84 26:-0.69
T,us_cash,stock,14,15,True,840,-0.9973,-11.7878,-1.4840,21:-0.13 22:-0.53 23:-0.54 24:-0.69 25:-1.94 26:-1.85
T,us_cash,stock,14,15,False,843,-0.4728,-5.2458,-0.7044,21:-0.06 22:-0.29 23:-0.22 24:-0.03 25:-0.83 26:-1.32
T,us_cash,stock,14,30,True,751,-0.5549,-8.6721,-0.8506,21:-0.04 22:-0.20 23:-0.35 24:-0.46 25:-0.87 26:-1.27
T,us_cash,stock,14,30,False,753,-0.4061,-5.6696,-0.5931,21:-0.10 22:-0.24 23:-0.22 24:-0.15 25:-0.66 26:-1.02
T,us_cash,stock,14,60,True,622,-0.4411,-8.0259,-0.6432,21:-0.05 22:-0.12 23:-0.40 24:-0.37 25:-0.81 26:-0.78
T,us_cash,stock,14,60,False,628,-0.4242,-7.0029,-0.5915,21:-0.08 22:-0.19 23:-0.36 24:-0.29 25:-0.82 26:-0.70
T,us_cash,stock,20,15,True,820,-0.9675,-11.9173,-1.4211,21:-0.19 22:-0.52 23:-0.52 24:-0.68 25:-1.80 26:-1.81
T,us_cash,stock,20,15,False,822,-0.4517,-5.1621,-0.6863,21:-0.14 22:-0.22 23:-0.17 24:-0.02 25:-0.77 26:-1.31
T,us_cash,stock,20,30,True,746,-0.5603,-9.4221,-0.8452,21:-0.13 22:-0.19 23:-0.36 24:-0.49 25:-0.83 26:-1.28
T,us_cash,stock,20,30,False,747,-0.3916,-5.7549,-0.5924,21:-0.27 22:-0.15 23:-0.13 24:-0.20 25:-0.63 26:-1.00
T,us_cash,stock,20,60,True,619,-0.4827,-9.1414,-0.6663,21:-0.15 22:-0.21 23:-0.41 24:-0.40 25:-0.81 26:-0.82
T,us_cash,stock,20,60,False,624,-0.4461,-7.5749,-0.5994,21:-0.16 22:-0.26 23:-0.34 24:-0.30 25:-0.82 26:-0.70
TSLA,us_cash,stock,10,15,True,872,0.2037,2.6786,0.1772,21:+0.03 22:+0.41 23:+0.13 24:+0.13 25:+0.25 26:+0.14
TSLA,us_cash,stock,10,15,False,875,0.2333,2.2913,0.2957,21:+0.12 22:+0.26 23:+0.08 24:+0.19 25:+0.29 26:+0.43
TSLA,us_cash,stock,10,30,True,774,0.1404,2.4790,0.0861,21:-0.14 22:+0.36 23:+0.17 24:-0.07 25:+0.11 26:+0.25
TSLA,us_cash,stock,10,30,False,776,0.1760,2.3867,0.1717,21:-0.08 22:+0.28 23:+0.17 24:+0.03 25:+0.23 26:+0.27
TSLA,us_cash,stock,10,60,True,633,0.0707,1.4968,-0.0004,21:+0.08 22:+0.23 23:+0.09 24:-0.20 25:+0.11 26:+0.09
TSLA,us_cash,stock,10,60,False,639,0.0964,1.8063,0.0396,21:+0.04 22:+0.25 23:+0.11 24:-0.09 25:+0.05 26:+0.19
TSLA,us_cash,stock,14,15,True,862,0.2044,2.8061,0.2064,21:-0.04 22:+0.34 23:+0.14 24:+0.12 25:+0.28 26:+0.22
TSLA,us_cash,stock,14,15,False,864,0.1929,1.9845,0.2794,21:-0.08 22:+0.21 23:+0.04 24:+0.13 25:+0.40 26:+0.31
TSLA,us_cash,stock,14,30,True,760,0.1335,2.4205,0.0815,21:-0.06 22:+0.32 23:+0.15 24:-0.06 25:+0.13 26:+0.19
TSLA,us_cash,stock,14,30,False,761,0.1424,1.9489,0.1532,21:-0.07 22:+0.20 23:+0.12 24:+0.01 25:+0.25 26:+0.22
TSLA,us_cash,stock,14,60,True,633,0.0753,1.6124,0.0157,21:+0.14 22:+0.21 23:+0.08 24:-0.18 25:+0.15 26:+0.08
TSLA,us_cash,stock,14,60,False,638,0.0872,1.6277,0.0336,21:+0.13 22:+0.20 23:+0.11 24:-0.08 25:+0.05 26:+0.16
TSLA,us_cash,stock,20,15,True,858,0.2094,2.8952,0.1961,21:+0.20 22:+0.30 23:+0.16 24:+0.12 25:+0.29 26:+0.18
TSLA,us_cash,stock,20,15,False,859,0.1952,2.0369,0.2536,21:+0.05 22:+0.19 23:+0.10 24:+0.13 25:+0.42 26:+0.22
TSLA,us_cash,stock,20,30,True,760,0.1176,2.1844,0.0566,21:-0.04 22:+0.26 23:+0.19 24:-0.07 25:+0.11 26:+0.15
TSLA,us_cash,stock,20,30,False,761,0.1461,2.0245,0.1627,21:-0.10 22:+0.18 23:+0.15 24:+0.05 25:+0.26 26:+0.19
TSLA,us_cash,stock,20,60,True,620,0.0613,1.2722,-0.0034,21:+0.10 22:+0.20 23:+0.08 24:-0.19 25:+0.15 26:+0.05
TSLA,us_cash,stock,20,60,False,624,0.1026,1.8330,0.0511,21:+0.10 22:+0.19 23:+0.15 24:-0.07 25:+0.11 26:+0.14
UK100.cash,uk_cash,index,10,15,True,907,-0.2261,-2.3801,-0.2411,21:-0.54 22:-0.14 23:-0.21 24:-0.54 25:-0.27 26:+0.16
UK100.cash,uk_cash,index,10,15,False,908,-0.3115,-2.3750,-0.3282,21:-0.32 22:-0.34 23:-0.24 24:-0.55 25:-0.26 26:-0.15
UK100.cash,uk_cash,index,10,30,True,837,-0.0897,-1.0784,-0.0235,21:-0.28 22:-0.12 23:-0.21 24:-0.22 25:-0.14 26:+0.38
UK100.cash,uk_cash,index,10,30,False,841,-0.1726,-1.6005,-0.1617,21:-0.19 22:-0.16 23:-0.21 24:-0.40 25:-0.20 26:+0.20
UK100.cash,uk_cash,index,10,60,True,720,-0.1490,-2.1778,-0.1441,21:-0.34 22:+0.01 23:-0.27 24:-0.23 25:-0.23 26:+0.07
UK100.cash,uk_cash,index,10,60,False,727,-0.2837,-3.0072,-0.3412,21:-0.37 22:-0.03 23:-0.35 24:-0.43 25:-0.45 26:-0.07
UK100.cash,uk_cash,index,14,15,True,896,-0.1539,-1.6559,-0.1973,21:-0.28 22:-0.06 23:-0.10 24:-0.54 25:-0.19 26:+0.23
UK100.cash,uk_cash,index,14,15,False,896,-0.1507,-1.2247,-0.1886,21:+0.06 22:-0.28 23:+0.04 24:-0.39 25:-0.16 26:+0.04
UK100.cash,uk_cash,index,14,30,True,825,-0.0747,-0.9138,-0.0278,21:-0.12 22:-0.08 23:-0.19 24:-0.25 25:-0.00 26:+0.23
UK100.cash,uk_cash,index,14,30,False,828,-0.1423,-1.3741,-0.1593,21:-0.06 22:-0.10 23:-0.15 24:-0.37 25:-0.17 26:+0.13
UK100.cash,uk_cash,index,14,60,True,713,-0.1276,-1.8462,-0.1272,21:-0.46 22:+0.05 23:-0.23 24:-0.24 25:-0.16 26:+0.07
UK100.cash,uk_cash,index,14,60,False,718,-0.2162,-2.4256,-0.2575,21:-0.29 22:-0.03 23:-0.27 24:-0.38 25:-0.32 26:-0.01
UK100.cash,uk_cash,index,20,15,True,870,-0.1656,-1.8217,-0.2414,21:-0.38 22:+0.03 23:-0.11 24:-0.57 25:-0.19 26:+0.13
UK100.cash,uk_cash,index,20,15,False,871,-0.1616,-1.3679,-0.2175,21:-0.38 22:-0.12 23:-0.01 24:-0.46 25:-0.04 26:-0.11
UK100.cash,uk_cash,index,20,30,True,802,-0.0756,-0.9399,-0.0746,21:-0.26 22:+0.01 23:-0.13 24:-0.25 25:-0.07 26:+0.15
UK100.cash,uk_cash,index,20,30,False,806,-0.1145,-1.1292,-0.1360,21:-0.49 22:+0.06 23:-0.16 24:-0.26 25:-0.10 26:-0.01
UK100.cash,uk_cash,index,20,60,True,688,-0.0947,-1.3796,-0.1206,21:-0.57 22:+0.15 23:-0.17 24:-0.22 25:-0.15 26:+0.05
UK100.cash,uk_cash,index,20,60,False,694,-0.1767,-1.9664,-0.2392,21:-0.50 22:+0.15 23:-0.25 24:-0.33 25:-0.31 26:-0.02
UKOIL.cash,nymex,energy,10,15,True,862,-0.2307,-2.2682,-0.3595,21:-0.50 22:-0.00 23:-0.04 24:-0.25 25:-0.55 26:-0.25
UKOIL.cash,nymex,energy,10,15,False,866,-0.2340,-1.5098,-0.3717,21:-1.14 22:+0.08 23:+0.06 24:-0.18 25:-0.76 26:-0.10
UKOIL.cash,nymex,energy,10,30,True,768,-0.1497,-1.8753,-0.2116,21:-0.22 22:-0.03 23:-0.08 24:-0.02 25:-0.52 26:-0.03
UKOIL.cash,nymex,energy,10,30,False,775,-0.1561,-1.3649,-0.1716,21:-0.87 22:-0.12 23:+0.05 24:+0.01 25:-0.44 26:-0.02
UKOIL.cash,nymex,energy,10,60,True,619,-0.0668,-0.9140,-0.1069,21:-0.11 22:-0.15 23:+0.15 24:-0.11 25:-0.23 26:+0.09
UKOIL.cash,nymex,energy,10,60,False,625,-0.1122,-1.2875,-0.1356,21:-0.11 22:-0.25 23:+0.10 24:-0.26 25:-0.21 26:+0.16
UKOIL.cash,nymex,energy,14,15,True,842,-0.2198,-2.1880,-0.3874,21:-0.29 22:+0.10 23:-0.05 24:-0.30 25:-0.59 26:-0.24
UKOIL.cash,nymex,energy,14,15,False,845,-0.1919,-1.2582,-0.4264,21:-0.88 22:+0.27 23:+0.18 24:-0.12 25:-0.81 26:-0.30
UKOIL.cash,nymex,energy,14,30,True,754,-0.1698,-2.1135,-0.2481,21:-0.25 22:-0.05 23:-0.06 24:+0.00 25:-0.62 26:-0.05
UKOIL.cash,nymex,energy,14,30,False,760,-0.0967,-0.8477,-0.1970,21:-0.42 22:+0.02 23:+0.15 24:+0.12 25:-0.54 26:-0.13
UKOIL.cash,nymex,energy,14,60,True,606,-0.0862,-1.1911,-0.1257,21:-0.16 22:-0.18 23:+0.14 24:-0.06 25:-0.32 26:+0.09
UKOIL.cash,nymex,energy,14,60,False,613,-0.1275,-1.5086,-0.1697,21:-0.02 22:-0.24 23:+0.09 24:-0.12 25:-0.37 26:+0.08
UKOIL.cash,nymex,energy,20,15,True,812,-0.2086,-2.1613,-0.3473,21:-0.50 22:+0.05 23:-0.03 24:-0.25 25:-0.51 26:-0.24
UKOIL.cash,nymex,energy,20,15,False,814,-0.1469,-1.0073,-0.3737,21:-0.93 22:+0.28 23:+0.22 24:-0.02 25:-0.77 26:-0.29
UKOIL.cash,nymex,energy,20,30,True,726,-0.1340,-1.6361,-0.1835,21:-0.13 22:-0.07 23:-0.06 24:+0.05 25:-0.52 26:-0.01
UKOIL.cash,nymex,energy,20,30,False,733,-0.0969,-0.8634,-0.2044,21:-0.40 22:+0.01 23:+0.17 24:+0.13 25:-0.53 26:-0.16
UKOIL.cash,nymex,energy,20,60,True,601,-0.0540,-0.7688,-0.0637,21:-0.07 22:-0.16 23:+0.10 24:-0.03 25:-0.23 26:+0.16
UKOIL.cash,nymex,energy,20,60,False,606,-0.0620,-0.7430,-0.0653,21:+0.03 22:-0.17 23:+0.04 24:-0.03 25:-0.25 26:+0.17
US100.cash,us_cash,us_index,10,15,True,839,0.1107,1.2853,0.1146,21:+0.07 22:+0.18 23:+0.04 24:+0.42 25:-0.05 26:-0.08
US100.cash,us_cash,us_index,10,15,False,840,0.1175,0.9766,0.2227,21:-0.63 22:+0.30 23:-0.15 24:+0.38 25:+0.05 26:+0.24
US100.cash,us_cash,us_index,10,30,True,758,0.1066,1.6668,0.0686,21:+0.23 22:+0.06 23:+0.22 24:+0.25 25:-0.00 26:-0.07
US100.cash,us_cash,us_index,10,30,False,759,0.1772,2.0754,0.1643,21:-0.09 22:+0.23 23:+0.23 24:+0.21 25:+0.17 26:+0.10
US100.cash,us_cash,us_index,10,60,True,624,0.1143,2.0026,0.0364,21:+0.13 22:+0.08 23:+0.36 24:+0.15 25:-0.07 26:+0.03
US100.cash,us_cash,us_index,10,60,False,627,0.2123,3.1113,0.1745,21:+0.12 22:+0.23 23:+0.31 24:+0.27 25:+0.08 26:+0.16
US100.cash,us_cash,us_index,14,15,True,826,0.1384,1.6294,0.1573,21:-0.02 22:+0.19 23:+0.07 24:+0.45 25:-0.07 26:+0.05
US100.cash,us_cash,us_index,14,15,False,827,0.1253,1.0582,0.2217,21:-0.57 22:+0.31 23:-0.14 24:+0.44 25:+0.01 26:+0.20
US100.cash,us_cash,us_index,14,30,True,733,0.1524,2.3494,0.1418,21:+0.13 22:+0.09 23:+0.25 24:+0.29 25:+0.07 26:+0.03
US100.cash,us_cash,us_index,14,30,False,734,0.2037,2.3635,0.2004,21:-0.03 22:+0.23 23:+0.25 24:+0.24 25:+0.22 26:+0.13
US100.cash,us_cash,us_index,14,60,True,610,0.1597,2.8445,0.1230,21:+0.23 22:+0.08 23:+0.33 24:+0.20 25:+0.06 26:+0.11
US100.cash,us_cash,us_index,14,60,False,615,0.2237,3.4227,0.1938,21:+0.26 22:+0.23 23:+0.29 24:+0.25 25:+0.13 26:+0.21
US100.cash,us_cash,us_index,20,15,True,807,0.1560,1.8336,0.1439,21:+0.27 22:+0.24 23:+0.07 24:+0.42 25:-0.08 26:+0.05
US100.cash,us_cash,us_index,20,15,False,809,0.1605,1.3723,0.1880,21:-0.28 22:+0.42 23:-0.09 24:+0.29 25:+0.05 26:+0.22
US100.cash,us_cash,us_index,20,30,True,727,0.1314,2.0225,0.1124,21:+0.15 22:+0.10 23:+0.22 24:+0.25 25:+0.06 26:-0.00
US100.cash,us_cash,us_index,20,30,False,728,0.1738,2.0203,0.1545,21:-0.26 22:+0.24 23:+0.25 24:+0.12 25:+0.24 26:+0.10
US100.cash,us_cash,us_index,20,60,True,604,0.1537,2.6940,0.0972,21:+0.19 22:+0.14 23:+0.32 24:+0.12 25:+0.07 26:+0.10
US100.cash,us_cash,us_index,20,60,False,607,0.1766,2.5841,0.1411,21:-0.19 22:+0.25 23:+0.29 24:+0.14 25:+0.12 26:+0.16
US2000.cash,us_cash,us_index,10,15,True,1509,-0.1296,-2.3295,-0.2657,18:+0.14 19:+0.05 20:-0.35 21:-0.05 22:-0.05 23:-0.15 24:-0.03 25:-0.51 26:-0.26
US2000.cash,us_cash,us_index,10,15,False,1512,-0.0652,-0.8405,-0.2765,18:+0.01 19:+0.11 20:+0.00 21:+0.08 22:+0.01 23:-0.02 24:+0.06 25:-0.36 26:-0.62
US2000.cash,us_cash,us_index,10,30,True,1362,-0.0800,-1.7258,-0.2048,18:+0.09 19:+0.05 20:-0.20 21:+0.02 22:-0.11 23:+0.03 24:-0.16 25:-0.26 26:-0.18
US2000.cash,us_cash,us_index,10,30,False,1366,-0.0185,-0.3009,-0.1648,18:+0.06 19:-0.00 20:+0.23 21:+0.10 22:-0.07 23:-0.00 24:-0.09 25:-0.15 26:-0.28
US2000.cash,us_cash,us_index,10,60,True,1113,-0.0768,-1.8681,-0.1071,18:+0.01 19:-0.13 20:-0.01 21:+0.02 22:-0.22 23:+0.00 24:-0.04 25:-0.14 26:-0.14
US2000.cash,us_cash,us_index,10,60,False,1125,-0.0546,-1.0703,-0.0939,18:-0.04 19:-0.13 20:+0.17 21:+0.04 22:-0.18 23:-0.03 24:-0.03 25:-0.03 26:-0.24
US2000.cash,us_cash,us_index,14,15,True,1489,-0.1746,-3.2836,-0.3151,18:-0.03 19:+0.03 20:-0.48 21:-0.07 22:-0.07 23:-0.08 24:-0.06 25:-0.57 26:-0.30
US2000.cash,us_cash,us_index,14,15,False,1492,-0.1165,-1.5225,-0.3284,18:-0.12 19:+0.21 20:-0.12 21:+0.01 22:-0.06 23:-0.05 24:-0.06 25:-0.37 26:-0.65
US2000.cash,us_cash,us_index,14,30,True,1356,-0.0841,-1.9268,-0.1857,18:+0.08 19:+0.05 20:-0.25 21:-0.03 22:-0.10 23:+0.02 24:-0.12 25:-0.25 26:-0.19
US2000.cash,us_cash,us_index,14,30,False,1362,-0.0494,-0.8463,-0.1943,18:+0.11 19:+0.18 20:+0.06 21:+0.01 22:-0.20 23:-0.03 24:-0.11 25:-0.21 26:-0.29
US2000.cash,us_cash,us_index,14,60,True,1101,-0.0636,-1.6498,-0.1073,18:+0.08 19:-0.10 20:-0.07 21:-0.01 22:-0.14 23:-0.00 24:-0.07 25:-0.06 26:-0.20
US2000.cash,us_cash,us_index,14,60,False,1112,-0.0622,-1.2717,-0.0969,18:-0.09 19:-0.01 20:+0.10 21:+0.02 22:-0.25 23:-0.01 24:-0.04 25:+0.00 26:-0.28
US2000.cash,us_cash,us_index,20,15,True,1460,-0.1666,-3.0942,-0.3279,18:+0.08 19:+0.02 20:-0.48 21:-0.02 22:-0.01 23:-0.16 24:-0.08 25:-0.52 26:-0.40
US2000.cash,us_cash,us_index,20,15,False,1463,-0.1005,-1.2933,-0.2046,18:-0.14 19:+0.18 20:-0.28 21:+0.11 22:-0.08 23:-0.12 24:+0.03 25:-0.27 26:-0.43
US2000.cash,us_cash,us_index,20,30,True,1332,-0.0695,-1.5877,-0.1973,18:+0.10 19:+0.04 20:-0.20 21:+0.06 22:-0.07 23:+0.02 24:-0.13 25:-0.21 26:-0.28
US2000.cash,us_cash,us_index,20,30,False,1336,-0.0460,-0.7808,-0.1717,18:+0.03 19:+0.15 20:+0.03 21:+0.13 22:-0.21 23:-0.01 24:-0.10 25:-0.14 26:-0.32
US2000.cash,us_cash,us_index,20,60,True,1086,-0.0378,-0.9957,-0.0806,18:+0.17 19:-0.05 20:-0.12 21:+0.04 22:-0.13 23:-0.00 24:-0.05 25:-0.02 26:-0.19
US2000.cash,us_cash,us_index,20,60,False,1098,-0.0343,-0.7118,-0.0690,18:+0.02 19:+0.02 20:+0.01 21:+0.03 22:-0.21 23:+0.06 24:-0.03 25:+0.01 26:-0.22
US30.cash,us_cash,us_index,10,15,True,1225,-0.0622,-0.9703,-0.1275,19:+0.15 20:-0.24 21:+0.12 22:+0.05 23:-0.05 24:+0.06 25:-0.15 26:-0.37
US30.cash,us_cash,us_index,10,15,False,1229,-0.1233,-1.3313,-0.1593,19:-0.14 20:-0.07 21:+0.07 22:-0.30 23:-0.06 24:-0.01 25:-0.12 26:-0.42
US30.cash,us_cash,us_index,10,30,True,1098,0.0233,0.4063,-0.0376,19:+0.09 20:+0.06 21:+0.03 22:+0.11 23:+0.05 24:+0.01 25:-0.01 26:-0.15
US30.cash,us_cash,us_index,10,30,False,1103,0.0086,0.1119,-0.0749,19:+0.12 20:+0.11 21:+0.09 22:-0.01 23:+0.05 24:-0.07 25:+0.08 26:-0.29
US30.cash,us_cash,us_index,10,60,True,928,-0.0123,-0.2420,-0.0354,19:+0.03 20:-0.01 21:+0.05 22:+0.09 23:-0.12 24:+0.10 25:-0.02 26:-0.24
US30.cash,us_cash,us_index,10,60,False,941,-0.0434,-0.7034,-0.0943,19:-0.05 20:-0.01 21:+0.02 22:-0.09 23:+0.06 24:-0.05 25:-0.08 26:-0.17
US30.cash,us_cash,us_index,14,15,True,1210,-0.0437,-0.6680,-0.0914,19:+0.49 20:-0.33 21:+0.14 22:+0.08 23:-0.06 24:+0.13 25:-0.13 26:-0.38
US30.cash,us_cash,us_index,14,15,False,1216,-0.1130,-1.2233,-0.1672,19:+0.27 20:+0.04 21:-0.02 22:-0.36 23:-0.04 24:-0.00 25:-0.10 26:-0.51
US30.cash,us_cash,us_index,14,30,True,1080,0.0300,0.5312,-0.0032,19:+0.17 20:+0.02 21:+0.06 22:+0.12 23:-0.02 24:+0.08 25:+0.00 26:-0.13
US30.cash,us_cash,us_index,14,30,False,1085,0.0215,0.2801,-0.0299,19:+0.32 20:+0.16 21:+0.05 22:-0.06 23:+0.01 24:-0.03 25:+0.12 26:-0.24
US30.cash,us_cash,us_index,14,60,True,903,-0.0093,-0.1872,-0.0258,19:+0.06 20:-0.01 21:+0.02 22:+0.09 23:-0.10 24:+0.06 25:+0.04 26:-0.24
US30.cash,us_cash,us_index,14,60,False,918,-0.0537,-0.8825,-0.0794,19:-0.01 20:+0.09 21:-0.05 22:-0.12 23:-0.07 24:-0.05 25:-0.04 26:-0.17
US30.cash,us_cash,us_index,20,15,True,1201,-0.0573,-0.8905,-0.1035,19:+0.33 20:-0.30 21:+0.17 22:+0.03 23:-0.08 24:+0.10 25:-0.18 26:-0.30
US30.cash,us_cash,us_index,20,15,False,1207,-0.1557,-1.7302,-0.2156,19:+0.26 20:+0.11 21:-0.06 22:-0.48 23:-0.08 24:-0.14 25:-0.12 26:-0.47
US30.cash,us_cash,us_index,20,30,True,1064,0.0114,0.2066,-0.0537,19:+0.20 20:+0.11 21:+0.06 22:+0.07 23:-0.04 24:+0.06 25:-0.07 26:-0.19
US30.cash,us_cash,us_index,20,30,False,1070,-0.0222,-0.2950,-0.0855,19:+0.19 20:+0.31 21:-0.02 22:-0.24 23:+0.02 24:-0.12 25:+0.10 26:-0.29
US30.cash,us_cash,us_index,20,60,True,896,-0.0200,-0.4192,-0.0799,19:+0.00 20:+0.11 21:-0.02 22:+0.15 23:-0.15 24:+0.04 25:-0.08 26:-0.25
US30.cash,us_cash,us_index,20,60,False,910,-0.0458,-0.7862,-0.0978,19:-0.15 20:+0.29 21:-0.10 22:-0.11 23:-0.07 24:-0.07 25:-0.06 26:-0.19
US500.cash,us_cash,us_index,10,15,True,857,0.0257,0.2535,-0.1238,21:+0.23 22:+0.21 23:+0.19 24:+0.31 25:-0.36 26:-0.36
US500.cash,us_cash,us_index,10,15,False,857,-0.0764,-0.5157,-0.1830,21:-0.01 22:+0.23 23:-0.12 24:-0.19 25:+0.02 26:-0.42
US500.cash,us_cash,us_index,10,30,True,777,0.1112,1.2702,0.0293,21:+0.10 22:+0.13 23:+0.31 24:+0.35 25:-0.12 26:-0.18
US500.cash,us_cash,us_index,10,30,False,777,0.0714,0.6176,0.0581,21:-0.31 22:+0.12 23:+0.15 24:+0.03 25:+0.23 26:-0.10
US500.cash,us_cash,us_index,10,60,True,638,0.0776,1.1244,-0.0023,21:-0.04 22:+0.19 23:+0.22 24:+0.19 25:-0.13 26:-0.10
US500.cash,us_cash,us_index,10,60,False,638,0.0950,1.1807,0.0570,21:-0.37 22:+0.23 23:+0.19 24:+0.10 25:+0.03 26:+0.04
US500.cash,us_cash,us_index,14,15,True,843,0.0761,0.7398,-0.0458,21:+0.05 22:+0.35 23:+0.14 24:+0.34 25:-0.20 26:-0.34
US500.cash,us_cash,us_index,14,15,False,843,-0.0128,-0.0919,-0.0548,21:-0.19 22:+0.21 23:-0.09 24:-0.02 25:+0.13 26:-0.31
US500.cash,us_cash,us_index,14,30,True,765,0.0984,1.1922,-0.0068,21:+0.14 22:+0.24 23:+0.23 24:+0.28 25:-0.16 26:-0.18
US500.cash,us_cash,us_index,14,30,False,766,0.0728,0.6642,0.0782,21:-0.50 22:+0.15 23:+0.11 24:+0.03 25:+0.30 26:-0.11
US500.cash,us_cash,us_index,14,60,True,625,0.0760,1.1219,-0.0110,21:+0.00 22:+0.30 23:+0.13 24:+0.14 25:-0.09 26:-0.12
US500.cash,us_cash,us_index,14,60,False,626,0.0974,1.2403,0.0418,21:-0.38 22:+0.33 23:+0.14 24:+0.06 25:+0.09 26:-0.03
US500.cash,us_cash,us_index,20,15,True,823,0.0100,0.1039,-0.0809,21:-0.20 22:+0.25 23:+0.06 24:+0.05 25:-0.13 26:-0.19
US500.cash,us_cash,us_index,20,15,False,824,-0.0406,-0.2976,-0.0843,21:-0.20 22:+0.12 23:-0.05 24:-0.13 25:+0.10 26:-0.24
US500.cash,us_cash,us_index,20,30,True,733,0.0657,0.7605,0.0196,21:-0.16 22:+0.20 23:+0.10 24:+0.17 25:-0.02 26:-0.12
US500.cash,us_cash,us_index,20,30,False,734,0.0718,0.6510,0.0851,21:-0.54 22:+0.08 23:+0.15 24:-0.01 25:+0.35 26:-0.10
US500.cash,us_cash,us_index,20,60,True,614,0.0659,1.0181,-0.0070,21:-0.06 22:+0.28 23:+0.09 24:+0.13 25:-0.07 26:-0.10
US500.cash,us_cash,us_index,20,60,False,614,0.0960,1.2298,0.0828,21:-0.43 22:+0.25 23:+0.10 24:+0.03 25:+0.18 26:+0.04
USDCAD,ny_fx,forex,10,15,True,2320,-0.6133,-6.3260,-0.5211,15:-0.14 16:-0.82 17:-0.89 18:-1.32 19:-0.86 20:-1.07 21:-0.40 22:-0.47 23:+0.23 24:-0.62 25:-0.39 26:-0.56
USDCAD,ny_fx,forex,10,15,False,2324,-0.4223,-2.9072,-0.3194,15:+0.59 16:-0.00 17:-1.13 18:-0.99 19:-0.99 20:-1.03 21:-0.27 22:-0.75 23:+0.52 24:-0.11 25:-0.42 26:-0.44
USDCAD,ny_fx,forex,10,30,True,2093,-0.2830,-4.0662,-0.2878,15:-0.26 16:-0.29 17:-0.48 18:-0.44 19:-0.48 20:-0.79 21:-0.11 22:+0.01 23:+0.30 24:-0.34 25:-0.21 26:-0.33
USDCAD,ny_fx,forex,10,30,False,2105,-0.2205,-2.2653,-0.2559,15:-0.11 16:-0.00 17:-0.38 18:+0.22 19:-0.69 20:-0.75 21:-0.19 22:-0.20 23:+0.23 24:-0.24 25:-0.27 26:-0.26
USDCAD,ny_fx,forex,10,60,True,1735,-0.1666,-3.2607,-0.2022,15:-0.06 16:-0.24 17:-0.16 18:-0.11 19:-0.32 20:-0.66 21:-0.10 22:+0.08 23:+0.17 24:-0.13 25:-0.18 26:-0.33
USDCAD,ny_fx,forex,10,60,False,1744,-0.1607,-2.4684,-0.1356,15:-0.03 16:-0.23 17:-0.13 18:+0.17 19:-0.42 20:-0.60 21:-0.31 22:-0.19 23:+0.23 24:-0.29 25:-0.05 26:-0.05
USDCAD,ny_fx,forex,14,15,True,2290,-0.6630,-7.1189,-0.5433,15:-0.35 16:-0.93 17:-0.84 18:-1.16 19:-0.94 20:-1.21 21:-0.49 22:-0.50 23:+0.15 24:-0.68 25:-0.53 26:-0.40
USDCAD,ny_fx,forex,14,15,False,2295,-0.4495,-3.2091,-0.3415,15:+0.30 16:-0.05 17:-1.00 18:-0.92 19:-0.84 20:-1.06 21:-0.52 22:-0.60 23:+0.33 24:-0.25 25:-0.45 26:-0.32
USDCAD,ny_fx,forex,14,30,True,2073,-0.2994,-4.4189,-0.2108,15:-0.30 16:-0.34 17:-0.49 18:-0.41 19:-0.61 20:-0.91 21:-0.17 22:-0.04 23:+0.30 24:-0.23 25:-0.16 26:-0.26
USDCAD,ny_fx,forex,14,30,False,2086,-0.2295,-2.4127,-0.2992,15:-0.03 16:-0.03 17:-0.28 18:-0.01 19:-0.63 20:-0.79 21:-0.28 22:-0.07 23:+0.23 24:-0.28 25:-0.38 26:-0.22
USDCAD,ny_fx,forex,14,60,True,1730,-0.1722,-3.5213,-0.1189,15:-0.08 16:-0.26 17:-0.17 18:-0.16 19:-0.45 20:-0.73 21:-0.18 22:+0.12 23:+0.22 24:+0.01 25:-0.18 26:-0.19
USDCAD,ny_fx,forex,14,60,False,1738,-0.1765,-2.8144,-0.1322,15:+0.02 16:-0.25 17:-0.12 18:+0.10 19:-0.50 20:-0.74 21:-0.32 22:-0.08 23:+0.19 24:-0.15 25:-0.18 26:-0.06
USDCAD,ny_fx,forex,20,15,True,2269,-0.6258,-6.9028,-0.5749,15:-0.25 16:-0.98 17:-0.87 18:-0.99 19:-0.92 20:-1.13 21:-0.39 22:-0.49 23:+0.28 24:-0.72 25:-0.43 26:-0.59
USDCAD,ny_fx,forex,20,15,False,2272,-0.4721,-3.4571,-0.2860,15:+0.17 16:-0.12 17:-1.00 18:-0.99 19:-0.77 20:-1.01 21:-0.76 22:-0.68 23:+0.37 24:-0.11 25:-0.23 26:-0.57
USDCAD,ny_fx,forex,20,30,True,2046,-0.3042,-4.5753,-0.2341,15:-0.31 16:-0.42 17:-0.44 18:-0.36 19:-0.56 20:-0.87 21:-0.24 22:-0.07 23:+0.32 24:-0.26 25:-0.20 26:-0.24
USDCAD,ny_fx,forex,20,30,False,2056,-0.2761,-2.9452,-0.2778,15:-0.27 16:+0.01 17:-0.38 18:-0.04 19:-0.60 20:-0.90 21:-0.42 22:-0.13 23:+0.20 24:-0.09 25:-0.39 26:-0.36
USDCAD,ny_fx,forex,20,60,True,1719,-0.1770,-3.8171,-0.1325,15:-0.07 16:-0.27 17:-0.17 18:-0.19 19:-0.37 20:-0.62 21:-0.28 22:+0.06 23:+0.18 24:+0.01 25:-0.18 26:-0.24
USDCAD,ny_fx,forex,20,60,False,1725,-0.1865,-3.1305,-0.1300,15:-0.03 16:-0.28 17:-0.10 18:+0.00 19:-0.38 20:-0.70 21:-0.42 22:-0.12 23:+0.19 24:-0.11 25:-0.16 26:-0.11
USDCHF,ny_fx,forex,10,15,True,2199,-0.6181,-6.7383,-0.5688,15:-0.51 16:-0.93 17:-0.57 18:-0.95 19:-0.70 20:-0.63 21:-0.65 22:-0.53 23:-0.18 24:-0.90 25:-0.32 26:-0.45
USDCHF,ny_fx,forex,10,15,False,2207,-0.2004,-1.5180,-0.0076,15:+0.70 16:-1.10 17:-0.58 18:-0.25 19:-0.21 20:-0.38 21:-0.40 22:-0.20 23:+0.28 24:+0.02 25:-0.10 26:+0.06
USDCHF,ny_fx,forex,10,30,True,1985,-0.3272,-4.3759,-0.3448,15:-0.11 16:-0.56 17:-0.46 18:-0.34 19:-0.25 20:-0.50 21:-0.49 22:-0.16 23:+0.02 24:-0.61 25:-0.28 26:-0.10
USDCHF,ny_fx,forex,10,30,False,1998,-0.1082,-1.0978,-0.0975,15:+0.63 16:-0.52 17:-0.49 18:-0.17 19:-0.24 20:+0.06 21:-0.15 22:-0.18 23:+0.10 24:-0.17 25:-0.19 26:+0.10
USDCHF,ny_fx,forex,10,60,True,1673,-0.1525,-2.9566,-0.1196,15:+0.11 16:-0.35 17:-0.27 18:-0.30 19:-0.17 20:-0.13 21:-0.10 22:-0.07 23:-0.15 24:-0.25 25:+0.03 26:-0.14
USDCHF,ny_fx,forex,10,60,False,1680,-0.0799,-1.2677,-0.0059,15:+0.24 16:-0.52 17:-0.35 18:-0.02 19:+0.07 20:-0.07 21:+0.04 22:-0.08 23:-0.18 24:-0.18 25:+0.11 26:+0.07
USDCHF,ny_fx,forex,14,15,True,2187,-0.5454,-6.3585,-0.3794,15:-0.65 16:-0.75 17:-0.78 18:-0.67 19:-0.61 20:-0.56 21:-0.77 22:-0.37 23:-0.18 24:-0.66 25:-0.26 26:-0.17
USDCHF,ny_fx,forex,14,15,False,2193,-0.1793,-1.4188,0.1132,15:+0.68 16:-0.99 17:-0.92 18:-0.04 19:-0.20 20:-0.24 21:-0.60 22:-0.16 23:+0.27 24:-0.11 25:+0.32 26:+0.15
USDCHF,ny_fx,forex,14,30,True,1968,-0.3090,-4.4227,-0.2488,15:-0.19 16:-0.47 17:-0.52 18:-0.26 19:-0.31 20:-0.45 21:-0.62 22:-0.11 23:+0.03 24:-0.45 25:-0.24 26:-0.02
USDCHF,ny_fx,forex,14,30,False,1980,-0.1548,-1.6159,-0.1097,15:+0.66 16:-0.51 17:-0.63 18:-0.25 19:-0.33 20:+0.06 21:-0.31 22:-0.22 23:+0.11 24:-0.17 25:-0.22 26:+0.09
USDCHF,ny_fx,forex,14,60,True,1655,-0.1458,-2.9756,-0.0393,15:+0.08 16:-0.43 17:-0.26 18:-0.26 19:-0.25 20:-0.04 21:-0.22 22:-0.10 23:-0.07 24:-0.27 25:+0.03 26:+0.15
USDCHF,ny_fx,forex,14,60,False,1661,-0.0673,-1.1187,0.0015,15:+0.18 16:-0.41 17:-0.35 18:+0.02 19:-0.02 20:-0.00 21:-0.06 22:-0.05 23:-0.05 24:-0.19 25:+0.07 26:+0.15
USDCHF,ny_fx,forex,20,15,True,2155,-0.5503,-6.4619,-0.3484,15:-0.64 16:-0.79 17:-0.73 18:-0.61 19:-0.72 20:-0.89 21:-0.58 22:-0.35 23:-0.17 24:-0.53 25:-0.30 26:-0.18
USDCHF,ny_fx,forex,20,15,False,2159,-0.1845,-1.4652,0.1288,15:+0.72 16:-1.33 17:-0.70 18:+0.09 19:-0.23 20:-0.34 21:-0.38 22:-0.25 23:+0.16 24:+0.05 25:+0.24 26:+0.10
USDCHF,ny_fx,forex,20,30,True,1946,-0.2947,-4.5003,-0.1862,15:-0.21 16:-0.38 17:-0.50 18:-0.23 19:-0.37 20:-0.58 21:-0.49 22:-0.16 23:+0.00 24:-0.42 25:-0.14 26:+0.04
USDCHF,ny_fx,forex,20,30,False,1955,-0.1513,-1.6161,-0.0405,15:+0.54 16:-0.47 17:-0.55 18:-0.24 19:-0.22 20:-0.14 21:-0.28 22:-0.21 23:+0.00 24:-0.09 25:-0.14 26:+0.14
USDCHF,ny_fx,forex,20,60,True,1635,-0.1435,-2.9916,-0.0026,15:-0.06 16:-0.38 17:-0.23 18:-0.16 19:-0.28 20:-0.19 21:-0.16 22:-0.14 23:-0.04 24:-0.25 25:+0.07 26:+0.20
USDCHF,ny_fx,forex,20,60,False,1640,-0.0511,-0.8705,0.0462,15:+0.10 16:-0.36 17:-0.26 18:+0.10 19:-0.01 20:-0.06 21:+0.08 22:-0.10 23:-0.15 24:-0.13 25:+0.03 26:+0.28
USDJPY,ny_fx,forex,10,15,True,2131,-0.5418,-4.6866,-0.5376,15:-0.71 16:-0.05 17:-0.36 18:-0.77 19:-0.13 20:-0.39 21:-1.68 22:-0.20 23:-0.55 24:-0.51 25:-0.27 26:-0.91
USDJPY,ny_fx,forex,10,15,False,2138,-0.2400,-1.3350,-0.1232,15:-0.79 16:+0.02 17:-0.26 18:-0.74 19:+0.32 20:+0.05 21:-0.94 22:+0.05 23:-0.15 24:-0.03 25:+0.41 26:-0.92
USDJPY,ny_fx,forex,10,30,True,1883,-0.2060,-2.2369,-0.2529,15:-0.18 16:+0.17 17:-0.39 18:-0.27 19:+0.21 20:+0.10 21:-1.01 22:-0.00 23:-0.30 24:-0.44 25:+0.00 26:-0.32
USDJPY,ny_fx,forex,10,30,False,1894,-0.1988,-1.4811,-0.1349,15:-0.28 16:-0.06 17:-0.49 18:-0.46 19:+0.45 20:+0.35 21:-0.70 22:-0.28 23:-0.37 24:-0.30 25:+0.12 26:-0.22
USDJPY,ny_fx,forex,10,60,True,1606,-0.1079,-1.7770,-0.1687,15:-0.05 16:+0.01 17:-0.34 18:-0.03 19:+0.23 20:+0.22 21:-0.53 22:-0.23 23:-0.03 24:-0.04 25:+0.06 26:-0.61
USDJPY,ny_fx,forex,10,60,False,1610,-0.0954,-1.2621,-0.2311,15:+0.06 16:+0.06 17:-0.31 18:-0.25 19:+0.19 20:+0.42 21:-0.39 22:-0.24 23:+0.00 24:-0.12 25:-0.03 26:-0.62
USDJPY,ny_fx,forex,14,15,True,2108,-0.5348,-4.7357,-0.5011,15:-0.71 16:-0.37 17:-0.48 18:-0.78 19:-0.12 20:-0.36 21:-1.56 22:-0.00 23:-0.45 24:-0.44 25:-0.36 26:-0.76
USDJPY,ny_fx,forex,14,15,False,2113,-0.2969,-1.6440,-0.0299,15:-0.84 16:-0.77 17:-0.37 18:-0.43 19:+0.23 20:-0.02 21:-1.00 22:+0.12 23:-0.24 24:+0.12 25:+0.15 26:-0.46
USDJPY,ny_fx,forex,14,30,True,1880,-0.1866,-2.1221,-0.2421,15:-0.17 16:+0.00 17:-0.29 18:-0.28 19:+0.13 20:+0.11 21:-0.92 22:+0.19 23:-0.21 24:-0.40 25:-0.10 26:-0.21
USDJPY,ny_fx,forex,14,30,False,1891,-0.1952,-1.4094,-0.2129,15:-0.17 16:-0.35 17:-0.25 18:-0.33 19:+0.30 20:+0.40 21:-0.76 22:-0.32 23:-0.15 24:-0.35 25:-0.11 26:-0.17
USDJPY,ny_fx,forex,14,60,True,1586,-0.0804,-1.4140,-0.1144,15:-0.02 16:-0.03 17:-0.37 18:-0.09 19:+0.06 20:+0.30 21:-0.44 22:-0.08 23:+0.08 24:-0.05 25:+0.11 26:-0.46
USDJPY,ny_fx,forex,14,60,False,1592,-0.0869,-1.2113,-0.2431,15:+0.12 16:+0.03 17:-0.17 18:-0.39 19:+0.07 20:+0.46 21:-0.42 22:-0.12 23:+0.12 24:-0.15 25:-0.07 26:-0.56
USDJPY,ny_fx,forex,20,15,True,2068,-0.4082,-3.7967,-0.3404,15:-0.66 16:-0.49 17:-0.27 18:-0.70 19:-0.11 20:-0.07 21:-1.50 22:+0.27 23:-0.23 24:-0.31 25:-0.31 26:-0.41
USDJPY,ny_fx,forex,20,15,False,2073,-0.1657,-0.9755,0.1818,15:-0.44 16:-0.93 17:-0.14 18:-0.61 19:+0.54 20:+0.08 21:-1.01 22:+0.35 23:-0.11 24:+0.18 25:+0.61 26:-0.36
USDJPY,ny_fx,forex,20,30,True,1850,-0.1069,-1.2707,-0.0840,15:-0.15 16:+0.02 17:-0.26 18:-0.16 19:+0.12 20:+0.15 21:-0.83 22:+0.25 23:-0.06 24:-0.22 25:+0.11 26:-0.15
USDJPY,ny_fx,forex,20,30,False,1862,-0.1254,-1.0120,-0.0864,15:-0.09 16:-0.34 17:-0.44 18:-0.36 19:+0.44 20:+0.46 21:-0.75 22:+0.13 23:-0.10 24:-0.23 25:+0.14 26:-0.18
USDJPY,ny_fx,forex,20,60,True,1543,-0.0603,-1.1084,-0.0709,15:+0.06 16:+0.02 17:-0.26 18:-0.11 19:+0.04 20:+0.31 21:-0.45 22:-0.15 23:+0.11 24:-0.02 25:+0.20 26:-0.45
USDJPY,ny_fx,forex,20,60,False,1548,-0.0801,-1.1558,-0.1811,15:+0.12 16:+0.09 17:-0.06 18:-0.42 19:+0.03 20:+0.42 21:-0.37 22:-0.28 23:+0.12 24:-0.14 25:+0.14 26:-0.62
USOIL.cash,nymex,energy,10,15,True,998,-0.2370,-2.6459,-0.4136,21:-0.10 22:+0.08 23:-0.17 24:-0.33 25:-0.57 26:-0.31
USOIL.cash,nymex,energy,10,15,False,1000,-0.2653,-1.8859,-0.4448,21:-0.09 22:+0.01 23:-0.18 24:-0.19 25:-0.82 26:-0.28
USOIL.cash,nymex,energy,10,30,True,885,-0.1717,-2.3484,-0.1932,21:-0.14 22:-0.13 23:-0.18 24:+0.03 25:-0.44 26:-0.16
USOIL.cash,nymex,energy,10,30,False,894,-0.1504,-1.4760,-0.1934,21:-0.01 22:-0.25 23:-0.07 24:-0.00 25:-0.33 26:-0.26
USOIL.cash,nymex,energy,10,60,True,708,-0.0530,-0.7957,-0.1356,21:+0.24 22:-0.18 23:+0.07 24:-0.07 25:-0.25 26:-0.06
USOIL.cash,nymex,energy,10,60,False,716,-0.0707,-0.9182,-0.1859,21:+0.33 22:-0.27 23:+0.13 24:-0.25 25:-0.27 26:+0.04
USOIL.cash,nymex,energy,14,15,True,978,-0.1862,-2.1508,-0.3765,21:-0.02 22:+0.10 23:-0.10 24:-0.16 25:-0.60 26:-0.35
USOIL.cash,nymex,energy,14,15,False,979,-0.2205,-1.5951,-0.3918,21:-0.06 22:-0.04 23:-0.08 24:-0.02 25:-0.83 26:-0.27
USOIL.cash,nymex,energy,14,30,True,863,-0.1560,-2.2112,-0.2029,21:-0.07 22:-0.13 23:-0.13 24:+0.07 25:-0.51 26:-0.13
USOIL.cash,nymex,energy,14,30,False,869,-0.1212,-1.2291,-0.2338,21:+0.11 22:-0.19 23:+0.05 24:+0.11 25:-0.59 26:-0.18
USOIL.cash,nymex,energy,14,60,True,692,-0.0541,-0.8574,-0.0955,21:+0.11 22:-0.20 23:+0.06 24:+0.01 25:-0.28 26:+0.02
USOIL.cash,nymex,energy,14,60,False,699,-0.0644,-0.8629,-0.1425,21:+0.28 22:-0.27 23:+0.06 24:-0.12 25:-0.32 26:+0.08
USOIL.cash,nymex,energy,20,15,True,961,-0.1979,-2.4122,-0.4235,21:+0.09 22:+0.06 23:-0.09 24:-0.20 25:-0.72 26:-0.31
USOIL.cash,nymex,energy,20,15,False,963,-0.1216,-0.9847,-0.3137,21:+0.04 22:+0.10 23:+0.04 24:+0.04 25:-0.73 26:-0.20
USOIL.cash,nymex,energy,20,30,True,851,-0.1654,-2.3345,-0.2313,21:+0.02 22:-0.10 23:-0.21 24:+0.10 25:-0.63 26:-0.08
USOIL.cash,nymex,energy,20,30,False,859,-0.0510,-0.5498,-0.1573,21:+0.29 22:-0.18 23:+0.06 24:+0.14 25:-0.46 26:-0.11
USOIL.cash,nymex,energy,20,60,True,681,-0.0433,-0.6925,-0.0772,21:+0.24 22:-0.19 23:-0.04 24:+0.07 25:-0.35 26:+0.10
USOIL.cash,nymex,energy,20,60,False,688,-0.0579,-0.7828,-0.1293,21:+0.35 22:-0.24 23:-0.02 24:-0.07 25:-0.33 26:+0.06
V,us_cash,stock,10,15,True,804,-0.3047,-4.4290,-0.3240,21:-0.02 22:-0.31 23:-0.30 24:-0.28 25:-0.39 26:-0.29
V,us_cash,stock,10,15,False,805,-0.2378,-2.5768,-0.2774,21:+0.34 22:-0.29 23:-0.18 24:-0.05 25:-0.51 26:-0.25
V,us_cash,stock,10,30,True,713,-0.1662,-2.8027,-0.1546,21:-0.09 22:-0.22 23:-0.16 24:-0.04 25:-0.22 26:-0.23
V,us_cash,stock,10,30,False,717,-0.2149,-2.7267,-0.2493,21:+0.07 22:-0.28 23:-0.11 24:-0.09 25:-0.35 26:-0.34
V,us_cash,stock,10,60,True,582,-0.1052,-2.0551,-0.0805,21:-0.04 22:-0.21 23:-0.09 24:-0.13 25:-0.02 26:-0.11
V,us_cash,stock,10,60,False,596,-0.1767,-2.6144,-0.1654,21:+0.09 22:-0.29 23:-0.15 24:-0.21 25:-0.13 26:-0.16
V,us_cash,stock,14,15,True,794,-0.2710,-4.1353,-0.3106,21:+0.08 22:-0.24 23:-0.25 24:-0.23 25:-0.44 26:-0.24
V,us_cash,stock,14,15,False,795,-0.2214,-2.4859,-0.2745,21:+0.28 22:-0.24 23:-0.14 24:-0.12 25:-0.52 26:-0.14
V,us_cash,stock,14,30,True,718,-0.1524,-2.6538,-0.1386,21:-0.07 22:-0.20 23:-0.15 24:-0.03 25:-0.16 26:-0.25
V,us_cash,stock,14,30,False,723,-0.1930,-2.5803,-0.1778,21:+0.01 22:-0.33 23:-0.13 24:-0.03 25:-0.25 26:-0.27
V,us_cash,stock,14,60,True,584,-0.1025,-2.0348,-0.0801,21:+0.02 22:-0.19 23:-0.10 24:-0.09 25:-0.04 26:-0.12
V,us_cash,stock,14,60,False,594,-0.1853,-2.8338,-0.1651,21:+0.06 22:-0.32 23:-0.15 24:-0.19 25:-0.11 26:-0.21
V,us_cash,stock,20,15,True,788,-0.2494,-3.9221,-0.2834,21:-0.03 22:-0.22 23:-0.22 24:-0.26 25:-0.35 26:-0.22
V,us_cash,stock,20,15,False,790,-0.2442,-2.7353,-0.3045,21:+0.14 22:-0.27 23:-0.10 24:-0.24 25:-0.45 26:-0.19
V,us_cash,stock,20,30,True,700,-0.1429,-2.5416,-0.1177,21:-0.13 22:-0.22 23:-0.14 24:-0.06 25:-0.11 26:-0.21
V,us_cash,stock,20,30,False,704,-0.1813,-2.4248,-0.1836,21:-0.08 22:-0.28 23:-0.09 24:-0.12 25:-0.18 26:-0.28
V,us_cash,stock,20,60,True,574,-0.1225,-2.4236,-0.1086,21:+0.06 22:-0.20 23:-0.12 24:-0.14 25:-0.06 26:-0.13
V,us_cash,stock,20,60,False,586,-0.1965,-3.0084,-0.1893,21:+0.04 22:-0.31 23:-0.14 24:-0.25 25:-0.08 26:-0.25
WMT,us_cash,stock,10,15,True,893,-0.3307,-4.8077,-0.4854,21:-0.26 22:-0.00 23:-0.24 24:-0.18 25:-0.84 26:-0.41
WMT,us_cash,stock,10,15,False,899,-0.2423,-2.4835,-0.2269,21:-0.27 22:-0.25 23:-0.27 24:-0.02 25:-0.43 26:-0.23
WMT,us_cash,stock,10,30,True,800,-0.1629,-2.9690,-0.2120,21:-0.19 22:-0.07 23:-0.11 24:-0.04 25:-0.38 26:-0.20
WMT,us_cash,stock,10,30,False,806,-0.0777,-1.0927,-0.0308,21:-0.13 22:-0.14 23:-0.12 24:+0.11 25:-0.18 26:-0.01
WMT,us_cash,stock,10,60,True,658,-0.0869,-1.9278,-0.1422,21:-0.17 22:+0.03 23:-0.02 24:-0.11 25:-0.22 26:-0.07
WMT,us_cash,stock,10,60,False,670,-0.0859,-1.5351,-0.0757,21:-0.13 22:-0.09 23:-0.09 24:+0.03 25:-0.19 26:-0.05
WMT,us_cash,stock,14,15,True,888,-0.3028,-4.3786,-0.4427,21:-0.11 22:-0.02 23:-0.25 24:-0.20 25:-0.68 26:-0.45
WMT,us_cash,stock,14,15,False,893,-0.2003,-2.1115,-0.2105,21:-0.01 22:-0.17 23:-0.27 24:-0.03 25:-0.38 26:-0.21
WMT,us_cash,stock,14,30,True,802,-0.1503,-2.8001,-0.1895,21:-0.13 22:-0.09 23:-0.11 24:-0.10 25:-0.27 26:-0.19
WMT,us_cash,stock,14,30,False,807,-0.0894,-1.3012,-0.0573,21:-0.02 22:-0.15 23:-0.15 24:-0.04 25:-0.12 26:+0.01
WMT,us_cash,stock,14,60,True,660,-0.0858,-1.9277,-0.1306,21:-0.17 22:+0.04 23:-0.05 24:-0.09 25:-0.19 26:-0.10
WMT,us_cash,stock,14,60,False,668,-0.0654,-1.2190,-0.0697,21:-0.10 22:-0.00 23:-0.10 24:+0.05 25:-0.16 26:-0.09
WMT,us_cash,stock,20,15,True,878,-0.2924,-4.4594,-0.4537,21:-0.10 22:-0.03 23:-0.17 24:-0.27 25:-0.64 26:-0.44
WMT,us_cash,stock,20,15,False,881,-0.2026,-2.2275,-0.2104,21:-0.19 22:-0.15 23:-0.23 24:+0.01 25:-0.37 26:-0.28
WMT,us_cash,stock,20,30,True,786,-0.1545,-2.9872,-0.2008,21:-0.05 22:-0.12 23:-0.10 24:-0.10 25:-0.25 26:-0.26
WMT,us_cash,stock,20,30,False,793,-0.1328,-1.9283,-0.0929,21:-0.03 22:-0.20 23:-0.21 24:-0.01 25:-0.13 26:-0.15
WMT,us_cash,stock,20,60,True,640,-0.0763,-1.7156,-0.1236,21:-0.16 22:+0.07 23:-0.05 24:-0.11 25:-0.17 26:-0.07
WMT,us_cash,stock,20,60,False,647,-0.0549,-1.0070,-0.0422,21:-0.12 22:+0.05 23:-0.16 24:+0.02 25:-0.11 26:-0.04
XAGUSD,us_cash,metal,10,15,True,1853,-1.2648,-16.4919,-0.3689,15:-2.62 16:-1.26 17:-2.70 18:-3.31 19:-2.06 20:-1.03 21:-0.50 22:-0.13 23:-0.31 24:-0.29 25:-0.25 26:-0.62
XAGUSD,us_cash,metal,10,15,False,1860,-0.6928,-7.9807,-0.1551,15:-1.72 16:-0.34 17:-1.52 18:-2.20 19:-1.45 20:-0.02 21:-0.47 22:+0.07 23:-0.11 24:-0.01 25:+0.10 26:-0.66
XAGUSD,us_cash,metal,10,30,True,1628,-0.8277,-13.0530,-0.1917,15:-1.54 16:-0.87 17:-2.12 18:-2.48 19:-1.41 20:-0.29 21:-0.29 22:-0.05 23:-0.14 24:-0.11 25:-0.04 26:-0.49
XAGUSD,us_cash,metal,10,30,False,1638,-0.5627,-7.9613,-0.0801,15:-1.32 16:-0.45 17:-1.41 18:-1.81 19:-1.10 20:+0.18 21:-0.35 22:-0.06 23:-0.09 24:-0.10 25:+0.15 26:-0.35
XAGUSD,us_cash,metal,10,60,True,1326,-0.5261,-11.2028,-0.0979,15:-1.06 16:-0.63 17:-1.31 18:-1.44 19:-0.92 20:-0.24 21:-0.34 22:+0.02 23:-0.04 24:-0.01 25:+0.11 26:-0.45
XAGUSD,us_cash,metal,10,60,False,1340,-0.4473,-8.5250,0.0067,15:-1.01 16:-0.54 17:-1.36 18:-1.26 19:-0.69 20:-0.02 21:-0.46 22:+0.05 23:-0.07 24:+0.10 25:+0.22 26:-0.36
XAGUSD,us_cash,metal,14,15,True,1799,-1.2286,-16.6820,-0.3398,15:-2.47 16:-1.20 17:-2.50 18:-3.32 19:-2.09 20:-1.17 21:-0.50 22:-0.11 23:-0.33 24:-0.34 25:-0.20 26:-0.52
XAGUSD,us_cash,metal,14,15,False,1811,-0.7168,-8.3832,-0.0680,15:-1.93 16:-0.46 17:-1.54 18:-2.13 19:-1.42 20:-0.15 21:-0.42 22:-0.05 23:-0.28 24:+0.02 25:+0.21 26:-0.55
XAGUSD,us_cash,metal,14,30,True,1592,-0.8002,-13.2192,-0.1759,15:-1.45 16:-0.75 17:-2.04 18:-2.50 19:-1.42 20:-0.35 21:-0.27 22:-0.03 23:-0.18 24:-0.20 25:+0.02 26:-0.39
XAGUSD,us_cash,metal,14,30,False,1606,-0.5553,-8.1096,-0.0400,15:-1.30 16:-0.47 17:-1.40 18:-1.77 19:-1.10 20:+0.13 21:-0.32 22:-0.12 23:-0.16 24:-0.13 25:+0.21 26:-0.25
XAGUSD,us_cash,metal,14,60,True,1290,-0.5134,-10.8444,-0.0549,15:-1.16 16:-0.56 17:-1.35 18:-1.49 19:-0.88 20:-0.24 21:-0.31 22:+0.01 23:-0.01 24:+0.06 25:+0.10 26:-0.39
XAGUSD,us_cash,metal,14,60,False,1304,-0.4385,-8.3968,0.0197,15:-1.17 16:-0.43 17:-1.32 18:-1.25 19:-0.67 20:-0.04 21:-0.39 22:+0.01 23:-0.09 24:+0.10 25:+0.19 26:-0.30
XAGUSD,us_cash,metal,20,15,True,1794,-1.1422,-16.4649,-0.2956,15:-2.43 16:-1.05 17:-2.19 18:-3.19 19:-1.93 20:-1.06 21:-0.49 22:-0.15 23:-0.29 24:-0.26 25:-0.20 26:-0.47
XAGUSD,us_cash,metal,20,15,False,1805,-0.6571,-8.2272,-0.0689,15:-1.71 16:-0.30 17:-1.40 18:-2.07 19:-1.38 20:-0.05 21:-0.48 22:-0.11 23:-0.15 24:+0.11 25:+0.10 26:-0.54
XAGUSD,us_cash,metal,20,30,True,1571,-0.7644,-12.8468,-0.1373,15:-1.55 16:-0.76 17:-1.77 18:-2.46 19:-1.42 20:-0.35 21:-0.17 22:-0.01 23:-0.21 24:-0.11 25:+0.02 26:-0.39
XAGUSD,us_cash,metal,20,30,False,1583,-0.5085,-7.7442,-0.0099,15:-1.27 16:-0.35 17:-1.26 18:-1.66 19:-1.10 20:+0.20 21:-0.33 22:-0.09 23:-0.18 24:-0.05 25:+0.18 26:-0.21
XAGUSD,us_cash,metal,20,60,True,1268,-0.4744,-10.3048,-0.0462,15:-1.18 16:-0.53 17:-1.20 18:-1.40 19:-0.84 20:-0.21 21:-0.25 22:+0.04 23:-0.03 24:+0.06 25:+0.06 26:-0.33
XAGUSD,us_cash,metal,20,60,False,1281,-0.3825,-7.6052,0.0496,15:-1.06 16:-0.35 17:-1.11 18:-1.19 19:-0.65 20:-0.03 21:-0.36 22:+0.05 23:-0.13 24:+0.12 25:+0.15 26:-0.18
XAUUSD,us_cash,metal,10,15,True,1866,-0.1893,-2.9319,-0.1029,15:-0.66 16:-0.19 17:-0.79 18:+0.04 19:-0.30 20:-0.07 21:-0.23 22:+0.16 23:+0.05 24:-0.15 25:+0.05 26:-0.23
XAUUSD,us_cash,metal,10,15,False,1872,-0.0767,-0.8919,0.1460,15:-0.43 16:+0.01 17:-0.69 18:-0.47 19:-0.25 20:+0.13 21:-0.26 22:+0.31 23:+0.28 24:+0.17 25:+0.31 26:-0.09
XAUUSD,us_cash,metal,10,30,True,1659,-0.1112,-2.0902,0.0458,15:-0.48 16:-0.15 17:-0.80 18:-0.11 19:-0.12 20:-0.01 21:-0.08 22:+0.25 23:+0.04 24:+0.14 25:+0.06 26:-0.09
XAUUSD,us_cash,metal,10,30,False,1674,-0.0801,-1.1541,0.1469,15:-0.35 16:-0.18 17:-0.75 18:-0.52 19:+0.00 20:+0.19 21:-0.27 22:+0.29 23:+0.16 24:+0.22 25:+0.17 26:+0.03
XAUUSD,us_cash,metal,10,60,True,1345,-0.0754,-1.5575,-0.0021,15:-0.35 16:-0.00 17:-0.44 18:-0.03 19:-0.13 20:-0.08 21:-0.10 22:+0.10 23:+0.13 24:+0.09 25:-0.02 26:-0.11
XAUUSD,us_cash,metal,10,60,False,1361,-0.0917,-1.6301,0.1028,15:-0.31 16:-0.25 17:-0.64 18:-0.08 19:-0.14 20:-0.03 21:-0.17 22:+0.08 23:+0.16 24:+0.20 25:+0.11 26:-0.04
XAUUSD,us_cash,metal,14,15,True,1855,-0.1889,-3.2167,-0.0619,15:-0.58 16:-0.28 17:-0.64 18:-0.20 19:-0.27 20:-0.14 21:-0.16 22:+0.11 23:+0.03 24:-0.14 25:+0.14 26:-0.22
XAUUSD,us_cash,metal,14,15,False,1861,-0.0736,-0.9216,0.1935,15:-0.51 16:-0.02 17:-0.68 18:-0.53 19:-0.20 20:+0.15 21:-0.16 22:+0.25 23:+0.20 24:+0.25 25:+0.32 26:-0.03
XAUUSD,us_cash,metal,14,30,True,1628,-0.1048,-2.0579,0.0690,15:-0.48 16:-0.11 17:-0.68 18:-0.20 19:-0.16 20:-0.00 21:-0.10 22:+0.17 23:+0.06 24:+0.10 25:+0.16 26:-0.10
XAUUSD,us_cash,metal,14,30,False,1642,-0.0648,-0.9695,0.2056,15:-0.34 16:-0.05 17:-0.75 18:-0.61 19:+0.03 20:+0.16 21:-0.24 22:+0.27 23:+0.09 24:+0.32 25:+0.20 26:+0.05
XAUUSD,us_cash,metal,14,60,True,1315,-0.0606,-1.3833,0.0031,15:-0.48 16:+0.02 17:-0.36 18:-0.09 19:-0.01 20:-0.02 21:-0.09 22:+0.15 23:+0.10 24:+0.06 25:-0.04 26:-0.04
XAUUSD,us_cash,metal,14,60,False,1331,-0.0846,-1.6320,0.1020,15:-0.48 16:-0.17 17:-0.56 18:-0.10 19:-0.04 20:-0.05 21:-0.20 22:+0.11 23:+0.11 24:+0.18 25:+0.08 26:+0.02
XAUUSD,us_cash,metal,20,15,True,1849,-0.1728,-2.9798,-0.0410,15:-0.59 16:-0.27 17:-0.62 18:-0.13 19:-0.35 20:-0.04 21:-0.14 22:+0.10 23:+0.03 24:-0.12 25:+0.16 26:-0.20
XAUUSD,us_cash,metal,20,15,False,1855,-0.0755,-0.9590,0.1740,15:-0.55 16:+0.15 17:-0.68 18:-0.53 19:-0.28 20:+0.10 21:-0.16 22:+0.26 23:+0.23 24:+0.24 25:+0.37 26:-0.15
XAUUSD,us_cash,metal,20,30,True,1626,-0.0926,-1.7948,0.0355,15:-0.44 16:-0.10 17:-0.67 18:-0.20 19:-0.12 20:+0.06 21:-0.07 22:+0.20 23:+0.09 24:+0.06 25:+0.14 26:-0.13
XAUUSD,us_cash,metal,20,30,False,1639,-0.0703,-1.0574,0.1442,15:-0.41 16:+0.09 17:-0.79 18:-0.51 19:-0.06 20:+0.16 21:-0.21 22:+0.26 23:+0.17 24:+0.21 25:+0.19 26:+0.01
XAUUSD,us_cash,metal,20,60,True,1303,-0.0798,-1.8550,-0.0643,15:-0.43 16:+0.01 17:-0.37 18:-0.11 19:-0.08 20:+0.03 21:-0.08 22:+0.10 23:+0.13 24:-0.01 25:-0.07 26:-0.14
XAUUSD,us_cash,metal,20,60,False,1318,-0.0684,-1.3505,0.0747,15:-0.45 16:-0.05 17:-0.58 18:-0.14 19:-0.03 20:+0.07 21:-0.13 22:+0.06 23:+0.16 24:+0.14 25:+0.06 26:-0.00
XCUUSD,us_cash,metal,10,15,True,296,-0.9145,-4.7066,-0.9145,24:-0.89 25:-0.77 26:-1.08
XCUUSD,us_cash,metal,10,15,False,297,-0.3369,-0.6652,-0.3369,24:-0.38 25:-0.17 26:-0.53
XCUUSD,us_cash,metal,10,30,True,255,-0.4691,-2.8625,-0.4691,24:-0.76 25:-0.38 26:-0.55
XCUUSD,us_cash,metal,10,30,False,256,-0.3237,-0.6576,-0.3237,24:-0.51 25:-0.18 26:-0.47
XCUUSD,us_cash,metal,10,60,True,210,-0.2643,-2.1616,-0.2643,24:-0.73 25:-0.20 26:-0.30
XCUUSD,us_cash,metal,10,60,False,211,-0.0280,-0.1282,-0.0280,24:-0.58 25:+0.24 26:-0.28
XCUUSD,us_cash,metal,14,15,True,292,-0.7751,-3.9488,-0.7751,24:-1.85 25:-0.53 26:-1.03
XCUUSD,us_cash,metal,14,15,False,292,-0.1791,-0.3642,-0.1791,24:-1.03 25:+0.17 26:-0.57
XCUUSD,us_cash,metal,14,30,True,252,-0.4010,-2.4285,-0.4010,24:-1.73 25:-0.26 26:-0.52
XCUUSD,us_cash,metal,14,30,False,255,-0.2261,-0.4537,-0.2261,24:-1.14 25:+0.07 26:-0.53
XCUUSD,us_cash,metal,14,60,True,200,-0.2132,-1.7367,-0.2132,24:-1.81 25:-0.12 26:-0.26
XCUUSD,us_cash,metal,14,60,False,202,0.0686,0.2975,0.0686,24:-1.24 25:+0.37 26:-0.23
XCUUSD,us_cash,metal,20,15,True,275,-0.6782,-3.4498,-0.6782,25:-0.45 26:-0.95
XCUUSD,us_cash,metal,20,15,False,275,-0.1715,-0.3444,-0.1715,25:+0.07 26:-0.46
XCUUSD,us_cash,metal,20,30,True,235,-0.3108,-1.8201,-0.3108,25:-0.22 26:-0.41
XCUUSD,us_cash,metal,20,30,False,240,-0.1751,-0.3564,-0.1751,25:-0.02 26:-0.36
XCUUSD,us_cash,metal,20,60,True,191,-0.1304,-1.0720,-0.1304,25:-0.09 26:-0.18
XCUUSD,us_cash,metal,20,60,False,193,0.0708,0.2942,0.0708,25:+0.37 26:-0.26
XOM,us_cash,stock,10,15,True,920,-0.1289,-2.0458,-0.1442,20:+0.80 21:-0.02 22:-0.12 23:-0.31 24:+0.11 25:-0.20 26:-0.42
XOM,us_cash,stock,10,15,False,921,-0.0692,-0.7559,-0.1421,20:+0.50 21:+0.11 22:+0.12 23:-0.31 24:+0.13 25:-0.31 26:-0.27
XOM,us_cash,stock,10,30,True,810,-0.0820,-1.5425,-0.1230,20:+0.54 21:+0.03 22:-0.13 23:-0.11 24:-0.07 25:-0.12 26:-0.20
XOM,us_cash,stock,10,30,False,815,-0.0696,-0.9981,-0.1645,20:+0.42 21:+0.11 22:-0.02 23:-0.09 24:-0.16 25:-0.18 26:-0.16
XOM,us_cash,stock,10,60,True,671,-0.0540,-1.1251,-0.0763,20:+0.35 21:-0.01 22:-0.19 23:+0.04 24:-0.06 25:-0.11 26:-0.05
XOM,us_cash,stock,10,60,False,678,-0.0110,-0.1956,-0.1312,20:+0.23 21:+0.02 22:+0.03 23:+0.23 24:-0.14 25:-0.15 26:-0.10
XOM,us_cash,stock,14,15,True,910,-0.1307,-2.0817,-0.1482,20:+1.02 21:-0.08 22:-0.11 23:-0.28 24:+0.03 25:-0.13 26:-0.44
XOM,us_cash,stock,14,15,False,911,-0.0478,-0.5362,-0.1352,20:+0.52 21:+0.14 22:+0.09 23:-0.21 24:+0.14 25:-0.38 26:-0.18
XOM,us_cash,stock,14,30,True,805,-0.0614,-1.1952,-0.0800,20:+0.62 21:+0.00 22:-0.10 23:-0.12 24:-0.01 25:-0.05 26:-0.23
XOM,us_cash,stock,14,30,False,810,-0.0473,-0.7088,-0.1412,20:+0.50 21:+0.08 22:+0.02 23:-0.06 24:-0.11 25:-0.20 26:-0.10
XOM,us_cash,stock,14,60,True,677,-0.0845,-1.8537,-0.0953,20:+0.32 21:-0.02 22:-0.20 23:-0.05 24:-0.12 25:-0.08 26:-0.08
XOM,us_cash,stock,14,60,False,684,-0.0306,-0.5729,-0.1334,20:+0.23 21:+0.03 22:+0.02 23:+0.11 24:-0.14 25:-0.19 26:-0.04
XOM,us_cash,stock,20,15,True,902,-0.1132,-1.8699,-0.1111,20:+0.24 21:-0.03 22:-0.11 23:-0.23 24:+0.09 25:-0.10 26:-0.41
XOM,us_cash,stock,20,15,False,903,-0.0325,-0.3795,-0.0889,20:-0.27 21:+0.14 22:+0.15 23:-0.22 24:+0.22 25:-0.31 26:-0.20
XOM,us_cash,stock,20,30,True,787,-0.0709,-1.4425,-0.0849,20:+0.04 21:+0.02 22:-0.09 23:-0.11 24:-0.05 25:-0.02 26:-0.23
XOM,us_cash,stock,20,30,False,791,-0.0598,-0.9292,-0.1456,20:-0.10 21:+0.07 22:+0.04 23:-0.06 24:-0.15 25:-0.15 26:-0.13
XOM,us_cash,stock,20,60,True,655,-0.0574,-1.2695,-0.0657,20:+0.05 21:-0.01 22:-0.16 23:+0.02 24:-0.06 25:-0.05 26:-0.10
XOM,us_cash,stock,20,60,False,662,0.0025,0.0483,-0.0898,20:-0.07 21:+0.03 22:+0.10 23:+0.14 24:-0.12 25:-0.13 26:+0.01
XPDUSD,us_cash,metal,10,15,True,1473,-2.8659,-24.8064,-2.8674,17:-1.77 18:-2.37 19:-2.80 20:-2.94 21:-3.27 22:-3.68 23:-3.01 24:-2.68 25:-3.11 26:-2.81
XPDUSD,us_cash,metal,10,15,False,1488,-1.4652,-12.9378,-1.5173,17:-0.84 18:-1.16 19:-0.99 20:-1.58 21:-1.64 22:-1.74 23:-1.98 24:-1.28 25:-1.57 26:-1.77
XPDUSD,us_cash,metal,10,30,True,1305,-1.8015,-21.2699,-1.8000,17:-1.31 18:-1.54 19:-1.34 20:-2.07 21:-1.86 22:-2.43 23:-2.01 24:-1.69 25:-2.09 26:-1.60
XPDUSD,us_cash,metal,10,30,False,1311,-1.1317,-13.0436,-1.0631,17:-0.57 18:-1.17 19:-0.77 20:-1.40 21:-1.06 22:-1.41 23:-1.63 24:-1.08 25:-1.00 26:-1.13
XPDUSD,us_cash,metal,10,60,True,1070,-0.9725,-15.6446,-1.0243,17:-0.51 18:-0.89 19:-0.79 20:-1.19 21:-0.81 22:-1.26 23:-1.17 24:-1.07 25:-0.96 26:-1.04
XPDUSD,us_cash,metal,10,60,False,1082,-0.8377,-13.0139,-0.8570,17:-0.27 18:-0.82 19:-0.60 20:-1.19 21:-0.76 22:-1.06 23:-1.07 24:-0.86 25:-0.78 26:-0.95
XPDUSD,us_cash,metal,14,15,True,1466,-2.7684,-25.2488,-2.8615,17:-1.67 18:-2.49 19:-2.39 20:-3.02 21:-3.17 22:-3.38 23:-2.81 24:-2.67 25:-3.14 26:-2.74
XPDUSD,us_cash,metal,14,15,False,1479,-1.3968,-13.0979,-1.4550,17:-0.45 18:-1.13 19:-0.86 20:-1.73 21:-1.51 22:-1.64 23:-2.03 24:-1.15 25:-1.58 26:-1.67
XPDUSD,us_cash,metal,14,30,True,1297,-1.7435,-21.8627,-1.7525,17:-1.24 18:-1.49 19:-1.22 20:-1.98 21:-1.97 22:-2.32 23:-1.89 24:-1.60 25:-2.03 26:-1.61
XPDUSD,us_cash,metal,14,30,False,1303,-1.1368,-13.8872,-1.0542,17:-0.46 18:-1.06 19:-0.78 20:-1.63 21:-1.12 22:-1.39 23:-1.59 24:-0.99 25:-1.05 26:-1.14
XPDUSD,us_cash,metal,14,60,True,1051,-0.9158,-15.4319,-0.9936,17:-0.45 18:-0.80 19:-0.76 20:-1.19 21:-0.71 22:-1.15 23:-1.07 24:-1.06 25:-0.94 26:-0.97
XPDUSD,us_cash,metal,14,60,False,1059,-0.7657,-12.7261,-0.8309,17:-0.10 18:-0.70 19:-0.63 20:-1.24 21:-0.65 22:-0.86 23:-0.93 24:-0.84 25:-0.79 26:-0.87
XPDUSD,us_cash,metal,20,15,True,1455,-2.6369,-26.1084,-2.7082,17:-1.59 18:-2.30 19:-2.21 20:-2.62 21:-3.14 22:-3.48 23:-2.71 24:-2.40 25:-3.26 26:-2.40
XPDUSD,us_cash,metal,20,15,False,1469,-1.3980,-13.9278,-1.3193,17:-0.59 18:-1.27 19:-0.93 20:-1.73 21:-1.47 22:-1.88 23:-1.90 24:-1.10 25:-1.41 26:-1.49
XPDUSD,us_cash,metal,20,30,True,1284,-1.6886,-22.2377,-1.7308,17:-1.35 18:-1.37 19:-1.06 20:-1.77 21:-1.93 22:-2.35 23:-1.82 24:-1.49 25:-2.19 26:-1.48
XPDUSD,us_cash,metal,20,30,False,1291,-1.1407,-14.6001,-1.0070,17:-0.67 18:-1.15 19:-0.66 20:-1.60 21:-1.15 22:-1.45 23:-1.55 24:-0.98 25:-0.95 26:-1.11
XPDUSD,us_cash,metal,20,60,True,1044,-0.9311,-16.4188,-0.9637,17:-0.65 18:-0.83 19:-0.70 20:-1.07 21:-0.87 22:-1.18 23:-1.09 24:-0.98 25:-0.96 26:-0.94
XPDUSD,us_cash,metal,20,60,False,1053,-0.7794,-13.6318,-0.7621,17:-0.27 18:-0.79 19:-0.58 20:-1.14 21:-0.74 22:-0.95 23:-0.97 24:-0.78 25:-0.70 26:-0.81
XPTUSD,us_cash,metal,10,15,True,1540,-2.0244,-25.3294,-1.8821,17:-2.07 18:-2.00 19:-1.31 20:-2.54 21:-2.07 22:-2.71 23:-1.90 24:-2.02 25:-1.77 26:-1.85
XPTUSD,us_cash,metal,10,15,False,1545,-1.0655,-12.0133,-0.8687,17:-1.28 18:-1.31 19:-0.88 20:-1.32 21:-1.09 22:-1.44 23:-0.75 24:-0.89 25:-0.55 26:-1.23
XPTUSD,us_cash,metal,10,30,True,1361,-1.2423,-20.9386,-1.1245,17:-1.60 18:-1.22 19:-0.58 20:-1.63 21:-1.28 22:-1.85 23:-0.97 24:-1.08 25:-1.05 26:-1.26
XPTUSD,us_cash,metal,10,30,False,1372,-0.8129,-12.3815,-0.6436,17:-1.10 18:-0.90 19:-0.38 20:-1.00 21:-0.94 22:-1.20 23:-0.70 24:-0.63 25:-0.45 26:-0.90
XPTUSD,us_cash,metal,10,60,True,1113,-0.7793,-17.2691,-0.7434,17:-1.04 18:-0.85 19:-0.37 20:-1.11 21:-0.84 22:-0.92 23:-0.48 24:-0.61 25:-0.66 26:-1.04
XPTUSD,us_cash,metal,10,60,False,1125,-0.6294,-13.0225,-0.5487,17:-0.72 18:-0.70 19:-0.34 20:-0.90 21:-0.77 22:-0.71 23:-0.47 24:-0.43 25:-0.49 26:-0.78
XPTUSD,us_cash,metal,14,15,True,1533,-1.8873,-24.3803,-1.7389,17:-1.94 18:-1.79 19:-1.04 20:-2.37 21:-1.97 22:-2.55 23:-1.89 24:-1.81 25:-1.66 26:-1.75
XPTUSD,us_cash,metal,14,15,False,1536,-0.9969,-11.9312,-0.8328,17:-1.10 18:-1.21 19:-0.71 20:-1.37 21:-1.10 22:-1.23 23:-0.68 24:-0.79 25:-0.55 26:-1.23
XPTUSD,us_cash,metal,14,30,True,1351,-1.1888,-20.7068,-1.1012,17:-1.47 18:-1.13 19:-0.51 20:-1.46 21:-1.22 22:-1.76 23:-1.05 24:-1.05 25:-1.08 26:-1.20
XPTUSD,us_cash,metal,14,30,False,1359,-0.7943,-12.9822,-0.6501,17:-0.87 18:-0.84 19:-0.32 20:-1.02 21:-0.99 22:-1.12 23:-0.77 24:-0.61 25:-0.54 26:-0.84
XPTUSD,us_cash,metal,14,60,True,1116,-0.7362,-16.9309,-0.6941,17:-0.91 18:-0.84 19:-0.30 20:-1.05 21:-0.80 22:-0.89 23:-0.51 24:-0.60 25:-0.56 26:-0.99
XPTUSD,us_cash,metal,14,60,False,1126,-0.6019,-12.8486,-0.5041,17:-0.72 18:-0.68 19:-0.27 20:-0.94 21:-0.78 22:-0.61 23:-0.47 24:-0.45 25:-0.40 26:-0.71
XPTUSD,us_cash,metal,20,15,True,1510,-1.8104,-24.9332,-1.6356,17:-1.78 18:-1.86 19:-1.08 20:-2.25 21:-1.73 22:-2.57 23:-1.83 24:-1.70 25:-1.60 26:-1.60
XPTUSD,us_cash,metal,20,15,False,1515,-0.9737,-12.2288,-0.8448,17:-1.14 18:-1.20 19:-0.73 20:-1.13 21:-1.12 22:-1.23 23:-0.64 24:-0.84 25:-0.66 26:-1.08
XPTUSD,us_cash,metal,20,30,True,1335,-1.1254,-19.9160,-1.0043,17:-1.36 18:-1.16 19:-0.49 20:-1.39 21:-1.08 22:-1.72 23:-1.05 24:-0.96 25:-0.98 26:-1.09
XPTUSD,us_cash,metal,20,30,False,1344,-0.7836,-13.0351,-0.6281,17:-0.98 18:-0.98 19:-0.31 20:-0.93 21:-0.89 22:-1.12 23:-0.71 24:-0.55 25:-0.57 26:-0.80
XPTUSD,us_cash,metal,20,60,True,1098,-0.7330,-16.8027,-0.6597,17:-1.00 18:-0.91 19:-0.31 20:-0.99 21:-0.82 22:-0.86 23:-0.49 24:-0.57 25:-0.60 26:-0.87
XPTUSD,us_cash,metal,20,60,False,1110,-0.5967,-12.8958,-0.4887,17:-0.73 18:-0.77 19:-0.26 20:-0.88 21:-0.79 22:-0.59 23:-0.43 24:-0.45 25:-0.43 26:-0.63
XRPUSD,us_cash,crypto,10,15,True,1409,-16.3227,-13.7188,-1.5888,18:-44.29 19:-72.10 20:-28.01 21:-0.70 22:-1.91 23:-3.69 24:-2.78 25:-1.12 26:-0.63
XRPUSD,us_cash,crypto,10,15,False,1415,-7.8033,-15.3010,-0.7192,18:-21.98 19:-33.77 20:-14.05 21:-0.45 22:-0.78 23:-1.44 24:-1.18 25:-0.58 26:-0.29
XRPUSD,us_cash,crypto,10,30,True,1222,-9.8551,-13.5452,-0.9742,18:-24.40 19:-47.97 20:-16.69 21:-0.56 22:-1.45 23:-2.00 24:-1.78 25:-0.54 26:-0.45
XRPUSD,us_cash,crypto,10,30,False,1236,-6.3366,-14.9090,-0.6722,18:-16.90 19:-28.68 20:-11.64 21:-0.40 22:-0.79 23:-0.84 24:-1.36 25:-0.35 26:-0.17
XRPUSD,us_cash,crypto,10,60,True,984,-5.6684,-12.6400,-0.4834,18:-15.46 19:-26.16 20:-9.68 21:-0.50 22:-0.64 23:-0.85 24:-0.85 25:-0.40 26:-0.10
XRPUSD,us_cash,crypto,10,60,False,1002,-4.8747,-13.4368,-0.3900,18:-13.42 19:-21.87 20:-9.06 21:-0.19 22:-0.41 23:-0.71 24:-0.87 25:-0.33 26:+0.17
XRPUSD,us_cash,crypto,14,15,True,1375,-16.1939,-13.6280,-1.5301,18:-48.95 19:-68.81 20:-25.26 21:-0.69 22:-1.82 23:-3.54 24:-2.46 25:-1.18 26:-0.76
XRPUSD,us_cash,crypto,14,15,False,1379,-7.4723,-15.1744,-0.6989,18:-21.99 19:-32.08 20:-12.87 21:-0.09 22:-0.57 23:-1.30 24:-1.15 25:-0.57 26:-0.28
XRPUSD,us_cash,crypto,14,30,True,1194,-9.4660,-12.9852,-1.0389,18:-25.45 19:-46.45 20:-14.94 21:-0.47 22:-1.28 23:-1.72 24:-1.70 25:-0.67 26:-0.62
XRPUSD,us_cash,crypto,14,30,False,1203,-5.7200,-14.3789,-0.5873,18:-16.22 19:-26.12 20:-10.33 21:-0.22 22:-0.64 23:-0.79 24:-1.36 25:-0.27 26:+0.05
XRPUSD,us_cash,crypto,14,60,True,981,-5.3067,-12.8107,-0.5068,18:-16.01 19:-23.45 20:-9.09 21:-0.48 22:-0.55 23:-0.63 24:-0.84 25:-0.42 26:-0.19
XRPUSD,us_cash,crypto,14,60,False,995,-4.4501,-13.2791,-0.4054,18:-12.96 19:-19.97 20:-8.22 21:-0.16 22:-0.15 23:-0.49 24:-0.93 25:-0.35 26:+0.21
XRPUSD,us_cash,crypto,20,15,True,1330,-15.1688,-13.6413,-1.4897,18:-49.57 19:-63.22 20:-24.59 21:-0.57 22:-1.69 23:-3.55 24:-2.64 25:-0.97 26:-0.61
XRPUSD,us_cash,crypto,20,15,False,1334,-7.2570,-15.3020,-0.7746,18:-22.95 19:-30.09 20:-12.83 21:+0.12 22:-0.75 23:-1.70 24:-1.34 25:-0.45 26:-0.42
XRPUSD,us_cash,crypto,20,30,True,1165,-8.8733,-13.3631,-0.9796,18:-24.25 19:-42.13 20:-15.38 21:-0.31 22:-1.09 23:-1.72 24:-1.69 25:-0.55 26:-0.52
XRPUSD,us_cash,crypto,20,30,False,1176,-5.6453,-14.4788,-0.6791,18:-16.34 19:-25.48 20:-10.20 21:+0.06 22:-0.65 23:-1.07 24:-1.38 25:-0.43 26:-0.03
XRPUSD,us_cash,crypto,20,60,True,945,-5.1115,-12.3514,-0.4713,18:-15.81 19:-22.64 20:-8.87 21:-0.43 22:-0.43 23:-0.67 24:-0.83 25:-0.34 26:-0.17
XRPUSD,us_cash,crypto,20,60,False,958,-4.3785,-13.0903,-0.4330,18:-13.33 19:-19.84 20:-7.53 21:-0.09 22:-0.25 23:-0.59 24:-0.94 25:-0.26 26:+0.02
ZM,us_cash,stock,10,15,True,835,-0.3809,-5.3729,-0.4765,21:-0.24 22:-0.24 23:-0.30 24:-0.04 25:-0.97 26:-0.37
ZM,us_cash,stock,10,15,False,842,-0.2026,-2.2022,-0.1846,21:-0.30 22:-0.19 23:-0.23 24:+0.09 25:-0.72 26:+0.22
ZM,us_cash,stock,10,30,True,737,-0.1878,-3.2813,-0.1813,21:+0.08 22:-0.28 23:-0.20 24:-0.00 25:-0.41 26:-0.12
ZM,us_cash,stock,10,30,False,744,-0.1089,-1.4515,-0.0964,21:-0.11 22:-0.17 23:-0.07 24:-0.08 25:-0.39 26:+0.23
ZM,us_cash,stock,10,60,True,598,-0.0728,-1.5354,-0.0361,21:+0.07 22:-0.19 23:-0.10 24:+0.06 25:-0.08 26:-0.10
ZM,us_cash,stock,10,60,False,616,-0.0458,-0.8234,-0.0019,21:-0.01 22:-0.19 23:-0.02 24:+0.11 25:-0.12 26:+0.01
ZM,us_cash,stock,14,15,True,829,-0.3900,-5.4732,-0.5096,21:-0.30 22:-0.26 23:-0.22 24:-0.07 25:-0.96 26:-0.46
ZM,us_cash,stock,14,15,False,834,-0.2333,-2.5643,-0.2546,21:-0.22 22:-0.26 23:-0.14 24:+0.07 25:-0.72 26:-0.03
ZM,us_cash,stock,14,30,True,736,-0.1813,-3.3164,-0.2067,21:+0.04 22:-0.25 23:-0.11 24:-0.07 25:-0.39 26:-0.14
ZM,us_cash,stock,14,30,False,742,-0.1147,-1.6280,-0.1091,21:-0.06 22:-0.20 23:-0.06 24:-0.12 25:-0.27 26:+0.11
ZM,us_cash,stock,14,60,True,603,-0.0828,-1.8399,-0.0634,21:-0.06 22:-0.16 23:-0.06 24:+0.05 25:-0.10 26:-0.14
ZM,us_cash,stock,14,60,False,617,-0.0476,-0.8786,-0.0107,21:-0.00 22:-0.17 23:-0.04 24:+0.12 25:-0.12 26:-0.03
ZM,us_cash,stock,20,15,True,825,-0.3446,-4.9149,-0.4842,21:-0.28 22:-0.27 23:-0.04 24:-0.07 25:-0.97 26:-0.32
ZM,us_cash,stock,20,15,False,828,-0.1977,-2.2727,-0.1984,21:-0.25 22:-0.26 23:-0.11 24:+0.13 25:-0.72 26:+0.14
ZM,us_cash,stock,20,30,True,733,-0.1768,-3.2494,-0.2189,21:+0.06 22:-0.25 23:-0.07 24:-0.06 25:-0.42 26:-0.13
ZM,us_cash,stock,20,30,False,739,-0.1103,-1.6124,-0.1011,21:-0.01 22:-0.23 23:-0.04 24:-0.09 25:-0.28 26:+0.13
ZM,us_cash,stock,20,60,True,584,-0.0723,-1.5982,-0.0653,21:-0.02 22:-0.16 23:-0.02 24:+0.08 25:-0.12 26:-0.15
ZM,us_cash,stock,20,60,False,595,-0.0021,-0.0416,0.0416,21:+0.08 22:-0.19 23:+0.05 24:+0.18 25:-0.02 26:-0.03
