shuffle,cell,n,mean,t
0,D1/H4/M15/IDM,31,-0.69092,-1.7656
0,D1/H4/M15/2R,38,-0.47674,-2.4861
0,D1/H4/M5/IDM,47,0.25309,0.37925
0,D1/H4/M5/2R,50,0.23822,1.1232
0,D1/H1/M15/IDM,35,-0.53784,-1.9172
0,D1/H1/M15/2R,60,-0.37257,-2.3121
0,D1/H1/M5/IDM,82,-0.036592,-0.11014
0,D1/H1/M5/2R,121,-0.23749,-1.9598
0,D1/M15/M5/IDM,95,-0.25097,-1.2777
0,D1/M15/M5/2R,233,-0.025847,-0.27813
0,H4/H1/M15/IDM,72,-0.24511,-0.91005
0,H4/H1/M15/2R,137,-0.050926,-0.42606
0,H4/H1/M5/IDM,129,-0.11185,-0.51721
0,H4/H1/M5/2R,217,-0.16441,-1.7657
0,H4/M15/M5/IDM,133,-0.038797,-0.2309
0,H4/M15/M5/2R,301,-0.013547,-0.16584
0,none/H4/M15/IDM,63,-0.25445,-0.86269
0,none/H4/M15/2R,84,-0.24225,-1.6684
0,none/H4/M5/IDM,93,0.28058,0.6645
0,none/H4/M5/2R,109,0.18079,1.2705
0,none/H1/M15/IDM,123,-0.052927,-0.23109
0,none/H1/M15/2R,242,-0.1976,-2.2886
0,none/H1/M5/IDM,262,-0.0056694,-0.033924
0,none/H1/M5/2R,438,-0.16406,-2.5213
0,none/M15/M5/IDM,388,-0.009881,-0.092062
0,none/M15/M5/2R,1034,-0.038824,-0.88508
1,D1/H4/M15/IDM,28,,
1,D1/H4/M15/2R,40,0.27966,1.1659
1,D1/H4/M5/IDM,45,0.35807,0.52121
1,D1/H4/M5/2R,55,0.0013329,0.0069002
1,D1/H1/M15/IDM,49,0.37431,0.93853
1,D1/H1/M15/2R,88,0.16898,1.0853
1,D1/H1/M5/IDM,96,0.30905,1.0146
1,D1/H1/M5/2R,141,0.11726,0.94985
1,D1/M15/M5/IDM,75,0.39654,1.3613
1,D1/M15/M5/2R,199,0.21086,2.0176
1,H4/H1/M15/IDM,72,-0.02932,-0.093177
1,H4/H1/M15/2R,136,0.17235,1.3699
1,H4/H1/M5/IDM,151,0.32482,1.1114
1,H4/H1/M5/2R,227,0.04766,0.49803
1,H4/M15/M5/IDM,124,0.17184,0.86406
1,H4/M15/M5/2R,288,0.15167,1.752
1,none/H4/M15/IDM,62,-0.38515,-1.4759
1,none/H4/M15/2R,88,-0.050367,-0.33418
1,none/H4/M5/IDM,100,0.078871,0.20627
1,none/H4/M5/2R,121,-0.040366,-0.31436
1,none/H1/M15/IDM,143,0.17567,0.76839
1,none/H1/M15/2R,293,0.078078,0.928
1,none/H1/M5/IDM,295,0.25474,1.3997
1,none/H1/M5/2R,469,0.071511,1.0686
1,none/M15/M5/IDM,384,-0.061341,-0.60638
1,none/M15/M5/2R,1010,0.015677,0.349
2,D1/H4/M15/IDM,31,-0.093493,-0.20058
2,D1/H4/M15/2R,34,-0.41355,-1.9654
2,D1/H4/M5/IDM,48,0.79533,1.0533
2,D1/H4/M5/2R,50,-0.38954,-2.2153
2,D1/H1/M15/IDM,32,-0.73051,-2.4472
2,D1/H1/M15/2R,62,-0.30272,-1.8284
2,D1/H1/M5/IDM,84,-0.33018,-1.1652
2,D1/H1/M5/2R,118,-0.24628,-2.0192
2,D1/M15/M5/IDM,107,-0.22355,-1.368
2,D1/M15/M5/2R,252,-0.12336,-1.4172
2,H4/H1/M15/IDM,52,-0.70211,-4.4594
2,H4/H1/M15/2R,114,0.12829,0.93201
2,H4/H1/M5/IDM,128,0.1057,0.44458
2,H4/H1/M5/2R,201,-0.056401,-0.56894
2,H4/M15/M5/IDM,142,0.28506,1.5179
2,H4/M15/M5/2R,342,-0.040897,-0.53634
2,none/H4/M15/IDM,59,-0.22259,-0.76188
2,none/H4/M15/2R,75,-0.157,-0.99894
2,none/H4/M5/IDM,93,0.78697,1.5833
2,none/H4/M5/2R,110,0.013543,0.10014
2,none/H1/M15/IDM,89,-0.81892,-7.9685
2,none/H1/M15/2R,225,-0.10748,-1.1619
2,none/H1/M5/IDM,245,-0.074837,-0.46725
2,none/H1/M5/2R,404,-0.072363,-1.0374
2,none/M15/M5/IDM,404,-0.0047146,-0.046047
2,none/M15/M5/2R,1077,-0.12543,-2.9921
3,D1/H4/M15/IDM,29,,
3,D1/H4/M15/2R,38,0.095532,0.40225
3,D1/H4/M5/IDM,39,-0.26609,-0.58763
3,D1/H4/M5/2R,45,-0.08686,-0.41527
3,D1/H1/M15/IDM,54,0.087471,0.23891
3,D1/H1/M15/2R,89,-0.051117,-0.34325
3,D1/H1/M5/IDM,97,-0.51783,-2.862
3,D1/H1/M5/2R,136,-0.29172,-2.6283
3,D1/M15/M5/IDM,76,0.10441,0.39853
3,D1/M15/M5/2R,238,-0.078151,-0.86428
3,H4/H1/M15/IDM,77,-0.39057,-1.6347
3,H4/H1/M15/2R,150,-0.16181,-1.4557
3,H4/H1/M5/IDM,146,-0.043333,-0.19979
3,H4/H1/M5/2R,222,-0.086508,-0.93029
3,H4/M15/M5/IDM,108,-0.15463,-0.80746
3,H4/M15/M5/2R,279,-0.095981,-1.164
3,none/H4/M15/IDM,57,-0.26048,-0.63328
3,none/H4/M15/2R,76,-0.1034,-0.64967
3,none/H4/M5/IDM,94,-0.062112,-0.19785
3,none/H4/M5/2R,104,-0.18839,-1.425
3,none/H1/M15/IDM,140,-0.21457,-1.1339
3,none/H1/M15/2R,285,-0.1916,-2.41
3,none/H1/M5/IDM,274,0.05073,0.32933
3,none/H1/M5/2R,424,-0.052825,-0.77571
3,none/M15/M5/IDM,365,-0.085903,-0.78098
3,none/M15/M5/2R,1040,-0.071054,-1.6437
4,D1/H4/M15/IDM,18,,
4,D1/H4/M15/2R,26,,
4,D1/H4/M5/IDM,32,0.22806,0.31144
4,D1/H4/M5/2R,41,-0.031787,-0.14379
4,D1/H1/M15/IDM,33,0.25408,0.40114
4,D1/H1/M15/2R,67,-0.38529,-2.4796
4,D1/H1/M5/IDM,66,0.2883,0.83545
4,D1/H1/M5/2R,104,0.17901,1.2321
4,D1/M15/M5/IDM,83,-0.14382,-0.67748
4,D1/M15/M5/2R,245,-0.25993,-3.0989
4,H4/H1/M15/IDM,68,0.24225,0.63799
4,H4/H1/M15/2R,131,-0.18725,-1.5798
4,H4/H1/M5/IDM,134,-0.047984,-0.21976
4,H4/H1/M5/2R,222,0.086558,0.88916
4,H4/M15/M5/IDM,112,0.13318,0.6388
4,H4/M15/M5/2R,300,0.043366,0.5222
4,none/H4/M15/IDM,50,-0.56678,-2.3238
4,none/H4/M15/2R,74,-0.20239,-1.2985
4,none/H4/M5/IDM,90,0.050985,0.13203
4,none/H4/M5/2R,107,-0.18812,-1.434
4,none/H1/M15/IDM,133,-0.17107,-0.76987
4,none/H1/M15/2R,283,-0.23797,-3.0088
4,none/H1/M5/IDM,288,0.043283,0.26467
4,none/H1/M5/2R,471,-0.022261,-0.34022
4,none/M15/M5/IDM,384,-0.087259,-0.86199
4,none/M15/M5/2R,1067,-0.099638,-2.3457
5,D1/H4/M15/IDM,22,,
5,D1/H4/M15/2R,31,0.13174,0.49435
5,D1/H4/M5/IDM,37,0.072954,0.10899
5,D1/H4/M5/2R,42,0.041732,0.18587
5,D1/H1/M15/IDM,36,0.18903,0.47863
5,D1/H1/M15/2R,64,0.35966,1.8837
5,D1/H1/M5/IDM,73,-0.10407,-0.34422
5,D1/H1/M5/2R,108,-0.13905,-1.0565
5,D1/M15/M5/IDM,75,0.15074,0.56711
5,D1/M15/M5/2R,187,-0.083526,-0.81693
5,H4/H1/M15/IDM,71,0.51575,1.2027
5,H4/H1/M15/2R,148,0.043056,0.36174
5,H4/H1/M5/IDM,161,-0.24249,-1.4484
5,H4/H1/M5/2R,249,0.0029698,0.032773
5,H4/M15/M5/IDM,120,-0.099405,-0.57168
5,H4/M15/M5/2R,291,-0.071126,-0.86709
5,none/H4/M15/IDM,63,-0.12522,-0.28963
5,none/H4/M15/2R,93,-0.090123,-0.62382
5,none/H4/M5/IDM,105,-0.014325,-0.035731
5,none/H4/M5/2R,127,-0.084661,-0.68124
5,none/H1/M15/IDM,121,0.0063903,0.024422
5,none/H1/M15/2R,278,-0.10299,-1.2352
5,none/H1/M5/IDM,282,-0.20802,-1.4461
5,none/H1/M5/2R,471,-0.071548,-1.1106
5,none/M15/M5/IDM,394,-0.044172,-0.4236
5,none/M15/M5/2R,1008,-0.092958,-2.1216
6,D1/H4/M15/IDM,22,,
6,D1/H4/M15/2R,35,0.3124,1.2373
6,D1/H4/M5/IDM,38,0.31466,0.49247
6,D1/H4/M5/2R,47,0.23465,1.084
6,D1/H1/M15/IDM,40,-0.069752,-0.20228
6,D1/H1/M15/2R,70,-0.043117,-0.25411
6,D1/H1/M5/IDM,81,-0.24728,-1.0622
6,D1/H1/M5/2R,113,0.084617,0.6185
6,D1/M15/M5/IDM,89,-0.13854,-0.65896
6,D1/M15/M5/2R,234,-0.035695,-0.38644
6,H4/H1/M15/IDM,63,-0.38458,-1.674
6,H4/H1/M15/2R,121,0.06491,0.49275
6,H4/H1/M5/IDM,133,-0.017995,-0.075199
6,H4/H1/M5/2R,216,0.095134,0.96692
6,H4/M15/M5/IDM,114,-0.2575,-1.3849
6,H4/M15/M5/2R,286,-0.11404,-1.3973
6,none/H4/M15/IDM,45,-0.57352,-2.8426
6,none/H4/M15/2R,68,0.017175,0.099106
6,none/H4/M5/IDM,76,-0.42902,-1.263
6,none/H4/M5/2R,97,-0.041577,-0.29012
6,none/H1/M15/IDM,135,0.0005267,0.0025135
6,none/H1/M15/2R,269,0.026352,0.30302
6,none/H1/M5/IDM,272,-0.28516,-2.048
6,none/H1/M5/2R,468,0.05565,0.83752
6,none/M15/M5/IDM,369,-0.11572,-1.0766
6,none/M15/M5/2R,1065,-0.013766,-0.3163
7,D1/H4/M15/IDM,24,,
7,D1/H4/M15/2R,31,-0.15124,-0.61404
7,D1/H4/M5/IDM,38,-0.95744,-14.884
7,D1/H4/M5/2R,43,-0.53268,-3.1131
7,D1/H1/M15/IDM,27,,
7,D1/H1/M15/2R,69,0.28211,1.5641
7,D1/H1/M5/IDM,80,0.00083275,0.0025871
7,D1/H1/M5/2R,135,0.12893,1.0175
7,D1/M15/M5/IDM,88,0.22659,1.0558
7,D1/M15/M5/2R,248,-0.024776,-0.27458
7,H4/H1/M15/IDM,46,-0.025868,-0.052942
7,H4/H1/M15/2R,123,-0.010728,-0.083335
7,H4/H1/M5/IDM,124,-0.4135,-2.1096
7,H4/H1/M5/2R,210,0.067536,0.67385
7,H4/M15/M5/IDM,122,-0.17981,-1.0449
7,H4/M15/M5/2R,299,0.047584,0.57125
7,none/H4/M15/IDM,45,-0.85608,-7.0652
7,none/H4/M15/2R,66,0.10401,0.58365
7,none/H4/M5/IDM,82,-0.6568,-2.9343
7,none/H4/M5/2R,94,-0.28287,-2.1157
7,none/H1/M15/IDM,109,-0.1566,-0.61365
7,none/H1/M15/2R,267,-0.074167,-0.86734
7,none/H1/M5/IDM,248,-0.34557,-2.4679
7,none/H1/M5/2R,437,0.030911,0.44999
7,none/M15/M5/IDM,397,-0.076825,-0.747
7,none/M15/M5/2R,1096,-0.040342,-0.9476
8,D1/H4/M15/IDM,18,,
8,D1/H4/M15/2R,29,,
8,D1/H4/M5/IDM,37,-0.33491,-0.8072
8,D1/H4/M5/2R,44,-0.0042116,-0.019329
8,D1/H1/M15/IDM,42,0.42031,0.80683
8,D1/H1/M15/2R,65,0.21008,1.1337
8,D1/H1/M5/IDM,61,0.27928,0.61459
8,D1/H1/M5/2R,95,0.11808,0.78572
8,D1/M15/M5/IDM,99,-0.13056,-0.66253
8,D1/M15/M5/2R,254,0.10762,1.1798
8,H4/H1/M15/IDM,63,0.17576,0.44054
8,H4/H1/M15/2R,123,-0.057999,-0.45587
8,H4/H1/M5/IDM,117,0.13443,0.44601
8,H4/H1/M5/2R,201,0.053915,0.53059
8,H4/M15/M5/IDM,134,-0.12543,-0.76072
8,H4/M15/M5/2R,318,-0.02251,-0.28216
8,none/H4/M15/IDM,48,-0.88582,-5.7263
8,none/H4/M15/2R,73,0.021534,0.12785
8,none/H4/M5/IDM,93,0.2623,0.65285
8,none/H4/M5/2R,105,-0.0091513,-0.06577
8,none/H1/M15/IDM,138,0.09283,0.39608
8,none/H1/M15/2R,260,-0.051055,-0.58503
8,none/H1/M5/IDM,270,0.24647,1.2467
8,none/H1/M5/2R,431,0.076884,1.1054
8,none/M15/M5/IDM,430,-0.039123,-0.38541
8,none/M15/M5/2R,1100,-0.0030905,-0.07199
9,D1/H4/M15/IDM,29,,
9,D1/H4/M15/2R,33,-0.29453,-1.2941
9,D1/H4/M5/IDM,35,0.10825,0.18488
9,D1/H4/M5/2R,42,0.16733,0.73868
9,D1/H1/M15/IDM,42,-0.66501,-3.504
9,D1/H1/M15/2R,81,-0.21164,-1.4149
9,D1/H1/M5/IDM,95,-0.051618,-0.1521
9,D1/H1/M5/2R,146,-0.16902,-1.4959
9,D1/M15/M5/IDM,115,0.040186,0.22938
9,D1/M15/M5/2R,259,0.040759,0.45282
9,H4/H1/M15/IDM,67,-0.17044,-0.55337
9,H4/H1/M15/2R,133,-0.1122,-0.94309
9,H4/H1/M5/IDM,144,-0.13213,-0.54039
9,H4/H1/M5/2R,223,-0.024676,-0.25912
9,H4/M15/M5/IDM,123,-0.1053,-0.54557
9,H4/M15/M5/2R,284,-0.066784,-0.8034
9,none/H4/M15/IDM,64,-0.14543,-0.38759
9,none/H4/M15/2R,82,-0.01332,-0.0847
9,none/H4/M5/IDM,91,-0.19361,-0.63381
9,none/H4/M5/2R,106,-0.014083,-0.102
9,none/H1/M15/IDM,119,-0.23102,-1.1381
9,none/H1/M15/2R,277,-0.0213,-0.25081
9,none/H1/M5/IDM,283,-0.086705,-0.6051
9,none/H1/M5/2R,470,-0.026975,-0.41243
9,none/M15/M5/IDM,385,0.18349,1.5986
9,none/M15/M5/2R,1004,-0.011416,-0.25415
10,D1/H4/M15/IDM,26,,
10,D1/H4/M15/2R,39,-0.36583,-1.754
10,D1/H4/M5/IDM,48,1.3993,1.6887
10,D1/H4/M5/2R,52,0.28078,1.3341
10,D1/H1/M15/IDM,32,-0.66995,-2.9404
10,D1/H1/M15/2R,82,-0.004264,-0.027658
10,D1/H1/M5/IDM,68,0.34068,0.80731
10,D1/H1/M5/2R,128,0.11133,0.86416
10,D1/M15/M5/IDM,111,-0.056602,-0.26218
10,D1/M15/M5/2R,283,-0.017399,-0.20617
10,H4/H1/M15/IDM,64,0.39116,0.92806
10,H4/H1/M15/2R,146,-0.11347,-1.001
10,H4/H1/M5/IDM,146,0.052831,0.21934
10,H4/H1/M5/2R,250,0.03485,0.38279
10,H4/M15/M5/IDM,141,-0.018265,-0.10128
10,H4/M15/M5/2R,321,-0.011687,-0.14751
10,none/H4/M15/IDM,55,-0.27474,-0.6433
10,none/H4/M15/2R,89,-0.34282,-2.4755
10,none/H4/M5/IDM,94,0.76968,1.5321
10,none/H4/M5/2R,113,-0.056854,-0.42843
10,none/H1/M15/IDM,119,0.37404,1.3589
10,none/H1/M15/2R,281,-0.082351,-0.99699
10,none/H1/M5/IDM,278,0.038033,0.22366
10,none/H1/M5/2R,479,0.0015137,0.023127
10,none/M15/M5/IDM,418,0.052475,0.47856
10,none/M15/M5/2R,1088,-0.030769,-0.71664
11,D1/H4/M15/IDM,24,,
11,D1/H4/M15/2R,32,0.0056563,0.022181
11,D1/H4/M5/IDM,35,-0.2391,-0.54681
11,D1/H4/M5/2R,38,-0.073904,-0.32144
11,D1/H1/M15/IDM,35,0.033857,0.057263
11,D1/H1/M15/2R,75,0.25252,1.4742
11,D1/H1/M5/IDM,71,0.1054,0.2814
11,D1/H1/M5/2R,105,0.089288,0.62657
11,D1/M15/M5/IDM,93,-0.17544,-0.86722
11,D1/M15/M5/2R,232,-0.0061544,-0.066022
11,H4/H1/M15/IDM,65,-0.23322,-0.91645
11,H4/H1/M15/2R,129,0.092109,0.72268
11,H4/H1/M5/IDM,145,0.036632,0.15724
11,H4/H1/M5/2R,218,0.035432,0.36418
11,H4/M15/M5/IDM,128,-0.34394,-2.2536
11,H4/M15/M5/2R,320,-0.13307,-1.731
11,none/H4/M15/IDM,56,0.063333,0.13471
11,none/H4/M15/2R,83,-0.090405,-0.59211
11,none/H4/M5/IDM,89,-0.1357,-0.43945
11,none/H4/M5/2R,109,-0.36986,-3.0867
11,none/H1/M15/IDM,121,0.074925,0.3007
11,none/H1/M15/2R,254,0.057272,0.63526
11,none/H1/M5/IDM,287,0.16341,0.90793
11,none/H1/M5/2R,434,0.069123,0.99372
11,none/M15/M5/IDM,408,-0.061037,-0.6018
11,none/M15/M5/2R,1058,-0.041394,-0.9555
12,D1/H4/M15/IDM,24,,
12,D1/H4/M15/2R,34,-0.063812,-0.26324
12,D1/H4/M5/IDM,36,0.31425,0.45131
12,D1/H4/M5/2R,43,-0.13243,-0.61756
12,D1/H1/M15/IDM,43,-0.22011,-0.56976
12,D1/H1/M15/2R,78,-0.10727,-0.68264
12,D1/H1/M5/IDM,101,-0.14789,-0.60229
12,D1/H1/M5/2R,135,-0.066816,-0.55368
12,D1/M15/M5/IDM,95,-0.13293,-0.65473
12,D1/M15/M5/2R,235,-0.17356,-1.9664
12,H4/H1/M15/IDM,67,-0.33333,-1.31
12,H4/H1/M15/2R,140,0.099137,0.79838
12,H4/H1/M5/IDM,131,-0.094961,-0.42908
12,H4/H1/M5/2R,222,-0.11971,-1.294
12,H4/M15/M5/IDM,113,-0.11256,-0.52223
12,H4/M15/M5/2R,286,-0.054194,-0.65326
12,none/H4/M15/IDM,48,-0.22669,-0.58913
12,none/H4/M15/2R,76,-0.00687,-0.041708
12,none/H4/M5/IDM,86,0.64188,1.3217
12,none/H4/M5/2R,105,0.13653,0.95268
12,none/H1/M15/IDM,122,-0.29216,-1.3462
12,none/H1/M15/2R,271,-0.046898,-0.545
12,none/H1/M5/IDM,255,-0.028853,-0.17199
12,none/H1/M5/2R,426,0.023337,0.33643
12,none/M15/M5/IDM,391,0.032377,0.28551
12,none/M15/M5/2R,1010,-0.051225,-1.1594
13,D1/H4/M15/IDM,14,,
13,D1/H4/M15/2R,20,,
13,D1/H4/M5/IDM,24,,
13,D1/H4/M5/2R,26,,
13,D1/H1/M15/IDM,35,-0.26448,-0.77462
13,D1/H1/M15/2R,76,-0.12854,-0.81699
13,D1/H1/M5/IDM,86,-0.31652,-1.1696
13,D1/H1/M5/2R,129,-0.097675,-0.79757
13,D1/M15/M5/IDM,80,0.11609,0.44755
13,D1/M15/M5/2R,223,-0.0083106,-0.086947
13,H4/H1/M15/IDM,58,0.015314,0.050308
13,H4/H1/M15/2R,124,0.10822,0.83096
13,H4/H1/M5/IDM,136,-0.49229,-2.9578
13,H4/H1/M5/2R,207,-0.058993,-0.60399
13,H4/M15/M5/IDM,112,0.014298,0.06725
13,H4/M15/M5/2R,275,-0.0073858,-0.082965
13,none/H4/M15/IDM,49,0.22271,0.50514
13,none/H4/M15/2R,70,0.0012893,0.0075586
13,none/H4/M5/IDM,88,0.17005,0.31357
13,none/H4/M5/2R,100,-0.16061,-1.1701
13,none/H1/M15/IDM,145,-0.18145,-1.0052
13,none/H1/M15/2R,280,0.0030488,0.03592
13,none/H1/M5/IDM,288,-0.3152,-2.3445
13,none/H1/M5/2R,449,-0.11243,-1.7218
13,none/M15/M5/IDM,390,-0.064214,-0.61799
13,none/M15/M5/2R,1028,-0.057731,-1.3067
14,D1/H4/M15/IDM,24,,
14,D1/H4/M15/2R,35,0.17257,0.68461
14,D1/H4/M5/IDM,39,0.48329,0.54766
14,D1/H4/M5/2R,45,-0.44155,-2.4393
14,D1/H1/M15/IDM,53,0.35579,0.72514
14,D1/H1/M15/2R,92,0.012591,0.084392
14,D1/H1/M5/IDM,96,-0.65283,-4.2468
14,D1/H1/M5/2R,141,-0.30131,-2.7721
14,D1/M15/M5/IDM,89,-0.25347,-1.199
14,D1/M15/M5/2R,231,-0.10632,-1.1634
14,H4/H1/M15/IDM,72,-0.20377,-0.7504
14,H4/H1/M15/2R,143,0.0001376,0.0011528
14,H4/H1/M5/IDM,146,-0.27529,-1.3892
14,H4/H1/M5/2R,249,-0.088917,-1.0039
14,H4/M15/M5/IDM,121,-0.20193,-1.031
14,H4/M15/M5/2R,314,0.0046806,0.058045
14,none/H4/M15/IDM,57,0.90614,1.5702
14,none/H4/M15/2R,84,0.29109,1.7743
14,none/H4/M5/IDM,97,0.1764,0.42674
14,none/H4/M5/2R,113,-0.10899,-0.83159
14,none/H1/M15/IDM,121,-0.069661,-0.28629
14,none/H1/M15/2R,256,0.018005,0.20132
14,none/H1/M5/IDM,257,-0.2791,-2.094
14,none/H1/M5/2R,445,-0.10305,-1.5668
14,none/M15/M5/IDM,378,-0.13549,-1.2692
14,none/M15/M5/2R,948,-0.046278,-1.012
15,D1/H4/M15/IDM,22,,
15,D1/H4/M15/2R,30,0.17465,0.63934
15,D1/H4/M5/IDM,36,0.38234,0.55462
15,D1/H4/M5/2R,41,0.053057,0.23455
15,D1/H1/M15/IDM,41,-0.64057,-3.1629
15,D1/H1/M15/2R,78,-0.094944,-0.60421
15,D1/H1/M5/IDM,79,0.013544,0.040627
15,D1/H1/M5/2R,125,0.079248,0.61004
15,D1/M15/M5/IDM,69,-0.20045,-0.78114
15,D1/M15/M5/2R,207,-0.14911,-1.5723
15,H4/H1/M15/IDM,55,-0.26979,-0.77184
15,H4/H1/M15/2R,113,-0.18347,-1.4433
15,H4/H1/M5/IDM,120,-0.31238,-1.6068
15,H4/H1/M5/2R,201,-0.030987,-0.30891
15,H4/M15/M5/IDM,101,0.035784,0.15724
15,H4/M15/M5/2R,249,-0.10603,-1.2046
15,none/H4/M15/IDM,64,-0.52977,-2.1389
15,none/H4/M15/2R,89,-0.031564,-0.2091
15,none/H4/M5/IDM,107,-0.27174,-0.9299
15,none/H4/M5/2R,123,-0.11474,-0.91953
15,none/H1/M15/IDM,114,0.049395,0.20738
15,none/H1/M15/2R,254,9.3478e-05,0.0010461
15,none/H1/M5/IDM,238,0.041594,0.23283
15,none/H1/M5/2R,420,0.0077362,0.11101
15,none/M15/M5/IDM,406,0.0091774,0.086376
15,none/M15/M5/2R,1024,-0.063185,-1.4403
16,D1/H4/M15/IDM,19,,
16,D1/H4/M15/2R,32,-0.20252,-0.84563
16,D1/H4/M5/IDM,41,1.6521,1.2789
16,D1/H4/M5/2R,49,0.071217,0.34134
16,D1/H1/M15/IDM,45,0.3593,0.76577
16,D1/H1/M15/2R,86,0.2146,1.3454
16,D1/H1/M5/IDM,81,-0.29053,-1.1328
16,D1/H1/M5/2R,132,-0.17403,-1.4814
16,D1/M15/M5/IDM,86,0.17136,0.67817
16,D1/M15/M5/2R,226,0.076071,0.78872
16,H4/H1/M15/IDM,60,0.3731,0.9471
16,H4/H1/M15/2R,133,0.12672,1.0074
16,H4/H1/M5/IDM,123,0.56133,1.5864
16,H4/H1/M5/2R,216,-0.037995,-0.39481
16,H4/M15/M5/IDM,100,0.11866,0.55792
16,H4/M15/M5/2R,251,0.08452,0.91672
16,none/H4/M15/IDM,58,-0.34432,-1.0855
16,none/H4/M15/2R,83,-0.0041273,-0.026431
16,none/H4/M5/IDM,101,0.95262,1.5469
16,none/H4/M5/2R,114,0.09447,0.68874
16,none/H1/M15/IDM,121,0.1952,0.79149
16,none/H1/M15/2R,272,0.15535,1.7566
16,none/H1/M5/IDM,249,0.14563,0.71893
16,none/H1/M5/2R,438,-0.13997,-2.1396
16,none/M15/M5/IDM,372,-0.051085,-0.49183
16,none/M15/M5/2R,1000,-0.024435,-0.54563
17,D1/H4/M15/IDM,22,,
17,D1/H4/M15/2R,33,-0.0496,-0.20022
17,D1/H4/M5/IDM,45,0.16622,0.29742
17,D1/H4/M5/2R,49,0.049317,0.2339
17,D1/H1/M15/IDM,42,-0.26978,-0.79597
17,D1/H1/M15/2R,86,-0.098513,-0.64579
17,D1/H1/M5/IDM,97,-0.17581,-0.76349
17,D1/H1/M5/2R,155,-0.20325,-1.8769
17,D1/M15/M5/IDM,109,-0.018361,-0.078096
17,D1/M15/M5/2R,293,-0.14093,-1.7577
17,H4/H1/M15/IDM,62,-0.43812,-2.3914
17,H4/H1/M15/2R,135,-0.037465,-0.30451
17,H4/H1/M5/IDM,135,-0.1562,-0.78715
17,H4/H1/M5/2R,221,-0.15269,-1.6598
17,H4/M15/M5/IDM,121,-0.071833,-0.31005
17,H4/M15/M5/2R,282,-0.32445,-4.2707
17,none/H4/M15/IDM,56,-0.10773,-0.27675
17,none/H4/M15/2R,79,0.014717,0.09195
17,none/H4/M5/IDM,103,-0.29594,-1.0206
17,none/H4/M5/2R,116,-0.29382,-2.4185
17,none/H1/M15/IDM,124,-0.35076,-2.1557
17,none/H1/M15/2R,275,-0.11658,-1.3938
17,none/H1/M5/IDM,260,-0.049888,-0.32152
17,none/H1/M5/2R,449,-0.10289,-1.5743
17,none/M15/M5/IDM,395,-0.015131,-0.14001
17,none/M15/M5/2R,1077,-0.096136,-2.2726
18,D1/H4/M15/IDM,32,-0.15709,-0.24371
18,D1/H4/M15/2R,48,0.041336,0.19713
18,D1/H4/M5/IDM,55,-0.99323,-17.731
18,D1/H4/M5/2R,64,-0.22813,-1.3692
18,D1/H1/M15/IDM,38,0.51139,0.94063
18,D1/H1/M15/2R,80,0.21398,1.2934
18,D1/H1/M5/IDM,68,-0.079339,-0.24102
18,D1/H1/M5/2R,114,-0.11073,-0.85019
18,D1/M15/M5/IDM,97,0.034776,0.15705
18,D1/M15/M5/2R,254,-0.023232,-0.26077
18,H4/H1/M15/IDM,55,-0.042232,-0.14463
18,H4/H1/M15/2R,131,0.17796,1.3884
18,H4/H1/M5/IDM,110,0.0097475,0.037911
18,H4/H1/M5/2R,196,0.35591,3.3271
18,H4/M15/M5/IDM,117,0.092692,0.46288
18,H4/M15/M5/2R,274,-0.0074116,-0.086125
18,none/H4/M15/IDM,58,-0.67163,-1.9486
18,none/H4/M15/2R,85,-0.074692,-0.48847
18,none/H4/M5/IDM,104,-0.58394,-2.0374
18,none/H4/M5/2R,120,-0.24905,-2.0725
18,none/H1/M15/IDM,114,-0.090264,-0.34111
18,none/H1/M15/2R,263,0.059869,0.67253
18,none/H1/M5/IDM,227,-0.20304,-1.3842
18,none/H1/M5/2R,407,0.095203,1.3198
18,none/M15/M5/IDM,393,-0.035221,-0.34064
18,none/M15/M5/2R,1026,-0.011529,-0.26001
19,D1/H4/M15/IDM,22,,
19,D1/H4/M15/2R,33,-0.029154,-0.11666
19,D1/H4/M5/IDM,34,-0.012118,-0.022351
19,D1/H4/M5/2R,44,0.1397,0.62707
19,D1/H1/M15/IDM,30,-0.7295,-3.3932
19,D1/H1/M15/2R,74,-0.087802,-0.54078
19,D1/H1/M5/IDM,77,-0.41811,-2.077
19,D1/H1/M5/2R,116,-0.16861,-1.329
19,D1/M15/M5/IDM,87,-0.020489,-0.093902
19,D1/M15/M5/2R,235,0.04911,0.52378
19,H4/H1/M15/IDM,47,-0.17603,-0.49104
19,H4/H1/M15/2R,111,-0.014171,-0.10565
19,H4/H1/M5/IDM,109,0.21048,0.7172
19,H4/H1/M5/2R,179,-0.015196,-0.14313
19,H4/M15/M5/IDM,130,-0.011088,-0.057763
19,H4/M15/M5/2R,270,-0.044351,-0.5181
19,none/H4/M15/IDM,59,-0.035625,-0.098621
19,none/H4/M15/2R,81,0.089368,0.55249
19,none/H4/M5/IDM,85,0.24959,0.6434
19,none/H4/M5/2R,104,0.075831,0.53234
19,none/H1/M15/IDM,107,-0.31847,-1.736
19,none/H1/M15/2R,262,-0.024755,-0.28302
19,none/H1/M5/IDM,243,0.19285,0.92683
19,none/H1/M5/2R,416,0.01416,0.20216
19,none/M15/M5/IDM,396,0.2332,1.9955
19,none/M15/M5/2R,1057,0.058398,1.3196
20,D1/H4/M15/IDM,32,-0.13064,-0.32923
20,D1/H4/M15/2R,40,0.0092385,0.040438
20,D1/H4/M5/IDM,38,0.21374,0.36921
20,D1/H4/M5/2R,43,-0.127,-0.59497
20,D1/H1/M15/IDM,34,-0.075381,-0.187
20,D1/H1/M15/2R,67,0.063776,0.36193
20,D1/H1/M5/IDM,90,-0.012488,-0.041655
20,D1/H1/M5/2R,129,0.072735,0.57417
20,D1/M15/M5/IDM,128,0.063714,0.30001
20,D1/M15/M5/2R,274,-0.015107,-0.17631
20,H4/H1/M15/IDM,60,0.34234,0.93036
20,H4/H1/M15/2R,122,-0.01488,-0.11588
20,H4/H1/M5/IDM,138,0.26788,0.93871
20,H4/H1/M5/2R,219,0.0076738,0.079482
20,H4/M15/M5/IDM,104,0.063217,0.28299
20,H4/M15/M5/2R,277,-0.097738,-1.1749
20,none/H4/M15/IDM,70,-0.59801,-3.046
20,none/H4/M15/2R,96,-0.045967,-0.31667
20,none/H4/M5/IDM,95,-0.35248,-1.0986
20,none/H4/M5/2R,115,-0.17217,-1.3647
20,none/H1/M15/IDM,126,0.32911,1.3437
20,none/H1/M15/2R,263,-0.023007,-0.26294
20,none/H1/M5/IDM,266,0.17247,0.92299
20,none/H1/M5/2R,436,0.0078206,0.11472
20,none/M15/M5/IDM,397,-0.057199,-0.54609
20,none/M15/M5/2R,1025,-0.078721,-1.8095
21,D1/H4/M15/IDM,31,0.067313,0.15277
21,D1/H4/M15/2R,39,-0.11586,-0.51441
21,D1/H4/M5/IDM,49,0.11287,0.25022
21,D1/H4/M5/2R,55,0.13127,0.66307
21,D1/H1/M15/IDM,39,-0.10874,-0.33973
21,D1/H1/M15/2R,73,0.046256,0.27832
21,D1/H1/M5/IDM,99,0.13358,0.46864
21,D1/H1/M5/2R,139,0.033471,0.27538
21,D1/M15/M5/IDM,92,-0.046898,-0.21918
21,D1/M15/M5/2R,254,-0.12263,-1.4139
21,H4/H1/M15/IDM,65,0.060165,0.21252
21,H4/H1/M15/2R,127,0.047258,0.37217
21,H4/H1/M5/IDM,141,-0.028076,-0.12254
21,H4/H1/M5/2R,216,-0.050932,-0.53307
21,H4/M15/M5/IDM,120,-0.011324,-0.060165
21,H4/M15/M5/2R,288,-0.032126,-0.385
21,none/H4/M15/IDM,77,0.21099,0.6425
21,none/H4/M15/2R,94,-0.009513,-0.064622
21,none/H4/M5/IDM,108,-0.14866,-0.55797
21,none/H4/M5/2R,122,0.11599,0.87991
21,none/H1/M15/IDM,114,0.096041,0.43412
21,none/H1/M15/2R,243,0.0023753,0.026252
21,none/H1/M5/IDM,269,-0.070115,-0.42917
21,none/H1/M5/2R,446,-0.040531,-0.60826
21,none/M15/M5/IDM,390,-0.00061158,-0.0059713
21,none/M15/M5/2R,1056,-0.038538,-0.88674
22,D1/H4/M15/IDM,25,,
22,D1/H4/M15/2R,34,0.29064,1.125
22,D1/H4/M5/IDM,43,-0.42244,-0.94904
22,D1/H4/M5/2R,47,-0.4005,-2.1912
22,D1/H1/M15/IDM,36,-0.46533,-1.4431
22,D1/H1/M15/2R,73,0.04305,0.25547
22,D1/H1/M5/IDM,70,0.014088,0.040973
22,D1/H1/M5/2R,117,-0.11913,-0.94267
22,D1/M15/M5/IDM,113,0.017122,0.087585
22,D1/M15/M5/2R,240,0.10532,1.1217
22,H4/H1/M15/IDM,70,-0.069872,-0.24795
22,H4/H1/M15/2R,132,0.20498,1.5898
22,H4/H1/M5/IDM,133,0.37836,1.264
22,H4/H1/M5/2R,208,0.0080609,0.081558
22,H4/M15/M5/IDM,125,0.36861,1.8045
22,H4/M15/M5/2R,277,0.21074,2.3657
22,none/H4/M15/IDM,61,-0.67567,-3.9789
22,none/H4/M15/2R,83,-0.12087,-0.79723
22,none/H4/M5/IDM,96,-0.37296,-1.4389
22,none/H4/M5/2R,106,-0.070239,-0.51249
22,none/H1/M15/IDM,129,-0.086729,-0.38523
22,none/H1/M15/2R,277,0.075534,0.8708
22,none/H1/M5/IDM,283,0.066329,0.38206
22,none/H1/M5/2R,443,-0.053711,-0.80568
22,none/M15/M5/IDM,412,0.14936,1.3773
22,none/M15/M5/2R,1031,0.072868,1.62
23,D1/H4/M15/IDM,21,,
23,D1/H4/M15/2R,33,0.052804,0.20826
23,D1/H4/M5/IDM,32,1.4685,1.4503
23,D1/H4/M5/2R,41,0.061822,0.27061
23,D1/H1/M15/IDM,41,0.21008,0.5118
23,D1/H1/M15/2R,78,-0.07312,-0.46027
23,D1/H1/M5/IDM,82,-0.43267,-1.5699
23,D1/H1/M5/2R,126,-0.15438,-1.2624
23,D1/M15/M5/IDM,98,0.27676,1.0973
23,D1/M15/M5/2R,253,-0.059766,-0.67241
23,H4/H1/M15/IDM,67,0.0057285,0.019049
23,H4/H1/M15/2R,132,-0.049328,-0.40119
23,H4/H1/M5/IDM,141,0.21953,0.80293
23,H4/H1/M5/2R,209,-0.23125,-2.5077
23,H4/M15/M5/IDM,132,0.091413,0.49083
23,H4/M15/M5/2R,305,-0.074944,-0.93229
23,none/H4/M15/IDM,56,-0.73581,-3.8831
23,none/H4/M15/2R,83,-0.17142,-1.1495
23,none/H4/M5/IDM,81,0.10167,0.25352
23,none/H4/M5/2R,104,-0.19985,-1.508
23,none/H1/M15/IDM,129,-0.015676,-0.068551
23,none/H1/M15/2R,269,-0.10206,-1.2049
23,none/H1/M5/IDM,288,-0.026724,-0.17175
23,none/H1/M5/2R,442,-0.17281,-2.6527
23,none/M15/M5/IDM,397,0.09934,0.89376
23,none/M15/M5/2R,1060,-0.068102,-1.5831
24,D1/H4/M15/IDM,26,,
24,D1/H4/M15/2R,39,0.11303,0.4854
24,D1/H4/M5/IDM,39,-0.44586,-1.5417
24,D1/H4/M5/2R,44,-0.071947,-0.33703
24,D1/H1/M15/IDM,27,,
24,D1/H1/M15/2R,60,0.0049702,0.027258
24,D1/H1/M5/IDM,64,-0.29558,-1.1663
24,D1/H1/M5/2R,112,0.017342,0.12792
24,D1/M15/M5/IDM,82,0.0013469,0.0056946
24,D1/M15/M5/2R,189,-0.15864,-1.5964
24,H4/H1/M15/IDM,54,0.51376,1.2161
24,H4/H1/M15/2R,118,0.010569,0.080847
24,H4/H1/M5/IDM,139,-0.32586,-1.7039
24,H4/H1/M5/2R,222,-0.17309,-1.9
24,H4/M15/M5/IDM,96,0.096626,0.40717
24,H4/M15/M5/2R,250,0.0032545,0.035915
24,none/H4/M15/IDM,56,0.48364,1.0125
24,none/H4/M15/2R,81,0.29973,1.8125
24,none/H4/M5/IDM,105,-0.26551,-1.0821
24,none/H4/M5/2R,115,-0.13866,-1.0829
24,none/H1/M15/IDM,113,-0.0098092,-0.04092
24,none/H1/M15/2R,265,-0.0094319,-0.10828
24,none/H1/M5/IDM,260,-0.13383,-0.92993
24,none/H1/M5/2R,453,0.022092,0.32805
24,none/M15/M5/IDM,366,0.021634,0.19903
24,none/M15/M5/2R,1010,-0.023678,-0.53112
25,D1/H4/M15/IDM,27,,
25,D1/H4/M15/2R,34,0.02562,0.10226
25,D1/H4/M5/IDM,41,-0.83414,-4.1919
25,D1/H4/M5/2R,47,-0.24083,-1.2495
25,D1/H1/M15/IDM,38,-0.53788,-1.7637
25,D1/H1/M15/2R,73,-0.099924,-0.61206
25,D1/H1/M5/IDM,75,-0.367,-1.1853
25,D1/H1/M5/2R,121,-0.012425,-0.095406
25,D1/M15/M5/IDM,102,-0.22535,-1.0975
25,D1/M15/M5/2R,238,-0.09984,-1.1088
25,H4/H1/M15/IDM,56,-0.52642,-2.4156
25,H4/H1/M15/2R,119,-0.05317,-0.4155
25,H4/H1/M5/IDM,132,-0.55198,-3.1586
25,H4/H1/M5/2R,206,-0.14899,-1.5731
25,H4/M15/M5/IDM,119,-0.25041,-1.3729
25,H4/M15/M5/2R,297,-0.17616,-2.2507
25,none/H4/M15/IDM,65,-0.22688,-0.66524
25,none/H4/M15/2R,81,-0.030298,-0.19137
25,none/H4/M5/IDM,98,-0.64727,-3.894
25,none/H4/M5/2R,111,-0.18591,-1.4535
25,none/H1/M15/IDM,111,-0.33246,-1.6037
25,none/H1/M15/2R,242,-0.018934,-0.20855
25,none/H1/M5/IDM,247,-0.354,-2.6099
25,none/H1/M5/2R,406,-0.1132,-1.6498
25,none/M15/M5/IDM,400,-0.18478,-1.8777
25,none/M15/M5/2R,1069,-0.053082,-1.2409
26,D1/H4/M15/IDM,21,,
26,D1/H4/M15/2R,29,,
26,D1/H4/M5/IDM,34,-0.67381,-2.5593
26,D1/H4/M5/2R,39,-0.25965,-1.2171
26,D1/H1/M15/IDM,24,,
26,D1/H1/M15/2R,59,0.14462,0.76609
26,D1/H1/M5/IDM,69,-0.29289,-1.076
26,D1/H1/M5/2R,110,0.028757,0.20942
26,D1/M15/M5/IDM,91,-0.20829,-1.0604
26,D1/M15/M5/2R,226,-0.17828,-1.9852
26,H4/H1/M15/IDM,53,0.28867,0.71479
26,H4/H1/M15/2R,123,0.11452,0.87145
26,H4/H1/M5/IDM,119,-0.35502,-1.942
26,H4/H1/M5/2R,204,-0.13997,-1.4465
26,H4/M15/M5/IDM,107,0.0089398,0.04383
26,H4/M15/M5/2R,270,-0.11888,-1.4164
26,none/H4/M15/IDM,55,0.32411,0.65612
26,none/H4/M15/2R,84,0.050773,0.32198
26,none/H4/M5/IDM,94,-0.44029,-2.0231
26,none/H4/M5/2R,111,-0.085556,-0.64753
26,none/H1/M15/IDM,95,-0.21537,-0.80393
26,none/H1/M15/2R,243,-0.078233,-0.87558
26,none/H1/M5/IDM,256,-0.096486,-0.62671
26,none/H1/M5/2R,430,-0.049877,-0.73201
26,none/M15/M5/IDM,401,-0.084316,-0.84879
26,none/M15/M5/2R,1056,-0.046113,-1.0638
27,D1/H4/M15/IDM,36,0.25963,0.52006
27,D1/H4/M15/2R,44,0.2086,0.9292
27,D1/H4/M5/IDM,58,-0.849,-5.3425
27,D1/H4/M5/2R,64,-0.04663,-0.26316
27,D1/H1/M15/IDM,27,,
27,D1/H1/M15/2R,69,-0.21139,-1.2943
27,D1/H1/M5/IDM,82,0.1418,0.41594
27,D1/H1/M5/2R,121,-0.034145,-0.26595
27,D1/M15/M5/IDM,87,-0.36619,-2.2042
27,D1/M15/M5/2R,241,-0.094678,-1.055
27,H4/H1/M15/IDM,53,-0.4041,-1.5629
27,H4/H1/M15/2R,113,0.013236,0.099017
27,H4/H1/M5/IDM,121,0.77593,2.3167
27,H4/H1/M5/2R,194,0.053667,0.52068
27,H4/M15/M5/IDM,109,0.05223,0.24945
27,H4/M15/M5/2R,276,0.15465,1.7456
27,none/H4/M15/IDM,66,0.55837,1.1068
27,none/H4/M15/2R,87,0.1555,0.985
27,none/H4/M5/IDM,108,-0.27471,-0.94798
27,none/H4/M5/2R,122,-0.020024,-0.1559
27,none/H1/M15/IDM,126,-0.50398,-3.3508
27,none/H1/M15/2R,270,-0.013329,-0.15481
27,none/H1/M5/IDM,256,-0.010377,-0.060748
27,none/H1/M5/2R,431,-0.0112,-0.1641
27,none/M15/M5/IDM,381,-0.14303,-1.3681
27,none/M15/M5/2R,1025,0.019937,0.44627
28,D1/H4/M15/IDM,27,,
28,D1/H4/M15/2R,34,-0.15144,-0.64441
28,D1/H4/M5/IDM,40,-0.054101,-0.096485
28,D1/H4/M5/2R,45,-0.17037,-0.84018
28,D1/H1/M15/IDM,27,,
28,D1/H1/M15/2R,57,-0.10101,-0.55121
28,D1/H1/M5/IDM,68,-0.11994,-0.31806
28,D1/H1/M5/2R,112,-0.13371,-1.0295
28,D1/M15/M5/IDM,85,-0.15075,-0.72936
28,D1/M15/M5/2R,208,-0.094912,-0.98273
28,H4/H1/M15/IDM,57,0.62479,1.3296
28,H4/H1/M15/2R,130,-0.069481,-0.569
28,H4/H1/M5/IDM,117,0.34562,1.036
28,H4/H1/M5/2R,205,-0.11949,-1.2371
28,H4/M15/M5/IDM,119,0.02316,0.11697
28,H4/M15/M5/2R,268,0.040516,0.45943
28,none/H4/M15/IDM,62,0.44576,0.83524
28,none/H4/M15/2R,79,-0.26928,-1.8245
28,none/H4/M5/IDM,84,0.358,0.747
28,none/H4/M5/2R,100,0.12063,0.82858
28,none/H1/M15/IDM,110,0.68899,2.001
28,none/H1/M15/2R,269,-0.1076,-1.2845
28,none/H1/M5/IDM,262,0.1136,0.5963
28,none/H1/M5/2R,436,-0.14439,-2.2009
28,none/M15/M5/IDM,403,0.036901,0.32117
28,none/M15/M5/2R,1051,-0.017521,-0.40047
29,D1/H4/M15/IDM,24,,
29,D1/H4/M15/2R,43,0.25812,1.1372
29,D1/H4/M5/IDM,46,1.2749,1.7744
29,D1/H4/M5/2R,56,0.41926,2.0733
29,D1/H1/M15/IDM,46,0.042317,0.13108
29,D1/H1/M15/2R,81,-0.24503,-1.6934
29,D1/H1/M5/IDM,93,-0.024986,-0.090026
29,D1/H1/M5/2R,132,-0.097987,-0.81257
29,D1/M15/M5/IDM,90,0.18209,0.76888
29,D1/M15/M5/2R,253,-0.088333,-1.0082
29,H4/H1/M15/IDM,61,0.11489,0.31264
29,H4/H1/M15/2R,127,-0.16758,-1.4027
29,H4/H1/M5/IDM,152,0.27762,0.92348
29,H4/H1/M5/2R,237,-0.070304,-0.7737
29,H4/M15/M5/IDM,125,-0.16359,-0.83129
29,H4/M15/M5/2R,315,-0.11593,-1.49
29,none/H4/M15/IDM,60,0.54541,1.2302
29,none/H4/M15/2R,94,0.30091,1.9573
29,none/H4/M5/IDM,94,0.3318,0.87576
29,none/H4/M5/2R,117,0.028939,0.21826
29,none/H1/M15/IDM,131,-0.041917,-0.19539
29,none/H1/M15/2R,274,-0.10988,-1.3296
29,none/H1/M5/IDM,285,0.035963,0.19589
29,none/H1/M5/2R,460,-0.017546,-0.26553
29,none/M15/M5/IDM,418,0.088867,0.77835
29,none/M15/M5/2R,1098,-0.049416,-1.1647
30,D1/H4/M15/IDM,23,,
30,D1/H4/M15/2R,33,-0.39375,-1.8081
30,D1/H4/M5/IDM,36,0.46947,0.63561
30,D1/H4/M5/2R,43,-0.10769,-0.50619
30,D1/H1/M15/IDM,43,-0.5838,-2.6549
30,D1/H1/M15/2R,81,-0.2858,-1.9773
30,D1/H1/M5/IDM,80,-0.47305,-2.005
30,D1/H1/M5/2R,119,-0.31801,-2.7059
30,D1/M15/M5/IDM,94,-0.22546,-1.1404
30,D1/M15/M5/2R,225,-0.077137,-0.82986
30,H4/H1/M15/IDM,61,-0.013559,-0.041572
30,H4/H1/M15/2R,139,0.085143,0.69917
30,H4/H1/M5/IDM,135,0.2463,0.93162
30,H4/H1/M5/2R,218,0.048974,0.50155
30,H4/M15/M5/IDM,133,-0.11464,-0.62366
30,H4/M15/M5/2R,298,0.14484,1.7079
30,none/H4/M15/IDM,51,0.10979,0.2971
30,none/H4/M15/2R,68,-0.18743,-1.1355
30,none/H4/M5/IDM,83,0.44366,1.0164
30,none/H4/M5/2R,97,-0.0076396,-0.052457
30,none/H1/M15/IDM,143,0.12205,0.57094
30,none/H1/M15/2R,296,-0.075485,-0.93622
30,none/H1/M5/IDM,293,0.18543,1.0589
30,none/H1/M5/2R,470,0.050451,0.76028
30,none/M15/M5/IDM,411,-0.12297,-1.2324
30,none/M15/M5/2R,1053,0.0021334,0.048633
31,D1/H4/M15/IDM,31,1.0119,0.96777
31,D1/H4/M15/2R,42,-0.042449,-0.19305
31,D1/H4/M5/IDM,43,0.16503,0.34007
31,D1/H4/M5/2R,50,-0.24941,-1.3268
31,D1/H1/M15/IDM,41,0.39592,0.81697
31,D1/H1/M15/2R,68,0.11907,0.66955
31,D1/H1/M5/IDM,88,0.31905,0.94894
31,D1/H1/M5/2R,128,0.12166,0.93988
31,D1/M15/M5/IDM,76,-0.17897,-0.78692
31,D1/M15/M5/2R,233,-0.14932,-1.6663
31,H4/H1/M15/IDM,68,-0.040501,-0.12469
31,H4/H1/M15/2R,129,0.025637,0.20324
31,H4/H1/M5/IDM,157,0.021839,0.094051
31,H4/H1/M5/2R,234,0.13778,1.4446
31,H4/M15/M5/IDM,117,0.020936,0.11799
31,H4/M15/M5/2R,265,-0.031123,-0.35702
31,none/H4/M15/IDM,57,1.0927,1.604
31,none/H4/M15/2R,90,-0.00048365,-0.0032167
31,none/H4/M5/IDM,92,0.63744,1.4609
31,none/H4/M5/2R,109,-0.033039,-0.24323
31,none/H1/M15/IDM,134,0.023331,0.10322
31,none/H1/M15/2R,274,0.10481,1.195
31,none/H1/M5/IDM,292,-0.0094531,-0.059872
31,none/H1/M5/2R,476,0.010414,0.1596
31,none/M15/M5/IDM,399,0.0059339,0.058772
31,none/M15/M5/2R,1105,-0.019404,-0.45593
32,D1/H4/M15/IDM,22,,
32,D1/H4/M15/2R,31,0.067704,0.25775
32,D1/H4/M5/IDM,40,-0.10054,-0.23238
32,D1/H4/M5/2R,44,-0.14408,-0.69416
32,D1/H1/M15/IDM,42,-0.43463,-1.4353
32,D1/H1/M15/2R,88,-0.046269,-0.30949
32,D1/H1/M5/IDM,91,-0.061591,-0.20239
32,D1/H1/M5/2R,145,0.027783,0.23406
32,D1/M15/M5/IDM,95,0.12328,0.53682
32,D1/M15/M5/2R,244,-0.018887,-0.20705
32,H4/H1/M15/IDM,67,0.36341,0.97383
32,H4/H1/M15/2R,145,0.051979,0.43499
32,H4/H1/M5/IDM,147,-0.2293,-1.1992
32,H4/H1/M5/2R,237,0.082999,0.88476
32,H4/M15/M5/IDM,121,0.019013,0.098281
32,H4/M15/M5/2R,310,0.027888,0.34195
32,none/H4/M15/IDM,66,-0.029025,-0.081299
32,none/H4/M15/2R,89,0.092919,0.59921
32,none/H4/M5/IDM,100,-0.17334,-0.61885
32,none/H4/M5/2R,117,0.04344,0.32442
32,none/H1/M15/IDM,129,0.028425,0.12207
32,none/H1/M15/2R,292,-0.0095818,-0.11559
32,none/H1/M5/IDM,291,-0.19536,-1.3537
32,none/H1/M5/2R,474,-0.032391,-0.50084
32,none/M15/M5/IDM,395,-0.1609,-1.6024
32,none/M15/M5/2R,1061,-0.039979,-0.9237
33,D1/H4/M15/IDM,22,,
33,D1/H4/M15/2R,35,0.0032825,0.013428
33,D1/H4/M5/IDM,42,-0.0983,-0.20777
33,D1/H4/M5/2R,50,0.17517,0.83426
33,D1/H1/M15/IDM,34,-0.59845,-2.3526
33,D1/H1/M15/2R,68,-0.10033,-0.59637
33,D1/H1/M5/IDM,78,0.059456,0.1655
33,D1/H1/M5/2R,118,-0.16434,-1.3135
33,D1/M15/M5/IDM,88,-0.12416,-0.58513
33,D1/M15/M5/2R,240,-0.10427,-1.1612
33,H4/H1/M15/IDM,61,-0.16947,-0.63749
33,H4/H1/M15/2R,131,0.12212,0.95836
33,H4/H1/M5/IDM,125,0.05966,0.21621
33,H4/H1/M5/2R,213,-0.15264,-1.6291
33,H4/M15/M5/IDM,117,-0.049334,-0.25824
33,H4/M15/M5/2R,292,-0.11633,-1.4283
33,none/H4/M15/IDM,51,-0.09983,-0.24463
33,none/H4/M15/2R,76,0.23704,1.3833
33,none/H4/M5/IDM,79,-0.1747,-0.57366
33,none/H4/M5/2R,99,0.12238,0.83361
33,none/H1/M15/IDM,107,-0.36432,-2.1515
33,none/H1/M15/2R,252,-0.13559,-1.5703
33,none/H1/M5/IDM,245,-0.17557,-1.0204
33,none/H1/M5/2R,428,-0.2202,-3.4149
33,none/M15/M5/IDM,400,-0.12101,-1.2267
33,none/M15/M5/2R,1048,-0.090583,-2.1044
34,D1/H4/M15/IDM,21,,
34,D1/H4/M15/2R,30,-0.24319,-1.0059
34,D1/H4/M5/IDM,32,0.31542,0.44176
34,D1/H4/M5/2R,38,0.39132,1.5801
34,D1/H1/M15/IDM,26,,
34,D1/H1/M15/2R,59,-0.22446,-1.2921
34,D1/H1/M5/IDM,64,-0.22432,-0.63316
34,D1/H1/M5/2R,112,-0.03394,-0.25334
34,D1/M15/M5/IDM,81,-0.11284,-0.54588
34,D1/M15/M5/2R,221,0.041417,0.43051
34,H4/H1/M15/IDM,49,-0.39119,-1.4029
34,H4/H1/M15/2R,103,-0.2222,-1.6907
34,H4/H1/M5/IDM,118,0.16826,0.49594
34,H4/H1/M5/2R,181,0.018004,0.16764
34,H4/M15/M5/IDM,117,-0.3165,-1.9048
34,H4/M15/M5/2R,284,-0.082008,-0.99075
34,none/H4/M15/IDM,60,0.098995,0.22154
34,none/H4/M15/2R,86,0.018363,0.1176
34,none/H4/M5/IDM,96,0.047817,0.13808
34,none/H4/M5/2R,115,0.19667,1.4232
34,none/H1/M15/IDM,110,-0.53002,-3.0915
34,none/H1/M15/2R,250,-0.076243,-0.86342
34,none/H1/M5/IDM,260,-0.16865,-0.89428
34,none/H1/M5/2R,441,-0.091852,-1.3749
34,none/M15/M5/IDM,400,-0.10242,-0.98765
34,none/M15/M5/2R,1060,-0.0091862,-0.21098
35,D1/H4/M15/IDM,17,,
35,D1/H4/M15/2R,26,,
35,D1/H4/M5/IDM,31,-0.88499,-4.8245
35,D1/H4/M5/2R,36,-0.36552,-1.7314
35,D1/H1/M15/IDM,31,0.57823,0.90147
35,D1/H1/M15/2R,65,0.032116,0.17825
35,D1/H1/M5/IDM,71,0.029447,0.088765
35,D1/H1/M5/2R,117,-0.19047,-1.5263
35,D1/M15/M5/IDM,91,-0.28993,-1.6203
35,D1/M15/M5/2R,240,-0.14165,-1.5889
35,H4/H1/M15/IDM,58,0.10365,0.28741
35,H4/H1/M15/2R,132,0.01127,0.090884
35,H4/H1/M5/IDM,139,0.027818,0.12206
35,H4/H1/M5/2R,228,-0.18221,-2.0418
35,H4/M15/M5/IDM,115,0.019095,0.10337
35,H4/M15/M5/2R,277,-0.0086358,-0.10105
35,none/H4/M15/IDM,60,-0.62059,-3.1114
35,none/H4/M15/2R,84,-0.38658,-2.8451
35,none/H4/M5/IDM,97,-0.33106,-1.2294
35,none/H4/M5/2R,112,-0.12014,-0.91761
35,none/H1/M15/IDM,105,0.038765,0.1445
35,none/H1/M15/2R,247,0.05423,0.59312
35,none/H1/M5/IDM,267,0.16054,0.94095
35,none/H1/M5/2R,436,-0.098552,-1.4831
35,none/M15/M5/IDM,393,0.0093257,0.089924
35,none/M15/M5/2R,1035,-0.041115,-0.93523
36,D1/H4/M15/IDM,25,,
36,D1/H4/M15/2R,37,0.59721,2.4069
36,D1/H4/M5/IDM,40,-0.62786,-3.0675
36,D1/H4/M5/2R,49,0.25971,1.2229
36,D1/H1/M15/IDM,38,0.50103,1.0904
36,D1/H1/M15/2R,77,0.27522,1.6285
36,D1/H1/M5/IDM,70,0.41188,1.1272
36,D1/H1/M5/2R,114,0.25625,1.8379
36,D1/M15/M5/IDM,108,-0.11561,-0.63948
36,D1/M15/M5/2R,255,-0.12784,-1.4857
36,H4/H1/M15/IDM,72,0.094123,0.30884
36,H4/H1/M15/2R,141,-0.10867,-0.93287
36,H4/H1/M5/IDM,134,0.20924,0.75988
36,H4/H1/M5/2R,208,0.24729,2.3995
36,H4/M15/M5/IDM,115,0.26287,1.2396
36,H4/M15/M5/2R,249,-0.082587,-0.93218
36,none/H4/M15/IDM,51,-0.45885,-1.7088
36,none/H4/M15/2R,71,0.19735,1.125
36,none/H4/M5/IDM,88,-0.43656,-1.8612
36,none/H4/M5/2R,99,0.12259,0.83512
36,none/H1/M15/IDM,127,-0.15228,-0.81015
36,none/H1/M15/2R,270,-0.15718,-1.8992
36,none/H1/M5/IDM,257,-0.013999,-0.081
36,none/H1/M5/2R,430,0.057491,0.82579
36,none/M15/M5/IDM,416,0.031921,0.31317
36,none/M15/M5/2R,1032,-0.013053,-0.29573
37,D1/H4/M15/IDM,26,,
37,D1/H4/M15/2R,36,-0.062383,-0.26851
37,D1/H4/M5/IDM,32,0.098408,0.1363
37,D1/H4/M5/2R,41,0.10141,0.43742
37,D1/H1/M15/IDM,35,-0.73142,-3.2355
37,D1/H1/M15/2R,73,-0.24797,-1.6107
37,D1/H1/M5/IDM,65,-0.34179,-1.3847
37,D1/H1/M5/2R,103,-0.031586,-0.22419
37,D1/M15/M5/IDM,83,0.49618,1.6925
37,D1/M15/M5/2R,183,-0.034838,-0.33291
37,H4/H1/M15/IDM,68,-0.4384,-1.6775
37,H4/H1/M15/2R,156,-0.15853,-1.4462
37,H4/H1/M5/IDM,142,0.14951,0.62316
37,H4/H1/M5/2R,224,0.11302,1.1534
37,H4/M15/M5/IDM,131,0.19043,0.92389
37,H4/M15/M5/2R,328,-0.030746,-0.39353
37,none/H4/M15/IDM,60,-0.29227,-1.0008
37,none/H4/M15/2R,83,-0.1492,-0.9875
37,none/H4/M5/IDM,87,-0.083214,-0.24085
37,none/H4/M5/2R,108,0.038302,0.27545
37,none/H1/M15/IDM,127,-0.34044,-1.6562
37,none/H1/M15/2R,288,-0.14577,-1.8111
37,none/H1/M5/IDM,276,-0.10074,-0.68834
37,none/H1/M5/2R,440,0.0018755,0.027507
37,none/M15/M5/IDM,411,0.026458,0.24823
37,none/M15/M5/2R,1063,-0.047796,-1.1083
38,D1/H4/M15/IDM,16,,
38,D1/H4/M15/2R,28,,
38,D1/H4/M5/IDM,26,,
38,D1/H4/M5/2R,36,0.046705,0.19381
38,D1/H1/M15/IDM,33,0.19397,0.33041
38,D1/H1/M15/2R,60,-0.014341,-0.078275
38,D1/H1/M5/IDM,76,0.20692,0.51056
38,D1/H1/M5/2R,106,-0.045126,-0.33121
38,D1/M15/M5/IDM,81,0.13157,0.49979
38,D1/M15/M5/2R,196,-0.25851,-2.7403
38,H4/H1/M15/IDM,51,0.15468,0.35529
38,H4/H1/M15/2R,118,-0.21901,-1.7692
38,H4/H1/M5/IDM,115,0.019464,0.071562
38,H4/H1/M5/2R,192,0.017356,0.16807
38,H4/M15/M5/IDM,127,0.215,1.0485
38,H4/M15/M5/2R,287,0.012261,0.14549
38,none/H4/M15/IDM,41,0.0028772,0.0057381
38,none/H4/M15/2R,70,-0.33865,-2.2591
38,none/H4/M5/IDM,81,0.084965,0.20979
38,none/H4/M5/2R,102,0.016975,0.11931
38,none/H1/M15/IDM,111,0.018956,0.072171
38,none/H1/M15/2R,246,-0.10823,-1.2246
38,none/H1/M5/IDM,252,0.13464,0.68671
38,none/H1/M5/2R,416,-0.07254,-1.0566
38,none/M15/M5/IDM,391,0.026198,0.23729
38,none/M15/M5/2R,1047,-0.11022,-2.581
39,D1/H4/M15/IDM,34,0.33164,0.42694
39,D1/H4/M15/2R,38,-0.0044641,-0.019024
39,D1/H4/M5/IDM,48,0.35951,0.70422
39,D1/H4/M5/2R,50,-0.25139,-1.3388
39,D1/H1/M15/IDM,45,0.29794,0.69729
39,D1/H1/M15/2R,88,0.12758,0.81943
39,D1/H1/M5/IDM,78,0.21347,0.62869
39,D1/H1/M5/2R,123,0.042719,0.32678
39,D1/M15/M5/IDM,105,0.2155,0.85956
39,D1/M15/M5/2R,265,-0.090008,-1.0519
39,H4/H1/M15/IDM,62,0.043767,0.13926
39,H4/H1/M15/2R,135,0.12751,1.0121
39,H4/H1/M5/IDM,112,-0.2376,-1.0804
39,H4/H1/M5/2R,215,-0.052789,-0.54975
39,H4/M15/M5/IDM,125,-0.068345,-0.36186
39,H4/M15/M5/2R,291,0.16698,1.9378
39,none/H4/M15/IDM,66,0.025657,0.053157
39,none/H4/M15/2R,79,-0.088845,-0.56369
39,none/H4/M5/IDM,100,0.17403,0.45027
39,none/H4/M5/2R,107,-0.10458,-0.77416
39,none/H1/M15/IDM,119,0.0032956,0.015034
39,none/H1/M15/2R,259,0.051629,0.57713
39,none/H1/M5/IDM,244,0.0047401,0.027575
39,none/H1/M5/2R,435,-0.076003,-1.131
39,none/M15/M5/IDM,374,-0.096796,-0.89176
39,none/M15/M5/2R,998,-0.074239,-1.6792
40,D1/H4/M15/IDM,28,,
40,D1/H4/M15/2R,41,-0.019611,-0.088063
40,D1/H4/M5/IDM,50,0.59564,0.81495
40,D1/H4/M5/2R,57,-0.3956,-2.4158
40,D1/H1/M15/IDM,51,-0.62474,-2.6938
40,D1/H1/M15/2R,79,-0.23995,-1.6064
40,D1/H1/M5/IDM,87,-0.23856,-0.60763
40,D1/H1/M5/2R,119,-0.18624,-1.5082
40,D1/M15/M5/IDM,104,-0.03659,-0.1854
40,D1/M15/M5/2R,214,-0.086061,-0.90124
40,H4/H1/M15/IDM,73,-0.1329,-0.55894
40,H4/H1/M15/2R,140,-0.017151,-0.14318
40,H4/H1/M5/IDM,145,-0.44115,-2.7362
40,H4/H1/M5/2R,218,-0.05043,-0.53199
40,H4/M15/M5/IDM,134,-0.075757,-0.4563
40,H4/M15/M5/2R,309,0.027527,0.33509
40,none/H4/M15/IDM,58,0.20179,0.44471
40,none/H4/M15/2R,84,-0.14455,-0.9664
40,none/H4/M5/IDM,101,0.10279,0.25191
40,none/H4/M5/2R,116,-0.43574,-3.8903
40,none/H1/M15/IDM,137,-0.22095,-1.3459
40,none/H1/M15/2R,287,0.030303,0.35942
40,none/H1/M5/IDM,287,-0.34225,-2.7023
40,none/H1/M5/2R,445,-0.095415,-1.4536
40,none/M15/M5/IDM,413,-0.22828,-2.6077
40,none/M15/M5/2R,1028,-0.091412,-2.0994
41,D1/H4/M15/IDM,21,,
41,D1/H4/M15/2R,28,,
41,D1/H4/M5/IDM,27,,
41,D1/H4/M5/2R,37,0.17519,0.71083
41,D1/H1/M15/IDM,40,-0.055746,-0.15509
41,D1/H1/M15/2R,74,-0.036768,-0.22545
41,D1/H1/M5/IDM,67,-0.21333,-0.71444
41,D1/H1/M5/2R,108,-0.18888,-1.4375
41,D1/M15/M5/IDM,88,0.33504,1.2656
41,D1/M15/M5/2R,227,-0.040173,-0.42726
41,H4/H1/M15/IDM,74,-0.064026,-0.23912
41,H4/H1/M15/2R,132,-0.042497,-0.34688
41,H4/H1/M5/IDM,135,-0.04973,-0.2366
41,H4/H1/M5/2R,221,-0.13301,-1.4233
41,H4/M15/M5/IDM,116,-0.036407,-0.17482
41,H4/M15/M5/2R,286,-0.062388,-0.74841
41,none/H4/M15/IDM,58,0.082889,0.18529
41,none/H4/M15/2R,79,-0.12539,-0.80414
41,none/H4/M5/IDM,94,-0.49572,-1.9332
41,none/H4/M5/2R,116,-0.035827,-0.27134
41,none/H1/M15/IDM,131,-0.30095,-1.736
41,none/H1/M15/2R,273,-0.11611,-1.3908
41,none/H1/M5/IDM,258,0.074214,0.44424
41,none/H1/M5/2R,443,0.013423,0.19667
41,none/M15/M5/IDM,381,-0.038663,-0.36106
41,none/M15/M5/2R,1073,-0.024852,-0.57311
42,D1/H4/M15/IDM,18,,
42,D1/H4/M15/2R,28,,
42,D1/H4/M5/IDM,27,,
42,D1/H4/M5/2R,33,0.33895,1.2872
42,D1/H1/M15/IDM,35,-0.047353,-0.093695
42,D1/H1/M15/2R,58,-0.21262,-1.1852
42,D1/H1/M5/IDM,73,-0.14497,-0.4491
42,D1/H1/M5/2R,104,-0.13585,-0.9991
42,D1/M15/M5/IDM,76,-0.5895,-3.3202
42,D1/M15/M5/2R,197,-0.20842,-2.1766
42,H4/H1/M15/IDM,67,-0.018153,-0.067362
42,H4/H1/M15/2R,131,-0.0040467,-0.032194
42,H4/H1/M5/IDM,127,-0.46459,-2.5797
42,H4/H1/M5/2R,212,-0.0010955,-0.011205
42,H4/M15/M5/IDM,115,-0.24778,-1.3366
42,H4/M15/M5/2R,294,-0.074761,-0.91261
42,none/H4/M15/IDM,63,-0.15384,-0.47286
42,none/H4/M15/2R,89,0.14954,0.95549
42,none/H4/M5/IDM,95,0.021655,0.056368
42,none/H4/M5/2R,110,0.11151,0.80083
42,none/H1/M15/IDM,123,0.10227,0.40726
42,none/H1/M15/2R,254,0.0044587,0.049321
42,none/H1/M5/IDM,255,-0.31541,-2.2942
42,none/H1/M5/2R,431,-0.079462,-1.1784
42,none/M15/M5/IDM,439,-0.12231,-1.2925
42,none/M15/M5/2R,1068,-0.060774,-1.4146
43,D1/H4/M15/IDM,25,,
43,D1/H4/M15/2R,36,-0.21149,-0.93856
43,D1/H4/M5/IDM,43,0.39347,0.51835
43,D1/H4/M5/2R,50,-0.13747,-0.70173
43,D1/H1/M15/IDM,44,0.066398,0.15016
43,D1/H1/M15/2R,85,0.23469,1.4507
43,D1/H1/M5/IDM,89,0.10513,0.3598
43,D1/H1/M5/2R,132,0.1195,0.92805
43,D1/M15/M5/IDM,97,0.043165,0.21694
43,D1/M15/M5/2R,240,0.019645,0.21244
43,H4/H1/M15/IDM,71,-0.35881,-1.4894
43,H4/H1/M15/2R,146,-0.050999,-0.43896
43,H4/H1/M5/IDM,137,-0.12575,-0.5772
43,H4/H1/M5/2R,225,-0.16981,-1.8581
43,H4/M15/M5/IDM,127,-0.078939,-0.48118
43,H4/M15/M5/2R,290,0.022648,0.26898
43,none/H4/M15/IDM,64,-0.43678,-1.5749
43,none/H4/M15/2R,87,-0.11212,-0.75104
43,none/H4/M5/IDM,100,-0.064081,-0.176
43,none/H4/M5/2R,118,0.054318,0.40466
43,none/H1/M15/IDM,125,0.11559,0.4242
43,none/H1/M15/2R,276,0.11769,1.3418
43,none/H1/M5/IDM,258,-0.019168,-0.11479
43,none/H1/M5/2R,454,-0.0054264,-0.080805
43,none/M15/M5/IDM,397,-0.049935,-0.49431
43,none/M15/M5/2R,1021,-0.036345,-0.82178
44,D1/H4/M15/IDM,18,,
44,D1/H4/M15/2R,25,,
44,D1/H4/M5/IDM,28,,
44,D1/H4/M5/2R,32,0.011875,0.046314
44,D1/H1/M15/IDM,28,,
44,D1/H1/M15/2R,68,-0.22909,-1.425
44,D1/H1/M5/IDM,76,-0.18528,-0.78261
44,D1/H1/M5/2R,114,-0.025615,-0.19317
44,D1/M15/M5/IDM,84,-0.087063,-0.37912
44,D1/M15/M5/2R,224,-0.018844,-0.19879
44,H4/H1/M15/IDM,68,0.45703,1.416
44,H4/H1/M15/2R,154,0.025613,0.22179
44,H4/H1/M5/IDM,140,-0.24154,-1.5058
44,H4/H1/M5/2R,236,-0.01089,-0.11757
44,H4/M15/M5/IDM,115,-0.16169,-0.82476
44,H4/M15/M5/2R,285,-0.02797,-0.33395
44,none/H4/M15/IDM,45,0.3031,0.61537
44,none/H4/M15/2R,74,0.14722,0.86471
44,none/H4/M5/IDM,82,0.099265,0.23651
44,none/H4/M5/2R,102,0.089623,0.62377
44,none/H1/M15/IDM,107,0.084033,0.34131
44,none/H1/M15/2R,268,0.026769,0.30538
44,none/H1/M5/IDM,252,0.022713,0.13013
44,none/H1/M5/2R,442,-0.028885,-0.42952
44,none/M15/M5/IDM,401,-0.062484,-0.5667
44,none/M15/M5/2R,1060,-0.074399,-1.7339
45,D1/H4/M15/IDM,21,,
45,D1/H4/M15/2R,29,,
45,D1/H4/M5/IDM,33,-0.10227,-0.16352
45,D1/H4/M5/2R,38,0.080448,0.33854
45,D1/H1/M15/IDM,41,0.017208,0.04951
45,D1/H1/M15/2R,83,-0.12979,-0.85249
45,D1/H1/M5/IDM,84,0.18198,0.54897
45,D1/H1/M5/2R,138,-0.043121,-0.36059
45,D1/M15/M5/IDM,74,0.06564,0.27811
45,D1/M15/M5/2R,222,-0.013907,-0.14558
45,H4/H1/M15/IDM,64,0.12495,0.44527
45,H4/H1/M15/2R,157,-0.014052,-0.12407
45,H4/H1/M5/IDM,145,0.13296,0.57092
45,H4/H1/M5/2R,255,-0.030641,-0.34603
45,H4/M15/M5/IDM,132,-0.11605,-0.70112
45,H4/M15/M5/2R,319,-0.059772,-0.75707
45,none/H4/M15/IDM,50,-0.42138,-1.3993
45,none/H4/M15/2R,75,-0.029579,-0.17922
45,none/H4/M5/IDM,86,0.037775,0.095683
45,none/H4/M5/2R,97,0.056719,0.38549
45,none/H1/M15/IDM,119,-0.17189,-0.91181
45,none/H1/M15/2R,284,-0.0012425,-0.014722
45,none/H1/M5/IDM,286,-0.16405,-1.1408
45,none/H1/M5/2R,495,-0.12103,-1.9531
45,none/M15/M5/IDM,390,-0.15373,-1.5809
45,none/M15/M5/2R,1043,-0.064978,-1.4979
46,D1/H4/M15/IDM,16,,
46,D1/H4/M15/2R,34,-0.051523,-0.20974
46,D1/H4/M5/IDM,36,0.24817,0.35589
46,D1/H4/M5/2R,46,-0.1779,-0.88383
46,D1/H1/M15/IDM,39,-0.58323,-2.3629
46,D1/H1/M15/2R,72,-0.11736,-0.72381
46,D1/H1/M5/IDM,84,-0.53156,-3.2435
46,D1/H1/M5/2R,132,-0.18847,-1.6003
46,D1/M15/M5/IDM,98,-0.1765,-0.89116
46,D1/M15/M5/2R,232,-0.06062,-0.65421
46,H4/H1/M15/IDM,57,-0.37991,-1.3756
46,H4/H1/M15/2R,128,-0.19976,-1.6921
46,H4/H1/M5/IDM,123,-0.2364,-0.98116
46,H4/H1/M5/2R,209,-0.042289,-0.43333
46,H4/M15/M5/IDM,122,-0.17428,-1.0088
46,H4/M15/M5/2R,292,-0.095766,-1.1737
46,none/H4/M15/IDM,58,-0.1266,-0.32275
46,none/H4/M15/2R,89,-0.15411,-1.0551
46,none/H4/M5/IDM,95,-0.24748,-0.79387
46,none/H4/M5/2R,115,-0.11452,-0.88298
46,none/H1/M15/IDM,137,-0.37915,-2.0028
46,none/H1/M15/2R,276,-0.04703,-0.55719
46,none/H1/M5/IDM,277,-0.42602,-3.0239
46,none/H1/M5/2R,456,-0.026297,-0.39659
46,none/M15/M5/IDM,413,-0.025746,-0.2538
46,none/M15/M5/2R,1042,-0.097861,-2.2769
47,D1/H4/M15/IDM,24,,
47,D1/H4/M15/2R,29,,
47,D1/H4/M5/IDM,28,,
47,D1/H4/M5/2R,34,0.1166,0.4621
47,D1/H1/M15/IDM,43,-0.1551,-0.47694
47,D1/H1/M15/2R,84,-0.0036673,-0.023504
47,D1/H1/M5/IDM,96,-0.28608,-1.2615
47,D1/H1/M5/2R,144,-0.040839,-0.34706
47,D1/M15/M5/IDM,111,0.19424,0.8683
47,D1/M15/M5/2R,280,-0.05932,-0.70758
47,H4/H1/M15/IDM,67,-0.41556,-2.0596
47,H4/H1/M15/2R,126,-0.10925,-0.88342
47,H4/H1/M5/IDM,143,-0.49744,-2.3678
47,H4/H1/M5/2R,220,-0.12055,-1.2899
47,H4/M15/M5/IDM,132,0.029309,0.13492
47,H4/M15/M5/2R,290,-0.017527,-0.2104
47,none/H4/M15/IDM,58,-0.039495,-0.11068
47,none/H4/M15/2R,84,0.043712,0.27704
47,none/H4/M5/IDM,89,-0.15038,-0.32494
47,none/H4/M5/2R,111,-0.0038653,-0.028522
47,none/H1/M15/IDM,121,-0.20035,-1.059
47,none/H1/M15/2R,250,-0.029117,-0.3248
47,none/H1/M5/IDM,269,-0.38224,-2.6031
47,none/H1/M5/2R,430,-0.1167,-1.7583
47,none/M15/M5/IDM,405,0.025887,0.23873
47,none/M15/M5/2R,1078,3.51e-05,0.00081016
48,D1/H4/M15/IDM,29,,
48,D1/H4/M15/2R,41,-0.10573,-0.49381
48,D1/H4/M5/IDM,40,0.68233,0.92326
48,D1/H4/M5/2R,51,0.26368,1.2793
48,D1/H1/M15/IDM,44,0.98484,1.4696
48,D1/H1/M15/2R,86,0.20422,1.2861
48,D1/H1/M5/IDM,99,0.33344,1.0105
48,D1/H1/M5/2R,141,-0.0033663,-0.028012
48,D1/M15/M5/IDM,100,-0.02328,-0.12015
48,D1/M15/M5/2R,249,-0.01481,-0.16426
48,H4/H1/M15/IDM,57,-0.16503,-0.42941
48,H4/H1/M15/2R,123,-0.059973,-0.47506
48,H4/H1/M5/IDM,130,-0.22264,-1.0537
48,H4/H1/M5/2R,202,0.14036,1.3541
48,H4/M15/M5/IDM,131,-0.070953,-0.42247
48,H4/M15/M5/2R,305,0.013655,0.16657
48,none/H4/M15/IDM,67,-0.10083,-0.25241
48,none/H4/M15/2R,88,-0.1582,-1.085
48,none/H4/M5/IDM,100,0.21121,0.56371
48,none/H4/M5/2R,119,0.26203,1.9152
48,none/H1/M15/IDM,98,0.3024,0.87942
48,none/H1/M15/2R,232,0.14222,1.4813
48,none/H1/M5/IDM,255,0.015398,0.082927
48,none/H1/M5/2R,403,0.11612,1.5948
48,none/M15/M5/IDM,396,-0.099077,-1.0098
48,none/M15/M5/2R,1057,-0.037221,-0.85673
49,D1/H4/M15/IDM,19,,
49,D1/H4/M15/2R,31,0.23087,0.85788
49,D1/H4/M5/IDM,40,0.48953,0.71184
49,D1/H4/M5/2R,44,0.1248,0.5619
49,D1/H1/M15/IDM,40,0.18689,0.52574
49,D1/H1/M15/2R,74,0.21456,1.2538
49,D1/H1/M5/IDM,85,0.015294,0.052578
49,D1/H1/M5/2R,117,0.044633,0.33599
49,D1/M15/M5/IDM,88,0.19305,0.6911
49,D1/M15/M5/2R,219,-0.070395,-0.74447
49,H4/H1/M15/IDM,61,0.20578,0.57025
49,H4/H1/M15/2R,122,-0.082607,-0.65914
49,H4/H1/M5/IDM,132,-0.22502,-1.0388
49,H4/H1/M5/2R,202,-0.12068,-1.2449
49,H4/M15/M5/IDM,98,-0.18001,-0.95112
49,H4/M15/M5/2R,264,-0.050745,-0.58495
49,none/H4/M15/IDM,58,-0.29993,-1.1205
49,none/H4/M15/2R,85,0.31988,1.9699
49,none/H4/M5/IDM,94,0.50382,1.2681
49,none/H4/M5/2R,105,0.17359,1.2026
49,none/H1/M15/IDM,127,-0.09236,-0.42467
49,none/H1/M15/2R,272,0.017194,0.19894
49,none/H1/M5/IDM,279,-0.16171,-1.1221
49,none/H1/M5/2R,443,-0.083566,-1.2639
49,none/M15/M5/IDM,388,-0.067516,-0.63841
49,none/M15/M5/2R,1032,-0.046229,-1.0571
50,D1/H4/M15/IDM,30,-0.88952,-4.3764
50,D1/H4/M15/2R,38,-0.43962,-2.2949
50,D1/H4/M5/IDM,36,-0.75242,-3.5846
50,D1/H4/M5/2R,45,0.3676,1.6323
50,D1/H1/M15/IDM,36,0.37227,0.84524
50,D1/H1/M15/2R,75,0.25867,1.4951
50,D1/H1/M5/IDM,70,0.18896,0.53996
50,D1/H1/M5/2R,119,0.14124,1.0579
50,D1/M15/M5/IDM,88,-0.072391,-0.33288
50,D1/M15/M5/2R,233,-0.12858,-1.4283
50,H4/H1/M15/IDM,54,0.35718,0.88126
50,H4/H1/M15/2R,117,0.13322,0.98448
50,H4/H1/M5/IDM,121,0.18034,0.62864
50,H4/H1/M5/2R,191,-0.044539,-0.43752
50,H4/M15/M5/IDM,86,-0.32889,-1.801
50,H4/M15/M5/2R,266,-0.10004,-1.1802
50,none/H4/M15/IDM,52,-0.56726,-2.8122
50,none/H4/M15/2R,69,-0.012273,-0.072262
50,none/H4/M5/IDM,76,-0.097228,-0.2673
50,none/H4/M5/2R,89,0.11562,0.74427
50,none/H1/M15/IDM,136,-0.10834,-0.51328
50,none/H1/M15/2R,280,-0.0092019,-0.10823
50,none/H1/M5/IDM,278,0.035845,0.21444
50,none/H1/M5/2R,436,0.00063457,0.0093041
50,none/M15/M5/IDM,363,-0.055144,-0.50834
50,none/M15/M5/2R,1007,-0.065897,-1.4949
51,D1/H4/M15/IDM,21,,
51,D1/H4/M15/2R,31,-0.37021,-1.6723
51,D1/H4/M5/IDM,31,-0.15258,-0.27744
51,D1/H4/M5/2R,38,0.059984,0.25578
51,D1/H1/M15/IDM,34,0.67381,1.2659
51,D1/H1/M15/2R,72,-0.18282,-1.1527
51,D1/H1/M5/IDM,91,-0.02831,-0.099135
51,D1/H1/M5/2R,129,-0.018786,-0.15068
51,D1/M15/M5/IDM,86,0.2057,0.77615
51,D1/M15/M5/2R,216,-0.063333,-0.66004
51,H4/H1/M15/IDM,64,-0.35641,-1.576
51,H4/H1/M15/2R,142,-0.075048,-0.63745
51,H4/H1/M5/IDM,143,0.1287,0.53374
51,H4/H1/M5/2R,216,0.11185,1.131
51,H4/M15/M5/IDM,107,-0.13834,-0.70421
51,H4/M15/M5/2R,296,-0.031575,-0.38384
51,none/H4/M15/IDM,52,-0.49376,-1.3976
51,none/H4/M15/2R,77,-0.18414,-1.1834
51,none/H4/M5/IDM,84,0.51417,1.0814
51,none/H4/M5/2R,100,0.17039,1.1535
51,none/H1/M15/IDM,128,-0.14555,-0.66556
51,none/H1/M15/2R,271,-0.017202,-0.19848
51,none/H1/M5/IDM,285,-0.024167,-0.14463
51,none/H1/M5/2R,442,-0.053791,-0.80394
51,none/M15/M5/IDM,383,-0.051896,-0.47679
51,none/M15/M5/2R,1014,-0.054546,-1.2333
52,D1/H4/M15/IDM,34,-0.56159,-1.5298
52,D1/H4/M15/2R,46,-0.044474,-0.2117
52,D1/H4/M5/IDM,54,0.30907,0.48902
52,D1/H4/M5/2R,58,0.012613,0.066865
52,D1/H1/M15/IDM,45,0.23719,0.56919
52,D1/H1/M15/2R,79,-0.14273,-0.93025
52,D1/H1/M5/IDM,88,-0.28592,-1.1761
52,D1/H1/M5/2R,129,-0.054139,-0.43557
52,D1/M15/M5/IDM,109,-0.29167,-1.5845
52,D1/M15/M5/2R,269,-0.051654,-0.60235
52,H4/H1/M15/IDM,54,-0.22908,-0.76647
52,H4/H1/M15/2R,113,0.04232,0.31155
52,H4/H1/M5/IDM,118,-0.048395,-0.18377
52,H4/H1/M5/2R,190,-0.10466,-1.0392
52,H4/M15/M5/IDM,94,-0.11896,-0.57171
52,H4/M15/M5/2R,263,-0.0036103,-0.041147
52,none/H4/M15/IDM,64,-0.40489,-1.5441
52,none/H4/M15/2R,90,-0.077541,-0.52633
52,none/H4/M5/IDM,104,-0.037684,-0.10172
52,none/H4/M5/2R,118,-0.14331,-1.1327
52,none/H1/M15/IDM,125,-0.10831,-0.53049
52,none/H1/M15/2R,263,0.0074986,0.084166
52,none/H1/M5/IDM,271,-0.068055,-0.4101
52,none/H1/M5/2R,431,-0.023779,-0.34799
52,none/M15/M5/IDM,395,-0.064148,-0.63427
52,none/M15/M5/2R,1028,-0.067834,-1.5534
53,D1/H4/M15/IDM,24,,
53,D1/H4/M15/2R,33,-0.1193,-0.49142
53,D1/H4/M5/IDM,40,-0.47164,-1.0738
53,D1/H4/M5/2R,45,-0.095767,-0.46103
53,D1/H1/M15/IDM,37,-0.72604,-3.3118
53,D1/H1/M15/2R,71,-0.074116,-0.45024
53,D1/H1/M5/IDM,79,-0.44416,-1.984
53,D1/H1/M5/2R,118,-0.070037,-0.53964
53,D1/M15/M5/IDM,107,-0.091516,-0.48157
53,D1/M15/M5/2R,251,-0.051921,-0.58297
53,H4/H1/M15/IDM,62,-0.54915,-2.7919
53,H4/H1/M15/2R,133,0.074965,0.59516
53,H4/H1/M5/IDM,126,-0.072182,-0.27883
53,H4/H1/M5/2R,207,-0.1043,-1.0812
53,H4/M15/M5/IDM,103,0.016804,0.07339
53,H4/M15/M5/2R,276,-0.058147,-0.68643
53,none/H4/M15/IDM,63,-0.20699,-0.68673
53,none/H4/M15/2R,92,-0.024542,-0.1672
53,none/H4/M5/IDM,115,0.43936,1.0402
53,none/H4/M5/2R,132,2.8643e-05,0.00023126
53,none/H1/M15/IDM,115,-0.040142,-0.19843
53,none/H1/M15/2R,255,0.12148,1.3276
53,none/H1/M5/IDM,249,-0.067397,-0.39034
53,none/H1/M5/2R,423,-0.072393,-1.062
53,none/M15/M5/IDM,364,0.027965,0.23857
53,none/M15/M5/2R,985,-0.020725,-0.45876
54,D1/H4/M15/IDM,18,,
54,D1/H4/M15/2R,24,,
54,D1/H4/M5/IDM,38,-0.57149,-1.6727
54,D1/H4/M5/2R,45,-0.11822,-0.55537
54,D1/H1/M15/IDM,38,-0.69364,-2.1996
54,D1/H1/M15/2R,79,-0.2092,-1.2482
54,D1/H1/M5/IDM,80,0.6832,1.5366
54,D1/H1/M5/2R,124,0.26449,1.9686
54,D1/M15/M5/IDM,99,0.031238,0.14148
54,D1/M15/M5/2R,232,-0.084936,-0.92838
54,H4/H1/M15/IDM,70,-0.18143,-0.63646
54,H4/H1/M15/2R,151,-0.11438,-0.96484
54,H4/H1/M5/IDM,152,0.20404,0.82534
54,H4/H1/M5/2R,235,-0.020862,-0.22424
54,H4/M15/M5/IDM,105,-0.29293,-1.4962
54,H4/M15/M5/2R,252,-0.071349,-0.80686
54,none/H4/M15/IDM,34,-0.2152,-0.54816
54,none/H4/M15/2R,56,0.017918,0.091122
54,none/H4/M5/IDM,72,-0.46638,-1.8594
54,none/H4/M5/2R,88,-0.093531,-0.62266
54,none/H1/M15/IDM,121,-0.33341,-1.8726
54,none/H1/M15/2R,276,-0.094067,-1.1254
54,none/H1/M5/IDM,288,0.089484,0.53803
54,none/H1/M5/2R,466,-0.018825,-0.28602
54,none/M15/M5/IDM,372,-0.14316,-1.397
54,none/M15/M5/2R,999,-0.099537,-2.2688
55,D1/H4/M15/IDM,23,,
55,D1/H4/M15/2R,37,0.0082187,0.034877
55,D1/H4/M5/IDM,38,-0.53808,-1.5102
55,D1/H4/M5/2R,48,0.15487,0.72441
55,D1/H1/M15/IDM,44,-0.5635,-2.2357
55,D1/H1/M15/2R,76,-0.28224,-1.8995
55,D1/H1/M5/IDM,85,-0.16571,-0.57067
55,D1/H1/M5/2R,131,-0.11077,-0.91197
55,D1/M15/M5/IDM,91,0.10716,0.43599
55,D1/M15/M5/2R,238,-0.099385,-1.1032
55,H4/H1/M15/IDM,51,0.59989,1.2864
55,H4/H1/M15/2R,120,-0.13323,-1.0679
55,H4/H1/M5/IDM,128,-0.10888,-0.51238
55,H4/H1/M5/2R,212,-0.065222,-0.68107
55,H4/M15/M5/IDM,120,-0.088413,-0.43786
55,H4/M15/M5/2R,281,-0.059549,-0.713
55,none/H4/M15/IDM,55,0.79633,1.4597
55,none/H4/M15/2R,80,0.0045967,0.028901
55,none/H4/M5/IDM,93,-0.79635,-5.1169
55,none/H4/M5/2R,110,-0.072177,-0.53947
55,none/H1/M15/IDM,116,-0.096831,-0.41615
55,none/H1/M15/2R,273,-0.09769,-1.1646
55,none/H1/M5/IDM,279,-0.04931,-0.34214
55,none/H1/M5/2R,455,-0.01342,-0.20247
55,none/M15/M5/IDM,372,0.017222,0.14651
55,none/M15/M5/2R,983,-0.073651,-1.6564
56,D1/H4/M15/IDM,35,0.51257,0.6875
56,D1/H4/M15/2R,46,0.056197,0.26282
56,D1/H4/M5/IDM,55,-0.10467,-0.20827
56,D1/H4/M5/2R,66,0.059188,0.32938
56,D1/H1/M15/IDM,51,0.99045,1.4889
56,D1/H1/M15/2R,93,0.19791,1.2897
56,D1/H1/M5/IDM,89,-0.16572,-0.69212
56,D1/H1/M5/2R,143,-0.15197,-1.3228
56,D1/M15/M5/IDM,92,-0.13856,-0.68767
56,D1/M15/M5/2R,246,-0.040663,-0.45153
56,H4/H1/M15/IDM,65,-0.08092,-0.20246
56,H4/H1/M15/2R,124,0.038195,0.29588
56,H4/H1/M5/IDM,134,-0.32117,-1.8857
56,H4/H1/M5/2R,206,-0.19821,-2.1041
56,H4/M15/M5/IDM,123,-0.13347,-0.72168
56,H4/M15/M5/2R,296,-0.096401,-1.1925
56,none/H4/M15/IDM,57,-0.2899,-0.76658
56,none/H4/M15/2R,84,0.10549,0.66297
56,none/H4/M5/IDM,99,0.11857,0.32313
56,none/H4/M5/2R,122,0.2725,2.0047
56,none/H1/M15/IDM,120,0.38637,1.0882
56,none/H1/M15/2R,249,0.045582,0.49934
56,none/H1/M5/IDM,262,0.086688,0.50081
56,none/H1/M5/2R,435,-0.11104,-1.6683
56,none/M15/M5/IDM,396,0.11721,1.0632
56,none/M15/M5/2R,1025,-0.0021862,-0.049188
57,D1/H4/M15/IDM,22,,
57,D1/H4/M15/2R,34,-0.10628,-0.45573
57,D1/H4/M5/IDM,42,0.89904,1.1119
57,D1/H4/M5/2R,49,-0.17399,-0.8907
57,D1/H1/M15/IDM,35,0.23611,0.43132
57,D1/H1/M15/2R,77,0.15979,0.96301
57,D1/H1/M5/IDM,73,0.14728,0.40785
57,D1/H1/M5/2R,120,-0.15569,-1.2514
57,D1/M15/M5/IDM,85,-0.48858,-2.8245
57,D1/M15/M5/2R,223,-0.022806,-0.24052
57,H4/H1/M15/IDM,65,0.19494,0.54269
57,H4/H1/M15/2R,134,-0.033374,-0.27588
57,H4/H1/M5/IDM,128,-0.28318,-1.312
57,H4/H1/M5/2R,207,-0.14537,-1.5285
57,H4/M15/M5/IDM,104,-0.12255,-0.63844
57,H4/M15/M5/2R,256,0.10616,1.1616
57,none/H4/M15/IDM,57,0.29632,0.73908
57,none/H4/M15/2R,88,0.14539,0.93681
57,none/H4/M5/IDM,91,-0.17636,-0.64775
57,none/H4/M5/2R,110,-0.017481,-0.12896
57,none/H1/M15/IDM,126,0.0078217,0.03381
57,none/H1/M15/2R,256,-0.0015714,-0.017814
57,none/H1/M5/IDM,253,-0.10099,-0.61875
57,none/H1/M5/2R,429,-0.18308,-2.8112
57,none/M15/M5/IDM,378,-0.28584,-3.2499
57,none/M15/M5/2R,1041,0.023012,0.52004
58,D1/H4/M15/IDM,35,-0.7626,-4.1118
58,D1/H4/M15/2R,43,-0.20738,-0.9861
58,D1/H4/M5/IDM,49,-0.10626,-0.19561
58,D1/H4/M5/2R,56,0.088536,0.45149
58,D1/H1/M15/IDM,36,0.48022,0.73943
58,D1/H1/M15/2R,76,0.12355,0.73579
58,D1/H1/M5/IDM,87,0.015883,0.050287
58,D1/H1/M5/2R,134,0.0020693,0.016765
58,D1/M15/M5/IDM,108,-0.073358,-0.3834
58,D1/M15/M5/2R,244,0.047298,0.50936
58,H4/H1/M15/IDM,55,0.53083,0.97748
58,H4/H1/M15/2R,126,-0.0050458,-0.039864
58,H4/H1/M5/IDM,138,-0.18502,-0.83292
58,H4/H1/M5/2R,225,-0.073531,-0.79292
58,H4/M15/M5/IDM,142,-0.17855,-1.0725
58,H4/M15/M5/2R,306,-0.092338,-1.1602
58,none/H4/M15/IDM,70,-0.29011,-1.0957
58,none/H4/M15/2R,99,-0.16132,-1.164
58,none/H4/M5/IDM,109,0.26163,0.74635
58,none/H4/M5/2R,128,0.068449,0.53358
58,none/H1/M15/IDM,117,0.14457,0.50766
58,none/H1/M15/2R,264,0.043672,0.49547
58,none/H1/M5/IDM,263,-0.21805,-1.4768
58,none/H1/M5/2R,447,-0.054139,-0.81507
58,none/M15/M5/IDM,447,-0.065181,-0.65713
58,none/M15/M5/2R,1092,-0.057889,-1.3642
59,D1/H4/M15/IDM,21,,
59,D1/H4/M15/2R,29,,
59,D1/H4/M5/IDM,36,-0.25516,-0.54326
59,D1/H4/M5/2R,44,0.12775,0.57527
59,D1/H1/M15/IDM,30,-0.20185,-0.48281
59,D1/H1/M15/2R,55,-0.26161,-1.4755
59,D1/H1/M5/IDM,63,-0.12879,-0.33888
59,D1/H1/M5/2R,103,-0.072488,-0.52464
59,D1/M15/M5/IDM,100,0.12148,0.53566
59,D1/M15/M5/2R,209,-0.03138,-0.32086
59,H4/H1/M15/IDM,54,-0.56833,-2.9362
59,H4/H1/M15/2R,122,0.14284,1.0923
59,H4/H1/M5/IDM,126,0.29588,1.0462
59,H4/H1/M5/2R,209,-0.0098396,-0.099555
59,H4/M15/M5/IDM,135,0.14088,0.7204
59,H4/M15/M5/2R,301,0.042503,0.51176
59,none/H4/M15/IDM,51,0.25059,0.60835
59,none/H4/M15/2R,71,0.19251,1.0941
59,none/H4/M5/IDM,89,0.64268,1.3385
59,none/H4/M5/2R,103,0.16235,1.1239
59,none/H1/M15/IDM,115,-0.30424,-1.6686
59,none/H1/M15/2R,271,0.094338,1.0736
59,none/H1/M5/IDM,273,0.21451,1.1276
59,none/H1/M5/2R,455,-0.0027142,-0.040617
59,none/M15/M5/IDM,433,0.076317,0.73746
59,none/M15/M5/2R,1044,0.06863,1.5389
60,D1/H4/M15/IDM,19,,
60,D1/H4/M15/2R,31,-0.27103,-1.1461
60,D1/H4/M5/IDM,35,-0.073347,-0.14801
60,D1/H4/M5/2R,42,-0.11313,-0.52344
60,D1/H1/M15/IDM,56,-0.066225,-0.18192
60,D1/H1/M15/2R,97,-0.0093929,-0.064811
60,D1/H1/M5/IDM,88,-0.052366,-0.18734
60,D1/H1/M5/2R,135,0.14433,1.1446
60,D1/M15/M5/IDM,91,0.43396,1.5391
60,D1/M15/M5/2R,214,0.093332,0.94328
60,H4/H1/M15/IDM,64,0.51878,1.0896
60,H4/H1/M15/2R,124,-0.056628,-0.44834
60,H4/H1/M5/IDM,121,0.023048,0.089965
60,H4/H1/M5/2R,198,0.1186,1.1429
60,H4/M15/M5/IDM,128,-0.2555,-1.6468
60,H4/M15/M5/2R,283,-0.1093,-1.3312
60,none/H4/M15/IDM,62,-0.056753,-0.15425
60,none/H4/M15/2R,87,-0.065973,-0.43944
60,none/H4/M5/IDM,110,-0.45998,-1.875
60,none/H4/M5/2R,127,-0.084724,-0.68209
60,none/H1/M15/IDM,135,0.36908,1.2777
60,none/H1/M15/2R,284,-0.09476,-1.1493
60,none/H1/M5/IDM,250,-0.087413,-0.58635
60,none/H1/M5/2R,436,0.06242,0.9037
60,none/M15/M5/IDM,384,0.061744,0.56799
60,none/M15/M5/2R,1026,-0.035167,-0.80038
61,D1/H4/M15/IDM,25,,
61,D1/H4/M15/2R,36,0.47416,1.8725
61,D1/H4/M5/IDM,35,0.22322,0.36681
61,D1/H4/M5/2R,44,-0.0070189,-0.032552
61,D1/H1/M15/IDM,32,0.80209,1.2562
61,D1/H1/M15/2R,61,0.10455,0.55545
61,D1/H1/M5/IDM,71,-0.30094,-0.98202
61,D1/H1/M5/2R,106,-0.23847,-1.8417
61,D1/M15/M5/IDM,71,0.48951,1.6416
61,D1/M15/M5/2R,204,-0.0015798,-0.015825
61,H4/H1/M15/IDM,53,-0.37253,-1.653
61,H4/H1/M15/2R,112,-0.1468,-1.1467
61,H4/H1/M5/IDM,125,-0.367,-2.0609
61,H4/H1/M5/2R,204,-0.19366,-2.0573
61,H4/M15/M5/IDM,113,0.22095,1.0713
61,H4/M15/M5/2R,260,-0.057001,-0.65288
61,none/H4/M15/IDM,55,-0.10087,-0.32368
61,none/H4/M15/2R,85,0.1835,1.156
61,none/H4/M5/IDM,96,-0.38429,-1.1831
61,none/H4/M5/2R,117,-0.10734,-0.83609
61,none/H1/M15/IDM,118,0.074925,0.31735
61,none/H1/M15/2R,271,0.014232,0.16525
61,none/H1/M5/IDM,268,-0.023119,-0.13718
61,none/H1/M5/2R,464,-0.070226,-1.0826
61,none/M15/M5/IDM,393,0.089328,0.83081
61,none/M15/M5/2R,1090,-0.017151,-0.39992
62,D1/H4/M15/IDM,26,,
62,D1/H4/M15/2R,38,0.079129,0.33299
62,D1/H4/M5/IDM,38,0.24767,0.30554
62,D1/H4/M5/2R,47,0.060964,0.28618
62,D1/H1/M15/IDM,47,-0.51511,-2.1693
62,D1/H1/M15/2R,94,-0.2571,-1.8963
62,D1/H1/M5/IDM,81,0.038503,0.10567
62,D1/H1/M5/2R,140,-0.14739,-1.2786
62,D1/M15/M5/IDM,95,0.1021,0.41524
62,D1/M15/M5/2R,257,-0.10001,-1.1559
62,H4/H1/M15/IDM,67,-0.22221,-0.8285
62,H4/H1/M15/2R,128,-0.037418,-0.29969
62,H4/H1/M5/IDM,134,-0.010026,-0.040516
62,H4/H1/M5/2R,209,-0.078858,-0.81674
62,H4/M15/M5/IDM,114,0.019861,0.095782
62,H4/M15/M5/2R,292,-0.13637,-1.6971
62,none/H4/M15/IDM,56,0.16124,0.35688
62,none/H4/M15/2R,88,0.093922,0.60389
62,none/H4/M5/IDM,98,0.38964,0.84467
62,none/H4/M5/2R,121,-0.017877,-0.13792
62,none/H1/M15/IDM,121,-0.17671,-0.89531
62,none/H1/M15/2R,263,-0.0087838,-0.10034
62,none/H1/M5/IDM,245,-0.011165,-0.059237
62,none/H1/M5/2R,425,-0.045307,-0.66444
62,none/M15/M5/IDM,389,-0.019641,-0.18468
62,none/M15/M5/2R,1055,0.011121,0.25329
63,D1/H4/M15/IDM,26,,
63,D1/H4/M15/2R,39,-0.34141,-1.6545
63,D1/H4/M5/IDM,41,-0.35283,-1.0457
63,D1/H4/M5/2R,51,-0.37607,-2.1532
63,D1/H1/M15/IDM,36,1.0604,2.1475
63,D1/H1/M15/2R,71,0.26788,1.5073
63,D1/H1/M5/IDM,67,0.37119,0.95014
63,D1/H1/M5/2R,110,0.035476,0.25871
63,D1/M15/M5/IDM,96,-0.082574,-0.43734
63,D1/M15/M5/2R,239,0.017295,0.18697
63,H4/H1/M15/IDM,57,0.56109,1.3848
63,H4/H1/M15/2R,130,0.082642,0.64604
63,H4/H1/M5/IDM,124,-0.28069,-1.2162
63,H4/H1/M5/2R,204,-0.030037,-0.30375
63,H4/M15/M5/IDM,125,-0.057099,-0.32489
63,H4/M15/M5/2R,298,-0.074795,-0.92429
63,none/H4/M15/IDM,62,-0.057422,-0.17847
63,none/H4/M15/2R,89,-0.15345,-1.0612
63,none/H4/M5/IDM,101,0.45012,0.9492
63,none/H4/M5/2R,117,-0.097086,-0.75621
63,none/H1/M15/IDM,105,0.043791,0.19163
63,none/H1/M15/2R,245,0.013035,0.14296
63,none/H1/M5/IDM,241,0.09376,0.46785
63,none/H1/M5/2R,393,0.077612,1.0636
63,none/M15/M5/IDM,389,0.21211,1.8617
63,none/M15/M5/2R,1044,0.034153,0.771
64,D1/H4/M15/IDM,28,,
64,D1/H4/M15/2R,36,0.11173,0.45043
64,D1/H4/M5/IDM,32,0.13384,0.22187
64,D1/H4/M5/2R,40,0.010108,0.043903
64,D1/H1/M15/IDM,31,-0.439,-1.3051
64,D1/H1/M15/2R,71,-0.13317,-0.82515
64,D1/H1/M5/IDM,75,-0.08746,-0.26805
64,D1/H1/M5/2R,117,0.27298,2.0008
64,D1/M15/M5/IDM,102,-0.20243,-1.0229
64,D1/M15/M5/2R,244,-0.20765,-2.4014
64,H4/H1/M15/IDM,66,-0.14943,-0.57299
64,H4/H1/M15/2R,133,-0.027195,-0.22232
64,H4/H1/M5/IDM,124,-0.19262,-0.78378
64,H4/H1/M5/2R,199,-0.029467,-0.29082
64,H4/M15/M5/IDM,129,-0.34212,-2.19
64,H4/M15/M5/2R,325,-0.0952,-1.2355
64,none/H4/M15/IDM,61,0.29622,0.49417
64,none/H4/M15/2R,89,0.12343,0.78299
64,none/H4/M5/IDM,93,0.30235,0.75278
64,none/H4/M5/2R,111,0.16765,1.1942
64,none/H1/M15/IDM,112,-0.098718,-0.48373
64,none/H1/M15/2R,253,2.861e-05,0.00032011
64,none/H1/M5/IDM,267,-0.081225,-0.47676
64,none/H1/M5/2R,439,0.010174,0.14867
64,none/M15/M5/IDM,374,-0.17147,-1.7217
64,none/M15/M5/2R,1065,-0.091814,-2.148
65,D1/H4/M15/IDM,23,,
65,D1/H4/M15/2R,34,0.031064,0.12397
65,D1/H4/M5/IDM,36,0.16099,0.28292
65,D1/H4/M5/2R,42,0.039847,0.17701
65,D1/H1/M15/IDM,49,-0.33073,-1.2734
65,D1/H1/M15/2R,78,0.050869,0.3132
65,D1/H1/M5/IDM,92,0.071679,0.23811
65,D1/H1/M5/2R,133,-0.072694,-0.59934
65,D1/M15/M5/IDM,115,-0.094349,-0.45482
65,D1/M15/M5/2R,249,-0.086176,-0.97268
65,H4/H1/M15/IDM,66,-0.15449,-0.51075
65,H4/H1/M15/2R,149,0.22581,1.8647
65,H4/H1/M5/IDM,142,0.087999,0.36809
65,H4/H1/M5/2R,234,0.013682,0.1465
65,H4/M15/M5/IDM,123,-0.31479,-1.7886
65,H4/M15/M5/2R,266,-0.13532,-1.6126
65,none/H4/M15/IDM,55,0.72285,1.3473
65,none/H4/M15/2R,86,0.11599,0.7314
65,none/H4/M5/IDM,90,0.39859,1.1155
65,none/H4/M5/2R,109,0.37525,2.611
65,none/H1/M15/IDM,128,-0.13761,-0.67028
65,none/H1/M15/2R,283,0.022734,0.26738
65,none/H1/M5/IDM,284,-0.003044,-0.018426
65,none/H1/M5/2R,464,-0.07459,-1.1477
65,none/M15/M5/IDM,394,-0.15703,-1.5312
65,none/M15/M5/2R,966,-0.012973,-0.28401
66,D1/H4/M15/IDM,20,,
66,D1/H4/M15/2R,25,,
66,D1/H4/M5/IDM,31,-0.3958,-1.2089
66,D1/H4/M5/2R,37,-0.035298,-0.15075
66,D1/H1/M15/IDM,32,0.018442,0.048018
66,D1/H1/M15/2R,61,-0.21052,-1.2396
66,D1/H1/M5/IDM,64,-0.42072,-1.9539
66,D1/H1/M5/2R,101,0.079855,0.55352
66,D1/M15/M5/IDM,95,-0.68724,-6.34
66,D1/M15/M5/2R,240,-0.11559,-1.2987
66,H4/H1/M15/IDM,67,-0.096127,-0.40692
66,H4/H1/M15/2R,124,-0.053014,-0.42188
66,H4/H1/M5/IDM,129,-0.15685,-0.70174
66,H4/H1/M5/2R,195,0.025772,0.25096
66,H4/M15/M5/IDM,117,0.0032519,0.01846
66,H4/M15/M5/2R,286,0.025296,0.29853
66,none/H4/M15/IDM,58,-0.51148,-2.2231
66,none/H4/M15/2R,79,-0.2484,-1.6897
66,none/H4/M5/IDM,89,-0.11413,-0.29112
66,none/H4/M5/2R,106,-0.16905,-1.279
66,none/H1/M15/IDM,119,-0.15269,-0.84888
66,none/H1/M15/2R,243,-0.023209,-0.25693
66,none/H1/M5/IDM,255,-0.29697,-2.1131
66,none/H1/M5/2R,412,-0.19192,-2.8996
66,none/M15/M5/IDM,422,-0.13961,-1.5361
66,none/M15/M5/2R,1071,-0.064821,-1.5149
67,D1/H4/M15/IDM,26,,
67,D1/H4/M15/2R,37,0.0035368,0.01488
67,D1/H4/M5/IDM,50,-0.37068,-1.3377
67,D1/H4/M5/2R,58,0.097589,0.51176
67,D1/H1/M15/IDM,39,0.091962,0.23326
67,D1/H1/M15/2R,74,0.091951,0.5466
67,D1/H1/M5/IDM,76,0.24495,0.6313
67,D1/H1/M5/2R,112,0.0075777,0.056316
67,D1/M15/M5/IDM,91,-0.052217,-0.24968
67,D1/M15/M5/2R,250,-0.049482,-0.55291
67,H4/H1/M15/IDM,59,0.34265,0.64388
67,H4/H1/M15/2R,136,-0.00039923,-0.0032804
67,H4/H1/M5/IDM,119,-0.10518,-0.4268
67,H4/H1/M5/2R,209,-0.067988,-0.70075
67,H4/M15/M5/IDM,115,0.24345,1.1753
67,H4/M15/M5/2R,312,-0.043088,-0.53845
67,none/H4/M15/IDM,55,0.031136,0.072886
67,none/H4/M15/2R,82,-0.016587,-0.10505
67,none/H4/M5/IDM,91,-0.49351,-2.6923
67,none/H4/M5/2R,115,-0.051412,-0.39374
67,none/H1/M15/IDM,124,0.23038,0.7149
67,none/H1/M15/2R,283,-0.047553,-0.57316
67,none/H1/M5/IDM,267,0.01876,0.11093
67,none/H1/M5/2R,450,-0.078758,-1.197
67,none/M15/M5/IDM,359,0.11781,0.97812
67,none/M15/M5/2R,1028,-0.012865,-0.29033
68,D1/H4/M15/IDM,22,,
68,D1/H4/M15/2R,34,-0.071731,-0.29593
68,D1/H4/M5/IDM,41,-0.16671,-0.38946
68,D1/H4/M5/2R,48,-0.23696,-1.2322
68,D1/H1/M15/IDM,33,0.16692,0.38537
68,D1/H1/M15/2R,65,0.16534,0.89849
68,D1/H1/M5/IDM,68,-0.076305,-0.20042
68,D1/H1/M5/2R,109,-0.021418,-0.15758
68,D1/M15/M5/IDM,93,-0.18164,-0.8461
68,D1/M15/M5/2R,227,0.015914,0.16756
68,H4/H1/M15/IDM,55,-0.17033,-0.57638
68,H4/H1/M15/2R,125,0.074415,0.57421
68,H4/H1/M5/IDM,131,-0.020731,-0.09665
68,H4/H1/M5/2R,214,-0.037127,-0.38423
68,H4/M15/M5/IDM,132,0.076212,0.38161
68,H4/M15/M5/2R,286,0.0052378,0.061818
68,none/H4/M15/IDM,43,-0.71142,-3.7575
68,none/H4/M15/2R,75,-0.39836,-2.7766
68,none/H4/M5/IDM,82,-0.2318,-0.66255
68,none/H4/M5/2R,100,-0.32536,-2.5337
68,none/H1/M15/IDM,116,-0.22314,-1.1895
68,none/H1/M15/2R,264,-0.0081565,-0.09299
68,none/H1/M5/IDM,270,-0.096379,-0.64205
68,none/H1/M5/2R,441,-0.077675,-1.1669
68,none/M15/M5/IDM,411,-0.080996,-0.79587
68,none/M15/M5/2R,1021,-0.069947,-1.5954
69,D1/H4/M15/IDM,19,,
69,D1/H4/M15/2R,27,,
69,D1/H4/M5/IDM,30,0.36086,0.41193
69,D1/H4/M5/2R,38,0.0014274,0.0061335
69,D1/H1/M15/IDM,32,-0.25821,-0.79488
69,D1/H1/M15/2R,68,-0.13433,-0.78917
69,D1/H1/M5/IDM,72,-0.18759,-0.64152
69,D1/H1/M5/2R,118,0.12791,0.94097
69,D1/M15/M5/IDM,87,-0.27131,-1.4306
69,D1/M15/M5/2R,229,-0.11373,-1.235
69,H4/H1/M15/IDM,53,0.19384,0.52891
69,H4/H1/M15/2R,108,0.070398,0.50369
69,H4/H1/M5/IDM,126,0.59425,1.5968
69,H4/H1/M5/2R,199,-0.017377,-0.17177
69,H4/M15/M5/IDM,99,-0.40989,-2.3314
69,H4/M15/M5/2R,260,-0.12617,-1.4781
69,none/H4/M15/IDM,48,0.34638,0.59811
69,none/H4/M15/2R,64,0.042554,0.23625
69,none/H4/M5/IDM,77,0.53883,1.0502
69,none/H4/M5/2R,88,0.031591,0.2044
69,none/H1/M15/IDM,111,-0.099263,-0.44679
69,none/H1/M15/2R,238,0.025764,0.27717
69,none/H1/M5/IDM,261,0.12963,0.6571
69,none/H1/M5/2R,437,-0.089509,-1.336
69,none/M15/M5/IDM,391,-0.28533,-2.9884
69,none/M15/M5/2R,1043,-0.10254,-2.3824
70,D1/H4/M15/IDM,22,,
70,D1/H4/M15/2R,30,0.27274,0.99295
70,D1/H4/M5/IDM,29,,
70,D1/H4/M5/2R,35,-0.43225,-2.1263
70,D1/H1/M15/IDM,30,0.22542,0.51614
70,D1/H1/M15/2R,77,-0.090077,-0.56692
70,D1/H1/M5/IDM,72,0.42367,1.0575
70,D1/H1/M5/2R,121,-0.21032,-1.7225
70,D1/M15/M5/IDM,98,-0.34139,-1.8962
70,D1/M15/M5/2R,237,-0.098881,-1.1013
70,H4/H1/M15/IDM,57,-0.28354,-1.087
70,H4/H1/M15/2R,133,-0.12496,-1.0455
70,H4/H1/M5/IDM,130,0.74227,1.9327
70,H4/H1/M5/2R,216,-0.10953,-1.1649
70,H4/M15/M5/IDM,134,0.054976,0.30831
70,H4/M15/M5/2R,310,-0.11446,-1.4656
70,none/H4/M15/IDM,54,-0.3961,-1.3752
70,none/H4/M15/2R,72,0.13826,0.79716
70,none/H4/M5/IDM,81,-0.17031,-0.45221
70,none/H4/M5/2R,97,-0.13392,-0.96202
70,none/H1/M15/IDM,122,0.030256,0.15042
70,none/H1/M15/2R,270,-0.11458,-1.3723
70,none/H1/M5/IDM,263,0.12706,0.61987
70,none/H1/M5/2R,434,-0.13121,-1.9953
70,none/M15/M5/IDM,394,-0.20249,-2.0919
70,none/M15/M5/2R,1047,-0.13647,-3.2366
71,D1/H4/M15/IDM,19,,
71,D1/H4/M15/2R,26,,
71,D1/H4/M5/IDM,32,0.093927,0.13553
71,D1/H4/M5/2R,37,-0.38667,-1.8594
71,D1/H1/M15/IDM,25,,
71,D1/H1/M15/2R,68,0.075526,0.42868
71,D1/H1/M5/IDM,62,0.11418,0.26951
71,D1/H1/M5/2R,115,-0.06036,-0.45933
71,D1/M15/M5/IDM,103,-0.042479,-0.17935
71,D1/M15/M5/2R,237,-0.17851,-2.0391
71,H4/H1/M15/IDM,49,0.14872,0.41143
71,H4/H1/M15/2R,130,0.24971,1.9147
71,H4/H1/M5/IDM,119,0.45469,1.4736
71,H4/H1/M5/2R,207,-0.032957,-0.33343
71,H4/M15/M5/IDM,124,-0.15094,-0.77962
71,H4/M15/M5/2R,274,-0.16441,-2.0013
71,none/H4/M15/IDM,54,0.27007,0.52351
71,none/H4/M15/2R,77,0.056117,0.3371
71,none/H4/M5/IDM,88,-0.31357,-1.0866
71,none/H4/M5/2R,103,-0.060191,-0.43239
71,none/H1/M15/IDM,109,0.28594,1.2286
71,none/H1/M15/2R,281,0.20255,2.3021
71,none/H1/M5/IDM,262,0.2268,1.268
71,none/H1/M5/2R,457,-0.056913,-0.86563
71,none/M15/M5/IDM,374,-0.0053726,-0.045448
71,none/M15/M5/2R,1022,-0.10731,-2.4794
72,D1/H4/M15/IDM,19,,
72,D1/H4/M15/2R,30,-0.30202,-1.289
72,D1/H4/M5/IDM,30,0.15246,0.19481
72,D1/H4/M5/2R,37,0.090321,0.36814
72,D1/H1/M15/IDM,35,0.30158,0.56813
72,D1/H1/M15/2R,77,-0.07168,-0.45263
72,D1/H1/M5/IDM,74,0.33185,0.85326
72,D1/H1/M5/2R,125,0.11746,0.89553
72,D1/M15/M5/IDM,66,0.058704,0.21828
72,D1/M15/M5/2R,196,0.064201,0.62366
72,H4/H1/M15/IDM,57,0.73892,1.6498
72,H4/H1/M15/2R,138,0.15247,1.2239
72,H4/H1/M5/IDM,134,0.099447,0.38906
72,H4/H1/M5/2R,225,-0.059744,-0.64122
72,H4/M15/M5/IDM,120,0.094699,0.47131
72,H4/M15/M5/2R,276,0.11228,1.2804
72,none/H4/M15/IDM,43,-0.81027,-4.5163
72,none/H4/M15/2R,71,-0.04967,-0.29947
72,none/H4/M5/IDM,70,0.67055,1.1114
72,none/H4/M5/2R,89,-0.076176,-0.51413
72,none/H1/M15/IDM,106,-0.14154,-0.59268
72,none/H1/M15/2R,260,0.10551,1.1818
72,none/H1/M5/IDM,252,0.085577,0.44362
72,none/H1/M5/2R,421,-0.060851,-0.88853
72,none/M15/M5/IDM,387,0.1841,1.5869
72,none/M15/M5/2R,1034,0.012098,0.27241
73,D1/H4/M15/IDM,22,,
73,D1/H4/M15/2R,31,0.03347,0.12794
73,D1/H4/M5/IDM,33,-0.62507,-1.8132
73,D1/H4/M5/2R,41,0.2088,0.88933
73,D1/H1/M15/IDM,35,-0.56083,-1.7424
73,D1/H1/M15/2R,68,0.056624,0.32071
73,D1/H1/M5/IDM,81,-0.10922,-0.34696
73,D1/H1/M5/2R,120,-0.071942,-0.56421
73,D1/M15/M5/IDM,93,-0.22319,-1.1993
73,D1/M15/M5/2R,206,0.12268,1.2091
73,H4/H1/M15/IDM,75,-0.027808,-0.087899
73,H4/H1/M15/2R,160,-0.13555,-1.247
73,H4/H1/M5/IDM,143,0.15505,0.58285
73,H4/H1/M5/2R,226,-0.18487,-2.0598
73,H4/M15/M5/IDM,124,0.10202,0.50053
73,H4/M15/M5/2R,290,0.0996,1.1665
73,none/H4/M15/IDM,66,-0.4008,-1.5392
73,none/H4/M15/2R,94,-0.17309,-1.2258
73,none/H4/M5/IDM,96,-0.26873,-1.0963
73,none/H4/M5/2R,117,0.11904,0.87923
73,none/H1/M15/IDM,126,0.073174,0.30514
73,none/H1/M15/2R,294,-0.058188,-0.7111
73,none/H1/M5/IDM,281,-0.032901,-0.20001
73,none/H1/M5/2R,465,-0.089489,-1.3858
73,none/M15/M5/IDM,388,0.050049,0.44947
73,none/M15/M5/2R,1035,0.011262,0.25376
74,D1/H4/M15/IDM,19,,
74,D1/H4/M15/2R,31,-0.28006,-1.1526
74,D1/H4/M5/IDM,32,-0.12006,-0.2039
74,D1/H4/M5/2R,40,0.4455,1.8222
74,D1/H1/M15/IDM,27,,
74,D1/H1/M15/2R,70,-0.00072128,-0.004235
74,D1/H1/M5/IDM,69,0.1344,0.35735
74,D1/H1/M5/2R,114,0.099988,0.72981
74,D1/M15/M5/IDM,87,0.39746,1.6951
74,D1/M15/M5/2R,213,-0.004181,-0.042713
74,H4/H1/M15/IDM,50,0.18686,0.54149
74,H4/H1/M15/2R,117,-0.14016,-1.1041
74,H4/H1/M5/IDM,118,0.12719,0.4505
74,H4/H1/M5/2R,209,-0.027144,-0.27633
74,H4/M15/M5/IDM,114,-0.037421,-0.19584
74,H4/M15/M5/2R,282,-0.075682,-0.90859
74,none/H4/M15/IDM,63,-0.19198,-0.54124
74,none/H4/M15/2R,87,-0.35581,-2.6003
74,none/H4/M5/IDM,96,-0.48076,-2.1933
74,none/H4/M5/2R,114,-0.14183,-1.0943
74,none/H1/M15/IDM,102,0.23839,0.9915
74,none/H1/M15/2R,246,0.031009,0.34116
74,none/H1/M5/IDM,264,0.12322,0.65583
74,none/H1/M5/2R,447,-0.063865,-0.96239
74,none/M15/M5/IDM,397,-0.12837,-1.2991
74,none/M15/M5/2R,1041,-0.019622,-0.44664
75,D1/H4/M15/IDM,21,,
75,D1/H4/M15/2R,26,,
75,D1/H4/M5/IDM,34,-0.73364,-2.9552
75,D1/H4/M5/2R,39,0.10114,0.42286
75,D1/H1/M15/IDM,37,-0.27787,-0.86514
75,D1/H1/M15/2R,72,0.011082,0.0655
75,D1/H1/M5/IDM,63,0.033862,0.10374
75,D1/H1/M5/2R,107,-0.01392,-0.10147
75,D1/M15/M5/IDM,89,-0.28163,-1.4958
75,D1/M15/M5/2R,212,-0.23356,-2.5765
75,H4/H1/M15/IDM,65,0.047044,0.15342
75,H4/H1/M15/2R,132,0.056337,0.44815
75,H4/H1/M5/IDM,114,-0.36808,-1.9193
75,H4/H1/M5/2R,211,-0.15962,-1.7051
75,H4/M15/M5/IDM,128,-0.23214,-1.444
75,H4/M15/M5/2R,286,-0.12121,-1.4832
75,none/H4/M15/IDM,50,-0.024565,-0.063501
75,none/H4/M15/2R,80,0.0306,0.1904
75,none/H4/M5/IDM,91,-0.014581,-0.036639
75,none/H4/M5/2R,110,-0.15612,-1.1957
75,none/H1/M15/IDM,110,0.21385,0.8382
75,none/H1/M15/2R,251,-0.052208,-0.5885
75,none/H1/M5/IDM,250,0.011567,0.070307
75,none/H1/M5/2R,425,-0.057274,-0.84225
75,none/M15/M5/IDM,373,-0.034609,-0.33333
75,none/M15/M5/2R,987,-0.016939,-0.37655
76,D1/H4/M15/IDM,24,,
76,D1/H4/M15/2R,35,0.17129,0.67731
76,D1/H4/M5/IDM,40,1.8787,2.1491
76,D1/H4/M5/2R,49,-0.2349,-1.2384
76,D1/H1/M15/IDM,36,-0.4902,-1.5504
76,D1/H1/M15/2R,63,0.11362,0.61498
76,D1/H1/M5/IDM,79,-0.24499,-0.9215
76,D1/H1/M5/2R,120,-0.0098255,-0.075444
76,D1/M15/M5/IDM,101,-0.31351,-1.8051
76,D1/M15/M5/2R,252,0.013562,0.15054
76,H4/H1/M15/IDM,62,-0.30828,-1.2085
76,H4/H1/M15/2R,134,-0.0021166,-0.017289
76,H4/H1/M5/IDM,138,-0.16227,-0.77715
76,H4/H1/M5/2R,238,-0.053178,-0.58108
76,H4/M15/M5/IDM,133,-0.26438,-1.5028
76,H4/M15/M5/2R,334,-0.17795,-2.3957
76,none/H4/M15/IDM,49,0.57469,0.99889
76,none/H4/M15/2R,78,0.12357,0.74552
76,none/H4/M5/IDM,85,0.78702,1.649
76,none/H4/M5/2R,103,-0.01257,-0.089765
76,none/H1/M15/IDM,121,0.014059,0.0628
76,none/H1/M15/2R,286,-0.03471,-0.4166
76,none/H1/M5/IDM,281,-0.076285,-0.47954
76,none/H1/M5/2R,465,-0.021472,-0.32469
76,none/M15/M5/IDM,418,-0.095323,-0.94563
76,none/M15/M5/2R,1063,-0.0091567,-0.20977
77,D1/H4/M15/IDM,28,,
77,D1/H4/M15/2R,40,-0.35523,-1.758
77,D1/H4/M5/IDM,48,0.78399,1.1299
77,D1/H4/M5/2R,56,0.59399,2.9879
77,D1/H1/M15/IDM,28,,
77,D1/H1/M15/2R,71,0.032556,0.18942
77,D1/H1/M5/IDM,86,0.45834,1.3899
77,D1/H1/M5/2R,125,0.028437,0.22122
77,D1/M15/M5/IDM,106,0.073639,0.35084
77,D1/M15/M5/2R,269,0.011445,0.13172
77,H4/H1/M15/IDM,60,0.58051,1.4558
77,H4/H1/M15/2R,144,-0.089147,-0.76382
77,H4/H1/M5/IDM,137,0.80358,2.3543
77,H4/H1/M5/2R,234,0.045764,0.48675
77,H4/M15/M5/IDM,125,0.054042,0.29243
77,H4/M15/M5/2R,299,0.038952,0.46891
77,none/H4/M15/IDM,63,-0.4411,-1.687
77,none/H4/M15/2R,95,-0.2969,-2.2351
77,none/H4/M5/IDM,106,0.77935,1.7697
77,none/H4/M5/2R,128,0.31533,2.401
77,none/H1/M15/IDM,107,0.090102,0.36307
77,none/H1/M15/2R,255,-0.11948,-1.3779
77,none/H1/M5/IDM,273,0.45813,2.253
77,none/H1/M5/2R,447,-0.035293,-0.52768
77,none/M15/M5/IDM,402,-0.15331,-1.6681
77,none/M15/M5/2R,1046,-0.034828,-0.79861
78,D1/H4/M15/IDM,25,,
78,D1/H4/M15/2R,37,0.18903,0.77559
78,D1/H4/M5/IDM,43,0.23006,0.48267
78,D1/H4/M5/2R,49,0.0012507,0.0060588
78,D1/H1/M15/IDM,37,-0.058704,-0.13733
78,D1/H1/M15/2R,74,-0.065831,-0.40489
78,D1/H1/M5/IDM,79,0.13232,0.42977
78,D1/H1/M5/2R,127,0.023042,0.18132
78,D1/M15/M5/IDM,92,-0.2407,-1.1954
78,D1/M15/M5/2R,222,-0.10857,-1.1777
78,H4/H1/M15/IDM,57,0.32981,0.73718
78,H4/H1/M15/2R,130,-0.026938,-0.21723
78,H4/H1/M5/IDM,116,0.72803,1.7285
78,H4/H1/M5/2R,205,0.0037536,0.037608
78,H4/M15/M5/IDM,107,-0.24614,-1.4875
78,H4/M15/M5/2R,258,0.026521,0.29788
78,none/H4/M15/IDM,53,-0.11676,-0.30073
78,none/H4/M15/2R,82,0.13502,0.83189
78,none/H4/M5/IDM,93,0.43866,0.93662
78,none/H4/M5/2R,112,0.037441,0.27383
78,none/H1/M15/IDM,111,0.098556,0.35512
78,none/H1/M15/2R,253,-0.020328,-0.22831
78,none/H1/M5/IDM,249,0.34943,1.5429
78,none/H1/M5/2R,419,0.044515,0.63365
78,none/M15/M5/IDM,403,-0.18126,-1.8921
78,none/M15/M5/2R,1038,-0.0050915,-0.11568
79,D1/H4/M15/IDM,20,,
79,D1/H4/M15/2R,27,,
79,D1/H4/M5/IDM,34,0.60822,0.6622
79,D1/H4/M5/2R,41,0.065379,0.28718
79,D1/H1/M15/IDM,32,-0.57026,-2.5402
79,D1/H1/M15/2R,69,-0.0045488,-0.026762
79,D1/H1/M5/IDM,69,0.055467,0.15103
79,D1/H1/M5/2R,119,-0.19623,-1.59
79,D1/M15/M5/IDM,91,0.532,2.1225
79,D1/M15/M5/2R,245,-0.0059347,-0.065293
79,H4/H1/M15/IDM,62,-0.16139,-0.6198
79,H4/H1/M15/2R,119,0.079865,0.60175
79,H4/H1/M5/IDM,124,0.31915,1.0383
79,H4/H1/M5/2R,207,0.10202,1.0073
79,H4/M15/M5/IDM,123,0.41436,1.8804
79,H4/M15/M5/2R,287,-0.046927,-0.56353
79,none/H4/M15/IDM,50,0.33461,0.90297
79,none/H4/M15/2R,68,0.3716,2.0497
79,none/H4/M5/IDM,80,0.19493,0.42141
79,none/H4/M5/2R,95,-0.021134,-0.14503
79,none/H1/M15/IDM,117,0.29947,1.2212
79,none/H1/M15/2R,246,0.13298,1.431
79,none/H1/M5/IDM,254,0.1708,0.90932
79,none/H1/M5/2R,431,0.0073456,0.10676
79,none/M15/M5/IDM,425,0.2864,2.5402
79,none/M15/M5/2R,1062,-0.002263,-0.051861
80,D1/H4/M15/IDM,19,,
80,D1/H4/M15/2R,29,,
80,D1/H4/M5/IDM,37,0.057694,0.12494
80,D1/H4/M5/2R,43,0.22538,0.98906
80,D1/H1/M15/IDM,27,,
80,D1/H1/M15/2R,69,-0.2483,-1.5542
80,D1/H1/M5/IDM,78,-0.16975,-0.57083
80,D1/H1/M5/2R,127,-0.041779,-0.33271
80,D1/M15/M5/IDM,88,-0.070324,-0.33286
80,D1/M15/M5/2R,232,-0.032229,-0.34706
80,H4/H1/M15/IDM,62,0.23868,0.59797
80,H4/H1/M15/2R,136,-0.18779,-1.6309
80,H4/H1/M5/IDM,135,0.34507,1.3241
80,H4/H1/M5/2R,214,0.0049024,0.050253
80,H4/M15/M5/IDM,115,0.0060565,0.031609
80,H4/M15/M5/2R,280,-0.094841,-1.133
80,none/H4/M15/IDM,47,-0.18429,-0.41704
80,none/H4/M15/2R,71,0.10423,0.59649
80,none/H4/M5/IDM,74,1.1105,2.0691
80,none/H4/M5/2R,90,0.27341,1.7411
80,none/H1/M15/IDM,126,0.32847,1.2285
80,none/H1/M15/2R,276,-0.079949,-0.94989
80,none/H1/M5/IDM,277,0.15278,0.86471
80,none/H1/M5/2R,449,-0.050879,-0.7679
80,none/M15/M5/IDM,366,-0.18959,-1.9662
80,none/M15/M5/2R,991,9.2282e-05,0.002045
81,D1/H4/M15/IDM,22,,
81,D1/H4/M15/2R,27,,
81,D1/H4/M5/IDM,36,-0.69165,-2.8766
81,D1/H4/M5/2R,40,-0.20873,-0.98003
81,D1/H1/M15/IDM,35,0.051298,0.11674
81,D1/H1/M15/2R,66,0.062106,0.34947
81,D1/H1/M5/IDM,75,-0.47707,-2.5306
81,D1/H1/M5/2R,113,-0.028033,-0.20902
81,D1/M15/M5/IDM,90,-0.20515,-0.99158
81,D1/M15/M5/2R,254,-0.085933,-0.9805
81,H4/H1/M15/IDM,60,0.23438,0.57306
81,H4/H1/M15/2R,129,-0.15849,-1.3216
81,H4/H1/M5/IDM,120,-0.42721,-2.4482
81,H4/H1/M5/2R,211,-0.16382,-1.7344
81,H4/M15/M5/IDM,125,-0.26765,-1.7742
81,H4/M15/M5/2R,299,-0.12624,-1.5894
81,none/H4/M15/IDM,57,0.81948,1.717
81,none/H4/M15/2R,75,0.12743,0.74577
81,none/H4/M5/IDM,92,-0.50557,-2.5325
81,none/H4/M5/2R,105,-0.40365,-3.3791
81,none/H1/M15/IDM,122,-0.12431,-0.48354
81,none/H1/M15/2R,265,-0.080961,-0.95281
81,none/H1/M5/IDM,262,-0.34914,-2.7421
81,none/H1/M5/2R,432,-0.097871,-1.46
81,none/M15/M5/IDM,398,-0.17314,-1.777
81,none/M15/M5/2R,1055,-0.10418,-2.443
82,D1/H4/M15/IDM,21,,
82,D1/H4/M15/2R,32,-0.085891,-0.34383
82,D1/H4/M5/IDM,34,-0.74281,-3.3046
82,D1/H4/M5/2R,42,-0.09018,-0.41518
82,D1/H1/M15/IDM,38,-0.22198,-0.65725
82,D1/H1/M15/2R,73,-0.073718,-0.45461
82,D1/H1/M5/IDM,88,-0.047801,-0.16621
82,D1/H1/M5/2R,127,-0.15933,-1.3102
82,D1/M15/M5/IDM,102,-0.16316,-0.87425
82,D1/M15/M5/2R,253,-0.070989,-0.80331
82,H4/H1/M15/IDM,57,-0.025117,-0.08111
82,H4/H1/M15/2R,118,-0.069503,-0.54137
82,H4/H1/M5/IDM,134,-0.071056,-0.28694
82,H4/H1/M5/2R,210,-0.032283,-0.32957
82,H4/M15/M5/IDM,117,-0.080484,-0.43943
82,H4/M15/M5/2R,272,-0.11342,-1.3537
82,none/H4/M15/IDM,51,0.058078,0.12581
82,none/H4/M15/2R,75,-0.12204,-0.75303
82,none/H4/M5/IDM,80,-0.4554,-1.8109
82,none/H4/M5/2R,96,-0.12395,-0.87753
82,none/H1/M15/IDM,116,-0.15079,-0.75561
82,none/H1/M15/2R,245,-0.11296,-1.2848
82,none/H1/M5/IDM,272,0.188,1.0205
82,none/H1/M5/2R,433,-0.059122,-0.87482
82,none/M15/M5/IDM,380,-0.061258,-0.58459
82,none/M15/M5/2R,1023,-0.018012,-0.40587
83,D1/H4/M15/IDM,26,,
83,D1/H4/M15/2R,34,-0.068274,-0.28247
83,D1/H4/M5/IDM,34,-0.79296,-3.94
83,D1/H4/M5/2R,39,-0.25903,-1.2217
83,D1/H1/M15/IDM,36,0.52102,0.8206
83,D1/H1/M15/2R,77,0.10145,0.60822
83,D1/H1/M5/IDM,71,0.55327,1.1606
83,D1/H1/M5/2R,108,-0.0026027,-0.018914
83,D1/M15/M5/IDM,95,0.34725,1.3684
83,D1/M15/M5/2R,247,0.028028,0.30831
83,H4/H1/M15/IDM,56,0.08702,0.20188
83,H4/H1/M15/2R,128,-0.062176,-0.50123
83,H4/H1/M5/IDM,140,-0.34882,-1.4773
83,H4/H1/M5/2R,217,-0.080756,-0.85015
83,H4/M15/M5/IDM,131,0.016276,0.090212
83,H4/M15/M5/2R,317,0.027521,0.3409
83,none/H4/M15/IDM,69,0.36034,0.78849
83,none/H4/M15/2R,87,-0.077573,-0.52094
83,none/H4/M5/IDM,92,-0.40862,-1.797
83,none/H4/M5/2R,105,-0.10997,-0.80064
83,none/H1/M15/IDM,123,0.14936,0.57635
83,none/H1/M15/2R,267,0.057511,0.65259
83,none/H1/M5/IDM,264,-0.099692,-0.58378
83,none/H1/M5/2R,433,-0.045278,-0.66759
83,none/M15/M5/IDM,423,0.12013,1.1364
83,none/M15/M5/2R,1085,-0.018596,-0.43202
84,D1/H4/M15/IDM,31,1.5246,1.6083
84,D1/H4/M15/2R,42,0.067032,0.30331
84,D1/H4/M5/IDM,43,0.34096,0.4584
84,D1/H4/M5/2R,54,-0.31382,-1.7919
84,D1/H1/M15/IDM,40,0.33258,0.65933
84,D1/H1/M15/2R,69,0.088433,0.49828
84,D1/H1/M5/IDM,96,0.015411,0.053965
84,D1/H1/M5/2R,141,-0.22597,-2.0115
84,D1/M15/M5/IDM,109,-0.34056,-2.1608
84,D1/M15/M5/2R,250,-0.041243,-0.46053
84,H4/H1/M15/IDM,65,-0.1243,-0.48525
84,H4/H1/M15/2R,142,0.024141,0.19945
84,H4/H1/M5/IDM,156,-0.12158,-0.61272
84,H4/H1/M5/2R,245,0.013272,0.1451
84,H4/M15/M5/IDM,128,-0.14514,-0.78796
84,H4/M15/M5/2R,315,-0.1097,-1.4071
84,none/H4/M15/IDM,70,0.55635,1.1476
84,none/H4/M15/2R,94,0.01684,0.11395
84,none/H4/M5/IDM,100,-0.2851,-0.88895
84,none/H4/M5/2R,122,-0.22376,-1.8478
84,none/H1/M15/IDM,131,-0.17279,-1.0002
84,none/H1/M15/2R,269,0.010504,0.12074
84,none/H1/M5/IDM,293,-0.028339,-0.18027
84,none/H1/M5/2R,469,0.038211,0.57568
84,none/M15/M5/IDM,417,-0.1079,-1.0949
84,none/M15/M5/2R,1048,-0.089108,-2.0684
85,D1/H4/M15/IDM,21,,
85,D1/H4/M15/2R,29,,
85,D1/H4/M5/IDM,28,,
85,D1/H4/M5/2R,37,-0.38422,-1.8507
85,D1/H1/M15/IDM,39,-0.0011537,-0.0031491
85,D1/H1/M15/2R,70,-0.19058,-1.1711
85,D1/H1/M5/IDM,83,-0.095738,-0.38691
85,D1/H1/M5/2R,117,-0.23681,-1.953
85,D1/M15/M5/IDM,69,-0.43063,-2.3166
85,D1/M15/M5/2R,219,-0.21944,-2.4476
85,H4/H1/M15/IDM,74,0.084963,0.28197
85,H4/H1/M15/2R,134,0.15333,1.2064
85,H4/H1/M5/IDM,128,0.33863,1.3515
85,H4/H1/M5/2R,196,0.1227,1.1803
85,H4/M15/M5/IDM,104,-0.14661,-0.77857
85,H4/M15/M5/2R,273,-0.20164,-2.4839
85,none/H4/M15/IDM,53,0.55031,1.1494
85,none/H4/M15/2R,78,0.036432,0.22376
85,none/H4/M5/IDM,78,-0.0043791,-0.011528
85,none/H4/M5/2R,100,-0.20063,-1.4797
85,none/H1/M15/IDM,130,-0.10142,-0.51165
85,none/H1/M15/2R,273,0.01299,0.15068
85,none/H1/M5/IDM,255,0.0063689,0.039774
85,none/H1/M5/2R,433,-0.035394,-0.52366
85,none/M15/M5/IDM,372,-0.17508,-1.806
85,none/M15/M5/2R,992,-0.12013,-2.745
86,D1/H4/M15/IDM,21,,
86,D1/H4/M15/2R,29,,
86,D1/H4/M5/IDM,31,0.12074,0.24069
86,D1/H4/M5/2R,38,-0.16007,-0.71452
86,D1/H1/M15/IDM,43,0.16289,0.37075
86,D1/H1/M15/2R,68,-0.10415,-0.61912
86,D1/H1/M5/IDM,70,-0.16843,-0.5947
86,D1/H1/M5/2R,103,-0.041386,-0.29594
86,D1/M15/M5/IDM,87,0.16268,0.67146
86,D1/M15/M5/2R,246,0.044065,0.4794
86,H4/H1/M15/IDM,68,0.47366,1.2689
86,H4/H1/M15/2R,136,0.1815,1.4373
86,H4/H1/M5/IDM,136,-0.0004038,-0.0018668
86,H4/H1/M5/2R,225,-0.12412,-1.3492
86,H4/M15/M5/IDM,125,0.20515,0.91955
86,H4/M15/M5/2R,293,-0.012618,-0.15224
86,none/H4/M15/IDM,52,-0.28989,-0.86364
86,none/H4/M15/2R,70,0.051663,0.29839
86,none/H4/M5/IDM,83,-0.12965,-0.417
86,none/H4/M5/2R,97,-0.16346,-1.1773
86,none/H1/M15/IDM,127,0.11884,0.50276
86,none/H1/M15/2R,277,-0.011642,-0.13657
86,none/H1/M5/IDM,259,0.023866,0.14337
86,none/H1/M5/2R,454,-0.060679,-0.92243
86,none/M15/M5/IDM,395,0.052416,0.45337
86,none/M15/M5/2R,1050,-0.01435,-0.32796
87,D1/H4/M15/IDM,31,-0.5935,-1.5217
87,D1/H4/M15/2R,39,-0.06348,-0.28784
87,D1/H4/M5/IDM,42,-0.46358,-1.2158
87,D1/H4/M5/2R,49,-0.3572,-1.9642
87,D1/H1/M15/IDM,48,-0.56025,-2.0781
87,D1/H1/M15/2R,88,0.0028876,0.018923
87,D1/H1/M5/IDM,92,-0.50908,-2.4553
87,D1/H1/M5/2R,133,-0.22805,-1.9713
87,D1/M15/M5/IDM,101,-0.11768,-0.53898
87,D1/M15/M5/2R,275,-0.14182,-1.7144
87,H4/H1/M15/IDM,66,-0.2457,-0.85245
87,H4/H1/M15/2R,134,-0.20012,-1.7147
87,H4/H1/M5/IDM,135,-0.24717,-1.2361
87,H4/H1/M5/2R,222,-0.063261,-0.67557
87,H4/M15/M5/IDM,110,-0.0846,-0.47026
87,H4/M15/M5/2R,284,0.083239,0.96895
87,none/H4/M15/IDM,79,-0.73455,-5.6939
87,none/H4/M15/2R,100,-0.11543,-0.84139
87,none/H4/M5/IDM,103,-0.35434,-1.4031
87,none/H4/M5/2R,122,0.070164,0.53405
87,none/H1/M15/IDM,134,-0.26547,-1.3691
87,none/H1/M15/2R,286,-0.085387,-1.0366
87,none/H1/M5/IDM,267,-0.091146,-0.57455
87,none/H1/M5/2R,456,2.9241e-05,0.00044036
87,none/M15/M5/IDM,370,0.14312,1.1743
87,none/M15/M5/2R,1064,-0.030434,-0.70404
88,D1/H4/M15/IDM,18,,
88,D1/H4/M15/2R,25,,
88,D1/H4/M5/IDM,34,0.61411,0.96475
88,D1/H4/M5/2R,39,0.32539,1.36
88,D1/H1/M15/IDM,40,-0.21433,-0.58871
88,D1/H1/M15/2R,75,-0.03596,-0.2198
88,D1/H1/M5/IDM,88,-0.055037,-0.19225
88,D1/H1/M5/2R,126,-0.028732,-0.22746
88,D1/M15/M5/IDM,93,0.39567,1.6025
88,D1/M15/M5/2R,227,-0.077912,-0.84013
88,H4/H1/M15/IDM,51,-0.15966,-0.57089
88,H4/H1/M15/2R,118,-0.009863,-0.075155
88,H4/H1/M5/IDM,136,0.26925,1.0697
88,H4/H1/M5/2R,204,0.086661,0.84879
88,H4/M15/M5/IDM,123,0.1601,0.83148
88,H4/M15/M5/2R,298,-0.082675,-1.0186
88,none/H4/M15/IDM,53,-0.11906,-0.28202
88,none/H4/M15/2R,74,0.02409,0.1438
88,none/H4/M5/IDM,87,-0.12222,-0.40845
88,none/H4/M5/2R,102,-0.01052,-0.074678
88,none/H1/M15/IDM,122,0.033484,0.14573
88,none/H1/M15/2R,250,-0.069804,-0.78829
88,none/H1/M5/IDM,283,0.24164,1.4848
88,none/H1/M5/2R,441,0.059825,0.86896
88,none/M15/M5/IDM,400,0.0016414,0.015381
88,none/M15/M5/2R,1026,-0.054385,-1.2405
89,D1/H4/M15/IDM,23,,
89,D1/H4/M15/2R,35,0.084698,0.345
89,D1/H4/M5/IDM,42,-0.26323,-0.53078
89,D1/H4/M5/2R,49,-0.19933,-1.0395
89,D1/H1/M15/IDM,27,,
89,D1/H1/M15/2R,60,-0.57969,-4.16
89,D1/H1/M5/IDM,70,-0.46113,-2.0393
89,D1/H1/M5/2R,110,-0.11418,-0.86554
89,D1/M15/M5/IDM,83,-0.45238,-2.4055
89,D1/M15/M5/2R,198,-0.17511,-1.8061
89,H4/H1/M15/IDM,53,0.04768,0.13998
89,H4/H1/M15/2R,110,-0.15762,-1.2107
89,H4/H1/M5/IDM,117,0.0591,0.21351
89,H4/H1/M5/2R,205,-0.1019,-1.0505
89,H4/M15/M5/IDM,111,0.12314,0.51761
89,H4/M15/M5/2R,277,-0.062881,-0.74582
89,none/H4/M15/IDM,64,0.62326,1.4707
89,none/H4/M15/2R,94,-0.040326,-0.27778
89,none/H4/M5/IDM,97,-0.34346,-1.1873
89,none/H4/M5/2R,126,-0.041431,-0.32855
89,none/H1/M15/IDM,109,-0.060843,-0.27042
89,none/H1/M15/2R,253,-0.10328,-1.189
89,none/H1/M5/IDM,233,0.11346,0.59112
89,none/H1/M5/2R,432,-0.015166,-0.22222
89,none/M15/M5/IDM,404,-0.10681,-1.0032
89,none/M15/M5/2R,1021,-0.086215,-1.9739
90,D1/H4/M15/IDM,32,0.67292,1.108
90,D1/H4/M15/2R,47,0.019157,0.090286
90,D1/H4/M5/IDM,46,0.17335,0.27877
90,D1/H4/M5/2R,59,0.28177,1.4047
90,D1/H1/M15/IDM,37,-0.18525,-0.5888
90,D1/H1/M15/2R,68,0.16764,0.93655
90,D1/H1/M5/IDM,76,-0.38795,-1.7605
90,D1/H1/M5/2R,114,-0.017696,-0.13284
90,D1/M15/M5/IDM,101,-0.034414,-0.1753
90,D1/M15/M5/2R,251,-0.0089274,-0.099701
90,H4/H1/M15/IDM,66,-0.088379,-0.33888
90,H4/H1/M15/2R,133,0.029389,0.23459
90,H4/H1/M5/IDM,136,-0.26888,-1.2003
90,H4/H1/M5/2R,217,-0.12419,-1.3201
90,H4/M15/M5/IDM,142,-0.2142,-1.316
90,H4/M15/M5/2R,321,-0.056211,-0.71151
90,none/H4/M15/IDM,71,0.34896,0.81824
90,none/H4/M15/2R,99,0.078469,0.52909
90,none/H4/M5/IDM,100,0.054523,0.15285
90,none/H4/M5/2R,122,-0.0616,-0.47832
90,none/H1/M15/IDM,133,0.017291,0.091945
90,none/H1/M15/2R,290,-0.018704,-0.22402
90,none/H1/M5/IDM,294,-0.17331,-1.1617
90,none/H1/M5/2R,450,-0.13161,-2.0274
90,none/M15/M5/IDM,385,-0.1621,-1.6299
90,none/M15/M5/2R,1035,-0.10355,-2.3994
91,D1/H4/M15/IDM,27,,
91,D1/H4/M15/2R,32,0.36442,1.3446
91,D1/H4/M5/IDM,39,-0.21442,-0.55625
91,D1/H4/M5/2R,42,0.035843,0.16015
91,D1/H1/M15/IDM,25,,
91,D1/H1/M15/2R,62,0.022663,0.12275
91,D1/H1/M5/IDM,76,0.16862,0.50249
91,D1/H1/M5/2R,114,-0.18747,-1.4855
91,D1/M15/M5/IDM,100,-0.22094,-1.175
91,D1/M15/M5/2R,231,-0.07018,-0.7568
91,H4/H1/M15/IDM,42,0.32211,0.63368
91,H4/H1/M15/2R,123,-0.14835,-1.1724
91,H4/H1/M5/IDM,134,-0.34733,-1.8315
91,H4/H1/M5/2R,227,-0.23428,-2.4809
91,H4/M15/M5/IDM,106,-0.20294,-1.051
91,H4/M15/M5/2R,262,-0.0015042,-0.017015
91,none/H4/M15/IDM,63,-0.26531,-0.77815
91,none/H4/M15/2R,78,-0.072889,-0.45629
91,none/H4/M5/IDM,97,-0.16393,-0.57234
91,none/H4/M5/2R,105,-0.0027599,-0.019807
91,none/H1/M15/IDM,108,-0.43799,-2.2351
91,none/H1/M15/2R,274,-0.13554,-1.6176
91,none/H1/M5/IDM,282,-0.038257,-0.23419
91,none/H1/M5/2R,473,-0.10498,-1.5948
91,none/M15/M5/IDM,397,-0.088701,-0.78553
91,none/M15/M5/2R,1057,-0.048249,-1.1128
92,D1/H4/M15/IDM,28,,
92,D1/H4/M15/2R,40,-0.34223,-1.7128
92,D1/H4/M5/IDM,45,0.039168,0.074909
92,D1/H4/M5/2R,51,-0.034023,-0.17251
92,D1/H1/M15/IDM,40,-0.55812,-2.4033
92,D1/H1/M15/2R,71,-0.13398,-0.82112
92,D1/H1/M5/IDM,79,-0.42024,-1.9012
92,D1/H1/M5/2R,121,-0.17992,-1.4652
92,D1/M15/M5/IDM,103,-0.24715,-1.1818
92,D1/M15/M5/2R,267,-0.17741,-2.161
92,H4/H1/M15/IDM,63,0.22195,0.65735
92,H4/H1/M15/2R,118,-0.16207,-1.2971
92,H4/H1/M5/IDM,127,-0.39482,-1.9404
92,H4/H1/M5/2R,207,-0.10144,-1.0587
92,H4/M15/M5/IDM,96,-0.19604,-0.85455
92,H4/M15/M5/2R,272,-0.16063,-1.9516
92,none/H4/M15/IDM,60,-0.51902,-2.1474
92,none/H4/M15/2R,86,-0.25473,-1.7908
92,none/H4/M5/IDM,93,-0.04956,-0.15671
92,none/H4/M5/2R,109,-0.052097,-0.38611
92,none/H1/M15/IDM,122,0.22367,0.98619
92,none/H1/M15/2R,244,0.047536,0.51721
92,none/H1/M5/IDM,258,-0.26637,-1.9474
92,none/H1/M5/2R,445,0.026457,0.39118
92,none/M15/M5/IDM,399,-0.16173,-1.6015
92,none/M15/M5/2R,1096,-0.097984,-2.347
93,D1/H4/M15/IDM,35,0.31916,0.52229
93,D1/H4/M15/2R,41,-0.21895,-1.0321
93,D1/H4/M5/IDM,40,-1.0305,-87.452
93,D1/H4/M5/2R,48,-0.092872,-0.45786
93,D1/H1/M15/IDM,35,1.4282,1.6957
93,D1/H1/M15/2R,72,0.12329,0.72276
93,D1/H1/M5/IDM,76,-0.047096,-0.15723
93,D1/H1/M5/2R,117,-0.053782,-0.41054
93,D1/M15/M5/IDM,86,0.028825,0.1022
93,D1/M15/M5/2R,241,-0.10066,-1.1267
93,H4/H1/M15/IDM,60,0.58973,1.1348
93,H4/H1/M15/2R,126,-0.18357,-1.5225
93,H4/H1/M5/IDM,136,-0.36882,-1.8539
93,H4/H1/M5/2R,220,-0.25814,-2.9227
93,H4/M15/M5/IDM,112,-0.11376,-0.62953
93,H4/M15/M5/2R,301,0.01171,0.14221
93,none/H4/M15/IDM,72,-0.13289,-0.44227
93,none/H4/M15/2R,94,-0.066038,-0.45227
93,none/H4/M5/IDM,95,-0.64096,-3.1366
93,none/H4/M5/2R,115,-0.11401,-0.88403
93,none/H1/M15/IDM,122,0.54056,1.7366
93,none/H1/M15/2R,272,0.015453,0.17835
93,none/H1/M5/IDM,255,-0.09351,-0.57642
93,none/H1/M5/2R,436,-0.060451,-0.90059
93,none/M15/M5/IDM,378,0.057324,0.50908
93,none/M15/M5/2R,1052,-0.034493,-0.79436
94,D1/H4/M15/IDM,29,,
94,D1/H4/M15/2R,39,-0.10241,-0.45615
94,D1/H4/M5/IDM,45,0.58989,0.90215
94,D1/H4/M5/2R,51,0.26629,1.2699
94,D1/H1/M15/IDM,36,-0.33978,-1.2615
94,D1/H1/M15/2R,69,-0.32872,-2.1668
94,D1/H1/M5/IDM,84,-0.032615,-0.12629
94,D1/H1/M5/2R,120,-0.032306,-0.2482
94,D1/M15/M5/IDM,94,0.31116,1.3192
94,D1/M15/M5/2R,247,-0.050461,-0.56044
94,H4/H1/M15/IDM,65,0.071235,0.23131
94,H4/H1/M15/2R,137,-0.18916,-1.6513
94,H4/H1/M5/IDM,137,-0.098394,-0.41181
94,H4/H1/M5/2R,224,-0.15237,-1.6792
94,H4/M15/M5/IDM,103,0.25076,1.1556
94,H4/M15/M5/2R,256,0.034281,0.38213
94,none/H4/M15/IDM,74,0.62523,1.3199
94,none/H4/M15/2R,99,-0.087189,-0.62165
94,none/H4/M5/IDM,100,0.46292,1.0895
94,none/H4/M5/2R,119,0.10498,0.78459
94,none/H1/M15/IDM,123,-0.08133,-0.38572
94,none/H1/M15/2R,260,-0.048325,-0.55644
94,none/H1/M5/IDM,256,-0.16388,-1.0144
94,none/H1/M5/2R,429,-0.16661,-2.5536
94,none/M15/M5/IDM,402,0.071287,0.65954
94,none/M15/M5/2R,1043,-0.064002,-1.4761
95,D1/H4/M15/IDM,21,,
95,D1/H4/M15/2R,28,,
95,D1/H4/M5/IDM,31,0.33617,0.49163
95,D1/H4/M5/2R,36,0.052982,0.21764
95,D1/H1/M15/IDM,39,-0.26488,-0.83429
95,D1/H1/M15/2R,75,-0.076734,-0.47377
95,D1/H1/M5/IDM,83,0.26039,0.67271
95,D1/H1/M5/2R,130,0.22074,1.6926
95,D1/M15/M5/IDM,122,-0.027559,-0.13835
95,D1/M15/M5/2R,273,-0.13224,-1.5867
95,H4/H1/M15/IDM,49,-0.13579,-0.5382
95,H4/H1/M15/2R,107,0.032001,0.22998
95,H4/H1/M5/IDM,123,-0.14764,-0.56404
95,H4/H1/M5/2R,191,0.020101,0.19298
95,H4/M15/M5/IDM,127,0.042234,0.22953
95,H4/M15/M5/2R,294,-0.09944,-1.2185
95,none/H4/M15/IDM,56,0.12629,0.27097
95,none/H4/M15/2R,73,-0.0079472,-0.047387
95,none/H4/M5/IDM,80,0.0030355,0.0083562
95,none/H4/M5/2R,90,0.2029,1.2987
95,none/H1/M15/IDM,103,-0.11346,-0.56984
95,none/H1/M15/2R,226,0.074789,0.7758
95,none/H1/M5/IDM,248,0.12628,0.66174
95,none/H1/M5/2R,403,0.086149,1.1892
95,none/M15/M5/IDM,408,-0.074075,-0.73443
95,none/M15/M5/2R,1064,-0.14292,-3.3943
96,D1/H4/M15/IDM,29,,
96,D1/H4/M15/2R,42,0.12421,0.544
96,D1/H4/M5/IDM,52,-0.16812,-0.34741
96,D1/H4/M5/2R,60,-0.17193,-0.97566
96,D1/H1/M15/IDM,50,0.11136,0.25116
96,D1/H1/M15/2R,86,-0.087014,-0.58513
96,D1/H1/M5/IDM,87,-0.40219,-1.8094
96,D1/H1/M5/2R,134,0.074281,0.59566
96,D1/M15/M5/IDM,113,-0.22724,-1.3008
96,D1/M15/M5/2R,274,0.036471,0.41927
96,H4/H1/M15/IDM,64,0.35196,0.89099
96,H4/H1/M15/2R,133,0.11784,0.94335
96,H4/H1/M5/IDM,127,-0.073635,-0.27145
96,H4/H1/M5/2R,216,0.057792,0.5891
96,H4/M15/M5/IDM,129,-0.17307,-0.96252
96,H4/M15/M5/2R,317,-0.024294,-0.30326
96,none/H4/M15/IDM,71,0.28776,0.61739
96,none/H4/M15/2R,95,0.020262,0.13739
96,none/H4/M5/IDM,107,-0.17613,-0.53532
96,none/H4/M5/2R,132,-0.026681,-0.21635
96,none/H1/M15/IDM,121,0.16992,0.66197
96,none/H1/M15/2R,253,0.15297,1.6632
96,none/H1/M5/IDM,270,-0.030057,-0.17701
96,none/H1/M5/2R,460,0.047113,0.702
96,none/M15/M5/IDM,446,-0.064373,-0.6656
96,none/M15/M5/2R,1147,0.0022347,0.052909
97,D1/H4/M15/IDM,20,,
97,D1/H4/M15/2R,26,,
97,D1/H4/M5/IDM,26,,
97,D1/H4/M5/2R,34,0.022008,0.088491
97,D1/H1/M15/IDM,32,-0.039242,-0.075372
97,D1/H1/M15/2R,76,-0.27504,-1.8355
97,D1/H1/M5/IDM,69,0.17049,0.47802
97,D1/H1/M5/2R,111,0.069475,0.50737
97,D1/M15/M5/IDM,92,-0.13795,-0.66761
97,D1/M15/M5/2R,219,-0.13785,-1.4882
97,H4/H1/M15/IDM,68,-0.072495,-0.23303
97,H4/H1/M15/2R,146,0.08964,0.74894
97,H4/H1/M5/IDM,152,-0.25325,-1.3645
97,H4/H1/M5/2R,232,-0.084521,-0.92178
97,H4/M15/M5/IDM,123,0.031226,0.15587
97,H4/M15/M5/2R,298,0.015589,0.18885
97,none/H4/M15/IDM,59,0.01121,0.022137
97,none/H4/M15/2R,76,-0.15634,-0.99989
97,none/H4/M5/IDM,89,-0.2756,-0.9675
97,none/H4/M5/2R,105,-0.14389,-1.0727
97,none/H1/M15/IDM,115,-0.09632,-0.40586
97,none/H1/M15/2R,269,0.077027,0.87616
97,none/H1/M5/IDM,259,0.093553,0.49915
97,none/H1/M5/2R,442,-0.036656,-0.54689
97,none/M15/M5/IDM,406,-0.064349,-0.62373
97,none/M15/M5/2R,1035,0.0085594,0.19329
98,D1/H4/M15/IDM,28,,
98,D1/H4/M15/2R,39,0.048663,0.20993
98,D1/H4/M5/IDM,43,-0.0061382,-0.012513
98,D1/H4/M5/2R,51,0.13503,0.65023
98,D1/H1/M15/IDM,31,-0.27829,-0.7735
98,D1/H1/M15/2R,66,-0.024991,-0.14284
98,D1/H1/M5/IDM,57,-0.12444,-0.37187
98,D1/H1/M5/2R,107,0.00075484,0.0054782
98,D1/M15/M5/IDM,79,-0.0038748,-0.016373
98,D1/M15/M5/2R,217,-0.1311,-1.4026
98,H4/H1/M15/IDM,59,0.022306,0.069415
98,H4/H1/M15/2R,126,-0.026011,-0.20623
98,H4/H1/M5/IDM,127,-0.059607,-0.22823
98,H4/H1/M5/2R,207,-0.11726,-1.2181
98,H4/M15/M5/IDM,111,-0.063595,-0.29829
98,H4/M15/M5/2R,264,-0.15051,-1.7919
98,none/H4/M15/IDM,66,-0.41305,-1.7158
98,none/H4/M15/2R,96,-0.13633,-0.97364
98,none/H4/M5/IDM,95,0.36714,0.94434
98,none/H4/M5/2R,112,0.040034,0.29375
98,none/H1/M15/IDM,126,-0.22514,-1.1654
98,none/H1/M15/2R,284,-0.075404,-0.90961
98,none/H1/M5/IDM,275,0.0115,0.06936
98,none/H1/M5/2R,454,-0.093173,-1.4282
98,none/M15/M5/IDM,398,0.1741,1.4599
98,none/M15/M5/2R,1069,0.00069248,0.015924
99,D1/H4/M15/IDM,30,0.60448,0.76536
99,D1/H4/M15/2R,38,-0.15819,-0.70429
99,D1/H4/M5/IDM,41,0.34364,0.4984
99,D1/H4/M5/2R,48,0.15722,0.73832
99,D1/H1/M15/IDM,35,0.34045,0.76341
99,D1/H1/M15/2R,70,-0.13463,-0.82153
99,D1/H1/M5/IDM,80,0.014976,0.055686
99,D1/H1/M5/2R,116,-0.1735,-1.3683
99,D1/M15/M5/IDM,99,0.24311,0.99194
99,D1/M15/M5/2R,249,0.031193,0.34337
99,H4/H1/M15/IDM,62,0.078587,0.27954
99,H4/H1/M15/2R,120,0.015114,0.11597
99,H4/H1/M5/IDM,135,-0.098419,-0.47586
99,H4/H1/M5/2R,216,0.033195,0.33993
99,H4/M15/M5/IDM,114,0.12146,0.52125
99,H4/M15/M5/2R,274,-0.021147,-0.24697
99,none/H4/M15/IDM,71,0.1585,0.37884
99,none/H4/M15/2R,95,0.011697,0.079871
99,none/H4/M5/IDM,110,0.041168,0.12119
99,none/H4/M5/2R,126,0.067339,0.52249
99,none/H1/M15/IDM,129,0.079781,0.38402
99,none/H1/M15/2R,249,-0.10893,-1.2542
99,none/H1/M5/IDM,269,0.021915,0.13205
99,none/H1/M5/2R,415,-0.0038434,-0.055049
99,none/M15/M5/IDM,394,-0.026981,-0.26004
99,none/M15/M5/2R,1022,0.019769,0.44237
100,D1/H4/M15/IDM,25,,
100,D1/H4/M15/2R,37,0.031331,0.13166
100,D1/H4/M5/IDM,46,-0.51355,-1.6899
100,D1/H4/M5/2R,56,-0.11748,-0.62857
100,D1/H1/M15/IDM,29,,
100,D1/H1/M15/2R,72,-0.094534,-0.57984
100,D1/H1/M5/IDM,88,0.011843,0.038284
100,D1/H1/M5/2R,132,-0.13769,-1.1624
100,D1/M15/M5/IDM,122,0.1131,0.62819
100,D1/M15/M5/2R,292,0.018311,0.21964
100,H4/H1/M15/IDM,52,-0.55387,-2.5218
100,H4/H1/M15/2R,111,-0.18745,-1.4663
100,H4/H1/M5/IDM,135,-0.39967,-2.2173
100,H4/H1/M5/2R,210,-0.18934,-2.0258
100,H4/M15/M5/IDM,138,0.19603,1.0371
100,H4/M15/M5/2R,279,0.018355,0.21329
100,none/H4/M15/IDM,60,-0.78223,-4.7914
100,none/H4/M15/2R,90,-0.11429,-0.78675
100,none/H4/M5/IDM,104,-0.53002,-2.7034
100,none/H4/M5/2R,129,-0.033997,-0.27106
100,none/H1/M15/IDM,102,-0.012624,-0.048957
100,none/H1/M15/2R,240,-0.078554,-0.87344
100,none/H1/M5/IDM,244,-0.00069832,-0.0039029
100,none/H1/M5/2R,408,-0.13148,-1.9341
100,none/M15/M5/IDM,418,0.07311,0.71373
100,none/M15/M5/2R,1035,0.0044073,0.099529
101,D1/H4/M15/IDM,19,,
101,D1/H4/M15/2R,26,,
101,D1/H4/M5/IDM,27,,
101,D1/H4/M5/2R,35,0.17235,0.68375
101,D1/H1/M15/IDM,32,-0.37484,-1.2088
101,D1/H1/M15/2R,64,-0.080124,-0.45419
101,D1/H1/M5/IDM,63,0.075713,0.21889
101,D1/H1/M5/2R,102,0.085224,0.58935
101,D1/M15/M5/IDM,78,0.34655,1.271
101,D1/M15/M5/2R,234,-0.047703,-0.51982
101,H4/H1/M15/IDM,67,-0.33215,-1.3811
101,H4/H1/M15/2R,142,-0.037089,-0.31039
101,H4/H1/M5/IDM,139,-0.12689,-0.55868
101,H4/H1/M5/2R,228,-0.042671,-0.45545
101,H4/M15/M5/IDM,120,-0.20603,-1.0845
101,H4/M15/M5/2R,324,-0.1212,-1.583
101,none/H4/M15/IDM,52,-0.33359,-1.0992
101,none/H4/M15/2R,78,-0.077289,-0.49356
101,none/H4/M5/IDM,81,0.63513,1.3399
101,none/H4/M5/2R,101,0.21632,1.4628
101,none/H1/M15/IDM,115,-0.3422,-1.8494
101,none/H1/M15/2R,269,-0.095907,-1.1343
101,none/H1/M5/IDM,249,-0.057313,-0.32948
101,none/H1/M5/2R,436,-0.064419,-0.95751
101,none/M15/M5/IDM,377,-0.046331,-0.44121
101,none/M15/M5/2R,1064,-0.074491,-1.7383
102,D1/H4/M15/IDM,24,,
102,D1/H4/M15/2R,32,-0.094254,-0.37462
102,D1/H4/M5/IDM,42,-0.26916,-0.62699
102,D1/H4/M5/2R,46,-0.091383,-0.44781
102,D1/H1/M15/IDM,31,-0.76955,-4.3108
102,D1/H1/M15/2R,61,-0.39716,-2.5398
102,D1/H1/M5/IDM,69,-0.37019,-1.6075
102,D1/H1/M5/2R,103,-0.013097,-0.094611
102,D1/M15/M5/IDM,99,0.23744,0.98448
102,D1/M15/M5/2R,248,0.10874,1.172
102,H4/H1/M15/IDM,70,-0.59052,-3.2104
102,H4/H1/M15/2R,130,-0.066992,-0.54573
102,H4/H1/M5/IDM,126,-0.39776,-2.2274
102,H4/H1/M5/2R,203,-0.023467,-0.23643
102,H4/M15/M5/IDM,116,-0.17592,-0.99084
102,H4/M15/M5/2R,262,-0.04964,-0.56898
102,none/H4/M15/IDM,51,0.24011,0.61571
102,none/H4/M15/2R,84,-0.069706,-0.45401
102,none/H4/M5/IDM,94,-0.33769,-1.4724
102,none/H4/M5/2R,110,-0.14872,-1.1449
102,none/H1/M15/IDM,126,-0.27531,-1.3739
102,none/H1/M15/2R,273,-0.05146,-0.60458
102,none/H1/M5/IDM,276,-0.35204,-2.9569
102,none/H1/M5/2R,446,-0.032231,-0.48294
102,none/M15/M5/IDM,395,0.019408,0.19729
102,none/M15/M5/2R,1017,0.023629,0.52474
103,D1/H4/M15/IDM,17,,
103,D1/H4/M15/2R,25,,
103,D1/H4/M5/IDM,27,,
103,D1/H4/M5/2R,32,-0.092198,-0.36808
103,D1/H1/M15/IDM,41,-0.52455,-2.0685
103,D1/H1/M15/2R,89,0.2446,1.5664
103,D1/H1/M5/IDM,83,-0.11203,-0.37705
103,D1/H1/M5/2R,137,0.016945,0.13777
103,D1/M15/M5/IDM,93,-0.2368,-1.2943
103,D1/M15/M5/2R,243,-0.074451,-0.82741
103,H4/H1/M15/IDM,68,-0.15498,-0.56544
103,H4/H1/M15/2R,142,-0.1477,-1.2962
103,H4/H1/M5/IDM,138,-0.23858,-1.2904
103,H4/H1/M5/2R,233,-0.047379,-0.51031
103,H4/M15/M5/IDM,113,0.022212,0.11282
103,H4/M15/M5/2R,268,0.030715,0.34993
103,none/H4/M15/IDM,54,-0.60825,-2.8735
103,none/H4/M15/2R,79,-0.0025557,-0.015928
103,none/H4/M5/IDM,88,-0.61267,-2.8723
103,none/H4/M5/2R,106,-0.12372,-0.91762
103,none/H1/M15/IDM,123,-0.27679,-1.4387
103,none/H1/M15/2R,267,-0.057793,-0.67759
103,none/H1/M5/IDM,275,-0.12123,-0.78967
103,none/H1/M5/2R,460,0.077621,1.1477
103,none/M15/M5/IDM,378,0.056205,0.47797
103,none/M15/M5/2R,1030,0.030806,0.68905
104,D1/H4/M15/IDM,25,,
104,D1/H4/M15/2R,31,-0.35421,-1.5501
104,D1/H4/M5/IDM,40,0.19974,0.29401
104,D1/H4/M5/2R,43,-0.13132,-0.61667
104,D1/H1/M15/IDM,42,-0.17356,-0.58619
104,D1/H1/M15/2R,73,-0.041711,-0.25139
104,D1/H1/M5/IDM,78,0.21154,0.53747
104,D1/H1/M5/2R,117,-0.13522,-1.0639
104,D1/M15/M5/IDM,82,0.16473,0.68185
104,D1/M15/M5/2R,222,0.098797,1.0075
104,H4/H1/M15/IDM,68,0.090201,0.30836
104,H4/H1/M15/2R,131,-0.064453,-0.52473
104,H4/H1/M5/IDM,139,0.040617,0.17228
104,H4/H1/M5/2R,210,-0.0049309,-0.050046
104,H4/M15/M5/IDM,121,0.057614,0.26814
104,H4/M15/M5/2R,274,0.0010545,0.012279
104,none/H4/M15/IDM,75,0.26141,0.56711
104,none/H4/M15/2R,95,-0.049376,-0.33986
104,none/H4/M5/IDM,94,0.030769,0.083681
104,none/H4/M5/2R,110,0.0018429,0.013489
104,none/H1/M15/IDM,114,-0.054584,-0.26494
104,none/H1/M15/2R,261,-0.090526,-1.0469
104,none/H1/M5/IDM,265,0.067687,0.37939
104,none/H1/M5/2R,431,-0.14124,-2.1406
104,none/M15/M5/IDM,393,-0.037072,-0.34964
104,none/M15/M5/2R,983,-0.0077942,-0.172
105,D1/H4/M15/IDM,23,,
105,D1/H4/M15/2R,32,0.083852,0.32492
105,D1/H4/M5/IDM,36,-0.78328,-2.4862
105,D1/H4/M5/2R,43,-0.19605,-0.94747
105,D1/H1/M15/IDM,34,-0.37873,-1.2524
105,D1/H1/M15/2R,62,-0.15808,-0.91349
105,D1/H1/M5/IDM,79,0.022355,0.066226
105,D1/H1/M5/2R,114,-0.28074,-2.2713
105,D1/M15/M5/IDM,88,-0.40968,-2.3629
105,D1/M15/M5/2R,225,-0.19838,-2.2078
105,H4/H1/M15/IDM,67,-0.31222,-1.2571
105,H4/H1/M15/2R,115,-0.27989,-2.3056
105,H4/H1/M5/IDM,122,-0.53153,-2.9349
105,H4/H1/M5/2R,187,-0.22272,-2.2642
105,H4/M15/M5/IDM,114,-0.0031761,-0.015116
105,H4/M15/M5/2R,268,-0.10155,-1.1994
105,none/H4/M15/IDM,56,-0.11877,-0.25587
105,none/H4/M15/2R,74,-0.078766,-0.48513
105,none/H4/M5/IDM,78,-0.75543,-4.0264
105,none/H4/M5/2R,89,-0.19137,-1.3349
105,none/H1/M15/IDM,121,-0.084057,-0.40314
105,none/H1/M15/2R,248,-0.16327,-1.8873
105,none/H1/M5/IDM,255,-0.17396,-1.1113
105,none/H1/M5/2R,412,-0.16818,-2.5032
105,none/M15/M5/IDM,379,0.0021049,0.019045
105,none/M15/M5/2R,1012,-0.10367,-2.3777
106,D1/H4/M15/IDM,30,1.2413,1.7927
106,D1/H4/M15/2R,39,0.28063,1.1611
106,D1/H4/M5/IDM,38,0.63034,0.82264
106,D1/H4/M5/2R,52,-0.003556,-0.017902
106,D1/H1/M15/IDM,48,-0.18777,-0.65375
106,D1/H1/M15/2R,97,0.15191,1.0136
106,D1/H1/M5/IDM,92,-0.29162,-1.4693
106,D1/H1/M5/2R,142,-0.023075,-0.19395
106,D1/M15/M5/IDM,103,-0.007245,-0.032893
106,D1/M15/M5/2R,257,-0.10613,-1.2235
106,H4/H1/M15/IDM,60,-0.28055,-1.1401
106,H4/H1/M15/2R,123,-0.0066708,-0.051634
106,H4/H1/M5/IDM,139,0.095783,0.42025
106,H4/H1/M5/2R,210,-0.007112,-0.072264
106,H4/M15/M5/IDM,116,0.19731,0.80911
106,H4/M15/M5/2R,315,0.068356,0.83734
106,none/H4/M15/IDM,63,0.018454,0.053528
106,none/H4/M15/2R,88,0.068849,0.44452
106,none/H4/M5/IDM,89,0.050735,0.13432
106,none/H4/M5/2R,113,0.10898,0.79733
106,none/H1/M15/IDM,132,-0.13898,-0.60529
106,none/H1/M15/2R,276,0.038719,0.4464
106,none/H1/M5/IDM,266,0.044248,0.26221
106,none/H1/M5/2R,432,0.0455,0.65886
106,none/M15/M5/IDM,359,-0.030054,-0.25688
106,none/M15/M5/2R,1009,-0.091081,-2.0814
107,D1/H4/M15/IDM,18,,
107,D1/H4/M15/2R,25,,
107,D1/H4/M5/IDM,33,-0.12298,-0.23853
107,D1/H4/M5/2R,36,-0.024002,-0.10052
107,D1/H1/M15/IDM,34,-0.20251,-0.59094
107,D1/H1/M15/2R,76,-0.09521,-0.60356
107,D1/H1/M5/IDM,79,0.45718,0.92963
107,D1/H1/M5/2R,128,0.09004,0.70176
107,D1/M15/M5/IDM,98,-0.035445,-0.15709
107,D1/M15/M5/2R,244,-0.21862,-2.5635
107,H4/H1/M15/IDM,53,-0.40768,-1.6062
107,H4/H1/M15/2R,119,0.02869,0.21967
107,H4/H1/M5/IDM,124,0.41623,1.0656
107,H4/H1/M5/2R,203,0.0046928,0.046998
107,H4/M15/M5/IDM,121,0.51539,2.0748
107,H4/M15/M5/2R,305,-0.0054579,-0.066968
107,none/H4/M15/IDM,53,0.2076,0.44497
107,none/H4/M15/2R,74,-0.14722,-0.92935
107,none/H4/M5/IDM,89,0.78224,1.3124
107,none/H4/M5/2R,100,-0.0054497,-0.038304
107,none/H1/M15/IDM,109,-0.072919,-0.30615
107,none/H1/M15/2R,263,0.049253,0.55741
107,none/H1/M5/IDM,262,0.19534,0.85443
107,none/H1/M5/2R,440,-0.036032,-0.53594
107,none/M15/M5/IDM,382,-0.039296,-0.33591
107,none/M15/M5/2R,1049,-0.10456,-2.4443
108,D1/H4/M15/IDM,14,,
108,D1/H4/M15/2R,23,,
108,D1/H4/M5/IDM,34,-0.31654,-0.72577
108,D1/H4/M5/2R,38,0.00277,0.011794
108,D1/H1/M15/IDM,40,-0.14995,-0.42262
108,D1/H1/M15/2R,76,-0.164,-1.0361
108,D1/H1/M5/IDM,85,-0.07979,-0.28374
108,D1/H1/M5/2R,132,-0.029441,-0.23793
108,D1/M15/M5/IDM,94,-0.093701,-0.45331
108,D1/M15/M5/2R,220,-0.017596,-0.18397
108,H4/H1/M15/IDM,66,-0.031956,-0.10347
108,H4/H1/M15/2R,141,0.051222,0.42014
108,H4/H1/M5/IDM,157,0.24567,1.0377
108,H4/H1/M5/2R,245,0.092493,0.99078
108,H4/M15/M5/IDM,108,-0.12119,-0.63595
108,H4/M15/M5/2R,274,-0.14774,-1.7845
108,none/H4/M15/IDM,50,-0.32177,-1.1648
108,none/H4/M15/2R,73,-0.0064677,-0.038458
108,none/H4/M5/IDM,87,-0.32011,-1.1689
108,none/H4/M5/2R,103,-0.034643,-0.24789
108,none/H1/M15/IDM,107,-0.085871,-0.3687
108,none/H1/M15/2R,246,-0.078985,-0.88567
108,none/H1/M5/IDM,260,0.044647,0.25805
108,none/H1/M5/2R,450,0.062152,0.90974
108,none/M15/M5/IDM,407,-0.14588,-1.5008
108,none/M15/M5/2R,1022,-0.032708,-0.73971
109,D1/H4/M15/IDM,27,,
109,D1/H4/M15/2R,36,0.43949,1.7665
109,D1/H4/M5/IDM,44,0.11353,0.19553
109,D1/H4/M5/2R,49,0.13235,0.62996
109,D1/H1/M15/IDM,52,0.0071129,0.021038
109,D1/H1/M15/2R,88,0.085427,0.55438
109,D1/H1/M5/IDM,89,-0.088608,-0.28177
109,D1/H1/M5/2R,140,0.11628,0.94298
109,D1/M15/M5/IDM,104,-0.076079,-0.38821
109,D1/M15/M5/2R,250,-0.14803,-1.7099
109,H4/H1/M15/IDM,69,0.071246,0.22742
109,H4/H1/M15/2R,151,0.023533,0.20318
109,H4/H1/M5/IDM,143,0.14046,0.5984
109,H4/H1/M5/2R,235,-0.01416,-0.15295
109,H4/M15/M5/IDM,134,-0.054531,-0.30591
109,H4/M15/M5/2R,317,-0.10744,-1.3903
109,none/H4/M15/IDM,62,0.89547,1.3508
109,none/H4/M15/2R,87,0.17142,1.0923
109,none/H4/M5/IDM,98,0.27236,0.76044
109,none/H4/M5/2R,112,0.1803,1.2626
109,none/H1/M15/IDM,130,-0.00099125,-0.0046429
109,none/H1/M15/2R,281,-0.071507,-0.85912
109,none/H1/M5/IDM,251,0.045761,0.27697
109,none/H1/M5/2R,422,0.0049734,0.071814
109,none/M15/M5/IDM,402,0.0049547,0.048626
109,none/M15/M5/2R,1084,-0.12025,-2.8748
110,D1/H4/M15/IDM,28,,
110,D1/H4/M15/2R,37,0.1052,0.43293
110,D1/H4/M5/IDM,48,0.21491,0.32419
110,D1/H4/M5/2R,58,-0.15124,-0.83329
110,D1/H1/M15/IDM,39,0.10836,0.30092
110,D1/H1/M15/2R,82,0.13787,0.84801
110,D1/H1/M5/IDM,91,0.10279,0.35048
110,D1/H1/M5/2R,138,0.13552,1.074
110,D1/M15/M5/IDM,116,0.063386,0.29549
110,D1/M15/M5/2R,274,-0.035902,-0.41878
110,H4/H1/M15/IDM,65,-0.00021935,-0.00070307
110,H4/H1/M15/2R,132,-0.15732,-1.3239
110,H4/H1/M5/IDM,128,0.097639,0.37257
110,H4/H1/M5/2R,215,0.0069636,0.070942
110,H4/M15/M5/IDM,133,-0.072369,-0.37723
110,H4/M15/M5/2R,306,-0.11731,-1.4783
110,none/H4/M15/IDM,54,-0.095919,-0.23247
110,none/H4/M15/2R,85,-0.17253,-1.1732
110,none/H4/M5/IDM,103,0.26608,0.57164
110,none/H4/M5/2R,128,-0.27787,-2.3976
110,none/H1/M15/IDM,127,0.016651,0.077185
110,none/H1/M15/2R,258,-0.10517,-1.2238
110,none/H1/M5/IDM,261,-0.095588,-0.58179
110,none/H1/M5/2R,434,-0.060491,-0.89397
110,none/M15/M5/IDM,426,0.016413,0.15831
110,none/M15/M5/2R,1082,-0.019376,-0.44932
111,D1/H4/M15/IDM,23,,
111,D1/H4/M15/2R,29,,
111,D1/H4/M5/IDM,30,0.035563,0.060324
111,D1/H4/M5/2R,34,-0.22392,-0.96848
111,D1/H1/M15/IDM,39,0.53448,1.1803
111,D1/H1/M15/2R,75,0.144,0.84817
111,D1/H1/M5/IDM,81,0.31863,0.65412
111,D1/H1/M5/2R,126,-0.085517,-0.68877
111,D1/M15/M5/IDM,98,-0.01662,-0.075124
111,D1/M15/M5/2R,238,-0.046374,-0.50731
111,H4/H1/M15/IDM,56,-0.54932,-2.8113
111,H4/H1/M15/2R,123,-0.27939,-2.3443
111,H4/H1/M5/IDM,146,-0.083088,-0.29504
111,H4/H1/M5/2R,223,-0.050434,-0.53706
111,H4/M15/M5/IDM,123,-0.093806,-0.47292
111,H4/M15/M5/2R,279,-0.10019,-1.2025
111,none/H4/M15/IDM,72,-0.28945,-1.2909
111,none/H4/M15/2R,102,0.023307,0.16473
111,none/H4/M5/IDM,94,-0.05069,-0.15858
111,none/H4/M5/2R,117,-0.018187,-0.13844
111,none/H1/M15/IDM,113,0.12271,0.54459
111,none/H1/M15/2R,254,-0.16798,-1.9691
111,none/H1/M5/IDM,273,-0.068296,-0.37347
111,none/H1/M5/2R,442,-0.077402,-1.1683
111,none/M15/M5/IDM,397,-0.14703,-1.4451
111,none/M15/M5/2R,1020,-0.11775,-2.7295
112,D1/H4/M15/IDM,27,,
112,D1/H4/M15/2R,40,-0.088425,-0.40761
112,D1/H4/M5/IDM,43,0.065391,0.13021
112,D1/H4/M5/2R,51,-0.11354,-0.57547
112,D1/H1/M15/IDM,44,0.65012,1.1692
112,D1/H1/M15/2R,68,0.23807,1.3262
112,D1/H1/M5/IDM,78,0.43883,0.99124
112,D1/H1/M5/2R,117,-0.038284,-0.29087
112,D1/M15/M5/IDM,90,0.076494,0.27185
112,D1/M15/M5/2R,229,-0.25458,-2.937
112,H4/H1/M15/IDM,68,-0.23041,-0.8635
112,H4/H1/M15/2R,147,0.082818,0.69652
112,H4/H1/M5/IDM,131,-0.30741,-1.4396
112,H4/H1/M5/2R,226,-0.05739,-0.61153
112,H4/M15/M5/IDM,124,0.024804,0.10621
112,H4/M15/M5/2R,325,-0.14956,-1.9798
112,none/H4/M15/IDM,56,-0.12284,-0.34362
112,none/H4/M15/2R,81,-0.15705,-1.0436
112,none/H4/M5/IDM,90,0.16665,0.35346
112,none/H4/M5/2R,109,0.057225,0.40871
112,none/H1/M15/IDM,116,0.21538,0.81026
112,none/H1/M15/2R,270,0.07319,0.83298
112,none/H1/M5/IDM,262,0.012625,0.064515
112,none/H1/M5/2R,441,-0.058568,-0.87216
112,none/M15/M5/IDM,431,0.046558,0.40142
112,none/M15/M5/2R,1131,-0.025428,-0.60445
113,D1/H4/M15/IDM,23,,
113,D1/H4/M15/2R,30,0.085634,0.31907
113,D1/H4/M5/IDM,34,-0.0093125,-0.013747
113,D1/H4/M5/2R,43,-0.18853,-0.90808
113,D1/H1/M15/IDM,37,0.38725,0.86666
113,D1/H1/M15/2R,73,0.067871,0.40215
113,D1/H1/M5/IDM,72,0.28123,0.67819
113,D1/H1/M5/2R,119,-0.094458,-0.74273
113,D1/M15/M5/IDM,77,-0.35509,-1.9259
113,D1/M15/M5/2R,222,-0.19907,-2.2155
113,H4/H1/M15/IDM,51,-0.045173,-0.13748
113,H4/H1/M15/2R,106,0.097565,0.69227
113,H4/H1/M5/IDM,116,0.31342,0.90126
113,H4/H1/M5/2R,190,-0.22544,-2.3257
113,H4/M15/M5/IDM,110,-0.28861,-1.7822
113,H4/M15/M5/2R,287,-0.17791,-2.2359
113,none/H4/M15/IDM,62,-0.16723,-0.59325
113,none/H4/M15/2R,82,-0.17876,-1.195
113,none/H4/M5/IDM,95,-0.2144,-0.67584
113,none/H4/M5/2R,113,-0.17465,-1.3696
113,none/H1/M15/IDM,103,0.0874,0.31346
113,none/H1/M15/2R,263,0.13552,1.5027
113,none/H1/M5/IDM,246,0.27475,1.3567
113,none/H1/M5/2R,448,-0.12367,-1.8965
113,none/M15/M5/IDM,395,-0.13586,-1.3311
113,none/M15/M5/2R,1084,-0.11238,-2.6897
114,D1/H4/M15/IDM,28,,
114,D1/H4/M15/2R,33,-0.030624,-0.12189
114,D1/H4/M5/IDM,35,0.37596,0.41797
114,D1/H4/M5/2R,41,-0.018589,-0.083372
114,D1/H1/M15/IDM,42,-0.0060388,-0.014477
114,D1/H1/M15/2R,80,0.10183,0.62347
114,D1/H1/M5/IDM,72,-0.16867,-0.65081
114,D1/H1/M5/2R,121,-0.084485,-0.66494
114,D1/M15/M5/IDM,90,0.018582,0.079082
114,D1/M15/M5/2R,225,-0.01917,-0.20338
114,H4/H1/M15/IDM,61,-0.44789,-1.8125
114,H4/H1/M15/2R,129,0.040388,0.31807
114,H4/H1/M5/IDM,119,-0.39057,-2.0857
114,H4/H1/M5/2R,197,-0.15708,-1.6157
114,H4/M15/M5/IDM,121,-0.12623,-0.68555
114,H4/M15/M5/2R,304,-0.030263,-0.37441
114,none/H4/M15/IDM,59,0.57254,1.0095
114,none/H4/M15/2R,76,-0.13339,-0.84706
114,none/H4/M5/IDM,97,0.21055,0.43604
114,none/H4/M5/2R,106,-0.13042,-0.97335
114,none/H1/M15/IDM,123,-0.11075,-0.50234
114,none/H1/M15/2R,261,-0.0067389,-0.076586
114,none/H1/M5/IDM,252,-0.10257,-0.68786
114,none/H1/M5/2R,412,-0.014239,-0.2037
114,none/M15/M5/IDM,375,-0.091431,-0.88243
114,none/M15/M5/2R,1040,-0.055768,-1.2843
115,D1/H4/M15/IDM,25,,
115,D1/H4/M15/2R,30,-0.12237,-0.47723
115,D1/H4/M5/IDM,35,0.42111,0.64925
115,D1/H4/M5/2R,38,0.15259,0.63231
115,D1/H1/M15/IDM,34,-0.61228,-2.3095
115,D1/H1/M15/2R,63,-0.17366,-1.0009
115,D1/H1/M5/IDM,72,-0.25711,-0.97306
115,D1/H1/M5/2R,103,-0.17964,-1.3434
115,D1/M15/M5/IDM,95,0.36905,1.3193
115,D1/M15/M5/2R,213,-0.031969,-0.32876
115,H4/H1/M15/IDM,69,0.078144,0.22101
115,H4/H1/M15/2R,138,0.081694,0.65787
115,H4/H1/M5/IDM,144,-0.019579,-0.081386
115,H4/H1/M5/2R,229,-0.074364,-0.80355
115,H4/M15/M5/IDM,125,0.11692,0.53735
115,H4/M15/M5/2R,297,-0.054255,-0.66622
115,none/H4/M15/IDM,52,-0.61082,-1.9028
115,none/H4/M15/2R,71,-0.30102,-1.9678
115,none/H4/M5/IDM,89,-0.4572,-1.8962
115,none/H4/M5/2R,105,-0.13991,-1.0412
115,none/H1/M15/IDM,127,0.026731,0.10687
115,none/H1/M15/2R,267,-0.015099,-0.17313
115,none/H1/M5/IDM,291,-0.050022,-0.31537
115,none/H1/M5/2R,462,-0.10079,-1.5591
115,none/M15/M5/IDM,421,0.13691,1.208
115,none/M15/M5/2R,1055,-0.062319,-1.4468
116,D1/H4/M15/IDM,20,,
116,D1/H4/M15/2R,30,0.66604,2.4257
116,D1/H4/M5/IDM,34,-0.38084,-0.89265
116,D1/H4/M5/2R,41,0.061978,0.27122
116,D1/H1/M15/IDM,33,-0.19043,-0.44394
116,D1/H1/M15/2R,62,-0.013188,-0.073057
116,D1/H1/M5/IDM,64,-0.36874,-1.5358
116,D1/H1/M5/2R,100,0.0096375,0.067041
116,D1/M15/M5/IDM,83,0.13485,0.64888
116,D1/M15/M5/2R,215,-0.040323,-0.41726
116,H4/H1/M15/IDM,57,0.02755,0.083675
116,H4/H1/M15/2R,117,-0.062054,-0.47832
116,H4/H1/M5/IDM,136,-0.05291,-0.23783
116,H4/H1/M5/2R,211,-0.07249,-0.74695
116,H4/M15/M5/IDM,119,0.1728,0.79516
116,H4/M15/M5/2R,292,-0.010868,-0.13037
116,none/H4/M15/IDM,61,0.46653,0.9727
116,none/H4/M15/2R,85,-0.03088,-0.19686
116,none/H4/M5/IDM,88,0.16224,0.3976
116,none/H4/M5/2R,109,-0.074181,-0.54911
116,none/H1/M15/IDM,121,-0.24259,-1.1808
116,none/H1/M15/2R,253,-0.12757,-1.4787
116,none/H1/M5/IDM,264,-0.045025,-0.28534
116,none/H1/M5/2R,426,-0.097132,-1.4356
116,none/M15/M5/IDM,383,0.07432,0.66405
116,none/M15/M5/2R,1022,-0.00095393,-0.021385
117,D1/H4/M15/IDM,25,,
117,D1/H4/M15/2R,33,0.051409,0.20002
117,D1/H4/M5/IDM,39,0.74007,0.78237
117,D1/H4/M5/2R,44,0.17968,0.80232
117,D1/H1/M15/IDM,26,,
117,D1/H1/M15/2R,64,-0.18998,-1.1187
117,D1/H1/M5/IDM,64,-0.29331,-1.1823
117,D1/H1/M5/2R,103,-0.047922,-0.34497
117,D1/M15/M5/IDM,83,-0.36577,-1.9707
117,D1/M15/M5/2R,217,-0.13513,-1.4473
117,H4/H1/M15/IDM,48,-0.11844,-0.3217
117,H4/H1/M15/2R,128,-0.099513,-0.80864
117,H4/H1/M5/IDM,131,-0.25038,-1.2188
117,H4/H1/M5/2R,213,-0.088398,-0.92428
117,H4/M15/M5/IDM,131,-0.036053,-0.20411
117,H4/M15/M5/2R,315,-0.033314,-0.41858
117,none/H4/M15/IDM,69,0.28658,0.80931
117,none/H4/M15/2R,93,0.10067,0.66842
117,none/H4/M5/IDM,94,0.14274,0.32432
117,none/H4/M5/2R,115,-0.074068,-0.56727
117,none/H1/M15/IDM,118,-0.15386,-0.75998
117,none/H1/M15/2R,287,-0.15458,-1.9105
117,none/H1/M5/IDM,291,0.11863,0.71418
117,none/H1/M5/2R,477,-0.02262,-0.34834
117,none/M15/M5/IDM,415,-0.19256,-2.0459
117,none/M15/M5/2R,1085,-0.09432,-2.2366
118,D1/H4/M15/IDM,29,,
118,D1/H4/M15/2R,38,-0.23129,-1.0624
118,D1/H4/M5/IDM,41,-0.31121,-0.86521
118,D1/H4/M5/2R,47,-0.19554,-0.9874
118,D1/H1/M15/IDM,37,-0.17418,-0.46017
118,D1/H1/M15/2R,67,-0.21616,-1.3177
118,D1/H1/M5/IDM,87,0.008637,0.031176
118,D1/H1/M5/2R,123,-0.10017,-0.79846
118,D1/M15/M5/IDM,80,0.60988,2.0725
118,D1/M15/M5/2R,249,-0.083579,-0.95039
118,H4/H1/M15/IDM,55,-0.25677,-0.8064
118,H4/H1/M15/2R,127,-0.10727,-0.87032
118,H4/H1/M5/IDM,135,0.12512,0.55244
118,H4/H1/M5/2R,208,-0.094897,-0.98354
118,H4/M15/M5/IDM,119,0.60332,2.5914
118,H4/M15/M5/2R,301,0.06931,0.83088
118,none/H4/M15/IDM,57,0.40968,0.82092
118,none/H4/M15/2R,86,-0.099848,-0.6657
118,none/H4/M5/IDM,97,0.64004,1.1952
118,none/H4/M5/2R,115,-0.088055,-0.68253
118,none/H1/M15/IDM,112,-0.043514,-0.16839
118,none/H1/M15/2R,255,-0.10754,-1.24
118,none/H1/M5/IDM,265,-0.033213,-0.22546
118,none/H1/M5/2R,435,-0.087062,-1.3066
118,none/M15/M5/IDM,392,0.13591,1.1968
118,none/M15/M5/2R,1120,-0.038733,-0.92086
119,D1/H4/M15/IDM,21,,
119,D1/H4/M15/2R,30,0.051897,0.19432
119,D1/H4/M5/IDM,38,0.67381,0.68548
119,D1/H4/M5/2R,44,-0.20697,-1.0145
119,D1/H1/M15/IDM,32,0.16624,0.37337
119,D1/H1/M15/2R,66,-0.03225,-0.18358
119,D1/H1/M5/IDM,58,0.33962,0.50655
119,D1/H1/M5/2R,97,-0.087178,-0.61854
119,D1/M15/M5/IDM,86,0.020536,0.08566
119,D1/M15/M5/2R,213,-0.0034226,-0.035007
119,H4/H1/M15/IDM,59,0.31814,0.71156
119,H4/H1/M15/2R,124,0.041114,0.31764
119,H4/H1/M5/IDM,113,0.42504,1.0348
119,H4/H1/M5/2R,209,-0.031357,-0.32078
119,H4/M15/M5/IDM,119,-0.21023,-1.1329
119,H4/M15/M5/2R,274,-0.1647,-2.0033
119,none/H4/M15/IDM,51,0.62096,1.0448
119,none/H4/M15/2R,79,0.10724,0.65451
119,none/H4/M5/IDM,79,0.1698,0.33885
119,none/H4/M5/2R,97,-0.34454,-2.6838
119,none/H1/M15/IDM,115,0.14467,0.53171
119,none/H1/M15/2R,264,-0.049647,-0.57285
119,none/H1/M5/IDM,255,0.058689,0.2667
119,none/H1/M5/2R,448,-0.023694,-0.35463
119,none/M15/M5/IDM,418,-0.13361,-1.3797
119,none/M15/M5/2R,1090,-0.07264,-1.7132
120,D1/H4/M15/IDM,33,0.71321,0.87646
120,D1/H4/M15/2R,40,-0.13999,-0.63583
120,D1/H4/M5/IDM,52,0.12699,0.2244
120,D1/H4/M5/2R,57,-0.19519,-1.0842
120,D1/H1/M15/IDM,39,-0.08395,-0.15952
120,D1/H1/M15/2R,67,-0.22353,-1.3717
120,D1/H1/M5/IDM,83,-0.1555,-0.52331
120,D1/H1/M5/2R,116,-0.23486,-1.8987
120,D1/M15/M5/IDM,74,-0.39681,-2.0402
120,D1/M15/M5/2R,213,-0.11426,-1.2058
120,H4/H1/M15/IDM,54,0.15096,0.36079
120,H4/H1/M15/2R,126,0.059179,0.4567
120,H4/H1/M5/IDM,123,-0.31887,-1.5158
120,H4/H1/M5/2R,199,-0.041479,-0.41446
120,H4/M15/M5/IDM,105,-0.45555,-3.124
120,H4/M15/M5/2R,291,-0.094687,-1.1619
120,none/H4/M15/IDM,54,-0.074953,-0.17187
120,none/H4/M15/2R,84,-0.00078267,-0.0050105
120,none/H4/M5/IDM,98,0.017531,0.04754
120,none/H4/M5/2R,119,-0.050632,-0.38974
120,none/H1/M15/IDM,110,-0.31974,-1.8838
120,none/H1/M15/2R,261,-0.12733,-1.5041
120,none/H1/M5/IDM,268,-0.32109,-2.4476
120,none/H1/M5/2R,423,-0.057536,-0.84331
120,none/M15/M5/IDM,368,-0.17435,-1.6148
120,none/M15/M5/2R,1031,-0.076106,-1.7475
121,D1/H4/M15/IDM,28,,
121,D1/H4/M15/2R,36,-0.018599,-0.077376
121,D1/H4/M5/IDM,41,0.56797,0.68906
121,D1/H4/M5/2R,46,0.47428,2.1297
121,D1/H1/M15/IDM,35,-0.56248,-1.9685
121,D1/H1/M15/2R,67,-0.039804,-0.23066
121,D1/H1/M5/IDM,70,-0.2686,-0.87603
121,D1/H1/M5/2R,114,-0.30306,-2.5081
121,D1/M15/M5/IDM,102,0.39423,1.6017
121,D1/M15/M5/2R,255,-0.0082161,-0.092173
121,H4/H1/M15/IDM,55,-0.14359,-0.48644
121,H4/H1/M15/2R,122,3.257e-05,0.00025474
121,H4/H1/M5/IDM,117,-0.29981,-1.4456
121,H4/H1/M5/2R,207,-0.074868,-0.76876
121,H4/M15/M5/IDM,125,-0.050725,-0.29856
121,H4/M15/M5/2R,303,-0.070218,-0.8692
121,none/H4/M15/IDM,66,-0.0070755,-0.018705
121,none/H4/M15/2R,91,0.098726,0.64559
121,none/H4/M5/IDM,95,-0.030433,-0.079771
121,none/H4/M5/2R,111,0.049617,0.36017
121,none/H1/M15/IDM,110,-0.15582,-0.67669
121,none/H1/M15/2R,253,-0.11392,-1.3207
121,none/H1/M5/IDM,245,-0.12181,-0.74094
121,none/H1/M5/2R,422,-0.10779,-1.5925
121,none/M15/M5/IDM,402,0.078824,0.73093
121,none/M15/M5/2R,1055,-0.055483,-1.2812
122,D1/H4/M15/IDM,28,,
122,D1/H4/M15/2R,37,-0.034336,-0.14871
122,D1/H4/M5/IDM,44,-0.50444,-1.7511
122,D1/H4/M5/2R,51,-0.26825,-1.4594
122,D1/H1/M15/IDM,47,0.1567,0.42981
122,D1/H1/M15/2R,73,-0.030591,-0.18333
122,D1/H1/M5/IDM,82,-0.17276,-0.58122
122,D1/H1/M5/2R,121,-0.048504,-0.37739
122,D1/M15/M5/IDM,92,-0.19476,-0.85867
122,D1/M15/M5/2R,217,-0.021389,-0.22166
122,H4/H1/M15/IDM,76,0.058432,0.22283
122,H4/H1/M15/2R,140,0.15143,1.2297
122,H4/H1/M5/IDM,148,0.39987,1.4513
122,H4/H1/M5/2R,257,0.063895,0.70979
122,H4/M15/M5/IDM,127,-0.23383,-1.3665
122,H4/M15/M5/2R,289,-0.14086,-1.7551
122,none/H4/M15/IDM,60,-0.10116,-0.25632
122,none/H4/M15/2R,83,0.13883,0.86462
122,none/H4/M5/IDM,98,-0.63999,-3.1077
122,none/H4/M5/2R,121,-0.070795,-0.5568
122,none/H1/M15/IDM,138,-0.15781,-0.85689
122,none/H1/M15/2R,266,-0.10004,-1.181
122,none/H1/M5/IDM,284,0.062555,0.37153
122,none/H1/M5/2R,482,-0.082519,-1.3041
122,none/M15/M5/IDM,417,0.037994,0.35542
122,none/M15/M5/2R,1076,0.03955,0.90637
123,D1/H4/M15/IDM,21,,
123,D1/H4/M15/2R,31,-0.34808,-1.5169
123,D1/H4/M5/IDM,38,0.17047,0.30289
123,D1/H4/M5/2R,41,0.21284,0.90694
123,D1/H1/M15/IDM,28,,
123,D1/H1/M15/2R,50,-0.13681,-0.70395
123,D1/H1/M5/IDM,51,-0.42052,-1.6038
123,D1/H1/M5/2R,82,-0.094166,-0.60833
123,D1/M15/M5/IDM,93,-0.2804,-1.5506
123,D1/M15/M5/2R,206,-0.21883,-2.3405
123,H4/H1/M15/IDM,61,0.47186,1.4188
123,H4/H1/M15/2R,125,0.046574,0.3613
123,H4/H1/M5/IDM,126,0.40523,1.3769
123,H4/H1/M5/2R,208,0.061511,0.61486
123,H4/M15/M5/IDM,114,0.021072,0.093071
123,H4/M15/M5/2R,259,-0.02259,-0.25603
123,none/H4/M15/IDM,55,-0.22761,-0.73546
123,none/H4/M15/2R,89,-0.14728,-1.0107
123,none/H4/M5/IDM,96,0.11083,0.3561
123,none/H4/M5/2R,113,0.24276,1.7307
123,none/H1/M15/IDM,117,0.15768,0.65847
123,none/H1/M15/2R,254,0.018432,0.20572
123,none/H1/M5/IDM,269,0.16741,0.89024
123,none/H1/M5/2R,430,-0.036065,-0.52865
123,none/M15/M5/IDM,392,-0.11762,-1.109
123,none/M15/M5/2R,1020,0.014875,0.33228
124,D1/H4/M15/IDM,19,,
124,D1/H4/M15/2R,34,-0.32045,-1.4452
124,D1/H4/M5/IDM,35,-0.29094,-0.75065
124,D1/H4/M5/2R,44,-0.28082,-1.4137
124,D1/H1/M15/IDM,38,-0.0076456,-0.019799
124,D1/H1/M15/2R,73,-0.044761,-0.26832
124,D1/H1/M5/IDM,69,0.077585,0.19804
124,D1/H1/M5/2R,120,-0.10773,-0.85198
124,D1/M15/M5/IDM,97,0.29863,1.1928
124,D1/M15/M5/2R,219,-0.075572,-0.79743
124,H4/H1/M15/IDM,53,0.3018,0.73239
124,H4/H1/M15/2R,123,-0.093874,-0.74167
124,H4/H1/M5/IDM,118,0.15124,0.53417
124,H4/H1/M5/2R,195,-0.0010577,-0.010342
124,H4/M15/M5/IDM,112,-0.32882,-1.7561
124,H4/M15/M5/2R,273,-0.21044,-2.5886
124,none/H4/M15/IDM,57,-0.40744,-1.3842
124,none/H4/M15/2R,88,-0.10989,-0.74252
124,none/H4/M5/IDM,83,-0.060492,-0.15393
124,none/H4/M5/2R,105,-0.29286,-2.3218
124,none/H1/M15/IDM,123,0.12995,0.53494
124,none/H1/M15/2R,260,0.013192,0.14867
124,none/H1/M5/IDM,247,0.36511,1.7427
124,none/H1/M5/2R,426,-0.060844,-0.89367
124,none/M15/M5/IDM,392,0.023676,0.19508
124,none/M15/M5/2R,1035,-0.11778,-2.7331
125,D1/H4/M15/IDM,18,,
125,D1/H4/M15/2R,25,,
125,D1/H4/M5/IDM,28,,
125,D1/H4/M5/2R,34,0.11919,0.47145
125,D1/H1/M15/IDM,25,,
125,D1/H1/M15/2R,57,-0.094571,-0.50675
125,D1/H1/M5/IDM,76,-0.32085,-1.35
125,D1/H1/M5/2R,106,-0.17911,-1.3635
125,D1/M15/M5/IDM,95,-0.25193,-1.3755
125,D1/M15/M5/2R,244,-0.058667,-0.65303
125,H4/H1/M15/IDM,61,-0.22648,-0.79691
125,H4/H1/M15/2R,140,-0.066223,-0.5551
125,H4/H1/M5/IDM,133,-0.23419,-1.201
125,H4/H1/M5/2R,223,0.07552,0.77984
125,H4/M15/M5/IDM,127,0.16794,0.87079
125,H4/M15/M5/2R,302,-0.094459,-1.1721
125,none/H4/M15/IDM,60,-0.3743,-1.2752
125,none/H4/M15/2R,80,0.28954,1.7225
125,none/H4/M5/IDM,91,-0.47774,-2.0739
125,none/H4/M5/2R,113,-0.14931,-1.1566
125,none/H1/M15/IDM,109,0.030757,0.13625
125,none/H1/M15/2R,240,-0.083082,-0.91945
125,none/H1/M5/IDM,247,-0.11258,-0.76126
125,none/H1/M5/2R,409,0.026852,0.37891
125,none/M15/M5/IDM,386,-0.062697,-0.61199
125,none/M15/M5/2R,1057,-0.015435,-0.35367
126,D1/H4/M15/IDM,33,-0.89158,-6.4698
126,D1/H4/M15/2R,46,-0.1714,-0.85934
126,D1/H4/M5/IDM,43,-0.64216,-2.2159
126,D1/H4/M5/2R,54,-0.25485,-1.402
126,D1/H1/M15/IDM,43,-0.1828,-0.50695
126,D1/H1/M15/2R,82,-0.077895,-0.50665
126,D1/H1/M5/IDM,75,-0.28874,-1.151
126,D1/H1/M5/2R,119,-0.16469,-1.3265
126,D1/M15/M5/IDM,98,0.17233,0.77435
126,D1/M15/M5/2R,238,-0.054952,-0.60361
126,H4/H1/M15/IDM,54,-0.35507,-1.0854
126,H4/H1/M15/2R,128,0.020346,0.16103
126,H4/H1/M5/IDM,127,-0.10143,-0.42898
126,H4/H1/M5/2R,214,-0.11384,-1.2086
126,H4/M15/M5/IDM,119,-0.3686,-2.4287
126,H4/M15/M5/2R,305,-0.079601,-0.99551
126,none/H4/M15/IDM,70,-0.25511,-0.88268
126,none/H4/M15/2R,92,-0.10414,-0.72094
126,none/H4/M5/IDM,101,0.019986,0.051844
126,none/H4/M5/2R,119,-0.019368,-0.14797
126,none/H1/M15/IDM,113,-0.07669,-0.33088
126,none/H1/M15/2R,256,-0.05468,-0.62395
126,none/H1/M5/IDM,253,-0.085503,-0.53708
126,none/H1/M5/2R,415,-0.086472,-1.2703
126,none/M15/M5/IDM,398,-0.18698,-1.9853
126,none/M15/M5/2R,1017,-0.09201,-2.1141
127,D1/H4/M15/IDM,20,,
127,D1/H4/M15/2R,30,0.36398,1.3098
127,D1/H4/M5/IDM,35,-0.62864,-2.1464
127,D1/H4/M5/2R,45,0.028841,0.1338
127,D1/H1/M15/IDM,37,0.11487,0.26836
127,D1/H1/M15/2R,86,0.21462,1.3602
127,D1/H1/M5/IDM,90,-0.24394,-0.84234
127,D1/H1/M5/2R,136,-0.051799,-0.42903
127,D1/M15/M5/IDM,92,0.097745,0.41498
127,D1/M15/M5/2R,214,-0.12711,-1.354
127,H4/H1/M15/IDM,71,-0.26456,-1.0325
127,H4/H1/M15/2R,162,0.012482,0.11204
127,H4/H1/M5/IDM,159,0.18783,0.72986
127,H4/H1/M5/2R,241,-0.0042127,-0.046158
127,H4/M15/M5/IDM,106,0.04848,0.21453
127,H4/M15/M5/2R,275,-0.065338,-0.77436
127,none/H4/M15/IDM,59,0.22975,0.65939
127,none/H4/M15/2R,82,0.26592,1.6208
127,none/H4/M5/IDM,95,0.1593,0.4075
127,none/H4/M5/2R,111,-0.054389,-0.40841
127,none/H1/M15/IDM,125,0.020385,0.094646
127,none/H1/M15/2R,312,-0.11085,-1.4231
127,none/H1/M5/IDM,284,0.10195,0.5551
127,none/H1/M5/2R,464,-0.0076293,-0.11608
127,none/M15/M5/IDM,405,-0.0065539,-0.059324
127,none/M15/M5/2R,1049,-0.087951,-2.0501
128,D1/H4/M15/IDM,23,,
128,D1/H4/M15/2R,30,-0.027876,-0.10591
128,D1/H4/M5/IDM,32,-0.083828,-0.11252
128,D1/H4/M5/2R,36,-0.039351,-0.16527
128,D1/H1/M15/IDM,37,0.41547,0.84801
128,D1/H1/M15/2R,78,0.040417,0.2474
128,D1/H1/M5/IDM,76,0.60395,1.4129
128,D1/H1/M5/2R,123,-0.081322,-0.6434
128,D1/M15/M5/IDM,79,-0.096048,-0.44474
128,D1/M15/M5/2R,219,0.022704,0.23418
128,H4/H1/M15/IDM,58,0.42738,1.0199
128,H4/H1/M15/2R,142,-0.1534,-1.3465
128,H4/H1/M5/IDM,123,0.12768,0.48864
128,H4/H1/M5/2R,209,-0.11769,-1.2282
128,H4/M15/M5/IDM,105,-0.24204,-1.3106
128,H4/M15/M5/2R,266,0.058704,0.66433
128,none/H4/M15/IDM,62,0.14446,0.37151
128,none/H4/M15/2R,85,0.022827,0.14549
128,none/H4/M5/IDM,86,-0.17261,-0.50044
128,none/H4/M5/2R,103,-0.11133,-0.81729
128,none/H1/M15/IDM,135,-0.087329,-0.4548
128,none/H1/M15/2R,282,-0.055258,-0.66071
128,none/H1/M5/IDM,271,0.15626,0.81445
128,none/H1/M5/2R,447,-0.091324,-1.3862
128,none/M15/M5/IDM,363,-0.054979,-0.48881
128,none/M15/M5/2R,990,-0.053587,-1.2008
129,D1/H4/M15/IDM,19,,
129,D1/H4/M15/2R,34,0.53811,2.0329
129,D1/H4/M5/IDM,37,0.80933,1.1653
129,D1/H4/M5/2R,48,0.027656,0.1331
129,D1/H1/M15/IDM,42,-0.71256,-3.1823
129,D1/H1/M15/2R,77,-0.092591,-0.58653
129,D1/H1/M5/IDM,90,0.026656,0.091985
129,D1/H1/M5/2R,128,-0.10034,-0.81899
129,D1/M15/M5/IDM,101,-0.37768,-2.0859
129,D1/M15/M5/2R,268,-0.24472,-3.0302
129,H4/H1/M15/IDM,55,0.18575,0.44599
129,H4/H1/M15/2R,122,-0.085092,-0.67548
129,H4/H1/M5/IDM,144,0.19822,0.69701
129,H4/H1/M5/2R,229,0.045377,0.47665
129,H4/M15/M5/IDM,109,-0.13623,-0.7345
129,H4/M15/M5/2R,288,-0.12106,-1.4912
129,none/H4/M15/IDM,52,-0.36538,-1.2823
129,none/H4/M15/2R,79,0.024817,0.15172
129,none/H4/M5/IDM,79,-0.091436,-0.21547
129,none/H4/M5/2R,106,-0.18159,-1.3793
129,none/H1/M15/IDM,105,0.15642,0.52042
129,none/H1/M15/2R,267,-0.029231,-0.33978
129,none/H1/M5/IDM,270,0.28863,1.4098
129,none/H1/M5/2R,464,-0.01219,-0.18496
129,none/M15/M5/IDM,355,-0.11365,-1.1163
129,none/M15/M5/2R,1034,-0.10169,-2.3614
130,D1/H4/M15/IDM,16,,
130,D1/H4/M15/2R,27,,
130,D1/H4/M5/IDM,31,0.5898,0.88901
130,D1/H4/M5/2R,35,0.26067,1.0304
130,D1/H1/M15/IDM,39,-0.021786,-0.051569
130,D1/H1/M15/2R,76,0.069592,0.41606
130,D1/H1/M5/IDM,82,-0.18749,-0.75832
130,D1/H1/M5/2R,127,0.0062981,0.050109
130,D1/M15/M5/IDM,92,-0.30663,-1.6902
130,D1/M15/M5/2R,220,-0.11556,-1.2469
130,H4/H1/M15/IDM,56,0.071468,0.24579
130,H4/H1/M15/2R,117,-0.058352,-0.4516
130,H4/H1/M5/IDM,131,-0.28231,-1.6312
130,H4/H1/M5/2R,207,-0.017071,-0.17271
130,H4/M15/M5/IDM,122,-0.3226,-2.0292
130,H4/M15/M5/2R,310,-0.021424,-0.26612
130,none/H4/M15/IDM,46,-0.09557,-0.25271
130,none/H4/M15/2R,64,-0.27646,-1.6898
130,none/H4/M5/IDM,76,-0.27731,-1.0153
130,none/H4/M5/2R,89,-0.12244,-0.83355
130,none/H1/M15/IDM,117,-0.11102,-0.51349
130,none/H1/M15/2R,254,0.030895,0.34525
130,none/H1/M5/IDM,280,-0.23945,-1.7513
130,none/H1/M5/2R,451,-0.057771,-0.87726
130,none/M15/M5/IDM,395,-0.17615,-1.7262
130,none/M15/M5/2R,1089,-0.065909,-1.5543
131,D1/H4/M15/IDM,26,,
131,D1/H4/M15/2R,33,0.2487,0.95387
131,D1/H4/M5/IDM,35,0.27074,0.45108
131,D1/H4/M5/2R,43,0.43777,1.8836
131,D1/H1/M15/IDM,44,-0.07324,-0.17696
131,D1/H1/M15/2R,80,-0.00034951,-0.0021934
131,D1/H1/M5/IDM,75,0.16289,0.43727
131,D1/H1/M5/2R,120,0.072947,0.55117
131,D1/M15/M5/IDM,98,-0.31457,-1.7822
131,D1/M15/M5/2R,255,-0.10502,-1.2098
131,H4/H1/M15/IDM,65,-0.62475,-3.1533
131,H4/H1/M15/2R,132,-0.1111,-0.92485
131,H4/H1/M5/IDM,131,0.052575,0.19845
131,H4/H1/M5/2R,207,-0.069645,-0.71529
131,H4/M15/M5/IDM,111,0.072061,0.32556
131,H4/M15/M5/2R,280,0.10698,1.2282
131,none/H4/M15/IDM,66,-0.026339,-0.089888
131,none/H4/M15/2R,88,0.25962,1.6325
131,none/H4/M5/IDM,105,0.9123,2.1399
131,none/H4/M5/2R,118,0.35057,2.5315
131,none/H1/M15/IDM,107,-0.32178,-1.4928
131,none/H1/M15/2R,240,-0.071333,-0.79259
131,none/H1/M5/IDM,237,0.3503,1.4794
131,none/H1/M5/2R,394,0.10816,1.4735
131,none/M15/M5/IDM,365,-0.065759,-0.56615
131,none/M15/M5/2R,1006,0.0050785,0.11307
132,D1/H4/M15/IDM,20,,
132,D1/H4/M15/2R,27,,
132,D1/H4/M5/IDM,35,-0.11322,-0.16597
132,D1/H4/M5/2R,41,-0.01381,-0.061632
132,D1/H1/M15/IDM,41,-0.059917,-0.16493
132,D1/H1/M15/2R,76,0.27436,1.6079
132,D1/H1/M5/IDM,77,-0.35853,-1.5931
132,D1/H1/M5/2R,115,-0.20161,-1.6135
132,D1/M15/M5/IDM,105,-0.0040804,-0.017096
132,D1/M15/M5/2R,235,-0.15091,-1.6937
132,H4/H1/M15/IDM,62,-0.058207,-0.19642
132,H4/H1/M15/2R,133,-0.017782,-0.14525
132,H4/H1/M5/IDM,123,0.14129,0.56991
132,H4/H1/M5/2R,206,-0.058212,-0.59548
132,H4/M15/M5/IDM,124,-0.15191,-0.90407
132,H4/M15/M5/2R,287,-0.029464,-0.35406
132,none/H4/M15/IDM,37,-0.43495,-1.4292
132,none/H4/M15/2R,54,-0.22516,-1.2392
132,none/H4/M5/IDM,62,0.033543,0.071127
132,none/H4/M5/2R,75,0.037005,0.22322
132,none/H1/M15/IDM,132,-0.22243,-1.1506
132,none/H1/M15/2R,279,0.02849,0.3347
132,none/H1/M5/IDM,271,0.12564,0.73809
132,none/H1/M5/2R,445,0.048005,0.70509
132,none/M15/M5/IDM,442,-0.024284,-0.23099
132,none/M15/M5/2R,1085,-0.033539,-0.78369
133,D1/H4/M15/IDM,25,,
133,D1/H4/M15/2R,32,-0.55463,-2.8596
133,D1/H4/M5/IDM,34,-0.77987,-3.4762
133,D1/H4/M5/2R,37,-0.051391,-0.2191
133,D1/H1/M15/IDM,44,-0.028661,-0.083009
133,D1/H1/M15/2R,80,-0.13033,-0.84374
133,D1/H1/M5/IDM,89,0.059575,0.193
133,D1/H1/M5/2R,131,0.0044726,0.036061
133,D1/M15/M5/IDM,100,0.24759,1.0343
133,D1/M15/M5/2R,277,-0.013949,-0.1638
133,H4/H1/M15/IDM,59,0.36311,1.0503
133,H4/H1/M15/2R,123,-0.039693,-0.31255
133,H4/H1/M5/IDM,130,-0.17137,-0.7957
133,H4/H1/M5/2R,194,-0.081168,-0.81069
133,H4/M15/M5/IDM,126,0.14228,0.71737
133,H4/M15/M5/2R,295,0.019148,0.22975
133,none/H4/M15/IDM,70,-0.53452,-2.3895
133,none/H4/M15/2R,90,-0.024478,-0.16379
133,none/H4/M5/IDM,95,-0.079752,-0.2842
133,none/H4/M5/2R,111,-0.0040298,-0.029644
133,none/H1/M15/IDM,122,0.06787,0.30285
133,none/H1/M15/2R,241,-0.11516,-1.3026
133,none/H1/M5/IDM,279,-0.24534,-1.8543
133,none/H1/M5/2R,433,-0.0071044,-0.10421
133,none/M15/M5/IDM,408,0.045514,0.43902
133,none/M15/M5/2R,1064,0.01453,0.33195
134,D1/H4/M15/IDM,21,,
134,D1/H4/M15/2R,24,,
134,D1/H4/M5/IDM,35,-0.43098,-0.9816
134,D1/H4/M5/2R,37,-0.050271,-0.21506
134,D1/H1/M15/IDM,41,-0.34345,-1.2202
134,D1/H1/M15/2R,81,-0.05712,-0.36358
134,D1/H1/M5/IDM,84,-0.26544,-1.0403
134,D1/H1/M5/2R,127,-0.099252,-0.80296
134,D1/M15/M5/IDM,75,0.16407,0.60381
134,D1/M15/M5/2R,205,-0.08273,-0.85621
134,H4/H1/M15/IDM,65,-0.24527,-1.1026
134,H4/H1/M15/2R,142,-0.050186,-0.4245
134,H4/H1/M5/IDM,143,-0.29326,-1.4307
134,H4/H1/M5/2R,223,-0.11929,-1.2931
134,H4/M15/M5/IDM,107,0.02187,0.095991
134,H4/M15/M5/2R,254,-0.17258,-2.0338
134,none/H4/M15/IDM,58,-0.31377,-1.1248
134,none/H4/M15/2R,82,-0.10616,-0.69292
134,none/H4/M5/IDM,90,-0.15918,-0.54
134,none/H4/M5/2R,101,0.046813,0.32599
134,none/H1/M15/IDM,124,-0.24083,-1.2668
134,none/H1/M15/2R,268,-0.14262,-1.7111
134,none/H1/M5/IDM,264,-0.073634,-0.39617
134,none/H1/M5/2R,455,-0.09687,-1.4931
134,none/M15/M5/IDM,386,-0.081325,-0.76
134,none/M15/M5/2R,1024,-0.04654,-1.0624
135,D1/H4/M15/IDM,25,,
135,D1/H4/M15/2R,35,-0.080816,-0.33831
135,D1/H4/M5/IDM,41,-0.39836,-1.1253
135,D1/H4/M5/2R,45,-0.41877,-2.3086
135,D1/H1/M15/IDM,37,0.033748,0.070541
135,D1/H1/M15/2R,63,0.029255,0.16141
135,D1/H1/M5/IDM,79,-0.046784,-0.15422
135,D1/H1/M5/2R,119,-0.14522,-1.1497
135,D1/M15/M5/IDM,106,-0.2123,-1.1144
135,D1/M15/M5/2R,235,-0.14472,-1.6175
135,H4/H1/M15/IDM,48,0.085402,0.24695
135,H4/H1/M15/2R,123,0.25409,1.8995
135,H4/H1/M5/IDM,117,-0.19644,-0.88793
135,H4/H1/M5/2R,202,-0.035658,-0.35885
135,H4/M15/M5/IDM,123,-0.14043,-0.81344
135,H4/M15/M5/2R,283,-0.020495,-0.24222
135,none/H4/M15/IDM,40,-0.72044,-2.8509
135,none/H4/M15/2R,67,-0.14157,-0.84984
135,none/H4/M5/IDM,69,-0.32207,-1.0774
135,none/H4/M5/2R,86,-0.25771,-1.8211
135,none/H1/M15/IDM,104,-0.16842,-0.71509
135,none/H1/M15/2R,243,0.0054961,0.060169
135,none/H1/M5/IDM,245,-0.22387,-1.5175
135,none/H1/M5/2R,421,0.010529,0.15162
135,none/M15/M5/IDM,437,-0.12395,-1.2814
135,none/M15/M5/2R,1025,-0.031651,-0.71682
136,D1/H4/M15/IDM,22,,
136,D1/H4/M15/2R,31,0.08122,0.31396
136,D1/H4/M5/IDM,35,0.1303,0.23431
136,D1/H4/M5/2R,44,0.34796,1.5298
136,D1/H1/M15/IDM,29,,
136,D1/H1/M15/2R,77,-0.079461,-0.49988
136,D1/H1/M5/IDM,86,-0.096329,-0.36764
136,D1/H1/M5/2R,135,0.022284,0.18073
136,D1/M15/M5/IDM,85,-0.36947,-1.8351
136,D1/M15/M5/2R,220,-0.10324,-1.1101
136,H4/H1/M15/IDM,57,0.087451,0.21284
136,H4/H1/M15/2R,123,-0.04184,-0.32867
136,H4/H1/M5/IDM,131,0.30059,1.009
136,H4/H1/M5/2R,209,0.12573,1.2446
136,H4/M15/M5/IDM,114,-0.21625,-1.2228
136,H4/M15/M5/2R,276,-0.11243,-1.3507
136,none/H4/M15/IDM,59,-0.025337,-0.064654
136,none/H4/M15/2R,83,-0.1089,-0.71846
136,none/H4/M5/IDM,91,-0.13894,-0.4625
136,none/H4/M5/2R,108,0.034379,0.24717
136,none/H1/M15/IDM,106,-0.085926,-0.34047
136,none/H1/M15/2R,266,-0.053347,-0.61998
136,none/H1/M5/IDM,258,0.28426,1.3914
136,none/H1/M5/2R,424,0.076082,1.0842
136,none/M15/M5/IDM,401,-0.21118,-2.2347
136,none/M15/M5/2R,1038,-0.04939,-1.1334
137,D1/H4/M15/IDM,15,,
137,D1/H4/M15/2R,18,,
137,D1/H4/M5/IDM,28,,
137,D1/H4/M5/2R,31,-0.64371,-3.4739
137,D1/H1/M15/IDM,29,,
137,D1/H1/M15/2R,59,0.2536,1.3089
137,D1/H1/M5/IDM,61,-0.24753,-0.87772
137,D1/H1/M5/2R,96,-0.1484,-1.0602
137,D1/M15/M5/IDM,84,0.26927,1.0612
137,D1/M15/M5/2R,239,-0.082559,-0.91271
137,H4/H1/M15/IDM,63,0.47556,1.0377
137,H4/H1/M15/2R,125,0.079795,0.61314
137,H4/H1/M5/IDM,135,-0.22518,-1.1508
137,H4/H1/M5/2R,222,-0.17045,-1.8668
137,H4/M15/M5/IDM,106,-0.081479,-0.41961
137,H4/M15/M5/2R,291,-0.163,-2.0436
137,none/H4/M15/IDM,47,0.018934,0.046835
137,none/H4/M15/2R,62,-0.062915,-0.35145
137,none/H4/M5/IDM,84,-0.34114,-1.0526
137,none/H4/M5/2R,96,-0.36145,-2.8368
137,none/H1/M15/IDM,108,0.43165,1.3572
137,none/H1/M15/2R,243,0.10829,1.1639
137,none/H1/M5/IDM,272,-0.18933,-1.1979
137,none/H1/M5/2R,452,-0.10611,-1.626
137,none/M15/M5/IDM,395,-0.024703,-0.2308
137,none/M15/M5/2R,1069,-0.11273,-2.6623
138,D1/H4/M15/IDM,26,,
138,D1/H4/M15/2R,33,0.18444,0.72565
138,D1/H4/M5/IDM,42,0.18771,0.36426
138,D1/H4/M5/2R,46,0.26849,1.216
138,D1/H1/M15/IDM,37,-0.33245,-1.0468
138,D1/H1/M15/2R,72,-0.16326,-1.0082
138,D1/H1/M5/IDM,62,-0.45485,-2.0524
138,D1/H1/M5/2R,113,-0.2012,-1.5986
138,D1/M15/M5/IDM,97,-0.32135,-1.9521
138,D1/M15/M5/2R,252,-0.17159,-2.0021
138,H4/H1/M15/IDM,59,-0.45982,-2.073
138,H4/H1/M15/2R,114,-0.10941,-0.84663
138,H4/H1/M5/IDM,119,0.0083131,0.031197
138,H4/H1/M5/2R,204,-0.11794,-1.2193
138,H4/M15/M5/IDM,122,0.05095,0.2587
138,H4/M15/M5/2R,281,-0.15219,-1.8837
138,none/H4/M15/IDM,63,0.011855,0.032103
138,none/H4/M15/2R,84,-0.12268,-0.8183
138,none/H4/M5/IDM,96,0.33462,0.76449
138,none/H4/M5/2R,114,0.10257,0.75214
138,none/H1/M15/IDM,126,-0.16648,-0.76909
138,none/H1/M15/2R,256,-0.13853,-1.615
138,none/H1/M5/IDM,240,0.051016,0.28504
138,none/H1/M5/2R,430,-0.059035,-0.87527
138,none/M15/M5/IDM,403,-0.072505,-0.71291
138,none/M15/M5/2R,1055,-0.099031,-2.3212
139,D1/H4/M15/IDM,27,,
139,D1/H4/M15/2R,39,0.04516,0.19242
139,D1/H4/M5/IDM,34,0.87901,0.94944
139,D1/H4/M5/2R,43,-0.40644,-2.1578
139,D1/H1/M15/IDM,40,-0.49816,-1.9343
139,D1/H1/M15/2R,81,0.14736,0.90016
139,D1/H1/M5/IDM,87,0.27731,0.65042
139,D1/H1/M5/2R,128,-0.14041,-1.1476
139,D1/M15/M5/IDM,107,-0.21542,-1.2281
139,D1/M15/M5/2R,256,-0.17313,-2.0263
139,H4/H1/M15/IDM,62,0.086949,0.23202
139,H4/H1/M15/2R,127,-0.17523,-1.4455
139,H4/H1/M5/IDM,132,0.32126,1.0312
139,H4/H1/M5/2R,208,-0.012535,-0.12698
139,H4/M15/M5/IDM,135,0.17698,0.95385
139,H4/M15/M5/2R,303,-0.0063198,-0.077031
139,none/H4/M15/IDM,65,0.0045326,0.012352
139,none/H4/M15/2R,96,0.02089,0.14276
139,none/H4/M5/IDM,94,0.19725,0.49874
139,none/H4/M5/2R,114,-0.066256,-0.50279
139,none/H1/M15/IDM,118,-0.27926,-1.3781
139,none/H1/M15/2R,263,-0.11697,-1.3736
139,none/H1/M5/IDM,268,0.090116,0.48626
139,none/H1/M5/2R,424,0.037272,0.53352
139,none/M15/M5/IDM,427,-0.017247,-0.16726
139,none/M15/M5/2R,1074,-0.091223,-2.1449
140,D1/H4/M15/IDM,31,-0.40749,-1.5221
140,D1/H4/M15/2R,41,0.1384,0.60466
140,D1/H4/M5/IDM,47,-0.46156,-1.5097
140,D1/H4/M5/2R,55,-0.099042,-0.52185
140,D1/H1/M15/IDM,44,0.46511,0.95466
140,D1/H1/M15/2R,84,-0.15143,-1.0077
140,D1/H1/M5/IDM,89,-0.32288,-1.2785
140,D1/H1/M5/2R,143,0.039255,0.32667
140,D1/M15/M5/IDM,80,-0.13067,-0.59377
140,D1/M15/M5/2R,244,0.00054556,0.0059723
140,H4/H1/M15/IDM,59,0.60653,1.3965
140,H4/H1/M15/2R,120,0.12381,0.92364
140,H4/H1/M5/IDM,129,-0.23656,-0.99503
140,H4/H1/M5/2R,206,-0.11261,-1.1656
140,H4/M15/M5/IDM,94,0.33739,1.3987
140,H4/M15/M5/2R,253,0.1023,1.1157
140,none/H4/M15/IDM,65,-0.42737,-1.9941
140,none/H4/M15/2R,93,0.087865,0.58044
140,none/H4/M5/IDM,97,-0.38472,-1.6328
140,none/H4/M5/2R,118,-0.22863,-1.8419
140,none/H1/M15/IDM,123,0.20951,0.81836
140,none/H1/M15/2R,261,-0.011333,-0.1295
140,none/H1/M5/IDM,269,-0.26561,-1.7277
140,none/H1/M5/2R,448,-0.082677,-1.2538
140,none/M15/M5/IDM,401,0.074834,0.7178
140,none/M15/M5/2R,1074,0.0096713,0.22165
141,D1/H4/M15/IDM,25,,
141,D1/H4/M15/2R,34,-0.1474,-0.61569
141,D1/H4/M5/IDM,37,0.51743,0.65722
141,D1/H4/M5/2R,43,0.010428,0.047565
141,D1/H1/M15/IDM,39,0.82726,1.5372
141,D1/H1/M15/2R,68,0.33931,1.868
141,D1/H1/M5/IDM,74,0.30312,0.87176
141,D1/H1/M5/2R,105,0.051748,0.3667
141,D1/M15/M5/IDM,86,-0.18509,-0.96698
141,D1/M15/M5/2R,206,0.018913,0.18961
141,H4/H1/M15/IDM,59,0.77316,1.7126
141,H4/H1/M15/2R,122,0.22667,1.6822
141,H4/H1/M5/IDM,131,0.3157,1.1428
141,H4/H1/M5/2R,202,-0.052365,-0.53093
141,H4/M15/M5/IDM,124,-0.02287,-0.11903
141,H4/M15/M5/2R,293,-0.22535,-2.8921
141,none/H4/M15/IDM,46,0.10935,0.25514
141,none/H4/M15/2R,69,-0.09698,-0.57904
141,none/H4/M5/IDM,86,0.28557,0.63791
141,none/H4/M5/2R,99,-0.064952,-0.45948
141,none/H1/M15/IDM,118,0.49809,1.7514
141,none/H1/M15/2R,265,0.067501,0.76243
141,none/H1/M5/IDM,270,0.23261,1.2147
141,none/H1/M5/2R,446,-0.067028,-1.0147
141,none/M15/M5/IDM,410,-0.06421,-0.63316
141,none/M15/M5/2R,1085,-0.066047,-1.5356
142,D1/H4/M15/IDM,23,,
142,D1/H4/M15/2R,40,0.16414,0.70403
142,D1/H4/M5/IDM,38,0.32095,0.49478
142,D1/H4/M5/2R,50,0.17677,0.84194
142,D1/H1/M15/IDM,42,0.50004,1.0195
142,D1/H1/M15/2R,77,0.072527,0.43953
142,D1/H1/M5/IDM,93,0.25692,0.73616
142,D1/H1/M5/2R,135,-0.14816,-1.2549
142,D1/M15/M5/IDM,103,0.42216,1.71
142,D1/M15/M5/2R,286,0.030719,0.36044
142,H4/H1/M15/IDM,59,0.57195,1.4721
142,H4/H1/M15/2R,146,-0.079317,-0.68758
142,H4/H1/M5/IDM,128,0.66702,1.8303
142,H4/H1/M5/2R,228,-0.093107,-1.01
142,H4/M15/M5/IDM,123,-0.10682,-0.61357
142,H4/M15/M5/2R,305,-0.13842,-1.7646
142,none/H4/M15/IDM,51,0.28724,0.58707
142,none/H4/M15/2R,82,0.13612,0.84084
142,none/H4/M5/IDM,82,0.21467,0.48918
142,none/H4/M5/2R,108,0.18798,1.3136
142,none/H1/M15/IDM,113,0.69102,2.1843
142,none/H1/M15/2R,270,-0.0060258,-0.069769
142,none/H1/M5/IDM,259,0.75051,2.8937
142,none/H1/M5/2R,446,-0.028068,-0.41999
142,none/M15/M5/IDM,439,0.012048,0.12017
142,none/M15/M5/2R,1130,-0.0082812,-0.196
143,D1/H4/M15/IDM,23,,
143,D1/H4/M15/2R,31,0.06929,0.27044
143,D1/H4/M5/IDM,33,1.7069,1.5103
143,D1/H4/M5/2R,39,0.19626,0.82395
143,D1/H1/M15/IDM,35,0.14648,0.35168
143,D1/H1/M15/2R,76,0.066868,0.403
143,D1/H1/M5/IDM,77,-0.16874,-0.61825
143,D1/H1/M5/2R,117,0.026396,0.19911
143,D1/M15/M5/IDM,64,0.1274,0.46461
143,D1/M15/M5/2R,192,0.18321,1.7168
143,H4/H1/M15/IDM,66,0.21696,0.67513
143,H4/H1/M15/2R,123,-0.02653,-0.20795
143,H4/H1/M5/IDM,143,-0.043706,-0.19856
143,H4/H1/M5/2R,214,-0.12559,-1.3
143,H4/M15/M5/IDM,114,0.078066,0.3308
143,H4/M15/M5/2R,248,-0.03264,-0.35399
143,none/H4/M15/IDM,60,0.06324,0.1591
143,none/H4/M15/2R,85,0.2118,1.3316
143,none/H4/M5/IDM,91,0.41044,0.82301
143,none/H4/M5/2R,115,0.021953,0.15523
143,none/H1/M15/IDM,117,0.50124,1.7731
143,none/H1/M15/2R,259,-0.15237,-1.8013
143,none/H1/M5/IDM,288,0.15543,0.88953
143,none/H1/M5/2R,465,-0.03528,-0.53338
143,none/M15/M5/IDM,369,0.087631,0.72263
143,none/M15/M5/2R,1021,-0.0036331,-0.08116
144,D1/H4/M15/IDM,26,,
144,D1/H4/M15/2R,37,-0.51369,-2.7223
144,D1/H4/M5/IDM,46,-0.050684,-0.1068
144,D1/H4/M5/2R,51,-0.31839,-1.7807
144,D1/H1/M15/IDM,44,0.0068759,0.014139
144,D1/H1/M15/2R,85,-0.037859,-0.24681
144,D1/H1/M5/IDM,90,0.22452,0.7144
144,D1/H1/M5/2R,135,0.14681,1.171
144,D1/M15/M5/IDM,95,-0.094622,-0.42402
144,D1/M15/M5/2R,264,-0.13608,-1.5947
144,H4/H1/M15/IDM,50,0.10435,0.22457
144,H4/H1/M15/2R,116,-0.18247,-1.4436
144,H4/H1/M5/IDM,131,0.38741,1.3499
144,H4/H1/M5/2R,204,0.1462,1.4234
144,H4/M15/M5/IDM,107,0.27051,1.1275
144,H4/M15/M5/2R,294,-0.020518,-0.24574
144,none/H4/M15/IDM,54,0.16218,0.2887
144,none/H4/M15/2R,82,-0.066017,-0.42399
144,none/H4/M5/IDM,91,0.21542,0.55387
144,none/H4/M5/2R,108,-0.14334,-1.0855
144,none/H1/M15/IDM,115,-0.35441,-1.5484
144,none/H1/M15/2R,252,-0.12787,-1.4746
144,none/H1/M5/IDM,248,0.019131,0.10114
144,none/H1/M5/2R,407,0.081665,1.1422
144,none/M15/M5/IDM,375,0.0013424,0.011511
144,none/M15/M5/2R,1074,-0.062716,-1.4616
145,D1/H4/M15/IDM,23,,
145,D1/H4/M15/2R,29,,
145,D1/H4/M5/IDM,39,-1.031,-86.085
145,D1/H4/M5/2R,43,-0.34076,-1.7505
145,D1/H1/M15/IDM,28,,
145,D1/H1/M15/2R,76,0.08228,0.4939
145,D1/H1/M5/IDM,70,0.090174,0.2832
145,D1/H1/M5/2R,118,0.083131,0.61838
145,D1/M15/M5/IDM,86,-0.13745,-0.71952
145,D1/M15/M5/2R,220,-0.031599,-0.33236
145,H4/H1/M15/IDM,69,0.2912,0.87171
145,H4/H1/M15/2R,152,0.035419,0.30322
145,H4/H1/M5/IDM,137,-0.22027,-1.2254
145,H4/H1/M5/2R,227,-0.035989,-0.38314
145,H4/M15/M5/IDM,131,-0.0080512,-0.045192
145,H4/M15/M5/2R,286,0.064255,0.74834
145,none/H4/M15/IDM,61,0.076274,0.1699
145,none/H4/M15/2R,85,-0.14471,-0.97137
145,none/H4/M5/IDM,93,-0.20269,-0.77249
145,none/H4/M5/2R,110,-0.079723,-0.5994
145,none/H1/M15/IDM,108,0.11284,0.41921
145,none/H1/M15/2R,275,-0.014817,-0.17279
145,none/H1/M5/IDM,251,-0.012947,-0.080291
145,none/H1/M5/2R,435,-0.042407,-0.62609
145,none/M15/M5/IDM,416,-0.047635,-0.48795
145,none/M15/M5/2R,1076,-0.059949,-1.4018
146,D1/H4/M15/IDM,30,-0.95249,-7.5466
146,D1/H4/M15/2R,39,-0.35063,-1.6992
146,D1/H4/M5/IDM,41,0.25332,0.39741
146,D1/H4/M5/2R,46,0.14627,0.67049
146,D1/H1/M15/IDM,43,-0.25658,-0.63054
146,D1/H1/M15/2R,76,-0.035313,-0.21709
146,D1/H1/M5/IDM,84,-0.33141,-1.2353
146,D1/H1/M5/2R,127,-0.20821,-1.7545
146,D1/M15/M5/IDM,88,0.12766,0.53343
146,D1/M15/M5/2R,234,-0.16101,-1.8159
146,H4/H1/M15/IDM,54,-0.73036,-4.976
146,H4/H1/M15/2R,130,0.074952,0.58884
146,H4/H1/M5/IDM,125,-0.35121,-1.6937
146,H4/H1/M5/2R,221,-0.15014,-1.6334
146,H4/M15/M5/IDM,119,0.0034409,0.017065
146,H4/M15/M5/2R,282,-0.033797,-0.40347
146,none/H4/M15/IDM,59,-0.50929,-1.7748
146,none/H4/M15/2R,76,0.062078,0.37154
146,none/H4/M5/IDM,87,0.43384,0.87641
146,none/H4/M5/2R,99,-0.061515,-0.43562
146,none/H1/M15/IDM,119,-0.59012,-3.518
146,none/H1/M15/2R,262,-0.015312,-0.17633
146,none/H1/M5/IDM,276,-0.27326,-1.7648
146,none/H1/M5/2R,467,-0.21207,-3.435
146,none/M15/M5/IDM,383,0.016161,0.14861
146,none/M15/M5/2R,1060,-0.062589,-1.4549
147,D1/H4/M15/IDM,12,,
147,D1/H4/M15/2R,19,,
147,D1/H4/M5/IDM,21,,
147,D1/H4/M5/2R,24,,
147,D1/H1/M15/IDM,30,-0.37609,-1.2121
147,D1/H1/M15/2R,74,0.18933,1.0969
147,D1/H1/M5/IDM,82,0.49239,1.4153
147,D1/H1/M5/2R,120,-0.031202,-0.24056
147,D1/M15/M5/IDM,82,0.41621,1.6364
147,D1/M15/M5/2R,219,0.24122,2.3938
147,H4/H1/M15/IDM,51,-0.35036,-1.2381
147,H4/H1/M15/2R,120,0.068983,0.51919
147,H4/H1/M5/IDM,124,0.29238,1.0645
147,H4/H1/M5/2R,194,0.034646,0.33484
147,H4/M15/M5/IDM,113,0.18769,0.86305
147,H4/M15/M5/2R,292,-0.0694,-0.84426
147,none/H4/M15/IDM,62,0.20204,0.46666
147,none/H4/M15/2R,79,-0.0020656,-0.012821
147,none/H4/M5/IDM,95,0.18461,0.41091
147,none/H4/M5/2R,108,-0.17349,-1.3269
147,none/H1/M15/IDM,118,-0.23231,-1.2566
147,none/H1/M15/2R,264,0.031625,0.35693
147,none/H1/M5/IDM,282,-0.032275,-0.20441
147,none/H1/M5/2R,451,-0.05303,-0.80084
147,none/M15/M5/IDM,404,0.1049,0.9428
147,none/M15/M5/2R,1073,0.020698,0.47166
148,D1/H4/M15/IDM,20,,
148,D1/H4/M15/2R,28,,
148,D1/H4/M5/IDM,37,-0.36866,-0.75913
148,D1/H4/M5/2R,43,-0.4753,-2.6178
148,D1/H1/M15/IDM,44,0.14885,0.34195
148,D1/H1/M15/2R,71,0.011543,0.067762
148,D1/H1/M5/IDM,81,0.2394,0.56858
148,D1/H1/M5/2R,115,0.010169,0.075963
148,D1/M15/M5/IDM,99,0.2115,0.93843
148,D1/M15/M5/2R,237,-0.03186,-0.34691
148,H4/H1/M15/IDM,60,0.044964,0.13699
148,H4/H1/M15/2R,128,-0.26896,-2.3426
148,H4/H1/M5/IDM,133,-0.29496,-1.376
148,H4/H1/M5/2R,224,-0.083054,-0.88702
148,H4/M15/M5/IDM,127,0.47575,2.0663
148,H4/M15/M5/2R,299,-0.13563,-1.698
148,none/H4/M15/IDM,62,-0.094732,-0.23574
148,none/H4/M15/2R,88,-0.0035395,-0.023265
148,none/H4/M5/IDM,92,-0.049119,-0.11993
148,none/H4/M5/2R,110,-0.18896,-1.4632
148,none/H1/M15/IDM,121,-0.084521,-0.39444
148,none/H1/M15/2R,251,-0.086381,-0.98556
148,none/H1/M5/IDM,281,-0.045035,-0.25634
148,none/H1/M5/2R,444,-0.051603,-0.76806
148,none/M15/M5/IDM,418,0.037198,0.35237
148,none/M15/M5/2R,1108,-0.011229,-0.2629
149,D1/H4/M15/IDM,30,-0.38797,-1.021
149,D1/H4/M15/2R,43,-0.27064,-1.3252
149,D1/H4/M5/IDM,47,0.37969,0.61325
149,D1/H4/M5/2R,53,0.49838,2.3892
149,D1/H1/M15/IDM,37,-0.39884,-1.1918
149,D1/H1/M15/2R,75,-0.073412,-0.45185
149,D1/H1/M5/IDM,75,0.27672,0.86644
149,D1/H1/M5/2R,115,0.37193,2.6536
149,D1/M15/M5/IDM,105,-0.22031,-1.3165
149,D1/M15/M5/2R,256,-0.17947,-2.1141
149,H4/H1/M15/IDM,65,-0.47131,-2.1103
149,H4/H1/M15/2R,143,-0.062091,-0.53027
149,H4/H1/M5/IDM,127,0.16561,0.62111
149,H4/H1/M5/2R,217,0.085267,0.86408
149,H4/M15/M5/IDM,119,-0.24817,-1.4441
149,H4/M15/M5/2R,293,-0.08236,-1.0067
149,none/H4/M15/IDM,57,-0.80427,-4.8874
149,none/H4/M15/2R,87,-0.17725,-1.2126
149,none/H4/M5/IDM,91,-0.01842,-0.048547
149,none/H4/M5/2R,110,0.30529,2.1412
149,none/H1/M15/IDM,121,-0.41903,-2.5719
149,none/H1/M15/2R,282,-0.18753,-2.329
149,none/H1/M5/IDM,259,0.041901,0.2445
149,none/H1/M5/2R,456,0.057728,0.85293
149,none/M15/M5/IDM,377,-0.014203,-0.13408
149,none/M15/M5/2R,1034,-0.025312,-0.57532
150,D1/H4/M15/IDM,29,,
150,D1/H4/M15/2R,33,0.23009,0.88812
150,D1/H4/M5/IDM,39,0.2217,0.39879
150,D1/H4/M5/2R,42,0.25473,1.1011
150,D1/H1/M15/IDM,41,0.43329,0.94553
150,D1/H1/M15/2R,98,-0.017894,-0.12762
150,D1/H1/M5/IDM,85,0.5115,1.5613
150,D1/H1/M5/2R,139,-0.017475,-0.14492
150,D1/M15/M5/IDM,94,0.36255,1.4982
150,D1/M15/M5/2R,231,0.035065,0.37016
150,H4/H1/M15/IDM,61,-0.068939,-0.22961
150,H4/H1/M15/2R,150,-0.18868,-1.747
150,H4/H1/M5/IDM,153,0.14078,0.66829
150,H4/H1/M5/2R,262,-0.25153,-3.1037
150,H4/M15/M5/IDM,154,0.21182,1.1357
150,H4/M15/M5/2R,332,-0.034357,-0.44502
150,none/H4/M15/IDM,79,-0.26139,-0.96806
150,none/H4/M15/2R,99,-0.31009,-2.401
150,none/H4/M5/IDM,105,-0.3779,-1.6891
150,none/H4/M5/2R,118,-0.10717,-0.84029
150,none/H1/M15/IDM,115,0.19838,0.77275
150,none/H1/M15/2R,291,-0.096661,-1.1953
150,none/H1/M5/IDM,289,0.067344,0.45513
150,none/H1/M5/2R,490,-0.12,-1.9234
150,none/M15/M5/IDM,471,-0.0099562,-0.10568
150,none/M15/M5/2R,1116,-0.13842,-3.3739
151,D1/H4/M15/IDM,23,,
151,D1/H4/M15/2R,29,,
151,D1/H4/M5/IDM,35,0.17521,0.27975
151,D1/H4/M5/2R,40,0.17481,0.74083
151,D1/H1/M15/IDM,40,0.5046,0.89294
151,D1/H1/M15/2R,77,-0.022289,-0.13641
151,D1/H1/M5/IDM,78,0.052364,0.15622
151,D1/H1/M5/2R,124,0.057118,0.43971
151,D1/M15/M5/IDM,106,0.13501,0.63462
151,D1/M15/M5/2R,252,0.05394,0.59571
151,H4/H1/M15/IDM,69,0.13616,0.36719
151,H4/H1/M15/2R,141,0.03662,0.30013
151,H4/H1/M5/IDM,138,-0.098555,-0.45905
151,H4/H1/M5/2R,222,0.026019,0.27063
151,H4/M15/M5/IDM,127,0.11663,0.62139
151,H4/M15/M5/2R,328,0.042427,0.53352
151,none/H4/M15/IDM,45,0.65112,0.98656
151,none/H4/M15/2R,63,0.31017,1.6479
151,none/H4/M5/IDM,80,0.081433,0.21333
151,none/H4/M5/2R,94,0.091403,0.60758
151,none/H1/M15/IDM,127,0.065212,0.25503
151,none/H1/M15/2R,279,0.0074373,0.086711
151,none/H1/M5/IDM,260,0.095932,0.58331
151,none/H1/M5/2R,443,0.056,0.81907
151,none/M15/M5/IDM,389,0.15615,1.3446
151,none/M15/M5/2R,1011,0.023434,0.52003
152,D1/H4/M15/IDM,14,,
152,D1/H4/M15/2R,18,,
152,D1/H4/M5/IDM,33,-0.83565,-3.8915
152,D1/H4/M5/2R,34,-0.31557,-1.4354
152,D1/H1/M15/IDM,28,,
152,D1/H1/M15/2R,53,0.16207,0.7999
152,D1/H1/M5/IDM,82,-0.0825,-0.29318
152,D1/H1/M5/2R,110,-0.13219,-1.0055
152,D1/M15/M5/IDM,91,-0.32188,-1.5068
152,D1/M15/M5/2R,223,-0.11669,-1.2599
152,H4/H1/M15/IDM,51,0.42013,1.0393
152,H4/H1/M15/2R,108,0.36052,2.4915
152,H4/H1/M5/IDM,99,-0.26857,-0.97502
152,H4/H1/M5/2R,170,-0.0024925,-0.021445
152,H4/M15/M5/IDM,131,0.25772,1.2141
152,H4/M15/M5/2R,304,0.065443,0.78768
152,none/H4/M15/IDM,44,0.28219,0.57407
152,none/H4/M15/2R,70,0.16462,0.93296
152,none/H4/M5/IDM,88,0.19017,0.51408
152,none/H4/M5/2R,99,0.028775,0.199
152,none/H1/M15/IDM,96,0.25477,0.94017
152,none/H1/M15/2R,229,0.2068,2.1167
152,none/H1/M5/IDM,221,0.084433,0.42978
152,none/H1/M5/2R,379,0.0050529,0.069023
152,none/M15/M5/IDM,385,0.099627,0.87742
152,none/M15/M5/2R,1089,-0.02309,-0.53723
153,D1/H4/M15/IDM,29,,
153,D1/H4/M15/2R,41,-0.063897,-0.28952
153,D1/H4/M5/IDM,50,0.24709,0.48066
153,D1/H4/M5/2R,56,0.040804,0.20951
153,D1/H1/M15/IDM,33,0.00096773,0.0021209
153,D1/H1/M15/2R,65,0.083184,0.45857
153,D1/H1/M5/IDM,70,-0.16925,-0.56409
153,D1/H1/M5/2R,110,-0.090481,-0.67978
153,D1/M15/M5/IDM,77,0.2106,0.75369
153,D1/M15/M5/2R,203,0.025824,0.25743
153,H4/H1/M15/IDM,56,-0.20984,-0.75224
153,H4/H1/M15/2R,122,0.074005,0.56379
153,H4/H1/M5/IDM,123,-0.16035,-0.70764
153,H4/H1/M5/2R,204,0.10922,1.0746
153,H4/M15/M5/IDM,118,0.19165,0.89624
153,H4/M15/M5/2R,284,0.039213,0.46273
153,none/H4/M15/IDM,59,-0.061903,-0.17111
153,none/H4/M15/2R,90,-0.088685,-0.60308
153,none/H4/M5/IDM,100,0.050412,0.15959
153,none/H4/M5/2R,120,0.018919,0.14398
153,none/H1/M15/IDM,112,-0.010798,-0.04465
153,none/H1/M15/2R,264,0.025456,0.28868
153,none/H1/M5/IDM,237,-0.12631,-0.71763
153,none/H1/M5/2R,420,0.017527,0.25192
153,none/M15/M5/IDM,392,0.02834,0.26982
153,none/M15/M5/2R,1010,-0.061788,-1.4065
154,D1/H4/M15/IDM,24,,
154,D1/H4/M15/2R,40,0.061371,0.2697
154,D1/H4/M5/IDM,37,0.11903,0.19499
154,D1/H4/M5/2R,45,-0.033194,-0.15605
154,D1/H1/M15/IDM,25,,
154,D1/H1/M15/2R,60,0.097707,0.52397
154,D1/H1/M5/IDM,84,-0.39096,-1.4145
154,D1/H1/M5/2R,125,-0.02198,-0.17336
154,D1/M15/M5/IDM,104,-0.04253,-0.18632
154,D1/M15/M5/2R,258,-0.10128,-1.1641
154,H4/H1/M15/IDM,64,-0.36194,-1.389
154,H4/H1/M15/2R,135,-0.055624,-0.45896
154,H4/H1/M5/IDM,157,0.14605,0.58216
154,H4/H1/M5/2R,236,-0.047146,-0.51383
154,H4/M15/M5/IDM,113,-0.17519,-0.98361
154,H4/M15/M5/2R,286,-0.093231,-1.1277
154,none/H4/M15/IDM,54,-0.40782,-1.2234
154,none/H4/M15/2R,90,0.017787,0.11884
154,none/H4/M5/IDM,91,0.2856,0.67876
154,none/H4/M5/2R,113,0.0042393,0.031526
154,none/H1/M15/IDM,119,-0.43348,-2.6121
154,none/H1/M15/2R,258,-0.072715,-0.83942
154,none/H1/M5/IDM,301,-0.024903,-0.15092
154,none/H1/M5/2R,466,0.03214,0.48314
154,none/M15/M5/IDM,389,-0.071842,-0.62204
154,none/M15/M5/2R,1073,-0.10193,-2.3993
155,D1/H4/M15/IDM,21,,
155,D1/H4/M15/2R,28,,
155,D1/H4/M5/IDM,34,-0.75749,-2.7557
155,D1/H4/M5/2R,38,-0.10749,-0.46743
155,D1/H1/M15/IDM,38,-0.16476,-0.44477
155,D1/H1/M15/2R,76,-0.03858,-0.23695
155,D1/H1/M5/IDM,79,0.25046,0.62088
155,D1/H1/M5/2R,110,-0.073962,-0.55369
155,D1/M15/M5/IDM,100,-0.14685,-0.76623
155,D1/M15/M5/2R,243,-0.068055,-0.75833
155,H4/H1/M15/IDM,67,0.50703,1.3271
155,H4/H1/M15/2R,118,-0.010643,-0.081408
155,H4/H1/M5/IDM,138,-0.025979,-0.10979
155,H4/H1/M5/2R,204,0.020623,0.20574
155,H4/M15/M5/IDM,113,-0.18492,-1.0693
155,H4/M15/M5/2R,271,-0.018927,-0.21793
155,none/H4/M15/IDM,74,-0.40304,-1.7248
155,none/H4/M15/2R,95,-0.33296,-2.5533
155,none/H4/M5/IDM,104,-0.32856,-1.218
155,none/H4/M5/2R,122,-0.087365,-0.68911
155,none/H1/M15/IDM,130,0.31298,1.1629
155,none/H1/M15/2R,265,0.019407,0.22204
155,none/H1/M5/IDM,282,0.0038107,0.021786
155,none/H1/M5/2R,440,-0.08588,-1.2935
155,none/M15/M5/IDM,400,-0.14249,-1.4388
155,none/M15/M5/2R,1079,0.0048273,0.10974
156,D1/H4/M15/IDM,21,,
156,D1/H4/M15/2R,34,0.48627,1.8889
156,D1/H4/M5/IDM,34,-0.68368,-3.2031
156,D1/H4/M5/2R,51,0.07787,0.38037
156,D1/H1/M15/IDM,35,0.3757,0.60882
156,D1/H1/M15/2R,78,0.13643,0.83768
156,D1/H1/M5/IDM,78,-0.26665,-0.9688
156,D1/H1/M5/2R,127,0.12204,0.94256
156,D1/M15/M5/IDM,99,0.35945,1.3591
156,D1/M15/M5/2R,261,0.010914,0.12313
156,H4/H1/M15/IDM,67,0.10774,0.32044
156,H4/H1/M15/2R,146,0.16606,1.3762
156,H4/H1/M5/IDM,139,0.37091,1.1446
156,H4/H1/M5/2R,229,-0.039142,-0.41915
156,H4/M15/M5/IDM,129,0.57955,2.4484
156,H4/M15/M5/2R,303,0.083128,1.0032
156,none/H4/M15/IDM,51,0.45116,0.88902
156,none/H4/M15/2R,73,0.2076,1.2162
156,none/H4/M5/IDM,75,-0.33807,-1.182
156,none/H4/M5/2R,99,-0.040668,-0.2859
156,none/H1/M15/IDM,111,-0.092948,-0.36022
156,none/H1/M15/2R,262,-0.035437,-0.41098
156,none/H1/M5/IDM,270,0.17017,0.83178
156,none/H1/M5/2R,434,-0.051513,-0.76176
156,none/M15/M5/IDM,426,0.12064,1.0648
156,none/M15/M5/2R,1071,-0.018236,-0.4217
157,D1/H4/M15/IDM,17,,
157,D1/H4/M15/2R,27,,
157,D1/H4/M5/IDM,31,-0.29121,-0.60143
157,D1/H4/M5/2R,35,-0.42296,-2.0614
157,D1/H1/M15/IDM,29,,
157,D1/H1/M15/2R,69,-0.15974,-0.97945
157,D1/H1/M5/IDM,77,0.24308,0.726
157,D1/H1/M5/2R,124,0.028659,0.22274
157,D1/M15/M5/IDM,85,0.054235,0.2374
157,D1/M15/M5/2R,222,-0.0661,-0.70688
157,H4/H1/M15/IDM,65,-0.02782,-0.089668
157,H4/H1/M15/2R,136,-0.12075,-1.018
157,H4/H1/M5/IDM,131,0.1922,0.86597
157,H4/H1/M5/2R,215,0.07156,0.72397
157,H4/M15/M5/IDM,122,-0.051863,-0.26944
157,H4/M15/M5/2R,295,-0.03952,-0.48157
157,none/H4/M15/IDM,47,-0.72901,-3.4392
157,none/H4/M15/2R,71,-0.30926,-2.0307
157,none/H4/M5/IDM,85,-0.25543,-0.9461
157,none/H4/M5/2R,97,-0.22142,-1.6384
157,none/H1/M15/IDM,106,-0.11935,-0.50213
157,none/H1/M15/2R,268,-0.097435,-1.1546
157,none/H1/M5/IDM,256,-0.092707,-0.63834
157,none/H1/M5/2R,443,-0.030814,-0.4598
157,none/M15/M5/IDM,374,-0.094155,-0.90005
157,none/M15/M5/2R,1012,-0.031289,-0.70531
158,D1/H4/M15/IDM,31,0.010148,0.021009
158,D1/H4/M15/2R,39,0.029719,0.12575
158,D1/H4/M5/IDM,48,0.85769,1.0022
158,D1/H4/M5/2R,49,0.26391,1.2362
158,D1/H1/M15/IDM,34,0.48117,1.0215
158,D1/H1/M15/2R,65,0.038072,0.21379
158,D1/H1/M5/IDM,81,0.084006,0.27079
158,D1/H1/M5/2R,120,0.11713,0.8805
158,D1/M15/M5/IDM,96,0.030109,0.14346
158,D1/M15/M5/2R,230,-0.21552,-2.4511
158,H4/H1/M15/IDM,67,0.51733,1.3232
158,H4/H1/M15/2R,126,0.099977,0.77433
158,H4/H1/M5/IDM,141,0.042938,0.19688
158,H4/H1/M5/2R,207,-0.1065,-1.1109
158,H4/M15/M5/IDM,132,-0.035156,-0.18623
158,H4/M15/M5/2R,291,-0.043599,-0.52996
158,none/H4/M15/IDM,68,-0.37103,-1.4262
158,none/H4/M15/2R,87,-0.26368,-1.8629
158,none/H4/M5/IDM,105,-0.055988,-0.1497
158,none/H4/M5/2R,114,0.082855,0.61153
158,none/H1/M15/IDM,124,0.020886,0.09196
158,none/H1/M15/2R,240,-0.034956,-0.38605
158,none/H1/M5/IDM,298,0.11484,0.59115
158,none/H1/M5/2R,443,-0.091582,-1.3907
158,none/M15/M5/IDM,406,0.032175,0.30969
158,none/M15/M5/2R,1037,-0.1047,-2.446
159,D1/H4/M15/IDM,25,,
159,D1/H4/M15/2R,32,-0.10598,-0.42818
159,D1/H4/M5/IDM,38,-0.022667,-0.050544
159,D1/H4/M5/2R,44,-0.34011,-1.7752
159,D1/H1/M15/IDM,47,0.27187,0.61294
159,D1/H1/M15/2R,89,-0.061205,-0.40866
159,D1/H1/M5/IDM,94,0.19456,0.65549
159,D1/H1/M5/2R,137,-0.04625,-0.38352
159,D1/M15/M5/IDM,92,0.41346,1.4697
159,D1/M15/M5/2R,248,0.1368,1.4687
159,H4/H1/M15/IDM,80,0.28149,0.95595
159,H4/H1/M15/2R,148,0.10994,0.91665
159,H4/H1/M5/IDM,160,0.24374,0.94883
159,H4/H1/M5/2R,246,-0.14907,-1.7009
159,H4/M15/M5/IDM,133,0.349,1.4552
159,H4/M15/M5/2R,318,-0.10561,-1.3544
159,none/H4/M15/IDM,67,-0.20746,-0.57044
159,none/H4/M15/2R,90,0.025417,0.16716
159,none/H4/M5/IDM,98,-0.61226,-3.2097
159,none/H4/M5/2R,117,-0.26508,-2.1734
159,none/H1/M15/IDM,140,0.096278,0.45648
159,none/H1/M15/2R,274,-0.028039,-0.32869
159,none/H1/M5/IDM,280,0.14681,0.80146
159,none/H1/M5/2R,449,-0.024595,-0.36732
159,none/M15/M5/IDM,412,0.078201,0.6955
159,none/M15/M5/2R,1025,0.0084289,0.18914
160,D1/H4/M15/IDM,27,,
160,D1/H4/M15/2R,44,-0.21371,-1.0845
160,D1/H4/M5/IDM,46,-0.7036,-3.9298
160,D1/H4/M5/2R,62,-0.29165,-1.8001
160,D1/H1/M15/IDM,43,0.37641,0.82824
160,D1/H1/M15/2R,67,-0.024516,-0.14297
160,D1/H1/M5/IDM,77,-0.52113,-2.9133
160,D1/H1/M5/2R,119,0.069667,0.52637
160,D1/M15/M5/IDM,104,0.24585,1.0837
160,D1/M15/M5/2R,275,0.1031,1.1737
160,H4/H1/M15/IDM,71,0.40469,0.80528
160,H4/H1/M15/2R,132,-0.03351,-0.27402
160,H4/H1/M5/IDM,145,-0.26311,-1.3298
160,H4/H1/M5/2R,226,0.089683,0.92715
160,H4/M15/M5/IDM,130,0.23444,1.079
160,H4/M15/M5/2R,302,-0.016832,-0.20622
160,none/H4/M15/IDM,60,0.029415,0.046598
160,none/H4/M15/2R,89,-0.11279,-0.76742
160,none/H4/M5/IDM,91,-0.37247,-1.5047
160,none/H4/M5/2R,117,-0.040947,-0.3151
160,none/H1/M15/IDM,120,0.14457,0.4399
160,none/H1/M15/2R,242,-0.056018,-0.62369
160,none/H1/M5/IDM,266,-0.20251,-1.4332
160,none/H1/M5/2R,432,0.10635,1.5183
160,none/M15/M5/IDM,416,0.068401,0.61486
160,none/M15/M5/2R,1094,-0.0097849,-0.22733
161,D1/H4/M15/IDM,20,,
161,D1/H4/M15/2R,27,,
161,D1/H4/M5/IDM,31,-0.88009,-4.6924
161,D1/H4/M5/2R,37,-0.14011,-0.61315
161,D1/H1/M15/IDM,32,-0.21028,-0.51161
161,D1/H1/M15/2R,57,0.071659,0.3709
161,D1/H1/M5/IDM,76,-0.083175,-0.27324
161,D1/H1/M5/2R,104,-0.37521,-3.0692
161,D1/M15/M5/IDM,79,-0.35894,-1.7343
161,D1/M15/M5/2R,197,-0.093574,-0.89049
161,H4/H1/M15/IDM,58,-0.29045,-1.0015
161,H4/H1/M15/2R,115,-0.090562,-0.69737
161,H4/H1/M5/IDM,136,-0.47371,-3.2783
161,H4/H1/M5/2R,205,-0.26699,-2.9177
161,H4/M15/M5/IDM,123,-0.21301,-1.302
161,H4/M15/M5/2R,293,-0.21099,-2.6886
161,none/H4/M15/IDM,52,-0.2155,-0.6809
161,none/H4/M15/2R,79,0.2068,1.2226
161,none/H4/M5/IDM,74,-0.14204,-0.34077
161,none/H4/M5/2R,94,0.071591,0.47645
161,none/H1/M15/IDM,104,0.0077827,0.029162
161,none/H1/M15/2R,242,-0.082219,-0.9168
161,none/H1/M5/IDM,251,-0.13395,-0.79575
161,none/H1/M5/2R,406,-0.158,-2.2733
161,none/M15/M5/IDM,415,-0.28047,-3.1597
161,none/M15/M5/2R,1042,-0.078446,-1.7942
162,D1/H4/M15/IDM,22,,
162,D1/H4/M15/2R,32,-0.096989,-0.38926
162,D1/H4/M5/IDM,32,1.0813,0.81358
162,D1/H4/M5/2R,38,-0.26579,-1.2112
162,D1/H1/M15/IDM,31,-0.1087,-0.26101
162,D1/H1/M15/2R,54,0.0021414,0.010887
162,D1/H1/M5/IDM,62,-0.45118,-1.6158
162,D1/H1/M5/2R,104,-0.21497,-1.626
162,D1/M15/M5/IDM,93,-0.46287,-2.746
162,D1/M15/M5/2R,230,-0.030386,-0.32396
162,H4/H1/M15/IDM,55,0.047669,0.1378
162,H4/H1/M15/2R,116,0.21333,1.5516
162,H4/H1/M5/IDM,121,0.31495,1.0783
162,H4/H1/M5/2R,207,0.048869,0.48622
162,H4/M15/M5/IDM,110,0.12976,0.5937
162,H4/M15/M5/2R,290,0.12619,1.4695
162,none/H4/M15/IDM,54,0.010891,0.023553
162,none/H4/M15/2R,74,-0.095712,-0.5902
162,none/H4/M5/IDM,81,0.57901,0.92472
162,none/H4/M5/2R,95,-0.18873,-1.3437
162,none/H1/M15/IDM,101,0.018187,0.072121
162,none/H1/M15/2R,245,0.066434,0.71687
162,none/H1/M5/IDM,244,0.16338,0.86384
162,none/H1/M5/2R,436,0.0027618,0.040397
162,none/M15/M5/IDM,427,-0.091005,-0.92277
162,none/M15/M5/2R,1086,-0.012482,-0.28868
163,D1/H4/M15/IDM,31,0.3627,0.64265
163,D1/H4/M15/2R,38,0.16635,0.69134
163,D1/H4/M5/IDM,54,-0.2769,-0.69702
163,D1/H4/M5/2R,60,-0.12281,-0.68775
163,D1/H1/M15/IDM,43,0.22367,0.53914
163,D1/H1/M15/2R,73,0.226,1.3107
163,D1/H1/M5/IDM,73,0.77635,1.8351
163,D1/H1/M5/2R,110,0.15916,1.1333
163,D1/M15/M5/IDM,102,0.11701,0.48108
163,D1/M15/M5/2R,249,-0.015459,-0.1713
163,H4/H1/M15/IDM,61,-0.16995,-0.60662
163,H4/H1/M15/2R,119,0.019789,0.15185
163,H4/H1/M5/IDM,131,-0.13015,-0.54561
163,H4/H1/M5/2R,199,-0.08878,-0.90484
163,H4/M15/M5/IDM,111,0.32732,1.2611
163,H4/M15/M5/2R,282,-0.014642,-0.17362
163,none/H4/M15/IDM,53,1.4324,2.251
163,none/H4/M15/2R,80,0.2841,1.712
163,none/H4/M5/IDM,102,-0.32028,-1.1761
163,none/H4/M5/2R,124,-0.16046,-1.3105
163,none/H1/M15/IDM,122,0.26587,0.99512
163,none/H1/M15/2R,257,0.028384,0.3179
163,none/H1/M5/IDM,252,0.11537,0.62495
163,none/H1/M5/2R,416,-0.040562,-0.58755
163,none/M15/M5/IDM,386,0.064169,0.56628
163,none/M15/M5/2R,1037,-0.0062788,-0.14243
164,D1/H4/M15/IDM,27,,
164,D1/H4/M15/2R,36,0.64026,2.5368
164,D1/H4/M5/IDM,36,0.50293,0.50296
164,D1/H4/M5/2R,46,0.21688,0.98577
164,D1/H1/M15/IDM,31,-0.3032,-0.78258
164,D1/H1/M15/2R,47,-0.0058043,-0.027684
164,D1/H1/M5/IDM,65,-0.75302,-4.1951
164,D1/H1/M5/2R,96,-0.11778,-0.83547
164,D1/M15/M5/IDM,83,0.045654,0.19761
164,D1/M15/M5/2R,208,0.037623,0.37723
164,H4/H1/M15/IDM,63,-0.21564,-0.79872
164,H4/H1/M15/2R,119,0.0079313,0.060559
164,H4/H1/M5/IDM,119,-0.37916,-1.5686
164,H4/H1/M5/2R,191,-0.21431,-2.2054
164,H4/M15/M5/IDM,105,0.10328,0.47975
164,H4/M15/M5/2R,268,0.0044297,0.051051
164,none/H4/M15/IDM,68,-0.1069,-0.36236
164,none/H4/M15/2R,89,0.058124,0.37711
164,none/H4/M5/IDM,102,-0.21178,-0.55007
164,none/H4/M5/2R,115,-0.13373,-1.0418
164,none/H1/M15/IDM,132,-0.071467,-0.38326
164,none/H1/M15/2R,256,0.08927,0.98297
164,none/H1/M5/IDM,268,-0.097481,-0.60725
164,none/H1/M5/2R,433,-0.083612,-1.2483
164,none/M15/M5/IDM,401,0.07516,0.71927
164,none/M15/M5/2R,1039,-0.014492,-0.32929
165,D1/H4/M15/IDM,21,,
165,D1/H4/M15/2R,27,,
165,D1/H4/M5/IDM,33,0.013596,0.0258
165,D1/H4/M5/2R,37,0.093103,0.38581
165,D1/H1/M15/IDM,25,,
165,D1/H1/M15/2R,53,-0.23479,-1.2894
165,D1/H1/M5/IDM,69,0.37239,0.84493
165,D1/H1/M5/2R,104,-0.16277,-1.216
165,D1/M15/M5/IDM,84,-0.24515,-1.2639
165,D1/M15/M5/2R,236,-0.017011,-0.18317
165,H4/H1/M15/IDM,50,-0.20052,-0.65791
165,H4/H1/M15/2R,106,-0.0060759,-0.044061
165,H4/H1/M5/IDM,131,-0.22848,-0.97741
165,H4/H1/M5/2R,205,-0.017039,-0.17156
165,H4/M15/M5/IDM,113,0.1311,0.62371
165,H4/M15/M5/2R,271,0.036215,0.41497
165,none/H4/M15/IDM,55,0.036651,0.080018
165,none/H4/M15/2R,74,-0.093294,-0.57469
165,none/H4/M5/IDM,89,-0.19953,-0.67935
165,none/H4/M5/2R,104,-0.17051,-1.2706
165,none/H1/M15/IDM,106,0.03787,0.13848
165,none/H1/M15/2R,227,-0.020824,-0.22202
165,none/H1/M5/IDM,247,-0.16881,-1.007
165,none/H1/M5/2R,400,-0.087209,-1.252
165,none/M15/M5/IDM,415,-0.1489,-1.5969
165,none/M15/M5/2R,1084,-0.10973,-2.6088
166,D1/H4/M15/IDM,13,,
166,D1/H4/M15/2R,23,,
166,D1/H4/M5/IDM,24,,
166,D1/H4/M5/2R,32,0.0083298,0.032725
166,D1/H1/M15/IDM,27,,
166,D1/H1/M15/2R,64,-0.070352,-0.40543
166,D1/H1/M5/IDM,66,-0.47053,-2.0554
166,D1/H1/M5/2R,102,-0.024983,-0.1779
166,D1/M15/M5/IDM,103,-0.10592,-0.54439
166,D1/M15/M5/2R,241,-0.047072,-0.52233
166,H4/H1/M15/IDM,55,0.68182,1.5576
166,H4/H1/M15/2R,128,0.012365,0.098208
166,H4/H1/M5/IDM,119,-0.029852,-0.14249
166,H4/H1/M5/2R,212,0.016919,0.17237
166,H4/M15/M5/IDM,99,-0.39503,-2.2789
166,H4/M15/M5/2R,252,-0.021415,-0.23908
166,none/H4/M15/IDM,39,0.28927,0.4848
166,none/H4/M15/2R,69,0.091298,0.52148
166,none/H4/M5/IDM,67,-0.05956,-0.10278
166,none/H4/M5/2R,94,-0.041506,-0.28587
166,none/H1/M15/IDM,110,0.11911,0.48568
166,none/H1/M15/2R,256,-0.078358,-0.9045
166,none/H1/M5/IDM,253,-0.035488,-0.22461
166,none/H1/M5/2R,439,0.03102,0.45351
166,none/M15/M5/IDM,373,0.090095,0.79339
166,none/M15/M5/2R,1041,0.033111,0.74886
167,D1/H4/M15/IDM,25,,
167,D1/H4/M15/2R,35,0.31125,1.2216
167,D1/H4/M5/IDM,34,0.072931,0.14495
167,D1/H4/M5/2R,41,0.12985,0.56027
167,D1/H1/M15/IDM,33,0.0054083,0.014151
167,D1/H1/M15/2R,71,0.40229,2.2516
167,D1/H1/M5/IDM,76,0.59925,1.7278
167,D1/H1/M5/2R,122,0.18295,1.3657
167,D1/M15/M5/IDM,108,-0.23761,-1.1729
167,D1/M15/M5/2R,235,0.022586,0.24193
167,H4/H1/M15/IDM,58,-0.23398,-0.87957
167,H4/H1/M15/2R,135,-0.16954,-1.4518
167,H4/H1/M5/IDM,128,0.44424,1.7482
167,H4/H1/M5/2R,226,0.029344,0.30729
167,H4/M15/M5/IDM,130,-0.00088365,-0.0046525
167,H4/M15/M5/2R,300,-0.02178,-0.26637
167,none/H4/M15/IDM,52,0.85962,1.4438
167,none/H4/M15/2R,79,0.22172,1.3235
167,none/H4/M5/IDM,77,-0.18149,-0.52742
167,none/H4/M5/2R,99,-0.21739,-1.616
167,none/H1/M15/IDM,121,-0.20713,-1.1451
167,none/H1/M15/2R,272,0.016757,0.19404
167,none/H1/M5/IDM,247,0.24744,1.4251
167,none/H1/M5/2R,426,0.04344,0.62274
167,none/M15/M5/IDM,431,-0.057731,-0.55028
167,none/M15/M5/2R,1031,-0.0573,-1.3122
168,D1/H4/M15/IDM,20,,
168,D1/H4/M15/2R,28,,
168,D1/H4/M5/IDM,36,0.35542,0.54739
168,D1/H4/M5/2R,40,-0.057521,-0.25669
168,D1/H1/M15/IDM,33,0.52953,1.1653
168,D1/H1/M15/2R,72,0.042665,0.24935
168,D1/H1/M5/IDM,80,-0.025273,-0.10172
168,D1/H1/M5/2R,129,-0.025029,-0.19984
168,D1/M15/M5/IDM,101,0.037391,0.18105
168,D1/M15/M5/2R,265,-0.029026,-0.33505
168,H4/H1/M15/IDM,59,0.82576,1.6988
168,H4/H1/M15/2R,129,0.15479,1.1933
168,H4/H1/M5/IDM,138,0.29423,1.0673
168,H4/H1/M5/2R,225,0.027819,0.28805
168,H4/M15/M5/IDM,119,0.045901,0.23401
168,H4/M15/M5/2R,295,0.049524,0.59317
168,none/H4/M15/IDM,56,0.74233,1.3739
168,none/H4/M15/2R,76,0.079168,0.47522
168,none/H4/M5/IDM,83,0.12204,0.31875
168,none/H4/M5/2R,106,0.0723,0.51188
168,none/H1/M15/IDM,113,0.35052,1.2196
168,none/H1/M15/2R,250,-0.028713,-0.32116
168,none/H1/M5/IDM,263,0.14334,0.82472
168,none/H1/M5/2R,435,-0.029121,-0.42802
168,none/M15/M5/IDM,376,-0.0021852,-0.020192
168,none/M15/M5/2R,1057,-0.056527,-1.3133
169,D1/H4/M15/IDM,29,,
169,D1/H4/M15/2R,36,-0.45478,-2.2588
169,D1/H4/M5/IDM,41,-0.33901,-0.90676
169,D1/H4/M5/2R,47,-0.19789,-0.99912
169,D1/H1/M15/IDM,50,0.73659,1.5667
169,D1/H1/M15/2R,99,0.1471,0.99431
169,D1/H1/M5/IDM,97,0.22517,0.87413
169,D1/H1/M5/2R,142,0.08924,0.73527
169,D1/M15/M5/IDM,90,-0.020582,-0.102
169,D1/M15/M5/2R,231,-0.049505,-0.53734
169,H4/H1/M15/IDM,76,0.077484,0.25236
169,H4/H1/M15/2R,156,-0.093393,-0.83033
169,H4/H1/M5/IDM,150,-0.017237,-0.077043
169,H4/H1/M5/2R,229,0.00058404,0.0062069
169,H4/M15/M5/IDM,125,0.037145,0.20679
169,H4/M15/M5/2R,304,-0.070911,-0.88522
169,none/H4/M15/IDM,59,0.34671,0.61075
169,none/H4/M15/2R,82,-0.19548,-1.3021
169,none/H4/M5/IDM,94,-0.37885,-1.4422
169,none/H4/M5/2R,109,-0.093446,-0.69801
169,none/H1/M15/IDM,123,0.0016748,0.0075559
169,none/H1/M15/2R,275,0.029815,0.34408
169,none/H1/M5/IDM,271,0.12577,0.72733
169,none/H1/M5/2R,446,-0.01056,-0.15704
169,none/M15/M5/IDM,424,-0.032386,-0.32738
169,none/M15/M5/2R,1035,-0.14127,-3.324
170,D1/H4/M15/IDM,25,,
170,D1/H4/M15/2R,31,0.2225,0.82308
170,D1/H4/M5/IDM,42,0.20109,0.35038
170,D1/H4/M5/2R,48,-0.28067,-1.4836
170,D1/H1/M15/IDM,40,-0.44782,-1.256
170,D1/H1/M15/2R,75,-0.20687,-1.3437
170,D1/H1/M5/IDM,74,-0.43207,-2.2039
170,D1/H1/M5/2R,120,-0.1859,-1.4936
170,D1/M15/M5/IDM,100,0.013068,0.063006
170,D1/M15/M5/2R,250,-0.026509,-0.29649
170,H4/H1/M15/IDM,64,-0.4948,-2.0623
170,H4/H1/M15/2R,131,-0.09578,-0.78966
170,H4/H1/M5/IDM,136,-0.16451,-0.7979
170,H4/H1/M5/2R,223,-0.0098795,-0.10371
170,H4/M15/M5/IDM,130,-0.08984,-0.46211
170,H4/M15/M5/2R,307,0.033966,0.41645
170,none/H4/M15/IDM,43,1.639,1.6943
170,none/H4/M15/2R,67,0.18526,1.0213
170,none/H4/M5/IDM,82,0.61491,1.1329
170,none/H4/M5/2R,104,-0.045391,-0.32876
170,none/H1/M15/IDM,105,-0.28758,-1.3941
170,none/H1/M15/2R,244,-0.024893,-0.2756
170,none/H1/M5/IDM,242,0.045246,0.26818
170,none/H1/M5/2R,417,0.04183,0.59389
170,none/M15/M5/IDM,390,-0.11582,-1.126
170,none/M15/M5/2R,1070,-0.019427,-0.44927
171,D1/H4/M15/IDM,21,,
171,D1/H4/M15/2R,31,-0.16759,-0.67359
171,D1/H4/M5/IDM,31,1.0251,0.98197
171,D1/H4/M5/2R,39,0.11657,0.49328
171,D1/H1/M15/IDM,37,-0.17124,-0.44125
171,D1/H1/M15/2R,71,-0.10613,-0.6408
171,D1/H1/M5/IDM,72,-0.40586,-1.5997
171,D1/H1/M5/2R,112,-0.15606,-1.2004
171,D1/M15/M5/IDM,109,0.10079,0.46656
171,D1/M15/M5/2R,266,-0.00421,-0.048269
171,H4/H1/M15/IDM,60,-0.029414,-0.094457
171,H4/H1/M15/2R,117,-0.061632,-0.4765
171,H4/H1/M5/IDM,136,-0.18683,-0.72456
171,H4/H1/M5/2R,206,-0.27221,-2.9976
171,H4/M15/M5/IDM,134,0.21941,1.0594
171,H4/M15/M5/2R,301,-0.080587,-1.01
171,none/H4/M15/IDM,60,-0.31645,-0.99014
171,none/H4/M15/2R,88,-0.040895,-0.27205
171,none/H4/M5/IDM,95,0.55972,1.1359
171,none/H4/M5/2R,120,0.16773,1.2496
171,none/H1/M15/IDM,108,-0.062947,-0.27733
171,none/H1/M15/2R,244,-0.11152,-1.2668
171,none/H1/M5/IDM,252,-0.10062,-0.53962
171,none/H1/M5/2R,427,-0.17863,-2.7335
171,none/M15/M5/IDM,411,-0.056497,-0.54462
171,none/M15/M5/2R,1057,-0.036521,-0.84361
172,D1/H4/M15/IDM,29,,
172,D1/H4/M15/2R,38,-0.1674,-0.74371
172,D1/H4/M5/IDM,51,-0.67697,-3.3954
172,D1/H4/M5/2R,59,-0.3729,-2.2695
172,D1/H1/M15/IDM,56,-0.63774,-3.2491
172,D1/H1/M15/2R,93,-0.21591,-1.5557
172,D1/H1/M5/IDM,92,-0.65452,-3.4234
172,D1/H1/M5/2R,147,-0.10401,-0.91081
172,D1/M15/M5/IDM,94,-0.040129,-0.18717
172,D1/M15/M5/2R,241,-0.044994,-0.49491
172,H4/H1/M15/IDM,63,-0.042961,-0.11742
172,H4/H1/M15/2R,142,-0.019526,-0.16305
172,H4/H1/M5/IDM,148,-0.4924,-3.6001
172,H4/H1/M5/2R,239,-0.017103,-0.1852
172,H4/M15/M5/IDM,108,-0.2938,-1.7925
172,H4/M15/M5/2R,299,-0.010269,-0.12459
172,none/H4/M15/IDM,61,-0.012459,-0.028663
172,none/H4/M15/2R,93,-0.25607,-1.8708
172,none/H4/M5/IDM,109,-0.68823,-5.3406
172,none/H4/M5/2R,134,-0.018901,-0.15389
172,none/H1/M15/IDM,125,-0.19528,-0.98692
172,none/H1/M15/2R,273,0.012251,0.14097
172,none/H1/M5/IDM,274,-0.2966,-2.3951
172,none/H1/M5/2R,467,0.072125,1.0747
172,none/M15/M5/IDM,397,-0.060837,-0.59663
172,none/M15/M5/2R,1079,0.025335,0.58211
173,D1/H4/M15/IDM,24,,
173,D1/H4/M15/2R,42,0.23567,1.0349
173,D1/H4/M5/IDM,40,0.0099535,0.016334
173,D1/H4/M5/2R,51,-0.16175,-0.8381
173,D1/H1/M15/IDM,32,-0.66142,-2.4697
173,D1/H1/M15/2R,85,-0.047196,-0.30906
173,D1/H1/M5/IDM,103,-0.033614,-0.14989
173,D1/H1/M5/2R,152,0.181,1.4987
173,D1/M15/M5/IDM,109,-0.18521,-1.0477
173,D1/M15/M5/2R,289,0.046417,0.54698
173,H4/H1/M15/IDM,52,0.34001,0.90583
173,H4/H1/M15/2R,119,-0.19941,-1.6188
173,H4/H1/M5/IDM,134,-0.027594,-0.11851
173,H4/H1/M5/2R,224,-0.032119,-0.33813
173,H4/M15/M5/IDM,146,-0.12554,-0.63925
173,H4/M15/M5/2R,303,-0.12842,-1.6179
173,none/H4/M15/IDM,50,0.32206,0.7379
173,none/H4/M15/2R,81,0.076271,0.47094
173,none/H4/M5/IDM,80,0.076836,0.18942
173,none/H4/M5/2R,102,0.051208,0.35587
173,none/H1/M15/IDM,103,-0.015922,-0.067799
173,none/H1/M15/2R,253,-0.046755,-0.52918
173,none/H1/M5/IDM,284,-0.096039,-0.64991
173,none/H1/M5/2R,470,0.0077895,0.11787
173,none/M15/M5/IDM,402,-0.074904,-0.64503
173,none/M15/M5/2R,1036,-0.076738,-1.7666
174,D1/H4/M15/IDM,18,,
174,D1/H4/M15/2R,23,,
174,D1/H4/M5/IDM,24,,
174,D1/H4/M5/2R,29,,
174,D1/H1/M15/IDM,32,0.89464,1.4962
174,D1/H1/M15/2R,60,0.069206,0.36735
174,D1/H1/M5/IDM,80,0.06913,0.1906
174,D1/H1/M5/2R,120,-0.18848,-1.491
174,D1/M15/M5/IDM,93,-0.24054,-1.3547
174,D1/M15/M5/2R,230,-0.17538,-1.9571
174,H4/H1/M15/IDM,68,0.33834,0.96277
174,H4/H1/M15/2R,138,0.063662,0.51442
174,H4/H1/M5/IDM,145,0.22526,0.85304
174,H4/H1/M5/2R,242,0.0095049,0.10256
174,H4/M15/M5/IDM,125,-0.095949,-0.56029
174,H4/M15/M5/2R,300,-0.10665,-1.325
174,none/H4/M15/IDM,53,0.15015,0.31727
174,none/H4/M15/2R,72,-0.0090557,-0.052851
174,none/H4/M5/IDM,76,0.056376,0.12606
174,none/H4/M5/2R,94,-0.0059498,-0.03986
174,none/H1/M15/IDM,122,0.21781,0.94038
174,none/H1/M15/2R,261,-0.082357,-0.94796
174,none/H1/M5/IDM,274,0.028761,0.1648
174,none/H1/M5/2R,456,-0.11928,-1.8332
174,none/M15/M5/IDM,400,-0.099627,-1.0243
174,none/M15/M5/2R,1054,-0.095635,-2.2305
175,D1/H4/M15/IDM,17,,
175,D1/H4/M15/2R,20,,
175,D1/H4/M5/IDM,27,,
175,D1/H4/M5/2R,30,0.17927,0.65699
175,D1/H1/M15/IDM,47,-0.19858,-0.70038
175,D1/H1/M15/2R,91,-0.095234,-0.65329
175,D1/H1/M5/IDM,96,0.25535,0.82993
175,D1/H1/M5/2R,141,-0.02332,-0.19587
175,D1/M15/M5/IDM,109,-0.23637,-1.4063
175,D1/M15/M5/2R,275,-0.042258,-0.49764
175,H4/H1/M15/IDM,62,-0.045925,-0.12917
175,H4/H1/M15/2R,133,-0.072593,-0.60049
175,H4/H1/M5/IDM,127,-0.18404,-0.91529
175,H4/H1/M5/2R,219,-0.055848,-0.58773
175,H4/M15/M5/IDM,143,-0.14612,-0.98327
175,H4/M15/M5/2R,311,0.067323,0.82278
175,none/H4/M15/IDM,55,-0.68814,-3.9323
175,none/H4/M15/2R,72,-0.32551,-2.1645
175,none/H4/M5/IDM,76,0.20769,0.44444
175,none/H4/M5/2R,90,0.044277,0.29076
175,none/H1/M15/IDM,124,0.19831,0.83133
175,none/H1/M15/2R,282,-0.022007,-0.2613
175,none/H1/M5/IDM,257,0.085602,0.53024
175,none/H1/M5/2R,457,-0.023088,-0.34974
175,none/M15/M5/IDM,448,-0.1018,-1.0933
175,none/M15/M5/2R,1110,-0.038312,-0.90716
176,D1/H4/M15/IDM,18,,
176,D1/H4/M15/2R,25,,
176,D1/H4/M5/IDM,30,-0.69391,-2.7537
176,D1/H4/M5/2R,35,-0.0024057,-0.0098679
176,D1/H1/M15/IDM,28,,
176,D1/H1/M15/2R,72,-0.11269,-0.68733
176,D1/H1/M5/IDM,62,0.17201,0.46661
176,D1/H1/M5/2R,106,-0.14882,-1.1175
176,D1/M15/M5/IDM,94,-0.23706,-1.1263
176,D1/M15/M5/2R,212,-0.13258,-1.4001
176,H4/H1/M15/IDM,60,-0.36143,-1.4029
176,H4/H1/M15/2R,141,-0.0268,-0.22521
176,H4/H1/M5/IDM,120,-0.087714,-0.42037
176,H4/H1/M5/2R,194,-0.024837,-0.24409
176,H4/M15/M5/IDM,108,-0.18707,-0.92789
176,H4/M15/M5/2R,261,-0.1118,-1.301
176,none/H4/M15/IDM,49,0.048644,0.12174
176,none/H4/M15/2R,67,-0.30351,-1.9255
176,none/H4/M5/IDM,82,-0.72154,-5.3877
176,none/H4/M5/2R,96,-0.2121,-1.5514
176,none/H1/M15/IDM,117,-0.078445,-0.36584
176,none/H1/M15/2R,277,-0.056327,-0.66995
176,none/H1/M5/IDM,255,-0.037742,-0.246
176,none/H1/M5/2R,425,-0.10376,-1.5428
176,none/M15/M5/IDM,381,-0.24875,-2.6058
176,none/M15/M5/2R,1029,-0.18373,-4.3618
177,D1/H4/M15/IDM,26,,
177,D1/H4/M15/2R,29,,
177,D1/H4/M5/IDM,36,-0.48473,-1.0554
177,D1/H4/M5/2R,39,-0.10591,-0.47458
177,D1/H1/M15/IDM,37,0.48709,1.0478
177,D1/H1/M15/2R,78,-0.035134,-0.2216
177,D1/H1/M5/IDM,66,0.3344,0.94836
177,D1/H1/M5/2R,119,0.12164,0.91198
177,D1/M15/M5/IDM,99,0.15204,0.71675
177,D1/M15/M5/2R,236,0.1378,1.4518
177,H4/H1/M15/IDM,61,-0.025913,-0.068912
177,H4/H1/M15/2R,132,-0.099644,-0.83048
177,H4/H1/M5/IDM,142,-0.056134,-0.28449
177,H4/H1/M5/2R,216,-0.071275,-0.74997
177,H4/M15/M5/IDM,127,-0.092329,-0.54668
177,H4/M15/M5/2R,271,0.14025,1.5861
177,none/H4/M15/IDM,45,-0.066523,-0.15239
177,none/H4/M15/2R,66,0.20694,1.131
177,none/H4/M5/IDM,75,0.049624,0.11376
177,none/H4/M5/2R,91,0.16697,1.0936
177,none/H1/M15/IDM,115,-0.17306,-0.70408
177,none/H1/M15/2R,273,-0.09947,-1.1926
177,none/H1/M5/IDM,257,0.079211,0.4453
177,none/H1/M5/2R,442,0.06158,0.89998
177,none/M15/M5/IDM,392,-0.12436,-1.2837
177,none/M15/M5/2R,1005,0.013927,0.30946
178,D1/H4/M15/IDM,30,0.1655,0.267
178,D1/H4/M15/2R,35,0.32657,1.2701
178,D1/H4/M5/IDM,33,1.2491,1.31
178,D1/H4/M5/2R,37,0.014675,0.061534
178,D1/H1/M15/IDM,32,-0.19102,-0.48742
178,D1/H1/M15/2R,58,-0.16036,-0.89316
178,D1/H1/M5/IDM,76,0.45898,1.1756
178,D1/H1/M5/2R,107,0.14945,1.0473
178,D1/M15/M5/IDM,65,-0.13721,-0.59056
178,D1/M15/M5/2R,176,0.022281,0.20578
178,H4/H1/M15/IDM,67,-0.27523,-1.0561
178,H4/H1/M15/2R,124,-0.26577,-2.2584
178,H4/H1/M5/IDM,142,-0.2394,-1.1142
178,H4/H1/M5/2R,218,-0.089865,-0.95616
178,H4/M15/M5/IDM,112,-0.482,-3.0169
178,H4/M15/M5/2R,283,-0.042255,-0.50336
178,none/H4/M15/IDM,58,0.15312,0.31392
178,none/H4/M15/2R,83,-0.060924,-0.3913
178,none/H4/M5/IDM,93,0.29065,0.69419
178,none/H4/M5/2R,112,-0.097205,-0.73592
178,none/H1/M15/IDM,115,-0.16059,-0.68538
178,none/H1/M15/2R,247,-0.12941,-1.4726
178,none/H1/M5/IDM,274,-0.032396,-0.20079
178,none/H1/M5/2R,432,-0.052471,-0.77788
178,none/M15/M5/IDM,392,0.18837,1.5706
178,none/M15/M5/2R,1052,0.064166,1.4395
179,D1/H4/M15/IDM,32,-0.49919,-1.3031
179,D1/H4/M15/2R,41,0.045134,0.20229
179,D1/H4/M5/IDM,51,0.11939,0.18819
179,D1/H4/M5/2R,56,0.1021,0.52219
179,D1/H1/M15/IDM,47,0.28734,0.69748
179,D1/H1/M15/2R,77,0.3978,2.3348
179,D1/H1/M5/IDM,93,0.14812,0.387
179,D1/H1/M5/2R,137,-0.13641,-1.1675
179,D1/M15/M5/IDM,91,-0.32262,-1.6966
179,D1/M15/M5/2R,227,-0.0092888,-0.098918
179,H4/H1/M15/IDM,77,-0.22657,-0.74101
179,H4/H1/M15/2R,139,0.021205,0.17557
179,H4/H1/M5/IDM,153,0.17829,0.73103
179,H4/H1/M5/2R,224,0.036702,0.38298
179,H4/M15/M5/IDM,126,-0.14792,-0.75769
179,H4/M15/M5/2R,308,-0.15544,-2.0003
179,none/H4/M15/IDM,62,-0.68565,-3.181
179,none/H4/M15/2R,89,-0.086082,-0.58328
179,none/H4/M5/IDM,95,-0.038907,-0.09856
179,none/H4/M5/2R,111,-0.07997,-0.60167
179,none/H1/M15/IDM,128,-0.26548,-1.0971
179,none/H1/M15/2R,254,-0.037331,-0.42422
179,none/H1/M5/IDM,273,-0.021605,-0.11656
179,none/H1/M5/2R,439,-0.038375,-0.57067
179,none/M15/M5/IDM,401,0.17954,1.5591
179,none/M15/M5/2R,1059,-0.0014334,-0.03282
180,D1/H4/M15/IDM,27,,
180,D1/H4/M15/2R,32,0.26613,0.98975
180,D1/H4/M5/IDM,42,-0.24666,-0.54419
180,D1/H4/M5/2R,49,0.0036432,0.017853
180,D1/H1/M15/IDM,44,0.041756,0.13015
180,D1/H1/M15/2R,87,0.033886,0.2187
180,D1/H1/M5/IDM,77,0.27878,0.74146
180,D1/H1/M5/2R,131,0.017959,0.14216
180,D1/M15/M5/IDM,94,0.29738,1.1985
180,D1/M15/M5/2R,247,-0.098186,-1.1027
180,H4/H1/M15/IDM,63,0.20997,0.72478
180,H4/H1/M15/2R,132,-0.074036,-0.60917
180,H4/H1/M5/IDM,123,0.57953,1.8701
180,H4/H1/M5/2R,212,0.078516,0.78499
180,H4/M15/M5/IDM,137,-0.13095,-0.73465
180,H4/M15/M5/2R,304,-0.089483,-1.1131
180,none/H4/M15/IDM,52,0.39975,0.82699
180,none/H4/M15/2R,71,0.025042,0.14615
180,none/H4/M5/IDM,91,-0.13937,-0.37924
180,none/H4/M5/2R,111,-0.20421,-1.6012
180,none/H1/M15/IDM,126,-0.016812,-0.086841
180,none/H1/M15/2R,269,-0.1005,-1.1863
180,none/H1/M5/IDM,263,0.36473,1.7737
180,none/H1/M5/2R,440,-0.0035886,-0.052622
180,none/M15/M5/IDM,415,-0.038828,-0.3803
180,none/M15/M5/2R,1047,-0.056266,-1.2901
181,D1/H4/M15/IDM,22,,
181,D1/H4/M15/2R,30,0.076787,0.28679
181,D1/H4/M5/IDM,38,-0.60311,-1.7579
181,D1/H4/M5/2R,45,-0.25318,-1.2516
181,D1/H1/M15/IDM,31,1.2334,1.3782
181,D1/H1/M15/2R,70,-0.087789,-0.52783
181,D1/H1/M5/IDM,71,0.33812,0.82581
181,D1/H1/M5/2R,120,0.016713,0.12753
181,D1/M15/M5/IDM,94,0.23614,0.89346
181,D1/M15/M5/2R,235,-0.1483,-1.6582
181,H4/H1/M15/IDM,65,0.034212,0.087509
181,H4/H1/M15/2R,144,-0.07974,-0.68788
181,H4/H1/M5/IDM,142,-0.16932,-0.73923
181,H4/H1/M5/2R,241,0.013786,0.14929
181,H4/M15/M5/IDM,113,0.13446,0.61409
181,H4/M15/M5/2R,290,-0.0036439,-0.043483
181,none/H4/M15/IDM,61,0.06059,0.14604
181,none/H4/M15/2R,82,0.065926,0.414
181,none/H4/M5/IDM,94,-0.071175,-0.20635
181,none/H4/M5/2R,108,-0.15307,-1.1501
181,none/H1/M15/IDM,129,0.13352,0.57535
181,none/H1/M15/2R,264,0.0064027,0.073061
181,none/H1/M5/IDM,282,0.11158,0.59525
181,none/H1/M5/2R,456,-0.025416,-0.38303
181,none/M15/M5/IDM,387,0.14283,1.1709
181,none/M15/M5/2R,1033,-0.079108,-1.821
182,D1/H4/M15/IDM,21,,
182,D1/H4/M15/2R,29,,
182,D1/H4/M5/IDM,39,0.079597,0.14669
182,D1/H4/M5/2R,45,-0.29012,-1.4936
182,D1/H1/M15/IDM,31,0.41985,0.7712
182,D1/H1/M15/2R,64,0.038343,0.20998
182,D1/H1/M5/IDM,76,0.087312,0.20563
182,D1/H1/M5/2R,116,0.06126,0.45824
182,D1/M15/M5/IDM,96,-0.16579,-0.83607
182,D1/M15/M5/2R,244,0.041002,0.44638
182,H4/H1/M15/IDM,56,-0.1688,-0.5849
182,H4/H1/M15/2R,112,-0.19666,-1.5396
182,H4/H1/M5/IDM,126,0.14142,0.50205
182,H4/H1/M5/2R,202,-0.092333,-0.94298
182,H4/M15/M5/IDM,125,-0.11213,-0.6764
182,H4/M15/M5/2R,255,-0.043192,-0.48857
182,none/H4/M15/IDM,53,0.64112,0.9945
182,none/H4/M15/2R,75,0.044988,0.26954
182,none/H4/M5/IDM,96,0.37723,0.83057
182,none/H4/M5/2R,113,-0.15142,-1.1795
182,none/H1/M15/IDM,110,0.068604,0.26834
182,none/H1/M15/2R,243,-0.083376,-0.93227
182,none/H1/M5/IDM,256,-0.020836,-0.11029
182,none/H1/M5/2R,430,0.010167,0.14786
182,none/M15/M5/IDM,411,-0.029245,-0.29888
182,none/M15/M5/2R,1047,0.0077054,0.17511
183,D1/H4/M15/IDM,18,,
183,D1/H4/M15/2R,30,0.17048,0.63012
183,D1/H4/M5/IDM,30,-0.50112,-1.2274
183,D1/H4/M5/2R,39,-0.017572,-0.078622
183,D1/H1/M15/IDM,31,-0.30984,-0.87247
183,D1/H1/M15/2R,64,0.17291,0.94888
183,D1/H1/M5/IDM,66,-0.36005,-1.4042
183,D1/H1/M5/2R,93,0.087672,0.57955
183,D1/M15/M5/IDM,85,0.082646,0.33519
183,D1/M15/M5/2R,202,-0.099385,-1.0207
183,H4/H1/M15/IDM,44,-0.3035,-1.0888
183,H4/H1/M15/2R,115,0.35541,2.561
183,H4/H1/M5/IDM,111,-0.21894,-0.98628
183,H4/H1/M5/2R,195,-0.018208,-0.17848
183,H4/M15/M5/IDM,105,0.41411,1.8383
183,H4/M15/M5/2R,270,0.070101,0.79572
183,none/H4/M15/IDM,47,0.51148,0.90067
183,none/H4/M15/2R,73,0.19644,1.1368
183,none/H4/M5/IDM,85,-0.45094,-1.7461
183,none/H4/M5/2R,105,0.11365,0.8051
183,none/H1/M15/IDM,102,-0.17285,-0.86151
183,none/H1/M15/2R,252,0.17199,1.8559
183,none/H1/M5/IDM,236,-0.15014,-0.94029
183,none/H1/M5/2R,402,-0.03882,-0.54984
183,none/M15/M5/IDM,381,0.030416,0.27888
183,none/M15/M5/2R,1022,-0.027799,-0.62841
184,D1/H4/M15/IDM,18,,
184,D1/H4/M15/2R,28,,
184,D1/H4/M5/IDM,35,-0.94192,-9.2534
184,D1/H4/M5/2R,40,-0.19752,-0.92379
184,D1/H1/M15/IDM,39,-0.14509,-0.39729
184,D1/H1/M15/2R,71,-0.30931,-2.017
184,D1/H1/M5/IDM,73,0.39482,0.98774
184,D1/H1/M5/2R,112,-0.0095573,-0.070963
184,D1/M15/M5/IDM,100,-0.12295,-0.62477
184,D1/M15/M5/2R,247,0.030386,0.33256
184,H4/H1/M15/IDM,75,-0.20462,-0.74652
184,H4/H1/M15/2R,134,-0.2828,-2.5214
184,H4/H1/M5/IDM,136,-0.12812,-0.56324
184,H4/H1/M5/2R,224,-0.091695,-0.98616
184,H4/M15/M5/IDM,130,-0.25418,-1.5347
184,H4/M15/M5/2R,282,-0.1154,-1.4012
184,none/H4/M15/IDM,55,0.07654,0.15678
184,none/H4/M15/2R,77,-0.10688,-0.67969
184,none/H4/M5/IDM,90,-0.12438,-0.26792
184,none/H4/M5/2R,107,-0.12748,-0.9611
184,none/H1/M15/IDM,139,-0.21212,-1.0656
184,none/H1/M15/2R,265,-0.21312,-2.6035
184,none/H1/M5/IDM,287,-0.070982,-0.43823
184,none/H1/M5/2R,448,-0.08941,-1.3616
184,none/M15/M5/IDM,404,-0.047131,-0.45111
184,none/M15/M5/2R,1044,-0.0037671,-0.085514
185,D1/H4/M15/IDM,27,,
185,D1/H4/M15/2R,36,-0.10376,-0.44439
185,D1/H4/M5/IDM,41,0.55607,0.83408
185,D1/H4/M5/2R,46,0.21733,0.987
185,D1/H1/M15/IDM,38,0.11135,0.37274
185,D1/H1/M15/2R,75,0.0077798,0.046824
185,D1/H1/M5/IDM,84,-0.11312,-0.38186
185,D1/H1/M5/2R,131,-0.22069,-1.8867
185,D1/M15/M5/IDM,95,0.07468,0.32351
185,D1/M15/M5/2R,245,-0.051491,-0.56868
185,H4/H1/M15/IDM,72,0.26738,0.89286
185,H4/H1/M15/2R,143,-0.1299,-1.1323
185,H4/H1/M5/IDM,144,0.05428,0.22951
185,H4/H1/M5/2R,237,0.044981,0.4818
185,H4/M15/M5/IDM,117,-0.23355,-1.3939
185,H4/M15/M5/2R,302,-0.17773,-2.1759
185,none/H4/M15/IDM,57,0.43603,0.9075
185,none/H4/M15/2R,81,-0.138,-0.90322
185,none/H4/M5/IDM,95,0.41454,0.94616
185,none/H4/M5/2R,108,0.3087,2.1419
185,none/H1/M15/IDM,124,0.10987,0.535
185,none/H1/M15/2R,282,-0.10618,-1.2924
185,none/H1/M5/IDM,275,0.0024771,0.014918
185,none/H1/M5/2R,476,-0.027555,-0.42531
185,none/M15/M5/IDM,405,-0.19342,-2.0566
185,none/M15/M5/2R,1087,-0.12398,-2.9698
186,D1/H4/M15/IDM,21,,
186,D1/H4/M15/2R,27,,
186,D1/H4/M5/IDM,26,,
186,D1/H4/M5/2R,34,-0.22204,-0.96603
186,D1/H1/M15/IDM,39,-0.22845,-0.57118
186,D1/H1/M15/2R,62,-0.25375,-1.5211
186,D1/H1/M5/IDM,78,-0.83962,-7.2498
186,D1/H1/M5/2R,113,-0.22768,-1.8187
186,D1/M15/M5/IDM,102,-0.25139,-1.3302
186,D1/M15/M5/2R,225,-0.0076541,-0.080942
186,H4/H1/M15/IDM,58,-0.16878,-0.63702
186,H4/H1/M15/2R,111,-0.053718,-0.40222
186,H4/H1/M5/IDM,135,0.19062,0.72751
186,H4/H1/M5/2R,215,-0.081294,-0.85208
186,H4/M15/M5/IDM,108,-0.070041,-0.38575
186,H4/M15/M5/2R,272,-0.033034,-0.3864
186,none/H4/M15/IDM,49,-0.76362,-4.9938
186,none/H4/M15/2R,67,-0.12738,-0.7505
186,none/H4/M5/IDM,71,0.043447,0.092635
186,none/H4/M5/2R,86,0.090625,0.57361
186,none/H1/M15/IDM,117,0.17079,0.70022
186,none/H1/M15/2R,240,-0.05542,-0.61409
186,none/H1/M5/IDM,263,0.22753,1.1452
186,none/H1/M5/2R,434,-0.073224,-1.0917
186,none/M15/M5/IDM,429,0.0050608,0.049355
186,none/M15/M5/2R,1047,-0.039235,-0.90136
187,D1/H4/M15/IDM,31,-0.33517,-0.76809
187,D1/H4/M15/2R,40,-0.42378,-2.1946
187,D1/H4/M5/IDM,45,-0.42521,-1.1649
187,D1/H4/M5/2R,54,-0.031585,-0.16348
187,D1/H1/M15/IDM,39,-0.51943,-2.0271
187,D1/H1/M15/2R,71,0.028472,0.16711
187,D1/H1/M5/IDM,97,-0.37127,-1.773
187,D1/H1/M5/2R,151,-0.19111,-1.7458
187,D1/M15/M5/IDM,108,-0.025033,-0.12821
187,D1/M15/M5/2R,271,-0.00045394,-0.0052523
187,H4/H1/M15/IDM,63,-0.37519,-1.3965
187,H4/H1/M15/2R,127,-0.039717,-0.31597
187,H4/H1/M5/IDM,134,-0.30473,-1.4871
187,H4/H1/M5/2R,223,-0.096859,-1.0429
187,H4/M15/M5/IDM,129,-0.025954,-0.14601
187,H4/M15/M5/2R,313,-0.0055635,-0.069387
187,none/H4/M15/IDM,62,-0.048089,-0.13542
187,none/H4/M15/2R,85,-0.14185,-0.95267
187,none/H4/M5/IDM,101,0.4554,1.0358
187,none/H4/M5/2R,116,0.028705,0.21584
187,none/H1/M15/IDM,121,-0.43756,-2.577
187,none/H1/M15/2R,253,-0.034598,-0.38859
187,none/H1/M5/IDM,279,-0.22464,-1.6226
187,none/H1/M5/2R,455,-0.14614,-2.2788
187,none/M15/M5/IDM,390,-0.050785,-0.48441
187,none/M15/M5/2R,1054,-0.043972,-1.0152
188,D1/H4/M15/IDM,21,,
188,D1/H4/M15/2R,30,0.16933,0.61723
188,D1/H4/M5/IDM,37,-0.55666,-1.6364
188,D1/H4/M5/2R,46,0.0065663,0.030616
188,D1/H1/M15/IDM,34,-0.52643,-1.7165
188,D1/H1/M15/2R,65,-0.1973,-1.1697
188,D1/H1/M5/IDM,81,-0.052882,-0.18415
188,D1/H1/M5/2R,124,-0.014701,-0.1151
188,D1/M15/M5/IDM,83,-0.042618,-0.19759
188,D1/M15/M5/2R,229,0.19827,2.0353
188,H4/H1/M15/IDM,61,-0.28597,-1.1094
188,H4/H1/M15/2R,118,-0.061402,-0.47252
188,H4/H1/M5/IDM,138,-0.11706,-0.54451
188,H4/H1/M5/2R,213,0.089046,0.89023
188,H4/M15/M5/IDM,102,0.32054,1.2402
188,H4/M15/M5/2R,255,0.010558,0.11765
188,none/H4/M15/IDM,49,-0.10928,-0.31967
188,none/H4/M15/2R,78,0.16876,1.0114
188,none/H4/M5/IDM,84,0.030582,0.085185
188,none/H4/M5/2R,105,0.017802,0.12663
188,none/H1/M15/IDM,123,-0.35452,-1.9453
188,none/H1/M15/2R,239,-0.11427,-1.2798
188,none/H1/M5/IDM,263,-0.21314,-1.4557
188,none/H1/M5/2R,419,0.021851,0.31225
188,none/M15/M5/IDM,358,0.28555,2.2991
188,none/M15/M5/2R,1034,0.052172,1.1643
189,D1/H4/M15/IDM,19,,
189,D1/H4/M15/2R,28,,
189,D1/H4/M5/IDM,32,0.8816,0.93853
189,D1/H4/M5/2R,40,-0.050439,-0.22466
189,D1/H1/M15/IDM,45,-0.41067,-1.4536
189,D1/H1/M15/2R,81,-0.1054,-0.68623
189,D1/H1/M5/IDM,81,-0.34022,-1.2871
189,D1/H1/M5/2R,122,-0.076547,-0.59845
189,D1/M15/M5/IDM,74,0.20441,0.78309
189,D1/M15/M5/2R,215,-0.003415,-0.035124
189,H4/H1/M15/IDM,59,-0.27646,-1.1377
189,H4/H1/M15/2R,120,0.013583,0.10351
189,H4/H1/M5/IDM,113,0.1935,0.69299
189,H4/H1/M5/2R,182,0.14237,1.3107
189,H4/M15/M5/IDM,120,0.32296,1.4772
189,H4/M15/M5/2R,269,0.087962,0.99424
189,none/H4/M15/IDM,47,0.85097,1.4218
189,none/H4/M15/2R,72,0.076954,0.45121
189,none/H4/M5/IDM,79,0.60718,1.2207
189,none/H4/M5/2R,96,-0.044926,-0.31156
189,none/H1/M15/IDM,116,-0.1702,-0.80096
189,none/H1/M15/2R,271,-0.026541,-0.3092
189,none/H1/M5/IDM,261,0.20608,1.1123
189,none/H1/M5/2R,437,0.061485,0.89076
189,none/M15/M5/IDM,378,0.11497,0.93848
189,none/M15/M5/2R,997,-0.06206,-1.3957
190,D1/H4/M15/IDM,24,,
190,D1/H4/M15/2R,35,0.091604,0.3667
190,D1/H4/M5/IDM,37,-0.54837,-1.6961
190,D1/H4/M5/2R,45,0.10854,0.4941
190,D1/H1/M15/IDM,24,,
190,D1/H1/M15/2R,66,0.23957,1.3049
190,D1/H1/M5/IDM,64,0.15977,0.45426
190,D1/H1/M5/2R,111,0.29237,2.0456
190,D1/M15/M5/IDM,88,0.40597,1.5105
190,D1/M15/M5/2R,230,0.11528,1.1996
190,H4/H1/M15/IDM,59,0.24754,0.70307
190,H4/H1/M15/2R,140,0.10097,0.82048
190,H4/H1/M5/IDM,124,-0.051054,-0.23397
190,H4/H1/M5/2R,227,0.095141,0.98608
190,H4/M15/M5/IDM,122,0.3647,1.6823
190,H4/M15/M5/2R,324,0.10761,1.3345
190,none/H4/M15/IDM,51,0.38547,0.80267
190,none/H4/M15/2R,75,-0.10244,-0.63643
190,none/H4/M5/IDM,87,0.007308,0.019174
190,none/H4/M5/2R,103,-0.0062719,-0.04458
190,none/H1/M15/IDM,117,-0.10974,-0.5184
190,none/H1/M15/2R,270,0.025343,0.29143
190,none/H1/M5/IDM,264,-0.10919,-0.71858
190,none/H1/M5/2R,461,0.052937,0.78842
190,none/M15/M5/IDM,414,0.089137,0.81098
190,none/M15/M5/2R,1115,-0.017663,-0.41638
191,D1/H4/M15/IDM,18,,
191,D1/H4/M15/2R,26,,
191,D1/H4/M5/IDM,32,0.2738,0.39844
191,D1/H4/M5/2R,36,-0.030077,-0.12557
191,D1/H1/M15/IDM,34,-0.38981,-1.1538
191,D1/H1/M15/2R,71,-0.072579,-0.43401
191,D1/H1/M5/IDM,65,0.059429,0.19941
191,D1/H1/M5/2R,96,-0.10351,-0.73063
191,D1/M15/M5/IDM,116,0.18022,0.93078
191,D1/M15/M5/2R,287,0.023976,0.28297
191,H4/H1/M15/IDM,57,-0.28155,-0.99935
191,H4/H1/M15/2R,111,-0.032181,-0.23801
191,H4/H1/M5/IDM,115,0.18265,0.64717
191,H4/H1/M5/2R,175,-0.10399,-0.98888
191,H4/M15/M5/IDM,130,0.39293,1.8699
191,H4/M15/M5/2R,294,0.075555,0.88415
191,none/H4/M15/IDM,47,-0.55131,-2.2358
191,none/H4/M15/2R,76,-0.2537,-1.6847
191,none/H4/M5/IDM,87,0.40656,0.8017
191,none/H4/M5/2R,108,-0.086623,-0.64143
191,none/H1/M15/IDM,109,-0.093065,-0.41658
191,none/H1/M15/2R,236,-0.075098,-0.82044
191,none/H1/M5/IDM,247,0.0081053,0.047193
191,none/H1/M5/2R,401,-0.13917,-2.0396
191,none/M15/M5/IDM,425,0.081036,0.79459
191,none/M15/M5/2R,1112,-0.019355,-0.45326
192,D1/H4/M15/IDM,25,,
192,D1/H4/M15/2R,34,-0.15597,-0.66546
192,D1/H4/M5/IDM,37,-0.10305,-0.16372
192,D1/H4/M5/2R,43,-0.40371,-2.1502
192,D1/H1/M15/IDM,34,-0.048588,-0.10477
192,D1/H1/M15/2R,75,0.0049066,0.029421
192,D1/H1/M5/IDM,96,-0.10449,-0.40025
192,D1/H1/M5/2R,140,0.049077,0.39986
192,D1/M15/M5/IDM,118,-0.16239,-0.92893
192,D1/M15/M5/2R,289,-0.028803,-0.34424
192,H4/H1/M15/IDM,55,0.20544,0.62483
192,H4/H1/M15/2R,119,0.18975,1.4077
192,H4/H1/M5/IDM,131,-0.25017,-1.2893
192,H4/H1/M5/2R,210,-0.041083,-0.4206
192,H4/M15/M5/IDM,110,-0.082975,-0.39673
192,H4/M15/M5/2R,295,-0.092301,-1.137
192,none/H4/M15/IDM,51,-0.44111,-1.7384
192,none/H4/M15/2R,80,-0.02171,-0.13739
192,none/H4/M5/IDM,80,-0.060119,-0.16908
192,none/H4/M5/2R,102,-0.10626,-0.77594
192,none/H1/M15/IDM,108,-0.089275,-0.38241
192,none/H1/M15/2R,249,0.046134,0.50654
192,none/H1/M5/IDM,281,-0.24342,-1.613
192,none/H1/M5/2R,438,-0.011681,-0.17171
192,none/M15/M5/IDM,379,-0.15145,-1.4775
192,none/M15/M5/2R,1031,-0.06644,-1.5199
193,D1/H4/M15/IDM,21,,
193,D1/H4/M15/2R,31,0.27942,1.0374
193,D1/H4/M5/IDM,38,-0.25138,-0.52688
193,D1/H4/M5/2R,41,0.20367,0.8726
193,D1/H1/M15/IDM,42,-0.19564,-0.59305
193,D1/H1/M15/2R,72,0.04113,0.23943
193,D1/H1/M5/IDM,76,-0.284,-1.0156
193,D1/H1/M5/2R,114,0.11113,0.82165
193,D1/M15/M5/IDM,95,-0.0049421,-0.021949
193,D1/M15/M5/2R,225,0.0031852,0.033448
193,H4/H1/M15/IDM,63,0.24066,0.62575
193,H4/H1/M15/2R,124,-0.12229,-0.99095
193,H4/H1/M5/IDM,134,-0.48268,-2.6645
193,H4/H1/M5/2R,204,-0.011369,-0.11522
193,H4/M15/M5/IDM,116,0.051542,0.26221
193,H4/M15/M5/2R,291,0.039557,0.47024
193,none/H4/M15/IDM,46,-0.59639,-2.2354
193,none/H4/M15/2R,74,-0.015185,-0.091537
193,none/H4/M5/IDM,83,-0.29694,-0.97548
193,none/H4/M5/2R,99,-0.020371,-0.1435
193,none/H1/M15/IDM,129,-0.22261,-1.1427
193,none/H1/M15/2R,280,-0.13655,-1.6633
193,none/H1/M5/IDM,262,-0.037891,-0.20813
193,none/H1/M5/2R,437,-0.017578,-0.26051
193,none/M15/M5/IDM,426,0.061915,0.56955
193,none/M15/M5/2R,1084,0.00089405,0.020659
194,D1/H4/M15/IDM,21,,
194,D1/H4/M15/2R,37,-0.26544,-1.2598
194,D1/H4/M5/IDM,32,-0.7966,-3.0452
194,D1/H4/M5/2R,45,-0.054581,-0.26107
194,D1/H1/M15/IDM,54,0.071634,0.18911
194,D1/H1/M15/2R,87,0.034701,0.22328
194,D1/H1/M5/IDM,97,-0.43744,-1.5927
194,D1/H1/M5/2R,144,0.0092637,0.077595
194,D1/M15/M5/IDM,83,-0.17736,-0.85663
194,D1/M15/M5/2R,211,-0.16908,-1.8111
194,H4/H1/M15/IDM,57,0.42583,0.85629
194,H4/H1/M15/2R,109,0.095607,0.6841
194,H4/H1/M5/IDM,116,-0.12138,-0.41849
194,H4/H1/M5/2R,198,0.15155,1.4472
194,H4/M15/M5/IDM,117,-0.23728,-1.3734
194,H4/M15/M5/2R,255,0.018264,0.20333
194,none/H4/M15/IDM,57,-0.44547,-1.7302
194,none/H4/M15/2R,85,-0.053892,-0.35537
194,none/H4/M5/IDM,90,-0.52791,-2.0264
194,none/H4/M5/2R,111,-0.18196,-1.4118
194,none/H1/M15/IDM,132,-0.066179,-0.28571
194,none/H1/M15/2R,255,0.021907,0.24497
194,none/H1/M5/IDM,271,-0.21574,-1.3664
194,none/H1/M5/2R,440,0.041805,0.60843
194,none/M15/M5/IDM,390,-0.04835,-0.45272
194,none/M15/M5/2R,989,0.011053,0.24313
195,D1/H4/M15/IDM,29,,
195,D1/H4/M15/2R,34,0.038424,0.15415
195,D1/H4/M5/IDM,40,-0.50885,-1.9114
195,D1/H4/M5/2R,47,-0.0073593,-0.036071
195,D1/H1/M15/IDM,33,-0.22108,-0.51462
195,D1/H1/M15/2R,72,-0.15317,-0.94572
195,D1/H1/M5/IDM,78,-0.12792,-0.49056
195,D1/H1/M5/2R,113,0.025875,0.19051
195,D1/M15/M5/IDM,86,-0.22716,-1.1045
195,D1/M15/M5/2R,224,-0.27009,-3.1075
195,H4/H1/M15/IDM,57,-0.11523,-0.31463
195,H4/H1/M15/2R,136,-0.26489,-2.3495
195,H4/H1/M5/IDM,133,-0.20172,-1.0339
195,H4/H1/M5/2R,217,-0.13359,-1.4288
195,H4/M15/M5/IDM,116,-0.20952,-1.2762
195,H4/M15/M5/2R,291,-0.091012,-1.1179
195,none/H4/M15/IDM,63,0.19037,0.44757
195,none/H4/M15/2R,83,0.015558,0.099216
195,none/H4/M5/IDM,97,-0.41183,-1.8099
195,none/H4/M5/2R,116,-0.0041623,-0.031692
195,none/H1/M15/IDM,108,-0.17385,-0.75651
195,none/H1/M15/2R,268,-0.12351,-1.4675
195,none/H1/M5/IDM,269,-0.19464,-1.4165
195,none/H1/M5/2R,445,-0.081434,-1.2301
195,none/M15/M5/IDM,382,-0.097539,-0.94873
195,none/M15/M5/2R,1030,-0.11953,-2.7917
196,D1/H4/M15/IDM,24,,
196,D1/H4/M15/2R,28,,
196,D1/H4/M5/IDM,31,-0.92369,-6.5862
196,D1/H4/M5/2R,36,-0.031614,-0.13315
196,D1/H1/M15/IDM,38,0.0039029,0.0093323
196,D1/H1/M15/2R,76,-0.03622,-0.21872
196,D1/H1/M5/IDM,84,0.098106,0.25868
196,D1/H1/M5/2R,124,0.14861,1.134
196,D1/M15/M5/IDM,84,0.25118,1.0803
196,D1/M15/M5/2R,209,0.015741,0.15899
196,H4/H1/M15/IDM,61,-0.11037,-0.35655
196,H4/H1/M15/2R,132,-0.19194,-1.6119
196,H4/H1/M5/IDM,131,-0.2683,-1.2669
196,H4/H1/M5/2R,218,-0.0096568,-0.10035
196,H4/M15/M5/IDM,121,0.17505,0.9073
196,H4/M15/M5/2R,282,0.21932,2.4866
196,none/H4/M15/IDM,47,0.09203,0.21848
196,none/H4/M15/2R,65,0.2644,1.4228
196,none/H4/M5/IDM,76,-0.44491,-1.7774
196,none/H4/M5/2R,92,-0.11113,-0.76752
196,none/H1/M15/IDM,119,-0.19295,-0.88853
196,none/H1/M15/2R,257,-0.13091,-1.5147
196,none/H1/M5/IDM,254,-0.090362,-0.54371
196,none/H1/M5/2R,423,0.044115,0.63009
196,none/M15/M5/IDM,382,0.0031891,0.030293
196,none/M15/M5/2R,1012,0.085918,1.8813
197,D1/H4/M15/IDM,23,,
197,D1/H4/M15/2R,30,0.080266,0.29832
197,D1/H4/M5/IDM,33,-0.67068,-3.1875
197,D1/H4/M5/2R,36,0.23547,0.94318
197,D1/H1/M15/IDM,46,1.54,2.6417
197,D1/H1/M15/2R,81,0.38014,2.2705
197,D1/H1/M5/IDM,75,0.31659,0.86568
197,D1/H1/M5/2R,127,0.10162,0.78238
197,D1/M15/M5/IDM,87,0.27689,1.1226
197,D1/M15/M5/2R,223,-0.025083,-0.26504
197,H4/H1/M15/IDM,71,-0.0069748,-0.020514
197,H4/H1/M15/2R,139,-0.026876,-0.22466
197,H4/H1/M5/IDM,136,0.37547,1.3284
197,H4/H1/M5/2R,213,-0.15858,-1.6998
197,H4/M15/M5/IDM,116,0.38627,1.6912
197,H4/M15/M5/2R,269,-0.017259,-0.20033
197,none/H4/M15/IDM,62,-0.13533,-0.35067
197,none/H4/M15/2R,83,-0.15826,-1.0528
197,none/H4/M5/IDM,90,-0.080793,-0.28182
197,none/H4/M5/2R,101,0.13364,0.91649
197,none/H1/M15/IDM,132,0.43921,1.5638
197,none/H1/M15/2R,274,-0.039412,-0.46267
197,none/H1/M5/IDM,258,0.021587,0.12624
197,none/H1/M5/2R,439,-0.072103,-1.0824
197,none/M15/M5/IDM,385,0.012421,0.11363
197,none/M15/M5/2R,998,-0.079838,-1.8127
198,D1/H4/M15/IDM,19,,
198,D1/H4/M15/2R,31,-0.26997,-1.1287
198,D1/H4/M5/IDM,36,0.22114,0.31189
198,D1/H4/M5/2R,44,-0.21663,-1.0645
198,D1/H1/M15/IDM,37,0.42492,0.78837
198,D1/H1/M15/2R,65,-0.069059,-0.39345
198,D1/H1/M5/IDM,59,0.59843,1.1957
198,D1/H1/M5/2R,102,-0.032366,-0.22988
198,D1/M15/M5/IDM,74,0.30655,1.1479
198,D1/M15/M5/2R,201,0.075362,0.74041
198,H4/H1/M15/IDM,64,0.43207,1.0701
198,H4/H1/M15/2R,131,-0.035135,-0.28527
198,H4/H1/M5/IDM,144,0.29435,0.98983
198,H4/H1/M5/2R,223,-0.052092,-0.54851
198,H4/M15/M5/IDM,121,-0.0049779,-0.023995
198,H4/M15/M5/2R,283,-0.17563,-2.1869
198,none/H4/M15/IDM,60,-0.32775,-1.0315
198,none/H4/M15/2R,92,-0.24274,-1.7814
198,none/H4/M5/IDM,99,-0.25189,-0.79018
198,none/H4/M5/2R,122,-0.2204,-1.8222
198,none/H1/M15/IDM,107,0.033027,0.12407
198,none/H1/M15/2R,251,-0.16682,-1.9463
198,none/H1/M5/IDM,255,0.2734,1.3505
198,none/H1/M5/2R,439,-0.03679,-0.54448
198,none/M15/M5/IDM,371,-0.086932,-0.80504
198,none/M15/M5/2R,1024,-0.0067294,-0.15145
199,D1/H4/M15/IDM,23,,
199,D1/H4/M15/2R,28,,
199,D1/H4/M5/IDM,38,0.85296,0.95392
199,D1/H4/M5/2R,43,-0.051819,-0.23787
199,D1/H1/M15/IDM,31,0.31004,0.68096
199,D1/H1/M15/2R,67,0.18376,1.0166
199,D1/H1/M5/IDM,78,0.34146,0.90483
199,D1/H1/M5/2R,117,-0.082354,-0.63837
199,D1/M15/M5/IDM,86,-0.22248,-0.82929
199,D1/M15/M5/2R,224,-0.064088,-0.64728
199,H4/H1/M15/IDM,59,0.14643,0.34905
199,H4/H1/M15/2R,131,-0.02763,-0.22141
199,H4/H1/M5/IDM,133,0.13035,0.47805
199,H4/H1/M5/2R,217,0.036548,0.37505
199,H4/M15/M5/IDM,121,-0.0048064,-0.023714
199,H4/M15/M5/2R,280,0.020915,0.2442
199,none/H4/M15/IDM,72,-0.11057,-0.36391
199,none/H4/M15/2R,99,0.036243,0.25101
199,none/H4/M5/IDM,112,-0.071698,-0.22721
199,none/H4/M5/2R,129,-0.050601,-0.40636
199,none/H1/M15/IDM,114,0.49226,1.6022
199,none/H1/M15/2R,269,0.13768,1.5292
199,none/H1/M5/IDM,262,0.35171,1.7746
199,none/H1/M5/2R,440,0.096852,1.4023
199,none/M15/M5/IDM,398,0.043277,0.37009
199,none/M15/M5/2R,1038,-0.01893,-0.42086
