idea,symbol,group,batch2,session,tf,bar,variant,k,primary,truncated,base_tf,sessions,n,per_day,mean,t,win,gross,costR,n_is,mean_is,n_oos,mean_oos,worst_year,worst_mean,pos_years,coin,opp,beats,passes,by_year,first,last,share_both,n_trend,mean_trend,n_rev,mean_rev,n_amb,mean_amb,sumR,sumR2,sumR_is,sumR2_is,sumR_oos,sumR2_oos,sum_coin
dt,AAPL,stock,False,us_cash,M5,5,k=0.3,0.3,False,False,M5,2469,1685,0.68246,0.0065603,0.45285,0.48724,0.023054,0.016494,1211,0.023799,474,-0.037481,2025,-0.069667,0.45455,-0.014628,-0.035817,True,False,15:+0.106(171.0) 16:-0.060(181.0) 17:+0.074(156.0) 18:-0.012(183.0) 19:-0.025(109.0) 21:+0.023(77.0) 22:+0.121(152.0) 23:-0.029(182.0) 24:-0.041(166.0) 25:-0.070(181.0) 26:+0.013(127.0),2015-01-08,2026-10-08,0.0035608,,,,,,,11.054,595.57,28.82,406.34,-17.766,189.24,-24.649
dt,AAPL,stock,False,us_cash,M5,5,k=0.5,0.5,False,False,M5,2469,760,0.30782,0.0013226,0.091905,0.49342,0.012412,0.01109,531,0.023496,229,-0.050094,2019,-0.075164,0.45455,-0.0099846,-0.021292,True,False,15:+0.078(73.0) 16:-0.030(77.0) 17:+0.094(73.0) 18:+0.012(79.0) 19:-0.075(51.0) 21:+0.026(32.0) 22:+0.071(69.0) 23:-0.008(77.0) 24:-0.066(79.0) 25:-0.061(84.0) 26:-0.017(66.0),2015-01-08,2026-10-08,0,,,,,,,1.0052,119.47,12.477,75.408,-11.471,44.057,-7.5883
dt,AAPL,stock,False,us_cash,M5,5,k=0.7,0.7,False,False,M5,2469,339,0.1373,0.010188,0.60214,0.49558,0.019347,0.0091591,232,0.030292,107,-0.033401,2026,-0.05762,0.63636,-0.0089473,-0.028083,True,False,15:+0.013(39.0) 16:-0.035(33.0) 17:+0.086(42.0) 18:+0.002(32.0) 19:-0.041(20.0) 21:+0.122(14.0) 22:+0.108(25.0) 23:+0.013(27.0) 24:+0.007(30.0) 25:-0.042(42.0) 26:-0.058(35.0),2015-01-15,2026-10-08,0,,,,,,,3.4538,32.839,7.0277,19.155,-3.5739,13.684,-3.0331
rb,AAPL,stock,False,us_cash,M5,5,RB,0,False,False,M5,2469,884,0.35804,0.029395,1.2389,0.48756,0.050448,0.021053,623,0.048999,261,-0.0174,2019,-0.14304,0.72727,-0.012667,-0.054728,True,False,15:+0.019(88.0) 16:+0.069(91.0) 17:+0.118(84.0) 18:+0.053(83.0) 19:-0.143(76.0) 21:+0.229(36.0) 22:+0.112(80.0) 23:+0.024(85.0) 24:-0.035(88.0) 25:+0.031(95.0) 26:-0.057(78.0),2015-01-08,2026-10-01,,496,0.028701,388,0.030281,0,,25.985,440.18,30.526,338.15,-4.5415,102.03,-11.197
dt,AAPL,stock,False,us_cash,M15,15,k=0.3,0.3,False,False,M5,2469,1683,0.68165,0.0064629,0.44695,0.48841,0.023026,0.016563,1210,0.023134,473,-0.036185,2025,-0.069816,0.45455,-0.015079,-0.036621,True,False,15:+0.106(171.0) 16:-0.065(181.0) 17:+0.073(156.0) 18:-0.012(183.0) 19:-0.023(108.0) 21:+0.023(77.0) 22:+0.121(152.0) 23:-0.029(182.0) 24:-0.041(166.0) 25:-0.070(181.0) 26:+0.019(126.0),2015-01-08,2026-10-08,0.0065359,,,,,,,10.877,591.97,27.993,404.8,-17.116,187.17,-25.378
dt,AAPL,stock,False,us_cash,M15,15,k=0.5,0.5,False,False,M5,2469,760,0.30782,0.0014206,0.098745,0.49342,0.012507,0.011086,531,0.023511,229,-0.049802,2019,-0.075164,0.45455,-0.0099814,-0.021383,True,False,15:+0.078(73.0) 16:-0.030(77.0) 17:+0.094(73.0) 18:+0.012(79.0) 19:-0.075(51.0) 21:+0.027(32.0) 22:+0.071(69.0) 23:-0.008(77.0) 24:-0.066(79.0) 25:-0.061(84.0) 26:-0.017(66.0),2015-01-08,2026-10-08,0,,,,,,,1.0796,119.39,12.484,75.396,-11.405,43.99,-7.5859
dt,AAPL,stock,False,us_cash,M15,15,k=0.7,0.7,False,False,M5,2469,339,0.1373,0.0102,0.60285,0.49558,0.019347,0.0091475,232,0.030281,107,-0.033341,2026,-0.057593,0.63636,-0.0089357,-0.028071,True,False,15:+0.013(39.0) 16:-0.035(33.0) 17:+0.086(42.0) 18:+0.002(32.0) 19:-0.041(20.0) 21:+0.122(14.0) 22:+0.108(25.0) 23:+0.013(27.0) 24:+0.007(30.0) 25:-0.042(42.0) 26:-0.058(35.0),2015-01-15,2026-10-08,0,,,,,,,3.4578,32.836,7.0253,19.147,-3.5675,13.689,-3.0292
rb,AAPL,stock,False,us_cash,M15,15,RB,0,False,False,M5,2469,877,0.3552,0.022882,0.98386,0.48803,0.043826,0.020943,617,0.04735,260,-0.035181,2019,-0.1441,0.63636,-0.015204,-0.053291,True,False,15:-0.014(86.0) 16:+0.046(91.0) 17:+0.136(84.0) 18:+0.087(81.0) 19:-0.144(75.0) 21:+0.263(35.0) 22:+0.091(80.0) 23:+0.024(85.0) 24:-0.036(88.0) 25:+0.015(95.0) 26:-0.096(77.0),2015-01-08,2026-10-01,,494,0.024556,382,0.023509,1,-1.0434,20.068,416.03,29.215,319.91,-9.1471,96.114,-13.334
dt,AAPL,stock,False,us_cash,M30,30,k=0.3,0.3,False,False,M5,2469,1681,0.68084,0.0076475,0.52907,0.4884,0.024227,0.016579,1208,0.025109,473,-0.036949,2025,-0.071406,0.45455,-0.014903,-0.037454,True,False,15:+0.106(171.0) 16:-0.062(180.0) 17:+0.072(156.0) 18:-0.013(183.0) 19:-0.014(108.0) 21:+0.022(77.0) 22:+0.121(152.0) 23:-0.024(181.0) 24:-0.041(166.0) 25:-0.071(181.0) 26:+0.018(126.0),2015-01-08,2026-10-08,0.011898,,,,,,,12.855,590.15,30.332,402.89,-17.477,187.26,-25.053
dt,AAPL,stock,False,us_cash,M30,30,k=0.5,0.5,False,False,M5,2469,760,0.30782,0.0013975,0.097143,0.49342,0.012507,0.01111,531,0.023495,229,-0.049842,2019,-0.075164,0.45455,-0.010004,-0.021406,True,False,15:+0.078(73.0) 16:-0.030(77.0) 17:+0.094(73.0) 18:+0.012(79.0) 19:-0.075(51.0) 21:+0.026(32.0) 22:+0.071(69.0) 23:-0.008(77.0) 24:-0.066(79.0) 25:-0.061(84.0) 26:-0.017(66.0),2015-01-08,2026-10-08,0,,,,,,,1.0621,119.38,12.476,75.394,-11.414,43.991,-7.6034
dt,AAPL,stock,False,us_cash,M30,30,k=0.7,0.7,False,False,M5,2469,339,0.1373,0.010185,0.60191,0.49558,0.019347,0.0091628,232,0.030268,107,-0.033361,2026,-0.057584,0.63636,-0.0089511,-0.028087,True,False,15:+0.013(39.0) 16:-0.035(33.0) 17:+0.086(42.0) 18:+0.002(32.0) 19:-0.041(20.0) 21:+0.122(14.0) 22:+0.108(25.0) 23:+0.013(27.0) 24:+0.007(30.0) 25:-0.042(42.0) 26:-0.058(35.0),2015-01-15,2026-10-08,0,,,,,,,3.4526,32.84,7.0222,19.15,-3.5696,13.69,-3.0344
rb,AAPL,stock,False,us_cash,M30,30,RB,0,False,False,M5,2469,869,0.35196,0.016597,0.7249,0.48446,0.037182,0.020585,611,0.041378,258,-0.042089,2019,-0.14377,0.63636,-0.014812,-0.046221,True,False,15:-0.008(85.0) 16:+0.015(91.0) 17:+0.106(84.0) 18:+0.101(77.0) 19:-0.144(75.0) 21:+0.230(35.0) 22:+0.095(80.0) 23:+0.037(84.0) 24:-0.076(87.0) 25:+0.022(94.0) 26:-0.082(77.0),2015-01-08,2026-10-01,,494,0.0099578,373,0.031087,2,-1.0459,14.423,395.64,25.282,305.33,-10.859,90.317,-12.872
dt,AAPL,stock,False,us_cash,H1,60,k=0.3,0.3,False,True,M5,2469,1602,0.64885,0.0089294,0.62499,0.48439,0.025597,0.016668,1155,0.025828,447,-0.034735,2016,-0.071885,0.45455,-0.014916,-0.038761,True,False,15:+0.104(164.0) 16:-0.072(177.0) 17:+0.120(147.0) 18:-0.016(170.0) 19:-0.035(101.0) 21:+0.017(75.0) 22:+0.108(145.0) 23:-0.017(176.0) 24:-0.028(156.0) 25:-0.068(168.0) 26:+0.002(123.0),2015-01-08,2026-10-08,0.017478,,,,,,,14.305,523.68,29.831,365.6,-15.526,158.09,-23.895
dt,AAPL,stock,False,us_cash,H1,60,k=0.5,0.5,False,True,M5,2469,708,0.28676,0.0071064,0.49384,0.48305,0.018317,0.011211,495,0.027412,213,-0.040083,2025,-0.072682,0.54545,-0.01195,-0.031006,True,False,15:+0.078(72.0) 16:-0.050(74.0) 17:+0.128(71.0) 18:+0.007(70.0) 19:-0.066(50.0) 21:+0.032(29.0) 22:+0.065(61.0) 23:+0.008(68.0) 24:-0.037(75.0) 25:-0.073(76.0) 26:-0.004(62.0),2015-01-08,2026-10-08,0.0014124,,,,,,,5.0314,103.69,13.569,68.847,-8.5378,34.844,-8.4604
dt,AAPL,stock,False,us_cash,H1,60,k=0.7,0.7,False,True,M5,2469,309,0.12515,0.015423,0.88372,0.50162,0.024751,0.0093286,212,0.032716,97,-0.022374,2016,-0.062742,0.54545,-0.0088658,-0.033154,True,False,15:+0.017(35.0) 16:-0.063(29.0) 17:+0.118(41.0) 18:-0.014(27.0) 19:-0.044(18.0) 21:+0.112(14.0) 22:+0.105(21.0) 23:+0.025(27.0) 24:+0.026(27.0) 25:-0.037(38.0) 26:-0.046(32.0),2015-01-15,2026-10-08,0,,,,,,,4.7656,29.06,6.9359,17.998,-2.1703,11.063,-2.7395
rb,AAPL,stock,False,us_cash,H1,60,RB,0,False,True,M5,2469,796,0.3224,0.0060648,0.27273,0.47362,0.025796,0.019731,566,0.017554,230,-0.022209,2019,-0.062437,0.45455,-0.018241,-0.042546,True,False,15:-0.018(80.0) 16:+0.001(87.0) 17:+0.096(77.0) 18:+0.051(69.0) 19:-0.062(70.0) 21:+0.071(30.0) 22:-0.009(74.0) 23:+0.041(79.0) 24:-0.024(79.0) 25:-0.032(83.0) 26:-0.007(68.0),2015-01-08,2026-09-30,,472,-0.0007864,321,0.025878,3,-1.036,4.8276,312.95,9.9357,235.8,-5.1081,77.157,-14.52
dt,AMD,stock,True,us_cash,M5,5,k=0.3,0.3,False,False,M5,1405,853,0.60712,0.0078789,0.42101,0.51114,0.019982,0.012103,458,0.076525,395,-0.071716,2025,-0.14012,0.42857,-0.020574,-0.049028,True,False,20:-0.040(21.0) 21:+0.089(141.0) 22:+0.083(143.0) 23:+0.075(153.0) 24:-0.001(135.0) 25:-0.140(148.0) 26:-0.067(112.0),2020-11-09,2026-10-08,0.0011723,,,,,,,6.7207,254.58,35.049,134.18,-28.328,120.4,-17.55
dt,AMD,stock,True,us_cash,M5,5,k=0.5,0.5,False,False,M5,1405,373,0.26548,-0.0010796,-0.058673,0.52547,0.0065148,0.0075944,202,0.047103,171,-0.057997,2020,-0.1272,0.42857,-0.0076545,-0.014229,True,False,20:-0.127(12.0) 21:+0.066(66.0) 22:+0.089(58.0) 23:+0.023(66.0) 24:-0.061(74.0) 25:-0.031(53.0) 26:-0.085(44.0),2020-11-10,2026-10-08,0,,,,,,,-0.40269,46.979,9.5148,24.005,-9.9175,22.974,-2.8551
dt,AMD,stock,True,us_cash,M5,5,k=0.7,0.7,False,False,M5,1405,176,0.12527,-0.033302,-1.5553,0.42045,-0.02777,0.0055323,105,-0.018654,71,-0.054965,2026,-0.11027,0.33333,-0.0059985,0.021305,False,False,20:-0.281(6.0) 21:-0.037(36.0) 22:+0.013(31.0) 23:+0.021(32.0) 24:-0.035(27.0) 25:-0.024(22.0) 26:-0.110(22.0),2020-11-19,2026-10-08,0,,,,,,,-5.8612,14.316,-1.9587,8.225,-3.9025,6.0912,-1.0557
rb,AMD,stock,True,us_cash,M5,5,RB,0,False,False,M5,1405,616,0.43843,-0.077735,-2.8555,0.44805,-0.059118,0.018617,269,-0.0031531,347,-0.13555,2025,-0.28874,0.28571,-0.02564,0.026455,False,False,20:-0.279(17.0) 21:+0.086(75.0) 22:-0.023(84.0) 23:-0.006(93.0) 24:+0.069(105.0) 25:-0.289(142.0) 26:-0.132(100.0),2020-11-04,2026-10-08,,343,-0.059976,273,-0.10005,0,,-47.885,284.46,-0.84818,96.377,-47.036,188.09,-15.794
dt,AMD,stock,True,us_cash,M15,15,k=0.3,0.3,False,False,M5,1405,852,0.60641,0.0091947,0.49422,0.51174,0.021329,0.012135,458,0.076534,394,-0.069083,2025,-0.1311,0.42857,-0.020996,-0.051187,True,False,20:-0.040(21.0) 21:+0.089(141.0) 22:+0.083(143.0) 23:+0.075(153.0) 24:-0.003(135.0) 25:-0.131(147.0) 26:-0.067(112.0),2020-11-09,2026-10-08,0.0023474,,,,,,,7.8339,251.04,35.053,134.19,-27.219,116.85,-17.889
dt,AMD,stock,True,us_cash,M15,15,k=0.5,0.5,False,False,M5,1405,373,0.26548,-0.0012223,-0.06651,0.52547,0.0063972,0.0076194,202,0.047103,171,-0.058308,2020,-0.1272,0.42857,-0.0077972,-0.014372,True,False,20:-0.127(12.0) 21:+0.066(66.0) 22:+0.089(58.0) 23:+0.023(66.0) 24:-0.062(74.0) 25:-0.031(53.0) 26:-0.086(44.0),2020-11-10,2026-10-08,0.002681,,,,,,,-0.45591,46.863,9.5148,24.005,-9.9707,22.858,-2.9083
dt,AMD,stock,True,us_cash,M15,15,k=0.7,0.7,False,False,M5,1405,176,0.12527,-0.0333,-1.5552,0.42045,-0.02777,0.0055303,105,-0.018654,71,-0.05496,2026,-0.11026,0.33333,-0.0059966,0.021307,False,False,20:-0.281(6.0) 21:-0.037(36.0) 22:+0.013(31.0) 23:+0.021(32.0) 24:-0.035(27.0) 25:-0.024(22.0) 26:-0.110(22.0),2020-11-19,2026-10-08,0,,,,,,,-5.8609,14.316,-1.9587,8.225,-3.9022,6.0908,-1.0554
rb,AMD,stock,True,us_cash,M15,15,RB,0,False,False,M5,1405,616,0.43843,-0.092032,-3.4285,0.44318,-0.073158,0.018874,269,-0.012515,347,-0.15367,2025,-0.30722,0.28571,-0.027096,0.03784,False,False,20:-0.279(17.0) 21:+0.086(75.0) 22:-0.024(84.0) 23:-0.033(93.0) 24:+0.034(105.0) 25:-0.307(142.0) 26:-0.132(100.0),2020-11-04,2026-10-08,,343,-0.059996,271,-0.12535,2,-1.0713,-56.692,278.19,-3.3666,97.056,-53.325,181.13,-16.691
dt,AMD,stock,True,us_cash,M30,30,k=0.3,0.3,False,False,M5,1405,850,0.60498,0.0084261,0.45129,0.51294,0.020588,0.012162,458,0.076415,392,-0.07101,2025,-0.13062,0.42857,-0.019386,-0.047198,True,False,20:-0.040(21.0) 21:+0.089(141.0) 22:+0.083(143.0) 23:+0.075(153.0) 24:-0.003(135.0) 25:-0.131(145.0) 26:-0.075(112.0),2020-11-09,2026-10-08,0.014118,,,,,,,7.1622,251.63,34.998,134.03,-27.836,117.6,-16.478
dt,AMD,stock,True,us_cash,M30,30,k=0.5,0.5,False,False,M5,1405,372,0.26477,0.0012457,0.068279,0.52688,0.0088166,0.0075709,202,0.047103,170,-0.053243,2020,-0.1272,0.42857,-0.0077491,-0.016744,True,False,20:-0.127(12.0) 21:+0.066(66.0) 22:+0.089(58.0) 23:+0.023(66.0) 24:-0.062(74.0) 25:-0.031(53.0) 26:-0.066(43.0),2020-11-10,2026-10-08,0.0080645,,,,,,,0.46339,45.936,9.5148,24.005,-9.0514,21.931,-2.8827
dt,AMD,stock,True,us_cash,M30,30,k=0.7,0.7,False,False,M5,1405,176,0.12527,-0.0333,-1.5553,0.42045,-0.02777,0.0055298,105,-0.018654,71,-0.054958,2026,-0.11025,0.33333,-0.005996,0.021308,False,False,20:-0.281(6.0) 21:-0.037(36.0) 22:+0.013(31.0) 23:+0.021(32.0) 24:-0.035(27.0) 25:-0.024(22.0) 26:-0.110(22.0),2020-11-19,2026-10-08,0,,,,,,,-5.8608,14.315,-1.9587,8.225,-3.9021,6.0897,-1.0553
rb,AMD,stock,True,us_cash,M30,30,RB,0,False,False,M5,1405,612,0.43559,-0.11154,-4.3351,0.44118,-0.093098,0.018445,267,-0.04117,345,-0.16601,2025,-0.30768,0.14286,-0.029116,0.053311,False,False,20:-0.308(17.0) 21:-0.009(75.0) 22:-0.028(82.0) 23:-0.030(93.0) 24:+0.020(105.0) 25:-0.308(142.0) 26:-0.160(98.0),2020-11-04,2026-10-08,,342,-0.073766,268,-0.15273,2,-1.0519,-68.265,255.18,-10.992,93.048,-57.272,162.13,-17.819
dt,AMD,stock,True,us_cash,H1,60,k=0.3,0.3,False,True,M5,1405,817,0.58149,0.019288,1.0253,0.5153,0.031411,0.012123,442,0.082657,375,-0.055402,2025,-0.11664,0.42857,-0.017014,-0.053317,True,False,20:-0.033(21.0) 21:+0.094(136.0) 22:+0.088(136.0) 23:+0.084(149.0) 24:-0.000(130.0) 25:-0.117(139.0) 26:-0.043(106.0),2020-11-09,2026-10-08,0.022032,,,,,,,15.759,236.24,36.534,130.86,-20.776,105.38,-13.901
dt,AMD,stock,True,us_cash,H1,60,k=0.5,0.5,False,True,M5,1405,357,0.25409,0.0077701,0.42044,0.51541,0.015305,0.0075346,195,0.051853,162,-0.045293,2020,-0.11723,0.42857,-0.0073397,-0.02245,True,False,20:-0.117(11.0) 21:+0.060(64.0) 22:+0.102(56.0) 23:+0.029(64.0) 24:-0.056(69.0) 25:-0.026(50.0) 26:-0.051(43.0),2020-11-10,2026-10-08,0.0084034,,,,,,,2.7739,43.429,10.111,24.335,-7.3374,19.093,-2.6203
dt,AMD,stock,True,us_cash,H1,60,k=0.7,0.7,False,True,M5,1405,164,0.11673,-0.023655,-1.0274,0.47561,-0.017949,0.0057065,97,-0.0050207,67,-0.050634,2026,-0.10479,0.33333,-0.0056499,0.012356,False,False,20:-0.307(6.0) 21:-0.028(33.0) 22:+0.039(27.0) 23:+0.040(31.0) 24:-0.041(25.0) 25:-0.012(22.0) 26:-0.105(20.0),2020-11-19,2026-10-08,0,,,,,,,-3.8795,14.264,-0.48701,8.2828,-3.3925,5.9807,-0.92659
rb,AMD,stock,True,us_cash,H1,60,RB,0,False,True,M5,1405,586,0.41708,-0.11259,-4.5979,0.43515,-0.094539,0.018052,256,-0.06405,330,-0.15025,2020,-0.36027,0,-0.031337,0.049917,False,False,20:-0.360(16.0) 21:-0.019(70.0) 22:-0.065(77.0) 23:-0.046(93.0) 24:-0.030(97.0) 25:-0.261(139.0) 26:-0.111(94.0),2020-11-04,2026-10-08,,333,-0.08348,251,-0.14365,2,-1.0612,-65.978,212.99,-16.397,84.469,-49.582,128.52,-18.363
dt,AMZN,stock,False,us_cash,M5,5,k=0.3,0.3,False,False,M5,1285,869,0.67626,-0.0027044,-0.14696,0.49137,0.012321,0.015025,415,0.024806,454,-0.027852,2025,-0.081635,0.5,-0.014098,-0.025491,True,False,21:+0.058(70.0) 22:+0.082(150.0) 23:-0.031(195.0) 24:-0.005(171.0) 25:-0.082(163.0) 26:+0.013(120.0),2021-08-06,2026-10-08,0,,,,,,,-2.3501,255.43,10.295,117.02,-12.645,138.42,-12.251
dt,AMZN,stock,False,us_cash,M5,5,k=0.5,0.5,False,False,M5,1285,357,0.27782,0.0096697,0.53684,0.46779,0.019698,0.010028,167,0.042139,190,-0.018869,2025,-0.034482,0.5,-0.0087352,-0.02714,True,False,21:+0.084(27.0) 22:+0.020(68.0) 23:+0.047(72.0) 24:-0.017(76.0) 25:-0.034(59.0) 26:-0.005(55.0),2021-08-06,2026-10-08,0,,,,,,,3.4521,41.268,7.0371,15.507,-3.585,25.762,-3.1185
dt,AMZN,stock,False,us_cash,M5,5,k=0.7,0.7,False,False,M5,1285,155,0.12062,-0.0034979,-0.15277,0.44516,0.0045264,0.0080243,78,0.008346,77,-0.015496,2025,-0.044204,0.5,-0.0051508,-0.0068037,True,False,21:+0.052(12.0) 22:+0.038(27.0) 23:-0.026(39.0) 24:+0.028(29.0) 25:-0.044(26.0) 26:-0.039(22.0),2021-08-11,2026-10-01,0,,,,,,,-0.54217,12.516,0.65099,4.2363,-1.1932,8.2795,-0.79837
rb,AMZN,stock,False,us_cash,M5,5,RB,0,False,False,M5,1285,492,0.38288,-0.032254,-1.0575,0.44919,-0.010666,0.021589,196,0.0012075,296,-0.054411,2022,-0.10102,0.33333,-0.017807,-0.0033602,False,False,21:+0.212(26.0) 22:-0.101(84.0) 23:+0.037(86.0) 24:-0.047(100.0) 25:-0.056(112.0) 26:-0.061(84.0),2021-08-10,2026-09-30,,274,-0.047429,218,-0.013181,0,,-15.869,225.25,0.23667,106.51,-16.106,118.73,-8.7612
dt,AMZN,stock,False,us_cash,M15,15,k=0.3,0.3,False,False,M5,1285,869,0.67626,-0.0030206,-0.16418,0.49137,0.01208,0.0151,415,0.024684,454,-0.028345,2025,-0.081611,0.5,-0.013804,-0.024587,True,False,21:+0.058(70.0) 22:+0.082(150.0) 23:-0.031(195.0) 24:-0.007(171.0) 25:-0.082(163.0) 26:+0.013(120.0),2021-08-06,2026-10-08,0.0011507,,,,,,,-2.6249,255.34,10.244,117.03,-12.869,138.31,-11.996
dt,AMZN,stock,False,us_cash,M15,15,k=0.5,0.5,False,False,M5,1285,357,0.27782,0.0096536,0.53598,0.46779,0.019718,0.010064,167,0.042074,190,-0.018842,2025,-0.03438,0.5,-0.0087718,-0.027197,True,False,21:+0.084(27.0) 22:+0.020(68.0) 23:+0.047(72.0) 24:-0.017(76.0) 25:-0.034(59.0) 26:-0.005(55.0),2021-08-06,2026-10-08,0,,,,,,,3.4463,41.262,7.0263,15.498,-3.58,25.764,-3.1315
dt,AMZN,stock,False,us_cash,M15,15,k=0.7,0.7,False,False,M5,1285,155,0.12062,-0.0034846,-0.15219,0.44516,0.0045275,0.0080121,78,0.008377,77,-0.0155,2025,-0.044113,0.5,-0.0051386,-0.0067926,True,False,21:+0.052(12.0) 22:+0.038(27.0) 23:-0.026(39.0) 24:+0.028(29.0) 25:-0.044(26.0) 26:-0.039(22.0),2021-08-11,2026-10-01,0,,,,,,,-0.54011,12.516,0.65341,4.236,-1.1935,8.2802,-0.79649
rb,AMZN,stock,False,us_cash,M15,15,RB,0,False,False,M5,1285,491,0.3821,-0.039596,-1.3459,0.44603,-0.018377,0.021219,196,0.0097585,295,-0.072387,2022,-0.09866,0.33333,-0.017543,0.0045093,False,False,21:+0.272(26.0) 22:-0.099(84.0) 23:+0.037(86.0) 24:-0.048(100.0) 25:-0.098(112.0) 26:-0.067(83.0),2021-08-10,2026-09-30,,274,-0.055676,216,-0.01438,1,-1.0803,-19.442,208.99,1.9127,102.86,-21.354,106.13,-8.6138
dt,AMZN,stock,False,us_cash,M30,30,k=0.3,0.3,False,False,M5,1285,869,0.67626,-0.0037956,-0.20625,0.48907,0.011358,0.015154,415,0.024563,454,-0.029718,2025,-0.081661,0.5,-0.013857,-0.023919,True,False,21:+0.058(70.0) 22:+0.082(150.0) 23:-0.032(195.0) 24:-0.010(171.0) 25:-0.082(163.0) 26:+0.013(120.0),2021-08-06,2026-10-08,0.0034522,,,,,,,-3.2984,255.45,10.194,117.03,-13.492,138.43,-12.042
dt,AMZN,stock,False,us_cash,M30,30,k=0.5,0.5,False,False,M5,1285,357,0.27782,0.0096411,0.53532,0.46779,0.019726,0.010084,167,0.04204,190,-0.018835,2025,-0.034357,0.5,-0.0087918,-0.027225,True,False,21:+0.084(27.0) 22:+0.020(68.0) 23:+0.047(72.0) 24:-0.017(76.0) 25:-0.034(59.0) 26:-0.005(55.0),2021-08-06,2026-10-08,0,,,,,,,3.4419,41.257,7.0206,15.496,-3.5787,25.762,-3.1387
dt,AMZN,stock,False,us_cash,M30,30,k=0.7,0.7,False,False,M5,1285,155,0.12062,-0.0034785,-0.15194,0.44516,0.0045275,0.008006,78,0.0083917,77,-0.015503,2025,-0.044083,0.5,-0.0051325,-0.0067865,True,False,21:+0.052(12.0) 22:+0.038(27.0) 23:-0.026(39.0) 24:+0.028(29.0) 25:-0.044(26.0) 26:-0.039(22.0),2021-08-11,2026-10-01,0,,,,,,,-0.53917,12.513,0.65456,4.2346,-1.1937,8.2786,-0.79554
rb,AMZN,stock,False,us_cash,M30,30,RB,0,False,False,M5,1285,488,0.37977,-0.041454,-1.4271,0.44262,-0.020725,0.02073,194,0.0047028,294,-0.071912,2025,-0.1153,0.33333,-0.013087,0.015281,False,False,21:+0.211(26.0) 22:-0.083(82.0) 23:+0.026(86.0) 24:-0.028(100.0) 25:-0.115(111.0) 26:-0.067(83.0),2021-08-10,2026-09-30,,274,-0.057311,213,-0.016257,1,-1.0639,-20.23,201.36,0.91235,97.127,-21.142,104.23,-6.3863
dt,AMZN,stock,False,us_cash,H1,60,k=0.3,0.3,False,True,M5,1285,834,0.64903,-0.0055693,-0.31827,0.48201,0.0096069,0.015176,399,0.02297,435,-0.031747,2025,-0.074269,0.33333,-0.016019,-0.026469,True,False,21:+0.069(67.0) 22:+0.079(142.0) 23:-0.035(190.0) 24:-0.002(165.0) 25:-0.074(154.0) 26:-0.018(116.0),2021-08-06,2026-10-08,0.013189,,,,,,,-4.6448,212.74,9.165,106.47,-13.81,106.28,-13.36
dt,AMZN,stock,False,us_cash,H1,60,k=0.5,0.5,False,True,M5,1285,331,0.25759,0.0068144,0.3925,0.45921,0.01719,0.010375,153,0.04641,178,-0.02722,2026,-0.041371,0.5,-0.01089,-0.028594,True,False,21:+0.116(24.0) 22:+0.013(61.0) 23:+0.052(68.0) 24:-0.007(71.0) 25:-0.040(57.0) 26:-0.041(50.0),2021-08-06,2026-10-08,0.0030211,,,,,,,2.2556,32.941,7.1007,14.221,-4.8452,18.72,-3.6045
dt,AMZN,stock,False,us_cash,H1,60,k=0.7,0.7,False,True,M5,1285,146,0.11362,-0.011746,-0.55697,0.4589,-0.0035335,0.0082125,73,0.010029,73,-0.033521,2026,-0.10127,0.5,-0.0068192,-0.0018924,False,False,21:+0.091(12.0) 22:+0.031(23.0) 23:-0.028(38.0) 24:+0.038(27.0) 25:-0.054(25.0) 26:-0.101(21.0),2021-08-11,2026-10-01,0.0068493,,,,,,,-1.7149,9.4355,0.73215,3.8372,-2.4471,5.5984,-0.9956
rb,AMZN,stock,False,us_cash,H1,60,RB,0,False,True,M5,1285,455,0.35409,-0.060258,-2.2824,0.42637,-0.040366,0.019892,185,-0.004493,270,-0.098467,2025,-0.15544,0.33333,-0.01467,0.030917,False,False,21:+0.127(26.0) 22:-0.080(77.0) 23:+0.025(82.0) 24:-0.030(89.0) 25:-0.155(104.0) 26:-0.100(77.0),2021-08-10,2026-09-30,,263,-0.057771,189,-0.047885,3,-1.0578,-27.417,145.63,-0.83121,68.046,-26.586,77.589,-6.675
dt,AVGO,stock,True,us_cash,M5,5,k=0.3,0.3,False,False,M5,1202,741,0.61647,0.022224,1.0942,0.49663,0.037835,0.015611,342,0.0644,399,-0.013927,2026,-0.063697,0.5,-0.0062529,-0.03473,True,False,20:+0.186(3.0) 21:-0.047(41.0) 22:+0.065(154.0) 23:+0.093(144.0) 24:+0.078(129.0) 25:-0.052(141.0) 26:-0.064(129.0),2020-12-11,2026-10-08,0,,,,,,,16.468,226.59,22.025,110.59,-5.5568,116,-4.6334
dt,AVGO,stock,True,us_cash,M5,5,k=0.5,0.5,False,False,M5,1202,326,0.27121,0.008748,0.43769,0.47546,0.018938,0.01019,151,0.036863,175,-0.015511,2026,-0.093002,0.5,-0.010896,-0.030539,True,False,20:+0.118(1.0) 21:-0.075(21.0) 22:+0.048(62.0) 23:+0.060(67.0) 24:+0.063(57.0) 25:-0.017(61.0) 26:-0.093(57.0),2020-12-18,2026-10-06,0,,,,,,,2.8518,42.348,5.5663,22.012,-2.7144,20.336,-3.5519
dt,AVGO,stock,True,us_cash,M5,5,k=0.7,0.7,False,False,M5,1202,137,0.11398,0.042675,2.026,0.50365,0.050337,0.0076618,64,0.068686,73,0.019871,2026,-0.02486,0.8,-0.0093034,-0.061282,True,False,21:-0.019(9.0) 22:+0.125(21.0) 23:+0.057(34.0) 24:+0.039(30.0) 25:+0.029(25.0) 26:-0.025(18.0),2021-01-04,2026-10-06,0,,,,,,,5.8465,8.5159,4.3959,4.3642,1.4506,4.1518,-1.2746
rb,AVGO,stock,True,us_cash,M5,5,RB,0,False,False,M5,1202,497,0.41348,-0.018784,-0.6169,0.47284,0.0025644,0.021348,222,0.034925,275,-0.062141,2025,-0.093523,0.5,-0.01966,-0.020536,True,False,20:-0.487(5.0) 21:+0.075(30.0) 22:+0.055(90.0) 23:+0.031(97.0) 24:-0.014(92.0) 25:-0.094(97.0) 26:-0.078(86.0),2020-12-11,2026-10-08,,292,0.027035,205,-0.084048,0,,-9.3357,228.73,7.7532,131.66,-17.089,97.068,-9.771
dt,AVGO,stock,True,us_cash,M15,15,k=0.3,0.3,False,False,M5,1202,741,0.61647,0.023164,1.1411,0.49798,0.038795,0.015631,342,0.066368,399,-0.013868,2026,-0.063814,0.5,-0.0063482,-0.035861,True,False,20:+0.186(3.0) 21:-0.047(41.0) 22:+0.068(154.0) 23:+0.094(144.0) 24:+0.078(129.0) 25:-0.052(141.0) 26:-0.064(129.0),2020-12-11,2026-10-08,0,,,,,,,17.165,226.35,22.698,110.34,-5.5332,116.01,-4.704
dt,AVGO,stock,True,us_cash,M15,15,k=0.5,0.5,False,False,M5,1202,326,0.27121,0.0087114,0.43589,0.47546,0.018938,0.010226,151,0.036863,175,-0.015579,2026,-0.093211,0.5,-0.010932,-0.030576,True,False,20:+0.118(1.0) 21:-0.075(21.0) 22:+0.048(62.0) 23:+0.060(67.0) 24:+0.063(57.0) 25:-0.017(61.0) 26:-0.093(57.0),2020-12-18,2026-10-06,0,,,,,,,2.8399,42.343,5.5663,22.012,-2.7263,20.332,-3.5639
dt,AVGO,stock,True,us_cash,M15,15,k=0.7,0.7,False,False,M5,1202,137,0.11398,0.042855,2.0347,0.50365,0.050526,0.0076709,64,0.068896,73,0.020026,2026,-0.024929,0.8,-0.0093125,-0.06148,True,False,21:-0.017(9.0) 22:+0.125(21.0) 23:+0.057(34.0) 24:+0.039(30.0) 25:+0.030(25.0) 26:-0.025(18.0),2021-01-04,2026-10-06,0,,,,,,,5.8712,8.5168,4.4093,4.3636,1.4619,4.1532,-1.2758
rb,AVGO,stock,True,us_cash,M15,15,RB,0,False,False,M5,1202,496,0.41265,-0.029556,-0.97323,0.46774,-0.0081913,0.021365,221,0.030232,275,-0.077604,2026,-0.12226,0.5,-0.018929,-0.0083023,False,False,20:-0.487(5.0) 21:+0.035(30.0) 22:+0.056(90.0) 23:+0.031(96.0) 24:-0.014(92.0) 25:-0.098(97.0) 26:-0.122(86.0),2020-12-11,2026-10-08,,291,0.027642,205,-0.11075,0,,-14.66,226.87,6.6812,132.54,-21.341,94.332,-9.3889
dt,AVGO,stock,True,us_cash,M30,30,k=0.3,0.3,False,False,M5,1202,741,0.61647,0.022519,1.1135,0.49798,0.038168,0.015649,342,0.066454,399,-0.01514,2026,-0.064572,0.5,-0.0069326,-0.036384,True,False,20:+0.186(3.0) 21:-0.047(41.0) 22:+0.068(154.0) 23:+0.094(144.0) 24:+0.074(129.0) 25:-0.052(141.0) 26:-0.065(129.0),2020-12-11,2026-10-08,0.0040486,,,,,,,16.686,224.66,22.727,110.32,-6.0409,114.34,-5.1371
dt,AVGO,stock,True,us_cash,M30,30,k=0.5,0.5,False,False,M5,1202,326,0.27121,0.0086976,0.43519,0.47546,0.018938,0.01024,151,0.036863,175,-0.015605,2026,-0.09329,0.5,-0.010946,-0.030589,True,False,20:+0.118(1.0) 21:-0.075(21.0) 22:+0.048(62.0) 23:+0.060(67.0) 24:+0.063(57.0) 25:-0.017(61.0) 26:-0.093(57.0),2020-12-18,2026-10-06,0,,,,,,,2.8354,42.345,5.5663,22.012,-2.7308,20.334,-3.5684
dt,AVGO,stock,True,us_cash,M30,30,k=0.7,0.7,False,False,M5,1202,137,0.11398,0.042864,2.0349,0.50365,0.050557,0.0076928,64,0.068961,73,0.019984,2026,-0.025096,0.8,-0.0093344,-0.061533,True,False,21:-0.017(9.0) 22:+0.126(21.0) 23:+0.057(34.0) 24:+0.039(30.0) 25:+0.030(25.0) 26:-0.025(18.0),2021-01-04,2026-10-06,0,,,,,,,5.8724,8.519,4.4135,4.366,1.4589,4.153,-1.2788
rb,AVGO,stock,True,us_cash,M30,30,RB,0,False,False,M5,1202,492,0.40932,-0.030714,-1.0142,0.47358,-0.0094863,0.021228,220,0.015691,272,-0.068248,2026,-0.11133,0.5,-0.019868,-0.0090221,False,False,20:-0.487(5.0) 21:+0.034(30.0) 22:+0.055(90.0) 23:-0.001(95.0) 24:+0.005(91.0) 25:-0.100(97.0) 26:-0.111(84.0),2020-12-11,2026-10-08,,288,0.030955,203,-0.11338,1,-1.01,-15.111,222,3.4519,130.78,-18.563,91.221,-9.7752
dt,AVGO,stock,True,us_cash,H1,60,k=0.3,0.3,False,True,M5,1202,703,0.58486,0.0263,1.3056,0.51067,0.042026,0.015726,319,0.061393,384,-0.0028525,2026,-0.056253,0.66667,-0.0070188,-0.040338,True,False,20:+0.067(3.0) 21:+0.003(37.0) 22:+0.040(139.0) 23:+0.098(140.0) 24:+0.092(124.0) 25:-0.040(133.0) 26:-0.056(127.0),2020-12-11,2026-10-08,0.01138,,,,,,,18.489,200.74,19.584,96.733,-1.0954,104.01,-4.9342
dt,AVGO,stock,True,us_cash,H1,60,k=0.5,0.5,False,True,M5,1202,298,0.24792,0.014594,0.72515,0.50336,0.024849,0.010255,130,0.04487,168,-0.0088346,2026,-0.076506,0.5,-0.011589,-0.037771,True,False,21:-0.042(20.0) 22:+0.031(50.0) 23:+0.085(60.0) 24:+0.077(56.0) 25:-0.028(57.0) 26:-0.077(55.0),2021-01-04,2026-10-06,0,,,,,,,4.3489,35.91,5.8331,18.346,-1.4842,17.564,-3.4534
dt,AVGO,stock,True,us_cash,H1,60,k=0.7,0.7,False,True,M5,1202,120,0.099834,0.048052,2.2375,0.53333,0.055719,0.007667,54,0.083008,66,0.019451,2026,-0.021412,0.8,-0.0096667,-0.067385,True,False,21:-0.009(8.0) 22:+0.081(20.0) 23:+0.113(26.0) 24:+0.029(28.0) 25:+0.040(21.0) 26:-0.021(17.0),2021-01-04,2026-10-06,0,,,,,,,5.7662,6.8629,4.4824,3.4313,1.2838,3.4316,-1.16
rb,AVGO,stock,True,us_cash,H1,60,RB,0,False,True,M5,1202,447,0.37188,-0.031047,-1.1403,0.46532,-0.01108,0.019967,197,0.0055158,250,-0.059858,2025,-0.10696,0.33333,-0.018907,-0.0067679,False,False,20:-0.705(4.0) 21:-0.030(25.0) 22:+0.015(80.0) 23:+0.040(88.0) 24:-0.011(87.0) 25:-0.107(88.0) 26:-0.061(75.0),2020-12-11,2026-10-08,,270,0.016691,176,-0.098718,1,-1.01,-13.878,148.22,1.0866,76.018,-14.965,72.203,-8.4516
dt,BA,stock,True,us_cash,M5,5,k=0.3,0.3,False,False,M5,1367,875,0.64009,-0.0055068,-0.26733,0.48229,0.009825,0.015332,451,0.014317,424,-0.026592,2026,-0.13952,0.42857,-0.01616,-0.026814,True,False,20:-0.018(25.0) 21:+0.034(128.0) 22:+0.066(148.0) 23:-0.048(150.0) 24:+0.103(140.0) 25:-0.044(146.0) 26:-0.140(138.0),2020-11-09,2026-10-02,0.0011429,,,,,,,-4.8184,324.53,6.4568,123.25,-11.275,201.28,-14.14
dt,BA,stock,True,us_cash,M5,5,k=0.5,0.5,False,False,M5,1367,381,0.27871,-0.003678,-0.16944,0.48819,0.0063692,0.010047,194,-0.011509,187,0.0044466,2020,-0.12773,0.28571,-0.0073528,-0.011028,True,False,20:-0.128(10.0) 21:-0.019(57.0) 22:+0.042(66.0) 23:-0.043(61.0) 24:+0.122(65.0) 25:-0.031(65.0) 26:-0.089(57.0),2020-11-09,2026-09-28,0,,,,,,,-1.4013,68.226,-2.2328,22.651,0.83152,45.575,-2.8014
dt,BA,stock,True,us_cash,M5,5,k=0.7,0.7,False,False,M5,1367,178,0.13021,-0.014119,-0.53889,0.42697,-0.0059018,0.0082175,79,-0.036482,99,0.0037258,2023,-0.073407,0.33333,-0.0090134,-0.0039074,False,False,20:-0.097(4.0) 21:-0.073(19.0) 22:+0.027(30.0) 23:-0.073(26.0) 24:+0.069(38.0) 25:-0.025(39.0) 26:-0.057(22.0),2020-11-09,2026-09-23,0,,,,,,,-2.5132,21.664,-2.8821,6.4527,0.36886,15.211,-1.6044
rb,BA,stock,True,us_cash,M5,5,RB,0,False,False,M5,1367,536,0.3921,0.015166,0.49922,0.48321,0.035167,0.020001,281,0.047322,255,-0.020269,2020,-0.12191,0.42857,-0.021354,-0.057875,True,False,20:-0.122(10.0) 21:+0.014(84.0) 22:+0.188(89.0) 23:-0.035(98.0) 24:+0.033(82.0) 25:-0.010(97.0) 26:-0.091(76.0),2020-11-09,2026-10-08,,294,-0.013328,242,0.049782,0,,8.1288,264.77,13.298,159.53,-5.1687,105.24,-11.446
dt,BA,stock,True,us_cash,M15,15,k=0.3,0.3,False,False,M5,1367,875,0.64009,-0.0060199,-0.29179,0.48343,0.0094288,0.015449,451,0.014527,424,-0.027875,2026,-0.14124,0.42857,-0.016248,-0.026475,True,False,20:-0.018(25.0) 21:+0.035(128.0) 22:+0.066(148.0) 23:-0.048(150.0) 24:+0.100(140.0) 25:-0.044(146.0) 26:-0.141(138.0),2020-11-09,2026-10-02,0.0068571,,,,,,,-5.2674,325.54,6.5515,123.23,-11.819,202.31,-14.217
dt,BA,stock,True,us_cash,M15,15,k=0.5,0.5,False,False,M5,1367,381,0.27871,-0.0036813,-0.16957,0.49081,0.0064289,0.01011,194,-0.011501,187,0.0044307,2020,-0.12773,0.28571,-0.0074157,-0.01115,True,False,20:-0.128(10.0) 21:-0.019(57.0) 22:+0.042(66.0) 23:-0.043(61.0) 24:+0.122(65.0) 25:-0.031(65.0) 26:-0.090(57.0),2020-11-09,2026-09-28,0,,,,,,,-1.4026,68.24,-2.2311,22.651,0.82854,45.588,-2.8254
dt,BA,stock,True,us_cash,M15,15,k=0.7,0.7,False,False,M5,1367,178,0.13021,-0.014031,-0.53551,0.42135,-0.0058193,0.0082113,79,-0.036361,99,0.003789,2023,-0.073335,0.33333,-0.0090018,-0.003973,False,False,20:-0.097(4.0) 21:-0.073(19.0) 22:+0.027(30.0) 23:-0.073(26.0) 24:+0.069(38.0) 25:-0.025(39.0) 26:-0.057(22.0),2020-11-09,2026-09-23,0,,,,,,,-2.4974,21.662,-2.8726,6.4468,0.37511,15.216,-1.6023
rb,BA,stock,True,us_cash,M15,15,RB,0,False,False,M5,1367,533,0.3899,0.0024045,0.079963,0.47655,0.022076,0.019672,280,0.038324,253,-0.037349,2020,-0.12191,0.42857,-0.017581,-0.037567,True,False,20:-0.122(10.0) 21:+0.027(83.0) 22:+0.158(89.0) 23:-0.044(98.0) 24:+0.031(81.0) 25:-0.065(97.0) 26:-0.075(75.0),2020-11-09,2026-10-08,,294,-0.026477,239,0.037932,0,,1.2816,256.4,10.731,151.24,-9.4493,105.16,-9.3708
dt,BA,stock,True,us_cash,M30,30,k=0.3,0.3,False,False,M5,1367,873,0.63862,-0.0044516,-0.21591,0.48454,0.011007,0.015458,450,0.016959,423,-0.027229,2026,-0.14083,0.42857,-0.016036,-0.02762,True,False,20:-0.018(25.0) 21:+0.035(128.0) 22:+0.066(148.0) 23:-0.042(149.0) 24:+0.100(140.0) 25:-0.042(145.0) 26:-0.141(138.0),2020-11-09,2026-10-02,0.013746,,,,,,,-3.8863,323.62,7.6316,122.21,-11.518,201.41,-13.999
dt,BA,stock,True,us_cash,M30,30,k=0.5,0.5,False,False,M5,1367,381,0.27871,-0.0037143,-0.17108,0.49081,0.0064358,0.01015,194,-0.011487,187,0.0043494,2020,-0.12773,0.28571,-0.0074557,-0.011197,True,False,20:-0.128(10.0) 21:-0.019(57.0) 22:+0.042(66.0) 23:-0.043(61.0) 24:+0.122(65.0) 25:-0.031(65.0) 26:-0.090(57.0),2020-11-09,2026-09-28,0,,,,,,,-1.4152,68.252,-2.2285,22.651,0.81333,45.601,-2.8406
dt,BA,stock,True,us_cash,M30,30,k=0.7,0.7,False,False,M5,1367,178,0.13021,-0.014059,-0.53666,0.42135,-0.0058193,0.0082393,79,-0.036361,99,0.0037386,2023,-0.073335,0.33333,-0.0090298,-0.0040011,False,False,20:-0.097(4.0) 21:-0.073(19.0) 22:+0.027(30.0) 23:-0.073(26.0) 24:+0.069(38.0) 25:-0.025(39.0) 26:-0.057(22.0),2020-11-09,2026-09-23,0,,,,,,,-2.5024,21.657,-2.8726,6.4468,0.37012,15.21,-1.6073
rb,BA,stock,True,us_cash,M30,30,RB,0,False,False,M5,1367,529,0.38698,-0.030499,-1.1522,0.46881,-0.010956,0.019543,276,0.0098538,253,-0.07452,2020,-0.1357,0.28571,-0.024603,-0.018707,False,False,20:-0.136(10.0) 21:+0.062(79.0) 22:+0.081(89.0) 23:-0.082(98.0) 24:-0.020(81.0) 25:-0.084(97.0) 26:-0.120(75.0),2020-11-09,2026-10-08,,294,-0.051843,235,-0.0037963,0,,-16.134,196.19,2.7197,93.834,-18.854,102.36,-13.015
dt,BA,stock,True,us_cash,H1,60,k=0.3,0.3,False,True,M5,1367,845,0.61814,-0.0044723,-0.21523,0.48876,0.010883,0.015355,438,0.0044205,407,-0.014042,2026,-0.16234,0.57143,-0.013267,-0.022061,True,False,20:+0.041(25.0) 21:+0.014(127.0) 22:+0.060(142.0) 23:-0.065(144.0) 24:+0.126(137.0) 25:-0.013(140.0) 26:-0.162(130.0),2020-11-09,2026-10-02,0.020118,,,,,,,-3.7791,307.95,1.9362,107.31,-5.7153,200.64,-11.21
dt,BA,stock,True,us_cash,H1,60,k=0.5,0.5,False,True,M5,1367,366,0.26774,-0.0049476,-0.22417,0.45628,0.0054765,0.010424,182,-0.020127,184,0.010067,2026,-0.10728,0.28571,-0.0053135,-0.0056794,True,False,20:-0.025(10.0) 21:-0.022(54.0) 22:+0.034(61.0) 23:-0.076(57.0) 24:+0.136(63.0) 25:-0.011(65.0) 26:-0.107(56.0),2020-11-09,2026-09-28,0.0027322,,,,,,,-1.8108,65.085,-3.6632,19.308,1.8523,45.777,-1.9448
dt,BA,stock,True,us_cash,H1,60,k=0.7,0.7,False,True,M5,1367,166,0.12143,-0.0093568,-0.33386,0.45783,-0.00087832,0.0084785,72,-0.048562,94,0.020673,2023,-0.0934,0.33333,-0.0079797,-0.0066026,False,False,20:-0.158(4.0) 21:-0.086(16.0) 22:+0.027(28.0) 23:-0.093(24.0) 24:+0.104(35.0) 25:-0.016(38.0) 26:-0.052(21.0),2020-11-09,2026-09-23,0,,,,,,,-1.5532,21.528,-3.4965,6.23,1.9432,15.298,-1.3246
rb,BA,stock,True,us_cash,H1,60,RB,0,False,True,M5,1367,497,0.36357,-0.057369,-2.2176,0.46278,-0.038324,0.019045,260,-0.04563,237,-0.070248,2023,-0.13628,0.14286,-0.024023,0.0093241,False,False,20:-0.119(10.0) 21:+0.031(76.0) 22:-0.007(83.0) 23:-0.136(91.0) 24:-0.041(75.0) 25:-0.055(92.0) 26:-0.121(70.0),2020-11-09,2026-10-08,,286,-0.064869,211,-0.047205,0,,-28.513,166.62,-11.864,78.01,-16.649,88.61,-11.939
dt,BABA,stock,False,us_cash,M5,5,k=0.3,0.3,False,False,M5,1285,645,0.50195,0.0074896,0.37684,0.46667,0.028189,0.0207,330,0.030801,315,-0.016932,2025,-0.034106,0.5,-0.023235,-0.05396,True,False,21:+0.071(60.0) 22:+0.022(133.0) 23:+0.022(137.0) 24:-0.002(110.0) 25:-0.034(114.0) 26:-0.013(91.0),2021-08-06,2026-10-08,0,,,,,,,4.8308,164.11,10.164,86.371,-5.3336,77.742,-14.987
dt,BABA,stock,False,us_cash,M5,5,k=0.5,0.5,False,False,M5,1285,266,0.207,-0.0062788,-0.29764,0.50376,0.007414,0.013693,131,0.030134,135,-0.041613,2025,-0.079007,0.5,-0.014453,-0.022628,True,False,21:+0.085(23.0) 22:+0.018(51.0) 23:+0.019(57.0) 24:-0.022(41.0) 25:-0.079(52.0) 26:-0.014(42.0),2021-09-01,2026-10-08,0,,,,,,,-1.6701,31.379,3.9476,15.642,-5.6177,15.737,-3.8446
dt,BABA,stock,False,us_cash,M5,5,k=0.7,0.7,False,False,M5,1285,125,0.097276,-0.02436,-1.077,0.448,-0.014698,0.0096625,67,-0.029429,58,-0.018506,2022,-0.066937,0.16667,-0.0090015,0.0063575,False,False,21:+0.048(11.0) 22:-0.067(26.0) 23:-0.025(30.0) 24:-0.015(19.0) 25:-0.021(20.0) 26:-0.019(19.0),2021-09-20,2026-10-05,0,,,,,,,-3.0451,8.0038,-1.9717,5.6329,-1.0733,2.3709,-1.1252
rb,BABA,stock,False,us_cash,M5,5,RB,0,False,False,M5,1285,614,0.47782,0.012188,0.51042,0.4658,0.040589,0.028401,256,0.036951,358,-0.0055198,2025,-0.054778,0.66667,-0.021942,-0.056072,True,False,21:+0.177(45.0) 22:+0.023(108.0) 23:-0.010(103.0) 24:+0.026(125.0) 25:-0.055(131.0) 26:+0.019(102.0),2021-08-03,2026-10-08,,402,-0.00042635,212,0.036108,0,,7.4834,214.69,9.4595,91.222,-1.9761,123.47,-13.472
dt,BABA,stock,False,us_cash,M15,15,k=0.3,0.3,False,False,M5,1285,645,0.50195,0.0069681,0.34972,0.46667,0.027742,0.020774,330,0.029704,315,-0.016851,2025,-0.03425,0.5,-0.023309,-0.053586,True,False,21:+0.071(60.0) 22:+0.022(133.0) 23:+0.019(137.0) 24:-0.002(110.0) 25:-0.034(114.0) 26:-0.013(91.0),2021-08-06,2026-10-08,0.0031008,,,,,,,4.4944,164.93,9.8025,87.176,-5.3081,77.755,-15.034
dt,BABA,stock,False,us_cash,M15,15,k=0.5,0.5,False,False,M5,1285,266,0.207,-0.0063926,-0.30309,0.50376,0.0074278,0.01382,131,0.030084,135,-0.041788,2025,-0.079021,0.5,-0.014581,-0.022769,True,False,21:+0.084(23.0) 22:+0.018(51.0) 23:+0.019(57.0) 24:-0.022(41.0) 25:-0.079(52.0) 26:-0.015(42.0),2021-09-01,2026-10-08,0,,,,,,,-1.7004,31.369,3.9409,15.636,-5.6414,15.733,-3.8785
dt,BABA,stock,False,us_cash,M15,15,k=0.7,0.7,False,False,M5,1285,125,0.097276,-0.024354,-1.077,0.448,-0.014698,0.0096561,67,-0.029355,58,-0.018577,2022,-0.066774,0.16667,-0.0089951,0.0063639,False,False,21:+0.048(11.0) 22:-0.067(26.0) 23:-0.025(30.0) 24:-0.015(19.0) 25:-0.022(20.0) 26:-0.019(19.0),2021-09-20,2026-10-05,0,,,,,,,-3.0443,8,-1.9668,5.6298,-1.0775,2.3702,-1.1244
rb,BABA,stock,False,us_cash,M15,15,RB,0,False,False,M5,1285,613,0.47704,-0.0032831,-0.14617,0.4633,0.024814,0.028097,255,0.02414,358,-0.022816,2025,-0.048854,0.33333,-0.026582,-0.049881,True,False,21:+0.121(45.0) 22:+0.023(107.0) 23:-0.017(103.0) 24:-0.002(125.0) 25:-0.049(131.0) 26:-0.015(102.0),2021-08-03,2026-10-08,,402,-0.014361,211,0.017823,0,,-2.0125,189.26,6.1557,77.85,-8.1682,111.41,-16.295
dt,BABA,stock,False,us_cash,M30,30,k=0.3,0.3,False,False,M5,1285,645,0.50195,0.0067312,0.33807,0.46512,0.027567,0.020836,330,0.030075,315,-0.017724,2025,-0.036516,0.5,-0.023371,-0.053472,True,False,21:+0.071(60.0) 22:+0.022(133.0) 23:+0.020(137.0) 24:-0.002(110.0) 25:-0.037(114.0) 26:-0.013(91.0),2021-08-06,2026-10-08,0.0046512,,,,,,,4.3416,164.7,9.9247,86.891,-5.5831,77.809,-15.074
dt,BABA,stock,False,us_cash,M30,30,k=0.5,0.5,False,False,M5,1285,266,0.207,-0.0064153,-0.30416,0.50376,0.0074278,0.013843,131,0.03005,135,-0.0418,2025,-0.079144,0.5,-0.014604,-0.022792,True,False,21:+0.084(23.0) 22:+0.018(51.0) 23:+0.019(57.0) 24:-0.022(41.0) 25:-0.079(52.0) 26:-0.015(42.0),2021-09-01,2026-10-08,0,,,,,,,-1.7065,31.37,3.9366,15.634,-5.643,15.735,-3.8846
dt,BABA,stock,False,us_cash,M30,30,k=0.7,0.7,False,False,M5,1285,125,0.097276,-0.024417,-1.0799,0.448,-0.014698,0.0097191,67,-0.029395,58,-0.018666,2022,-0.066771,0.16667,-0.0090581,0.0063009,False,False,21:+0.048(11.0) 22:-0.067(26.0) 23:-0.025(30.0) 24:-0.015(19.0) 25:-0.022(20.0) 26:-0.020(19.0),2021-09-20,2026-10-05,0,,,,,,,-3.0521,7.9994,-1.9695,5.6297,-1.0826,2.3697,-1.1323
rb,BABA,stock,False,us_cash,M30,30,RB,0,False,False,M5,1285,611,0.47549,-0.025575,-1.189,0.45827,0.0016903,0.027266,254,-0.0075844,357,-0.038375,2025,-0.072052,0.33333,-0.031388,-0.037201,True,False,21:+0.066(45.0) 22:-0.026(107.0) 23:-0.020(102.0) 24:+0.018(125.0) 25:-0.072(131.0) 26:-0.065(101.0),2021-08-03,2026-10-08,,402,-0.026079,209,-0.024607,0,,-15.626,172.83,-1.9264,67.328,-13.7,105.5,-19.178
dt,BABA,stock,False,us_cash,H1,60,k=0.3,0.3,False,True,M5,1285,629,0.48949,0.027838,1.3682,0.48967,0.048555,0.020718,327,0.040553,302,0.014069,2026,0.0067939,1,-0.021338,-0.070514,True,False,21:+0.078(59.0) 22:+0.012(133.0) 23:+0.053(135.0) 24:+0.028(105.0) 25:+0.007(109.0) 26:+0.007(88.0),2021-08-06,2026-10-08,0.012719,,,,,,,17.51,164.01,13.261,86.357,4.2488,77.65,-13.422
dt,BABA,stock,False,us_cash,H1,60,k=0.5,0.5,False,True,M5,1285,257,0.2,0.007333,0.33589,0.49027,0.021215,0.013882,127,0.039359,130,-0.023954,2025,-0.060813,0.66667,-0.013808,-0.034948,True,False,21:+0.091(22.0) 22:+0.013(49.0) 23:+0.042(56.0) 24:-0.006(39.0) 25:-0.061(51.0) 26:+0.005(40.0),2021-09-01,2026-10-08,0,,,,,,,1.8846,31.371,4.9986,15.843,-3.114,15.528,-3.5486
dt,BABA,stock,False,us_cash,H1,60,k=0.7,0.7,False,True,M5,1285,121,0.094163,-0.0071625,-0.30795,0.4876,0.0028204,0.0099829,63,-0.020178,58,0.0069754,2022,-0.081239,0.5,-0.0085665,-0.0099705,True,False,21:+0.054(11.0) 22:-0.081(22.0) 23:-0.003(30.0) 24:-0.000(19.0) 25:+0.007(20.0) 26:+0.014(19.0),2021-09-20,2026-10-05,0,,,,,,,-0.86667,7.861,-1.2712,5.6461,0.40458,2.2149,-1.0365
rb,BABA,stock,False,us_cash,H1,60,RB,0,False,True,M5,1285,588,0.45759,-0.020735,-0.97643,0.46429,0.0057544,0.02649,243,-0.011163,345,-0.027478,2026,-0.082252,0.33333,-0.029483,-0.03823,True,False,21:+0.085(45.0) 22:-0.038(100.0) 23:-0.028(98.0) 24:+0.028(122.0) 25:-0.040(127.0) 26:-0.082(96.0),2021-08-03,2026-10-08,,394,-0.01158,194,-0.03933,0,,-12.192,155.9,-2.7126,56.026,-9.4797,99.877,-17.336
dt,BAC,stock,False,us_cash,M5,5,k=0.3,0.3,False,False,M5,1288,876,0.68012,-0.057529,-3.0249,0.40525,0.011256,0.068785,412,-0.013849,464,-0.096314,2026,-0.13749,0.16667,-0.069557,-0.081585,True,False,21:-0.095(81.0) 22:-0.005(160.0) 23:+0.017(171.0) 24:-0.030(170.0) 25:-0.132(163.0) 26:-0.137(131.0),2021-08-03,2026-10-08,0,,,,,,,-50.396,280.15,-5.7059,135.16,-44.69,144.99,-60.932
dt,BAC,stock,False,us_cash,M5,5,k=0.5,0.5,False,False,M5,1288,391,0.30357,-0.041703,-2.2445,0.40153,0.0052609,0.046964,184,-0.012372,207,-0.067775,2021,-0.15249,0.33333,-0.046761,-0.051818,True,False,21:-0.152(39.0) 22:+0.024(68.0) 23:+0.027(77.0) 24:-0.023(77.0) 25:-0.098(78.0) 26:-0.089(52.0),2021-08-03,2026-10-08,0,,,,,,,-16.306,53.325,-2.2764,26.905,-14.029,26.42,-18.283
dt,BAC,stock,False,us_cash,M5,5,k=0.7,0.7,False,False,M5,1288,184,0.14286,-0.035082,-1.7057,0.375,-0.0007891,0.034293,93,-0.036136,91,-0.034006,2021,-0.13226,0,-0.034106,-0.03313,False,False,21:-0.132(13.0) 22:-0.002(35.0) 23:-0.035(45.0) 24:-0.012(41.0) 25:-0.072(30.0) 26:-0.024(20.0),2021-09-10,2026-09-22,0,,,,,,,-6.4551,14.471,-3.3606,9.0095,-3.0945,5.4615,-6.2755
rb,BAC,stock,False,us_cash,M5,5,RB,0,False,False,M5,1288,486,0.37733,-0.13574,-4.4172,0.37449,-0.032621,0.10312,206,-0.016471,280,-0.22349,2025,-0.31304,0.16667,-0.10738,-0.079024,False,False,21:-0.003(34.0) 22:+0.053(86.0) 23:-0.091(86.0) 24:-0.164(91.0) 25:-0.313(102.0) 26:-0.181(87.0),2021-07-30,2026-10-08,,261,-0.10826,225,-0.16762,0,,-65.969,231.53,-3.3929,80.497,-62.576,151.04,-52.187
dt,BAC,stock,False,us_cash,M15,15,k=0.3,0.3,False,False,M5,1288,876,0.68012,-0.057882,-3.0457,0.40525,0.011323,0.069205,412,-0.014299,464,-0.096581,2026,-0.13735,0.16667,-0.069951,-0.08202,True,False,21:-0.097(81.0) 22:-0.006(160.0) 23:+0.017(171.0) 24:-0.030(170.0) 25:-0.133(163.0) 26:-0.137(131.0),2021-08-03,2026-10-08,0,,,,,,,-50.705,279.78,-5.8912,134.91,-44.814,144.87,-61.277
dt,BAC,stock,False,us_cash,M15,15,k=0.5,0.5,False,False,M5,1288,391,0.30357,-0.041373,-2.2284,0.40409,0.0052898,0.046663,184,-0.012039,207,-0.067448,2021,-0.15187,0.33333,-0.04646,-0.051546,True,False,21:-0.152(39.0) 22:+0.024(68.0) 23:+0.027(77.0) 24:-0.022(77.0) 25:-0.097(78.0) 26:-0.089(52.0),2021-08-03,2026-10-08,0,,,,,,,-16.177,53.236,-2.2152,26.83,-13.962,26.406,-18.166
dt,BAC,stock,False,us_cash,M15,15,k=0.7,0.7,False,False,M5,1288,184,0.14286,-0.035088,-1.7077,0.375,-0.00075416,0.034333,93,-0.036118,91,-0.034035,2021,-0.13225,0,-0.034146,-0.033205,False,False,21:-0.132(13.0) 22:-0.002(35.0) 23:-0.035(45.0) 24:-0.012(41.0) 25:-0.072(30.0) 26:-0.024(20.0),2021-09-10,2026-09-22,0,,,,,,,-6.4561,14.442,-3.3589,8.9798,-3.0972,5.4625,-6.2829
rb,BAC,stock,False,us_cash,M15,15,RB,0,False,False,M5,1288,484,0.37578,-0.13909,-4.7835,0.38017,-0.038396,0.10069,206,-0.022098,278,-0.22578,2025,-0.32002,0.33333,-0.10621,-0.073323,False,False,21:+0.002(34.0) 22:+0.047(86.0) 23:-0.100(86.0) 24:-0.177(91.0) 25:-0.320(102.0) 26:-0.165(85.0),2021-07-30,2026-10-08,,261,-0.11103,223,-0.17193,0,,-67.318,207.01,-4.5521,74.926,-62.766,132.08,-51.403
dt,BAC,stock,False,us_cash,M30,30,k=0.3,0.3,False,False,M5,1288,875,0.67935,-0.057147,-3.0098,0.40571,0.012275,0.069421,411,-0.012119,464,-0.097032,2026,-0.13737,0.16667,-0.070157,-0.083167,True,False,21:-0.098(81.0) 22:-0.006(160.0) 23:+0.023(170.0) 24:-0.031(170.0) 25:-0.133(163.0) 26:-0.137(131.0),2021-08-03,2026-10-08,0.0034286,,,,,,,-50.004,278.56,-4.9809,133.81,-45.023,144.75,-61.387
dt,BAC,stock,False,us_cash,M30,30,k=0.5,0.5,False,False,M5,1288,391,0.30357,-0.041355,-2.2275,0.40409,0.0053132,0.046668,184,-0.011986,207,-0.06746,2021,-0.15162,0.33333,-0.046465,-0.051575,True,False,21:-0.152(39.0) 22:+0.024(68.0) 23:+0.027(77.0) 24:-0.022(77.0) 25:-0.098(78.0) 26:-0.089(52.0),2021-08-03,2026-10-08,0,,,,,,,-16.17,53.227,-2.2054,26.833,-13.964,26.394,-18.168
dt,BAC,stock,False,us_cash,M30,30,k=0.7,0.7,False,False,M5,1288,184,0.14286,-0.035104,-1.7085,0.375,-0.00075416,0.03435,93,-0.036156,91,-0.034029,2021,-0.13224,0,-0.034163,-0.033222,False,False,21:-0.132(13.0) 22:-0.002(35.0) 23:-0.035(45.0) 24:-0.012(41.0) 25:-0.072(30.0) 26:-0.024(20.0),2021-09-10,2026-09-22,0,,,,,,,-6.4591,14.442,-3.3625,8.9809,-3.0966,5.461,-6.286
rb,BAC,stock,False,us_cash,M30,30,RB,0,False,False,M5,1288,479,0.37189,-0.12544,-4.348,0.38831,-0.027567,0.097873,205,-0.020213,274,-0.20417,2025,-0.29645,0.16667,-0.099276,-0.073112,False,False,21:-0.074(34.0) 22:+0.039(86.0) 23:-0.059(85.0) 24:-0.151(90.0) 25:-0.296(100.0) 26:-0.151(84.0),2021-07-30,2026-10-08,,261,-0.11377,218,-0.13941,0,,-60.086,198.11,-4.1436,69.733,-55.942,128.37,-47.553
dt,BAC,stock,False,us_cash,H1,60,k=0.3,0.3,False,True,M5,1288,848,0.65839,-0.039091,-2.0429,0.41745,0.03072,0.06981,395,0.016517,453,-0.087578,2026,-0.13826,0.33333,-0.067585,-0.09608,True,False,21:-0.056(79.0) 22:+0.013(151.0) 23:+0.054(165.0) 24:-0.010(167.0) 25:-0.128(159.0) 26:-0.138(127.0),2021-08-03,2026-10-08,0.014151,,,,,,,-33.149,264.28,6.5243,127.48,-39.673,136.8,-57.312
dt,BAC,stock,False,us_cash,H1,60,k=0.5,0.5,False,True,M5,1288,371,0.28804,-0.027577,-1.4326,0.42049,0.018752,0.046329,177,0.015934,194,-0.067276,2025,-0.10505,0.33333,-0.045015,-0.062452,True,False,21:-0.091(39.0) 22:+0.037(64.0) 23:+0.054(74.0) 24:-0.016(76.0) 25:-0.105(71.0) 26:-0.092(47.0),2021-08-03,2026-10-08,0.0026954,,,,,,,-10.231,51.148,2.8203,24.522,-13.051,26.626,-16.7
dt,BAC,stock,False,us_cash,H1,60,k=0.7,0.7,False,True,M5,1288,174,0.13509,-0.021753,-1.0089,0.39655,0.011834,0.033587,91,-0.018181,83,-0.02567,2025,-0.071921,0.16667,-0.033127,-0.044501,True,False,21:-0.068(13.0) 22:-0.003(34.0) 23:-0.015(44.0) 24:+0.006(38.0) 25:-0.072(28.0) 26:-0.019(17.0),2021-09-10,2026-09-22,0,,,,,,,-3.785,14.075,-1.6544,8.1926,-2.1306,5.8829,-5.7641
rb,BAC,stock,False,us_cash,H1,60,RB,0,False,True,M5,1288,445,0.3455,-0.13271,-4.7421,0.38202,-0.038015,0.094695,188,-0.011668,257,-0.22125,2025,-0.29185,0.16667,-0.093227,-0.053745,False,False,21:-0.047(31.0) 22:+0.012(80.0) 23:-0.022(77.0) 24:-0.148(84.0) 25:-0.292(92.0) 26:-0.217(81.0),2021-08-06,2026-10-08,,248,-0.10273,195,-0.16121,2,-1.0707,-59.056,162.58,-2.1935,60.777,-56.862,101.8,-41.486
dt,CVX,stock,True,us_cash,M5,5,k=0.3,0.3,False,False,M5,1382,874,0.63242,-0.025886,-1.4112,0.4508,-0.002904,0.022982,462,-0.024336,412,-0.027624,2025,-0.10036,0.42857,-0.020995,-0.016105,False,False,20:+0.109(22.0) 21:-0.069(142.0) 22:+0.027(139.0) 23:-0.048(159.0) 24:+0.032(143.0) 25:-0.100(154.0) 26:-0.004(115.0),2020-11-06,2026-10-08,0.0022883,,,,,,,-22.624,257.3,-11.243,143.09,-11.381,114.22,-18.35
dt,CVX,stock,True,us_cash,M5,5,k=0.5,0.5,False,False,M5,1382,335,0.2424,0.020944,1.1216,0.48358,0.035487,0.014543,173,0.039126,162,0.001527,2025,-0.040124,0.71429,-0.018615,-0.058175,True,False,20:+0.176(10.0) 21:+0.008(49.0) 22:+0.044(55.0) 23:+0.037(59.0) 24:+0.041(58.0) 25:-0.040(50.0) 26:-0.002(54.0),2020-11-06,2026-10-07,0,,,,,,,7.0161,39.162,6.7688,20.654,0.24738,18.507,-6.2362
dt,CVX,stock,True,us_cash,M5,5,k=0.7,0.7,False,False,M5,1382,166,0.12012,-0.0078112,-0.38833,0.46386,0.0033022,0.011113,85,0.0096401,81,-0.026124,2025,-0.048774,0.33333,-0.012077,-0.016342,True,False,20:+0.063(7.0) 21:-0.036(22.0) 22:+0.002(30.0) 23:+0.043(26.0) 24:-0.015(33.0) 25:-0.049(22.0) 26:-0.021(26.0),2020-11-09,2026-10-07,0,,,,,,,-1.2967,11.092,0.81941,6.0098,-2.1161,5.0821,-2.0047
rb,CVX,stock,True,us_cash,M5,5,RB,0,False,False,M5,1382,565,0.40883,0.013373,0.43184,0.4531,0.043703,0.03033,302,0.01826,263,0.0077618,2026,-0.05645,0.57143,-0.0188,-0.050973,True,False,20:+0.191(14.0) 21:+0.114(88.0) 22:-0.044(100.0) 23:-0.028(100.0) 24:+0.053(93.0) 25:+0.024(83.0) 26:-0.056(87.0),2020-11-04,2026-10-05,,305,-0.028902,260,0.062965,0,,7.556,305.71,5.5146,143.23,2.0414,162.48,-10.622
dt,CVX,stock,True,us_cash,M15,15,k=0.3,0.3,False,False,M5,1382,874,0.63242,-0.027436,-1.5077,0.4508,-0.0044645,0.022972,462,-0.027573,412,-0.027283,2025,-0.10005,0.42857,-0.021421,-0.015406,False,False,20:+0.038(22.0) 21:-0.069(142.0) 22:+0.028(139.0) 23:-0.048(159.0) 24:+0.033(143.0) 25:-0.100(154.0) 26:-0.004(115.0),2020-11-06,2026-10-08,0.0022883,,,,,,,-23.979,253.32,-12.739,139.23,-11.241,114.09,-18.722
dt,CVX,stock,True,us_cash,M15,15,k=0.5,0.5,False,False,M5,1382,335,0.2424,0.020973,1.1229,0.48358,0.035589,0.014615,173,0.039315,162,0.0013864,2025,-0.040097,0.71429,-0.018688,-0.058348,True,False,20:+0.176(10.0) 21:+0.009(49.0) 22:+0.044(55.0) 23:+0.037(59.0) 24:+0.041(58.0) 25:-0.040(50.0) 26:-0.002(54.0),2020-11-06,2026-10-07,0,,,,,,,7.0261,39.185,6.8015,20.654,0.2246,18.531,-6.2603
dt,CVX,stock,True,us_cash,M15,15,k=0.7,0.7,False,False,M5,1382,166,0.12012,-0.0079157,-0.39351,0.45783,0.0033022,0.011218,85,0.0096401,81,-0.026339,2025,-0.048774,0.33333,-0.012181,-0.016447,True,False,20:+0.063(7.0) 21:-0.036(22.0) 22:+0.002(30.0) 23:+0.043(26.0) 24:-0.015(33.0) 25:-0.049(22.0) 26:-0.022(26.0),2020-11-09,2026-10-07,0,,,,,,,-1.314,11.093,0.81941,6.0098,-2.1334,5.0835,-2.0221
rb,CVX,stock,True,us_cash,M15,15,RB,0,False,False,M5,1382,564,0.4081,0.004738,0.15454,0.4539,0.034717,0.029979,302,0.0090684,262,-0.0002536,2026,-0.066302,0.57143,-0.020742,-0.046223,True,False,20:+0.191(14.0) 21:+0.087(88.0) 22:-0.046(100.0) 23:-0.030(100.0) 24:+0.053(93.0) 25:+0.009(82.0) 26:-0.066(87.0),2020-11-04,2026-10-05,,304,-0.029314,260,0.044553,0,,2.6722,298.5,2.7387,137.45,-0.066443,161.04,-11.699
dt,CVX,stock,True,us_cash,M30,30,k=0.3,0.3,False,False,M5,1382,874,0.63242,-0.027754,-1.5256,0.44966,-0.004799,0.022955,462,-0.027478,412,-0.028064,2025,-0.10145,0.42857,-0.021186,-0.014617,False,False,20:+0.039(22.0) 21:-0.069(142.0) 22:+0.028(139.0) 23:-0.048(159.0) 24:+0.032(143.0) 25:-0.101(154.0) 26:-0.004(115.0),2020-11-06,2026-10-08,0.0045767,,,,,,,-24.257,253.19,-12.695,139.27,-11.563,113.92,-18.516
dt,CVX,stock,True,us_cash,M30,30,k=0.5,0.5,False,False,M5,1382,335,0.2424,0.021058,1.1273,0.48358,0.03571,0.014652,173,0.039549,162,0.001311,2025,-0.040097,0.71429,-0.018724,-0.058506,True,False,20:+0.176(10.0) 21:+0.009(49.0) 22:+0.044(55.0) 23:+0.037(59.0) 24:+0.041(58.0) 25:-0.040(50.0) 26:-0.002(54.0),2020-11-06,2026-10-07,0,,,,,,,7.0544,39.188,6.842,20.644,0.21238,18.544,-6.2725
dt,CVX,stock,True,us_cash,M30,30,k=0.7,0.7,False,False,M5,1382,166,0.12012,-0.0079126,-0.39334,0.45783,0.0033022,0.011215,85,0.0096401,81,-0.026332,2025,-0.048774,0.33333,-0.012178,-0.016444,True,False,20:+0.063(7.0) 21:-0.036(22.0) 22:+0.002(30.0) 23:+0.043(26.0) 24:-0.015(33.0) 25:-0.049(22.0) 26:-0.022(26.0),2020-11-09,2026-10-07,0,,,,,,,-1.3135,11.094,0.81941,6.0098,-2.1329,5.0845,-2.0216
rb,CVX,stock,True,us_cash,M30,30,RB,0,False,False,M5,1382,557,0.40304,-0.0025929,-0.089513,0.45781,0.02676,0.029353,297,0.0024004,260,-0.0082967,2026,-0.057255,0.42857,-0.027171,-0.051749,True,False,20:+0.100(14.0) 21:+0.069(86.0) 22:-0.052(100.0) 23:-0.014(97.0) 24:+0.062(92.0) 25:-0.035(82.0) 26:-0.057(86.0),2020-11-04,2026-10-05,,304,-0.027716,253,0.027594,0,,-1.4442,259.85,0.71291,108.56,-2.1571,151.29,-15.134
dt,CVX,stock,True,us_cash,H1,60,k=0.3,0.3,False,True,M5,1382,834,0.60347,-0.023709,-1.2691,0.45204,-0.00060824,0.023101,443,-0.021568,391,-0.026135,2025,-0.082714,0.28571,-0.019236,-0.014763,False,False,20:-0.032(21.0) 21:-0.077(136.0) 22:+0.030(131.0) 23:-0.015(155.0) 24:+0.022(132.0) 25:-0.083(150.0) 26:-0.007(109.0),2020-11-06,2026-10-08,0.01199,,,,,,,-19.773,242.94,-9.5545,134.37,-10.219,108.56,-16.043
dt,CVX,stock,True,us_cash,H1,60,k=0.5,0.5,False,True,M5,1382,312,0.22576,0.031691,1.6219,0.49679,0.046645,0.014954,161,0.046965,151,0.015405,2026,-0.026829,0.71429,-0.016124,-0.063938,True,False,20:+0.100(10.0) 21:-0.009(46.0) 22:+0.076(51.0) 23:+0.058(54.0) 24:+0.064(52.0) 25:+0.010(46.0) 26:-0.027(53.0),2020-11-06,2026-10-07,0,,,,,,,9.8875,37.36,7.5614,20.182,2.3261,17.178,-5.0307
dt,CVX,stock,True,us_cash,H1,60,k=0.7,0.7,False,True,M5,1382,151,0.10926,0.0033925,0.15563,0.43709,0.014704,0.011312,78,0.015043,73,-0.0090556,2026,-0.047883,0.66667,-0.010813,-0.025018,True,False,20:-0.002(7.0) 21:-0.048(21.0) 22:+0.020(28.0) 23:+0.074(22.0) 24:+0.009(29.0) 25:+0.008(21.0) 26:-0.048(23.0),2020-11-09,2026-10-07,0,,,,,,,0.51226,10.765,1.1733,6.1258,-0.66106,4.6389,-1.6327
rb,CVX,stock,True,us_cash,H1,60,RB,0,False,True,M5,1382,512,0.37048,-0.016445,-0.65679,0.45508,0.011425,0.02787,283,-0.0056041,229,-0.029842,2026,-0.12239,0.57143,-0.025435,-0.034425,True,False,20:+0.059(13.0) 21:+0.029(85.0) 22:-0.053(94.0) 23:+0.002(91.0) 24:+0.093(76.0) 25:-0.057(74.0) 26:-0.122(79.0),2020-11-04,2026-10-05,,287,-0.0084875,225,-0.026595,0,,-8.4198,164.16,-1.586,85.114,-6.8338,79.046,-13.023
dt,DIS,stock,True,us_cash,M5,5,k=0.3,0.3,False,False,M5,1369,887,0.64792,0.00051948,0.023984,0.46787,0.03353,0.033011,443,0.028202,444,-0.0271,2026,-0.12287,0.57143,-0.020193,-0.040905,True,False,20:+0.007(22.0) 21:-0.046(147.0) 22:+0.025(138.0) 23:+0.115(136.0) 24:+0.114(147.0) 25:-0.075(161.0) 26:-0.123(136.0),2020-11-09,2026-10-08,0,,,,,,,0.46078,368.7,12.493,187.98,-12.033,180.72,-17.911
dt,DIS,stock,True,us_cash,M5,5,k=0.5,0.5,False,False,M5,1369,383,0.27977,0.043202,2.0273,0.48564,0.064559,0.021357,196,0.043824,187,0.04255,2021,-0.036224,0.57143,-0.015475,-0.074151,True,False,20:+0.082(11.0) 21:-0.036(67.0) 22:+0.041(57.0) 23:+0.127(61.0) 24:+0.161(64.0) 25:-0.012(79.0) 26:-0.032(44.0),2020-11-09,2026-10-08,0,,,,,,,16.546,67.158,8.5895,37.071,7.9568,30.087,-5.9268
dt,DIS,stock,True,us_cash,M5,5,k=0.7,0.7,False,False,M5,1369,185,0.13514,0.044269,1.8044,0.52973,0.060037,0.015768,96,0.02544,89,0.064578,2021,-0.067032,0.5,-0.014454,-0.073177,True,False,20:-0.012(8.0) 21:-0.067(31.0) 22:-0.019(26.0) 23:+0.165(31.0) 24:+0.153(36.0) 25:-0.013(34.0) 26:+0.035(19.0),2020-11-09,2026-10-08,0,,,,,,,8.1897,20.85,2.4423,12.841,5.7475,8.0092,-2.674
rb,DIS,stock,True,us_cash,M5,5,RB,0,False,False,M5,1369,506,0.36961,-0.041651,-1.3182,0.4585,0.00028001,0.041931,261,-0.062734,245,-0.019191,2020,-0.12013,0.14286,-0.041776,-0.041901,True,False,20:-0.120(15.0) 21:-0.055(71.0) 22:-0.070(85.0) 23:-0.053(90.0) 24:+0.064(77.0) 25:-0.087(86.0) 26:-0.026(82.0),2020-11-05,2026-10-07,,275,-0.0063264,231,-0.083704,0,,-21.075,255.99,-16.374,110.06,-4.7019,145.93,-21.139
dt,DIS,stock,True,us_cash,M15,15,k=0.3,0.3,False,False,M5,1369,887,0.64792,0.00078591,0.036288,0.469,0.033837,0.033051,443,0.028725,444,-0.027091,2026,-0.12313,0.57143,-0.020228,-0.041241,True,False,20:+0.007(22.0) 21:-0.045(147.0) 22:+0.025(138.0) 23:+0.115(136.0) 24:+0.114(147.0) 25:-0.075(161.0) 26:-0.123(136.0),2020-11-09,2026-10-08,0.0022548,,,,,,,0.6971,368.62,12.725,187.79,-12.028,180.83,-17.942
dt,DIS,stock,True,us_cash,M15,15,k=0.5,0.5,False,False,M5,1369,383,0.27977,0.043314,2.0325,0.48564,0.064656,0.021343,196,0.043991,187,0.042604,2021,-0.035736,0.57143,-0.015439,-0.074191,True,False,20:+0.082(11.0) 21:-0.036(67.0) 22:+0.041(57.0) 23:+0.127(61.0) 24:+0.161(64.0) 25:-0.012(79.0) 26:-0.032(44.0),2020-11-09,2026-10-08,0,,,,,,,16.589,67.163,8.6222,37.082,7.967,30.081,-5.9131
dt,DIS,stock,True,us_cash,M15,15,k=0.7,0.7,False,False,M5,1369,185,0.13514,0.04433,1.807,0.52973,0.060037,0.015707,96,0.02544,89,0.064706,2021,-0.067032,0.5,-0.014392,-0.073115,True,False,20:-0.012(8.0) 21:-0.067(31.0) 22:-0.019(26.0) 23:+0.165(31.0) 24:+0.153(36.0) 25:-0.013(34.0) 26:+0.036(19.0),2020-11-09,2026-10-08,0,,,,,,,8.2011,20.851,2.4423,12.841,5.7589,8.01,-2.6626
rb,DIS,stock,True,us_cash,M15,15,RB,0,False,False,M5,1369,505,0.36888,-0.051768,-1.6461,0.45545,-0.01012,0.041648,261,-0.087201,244,-0.013867,2020,-0.12013,0.14286,-0.042141,-0.032514,False,False,20:-0.120(15.0) 21:-0.089(71.0) 22:-0.071(85.0) 23:-0.096(90.0) 24:+0.065(77.0) 25:-0.096(86.0) 26:-0.001(81.0),2020-11-05,2026-10-07,,275,-0.010782,230,-0.10077,0,,-26.143,253.08,-22.759,108.54,-3.3835,144.54,-21.281
dt,DIS,stock,True,us_cash,M30,30,k=0.3,0.3,False,False,M5,1369,886,0.64719,0.00069011,0.03186,0.46953,0.033837,0.033147,442,0.029549,444,-0.028039,2026,-0.12465,0.57143,-0.020551,-0.041792,True,False,20:+0.007(22.0) 21:-0.045(147.0) 22:+0.025(138.0) 23:+0.119(135.0) 24:+0.113(147.0) 25:-0.075(161.0) 26:-0.125(136.0),2020-11-09,2026-10-08,0.0056433,,,,,,,0.61144,367.9,13.061,187.68,-12.449,180.22,-18.208
dt,DIS,stock,True,us_cash,M30,30,k=0.5,0.5,False,False,M5,1369,383,0.27977,0.043392,2.036,0.48564,0.064697,0.021305,196,0.044071,187,0.04268,2021,-0.035503,0.57143,-0.015402,-0.074195,True,False,20:+0.082(11.0) 21:-0.036(67.0) 22:+0.041(57.0) 23:+0.127(61.0) 24:+0.161(64.0) 25:-0.012(79.0) 26:-0.032(44.0),2020-11-09,2026-10-08,0,,,,,,,16.619,67.173,8.6379,37.074,7.9812,30.099,-5.8989
dt,DIS,stock,True,us_cash,M30,30,k=0.7,0.7,False,False,M5,1369,185,0.13514,0.044373,1.8088,0.52973,0.060096,0.015723,96,0.02544,89,0.064795,2021,-0.067032,0.5,-0.014409,-0.073191,True,False,20:-0.012(8.0) 21:-0.067(31.0) 22:-0.019(26.0) 23:+0.165(31.0) 24:+0.153(36.0) 25:-0.012(34.0) 26:+0.035(19.0),2020-11-09,2026-10-08,0,,,,,,,8.209,20.851,2.4423,12.841,5.7667,8.0093,-2.6657
rb,DIS,stock,True,us_cash,M30,30,RB,0,False,False,M5,1369,502,0.36669,-0.057743,-1.9072,0.44622,-0.016689,0.041054,259,-0.081457,243,-0.032468,2020,-0.12013,0.14286,-0.040887,-0.024032,False,False,20:-0.120(15.0) 21:-0.097(71.0) 22:-0.092(84.0) 23:-0.053(89.0) 24:+0.051(77.0) 25:-0.092(86.0) 26:-0.049(80.0),2020-11-05,2026-10-07,,275,-0.0063634,226,-0.11594,1,-1.0342,-28.987,232.21,-21.097,102.54,-7.8897,129.67,-20.525
dt,DIS,stock,True,us_cash,H1,60,k=0.3,0.3,False,True,M5,1369,849,0.62016,-0.012113,-0.56842,0.45701,0.021099,0.033212,428,0.020805,421,-0.045579,2026,-0.14238,0.57143,-0.024826,-0.037539,True,False,20:+0.023(21.0) 21:-0.038(142.0) 22:+0.011(133.0) 23:+0.094(132.0) 24:+0.085(139.0) 25:-0.084(155.0) 26:-0.142(127.0),2020-11-09,2026-10-08,0.022379,,,,,,,-10.284,327.07,8.9047,163.17,-19.189,163.9,-21.077
dt,DIS,stock,True,us_cash,H1,60,k=0.5,0.5,False,True,M5,1369,362,0.26443,0.031314,1.4772,0.48343,0.05301,0.021697,184,0.037932,178,0.024473,2026,-0.057475,0.57143,-0.016995,-0.065304,True,False,20:+0.087(11.0) 21:-0.027(64.0) 22:+0.024(53.0) 23:+0.115(56.0) 24:+0.142(58.0) 25:-0.018(76.0) 26:-0.057(44.0),2020-11-09,2026-10-08,0,,,,,,,11.336,59.074,6.9794,31.989,4.3561,27.085,-6.1522
dt,DIS,stock,True,us_cash,H1,60,k=0.7,0.7,False,True,M5,1369,168,0.12272,0.035052,1.3864,0.52976,0.050405,0.015353,91,0.014157,77,0.059745,2021,-0.066754,0.66667,-0.014274,-0.063599,True,False,20:-0.007(8.0) 21:-0.067(30.0) 22:-0.038(23.0) 23:+0.140(30.0) 24:+0.134(31.0) 25:+0.001(31.0) 26:+0.027(15.0),2020-11-09,2026-10-08,0,,,,,,,5.8887,18.14,1.2883,10.979,4.6004,7.1611,-2.398
rb,DIS,stock,True,us_cash,H1,60,RB,0,False,True,M5,1369,454,0.33163,-0.068133,-2.4593,0.44493,-0.029272,0.038861,234,-0.0608,220,-0.075932,2024,-0.10687,0,-0.037393,-0.0066534,False,False,20:-0.087(15.0) 21:-0.089(66.0) 22:-0.089(77.0) 23:-0.003(76.0) 24:-0.107(70.0) 25:-0.058(80.0) 26:-0.066(70.0),2020-11-05,2026-10-07,,255,-0.039527,199,-0.10479,0,,-30.932,159.95,-14.227,78.448,-16.705,81.502,-16.976
dt,GOOG,stock,False,us_cash,M5,5,k=0.3,0.3,False,False,M5,1288,823,0.63898,0.01231,0.62443,0.49818,0.027746,0.015435,412,0.022057,411,0.0025397,2021,-0.058658,0.5,-0.014214,-0.040737,True,False,21:-0.059(77.0) 22:+0.056(157.0) 23:+0.027(178.0) 24:-0.004(148.0) 25:-0.011(152.0) 26:+0.029(111.0),2021-08-09,2026-10-08,0.0012151,,,,,,,10.131,263.05,9.0874,142.46,1.0438,120.58,-11.698
dt,GOOG,stock,False,us_cash,M5,5,k=0.5,0.5,False,False,M5,1288,372,0.28882,-0.0065537,-0.33952,0.47043,0.0036462,0.0102,186,0.011998,186,-0.025105,2024,-0.037606,0.16667,-0.0083374,-0.010121,True,False,21:-0.030(36.0) 22:+0.095(60.0) 23:-0.027(90.0) 24:-0.038(70.0) 25:-0.029(64.0) 26:-0.003(52.0),2021-08-12,2026-10-08,0,,,,,,,-2.438,51.44,2.2316,26.606,-4.6695,24.834,-3.1015
dt,GOOG,stock,False,us_cash,M5,5,k=0.7,0.7,False,False,M5,1288,159,0.12345,-0.013718,-0.54999,0.42767,-0.0054557,0.0082626,75,0.024236,84,-0.047606,2021,-0.084193,0.5,-0.0080708,-0.0024232,False,False,21:-0.084(13.0) 22:+0.071(29.0) 23:+0.025(33.0) 24:-0.084(34.0) 25:+0.044(22.0) 26:-0.075(28.0),2021-08-16,2026-10-08,0,,,,,,,-2.1812,15.659,1.8177,6.6752,-3.9989,8.984,-1.2833
rb,GOOG,stock,False,us_cash,M5,5,RB,0,False,False,M5,1288,511,0.39674,-0.022398,-0.73909,0.4501,0.0013717,0.02377,190,-0.0055496,321,-0.032371,2025,-0.087605,0.33333,-0.023845,-0.025292,True,False,21:-0.087(32.0) 22:+0.103(79.0) 23:-0.081(79.0) 24:+0.013(112.0) 25:-0.088(118.0) 26:-0.016(91.0),2021-08-16,2026-09-30,,275,-0.022559,236,-0.022211,0,,-11.446,239.61,-1.0544,93.08,-10.391,146.53,-12.185
dt,GOOG,stock,False,us_cash,M15,15,k=0.3,0.3,False,False,M5,1288,821,0.63742,0.013389,0.67879,0.49695,0.02887,0.015481,412,0.021098,409,0.0056232,2021,-0.059542,0.5,-0.014381,-0.042151,True,False,21:-0.060(77.0) 22:+0.055(157.0) 23:+0.026(178.0) 24:-0.002(147.0) 25:-0.004(151.0) 26:+0.029(111.0),2021-08-09,2026-10-08,0.0073082,,,,,,,10.992,262.07,8.6924,142.64,2.2999,119.43,-11.807
dt,GOOG,stock,False,us_cash,M15,15,k=0.5,0.5,False,False,M5,1288,372,0.28882,-0.0065861,-0.34123,0.46774,0.0036542,0.01024,186,0.012024,186,-0.025196,2024,-0.037629,0.16667,-0.0083778,-0.01017,True,False,21:-0.030(36.0) 22:+0.095(60.0) 23:-0.027(90.0) 24:-0.038(70.0) 25:-0.029(64.0) 26:-0.003(52.0),2021-08-12,2026-10-08,0,,,,,,,-2.45,51.43,2.2365,26.606,-4.6865,24.824,-3.1166
dt,GOOG,stock,False,us_cash,M15,15,k=0.7,0.7,False,False,M5,1288,159,0.12345,-0.013706,-0.54946,0.42767,-0.0054557,0.0082503,75,0.024183,84,-0.047536,2021,-0.084193,0.5,-0.0080585,-0.0024109,False,False,21:-0.084(13.0) 22:+0.071(29.0) 23:+0.025(33.0) 24:-0.084(34.0) 25:+0.044(22.0) 26:-0.075(28.0),2021-08-16,2026-10-08,0,,,,,,,-2.1793,15.662,1.8137,6.6749,-3.993,8.9868,-1.2813
rb,GOOG,stock,False,us_cash,M15,15,RB,0,False,False,M5,1288,508,0.39441,-0.026348,-0.86137,0.44882,-0.0027271,0.023621,189,0.0040822,319,-0.044377,2025,-0.11162,0.16667,-0.024231,-0.022115,False,False,21:-0.087(32.0) 22:+0.107(79.0) 23:-0.063(78.0) 24:-0.008(112.0) 25:-0.112(118.0) 26:-0.001(89.0),2021-08-16,2026-09-30,,275,-0.036701,231,-0.0053721,2,-1.0255,-13.385,241.33,0.77154,98.207,-14.156,143.12,-12.309
dt,GOOG,stock,False,us_cash,M30,30,k=0.3,0.3,False,False,M5,1288,820,0.63665,0.014529,0.73748,0.49634,0.030084,0.015556,411,0.023502,409,0.0055119,2021,-0.049186,0.5,-0.013965,-0.042459,True,False,21:-0.049(76.0) 22:+0.055(157.0) 23:+0.026(178.0) 24:-0.002(147.0) 25:-0.004(151.0) 26:+0.029(111.0),2021-08-09,2026-10-08,0.010976,,,,,,,11.914,260.82,9.6592,141.38,2.2544,119.44,-11.451
dt,GOOG,stock,False,us_cash,M30,30,k=0.5,0.5,False,False,M5,1288,372,0.28882,-0.0066082,-0.34239,0.46774,0.0036542,0.010262,186,0.011996,186,-0.025213,2024,-0.037655,0.16667,-0.0083999,-0.010192,True,False,21:-0.030(36.0) 22:+0.095(60.0) 23:-0.027(90.0) 24:-0.038(70.0) 25:-0.029(64.0) 26:-0.003(52.0),2021-08-12,2026-10-08,0.0026882,,,,,,,-2.4583,51.427,2.2313,26.608,-4.6896,24.819,-3.1248
dt,GOOG,stock,False,us_cash,M30,30,k=0.7,0.7,False,False,M5,1288,159,0.12345,-0.013686,-0.54865,0.42767,-0.0054557,0.0082304,75,0.024174,84,-0.04749,2021,-0.084193,0.5,-0.0080386,-0.0023911,False,False,21:-0.084(13.0) 22:+0.071(29.0) 23:+0.025(33.0) 24:-0.084(34.0) 25:+0.044(22.0) 26:-0.075(28.0),2021-08-16,2026-10-08,0,,,,,,,-2.1761,15.662,1.813,6.6749,-3.9891,8.9873,-1.2781
rb,GOOG,stock,False,us_cash,M30,30,RB,0,False,False,M5,1288,508,0.39441,-0.038954,-1.3558,0.44882,-0.015555,0.023399,189,-0.022205,319,-0.048877,2021,-0.17084,0.16667,-0.028162,-0.017369,False,False,21:-0.171(32.0) 22:+0.088(79.0) 23:-0.073(78.0) 24:-0.018(112.0) 25:-0.108(118.0) 26:-0.009(89.0),2021-08-16,2026-09-30,,275,-0.044159,232,-0.028579,1,-1.0144,-19.789,213.39,-4.1968,80.385,-15.592,133,-14.306
dt,GOOG,stock,False,us_cash,H1,60,k=0.3,0.3,False,True,M5,1288,780,0.60559,0.012818,0.65932,0.50128,0.028297,0.015479,395,0.020066,385,0.0053805,2021,-0.025432,0.66667,-0.013952,-0.040722,True,False,21:-0.025(72.0) 22:+0.040(146.0) 23:+0.022(177.0) 24:+0.003(141.0) 25:-0.007(138.0) 26:+0.024(106.0),2021-08-09,2026-10-08,0.021795,,,,,,,9.9977,229.77,7.9263,126.17,2.0715,103.6,-10.883
dt,GOOG,stock,False,us_cash,H1,60,k=0.5,0.5,False,True,M5,1288,341,0.26475,-0.00054024,-0.028533,0.48387,0.0098132,0.010353,170,0.020195,171,-0.021154,2024,-0.029504,0.16667,-0.0089102,-0.01728,True,False,21:-0.011(31.0) 22:+0.078(55.0) 23:-0.006(84.0) 24:-0.030(65.0) 25:-0.028(58.0) 26:-0.001(48.0),2021-08-16,2026-10-08,0.0087977,,,,,,,-0.18422,41.565,3.4332,21.156,-3.6174,20.409,-3.0384
dt,GOOG,stock,False,us_cash,H1,60,k=0.7,0.7,False,True,M5,1288,148,0.11491,-0.0081921,-0.35576,0.43919,8.2821e-05,0.008275,68,0.038891,80,-0.048213,2026,-0.079369,0.5,-0.006792,-0.0053918,False,False,21:-0.061(13.0) 22:+0.080(23.0) 23:+0.050(32.0) 24:-0.079(32.0) 25:+0.039(21.0) 26:-0.079(27.0),2021-08-16,2026-10-08,0.0067568,,,,,,,-1.2124,11.546,2.6446,4.5349,-3.857,7.0111,-1.0052
rb,GOOG,stock,False,us_cash,H1,60,RB,0,False,True,M5,1288,464,0.36025,-0.070251,-2.73,0.42026,-0.047998,0.022253,172,-0.050592,292,-0.08183,2021,-0.17035,0.16667,-0.033678,0.0028945,False,False,21:-0.170(30.0) 22:+0.035(67.0) 23:-0.079(75.0) 24:-0.040(106.0) 25:-0.121(108.0) 26:-0.085(78.0),2021-08-16,2026-09-30,,255,-0.076483,206,-0.048373,3,-1.0428,-32.596,144.54,-8.7018,52.196,-23.894,92.348,-15.627
dt,INTC,stock,True,us_cash,M5,5,k=0.3,0.3,False,False,M5,1357,844,0.62196,-0.026786,-1.3587,0.46801,0.021724,0.04851,453,-0.029286,391,-0.02389,2021,-0.11205,0.16667,-0.049113,-0.07144,True,False,20:+0.793(6.0) 21:-0.112(159.0) 22:+0.004(138.0) 23:-0.005(150.0) 24:-0.004(140.0) 25:-0.047(136.0) 26:-0.021(115.0),2020-12-14,2026-10-08,0,,,,,,,-22.608,277.14,-13.267,159.41,-9.3408,117.72,-41.451
dt,INTC,stock,True,us_cash,M5,5,k=0.5,0.5,False,False,M5,1357,365,0.26898,-0.0096149,-0.49767,0.46301,0.024297,0.033912,191,-0.0057803,174,-0.013824,2025,-0.062852,0.33333,-0.036553,-0.06349,True,False,20:+0.963(3.0) 21:-0.055(69.0) 22:-0.017(62.0) 23:+0.014(57.0) 24:+0.063(58.0) 25:-0.063(68.0) 26:-0.037(48.0),2020-12-14,2026-10-02,0,,,,,,,-3.5094,49.625,-1.104,27.566,-2.4054,22.06,-13.342
dt,INTC,stock,True,us_cash,M5,5,k=0.7,0.7,False,False,M5,1357,165,0.12159,-0.018954,-0.82176,0.46667,0.0077671,0.026722,84,-0.023673,81,-0.014061,2021,-0.081869,0.16667,-0.025917,-0.03288,True,False,20:+1.039(2.0) 21:-0.082(33.0) 22:-0.040(25.0) 23:-0.015(24.0) 24:+0.031(31.0) 25:-0.043(31.0) 26:-0.040(19.0),2020-12-18,2026-10-02,0,,,,,,,-3.1275,14.456,-1.9885,8.8652,-1.1389,5.5909,-4.2763
rb,INTC,stock,True,us_cash,M5,5,RB,0,False,False,M5,1357,550,0.40531,0.0082343,0.27734,0.47091,0.078927,0.070693,265,0.038328,285,-0.019747,2021,-0.034927,0.16667,-0.055606,-0.11945,True,False,20:-0.273(8.0) 21:-0.035(87.0) 22:+0.194(83.0) 23:-0.008(87.0) 24:-0.005(87.0) 25:-0.033(105.0) 26:-0.019(93.0),2020-12-14,2026-10-08,,320,-0.021737,230,0.049933,0,,4.5289,266.21,10.157,134.33,-5.6279,131.87,-30.583
dt,INTC,stock,True,us_cash,M15,15,k=0.3,0.3,False,False,M5,1357,842,0.62049,-0.024614,-1.249,0.46912,0.023906,0.04852,451,-0.025336,391,-0.023781,2021,-0.10783,0.16667,-0.049113,-0.073613,True,False,20:+0.793(6.0) 21:-0.108(158.0) 22:+0.012(137.0) 23:-0.005(150.0) 24:-0.004(140.0) 25:-0.047(136.0) 26:-0.021(115.0),2020-12-14,2026-10-08,0.0035629,,,,,,,-20.725,275.52,-11.426,157.8,-9.2985,117.72,-41.354
dt,INTC,stock,True,us_cash,M15,15,k=0.5,0.5,False,False,M5,1357,365,0.26898,-0.0094764,-0.49065,0.46301,0.024406,0.033882,191,-0.0055731,174,-0.013761,2025,-0.062852,0.33333,-0.036523,-0.063569,True,False,20:+0.963(3.0) 21:-0.054(69.0) 22:-0.017(62.0) 23:+0.014(57.0) 24:+0.063(58.0) 25:-0.063(68.0) 26:-0.037(48.0),2020-12-14,2026-10-02,0,,,,,,,-3.4589,49.595,-1.0645,27.539,-2.3944,22.056,-13.331
dt,INTC,stock,True,us_cash,M15,15,k=0.7,0.7,False,False,M5,1357,165,0.12159,-0.018834,-0.81655,0.46667,0.0078886,0.026723,84,-0.023673,81,-0.013816,2021,-0.081869,0.16667,-0.025919,-0.033003,True,False,20:+1.039(2.0) 21:-0.082(33.0) 22:-0.040(25.0) 23:-0.015(24.0) 24:+0.031(31.0) 25:-0.043(31.0) 26:-0.040(19.0),2020-12-18,2026-10-02,0,,,,,,,-3.1076,14.455,-1.9885,8.8652,-1.1191,5.5897,-4.2766
rb,INTC,stock,True,us_cash,M15,15,RB,0,False,False,M5,1357,549,0.40457,-0.0003322,-0.01123,0.4663,0.069171,0.069503,265,0.036408,284,-0.034615,2026,-0.055145,0.16667,-0.055103,-0.10987,True,False,20:-0.273(8.0) 21:-0.045(87.0) 22:+0.197(83.0) 23:-0.007(87.0) 24:-0.016(87.0) 25:-0.032(104.0) 26:-0.055(93.0),2020-12-14,2026-10-08,,320,-0.022016,229,0.029968,0,,-0.18238,263.26,9.6482,133.3,-9.8306,129.96,-30.252
dt,INTC,stock,True,us_cash,M30,30,k=0.3,0.3,False,False,M5,1357,840,0.61901,-0.022229,-1.1313,0.47024,0.026077,0.048306,450,-0.023042,390,-0.02129,2021,-0.10783,0.16667,-0.049091,-0.075953,True,False,20:+0.793(6.0) 21:-0.108(158.0) 22:+0.020(136.0) 23:-0.005(150.0) 24:-0.005(140.0) 25:-0.038(135.0) 26:-0.022(115.0),2020-12-14,2026-10-08,0.011905,,,,,,,-18.672,272.52,-10.369,156.67,-8.3031,115.84,-41.236
dt,INTC,stock,True,us_cash,M30,30,k=0.5,0.5,False,False,M5,1357,365,0.26898,-0.0094522,-0.48929,0.46301,0.024438,0.033891,191,-0.0055731,174,-0.01371,2025,-0.062852,0.33333,-0.036531,-0.06361,True,False,20:+0.963(3.0) 21:-0.054(69.0) 22:-0.017(62.0) 23:+0.014(57.0) 24:+0.063(58.0) 25:-0.063(68.0) 26:-0.037(48.0),2020-12-14,2026-10-02,0,,,,,,,-3.4501,49.614,-1.0645,27.539,-2.3856,22.075,-13.334
dt,INTC,stock,True,us_cash,M30,30,k=0.7,0.7,False,False,M5,1357,165,0.12159,-0.018746,-0.81273,0.47273,0.0079778,0.026724,84,-0.023673,81,-0.013637,2021,-0.081869,0.16667,-0.02592,-0.033093,True,False,20:+1.039(2.0) 21:-0.082(33.0) 22:-0.040(25.0) 23:-0.015(24.0) 24:+0.032(31.0) 25:-0.043(31.0) 26:-0.040(19.0),2020-12-18,2026-10-02,0,,,,,,,-3.0932,14.455,-1.9885,8.8652,-1.1046,5.5898,-4.2768
rb,INTC,stock,True,us_cash,M30,30,RB,0,False,False,M5,1357,547,0.4031,0.0065523,0.22462,0.46618,0.074087,0.067535,265,0.04446,282,-0.029071,2026,-0.050914,0.33333,-0.050633,-0.10782,True,False,20:-0.273(8.0) 21:-0.042(87.0) 22:+0.208(83.0) 23:+0.004(87.0) 24:-0.009(87.0) 25:-0.027(103.0) 26:-0.051(92.0),2020-12-14,2026-10-08,,320,-0.027237,226,0.059771,1,-1.2083,3.5841,254.17,11.782,131.01,-8.1979,123.16,-27.696
dt,INTC,stock,True,us_cash,H1,60,k=0.3,0.3,False,True,M5,1357,808,0.59543,-0.035763,-1.8224,0.46411,0.012325,0.048088,429,-0.038968,379,-0.032135,2021,-0.12337,0,-0.051358,-0.066953,True,False,20:+0.981(6.0) 21:-0.123(150.0) 22:-0.021(128.0) 23:-0.010(145.0) 24:-0.022(137.0) 25:-0.052(128.0) 26:-0.022(114.0),2020-12-14,2026-10-08,0.019802,,,,,,,-28.897,252.14,-16.717,140.92,-12.179,111.22,-41.497
dt,INTC,stock,True,us_cash,H1,60,k=0.5,0.5,False,True,M5,1357,331,0.24392,-0.0063549,-0.31362,0.44411,0.028447,0.034802,169,-0.00066328,162,-0.012293,2025,-0.069887,0.33333,-0.035186,-0.064017,True,False,20:+1.114(3.0) 21:-0.049(60.0) 22:-0.023(52.0) 23:+0.013(54.0) 24:+0.070(54.0) 25:-0.070(61.0) 26:-0.032(47.0),2020-12-14,2026-10-02,0,,,,,,,-2.1035,44.863,-0.11209,23.844,-1.9914,21.018,-11.647
dt,INTC,stock,True,us_cash,H1,60,k=0.7,0.7,False,True,M5,1357,150,0.11054,-0.016513,-0.67465,0.46667,0.01044,0.026954,77,-0.026258,73,-0.0062349,2021,-0.087542,0.16667,-0.024716,-0.03292,True,False,20:+1.123(2.0) 21:-0.088(30.0) 22:-0.052(21.0) 23:-0.023(24.0) 24:+0.054(30.0) 25:-0.054(27.0) 26:-0.039(16.0),2020-12-18,2026-10-02,0,,,,,,,-2.477,13.431,-2.0218,8.0319,-0.45515,5.3993,-3.7075
rb,INTC,stock,True,us_cash,H1,60,RB,0,False,True,M5,1357,508,0.37436,-0.023265,-0.81531,0.45276,0.042138,0.065403,244,0.0008598,264,-0.045563,2021,-0.11493,0.16667,-0.052635,-0.082005,True,False,20:-0.195(8.0) 21:-0.115(84.0) 22:+0.191(74.0) 23:-0.034(78.0) 24:-0.057(82.0) 25:-0.051(96.0) 26:-0.029(86.0),2020-12-14,2026-10-08,,302,-0.040781,206,0.0024129,0,,-11.819,209.99,0.20979,96.47,-12.029,113.52,-26.739
dt,JNJ,stock,True,us_cash,M5,5,k=0.3,0.3,False,False,M5,1369,918,0.67056,-0.048969,-2.5885,0.4281,-0.022378,0.026591,472,-0.034072,446,-0.064734,2025,-0.1077,0.14286,-0.028969,-0.0089695,False,False,20:+0.029(16.0) 21:-0.079(141.0) 22:-0.015(170.0) 23:-0.020(145.0) 24:-0.013(161.0) 25:-0.108(156.0) 26:-0.077(129.0),2020-11-06,2026-10-08,0.0010893,,,,,,,-44.953,303.46,-16.082,167.91,-28.872,135.55,-26.594
dt,JNJ,stock,True,us_cash,M5,5,k=0.5,0.5,False,False,M5,1369,392,0.28634,-0.015076,-0.8115,0.46429,0.0020529,0.017129,215,-0.017586,177,-0.012028,2025,-0.04222,0.33333,-0.018189,-0.021301,True,False,20:+0.089(8.0) 21:-0.024(58.0) 22:-0.039(86.0) 23:+0.004(63.0) 24:-0.016(71.0) 25:-0.042(63.0) 26:+0.038(43.0),2020-11-06,2026-10-08,0,,,,,,,-5.9099,52.992,-3.781,33.12,-2.1289,19.872,-7.13
dt,JNJ,stock,True,us_cash,M5,5,k=0.7,0.7,False,False,M5,1369,185,0.13514,-0.021184,-1.013,0.44324,-0.0074896,0.013694,105,-0.019253,80,-0.023718,2022,-0.0756,0.33333,-0.015464,-0.0097443,False,False,20:+0.066(4.0) 21:-0.007(29.0) 22:-0.076(41.0) 23:+0.033(31.0) 24:-0.037(27.0) 25:-0.038(30.0) 26:+0.011(23.0),2020-11-06,2026-09-23,0,,,,,,,-3.919,14.97,-2.0216,9.1489,-1.8974,5.8214,-2.8609
rb,JNJ,stock,True,us_cash,M5,5,RB,0,False,False,M5,1369,516,0.37692,-0.049541,-1.8127,0.46124,-0.012521,0.037021,265,-0.0054833,251,-0.096056,2026,-0.1666,0.57143,-0.047835,-0.046129,False,False,20:+0.060(16.0) 21:+0.035(73.0) 22:-0.063(81.0) 23:+0.001(95.0) 24:+0.039(78.0) 25:-0.149(92.0) 26:-0.167(81.0),2020-10-23,2026-10-08,,270,-0.032935,246,-0.067768,0,,-25.563,199.76,-1.4531,110.13,-24.11,89.624,-24.683
dt,JNJ,stock,True,us_cash,M15,15,k=0.3,0.3,False,False,M5,1369,917,0.66983,-0.047817,-2.5277,0.42857,-0.021125,0.026692,471,-0.031768,446,-0.064764,2025,-0.1075,0.14286,-0.029043,-0.01027,False,False,20:+0.029(16.0) 21:-0.078(141.0) 22:-0.014(170.0) 23:-0.014(144.0) 24:-0.013(161.0) 25:-0.107(156.0) 26:-0.078(129.0),2020-11-06,2026-10-08,0.0032715,,,,,,,-43.848,302.68,-14.963,167.15,-28.885,135.52,-26.633
dt,JNJ,stock,True,us_cash,M15,15,k=0.5,0.5,False,False,M5,1369,392,0.28634,-0.015035,-0.80925,0.46429,0.0021341,0.017169,215,-0.017454,177,-0.012096,2025,-0.042168,0.33333,-0.018228,-0.021422,True,False,20:+0.089(8.0) 21:-0.023(58.0) 22:-0.039(86.0) 23:+0.004(63.0) 24:-0.016(71.0) 25:-0.042(63.0) 26:+0.038(43.0),2020-11-06,2026-10-08,0,,,,,,,-5.8935,52.991,-3.7525,33.113,-2.141,19.878,-7.1455
dt,JNJ,stock,True,us_cash,M15,15,k=0.7,0.7,False,False,M5,1369,185,0.13514,-0.021126,-1.0102,0.44324,-0.0074066,0.01372,105,-0.019127,80,-0.023751,2022,-0.075394,0.33333,-0.01549,-0.0098528,False,False,20:+0.066(4.0) 21:-0.007(29.0) 22:-0.075(41.0) 23:+0.033(31.0) 24:-0.037(27.0) 25:-0.038(30.0) 26:+0.011(23.0),2020-11-06,2026-09-23,0,,,,,,,-3.9084,14.971,-2.0083,9.1453,-1.9001,5.8259,-2.8656
rb,JNJ,stock,True,us_cash,M15,15,RB,0,False,False,M5,1369,513,0.37473,-0.064419,-2.4326,0.45809,-0.027604,0.036815,264,-0.024997,249,-0.10622,2025,-0.17425,0.42857,-0.049219,-0.034018,False,False,20:+0.060(16.0) 21:+0.051(72.0) 22:-0.063(81.0) 23:-0.065(95.0) 24:+0.026(77.0) 25:-0.174(92.0) 26:-0.155(80.0),2020-10-23,2026-10-08,,269,-0.046963,243,-0.079554,1,-1.0825,-33.047,186.33,-6.5993,100.18,-26.448,86.151,-25.249
dt,JNJ,stock,True,us_cash,M30,30,k=0.3,0.3,False,False,M5,1369,916,0.6691,-0.047996,-2.5384,0.42686,-0.02133,0.026666,471,-0.034119,445,-0.062683,2025,-0.10727,0.14286,-0.029467,-0.010939,False,False,20:+0.029(16.0) 21:-0.079(141.0) 22:-0.014(170.0) 23:-0.021(144.0) 24:-0.014(161.0) 25:-0.107(156.0) 26:-0.070(128.0),2020-11-06,2026-10-08,0.0076419,,,,,,,-43.964,301.76,-16.07,167.72,-27.894,134.03,-26.992
dt,JNJ,stock,True,us_cash,M30,30,k=0.5,0.5,False,False,M5,1369,392,0.28634,-0.014999,-0.80727,0.46429,0.0021692,0.017168,215,-0.017454,177,-0.012018,2025,-0.04195,0.33333,-0.018228,-0.021457,True,False,20:+0.089(8.0) 21:-0.023(58.0) 22:-0.039(86.0) 23:+0.004(63.0) 24:-0.016(71.0) 25:-0.042(63.0) 26:+0.038(43.0),2020-11-06,2026-10-08,0,,,,,,,-5.8796,53,-3.7525,33.113,-2.1271,19.887,-7.1454
dt,JNJ,stock,True,us_cash,M30,30,k=0.7,0.7,False,False,M5,1369,185,0.13514,-0.021099,-1.0088,0.44324,-0.0073908,0.013708,105,-0.019127,80,-0.023687,2022,-0.075394,0.33333,-0.015478,-0.0098567,False,False,20:+0.066(4.0) 21:-0.007(29.0) 22:-0.075(41.0) 23:+0.033(31.0) 24:-0.037(27.0) 25:-0.038(30.0) 26:+0.011(23.0),2020-11-06,2026-09-23,0,,,,,,,-3.9033,14.972,-2.0083,9.1453,-1.895,5.8265,-2.8634
rb,JNJ,stock,True,us_cash,M30,30,RB,0,False,False,M5,1369,507,0.37034,-0.073865,-2.8801,0.44773,-0.038093,0.035773,261,-0.026517,246,-0.1241,2025,-0.16288,0.14286,-0.05258,-0.031295,False,False,20:-0.119(16.0) 21:+0.051(72.0) 22:-0.044(79.0) 23:-0.055(94.0) 24:-0.045(77.0) 25:-0.163(91.0) 26:-0.157(78.0),2020-10-23,2026-10-08,,269,-0.056527,237,-0.089166,1,-1.1115,-37.45,171.51,-6.921,98.72,-30.529,72.789,-26.658
dt,JNJ,stock,True,us_cash,H1,60,k=0.3,0.3,False,True,M5,1369,867,0.63331,-0.05303,-2.9087,0.43022,-0.025918,0.027111,442,-0.036927,425,-0.069776,2025,-0.092884,0.14286,-0.03103,-0.0090313,False,False,20:+0.073(14.0) 21:-0.068(133.0) 22:-0.039(157.0) 23:-0.016(138.0) 24:-0.038(154.0) 25:-0.093(150.0) 26:-0.082(121.0),2020-11-06,2026-10-08,0.016148,,,,,,,-45.977,251.99,-16.322,139.5,-29.655,112.49,-26.903
dt,JNJ,stock,True,us_cash,H1,60,k=0.5,0.5,False,True,M5,1369,354,0.25858,-0.02844,-1.5077,0.43503,-0.010592,0.017848,190,-0.019869,164,-0.03837,2024,-0.062229,0.33333,-0.019346,-0.010253,False,False,20:+0.021(8.0) 21:-0.027(51.0) 22:-0.047(74.0) 23:+0.016(57.0) 24:-0.062(61.0) 25:-0.043(62.0) 26:+0.003(41.0),2020-11-06,2026-10-08,0.0056497,,,,,,,-10.068,44.749,-3.7751,26.647,-6.2927,18.102,-6.8486
dt,JNJ,stock,True,us_cash,H1,60,k=0.7,0.7,False,True,M5,1369,158,0.11541,-0.024754,-1.1538,0.41772,-0.010847,0.013907,88,-0.003732,70,-0.051182,2024,-0.078147,0.16667,-0.017208,-0.0096611,False,False,20:+0.004(4.0) 21:-0.018(25.0) 22:-0.038(32.0) 23:+0.049(27.0) 24:-0.078(25.0) 25:-0.056(24.0) 26:-0.014(21.0),2020-11-06,2026-09-23,0,,,,,,,-3.9111,11.514,-0.32842,6.0067,-3.5827,5.5076,-2.7188
rb,JNJ,stock,True,us_cash,H1,60,RB,0,False,True,M5,1369,466,0.34039,-0.079672,-3.2412,0.43133,-0.044892,0.03478,240,-0.041771,226,-0.11992,2025,-0.1492,0.28571,-0.046906,-0.014141,False,False,20:+0.050(15.0) 21:+0.056(66.0) 22:-0.082(73.0) 23:-0.098(86.0) 24:-0.054(69.0) 25:-0.149(83.0) 26:-0.148(74.0),2020-10-23,2026-10-08,,247,-0.079035,218,-0.075664,1,-1.1107,-37.127,133.89,-10.025,75.887,-27.102,58.002,-21.858
dt,JPM,stock,True,us_cash,M5,5,k=0.3,0.3,False,False,M5,1372,929,0.67711,-0.053429,-2.8362,0.45318,-0.034701,0.018728,474,-0.035961,455,-0.071627,2025,-0.14279,0.14286,-0.024668,0.0040922,False,False,20:+0.086(20.0) 21:-0.064(146.0) 22:-0.031(149.0) 23:-0.030(159.0) 24:-0.007(151.0) 25:-0.143(166.0) 26:-0.056(138.0),2020-11-06,2026-10-08,0,,,,,,,-49.636,308.6,-17.045,140.64,-32.59,167.96,-22.917
dt,JPM,stock,True,us_cash,M5,5,k=0.5,0.5,False,False,M5,1372,400,0.29155,-0.044629,-2.2876,0.435,-0.032531,0.012098,210,-0.043571,190,-0.045798,2021,-0.0943,0,-0.010809,0.023011,False,False,20:-0.051(10.0) 21:-0.094(62.0) 22:-0.032(64.0) 23:-0.010(74.0) 24:-0.029(69.0) 25:-0.073(65.0) 26:-0.035(56.0),2020-11-09,2026-10-08,0,,,,,,,-17.852,61.542,-9.1499,28.223,-8.7017,33.319,-4.3237
dt,JPM,stock,True,us_cash,M5,5,k=0.7,0.7,False,False,M5,1372,182,0.13265,-0.053155,-2.2084,0.3956,-0.043824,0.0093306,92,-0.051682,90,-0.054661,2025,-0.099779,0,-0.0094173,0.03432,False,False,20:-0.183(7.0) 21:-0.069(21.0) 22:-0.067(29.0) 23:-0.002(35.0) 24:-0.042(33.0) 25:-0.100(31.0) 26:-0.017(26.0),2020-11-09,2026-10-08,0,,,,,,,-9.6742,19.599,-4.7547,8.3834,-4.9195,11.216,-1.7139
rb,JPM,stock,True,us_cash,M5,5,RB,0,False,False,M5,1372,507,0.36953,0.0051711,0.15368,0.4142,0.029213,0.024042,259,0.0033933,248,0.0070277,2024,-0.075257,0.57143,-0.020238,-0.045647,True,False,20:+0.002(18.0) 21:-0.009(80.0) 22:-0.019(86.0) 23:+0.042(75.0) 24:-0.075(82.0) 25:+0.048(86.0) 26:+0.048(80.0),2020-11-03,2026-10-07,,266,-0.032762,241,0.047039,0,,2.6218,290.46,0.87887,104.5,1.7429,185.96,-10.261
dt,JPM,stock,True,us_cash,M15,15,k=0.3,0.3,False,False,M5,1372,927,0.67566,-0.05148,-2.735,0.45415,-0.032724,0.018756,472,-0.031944,455,-0.071747,2025,-0.14272,0.14286,-0.024114,0.0032534,False,False,20:+0.087(20.0) 21:-0.063(146.0) 22:-0.031(149.0) 23:-0.019(157.0) 24:-0.007(151.0) 25:-0.143(166.0) 26:-0.057(138.0),2020-11-06,2026-10-08,0.004315,,,,,,,-47.722,306.58,-15.077,138.73,-32.645,167.85,-22.353
dt,JPM,stock,True,us_cash,M15,15,k=0.5,0.5,False,False,M5,1372,400,0.29155,-0.044529,-2.2828,0.435,-0.032443,0.012086,210,-0.043571,190,-0.045588,2021,-0.0943,0,-0.010797,0.022936,False,False,20:-0.051(10.0) 21:-0.094(62.0) 22:-0.032(64.0) 23:-0.010(74.0) 24:-0.029(69.0) 25:-0.072(65.0) 26:-0.035(56.0),2020-11-09,2026-10-08,0,,,,,,,-17.812,61.521,-9.1499,28.223,-8.6616,33.298,-4.3187
dt,JPM,stock,True,us_cash,M15,15,k=0.7,0.7,False,False,M5,1372,182,0.13265,-0.052855,-2.1934,0.3956,-0.043484,0.0093711,92,-0.051008,90,-0.054743,2025,-0.099779,0,-0.0094577,0.033939,False,False,20:-0.183(7.0) 21:-0.069(21.0) 22:-0.065(29.0) 23:-0.002(35.0) 24:-0.042(33.0) 25:-0.100(31.0) 26:-0.017(26.0),2020-11-09,2026-10-08,0,,,,,,,-9.6196,19.637,-4.6927,8.4154,-4.9268,11.222,-1.7213
rb,JPM,stock,True,us_cash,M15,15,RB,0,False,False,M5,1372,506,0.3688,-0.010778,-0.33866,0.41107,0.012827,0.023606,259,-0.018473,247,-0.0027099,2024,-0.074873,0.57143,-0.027137,-0.043496,True,False,20:+0.002(18.0) 21:-0.041(80.0) 22:-0.021(86.0) 23:+0.003(75.0) 24:-0.075(82.0) 25:+0.041(85.0) 26:+0.025(80.0),2020-11-03,2026-10-07,,266,-0.03279,240,0.013618,0,,-5.4538,258.89,-4.7845,84.013,-0.66936,174.87,-13.731
dt,JPM,stock,True,us_cash,M30,30,k=0.3,0.3,False,False,M5,1372,926,0.67493,-0.051065,-2.7133,0.45464,-0.032281,0.018784,472,-0.03214,454,-0.070741,2025,-0.14507,0.14286,-0.023817,0.0034304,False,False,20:+0.087(20.0) 21:-0.062(146.0) 22:-0.031(149.0) 23:-0.020(157.0) 24:-0.000(150.0) 25:-0.145(166.0) 26:-0.058(138.0),2020-11-06,2026-10-08,0.011879,,,,,,,-47.286,305.81,-15.17,138.8,-32.116,167.01,-22.055
dt,JPM,stock,True,us_cash,M30,30,k=0.5,0.5,False,False,M5,1372,400,0.29155,-0.044534,-2.283,0.435,-0.032443,0.012091,210,-0.043571,190,-0.045599,2021,-0.0943,0,-0.010802,0.02293,False,False,20:-0.051(10.0) 21:-0.094(62.0) 22:-0.032(64.0) 23:-0.010(74.0) 24:-0.029(69.0) 25:-0.072(65.0) 26:-0.035(56.0),2020-11-09,2026-10-08,0,,,,,,,-17.814,61.523,-9.1499,28.223,-8.6638,33.3,-4.3209
dt,JPM,stock,True,us_cash,M30,30,k=0.7,0.7,False,False,M5,1372,182,0.13265,-0.052875,-2.1944,0.3956,-0.043484,0.0093914,92,-0.051008,90,-0.054784,2025,-0.099779,0,-0.009478,0.033919,False,False,20:-0.183(7.0) 21:-0.069(21.0) 22:-0.065(29.0) 23:-0.002(35.0) 24:-0.042(33.0) 25:-0.100(31.0) 26:-0.017(26.0),2020-11-09,2026-10-08,0,,,,,,,-9.6233,19.635,-4.6927,8.4154,-4.9305,11.22,-1.725
rb,JPM,stock,True,us_cash,M30,30,RB,0,False,False,M5,1372,504,0.36735,-0.031991,-1.0026,0.39881,-0.0090117,0.022979,259,-0.043932,245,-0.019368,2024,-0.089573,0.28571,-0.021531,-0.011072,False,False,20:+0.002(18.0) 21:-0.064(80.0) 22:-0.039(86.0) 23:-0.039(75.0) 24:-0.090(82.0) 25:+0.035(84.0) 26:-0.004(79.0),2020-11-03,2026-10-07,,265,-0.039608,238,-0.01919,1,-1.0601,-16.124,258.61,-11.378,86.298,-4.7451,172.31,-10.852
dt,JPM,stock,True,us_cash,H1,60,k=0.3,0.3,False,True,M5,1372,888,0.64723,-0.047449,-2.5447,0.43018,-0.028769,0.01868,452,-0.018874,436,-0.077072,2025,-0.17131,0.28571,-0.024177,-0.00090574,False,False,20:+0.120(19.0) 21:-0.041(143.0) 22:-0.040(142.0) 23:+0.005(148.0) 24:-0.006(148.0) 25:-0.171(160.0) 26:-0.041(128.0),2020-11-06,2026-10-08,0.023649,,,,,,,-42.135,275.85,-8.5312,129.63,-33.603,146.23,-21.469
dt,JPM,stock,True,us_cash,H1,60,k=0.5,0.5,False,True,M5,1372,368,0.26822,-0.040455,-2.0124,0.46196,-0.028226,0.012229,193,-0.034706,175,-0.046795,2025,-0.097289,0.16667,-0.011854,0.016746,False,False,20:-0.021(9.0) 21:-0.089(58.0) 22:-0.039(56.0) 23:+0.011(70.0) 24:-0.021(62.0) 25:-0.097(59.0) 26:-0.021(54.0),2020-11-09,2026-10-08,0,,,,,,,-14.887,55.179,-6.6982,27.642,-8.1892,27.538,-4.3624
dt,JPM,stock,True,us_cash,H1,60,k=0.7,0.7,False,True,M5,1372,164,0.11953,-0.043234,-1.7513,0.40854,-0.033714,0.0095203,82,-0.033774,82,-0.052694,2025,-0.12751,0.33333,-0.0096251,0.023984,False,False,20:-0.183(6.0) 21:-0.037(20.0) 22:-0.064(24.0) 23:+0.019(32.0) 24:-0.022(30.0) 25:-0.128(29.0) 26:+0.001(23.0),2020-11-09,2026-10-08,0,,,,,,,-7.0904,16.598,-2.7695,7.6527,-4.3209,8.9448,-1.5785
rb,JPM,stock,True,us_cash,H1,60,RB,0,False,True,M5,1372,472,0.34402,-0.059944,-1.9962,0.40042,-0.037421,0.022523,241,-0.049783,231,-0.070544,2024,-0.14559,0,-0.018501,0.022942,False,False,20:-0.062(17.0) 21:-0.095(75.0) 22:-0.032(79.0) 23:-0.018(70.0) 24:-0.146(73.0) 25:-0.007(81.0) 26:-0.067(77.0),2020-11-03,2026-10-07,,253,-0.065791,219,-0.053189,0,,-28.293,202.15,-11.998,62.889,-16.296,139.26,-8.7323
dt,KO,stock,True,us_cash,M5,5,k=0.3,0.3,False,False,M5,1373,943,0.68682,-0.063999,-3.2969,0.42948,0.0050098,0.069009,493,-0.030839,450,-0.10033,2025,-0.14381,0.14286,-0.063997,-0.063995,False,False,20:-0.095(23.0) 21:+0.003(140.0) 22:-0.018(166.0) 23:-0.063(164.0) 24:-0.051(164.0) 25:-0.144(149.0) 26:-0.112(137.0),2020-11-09,2026-10-08,0.0010604,,,,,,,-60.351,338.61,-15.204,193.63,-45.148,144.97,-60.349
dt,KO,stock,True,us_cash,M5,5,k=0.5,0.5,False,False,M5,1373,428,0.31173,-0.030883,-1.7072,0.41822,0.014054,0.044937,227,0.00048632,201,-0.06631,2025,-0.086786,0.16667,-0.047811,-0.064739,True,False,20:-0.013(9.0) 21:-0.009(68.0) 22:+0.019(78.0) 23:-0.009(72.0) 24:-0.056(70.0) 25:-0.087(71.0) 26:-0.054(60.0),2020-11-09,2026-10-08,0,,,,,,,-13.218,60.216,0.11039,35.145,-13.328,25.071,-20.463
dt,KO,stock,True,us_cash,M5,5,k=0.7,0.7,False,False,M5,1373,194,0.1413,-0.0083881,-0.44073,0.4433,0.027079,0.035467,104,0.029656,90,-0.05235,2025,-0.093896,0.33333,-0.035253,-0.062118,True,False,20:+0.001(3.0) 21:+0.031(27.0) 22:+0.064(38.0) 23:-0.005(36.0) 24:-0.005(32.0) 25:-0.094(34.0) 26:-0.057(24.0),2020-11-09,2026-10-08,0,,,,,,,-1.6273,13.576,3.0842,7.5907,-4.7115,5.9857,-6.8391
rb,KO,stock,True,us_cash,M5,5,RB,0,False,False,M5,1373,482,0.35106,-0.048033,-1.3788,0.43568,0.041303,0.089336,263,0.030654,219,-0.14253,2025,-0.25465,0.42857,-0.077113,-0.10619,True,False,20:-0.226(11.0) 21:-0.049(82.0) 22:+0.160(84.0) 23:+0.013(86.0) 24:+0.011(82.0) 25:-0.255(67.0) 26:-0.215(70.0),2020-11-03,2026-10-08,,234,-0.056209,248,-0.040318,0,,-23.152,282.48,8.0619,156.48,-31.214,126,-37.168
dt,KO,stock,True,us_cash,M15,15,k=0.3,0.3,False,False,M5,1373,942,0.68609,-0.064075,-3.305,0.42887,0.0049944,0.069069,492,-0.030996,450,-0.10024,2025,-0.14361,0.14286,-0.064196,-0.064316,True,False,20:-0.095(23.0) 21:+0.002(139.0) 22:-0.017(166.0) 23:-0.064(164.0) 24:-0.051(164.0) 25:-0.144(149.0) 26:-0.112(137.0),2020-11-09,2026-10-08,0.0042463,,,,,,,-60.358,337.04,-15.25,192.18,-45.108,144.86,-60.472
dt,KO,stock,True,us_cash,M15,15,k=0.5,0.5,False,False,M5,1373,428,0.31173,-0.030668,-1.6957,0.41822,0.014269,0.044937,227,0.00089159,201,-0.06631,2025,-0.086786,0.16667,-0.047811,-0.064954,True,False,20:-0.013(9.0) 21:-0.008(68.0) 22:+0.019(78.0) 23:-0.008(72.0) 24:-0.056(70.0) 25:-0.087(71.0) 26:-0.054(60.0),2020-11-09,2026-10-08,0,,,,,,,-13.126,60.183,0.20239,35.112,-13.328,25.071,-20.463
dt,KO,stock,True,us_cash,M15,15,k=0.7,0.7,False,False,M5,1373,194,0.1413,-0.0082031,-0.43097,0.4433,0.027264,0.035467,104,0.029984,90,-0.052331,2025,-0.093846,0.33333,-0.035253,-0.062303,True,False,20:+0.001(3.0) 21:+0.031(27.0) 22:+0.064(38.0) 23:-0.005(36.0) 24:-0.005(32.0) 25:-0.094(34.0) 26:-0.057(24.0),2020-11-09,2026-10-08,0,,,,,,,-1.5914,13.578,3.1184,7.5924,-4.7098,5.9855,-6.8391
rb,KO,stock,True,us_cash,M15,15,RB,0,False,False,M5,1373,479,0.34887,-0.058,-1.7141,0.43215,0.03076,0.08876,261,0.013924,218,-0.14411,2025,-0.24824,0.28571,-0.078957,-0.099913,True,False,20:-0.226(11.0) 21:-0.083(81.0) 22:+0.135(84.0) 23:+0.017(85.0) 24:-0.000(82.0) 25:-0.248(66.0) 26:-0.214(70.0),2020-11-03,2026-10-08,,233,-0.052347,244,-0.053151,2,-1.3081,-27.782,263.77,3.6342,140.5,-31.416,123.27,-37.82
dt,KO,stock,True,us_cash,M30,30,k=0.3,0.3,False,False,M5,1373,941,0.68536,-0.065061,-3.3555,0.42933,0.0040325,0.069094,491,-0.032837,450,-0.10022,2025,-0.14361,0,-0.064475,-0.063888,False,False,20:-0.111(22.0) 21:-0.000(139.0) 22:-0.018(166.0) 23:-0.065(164.0) 24:-0.051(164.0) 25:-0.144(149.0) 26:-0.112(137.0),2020-11-09,2026-10-08,0.0095643,,,,,,,-61.222,336.52,-16.123,191.72,-45.099,144.8,-60.671
dt,KO,stock,True,us_cash,M30,30,k=0.5,0.5,False,False,M5,1373,428,0.31173,-0.0306,-1.6916,0.41822,0.014338,0.044937,227,0.0010201,201,-0.06631,2025,-0.086786,0.16667,-0.047811,-0.065022,True,False,20:-0.013(9.0) 21:-0.008(68.0) 22:+0.019(78.0) 23:-0.008(72.0) 24:-0.056(70.0) 25:-0.087(71.0) 26:-0.054(60.0),2020-11-09,2026-10-08,0,,,,,,,-13.097,60.202,0.23156,35.132,-13.328,25.071,-20.463
dt,KO,stock,True,us_cash,M30,30,k=0.7,0.7,False,False,M5,1373,194,0.1413,-0.0081308,-0.42707,0.4433,0.027336,0.035467,104,0.030119,90,-0.052331,2025,-0.093846,0.33333,-0.035253,-0.062376,True,False,20:+0.001(3.0) 21:+0.032(27.0) 22:+0.064(38.0) 23:-0.005(36.0) 24:-0.005(32.0) 25:-0.094(34.0) 26:-0.057(24.0),2020-11-09,2026-10-08,0,,,,,,,-1.5774,13.585,3.1324,7.5992,-4.7098,5.9855,-6.8391
rb,KO,stock,True,us_cash,M30,30,RB,0,False,False,M5,1373,477,0.34741,-0.073547,-2.1917,0.42348,0.014042,0.087588,260,-0.019833,217,-0.1379,2020,-0.42804,0.28571,-0.077423,-0.081299,True,False,20:-0.428(11.0) 21:-0.076(80.0) 22:+0.066(84.0) 23:+0.001(85.0) 24:-0.025(82.0) 25:-0.217(66.0) 26:-0.197(69.0),2020-11-03,2026-10-08,,233,-0.055831,241,-0.074791,3,-1.3495,-35.082,258.26,-5.1565,142.13,-29.925,116.12,-36.931
dt,KO,stock,True,us_cash,H1,60,k=0.3,0.3,False,True,M5,1373,888,0.64676,-0.056777,-3.0499,0.44369,0.012289,0.069066,466,-0.02485,422,-0.092033,2025,-0.12277,0.14286,-0.066926,-0.077074,True,False,20:-0.074(21.0) 21:+0.009(131.0) 22:-0.026(157.0) 23:-0.046(157.0) 24:-0.053(156.0) 25:-0.123(134.0) 26:-0.107(132.0),2020-11-09,2026-10-08,0.011261,,,,,,,-50.418,275.83,-11.58,153.37,-38.838,122.45,-59.43
dt,KO,stock,True,us_cash,H1,60,k=0.5,0.5,False,True,M5,1373,388,0.28259,-0.030147,-1.7183,0.44845,0.015418,0.045565,203,-0.0059479,185,-0.056701,2025,-0.08503,0.16667,-0.049606,-0.069064,True,False,20:-0.038(8.0) 21:-0.015(64.0) 22:-0.011(71.0) 23:+0.014(60.0) 24:-0.030(64.0) 25:-0.085(66.0) 26:-0.054(55.0),2020-11-09,2026-10-08,0,,,,,,,-11.697,46.572,-1.2074,27.545,-10.49,19.027,-19.247
dt,KO,stock,True,us_cash,H1,60,k=0.7,0.7,False,True,M5,1373,171,0.12454,-0.013151,-0.7256,0.40351,0.022733,0.035884,89,0.022822,82,-0.052195,2025,-0.11581,0.66667,-0.035884,-0.058617,True,False,20:-0.216(2.0) 21:+0.031(24.0) 22:+0.039(33.0) 23:+0.015(30.0) 24:+0.024(28.0) 25:-0.116(32.0) 26:-0.057(22.0),2020-11-09,2026-10-08,0,,,,,,,-2.2488,9.5787,2.0312,5.0186,-4.28,4.5601,-6.1362
rb,KO,stock,True,us_cash,H1,60,RB,0,False,True,M5,1373,428,0.31173,-0.091365,-2.8408,0.41589,-0.0062566,0.085108,235,-0.045286,193,-0.14747,2026,-0.23217,0.14286,-0.074352,-0.05734,False,False,20:-0.151(11.0) 21:-0.058(71.0) 22:+0.060(76.0) 23:-0.123(77.0) 24:-0.022(71.0) 25:-0.208(59.0) 26:-0.232(63.0),2020-11-03,2026-10-08,,214,-0.096974,212,-0.073624,2,-1.3716,-39.104,192.6,-10.642,99.94,-28.462,92.664,-31.823
dt,MCD,stock,False,us_cash,M5,5,k=0.3,0.3,False,False,M5,640,458,0.71562,-0.041917,-1.4891,0.43668,-0.013562,0.028355,0,,458,-0.041917,2025,-0.047885,0,-0.024534,-0.0071517,False,False,24:-0.031(142.0) 25:-0.048(175.0) 26:-0.046(141.0),2024-03-19,2026-10-08,0,,,,,,,-19.198,166.66,0,0,-19.198,166.66,-11.237
dt,MCD,stock,False,us_cash,M5,5,k=0.5,0.5,False,False,M5,640,191,0.29844,0.0084947,0.29551,0.5445,0.02643,0.017935,0,,191,0.0084947,2025,-0.013343,0.66667,-0.020066,-0.048627,True,False,24:+0.015(57.0) 25:-0.013(77.0) 26:+0.031(57.0),2024-04-04,2026-10-08,0,,,,,,,1.6225,30.001,0,0,1.6225,30.001,-3.8326
dt,MCD,stock,False,us_cash,M5,5,k=0.7,0.7,False,False,M5,640,83,0.12969,0.051863,1.8118,0.55422,0.064883,0.01302,0,,83,0.051863,2025,0.029317,1,-0.013216,-0.078295,True,False,24:+0.072(26.0) 25:+0.029(32.0) 26:+0.060(25.0),2024-04-17,2026-10-08,0,,,,,,,4.3046,5.8003,0,0,4.3046,5.8003,-1.0969
rb,MCD,stock,False,us_cash,M5,5,RB,0,False,False,M5,640,229,0.35781,0.027785,0.60025,0.52402,0.068524,0.040739,0,,229,0.027785,2025,-0.037468,0.66667,-0.038889,-0.10556,True,False,24:+0.129(65.0) 25:-0.037(87.0) 26:+0.016(77.0),2024-03-13,2026-10-08,,114,0.055814,115,-2.9357e-07,0,,6.3627,112.05,0,0,6.3627,112.05,-8.9057
dt,MCD,stock,False,us_cash,M15,15,k=0.3,0.3,False,False,M5,640,457,0.71406,-0.039949,-1.4199,0.43764,-0.011288,0.028662,0,,457,-0.039949,2025,-0.047849,0,-0.024818,-0.0096865,False,False,24:-0.024(141.0) 25:-0.048(175.0) 26:-0.047(141.0),2024-03-19,2026-10-08,0.0021882,,,,,,,-18.257,165.69,0,0,-18.257,165.69,-11.342
dt,MCD,stock,False,us_cash,M15,15,k=0.5,0.5,False,False,M5,640,191,0.29844,0.0085176,0.29656,0.5445,0.026567,0.01805,0,,191,0.0085176,2025,-0.013001,0.66667,-0.020181,-0.048879,True,False,24:+0.015(57.0) 25:-0.013(77.0) 26:+0.031(57.0),2024-04-04,2026-10-08,0,,,,,,,1.6269,29.95,0,0,1.6269,29.95,-3.8545
dt,MCD,stock,False,us_cash,M15,15,k=0.7,0.7,False,False,M5,640,83,0.12969,0.051578,1.8031,0.56627,0.064883,0.013304,0,,83,0.051578,2025,0.029317,1,-0.013501,-0.07858,True,False,24:+0.072(26.0) 25:+0.029(32.0) 26:+0.059(25.0),2024-04-17,2026-10-08,0,,,,,,,4.281,5.79,0,0,4.281,5.79,-1.1206
rb,MCD,stock,False,us_cash,M15,15,RB,0,False,False,M5,640,229,0.35781,0.017049,0.36859,0.51965,0.057081,0.040032,0,,229,0.017049,2025,-0.035133,0.66667,-0.037303,-0.091655,True,False,24:+0.089(65.0) 25:-0.035(87.0) 26:+0.016(77.0),2024-03-13,2026-10-08,,114,0.053751,115,-0.019333,0,,3.9042,111.78,0,0,3.9042,111.78,-8.5424
dt,MCD,stock,False,us_cash,M30,30,k=0.3,0.3,False,False,M5,640,456,0.7125,-0.03922,-1.3997,0.4386,-0.01064,0.02858,0,,456,-0.03922,2025,-0.047525,0,-0.027023,-0.014825,False,False,24:-0.029(141.0) 25:-0.048(175.0) 26:-0.039(140.0),2024-03-19,2026-10-08,0.0065789,,,,,,,-17.884,163.6,0,0,-17.884,163.6,-12.322
dt,MCD,stock,False,us_cash,M30,30,k=0.5,0.5,False,False,M5,640,191,0.29844,0.0084951,0.29575,0.5445,0.026567,0.018072,0,,191,0.0084951,2025,-0.013001,0.66667,-0.020203,-0.048902,True,False,24:+0.015(57.0) 25:-0.013(77.0) 26:+0.031(57.0),2024-04-04,2026-10-08,0,,,,,,,1.6226,29.954,0,0,1.6226,29.954,-3.8588
dt,MCD,stock,False,us_cash,M30,30,k=0.7,0.7,False,False,M5,640,83,0.12969,0.051452,1.7987,0.56627,0.064883,0.013431,0,,83,0.051452,2025,0.029317,1,-0.013627,-0.078706,True,False,24:+0.072(26.0) 25:+0.029(32.0) 26:+0.058(25.0),2024-04-17,2026-10-08,0,,,,,,,4.2705,5.7886,0,0,4.2705,5.7886,-1.1311
rb,MCD,stock,False,us_cash,M30,30,RB,0,False,False,M5,640,228,0.35625,-0.00045343,-0.0098526,0.50439,0.038146,0.038599,0,,228,-0.00045343,2025,-0.054301,0.33333,-0.034948,-0.069442,True,False,24:+0.112(65.0) 25:-0.054(86.0) 26:-0.035(77.0),2024-03-13,2026-10-08,,114,0.039232,114,-0.040138,0,,-0.10338,109.62,0,0,-0.10338,109.62,-7.9681
dt,MCD,stock,False,us_cash,H1,60,k=0.3,0.3,False,True,M5,640,438,0.68437,-0.046135,-1.6949,0.40868,-0.017714,0.028421,0,,438,-0.046135,2025,-0.070199,0,-0.029367,-0.012598,False,False,24:-0.024(137.0) 25:-0.070(169.0) 26:-0.038(132.0),2024-03-19,2026-10-08,0.011416,,,,,,,-20.207,142.74,0,0,-20.207,142.74,-12.863
dt,MCD,stock,False,us_cash,H1,60,k=0.5,0.5,False,True,M5,640,181,0.28281,0.0023682,0.084593,0.51934,0.020408,0.01804,0,,181,0.0023682,2025,-0.031852,0.66667,-0.020098,-0.042563,True,False,24:+0.031(55.0) 25:-0.032(74.0) 26:+0.021(52.0),2024-04-04,2026-10-08,0,,,,,,,0.42865,25.536,0,0,0.42865,25.536,-3.6377
dt,MCD,stock,False,us_cash,H1,60,k=0.7,0.7,False,True,M5,640,73,0.11406,0.038201,1.2129,0.53425,0.052266,0.014065,0,,73,0.038201,2025,0.0048148,1,-0.013348,-0.064896,True,False,24:+0.080(21.0) 25:+0.005(29.0) 26:+0.042(23.0),2024-04-17,2026-10-08,0,,,,,,,2.7887,5.3203,0,0,2.7887,5.3203,-0.97437
rb,MCD,stock,False,us_cash,H1,60,RB,0,False,True,M5,640,200,0.3125,-0.037805,-0.83863,0.475,-0.00066426,0.037141,0,,200,-0.037805,2026,-0.10666,0.33333,-0.040833,-0.04386,True,False,24:+0.062(57.0) 25:-0.051(75.0) 26:-0.107(68.0),2024-03-13,2026-10-08,,103,0.0036422,97,-0.081817,0,,-7.5611,81.168,0,0,-7.5611,81.168,-8.1665
dt,META,stock,False,us_cash,M5,5,k=0.3,0.3,False,False,M5,1282,862,0.67239,8.0272e-05,0.0042194,0.48144,0.0094224,0.0093422,405,0.05755,457,-0.050851,2025,-0.075306,0.5,-0.011168,-0.022415,True,False,21:+0.014(74.0) 22:+0.069(153.0) 23:+0.065(178.0) 24:-0.027(169.0) 25:-0.075(173.0) 26:-0.049(115.0),2021-08-11,2026-10-08,0,,,,,,,0.069195,268.62,23.308,127.44,-23.239,141.18,-9.6265
dt,META,stock,False,us_cash,M5,5,k=0.5,0.5,False,False,M5,1282,369,0.28783,0.0077318,0.41144,0.49864,0.013733,0.0060013,182,0.046998,187,-0.030485,2025,-0.052161,0.33333,-0.0067087,-0.021149,True,False,21:-0.008(38.0) 22:+0.076(61.0) 23:+0.051(83.0) 24:-0.027(82.0) 25:-0.052(63.0) 26:-0.004(42.0),2021-08-11,2026-10-07,0,,,,,,,2.853,47.976,8.5536,21.218,-5.7006,26.758,-2.4755
dt,META,stock,False,us_cash,M5,5,k=0.7,0.7,False,False,M5,1282,179,0.13963,-0.0094781,-0.4542,0.48603,-0.0051354,0.0043427,94,-0.0035153,85,-0.016072,2021,-0.041551,0.33333,-0.0071771,-0.0048762,False,False,21:-0.042(21.0) 22:+0.085(27.0) 23:-0.038(46.0) 24:+0.012(36.0) 25:-0.032(24.0) 26:-0.041(25.0),2021-08-16,2026-09-21,0,,,,,,,-1.6966,13.891,-0.33044,6.7596,-1.3661,7.1312,-1.2847
rb,META,stock,False,us_cash,M5,5,RB,0,False,False,M5,1282,495,0.38612,-0.033993,-1.2076,0.45455,-0.020862,0.013131,205,-0.033496,290,-0.034344,2021,-0.22788,0.33333,-0.016401,0.0011902,False,False,21:-0.228(39.0) 22:+0.024(90.0) 23:-0.001(76.0) 24:-0.025(100.0) 25:-0.075(113.0) 26:+0.013(77.0),2021-08-04,2026-10-08,,272,-0.044611,223,-0.021042,0,,-16.827,194.34,-6.8668,90.608,-9.9598,103.73,-8.1187
dt,META,stock,False,us_cash,M15,15,k=0.3,0.3,False,False,M5,1282,862,0.67239,-0.0017901,-0.094009,0.48144,0.0078619,0.009652,405,0.055979,457,-0.052986,2025,-0.076405,0.5,-0.010338,-0.018886,True,False,21:+0.013(74.0) 22:+0.069(153.0) 23:+0.062(178.0) 24:-0.031(169.0) 25:-0.076(173.0) 26:-0.050(115.0),2021-08-11,2026-10-08,0.0058005,,,,,,,-1.5431,269.1,22.671,128.42,-24.214,140.68,-8.9114
dt,META,stock,False,us_cash,M15,15,k=0.5,0.5,False,False,M5,1282,369,0.28783,0.0077784,0.41387,0.50136,0.013845,0.0060665,182,0.047203,187,-0.030593,2025,-0.052232,0.33333,-0.0067739,-0.021326,True,False,21:-0.007(38.0) 22:+0.076(61.0) 23:+0.051(83.0) 24:-0.027(82.0) 25:-0.052(63.0) 26:-0.004(42.0),2021-08-11,2026-10-07,0,,,,,,,2.8702,47.987,8.591,21.215,-5.7208,26.772,-2.4996
dt,META,stock,False,us_cash,M15,15,k=0.7,0.7,False,False,M5,1282,179,0.13963,-0.0095597,-0.45822,0.48603,-0.0051354,0.0044243,94,-0.0035342,85,-0.016223,2021,-0.041551,0.33333,-0.0072587,-0.0049578,False,False,21:-0.042(21.0) 22:+0.085(27.0) 23:-0.038(46.0) 24:+0.012(36.0) 25:-0.032(24.0) 26:-0.041(25.0),2021-08-16,2026-09-21,0,,,,,,,-1.7112,13.885,-0.33222,6.7572,-1.379,7.1274,-1.2993
rb,META,stock,False,us_cash,M15,15,RB,0,False,False,M5,1282,491,0.383,-0.035813,-1.2799,0.45418,-0.022676,0.013137,203,-0.026589,288,-0.042315,2021,-0.21728,0.33333,-0.015578,0.0046579,False,False,21:-0.217(39.0) 22:+0.038(88.0) 23:-0.003(76.0) 24:-0.025(100.0) 25:-0.088(112.0) 26:+0.002(76.0),2021-08-04,2026-10-08,,270,-0.047446,221,-0.021601,0,,-17.584,189.01,-5.3976,86.356,-12.187,102.65,-7.6486
dt,META,stock,False,us_cash,M30,30,k=0.3,0.3,False,False,M5,1282,862,0.67239,-0.0037291,-0.19544,0.47912,0.006079,0.009808,405,0.055949,457,-0.056617,2025,-0.076613,0.5,-0.011216,-0.018703,True,False,21:+0.014(74.0) 22:+0.069(153.0) 23:+0.062(178.0) 24:-0.035(169.0) 25:-0.077(173.0) 26:-0.059(115.0),2021-08-11,2026-10-08,0.0081206,,,,,,,-3.2144,270.21,22.66,128.61,-25.874,141.61,-9.6683
dt,META,stock,False,us_cash,M30,30,k=0.5,0.5,False,False,M5,1282,369,0.28783,0.0074985,0.39855,0.50136,0.013634,0.0061351,182,0.046764,187,-0.030717,2025,-0.052376,0.33333,-0.0068425,-0.021183,True,False,21:-0.007(38.0) 22:+0.076(61.0) 23:+0.050(83.0) 24:-0.028(82.0) 25:-0.052(63.0) 26:-0.004(42.0),2021-08-11,2026-10-07,0.00271,,,,,,,2.767,48.09,8.5111,21.307,-5.7442,26.783,-2.5249
dt,META,stock,False,us_cash,M30,30,k=0.7,0.7,False,False,M5,1282,178,0.13885,-0.0066132,-0.31846,0.48876,-0.0021486,0.0044646,93,0.0022093,85,-0.016266,2021,-0.041551,0.33333,-0.007315,-0.0080167,True,False,21:-0.042(21.0) 22:+0.085(27.0) 23:-0.027(45.0) 24:+0.011(36.0) 25:-0.032(24.0) 26:-0.041(25.0),2021-08-16,2026-09-21,0.005618,,,,,,,-1.1772,13.595,0.20547,6.4637,-1.3826,7.131,-1.3021
rb,META,stock,False,us_cash,M30,30,RB,0,False,False,M5,1282,488,0.38066,-0.050011,-1.8503,0.45287,-0.037144,0.012867,203,-0.045165,285,-0.053463,2021,-0.22503,0.33333,-0.019001,0.012009,False,False,21:-0.225(39.0) 22:+0.053(88.0) 23:-0.066(76.0) 24:-0.035(99.0) 25:-0.109(111.0) 26:+0.004(75.0),2021-08-04,2026-10-08,,269,-0.057722,219,-0.040539,0,,-24.405,174.84,-9.1686,80.661,-15.237,94.184,-9.2725
dt,META,stock,False,us_cash,H1,60,k=0.3,0.3,False,True,M5,1282,821,0.64041,-0.006876,-0.3584,0.46529,0.0030541,0.0099301,388,0.041354,433,-0.050093,2025,-0.076716,0.5,-0.011311,-0.015746,True,False,21:+0.001(71.0) 22:+0.039(146.0) 23:+0.060(171.0) 24:-0.021(162.0) 25:-0.077(163.0) 26:-0.054(108.0),2021-08-11,2026-10-08,0.020706,,,,,,,-5.6452,247.83,16.045,120.84,-21.69,126.99,-9.2862
dt,META,stock,False,us_cash,H1,60,k=0.5,0.5,False,True,M5,1282,348,0.27145,0.0085263,0.44285,0.49138,0.014776,0.0062496,174,0.045732,174,-0.02868,2025,-0.060664,0.33333,-0.0073269,-0.02318,True,False,21:-0.006(36.0) 22:+0.049(58.0) 23:+0.067(80.0) 24:-0.019(77.0) 25:-0.061(58.0) 26:-0.000(39.0),2021-08-11,2026-10-07,0.0057471,,,,,,,2.9671,44.787,7.9574,19.748,-4.9902,25.039,-2.5498
dt,META,stock,False,us_cash,H1,60,k=0.7,0.7,False,True,M5,1282,162,0.12637,-0.0038074,-0.17348,0.5,0.00088808,0.0046955,84,0.0078878,78,-0.016402,2025,-0.039746,0.33333,-0.0074234,-0.011039,True,False,21:-0.033(19.0) 22:+0.081(21.0) 23:-0.009(44.0) 24:+0.008(34.0) 25:-0.040(20.0) 26:-0.032(24.0),2021-08-16,2026-09-21,0.0061728,,,,,,,-0.6168,12.565,0.66258,6.0109,-1.2794,6.5544,-1.2026
rb,META,stock,False,us_cash,H1,60,RB,0,False,True,M5,1282,450,0.35101,-0.05868,-2.2741,0.48222,-0.04614,0.01254,184,-0.063017,266,-0.05568,2021,-0.1997,0.16667,-0.019903,0.018875,False,False,21:-0.200(33.0) 22:+0.042(81.0) 23:-0.120(70.0) 24:-0.037(93.0) 25:-0.105(104.0) 26:-0.007(69.0),2021-08-04,2026-10-08,,250,-0.067189,199,-0.043195,1,-1.0129,-26.406,136.08,-11.595,62.802,-14.811,73.277,-8.9562
dt,MSFT,stock,False,us_cash,M5,5,k=0.3,0.3,False,False,M5,2460,1757,0.71423,-0.01487,-1.0953,0.46329,0.0060769,0.020947,1309,-0.023673,448,0.010852,2017,-0.11846,0.63636,-0.021634,-0.028398,True,False,15:-0.099(191.0) 16:-0.070(188.0) 17:-0.118(212.0) 18:+0.057(186.0) 19:+0.006(119.0) 21:+0.007(71.0) 22:+0.084(162.0) 23:+0.004(180.0) 24:-0.035(179.0) 25:+0.017(166.0) 26:+0.081(103.0),2015-01-08,2026-10-08,0.0017075,,,,,,,-26.126,568.99,-30.988,420.02,4.8616,148.97,-38.011
dt,MSFT,stock,False,us_cash,M5,5,k=0.5,0.5,False,False,M5,2460,783,0.31829,-0.025144,-1.8286,0.46999,-0.010974,0.014169,584,-0.033729,199,5.1933e-05,2017,-0.10877,0.36364,-0.016701,-0.0082581,False,False,15:-0.050(75.0) 16:-0.107(92.0) 17:-0.109(95.0) 18:+0.019(93.0) 19:-0.006(51.0) 21:+0.031(32.0) 22:+0.048(68.0) 23:-0.020(78.0) 24:-0.030(77.0) 25:+0.052(69.0) 26:-0.024(53.0),2015-01-08,2026-10-08,0.0025543,,,,,,,-19.688,116.27,-19.698,84.995,0.010335,31.271,-13.077
dt,MSFT,stock,False,us_cash,M5,5,k=0.7,0.7,False,False,M5,2460,343,0.13943,-0.0038314,-0.24442,0.4723,0.0073555,0.011187,249,-0.012754,94,0.019805,2016,-0.089574,0.63636,-0.015721,-0.02761,True,False,15:+0.007(31.0) 16:-0.090(39.0) 17:-0.043(42.0) 18:+0.009(40.0) 19:+0.048(21.0) 21:+0.052(14.0) 22:+0.013(31.0) 23:-0.018(31.0) 24:-0.035(32.0) 25:+0.071(38.0) 26:+0.012(24.0),2015-02-12,2026-10-08,0,,,,,,,-1.3142,28.829,-3.1758,20.507,1.8617,8.322,-5.3921
rb,MSFT,stock,False,us_cash,M5,5,RB,0,False,False,M5,2460,901,0.36626,-0.036301,-1.619,0.45505,-0.0092111,0.02709,618,-0.046783,283,-0.013411,2015,-0.20857,0.27273,-0.031261,-0.026221,False,False,15:-0.209(86.0) 16:-0.042(97.0) 17:-0.029(81.0) 18:-0.055(86.0) 19:-0.017(70.0) 21:-0.023(28.0) 22:+0.159(78.0) 23:-0.113(92.0) 24:+0.013(102.0) 25:-0.128(95.0) 26:+0.082(86.0),2015-01-06,2026-10-08,,474,-0.0307,426,-0.040236,1,-1.015,-32.708,408.88,-28.912,302.55,-3.7953,106.34,-28.166
dt,MSFT,stock,False,us_cash,M15,15,k=0.3,0.3,False,False,M5,2460,1755,0.71341,-0.014197,-1.0501,0.46325,0.0067552,0.020952,1307,-0.022198,448,0.009144,2017,-0.10676,0.63636,-0.021707,-0.029217,True,False,15:-0.099(191.0) 16:-0.070(188.0) 17:-0.107(210.0) 18:+0.057(186.0) 19:+0.003(119.0) 21:+0.007(71.0) 22:+0.084(162.0) 23:+0.002(180.0) 24:-0.039(179.0) 25:+0.017(166.0) 26:+0.081(103.0),2015-01-08,2026-10-08,0.0051282,,,,,,,-24.916,562.97,-29.013,414,4.0965,148.97,-38.096
dt,MSFT,stock,False,us_cash,M15,15,k=0.5,0.5,False,False,M5,2460,782,0.31789,-0.024061,-1.7617,0.46931,-0.0098296,0.014231,583,-0.03151,199,-0.0022376,2016,-0.10687,0.36364,-0.016258,-0.0084559,False,False,15:-0.050(75.0) 16:-0.107(92.0) 17:-0.096(94.0) 18:+0.019(93.0) 19:-0.006(51.0) 21:+0.031(32.0) 22:+0.048(68.0) 23:-0.020(78.0) 24:-0.035(77.0) 25:+0.051(69.0) 26:-0.024(53.0),2015-01-08,2026-10-08,0.0025575,,,,,,,-18.816,114.38,-18.37,83.112,-0.44528,31.264,-12.714
dt,MSFT,stock,False,us_cash,M15,15,k=0.7,0.7,False,False,M5,2460,343,0.13943,-0.0045922,-0.29286,0.46939,0.0066297,0.011222,249,-0.012736,94,0.016979,2016,-0.089574,0.63636,-0.015755,-0.026919,True,False,15:+0.007(31.0) 16:-0.090(39.0) 17:-0.043(42.0) 18:+0.009(40.0) 19:+0.048(21.0) 21:+0.052(14.0) 22:+0.013(31.0) 23:-0.018(31.0) 24:-0.043(32.0) 25:+0.070(38.0) 26:+0.012(24.0),2015-02-12,2026-10-08,0.0029155,,,,,,,-1.5751,28.849,-3.1711,20.509,1.596,8.3394,-5.4041
rb,MSFT,stock,False,us_cash,M15,15,RB,0,False,False,M5,2460,897,0.36463,-0.044242,-2.0223,0.45596,-0.01726,0.026983,614,-0.054333,283,-0.02235,2015,-0.21071,0.18182,-0.032294,-0.020347,False,False,15:-0.211(86.0) 16:-0.052(97.0) 17:-0.022(80.0) 18:-0.066(86.0) 19:-0.045(69.0) 21:-0.013(27.0) 22:+0.171(77.0) 23:-0.136(92.0) 24:-0.018(102.0) 25:-0.128(95.0) 26:+0.089(86.0),2015-01-06,2026-10-08,,473,-0.040179,423,-0.046491,1,-1.015,-39.685,386.42,-33.36,293.25,-6.325,93.174,-28.968
dt,MSFT,stock,False,us_cash,M30,30,k=0.3,0.3,False,False,M5,2460,1752,0.7122,-0.016299,-1.1955,0.4629,0.0046542,0.020953,1304,-0.024099,448,0.006403,2017,-0.11992,0.63636,-0.021685,-0.02707,True,False,15:-0.096(190.0) 16:-0.073(188.0) 17:-0.120(209.0) 18:+0.063(185.0) 19:+0.002(119.0) 21:+0.007(71.0) 22:+0.081(162.0) 23:+0.001(180.0) 24:-0.046(179.0) 25:+0.017(166.0) 26:+0.081(103.0),2015-01-08,2026-10-08,0.011416,,,,,,,-28.556,570.66,-31.425,419.4,2.8686,151.26,-37.992
dt,MSFT,stock,False,us_cash,M30,30,k=0.5,0.5,False,False,M5,2460,782,0.31789,-0.026193,-1.8884,0.46931,-0.011925,0.014268,583,-0.033097,199,-0.0059663,2016,-0.10687,0.36364,-0.016212,-0.0062321,False,False,15:-0.050(75.0) 16:-0.107(92.0) 17:-0.105(94.0) 18:+0.019(93.0) 19:-0.006(51.0) 21:+0.031(32.0) 22:+0.048(68.0) 23:-0.020(78.0) 24:-0.045(77.0) 25:+0.051(69.0) 26:-0.024(53.0),2015-01-08,2026-10-08,0.0025575,,,,,,,-20.483,118.03,-19.295,85.963,-1.1873,32.07,-12.678
dt,MSFT,stock,False,us_cash,M30,30,k=0.7,0.7,False,False,M5,2460,343,0.13943,-0.0077429,-0.47867,0.46939,0.0034996,0.011243,249,-0.014979,94,0.011425,2016,-0.089574,0.63636,-0.015776,-0.023809,True,False,15:+0.007(31.0) 16:-0.090(39.0) 17:-0.057(42.0) 18:+0.009(40.0) 19:+0.048(21.0) 21:+0.052(14.0) 22:+0.013(31.0) 23:-0.018(31.0) 24:-0.059(32.0) 25:+0.070(38.0) 26:+0.012(24.0),2015-02-12,2026-10-08,0.0058309,,,,,,,-2.6558,30.715,-3.7298,21.964,1.0739,8.7509,-5.4112
rb,MSFT,stock,False,us_cash,M30,30,RB,0,False,False,M5,2460,891,0.3622,-0.044439,-2.0721,0.45567,-0.017687,0.026752,610,-0.055533,281,-0.020355,2015,-0.20368,0.27273,-0.025692,-0.0069454,False,False,15:-0.204(85.0) 16:-0.053(97.0) 17:-0.039(80.0) 18:-0.070(85.0) 19:-0.041(69.0) 21:+0.053(25.0) 22:+0.145(77.0) 23:-0.130(92.0) 24:-0.028(102.0) 25:-0.129(95.0) 26:+0.111(84.0),2015-01-06,2026-10-08,,471,-0.041225,419,-0.045735,1,-1.015,-39.595,366.49,-33.875,276.68,-5.7198,89.817,-22.892
dt,MSFT,stock,False,us_cash,H1,60,k=0.3,0.3,False,True,M5,2460,1666,0.67724,-0.012473,-0.92482,0.45678,0.0087911,0.021264,1241,-0.022052,425,0.015497,2017,-0.093775,0.54545,-0.020909,-0.029346,True,False,15:-0.088(181.0) 16:-0.069(183.0) 17:-0.094(201.0) 18:+0.036(175.0) 19:+0.010(113.0) 21:+0.019(66.0) 22:+0.082(147.0) 23:-0.003(175.0) 24:-0.049(168.0) 25:+0.032(157.0) 26:+0.099(100.0),2015-01-08,2026-10-08,0.022209,,,,,,,-20.78,504.82,-27.366,366.28,6.586,138.54,-34.835
dt,MSFT,stock,False,us_cash,H1,60,k=0.5,0.5,False,True,M5,2460,721,0.29309,-0.019029,-1.37,0.46186,-0.0044338,0.014595,542,-0.028971,179,0.011075,2016,-0.10274,0.27273,-0.015767,-0.012506,False,False,15:-0.039(70.0) 16:-0.103(88.0) 17:-0.076(87.0) 18:-0.007(85.0) 19:-0.008(46.0) 21:+0.068(28.0) 22:+0.045(62.0) 23:-0.014(76.0) 24:-0.039(68.0) 25:+0.075(62.0) 26:-0.000(49.0),2015-01-08,2026-10-08,0.0069348,,,,,,,-13.72,100.41,-15.702,71.491,1.9824,28.918,-11.368
dt,MSFT,stock,False,us_cash,H1,60,k=0.7,0.7,False,True,M5,2460,309,0.12561,0.0022965,0.14285,0.50809,0.013858,0.011562,229,-0.006611,80,0.027794,2024,-0.072802,0.54545,-0.016293,-0.034882,True,False,15:+0.024(28.0) 16:-0.070(37.0) 17:-0.023(40.0) 18:-0.013(35.0) 19:+0.033(20.0) 21:+0.104(13.0) 22:+0.005(27.0) 23:-0.013(29.0) 24:-0.073(26.0) 25:+0.092(33.0) 26:+0.052(21.0),2015-02-12,2026-10-08,0.0064725,,,,,,,0.70961,24.598,-1.5139,16.272,2.2235,8.3259,-5.0344
rb,MSFT,stock,False,us_cash,H1,60,RB,0,False,True,M5,2460,807,0.32805,-0.069246,-3.3906,0.44857,-0.042998,0.026248,553,-0.083868,254,-0.037412,2015,-0.15993,0.27273,-0.030307,0.0086328,False,False,15:-0.160(77.0) 16:-0.055(90.0) 17:-0.082(72.0) 18:-0.088(75.0) 19:-0.120(63.0) 21:+0.090(24.0) 22:+0.001(70.0) 23:-0.138(82.0) 24:-0.081(92.0) 25:-0.100(84.0) 26:+0.082(78.0),2015-01-06,2026-10-08,,433,-0.06181,371,-0.069973,3,-1.0527,-55.882,275.16,-46.379,202.74,-9.5027,72.423,-24.457
dt,MSTR,stock,True,us_cash,M5,5,k=0.3,0.3,False,False,M5,1101,666,0.6049,0.046466,2.0339,0.51502,0.057848,0.011381,246,0.059914,420,0.03859,2026,-0.029472,0.83333,-0.002329,-0.051125,True,False,20:-0.267(4.0) 21:+0.084(13.0) 22:+0.094(116.0) 23:+0.034(113.0) 24:+0.130(138.0) 25:+0.014(151.0) 26:-0.029(131.0),2020-12-14,2026-10-07,0,,,,,,,30.947,232.59,14.739,91.8,16.208,140.79,-1.5511
dt,MSTR,stock,True,us_cash,M5,5,k=0.5,0.5,False,False,M5,1101,296,0.26885,0.053978,2.5536,0.52703,0.061405,0.0074268,110,0.08058,186,0.038246,2026,-0.030617,0.8,-0.0075782,-0.069134,True,True,20:+0.081(1.0) 21:-0.066(8.0) 22:+0.094(50.0) 23:+0.091(51.0) 24:+0.098(66.0) 25:+0.034(67.0) 26:-0.031(53.0),2020-12-14,2026-10-02,0,,,,,,,15.977,39.879,8.8638,14.799,7.1137,25.081,-2.2431
dt,MSTR,stock,True,us_cash,M5,5,k=0.7,0.7,False,False,M5,1101,141,0.12807,0.059294,3.0055,0.56028,0.064832,0.0055376,54,0.079141,87,0.046975,2025,0.0075942,1,-0.0055376,-0.070369,True,False,20:-0.085(1.0) 21:+0.084(4.0) 22:+0.081(24.0) 23:+0.083(25.0) 24:+0.093(32.0) 25:+0.008(34.0) 26:+0.040(21.0),2020-12-14,2026-10-02,0,,,,,,,8.3605,8.1789,4.2736,3.1211,4.0869,5.0577,-0.78081
rb,MSTR,stock,True,us_cash,M5,5,RB,0,False,False,M5,1101,435,0.3951,0.029938,0.86677,0.49425,0.044869,0.014931,178,0.072986,257,0.00012242,2026,-0.12605,0.83333,-0.0032452,-0.036428,True,False,20:+0.150(2.0) 21:+0.201(15.0) 22:+0.091(85.0) 23:+0.025(76.0) 24:+0.105(99.0) 25:+0.005(73.0) 26:-0.126(85.0),2020-12-16,2026-10-08,,240,0.025335,195,0.035602,0,,13.023,225.61,12.991,99.806,0.031461,125.81,-1.4117
dt,MSTR,stock,True,us_cash,M15,15,k=0.3,0.3,False,False,M5,1101,666,0.6049,0.048168,2.1073,0.51351,0.059594,0.011426,246,0.063546,420,0.039162,2026,-0.029614,0.83333,-0.0018414,-0.051851,True,False,20:-0.267(4.0) 21:+0.084(13.0) 22:+0.095(116.0) 23:+0.041(113.0) 24:+0.130(138.0) 25:+0.016(151.0) 26:-0.030(131.0),2020-12-14,2026-10-07,0,,,,,,,32.08,232.94,15.632,92.267,16.448,140.68,-1.2264
dt,MSTR,stock,True,us_cash,M15,15,k=0.5,0.5,False,False,M5,1101,296,0.26885,0.054094,2.5588,0.52703,0.06155,0.007456,110,0.080953,186,0.03821,2026,-0.03078,0.8,-0.0076074,-0.069309,True,True,20:+0.081(1.0) 21:-0.066(8.0) 22:+0.094(50.0) 23:+0.091(51.0) 24:+0.098(66.0) 25:+0.034(67.0) 26:-0.031(53.0),2020-12-14,2026-10-02,0,,,,,,,16.012,39.89,8.9048,14.818,7.107,25.072,-2.2518
dt,MSTR,stock,True,us_cash,M15,15,k=0.7,0.7,False,False,M5,1101,141,0.12807,0.05969,3.0255,0.56028,0.065296,0.0056061,54,0.080353,87,0.046864,2025,0.0075942,1,-0.0056061,-0.070902,True,False,20:-0.085(1.0) 21:+0.084(4.0) 22:+0.081(24.0) 23:+0.086(25.0) 24:+0.093(32.0) 25:+0.008(34.0) 26:+0.039(21.0),2020-12-14,2026-10-02,0,,,,,,,8.4163,8.1858,4.3391,3.128,4.0772,5.0578,-0.79046
rb,MSTR,stock,True,us_cash,M15,15,RB,0,False,False,M5,1101,434,0.39419,0.01852,0.53264,0.48618,0.033429,0.014909,177,0.070396,257,-0.017208,2026,-0.1532,0.66667,-0.0014985,-0.021517,True,False,20:+0.150(2.0) 21:+0.252(14.0) 22:+0.091(85.0) 23:+0.011(76.0) 24:+0.099(99.0) 25:-0.017(73.0) 26:-0.153(85.0),2020-12-16,2026-10-08,,240,0.019707,194,0.017051,0,,8.0376,227.33,12.46,101.48,-4.4225,125.85,-0.65036
dt,MSTR,stock,True,us_cash,M30,30,k=0.3,0.3,False,False,M5,1101,666,0.6049,0.048231,2.1099,0.51351,0.059715,0.011484,246,0.063876,420,0.039068,2026,-0.029909,0.83333,-0.0018994,-0.05203,True,False,20:-0.267(4.0) 21:+0.084(13.0) 22:+0.095(116.0) 23:+0.041(113.0) 24:+0.130(138.0) 25:+0.015(151.0) 26:-0.030(131.0),2020-12-14,2026-10-07,0.003003,,,,,,,32.122,232.98,15.714,92.264,16.408,140.71,-1.265
dt,MSTR,stock,True,us_cash,M30,30,k=0.5,0.5,False,False,M5,1101,296,0.26885,0.054214,2.5646,0.52703,0.061697,0.007483,110,0.081348,186,0.038167,2026,-0.03093,0.8,-0.0076344,-0.069483,True,True,20:+0.081(1.0) 21:-0.066(8.0) 22:+0.094(50.0) 23:+0.092(51.0) 24:+0.098(66.0) 25:+0.034(67.0) 26:-0.031(53.0),2020-12-14,2026-10-02,0,,,,,,,16.047,39.892,8.9483,14.817,7.099,25.075,-2.2598
dt,MSTR,stock,True,us_cash,M30,30,k=0.7,0.7,False,False,M5,1101,141,0.12807,0.059669,3.0243,0.56028,0.065296,0.0056276,54,0.080353,87,0.04683,2025,0.0075942,1,-0.0056276,-0.070924,True,False,20:-0.085(1.0) 21:+0.084(4.0) 22:+0.081(24.0) 23:+0.086(25.0) 24:+0.093(32.0) 25:+0.008(34.0) 26:+0.039(21.0),2020-12-14,2026-10-02,0,,,,,,,8.4133,8.1859,4.3391,3.128,4.0742,5.0579,-0.79349
rb,MSTR,stock,True,us_cash,M30,30,RB,0,False,False,M5,1101,432,0.39237,0.02181,0.6351,0.49306,0.036433,0.014623,176,0.078684,256,-0.01729,2026,-0.12088,0.66667,0.0023412,-0.017128,True,False,20:+0.150(2.0) 21:+0.183(14.0) 22:+0.099(84.0) 23:+0.036(76.0) 24:+0.086(99.0) 25:-0.038(73.0) 26:-0.121(84.0),2020-12-16,2026-10-08,,240,0.017654,191,0.032569,1,-1.0355,9.4221,219.79,13.848,100.73,-4.4262,119.06,1.0114
dt,MSTR,stock,True,us_cash,H1,60,k=0.3,0.3,False,True,M5,1101,635,0.57675,0.041442,1.8315,0.51654,0.053002,0.01156,234,0.060303,401,0.030436,2026,-0.024081,0.83333,-0.0028122,-0.047066,True,False,20:-0.379(4.0) 21:+0.034(13.0) 22:+0.100(108.0) 23:+0.040(109.0) 24:+0.087(132.0) 25:+0.026(144.0) 26:-0.024(125.0),2020-12-14,2026-10-07,0.011024,,,,,,,26.316,207.2,14.111,81.618,12.205,125.59,-1.7857
dt,MSTR,stock,True,us_cash,H1,60,k=0.5,0.5,False,True,M5,1101,277,0.25159,0.050327,2.3714,0.51986,0.057979,0.0076522,100,0.082924,177,0.031911,2026,-0.029073,0.8,-0.0077656,-0.065858,True,True,20:+0.062(1.0) 21:-0.100(8.0) 22:+0.115(44.0) 23:+0.085(47.0) 24:+0.066(62.0) 25:+0.047(64.0) 26:-0.029(51.0),2020-12-14,2026-10-02,0,,,,,,,13.941,35.136,8.2924,12.9,5.6482,22.235,-2.1511
dt,MSTR,stock,True,us_cash,H1,60,k=0.7,0.7,False,True,M5,1101,129,0.11717,0.057369,2.8756,0.57364,0.063281,0.0059126,51,0.07994,78,0.04261,2025,0.014835,1,-0.0059126,-0.069194,True,False,20:-0.098(1.0) 21:+0.054(4.0) 22:+0.088(23.0) 23:+0.084(23.0) 24:+0.078(27.0) 25:+0.015(30.0) 26:+0.037(21.0),2020-12-14,2026-10-02,0,,,,,,,7.4006,6.9965,4.077,2.4007,3.3236,4.5958,-0.76272
rb,MSTR,stock,True,us_cash,H1,60,RB,0,False,True,M5,1101,407,0.36966,-0.023764,-0.76231,0.44963,-0.0094063,0.014358,165,0.030466,242,-0.060738,2026,-0.10405,0.5,-0.013063,-0.0023629,False,False,20:+0.211(2.0) 21:+0.208(14.0) 22:+0.034(79.0) 23:-0.014(70.0) 24:+0.004(91.0) 25:-0.094(70.0) 26:-0.104(81.0),2020-12-16,2026-10-08,,229,-0.037838,178,-0.0056575,0,,-9.6719,160.81,5.0268,72.747,-14.699,88.064,-5.3168
dt,NFLX,stock,False,us_cash,M5,5,k=0.3,0.3,False,False,M5,1285,883,0.68716,-0.023818,-1.1982,0.453,0.015827,0.039645,407,0.018969,476,-0.060402,2026,-0.085792,0.33333,-0.036328,-0.048838,True,False,21:+0.012(71.0) 22:+0.065(159.0) 23:-0.020(177.0) 24:-0.066(176.0) 25:-0.036(171.0) 26:-0.086(129.0),2021-08-10,2026-10-08,0.002265,,,,,,,-21.031,308.25,7.7202,150.43,-28.751,157.82,-32.078
dt,NFLX,stock,False,us_cash,M5,5,k=0.5,0.5,False,False,M5,1285,412,0.32062,-0.015686,-0.85097,0.43932,0.0092698,0.024956,194,0.027482,218,-0.054102,2024,-0.086669,0.33333,-0.029373,-0.043059,True,False,21:+0.033(37.0) 22:+0.057(73.0) 23:-0.000(84.0) 24:-0.087(87.0) 25:-0.053(73.0) 26:-0.006(58.0),2021-08-13,2026-10-01,0,,,,,,,-6.4627,57.638,5.3314,26.932,-11.794,30.706,-12.102
dt,NFLX,stock,False,us_cash,M5,5,k=0.7,0.7,False,False,M5,1285,201,0.15642,-0.014213,-0.76254,0.45771,0.004732,0.018945,100,0.012591,101,-0.040752,2024,-0.069022,0.5,-0.019191,-0.024169,True,False,21:-0.010(24.0) 22:+0.023(37.0) 23:+0.017(39.0) 24:-0.069(43.0) 25:-0.052(32.0) 26:+0.020(26.0),2021-08-13,2026-09-28,0,,,,,,,-2.8569,14.007,1.2591,6.8197,-4.116,7.1874,-3.8575
rb,NFLX,stock,False,us_cash,M5,5,RB,0,False,False,M5,1285,438,0.34086,-0.060048,-1.817,0.44521,-0.00060287,0.059445,174,-0.013252,264,-0.090891,2026,-0.17046,0.16667,-0.069613,-0.079177,True,False,21:+0.075(29.0) 22:-0.017(67.0) 23:-0.043(78.0) 24:-0.060(99.0) 25:-0.056(88.0) 26:-0.170(77.0),2021-08-03,2026-10-06,,237,-0.027471,201,-0.09846,0,,-26.301,210.62,-2.3058,84.663,-23.995,125.96,-30.49
dt,NFLX,stock,False,us_cash,M15,15,k=0.3,0.3,False,False,M5,1285,882,0.68638,-0.023421,-1.1803,0.45238,0.016189,0.03961,407,0.019246,475,-0.059979,2026,-0.088828,0.33333,-0.036565,-0.049708,True,False,21:+0.013(71.0) 22:+0.065(159.0) 23:-0.019(177.0) 24:-0.062(175.0) 25:-0.036(171.0) 26:-0.089(129.0),2021-08-10,2026-10-08,0.0079365,,,,,,,-20.657,306.43,7.8331,150.68,-28.49,155.75,-32.25
dt,NFLX,stock,False,us_cash,M15,15,k=0.5,0.5,False,False,M5,1285,412,0.32062,-0.0154,-0.83575,0.43932,0.0092698,0.02467,194,0.028139,218,-0.054146,2024,-0.086442,0.5,-0.029087,-0.042773,True,False,21:+0.034(37.0) 22:+0.057(73.0) 23:+0.001(84.0) 24:-0.086(87.0) 25:-0.054(73.0) 26:-0.006(58.0),2021-08-13,2026-10-01,0,,,,,,,-6.3448,57.593,5.4589,26.95,-11.804,30.643,-11.984
dt,NFLX,stock,False,us_cash,M15,15,k=0.7,0.7,False,False,M5,1285,201,0.15642,-0.014226,-0.76247,0.45771,0.004732,0.018958,100,0.012838,101,-0.041022,2024,-0.069163,0.5,-0.019204,-0.024182,True,False,21:-0.010(24.0) 22:+0.023(37.0) 23:+0.017(39.0) 24:-0.069(43.0) 25:-0.053(32.0) 26:+0.020(26.0),2021-08-13,2026-09-28,0,,,,,,,-2.8595,14.035,1.2838,6.8178,-4.1433,7.2174,-3.8601
rb,NFLX,stock,False,us_cash,M15,15,RB,0,False,False,M5,1285,437,0.34008,-0.070637,-2.1949,0.44394,-0.012132,0.058505,174,-0.024673,263,-0.10105,2026,-0.17158,0.16667,-0.069272,-0.067907,False,False,21:+0.087(29.0) 22:-0.027(67.0) 23:-0.064(78.0) 24:-0.073(99.0) 25:-0.070(87.0) 26:-0.172(77.0),2021-08-03,2026-10-06,,237,-0.031344,200,-0.1172,0,,-30.868,199.51,-4.2931,79.226,-26.575,120.28,-30.272
dt,NFLX,stock,False,us_cash,M30,30,k=0.3,0.3,False,False,M5,1285,880,0.68482,-0.021214,-1.0739,0.45341,0.018172,0.039387,407,0.019526,473,-0.05627,2026,-0.079443,0.33333,-0.036868,-0.052522,True,False,21:+0.013(71.0) 22:+0.065(159.0) 23:-0.019(177.0) 24:-0.064(175.0) 25:-0.031(170.0) 26:-0.079(128.0),2021-08-10,2026-10-08,0.019318,,,,,,,-18.669,302.26,7.9471,150.37,-26.616,151.89,-32.444
dt,NFLX,stock,False,us_cash,M30,30,k=0.5,0.5,False,False,M5,1285,412,0.32062,-0.015402,-0.83559,0.43932,0.0092698,0.024671,194,0.028366,218,-0.05435,2024,-0.086449,0.5,-0.029088,-0.042775,True,False,21:+0.034(37.0) 22:+0.057(73.0) 23:+0.001(84.0) 24:-0.086(87.0) 25:-0.054(73.0) 26:-0.006(58.0),2021-08-13,2026-10-01,0,,,,,,,-6.3454,57.626,5.503,26.939,-11.848,30.687,-11.984
dt,NFLX,stock,False,us_cash,M30,30,k=0.7,0.7,False,False,M5,1285,201,0.15642,-0.014181,-0.76003,0.45771,0.004732,0.018913,100,0.01305,101,-0.041141,2024,-0.069458,0.5,-0.019159,-0.024137,True,False,21:-0.010(24.0) 22:+0.023(37.0) 23:+0.018(39.0) 24:-0.069(43.0) 25:-0.053(32.0) 26:+0.020(26.0),2021-08-13,2026-09-28,0,,,,,,,-2.8503,14.035,1.305,6.819,-4.1553,7.2159,-3.8509
rb,NFLX,stock,False,us_cash,M30,30,RB,0,False,False,M5,1285,427,0.3323,-0.060317,-1.9745,0.45667,-0.0039367,0.05638,173,-0.0085191,254,-0.095596,2026,-0.14756,0.16667,-0.065575,-0.070834,True,False,21:+0.136(29.0) 22:-0.006(67.0) 23:-0.065(77.0) 24:-0.064(95.0) 25:-0.084(83.0) 26:-0.148(76.0),2021-08-03,2026-10-06,,236,-0.0293,191,-0.098641,0,,-25.755,171.31,-1.4738,74.057,-24.281,97.249,-28.001
dt,NFLX,stock,False,us_cash,H1,60,k=0.3,0.3,False,True,M5,1285,851,0.66226,-0.0091409,-0.46069,0.47121,0.03009,0.039231,395,0.036239,456,-0.04845,2026,-0.10091,0.33333,-0.035512,-0.061883,True,False,21:+0.049(69.0) 22:+0.091(152.0) 23:-0.017(174.0) 24:-0.031(172.0) 25:-0.028(163.0) 26:-0.101(121.0),2021-08-10,2026-10-08,0.031727,,,,,,,-7.7789,284.86,14.314,143.78,-22.093,141.08,-30.221
dt,NFLX,stock,False,us_cash,H1,60,k=0.5,0.5,False,True,M5,1285,398,0.30973,-0.005977,-0.32179,0.45226,0.019161,0.025138,186,0.039362,212,-0.045756,2025,-0.054703,0.33333,-0.028485,-0.050993,True,False,21:+0.065(36.0) 22:+0.073(71.0) 23:-0.002(79.0) 24:-0.053(86.0) 25:-0.055(68.0) 26:-0.024(58.0),2021-08-13,2026-10-01,0.0075377,,,,,,,-2.3789,54.529,7.3214,26.165,-9.7002,28.364,-11.337
dt,NFLX,stock,False,us_cash,H1,60,k=0.7,0.7,False,True,M5,1285,187,0.14553,-0.0016951,-0.087579,0.42781,0.01697,0.018665,91,0.028069,96,-0.029909,2025,-0.062247,0.66667,-0.018342,-0.034989,True,False,21:+0.037(22.0) 22:+0.037(34.0) 23:+0.014(35.0) 24:-0.029(42.0) 25:-0.062(31.0) 26:+0.013(23.0),2021-08-13,2026-09-28,0,,,,,,,-0.31698,13.03,2.5543,7.0127,-2.8712,6.0173,-3.4299
rb,NFLX,stock,False,us_cash,H1,60,RB,0,False,True,M5,1285,402,0.31284,-0.056454,-1.8842,0.46766,-0.0019648,0.054489,162,-0.027048,240,-0.076303,2026,-0.11387,0.16667,-0.054179,-0.051903,False,False,21:+0.079(27.0) 22:-0.027(64.0) 23:-0.068(71.0) 24:-0.080(88.0) 25:-0.040(81.0) 26:-0.114(71.0),2021-08-03,2026-10-01,,226,-0.032219,176,-0.087574,0,,-22.695,145.99,-4.3818,65.206,-18.313,80.786,-21.78
dt,NKE,stock,True,us_cash,M5,5,k=0.3,0.3,False,False,M5,1370,831,0.60657,-0.0063813,-0.33988,0.49579,0.031992,0.038374,436,-0.012221,395,6.4392e-05,2020,-0.099283,0.28571,-0.038132,-0.069883,True,False,20:-0.099(27.0) 21:-0.013(128.0) 22:+0.072(133.0) 23:-0.072(148.0) 24:+0.098(131.0) 25:-0.044(136.0) 26:-0.053(128.0),2020-11-09,2026-10-08,0.0024067,,,,,,,-5.3029,243.16,-5.3283,125.49,0.025435,117.68,-31.688
dt,NKE,stock,True,us_cash,M5,5,k=0.5,0.5,False,False,M5,1370,364,0.26569,-0.011606,-0.63853,0.49176,0.015264,0.026869,179,-0.0023054,185,-0.020605,2020,-0.13974,0.42857,-0.026677,-0.041747,True,False,20:-0.140(12.0) 21:-0.043(61.0) 22:+0.060(56.0) 23:+0.011(50.0) 24:+0.030(61.0) 25:-0.022(60.0) 26:-0.067(64.0),2020-11-09,2026-10-02,0,,,,,,,-4.2245,43.701,-0.41266,21.585,-3.8119,22.116,-9.7103
dt,NKE,stock,True,us_cash,M5,5,k=0.7,0.7,False,False,M5,1370,170,0.12409,-0.034487,-1.6545,0.41765,-0.014214,0.020274,81,-0.024833,89,-0.043273,2025,-0.087043,0.16667,-0.020554,-0.0066202,False,False,20:-0.132(6.0) 21:-0.047(25.0) 22:-0.011(29.0) 23:+0.013(21.0) 24:-0.017(34.0) 25:-0.087(32.0) 26:-0.022(23.0),2020-11-09,2026-09-28,0,,,,,,,-5.8628,12.684,-2.0115,6.0466,-3.8513,6.6379,-3.4941
rb,NKE,stock,True,us_cash,M5,5,RB,0,False,False,M5,1370,534,0.38978,-0.043869,-1.552,0.4588,0.0045979,0.048467,289,-0.054962,245,-0.030784,2020,-0.11643,0.14286,-0.044782,-0.045694,True,False,20:-0.116(11.0) 21:-0.079(78.0) 22:+0.014(103.0) 23:-0.102(97.0) 24:-0.012(88.0) 25:-0.005(95.0) 26:-0.096(62.0),2020-11-04,2026-10-02,,309,-0.02127,225,-0.074906,0,,-23.426,228.43,-15.884,104.39,-7.5422,124.04,-23.913
dt,NKE,stock,True,us_cash,M15,15,k=0.3,0.3,False,False,M5,1370,830,0.60584,-0.0053509,-0.28496,0.49759,0.033051,0.038402,436,-0.012054,394,0.0020665,2020,-0.099283,0.28571,-0.03811,-0.070869,True,False,20:-0.099(27.0) 21:-0.012(128.0) 22:+0.072(133.0) 23:-0.072(148.0) 24:+0.098(131.0) 25:-0.044(136.0) 26:-0.047(127.0),2020-11-09,2026-10-08,0.0048193,,,,,,,-4.4412,242.64,-5.2554,125.7,0.81418,116.95,-31.631
dt,NKE,stock,True,us_cash,M15,15,k=0.5,0.5,False,False,M5,1370,364,0.26569,-0.011418,-0.62828,0.49176,0.015397,0.026815,179,-0.0020478,185,-0.020485,2020,-0.13974,0.42857,-0.026622,-0.041826,True,False,20:-0.140(12.0) 21:-0.043(61.0) 22:+0.060(56.0) 23:+0.011(50.0) 24:+0.030(61.0) 25:-0.022(60.0) 26:-0.067(64.0),2020-11-09,2026-10-02,0,,,,,,,-4.1563,43.691,-0.36656,21.583,-3.7897,22.107,-9.6905
dt,NKE,stock,True,us_cash,M15,15,k=0.7,0.7,False,False,M5,1370,170,0.12409,-0.034605,-1.6606,0.41765,-0.014209,0.020396,81,-0.024833,89,-0.043498,2025,-0.087018,0.16667,-0.020676,-0.0067473,False,False,20:-0.132(6.0) 21:-0.047(25.0) 22:-0.011(29.0) 23:+0.013(21.0) 24:-0.017(34.0) 25:-0.087(32.0) 26:-0.023(23.0),2020-11-09,2026-09-28,0,,,,,,,-5.8828,12.679,-2.0115,6.0466,-3.8713,6.6327,-3.5149
rb,NKE,stock,True,us_cash,M15,15,RB,0,False,False,M5,1370,533,0.38905,-0.052247,-1.9288,0.45966,-0.0041169,0.04813,288,-0.059248,245,-0.044017,2026,-0.13825,0.14286,-0.049713,-0.047179,False,False,20:-0.116(11.0) 21:-0.077(78.0) 22:+0.007(102.0) 23:-0.108(97.0) 24:-0.020(88.0) 25:-0.005(95.0) 26:-0.138(62.0),2020-11-04,2026-10-02,,308,-0.019607,225,-0.096928,0,,-27.848,209.5,-17.063,98.078,-10.784,111.43,-26.497
dt,NKE,stock,True,us_cash,M30,30,k=0.3,0.3,False,False,M5,1370,828,0.60438,-0.0038935,-0.2086,0.49879,0.034522,0.038416,434,-0.0070913,394,-0.00037104,2020,-0.099283,0.28571,-0.038583,-0.073272,True,False,20:-0.099(27.0) 21:-0.012(128.0) 22:+0.072(133.0) 23:-0.058(146.0) 24:+0.096(131.0) 25:-0.045(136.0) 26:-0.052(127.0),2020-11-09,2026-10-08,0.0096618,,,,,,,-3.2238,238.56,-3.0776,123.37,-0.14619,115.19,-31.947
dt,NKE,stock,True,us_cash,M30,30,k=0.5,0.5,False,False,M5,1370,364,0.26569,-0.011398,-0.62718,0.49176,0.015407,0.026804,179,-0.0020273,185,-0.020464,2020,-0.13974,0.42857,-0.026612,-0.041826,True,False,20:-0.140(12.0) 21:-0.043(61.0) 22:+0.060(56.0) 23:+0.011(50.0) 24:+0.030(61.0) 25:-0.022(60.0) 26:-0.067(64.0),2020-11-09,2026-10-02,0,,,,,,,-4.1487,43.684,-0.36288,21.583,-3.7859,22.101,-9.6866
dt,NKE,stock,True,us_cash,M30,30,k=0.7,0.7,False,False,M5,1370,170,0.12409,-0.034635,-1.6622,0.41765,-0.014209,0.020426,81,-0.024833,89,-0.043556,2025,-0.087018,0.16667,-0.020706,-0.0067778,False,False,20:-0.132(6.0) 21:-0.047(25.0) 22:-0.011(29.0) 23:+0.013(21.0) 24:-0.017(34.0) 25:-0.087(32.0) 26:-0.023(23.0),2020-11-09,2026-09-28,0,,,,,,,-5.888,12.678,-2.0115,6.0466,-3.8765,6.6316,-3.5201
rb,NKE,stock,True,us_cash,M30,30,RB,0,False,False,M5,1370,528,0.3854,-0.040096,-1.4985,0.46591,0.0073174,0.047413,284,-0.044205,244,-0.035313,2020,-0.16461,0.28571,-0.045967,-0.051837,True,False,20:-0.165(11.0) 21:-0.072(77.0) 22:+0.003(101.0) 23:-0.058(95.0) 24:-0.016(88.0) 25:+0.009(95.0) 26:-0.133(61.0),2020-11-04,2026-10-02,,308,-0.017864,219,-0.066597,1,-1.0838,-21.171,200.07,-12.554,94.043,-8.6164,106.03,-24.27
dt,NKE,stock,True,us_cash,H1,60,k=0.3,0.3,False,True,M5,1370,791,0.57737,-0.003294,-0.1758,0.48673,0.035364,0.038658,414,-2.2037e-05,377,-0.0068872,2020,-0.16797,0.42857,-0.037326,-0.071358,True,False,20:-0.168(26.0) 21:+0.021(122.0) 22:+0.062(123.0) 23:-0.041(143.0) 24:+0.066(126.0) 25:-0.014(130.0) 26:-0.075(121.0),2020-11-09,2026-10-08,0.015171,,,,,,,-2.6056,219.4,-0.0091235,118.35,-2.5965,101.05,-29.525
dt,NKE,stock,True,us_cash,H1,60,k=0.5,0.5,False,True,M5,1370,341,0.24891,-0.0077202,-0.41898,0.47507,0.019404,0.027124,166,0.010611,175,-0.025109,2020,-0.19268,0.42857,-0.027045,-0.04637,True,False,20:-0.193(10.0) 21:-0.024(59.0) 22:+0.061(48.0) 23:+0.045(49.0) 24:+0.008(57.0) 25:-0.005(59.0) 26:-0.077(59.0),2020-11-09,2026-10-02,0.0058651,,,,,,,-2.6326,39.384,1.7614,20.727,-4.394,18.657,-9.2224
dt,NKE,stock,True,us_cash,H1,60,k=0.7,0.7,False,True,M5,1370,151,0.11022,-0.02334,-1.0827,0.45033,-0.002583,0.020757,74,-0.0039554,77,-0.041969,2025,-0.077948,0.33333,-0.021672,-0.020004,False,False,20:-0.184(5.0) 21:-0.008(24.0) 22:+0.004(26.0) 23:+0.037(19.0) 24:-0.007(28.0) 25:-0.078(26.0) 26:-0.044(23.0),2020-12-03,2026-09-28,0.0066225,,,,,,,-3.5243,10.608,-0.2927,5.5243,-3.2316,5.0837,-3.2725
rb,NKE,stock,True,us_cash,H1,60,RB,0,False,True,M5,1370,485,0.35401,-0.036704,-1.4191,0.49485,0.0070528,0.043757,265,-0.035728,220,-0.037879,2020,-0.2258,0.28571,-0.042894,-0.049084,True,False,20:-0.226(10.0) 21:-0.046(75.0) 22:-0.049(94.0) 23:+0.010(86.0) 24:-0.037(82.0) 25:+0.020(87.0) 26:-0.138(51.0),2020-11-04,2026-10-02,,290,-0.016196,194,-0.062347,1,-1.009,-17.801,157.68,-9.4679,76.838,-8.3335,80.846,-20.803
dt,NVDA,stock,False,us_cash,M5,5,k=0.3,0.3,False,False,M5,1284,800,0.62305,0.016655,0.88591,0.52625,0.040518,0.023863,374,0.053332,426,-0.015544,2025,-0.046916,0.66667,-0.030698,-0.078052,True,False,21:+0.014(67.0) 22:+0.084(148.0) 23:+0.041(159.0) 24:+0.034(155.0) 25:-0.047(148.0) 26:-0.040(123.0),2021-08-10,2026-10-08,0.00125,,,,,,,13.324,226.15,19.946,106.61,-6.6218,119.54,-24.558
dt,NVDA,stock,False,us_cash,M5,5,k=0.5,0.5,False,False,M5,1284,365,0.28427,-0.0053337,-0.3062,0.50137,0.010735,0.016068,177,0.0058139,188,-0.015829,2026,-0.083252,0.33333,-0.016931,-0.028528,True,False,21:-0.056(30.0) 22:+0.041(71.0) 23:-0.003(76.0) 24:+0.059(66.0) 25:-0.031(63.0) 26:-0.083(59.0),2021-08-10,2026-10-08,0,,,,,,,-1.9468,40.324,1.0291,21.044,-2.9759,19.28,-6.1797
dt,NVDA,stock,False,us_cash,M5,5,k=0.7,0.7,False,False,M5,1284,162,0.12617,-0.01004,-0.55309,0.49383,0.0026744,0.012714,89,-0.013698,73,-0.0055793,2025,-0.04855,0.16667,-0.013911,-0.017783,True,False,21:-0.012(16.0) 22:-0.021(39.0) 23:-0.006(34.0) 24:+0.043(31.0) 25:-0.049(24.0) 26:-0.033(18.0),2021-08-16,2026-08-27,0,,,,,,,-1.6264,8.6104,-1.2192,3.8633,-0.40729,4.747,-2.2536
rb,NVDA,stock,False,us_cash,M5,5,RB,0,False,False,M5,1284,511,0.39798,-0.020293,-0.72134,0.4775,0.010856,0.031149,200,-0.058168,311,0.0040632,2023,-0.12198,0.5,-0.036928,-0.053562,True,False,21:+0.166(31.0) 22:-0.074(80.0) 23:-0.122(89.0) 24:+0.061(106.0) 25:+0.005(120.0) 26:-0.068(85.0),2021-08-05,2026-10-08,,284,0.0034377,227,-0.049984,0,,-10.37,206.47,-11.634,77.041,1.2637,129.43,-18.87
dt,NVDA,stock,False,us_cash,M15,15,k=0.3,0.3,False,False,M5,1284,800,0.62305,0.015973,0.84903,0.52625,0.039807,0.023834,374,0.051687,426,-0.01538,2025,-0.04652,0.66667,-0.030484,-0.076941,True,False,21:+0.005(67.0) 22:+0.084(148.0) 23:+0.041(159.0) 24:+0.034(155.0) 25:-0.047(148.0) 26:-0.040(123.0),2021-08-10,2026-10-08,0.0025,,,,,,,12.779,226.45,19.331,106.93,-6.5521,119.53,-24.387
dt,NVDA,stock,False,us_cash,M15,15,k=0.5,0.5,False,False,M5,1284,365,0.28427,-0.0053555,-0.30745,0.50137,0.010735,0.01609,177,0.0058139,188,-0.015871,2026,-0.083269,0.33333,-0.016952,-0.028549,True,False,21:-0.056(30.0) 22:+0.041(71.0) 23:-0.003(76.0) 24:+0.059(66.0) 25:-0.031(63.0) 26:-0.083(59.0),2021-08-10,2026-10-08,0.0027397,,,,,,,-1.9547,40.322,1.0291,21.044,-2.9838,19.278,-6.1876
dt,NVDA,stock,False,us_cash,M15,15,k=0.7,0.7,False,False,M5,1284,162,0.12617,-0.01004,-0.55309,0.49383,0.0026744,0.012715,89,-0.013698,73,-0.0055801,2025,-0.048566,0.16667,-0.013912,-0.017783,True,False,21:-0.012(16.0) 22:-0.021(39.0) 23:-0.006(34.0) 24:+0.043(31.0) 25:-0.049(24.0) 26:-0.033(18.0),2021-08-16,2026-08-27,0,,,,,,,-1.6265,8.6111,-1.2192,3.8633,-0.40735,4.7478,-2.2537
rb,NVDA,stock,False,us_cash,M15,15,RB,0,False,False,M5,1284,510,0.3972,-0.020961,-0.75532,0.48235,0.0093927,0.030354,199,-0.041462,311,-0.0078431,2026,-0.09027,0.33333,-0.034607,-0.048253,True,False,21:+0.123(31.0) 22:-0.053(79.0) 23:-0.088(89.0) 24:+0.060(106.0) 25:-0.010(120.0) 26:-0.090(85.0),2021-08-05,2026-10-08,,284,0.0011758,226,-0.04878,0,,-10.69,200.15,-8.251,72.551,-2.4392,127.6,-17.65
dt,NVDA,stock,False,us_cash,M30,30,k=0.3,0.3,False,False,M5,1284,800,0.62305,0.015414,0.81864,0.52625,0.039233,0.023819,374,0.05072,426,-0.015582,2025,-0.046496,0.5,-0.030469,-0.076351,True,False,21:-0.000(67.0) 22:+0.084(148.0) 23:+0.041(159.0) 24:+0.034(155.0) 25:-0.046(148.0) 26:-0.041(123.0),2021-08-10,2026-10-08,0.00625,,,,,,,12.331,226.81,18.969,107.22,-6.6381,119.58,-24.375
dt,NVDA,stock,False,us_cash,M30,30,k=0.5,0.5,False,False,M5,1284,365,0.28427,-0.0054561,-0.31287,0.50137,0.010625,0.016081,177,0.0055879,188,-0.015854,2026,-0.083281,0.33333,-0.016943,-0.028431,True,False,21:-0.058(30.0) 22:+0.041(71.0) 23:-0.003(76.0) 24:+0.059(66.0) 25:-0.031(63.0) 26:-0.083(59.0),2021-08-10,2026-10-08,0.0027397,,,,,,,-1.9915,40.414,0.98905,21.129,-2.9805,19.285,-6.1844
dt,NVDA,stock,False,us_cash,M30,30,k=0.7,0.7,False,False,M5,1284,162,0.12617,-0.010016,-0.55172,0.49383,0.0026744,0.01269,89,-0.013698,73,-0.0055267,2025,-0.048451,0.16667,-0.013888,-0.017759,True,False,21:-0.012(16.0) 22:-0.021(39.0) 23:-0.006(34.0) 24:+0.043(31.0) 25:-0.048(24.0) 26:-0.033(18.0),2021-08-16,2026-08-27,0,,,,,,,-1.6226,8.6125,-1.2192,3.8633,-0.40345,4.7492,-2.2498
rb,NVDA,stock,False,us_cash,M30,30,RB,0,False,False,M5,1284,507,0.39486,-0.041174,-1.5199,0.4714,-0.010932,0.030242,199,-0.054745,308,-0.032406,2023,-0.10109,0.33333,-0.036376,-0.031577,False,False,21:+0.105(31.0) 22:-0.065(79.0) 23:-0.101(89.0) 24:+0.009(105.0) 25:-0.021(118.0) 26:-0.100(85.0),2021-08-05,2026-10-08,,284,-0.012657,222,-0.072924,1,-1.0915,-20.875,189.13,-10.894,68.464,-9.9811,120.67,-18.442
dt,NVDA,stock,False,us_cash,H1,60,k=0.3,0.3,False,True,M5,1284,765,0.59579,0.012305,0.66725,0.49804,0.0362,0.023895,355,0.050417,410,-0.020693,2025,-0.066765,0.66667,-0.030397,-0.0731,True,False,21:+0.019(65.0) 22:+0.079(140.0) 23:+0.037(150.0) 24:+0.015(150.0) 25:-0.067(144.0) 26:-0.010(116.0),2021-08-10,2026-10-08,0.014379,,,,,,,9.4137,198.9,17.898,94.286,-8.4842,104.61,-23.254
dt,NVDA,stock,False,us_cash,H1,60,k=0.5,0.5,False,True,M5,1284,335,0.2609,-0.0082719,-0.47093,0.48358,0.0078923,0.016164,163,0.013126,172,-0.02855,2025,-0.070556,0.33333,-0.016225,-0.024179,True,False,21:-0.009(27.0) 22:+0.042(64.0) 23:-0.004(72.0) 24:+0.038(61.0) 25:-0.071(58.0) 26:-0.059(53.0),2021-08-10,2026-10-08,0.0029851,,,,,,,-2.7711,34.544,2.1395,17.304,-4.9106,17.241,-5.4355
dt,NVDA,stock,False,us_cash,H1,60,k=0.7,0.7,False,True,M5,1284,146,0.11371,-0.015975,-0.84912,0.47945,-0.00319,0.012785,79,-0.010242,67,-0.022735,2025,-0.088848,0.33333,-0.013773,-0.011571,False,False,21:+0.026(14.0) 22:-0.010(33.0) 23:-0.026(32.0) 24:+0.013(31.0) 25:-0.089(20.0) 26:-0.010(16.0),2021-08-16,2026-08-27,0,,,,,,,-2.3324,7.5305,-0.80911,3.2249,-1.5233,4.3056,-2.0108
rb,NVDA,stock,False,us_cash,H1,60,RB,0,False,True,M5,1284,465,0.36215,-0.07589,-2.8928,0.44516,-0.046459,0.029431,182,-0.091814,283,-0.065649,2026,-0.1351,0,-0.035107,0.0056762,False,False,21:-0.038(29.0) 22:-0.076(72.0) 23:-0.125(81.0) 24:-0.027(96.0) 25:-0.049(108.0) 26:-0.135(79.0),2021-08-05,2026-10-08,,272,-0.055063,192,-0.10039,1,-1.0364,-35.289,151.17,-16.71,65.145,-18.579,86.027,-16.325
dt,PFE,stock,False,us_cash,M5,5,k=0.3,0.3,False,False,M5,1288,910,0.70652,-0.13856,-6.8174,0.36923,-0.022395,0.11616,433,-0.068148,477,-0.20247,2026,-0.35689,0,-0.1218,-0.10505,False,False,21:-0.126(85.0) 22:-0.081(178.0) 23:-0.026(170.0) 24:-0.097(164.0) 25:-0.180(175.0) 26:-0.357(138.0),2021-08-03,2026-10-08,0.0032967,,,,,,,-126.09,359.15,-29.508,148.71,-96.578,210.44,-110.84
dt,PFE,stock,False,us_cash,M5,5,k=0.5,0.5,False,False,M5,1288,409,0.31755,-0.11445,-5.3602,0.3643,-0.035469,0.078984,202,-0.082229,207,-0.1459,2026,-0.27846,0,-0.077421,-0.040389,False,False,21:-0.101(34.0) 22:-0.097(81.0) 23:-0.061(87.0) 24:-0.078(70.0) 25:-0.084(69.0) 26:-0.278(68.0),2021-08-03,2026-10-02,0.002445,,,,,,,-46.811,81.438,-16.61,33.921,-30.201,47.517,-31.665
dt,PFE,stock,False,us_cash,M5,5,k=0.7,0.7,False,False,M5,1288,194,0.15062,-0.092201,-3.7062,0.37629,-0.030458,0.061742,96,-0.092124,98,-0.092276,2026,-0.22742,0,-0.058498,-0.024795,False,False,21:-0.073(16.0) 22:-0.069(33.0) 23:-0.115(47.0) 24:-0.039(31.0) 25:-0.022(36.0) 26:-0.227(31.0),2021-08-03,2026-10-02,0.0051546,,,,,,,-17.887,24.821,-8.8439,11.63,-9.043,13.191,-11.349
rb,PFE,stock,False,us_cash,M5,5,RB,0,False,False,M5,1288,456,0.35404,-0.20899,-6.2359,0.3114,-0.043823,0.16517,186,-0.1144,270,-0.27415,2026,-0.46621,0,-0.15785,-0.10671,False,False,21:-0.025(36.0) 22:-0.183(75.0) 23:-0.088(75.0) 24:-0.137(102.0) 25:-0.267(92.0) 26:-0.466(76.0),2021-08-02,2026-09-24,,241,-0.11458,215,-0.31481,0,,-95.299,252.96,-21.278,97.566,-74.021,155.39,-71.979
dt,PFE,stock,False,us_cash,M15,15,k=0.3,0.3,False,False,M5,1288,909,0.70575,-0.13872,-6.7929,0.36964,-0.022072,0.11665,432,-0.068191,477,-0.2026,2026,-0.35591,0,-0.12226,-0.10579,False,False,21:-0.129(85.0) 22:-0.074(177.0) 23:-0.031(170.0) 24:-0.099(164.0) 25:-0.179(175.0) 26:-0.356(138.0),2021-08-03,2026-10-08,0.0055006,,,,,,,-126.1,361.72,-29.459,151.14,-96.642,210.58,-111.13
dt,PFE,stock,False,us_cash,M15,15,k=0.5,0.5,False,False,M5,1288,409,0.31755,-0.11592,-5.3773,0.3643,-0.036703,0.079213,202,-0.085077,207,-0.14601,2026,-0.27836,0,-0.07765,-0.039384,False,False,21:-0.101(34.0) 22:-0.097(81.0) 23:-0.068(87.0) 24:-0.077(70.0) 25:-0.085(69.0) 26:-0.278(68.0),2021-08-03,2026-10-02,0.00489,,,,,,,-47.41,83.039,-17.186,35.502,-30.224,47.538,-31.759
dt,PFE,stock,False,us_cash,M15,15,k=0.7,0.7,False,False,M5,1288,194,0.15062,-0.093642,-3.6967,0.37113,-0.031768,0.061875,96,-0.095565,98,-0.091759,2026,-0.22742,0,-0.058363,-0.023083,False,False,21:-0.074(16.0) 22:-0.069(33.0) 23:-0.121(47.0) 24:-0.038(31.0) 25:-0.021(36.0) 26:-0.227(31.0),2021-08-03,2026-10-02,0.0051546,,,,,,,-18.167,25.727,-9.1743,12.383,-8.9923,13.345,-11.322
rb,PFE,stock,False,us_cash,M15,15,RB,0,False,False,M5,1288,455,0.35326,-0.20956,-6.4005,0.31868,-0.045956,0.1636,185,-0.1145,270,-0.27469,2026,-0.43063,0,-0.15946,-0.10937,False,False,21:-0.049(36.0) 22:-0.181(74.0) 23:-0.081(75.0) 24:-0.144(102.0) 25:-0.291(92.0) 26:-0.431(76.0),2021-08-02,2026-09-24,,241,-0.13543,212,-0.28553,2,-1.0893,-95.348,241.41,-21.182,89.569,-74.166,151.84,-72.557
dt,PFE,stock,False,us_cash,M30,30,k=0.3,0.3,False,False,M5,1288,907,0.70419,-0.13635,-6.7384,0.37045,-0.019471,0.11688,431,-0.063877,476,-0.20197,2026,-0.3558,0,-0.12289,-0.10943,False,False,21:-0.117(84.0) 22:-0.074(177.0) 23:-0.027(170.0) 24:-0.096(163.0) 25:-0.179(175.0) 26:-0.356(138.0),2021-08-03,2026-10-08,0.0088203,,,,,,,-123.67,353.32,-27.531,146.16,-96.137,207.15,-111.46
dt,PFE,stock,False,us_cash,M30,30,k=0.5,0.5,False,False,M5,1288,408,0.31677,-0.11365,-5.3082,0.3652,-0.034349,0.079301,202,-0.082709,206,-0.14399,2026,-0.27836,0,-0.077734,-0.041818,False,False,21:-0.102(34.0) 22:-0.097(81.0) 23:-0.062(87.0) 24:-0.071(69.0) 25:-0.085(69.0) 26:-0.278(68.0),2021-08-03,2026-10-02,0.0073529,,,,,,,-46.369,81.388,-16.707,34.037,-29.662,47.351,-31.715
dt,PFE,stock,False,us_cash,M30,30,k=0.7,0.7,False,False,M5,1288,194,0.15062,-0.092036,-3.6873,0.37113,-0.030124,0.061912,96,-0.092378,98,-0.091701,2026,-0.22742,0,-0.0584,-0.024763,False,False,21:-0.075(16.0) 22:-0.069(33.0) 23:-0.115(47.0) 24:-0.038(31.0) 25:-0.021(36.0) 26:-0.227(31.0),2021-08-03,2026-10-02,0.0051546,,,,,,,-17.855,24.971,-8.8683,11.626,-8.9867,13.345,-11.33
rb,PFE,stock,False,us_cash,M30,30,RB,0,False,False,M5,1288,450,0.34938,-0.21949,-6.8491,0.31778,-0.058664,0.16083,182,-0.13184,268,-0.27901,2026,-0.42676,0.16667,-0.16555,-0.1116,False,False,21:+0.014(34.0) 22:-0.187(74.0) 23:-0.144(74.0) 24:-0.144(101.0) 25:-0.307(92.0) 26:-0.427(75.0),2021-08-02,2026-09-24,,241,-0.15033,206,-0.2878,3,-1.0845,-98.77,229.18,-23.996,85.393,-74.775,143.79,-74.495
dt,PFE,stock,False,us_cash,H1,60,k=0.3,0.3,False,True,M5,1288,870,0.67547,-0.13221,-6.4981,0.36437,-0.014804,0.11741,413,-0.061051,457,-0.19652,2026,-0.34441,0,-0.122,-0.1118,False,False,21:-0.133(82.0) 22:-0.055(166.0) 23:-0.031(165.0) 24:-0.120(157.0) 25:-0.150(166.0) 26:-0.344(134.0),2021-08-03,2026-10-08,0.021839,,,,,,,-115.02,328.18,-25.214,131.35,-89.81,196.83,-106.14
dt,PFE,stock,False,us_cash,H1,60,k=0.5,0.5,False,True,M5,1288,390,0.3028,-0.11043,-5.0698,0.36154,-0.030291,0.080143,194,-0.08391,196,-0.13669,2026,-0.27781,0,-0.077867,-0.045299,False,False,21:-0.120(32.0) 22:-0.091(80.0) 23:-0.063(82.0) 24:-0.078(65.0) 25:-0.052(65.0) 26:-0.278(66.0),2021-08-03,2026-10-02,0.0076923,,,,,,,-43.069,76.741,-16.278,30.78,-26.791,45.962,-30.368
dt,PFE,stock,False,us_cash,H1,60,k=0.7,0.7,False,True,M5,1288,176,0.13665,-0.091343,-3.3584,0.34659,-0.027641,0.063702,86,-0.1015,90,-0.081634,2026,-0.24215,0.16667,-0.059624,-0.027904,False,False,21:-0.109(12.0) 22:-0.072(30.0) 23:-0.120(44.0) 24:-0.029(29.0) 25:+0.008(33.0) 26:-0.242(28.0),2021-08-10,2026-10-02,0.0056818,,,,,,,-16.076,24.254,-8.7294,10.995,-7.347,13.259,-10.494
rb,PFE,stock,False,us_cash,H1,60,RB,0,False,True,M5,1288,416,0.32298,-0.20444,-6.414,0.33654,-0.045511,0.15893,166,-0.081743,250,-0.28591,2026,-0.46047,0.16667,-0.16088,-0.11732,False,False,21:+0.034(30.0) 22:-0.134(67.0) 23:-0.082(69.0) 24:-0.181(94.0) 25:-0.261(87.0) 26:-0.460(69.0),2021-08-02,2026-09-24,,227,-0.18128,184,-0.20563,5,-1.2121,-85.047,192.78,-13.569,58.795,-71.477,133.99,-66.926
dt,PLTR,stock,True,us_cash,M5,5,k=0.3,0.3,False,False,M5,1357,855,0.63007,0.014582,0.71561,0.49474,0.048727,0.034145,442,0.016555,413,0.012471,2022,-0.052625,0.57143,-0.029036,-0.072654,True,False,20:-0.021(10.0) 21:+0.022(140.0) 22:-0.053(151.0) 23:+0.088(141.0) 24:+0.007(156.0) 25:-0.009(141.0) 26:+0.046(116.0),2020-12-14,2026-10-08,0,,,,,,,12.468,303.37,7.3171,147.38,5.1506,155.99,-24.826
dt,PLTR,stock,True,us_cash,M5,5,k=0.5,0.5,False,False,M5,1357,387,0.28519,0.0077172,0.38533,0.47545,0.030504,0.022786,203,-0.0087264,184,0.025859,2021,-0.030681,0.66667,-0.025297,-0.058311,True,False,20:-0.189(5.0) 21:-0.031(67.0) 22:-0.010(55.0) 23:+0.023(76.0) 24:+0.003(68.0) 25:+0.011(62.0) 26:+0.072(54.0),2020-12-15,2026-10-08,0,,,,,,,2.9866,59.941,-1.7715,30.922,4.758,29.019,-9.79
dt,PLTR,stock,True,us_cash,M5,5,k=0.7,0.7,False,False,M5,1357,189,0.13928,0.0061943,0.28266,0.46561,0.023465,0.01727,94,-0.014069,95,0.026244,2021,-0.023294,0.5,-0.016483,-0.03916,True,False,20:-0.333(4.0) 21:-0.023(27.0) 22:-0.014(23.0) 23:+0.024(40.0) 24:+0.037(35.0) 25:-0.018(31.0) 26:+0.060(29.0),2020-12-15,2026-10-08,0,,,,,,,1.1707,17.071,-1.3225,9.498,2.4932,7.5735,-3.1153
rb,PLTR,stock,True,us_cash,M5,5,RB,0,False,False,M5,1357,544,0.40088,-0.025266,-0.81857,0.44669,0.01992,0.045186,276,-0.051153,268,0.0013932,2025,-0.090227,0.33333,-0.044549,-0.063832,True,False,20:+0.042(4.0) 21:-0.057(93.0) 22:-0.061(90.0) 23:-0.040(89.0) 24:+0.095(85.0) 25:-0.090(98.0) 26:+0.013(85.0),2020-12-17,2026-10-08,,289,-0.024014,255,-0.026685,0,,-13.745,281.78,-14.118,127.13,0.37337,154.65,-24.235
dt,PLTR,stock,True,us_cash,M15,15,k=0.3,0.3,False,False,M5,1357,855,0.63007,0.014895,0.73096,0.49474,0.049077,0.034182,442,0.017216,413,0.012412,2022,-0.051928,0.57143,-0.02904,-0.072975,True,False,20:-0.021(10.0) 21:+0.022(140.0) 22:-0.052(151.0) 23:+0.089(141.0) 24:+0.007(156.0) 25:-0.009(141.0) 26:+0.046(116.0),2020-12-14,2026-10-08,0,,,,,,,12.735,303.38,7.6093,147.41,5.126,155.98,-24.829
dt,PLTR,stock,True,us_cash,M15,15,k=0.5,0.5,False,False,M5,1357,387,0.28519,0.0079936,0.39937,0.47545,0.030817,0.022824,203,-0.0081284,184,0.02578,2021,-0.030681,0.66667,-0.025334,-0.058662,True,False,20:-0.189(5.0) 21:-0.031(67.0) 22:-0.009(55.0) 23:+0.024(76.0) 24:+0.003(68.0) 25:+0.011(62.0) 26:+0.072(54.0),2020-12-15,2026-10-08,0,,,,,,,3.0935,59.872,-1.6501,30.86,4.7436,29.012,-9.8044
dt,PLTR,stock,True,us_cash,M15,15,k=0.7,0.7,False,False,M5,1357,189,0.13928,0.0062128,0.28352,0.46561,0.0235,0.017287,94,-0.013998,95,0.026211,2021,-0.023048,0.5,-0.0165,-0.039212,True,False,20:-0.333(4.0) 21:-0.023(27.0) 22:-0.014(23.0) 23:+0.024(40.0) 24:+0.037(35.0) 25:-0.018(31.0) 26:+0.060(29.0),2020-12-15,2026-10-08,0,,,,,,,1.1742,17.069,-1.3158,9.4984,2.49,7.5703,-3.1185
rb,PLTR,stock,True,us_cash,M15,15,RB,0,False,False,M5,1357,544,0.40088,-0.033762,-1.1264,0.44301,0.011227,0.04499,276,-0.047333,268,-0.019786,2025,-0.13563,0.16667,-0.046958,-0.060153,True,False,20:+0.042(4.0) 21:-0.033(93.0) 22:-0.075(90.0) 23:-0.039(89.0) 24:+0.097(85.0) 25:-0.136(98.0) 26:-0.003(85.0),2020-12-17,2026-10-08,,289,-0.030686,255,-0.037249,0,,-18.367,266,-13.064,125.57,-5.3026,140.42,-25.545
dt,PLTR,stock,True,us_cash,M30,30,k=0.3,0.3,False,False,M5,1357,854,0.62933,0.015216,0.74578,0.49532,0.049394,0.034179,442,0.017296,412,0.012985,2022,-0.051755,0.57143,-0.027598,-0.070412,True,False,20:-0.021(10.0) 21:+0.022(140.0) 22:-0.052(151.0) 23:+0.089(141.0) 24:+0.005(156.0) 25:-0.006(140.0) 26:+0.046(116.0),2020-12-14,2026-10-08,0.0058548,,,,,,,12.994,303.43,7.6448,147.34,5.3496,156.1,-23.569
dt,PLTR,stock,True,us_cash,M30,30,k=0.5,0.5,False,False,M5,1357,387,0.28519,0.0079955,0.39946,0.47545,0.030817,0.022822,203,-0.0081284,184,0.025784,2021,-0.030681,0.66667,-0.025332,-0.05866,True,False,20:-0.189(5.0) 21:-0.031(67.0) 22:-0.009(55.0) 23:+0.024(76.0) 24:+0.003(68.0) 25:+0.011(62.0) 26:+0.072(54.0),2020-12-15,2026-10-08,0.002584,,,,,,,3.0943,59.872,-1.6501,30.86,4.7443,29.012,-9.8037
dt,PLTR,stock,True,us_cash,M30,30,k=0.7,0.7,False,False,M5,1357,189,0.13928,0.0062048,0.28316,0.46561,0.0235,0.017295,94,-0.013998,95,0.026195,2021,-0.023048,0.5,-0.016508,-0.03922,True,False,20:-0.333(4.0) 21:-0.023(27.0) 22:-0.014(23.0) 23:+0.024(40.0) 24:+0.037(35.0) 25:-0.018(31.0) 26:+0.060(29.0),2020-12-15,2026-10-08,0,,,,,,,1.1727,17.069,-1.3158,9.4984,2.4885,7.5703,-3.12
rb,PLTR,stock,True,us_cash,M30,30,RB,0,False,False,M5,1357,533,0.39278,-0.035201,-1.2354,0.45216,0.008315,0.043516,269,-0.04092,264,-0.029373,2025,-0.15411,0.16667,-0.043911,-0.052621,True,False,20:+0.042(4.0) 21:-0.048(91.0) 22:-0.038(86.0) 23:-0.040(88.0) 24:+0.102(83.0) 25:-0.154(97.0) 26:-0.015(84.0),2020-12-17,2026-10-08,,288,-0.035335,244,-0.030894,1,-1.0473,-18.762,230.86,-11.007,115.96,-7.7545,114.9,-23.405
dt,PLTR,stock,True,us_cash,H1,60,k=0.3,0.3,False,True,M5,1357,830,0.61164,0.0079136,0.39296,0.49518,0.042008,0.034095,425,0.010677,405,0.0050136,2022,-0.066204,0.57143,-0.029528,-0.066969,True,False,20:+0.009(10.0) 21:+0.007(136.0) 22:-0.066(141.0) 23:+0.093(138.0) 24:-0.014(150.0) 25:-0.016(139.0) 26:+0.055(116.0),2020-12-14,2026-10-08,0.016867,,,,,,,6.5683,279.1,4.5378,140.09,2.0305,139.01,-24.508
dt,PLTR,stock,True,us_cash,H1,60,k=0.5,0.5,False,True,M5,1357,373,0.27487,-0.0018627,-0.093238,0.47185,0.021036,0.022898,197,-0.011098,176,0.0084742,2021,-0.043259,0.5,-0.025518,-0.049173,True,False,20:-0.173(5.0) 21:-0.043(65.0) 22:+0.002(52.0) 23:+0.018(75.0) 24:-0.022(67.0) 25:-0.023(57.0) 26:+0.082(52.0),2020-12-15,2026-10-08,0.002681,,,,,,,-0.69479,55.381,-2.1862,29.834,1.4915,25.547,-9.5182
dt,PLTR,stock,True,us_cash,H1,60,k=0.7,0.7,False,True,M5,1357,170,0.12528,-0.0047024,-0.19881,0.48235,0.012693,0.017396,85,-0.01532,85,0.0059148,2025,-0.05793,0.5,-0.0168,-0.028898,True,False,20:-0.590(2.0) 21:-0.040(26.0) 22:-0.016(21.0) 23:+0.035(36.0) 24:+0.003(31.0) 25:-0.058(28.0) 26:+0.078(26.0),2020-12-15,2026-10-08,0,,,,,,,-0.79941,16.076,-1.3022,9.4167,0.50276,6.6596,-2.8561
rb,PLTR,stock,True,us_cash,H1,60,RB,0,False,True,M5,1357,498,0.36699,-0.06957,-2.6201,0.43574,-0.028177,0.041394,253,-0.068704,245,-0.070466,2025,-0.2116,0.16667,-0.048428,-0.027285,False,False,20:+0.370(3.0) 21:-0.083(88.0) 22:-0.081(76.0) 23:-0.058(86.0) 24:+0.061(76.0) 25:-0.212(91.0) 26:-0.034(78.0),2020-12-17,2026-10-08,,277,-0.064463,220,-0.071557,1,-1.0473,-34.646,176.92,-17.382,91.113,-17.264,85.804,-24.117
dt,QCOM,stock,True,us_cash,M5,5,k=0.3,0.3,False,False,M5,1368,852,0.62281,0.034937,1.8159,0.50822,0.051697,0.01676,453,0.045467,399,0.022983,2020,-0.089247,0.71429,-0.017182,-0.069302,True,False,20:-0.089(22.0) 21:+0.017(136.0) 22:+0.084(142.0) 23:+0.054(153.0) 24:+0.046(139.0) 25:+0.039(138.0) 26:-0.022(122.0),2020-11-11,2026-10-07,0.0023474,,,,,,,29.767,269.42,20.596,134.81,9.1701,134.62,-14.639
dt,QCOM,stock,True,us_cash,M5,5,k=0.5,0.5,False,False,M5,1368,375,0.27412,0.027319,1.4662,0.512,0.038513,0.011194,199,0.019854,176,0.03576,2026,-0.027167,0.83333,-0.012514,-0.052348,True,False,20:-0.071(7.0) 21:+0.004(57.0) 22:+0.011(61.0) 23:+0.047(74.0) 24:+0.038(61.0) 25:+0.092(60.0) 26:-0.027(55.0),2020-11-18,2026-10-05,0,,,,,,,10.245,48.974,3.951,24.519,6.2937,24.455,-4.6928
dt,QCOM,stock,True,us_cash,M5,5,k=0.7,0.7,False,False,M5,1368,182,0.13304,0.0011545,0.05463,0.54396,0.0096751,0.0085207,99,-0.0079848,83,0.012056,2026,-0.07459,0.33333,-0.0090905,-0.019335,True,False,20:+0.057(3.0) 21:-0.003(26.0) 22:-0.059(33.0) 23:+0.029(37.0) 24:-0.002(30.0) 25:+0.111(27.0) 26:-0.075(26.0),2020-12-04,2026-09-28,0,,,,,,,0.21012,14.712,-0.7905,6.5339,1.0006,8.1781,-1.6545
rb,QCOM,stock,True,us_cash,M5,5,RB,0,False,False,M5,1368,552,0.40351,-0.018871,-0.63222,0.45109,0.0051243,0.023995,276,-0.012846,276,-0.024896,2023,-0.15273,0.42857,-0.015375,-0.011879,False,False,20:-0.148(18.0) 21:+0.063(79.0) 22:+0.119(79.0) 23:-0.153(100.0) 24:-0.101(103.0) 25:+0.072(99.0) 26:-0.049(74.0),2020-11-04,2026-10-08,,296,0.0067911,256,-0.048543,0,,-10.417,271.18,-3.5454,142.06,-6.8714,129.12,-8.487
dt,QCOM,stock,True,us_cash,M15,15,k=0.3,0.3,False,False,M5,1368,852,0.62281,0.03512,1.8248,0.50587,0.051903,0.016783,453,0.046196,399,0.022545,2020,-0.085797,0.71429,-0.01702,-0.069161,True,False,20:-0.086(22.0) 21:+0.018(136.0) 22:+0.084(142.0) 23:+0.055(153.0) 24:+0.046(139.0) 25:+0.039(138.0) 26:-0.023(122.0),2020-11-11,2026-10-07,0.0046948,,,,,,,29.922,269.62,20.927,134.99,8.9956,134.63,-14.501
dt,QCOM,stock,True,us_cash,M15,15,k=0.5,0.5,False,False,M5,1368,375,0.27412,0.027451,1.473,0.50933,0.038754,0.011303,199,0.020103,176,0.03576,2026,-0.027911,0.83333,-0.012623,-0.052698,True,False,20:-0.071(7.0) 21:+0.005(57.0) 22:+0.011(61.0) 23:+0.048(74.0) 24:+0.038(61.0) 25:+0.092(60.0) 26:-0.028(55.0),2020-11-18,2026-10-05,0,,,,,,,10.294,48.992,4.0006,24.53,6.2937,24.462,-4.7338
dt,QCOM,stock,True,us_cash,M15,15,k=0.7,0.7,False,False,M5,1368,182,0.13304,0.0012898,0.06103,0.54396,0.0098084,0.0085187,99,-0.0077398,83,0.01206,2026,-0.074576,0.33333,-0.0090885,-0.019467,True,False,20:+0.057(3.0) 21:-0.002(26.0) 22:-0.059(33.0) 23:+0.029(37.0) 24:-0.002(30.0) 25:+0.111(27.0) 26:-0.075(26.0),2020-12-04,2026-09-28,0,,,,,,,0.23474,14.712,-0.76624,6.5318,1.001,8.1807,-1.6541
rb,QCOM,stock,True,us_cash,M15,15,RB,0,False,False,M5,1368,551,0.40278,-0.022511,-0.75988,0.45191,0.0012615,0.023773,276,-0.028824,275,-0.016176,2023,-0.15385,0.42857,-0.017499,-0.012486,False,False,20:-0.148(18.0) 21:+0.008(79.0) 22:+0.119(79.0) 23:-0.154(100.0) 24:-0.072(103.0) 25:+0.069(99.0) 26:-0.054(73.0),2020-11-04,2026-10-08,,296,0.0062839,255,-0.055936,0,,-12.404,266.25,-7.9554,137.69,-4.4483,128.56,-9.6417
dt,QCOM,stock,True,us_cash,M30,30,k=0.3,0.3,False,False,M5,1368,852,0.62281,0.035406,1.8394,0.50822,0.052174,0.016768,453,0.046198,399,0.023154,2020,-0.085797,0.71429,-0.017005,-0.069417,True,False,20:-0.086(22.0) 21:+0.018(136.0) 22:+0.084(142.0) 23:+0.055(153.0) 24:+0.046(139.0) 25:+0.039(138.0) 26:-0.022(122.0),2020-11-11,2026-10-07,0.0058685,,,,,,,30.166,269.72,20.928,134.99,9.2383,134.74,-14.489
dt,QCOM,stock,True,us_cash,M30,30,k=0.5,0.5,False,False,M5,1368,375,0.27412,0.027429,1.472,0.50933,0.038754,0.011325,199,0.020103,176,0.035712,2026,-0.028063,0.83333,-0.012646,-0.05272,True,False,20:-0.071(7.0) 21:+0.005(57.0) 22:+0.011(61.0) 23:+0.048(74.0) 24:+0.038(61.0) 25:+0.092(60.0) 26:-0.028(55.0),2020-11-18,2026-10-05,0,,,,,,,10.286,48.983,4.0006,24.53,6.2853,24.452,-4.7421
dt,QCOM,stock,True,us_cash,M30,30,k=0.7,0.7,False,False,M5,1368,182,0.13304,0.0012941,0.061231,0.54396,0.0098084,0.0085144,99,-0.0077398,83,0.012069,2026,-0.074546,0.33333,-0.0090842,-0.019462,True,False,20:+0.057(3.0) 21:-0.002(26.0) 22:-0.059(33.0) 23:+0.029(37.0) 24:-0.002(30.0) 25:+0.111(27.0) 26:-0.075(26.0),2020-12-04,2026-09-28,0,,,,,,,0.23552,14.714,-0.76624,6.5318,1.0018,8.182,-1.6533
rb,QCOM,stock,True,us_cash,M30,30,RB,0,False,False,M5,1368,541,0.39547,-0.016775,-0.56868,0.45841,0.0062593,0.023034,272,-0.013044,269,-0.020547,2020,-0.15368,0.42857,-0.018181,-0.019588,True,False,20:-0.154(17.0) 21:+0.046(78.0) 22:+0.121(78.0) 23:-0.141(99.0) 24:-0.061(101.0) 25:+0.085(96.0) 26:-0.104(72.0),2020-11-04,2026-10-08,,293,0.0077977,246,-0.037841,2,-1.0255,-9.0752,254.35,-3.5481,137.22,-5.5271,117.13,-9.836
dt,QCOM,stock,True,us_cash,H1,60,k=0.3,0.3,False,True,M5,1368,818,0.59795,0.036485,1.894,0.50611,0.053366,0.016881,437,0.045517,381,0.026126,2020,-0.07342,0.71429,-0.016281,-0.069048,True,False,20:-0.073(21.0) 21:+0.013(129.0) 22:+0.085(137.0) 23:+0.054(150.0) 24:+0.049(133.0) 25:+0.044(132.0) 26:-0.021(116.0),2020-11-11,2026-10-07,0.022005,,,,,,,29.845,249.08,19.891,120.62,9.9538,128.46,-13.318
dt,QCOM,stock,True,us_cash,H1,60,k=0.5,0.5,False,True,M5,1368,344,0.25146,0.035666,1.8832,0.50872,0.047082,0.011415,183,0.026501,161,0.046084,2026,-0.024444,0.66667,-0.01165,-0.058967,True,False,20:-0.037(6.0) 21:-0.006(49.0) 22:+0.025(56.0) 23:+0.055(72.0) 24:+0.044(56.0) 25:+0.112(55.0) 26:-0.024(50.0),2020-11-18,2026-10-05,0,,,,,,,12.269,42.76,4.8498,20.321,7.4195,22.439,-4.0076
dt,QCOM,stock,True,us_cash,H1,60,k=0.7,0.7,False,True,M5,1368,167,0.12208,0.0048671,0.2238,0.49701,0.01358,0.0087129,89,-0.005938,78,0.017196,2026,-0.067227,0.5,-0.0088566,-0.02258,True,False,20:+0.068(3.0) 21:-0.021(23.0) 22:-0.064(29.0) 23:+0.047(34.0) 24:+0.005(30.0) 25:+0.116(24.0) 26:-0.067(24.0),2020-12-04,2026-09-28,0,,,,,,,0.81281,13.116,-0.52848,5.4683,1.3413,7.6477,-1.4791
rb,QCOM,stock,True,us_cash,H1,60,RB,0,False,True,M5,1368,494,0.36111,-0.044369,-1.5574,0.4413,-0.022086,0.022283,243,-0.03101,251,-0.057302,2020,-0.23806,0.42857,-0.020226,0.0039173,False,False,20:-0.238(15.0) 21:+0.080(68.0) 22:+0.066(71.0) 23:-0.158(89.0) 24:-0.098(95.0) 25:+0.021(89.0) 26:-0.104(67.0),2020-11-04,2026-10-08,,272,-0.0066951,221,-0.086257,1,-1.0343,-21.918,198.64,-7.5354,98.329,-14.383,100.31,-9.9916
dt,T,stock,False,us_cash,M5,5,k=0.3,0.3,False,False,M5,1300,904,0.69538,-0.1346,-6.6957,0.3396,0.0094554,0.14406,438,-0.05285,466,-0.21145,2026,-0.3121,0.16667,-0.14259,-0.15057,True,False,21:+0.001(97.0) 22:-0.074(175.0) 23:-0.061(166.0) 24:-0.093(164.0) 25:-0.248(172.0) 26:-0.312(130.0),2021-06-24,2026-10-08,0.0033186,,,,,,,-121.68,346.28,-23.148,170.15,-98.534,176.13,-128.9
dt,T,stock,False,us_cash,M5,5,k=0.5,0.5,False,False,M5,1300,395,0.30385,-0.08957,-4.3422,0.33165,0.0046784,0.094249,201,-0.04327,194,-0.13754,2026,-0.26484,0,-0.092128,-0.094686,True,False,21:-0.054(50.0) 22:-0.032(76.0) 23:-0.047(75.0) 24:-0.046(73.0) 25:-0.140(70.0) 26:-0.265(51.0),2021-06-25,2026-10-08,0,,,,,,,-35.38,69.392,-8.6973,37.109,-26.683,32.283,-36.391
dt,T,stock,False,us_cash,M5,5,k=0.7,0.7,False,False,M5,1300,184,0.14154,-0.064142,-2.6404,0.375,0.0078828,0.072024,99,-0.044508,85,-0.087009,2026,-0.20447,0,-0.07009,-0.076038,True,False,21:-0.099(27.0) 22:-0.027(34.0) 23:-0.022(38.0) 24:-0.050(36.0) 25:-0.041(27.0) 26:-0.204(22.0),2021-06-29,2026-09-16,0,,,,,,,-11.802,20.627,-4.4063,12.654,-7.3957,7.9737,-12.896
rb,T,stock,False,us_cash,M5,5,RB,0,False,False,M5,1300,443,0.34077,-0.21001,-6.2729,0.35214,-0.0098173,0.20019,185,-0.078197,258,-0.30453,2025,-0.44044,0,-0.20253,-0.19505,False,False,21:-0.086(38.0) 22:-0.130(79.0) 23:-0.013(68.0) 24:-0.100(90.0) 25:-0.440(96.0) 26:-0.379(72.0),2021-06-29,2026-10-07,,241,-0.10893,202,-0.33062,0,,-93.035,239.01,-14.466,86.65,-78.569,152.36,-89.721
dt,T,stock,False,us_cash,M15,15,k=0.3,0.3,False,False,M5,1300,903,0.69462,-0.13309,-6.6283,0.34109,0.012224,0.14532,437,-0.050262,466,-0.21077,2026,-0.31084,0,-0.14356,-0.15403,True,False,21:-0.002(97.0) 22:-0.076(175.0) 23:-0.052(165.0) 24:-0.092(164.0) 25:-0.249(172.0) 26:-0.311(130.0),2021-06-24,2026-10-08,0.0033223,,,,,,,-120.18,344.4,-21.965,168.3,-98.219,176.1,-129.64
dt,T,stock,False,us_cash,M15,15,k=0.5,0.5,False,False,M5,1300,395,0.30385,-0.089445,-4.3422,0.33165,0.0053789,0.094824,201,-0.044007,194,-0.13652,2026,-0.26353,0,-0.092704,-0.095962,True,False,21:-0.055(50.0) 22:-0.032(76.0) 23:-0.049(75.0) 24:-0.045(73.0) 25:-0.139(70.0) 26:-0.264(51.0),2021-06-25,2026-10-08,0.0025316,,,,,,,-35.331,69.198,-8.8454,37.075,-26.485,32.123,-36.618
dt,T,stock,False,us_cash,M15,15,k=0.7,0.7,False,False,M5,1300,184,0.14154,-0.063484,-2.6198,0.38043,0.0088663,0.07235,99,-0.043874,85,-0.086324,2026,-0.20462,0,-0.070416,-0.077347,True,False,21:-0.098(27.0) 22:-0.025(34.0) 23:-0.023(38.0) 24:-0.048(36.0) 25:-0.041(27.0) 26:-0.205(22.0),2021-06-29,2026-09-16,0,,,,,,,-11.681,20.514,-4.3435,12.541,-7.3375,7.9738,-12.956
rb,T,stock,False,us_cash,M15,15,RB,0,False,False,M5,1300,437,0.33615,-0.20635,-6.2982,0.35469,-0.0072858,0.19907,183,-0.080167,254,-0.29726,2025,-0.43,0,-0.20554,-0.20473,False,False,21:-0.088(38.0) 22:-0.132(78.0) 23:-0.016(67.0) 24:-0.089(88.0) 25:-0.430(94.0) 26:-0.378(72.0),2021-06-29,2026-10-07,,240,-0.10854,197,-0.32552,0,,-90.176,223.13,-14.671,79.757,-75.505,143.38,-89.82
dt,T,stock,False,us_cash,M30,30,k=0.3,0.3,False,False,M5,1300,901,0.69308,-0.13194,-6.5725,0.34073,0.013374,0.14532,436,-0.050767,465,-0.20806,2026,-0.30263,0,-0.14309,-0.15423,True,False,21:-0.003(97.0) 22:-0.076(175.0) 23:-0.052(164.0) 24:-0.091(164.0) 25:-0.248(172.0) 26:-0.303(129.0),2021-06-24,2026-10-08,0.0077691,,,,,,,-118.88,342.49,-22.134,168.31,-96.747,174.17,-128.92
dt,T,stock,False,us_cash,M30,30,k=0.5,0.5,False,False,M5,1300,395,0.30385,-0.089959,-4.3681,0.33165,0.005105,0.095064,201,-0.044771,194,-0.13678,2026,-0.26353,0,-0.092943,-0.095928,True,False,21:-0.056(50.0) 22:-0.032(76.0) 23:-0.051(75.0) 24:-0.045(73.0) 25:-0.140(70.0) 26:-0.264(51.0),2021-06-25,2026-10-08,0.0025316,,,,,,,-35.534,69.205,-8.999,37.067,-26.535,32.138,-36.713
dt,T,stock,False,us_cash,M30,30,k=0.7,0.7,False,False,M5,1300,184,0.14154,-0.063292,-2.615,0.38043,0.0091737,0.072466,99,-0.043523,85,-0.086317,2026,-0.20473,0,-0.070531,-0.07777,True,False,21:-0.098(27.0) 22:-0.025(34.0) 23:-0.021(38.0) 24:-0.048(36.0) 25:-0.041(27.0) 26:-0.205(22.0),2021-06-29,2026-09-16,0,,,,,,,-11.646,20.462,-4.3088,12.49,-7.3369,7.9729,-12.978
rb,T,stock,False,us_cash,M30,30,RB,0,False,False,M5,1300,435,0.33462,-0.22231,-6.8937,0.34713,-0.025506,0.19681,182,-0.099705,253,-0.31051,2025,-0.4517,0,-0.20211,-0.18191,False,False,21:-0.086(38.0) 22:-0.156(78.0) 23:-0.041(66.0) 24:-0.100(87.0) 25:-0.452(94.0) 26:-0.380(72.0),2021-06-29,2026-10-07,,241,-0.13621,194,-0.32928,0,,-96.706,217.84,-18.146,79.555,-78.56,138.28,-87.918
dt,T,stock,False,us_cash,H1,60,k=0.3,0.3,False,True,M5,1300,850,0.65385,-0.12894,-6.3842,0.34,0.017059,0.146,413,-0.054701,437,-0.19911,2026,-0.28439,0,-0.14516,-0.16137,True,False,21:-0.014(94.0) 22:-0.048(162.0) 23:-0.086(157.0) 24:-0.083(154.0) 25:-0.246(162.0) 26:-0.284(121.0),2021-06-24,2026-10-08,0.017647,,,,,,,-109.6,308.52,-22.591,155.1,-87.01,153.42,-123.38
dt,T,stock,False,us_cash,H1,60,k=0.5,0.5,False,True,M5,1300,365,0.28077,-0.092696,-4.3274,0.32329,0.0019807,0.094677,188,-0.050782,177,-0.13721,2026,-0.24964,0,-0.091298,-0.089901,False,False,21:-0.064(48.0) 22:-0.015(70.0) 23:-0.077(70.0) 24:-0.065(68.0) 25:-0.133(63.0) 26:-0.250(46.0),2021-06-25,2026-10-08,0.0027397,,,,,,,-33.834,64.099,-9.547,34.826,-24.287,29.273,-33.324
dt,T,stock,False,us_cash,H1,60,k=0.7,0.7,False,True,M5,1300,176,0.13538,-0.074599,-3.0186,0.33523,-0.00080617,0.073792,96,-0.052043,80,-0.10167,2026,-0.20635,0.16667,-0.070732,-0.066866,False,False,21:-0.114(27.0) 22:+0.003(31.0) 23:-0.053(38.0) 24:-0.069(32.0) 25:-0.053(26.0) 26:-0.206(22.0),2021-06-29,2026-09-16,0,,,,,,,-13.129,19.79,-4.9961,12.25,-8.1332,7.5402,-12.449
rb,T,stock,False,us_cash,H1,60,RB,0,False,True,M5,1300,396,0.30462,-0.21492,-6.7038,0.33586,-0.027053,0.18787,173,-0.098425,223,-0.3053,2025,-0.44181,0,-0.1933,-0.17169,False,False,21:-0.083(38.0) 22:-0.125(74.0) 23:-0.075(61.0) 24:-0.079(78.0) 25:-0.442(81.0) 26:-0.408(64.0),2021-06-29,2026-10-07,,226,-0.15497,170,-0.29463,0,,-85.109,179.07,-17.028,66.169,-68.081,112.9,-76.548
dt,TSLA,stock,False,us_cash,M5,5,k=0.3,0.3,False,False,M5,1285,853,0.66381,0.04603,2.4211,0.49472,0.052468,0.006438,402,0.09168,451,0.0053387,2024,-0.012696,0.83333,6.0949e-05,-0.045908,True,False,21:+0.110(64.0) 22:+0.103(165.0) 23:+0.074(173.0) 24:-0.013(167.0) 25:+0.011(167.0) 26:+0.023(117.0),2021-08-06,2026-10-08,0,,,,,,,39.263,264.5,36.855,125.77,2.4078,138.73,0.05199
dt,TSLA,stock,False,us_cash,M5,5,k=0.5,0.5,False,False,M5,1285,358,0.2786,0.054012,2.9349,0.54749,0.058254,0.004242,170,0.097551,188,0.014642,2024,-0.015487,0.83333,-0.0049925,-0.063997,True,True,21:+0.051(37.0) 22:+0.125(68.0) 23:+0.095(65.0) 24:-0.015(71.0) 25:+0.048(65.0) 26:+0.014(52.0),2021-08-06,2026-10-05,0,,,,,,,19.336,44.331,16.584,18.754,2.7527,25.577,-1.7873
dt,TSLA,stock,False,us_cash,M5,5,k=0.7,0.7,False,False,M5,1285,164,0.12763,0.051251,2.5864,0.57317,0.0546,0.003349,79,0.075863,85,0.028376,2024,-0.0010277,0.83333,-0.003349,-0.057949,True,False,21:+0.097(16.0) 22:+0.079(31.0) 23:+0.062(32.0) 24:-0.001(31.0) 25:+0.046(33.0) 26:+0.044(21.0),2021-08-06,2026-08-31,0,,,,,,,8.4051,10.927,5.9932,4.4492,2.412,6.4779,-0.54923
rb,TSLA,stock,False,us_cash,M5,5,RB,0,False,False,M5,1285,482,0.3751,0.05385,1.7108,0.51867,0.063515,0.0096648,198,0.12886,284,0.0015537,2026,-0.07178,0.66667,-0.0098017,-0.073453,True,False,21:+0.040(33.0) 22:+0.199(74.0) 23:+0.104(91.0) 24:-0.006(100.0) 25:+0.076(96.0) 26:-0.072(88.0),2021-08-06,2026-10-08,,275,0.053796,207,0.053922,0,,25.956,231.1,25.514,91.855,0.44126,139.25,-4.7244
dt,TSLA,stock,False,us_cash,M15,15,k=0.3,0.3,False,False,M5,1285,853,0.66381,0.045938,2.4161,0.49355,0.052468,0.0065292,402,0.09161,451,0.0052286,2024,-0.012769,0.83333,-3.03e-05,-0.045999,True,False,21:+0.110(64.0) 22:+0.103(165.0) 23:+0.074(173.0) 24:-0.013(167.0) 25:+0.011(167.0) 26:+0.023(117.0),2021-08-06,2026-10-08,0,,,,,,,39.185,264.52,36.827,125.79,2.3581,138.73,-0.025846
dt,TSLA,stock,False,us_cash,M15,15,k=0.5,0.5,False,False,M5,1285,358,0.2786,0.053976,2.933,0.54749,0.058287,0.0043107,170,0.097475,188,0.014641,2024,-0.015335,0.83333,-0.0050612,-0.064098,True,True,21:+0.051(37.0) 22:+0.125(68.0) 23:+0.095(65.0) 24:-0.015(71.0) 25:+0.048(65.0) 26:+0.014(52.0),2021-08-06,2026-10-05,0,,,,,,,19.323,44.326,16.571,18.748,2.7525,25.578,-1.8119
dt,TSLA,stock,False,us_cash,M15,15,k=0.7,0.7,False,False,M5,1285,164,0.12763,0.051159,2.5826,0.57317,0.0546,0.0034404,79,0.075738,85,0.028315,2024,-0.00096315,0.83333,-0.0034404,-0.05804,True,False,21:+0.097(16.0) 22:+0.079(31.0) 23:+0.062(32.0) 24:-0.001(31.0) 25:+0.046(33.0) 26:+0.044(21.0),2021-08-06,2026-08-31,0,,,,,,,8.3901,10.919,5.9833,4.4445,2.4068,6.4743,-0.56423
rb,TSLA,stock,False,us_cash,M15,15,RB,0,False,False,M5,1285,480,0.37354,0.055611,1.775,0.52292,0.065203,0.0095915,198,0.12878,282,0.0042408,2026,-0.042038,0.66667,-0.0096659,-0.074943,True,False,21:+0.041(33.0) 22:+0.199(74.0) 23:+0.104(91.0) 24:-0.024(100.0) 25:+0.075(96.0) 26:-0.042(86.0),2021-08-06,2026-10-08,,275,0.051899,205,0.060591,0,,26.693,227.18,25.498,91.812,1.1959,135.37,-4.6396
dt,TSLA,stock,False,us_cash,M30,30,k=0.3,0.3,False,False,M5,1285,853,0.66381,0.045899,2.414,0.49355,0.052468,0.0065682,402,0.091583,451,0.0051789,2024,-0.012793,0.83333,-6.9269e-05,-0.046038,True,False,21:+0.109(64.0) 22:+0.103(165.0) 23:+0.074(173.0) 24:-0.013(167.0) 25:+0.011(167.0) 26:+0.023(117.0),2021-08-06,2026-10-08,0,,,,,,,39.152,264.54,36.816,125.81,2.3357,138.73,-0.059087
dt,TSLA,stock,False,us_cash,M30,30,k=0.5,0.5,False,False,M5,1285,358,0.2786,0.05394,2.9312,0.54749,0.058287,0.0043467,170,0.097464,188,0.014583,2024,-0.015393,0.83333,-0.0050971,-0.064134,True,True,21:+0.051(37.0) 22:+0.125(68.0) 23:+0.095(65.0) 24:-0.015(71.0) 25:+0.048(65.0) 26:+0.014(52.0),2021-08-06,2026-10-05,0,,,,,,,19.31,44.321,16.569,18.746,2.7416,25.575,-1.8248
dt,TSLA,stock,False,us_cash,M30,30,k=0.7,0.7,False,False,M5,1285,164,0.12763,0.051137,2.5816,0.57317,0.0546,0.0034629,79,0.075718,85,0.028291,2024,-0.00098965,0.83333,-0.0034629,-0.058063,True,False,21:+0.097(16.0) 22:+0.079(31.0) 23:+0.062(32.0) 24:-0.001(31.0) 25:+0.046(33.0) 26:+0.044(21.0),2021-08-06,2026-08-31,0,,,,,,,8.3865,10.918,5.9818,4.4445,2.4047,6.4735,-0.56791
rb,TSLA,stock,False,us_cash,M30,30,RB,0,False,False,M5,1285,479,0.37276,0.031387,1.0758,0.51775,0.040769,0.0093815,198,0.094948,281,-0.013399,2024,-0.054014,0.5,-0.0089019,-0.049191,True,False,21:-0.004(33.0) 22:+0.145(74.0) 23:+0.090(91.0) 24:-0.054(99.0) 25:+0.051(96.0) 26:-0.039(86.0),2021-08-06,2026-10-08,,275,0.036839,204,0.024038,0,,15.035,195.38,18.8,82.572,-3.7652,112.81,-4.264
dt,TSLA,stock,False,us_cash,H1,60,k=0.3,0.3,False,True,M5,1285,821,0.63891,0.045562,2.4358,0.51279,0.052182,0.0066205,384,0.089272,437,0.0071535,2024,-0.032168,0.83333,-0.00092422,-0.04741,True,False,21:+0.120(63.0) 22:+0.098(156.0) 23:+0.069(165.0) 24:-0.032(162.0) 25:+0.012(162.0) 26:+0.056(113.0),2021-08-06,2026-10-08,0.0060901,,,,,,,37.406,237.25,34.28,112.3,3.1261,124.94,-0.75878
dt,TSLA,stock,False,us_cash,H1,60,k=0.5,0.5,False,True,M5,1285,345,0.26848,0.048121,2.6816,0.50725,0.05256,0.0044392,164,0.090018,181,0.01016,2024,-0.035392,0.83333,-0.0058602,-0.059842,True,False,21:+0.059(35.0) 22:+0.113(65.0) 23:+0.084(64.0) 24:-0.035(67.0) 25:+0.043(63.0) 26:+0.030(51.0),2021-08-06,2026-10-05,0,,,,,,,16.602,39.017,14.763,16.57,1.8389,22.448,-2.0218
dt,TSLA,stock,False,us_cash,H1,60,k=0.7,0.7,False,True,M5,1285,152,0.11829,0.050516,2.5901,0.58553,0.054061,0.0035446,72,0.078539,80,0.025296,2024,-0.034697,0.83333,-0.0035446,-0.057605,True,False,21:+0.080(15.0) 22:+0.091(27.0) 23:+0.067(30.0) 24:-0.035(29.0) 25:+0.047(32.0) 26:+0.080(19.0),2021-08-06,2026-08-31,0,,,,,,,7.6785,9.1186,5.6548,3.7703,2.0237,5.3483,-0.53878
rb,TSLA,stock,False,us_cash,H1,60,RB,0,False,True,M5,1285,445,0.3463,0.028762,1.0602,0.50112,0.037697,0.0089357,184,0.077086,261,-0.0053058,2026,-0.049707,0.5,-0.0093896,-0.047541,True,False,21:-0.048(28.0) 22:+0.107(69.0) 23:+0.093(87.0) 24:-0.016(89.0) 25:+0.046(89.0) 26:-0.050(83.0),2021-08-06,2026-10-08,,263,0.017181,182,0.045496,0,,12.799,145.78,14.184,65.016,-1.3848,80.763,-4.1784
dt,V,stock,False,us_cash,M5,5,k=0.3,0.3,False,False,M5,1243,914,0.73532,-0.043824,-2.166,0.43982,-0.017681,0.026143,424,-0.048445,490,-0.039825,2025,-0.079625,0.16667,-0.030791,-0.017758,False,False,21:-0.058(40.0) 22:-0.039(176.0) 23:-0.054(208.0) 24:+0.007(173.0) 25:-0.080(174.0) 26:-0.048(143.0),2021-08-09,2026-10-08,0.0043764,,,,,,,-40.055,343.36,-20.541,153.11,-19.514,190.25,-28.143
dt,V,stock,False,us_cash,M5,5,k=0.5,0.5,False,False,M5,1243,413,0.33226,-0.028193,-1.3734,0.44068,-0.011894,0.0163,188,-0.02101,225,-0.034196,2026,-0.071395,0.33333,-0.024313,-0.020433,False,False,21:-0.030(17.0) 22:+0.005(70.0) 23:-0.038(101.0) 24:+0.008(82.0) 25:-0.048(77.0) 26:-0.071(66.0),2021-08-10,2026-10-05,0.0048426,,,,,,,-11.644,72.032,-3.9498,28.411,-7.6941,43.621,-10.041
dt,V,stock,False,us_cash,M5,5,k=0.7,0.7,False,False,M5,1243,202,0.16251,-0.030445,-1.2734,0.43069,-0.01799,0.012454,83,-0.031649,119,-0.029604,2023,-0.076052,0.4,-0.022544,-0.014643,False,False,21:+0.042(5.0) 22:+0.015(34.0) 23:-0.076(44.0) 24:+0.001(45.0) 25:-0.055(41.0) 26:-0.039(33.0),2021-08-10,2026-10-05,0.009901,,,,,,,-6.1498,23.394,-2.6269,10.655,-3.5229,12.739,-4.5538
rb,V,stock,False,us_cash,M5,5,RB,0,False,False,M5,1243,395,0.31778,-0.029212,-0.77247,0.43291,0.0045165,0.033728,162,0.011611,233,-0.057595,2026,-0.18745,0.5,-0.027636,-0.02606,False,False,21:-0.093(16.0) 22:+0.002(78.0) 23:+0.047(68.0) 24:+0.031(70.0) 25:-0.017(88.0) 26:-0.187(75.0),2021-08-10,2026-10-08,,188,-0.055769,207,-0.0050924,0,,-11.539,222.9,1.881,82.553,-13.42,140.34,-10.916
dt,V,stock,False,us_cash,M15,15,k=0.3,0.3,False,False,M5,1243,911,0.7329,-0.042189,-2.103,0.44237,-0.016323,0.025866,423,-0.049703,488,-0.035675,2025,-0.079949,0.16667,-0.032437,-0.022686,False,False,21:-0.059(40.0) 22:-0.040(176.0) 23:-0.056(207.0) 24:+0.013(172.0) 25:-0.080(174.0) 26:-0.041(142.0),2021-08-09,2026-10-08,0.0098793,,,,,,,-38.434,335.28,-21.025,147.05,-17.41,188.23,-29.55
dt,V,stock,False,us_cash,M15,15,k=0.5,0.5,False,False,M5,1243,413,0.33226,-0.029645,-1.458,0.44068,-0.013368,0.016277,188,-0.023949,225,-0.034403,2026,-0.070892,0.33333,-0.026398,-0.023151,False,False,21:-0.030(17.0) 22:+0.008(70.0) 23:-0.045(101.0) 24:+0.008(82.0) 25:-0.048(77.0) 26:-0.071(66.0),2021-08-10,2026-10-05,0.0048426,,,,,,,-12.243,70.703,-4.5025,27.088,-7.7408,43.615,-10.902
dt,V,stock,False,us_cash,M15,15,k=0.7,0.7,False,False,M5,1243,202,0.16251,-0.033602,-1.4249,0.43564,-0.020975,0.012627,83,-0.039315,119,-0.029617,2023,-0.090953,0.4,-0.022716,-0.011831,False,False,21:+0.042(5.0) 22:+0.016(34.0) 23:-0.091(44.0) 24:+0.001(45.0) 25:-0.055(41.0) 26:-0.039(33.0),2021-08-10,2026-10-05,0.009901,,,,,,,-6.7876,22.806,-3.2631,10.086,-3.5245,12.721,-4.5887
rb,V,stock,False,us_cash,M15,15,RB,0,False,False,M5,1243,393,0.31617,-0.064621,-1.7674,0.4173,-0.031989,0.032632,161,-0.0098882,232,-0.1026,2026,-0.18658,0.33333,-0.032009,0.00060381,False,False,21:-0.099(16.0) 22:-0.030(78.0) 23:+0.035(67.0) 24:+0.019(70.0) 25:-0.128(87.0) 26:-0.187(75.0),2021-08-10,2026-10-08,,187,-0.057217,205,-0.066729,1,-1.017,-25.396,207.6,-1.592,68.199,-23.804,139.4,-12.579
dt,V,stock,False,us_cash,M30,30,k=0.3,0.3,False,False,M5,1243,909,0.7313,-0.041326,-2.0559,0.44334,-0.016016,0.02531,423,-0.049294,486,-0.034391,2025,-0.072692,0.16667,-0.030244,-0.019163,False,False,21:-0.059(40.0) 22:-0.040(176.0) 23:-0.055(207.0) 24:+0.013(172.0) 25:-0.073(172.0) 26:-0.045(142.0),2021-08-09,2026-10-08,0.015402,,,,,,,-37.565,335.06,-20.851,149,-16.714,186.06,-27.492
dt,V,stock,False,us_cash,M30,30,k=0.5,0.5,False,False,M5,1243,413,0.33226,-0.030593,-1.5015,0.4431,-0.014297,0.016297,188,-0.024841,225,-0.035399,2026,-0.073787,0.33333,-0.02431,-0.018027,False,False,21:-0.030(17.0) 22:+0.005(70.0) 23:-0.044(101.0) 24:+0.008(82.0) 25:-0.049(77.0) 26:-0.074(66.0),2021-08-10,2026-10-05,0.0072639,,,,,,,-12.635,71.027,-4.6701,27.527,-7.9649,43.499,-10.04
dt,V,stock,False,us_cash,M30,30,k=0.7,0.7,False,False,M5,1243,202,0.16251,-0.033842,-1.4323,0.43564,-0.021287,0.012555,83,-0.039944,119,-0.029586,2023,-0.090101,0.4,-0.022645,-0.011447,False,False,21:+0.042(5.0) 22:+0.013(34.0) 23:-0.090(44.0) 24:+0.001(45.0) 25:-0.055(41.0) 26:-0.039(33.0),2021-08-10,2026-10-05,0.009901,,,,,,,-6.8361,22.899,-3.3154,10.217,-3.5208,12.681,-4.5742
rb,V,stock,False,us_cash,M30,30,RB,0,False,False,M5,1243,386,0.31054,-0.038726,-1.0483,0.43005,-0.0075056,0.03122,158,0.044923,228,-0.096692,2026,-0.1707,0.66667,-0.028032,-0.017338,False,False,21:+0.209(15.0) 22:+0.012(77.0) 23:+0.046(66.0) 24:+0.042(68.0) 25:-0.143(87.0) 26:-0.171(73.0),2021-08-10,2026-10-08,,186,-0.063577,198,-0.0053103,2,-1.0356,-14.948,203.39,7.0978,70.381,-22.046,133.01,-10.82
dt,V,stock,False,us_cash,H1,60,k=0.3,0.3,False,True,M5,1243,853,0.68624,-0.035421,-1.7934,0.46659,-0.010178,0.025243,401,-0.046459,452,-0.025629,2025,-0.065751,0.16667,-0.032508,-0.029595,False,False,21:-0.058(39.0) 22:-0.035(164.0) 23:-0.054(198.0) 24:+0.012(158.0) 25:-0.066(160.0) 26:-0.022(134.0),2021-08-09,2026-10-08,0.026964,,,,,,,-30.215,284.56,-18.63,128.87,-11.584,155.69,-27.73
dt,V,stock,False,us_cash,H1,60,k=0.5,0.5,False,True,M5,1243,381,0.30652,-0.030279,-1.5196,0.4357,-0.01357,0.016709,171,-0.026536,210,-0.033327,2021,-0.075796,0.16667,-0.026495,-0.022711,False,False,21:-0.076(16.0) 22:+0.008(62.0) 23:-0.041(93.0) 24:-0.010(78.0) 25:-0.031(71.0) 26:-0.066(61.0),2021-08-10,2026-10-05,0.007874,,,,,,,-11.536,57.834,-4.5376,23.137,-6.9986,34.697,-10.095
dt,V,stock,False,us_cash,H1,60,k=0.7,0.7,False,True,M5,1243,188,0.15125,-0.043356,-1.8776,0.42021,-0.03046,0.012897,78,-0.051292,110,-0.03773,2023,-0.090311,0,-0.02377,-0.0041834,False,False,21:-0.007(4.0) 22:-0.006(32.0) 23:-0.090(42.0) 24:-0.028(41.0) 25:-0.044(37.0) 26:-0.044(32.0),2021-08-10,2026-10-05,0.010638,,,,,,,-8.151,19.098,-4.0008,8.9346,-4.1502,10.164,-4.4687
rb,V,stock,False,us_cash,H1,60,RB,0,False,True,M5,1243,356,0.2864,-0.029223,-0.87308,0.43539,-0.00033874,0.028885,147,0.031104,209,-0.071655,2026,-0.14504,0.5,-0.022236,-0.015248,False,False,21:+0.224(15.0) 22:+0.028(71.0) 23:-0.013(61.0) 24:+0.069(63.0) 25:-0.122(82.0) 26:-0.145(64.0),2021-08-10,2026-10-08,,177,-0.072517,178,0.019343,1,-1.011,-10.403,141.89,4.5723,55.959,-14.976,85.935,-7.916
dt,WMT,stock,False,us_cash,M5,5,k=0.3,0.3,False,False,M5,1283,946,0.73733,-0.053516,-2.7392,0.4408,-0.0048633,0.048653,451,-0.047352,495,-0.059132,2025,-0.11075,0,-0.047634,-0.041753,False,False,21:-0.010(75.0) 22:-0.049(184.0) 23:-0.060(192.0) 24:-0.002(179.0) 25:-0.111(177.0) 26:-0.066(139.0),2021-08-10,2026-10-08,0.0021142,,,,,,,-50.626,343.94,-21.356,164.38,-29.271,179.56,-45.062
dt,WMT,stock,False,us_cash,M5,5,k=0.5,0.5,False,False,M5,1283,418,0.3258,-0.031482,-1.6166,0.44737,0.0017152,0.033197,206,-0.034011,212,-0.029024,2021,-0.12923,0.33333,-0.037338,-0.043195,True,False,21:-0.129(40.0) 22:-0.024(79.0) 23:+0.001(87.0) 24:+0.014(80.0) 25:-0.088(74.0) 26:-0.013(58.0),2021-08-10,2026-10-06,0,,,,,,,-13.159,66.516,-7.0062,32.217,-6.1532,34.299,-15.607
dt,WMT,stock,False,us_cash,M5,5,k=0.7,0.7,False,False,M5,1283,200,0.15588,-0.017076,-0.83584,0.405,0.0092331,0.026309,92,-0.013032,108,-0.020521,2021,-0.11641,0.5,-0.028781,-0.040486,True,False,21:-0.116(16.0) 22:-0.014(36.0) 23:+0.029(40.0) 24:+0.023(42.0) 25:-0.092(38.0) 26:+0.011(28.0),2021-08-10,2026-09-30,0,,,,,,,-3.4153,16.671,-1.199,7.8617,-2.2163,8.8088,-5.7563
rb,WMT,stock,False,us_cash,M5,5,RB,0,False,False,M5,1283,372,0.28995,-0.081441,-2.3214,0.4328,-0.014854,0.066587,147,-0.06035,225,-0.095221,2021,-0.2014,0.16667,-0.077205,-0.072968,False,False,21:-0.201(27.0) 22:+0.015(61.0) 23:-0.074(59.0) 24:-0.103(78.0) 25:-0.146(83.0) 26:-0.020(64.0),2021-08-03,2026-10-08,,200,-0.014457,172,-0.15933,0,,-30.296,172.33,-8.8715,95.051,-21.425,77.281,-28.72
dt,WMT,stock,False,us_cash,M15,15,k=0.3,0.3,False,False,M5,1283,943,0.735,-0.051392,-2.6324,0.44221,-0.0026564,0.048735,448,-0.042847,495,-0.059125,2025,-0.1108,0.16667,-0.047707,-0.044023,False,False,21:+0.004(74.0) 22:-0.049(184.0) 23:-0.055(190.0) 24:-0.002(179.0) 25:-0.111(177.0) 26:-0.066(139.0),2021-08-10,2026-10-08,0.0084836,,,,,,,-48.462,341.05,-19.195,161.49,-29.267,179.57,-44.988
dt,WMT,stock,False,us_cash,M15,15,k=0.5,0.5,False,False,M5,1283,418,0.3258,-0.031311,-1.6083,0.44737,0.0017876,0.033098,206,-0.03382,212,-0.028873,2021,-0.12945,0.33333,-0.037239,-0.043168,True,False,21:-0.129(40.0) 22:-0.024(79.0) 23:+0.001(87.0) 24:+0.015(80.0) 25:-0.088(74.0) 26:-0.013(58.0),2021-08-10,2026-10-06,0,,,,,,,-13.088,66.473,-6.9669,32.16,-6.121,34.314,-15.566
dt,WMT,stock,False,us_cash,M15,15,k=0.7,0.7,False,False,M5,1283,200,0.15588,-0.016876,-0.82564,0.405,0.0094191,0.026296,92,-0.013167,108,-0.020037,2021,-0.11622,0.5,-0.028768,-0.040659,True,False,21:-0.116(16.0) 22:-0.015(36.0) 23:+0.030(40.0) 24:+0.023(42.0) 25:-0.091(38.0) 26:+0.012(28.0),2021-08-10,2026-09-30,0,,,,,,,-3.3753,16.686,-1.2113,7.8807,-2.164,8.8054,-5.7535
rb,WMT,stock,False,us_cash,M15,15,RB,0,False,False,M5,1283,368,0.28683,-0.074487,-2.2472,0.4375,-0.0094351,0.065051,145,-0.063068,223,-0.081911,2021,-0.16832,0.16667,-0.075936,-0.077385,True,False,21:-0.168(26.0) 22:-0.013(61.0) 23:-0.069(58.0) 24:-0.081(78.0) 25:-0.156(83.0) 26:+0.016(62.0),2021-08-03,2026-10-08,,200,-0.011671,168,-0.14927,0,,-27.411,150.42,-9.1448,79.195,-18.266,71.227,-27.944
dt,WMT,stock,False,us_cash,M30,30,k=0.3,0.3,False,False,M5,1283,942,0.73422,-0.050796,-2.6077,0.44268,-0.0019347,0.048861,448,-0.043407,494,-0.057497,2025,-0.11066,0.16667,-0.04794,-0.045084,False,False,21:+0.004(74.0) 22:-0.049(184.0) 23:-0.056(190.0) 24:-0.004(179.0) 25:-0.111(177.0) 26:-0.059(138.0),2021-08-10,2026-10-08,0.014862,,,,,,,-47.85,338.78,-19.446,160.63,-28.404,178.15,-45.159
dt,WMT,stock,False,us_cash,M30,30,k=0.5,0.5,False,False,M5,1283,418,0.3258,-0.031317,-1.6084,0.44976,0.0018294,0.033147,206,-0.033834,212,-0.028872,2021,-0.12953,0.33333,-0.037288,-0.043259,True,False,21:-0.130(40.0) 22:-0.024(79.0) 23:+0.001(87.0) 24:+0.014(80.0) 25:-0.088(74.0) 26:-0.013(58.0),2021-08-10,2026-10-06,0,,,,,,,-13.091,66.493,-6.9698,32.177,-6.1209,34.316,-15.586
dt,WMT,stock,False,us_cash,M30,30,k=0.7,0.7,False,False,M5,1283,200,0.15588,-0.016956,-0.82931,0.405,0.0094191,0.026375,92,-0.013184,108,-0.020169,2021,-0.11631,0.5,-0.028847,-0.040738,True,False,21:-0.116(16.0) 22:-0.015(36.0) 23:+0.030(40.0) 24:+0.023(42.0) 25:-0.091(38.0) 26:+0.012(28.0),2021-08-10,2026-09-30,0,,,,,,,-3.3911,16.695,-1.2129,7.8847,-2.1782,8.8101,-5.7694
rb,WMT,stock,False,us_cash,M30,30,RB,0,False,False,M5,1283,365,0.28449,-0.09104,-2.6818,0.4274,-0.026804,0.064236,144,-0.090182,221,-0.091599,2021,-0.20415,0.16667,-0.068544,-0.046049,False,False,21:-0.204(26.0) 22:-0.031(60.0) 23:-0.100(58.0) 24:-0.117(78.0) 25:-0.149(81.0) 26:+0.015(62.0),2021-08-03,2026-10-08,,200,-0.037946,165,-0.1554,0,,-33.23,156.14,-12.986,85.816,-20.243,70.323,-25.019
dt,WMT,stock,False,us_cash,H1,60,k=0.3,0.3,False,True,M5,1283,888,0.69213,-0.052859,-2.7311,0.44369,-0.0033382,0.04952,427,-0.034983,461,-0.069416,2025,-0.12943,0,-0.048891,-0.044923,False,False,21:-0.025(72.0) 22:-0.042(177.0) 23:-0.032(178.0) 24:-0.016(161.0) 25:-0.129(168.0) 26:-0.058(132.0),2021-08-10,2026-10-08,0.029279,,,,,,,-46.939,297.54,-14.938,146.06,-32.001,151.47,-43.415
dt,WMT,stock,False,us_cash,H1,60,k=0.5,0.5,False,True,M5,1283,378,0.29462,-0.026849,-1.3408,0.48942,0.0066759,0.033525,189,-0.01674,189,-0.036957,2021,-0.14067,0.5,-0.038229,-0.049609,True,False,21:-0.141(38.0) 22:+0.004(71.0) 23:+0.024(80.0) 24:+0.003(70.0) 25:-0.104(67.0) 26:-0.004(52.0),2021-08-10,2026-10-06,0.0079365,,,,,,,-10.149,57.416,-3.1639,29.232,-6.9849,28.185,-14.45
dt,WMT,stock,False,us_cash,H1,60,k=0.7,0.7,False,True,M5,1283,178,0.13874,-0.019543,-0.92337,0.41011,0.0071497,0.026693,85,0.0011679,93,-0.038473,2021,-0.13364,0.5,-0.029037,-0.038531,True,False,21:-0.134(15.0) 22:+0.013(32.0) 23:+0.044(38.0) 24:-0.019(37.0) 25:-0.107(34.0) 26:+0.035(22.0),2021-08-10,2026-09-22,0,,,,,,,-3.4787,14.182,0.099267,6.7402,-3.578,7.4415,-5.1686
rb,WMT,stock,False,us_cash,H1,60,RB,0,False,True,M5,1283,324,0.25253,-0.097217,-3.2435,0.44444,-0.032864,0.064353,130,-0.13774,194,-0.070064,2021,-0.18782,0.16667,-0.071399,-0.045581,False,False,21:-0.188(24.0) 22:-0.102(54.0) 23:-0.151(52.0) 24:-0.118(65.0) 25:-0.150(73.0) 26:+0.090(56.0),2021-08-03,2026-10-08,,181,-0.054427,142,-0.14279,1,-1.3715,-31.498,97.078,-17.906,42.297,-13.592,54.781,-23.133
dt,XOM,stock,True,us_cash,M5,5,k=0.3,0.3,False,False,M5,1380,841,0.60942,0.0043101,0.23901,0.49346,0.032876,0.028566,427,0.040579,414,-0.033098,2026,-0.084304,0.42857,-0.026099,-0.056508,True,False,20:+0.071(19.0) 21:-0.003(133.0) 22:+0.055(136.0) 23:+0.064(139.0) 24:-0.012(155.0) 25:-0.014(141.0) 26:-0.084(118.0),2020-11-06,2026-10-08,0,,,,,,,3.6248,229.75,17.327,114.1,-13.702,115.64,-21.949
dt,XOM,stock,True,us_cash,M5,5,k=0.5,0.5,False,False,M5,1380,379,0.27464,-0.017661,-1.0198,0.44327,0.0018796,0.01954,190,0.008827,189,-0.044289,2026,-0.061089,0.33333,-0.020235,-0.022808,True,False,20:+0.036(7.0) 21:-0.029(58.0) 22:+0.036(57.0) 23:+0.015(68.0) 24:-0.019(64.0) 25:-0.054(67.0) 26:-0.061(58.0),2020-11-09,2026-10-08,0,,,,,,,-6.6935,43.081,1.6771,20.958,-8.3706,22.123,-7.6689
dt,XOM,stock,True,us_cash,M5,5,k=0.7,0.7,False,False,M5,1380,155,0.11232,-0.025396,-1.1155,0.43871,-0.0097578,0.015638,77,0.025349,78,-0.075491,2026,-0.12359,0.33333,-0.01893,-0.012463,False,False,20:+0.038(3.0) 21:-0.042(22.0) 22:+0.055(24.0) 23:+0.051(28.0) 24:-0.070(29.0) 25:-0.039(26.0) 26:-0.124(23.0),2020-11-09,2026-10-07,0,,,,,,,-3.9364,12.472,1.9518,4.5974,-5.8883,7.8743,-2.9341
rb,XOM,stock,True,us_cash,M5,5,RB,0,False,False,M5,1380,539,0.39058,-0.04437,-1.6149,0.44156,-0.0046218,0.039749,285,-0.01161,254,-0.081129,2025,-0.13622,0.28571,-0.045404,-0.046438,True,False,20:+0.014(14.0) 21:-0.013(101.0) 22:-0.036(92.0) 23:+0.015(78.0) 24:-0.036(79.0) 25:-0.136(93.0) 26:-0.063(82.0),2020-11-06,2026-10-08,,311,-0.030121,228,-0.063808,0,,-23.916,219.98,-3.3089,120.5,-20.607,99.479,-24.473
dt,XOM,stock,True,us_cash,M15,15,k=0.3,0.3,False,False,M5,1380,841,0.60942,0.0047248,0.262,0.49346,0.033312,0.028587,427,0.041258,414,-0.032955,2026,-0.084442,0.42857,-0.026385,-0.057494,True,False,20:+0.071(19.0) 21:-0.002(133.0) 22:+0.057(136.0) 23:+0.062(139.0) 24:-0.012(155.0) 25:-0.013(141.0) 26:-0.084(118.0),2020-11-06,2026-10-08,0.0023781,,,,,,,3.9736,229.77,17.617,114.17,-13.644,115.6,-22.19
dt,XOM,stock,True,us_cash,M15,15,k=0.5,0.5,False,False,M5,1380,379,0.27464,-0.017604,-1.0165,0.44327,0.0019953,0.019599,190,0.0090375,189,-0.044386,2026,-0.061473,0.33333,-0.020293,-0.022983,True,False,20:+0.036(7.0) 21:-0.028(58.0) 22:+0.037(57.0) 23:+0.015(68.0) 24:-0.019(64.0) 25:-0.054(67.0) 26:-0.061(58.0),2020-11-09,2026-10-08,0,,,,,,,-6.6719,43.085,1.7171,20.961,-8.389,22.124,-7.6912
dt,XOM,stock,True,us_cash,M15,15,k=0.7,0.7,False,False,M5,1380,155,0.11232,-0.025447,-1.1178,0.43871,-0.0097578,0.015689,77,0.025349,78,-0.075591,2026,-0.12393,0.33333,-0.018981,-0.012514,False,False,20:+0.038(3.0) 21:-0.042(22.0) 22:+0.055(24.0) 23:+0.051(28.0) 24:-0.070(29.0) 25:-0.039(26.0) 26:-0.124(23.0),2020-11-09,2026-10-07,0,,,,,,,-3.9443,12.472,1.9518,4.5974,-5.8961,7.8745,-2.942
rb,XOM,stock,True,us_cash,M15,15,RB,0,False,False,M5,1380,536,0.38841,-0.045585,-1.7267,0.43843,-0.0067169,0.038868,285,-0.019476,251,-0.07523,2025,-0.14117,0.28571,-0.044555,-0.043525,False,False,20:+0.014(14.0) 21:-0.040(101.0) 22:-0.031(92.0) 23:+0.015(78.0) 24:-0.016(78.0) 25:-0.141(92.0) 26:-0.057(81.0),2020-11-06,2026-10-08,,311,-0.025784,225,-0.072954,0,,-24.433,200.97,-5.5507,107.17,-18.883,93.794,-23.881
dt,XOM,stock,True,us_cash,M30,30,k=0.3,0.3,False,False,M5,1380,840,0.6087,0.0059488,0.33026,0.49405,0.03454,0.028591,427,0.041258,413,-0.030557,2026,-0.084579,0.42857,-0.026386,-0.05872,True,False,20:+0.071(19.0) 21:-0.002(133.0) 22:+0.057(136.0) 23:+0.062(139.0) 24:-0.005(154.0) 25:-0.013(141.0) 26:-0.085(118.0),2020-11-06,2026-10-08,0.0035714,,,,,,,4.997,228.69,17.617,114.17,-12.62,114.52,-22.164
dt,XOM,stock,True,us_cash,M30,30,k=0.5,0.5,False,False,M5,1380,379,0.27464,-0.017606,-1.0169,0.44327,0.0019953,0.019601,190,0.0090375,189,-0.04439,2026,-0.061484,0.33333,-0.020295,-0.022985,True,False,20:+0.036(7.0) 21:-0.028(58.0) 22:+0.037(57.0) 23:+0.015(68.0) 24:-0.019(64.0) 25:-0.054(67.0) 26:-0.061(58.0),2020-11-09,2026-10-08,0,,,,,,,-6.6725,43.062,1.7171,20.961,-8.3896,22.101,-7.6918
dt,XOM,stock,True,us_cash,M30,30,k=0.7,0.7,False,False,M5,1380,155,0.11232,-0.025473,-1.1183,0.43871,-0.0097578,0.015715,77,0.025349,78,-0.075643,2026,-0.1241,0.33333,-0.019006,-0.01254,False,False,20:+0.038(3.0) 21:-0.042(22.0) 22:+0.055(24.0) 23:+0.051(28.0) 24:-0.070(29.0) 25:-0.039(26.0) 26:-0.124(23.0),2020-11-09,2026-10-07,0,,,,,,,-3.9483,12.486,1.9518,4.5974,-5.9001,7.8883,-2.946
rb,XOM,stock,True,us_cash,M30,30,RB,0,False,False,M5,1380,532,0.38551,-0.058372,-2.3226,0.43421,-0.020284,0.038089,283,-0.035138,249,-0.08478,2025,-0.14979,0.14286,-0.048014,-0.037656,False,False,20:+0.014(14.0) 21:-0.061(100.0) 22:-0.043(92.0) 23:-0.001(77.0) 24:-0.028(78.0) 25:-0.150(90.0) 26:-0.067(81.0),2020-11-06,2026-10-08,,311,-0.026394,221,-0.10337,0,,-31.054,180.25,-9.9439,98.68,-21.11,81.568,-25.544
dt,XOM,stock,True,us_cash,H1,60,k=0.3,0.3,False,True,M5,1380,804,0.58261,0.010706,0.58431,0.49876,0.039354,0.028648,413,0.043525,391,-0.023958,2026,-0.067512,0.42857,-0.025258,-0.061223,True,False,20:+0.030(18.0) 21:-0.014(125.0) 22:+0.049(135.0) 23:+0.093(135.0) 24:-0.002(144.0) 25:-0.011(133.0) 26:-0.068(114.0),2020-11-06,2026-10-08,0.013682,,,,,,,8.608,216.85,17.976,109.67,-9.3676,107.18,-20.308
dt,XOM,stock,True,us_cash,H1,60,k=0.5,0.5,False,True,M5,1380,355,0.25725,-0.009155,-0.5111,0.44507,0.0099431,0.019098,180,0.019962,175,-0.039104,2026,-0.062173,0.33333,-0.018196,-0.027238,True,False,20:-0.022(7.0) 21:-0.028(54.0) 22:+0.050(54.0) 23:+0.039(65.0) 24:-0.018(62.0) 25:-0.040(57.0) 26:-0.062(56.0),2020-11-09,2026-10-08,0,,,,,,,-3.25,40.351,3.5931,19.323,-6.8431,21.028,-6.4597
dt,XOM,stock,True,us_cash,H1,60,k=0.7,0.7,False,True,M5,1380,144,0.10435,-0.01731,-0.71941,0.40278,-0.0012769,0.016033,70,0.036252,74,-0.067977,2026,-0.13018,0.33333,-0.01858,-0.01985,True,False,20:-0.072(3.0) 21:-0.038(21.0) 22:+0.092(20.0) 23:+0.066(26.0) 24:-0.057(27.0) 25:-0.020(24.0) 26:-0.130(23.0),2020-11-09,2026-10-07,0,,,,,,,-2.4927,11.965,2.5376,4.5879,-5.0303,7.3773,-2.6756
rb,XOM,stock,True,us_cash,H1,60,RB,0,False,True,M5,1380,496,0.35942,-0.06261,-2.5931,0.43952,-0.026136,0.036474,268,-0.049722,228,-0.077759,2025,-0.11935,0.14286,-0.043911,-0.025212,False,False,20:+0.044(13.0) 21:-0.042(94.0) 22:-0.089(89.0) 23:-0.029(72.0) 24:-0.068(73.0) 25:-0.119(83.0) 26:-0.040(72.0),2020-11-09,2026-10-08,,300,-0.021091,195,-0.12163,1,-1.0097,-31.054,145.07,-13.325,79.871,-17.729,65.199,-21.78
dt,ZM,stock,False,us_cash,M5,5,k=0.3,0.3,False,False,M5,1285,925,0.71984,-0.042038,-2.1448,0.46054,-0.0011015,0.040937,460,-0.040447,465,-0.043612,2025,-0.085247,0.16667,-0.039563,-0.037087,False,False,21:-0.041(72.0) 22:-0.063(190.0) 23:-0.018(198.0) 24:+0.008(168.0) 25:-0.085(166.0) 26:-0.057(131.0),2021-08-06,2026-10-08,0.0021622,,,,,,,-38.885,329.98,-18.606,141.37,-20.28,188.61,-36.595
dt,ZM,stock,False,us_cash,M5,5,k=0.5,0.5,False,False,M5,1285,438,0.34086,-0.026477,-1.4615,0.47489,-0.0017039,0.024773,220,-0.036781,218,-0.016078,2022,-0.072878,0.33333,-0.023545,-0.020613,False,False,21:-0.054(34.0) 22:-0.073(89.0) 23:+0.002(97.0) 24:-0.003(76.0) 25:-0.043(81.0) 26:+0.004(61.0),2021-08-10,2026-10-08,0,,,,,,,-11.597,63.122,-8.0919,24.074,-3.5049,39.047,-10.313
dt,ZM,stock,False,us_cash,M5,5,k=0.7,0.7,False,False,M5,1285,205,0.15953,-0.031454,-1.5141,0.41463,-0.012696,0.018758,92,-0.037282,113,-0.02671,2022,-0.059671,0.33333,-0.017578,-0.0037026,False,False,21:+0.029(11.0) 22:-0.060(37.0) 23:-0.035(44.0) 24:-0.056(44.0) 25:-0.040(41.0) 26:+0.038(28.0),2021-08-26,2026-10-08,0,,,,,,,-6.4481,18.251,-3.4299,5.1491,-3.0182,13.102,-3.6036
rb,ZM,stock,False,us_cash,M5,5,RB,0,False,False,M5,1285,421,0.32763,-0.00093995,-0.024537,0.47031,0.054811,0.055751,177,0.068553,244,-0.051351,2026,-0.17379,0.66667,-0.041071,-0.081201,True,False,21:+0.093(34.0) 22:+0.099(70.0) 23:+0.028(73.0) 24:+0.124(88.0) 25:-0.131(85.0) 26:-0.174(71.0),2021-08-04,2026-10-08,,196,-0.050093,225,0.041878,0,,-0.39572,259.48,12.134,125.45,-12.53,134.03,-17.291
dt,ZM,stock,False,us_cash,M15,15,k=0.3,0.3,False,False,M5,1285,924,0.71907,-0.041916,-2.1306,0.46212,-0.00067446,0.041241,459,-0.038054,465,-0.045728,2025,-0.085524,0.16667,-0.038723,-0.035531,False,False,21:-0.042(72.0) 22:-0.065(190.0) 23:-0.011(197.0) 24:+0.003(168.0) 25:-0.086(166.0) 26:-0.058(131.0),2021-08-06,2026-10-08,0.0054113,,,,,,,-38.73,331.69,-17.467,140.45,-21.263,191.25,-35.78
dt,ZM,stock,False,us_cash,M15,15,k=0.5,0.5,False,False,M5,1285,438,0.34086,-0.026832,-1.4811,0.47489,-0.0017039,0.025128,220,-0.036858,218,-0.016713,2022,-0.073073,0.33333,-0.0239,-0.020968,False,False,21:-0.054(34.0) 22:-0.073(89.0) 23:+0.002(97.0) 24:-0.003(76.0) 25:-0.045(81.0) 26:+0.003(61.0),2021-08-10,2026-10-08,0,,,,,,,-11.752,63.136,-8.1089,24.118,-3.6435,39.018,-10.468
dt,ZM,stock,False,us_cash,M15,15,k=0.7,0.7,False,False,M5,1285,205,0.15953,-0.031646,-1.5249,0.40976,-0.012621,0.019025,92,-0.037626,113,-0.026776,2022,-0.059838,0.33333,-0.017845,-0.0040442,False,False,21:+0.028(11.0) 22:-0.060(37.0) 23:-0.035(44.0) 24:-0.055(44.0) 25:-0.040(41.0) 26:+0.038(28.0),2021-08-26,2026-10-08,0,,,,,,,-6.4873,18.216,-3.4616,5.1538,-3.0257,13.062,-3.6582
rb,ZM,stock,False,us_cash,M15,15,RB,0,False,False,M5,1285,416,0.32374,-0.0138,-0.36831,0.46394,0.039058,0.052857,175,0.061442,241,-0.068436,2025,-0.17103,0.66667,-0.034026,-0.054252,True,False,21:+0.089(34.0) 22:+0.083(70.0) 23:+0.027(71.0) 24:+0.076(88.0) 25:-0.171(84.0) 26:-0.127(69.0),2021-08-04,2026-10-08,,195,-0.053542,220,0.02598,1,-1.0156,-5.7407,242.44,10.752,117.93,-16.493,124.51,-14.155
dt,ZM,stock,False,us_cash,M30,30,k=0.3,0.3,False,False,M5,1285,924,0.71907,-0.043801,-2.2219,0.46212,-0.0031026,0.040699,459,-0.040108,465,-0.047446,2025,-0.085779,0.16667,-0.038841,-0.033881,False,False,21:-0.042(72.0) 22:-0.067(190.0) 23:-0.014(197.0) 24:+0.000(168.0) 25:-0.086(166.0) 26:-0.060(131.0),2021-08-06,2026-10-08,0.011905,,,,,,,-40.472,333.2,-18.41,140.78,-22.063,192.42,-35.889
dt,ZM,stock,False,us_cash,M30,30,k=0.5,0.5,False,False,M5,1285,438,0.34086,-0.026971,-1.4894,0.47032,-0.001929,0.025042,220,-0.036526,218,-0.017329,2022,-0.072709,0.33333,-0.023814,-0.020657,False,False,21:-0.054(34.0) 22:-0.073(89.0) 23:+0.003(97.0) 24:-0.003(76.0) 25:-0.045(81.0) 26:+0.001(61.0),2021-08-10,2026-10-08,0.0022831,,,,,,,-11.813,63.083,-8.0357,24.111,-3.7778,38.972,-10.431
dt,ZM,stock,False,us_cash,M30,30,k=0.7,0.7,False,False,M5,1285,205,0.15953,-0.031475,-1.5153,0.40488,-0.012603,0.018872,92,-0.037478,113,-0.026587,2022,-0.059829,0.33333,-0.017692,-0.00391,False,False,21:+0.028(11.0) 22:-0.060(37.0) 23:-0.035(44.0) 24:-0.055(44.0) 25:-0.040(41.0) 26:+0.038(28.0),2021-08-26,2026-10-08,0,,,,,,,-6.4523,18.246,-3.448,5.1672,-3.0043,13.079,-3.6269
rb,ZM,stock,False,us_cash,M30,30,RB,0,False,False,M5,1285,413,0.3214,-0.042862,-1.241,0.46247,0.006457,0.049319,175,-0.0060064,238,-0.069963,2025,-0.13326,0.5,-0.048951,-0.055039,True,False,21:+0.015(34.0) 22:+0.037(70.0) 23:-0.058(71.0) 24:+0.035(87.0) 25:-0.133(83.0) 26:-0.127(68.0),2021-08-04,2026-10-08,,196,-0.061041,217,-0.026443,0,,-17.702,203.74,-1.0511,98.557,-16.651,105.19,-20.217
dt,ZM,stock,False,us_cash,H1,60,k=0.3,0.3,False,True,M5,1285,884,0.68794,-0.023204,-1.1699,0.46267,0.016434,0.039638,443,-0.03286,441,-0.013504,2022,-0.072431,0.33333,-0.037286,-0.051368,True,False,21:-0.025(69.0) 22:-0.072(182.0) 23:+0.002(192.0) 24:+0.043(154.0) 25:-0.047(158.0) 26:-0.040(129.0),2021-08-06,2026-10-08,0.027149,,,,,,,-20.512,307.52,-14.557,121.76,-5.9551,185.76,-32.961
dt,ZM,stock,False,us_cash,H1,60,k=0.5,0.5,False,True,M5,1285,407,0.31673,-0.009181,-0.48495,0.48403,0.016206,0.025387,205,-0.032836,202,0.014825,2022,-0.074679,0.5,-0.022777,-0.036372,True,False,21:-0.015(29.0) 22:-0.075(85.0) 23:+0.001(91.0) 24:+0.042(69.0) 25:-0.012(76.0) 26:+0.018(57.0),2021-08-11,2026-10-08,0.004914,,,,,,,-3.7367,59.26,-6.7313,20.562,2.9947,38.697,-9.27
dt,ZM,stock,False,us_cash,H1,60,k=0.7,0.7,False,True,M5,1285,185,0.14397,-0.015677,-0.69523,0.43784,0.00393,0.019607,81,-0.043049,104,0.0056412,2022,-0.09261,0.33333,-0.017855,-0.020032,True,False,21:+0.060(11.0) 22:-0.093(29.0) 23:-0.036(41.0) 24:-0.011(40.0) 25:-0.014(39.0) 26:+0.063(25.0),2021-08-26,2026-10-08,0,,,,,,,-2.9002,17.354,-3.4869,4.6595,0.58668,12.695,-3.3031
rb,ZM,stock,False,us_cash,H1,60,RB,0,False,True,M5,1285,385,0.29961,-0.032826,-1.0309,0.44416,0.012748,0.045574,169,-0.011984,216,-0.049132,2026,-0.085156,0.5,-0.043873,-0.05492,True,False,21:+0.040(34.0) 22:+0.002(67.0) 23:-0.052(68.0) 24:+0.012(80.0) 25:-0.085(76.0) 26:-0.085(60.0),2021-08-04,2026-10-08,,188,-0.061624,197,-0.0053432,0,,-12.638,150.31,-2.0254,77.034,-10.613,73.281,-16.891
