idea,symbol,session,bar,k,day,e_col,x_col,d,e_px,x_px,den,R,R_gross,R_opp,cost_R,both,kind
dt,BTCUSD,utc_day,5,0.5,2018-01-08,180,287,-1,14151.5,14937.6,3998.43,-0.210973,-0.196601,0.182229,0.0143721,0,
dt,BTCUSD,utc_day,5,0.5,2018-01-11,46,287,-1,13121.6,13215.2,3497.01,-0.04295,-0.0267729,0.0105958,0.0161771,0,
dt,BTCUSD,utc_day,5,0.5,2018-01-16,95,287,-1,12533.2,11370.6,2082.83,0.531394,0.558176,-1.02664,0.0267812,0,
dt,BTCUSD,utc_day,5,0.5,2018-01-17,175,287,-1,9560.25,11179,3609.42,-0.463649,-0.448479,0.43331,0.0151693,0,
dt,BTCUSD,utc_day,5,0.5,2018-01-22,191,287,-1,10337,10780.7,2396.02,-0.208085,-0.185182,0.162279,0.0229027,0,
dt,BTCUSD,utc_day,5,0.5,2018-01-26,114,287,-1,10383.3,11063,1473.43,-0.49859,-0.461274,0.423958,0.0373157,0,
dt,BTCUSD,utc_day,5,0.5,2018-01-30,165,287,-1,10428.1,9949.78,1417.85,0.298805,0.337338,-0.375872,0.0385336,0,
dt,BTCUSD,utc_day,5,0.5,2018-02-01,164,287,-1,9043.02,8974.61,2170.02,0.00670145,0.0315251,-0.0563487,0.0248236,0,
dt,BTCUSD,utc_day,5,0.5,2018-02-04,240,287,-1,7916.3,8141.15,2528.32,-0.11002,-0.0889326,0.0678456,0.021087,0,
dt,BTCUSD,utc_day,5,0.5,2018-02-05,184,287,-1,7131.74,6854.3,2018.84,0.111392,0.137425,-0.163459,0.0260335,0,
dt,BTCUSD,utc_day,5,0.5,2018-02-12,98,287,1,8612.22,8871.2,1130.43,0.181604,0.229103,-0.276602,0.0474988,0,
dt,BTCUSD,utc_day,5,0.5,2018-02-14,145,287,1,9026.41,9460.34,1073.2,0.353997,0.404333,-0.454668,0.0503356,0,
dt,BTCUSD,utc_day,5,0.5,2018-02-17,280,287,1,11094,11076,1835.9,-0.0398699,-0.00979356,-0.0202828,0.0300764,0,
dt,BTCUSD,utc_day,5,0.5,2018-02-21,176,287,-1,10421.4,10426.8,1583.99,-0.0379754,-0.00338702,-0.0312014,0.0345884,0,
dt,BTCUSD,utc_day,5,0.5,2018-02-22,178,287,-1,9760.19,9813.84,1333.2,-0.0810258,-0.0402415,-0.000542724,0.0407842,0,
dt,BTCUSD,utc_day,5,0.5,2018-02-26,170,287,1,10244.2,10307,1348.26,0.00606623,0.0466305,-0.0871947,0.0405642,0,
dt,BTCUSD,utc_day,5,0.5,2018-03-01,250,287,1,11035.2,10880.7,1480.47,-0.141583,-0.104342,0.0671005,0.0372413,0,
dt,BTCUSD,utc_day,5,0.5,2018-03-03,163,287,1,11450,11415.7,879.99,-0.101988,-0.0389834,-0.0240211,0.0630045,0,
dt,BTCUSD,utc_day,5,0.5,2018-03-06,123,287,-1,11050.4,10696.8,689.21,0.43317,0.513087,-0.593005,0.0799173,0,
dt,BTCUSD,utc_day,5,0.5,2018-03-07,199,287,-1,10211.7,9884.51,970.8,0.280837,0.337021,-0.393205,0.0561838,0,
dt,BTCUSD,utc_day,5,0.5,2018-03-12,235,287,-1,8843.05,9095.24,1343.98,-0.227706,-0.187644,0.147583,0.0400616,0,
dt,BTCUSD,utc_day,5,0.5,2018-03-14,199,287,-1,8570.34,8176.69,1103.98,0.308153,0.356573,-0.404994,0.0484201,0,
dt,BTCUSD,utc_day,5,0.5,2018-03-23,155,287,-1,8271.08,8881.3,789.85,-0.836918,-0.772583,0.708249,0.0643344,0,
dt,BTCUSD,utc_day,5,0.5,2018-03-24,264,287,-1,8565.89,8495,630.82,-0.00332074,0.112378,-0.228076,0.115698,0,
dt,BTCUSD,utc_day,5,0.5,2018-03-26,135,287,-1,8084.1,8099.2,661.79,-0.122689,-0.0228094,-0.0770706,0.09988,0,
dt,BTCUSD,utc_day,5,0.5,2018-03-29,92,287,-1,7463.25,7064,887.3,0.375396,0.449961,-0.524525,0.0745648,0,
dt,BTCUSD,utc_day,5,0.5,2018-04-03,58,287,1,7334.95,7375.6,623.3,-0.0313989,0.0652174,-0.161834,0.0966163,0,
dt,BTCUSD,utc_day,5,0.5,2018-04-04,169,287,-1,6887.8,6755.8,975.6,0.0719617,0.135301,-0.198641,0.0633397,0,
dt,BTCUSD,utc_day,5,0.5,2018-04-07,192,287,1,7048,6897.25,895.6,-0.173383,-0.168323,0.163262,0.00506053,0,
dt,BTCUSD,utc_day,5,0.5,2018-04-09,125,287,-1,6738.65,6740,513.9,-0.113661,-0.00262697,-0.108407,0.111034,0,
dt,BTCUSD,utc_day,5,0.5,2018-04-12,133,287,1,7120.55,7881.9,415.1,1.74376,1.83414,-1.09011,0.0903777,0,
dt,BTCUSD,utc_day,5,0.5,2018-04-18,243,287,1,8154.5,8156,541,-0.00702572,0.00277264,-0.012571,0.00979836,0,
dt,BTCUSD,utc_day,5,0.5,2018-04-24,267,287,1,9488,9642,1123,0.109157,0.137133,-0.165109,0.0279762,0,
dt,BTCUSD,utc_day,5,0.5,2018-05-03,203,287,1,9521.75,9735,633.5,0.315377,0.336622,-0.357867,0.0212446,0,
dt,BTCUSD,utc_day,5,0.5,2018-05-14,51,287,-1,8369,8668.5,626,-0.502615,-0.478435,0.454254,0.0241808,0,
dt,BTCUSD,utc_day,5,0.5,2018-05-22,271,287,-1,7997.25,7984.5,792.5,-0.00560766,0.0160883,-0.0377843,0.021696,0,
dt,BTCUSD,utc_day,5,0.5,2018-05-23,189,287,-1,7686.75,7498,595.5,0.308673,0.316961,-0.325248,0.00828723,0,
dt,BTCUSD,utc_day,5,0.5,2018-06-04,205,287,-1,7457.5,7485.5,488,-0.0673288,-0.057377,0.0474253,0.00995179,0,
dt,BTCUSD,utc_day,5,0.5,2018-06-25,173,287,1,6334.25,6240.5,374.5,-0.264451,-0.250334,0.236217,0.0141169,0,
dt,BTCUSD,utc_day,5,0.5,2018-07-02,161,287,1,6585.5,6608,493,0.0369414,0.0456389,-0.0543365,0.00869754,0,
dt,BTCUSD,utc_day,5,0.5,2018-07-10,115,287,-1,6508.5,6296,305,0.683077,0.696721,-0.710365,0.0136441,0,
dt,BTCUSD,utc_day,5,0.5,2018-07-12,271,287,-1,6120.25,6243.5,511.5,-0.249987,-0.240958,0.231929,0.00902878,0,
dt,BTCUSD,utc_day,5,0.5,2018-07-16,138,287,1,6641.25,6719,595.5,0.122264,0.130563,-0.138862,0.00829904,0,
dt,BTCUSD,utc_day,5,0.5,2018-07-17,212,287,1,7045.25,7326,652.5,0.42311,0.430268,-0.437426,0.00715809,0,
dt,BTCUSD,utc_day,5,0.5,2018-07-24,143,287,1,8250.49,8390,1065.99,0.125805,0.130878,-0.135952,0.00507337,0,
dt,BTCUSD,utc_day,5,0.5,2018-07-31,150,287,-1,7811.98,7715.49,697.01,0.100177,0.138441,-0.176705,0.0382641,0,
dt,BTCUSD,utc_day,5,0.5,2018-08-08,201,287,-1,6193.11,6271.49,1034.25,-0.0979937,-0.0757796,0.0535654,0.0222142,0,
dt,BTCUSD,utc_day,5,0.5,2018-08-15,194,287,1,6520.49,6259.24,667.5,-0.433563,-0.391386,0.349208,0.0421774,0,
dt,BTCUSD,utc_day,5,0.5,2018-08-20,267,287,-1,6255.74,6252.74,443,-0.0559577,0.00677201,-0.0695017,0.0627297,0,
dt,BTCUSD,utc_day,5,0.5,2018-08-21,255,287,1,6473.49,6466.24,443,-0.080089,-0.0163657,-0.0473576,0.0637233,0,
dt,BTCUSD,utc_day,5,0.5,2018-08-22,12,241,1,6650.49,6282.49,368,-1.06937,-1,0.930633,0.0693674,0,
dt,BTCUSD,utc_day,5,0.5,2018-08-22,241,287,-1,6282.49,6348.24,368,-0.252204,-0.178668,0.105133,0.0735353,0,
dt,BTCUSD,utc_day,5,0.5,2018-09-05,130,287,-1,7065.12,6674.75,565.75,0.652404,0.690013,-0.727623,0.0376093,0,
dt,BTCUSD,utc_day,5,0.5,2018-09-06,5,287,-1,6315.25,6482.25,719,-0.263938,-0.232267,0.200596,0.0316706,0,
dt,BTCUSD,utc_day,5,0.5,2018-09-17,171,287,-1,6327.38,6238.25,314.75,0.193935,0.283161,-0.372387,0.0892258,0,
dt,BTCUSD,utc_day,5,0.5,2018-09-19,227,232,-1,6176.88,6467.12,290.25,-1.09275,-1,0.907248,0.0927521,0,
dt,BTCUSD,utc_day,5,0.5,2018-09-19,232,287,1,6467.12,6376,290.25,-0.381089,-0.313953,0.246818,0.0671353,0,
dt,BTCUSD,utc_day,5,0.5,2018-09-20,264,287,1,6566.88,6479.75,381.75,-0.302201,-0.228225,-1.07437,0.0739755,0,
dt,BTCUSD,utc_day,5,0.5,2018-09-27,240,287,1,6713.33,6678.78,529.11,-0.0907022,-0.0653078,0.0399134,0.0253944,0,
dt,BTCUSD,utc_day,5,0.5,2018-10-04,13,287,1,6602.67,6554.3,282.71,-0.209844,-0.171076,0.132309,0.0387677,0,
dt,BTCUSD,utc_day,5,0.5,2018-10-08,153,287,1,6659.3,6597.65,173.76,-0.429665,-0.3548,0.279935,0.0748648,0,
dt,BTCUSD,utc_day,5,0.5,2018-10-10,61,287,-1,6478.98,6523.78,205.92,-0.28511,-0.21756,0.15001,0.06755,0,
dt,BTCUSD,utc_day,5,0.5,2018-10-11,13,287,-1,6448.85,6156.63,150.35,1.88111,1.94363,-1.06283,0.062526,0,
dt,BTCUSD,utc_day,5,0.5,2018-10-15,72,287,1,6458.51,6444.54,545.68,-0.0336818,-0.0256011,0.0175204,0.00808073,0,
dt,BTCUSD,utc_day,5,0.5,2018-10-29,136,287,-1,6298.24,6264.58,215.57,0.134342,0.156121,-0.1779,0.0217791,0,
dt,BTCUSD,utc_day,5,0.5,2018-11-08,192,287,-1,6395.67,6402.64,211.88,-0.0820344,-0.032896,-0.0162425,0.0491384,0,
dt,BTCUSD,utc_day,5,0.5,2018-11-14,191,287,-1,6099.05,5588.23,296.25,1.6944,1.72427,-1.03011,0.0298746,0,
dt,BTCUSD,utc_day,5,0.5,2018-11-19,198,287,-1,4989.53,4734.21,1135.45,0.215774,0.224867,-0.233959,0.00909262,0,
dt,BTCUSD,utc_day,5,0.5,2018-11-28,228,287,1,4283.02,4219.64,1023.76,-0.0646083,-0.061909,0.0592098,0.00269923,0,
dt,BTCUSD,utc_day,5,0.5,2018-12-03,196,287,-1,3737.6,3831.65,728.53,-0.132465,-0.129089,0.125712,0.00337667,0,
dt,BTCUSD,utc_day,5,0.5,2018-12-17,146,287,1,3354.27,3494.9,327.24,0.406405,0.429746,-0.453086,0.0233406,0,
dt,BTCUSD,utc_day,5,0.5,2018-12-18,279,287,1,3653.64,3665.91,317.49,0.0133741,0.0386311,-0.0638882,0.025257,0,
dt,BTCUSD,utc_day,5,0.5,2018-12-19,163,287,1,3908.78,3679.9,486.25,-0.483663,-0.470694,0.457725,0.0129693,0,
dt,BTCUSD,utc_day,5,0.5,2018-12-20,103,287,1,4010.39,4072.65,661.49,0.090142,0.0941133,-0.0980846,0.00397132,0,
dt,BTCUSD,utc_day,5,0.5,2019-01-10,78,287,-1,3838.01,3623.39,327.75,0.647445,0.654844,-0.662242,0.0073988,0,
dt,BTCUSD,utc_day,5,0.5,2019-01-22,139,230,-1,3447.75,3607.57,159.82,-1.01435,-1,0.985653,0.0143473,0,
dt,BTCUSD,utc_day,5,0.5,2019-01-22,230,287,1,3607.57,3576.58,159.82,-0.210542,-0.193906,0.177269,0.0166365,0,
dt,BTCUSD,utc_day,5,0.5,2019-01-28,63,287,-1,3447.65,3432.35,158.5,0.0824227,0.09653,-0.110637,0.0141073,0,
dt,BTCUSD,utc_day,5,0.5,2019-01-29,95,287,-1,3328.99,3394.35,206.73,-0.326707,-0.316137,0.305567,0.0105698,0,
dt,BTCUSD,utc_day,5,0.5,2019-02-06,15,287,-1,3398.39,3364.38,64.49,0.465857,0.527291,-1.06128,0.0614343,0,
dt,BTCUSD,utc_day,5,0.5,2019-02-11,1,287,-1,3597.7,3590.88,100.35,0.0447305,0.068012,-0.0912934,0.0232814,0,
dt,BTCUSD,utc_day,5,0.5,2019-02-18,13,287,1,3670.69,3869.75,92.99,2.11436,2.14071,-1.02598,0.0263538,0,
dt,BTCUSD,utc_day,5,0.5,2019-02-27,247,287,-1,3690.57,3797.35,209.55,-0.521205,-0.509592,0.497979,0.0116133,0,
dt,BTCUSD,utc_day,5,0.5,2019-03-04,63,287,-1,3703,3699.6,169.68,0.005859,0.0200377,-0.0342164,0.0141787,0,
dt,BTCUSD,utc_day,5,0.5,2019-03-05,162,287,1,3794.09,3845.09,188.49,0.257426,0.270598,-0.28377,0.0131717,0,
dt,BTCUSD,utc_day,5,0.5,2019-03-13,124,287,-1,3827.59,3851.1,64.55,-0.402952,-0.364291,0.32563,0.0386611,0,
dt,BTCUSD,utc_day,5,0.5,2019-03-14,170,172,1,3882.88,3818.32,64.55,-1.03877,-1,0.961226,0.0387744,0,
dt,BTCUSD,utc_day,5,0.5,2019-03-14,172,287,-1,3818.32,3853.35,64.55,-0.581228,-0.542603,0.503977,0.0386258,0,
dt,BTCUSD,utc_day,5,0.5,2019-03-18,18,287,1,4004.03,3968.85,82.35,-0.466596,-0.427262,0.387927,0.0393344,0,
dt,BTCUSD,utc_day,5,0.5,2019-03-21,179,287,-1,3920.93,3973.59,220.85,-0.250082,-0.238465,0.226848,0.0116175,0,
dt,BTCUSD,utc_day,5,0.5,2019-03-25,228,287,-1,3857.66,3908.59,220.85,-0.264347,-0.230586,0.196826,0.0337606,0,
dt,BTCUSD,utc_day,5,0.5,2019-03-27,123,287,1,3997.18,4024.57,152.46,0.162554,0.179654,-0.196754,0.0171,0,
dt,BTCUSD,utc_day,5,0.5,2019-04-02,54,287,1,4264.71,4900.11,258.21,2.44927,2.46081,-1.01106,0.0115354,0,
dt,BTCUSD,utc_day,5,0.5,2019-04-11,118,287,-1,5053.45,5039.48,554.62,0.000948032,0.0251884,-0.0494288,0.0242404,0,
dt,BTCUSD,utc_day,5,0.5,2019-04-15,241,287,-1,4951.61,5035.23,420.74,-0.206459,-0.198745,0.191031,0.00771432,0,
dt,BTCUSD,utc_day,5,0.5,2019-04-23,52,287,1,5569.93,5524.73,369.41,-0.132132,-0.122371,0.11261,0.00976088,0,
dt,BTCUSD,utc_day,5,0.5,2019-04-25,264,287,-1,5261,5138.98,356.45,0.331842,0.342334,-0.352826,0.0104923,0,
dt,BTCUSD,utc_day,5,0.5,2019-05-13,139,287,1,7271.14,7819.67,588.94,0.892148,0.931385,-1.03926,0.0392375,0,
dt,BTCUSD,utc_day,5,0.5,2019-05-22,263,287,-1,7625.94,7619.7,642.51,0.00200801,0.00971969,-0.0174314,0.00771168,0,
dt,BTCUSD,utc_day,5,0.5,2019-05-30,257,287,-1,8004.45,8275.52,1317.34,-0.209787,-0.205771,0.201754,0.00401642,0,
dt,BTCUSD,utc_day,5,0.5,2019-06-03,86,287,-1,8332.04,8095.87,805.16,0.28669,0.293321,-0.299952,0.00663107,0,
dt,BTCUSD,utc_day,5,0.5,2019-06-04,212,287,-1,7605.74,7669.12,979.25,-0.0750568,-0.0647179,0.054379,0.0103389,0,
dt,BTCUSD,utc_day,5,0.5,2019-06-11,195,287,-1,7711.35,7916.24,599.99,-0.349962,-0.341497,0.333032,0.00846508,0,
dt,BTCUSD,utc_day,5,0.5,2019-06-12,183,287,1,8215.74,8168.99,599.99,-0.132806,-0.0779096,0.0230137,0.054896,0,
dt,BTCUSD,utc_day,5,0.5,2019-06-17,145,287,1,9336.61,9327.74,722.75,-0.0206723,-0.0122795,0.00388666,0.00839283,0,
dt,BTCUSD,utc_day,5,0.5,2019-06-24,3,287,-1,10532.6,11029.1,613.25,-0.839111,-0.809564,0.780017,0.0295468,0,
dt,BTCUSD,utc_day,5,0.5,2019-06-26,197,287,1,13123.6,12889.4,2759.93,-0.0895063,-0.0848518,0.0801972,0.00465454,0,
dt,BTCUSD,utc_day,5,0.5,2019-06-27,196,287,-1,10731.6,11160,4317.1,-0.101919,-0.0992286,0.0965382,0.0026904,0,
dt,BTCUSD,utc_day,5,0.5,2019-07-10,242,287,-1,11697.4,12085.9,1735.61,-0.228309,-0.223855,0.219401,0.00445353,0,
dt,BTCUSD,utc_day,5,0.5,2019-07-11,245,287,-1,11062,11341.5,2047.94,-0.147244,-0.136493,0.125742,0.0107509,0,
dt,BTCUSD,utc_day,5,0.5,2019-07-15,278,287,1,11063.9,10840.5,1842.04,-0.125143,-0.121279,0.117414,0.00386469,0,
dt,BTCUSD,utc_day,5,0.5,2019-07-16,204,287,-1,9482.64,9415.49,2715.68,0.0224651,0.0247268,-0.0269884,0.00226164,0,
dt,BTCUSD,utc_day,5,0.5,2019-07-31,166,287,1,9928.99,10089.1,689.31,0.209234,0.232269,-0.255303,0.0230344,0,
dt,BTCUSD,utc_day,5,0.5,2019-08-01,247,287,1,10456.3,10404.1,737,-0.0800945,-0.0708955,0.0616966,0.00919897,0,
dt,BTCUSD,utc_day,5,0.5,2019-08-05,34,287,1,11503.3,11808.3,1052,0.282722,0.289924,-0.297126,0.0072018,0,
dt,BTCUSD,utc_day,5,0.5,2019-08-13,169,287,-1,10911.6,10853.8,933.5,0.0542863,0.061864,-0.0694416,0.00757768,0,
dt,BTCUSD,utc_day,5,0.5,2019-08-14,204,287,-1,10215.2,10014.8,1277.75,0.147625,0.156819,-0.166012,0.00919332,0,
dt,BTCUSD,utc_day,5,0.5,2019-08-21,128,287,-1,10037.5,10130.6,1449.19,-0.0687623,-0.0642393,0.0597164,0.00452296,0,
dt,BTCUSD,utc_day,5,0.5,2019-08-28,218,287,-1,9818.01,9707.52,701.5,0.148459,0.157505,-0.166551,0.00904604,0,
dt,BTCUSD,utc_day,5,0.5,2019-09-02,245,287,1,10332.7,10377.3,1142.38,0.0331669,0.0390588,-0.0449507,0.00589188,0,
dt,BTCUSD,utc_day,5,0.5,2019-09-10,235,287,-1,10020.8,10087.3,571.15,-0.142229,-0.116563,0.0908971,0.025666,0,
dt,BTCUSD,utc_day,5,0.5,2019-09-19,36,240,-1,9959.45,10345.5,386.04,-1.02194,-1,0.978056,0.0219436,0,
dt,BTCUSD,utc_day,5,0.5,2019-09-19,240,287,1,10345.5,10267.5,386.04,-0.219457,-0.202103,0.18475,0.0173537,0,
dt,BTCUSD,utc_day,5,0.5,2019-09-23,173,287,-1,9692.78,9688.97,670.13,-0.114136,0.005678,-0.125492,0.119814,0,
dt,BTCUSD,utc_day,5,0.5,2019-09-24,224,287,-1,9352.6,8527.34,672.33,1.21883,1.22747,-1.00872,0.00864305,0,
dt,BTCUSD,utc_day,5,0.5,2019-10-07,183,287,1,8201.03,8207.77,687.04,-0.00252803,0.0098102,-0.0221484,0.0123382,0,
dt,BTCUSD,utc_day,5,0.5,2019-10-09,180,287,1,8486.48,8581.49,620.46,0.105758,0.153128,-0.200498,0.0473698,0,
dt,BTCUSD,utc_day,5,0.5,2019-10-15,195,287,-1,8081.86,8156.84,538.43,-0.215487,-0.139247,0.063008,0.0762394,0,
dt,BTCUSD,utc_day,5,0.5,2019-10-22,280,287,-1,8000.77,8018.09,410.53,-0.054883,-0.0422015,0.0295201,0.0126815,0,
dt,BTCUSD,utc_day,5,0.5,2019-10-23,152,287,-1,7843.11,7470.48,349.96,1.05056,1.06478,-1.01424,0.0142214,0,
dt,BTCUSD,utc_day,5,0.5,2019-11-05,84,287,-1,9173.1,9321.6,485,-0.326769,-0.306186,0.285603,0.020583,0,
dt,BTCUSD,utc_day,5,0.5,2019-11-07,257,287,-1,9104.35,9200.6,471.5,-0.227722,-0.204136,0.180549,0.0235867,0,
dt,BTCUSD,utc_day,5,0.5,2019-11-12,184,287,-1,8542.1,8813.1,352,-0.78591,-0.769886,0.753862,0.016024,0,
dt,BTCUSD,utc_day,5,0.5,2019-11-18,221,287,-1,8128.6,8168.6,747,-0.060638,-0.0535475,0.046457,0.00709048,0,
dt,BTCUSD,utc_day,5,0.5,2019-11-21,180,287,-1,7728.1,7615.1,706,0.152994,0.160057,-0.16712,0.00706309,0,
dt,BTCUSD,utc_day,5,0.5,2019-11-25,193,287,1,7341.6,7119.1,887,-0.256144,-0.250846,0.245547,0.00529845,0,
dt,BTCUSD,utc_day,5,0.5,2019-12-04,160,287,1,7636.86,7197.06,674.44,-0.659245,-0.652097,0.644948,0.00714819,0,
dt,BTCUSD,utc_day,5,0.5,2019-12-05,156,287,1,7462.45,7391.65,533.05,-0.149653,-0.13283,0.116007,0.0168232,0,
dt,BTCUSD,utc_day,5,0.5,2019-12-16,222,287,-1,6881.98,6875.54,453.25,-0.0173242,0.0141975,-0.0457191,0.0315217,0,
dt,BTCUSD,utc_day,5,0.5,2019-12-17,234,287,-1,6613.94,6615.04,526.09,-0.0102538,-0.00208139,-0.00609101,0.0081724,0,
dt,BTCUSD,utc_day,5,0.5,2019-12-18,240,287,1,6968.89,7290.79,708.69,0.447686,0.454225,-0.460765,0.00653938,0,
dt,BTCUSD,utc_day,5,0.5,2020-01-07,285,287,1,8205.24,8156.03,887.46,-0.0614421,-0.0554504,0.0494587,0.00599172,0,
dt,BTCUSD,utc_day,5,0.5,2020-01-14,19,287,1,8427.34,8808.6,643.11,0.580519,0.59283,-0.605142,0.0123116,0,
dt,BTCUSD,utc_day,5,0.5,2020-01-23,60,287,-1,8520.54,8382.29,277.5,0.467894,0.498198,-0.528502,0.0303042,0,
dt,BTCUSD,utc_day,5,0.5,2020-01-27,227,287,1,8820.29,8890.29,444,0.139748,0.157658,-0.175567,0.0179098,0,
dt,BTCUSD,utc_day,5,0.5,2020-01-28,283,287,1,9199.29,9384.29,616,0.283838,0.300325,-0.316811,0.0164865,0,
dt,BTCUSD,utc_day,5,0.5,2020-02-05,133,287,1,9390.03,9611.78,461.49,0.459497,0.480498,-0.501499,0.0210006,0,
dt,BTCUSD,utc_day,5,0.5,2020-02-10,71,287,-1,9804.78,9849.78,722.99,-0.0710698,-0.0622346,0.0533994,0.00883516,0,
dt,BTCUSD,utc_day,5,0.5,2020-02-11,192,287,1,10367.3,10269.8,1034.99,-0.100679,-0.094199,0.0877187,0.0064803,0,
dt,BTCUSD,utc_day,5,0.5,2020-02-17,137,287,-1,9586.29,9707.79,661,-0.198618,-0.183812,0.169007,0.0148057,0,
dt,BTCUSD,utc_day,5,0.5,2020-02-18,247,287,1,10148.8,10187.8,885.99,0.0339503,0.0440242,-0.0540981,0.0100739,0,
dt,BTCUSD,utc_day,5,0.5,2020-02-19,261,287,-1,9744.8,9589.79,885.99,0.15915,0.174951,-0.190752,0.0158012,0,
dt,BTCUSD,utc_day,5,0.5,2020-02-24,217,287,-1,9496.04,9654.79,921.5,-0.179028,-0.172273,0.165519,0.00675423,0,
dt,BTCUSD,utc_day,5,0.5,2020-02-26,196,287,-1,8800.54,8778.29,1004.5,0.0164628,0.0221503,-0.0278378,0.00568753,0,
dt,BTCUSD,utc_day,5,0.5,2020-03-05,113,287,1,8982.04,9066.69,443.5,0.17242,0.190868,-0.209316,0.0184483,0,
dt,BTCUSD,utc_day,5,0.5,2020-03-09,65,287,-1,7739.34,7929.5,588.9,-0.334489,-0.322907,0.311326,0.0115815,0,
dt,BTCUSD,utc_day,5,0.5,2020-03-12,125,287,-1,7190.59,4791.79,1488.4,1.60548,1.61166,-1.00639,0.00618804,0,
dt,BTCUSD,utc_day,5,0.5,2020-03-30,138,287,1,6422.07,6405.7,1099.64,-0.018678,-0.0148867,0.0110954,0.00379126,0,
dt,BTCUSD,utc_day,5,0.5,2020-04-02,204,287,1,7118.22,6795.21,910.14,-0.364181,-0.354901,0.345622,0.00927974,0,
dt,BTCUSD,utc_day,5,0.5,2020-04-06,225,287,1,7249.76,7338.13,949.62,0.0858669,0.0930583,-0.10025,0.00719137,0,
dt,BTCUSD,utc_day,5,0.5,2020-04-13,6,287,-1,6606.63,6855.77,599.06,-0.423188,-0.415885,0.408581,0.00730358,0,
dt,BTCUSD,utc_day,5,0.5,2020-04-16,102,287,1,6997.28,7108.23,757.02,0.132945,0.146562,-0.160178,0.0136169,0,
dt,BTCUSD,utc_day,5,0.5,2020-04-20,231,287,-1,6806.18,6831.76,642.18,-0.0523597,-0.0398331,0.0273065,0.0125266,0,
dt,BTCUSD,utc_day,5,0.5,2020-04-23,172,287,1,7465.58,7484.66,665.69,0.0213555,0.0286545,-0.0359534,0.00729894,0,
dt,BTCUSD,utc_day,5,0.5,2020-04-29,155,287,1,8233.74,8787.23,966.11,0.565784,0.572901,-0.580018,0.00711701,0,
dt,BTCUSD,utc_day,5,0.5,2020-05-07,160,287,1,9571.95,10001.3,853.03,0.495907,0.503364,-0.510822,0.00745732,0,
dt,BTCUSD,utc_day,5,0.5,2020-05-20,190,287,-1,9282.48,9509.64,992.63,-0.235004,-0.228852,0.222699,0.00615278,0,
dt,BTCUSD,utc_day,5,0.5,2020-05-21,120,287,-1,9238.6,9058.09,543.08,0.321433,0.332382,-0.343331,0.0109494,0,
dt,BTCUSD,utc_day,5,0.5,2020-05-28,279,287,1,9565.28,9577.19,720.47,0.00790276,0.0165378,-0.0251729,0.00863506,0,
dt,BTCUSD,utc_day,5,0.5,2020-06-01,277,287,1,9919.79,10196.6,954.7,0.283086,0.289934,-0.296782,0.00684804,0,
dt,BTCUSD,utc_day,5,0.5,2020-06-02,177,287,-1,9436.35,9518.24,1520.47,-0.0579066,-0.0538551,0.0498035,0.00405154,0,
dt,BTCUSD,utc_day,5,0.5,2020-06-10,225,287,1,9991.44,9891.14,419.03,-0.254771,-0.23935,0.223929,0.0154209,0,
dt,BTCUSD,utc_day,5,0.5,2020-06-11,155,287,-1,9669.24,9266.19,444.8,0.892302,0.906138,-1.0138,0.0138355,0,
dt,BTCUSD,utc_day,5,0.5,2020-06-22,203,287,1,9599.6,9689.17,628.35,0.132579,0.142556,-0.152533,0.00997668,0,
dt,BTCUSD,utc_day,5,0.5,2020-06-24,127,287,-1,9395.82,9284.29,452.7,0.232956,0.246366,-0.259777,0.0134107,0,
dt,BTCUSD,utc_day,5,0.5,2020-06-25,42,287,-1,9035.85,9240.92,496.88,-0.42467,-0.412715,0.400761,0.0119545,0,
dt,BTCUSD,utc_day,5,0.5,2020-07-02,180,287,-1,9105.35,9091.67,264.58,0.0293521,0.0517046,-0.0740571,0.0223525,0,
dt,BTCUSD,utc_day,5,0.5,2020-07-06,84,287,1,9231.65,9347.17,308.95,0.354384,0.373928,-0.393472,0.019544,0,
dt,BTCUSD,utc_day,5,0.5,2020-07-08,168,287,1,9465.91,9439.92,418.48,-0.0767884,-0.0621057,0.0474231,0.0146826,0,
dt,BTCUSD,utc_day,5,0.5,2020-07-09,184,287,-1,9184.31,9235.17,511.23,-0.111205,-0.0994953,0.0877857,0.0117097,0,
dt,BTCUSD,utc_day,5,0.5,2020-07-14,136,287,-1,9093.51,9254.92,281.33,-0.602077,-0.573757,0.545437,0.0283199,0,
dt,BTCUSD,utc_day,5,0.5,2020-07-16,110,287,-1,9064.51,9128.67,254.25,-0.283468,-0.25233,0.221193,0.0311378,0,
dt,BTCUSD,utc_day,5,0.5,2020-07-21,91,287,1,9278.88,9395.92,230.78,0.472167,0.50715,-0.542132,0.0349827,0,
dt,BTCUSD,utc_day,5,0.5,2020-07-27,43,287,1,10198.3,11046,512.22,1.62053,1.65493,-1.03419,0.0344,0,
dt,BTCUSD,utc_day,5,0.5,2020-08-05,120,287,1,11413,11758.9,432.07,0.78073,0.800715,-0.8207,0.0199849,0,
dt,BTCUSD,utc_day,5,0.5,2020-08-11,182,287,-1,11438.6,11388.4,922.55,0.0464541,0.0544957,-0.0625373,0.0080416,0,
dt,BTCUSD,utc_day,5,0.5,2020-08-17,188,287,1,12297.3,12288.7,789.49,-0.0346318,-0.0109374,-0.0127569,0.0236944,0,
dt,BTCUSD,utc_day,5,0.5,2020-08-25,164,287,-1,11419.6,11321.7,645.36,0.138126,0.151698,-0.16527,0.0135721,0,
dt,BTCUSD,utc_day,5,0.5,2020-09-01,85,287,1,11906,11915.7,521.46,-0.0195261,0.0185633,-0.0566526,0.0380894,0,
dt,BTCUSD,utc_day,5,0.5,2020-09-02,131,287,-1,11519.8,11385.1,791.87,0.152226,0.170097,-0.187969,0.0178717,0,
dt,BTCUSD,utc_day,5,0.5,2020-09-03,146,287,-1,10988.7,10161.8,791.87,1.03385,1.04418,-1.01035,0.0103324,0,
dt,BTCUSD,utc_day,5,0.5,2020-09-14,158,287,1,10581.2,10667.6,513.06,0.152474,0.168343,-0.184212,0.0158692,0,
dt,BTCUSD,utc_day,5,0.5,2020-09-21,148,287,-1,10557.6,10412,706.12,0.190232,0.20607,-0.221907,0.0158374,0,
dt,BTCUSD,utc_day,5,0.5,2020-09-23,250,287,-1,10187.6,10237.4,676.36,-0.104799,-0.073659,0.0425186,0.0311404,0,
dt,BTCUSD,utc_day,5,0.5,2020-09-24,192,287,1,10646,10724.8,807.22,0.083502,0.0975323,-0.111563,0.0140303,0,
dt,BTCUSD,utc_day,5,0.5,2020-10-06,227,287,-1,10605.6,10589.6,373.18,0.0209002,0.0427676,-0.0646349,0.0218674,0,
dt,BTCUSD,utc_day,5,0.5,2020-10-08,175,287,1,10831.6,10918.6,336.26,0.174856,0.25858,-0.342303,0.0837233,0,
dt,BTCUSD,utc_day,5,0.5,2020-10-12,186,287,1,11559.2,11534.6,395.1,-0.0847468,-0.062288,0.0398292,0.0224588,0,
dt,BTCUSD,utc_day,5,0.5,2020-10-19,183,287,1,11681.8,11744.2,354.69,0.143205,0.175971,-0.208736,0.0327652,0,
dt,BTCUSD,utc_day,5,0.5,2020-10-20,186,287,1,11983,11911.1,477.52,-0.17685,-0.150611,0.124373,0.0262389,0,
dt,BTCUSD,utc_day,5,0.5,2020-10-21,40,287,1,12233.3,12812,644.36,0.883327,0.898194,-1.0149,0.014867,0,
dt,BTCUSD,utc_day,5,0.5,2020-11-02,152,287,-1,13302.7,13554.9,928.07,-0.28954,-0.271795,0.25405,0.0177451,0,
dt,BTCUSD,utc_day,5,0.5,2020-11-03,279,287,1,13961.4,14019.5,808.9,0.058539,0.0718136,-0.0850881,0.0132745,0,
dt,BTCUSD,utc_day,5,0.5,2020-11-05,148,287,1,14737.9,15585,1168.08,0.715291,0.725207,-0.735123,0.00991621,0,
dt,BTCUSD,utc_day,5,0.5,2020-11-16,207,287,1,16676,16706.3,1436.9,0.0121433,0.0210801,-0.0300169,0.00893676,0,
dt,BTCUSD,utc_day,5,0.5,2020-11-17,201,287,1,17520.5,17641.3,1629.36,0.0658862,0.0741886,-0.082491,0.00830239,0,
dt,BTCUSD,utc_day,5,0.5,2020-11-24,157,287,1,19263.4,19158.8,1802.48,-0.0669495,-0.0579979,0.0490462,0.00895167,0,
dt,BTCUSD,utc_day,5,0.5,2020-11-26,42,287,-1,17797.9,17173.1,1833.82,0.334441,0.340671,-0.346902,0.00623048,0,
dt,BTCUSD,utc_day,5,0.5,2020-11-30,177,287,1,19638.8,19679.3,2915.09,0.00877318,0.0138812,-0.0189893,0.00510804,0,
dt,BTCUSD,utc_day,5,0.5,2020-12-08,275,287,-1,18505,18305.8,1308.7,0.141383,0.152212,-0.163041,0.0108287,0,
dt,BTCUSD,utc_day,5,0.5,2020-12-09,102,287,-1,17655.2,18524.5,1301.1,-0.678743,-0.668073,0.657403,0.0106697,0,
dt,BTCUSD,utc_day,5,0.5,2020-12-16,165,287,1,20306.4,21326.7,1782.63,0.56338,0.572337,-0.581294,0.00895684,0,
dt,BTCUSD,utc_day,5,0.5,2020-12-17,109,287,1,23046.9,22801.7,3433.53,-0.0765666,-0.0714265,0.0662864,0.00514013,0,
dt,BTCUSD,utc_day,5,0.5,2020-12-28,13,287,1,27151.4,27052.3,1793.54,-0.0668255,-0.0552037,0.0435819,0.0116218,0,
dt,BTCUSD,utc_day,5,0.5,2021-01-04,105,287,-1,31477.2,31989,3094.61,-0.184288,-0.165392,-1.01852,0.0188956,0,
dt,BTCUSD,utc_day,5,0.5,2021-01-11,84,287,-1,32572.2,35386.1,11106.4,-0.258861,-0.253361,0.247861,0.00550014,0,
dt,BTCUSD,utc_day,5,0.5,2021-01-21,115,287,-1,32600.9,30834.4,5702.26,0.299309,0.309779,-0.320249,0.0104696,0,
dt,BTCUSD,utc_day,5,0.5,2021-01-27,175,287,-1,29695.4,30381.6,5553.14,-0.133486,-0.123563,0.113639,0.00992322,0,
dt,BTCUSD,utc_day,5,0.5,2021-01-28,261,287,1,32990.2,33366.3,5215.28,0.0604259,0.072115,-0.0838041,0.0116891,0,
dt,BTCUSD,utc_day,5,0.5,2021-02-02,238,287,1,35643,35466,4294.1,-0.0565516,-0.041224,0.0258964,0.0153276,0,
dt,BTCUSD,utc_day,5,0.5,2021-02-08,154,287,1,41475.5,46374.2,5321.88,0.914589,0.920489,-0.926388,0.00589926,0,
dt,BTCUSD,utc_day,5,0.5,2021-02-16,51,287,1,49954,49124.2,4183,-0.211587,-0.198386,0.185186,0.0132002,0,
dt,BTCUSD,utc_day,5,0.5,2021-02-17,235,287,1,52027.2,52010.9,5806.03,-0.0303497,-0.00279968,-0.0247504,0.02755,0,
dt,BTCUSD,utc_day,5,0.5,2021-02-22,121,287,-1,54151.3,54082.9,6356.64,-0.00498535,0.0107651,-1.01543,0.0157505,0,
dt,BTCUSD,utc_day,5,0.5,2021-02-23,60,287,-1,49930.2,48857.4,8288.35,0.11836,0.129434,-0.140508,0.0110736,0,
dt,BTCUSD,utc_day,5,0.5,2021-03-03,108,287,1,50953.3,50305.9,5014.5,-0.147836,-0.129102,0.110368,0.0187339,0,
dt,BTCUSD,utc_day,5,0.5,2021-03-04,242,287,-1,47519.6,48319,5555.07,-0.160558,-0.143895,0.127232,0.0166629,0,
dt,BTCUSD,utc_day,5,0.5,2021-03-15,104,287,-1,55129.9,54014.4,8467.29,0.119779,0.131733,-0.143688,0.0119542,0,
dt,BTCUSD,utc_day,5,0.5,2021-03-24,133,287,1,56836.6,52480.3,6363.73,-0.719264,-0.684547,0.649831,0.0347167,0,
dt,BTCUSD,utc_day,5,0.5,2021-03-25,195,287,-1,48710.7,51992.4,7539.13,-0.461945,-0.43528,0.408616,0.0266647,0,
dt,BTCUSD,utc_day,5,0.5,2021-04-06,168,287,-1,57918,57868.4,2345.93,0.00507877,0.0211196,-0.0371603,0.0160408,0,
dt,BTCUSD,utc_day,5,0.5,2021-04-07,120,287,-1,56753.2,55838.9,2345.93,0.37416,0.389758,-0.405356,0.0155983,0,
dt,BTCUSD,utc_day,5,0.5,2021-04-08,168,287,1,57714.5,57981.2,3638.09,0.0629654,0.0733008,-0.0836362,0.0103354,0,
dt,BTCUSD,utc_day,5,0.5,2021-04-13,96,287,1,62511.9,63493.3,5417.64,0.173579,0.181138,-0.188697,0.00755896,0,
dt,BTCUSD,utc_day,5,0.5,2021-04-26,24,287,1,52020.5,53974,5883.03,0.326209,0.332064,-0.33792,0.00585552,0,
dt,BTCUSD,utc_day,5,0.5,2021-05-04,180,287,-1,54343.7,53133.8,5450.89,0.215545,0.221954,-0.228362,0.00640816,0,
dt,BTCUSD,utc_day,5,0.5,2021-05-05,156,287,1,56070,57393.6,5765.19,0.223177,0.229574,-0.23597,0.00639626,0,
dt,BTCUSD,utc_day,5,0.5,2021-05-10,240,287,-1,55334.3,55752.2,5765.19,-0.0787499,-0.0724876,0.0662254,0.00626226,0,
dt,BTCUSD,utc_day,5,0.5,2021-05-12,192,287,-1,54365.6,49491.9,4550.06,1.06371,1.07113,-1.00744,0.00741829,0,
dt,BTCUSD,utc_day,5,0.5,2021-05-19,144,287,-1,35292,36633.2,15107.6,-0.0903243,-0.088777,0.0872297,0.00154728,0,
dt,BTCUSD,utc_day,5,0.5,2021-06-09,276,287,1,37441.3,37268.8,8134.07,-0.0241866,-0.0212016,0.0182165,0.00298507,0,
dt,BTCUSD,utc_day,5,0.5,2021-06-21,48,287,-1,34029.4,31620.8,3154.67,0.756763,0.763527,-0.77029,0.00676341,0,
dt,BTCUSD,utc_day,5,0.5,2021-07-01,96,287,-1,33217.2,33496,3598.44,-0.0834922,-0.0774669,0.0714416,0.00602533,0,
dt,BTCUSD,utc_day,5,0.5,2021-07-05,132,287,-1,33623.8,33658.7,3220.86,-0.0176309,-0.0108418,0.00405271,0.00678912,0,
dt,BTCUSD,utc_day,5,0.5,2021-07-08,60,287,-1,32969.6,32765.4,1738.22,0.105192,0.117482,-0.129773,0.0122907,0,
dt,BTCUSD,utc_day,5,0.5,2021-07-12,201,287,-1,32974.9,32975.8,2468.78,-0.025611,-0.0003443,-0.0249224,0.0252667,0,
dt,BTCUSD,utc_day,5,0.5,2021-07-15,132,287,-1,31791.9,31787.4,1986.05,-0.00813587,0.00226832,-0.0126725,0.0104042,0,
dt,BTCUSD,utc_day,5,0.5,2021-07-20,36,287,-1,29570.6,29763.2,2522.92,-0.0839953,-0.076352,0.0687087,0.00764332,0,
dt,BTCUSD,utc_day,5,0.5,2021-07-21,120,287,1,31519,32106.1,3475.55,0.162992,0.168942,-0.174891,0.00594961,0,
dt,BTCUSD,utc_day,5,0.5,2021-07-26,12,287,1,36889.9,37209.8,3031.67,0.0975676,0.105511,-1.00823,0.0079436,0,
dt,BTCUSD,utc_day,5,0.5,2021-08-04,216,287,1,39559.6,39618.8,2781.18,0.0120478,0.0213003,-0.0305528,0.00925253,0,
dt,BTCUSD,utc_day,5,0.5,2021-08-05,107,228,-1,38396,40992.5,2596.51,-1.02818,-1,0.971817,0.0281829,0,
dt,BTCUSD,utc_day,5,0.5,2021-08-05,228,287,1,40992.5,40766.3,2596.51,-0.0973525,-0.0871189,0.0768853,0.0102336,0,
dt,BTCUSD,utc_day,5,0.5,2021-08-09,120,287,1,45507.5,46141.2,3557.29,0.169761,0.178134,-0.186507,0.00837317,0,
dt,BTCUSD,utc_day,5,0.5,2021-08-19,216,287,1,46492.1,46706.6,3640.51,0.0506098,0.0589299,-0.0672501,0.00832014,0,
dt,BTCUSD,utc_day,5,0.5,2021-08-30,276,287,-1,46895.9,46934.8,3700.84,-0.0187565,-0.0105165,0.00227651,0.00824002,0,
dt,BTCUSD,utc_day,5,0.5,2021-09-01,192,287,1,48411.8,48783.6,2665.3,0.127645,0.139496,-0.151348,0.0118518,0,
dt,BTCUSD,utc_day,5,0.5,2021-09-02,84,287,1,50033.9,49257.4,2527.13,-0.320021,-0.307252,0.294482,0.0127693,0,
dt,BTCUSD,utc_day,5,0.5,2021-09-07,168,287,-1,49531.3,46833.3,6159.58,0.432929,0.438014,-1.0049,0.00508452,0,
dt,BTCUSD,utc_day,5,0.5,2021-09-20,36,287,-1,45526.5,43009.7,3459.84,0.719125,0.727441,-0.735758,0.00831664,0,
dt,BTCUSD,utc_day,5,0.5,2021-09-21,4,287,-1,40187,40721.4,5640.86,-0.0994042,-0.0947426,0.0900811,0.00466156,0,
dt,BTCUSD,utc_day,5,0.5,2021-09-24,134,287,-1,41566.1,42829.4,6632.52,-0.1946,-0.190465,0.186329,0.00413546,0,
dt,BTCUSD,utc_day,5,0.5,2021-09-30,35,287,1,43190.4,43813.4,3339.9,0.178051,0.186518,-0.194984,0.0084662,0,
dt,BTCUSD,utc_day,5,0.5,2021-10-01,125,287,1,45483.4,48146.9,3339.9,0.785149,0.797494,-0.809839,0.0123446,0,
dt,BTCUSD,utc_day,5,0.5,2021-10-06,278,287,1,55554.6,55321.7,8174,-0.0329012,-0.0284928,0.0240843,0.00440847,0,
dt,BTCUSD,utc_day,5,0.5,2021-10-11,41,287,1,56051.8,57477.5,2731.75,0.504434,0.521894,-0.539355,0.0174602,0,
dt,BTCUSD,utc_day,5,0.5,2021-10-12,210,287,-1,55533.4,55996.5,3888.1,-0.131194,-0.119094,0.106994,0.0121003,0,
dt,BTCUSD,utc_day,5,0.5,2021-10-15,34,287,1,59115.5,61686.8,3523.15,0.715605,0.729814,-1.0143,0.0142091,0,
dt,BTCUSD,utc_day,5,0.5,2021-10-20,178,287,1,66962.7,66010.9,5357.76,-0.18774,-0.177658,0.167576,0.0100819,0,
dt,BTCUSD,utc_day,5,0.5,2021-10-21,185,287,-1,62465.9,62195.8,7082.38,0.0309042,0.0381496,-0.0453951,0.00724545,0,
dt,BTCUSD,utc_day,5,0.5,2021-10-26,264,287,-1,60093.2,60315.8,5970.64,-0.0456572,-0.0372942,0.0289311,0.00836308,0,
dt,BTCUSD,utc_day,5,0.5,2021-10-27,96,287,-1,58535,58462.5,3579.85,0.00662061,0.0202592,-0.0338978,0.0136386,0,
dt,BTCUSD,utc_day,5,0.5,2021-10-28,118,287,1,61085.1,60596.5,5255.1,-0.102547,-0.0929668,0.0833863,0.0095805,0,
dt,BTCUSD,utc_day,5,0.5,2021-11-02,115,287,1,62266.3,63259.8,2740.95,0.347584,0.362467,-0.377351,0.0148839,0,
dt,BTCUSD,utc_day,5,0.5,2021-11-03,216,287,-1,61396,62911.6,3756.65,-0.414216,-0.403462,0.392708,0.0107543,0,
dt,BTCUSD,utc_day,5,0.5,2021-11-04,183,287,-1,61046.8,61421.1,3756.65,-0.111541,-0.09963,0.0877188,0.0119112,0,
dt,BTCUSD,utc_day,5,0.5,2021-11-07,286,287,1,63183.1,63302.9,3304,0.0205605,0.0362712,-0.0519818,0.0157106,0,
dt,BTCUSD,utc_day,5,0.5,2021-11-08,7,287,1,64810.5,67530.6,3014.16,0.887022,0.902431,-0.917839,0.0154082,0,
dt,BTCUSD,utc_day,5,0.5,2021-11-10,256,287,-1,63174.9,64886.4,7514.7,-0.233299,-0.22776,0.222222,0.00553847,0,
dt,BTCUSD,utc_day,5,0.5,2021-11-16,12,287,-1,62219.6,60082.8,2746.9,0.763428,0.777899,-1.0144,0.0144702,0,
dt,BTCUSD,utc_day,5,0.5,2021-11-18,206,287,-1,56777.1,56878,7131.87,-0.0193263,-0.0141471,0.00896778,0.00517928,0,
dt,BTCUSD,utc_day,5,0.5,2021-11-22,227,287,-1,56616.1,56266.9,4155.83,0.0725939,0.0840205,-0.0954471,0.0114266,0,
dt,BTCUSD,utc_day,5,0.5,2021-11-25,191,287,1,59047.1,58995.3,3788.14,-0.0237831,-0.0136558,0.00352844,0.0101273,0,
dt,BTCUSD,utc_day,5,0.5,2021-11-26,91,287,-1,57187.6,53764.9,3621.59,0.93342,0.945067,-1.01163,0.0116467,0,
dt,BTCUSD,utc_day,5,0.5,2021-12-03,194,287,-1,55152.1,53632.7,2730.19,0.543545,0.556494,-1.01281,0.0129497,0,
dt,BTCUSD,utc_day,5,0.5,2021-12-09,174,287,-1,48792.8,47561.2,3448.44,0.34492,0.357133,-0.369345,0.0122128,0,
dt,BTCUSD,utc_day,5,0.5,2021-12-10,163,287,1,49761.7,47138.4,4394,-0.604197,-0.59703,0.589863,0.00716717,0,
dt,BTCUSD,utc_day,5,0.5,2021-12-13,97,287,-1,48252.8,46714.2,3685.7,0.406169,0.417473,-0.428777,0.0113043,0,
dt,BTCUSD,utc_day,5,0.5,2021-12-17,176,287,-1,45877.6,46146.2,3512.1,-0.0880492,-0.0764585,0.0648678,0.0115907,0,
dt,BTCUSD,utc_day,5,0.5,2021-12-21,47,287,1,47987.8,48894.4,2145.11,0.402934,0.422647,-0.44236,0.0197131,0,
dt,BTCUSD,utc_day,5,0.5,2021-12-23,216,287,1,50275.2,50847.8,3333.97,0.158631,0.171728,-0.184825,0.013097,0,
dt,BTCUSD,utc_day,5,0.5,2021-12-28,19,287,-1,49845.5,47535.2,1703,1.33168,1.35661,-1.02504,0.0249258,0,
dt,BTCUSD,utc_day,5,0.5,2022-01-03,244,287,-1,46082.9,46445.5,2399.21,-0.168187,-0.151152,0.134116,0.0170355,0,
dt,BTCUSD,utc_day,5,0.5,2022-01-05,116,237,1,46911.8,44699.6,2212.17,-1.01834,-1,0.981659,0.0183411,0,
dt,BTCUSD,utc_day,5,0.5,2022-01-05,237,287,-1,44699.6,43433.4,2212.17,0.554574,0.572404,-1.01769,0.0178301,0,
dt,BTCUSD,utc_day,5,0.5,2022-01-07,190,287,-1,40827.5,41522.5,4504.1,-0.162639,-0.154299,0.14596,0.0083399,0,
dt,BTCUSD,utc_day,5,0.5,2022-01-12,256,287,1,44291,43916.3,3100.66,-0.133574,-0.120845,0.108117,0.0127287,0,
dt,BTCUSD,utc_day,5,0.5,2022-01-17,259,287,-1,41767.2,42218.1,2660.81,-0.183745,-0.169428,0.155111,0.0143172,0,
dt,BTCUSD,utc_day,5,0.5,2022-01-19,90,287,-1,41241.3,41670.9,2237.07,-0.208935,-0.192061,0.175188,0.0168732,0,
dt,BTCUSD,utc_day,5,0.5,2022-01-20,174,280,1,42643.3,40689.6,1953.67,-1.01939,-1,0.980609,0.0193908,0,
dt,BTCUSD,utc_day,5,0.5,2022-01-20,280,287,-1,40689.6,40662.2,1953.67,-0.00506449,0.0139967,-0.033058,0.0190612,0,
dt,BTCUSD,utc_day,5,0.5,2022-01-23,280,287,1,36479.3,36273.8,2845.82,-0.0853669,-0.0722217,0.0590766,0.0131452,0,
dt,BTCUSD,utc_day,5,0.5,2022-02-02,177,287,-1,37676.5,36925,2071.43,0.345891,0.36281,-0.379728,0.0169185,0,
dt,BTCUSD,utc_day,5,0.5,2022-02-06,284,287,1,42622.7,42420.8,2444.03,-0.0983434,-0.0826156,0.0668878,0.0157278,0,
dt,BTCUSD,utc_day,5,0.5,2022-02-11,229,287,-1,42133.4,42370.8,2758.1,-0.0999543,-0.086081,0.0722077,0.0138733,0,
dt,BTCUSD,utc_day,5,0.5,2022-02-15,19,287,1,43511,44566.3,1890.96,0.537201,0.55805,-0.578899,0.0208493,0,
dt,BTCUSD,utc_day,5,0.5,2022-02-17,165,287,-1,42373.9,40525.8,3015.35,0.600409,0.612926,-0.625442,0.0125168,0,
dt,BTCUSD,utc_day,5,0.5,2022-02-24,36,241,-1,35721.8,38798.8,3077,-1.01486,-1,0.985136,0.0148636,0,
dt,BTCUSD,utc_day,5,0.5,2022-02-24,241,287,1,38798.8,38370.3,3077,-0.150936,-0.139275,0.127615,0.0116607,0,
dt,BTCUSD,utc_day,5,0.5,2022-02-28,183,287,1,40160.7,43222.9,4889.86,0.618488,0.626239,-0.633989,0.00775067,0,
dt,BTCUSD,utc_day,5,0.5,2022-03-04,268,287,-1,38903.9,39135.5,7017.77,-0.03816,-0.0330069,0.0278539,0.00515303,0,
dt,BTCUSD,utc_day,5,0.5,2022-03-09,40,287,1,39799.8,41977,2198.5,0.973292,0.990293,-1.017,0.0170013,0,
dt,BTCUSD,utc_day,5,0.5,2022-03-10,56,287,-1,39564.9,39398.5,4824.23,0.026929,0.0344874,-0.0420457,0.00755833,0,
dt,BTCUSD,utc_day,5,0.5,2022-03-15,86,287,-1,38418,39294,2474.63,-0.368557,-0.353986,0.339416,0.0145704,0,
dt,BTCUSD,utc_day,5,0.5,2022-03-16,25,287,1,40365.3,41122.9,2150.92,0.334869,0.352203,-0.369537,0.0173338,0,
dt,BTCUSD,utc_day,5,0.5,2022-03-22,33,287,1,42014.1,42364.1,2073.3,0.150387,0.168823,-0.187258,0.0184358,0,
dt,BTCUSD,utc_day,5,0.5,2022-03-24,196,287,1,44092.4,44008.5,2394.96,-0.0515093,-0.0350444,0.0185795,0.0164649,0,
dt,BTCUSD,utc_day,5,0.5,2022-03-27,247,287,1,45931.6,46834,2800.2,0.307657,0.322281,-0.336904,0.0146235,0,
dt,BTCUSD,utc_day,5,0.5,2022-03-31,219,287,-1,45580.4,45515.3,3008.79,0.0081923,0.0216216,-0.035051,0.0134294,0,
dt,BTCUSD,utc_day,5,0.5,2022-04-03,268,287,1,47427.6,46412.3,3231.65,-0.326964,-0.314185,0.301405,0.0127792,0,
dt,BTCUSD,utc_day,5,0.5,2022-04-05,286,287,-1,45399.3,45503.8,2378.4,-0.0608954,-0.0439329,0.0269704,0.0169625,0,
dt,BTCUSD,utc_day,5,0.5,2022-04-06,165,287,-1,44315.8,43177.7,2378.4,0.462039,0.478536,-0.495033,0.0164965,0,
dt,BTCUSD,utc_day,5,0.5,2022-04-11,120,287,-1,41224.9,39525.5,1832.24,0.907286,0.927504,-1.02019,0.0202178,0,
dt,BTCUSD,utc_day,5,0.5,2022-04-17,282,287,-1,39581.4,39673.5,1613,-0.0797631,-0.0570986,0.0344341,0.0226645,0,
dt,BTCUSD,utc_day,5,0.5,2022-04-18,52,219,-1,38757.1,40585.9,1828.82,-1.02001,-1,0.979995,0.0200055,0,
dt,BTCUSD,utc_day,5,0.5,2022-04-18,219,287,1,40585.9,40797,1828.82,0.095078,0.115446,-0.135814,0.020368,0,
dt,BTCUSD,utc_day,5,0.5,2022-04-21,159,270,1,42850.6,39889.4,2961.24,-1.01273,-1,0.987272,0.0127279,0,
dt,BTCUSD,utc_day,5,0.5,2022-04-21,270,287,-1,39889.4,40477.3,2961.24,-0.211686,-0.198522,0.185357,0.0131645,0,
dt,BTCUSD,utc_day,5,0.5,2022-04-26,179,287,-1,39298.1,38117,2257.75,0.507215,0.523143,-0.53907,0.0159273,0,
dt,BTCUSD,utc_day,5,0.5,2022-04-29,225,287,-1,38362.6,38585.3,2750.75,-0.0939609,-0.0809434,0.0679258,0.0130176,0,
dt,BTCUSD,utc_day,5,0.5,2022-05-04,90,287,1,38472,39673.3,1526.92,0.763067,0.786773,-1.02378,0.023706,0,
dt,BTCUSD,utc_day,5,0.5,2022-05-05,172,287,-1,38517.9,36531.5,2312.74,0.84367,0.858886,-1.01517,0.0152162,0,
dt,BTCUSD,utc_day,5,0.5,2022-05-09,205,287,-1,31115.5,30062.8,5810.85,0.175882,0.181162,-0.186442,0.00528028,0,
dt,BTCUSD,utc_day,5,0.5,2022-05-11,257,287,-1,27958.8,28979,6075.73,-0.17343,-0.16791,0.162389,0.00552045,0,
dt,BTCUSD,utc_day,5,0.5,2022-05-12,87,287,-1,25719,28863,6512.57,-0.487146,-0.482764,0.478382,0.00438216,0,
dt,BTCUSD,utc_day,5,0.5,2022-05-18,177,287,-1,29056.2,28666,2720.08,0.13257,0.143437,-0.154304,0.0108672,0,
dt,BTCUSD,utc_day,5,0.5,2022-05-19,184,287,1,30028.6,30276.8,2727.08,0.0798549,0.0910021,-0.102149,0.0111472,0,
dt,BTCUSD,utc_day,5,0.5,2022-05-20,193,287,-1,28968.6,29159.5,2612.77,-0.0844225,-0.0730585,0.0616944,0.011364,0,
dt,BTCUSD,utc_day,5,0.5,2022-05-22,268,287,1,30432.5,30253.9,2061.9,-0.101418,-0.0866143,0.0718109,0.0148034,0,
dt,BTCUSD,utc_day,5,0.5,2022-05-23,231,287,-1,29437.8,29076.1,1633.21,0.203212,0.221469,-0.239725,0.0182567,0,
dt,BTCUSD,utc_day,5,0.5,2022-05-26,158,287,-1,28678.7,29158.3,1639.68,-0.31054,-0.29249,0.27444,0.0180505,0,
dt,BTCUSD,utc_day,5,0.5,2022-05-27,208,287,-1,28321.8,28594.8,1665.62,-0.181499,-0.163909,0.146319,0.0175898,0,
dt,BTCUSD,utc_day,5,0.5,2022-05-30,25,287,1,30178.1,31713.5,1478.37,1.0177,1.03861,-1.0209,0.0209114,0,
dt,BTCUSD,utc_day,5,0.5,2022-06-01,205,287,-1,30085.6,29780.8,3369.75,0.0814952,0.0904741,-0.099453,0.00897888,0,
dt,BTCUSD,utc_day,5,0.5,2022-06-06,15,287,1,30482,31345,1182.42,0.703765,0.729893,-1.02622,0.0261276,0,
dt,BTCUSD,utc_day,5,0.5,2022-06-07,8,287,-1,30293.9,31100.8,2100.67,-0.398724,-0.384085,0.369445,0.0146397,0,
dt,BTCUSD,utc_day,5,0.5,2022-06-08,42,287,-1,30005.1,30177,2186.5,-0.0925173,-0.0786325,0.0647477,0.0138848,0,
dt,BTCUSD,utc_day,5,0.5,2022-06-10,197,287,-1,28987.5,29061.4,2186.5,-0.0473478,-0.03378,0.0202123,0.0135678,0,
dt,BTCUSD,utc_day,5,0.5,2022-06-12,171,287,-1,26947.9,26534.6,2898.25,0.132881,0.142605,-0.152329,0.00972373,0,
dt,BTCUSD,utc_day,5,0.5,2022-06-13,103,287,-1,24463.1,22432.1,4142.93,0.483951,0.490236,-0.496522,0.00628563,0,
dt,BTCUSD,utc_day,5,0.5,2022-06-18,99,287,-1,18984.9,18938.5,2903.79,0.00799986,0.0159636,-0.0239274,0.00796376,0,
dt,BTCUSD,utc_day,5,0.5,2022-06-30,100,287,-1,19205.5,19925.1,1772.51,-0.419226,-0.405958,0.39269,0.0132679,0,
dt,BTCUSD,utc_day,5,0.5,2022-07-04,274,287,1,20108.6,20206.5,1642.18,0.0450789,0.0596341,-0.0741894,0.0145553,0,
dt,BTCUSD,utc_day,5,0.5,2022-07-05,151,287,-1,19375.7,20149,1642.18,-0.485322,-0.470923,0.456524,0.0143989,0,
dt,BTCUSD,utc_day,5,0.5,2022-07-07,229,287,1,21433.1,21615,1789.69,0.0877886,0.101641,-0.115492,0.0138519,0,
dt,BTCUSD,utc_day,5,0.5,2022-07-11,272,287,-1,20028.8,19946.8,1634.3,0.0378804,0.0502356,-0.0625908,0.0123552,0,
dt,BTCUSD,utc_day,5,0.5,2022-07-18,65,287,1,21577.6,22428,1575.17,0.52625,0.5399,-0.553551,0.0136505,0,
dt,BTCUSD,utc_day,5,0.5,2022-07-19,215,287,1,23456.4,23388.1,2061.1,-0.0440418,-0.0331619,0.022282,0.0108799,0,
dt,BTCUSD,utc_day,5,0.5,2022-07-25,30,287,-1,21921.9,21304.8,1308.36,0.45535,0.47159,-0.487831,0.0162407,0,
dt,BTCUSD,utc_day,5,0.5,2022-07-27,216,287,1,22173,22951.2,1852.11,0.408356,0.420161,-0.431967,0.0118056,0,
dt,BTCUSD,utc_day,5,0.5,2022-07-28,211,287,1,24063.6,23844.7,2232.88,-0.108201,-0.0980035,0.0878058,0.0101977,0,
dt,BTCUSD,utc_day,5,0.5,2022-08-05,41,287,1,23123.5,23307.7,1019.82,0.158704,0.180561,-0.202418,0.0218569,0,
dt,BTCUSD,utc_day,5,0.5,2022-08-08,76,287,1,23632.1,23809.7,925.83,0.167381,0.191812,-0.216242,0.0244306,0,
dt,BTCUSD,utc_day,5,0.5,2022-08-09,167,287,-1,23165.7,23145.5,1285.1,-0.00160389,0.0157108,-0.0330256,0.0173147,0,
dt,BTCUSD,utc_day,5,0.5,2022-08-10,153,287,1,23786,23948.3,1285.1,0.108666,0.12634,-0.144015,0.0176746,0,
dt,BTCUSD,utc_day,5,0.5,2022-08-11,62,287,1,24596.2,23930,1295.84,-0.531887,-0.514161,0.496434,0.0177267,0,
dt,BTCUSD,utc_day,5,0.5,2022-08-15,30,287,1,24855.5,24089.4,1107.98,-0.712312,-0.691457,0.670601,0.0208551,0,
dt,BTCUSD,utc_day,5,0.5,2022-08-19,79,287,-1,22177.4,20827.7,2019.71,0.657777,0.668262,-0.678747,0.010485,0,
dt,BTCUSD,utc_day,5,0.5,2022-08-24,32,193,-1,21153.6,21883.8,730.22,-1.03394,-1,0.966055,0.0339448,0,
dt,BTCUSD,utc_day,5,0.5,2022-08-24,193,287,1,21883.8,21360,730.22,-0.751464,-0.717428,0.683391,0.0340366,0,
dt,BTCUSD,utc_day,5,0.5,2022-08-25,75,287,1,21674.9,21551.5,630.23,-0.235253,-0.195825,0.156397,0.0394278,0,
dt,BTCUSD,utc_day,5,0.5,2022-08-26,133,287,-1,21219.1,20230.7,664.48,1.45104,1.48757,-1.03669,0.0365266,0,
dt,BTCUSD,utc_day,5,0.5,2022-08-31,25,287,1,20316.5,20040.8,1019.92,-0.293764,-0.270315,0.246866,0.023449,0,
dt,BTCUSD,utc_day,5,0.5,2022-09-05,66,287,-1,19689.3,19787.4,608.21,-0.20012,-0.161268,0.122417,0.0388516,0,
dt,BTCUSD,utc_day,5,0.5,2022-09-06,10,205,1,20109.6,19465.5,644.11,-1.03674,-1,0.963264,0.0367358,0,
dt,BTCUSD,utc_day,5,0.5,2022-09-06,205,287,-1,19465.5,18783.5,644.11,1.02275,1.05882,-1.03609,0.0360667,0,
dt,BTCUSD,utc_day,5,0.5,2022-09-09,48,287,1,20007.4,21356.3,1391.2,0.952154,0.96958,-1.01744,0.0174261,0,
dt,BTCUSD,utc_day,5,0.5,2022-09-13,184,287,-1,20837.9,20164.4,3105.87,0.209101,0.216868,-0.224636,0.00776779,0,
dt,BTCUSD,utc_day,5,0.5,2022-09-18,194,287,-1,19656.1,19408.3,897.46,0.249876,0.276057,-0.302237,0.0261805,0,
dt,BTCUSD,utc_day,5,0.5,2022-09-19,27,287,-1,18952.9,19532.1,914.5,-0.658838,-0.633352,0.607865,0.0254868,0,
dt,BTCUSD,utc_day,5,0.5,2022-09-21,215,287,1,19796.8,18452.6,1859.79,-0.735248,-0.722756,0.710265,0.0124912,0,
dt,BTCUSD,utc_day,5,0.5,2022-09-22,153,287,1,19277.6,19393.1,1655.03,0.0556588,0.0697782,-0.0838976,0.0141194,0,
dt,BTCUSD,utc_day,5,0.5,2022-09-23,167,287,-1,18629.3,19278.5,1526.75,-0.44037,-0.425227,0.410084,0.0151433,0,
dt,BTCUSD,utc_day,5,0.5,2022-09-27,16,220,1,19596.5,18838.6,757.86,-1.03073,-1,-1.03138,0.0307331,0,
dt,BTCUSD,utc_day,5,0.5,2022-09-27,220,287,-1,18838.6,19070.1,757.86,-0.335946,-0.305439,0.274932,0.0305074,0,
dt,BTCUSD,utc_day,5,0.5,2022-10-03,217,287,1,19610.6,19623.1,1121.85,-0.0098551,0.0111379,-0.0321308,0.020993,0,
dt,BTCUSD,utc_day,5,0.5,2022-10-04,168,287,1,20184.4,20335.6,1121.85,0.113407,0.134773,-0.156139,0.0213656,0,
dt,BTCUSD,utc_day,5,0.5,2022-10-13,124,227,-1,18857.4,19439.2,581.81,-1.03996,-1,-1.03931,0.0399553,0,
dt,BTCUSD,utc_day,5,0.5,2022-10-13,227,287,1,19439.2,19367.1,581.81,-0.164138,-0.123898,0.0836578,0.04024,0,
dt,BTCUSD,utc_day,5,0.5,2022-10-18,231,287,-1,19101.1,19320.7,881.02,-0.275757,-0.249325,0.222893,0.0264319,0,
dt,BTCUSD,utc_day,5,0.5,2022-10-21,146,287,-1,18704.9,19155,661.98,-0.714847,-0.679945,0.645043,0.034902,0,
dt,BTCUSD,utc_day,5,0.5,2022-10-23,215,287,1,19478.8,19562.1,561.98,0.106359,0.148155,-0.18995,0.0417956,0,
dt,BTCUSD,utc_day,5,0.5,2022-10-25,189,287,1,19783.7,20073.8,926.06,0.287634,0.313284,-0.338934,0.0256502,0,
dt,BTCUSD,utc_day,5,0.5,2022-10-26,103,287,1,20680.1,20762.5,1212.35,0.0479863,0.0680043,-0.0880223,0.020018,0,
dt,BTCUSD,utc_day,5,0.5,2022-11-02,257,287,-1,20061.5,20142.2,823.88,-0.126907,-0.097939,0.068971,0.028968,0,
dt,BTCUSD,utc_day,5,0.5,2022-11-04,73,287,1,20545.6,21138.7,690.73,0.823386,0.858635,-1.03529,0.0352488,0,
dt,BTCUSD,utc_day,5,0.5,2022-11-08,50,287,-1,20021.1,18531.4,1118.15,1.31141,1.33228,-1.02097,0.0208644,0,
dt,BTCUSD,utc_day,5,0.5,2022-11-09,248,287,-1,16327.2,15884.8,4407.37,0.0955595,0.100385,-0.105211,0.00482575,0,
dt,BTCUSD,utc_day,5,0.5,2022-11-20,138,287,-1,16510.7,16249,341.96,0.702606,0.765323,-0.828041,0.0627176,0,
dt,BTCUSD,utc_day,5,0.5,2022-11-21,28,287,-1,15882.3,15749.5,733.84,0.152308,0.181034,-0.20976,0.0287261,0,
dt,BTCUSD,utc_day,5,0.5,2022-11-28,15,287,-1,16235.6,16200.2,370.25,0.0379023,0.0955436,-0.153185,0.0576412,0,
dt,BTCUSD,utc_day,5,0.5,2022-11-29,57,287,1,16455.5,16429.9,510,-0.0923093,-0.0501765,0.00804361,0.0421329,0,
dt,BTCUSD,utc_day,5,0.5,2022-11-30,8,287,1,16671.5,17161.9,483,0.970298,1.01542,-1.04512,0.045126,0,
dt,BTCUSD,utc_day,5,0.5,2022-12-05,33,233,1,17313,16899.3,413.65,-1.05299,-1,0.947011,0.0529893,0,
dt,BTCUSD,utc_day,5,0.5,2022-12-05,233,287,-1,16899.3,16961.2,413.65,-0.202368,-0.149656,0.0969426,0.0527129,0,
dt,BTCUSD,utc_day,5,0.5,2022-12-07,86,287,-1,16808.8,16835.8,544.91,-0.0893532,-0.0494669,0.00958052,0.0398864,0,
dt,BTCUSD,utc_day,5,0.5,2022-12-08,223,287,1,17134,17221.2,595.92,0.109603,0.146463,-0.183322,0.0368597,0,
dt,BTCUSD,utc_day,5,0.5,2022-12-13,119,287,1,17450.6,17773,488.99,0.613913,0.65941,-1.04561,0.0454972,0,
dt,BTCUSD,utc_day,5,0.5,2022-12-14,220,287,1,18223.4,17803.5,901.25,-0.490856,-0.465881,0.440906,0.024975,0,
dt,BTCUSD,utc_day,5,0.5,2022-12-16,202,287,-1,16772.5,16628.7,1169.65,0.104407,0.122921,-0.141436,0.0185144,0,
dt,BTCUSD,utc_day,5,0.5,2022-12-20,184,287,1,16983.8,16894.2,1100.02,-0.101198,-0.0813712,0.061544,0.0198272,0,
dt,BTCUSD,utc_day,5,0.5,2022-12-25,174,287,-1,16696.8,16820,270.95,-0.534667,-0.454604,0.374542,0.0800625,0,
dt,BTCUSD,utc_day,5,0.5,2022-12-27,135,287,-1,16802.6,16693.7,212.66,0.410485,0.512461,-1.10182,0.101976,0,
dt,BTCUSD,utc_day,5,0.5,2022-12-28,257,287,-1,16534,16534.5,322.05,-0.0682573,-0.00135072,-0.0655558,0.0669065,0,
dt,BTCUSD,utc_day,5,0.5,2022-12-30,177,287,-1,16397.6,16596.7,455.87,-0.483818,-0.436605,0.389391,0.0472133,0,
dt,BTCUSD,utc_day,5,0.5,2023-01-02,87,287,1,16755.7,16661.5,298.35,-0.388589,-0.315988,0.243387,0.0726012,0,
dt,BTCUSD,utc_day,5,0.5,2023-01-04,37,287,1,16780.8,16837.7,236,0.148619,0.240678,-0.332737,0.0920594,0,
dt,BTCUSD,utc_day,5,0.5,2023-01-06,240,287,1,16977.5,16939.3,318.6,-0.188145,-0.119648,0.051152,0.0684964,0,
dt,BTCUSD,utc_day,5,0.5,2023-01-08,277,287,1,17088.4,17120.2,298.1,0.0330165,0.106541,-0.180066,0.0735249,0,
dt,BTCUSD,utc_day,5,0.5,2023-01-09,207,287,1,17348.7,17165.5,457.15,-0.448982,-0.40082,0.352659,0.0481616,0,
dt,BTCUSD,utc_day,5,0.5,2023-01-10,222,287,1,17416.2,17424.2,502.45,-0.0280986,0.0159319,-0.0599625,0.0440306,0,
dt,BTCUSD,utc_day,5,0.5,2023-01-11,281,287,1,17699.4,17931.2,548.85,0.381516,0.422292,-0.463068,0.040776,0,
dt,BTCUSD,utc_day,5,0.5,2023-01-12,211,287,1,18449.6,18833.5,1030.6,0.350362,0.372598,-0.394835,0.0222366,0,
dt,BTCUSD,utc_day,5,0.5,2023-01-13,259,287,1,19807.9,19919.8,1947.26,0.0452731,0.05745,-0.0696268,0.0121768,0,
dt,BTCUSD,utc_day,5,0.5,2023-01-14,8,287,1,21311.4,20958.3,2783.8,-0.135623,-0.126809,0.117994,0.00881445,0,
dt,BTCUSD,utc_day,5,0.5,2023-01-18,200,287,-1,20475.2,20670.2,1308.15,-0.167601,-0.149123,0.130645,0.0184782,0,
dt,BTCUSD,utc_day,5,0.5,2023-01-19,243,287,1,21163,21079.8,985,-0.10942,-0.0845178,0.0596153,0.0249024,0,
dt,BTCUSD,utc_day,5,0.5,2023-01-20,240,287,1,21573.5,22663.2,985,1.08078,1.10635,-1.02553,0.0255603,0,
dt,BTCUSD,utc_day,5,0.5,2023-01-25,253,287,1,23000.6,23059.2,734.25,0.0447471,0.0798434,-1.0354,0.0350963,0,
dt,BTCUSD,utc_day,5,0.5,2023-01-29,16,287,1,23434.1,23737.1,811.62,0.341218,0.373414,-0.405609,0.0321957,0,
dt,BTCUSD,utc_day,5,0.5,2023-01-30,115,287,-1,23132.9,22827.5,1207.13,0.231705,0.253026,-0.274347,0.0213209,0,
dt,BTCUSD,utc_day,5,0.5,2023-02-01,255,287,1,23754.5,23732.5,1257.57,-0.0383822,-0.0175219,-0.00333841,0.0208603,0,
dt,BTCUSD,utc_day,5,0.5,2023-02-05,214,287,-1,22837.8,22934,973.92,-0.12515,-0.0987863,0.072423,0.0263634,0,
dt,BTCUSD,utc_day,5,0.5,2023-02-07,214,287,1,23239.5,23238.5,956,-0.0281437,-0.00104603,-0.0260516,0.0270976,0,
dt,BTCUSD,utc_day,5,0.5,2023-02-08,192,287,-1,22840.4,22960.2,795.76,-0.182926,-0.150648,0.118371,0.0322776,0,
dt,BTCUSD,utc_day,5,0.5,2023-02-09,37,287,-1,22618.5,21795.2,684,1.16669,1.20358,-1.03696,0.0368925,0,
dt,BTCUSD,utc_day,5,0.5,2023-02-14,162,178,-1,21532.2,22030.8,498.5,-1.05007,-1,0.949934,0.0500661,0,
dt,BTCUSD,utc_day,5,0.5,2023-02-14,178,287,1,22030.8,22203.5,498.5,0.296036,0.34654,-0.397043,0.0505038,0,
dt,BTCUSD,utc_day,5,0.5,2023-02-15,146,287,1,22626.1,24331.2,843.25,1.99118,2.02209,-1.03057,0.0309056,0,
dt,BTCUSD,utc_day,5,0.5,2023-02-22,30,287,-1,23947.3,24180,1006.4,-0.257493,-0.23122,0.204947,0.0262732,0,
dt,BTCUSD,utc_day,5,0.5,2023-02-24,192,287,-1,23281.4,23181,1322.75,0.056303,0.0758836,-0.0954642,0.0195806,0,
dt,BTCUSD,utc_day,5,0.5,2023-03-01,57,287,1,23542.1,23627,833.75,0.0704588,0.101799,-0.133139,0.0313403,0,
dt,BTCUSD,utc_day,5,0.5,2023-03-03,16,287,-1,23016.7,22358.5,889.14,0.711511,0.740243,-1.02865,0.0287322,0,
dt,BTCUSD,utc_day,5,0.5,2023-03-08,68,287,-1,21944.8,21697.5,496,0.448117,0.498488,-0.548858,0.0503704,0,
dt,BTCUSD,utc_day,5,0.5,2023-03-09,222,287,-1,21217.1,20355.8,957.75,0.87399,0.899374,-1.02535,0.0253836,0,
dt,BTCUSD,utc_day,5,0.5,2023-03-12,267,287,1,21690.7,22211.2,2145.38,0.22872,0.242642,-0.256564,0.0139221,0,
dt,BTCUSD,utc_day,5,0.5,2023-03-13,172,287,1,23538.8,24188,2659.13,0.23242,0.244119,-0.255819,0.0116998,0,
dt,BTCUSD,utc_day,5,0.5,2023-03-14,156,287,1,26505.9,24745,4635.84,-0.386531,-0.379832,0.373133,0.00669923,0,
dt,BTCUSD,utc_day,5,0.5,2023-03-17,124,287,1,26652.6,27449.5,3191.68,0.239663,0.249684,-0.259704,0.0100208,0,
dt,BTCUSD,utc_day,5,0.5,2023-03-22,229,287,-1,27374.4,27314.2,1592.08,0.0175847,0.0377933,-0.058002,0.0202087,0,
dt,BTCUSD,utc_day,5,0.5,2023-03-23,179,287,1,28127.5,28345.5,1629.42,0.113707,0.133808,-0.15391,0.0201015,0,
dt,BTCUSD,utc_day,5,0.5,2023-03-27,179,287,-1,27146.6,27130.9,1697.88,-0.00958854,0.00928216,-0.0281529,0.0188707,0,
dt,BTCUSD,utc_day,5,0.5,2023-03-29,98,287,1,28188.7,28351,1845.49,0.07016,0.0879197,-0.105679,0.0177597,0,
dt,BTCUSD,utc_day,5,0.5,2023-04-03,21,287,-1,27603.9,27803.8,1145.17,-0.205034,-0.174502,0.143971,0.0305313,0,
dt,BTCUSD,utc_day,5,0.5,2023-04-04,123,287,1,28352.3,28173,1096.56,-0.193387,-0.163502,0.133617,0.029885,0,
dt,BTCUSD,utc_day,5,0.5,2023-04-05,11,287,1,28721.5,28170,1096.56,-0.532957,-0.502964,0.47297,0.0299936,0,
dt,BTCUSD,utc_day,5,0.5,2023-04-09,260,287,1,28397.2,28340.2,876.49,-0.102494,-0.0650264,0.0275591,0.0374673,0,
dt,BTCUSD,utc_day,5,0.5,2023-04-10,201,287,1,28667.2,29655.2,650.5,1.46756,1.51883,-1.05111,0.0512757,0,
dt,BTCUSD,utc_day,5,0.5,2023-04-17,7,287,-1,29944.4,29439,736.75,0.640211,0.685952,-0.731693,0.0457409,0,
dt,BTCUSD,utc_day,5,0.5,2023-04-18,139,287,1,30245.9,30387,1614.25,0.0662966,0.0874245,-0.108552,0.0211279,0,
dt,BTCUSD,utc_day,5,0.5,2023-04-19,97,287,-1,29743.4,28802.2,1285.75,0.705967,0.731966,-0.757964,0.0259983,0,
dt,BTCUSD,utc_day,5,0.5,2023-04-25,253,287,1,28147,28298.2,1102.5,0.107479,0.137179,-0.16688,0.0297004,0,
dt,BTCUSD,utc_day,5,0.5,2023-04-26,128,240,1,28977.9,27619.6,1358.28,-1.02414,-1,0.975856,0.0241439,0,
dt,BTCUSD,utc_day,5,0.5,2023-04-26,240,287,-1,27619.6,28426.5,1358.28,-0.618065,-0.594053,0.570041,0.024012,0,
dt,BTCUSD,utc_day,5,0.5,2023-04-27,221,287,1,29684.3,29482.2,2514.52,-0.0937114,-0.0803374,0.0669634,0.013374,0,
dt,BTCUSD,utc_day,5,0.5,2023-05-01,19,287,-1,28693,28068,1100,0.538321,0.568182,-0.598043,0.0298612,0,
dt,BTCUSD,utc_day,5,0.5,2023-05-05,24,287,1,29519.5,29534.8,1348.5,-0.0136022,0.0113089,-0.03622,0.0249111,0,
dt,BTCUSD,utc_day,5,0.5,2023-05-06,169,287,-1,28701.4,28897.5,1664.75,-0.165097,-0.11781,0.0705243,0.0472862,0,
dt,BTCUSD,utc_day,5,0.5,2023-05-08,105,287,-1,27779.6,27684,1390.28,0.0454472,0.0687703,-0.0920934,0.0233231,0,
dt,BTCUSD,utc_day,5,0.5,2023-05-11,213,287,-1,26759.4,26984,1711.72,-0.149836,-0.131219,0.112602,0.0186167,0,
dt,BTCUSD,utc_day,5,0.5,2023-05-12,74,287,-1,26145.4,26794.7,1679.25,-0.405485,-0.386664,0.367842,0.0188212,0,
dt,BTCUSD,utc_day,5,0.5,2023-05-15,77,287,1,27510.2,27160.8,1184,-0.322355,-0.295186,0.268017,0.027169,0,
dt,BTCUSD,utc_day,5,0.5,2023-05-17,140,256,-1,26580.4,27476.6,896.25,-1.03567,-1,0.964331,0.0356692,0,
dt,BTCUSD,utc_day,5,0.5,2023-05-17,256,287,1,27476.6,27405.5,896.25,-0.115327,-0.0793584,0.04339,0.0359684,0,
dt,BTCUSD,utc_day,5,0.5,2023-05-18,210,287,-1,26972.5,26813,867.05,0.14716,0.183928,-0.220697,0.0367687,0,
dt,BTCUSD,utc_day,5,0.5,2023-05-23,35,287,1,27133.6,27215.5,570.75,0.0872738,0.143452,-0.199629,0.0561778,0,
dt,BTCUSD,utc_day,5,0.5,2023-05-24,42,287,-1,26840,26315.8,748.41,0.658221,0.700545,-1.04223,0.0423239,0,
dt,BTCUSD,utc_day,5,0.5,2023-05-28,212,287,1,27382.8,28067.2,1024.55,0.636429,0.668074,-0.699718,0.0316444,0,
dt,BTCUSD,utc_day,5,0.5,2023-05-31,171,287,-1,26899.8,27212.8,1591.5,-0.216768,-0.19667,0.176571,0.0200984,0,
dt,BTCUSD,utc_day,5,0.5,2023-06-05,108,287,-1,26740,25730.2,745.75,1.31188,1.35405,-1.04229,0.0421761,0,
dt,BTCUSD,utc_day,5,0.5,2023-06-06,209,287,1,26660.4,27244,1860.74,0.296501,0.313655,-0.330809,0.0171539,0,
dt,BTCUSD,utc_day,5,0.5,2023-06-07,180,287,-1,26292,26346.8,1902.5,-0.0453391,-0.0287779,0.0122168,0.0165612,0,
dt,BTCUSD,utc_day,5,0.5,2023-06-10,64,287,-1,25528.2,25853.2,1902.5,-0.187174,-0.170828,0.154481,0.0163464,0,
dt,BTCUSD,utc_day,5,0.5,2023-06-14,241,287,-1,25588.9,25120.4,677.25,0.646164,0.691761,-1.0455,0.0455969,0,
dt,BTCUSD,utc_day,5,0.5,2023-06-16,210,287,1,26224.8,26327.5,1301.62,0.0547168,0.0789017,-0.103087,0.0241849,0,
dt,BTCUSD,utc_day,5,0.5,2023-06-20,213,287,1,27689.3,28314.4,1708.11,0.346848,0.365934,-0.38502,0.0190861,0,
dt,BTCUSD,utc_day,5,0.5,2023-06-21,167,287,1,29389.8,29992.9,2150.81,0.264763,0.280432,-0.2961,0.0156682,0,
dt,BTCUSD,utc_day,5,0.5,2023-06-27,168,287,1,30845.8,30694.1,1155.5,-0.161039,-0.131268,0.101497,0.029771,0,
dt,BTCUSD,utc_day,5,0.5,2023-06-28,89,287,-1,30301.7,30067,785.81,0.255335,0.298628,-0.341921,0.0432927,0,
dt,BTCUSD,utc_day,5,0.5,2023-06-29,123,287,1,30562.4,30436.1,987.31,-0.162532,-0.127868,0.0932032,0.0346644,0,
dt,BTCUSD,utc_day,5,0.5,2023-06-30,55,164,1,30910.8,29962.2,948.62,-1.03604,-1,0.963965,0.0360352,0,
dt,BTCUSD,utc_day,5,0.5,2023-06-30,164,287,-1,29962.2,30454.2,948.62,-0.554622,-0.518743,0.482864,0.0358788,0,
dt,BTCUSD,utc_day,5,0.5,2023-07-03,226,287,1,31191.7,31143,1169.81,-0.0712626,-0.041635,0.0120073,0.0296277,0,
dt,BTCUSD,utc_day,5,0.5,2023-07-05,145,287,-1,30257.5,30482.5,985.27,-0.262959,-0.228308,0.193657,0.0346509,0,
dt,BTCUSD,utc_day,5,0.5,2023-07-06,105,174,1,30975.3,29990,985.27,-1.03473,-1,0.965275,0.0347252,0,
dt,BTCUSD,utc_day,5,0.5,2023-07-06,174,287,-1,29990,29868.3,985.27,0.0891238,0.123484,-0.157844,0.0343601,0,
dt,BTCUSD,utc_day,5,0.5,2023-07-10,241,287,1,30980.1,30390.8,1676.3,-0.372007,-0.351518,0.331029,0.0204889,0,
dt,BTCUSD,utc_day,5,0.5,2023-07-13,186,287,1,30804.6,31435.7,892.1,0.668559,0.707376,-1.03891,0.0388164,0,
dt,BTCUSD,utc_day,5,0.5,2023-07-14,215,287,-1,30679.8,30287.3,1511.6,0.236958,0.259592,-0.282227,0.0226345,0,
dt,BTCUSD,utc_day,5,0.5,2023-07-20,114,287,1,30295.1,29785,812.01,-0.670092,-0.628311,0.586531,0.0417803,0,
dt,BTCUSD,utc_day,5,0.5,2023-07-23,215,287,1,30091.3,30064.8,625.1,-0.0965777,-0.0422652,-0.0120473,0.0543125,0,
dt,BTCUSD,utc_day,5,0.5,2023-07-24,28,287,-1,29750.5,29157.8,625.1,0.894665,0.948328,-1.05365,0.0536637,0,
dt,BTCUSD,utc_day,5,0.5,2023-07-31,9,287,1,29492.2,29214.8,459.43,-0.676479,-0.603607,0.530734,0.0728724,0,
dt,BTCUSD,utc_day,5,0.5,2023-08-01,26,281,-1,28983.7,29443.2,459.43,-1.07267,-1,0.927326,0.0726743,0,
dt,BTCUSD,utc_day,5,0.5,2023-08-01,281,287,1,29443.2,29695.2,459.43,0.475296,0.548473,-0.621651,0.0731775,0,
dt,BTCUSD,utc_day,5,0.5,2023-08-02,202,287,-1,29120.1,29164.2,1150.8,-0.0672075,-0.0382343,0.00926104,0.0289732,0,
dt,BTCUSD,utc_day,5,0.5,2023-08-08,144,287,1,29455.8,29753,516.39,0.5102,0.57535,-1.06529,0.0651501,0,
dt,BTCUSD,utc_day,5,0.5,2023-08-14,176,287,1,29504,29413.5,434.7,-0.28525,-0.208075,0.130899,0.0771755,0,
dt,BTCUSD,utc_day,5,0.5,2023-08-15,229,287,-1,29209.8,29182.8,393.3,-0.0163428,0.0685228,-0.153388,0.0848655,0,
dt,BTCUSD,utc_day,5,0.5,2023-08-16,245,287,-1,28932.8,28708.3,497.8,0.384425,0.450984,-0.517544,0.0665596,0,
dt,BTCUSD,utc_day,5,0.5,2023-08-17,187,287,-1,28224.7,26603.8,972.3,1.63398,1.66712,-1.03335,0.0331371,0,
dt,BTCUSD,utc_day,5,0.5,2023-08-22,212,287,-1,25722.1,26038.5,776,-0.447851,-0.407616,0.367381,0.0402348,0,
dt,BTCUSD,utc_day,5,0.5,2023-08-23,206,287,1,26483.9,26413.2,887.31,-0.115187,-0.0795832,0.0439795,0.0356037,0,
dt,BTCUSD,utc_day,5,0.5,2023-08-24,211,287,-1,25847.9,26158.5,1130.61,-0.30248,-0.274794,0.247108,0.027686,0,
dt,BTCUSD,utc_day,5,0.5,2023-08-29,107,172,-1,25928.2,26272.8,344.6,-1.09102,-1,0.90898,0.0910195,0,
dt,BTCUSD,utc_day,5,0.5,2023-08-29,172,287,1,26272.8,27694.2,344.6,4.03195,4.12464,-1.09167,0.092685,0,
dt,BTCUSD,utc_day,5,0.5,2023-08-31,203,287,-1,26251.5,25922,2065.69,0.144309,0.159489,-0.174669,0.0151796,0,
dt,BTCUSD,utc_day,5,0.5,2023-09-06,174,215,-1,25562.1,25985.5,423.36,-1.07359,-1,0.926415,0.0735851,0,
dt,BTCUSD,utc_day,5,0.5,2023-09-06,215,287,1,25985.5,25741.5,423.36,-0.650135,-0.576413,0.50269,0.0737227,0,
dt,BTCUSD,utc_day,5,0.5,2023-09-07,253,287,1,26053.6,26233.8,624.06,0.238401,0.288706,-0.339011,0.0503051,0,
dt,BTCUSD,utc_day,5,0.5,2023-09-08,121,287,-1,25783.9,25893.8,901.66,-0.156517,-0.12192,0.087322,0.0345976,0,
dt,BTCUSD,utc_day,5,0.5,2023-09-11,170,287,-1,25371.6,25144.5,901.66,0.21769,0.251869,-0.286048,0.0341788,0,
dt,BTCUSD,utc_day,5,0.5,2023-09-12,40,287,1,25819.2,25819.8,1349.66,-0.0226373,0.000466784,-0.0235709,0.0231041,0,
dt,BTCUSD,utc_day,5,0.5,2023-09-18,90,287,1,26749.4,26744,483.52,-0.0770503,-0.0113129,-1.06607,0.0657374,0,
dt,BTCUSD,utc_day,5,0.5,2023-09-19,113,287,1,27183.9,27190,881.7,-0.0295356,0.00683906,-0.0432137,0.0363746,0,
dt,BTCUSD,utc_day,5,0.5,2023-09-21,131,287,-1,26619.3,26546.7,962.58,0.0425223,0.0754327,-0.108343,0.0329104,0,
dt,BTCUSD,utc_day,5,0.5,2023-09-24,281,287,-1,26141.1,26226.6,828.2,-0.141125,-0.103188,0.0652505,0.0379371,0,
dt,BTCUSD,utc_day,5,0.5,2023-09-27,135,287,1,26495.1,26353.7,583,-0.296837,-0.242676,0.188515,0.054161,0,
dt,BTCUSD,utc_day,5,0.5,2023-09-28,175,287,1,26671.1,27005.8,637.38,0.475078,0.52504,-0.575002,0.0499623,0,
dt,BTCUSD,utc_day,5,0.5,2023-10-01,267,287,1,27418.6,27975.3,948.21,0.55296,0.587133,-0.621305,0.0341729,0,
dt,BTCUSD,utc_day,5,0.5,2023-10-06,188,287,1,27991.5,27910.2,1201.6,-0.0947221,-0.0676182,0.0405143,0.0271039,0,
dt,BTCUSD,utc_day,5,0.5,2023-10-09,136,287,-1,27413.4,27572.3,965.19,-0.198163,-0.164729,0.131295,0.0334342,0,
dt,BTCUSD,utc_day,5,0.5,2023-10-11,30,287,-1,27025.1,26858.8,700.7,0.191719,0.237263,-0.282806,0.0455434,0,
dt,BTCUSD,utc_day,5,0.5,2023-10-15,248,287,1,27193.3,27133.8,723.5,-0.126533,-0.0822253,0.037918,0.0443073,0,
dt,BTCUSD,utc_day,5,0.5,2023-10-16,63,287,1,27438,28480.3,604.45,1.67061,1.7245,-1.05365,0.0538894,0,
dt,BTCUSD,utc_day,5,0.5,2023-10-20,121,287,1,29833.7,29647,2279.69,-0.0966913,-0.0818949,0.0670985,0.0147964,0,
dt,BTCUSD,utc_day,5,0.5,2023-10-23,74,287,1,30939.8,33068.3,1932.4,1.08326,1.10147,-1.01818,0.0182171,0,
dt,BTCUSD,utc_day,5,0.5,2023-10-29,211,287,1,34706.7,34522.6,1255.08,-0.176084,-0.146684,0.117284,0.0294001,0,
dt,BTCUSD,utc_day,5,0.5,2023-11-01,160,177,1,35043.7,34247.6,796.16,-1.04637,-1,0.953628,0.0463722,0,
dt,BTCUSD,utc_day,5,0.5,2023-11-01,177,249,-1,34247.6,35043.7,796.16,-1.04637,-1,0.953628,0.0463722,0,
dt,BTCUSD,utc_day,5,0.5,2023-11-01,249,287,1,35043.7,35431.4,796.16,0.440145,0.487,-0.533856,0.0468554,0,
dt,BTCUSD,utc_day,5,0.5,2023-11-02,164,287,-1,34678.3,34934.1,1496.95,-0.195597,-0.170864,0.146131,0.024733,0,
dt,BTCUSD,utc_day,5,0.5,2023-11-03,120,287,-1,34176.6,34694.4,1515.05,-0.366086,-0.341807,0.317529,0.0242785,0,
dt,BTCUSD,utc_day,5,0.5,2023-11-05,262,287,-1,34385.3,35019.6,1359.74,-0.493629,-0.466449,0.43927,0.0271791,0,
dt,BTCUSD,utc_day,5,0.5,2023-11-07,129,226,-1,34577.4,35526,948.6,-1.0392,-1,0.960802,0.0391984,0,
dt,BTCUSD,utc_day,5,0.5,2023-11-07,226,287,1,35526,35400.4,948.6,-0.171928,-0.132448,0.0929674,0.0394804,0,
dt,BTCUSD,utc_day,5,0.5,2023-11-08,252,287,1,35914,35624.2,1027.16,-0.318811,-0.282157,0.245502,0.0366544,0,
dt,BTCUSD,utc_day,5,0.5,2023-11-09,28,287,1,36246.1,36713.6,1250.93,0.343203,0.37367,-1.03067,0.0304668,0,
dt,BTCUSD,utc_day,5,0.5,2023-11-14,186,287,-1,35941.3,35554.7,1078.27,0.323712,0.358616,-1.0347,0.0349042,0,
dt,BTCUSD,utc_day,5,0.5,2023-11-15,218,287,1,36856.7,37880,2607.21,0.377655,0.392494,-0.407334,0.0148394,0,
dt,BTCUSD,utc_day,5,0.5,2023-11-16,217,287,-1,36214,36170.1,3331.13,0.00182226,0.0132072,-0.0245922,0.011385,0,
dt,BTCUSD,utc_day,5,0.5,2023-11-21,176,287,-1,36661.6,35733.3,1589.72,0.5601,0.583958,-0.607817,0.0238585,0,
dt,BTCUSD,utc_day,5,0.5,2023-11-22,120,287,1,36750,37407.5,2040.99,0.303257,0.322121,-0.340985,0.018864,0,
dt,BTCUSD,utc_day,5,0.5,2023-11-24,187,287,1,38359.7,37700.6,2140.69,-0.326187,-0.307912,0.289638,0.0182743,0,
dt,BTCUSD,utc_day,5,0.5,2023-11-27,139,287,-1,36866.7,37228.3,1130.6,-0.353937,-0.319901,0.285865,0.0340358,0,
dt,BTCUSD,utc_day,5,0.5,2023-11-28,200,287,1,37825.2,37806.1,1190.6,-0.0487823,-0.0160423,-0.0166976,0.0327399,0,
dt,BTCUSD,utc_day,5,0.5,2023-11-29,118,287,1,38381.9,37831.2,1151.7,-0.512216,-0.478206,0.444196,0.0340099,0,
dt,BTCUSD,utc_day,5,0.5,2023-12-01,87,287,1,38333.5,38654.3,1256.75,0.223866,0.255234,-0.286601,0.0313674,0,
dt,BTCUSD,utc_day,5,0.5,2023-12-02,229,287,1,39555.5,39429.1,1804.31,-0.0922707,-0.0700628,0.0478549,0.0222079,0,
dt,BTCUSD,utc_day,5,0.5,2023-12-04,62,287,1,41301.1,41987.1,2660.09,0.242276,0.257865,-0.273455,0.0155892,0,
dt,BTCUSD,utc_day,5,0.5,2023-12-05,261,287,1,44183.7,44076.6,4393,-0.0341759,-0.0243683,0.0145608,0.00980755,0,
dt,BTCUSD,utc_day,5,0.5,2023-12-11,24,287,-1,43065.8,41265.1,1483.2,1.18588,1.21406,-1.02826,0.0281874,0,
dt,BTCUSD,utc_day,5,0.5,2023-12-13,266,287,1,43293.7,42868.9,3576.65,-0.130622,-0.118766,0.106911,0.0118555,0,
dt,BTCUSD,utc_day,5,0.5,2023-12-18,253,287,1,42415.7,42668.7,2050.3,0.102862,0.123372,-0.143883,0.0205104,0,
dt,BTCUSD,utc_day,5,0.5,2023-12-20,161,287,1,43352.9,43702.9,2131.93,0.144161,0.164187,-0.184213,0.0200256,0,
dt,BTCUSD,utc_day,5,0.5,2023-12-24,267,287,-1,42832.7,43002.3,1773.03,-0.119531,-0.0956752,0.0718198,0.0238554,0,
dt,BTCUSD,utc_day,5,0.5,2023-12-25,155,287,1,43730.8,43605.9,1460.19,-0.11482,-0.0855197,0.0562191,0.0293006,0,
dt,BTCUSD,utc_day,5,0.5,2023-12-26,66,287,-1,42875,42532.6,1460.19,0.205622,0.234493,-0.263365,0.0288712,0,
dt,BTCUSD,utc_day,5,0.5,2023-12-27,251,287,1,43585.7,43447.8,2098.19,-0.0861127,-0.0657686,0.0454244,0.0203441,0,
dt,BTCUSD,utc_day,5,0.5,2023-12-28,186,287,-1,42458.1,42594.1,1984.89,-0.089676,-0.068495,0.047314,0.021181,0,
dt,BTCUSD,utc_day,5,0.5,2023-12-29,268,287,-1,41602.6,42089.2,1984.89,-0.266093,-0.245134,0.224176,0.0209582,0,
dt,BTCUSD,utc_day,5,0.5,2024-01-01,219,287,1,43188.3,44224.2,1752.8,0.566574,0.590997,-0.615421,0.0244233,0,
dt,BTCUSD,utc_day,5,0.5,2024-01-02,89,287,1,45702.2,44973.8,2941.05,-0.262595,-0.247679,0.232762,0.0149163,0,
dt,BTCUSD,utc_day,5,0.5,2024-01-03,144,287,-1,43092.8,42843.4,3767.51,0.054937,0.0661724,-0.0774077,0.0112353,0,
dt,BTCUSD,utc_day,5,0.5,2024-01-08,144,287,1,44832.4,46966.7,1840.45,1.13562,1.15965,-1.02398,0.0240347,0,
dt,BTCUSD,utc_day,5,0.5,2024-01-11,177,287,1,48733,46331.8,4149.62,-0.589566,-0.578651,0.567735,0.0109157,0,
dt,BTCUSD,utc_day,5,0.5,2024-01-12,189,287,-1,44423.8,42783.2,3814.54,0.418889,0.430094,-0.441299,0.0112051,0,
dt,BTCUSD,utc_day,5,0.5,2024-01-17,205,287,-1,42198.2,42777.3,1845,-0.336687,-0.313913,0.29114,0.0227735,0,
dt,BTCUSD,utc_day,5,0.5,2024-01-18,201,287,-1,41850,41317.2,1845,0.266342,0.288797,-0.311252,0.0224549,0,
dt,BTCUSD,utc_day,5,0.5,2024-01-22,225,287,-1,40327.4,39561.1,2483.3,0.292327,0.308581,-0.324835,0.0162541,0,
dt,BTCUSD,utc_day,5,0.5,2024-01-26,138,287,1,41008.8,41799.6,2123.5,0.352949,0.372404,-0.391859,0.019455,0,
dt,BTCUSD,utc_day,5,0.5,2024-02-04,271,287,-1,42323.1,42564.3,1326.3,-0.213555,-0.181897,0.150239,0.0316583,0,
dt,BTCUSD,utc_day,5,0.5,2024-02-05,121,287,1,43221.2,42686.8,1314.13,-0.438903,-0.406699,0.374495,0.0322039,0,
dt,BTCUSD,utc_day,5,0.5,2024-02-06,196,287,1,43344,43073.4,1314.13,-0.238272,-0.205942,0.173612,0.0323299,0,
dt,BTCUSD,utc_day,5,0.5,2024-02-07,211,287,1,43574.7,44320.2,1001.82,0.701318,0.744206,-0.787093,0.0428878,0,
dt,BTCUSD,utc_day,5,0.5,2024-02-08,184,287,1,45391.8,45263.2,2140.99,-0.0805692,-0.060082,0.0395948,0.0204872,0,
dt,BTCUSD,utc_day,5,0.5,2024-02-09,131,287,1,46778,47108.7,3034.04,0.0941737,0.108977,-0.12378,0.0148031,0,
dt,BTCUSD,utc_day,5,0.5,2024-02-12,210,287,1,50297.3,49933.8,3996.62,-0.102691,-0.0909368,0.0791831,0.0117537,0,
dt,BTCUSD,utc_day,5,0.5,2024-02-14,110,287,1,51240.6,51817.2,3101.63,0.170459,0.185901,-0.201342,0.0154415,0,
dt,BTCUSD,utc_day,5,0.5,2024-02-20,162,204,1,52505,51100,1405,-1.03421,-1,0.965785,0.0342147,0,
dt,BTCUSD,utc_day,5,0.5,2024-02-20,204,279,-1,51100,52505,1405,-1.03421,-1,0.965785,0.0342147,0,
dt,BTCUSD,utc_day,5,0.5,2024-02-20,279,287,1,52505,52291.3,1405,-0.186547,-0.152057,0.117567,0.0344903,0,
dt,BTCUSD,utc_day,5,0.5,2024-02-21,85,287,-1,51528.7,51871.8,1526.5,-0.256276,-0.224828,0.19338,0.0314479,0,
dt,BTCUSD,utc_day,5,0.5,2024-02-22,165,287,-1,51028,51310.9,1706.81,-0.193709,-0.165786,0.137862,0.0279235,0,
dt,BTCUSD,utc_day,5,0.5,2024-02-26,114,185,-1,51065.5,52448,1382.47,-1.03475,-1,0.965249,0.0347508,0,
dt,BTCUSD,utc_day,5,0.5,2024-02-26,185,287,1,52448,54505.7,1382.47,1.45284,1.4884,-1.0354,0.0355595,0,
dt,BTCUSD,utc_day,5,0.5,2024-02-27,25,287,1,56625.3,57068.4,4239.08,0.0924185,0.104532,-0.116646,0.0121136,0,
dt,BTCUSD,utc_day,5,0.5,2024-02-28,160,287,1,60305.5,62481.8,6463.18,0.327798,0.336724,-0.34565,0.00892593,0,
dt,BTCUSD,utc_day,5,0.5,2024-03-04,97,287,1,64534.6,68288.6,2727.71,1.35357,1.37626,-1.02257,0.0226973,0,
dt,BTCUSD,utc_day,5,0.5,2024-03-05,205,287,-1,64563,63739.6,7451.2,0.102394,0.110506,-0.118617,0.00811176,0,
dt,BTCUSD,utc_day,5,0.5,2024-03-11,10,86,-1,67279.6,70724.5,3444.9,-1.01846,-1,0.981539,0.0184607,0,
dt,BTCUSD,utc_day,5,0.5,2024-03-11,86,287,1,70724.5,72146,3444.9,0.393734,0.412653,-0.431573,0.0189198,0,
dt,BTCUSD,utc_day,5,0.5,2024-03-12,208,287,-1,69133.3,71499,6033.8,-0.402756,-0.392075,0.381393,0.0106814,0,
dt,BTCUSD,utc_day,5,0.5,2024-03-14,198,287,-1,70054.8,71447.7,6125.5,-0.238831,-0.227402,0.215972,0.0114297,0,
dt,BTCUSD,utc_day,5,0.5,2024-03-15,34,287,-1,68382.8,69532.1,6125.5,-0.198873,-0.187634,0.176394,0.0112393,0,
dt,BTCUSD,utc_day,5,0.5,2024-03-16,278,287,-1,65765.1,65338.7,7549.64,0.0469515,0.0564769,-0.0660022,0.00952532,0,
dt,BTCUSD,utc_day,5,0.5,2024-03-19,86,287,-1,64070.2,61961.1,7151.2,0.285111,0.294937,-0.304762,0.00982551,0,
dt,BTCUSD,utc_day,5,0.5,2024-03-20,239,287,1,66027.1,67849.7,8124.25,0.214858,0.224338,-0.233817,0.00947952,0,
dt,BTCUSD,utc_day,5,0.5,2024-03-24,278,287,1,67512.6,67250,7045.66,-0.0482441,-0.0372726,0.026301,0.0109716,0,
dt,BTCUSD,utc_day,5,0.5,2024-03-25,180,287,1,69729.3,69906.6,4964.9,0.0198119,0.0357006,-0.0515893,0.0158887,0,
dt,BTCUSD,utc_day,5,0.5,2024-03-31,223,287,1,70853.2,71350.7,2465.55,0.171156,0.201787,-0.232417,0.0306302,0,
dt,BTCUSD,utc_day,5,0.5,2024-04-01,69,287,-1,70158.7,69687.8,2412.6,0.164199,0.195184,-0.226169,0.0309849,0,
dt,BTCUSD,utc_day,5,0.5,2024-04-02,31,287,-1,68056.5,65493.4,3259.49,0.76403,0.786336,-1.02224,0.0223065,0,
dt,BTCUSD,utc_day,5,0.5,2024-04-08,99,287,1,71482.8,71666.1,4262.6,0.025776,0.0430019,-0.0602279,0.017226,0,
dt,BTCUSD,utc_day,5,0.5,2024-04-09,177,287,-1,68811.5,69177,5711.3,-0.0761473,-0.0640047,0.0518621,0.0121426,0,
dt,BTCUSD,utc_day,5,0.5,2024-04-12,209,287,-1,67984.7,67135.3,4124.2,0.189368,0.205958,-0.222547,0.0165894,0,
dt,BTCUSD,utc_day,5,0.5,2024-04-13,239,287,-1,64341.5,63929.5,5569.56,0.0620745,0.0739592,-0.0858438,0.0118846,0,
dt,BTCUSD,utc_day,5,0.5,2024-04-17,174,287,-1,60876.7,61244.3,5741.17,-0.0752248,-0.0640436,0.0528623,0.0111812,0,
dt,BTCUSD,utc_day,5,0.5,2024-04-29,81,277,-1,61991.9,64163.5,2171.61,-1.03237,-1,0.967626,0.0323744,0,
dt,BTCUSD,utc_day,5,0.5,2024-04-29,277,287,1,64163.5,63830.2,2171.61,-0.186132,-0.153483,0.120833,0.0326495,0,
dt,BTCUSD,utc_day,5,0.5,2024-04-30,99,287,-1,62772.2,60633,2116,0.97819,1.01099,-1.03281,0.0328028,0,
dt,BTCUSD,utc_day,5,0.5,2024-05-01,85,287,-1,58294.3,58295.4,4678,-0.0146015,-0.000237281,-0.0141269,0.0143642,0,
dt,BTCUSD,utc_day,5,0.5,2024-05-03,244,287,1,62663.9,62841.4,7303.42,0.0147173,0.0243146,-0.033912,0.00959732,0,
dt,BTCUSD,utc_day,5,0.5,2024-05-09,274,287,1,63310.4,63037.8,4331.08,-0.0791875,-0.0629404,0.0466934,0.016247,0,
dt,BTCUSD,utc_day,5,0.5,2024-05-10,178,287,-1,60872.4,60765.8,4331.08,0.00870997,0.0246036,-0.0404972,0.0158936,0,
dt,BTCUSD,utc_day,5,0.5,2024-05-13,101,287,1,62892.8,62899.9,2899.9,-0.0217341,0.00246905,-0.0266722,0.0242031,0,
dt,BTCUSD,utc_day,5,0.5,2024-05-14,75,287,-1,61515.1,61538.3,2762,-0.0334889,-0.00839971,-0.0166895,0.0250892,0,
dt,BTCUSD,utc_day,5,0.5,2024-05-15,118,287,1,62850.3,66163.2,2624.9,1.23499,1.26212,-1.02705,0.0271376,0,
dt,BTCUSD,utc_day,5,0.5,2024-05-20,232,287,1,69058.6,71454.3,5662.8,0.409825,0.423065,-0.436304,0.0132392,0,
dt,BTCUSD,utc_day,5,0.5,2024-05-23,240,287,-1,66286,67987.7,5857.33,-0.302989,-0.290536,0.278083,0.0124533,0,
dt,BTCUSD,utc_day,5,0.5,2024-05-27,183,287,1,70010.3,69449.3,3006.69,-0.21138,-0.186559,0.161738,0.0248208,0,
dt,BTCUSD,utc_day,5,0.5,2024-05-28,43,287,-1,67822.3,68428.2,3249.09,-0.209148,-0.1865,0.163852,0.022648,0,
dt,BTCUSD,utc_day,5,0.5,2024-05-30,210,287,1,69175.2,68390.3,3057.59,-0.28091,-0.256704,0.232498,0.0242063,0,
dt,BTCUSD,utc_day,5,0.5,2024-05-31,194,287,-1,66851.6,67565.7,3057.59,-0.25742,-0.233548,0.209677,0.0238716,0,
dt,BTCUSD,utc_day,5,0.5,2024-06-03,27,287,1,68794,68839.1,1990,-0.0145401,0.0226633,-0.0598667,0.0372034,0,
dt,BTCUSD,utc_day,5,0.5,2024-06-04,184,287,1,70201.2,70567.8,2727.2,0.106929,0.134449,-0.16197,0.0275205,0,
dt,BTCUSD,utc_day,5,0.5,2024-06-07,217,287,-1,69078.3,69364.8,3491.12,-0.103365,-0.0820825,0.0608005,0.021282,0,
dt,BTCUSD,utc_day,5,0.5,2024-06-11,27,287,-1,68200.6,67308.4,2683.57,0.305105,0.332436,-0.359767,0.0273309,0,
dt,BTCUSD,utc_day,5,0.5,2024-06-12,171,287,1,69670.7,68258.1,4739.97,-0.313647,-0.298007,0.282368,0.0156395,0,
dt,BTCUSD,utc_day,5,0.5,2024-06-13,191,287,-1,66424.1,66774.6,3667,-0.115392,-0.0955959,0.0757994,0.0197965,0,
dt,BTCUSD,utc_day,5,0.5,2024-06-18,17,287,-1,65250.7,65137.7,2405.47,0.0171629,0.0469617,-0.0767606,0.0297989,0,
dt,BTCUSD,utc_day,5,0.5,2024-06-20,131,287,1,66237.3,64841.7,2617.9,-0.560547,-0.53308,0.505613,0.0274666,0,
dt,BTCUSD,utc_day,5,0.5,2024-06-21,105,287,-1,63614.4,64111.8,2436.4,-0.233219,-0.204154,0.175088,0.0290654,0,
dt,BTCUSD,utc_day,5,0.5,2024-06-24,114,287,-1,61519.2,60261.3,3272,0.363392,0.384444,-1.02085,0.0210522,0,
dt,BTCUSD,utc_day,5,0.5,2024-06-30,227,287,1,61992.7,62753.8,2035.2,0.339649,0.373968,-0.408287,0.0343193,0,
dt,BTCUSD,utc_day,5,0.5,2024-07-03,39,287,-1,60678.4,60195.7,2865.9,0.144479,0.168411,-0.192344,0.0239325,0,
dt,BTCUSD,utc_day,5,0.5,2024-07-04,24,287,-1,58376.7,57033.7,3640.4,0.350562,0.368916,-0.387269,0.018353,0,
dt,BTCUSD,utc_day,5,0.5,2024-07-05,51,287,-1,53636,56596.7,6802.4,-0.444818,-0.435243,0.425669,0.00957451,0,
dt,BTCUSD,utc_day,5,0.5,2024-07-11,150,287,1,59581.4,57303.4,3773.2,-0.621566,-0.603732,0.585897,0.0178341,0,
dt,BTCUSD,utc_day,5,0.5,2024-07-14,256,287,1,60374.4,60753.8,2425.33,0.140215,0.156447,-0.172678,0.0162315,0,
dt,BTCUSD,utc_day,5,0.5,2024-07-15,69,287,1,62881.6,64668.4,4255.62,0.408879,0.419866,-0.430853,0.0109873,0,
dt,BTCUSD,utc_day,5,0.5,2024-07-19,192,287,1,66141.4,66615.7,4387.3,0.0982846,0.108119,-0.117953,0.00983431,0,
dt,BTCUSD,utc_day,5,0.5,2024-07-25,167,287,-1,63785.9,65760.7,3105.34,-0.649517,-0.635959,0.622401,0.0135581,0,
dt,BTCUSD,utc_day,5,0.5,2024-07-26,166,287,1,67782,67870.3,4042.5,0.0109494,0.0218553,-0.0327612,0.0109059,0,
dt,BTCUSD,utc_day,5,0.5,2024-08-02,182,287,-1,62580.2,61471.5,5473.1,0.195197,0.202563,-0.20993,0.00736636,0,
dt,BTCUSD,utc_day,5,0.5,2024-08-04,212,287,-1,57930.9,58132.3,5482.8,-0.0436129,-0.0367331,0.0298533,0.0068798,0,
dt,BTCUSD,utc_day,5,0.5,2024-08-05,14,287,-1,53794.6,53969.8,8675.4,-0.0242287,-0.0201916,0.0161545,0.0040371,0,
dt,BTCUSD,utc_day,5,0.5,2024-08-08,192,287,1,59718.7,61647.5,9250.57,0.204244,0.208508,-0.212772,0.00426396,0,
dt,BTCUSD,utc_day,5,0.5,2024-08-13,201,287,1,60948.8,60538.2,3274.8,-0.137438,-0.125382,0.113325,0.0120567,0,
dt,BTCUSD,utc_day,5,0.5,2024-08-14,170,287,-1,58900.8,58635.9,3274.8,0.0692258,0.0808904,-0.0925551,0.0116647,0,
dt,BTCUSD,utc_day,5,0.5,2024-08-15,230,287,-1,56995.7,57497.3,3280.56,-0.164246,-0.152904,0.141561,0.0113426,0,
dt,BTCUSD,utc_day,5,0.5,2024-08-21,229,287,1,60904,61107.7,3866.93,0.0424319,0.0526865,-0.0629411,0.0102546,0,
dt,BTCUSD,utc_day,5,0.5,2024-08-27,261,287,-1,60398.6,59372.2,4793.6,0.205999,0.214119,-0.222239,0.00812031,0,
dt,BTCUSD,utc_day,5,0.5,2024-09-01,65,287,-1,57829.4,57258.4,2202.14,0.242304,0.259289,-0.276274,0.0169851,0,
dt,BTCUSD,utc_day,5,0.5,2024-09-02,253,287,1,59195.5,59099.9,3874.2,-0.0345997,-0.0246761,0.0147525,0.00992361,0,
dt,BTCUSD,utc_day,5,0.5,2024-09-03,171,287,-1,57791.4,57439.7,2617,0.12008,0.134391,-0.148701,0.0143103,0,
dt,BTCUSD,utc_day,5,0.5,2024-09-04,12,287,-1,56180.1,57932.5,2519.3,-0.710331,-0.69561,0.680889,0.014721,0,
dt,BTCUSD,utc_day,5,0.5,2024-09-05,185,287,-1,56154,56133.4,3557.1,-0.00448214,0.00577718,-0.0160365,0.0102593,0,
dt,BTCUSD,utc_day,5,0.5,2024-09-06,183,287,-1,54311.3,53915.4,3644.3,0.09897,0.108622,-0.118273,0.0096517,0,
dt,BTCUSD,utc_day,5,0.5,2024-09-09,238,287,1,57022.3,56997.8,4390,-0.0157222,-0.00558087,-0.00456049,0.0101414,0,
dt,BTCUSD,utc_day,5,0.5,2024-09-11,176,287,-1,55590.6,57295.3,4012.6,-0.434135,-0.424837,0.415538,0.00929869,0,
dt,BTCUSD,utc_day,5,0.5,2024-09-13,213,287,1,59854.7,60443.9,3539.8,0.155405,0.16645,-0.177495,0.011045,0,
dt,BTCUSD,utc_day,5,0.5,2024-09-16,206,287,-1,57506.7,58174.7,3163.3,-0.22346,-0.211188,0.198916,0.0122721,0,
dt,BTCUSD,utc_day,5,0.5,2024-09-17,170,287,1,59678,60268.8,3006.54,0.182463,0.196515,-0.210567,0.0140516,0,
dt,BTCUSD,utc_day,5,0.5,2024-09-23,3,40,-1,62533.6,64558.9,2025.27,-1.02039,-1,0.979605,0.0203948,0,
dt,BTCUSD,utc_day,5,0.5,2024-09-23,40,287,1,64558.9,63289.8,2025.27,-0.647117,-0.6266,0.606084,0.0205162,0,
dt,BTCUSD,utc_day,5,0.5,2024-09-24,238,287,1,64061,64230.9,1542.4,0.0831205,0.110153,-0.137185,0.0270325,0,
dt,BTCUSD,utc_day,5,0.5,2024-09-25,164,287,-1,63278.9,63106.1,1904.1,0.0645401,0.0907253,-0.11691,0.0261851,0,
dt,BTCUSD,utc_day,5,0.5,2024-09-26,123,287,1,64058.2,65126.9,1904.1,0.539239,0.561289,-0.583339,0.0220499,0,
dt,BTCUSD,utc_day,5,0.5,2024-09-30,111,287,-1,63961.8,63296.9,3188.2,0.195584,0.208557,-0.221529,0.0129726,0,
dt,BTCUSD,utc_day,5,0.5,2024-10-01,207,287,-1,61702.8,60764.5,3188.2,0.281814,0.294298,-0.306782,0.0124841,0,
dt,BTCUSD,utc_day,5,0.5,2024-10-07,172,287,1,64261.7,62178.4,2969.3,-0.715436,-0.701596,0.687757,0.0138393,0,
dt,BTCUSD,utc_day,5,0.5,2024-10-09,233,287,-1,60912.1,60594.1,2414.9,0.109913,0.131662,-0.153411,0.0217489,0,
dt,BTCUSD,utc_day,5,0.5,2024-10-14,96,287,1,64797.1,66052.6,3939.11,0.30623,0.318738,-0.331246,0.0125079,0,
dt,BTCUSD,utc_day,5,0.5,2024-10-20,273,287,1,69238.9,69007.9,1788.06,-0.154279,-0.129151,0.104023,0.0251279,0,
dt,BTCUSD,utc_day,5,0.5,2024-10-21,159,287,-1,67807.8,67356.5,2400.36,0.169679,0.18798,-0.206281,0.0183008,0,
dt,BTCUSD,utc_day,5,0.5,2024-10-23,110,287,-1,66159.1,66635,2470.2,-0.210128,-0.192656,0.175185,0.0174715,0,
dt,BTCUSD,utc_day,5,0.5,2024-10-24,254,287,1,68528.6,68160,3787.2,-0.109941,-0.097349,0.0847571,0.0125918,0,
dt,BTCUSD,utc_day,5,0.5,2024-10-25,216,287,-1,66690.4,66649,2939.22,-0.000661834,0.014082,-0.0288258,0.0147438,0,
dt,BTCUSD,utc_day,5,0.5,2024-10-28,228,287,1,69285.7,69926.2,2613.7,0.226679,0.245036,-0.263393,0.0183571,0,
dt,BTCUSD,utc_day,5,0.5,2024-10-29,188,287,1,72116.1,72725.7,4379.9,0.128422,0.13917,-0.149917,0.0107476,0,
dt,BTCUSD,utc_day,5,0.5,2024-11-05,178,287,1,70258.9,69336.8,4876.6,-0.198374,-0.18907,0.179767,0.00930333,0,
dt,BTCUSD,utc_day,5,0.5,2024-11-06,9,287,1,71244.6,75567.7,3815.6,1.1205,1.13301,-1.01246,0.012505,0,
dt,BTCUSD,utc_day,5,0.5,2024-11-10,211,287,1,80358.1,80397.7,7401.03,-0.0017012,0.00535804,-0.0124173,0.00705924,0,
dt,BTCUSD,utc_day,5,0.5,2024-11-11,184,287,1,83375,88716.7,5954.44,0.887716,0.897109,-1.00943,0.00939296,0,
dt,BTCUSD,utc_day,5,0.5,2024-11-18,83,287,1,92123,90491.6,4477.79,-0.377585,-0.36433,0.351076,0.0132542,0,
dt,BTCUSD,utc_day,5,0.5,2024-11-19,149,287,1,92472,92317.9,3960.91,-0.0540814,-0.0389191,0.0237567,0.0151624,0,
dt,BTCUSD,utc_day,5,0.5,2024-11-20,162,287,1,94372.1,94272.1,4085.9,-0.0394918,-0.0244866,0.00948154,0.0150051,0,
dt,BTCUSD,utc_day,5,0.5,2024-11-21,59,287,1,97039.5,98350.9,5534.83,0.22546,0.236933,-0.248406,0.0114731,0,
dt,BTCUSD,utc_day,5,0.5,2024-11-25,179,287,-1,95488.9,93048.2,4911.27,0.484496,0.496972,-0.509449,0.0124763,0,
dt,BTCUSD,utc_day,5,0.5,2024-11-27,188,287,1,95548,95884.7,7084.8,0.0387526,0.0475342,-0.0563157,0.00878156,0,
dt,BTCUSD,utc_day,5,0.5,2024-12-02,99,287,-1,95739.7,95874.7,3018.9,-0.06533,-0.0447017,0.0240734,0.0206283,0,
dt,BTCUSD,utc_day,5,0.5,2024-12-03,165,287,-1,94331.2,95897.5,3086.87,-0.527414,-0.507386,0.487358,0.0200282,0,
dt,BTCUSD,utc_day,5,0.5,2024-12-04,241,287,1,97727.9,98653.9,3660.88,0.2355,0.252934,-0.270368,0.0174341,0,
dt,BTCUSD,utc_day,5,0.5,2024-12-05,32,269,1,101187,96121.1,5065.58,-1.01266,-1,0.987341,0.012659,0,
dt,BTCUSD,utc_day,5,0.5,2024-12-05,269,287,-1,96121.1,96985.7,5065.58,-0.183069,-0.170679,-1.01201,0.0123894,0,
dt,BTCUSD,utc_day,5,0.5,2024-12-06,214,287,1,101315,99785.2,8659.5,-0.184253,-0.176705,0.169158,0.00754752,0,
dt,BTCUSD,utc_day,5,0.5,2024-12-09,252,287,-1,96108,97333.3,10152.4,-0.126883,-0.120691,0.114498,0.00619247,0,
dt,BTCUSD,utc_day,5,0.5,2024-12-11,184,287,1,100145,101091,7116.43,0.12381,0.133,-0.14219,0.00919023,0,
dt,BTCUSD,utc_day,5,0.5,2024-12-15,280,287,1,104229,104445,5729.57,0.0258704,0.037707,-0.0495436,0.0118366,0,
dt,BTCUSD,utc_day,5,0.5,2024-12-16,210,287,1,107122,106007,5353.86,-0.221036,-0.208098,0.195161,0.0129377,0,
dt,BTCUSD,utc_day,5,0.5,2024-12-18,240,287,-1,102576,100165,6966.33,0.336525,0.345983,-0.355442,0.00945846,0,
dt,BTCUSD,utc_day,5,0.5,2024-12-19,242,287,-1,96082.9,97418.5,8164.8,-0.171283,-0.16358,0.155878,0.00770232,0,
dt,BTCUSD,utc_day,5,0.5,2024-12-24,182,287,1,97587.7,98612.1,5485.07,0.17513,0.186755,-0.19838,0.0116252,0,
dt,BTCUSD,utc_day,5,0.5,2024-12-26,102,287,-1,95909.2,95735.1,6909.1,0.0161911,0.0252059,-0.0342207,0.00901483,0,
dt,BTCUSD,utc_day,5,0.5,2024-12-31,159,287,1,95111.3,93532.9,4735.6,-0.346252,-0.333305,0.320359,0.0129465,0,
dt,BTCUSD,utc_day,5,0.5,2025-01-02,111,287,1,96303.6,96951.7,3477,0.168332,0.186396,-0.20446,0.0180638,0,
dt,BTCUSD,utc_day,5,0.5,2025-01-06,177,287,1,100314,102165,3978.6,0.448674,0.465214,-0.481754,0.0165398,0,
dt,BTCUSD,utc_day,5,0.5,2025-01-07,180,287,-1,99105.1,96904.4,6118.9,0.349253,0.359664,-0.370075,0.0104109,0,
dt,BTCUSD,utc_day,5,0.5,2025-01-08,206,287,-1,93896.7,95032.5,6015.4,-0.199023,-0.188815,0.178608,0.0102075,0,
dt,BTCUSD,utc_day,5,0.5,2025-01-13,113,287,-1,92715.6,94469.5,3536.89,-0.513072,-0.495872,-1.01671,0.0172002,0,
dt,BTCUSD,utc_day,5,0.5,2025-01-14,118,287,1,97306.9,96499.1,5674.77,-0.153446,-0.142347,0.131247,0.0110995,0,
dt,BTCUSD,utc_day,5,0.5,2025-01-15,242,287,1,100257,100444,7515.6,0.0162425,0.0249215,-0.0336005,0.00867899,0,
dt,BTCUSD,utc_day,5,0.5,2025-01-17,233,287,1,105652,104025,11460.7,-0.147881,-0.141935,0.13599,0.00594598,0,
dt,BTCUSD,utc_day,5,0.5,2025-01-19,279,287,-1,100471,101283,8072.67,-0.108754,-0.100632,0.092509,0.00812246,0,
dt,BTCUSD,utc_day,5,0.5,2025-01-20,81,287,1,104905,102232,7225.27,-0.379274,-0.369956,0.360639,0.00931721,0,
dt,BTCUSD,utc_day,5,0.5,2025-01-21,195,287,1,106491,106099,8577.42,-0.0538229,-0.0457678,0.0377128,0.00805506,0,
dt,BTCUSD,utc_day,5,0.5,2025-01-26,279,287,-1,102890,102544,3588.77,0.0672255,0.0964495,-0.125673,0.029224,0,
dt,BTCUSD,utc_day,5,0.5,2025-01-27,58,287,-1,100286,102005,4516.45,-0.403709,-0.380714,0.357719,0.0229952,0,
dt,BTCUSD,utc_day,5,0.5,2025-02-02,207,287,-1,98017.8,97648.6,5136.9,0.0514093,0.071876,-0.0923428,0.0204667,0,
dt,BTCUSD,utc_day,5,0.5,2025-02-03,21,265,-1,93272.5,102025,8752.1,-1.01161,-1,0.988393,0.0116068,0,
dt,BTCUSD,utc_day,5,0.5,2025-02-03,265,287,1,102025,101278,8752.1,-0.09763,-0.0853338,0.0730376,0.0122962,0,
dt,BTCUSD,utc_day,5,0.5,2025-02-10,167,287,1,98260,97363.4,3701.83,-0.269679,-0.242209,0.214738,0.0274701,0,
dt,BTCUSD,utc_day,5,0.5,2025-02-11,225,287,-1,95512.5,95715.5,3701.83,-0.081926,-0.0548418,0.0277576,0.0270842,0,
dt,BTCUSD,utc_day,5,0.5,2025-02-12,163,204,-1,94350.2,97080.7,2730.53,-1.03674,-1,0.963257,0.0367427,0,
dt,BTCUSD,utc_day,5,0.5,2025-02-12,204,287,1,97080.7,97800.5,2730.53,0.226435,0.263588,-0.300741,0.0371534,0,
dt,BTCUSD,utc_day,5,0.5,2025-02-13,81,287,-1,95901.8,96544.7,3797.4,-0.195807,-0.1693,0.142793,0.0265068,0,
dt,BTCUSD,utc_day,5,0.5,2025-02-14,214,287,1,98443.4,97427.8,3797.4,-0.294228,-0.267428,0.240628,0.0268,0,
dt,BTCUSD,utc_day,5,0.5,2025-02-18,211,287,-1,94202.5,95606.1,3049.6,-0.492983,-0.460257,0.427532,0.0327255,0,
dt,BTCUSD,utc_day,5,0.5,2025-02-20,216,287,1,98219.1,98237,3274.1,-0.0256896,0.00545188,-0.0365933,0.0311415,0,
dt,BTCUSD,utc_day,5,0.5,2025-02-21,235,287,-1,95772.5,96110.6,4929,-0.0889925,-0.0686082,0.048224,0.0203843,0,
dt,BTCUSD,utc_day,5,0.5,2025-02-24,180,287,-1,94494.7,91498.7,3415.5,0.848336,0.877192,-0.906049,0.0288566,0,
dt,BTCUSD,utc_day,5,0.5,2025-02-25,120,287,-1,87540.2,88623.2,7916.9,-0.148835,-0.13679,0.124744,0.0120458,0,
dt,BTCUSD,utc_day,5,0.5,2025-02-26,223,287,-1,83384.7,84192.7,10476.9,-0.0859522,-0.0771161,0.06828,0.0088361,0,
dt,BTCUSD,utc_day,5,0.5,2025-03-02,207,287,1,92120.9,94207,12261.4,0.161759,0.170134,-0.178509,0.00837495,0,
dt,BTCUSD,utc_day,5,0.5,2025-03-03,221,287,-1,88205.7,86170,12000.8,0.161532,0.16963,-0.177728,0.00809813,0,
dt,BTCUSD,utc_day,5,0.5,2025-03-07,9,287,-1,85296.9,86733.2,9142.15,-0.167391,-0.157107,0.146822,0.0102844,0,
dt,BTCUSD,utc_day,5,0.5,2025-03-09,189,287,-1,82865.1,80672.9,6598.18,0.316716,0.332248,-0.34778,0.0155318,0,
dt,BTCUSD,utc_day,5,0.5,2025-03-14,183,287,1,84609.3,83922.3,7079.53,-0.110165,-0.0970453,0.0839251,0.0131202,0,
dt,BTCUSD,utc_day,5,0.5,2025-03-16,274,287,-1,82086.7,82525.7,4397.33,-0.120652,-0.0998185,0.0789852,0.0208333,0,
dt,BTCUSD,utc_day,5,0.5,2025-03-18,162,287,-1,82186.5,82650.3,3521.23,-0.157757,-0.13172,0.105682,0.0260375,0,
dt,BTCUSD,utc_day,5,0.5,2025-03-19,159,287,1,84244,86794,3187.53,0.770576,0.799972,-0.829368,0.0293956,0,
dt,BTCUSD,utc_day,5,0.5,2025-03-20,198,287,-1,83945.9,84167.8,5696.1,-0.0552306,-0.0389477,0.0226648,0.0162829,0,
dt,BTCUSD,utc_day,5,0.5,2025-03-23,287,287,1,85941.3,86028.3,4308,-0.00163234,0.020188,-0.0420084,0.0218204,0,
dt,BTCUSD,utc_day,5,0.5,2025-03-24,130,287,1,87838.6,87447.5,3620.57,-0.134279,-0.108018,0.0817565,0.026261,0,
dt,BTCUSD,utc_day,5,0.5,2025-03-28,56,287,-1,86182.8,84363.2,1985,0.869537,0.91666,-1.0471,0.0471231,0,
dt,BTCUSD,utc_day,5,0.5,2025-04-01,282,287,1,85486.2,85105.1,5969.34,-0.0795271,-0.0638546,0.0481822,0.0156724,0,
dt,BTCUSD,utc_day,5,0.5,2025-04-02,242,276,1,87666.9,82543.3,5123.6,-1.01902,-1,0.980985,0.0190152,0,
dt,BTCUSD,utc_day,5,0.5,2025-04-02,276,287,-1,82543.3,82469.2,5123.6,-0.0034431,0.0144625,-0.0323681,0.0179056,0,
dt,BTCUSD,utc_day,5,0.5,2025-04-06,216,287,-1,80482,78371.9,6013.23,0.335324,0.350912,-0.3665,0.0155882,0,
dt,BTCUSD,utc_day,5,0.5,2025-04-07,80,287,-1,75000.4,79122.5,6747.63,-0.623974,-0.610903,0.597831,0.0130715,0,
dt,BTCUSD,utc_day,5,0.5,2025-04-09,208,287,1,80800.1,82570.4,9036.03,0.185824,0.195917,-0.206011,0.0100937,0,
dt,BTCUSD,utc_day,5,0.5,2025-04-10,192,287,-1,78508,79544.4,8124.73,-0.138566,-0.127553,0.11654,0.0110132,0,
dt,BTCUSD,utc_day,5,0.5,2025-04-11,211,287,1,83606.7,83368.2,8124.73,-0.040728,-0.0293579,0.0179878,0.0113701,0,
dt,BTCUSD,utc_day,5,0.5,2025-04-16,184,287,1,85008.7,83974.2,2831.8,-0.398168,-0.365315,0.332463,0.0328524,0,
dt,BTCUSD,utc_day,5,0.5,2025-04-17,220,287,1,85390.1,84899.1,2831.8,-0.20639,-0.173388,0.140386,0.0330023,0,
dt,BTCUSD,utc_day,5,0.5,2025-04-20,130,287,-1,84039.8,85123,1979.14,-0.596322,-0.547273,0.498225,0.0490485,0,
dt,BTCUSD,utc_day,5,0.5,2025-04-21,5,287,1,85842.4,87450.2,1438.8,1.05183,1.11746,-1.06559,0.0656325,0,
dt,BTCUSD,utc_day,5,0.5,2025-04-22,158,287,1,89449.6,93389.1,3998.76,0.960794,0.985185,-1.0244,0.0243912,0,
dt,BTCUSD,utc_day,5,0.5,2025-04-28,133,287,1,95166.7,94953.2,2971.14,-0.105505,-0.0718815,0.0382577,0.0336238,0,
dt,BTCUSD,utc_day,5,0.5,2025-04-29,277,287,-1,93832,94184.3,2242.3,-0.201341,-0.157093,0.112845,0.044248,0,
dt,BTCUSD,utc_day,5,0.5,2025-04-30,167,287,-1,93063.1,94109.3,2242.3,-0.510678,-0.466552,0.422427,0.0441257,0,
dt,BTCUSD,utc_day,5,0.5,2025-05-01,112,287,1,95230.4,96407.4,2242.3,0.480112,0.524885,-0.569658,0.0447729,0,
dt,BTCUSD,utc_day,5,0.5,2025-05-06,280,287,1,96494.3,96783.1,3626.87,0.0517906,0.0796182,-0.107446,0.0278276,0,
dt,BTCUSD,utc_day,5,0.5,2025-05-08,37,287,1,98801,103212,3656.9,1.17788,1.20625,-1.02831,0.0283755,0,
dt,BTCUSD,utc_day,5,0.5,2025-05-13,236,287,1,104775,104066,4103.74,-0.198613,-0.172786,0.14696,0.0258266,0,
dt,BTCUSD,utc_day,5,0.5,2025-05-15,90,287,-1,101743,103710,3398.6,-0.609658,-0.578797,0.547936,0.030861,0,
dt,BTCUSD,utc_day,5,0.5,2025-05-18,163,287,1,104267,106392,2410.97,0.835189,0.881046,-0.926903,0.0458572,0,
dt,BTCUSD,utc_day,5,0.5,2025-05-19,44,287,-1,103845,105516,5092.57,-0.34883,-0.327985,0.30714,0.0208449,0,
dt,BTCUSD,utc_day,5,0.5,2025-05-21,180,287,1,109165,109594,4761.2,0.0671452,0.0900823,-0.11302,0.0229372,0,
dt,BTCUSD,utc_day,5,0.5,2025-05-23,285,287,-1,106835,107254,9623.8,-0.0551565,-0.0435524,0.0319484,0.011604,0,
dt,BTCUSD,utc_day,5,0.5,2025-05-28,181,287,-1,107383,107707,2981.06,-0.145031,-0.108797,0.0725627,0.0362342,0,
dt,BTCUSD,utc_day,5,0.5,2025-05-29,212,287,-1,106230,105524,2955.3,0.202524,0.238707,-0.27489,0.0361831,0,
dt,BTCUSD,utc_day,5,0.5,2025-06-05,156,202,1,105725,103527,2197.1,-1.0483,-1,0.9517,0.0482995,0,
dt,BTCUSD,utc_day,5,0.5,2025-06-05,202,287,-1,103527,101443,2197.1,0.901153,0.948819,-1.04765,0.0476662,0,
dt,BTCUSD,utc_day,5,0.5,2025-06-09,213,287,1,108308,110212,5295,0.338974,0.359585,-0.380195,0.0206102,0,
dt,BTCUSD,utc_day,5,0.5,2025-06-12,248,287,-1,105930,105594,5308.26,0.0425052,0.0633861,-0.084267,0.0208809,0,
dt,BTCUSD,utc_day,5,0.5,2025-06-16,229,287,1,108522,106734,6005.86,-0.315625,-0.297631,0.279637,0.0179941,0,
dt,BTCUSD,utc_day,5,0.5,2025-06-17,185,287,-1,104238,104492,4991.76,-0.0720646,-0.0508398,0.0296149,0.0212249,0,
dt,BTCUSD,utc_day,5,0.5,2025-06-20,211,287,-1,102395,103229,4392,-0.213634,-0.18974,0.165847,0.0238934,0,
dt,BTCUSD,utc_day,5,0.5,2025-06-21,282,287,-1,100987,102055,4482.96,-0.26223,-0.238119,0.214009,0.0241101,0,
dt,BTCUSD,utc_day,5,0.5,2025-06-22,172,287,-1,99854.3,100889,4415.76,-0.258591,-0.234284,0.209976,0.0243078,0,
dt,BTCUSD,utc_day,5,0.5,2025-06-23,255,287,1,104131,105275,6483.46,0.159532,0.176521,-0.193511,0.0169898,0,
dt,BTCUSD,utc_day,5,0.5,2025-06-29,121,287,1,107986,108294,1524.4,0.128558,0.202283,-0.276008,0.0737253,0,
dt,BTCUSD,utc_day,5,0.5,2025-06-30,169,287,-1,107296,107071,1996.7,0.0582805,0.11226,-0.16624,0.0539797,0,
dt,BTCUSD,utc_day,5,0.5,2025-07-01,176,287,-1,106073,105622,1996.7,0.172353,0.225898,-0.279443,0.0535448,0,
dt,BTCUSD,utc_day,5,0.5,2025-07-02,96,287,1,107184,108784,3123.76,0.477571,0.512242,-0.546912,0.0346703,0,
dt,BTCUSD,utc_day,5,0.5,2025-07-07,196,287,-1,107855,108188,2550.26,-0.173181,-0.130704,0.0882279,0.0424764,0,
dt,BTCUSD,utc_day,5,0.5,2025-07-08,165,287,1,109161,108857,1945.7,-0.212067,-0.156062,0.100058,0.0560045,0,
dt,BTCUSD,utc_day,5,0.5,2025-07-09,231,287,1,109730,111184,1745.7,0.769858,0.832818,-1.06301,0.0629599,0,
dt,BTCUSD,utc_day,5,0.5,2025-07-10,205,287,1,113093,115963,3818.4,0.722173,0.75165,-1.02956,0.0294771,0,
dt,BTCUSD,utc_day,5,0.5,2025-07-15,43,287,-1,116868,117723,5866.06,-0.16527,-0.145776,0.126282,0.0194941,0,
dt,BTCUSD,utc_day,5,0.5,2025-07-21,78,287,1,119075,117330,3718.36,-0.490273,-0.469288,0.448302,0.0209854,0,
dt,BTCUSD,utc_day,5,0.5,2025-07-22,141,287,1,119137,119993,3614.62,0.215036,0.236869,-0.258701,0.0218328,0,
dt,BTCUSD,utc_day,5,0.5,2025-07-23,113,287,-1,117971,118713,4044.71,-0.202778,-0.183463,0.164148,0.0193147,0,
dt,BTCUSD,utc_day,5,0.5,2025-07-28,222,287,-1,117401,118041,4044.71,-0.177534,-0.158319,0.139104,0.0192149,0,
dt,BTCUSD,utc_day,5,0.5,2025-07-30,226,287,-1,116772,117771,2249.4,-0.478406,-0.443985,0.409564,0.0344209,0,
dt,BTCUSD,utc_day,5,0.5,2025-07-31,243,287,-1,116482,115697,2576.48,0.275058,0.304858,-0.334657,0.0297997,0,
dt,BTCUSD,utc_day,5,0.5,2025-08-03,232,287,1,114566,114150,4114.6,-0.119283,-0.100897,0.0825104,0.0183864,0,
dt,BTCUSD,utc_day,5,0.5,2025-08-07,135,287,1,116513,117419,3145.35,0.263719,0.288272,-0.312825,0.024553,0,
dt,BTCUSD,utc_day,5,0.5,2025-08-10,41,287,1,118479,119255,4115.33,0.169564,0.188659,-0.207755,0.0190953,0,
dt,BTCUSD,utc_day,5,0.5,2025-08-11,33,287,1,121777,118641,5044.07,-0.637374,-0.621646,0.605917,0.0157286,0,
dt,BTCUSD,utc_day,5,0.5,2025-08-13,253,287,1,123032,123323,5902.98,0.0355879,0.0493751,-0.0631622,0.0137872,0,
dt,BTCUSD,utc_day,5,0.5,2025-08-14,150,287,-1,119870,118242,6907.27,0.224329,0.235706,-0.247083,0.0113773,0,
dt,BTCUSD,utc_day,5,0.5,2025-08-19,48,287,-1,114683,112824,3000.36,0.594765,0.619809,-0.644853,0.0250436,0,
dt,BTCUSD,utc_day,5,0.5,2025-08-22,169,287,1,114980,116897,5037.42,0.365284,0.380482,-0.395681,0.0151983,0,
dt,BTCUSD,utc_day,5,0.5,2025-08-24,235,287,-1,112741,113446,5271.74,-0.147957,-0.133762,0.119568,0.0141947,0,
dt,BTCUSD,utc_day,5,0.5,2025-08-25,240,287,-1,110248,110063,6396.56,0.0174029,0.0287842,-0.0401655,0.0113813,0,
dt,BTCUSD,utc_day,5,0.5,2025-09-04,182,287,-1,109435,110679,4448.26,-0.296021,-0.279669,0.263317,0.0163518,0,
dt,BTCUSD,utc_day,5,0.5,2025-09-08,183,287,1,112738,112012,3327.13,-0.240495,-0.218181,0.195866,0.0223146,0,
dt,BTCUSD,utc_day,5,0.5,2025-09-10,150,287,1,112864,113896,2727.93,0.351126,0.378582,-0.406038,0.0274556,0,
dt,BTCUSD,utc_day,5,0.5,2025-09-16,208,287,1,116611,116747,2629.68,0.0221809,0.0514777,-0.0807746,0.0292969,0,
dt,BTCUSD,utc_day,5,0.5,2025-09-17,174,287,-1,115543,116402,2407.49,-0.388756,-0.356946,0.325136,0.03181,0,
dt,BTCUSD,utc_day,5,0.5,2025-09-18,39,287,1,117606,117016,2407.49,-0.277205,-0.245033,0.212862,0.0321713,0,
dt,BTCUSD,utc_day,5,0.5,2025-09-19,180,287,-1,115678,115569,2676.75,0.0120145,0.0405398,-0.0690652,0.0285253,0,
dt,BTCUSD,utc_day,5,0.5,2025-09-22,71,287,-1,113838,112603,2690.39,0.431291,0.459091,-0.486892,0.0278002,0,
dt,BTCUSD,utc_day,5,0.5,2025-09-25,149,287,-1,111144,108933,4218.06,0.506997,0.524239,-0.54148,0.0172414,0,
dt,BTCUSD,utc_day,5,0.5,2025-09-28,276,287,1,112058,112119,4962.29,-0.00257396,0.0123501,-0.0272742,0.0149241,0,
dt,BTCUSD,utc_day,5,0.5,2025-10-01,148,287,1,116841,118553,5690.41,0.287231,0.300886,-0.314541,0.0136551,0,
dt,BTCUSD,utc_day,5,0.5,2025-10-06,227,287,1,126087,124616,5319.71,-0.291962,-0.27642,0.260878,0.0155419,0,
dt,BTCUSD,utc_day,5,0.5,2025-10-07,181,287,-1,121928,121286,5400.69,0.103961,0.118819,-0.133677,0.0148582,0,
dt,BTCUSD,utc_day,5,0.5,2025-10-08,207,287,1,123737,123238,4900.39,-0.118393,-0.101768,0.0851439,0.0166245,0,
dt,BTCUSD,utc_day,5,0.5,2025-10-09,177,287,-1,120788,121579,4900.39,-0.177807,-0.161488,0.145169,0.0163189,0,
dt,BTCUSD,utc_day,5,0.5,2025-10-10,186,287,-1,119065,112712,5040.59,1.24512,1.26031,-1.01527,0.0151823,0,
dt,BTCUSD,utc_day,5,0.5,2025-10-15,206,287,-1,110182,110699,5601.45,-0.105325,-0.0922949,0.079265,0.0130299,0,
dt,BTCUSD,utc_day,5,0.5,2025-10-16,196,287,-1,107898,108129,5601.45,-0.0539296,-0.0411813,0.028433,0.0127483,0,
dt,BTCUSD,utc_day,5,0.5,2025-10-17,122,287,-1,104241,106378,7776.33,-0.283746,-0.27479,0.265833,0.00895681,0,
dt,BTCUSD,utc_day,5,0.5,2025-10-20,102,287,1,111372,110470,5580.91,-0.174796,-0.161663,0.148529,0.0131338,0,
dt,BTCUSD,utc_day,5,0.5,2025-10-23,211,287,1,110735,110022,6408.29,-0.122707,-0.111324,0.0999407,0.0113831,0,
dt,BTCUSD,utc_day,5,0.5,2025-10-26,264,287,1,114074,114497,4970.9,0.0697508,0.0849363,-0.100122,0.0151855,0,
dt,BTCUSD,utc_day,5,0.5,2025-10-29,223,287,-1,110438,109986,4789.82,0.0791976,0.0944044,-0.109611,0.0152068,0,
dt,BTCUSD,utc_day,5,0.5,2025-10-30,208,287,-1,106790,108263,6392.56,-0.241589,-0.230468,0.219347,0.0111211,0,
dt,BTCUSD,utc_day,5,0.5,2025-11-03,38,287,-1,108363,106541,4263.28,0.410709,0.427373,-0.444037,0.0166641,0,
dt,BTCUSD,utc_day,5,0.5,2025-11-04,98,287,-1,103943,101438,5194.83,0.46925,0.482331,-0.495411,0.0130801,0,
dt,BTCUSD,utc_day,5,0.5,2025-11-09,240,287,1,104770,104670,4924.81,-0.0344242,-0.0203592,0.00629409,0.0140651,0,
dt,BTCUSD,utc_day,5,0.5,2025-11-11,259,287,-1,102584,103000,6764.4,-0.0716878,-0.061633,0.0515781,0.0100548,0,
dt,BTCUSD,utc_day,5,0.5,2025-11-13,222,287,-1,98670.5,99654.2,5868.89,-0.178809,-0.167622,0.156435,0.011187,0,
dt,BTCUSD,utc_day,5,0.5,2025-11-14,140,287,-1,95652.6,94543.6,8003.2,0.130702,0.138576,-0.146449,0.00787357,0,
dt,BTCUSD,utc_day,5,0.5,2025-11-19,195,287,-1,89746.8,91508.5,6339.94,-0.287345,-0.277864,0.268383,0.00948084,0,
dt,BTCUSD,utc_day,5,0.5,2025-11-20,194,287,-1,88681.6,86600.7,5653.76,0.357761,0.368049,-0.378337,0.0102882,0,
dt,BTCUSD,utc_day,5,0.5,2025-11-21,90,287,-1,81899.1,85093.9,9402.8,-0.345675,-0.339775,0.333876,0.0058996,0,
dt,BTCUSD,utc_day,5,0.5,2025-11-26,213,287,1,89718.5,90439.1,4790.54,0.137932,0.150405,-0.162878,0.0124728,0,
dt,BTCUSD,utc_day,5,0.5,2025-12-01,1,287,-1,88948,86240.8,2741.07,0.966458,0.987667,-1.02121,0.0212094,0,
dt,BTCUSD,utc_day,5,0.5,2025-12-02,180,287,1,89769.9,91248.1,7058.22,0.20093,0.209435,-0.21794,0.0085051,0,
dt,BTCUSD,utc_day,5,0.5,2025-12-09,192,287,1,92985.1,92637.6,4750.01,-0.0861077,-0.0731546,0.0602015,0.0129531,0,
dt,BTCUSD,utc_day,5,0.5,2025-12-11,38,287,-1,89502.6,92475.9,4949.94,-0.612873,-0.600682,0.588491,0.0121907,0,
dt,BTCUSD,utc_day,5,0.5,2025-12-12,186,287,-1,90503.7,90228.7,3944.25,0.0545166,0.0697129,-0.0849092,0.0151963,0,
dt,BTCUSD,utc_day,5,0.5,2025-12-15,210,287,-1,85995.6,86389.5,4245.69,-0.106258,-0.09278,0.0793016,0.0134784,0,
dt,BTCUSD,utc_day,5,0.5,2025-12-18,164,287,1,88758.2,85469,5112.97,-0.654617,-0.643308,0.631999,0.0113092,0,
dt,BTCUSD,utc_day,5,0.5,2025-12-19,85,287,1,87907.4,88099.5,4876.73,0.0274288,0.0394045,-0.0513802,0.0119757,0,
dt,BTCUSD,utc_day,5,0.5,2025-12-23,179,287,-1,86809.6,87462.9,3544.31,-0.20063,-0.184311,0.167992,0.0163187,0,
dt,BTCUSD,utc_day,5,0.5,2025-12-26,28,287,1,88878.8,87318.5,3393.72,-0.476991,-0.459764,0.442537,0.0172272,0,
dt,BTCUSD,utc_day,5,0.5,2025-12-29,25,287,1,89096.9,87202,2352.09,-0.830475,-0.805605,0.780735,0.0248703,0,
dt,BTCUSD,utc_day,5,0.5,2025-12-30,178,287,1,88787.7,88454.4,3171.35,-0.123647,-0.105105,0.0865629,0.0185422,0,
dt,BTCUSD,utc_day,5,0.5,2026-01-02,198,287,1,90385,89951.1,3171.35,-0.155683,-0.136823,0.117964,0.0188592,0,
dt,BTCUSD,utc_day,5,0.5,2026-01-05,179,287,1,93485.9,93821.7,3979.07,0.0687824,0.0843828,-0.0999832,0.0156004,0,
dt,BTCUSD,utc_day,5,0.5,2026-01-07,174,287,-1,91427,91327.7,4560.78,0.00847765,0.0217638,-0.03505,0.0132862,0,
dt,BTCUSD,utc_day,5,0.5,2026-01-08,84,287,-1,89612.2,91058.7,3431.11,-0.439045,-0.421582,0.404119,0.0174632,0,
dt,BTCUSD,utc_day,5,0.5,2026-01-12,27,287,1,91861.2,91251.7,1792.85,-0.373833,-0.33997,0.306107,0.0338632,0,
dt,BTCUSD,utc_day,5,0.5,2026-01-13,108,287,1,92260.8,95374.8,2018.37,1.51202,1.54283,-1.03063,0.0308078,0,
dt,BTCUSD,utc_day,5,0.5,2026-01-18,285,287,-1,93706.6,93613.4,2801.5,0.0110837,0.0332429,-0.0554021,0.0221592,0,
dt,BTCUSD,utc_day,5,0.5,2026-01-19,0,287,-1,91843,92588.9,3541.03,-0.227921,-0.210655,0.193389,0.0172663,0,
dt,BTCUSD,utc_day,5,0.5,2026-01-20,82,287,-1,90737.6,88390.4,3702.54,0.617915,0.633962,-0.65001,0.0160475,0,
dt,BTCUSD,utc_day,5,0.5,2026-01-25,193,287,-1,88009.5,86628.3,2341.53,0.565108,0.58986,-0.614612,0.0247519,0,
dt,BTCUSD,utc_day,5,0.5,2026-01-29,179,287,-1,87282.2,84603.7,3957.89,0.662338,0.676756,-0.691173,0.0144175,0,
dt,BTCUSD,utc_day,5,0.5,2026-01-30,20,287,-1,81612.5,84211.3,5982.49,-0.443609,-0.4344,0.425191,0.00920899,0,
dt,BTCUSD,utc_day,5,0.5,2026-01-31,202,287,-1,80101,78705.9,8220.59,0.163275,0.169699,-0.176123,0.00642439,0,
dt,BTCUSD,utc_day,5,0.5,2026-02-03,224,287,-1,73865.8,75731.8,9653.99,-0.198451,-0.193291,0.18813,0.00516048,0,
dt,BTCUSD,utc_day,5,0.5,2026-02-05,147,287,-1,69740.5,62867,6792.3,1.00544,1.01196,-1.00653,0.00652172,0,
dt,BTCUSD,utc_day,5,0.5,2026-02-06,210,287,1,71083.3,70542.8,16434.1,-0.0357639,-0.0328901,0.0300163,0.0028738,0,
dt,BTCUSD,utc_day,5,0.5,2026-02-13,185,287,1,68832.2,68821.3,5179.46,-0.0109736,-0.00210447,-0.00676467,0.00886914,0,
dt,BTCUSD,utc_day,5,0.5,2026-02-17,177,287,-1,66882.1,67475.8,3960.67,-0.161221,-0.149893,0.138565,0.011328,0,
dt,BTCUSD,utc_day,5,0.5,2026-02-23,12,287,-1,66421.7,64625.5,2383.74,0.735151,0.753522,-1.01829,0.0183704,0,
dt,BTCUSD,utc_day,5,0.5,2026-02-24,162,287,-1,62565.7,64031,4119.59,-0.36598,-0.355702,0.345423,0.0102787,0,
dt,BTCUSD,utc_day,5,0.5,2026-02-25,177,287,1,66783.9,67952.5,5505.87,0.204083,0.212254,-0.220426,0.00817116,0,
dt,BTCUSD,utc_day,5,0.5,2026-03-02,182,287,1,67984,68801.3,4467.69,0.172727,0.182946,-0.193165,0.010219,0,
dt,BTCUSD,utc_day,5,0.5,2026-03-04,109,287,1,71205.4,72638.9,5821.27,0.238001,0.246238,-0.254474,0.00823693,0,
dt,BTCUSD,utc_day,5,0.5,2026-03-13,153,287,1,72832.2,70894.4,4705.88,-0.421968,-0.411787,0.401606,0.0101811,0,
dt,BTCUSD,utc_day,5,0.5,2026-03-15,274,287,1,73032.5,72778.9,3717.23,-0.0812685,-0.0681973,0.0551261,0.0130712,0,
dt,BTCUSD,utc_day,5,0.5,2026-03-16,259,287,1,74586.4,74846.3,3614.6,0.0581349,0.0719028,-0.0856708,0.013768,0,
dt,BTCUSD,utc_day,5,0.5,2026-03-18,176,287,-1,71466.5,71203.4,4810.38,0.044789,0.0546776,-0.0645662,0.00988856,0,
dt,BTCUSD,utc_day,5,0.5,2026-03-19,189,287,-1,68813.1,69886.9,4780.69,-0.234293,-0.224613,0.214933,0.00968009,0,
dt,BTCUSD,utc_day,5,0.5,2026-03-23,133,287,1,69706.5,70866,3753,0.296457,0.30895,-0.321443,0.012493,0,
dt,BTCUSD,utc_day,5,0.5,2026-03-24,212,287,-1,68891.8,70523.6,3948.39,-0.425056,-0.413276,0.401497,0.0117795,0,
dt,BTCUSD,utc_day,5,0.5,2026-03-26,137,287,-1,69209.4,68787.8,4169.33,0.0900926,0.101137,-0.112182,0.0110447,0,
dt,BTCUSD,utc_day,5,0.5,2026-03-27,127,287,-1,66840.4,66363.7,3894.76,0.110972,0.122395,-0.133819,0.0114234,0,
dt,BTCUSD,utc_day,5,0.5,2026-03-31,18,287,1,68345.9,68241.3,3165.38,-0.0474638,-0.0330608,0.0186578,0.014403,0,
dt,BTCUSD,utc_day,5,0.5,2026-04-02,52,287,-1,66434.5,66867.5,3302.6,-0.14459,-0.131109,0.117628,0.0134812,0,
dt,BTCUSD,utc_day,5,0.5,2026-04-05,277,287,1,68474.8,68997.9,2408.32,0.198189,0.217239,-0.236289,0.0190501,0,
dt,BTCUSD,utc_day,5,0.5,2026-04-07,265,287,1,70511,71890.2,3386.81,0.39323,0.407249,-0.421268,0.0140192,0,
dt,BTCUSD,utc_day,5,0.5,2026-04-12,38,287,-1,71645.7,70711.7,2734.41,0.324238,0.341597,-0.358955,0.0173588,0,
dt,BTCUSD,utc_day,5,0.5,2026-04-13,179,287,1,72241.9,74381.2,3060.33,0.683077,0.699041,-0.715004,0.0159631,0,
dt,BTCUSD,utc_day,5,0.5,2026-04-20,88,287,1,74981.4,75790.2,2446.8,0.310025,0.330542,-0.351059,0.0205169,0,
dt,BTCUSD,utc_day,5,0.5,2026-04-22,63,287,1,77852.6,78139.3,3128.75,0.0750516,0.0916388,-0.108226,0.0165872,0,
dt,BTCUSD,utc_day,5,0.5,2026-04-26,263,287,1,78647.5,78612.6,2121.03,-0.0411001,-0.0164378,-0.00822455,0.0246623,0,
dt,BTCUSD,utc_day,5,0.5,2026-04-27,64,287,-1,77765.7,77330.4,1712.18,0.224138,0.254278,-0.284419,0.0301407,0,
dt,BTCUSD,utc_day,5,0.5,2026-04-28,138,287,-1,76229.9,76297.3,2201.1,-0.0536919,-0.0306256,0.00755925,0.0230663,0,
dt,BTCUSD,utc_day,5,0.5,2026-05-01,156,287,1,78153.2,78192.4,3696.21,-0.0034704,0.0106014,-0.0246732,0.0140718,0,
dt,BTCUSD,utc_day,5,0.5,2026-05-04,32,287,1,80213.9,79826.3,3370.42,-0.13078,-0.114992,0.0992033,0.0157883,0,
dt,BTCUSD,utc_day,5,0.5,2026-05-05,157,287,1,81605.3,80861.5,3557.97,-0.224222,-0.209045,0.193867,0.0151777,0,
dt,BTCUSD,utc_day,5,0.5,2026-05-06,135,287,1,82461.5,81389.4,3200.06,-0.352047,-0.335031,0.318015,0.0170158,0,
dt,BTCUSD,utc_day,5,0.5,2026-05-10,270,287,1,82054.3,82177.1,2842.27,0.0240159,0.0432172,-0.0624185,0.0192013,0,
dt,BTCUSD,utc_day,5,0.5,2026-05-11,38,287,-1,80663,81698.6,3028.31,-0.359802,-0.341981,0.32416,0.017821,0,
dt,BTCUSD,utc_day,5,0.5,2026-05-12,185,287,-1,80184.5,80460.1,3028.31,-0.10865,-0.0910128,0.0733761,0.0176367,0,
dt,BTCUSD,utc_day,5,0.5,2026-05-13,184,287,-1,79272.6,79287.8,2375.53,-0.0285945,-0.00639647,-0.0158016,0.0221981,0,
dt,BTCUSD,utc_day,5,0.5,2026-05-14,180,287,1,81017.9,81048.4,3460.72,-0.00675338,0.00881319,-0.0243798,0.0155666,0,
dt,BTCUSD,utc_day,5,0.5,2026-05-15,163,287,-1,79517.5,79073.7,3061.6,0.127727,0.144954,-0.162181,0.017227,0,
dt,BTCUSD,utc_day,5,0.5,2026-05-16,125,287,-1,77611.7,78103.9,2923.98,-0.186047,-0.168329,0.150611,0.0177182,0,
dt,BTCUSD,utc_day,5,0.5,2026-05-22,172,287,-1,76801.2,75507,1569.26,0.792392,0.824701,-0.857009,0.0323083,0,
dt,BTCUSD,utc_day,5,0.5,2026-05-23,248,287,1,76846.9,76714.2,2667.82,-0.0689017,-0.0497447,0.0305878,0.019157,0,
dt,BTCUSD,utc_day,5,0.5,2026-05-26,266,287,-1,75748.2,75901.1,3065.71,-0.0663276,-0.0498596,0.0333916,0.016468,0,
dt,BTCUSD,utc_day,5,0.5,2026-05-27,261,287,-1,74372.3,74416.2,3065.71,-0.0305056,-0.0143409,-0.00182381,0.0161647,0,
dt,BTCUSD,utc_day,5,0.5,2026-05-28,169,287,-1,72594.2,73590.4,3640.61,-0.287022,-0.273642,0.260263,0.0133796,0,
dt,BTCUSD,utc_day,5,0.5,2026-06-01,167,287,-1,71419.7,71392.1,4466.44,-0.00448317,0.00617718,-0.0168375,0.0106604,0,
dt,BTCUSD,utc_day,5,0.5,2026-06-02,155,287,-1,69011.9,66729.7,4760.47,0.469874,0.479393,-0.488912,0.00951923,0,
dt,BTCUSD,utc_day,5,0.5,2026-06-07,267,287,1,64166.8,63298,6635.46,-0.137351,-0.130927,0.124503,0.00642398,0,
dt,BTCUSD,utc_day,5,0.5,2026-06-09,193,287,-1,60948.7,61694.6,4217.41,-0.186615,-0.17688,0.167144,0.00973561,0,
dt,BTCUSD,utc_day,5,0.5,2026-06-11,75,287,1,62856.8,63598.3,2746.28,0.254614,0.270016,-0.285418,0.0154019,0,
dt,BTCUSD,utc_day,5,0.5,2026-06-17,236,287,-1,64186.4,64473.4,2916.43,-0.113135,-0.0983857,0.0836367,0.014749,0,
dt,BTCUSD,utc_day,5,0.5,2026-06-18,187,287,-1,63082.8,62922.9,2781.18,0.0423159,0.057472,-0.0726281,0.0151561,0,
dt,BTCUSD,utc_day,5,0.5,2026-06-22,16,287,1,64301.5,63989.6,2029.3,-0.174801,-0.153664,0.132526,0.0211376,0,
dt,BTCUSD,utc_day,5,0.5,2026-06-23,76,287,-1,62830.3,62696.4,2309.82,0.0397623,0.0579439,-0.0761255,0.0181816,0,
dt,BTCUSD,utc_day,5,0.5,2026-06-24,167,287,-1,61246.4,61051,2900.22,0.0532557,0.0673742,-0.0814927,0.0141185,0,
dt,BTCUSD,utc_day,5,0.5,2026-06-25,167,287,-1,58587.2,59770.5,4927.66,-0.248192,-0.240142,0.232093,0.00804971,0,
dt,BTCUSD,utc_day,5,0.5,2026-06-30,144,287,-1,59034.5,58604.2,2381.18,0.164153,0.180713,-0.197273,0.0165601,0,
dt,BTCUSD,utc_day,5,0.5,2026-07-01,170,287,1,59680.8,59997.8,2153.43,0.128576,0.147195,-0.165815,0.0186194,0,
dt,BTCUSD,utc_day,5,0.5,2026-07-02,118,287,1,61356.5,61540.1,2717.23,0.0524518,0.0675927,-0.0827337,0.0151409,0,
dt,BTCUSD,utc_day,5,0.5,2026-07-06,156,287,-1,61585.6,64022.5,4062.48,-0.610194,-0.59985,0.589506,0.0103441,0,
dt,BTCUSD,utc_day,5,0.5,2026-07-08,102,287,-1,61971.9,62255.6,2726.03,-0.119331,-0.10408,0.0888292,0.0152507,0,
dt,BTCUSD,utc_day,5,0.5,2026-07-10,146,287,1,64558.7,64129.1,2726.03,-0.173394,-0.157612,0.141829,0.0157825,0,
dt,BTCUSD,utc_day,5,0.5,2026-07-13,159,287,-1,62445,62306.7,2608.91,0.0369966,0.0529972,-0.0689979,0.0160007,0,
dt,BTCUSD,utc_day,5,0.5,2026-07-14,150,287,1,63538,65013.7,2462.48,0.581812,0.599266,-0.616719,0.0174537,0,
dt,BTCUSD,utc_day,5,0.5,2026-07-21,151,287,1,66583,66522.1,2718.42,-0.0387428,-0.022388,0.00603323,0.0163548,0,
dt,BTCUSD,utc_day,5,0.5,2026-07-23,200,287,-1,64689,65069.1,2786.6,-0.151956,-0.136392,0.120828,0.0155643,0,
dt,BTCUSD,utc_day,5,0.5,2026-07-27,273,287,-1,64078,63721.3,2593.24,0.121071,0.13755,-0.154029,0.0164793,0,
dt,BTCUSD,utc_day,5,0.5,2026-07-31,110,287,-1,63721.9,62859.4,2055.75,0.398947,0.419543,-0.440138,0.0205954,0,
dt,BTCUSD,utc_day,5,0.5,2026-08-05,244,287,1,64995.4,64633.8,1840.69,-0.21998,-0.19644,0.1729,0.0235398,0,
dt,BTCUSD,utc_day,5,0.5,2026-08-10,185,287,-1,64281.4,63938.8,1162.61,0.257811,0.294686,-0.331561,0.0368752,0,
dt,BTCUSD,utc_day,5,0.5,2026-08-14,179,287,-1,62497.5,63014.5,1918.52,-0.291345,-0.269458,0.24757,0.0218874,0,
dt,BTCUSD,utc_day,5,0.5,2026-08-17,34,287,1,63432.9,64503.7,1114.83,0.922146,0.960519,-1.03839,0.038373,0,
dt,BTCUSD,utc_day,5,0.5,2026-08-19,179,287,1,65769.7,69309.6,2151.3,1.62452,1.64548,-1.02075,0.0209644,0,
dt,BTCUSD,utc_day,5,0.5,2026-08-20,214,287,1,72891.7,72998.9,7164.37,0.00816688,0.0149525,-0.0217381,0.00678559,0,
dt,BTCUSD,utc_day,5,0.5,2026-08-21,106,287,1,78136.7,78307.5,10275.6,0.0115576,0.0166224,-0.0216873,0.00506486,0,
dt,BTCUSD,utc_day,5,0.5,2026-08-27,182,287,1,80761.6,80207.8,3543.36,-0.171392,-0.15629,0.141187,0.0151029,0,
dt,BTCUSD,utc_day,5,0.5,2026-08-28,170,287,-1,78429.6,77805.5,3556.39,0.160879,0.175494,-0.190109,0.0146149,0,
dt,BTCUSD,utc_day,5,0.5,2026-09-01,223,287,-1,76650.1,77399.6,3797.82,-0.210846,-0.197347,0.183849,0.0134988,0,
dt,BTCUSD,utc_day,5,0.5,2026-09-02,130,287,-1,76325.5,77299,2181.62,-0.46965,-0.446214,0.422779,0.0234358,0,
dt,BTCUSD,utc_day,5,0.5,2026-09-03,154,287,1,78478.2,81229.6,2358.71,1.14397,1.16648,-1.02246,0.0225144,0,
dt,BTCUSD,utc_day,5,0.5,2026-09-04,177,287,-1,78710,79615.7,5039.27,-0.190179,-0.179729,0.16928,0.0104491,0,
dt,BTCUSD,utc_day,5,0.5,2026-09-08,163,287,-1,77916.1,78425.3,2318.14,-0.2421,-0.219663,0.197227,0.0224365,0,
dt,BTCUSD,utc_day,5,0.5,2026-09-10,153,287,-1,76913.3,76535.2,2700.79,0.121074,0.139983,-0.158893,0.0189096,0,
dt,BTCUSD,utc_day,5,0.5,2026-09-11,165,287,1,78471.6,77191.2,3872.78,-0.343983,-0.33061,0.317237,0.0133729,0,
dt,BTCUSD,utc_day,5,0.5,2026-09-14,170,287,1,78463.9,78154.8,3319.55,-0.108797,-0.0931015,0.0774063,0.0156952,0,
dt,BTCUSD,utc_day,5,0.5,2026-09-15,163,287,-1,76488.9,75599.9,3319.55,0.252536,0.267788,-0.28304,0.0152517,0,
dt,BTCUSD,utc_day,5,0.5,2026-09-21,113,287,1,84260.9,86578.6,6234.19,0.362673,0.371772,-0.38087,0.00909867,0,
dt,BTCUSD,utc_day,5,0.5,2026-09-28,67,287,-1,82837.8,83460.6,3190.84,-0.212492,-0.195177,0.177863,0.0173142,0,
dt,BTCUSD,utc_day,5,0.5,2026-09-29,142,287,1,84428.3,83624,1926.08,-0.446579,-0.417599,0.38862,0.0289796,0,
dt,BTCUSD,utc_day,5,0.5,2026-09-30,151,287,1,84587,83576.2,1926.08,-0.553805,-0.524807,0.495809,0.0289983,0,
dt,BTCUSD,utc_day,5,0.5,2026-10-01,207,287,1,84653.9,84828.9,2155.4,0.0550701,0.0811821,-0.107294,0.0261121,0,
dt,BTCUSD,utc_day,5,0.5,2026-10-02,52,287,1,85988.7,84482.3,2321.81,-0.673164,-0.648785,0.624406,0.0243789,0,
dt,BTCUSD,utc_day,5,0.5,2026-10-04,267,287,1,86540.2,86481.8,3660.68,-0.0316614,-0.0159724,0.000283514,0.0156889,0,
dt,BTCUSD,utc_day,5,0.5,2026-10-07,23,287,-1,84377.8,83281.5,2256.9,0.461058,0.485733,-0.510408,0.0246751,0,
dt,BTCUSD,utc_day,5,0.5,2026-10-08,184,287,-1,81398.2,81710.9,3766.62,-0.0974217,-0.0830293,0.068637,0.0143923,0,
dt,US100.cash,us_cash,5,0.5,2021-09-20,29,77,-1,14977.2,15027,233.15,-0.213618,-0.213618,0.213618,0,0,
dt,US100.cash,us_cash,5,0.5,2021-09-28,10,77,-1,14869.1,14783.9,299.85,0.284309,0.284309,-0.284309,0,0,
dt,US100.cash,us_cash,5,0.5,2021-10-04,9,77,-1,14543.5,14483.2,354,0.168164,0.170198,-0.172232,0.0020339,0,
dt,US100.cash,us_cash,5,0.5,2021-10-05,32,77,1,14741.5,14672.6,441.25,-0.157722,-0.156091,0.154459,0.00163173,0,
dt,US100.cash,us_cash,5,0.5,2021-10-06,56,77,1,14744,14769.4,413.35,0.0597678,0.0615096,-0.0632515,0.00174187,0,
dt,US100.cash,us_cash,5,0.5,2021-10-25,39,77,1,15518.6,15515.5,199.8,-0.0193694,-0.0157658,0.0121622,0.0036036,0,
dt,US100.cash,us_cash,5,0.5,2021-11-09,51,77,-1,16182.8,16226.9,409.6,-0.109302,-0.107544,0.105786,0.00175781,0,
dt,US100.cash,us_cash,5,0.5,2021-11-10,58,77,-1,15994.9,15987.9,233.75,0.0269733,0.0300535,-0.0331337,0.00308021,0,
dt,US100.cash,us_cash,5,0.5,2021-11-16,22,77,1,16311.5,16311.5,290.85,-0.00221764,0.000257865,-0.00273337,0.0024755,0,
dt,US100.cash,us_cash,5,0.5,2021-11-22,76,77,-1,16437.2,16395.6,424.75,0.096186,0.0978811,-0.0995762,0.00169511,0,
dt,US100.cash,us_cash,5,0.5,2021-11-30,18,77,-1,16139.1,16161.8,462.15,-0.0507303,-0.0491723,0.0476144,0.00155794,0,
dt,US100.cash,us_cash,5,0.5,2021-12-01,51,77,-1,16190.5,15887,322.45,0.939076,0.941309,-0.943542,0.0022329,0,
dt,US100.cash,us_cash,5,0.5,2021-12-03,13,77,-1,15746,15727.5,630.9,0.0282612,0.0294024,-0.0305437,0.00114123,0,
dt,US100.cash,us_cash,5,0.5,2021-12-13,12,77,-1,16212.5,16104.5,266.5,0.402552,0.405253,-0.407955,0.00270169,0,
dt,US100.cash,us_cash,5,0.5,2021-12-15,70,77,1,16221.6,16298.9,593.25,0.129043,0.130257,-0.131471,0.00121365,0,
dt,US100.cash,us_cash,5,0.5,2021-12-16,19,77,-1,16046.1,15879.7,593.25,0.279317,0.280531,-0.281745,0.00121365,0,
dt,US100.cash,us_cash,5,0.5,2022-01-04,8,77,-1,16399.5,16283.9,243.03,0.473049,0.476011,-1.00296,0.0029626,0,
dt,US100.cash,us_cash,5,0.5,2022-01-05,55,77,-1,16035.7,15777.8,351.6,0.731456,0.733504,-0.735552,0.00204778,0,
dt,US100.cash,us_cash,5,0.5,2022-01-13,66,77,-1,15595.2,15512.8,743.85,0.109747,0.110715,-0.111682,0.000967937,0,
dt,US100.cash,us_cash,5,0.5,2022-01-31,55,77,1,14820,14901.5,648.85,0.124613,0.125722,-0.126832,0.00110966,0,
dt,US100.cash,us_cash,5,0.5,2022-02-11,48,77,-1,14445.5,14241.6,560.75,0.362292,0.363576,-0.36486,0.00128399,0,
dt,US100.cash,us_cash,5,0.5,2022-02-17,67,77,-1,14213.9,14170.1,535.5,0.0804482,0.0817927,-0.0831373,0.00134454,0,
dt,US100.cash,us_cash,5,0.5,2022-02-18,37,77,-1,13958.9,14011.5,496.4,-0.107413,-0.105963,0.104512,0.00145044,0,
dt,US100.cash,us_cash,5,0.5,2022-02-23,66,77,-1,13570.2,13526.1,887.15,0.04887,0.0496816,-0.0504932,0.000811588,0,
dt,US100.cash,us_cash,5,0.5,2022-02-24,49,77,1,13585.2,13963.9,973.7,0.388138,0.388877,-0.389617,0.000739447,0,
dt,US100.cash,us_cash,5,0.5,2022-03-03,10,77,-1,14142.5,14038.4,406.15,0.254721,0.256494,-0.258267,0.00177274,0,
dt,US100.cash,us_cash,5,0.5,2022-03-04,15,77,-1,13790.5,13831,337.85,-0.121785,-0.119654,0.117523,0.00213112,0,
dt,US100.cash,us_cash,5,0.5,2022-03-07,11,77,-1,13581,13320,518.4,0.50218,0.503569,-0.504958,0.00138889,0,
dt,US100.cash,us_cash,5,0.5,2022-03-11,70,77,-1,13391.4,13307,642.3,0.130204,0.131325,-0.132446,0.00112097,0,
dt,US100.cash,us_cash,5,0.5,2022-03-28,70,77,1,14956,14992.6,390.9,0.0919161,0.093758,-0.0955999,0.0018419,0,
dt,US100.cash,us_cash,5,0.5,2022-04-04,74,77,1,15159.2,15169.8,516.95,0.0190637,0.0204565,-0.0218493,0.00139278,0,
dt,US100.cash,us_cash,5,0.5,2022-04-05,33,77,-1,14883.3,14832.5,439.05,0.114235,0.115875,-0.117515,0.0016399,0,
dt,US100.cash,us_cash,5,0.5,2022-04-14,65,77,-1,13949.4,13900.5,555.3,0.0865838,0.0878804,-0.089177,0.0012966,0,
dt,US100.cash,us_cash,5,0.5,2022-04-19,9,77,1,14098.1,14217.3,432.7,0.273816,0.27548,-0.277144,0.00166397,0,
dt,US100.cash,us_cash,5,0.5,2022-04-20,21,77,-1,14040.2,14009.4,432.7,0.0696325,0.0712965,-0.0729605,0.00166397,0,
dt,US100.cash,us_cash,5,0.5,2022-04-21,30,77,-1,13965.6,13726.3,424.55,0.561901,0.563597,-0.565293,0.00169591,0,
dt,US100.cash,us_cash,5,0.5,2022-04-22,52,77,-1,13448.5,13363.1,562.05,0.150618,0.151899,-0.15318,0.00128102,0,
dt,US100.cash,us_cash,5,0.5,2022-04-29,63,77,-1,12993.5,12858.6,603.05,0.222461,0.223655,-0.224849,0.00119393,0,
dt,US100.cash,us_cash,5,0.5,2022-05-04,72,77,1,13488.2,13538.7,750.6,0.0662537,0.0672129,-0.0681721,0.000959233,0,
dt,US100.cash,us_cash,5,0.5,2022-05-05,14,77,-1,12936,12866.9,821.3,0.0832582,0.0841349,-0.0850116,0.000876659,0,
dt,US100.cash,us_cash,5,0.5,2022-05-18,63,77,-1,11933.2,11942.1,873.85,-0.0109801,-0.0101562,0.00933227,0.00082394,0,
dt,US100.cash,us_cash,5,0.5,2022-05-20,32,77,-1,11637.8,11833.5,773.55,-0.253953,-0.253022,0.252091,0.000930774,0,
dt,US100.cash,us_cash,5,0.5,2022-05-25,66,77,1,11990.1,11950.5,545.65,-0.074031,-0.0727114,0.0713919,0.00131953,0,
dt,US100.cash,us_cash,5,0.5,2022-05-26,9,77,1,12182.3,12274.5,545.65,0.167791,0.16911,-0.17043,0.00131953,0,
dt,US100.cash,us_cash,5,0.5,2022-06-07,15,77,1,12683.8,12710.7,451.65,0.0579099,0.059504,-0.0610982,0.00159415,0,
dt,US100.cash,us_cash,5,0.5,2022-06-09,67,77,-1,12392.7,12272,299.2,0.40117,0.403576,-0.405983,0.00240642,0,
dt,US100.cash,us_cash,5,0.5,2022-06-28,58,77,-1,11692.4,11649.1,692.9,0.0614519,0.062491,-0.0635301,0.00103911,0,
dt,US100.cash,us_cash,5,0.5,2022-07-05,61,77,1,11750.5,11789,638.05,0.0593292,0.0604576,-0.0615861,0.00112844,0,
dt,US100.cash,us_cash,5,0.5,2022-07-13,14,77,1,11745.4,11736.1,440.62,-0.0228723,-0.0211293,0.0193863,0.001743,0,
dt,US100.cash,us_cash,5,0.5,2022-07-18,75,77,-1,11852.9,11882.4,493.75,-0.0613489,-0.0596962,0.0580435,0.00165266,0,
dt,US100.cash,us_cash,5,0.5,2022-07-27,62,77,1,12573.5,12598.4,565.57,0.0425252,0.0440529,-0.0455806,0.00152766,0,
dt,US100.cash,us_cash,5,0.5,2022-08-03,39,77,1,13237.6,13254.3,522.35,0.0302728,0.0320188,-0.0337647,0.00174596,0,
dt,US100.cash,us_cash,5,0.5,2022-08-19,20,77,-1,13233.3,13243.4,279,-0.0387814,-0.0362007,0.0336201,0.00258065,0,
dt,US100.cash,us_cash,5,0.5,2022-08-26,11,77,-1,12979,12608.6,307.3,1.20166,1.20517,-1.00351,0.00351448,0,
dt,US100.cash,us_cash,5,0.5,2022-09-02,46,77,-1,12157.2,12105.4,475,0.106779,0.109053,-0.111326,0.00227368,0,
dt,US100.cash,us_cash,5,0.5,2022-09-28,34,77,1,11449.3,11488.2,361.1,0.105262,0.107588,-0.109914,0.00232623,0,
dt,US100.cash,us_cash,5,0.5,2022-09-29,6,77,-1,11158.6,11171.9,321.8,-0.0443132,-0.04133,0.0383468,0.00298322,0,
dt,US100.cash,us_cash,5,0.5,2022-10-13,19,77,1,10723.1,11033,509,0.606483,0.608841,-0.611198,0.00235756,0,
dt,US100.cash,us_cash,5,0.5,2022-10-14,10,77,-1,10828.5,10700.3,601.2,0.211444,0.21324,-0.215037,0.00179641,0,
dt,US100.cash,us_cash,5,0.5,2022-10-18,25,77,-1,11037,11152.9,627.6,-0.186393,-0.184672,0.182951,0.00172084,0,
dt,US100.cash,us_cash,5,0.5,2022-10-21,7,77,1,11167,11310.3,336.3,0.422748,0.425959,-0.42917,0.00321142,0,
dt,US100.cash,us_cash,5,0.5,2022-10-28,15,77,1,11420.9,11544,503.7,0.242585,0.244491,-0.246397,0.0019059,0,
dt,US100.cash,us_cash,5,0.5,2022-11-01,14,77,-1,11328,11290.4,458.9,0.0796906,0.082044,-0.0843975,0.00235345,0,
dt,US100.cash,us_cash,5,0.5,2022-11-02,64,77,-1,11104.6,10901,380.4,0.532387,0.535226,-0.538065,0.00283912,0,
dt,US100.cash,us_cash,5,0.5,2022-11-10,71,77,1,11539.2,11593.3,429.5,0.123888,0.125844,-0.1278,0.00195576,0,
dt,US100.cash,us_cash,5,0.5,2022-11-17,30,77,1,11680.5,11678.6,334.8,-0.00854241,-0.00567503,0.00280765,0.00286738,0,
dt,US100.cash,us_cash,5,0.5,2022-11-18,18,77,-1,11620.6,11678,363.8,-0.160418,-0.157779,0.15514,0.00263881,0,
dt,US100.cash,us_cash,5,0.5,2022-11-22,73,77,1,11711.1,11724.2,250.2,0.0490008,0.0523581,-0.0557154,0.00335731,0,
dt,US100.cash,us_cash,5,0.5,2022-11-23,12,77,1,11846.5,11844.5,250.2,-0.0113509,-0.00799361,0.00463629,0.00335731,0,
dt,US100.cash,us_cash,5,0.5,2022-11-30,53,77,1,11712.9,12030.2,401.5,0.787721,0.790411,-0.793101,0.00268991,0,
dt,US100.cash,us_cash,5,0.5,2022-12-06,60,77,-1,11500.9,11549.4,562.8,-0.0876688,-0.0861763,0.0846837,0.00149254,0,
dt,US100.cash,us_cash,5,0.5,2022-12-13,10,77,-1,12016.3,11833.2,278.4,0.653807,0.657687,-1.00388,0.00387931,0,
dt,US100.cash,us_cash,5,0.5,2022-12-22,8,77,-1,10946.2,10962.7,309.7,-0.0566032,-0.0531159,0.0496287,0.00348725,0,
dt,US100.cash,us_cash,5,0.5,2023-01-03,8,77,-1,10883.1,10863,303,0.0627723,0.0663366,-0.069901,0.00356436,0,
dt,US100.cash,us_cash,5,0.5,2023-01-06,50,77,1,10989.1,11036.7,354.4,0.131941,0.134312,-0.136682,0.0023702,0,
dt,US100.cash,us_cash,5,0.5,2023-01-09,20,77,1,11298.4,11107.9,354.4,-0.53956,-0.537528,0.535497,0.0020316,0,
dt,US100.cash,us_cash,5,0.5,2023-01-18,28,77,-1,11454.4,11412.6,343.6,0.119208,0.121653,-0.124098,0.0024447,0,
dt,US100.cash,us_cash,5,0.5,2023-01-20,60,77,1,11563.8,11615,394,0.127817,0.129949,-0.132081,0.00213198,0,
dt,US100.cash,us_cash,5,0.5,2023-01-23,18,77,1,11838.6,11870.8,394,0.0798985,0.0817259,-0.0835533,0.00182741,0,
dt,US100.cash,us_cash,5,0.5,2023-01-27,67,77,1,12239.6,12166.5,501,-0.147345,-0.145908,0.144471,0.00143713,0,
dt,US100.cash,us_cash,5,0.5,2023-02-01,62,77,1,12257.5,12367.4,333.9,0.326056,0.32929,-0.332525,0.0032345,0,
dt,US100.cash,us_cash,5,0.5,2023-02-09,37,77,-1,12493.5,12385.4,364.4,0.294347,0.296652,-0.298957,0.00230516,0,
dt,US100.cash,us_cash,5,0.5,2023-03-02,49,77,1,11943.1,12045,220,0.459364,0.463182,-0.467,0.00381818,0,
dt,US100.cash,us_cash,5,0.5,2023-03-03,40,77,1,12228.8,12292.6,233.4,0.269751,0.27335,-0.276949,0.00359897,0,
dt,US100.cash,us_cash,5,0.5,2023-03-09,54,77,-1,12074.4,11995.4,312.6,0.250032,0.252719,-0.255406,0.00268714,0,
dt,US100.cash,us_cash,5,0.5,2023-03-13,21,77,1,12016.7,11921,513,-0.188889,-0.18655,0.184211,0.00233918,0,
dt,US100.cash,us_cash,5,0.5,2023-03-16,26,77,1,12492.3,12577.8,561.4,0.150588,0.152298,-0.154008,0.00171001,0,
dt,US100.cash,us_cash,5,0.5,2023-04-05,18,77,-1,12911.3,12967.5,284.8,-0.19986,-0.197331,0.194803,0.00252809,0,
dt,US100.cash,us_cash,5,0.5,2023-04-06,30,77,1,13040,13059.9,281.1,0.0680541,0.0706154,-0.0731768,0.00256137,0,
dt,US100.cash,us_cash,5,0.5,2023-04-12,3,77,-1,12938,12849.9,217.1,0.401059,0.406034,-0.411009,0.00497467,0,
dt,US100.cash,us_cash,5,0.5,2023-04-13,19,77,1,13034.8,13108.2,229.4,0.316827,0.319965,-0.323104,0.00313862,0,
dt,US100.cash,us_cash,5,0.5,2023-04-19,30,77,1,13085.5,13087.8,195.2,0.00809426,0.0117828,-0.0154713,0.00368852,0,
dt,US100.cash,us_cash,5,0.5,2023-04-20,3,77,1,13022.8,12986.7,136.7,-0.269861,-0.263716,0.257571,0.00614484,0,
dt,US100.cash,us_cash,5,0.5,2023-04-24,28,77,-1,12881.3,12972.5,210.8,-0.436622,-0.432638,0.428653,0.00398482,0,
dt,US100.cash,us_cash,5,0.5,2023-04-25,45,77,-1,12798.5,12726.9,207,0.342415,0.345894,-0.349372,0.00347826,0,
dt,US100.cash,us_cash,5,0.5,2023-04-27,49,77,1,13118.2,13155.7,320.9,0.114397,0.117015,-0.119632,0.00261764,0,
dt,US100.cash,us_cash,5,0.5,2023-05-05,48,77,1,13223.1,13259.1,304,0.115658,0.118421,-0.121184,0.00276316,0,
dt,US100.cash,us_cash,5,0.5,2023-05-12,34,77,-1,13302.5,13339.8,209.8,-0.18122,-0.177788,0.174357,0.00343184,0,
dt,US100.cash,us_cash,5,0.5,2023-05-16,28,77,1,13487.2,13427.6,215.1,-0.280753,-0.276848,0.272943,0.00390516,0,
dt,US100.cash,us_cash,5,0.5,2023-05-17,40,77,1,13550.7,13588.7,174,0.213563,0.218391,-0.223218,0.00482759,0,
dt,US100.cash,us_cash,5,0.5,2023-05-18,19,77,1,13762,13836.6,335.1,0.220621,0.222769,-0.224918,0.00214861,0,
dt,US100.cash,us_cash,5,0.5,2023-05-26,13,77,1,14190.3,14294.3,423.87,0.243011,0.245276,-0.247541,0.00226485,0,
dt,US100.cash,us_cash,5,0.5,2023-06-07,34,77,-1,14391.8,14306.8,344.1,0.244086,0.246876,-0.249666,0.00278989,0,
dt,US100.cash,us_cash,5,0.5,2023-06-08,29,77,1,14492.1,14481.6,357,-0.0317647,-0.0294118,0.0270588,0.00235294,0,
dt,US100.cash,us_cash,5,0.5,2023-06-12,77,77,1,14790,14788.9,364,-0.00565934,-0.00302198,0.000384615,0.00263736,0,
dt,US100.cash,us_cash,5,0.5,2023-06-15,62,77,1,15207.5,15187.6,523.4,-0.0396255,-0.0380206,0.0364157,0.00160489,0,
dt,US100.cash,us_cash,5,0.5,2023-06-22,65,77,1,15012,15040.7,415.3,0.0669155,0.0692271,-0.0715386,0.00231158,0,
dt,US100.cash,us_cash,5,0.5,2023-06-26,38,77,-1,14728.6,14690.7,283.5,0.130053,0.133862,-0.137672,0.00380952,0,
dt,US100.cash,us_cash,5,0.5,2023-06-27,50,77,1,14930.3,14943.6,353.8,0.0352176,0.0375919,-0.0399661,0.00237422,0,
dt,US100.cash,us_cash,5,0.5,2023-06-28,16,77,1,15042.1,14975.7,353.8,-0.19039,-0.187677,0.184963,0.0027134,0,
dt,US100.cash,us_cash,5,0.5,2023-07-20,57,77,-1,15521.5,15468.4,366.1,0.142884,0.145179,-0.147473,0.00229446,0,
dt,US100.cash,us_cash,5,0.5,2023-07-27,48,77,-1,15626,15464.5,199.8,0.802903,0.808308,-1.00541,0.00540541,0,
dt,US100.cash,us_cash,5,0.5,2023-08-02,17,77,-1,15393.9,15374.1,349.4,0.053921,0.0566686,-0.0594161,0.00274757,0,
dt,US100.cash,us_cash,5,0.5,2023-08-08,18,77,-1,15152.3,15274.5,293.6,-0.419891,-0.416213,0.412534,0.00367847,0,
dt,US100.cash,us_cash,5,0.5,2023-08-09,16,77,-1,15154.2,15107.5,260.8,0.175383,0.179064,-0.182745,0.00368098,0,
dt,US100.cash,us_cash,5,0.5,2023-08-14,16,77,1,15169.5,15205.7,332.8,0.105889,0.108774,-0.111659,0.00288462,0,
dt,US100.cash,us_cash,5,0.5,2023-08-17,63,77,-1,14763.9,14712.7,332.6,0.151413,0.153939,-0.156464,0.00252556,0,
dt,US100.cash,us_cash,5,0.5,2023-08-23,29,77,1,15147.6,15149.8,380.8,0.00357143,0.00577731,-0.00798319,0.00220588,0,
dt,US100.cash,us_cash,5,0.5,2023-08-24,15,77,-1,14986.8,14815.3,596.7,0.28552,0.28733,-0.28914,0.00180995,0,
dt,US100.cash,us_cash,5,0.5,2023-08-29,12,77,1,15274,15375.4,473.8,0.211735,0.214014,-0.216294,0.00227944,0,
dt,US100.cash,us_cash,5,0.5,2023-09-06,6,77,-1,15385.9,15374.6,170.4,0.0606808,0.0663146,-0.0719484,0.0056338,0,
dt,US100.cash,us_cash,5,0.5,2023-09-15,5,77,-1,15299.9,15202.6,222.3,0.433153,0.437472,-0.44179,0.00431849,0,
dt,US100.cash,us_cash,5,0.5,2023-09-20,72,77,-1,15027.2,14971.4,407,0.134447,0.137101,-0.139754,0.00265356,0,
dt,US100.cash,us_cash,5,0.5,2023-09-27,50,77,-1,14435.8,14585,311.3,-0.482139,-0.479441,0.476743,0.00269836,0,
dt,US100.cash,us_cash,5,0.5,2023-09-28,25,77,1,14705.8,14701,341.1,-0.0163882,-0.0139255,0.0114629,0.00246262,0,
dt,US100.cash,us_cash,5,0.5,2023-09-29,53,77,-1,14675,14718.3,341.1,-0.130255,-0.127089,0.123923,0.00316623,0,
dt,US100.cash,us_cash,5,0.5,2023-10-03,71,77,-1,14520.5,14574.6,406.7,-0.135259,-0.132899,0.130538,0.00236046,0,
dt,US100.cash,us_cash,5,0.5,2023-10-04,69,77,1,14773.3,14765.8,337.4,-0.0250741,-0.0222288,0.0193835,0.00284529,0,
dt,US100.cash,us_cash,5,0.5,2023-10-05,13,77,-1,14595,14725.6,332.4,-0.396149,-0.3929,0.389651,0.0032491,0,
dt,US100.cash,us_cash,5,0.5,2023-10-06,15,77,1,14761.5,14976.2,332.4,0.642659,0.645909,-0.649158,0.0032491,0,
dt,US100.cash,us_cash,5,0.5,2023-10-13,28,77,-1,15001.8,14999.1,425.3,0.00420879,0.00646602,-0.00872325,0.00225723,0,
dt,US100.cash,us_cash,5,0.5,2023-10-17,34,77,1,15187.2,15119.8,338.9,-0.20121,-0.198731,0.196253,0.00247861,0,
dt,US100.cash,us_cash,5,0.5,2023-10-19,61,77,-1,14809.7,14780.7,332.2,0.0840458,0.0872968,-0.0905479,0.00325105,0,
dt,US100.cash,us_cash,5,0.5,2023-10-25,47,77,-1,14411.9,14387.8,464.2,0.0495907,0.0519173,-0.0542439,0.00232658,0,
dt,US100.cash,us_cash,5,0.5,2023-10-26,31,77,-1,14136.4,14111.8,393.7,0.0596139,0.0623571,-0.0651003,0.00274321,0,
dt,US100.cash,us_cash,5,0.5,2023-11-01,66,77,1,14616,14659.5,351.7,0.120415,0.123827,-0.127239,0.003412,0,
dt,US100.cash,us_cash,5,0.5,2023-11-10,30,77,1,15384.9,15530.9,250.4,0.580192,0.583067,-0.585942,0.0028754,0,
dt,US100.cash,us_cash,5,0.5,2023-11-20,0,77,1,15891.9,16030.9,110.4,1.25254,1.25906,-1.00652,0.00652174,0,
dt,US100.cash,us_cash,5,0.5,2023-11-28,25,77,1,16029.5,16007.8,194.2,-0.116066,-0.11174,0.107415,0.00432544,0,
dt,US100.cash,us_cash,5,0.5,2023-11-29,21,77,-1,16012.7,15988.5,187,0.125561,0.129412,-0.133262,0.00385027,0,
dt,US100.cash,us_cash,5,0.5,2023-11-30,6,77,-1,15895,15943.3,203.3,-0.241958,-0.237826,0.233694,0.00413182,0,
dt,US100.cash,us_cash,5,0.5,2023-12-01,39,77,1,16009.6,15992.9,223.9,-0.0781152,-0.0743636,0.0706119,0.00375167,0,
dt,US100.cash,us_cash,5,0.5,2023-12-04,11,77,-1,15717.8,15839.7,223.9,-0.548504,-0.544216,0.539929,0.00428763,0,
dt,US100.cash,us_cash,5,0.5,2023-12-05,15,77,1,15924.8,15884.7,327.5,-0.124855,-0.12229,0.119725,0.00256489,0,
dt,US100.cash,us_cash,5,0.5,2023-12-06,11,77,-1,15856.1,15790.9,301.2,0.212882,0.216467,-0.220053,0.00358566,0,
dt,US100.cash,us_cash,5,0.5,2023-12-08,10,77,1,16096.2,16082.8,322.5,-0.0443101,-0.0417054,0.0391008,0.00260465,0,
dt,US100.cash,us_cash,5,0.5,2023-12-11,52,77,1,16226.8,16220.6,328.7,-0.0212656,-0.0187101,0.0161545,0.00255552,0,
dt,US100.cash,us_cash,5,0.5,2023-12-20,67,77,-1,16580.5,16552.8,392.5,0.0673885,0.0704459,-0.0735032,0.00305732,0,
dt,US100.cash,us_cash,5,0.5,2023-12-29,20,77,-1,16790.1,16833.5,220,-0.201636,-0.197273,0.192909,0.00436364,0,
dt,US100.cash,us_cash,5,0.5,2024-01-02,2,77,-1,16593.7,16546,164.1,0.28379,0.290372,-0.296953,0.00658135,0,
dt,US100.cash,us_cash,5,0.5,2024-01-08,38,77,1,16555.8,16643.9,403.2,0.216419,0.218502,-0.220585,0.00208333,0,
dt,US100.cash,us_cash,5,0.5,2024-01-09,42,77,1,16709.7,16676.8,396.9,-0.0845805,-0.0827664,0.0809524,0.00181406,0,
dt,US100.cash,us_cash,5,0.5,2024-01-17,3,77,-1,16581.1,16737.2,218.3,-0.720247,-0.7153,0.710353,0.00494732,0,
dt,US100.cash,us_cash,5,0.5,2024-01-19,54,77,1,17271.4,17311.4,419.7,0.0934715,0.095187,-0.0969025,0.00171551,0,
dt,US100.cash,us_cash,5,0.5,2024-01-29,67,77,1,17569.1,17596.5,263.8,0.100682,0.103867,-0.107051,0.00318423,0,
dt,US100.cash,us_cash,5,0.5,2024-01-31,13,77,-1,17183.8,17134.3,216.9,0.22402,0.228446,-0.232872,0.004426,0,
dt,US100.cash,us_cash,5,0.5,2024-02-02,35,77,1,17649.3,17637.2,470,-0.0272766,-0.0257447,0.0242128,0.00153191,0,
dt,US100.cash,us_cash,5,0.5,2024-02-13,14,77,1,17713.4,17609.1,323.6,-0.325278,-0.322311,0.319345,0.00296663,0,
dt,US100.cash,us_cash,5,0.5,2024-02-20,32,77,-1,17415.4,17554.7,368.6,-0.380846,-0.377916,0.374986,0.00293001,0,
dt,US100.cash,us_cash,5,0.5,2024-02-29,26,77,-1,17882.8,18026.4,218.8,-0.661243,-0.656307,0.651371,0.00493601,0,
dt,US100.cash,us_cash,5,0.5,2024-03-01,9,77,1,18154.4,18296.7,194.7,0.725064,0.730611,-0.736158,0.005547,0,
dt,US100.cash,us_cash,5,0.5,2024-03-05,50,77,-1,17870.5,17902.1,462.5,-0.0702919,-0.0682162,0.0661405,0.00207568,0,
dt,US100.cash,us_cash,5,0.5,2024-03-08,41,77,-1,18058.2,18021.3,486.7,0.0737415,0.075714,-0.0776865,0.00197247,0,
dt,US100.cash,us_cash,5,0.5,2024-03-20,69,77,1,18233.8,18239.3,328.8,0.0130779,0.0167275,-0.0203771,0.00364964,0,
dt,US100.cash,us_cash,5,0.5,2024-03-27,5,77,-1,18225.2,18282.3,244.8,-0.237173,-0.233252,0.22933,0.00392157,0,
dt,US100.cash,us_cash,5,0.5,2024-04-01,1,30,1,18362.1,18205.5,156.6,-1.0069,-1,0.993103,0.00689655,0,
dt,US100.cash,us_cash,5,0.5,2024-04-01,30,77,-1,18205.5,18281.2,156.6,-0.489527,-0.483397,0.477267,0.00613027,0,
dt,US100.cash,us_cash,5,0.5,2024-04-03,9,77,1,18177.6,18163.4,285.3,-0.0533824,-0.0495969,0.0458114,0.00378549,0,
dt,US100.cash,us_cash,5,0.5,2024-04-04,57,77,-1,18198.1,17884.6,284.2,1.0993,1.1031,-1.0038,0.00380014,0,
dt,US100.cash,us_cash,5,0.5,2024-04-05,41,77,1,18202.2,18097.2,505.3,-0.209361,-0.207698,0.206036,0.00166238,0,
dt,US100.cash,us_cash,5,0.5,2024-04-11,45,77,1,18220.5,18307,255.5,0.33499,0.338748,-0.342505,0.00375734,0,
dt,US100.cash,us_cash,5,0.5,2024-04-15,34,77,-1,17967.9,17708.5,384.7,0.671614,0.674422,-0.677229,0.00280738,0,
dt,US100.cash,us_cash,5,0.5,2024-04-17,39,77,-1,17470,17494.3,651,-0.0391398,-0.0374808,0.0358218,0.00165899,0,
dt,US100.cash,us_cash,5,0.5,2024-05-13,44,77,-1,18144.7,18199.2,181.7,-0.306164,-0.30022,0.294276,0.00594386,0,
dt,US100.cash,us_cash,5,0.5,2024-05-14,57,77,1,18289.3,18315,224.1,0.110174,0.114458,-0.118742,0.0042838,0,
dt,US100.cash,us_cash,5,0.5,2024-05-15,49,77,1,18565.1,18596,304.1,0.0986189,0.101776,-0.104933,0.00315686,0,
dt,US100.cash,us_cash,5,0.5,2024-05-23,4,77,-1,18780,18625,256.6,0.599376,0.604053,-0.60873,0.00467654,0,
dt,US100.cash,us_cash,5,0.5,2024-05-24,20,77,1,18834.6,18801.7,284.6,-0.118552,-0.115601,0.112649,0.00295151,0,
dt,US100.cash,us_cash,5,0.5,2024-05-30,73,77,-1,18541.5,18538.3,324.5,0.00600924,0.00970724,-0.0134052,0.003698,0,
dt,US100.cash,us_cash,5,0.5,2024-05-31,12,77,-1,18345,18545.3,392,-0.514286,-0.511224,0.508163,0.00306122,0,
dt,US100.cash,us_cash,5,0.5,2024-06-05,77,77,1,19029.8,19030.2,461.6,-0.0017331,0.000866551,-0.0034662,0.00259965,0,
dt,US100.cash,us_cash,5,0.5,2024-06-11,59,77,1,19183.4,19209.5,320.1,0.0783818,0.0813808,-0.0843799,0.00299906,0,
dt,US100.cash,us_cash,5,0.5,2024-06-12,11,77,1,19503.4,19462.1,265.9,-0.159255,-0.15551,0.151764,0.00374577,0,
dt,US100.cash,us_cash,5,0.5,2024-06-20,36,77,-1,19739.9,19758.5,439.76,-0.045252,-0.0422503,0.0392487,0.00300164,0,
dt,US100.cash,us_cash,5,0.5,2024-06-24,57,77,-1,19506.9,19480.3,289.2,0.0878976,0.0916321,-0.0953665,0.00373444,0,
dt,US100.cash,us_cash,5,0.5,2024-06-28,8,77,1,20009,19688.2,374.6,-0.859584,-0.85638,0.853177,0.00320342,0,
dt,US100.cash,us_cash,5,0.5,2024-07-02,25,77,1,19912.6,20013.5,337.9,0.29562,0.298461,-0.301302,0.00284108,0,
dt,US100.cash,us_cash,5,0.5,2024-07-11,10,77,-1,20439.8,20214.8,465.8,0.480464,0.48304,-0.485616,0.00257621,0,
dt,US100.cash,us_cash,5,0.5,2024-07-12,50,77,1,20487,20332.8,502.4,-0.309037,-0.307126,0.305215,0.00191083,0,
dt,US100.cash,us_cash,5,0.5,2024-07-17,38,77,-1,19825.8,19798.2,464.2,0.056872,0.0594571,-0.0620422,0.00258509,0,
dt,US100.cash,us_cash,5,0.5,2024-07-24,16,77,-1,19257.6,19041.8,423.9,0.506134,0.508964,-0.511795,0.00283086,0,
dt,US100.cash,us_cash,5,0.5,2024-07-30,25,77,-1,18812.8,18797.5,654.1,0.0214799,0.0233145,-0.0251491,0.00183458,0,
dt,US100.cash,us_cash,5,0.5,2024-08-01,26,77,-1,19035.2,18894.2,694.9,0.201108,0.202835,-0.204562,0.00172687,0,
dt,US100.cash,us_cash,5,0.5,2024-08-05,19,77,1,18000.5,17908.8,1103.6,-0.0842878,-0.0830917,0.0818956,0.00119609,0,
dt,US100.cash,us_cash,5,0.5,2024-08-22,25,77,-1,19681.2,19498.3,455.4,0.39899,0.401625,-0.40426,0.00263505,0,
dt,US100.cash,us_cash,5,0.5,2024-08-26,13,77,-1,19469.2,19520,438.4,-0.118385,-0.115648,0.112911,0.00273723,0,
dt,US100.cash,us_cash,5,0.5,2024-08-28,20,77,-1,19334.5,19356.3,438.4,-0.0527372,-0.0497263,0.0467153,0.00301095,0,
dt,US100.cash,us_cash,5,0.5,2024-09-03,8,77,-1,19244.3,18965,366.9,0.757836,0.761107,-1.00327,0.00327065,0,
dt,US100.cash,us_cash,5,0.5,2024-09-06,15,77,-1,18511.9,18429.5,769.38,0.105423,0.106982,-0.108542,0.0015597,0,
dt,US100.cash,us_cash,5,0.5,2024-09-11,16,76,-1,18536.8,19215.2,678.4,-1.00177,-1,0.998231,0.00176887,0,
dt,US100.cash,us_cash,5,0.5,2024-09-11,76,77,1,19215.2,19227.2,678.4,0.0160967,0.0176887,-0.0192807,0.00159198,0,
dt,US100.cash,us_cash,5,0.5,2024-09-26,12,77,-1,20105.4,20116.2,347.3,-0.0340628,-0.0309531,0.0278434,0.0031097,0,
dt,US100.cash,us_cash,5,0.5,2024-10-01,1,77,-1,19880.1,19773.8,322.8,0.325589,0.329306,-0.333024,0.00371747,0,
dt,US100.cash,us_cash,5,0.5,2024-10-08,72,77,1,20109.2,20105.2,398.1,-0.0123336,-0.00992213,0.00751068,0.00241145,0,
dt,US100.cash,us_cash,5,0.5,2024-10-15,12,77,-1,20255.8,20169,396.1,0.215981,0.21901,-0.22204,0.00302954,0,
dt,US100.cash,us_cash,5,0.5,2024-10-17,73,77,-1,20191.8,20188.2,412.2,0.00616206,0.00849102,-0.01082,0.00232897,0,
dt,US100.cash,us_cash,5,0.5,2024-10-22,52,77,1,20407.3,20383.8,327,-0.0748012,-0.0718654,0.0689297,0.00293578,0,
dt,US100.cash,us_cash,5,0.5,2024-10-23,24,77,-1,20153.8,20067.2,256.2,0.33427,0.338017,-0.341764,0.00374707,0,
dt,US100.cash,us_cash,5,0.5,2024-10-31,3,77,-1,20099.2,19884.5,259.6,0.821109,0.826656,-0.832203,0.005547,0,
dt,US100.cash,us_cash,5,0.5,2024-11-06,51,77,1,20755.5,20775.7,371.91,0.050004,0.0541663,-0.0583286,0.0041623,0,
dt,US100.cash,us_cash,5,0.5,2024-11-14,9,77,-1,20943.1,20902.5,175.4,0.223945,0.231471,-0.238997,0.00752566,0,
dt,US100.cash,us_cash,5,0.5,2024-11-15,9,77,-1,20518.3,20393.5,281.1,0.43867,0.443792,-0.448915,0.00512273,0,
dt,US100.cash,us_cash,5,0.5,2024-11-21,1,77,-1,20593.7,20735.8,384.7,-0.373252,-0.369509,0.365766,0.00374318,0,
dt,US100.cash,us_cash,5,0.5,2024-11-25,33,77,-1,20760.8,20800.8,352,-0.116705,-0.113636,0.110568,0.00306818,0,
dt,US100.cash,us_cash,5,0.5,2024-11-27,31,77,-1,20623.6,20748.7,485.7,-0.25944,-0.257463,0.255487,0.00197653,0,
dt,US100.cash,us_cash,5,0.5,2024-12-02,9,77,1,21136,21157.5,306,0.0670588,0.0705882,-0.0741176,0.00352941,0,
dt,US100.cash,us_cash,5,0.5,2024-12-10,66,77,-1,21353.5,21369.3,279.9,-0.0600572,-0.0566274,0.0531976,0.0034298,0,
dt,US100.cash,us_cash,5,0.5,2024-12-11,20,77,1,21703.1,21755.8,301.9,0.171216,0.174395,-0.177575,0.00317986,0,
dt,US100.cash,us_cash,5,0.5,2024-12-18,63,77,-1,21705.8,21181.3,517.8,1.01016,1.01294,-1.00278,0.002781,0,
dt,US100.cash,us_cash,5,0.5,2024-12-20,25,77,1,21452,21285.2,1047,-0.160688,-0.159312,0.157937,0.00137536,0,
dt,US100.cash,us_cash,5,0.5,2025-01-07,39,77,-1,21211.5,21173,784.9,0.0471525,0.0489871,-0.0508218,0.00183463,0,
dt,US100.cash,us_cash,5,0.5,2025-01-10,7,77,-1,20733.9,20847.3,576.2,-0.199306,-0.196807,0.194308,0.00249913,0,
dt,US100.cash,us_cash,5,0.5,2025-01-27,12,77,1,21252.9,21126.8,521.9,-0.244281,-0.241521,0.238762,0.00275915,0,
dt,US100.cash,us_cash,5,0.5,2025-02-03,18,77,1,21337.5,21292.2,469,-0.0996588,-0.0965885,0.0935181,0.00307036,0,
dt,US100.cash,us_cash,5,0.5,2025-02-12,13,77,1,21647.3,21709,376.4,0.160414,0.163921,-0.167428,0.00350691,0,
dt,US100.cash,us_cash,5,0.5,2025-02-13,14,77,1,21967.7,22020.2,376.4,0.136291,0.139479,-0.142667,0.0031881,0,
dt,US100.cash,us_cash,5,0.5,2025-02-20,6,77,-1,21917.9,22068.2,424.9,-0.356719,-0.353613,0.350506,0.00310661,0,
dt,US100.cash,us_cash,5,0.5,2025-02-21,10,77,-1,21968.1,21613,297.8,1.18764,1.19208,-1.00443,0.00443251,0,
dt,US100.cash,us_cash,5,0.5,2025-02-24,7,77,-1,21382.2,21356.5,610,0.0398033,0.0419672,-0.0441311,0.00216393,0,
dt,US100.cash,us_cash,5,0.5,2025-02-27,60,77,-1,20766.8,20553.2,1031.6,0.205731,0.207057,-0.208383,0.0013261,0,
dt,US100.cash,us_cash,5,0.5,2025-03-03,48,77,-1,20616.9,20426.6,794.2,0.237497,0.239612,-0.241728,0.00211534,0,
dt,US100.cash,us_cash,5,0.5,2025-03-10,51,77,-1,19401.5,19428.5,891.7,-0.0318381,-0.0302232,0.0286083,0.00161489,0,
dt,US100.cash,us_cash,5,0.5,2025-03-20,6,77,1,19800.8,19666.2,458.8,-0.296295,-0.293156,0.290017,0.00313862,0,
dt,US100.cash,us_cash,5,0.5,2025-03-21,41,77,1,19677.9,19746.5,458.8,0.146164,0.149303,-0.152441,0.00313862,0,
dt,US100.cash,us_cash,5,0.5,2025-03-28,11,77,-1,19453.6,19272.8,542.5,0.33071,0.333364,-0.336018,0.00265438,0,
dt,US100.cash,us_cash,5,0.5,2025-04-02,42,77,1,19656.8,19572.5,1005,-0.0854129,-0.0839801,0.0825473,0.00143284,0,
dt,US100.cash,us_cash,5,0.5,2025-04-04,77,77,-1,17400.8,17389.5,1191.6,0.00827459,0.00948305,-0.0106915,0.00120846,0,
dt,US100.cash,us_cash,5,0.5,2025-04-07,8,77,1,17952.3,17416.2,2324.8,-0.231246,-0.230626,0.230007,0.000619408,0,
dt,US100.cash,us_cash,5,0.5,2025-04-09,46,77,1,18067.7,19120.4,1987,0.529089,0.529814,-0.530539,0.000724711,0,
dt,US100.cash,us_cash,5,0.5,2025-04-21,53,77,-1,17589.2,17807,862.8,-0.253987,-0.252318,0.250649,0.00166898,0,
dt,US100.cash,us_cash,5,0.5,2025-04-30,77,77,1,19603,19539.2,805.3,-0.0810754,-0.0792872,0.0774991,0.00178815,0,
dt,US100.cash,us_cash,5,0.5,2025-05-19,26,77,1,21396.4,21444.7,535.2,0.0880419,0.0900598,-0.0920777,0.00201794,0,
dt,US100.cash,us_cash,5,0.5,2025-05-21,17,67,1,21363.5,21047.6,315.8,-1.00456,-1,0.99544,0.00455985,0,
dt,US100.cash,us_cash,5,0.5,2025-05-21,67,77,-1,21047.6,21075.5,315.8,-0.0925902,-0.0880304,0.0834706,0.00455985,0,
dt,US100.cash,us_cash,5,0.5,2025-05-23,47,77,1,21011.5,20920.5,444.9,-0.207395,-0.204428,0.201461,0.00296696,0,
dt,US100.cash,us_cash,5,0.5,2025-05-29,29,77,-1,21297.9,21359.5,643.8,-0.0973905,-0.0955266,0.0936626,0.00186393,0,
dt,US100.cash,us_cash,5,0.5,2025-06-02,57,77,1,21436.1,21491.5,380.7,0.142816,0.145653,-0.14849,0.00283688,0,
dt,US100.cash,us_cash,5,0.5,2025-06-12,18,77,1,21951.2,21914.2,287.2,-0.132173,-0.12883,0.125487,0.00334262,0,
dt,US100.cash,us_cash,5,0.5,2025-06-13,22,77,1,21789.9,21634.2,251.8,-0.622716,-0.617951,0.613185,0.00476569,0,
dt,US100.cash,us_cash,5,0.5,2025-06-20,11,77,-1,21673.1,21622.5,348.1,0.14108,0.145217,-0.149354,0.00413674,0,
dt,US100.cash,us_cash,5,0.5,2025-06-23,49,77,1,21847.6,21854.3,388.7,0.0136609,0.0173656,-0.0210702,0.00370466,0,
dt,US100.cash,us_cash,5,0.5,2025-07-07,58,77,-1,22601.8,22686.5,286.5,-0.3,-0.295812,0.291623,0.00418848,0,
dt,US100.cash,us_cash,5,0.5,2025-07-14,44,77,1,22873.1,22854.3,220.5,-0.0893878,-0.085034,0.0806803,0.00435374,0,
dt,US100.cash,us_cash,5,0.5,2025-07-15,17,77,-1,22925.6,22880,194.1,0.229624,0.235188,-0.240752,0.00556414,0,
dt,US100.cash,us_cash,5,0.5,2025-07-16,21,77,-1,22764.3,22905,272.8,-0.518915,-0.515396,0.511877,0.00351906,0,
dt,US100.cash,us_cash,5,0.5,2025-07-17,19,77,1,23066.9,23084,272.8,0.0591642,0.0626833,-0.0662023,0.00351906,0,
dt,US100.cash,us_cash,5,0.5,2025-07-31,2,77,-1,23491.3,23219.8,238.4,1.1328,1.13884,-1.00604,0.00604027,0,
dt,US100.cash,us_cash,5,0.5,2025-08-01,3,77,-1,22760.5,22759.5,394.4,-0.000862069,0.00278905,-0.00644016,0.00365112,0,
dt,US100.cash,us_cash,5,0.5,2025-08-19,11,77,-1,23548.8,23388.5,257.5,0.617126,0.622718,-0.628311,0.00559223,0,
dt,US100.cash,us_cash,5,0.5,2025-08-20,5,77,-1,23085.2,23247.5,520.2,-0.314571,-0.311803,0.309035,0.00276817,0,
dt,US100.cash,us_cash,5,0.5,2025-08-22,15,77,1,23564.5,23495.7,755.5,-0.0930377,-0.0911317,0.0892257,0.00190602,0,
dt,US100.cash,us_cash,5,0.5,2025-08-29,7,77,-1,23427.8,23422,344,0.0126744,0.0168605,-0.0210465,0.00418605,0,
dt,US100.cash,us_cash,5,0.5,2025-09-02,6,77,1,23231.6,23230,354.1,-0.00872635,-0.0046597,0.000593053,0.00406665,0,
dt,US100.cash,us_cash,5,0.5,2025-09-05,17,77,-1,23515.2,23654,641,-0.218939,-0.216693,0.214446,0.00224649,0,
dt,US100.cash,us_cash,5,0.5,2025-09-17,57,77,-1,24065.7,24228.2,409.5,-0.399878,-0.396947,0.394017,0.0029304,0,
dt,US100.cash,us_cash,5,0.5,2025-09-24,29,77,-1,24443.2,24497.5,399.9,-0.13891,-0.135909,0.132908,0.00300075,0,
dt,US100.cash,us_cash,5,0.5,2025-10-01,54,77,1,24785.8,24790.8,489.2,0.00874898,0.0102208,-0.0116926,0.00147179,0,
dt,US100.cash,us_cash,5,0.5,2025-10-03,52,77,-1,24729.7,24786,395.4,-0.145675,-0.14264,0.139605,0.0030349,0,
dt,US100.cash,us_cash,5,0.5,2025-10-07,27,77,-1,24795.2,24841.2,470,-0.100638,-0.0980851,0.0955319,0.00255319,0,
dt,US100.cash,us_cash,5,0.5,2025-10-08,7,77,1,25016.7,25127.2,272.2,0.403674,0.406319,-0.408964,0.00264511,0,
dt,US100.cash,us_cash,5,0.5,2025-10-10,17,77,-1,24951.3,24216.2,347.7,2.11196,2.11404,-1.00207,0.00207075,0,
dt,US100.cash,us_cash,5,0.5,2025-10-17,57,77,1,24819.9,24819.3,504.4,-0.00337034,-0.000991277,-0.00138779,0.00237906,0,
dt,US100.cash,us_cash,5,0.5,2025-10-22,36,77,-1,24770.5,24881.8,661.3,-0.170044,-0.168229,0.166415,0.00181461,0,
dt,US100.cash,us_cash,5,0.5,2025-10-31,41,77,-1,25810.7,25857.2,488.4,-0.0976658,-0.0952088,0.0927518,0.002457,0,
dt,US100.cash,us_cash,5,0.5,2025-11-06,14,77,-1,25208.9,25138.3,680.6,0.101822,0.103585,-0.105348,0.00176315,0,
dt,US100.cash,us_cash,5,0.5,2025-11-14,13,77,1,24979.6,25014,707.6,0.0469192,0.048615,-0.0503109,0.00169587,0,
dt,US100.cash,us_cash,5,0.5,2025-11-20,25,77,-1,24763,24049.2,718.9,0.991306,0.992975,-1.00167,0.00166922,0,
dt,US100.cash,us_cash,5,0.5,2025-12-08,18,77,-1,25593.5,25633,322.5,-0.126047,-0.122326,0.118605,0.00372093,0,
dt,US100.cash,us_cash,5,0.5,2025-12-10,61,77,1,25737.2,25772.2,244.4,0.136907,0.142799,-0.148691,0.00589198,0,
dt,US100.cash,us_cash,5,0.5,2025-12-11,3,77,-1,25478,25688.8,274,-0.774964,-0.769708,0.764453,0.00525547,0,
dt,US100.cash,us_cash,5,0.5,2025-12-12,11,77,-1,25333.5,25194,409.4,0.337225,0.340743,-0.34426,0.00351734,0,
dt,US100.cash,us_cash,5,0.5,2025-12-15,11,77,-1,25057.7,25062.2,670.6,-0.00900686,-0.00685953,0.0047122,0.00214733,0,
dt,US100.cash,us_cash,5,0.5,2025-12-17,20,77,-1,24784.2,24655.3,774,0.164677,0.166537,-0.168398,0.00186047,0,
dt,US100.cash,us_cash,5,0.5,2025-12-31,17,77,-1,25343.4,25244.7,250.2,0.388649,0.394884,-0.401119,0.00623501,0,
dt,US100.cash,us_cash,5,0.5,2026-01-02,16,77,-1,25244.2,25198,468.55,0.0952193,0.0985487,-0.101878,0.00332942,0,
dt,US100.cash,us_cash,5,0.5,2026-01-06,77,77,1,25651.1,25627,395.5,-0.0648799,-0.0609355,0.0569912,0.00394437,0,
dt,US100.cash,us_cash,5,0.5,2026-01-09,28,77,1,25744.7,25758.2,413.7,0.0288615,0.0326323,-0.0364032,0.00377085,0,
dt,US100.cash,us_cash,5,0.5,2026-01-12,10,77,1,25759.2,25783.4,365.9,0.0614649,0.0662203,-0.0709757,0.0047554,0,
dt,US100.cash,us_cash,5,0.5,2026-01-14,6,77,-1,25380.4,25473.9,391.13,-0.243615,-0.239166,0.234717,0.00444865,0,
dt,US100.cash,us_cash,5,0.5,2026-01-16,14,77,-1,25451.7,25529.1,521,-0.151958,-0.148618,0.145278,0.00333973,0,
dt,US100.cash,us_cash,5,0.5,2026-01-21,63,77,1,25451.4,25326.6,799.8,-0.15824,-0.156064,0.153888,0.00217554,0,
dt,US100.cash,us_cash,5,0.5,2026-01-29,6,77,-1,25710.9,25872.2,591.2,-0.27566,-0.272717,0.269773,0.00294317,0,
dt,US100.cash,us_cash,5,0.5,2026-02-02,8,77,1,25736.2,25740.5,614.5,0.00413344,0.00696501,-0.00979658,0.00283157,0,
dt,US100.cash,us_cash,5,0.5,2026-02-03,5,77,-1,25512.2,25335.8,614.5,0.284182,0.287014,-0.289845,0.00283157,0,
dt,US100.cash,us_cash,5,0.5,2026-02-04,26,77,-1,24899.7,24893.1,761,0.00628121,0.00856767,-0.0108541,0.00228647,0,
dt,US100.cash,us_cash,5,0.5,2026-02-12,17,77,-1,24940.9,24683.9,648.85,0.393396,0.396078,-0.398759,0.00268167,0,
dt,US100.cash,us_cash,5,0.5,2026-02-20,6,77,1,24909,25015.2,510.15,0.204675,0.208086,-0.211497,0.00341076,0,
dt,US100.cash,us_cash,5,0.5,2026-02-24,11,77,1,24953.6,24976.9,404.75,0.0532798,0.0575788,-0.0618777,0.00429895,0,
dt,US100.cash,us_cash,5,0.5,2026-02-25,54,77,1,25312.1,25334.3,404.75,0.0505621,0.054861,-0.05916,0.00429895,0,
dt,US100.cash,us_cash,5,0.5,2026-02-26,9,77,-1,24931,25036.2,723.9,-0.147769,-0.145365,0.142962,0.00240365,0,
dt,US100.cash,us_cash,5,0.5,2026-03-02,26,77,1,24950.6,24981.7,691.6,0.042568,0.0450839,-0.0475998,0.00251591,0,
dt,US100.cash,us_cash,5,0.5,2026-03-04,50,77,1,25177.9,25086.5,721.5,-0.129051,-0.126639,0.124227,0.00241164,0,
dt,US100.cash,us_cash,5,0.5,2026-03-09,70,77,1,24794.9,24962,771.8,0.214226,0.216481,-0.218735,0.00225447,0,
dt,US100.cash,us_cash,5,0.5,2026-03-18,74,77,-1,24448.4,24423.6,502.6,0.0458217,0.0492837,-0.0527457,0.003462,0,
dt,US100.cash,us_cash,5,0.5,2026-03-19,67,77,1,24455.2,24357.5,502.6,-0.197891,-0.194429,0.190967,0.003462,0,
dt,US100.cash,us_cash,5,0.5,2026-03-20,58,77,-1,23936.3,23900.7,675.45,0.0501221,0.0526982,-0.0552743,0.00257606,0,
dt,US100.cash,us_cash,5,0.5,2026-03-26,53,77,-1,23659.1,23583.9,576.8,0.127306,0.130322,-0.133339,0.00301664,0,
dt,US100.cash,us_cash,5,0.5,2026-04-14,50,77,1,25801.2,25834.3,615,0.0509593,0.0537886,-0.0566179,0.00282927,0,
dt,US100.cash,us_cash,5,0.5,2026-04-23,50,77,-1,26599.4,26776.8,528.45,-0.338906,-0.335614,0.332321,0.00329265,0,
dt,US100.cash,us_cash,5,0.5,2026-04-30,2,77,-1,27147.3,27442.8,431.55,-0.6889,-0.684868,0.680837,0.00403198,0,
dt,US100.cash,us_cash,5,0.5,2026-05-01,28,77,1,27788.2,27710.9,567.65,-0.139144,-0.136079,0.133013,0.00306527,0,
dt,US100.cash,us_cash,5,0.5,2026-05-18,35,77,-1,28763.9,28998.5,944.7,-0.250206,-0.248365,0.246523,0.00184185,0,
dt,US100.cash,us_cash,5,0.5,2026-06-01,50,77,1,30571.9,30512.9,578.4,-0.104927,-0.101919,0.0989108,0.0030083,0,
dt,US100.cash,us_cash,5,0.5,2026-06-04,44,77,1,30441.7,30425.9,455.6,-0.0383231,-0.034504,0.0306848,0.00381914,0,
dt,US100.cash,us_cash,5,0.5,2026-06-05,20,77,-1,29701,28958.5,556,1.33234,1.33547,-1.00313,0.0031295,0,
dt,US100.cash,us_cash,5,0.5,2026-06-09,24,77,-1,28797.6,29075.9,1800.9,-0.155517,-0.154551,0.153584,0.000966184,0,
dt,US100.cash,us_cash,5,0.5,2026-06-11,72,77,1,29495.1,29426.6,1551.2,-0.0452811,-0.0441594,0.0430376,0.00112171,0,
dt,US100.cash,us_cash,5,0.5,2026-06-25,4,77,-1,29121.5,29443,1448,-0.223232,-0.22203,0.220829,0.00120166,0,
dt,US100.cash,us_cash,5,0.5,2026-06-30,31,77,1,30213.1,30237.9,888.1,0.0260218,0.0279811,-0.0299403,0.00195924,0,
dt,US100.cash,us_cash,5,0.5,2026-07-02,42,77,-1,29138.5,29275.6,1353.8,-0.102556,-0.10127,0.0999852,0.00128527,0,
dt,US100.cash,us_cash,5,0.5,2026-07-15,13,77,-1,29434.9,29500.1,639.1,-0.104819,-0.102097,0.0993741,0.00272258,0,
dt,US100.cash,us_cash,5,0.5,2026-07-16,71,77,-1,28945.3,29016.2,639.1,-0.113738,-0.111015,0.108293,0.00272258,0,
dt,US100.cash,us_cash,5,0.5,2026-07-17,39,77,1,28790.8,28578.6,759.65,-0.281531,-0.27924,0.27695,0.00229053,0,
dt,US100.cash,us_cash,5,0.5,2026-07-27,12,77,-1,27885.8,28033.7,1087.35,-0.137688,-0.136088,0.134488,0.00160022,0,
dt,US100.cash,us_cash,5,0.5,2026-07-29,33,77,-1,27267.7,27188.7,995.3,0.0775746,0.0793228,-0.081071,0.00174822,0,
dt,US100.cash,us_cash,5,0.5,2026-08-11,59,77,-1,29431.1,29524.6,597.15,-0.159617,-0.156703,0.153789,0.00291384,0,
dt,US100.cash,us_cash,5,0.5,2026-08-13,3,77,1,29988.6,30089.4,366.9,0.269992,0.274734,-0.279477,0.00474244,0,
dt,US100.cash,us_cash,5,0.5,2026-08-24,2,77,-1,28925,29021.7,465.65,-0.21135,-0.207613,0.203876,0.00373671,0,
dt,US100.cash,us_cash,5,0.5,2026-09-14,25,77,1,29162.7,29134.8,546.4,-0.0543375,-0.051153,0.0479685,0.00318448,0,
dt,US100.cash,us_cash,5,0.5,2026-09-16,68,77,-1,28813.4,28944.2,535.2,-0.247646,-0.244395,0.241143,0.00325112,0,
dt,US100.cash,us_cash,5,0.5,2026-09-21,34,77,1,30368.9,30480.7,879.35,0.125132,0.127111,-0.12909,0.00197873,0,
dt,US100.cash,us_cash,5,0.5,2026-09-28,14,77,-1,30172.8,30283.5,528.85,-0.212565,-0.209275,0.205985,0.00329016,0,
dt,US100.cash,us_cash,5,0.5,2026-10-08,42,77,-1,30709.2,30735.3,561.35,-0.0496393,-0.0465396,0.0434399,0.00309967,0,
rb,US100.cash,us_cash,5,0,2021-09-20,10,77,-1,15050.5,15027,330.833,0.0709824,0.0709824,-0.0709824,0,,0
rb,US100.cash,us_cash,5,0,2021-09-22,54,56,-1,15129.1,15221.6,92.4833,-1,-1,1,0,,1
rb,US100.cash,us_cash,5,0,2021-09-27,68,77,1,15246.3,15216.2,141.767,-0.211733,-0.211733,0.211733,0,,1
rb,US100.cash,us_cash,5,0,2021-09-28,1,77,-1,14984.5,14783.9,205.917,0.974261,0.974261,-1,0,,0
rb,US100.cash,us_cash,5,0,2021-10-14,4,77,1,14969.5,15048.7,212.417,0.369541,0.372931,-0.37632,0.00338956,,0
rb,US100.cash,us_cash,5,0,2021-10-18,62,77,1,15274.2,15299.9,150.967,0.165246,0.170015,-0.174785,0.00476926,,0
rb,US100.cash,us_cash,5,0,2021-10-22,61,77,1,15392.6,15355.8,104.333,-0.359936,-0.353035,0.346134,0.00690096,,1
rb,US100.cash,us_cash,5,0,2021-10-26,29,77,-1,15601.8,15559.5,113.767,0.365778,0.372107,-0.378435,0.00632874,,1
rb,US100.cash,us_cash,5,0,2021-11-03,75,77,1,16139,16145.8,188.117,0.0318774,0.0357048,-0.0395322,0.00382741,,0
rb,US100.cash,us_cash,5,0,2021-11-09,5,77,-1,16210.5,16226.9,142.617,-0.119575,-0.114526,0.109478,0.0050485,,0
rb,US100.cash,us_cash,5,0,2021-11-12,28,77,1,16198.3,16198.9,141.417,-0.00108427,0.00400707,-0.00909841,0.00509134,,0
rb,US100.cash,us_cash,5,0,2021-11-19,49,77,-1,16558.3,16581.4,78.7333,-0.302964,-0.293819,0.284674,0.00914479,,1
rb,US100.cash,us_cash,5,0,2021-11-22,6,22,1,16752.4,16638.1,172.05,-0.668817,-0.664632,0.660448,0.00418483,,0
rb,US100.cash,us_cash,5,0,2021-11-22,22,77,-1,16638.1,16395.6,142.65,1.69457,1.69961,-1.00505,0.00504732,,1
rb,US100.cash,us_cash,5,0,2021-12-07,25,77,1,16323.5,16334.2,543.417,0.0183039,0.0196289,-0.0209538,0.00132495,,0
rb,US100.cash,us_cash,5,0,2021-12-09,71,77,-1,16164.9,16164.5,193.8,-0.00216718,0.00154799,-0.00526316,0.00371517,,0
rb,US100.cash,us_cash,5,0,2021-12-14,3,9,1,16010.7,15874,136.7,-1.00527,-1,0.994733,0.00526701,,1
rb,US100.cash,us_cash,5,0,2021-12-21,3,29,-1,15710,15813.4,103.333,-1.00697,-1,0.993032,0.00696774,,1
rb,US100.cash,us_cash,5,0,2021-12-21,41,77,1,15876,15989,266.333,0.421327,0.42403,-0.426733,0.00270338,,0
rb,US100.cash,us_cash,5,0,2021-12-27,57,77,1,16566,16576.4,276.133,0.0351762,0.0377837,-0.0403911,0.00260744,,0
rb,US100.cash,us_cash,5,0,2022-01-04,53,77,-1,16163.7,16283.9,276.633,-0.436812,-0.434209,0.431606,0.00260272,,0
rb,US100.cash,us_cash,5,0,2022-01-10,55,77,1,15465.6,15617.4,301.433,0.501261,0.503649,-0.506038,0.00238859,,1
rb,US100.cash,us_cash,5,0,2022-01-13,66,77,-1,15594.7,15512.8,319.65,0.253746,0.255999,-0.258251,0.00225246,,0
rb,US100.cash,us_cash,5,0,2022-01-18,69,77,-1,15238.8,15227.8,302.333,0.0341125,0.0364939,-0.0388754,0.00238148,,0
rb,US100.cash,us_cash,5,0,2022-01-24,27,69,-1,13843.2,14284.2,734.967,-0.60098,-0.6,0.59902,0.000979636,,0
rb,US100.cash,us_cash,5,0,2022-01-24,69,77,1,14284.2,14523.8,563.107,0.424171,0.425449,-0.426728,0.00127862,,1
rb,US100.cash,us_cash,5,0,2022-01-26,62,77,-1,14374.3,14155.2,278.417,0.784304,0.78689,-1.00259,0.00258605,,1
rb,US100.cash,us_cash,5,0,2022-02-03,0,77,-1,14708.5,14517.3,379.6,0.501923,0.50382,-0.505717,0.00189673,,0
rb,US100.cash,us_cash,5,0,2022-02-10,4,49,1,14920.7,14746.5,174.25,-1.00413,-1,0.995868,0.00413199,,1
rb,US100.cash,us_cash,5,0,2022-02-10,58,77,-1,14731.8,14709.4,256.7,0.0846513,0.0874562,-0.090261,0.00280483,,0
rb,US100.cash,us_cash,5,0,2022-02-17,72,77,-1,14182.9,14170.1,365.533,0.0331388,0.0351085,-0.0370782,0.00196972,,0
rb,US100.cash,us_cash,5,0,2022-02-18,58,77,1,14051.3,14011.5,139.7,-0.29005,-0.284896,0.279742,0.0051539,,1
rb,US100.cash,us_cash,5,0,2022-02-22,60,77,1,13873,13885.6,155.267,0.0767282,0.0813654,-0.0860026,0.00463718,,1
rb,US100.cash,us_cash,5,0,2022-02-24,3,77,1,13339.7,13963.9,261.633,2.38271,2.38546,-1.00275,0.00275194,,1
rb,US100.cash,us_cash,5,0,2022-03-07,55,77,-1,13452.2,13320,403.2,0.326091,0.327877,-0.329663,0.00178571,,0
rb,US100.cash,us_cash,5,0,2022-03-16,55,75,-1,13605,13871.9,266.917,-1.0027,-1,0.997303,0.00269747,,1
rb,US100.cash,us_cash,5,0,2022-03-29,7,63,-1,15087.4,15223.6,136.25,-1.00528,-1,0.994716,0.0052844,,1
rb,US100.cash,us_cash,5,0,2022-04-04,77,77,1,15164.1,15169.8,319.217,0.0154963,0.0177518,-0.0200073,0.00225552,,0
rb,US100.cash,us_cash,5,0,2022-04-11,11,77,-1,14081.7,14006.8,303.2,0.244492,0.246867,-0.249241,0.00237467,,0
rb,US100.cash,us_cash,5,0,2022-04-12,13,77,-1,14141.6,13946,138.917,1.40274,1.40792,-1.00518,0.00518296,,1
rb,US100.cash,us_cash,5,0,2022-04-19,72,77,1,14236.4,14217.3,329.133,-0.0601175,-0.0579299,0.0557424,0.00218756,,0
rb,US100.cash,us_cash,5,0,2022-04-26,77,77,-1,13033.7,13013.8,411.117,0.046694,0.0484453,-0.0501966,0.00175133,,0
rb,US100.cash,us_cash,5,0,2022-04-28,64,77,1,13525.4,13468,455.567,-0.127541,-0.12596,0.12438,0.00158045,,0
rb,US100.cash,us_cash,5,0,2022-05-04,68,77,1,13416.5,13538.7,328.617,0.369722,0.371913,-0.374104,0.002191,,0
rb,US100.cash,us_cash,5,0,2022-05-17,13,55,-1,12370.2,12536.5,166.267,-1.00433,-1,0.99567,0.00433039,,1
rb,US100.cash,us_cash,5,0,2022-05-17,72,77,1,12579.4,12567.6,297.917,-0.0419692,-0.0395524,0.0371357,0.00241678,,0
rb,US100.cash,us_cash,5,0,2022-05-18,23,77,-1,12162.2,11942.1,331.4,0.661979,0.664152,-0.666325,0.0021726,,0
rb,US100.cash,us_cash,5,0,2022-05-20,73,77,1,11755.1,11833.5,264.567,0.293738,0.29646,-0.299181,0.00272143,,1
rb,US100.cash,us_cash,5,0,2022-05-24,9,77,-1,11592.2,11780.1,365.233,-0.51662,-0.514648,0.512677,0.00197134,,0
rb,US100.cash,us_cash,5,0,2022-06-09,74,77,-1,12334.1,12272,325.45,0.188908,0.19112,-0.193332,0.00221232,,0
rb,US100.cash,us_cash,5,0,2022-06-13,0,77,-1,11469.9,11301.6,445.9,0.375712,0.377327,-0.378941,0.00161471,,0
rb,US100.cash,us_cash,5,0,2022-06-15,54,54,-1,11433.5,11563,129.45,-1.00556,-1,0.994438,0.00556199,,1
rb,US100.cash,us_cash,5,0,2022-06-15,62,77,1,11651.4,11606.5,328.5,-0.139178,-0.136986,0.134795,0.00219178,,0
rb,US100.cash,us_cash,5,0,2022-06-24,6,77,1,12018.5,12117.7,362.367,0.271677,0.273664,-0.275651,0.00198694,,0
rb,US100.cash,us_cash,5,0,2022-06-30,5,23,-1,11380.5,11564.3,264.333,-0.697869,-0.695145,0.692421,0.00272383,,0
rb,US100.cash,us_cash,5,0,2022-06-30,23,77,1,11564.3,11511.2,236.783,-0.227015,-0.223974,0.220933,0.00304075,,1
rb,US100.cash,us_cash,5,0,2022-07-08,23,77,1,12181.2,12129.5,335.583,-0.155957,-0.153812,0.151666,0.00214552,,0
rb,US100.cash,us_cash,5,0,2022-07-13,1,77,1,11628.8,11736.1,127.027,0.839236,0.845282,-1.00605,0.00604597,,1
rb,US100.cash,us_cash,5,0,2022-07-18,49,77,-1,12037,11882.4,123.33,1.24669,1.2533,-1.00662,0.0066164,,1
rb,US100.cash,us_cash,5,0,2022-07-20,44,77,-1,12347.7,12442.5,145.45,-0.657381,-0.65177,0.64616,0.00561018,,1
rb,US100.cash,us_cash,5,0,2022-07-26,60,77,-1,12069.1,12088.6,266.783,-0.0764316,-0.073193,0.0699544,0.00323858,,0
rb,US100.cash,us_cash,5,0,2022-07-27,31,77,1,12435.1,12598.4,297.117,0.546596,0.549504,-0.552412,0.00290795,,0
rb,US100.cash,us_cash,5,0,2022-08-05,6,23,1,13206.1,13094.7,111.467,-1.00818,-1,0.991818,0.00818182,,1
rb,US100.cash,us_cash,5,0,2022-08-10,0,77,1,13317.6,13372,302.2,0.177631,0.180013,-0.182396,0.00238253,,0
rb,US100.cash,us_cash,5,0,2022-08-11,19,77,-1,13432.3,13299,121.8,1.08752,1.09442,-1.0069,0.00689655,,1
rb,US100.cash,us_cash,5,0,2022-08-17,54,77,1,13521.3,13474.5,136.4,-0.348387,-0.343109,0.33783,0.00527859,,1
rb,US100.cash,us_cash,5,0,2022-08-19,14,77,-1,13261.9,13243.4,225.3,0.0783844,0.0821127,-0.0858411,0.00372836,,0
rb,US100.cash,us_cash,5,0,2022-08-22,8,77,-1,12977.7,12896.5,307.933,0.260684,0.263802,-0.266919,0.00311756,,0
rb,US100.cash,us_cash,5,0,2022-08-25,22,74,-1,12998.6,13105,106.367,-1.0079,-1,0.992103,0.00789721,,1
rb,US100.cash,us_cash,5,0,2022-08-26,19,77,-1,12811,12608.6,268.7,0.74879,0.753256,-0.757722,0.00446595,,0
rb,US100.cash,us_cash,5,0,2022-08-30,46,77,-1,12255.1,12342.6,251.767,-0.350536,-0.347676,0.344817,0.00285979,,0
rb,US100.cash,us_cash,5,0,2022-09-01,60,77,1,12191.9,12275.9,182.4,0.454605,0.460526,-0.466447,0.00592105,,1
rb,US100.cash,us_cash,5,0,2022-09-08,34,77,-1,12144.6,12322.1,231.5,-0.771404,-0.766739,0.762073,0.00466523,,1
rb,US100.cash,us_cash,5,0,2022-09-12,29,77,-1,12659.3,12738.3,94.8667,-0.842516,-0.832396,0.822277,0.0101195,,1
rb,US100.cash,us_cash,5,0,2022-09-13,0,77,-1,12370.6,12038.3,338.967,0.977146,0.980332,-1.00319,0.00318615,,0
rb,US100.cash,us_cash,5,0,2022-09-16,0,77,-1,11792.4,11856.4,313.233,-0.208152,-0.204321,0.20049,0.00383101,,0
rb,US100.cash,us_cash,5,0,2022-09-23,35,77,-1,11251,11312.5,271.6,-0.229971,-0.226436,0.222901,0.00353461,,0
rb,US100.cash,us_cash,5,0,2022-10-07,2,77,-1,11219.1,11044.1,317.767,0.547215,0.550614,-0.554012,0.00339872,,0
rb,US100.cash,us_cash,5,0,2022-10-13,0,20,-1,10468.6,10726.3,339.967,-0.76129,-0.758114,0.754937,0.00317678,,0
rb,US100.cash,us_cash,5,0,2022-10-13,20,77,1,10726.3,11033,294.533,1.03712,1.0412,-1.00407,0.00407424,,1
rb,US100.cash,us_cash,5,0,2022-10-18,0,20,1,11350.8,11116.2,315.867,-0.745483,-0.742824,0.740165,0.00265935,,0
rb,US100.cash,us_cash,5,0,2022-10-18,20,77,-1,11116.2,11152.9,262.133,-0.14471,-0.140132,0.135554,0.00457782,,1
rb,US100.cash,us_cash,5,0,2022-10-26,11,77,1,11530,11407.2,140.733,-0.879631,-0.872809,0.865988,0.00682141,,1
rb,US100.cash,us_cash,5,0,2022-11-01,3,77,-1,11482.1,11290.4,96.0333,1.98459,1.99583,-1.01125,0.0112461,,1
rb,US100.cash,us_cash,5,0,2022-11-04,1,14,-1,10804.2,10927.7,123.467,-1.00875,-1,0.991253,0.0087473,,1
rb,US100.cash,us_cash,5,0,2022-11-08,48,77,-1,11050.6,11056.9,143.433,-0.0525215,-0.0441552,-1.00837,0.00836626,,1
rb,US100.cash,us_cash,5,0,2022-11-10,0,77,1,11324.5,11593.3,459.633,0.582203,0.584814,-0.587425,0.00261078,,0
rb,US100.cash,us_cash,5,0,2022-11-15,0,47,1,12019.9,11824.1,274.3,-0.717754,-0.713817,0.70988,0.00393729,,0
rb,US100.cash,us_cash,5,0,2022-11-15,47,77,-1,11824.1,11870.4,203.9,-0.232369,-0.227072,0.221775,0.00529671,,1
rb,US100.cash,us_cash,5,0,2022-11-17,0,29,-1,11513.1,11647.6,209.733,-0.645709,-0.641132,0.636554,0.00457724,,0
rb,US100.cash,us_cash,5,0,2022-11-17,29,77,1,11647.6,11678.6,140.967,0.213336,0.220147,-0.226957,0.00681012,,1
rb,US100.cash,us_cash,5,0,2022-11-28,54,77,-1,11601.6,11587.7,208.867,0.0629429,0.06639,-0.0698372,0.00344718,,0
rb,US100.cash,us_cash,5,0,2022-11-30,54,77,1,11770.1,12030.2,249.933,1.03649,1.04081,-1.00432,0.00432115,,0
rb,US100.cash,us_cash,5,0,2022-12-02,26,77,1,11937.3,11994.4,118.733,0.472544,0.480629,-0.488714,0.00808535,,1
rb,US100.cash,us_cash,5,0,2022-12-08,21,49,-1,11575.1,11658,82.9333,-1.01013,-1,0.989871,0.0101286,,1
rb,US100.cash,us_cash,5,0,2022-12-13,0,33,1,12155.5,11765.5,510.1,-0.766438,-0.764556,0.762674,0.00188198,,0
rb,US100.cash,us_cash,5,0,2022-12-13,33,77,-1,11765.5,11833.2,409.4,-0.168002,-0.165364,0.162726,0.00263801,,1
rb,US100.cash,us_cash,5,0,2022-12-22,12,77,-1,10902.2,10962.7,297.567,-0.206654,-0.203428,0.200202,0.00322617,,0
rb,US100.cash,us_cash,5,0,2022-12-28,41,68,1,10766.6,10680.3,86.3333,-1.00973,-1,0.99027,0.00972973,,1
rb,US100.cash,us_cash,5,0,2023-01-03,3,77,-1,10995.7,10863,101.233,1.29984,1.3105,-1.01067,0.0106684,,1
rb,US100.cash,us_cash,5,0,2023-01-06,18,77,1,10928.3,11036.7,157.367,0.682525,0.688625,-1.0061,0.0061004,,0
rb,US100.cash,us_cash,5,0,2023-01-18,9,77,-1,11623.7,11412.6,67.2333,3.12504,3.13932,-1.01428,0.0142786,,1
rb,US100.cash,us_cash,5,0,2023-01-20,51,77,1,11519.6,11615,208.133,0.454484,0.45852,-0.462556,0.00403587,,0
rb,US100.cash,us_cash,5,0,2023-01-25,0,56,-1,11652,11785.5,185.533,-0.723248,-0.719368,0.715487,0.0038807,,0
rb,US100.cash,us_cash,5,0,2023-01-25,56,77,1,11785.5,11817.4,238.267,0.131002,0.134024,-0.137045,0.00302182,,1
rb,US100.cash,us_cash,5,0,2023-02-01,67,77,1,12348.8,12367.4,310.233,0.0561943,0.0600623,-0.0639304,0.00386806,,0
rb,US100.cash,us_cash,5,0,2023-02-07,40,45,1,12697.4,12547.1,220.267,-0.687803,-0.682355,0.676907,0.00544794,,0
rb,US100.cash,us_cash,5,0,2023-02-07,45,75,-1,12547.1,12734.5,187.367,-1.0064,-1,0.993595,0.00640455,,1
rb,US100.cash,us_cash,5,0,2023-02-17,13,22,1,12368.1,12258.6,109.5,-1.00986,-1,0.990137,0.00986301,,1
rb,US100.cash,us_cash,5,0,2023-02-21,36,77,-1,12111.4,12064.5,213.067,0.216583,0.219962,-0.223342,0.00337922,,0
rb,US100.cash,us_cash,5,0,2023-02-27,7,77,1,12144.7,12056.7,184.567,-0.482825,-0.476973,0.471122,0.00585154,,0
rb,US100.cash,us_cash,5,0,2023-03-01,13,19,1,11990.2,11928.9,61.3,-1.01566,-1,0.984339,0.0156607,,1
rb,US100.cash,us_cash,5,0,2023-03-06,43,77,-1,12365.1,12305.3,101.8,0.580354,0.587426,-0.594499,0.00707269,,1
rb,US100.cash,us_cash,5,0,2023-03-07,12,51,1,12245.6,12165.9,79.6667,-1.01356,-1,0.986444,0.0135565,,1
rb,US100.cash,us_cash,5,0,2023-03-09,9,77,-1,12274.1,11995.4,64.7333,4.29001,4.30484,-1.01483,0.0148301,,1
rb,US100.cash,us_cash,5,0,2023-03-21,9,65,-1,12628.2,12705.7,77.4667,-1.01394,-1,0.986059,0.0139415,,1
rb,US100.cash,us_cash,5,0,2023-03-22,56,63,-1,12810.8,12912.6,101.767,-1.01061,-1,0.989387,0.0106125,,1
rb,US100.cash,us_cash,5,0,2023-03-28,76,77,1,12601,12612.9,84.8,0.129009,0.14033,-0.151651,0.0113208,,1
rb,US100.cash,us_cash,5,0,2023-03-29,47,77,1,12813.7,12845.7,218.633,0.142674,0.146516,-0.150358,0.00384205,,0
rb,US100.cash,us_cash,5,0,2023-03-30,50,77,-1,12898.1,12963.8,92,-0.723261,-0.71413,0.705,0.00913043,,1
rb,US100.cash,us_cash,5,0,2023-03-31,35,77,1,13105.6,13175.1,157.567,0.436302,0.440872,-0.445441,0.00456949,,0
rb,US100.cash,us_cash,5,0,2023-04-12,26,68,1,12925.5,12870,55.4667,-1.01514,-1,-1.01514,0.0151442,,1
rb,US100.cash,us_cash,5,0,2023-04-18,6,77,-1,13137.9,13092.5,59.6333,0.744662,0.76076,-1.0161,0.0160984,,1
rb,US100.cash,us_cash,5,0,2023-04-27,22,77,1,13039.6,13155.7,202.267,0.57027,0.57383,-0.57739,0.00355966,,0
rb,US100.cash,us_cash,5,0,2023-05-02,16,77,-1,13077.9,13113.9,155.333,-0.237725,-0.231545,0.225365,0.00618026,,0
rb,US100.cash,us_cash,5,0,2023-05-05,12,77,1,13182,13259.1,187.167,0.407266,0.411754,-0.416242,0.00448798,,0
rb,US100.cash,us_cash,5,0,2023-05-10,0,17,1,13306.1,13242,89.7667,-0.722094,-0.714074,0.706053,0.00802079,,0
rb,US100.cash,us_cash,5,0,2023-05-10,17,70,-1,13242,13370.3,128.267,-1.00748,-1,0.992516,0.00748441,,1
rb,US100.cash,us_cash,5,0,2023-05-23,57,77,-1,13701.2,13674.9,145.467,0.173969,0.180568,-0.187168,0.00659945,,0
rb,US100.cash,us_cash,5,0,2023-05-24,70,77,1,13615.8,13606.2,96.5333,-0.109738,-0.0997928,0.0898481,0.00994475,,1
rb,US100.cash,us_cash,5,0,2023-05-25,0,77,1,13922.4,13943.2,327.953,0.059978,0.0632712,-0.0665643,0.00329315,,0
rb,US100.cash,us_cash,5,0,2023-05-26,14,77,1,14192.1,14294.3,273.423,0.370134,0.373645,-0.377156,0.00351104,,0
rb,US100.cash,us_cash,5,0,2023-06-07,35,77,-1,14367.2,14306.8,174.7,0.339554,0.345736,-0.351918,0.00618203,,0
rb,US100.cash,us_cash,5,0,2023-06-09,16,77,-1,14556.1,14545.3,114.7,0.0847428,0.0941587,-0.103575,0.00941587,,1
rb,US100.cash,us_cash,5,0,2023-06-21,60,77,1,14968.3,14867.4,145.033,-0.701724,-0.695932,0.69014,0.00579177,,1
rb,US100.cash,us_cash,5,0,2023-06-30,0,77,1,15103.3,15172.3,171.1,0.397662,0.403273,-0.408884,0.00561075,,0
rb,US100.cash,us_cash,5,0,2023-07-06,1,77,-1,14999.1,15091.5,209.567,-0.446222,-0.441069,0.435915,0.00515349,,0
rb,US100.cash,us_cash,5,0,2023-07-07,67,77,-1,15142.6,15037.3,70.2667,1.4871,1.49905,-1.01195,0.0119545,,1
rb,US100.cash,us_cash,5,0,2023-07-12,8,77,1,15346.5,15311.3,271.5,-0.133628,-0.12965,0.125672,0.0039779,,0
rb,US100.cash,us_cash,5,0,2023-07-13,56,77,1,15543.3,15568.6,250.1,0.0982807,0.10116,-0.104038,0.00287885,,0
rb,US100.cash,us_cash,5,0,2023-07-14,15,77,-1,15643.1,15566.4,78.4667,0.964146,0.97791,-1.01376,0.0137638,,1
rb,US100.cash,us_cash,5,0,2023-07-20,12,77,-1,15609.9,15468.4,237.067,0.592688,0.596738,-0.600787,0.00404949,,0
rb,US100.cash,us_cash,5,0,2023-07-27,0,55,1,15752.6,15584,257.1,-0.659043,-0.655776,0.652509,0.00326721,,0
rb,US100.cash,us_cash,5,0,2023-07-27,55,77,-1,15584,15464.5,211,0.560664,0.566351,-0.572038,0.0056872,,1
rb,US100.cash,us_cash,5,0,2023-08-01,12,77,1,15706.7,15718.9,75.6667,0.148987,0.161674,-0.174361,0.0126872,,1
rb,US100.cash,us_cash,5,0,2023-08-02,0,77,-1,15529.1,15374.1,171.367,0.898697,0.904299,-1.0056,0.00560202,,0
rb,US100.cash,us_cash,5,0,2023-08-08,18,77,-1,15148.2,15274.5,208.5,-0.610935,-0.605755,0.600576,0.00517986,,0
rb,US100.cash,us_cash,5,0,2023-08-09,48,77,1,15180.4,15107.5,106.833,-0.690546,-0.682683,0.674821,0.00786271,,1
rb,US100.cash,us_cash,5,0,2023-08-21,11,46,-1,14776.6,14874.7,98.1333,-1.01101,-1,0.988995,0.0110054,,1
rb,US100.cash,us_cash,5,0,2023-08-23,45,77,1,15163.2,15149.8,220.367,-0.0642263,-0.060959,0.0576917,0.00326728,,0
rb,US100.cash,us_cash,5,0,2023-08-29,11,77,1,15255.4,15375.4,227.567,0.522426,0.527172,-0.531917,0.00474586,,0
rb,US100.cash,us_cash,5,0,2023-09-06,42,77,-1,15288,15374.6,206.533,-0.423209,-0.419141,0.415074,0.00406714,,0
rb,US100.cash,us_cash,5,0,2023-09-07,65,77,1,15279.4,15261.5,145.2,-0.129063,-0.123278,0.117493,0.00578512,,1
rb,US100.cash,us_cash,5,0,2023-09-11,3,49,-1,15357.3,15437.8,80.5,-1.01342,-1,0.986584,0.0134161,,1
rb,US100.cash,us_cash,5,0,2023-09-15,48,77,-1,15182.2,15202.6,257,-0.0826459,-0.0793774,0.0761089,0.00326848,,0
rb,US100.cash,us_cash,5,0,2023-09-19,51,77,1,15164.8,15191.3,99.3667,0.258571,0.267024,-0.275478,0.00845354,,1
rb,US100.cash,us_cash,5,0,2023-09-26,70,77,-1,14514.7,14547.5,206.1,-0.163804,-0.159146,0.154488,0.00465793,,0
rb,US100.cash,us_cash,5,0,2023-10-03,57,77,-1,14530.3,14574.6,280.567,-0.161007,-0.158014,0.15502,0.00299394,,0
rb,US100.cash,us_cash,5,0,2023-10-06,63,77,1,15007.8,14976.2,313.033,-0.103525,-0.100841,0.0981578,0.00268342,,0
rb,US100.cash,us_cash,5,0,2023-10-10,43,77,-1,15142.2,15129.9,99.8667,0.111482,0.123498,-0.135514,0.012016,,1
rb,US100.cash,us_cash,5,0,2023-10-12,23,34,-1,15287.4,15335.7,48.2667,-1.01989,-1,0.98011,0.0198895,,1
rb,US100.cash,us_cash,5,0,2023-10-17,10,77,1,15072,15119.8,140.633,0.331974,0.339654,-0.347333,0.00767954,,1
rb,US100.cash,us_cash,5,0,2023-10-20,42,76,1,14676.3,14558.1,118.167,-1.00812,-1,0.991876,0.00812412,,1
rb,US100.cash,us_cash,5,0,2023-10-25,31,77,-1,14472.6,14387.8,238.533,0.351118,0.355646,-0.360173,0.00452767,,0
rb,US100.cash,us_cash,5,0,2023-11-01,71,77,1,14666.7,14659.5,314.1,-0.026361,-0.0229226,0.0194842,0.0034384,,0
rb,US100.cash,us_cash,5,0,2023-11-03,35,77,1,15107,15096.7,226.933,-0.0484136,-0.0452409,0.0420682,0.00317274,,0
rb,US100.cash,us_cash,5,0,2023-11-07,25,77,1,15324.9,15299.1,191.8,-0.138895,-0.134515,0.130136,0.00437956,,0
rb,US100.cash,us_cash,5,0,2023-11-14,0,77,1,15746,15810.7,276.233,0.231181,0.234222,-0.237263,0.00304091,,0
rb,US100.cash,us_cash,5,0,2023-11-20,10,18,-1,15888,15944.6,56.6,-1.01272,-1,0.987279,0.0127208,,1
rb,US100.cash,us_cash,5,0,2023-11-20,43,77,1,16000.5,16030.9,173.3,0.171264,0.175418,-0.179573,0.00415465,,0
rb,US100.cash,us_cash,5,0,2023-11-22,0,6,1,16079.3,15979.1,157.8,-0.639544,-0.634981,0.630418,0.00456274,,0
rb,US100.cash,us_cash,5,0,2023-11-22,6,77,-1,15979.1,16000,144.4,-0.151385,-0.144737,0.138089,0.0066482,,1
rb,US100.cash,us_cash,5,0,2023-11-29,1,10,1,16166.5,16053.6,180.033,-0.632438,-0.627106,0.621774,0.00533235,,0
rb,US100.cash,us_cash,5,0,2023-11-29,10,77,-1,16053.6,15988.5,113.633,0.56521,0.572602,-0.579994,0.0073922,,1
rb,US100.cash,us_cash,5,0,2023-11-30,76,77,1,15920.5,15943.3,97.2333,0.225506,0.234145,-0.242784,0.00863901,,1
rb,US100.cash,us_cash,5,0,2023-12-20,64,77,-1,16676.3,16552.8,110.7,1.10587,1.11563,-1.00976,0.0097561,,0
rb,US100.cash,us_cash,5,0,2023-12-29,20,77,-1,16796,16833.5,124.9,-0.307926,-0.30024,0.292554,0.00768615,,0
rb,US100.cash,us_cash,5,0,2024-01-02,3,77,-1,16581.7,16546,254.333,0.136252,0.140498,-0.144744,0.0042464,,0
rb,US100.cash,us_cash,5,0,2024-01-08,51,77,1,16572,16643.9,248.667,0.28563,0.289008,-0.292386,0.00337802,,0
rb,US100.cash,us_cash,5,0,2024-01-17,76,77,1,16734.3,16737.2,175.8,0.0117179,0.016496,-0.0212742,0.00477816,,1
rb,US100.cash,us_cash,5,0,2024-01-19,46,77,1,17227.8,17311.4,298.2,0.277934,0.280349,-0.282763,0.00241449,,0
rb,US100.cash,us_cash,5,0,2024-01-24,9,77,1,17580.3,17503.2,212.7,-0.366996,-0.362482,0.357969,0.0045134,,0
rb,US100.cash,us_cash,5,0,2024-01-31,0,77,-1,17288.5,17134.3,208.6,0.735762,0.739214,-0.742665,0.00345158,,0
rb,US100.cash,us_cash,5,0,2024-02-02,25,77,1,17594.5,17637.2,305.167,0.137062,0.139814,-0.142567,0.00275259,,0
rb,US100.cash,us_cash,5,0,2024-02-09,15,77,1,17914.3,17957.3,139.633,0.302172,0.308188,-0.314204,0.00601576,,0
rb,US100.cash,us_cash,5,0,2024-02-13,0,77,-1,17551.6,17609.1,377.167,-0.154998,-0.152452,0.149907,0.00254529,,0
rb,US100.cash,us_cash,5,0,2024-02-16,14,77,1,17751.8,17683.7,98.5,-0.701117,-0.691371,0.681624,0.00974619,,1
rb,US100.cash,us_cash,5,0,2024-02-22,0,77,1,17845.1,17992.4,419.633,0.348733,0.351021,-0.353308,0.00228771,,0
rb,US100.cash,us_cash,5,0,2024-02-29,0,24,1,18026.3,17927.9,145.267,-0.683157,-0.677375,0.671592,0.00578247,,0
rb,US100.cash,us_cash,5,0,2024-02-29,24,75,-1,17927.9,18035.5,107.567,-1.00892,-1,0.991075,0.0089247,,1
rb,US100.cash,us_cash,5,0,2024-03-01,54,77,1,18319,18296.7,332.267,-0.069382,-0.0672151,0.0650482,0.00216693,,0
rb,US100.cash,us_cash,5,0,2024-03-05,0,77,-1,18101.8,17902.1,151.267,1.31543,1.32019,-1.00476,0.00475981,,0
rb,US100.cash,us_cash,5,0,2024-03-08,62,77,1,18146.2,18021.3,151.433,-0.830552,-0.825006,0.819459,0.005547,,1
rb,US100.cash,us_cash,5,0,2024-03-12,1,10,-1,18001.1,18075.6,74.5,-1.0145,-1,-1.0145,0.0144966,,1
rb,US100.cash,us_cash,5,0,2024-03-12,13,77,1,18144,18212.6,199.667,0.339199,0.343406,-0.347613,0.00420701,,0
rb,US100.cash,us_cash,5,0,2024-03-14,76,77,1,18008.9,18026.1,99,0.162828,0.173737,-0.184646,0.0109091,,1
rb,US100.cash,us_cash,5,0,2024-03-15,15,33,1,17909.5,17782.2,127.267,-1.00754,-1,0.992457,0.00754322,,1
rb,US100.cash,us_cash,5,0,2024-03-18,0,77,1,18070.5,17979.7,236.9,-0.387336,-0.383284,0.379232,0.00405234,,0
rb,US100.cash,us_cash,5,0,2024-03-19,25,77,1,17924.1,18027.2,114.933,0.889443,0.896752,-1.00731,0.00730858,,1
rb,US100.cash,us_cash,5,0,2024-03-21,61,77,-1,18327.4,18315.4,139.933,0.0795141,0.0855169,-0.0915198,0.00600286,,1
rb,US100.cash,us_cash,5,0,2024-03-25,7,77,1,18269.8,18279.2,90.3667,0.0937661,0.10439,-0.115013,0.0106234,,1
rb,US100.cash,us_cash,5,0,2024-04-01,2,13,1,18387.8,18296.3,128.867,-0.717486,-0.710036,0.702587,0.00744956,,0
rb,US100.cash,us_cash,5,0,2024-04-01,13,77,-1,18296.3,18281.2,93.5667,0.151478,0.161739,-1.01026,0.0102601,,1
rb,US100.cash,us_cash,5,0,2024-04-02,8,77,-1,18005.1,18123.4,286.1,-0.417267,-0.413492,0.409717,0.0037749,,0
rb,US100.cash,us_cash,5,0,2024-04-03,31,77,-1,18176.5,18163.4,69.2333,0.178334,0.188734,-1.0104,0.0103996,,1
rb,US100.cash,us_cash,5,0,2024-04-04,55,77,-1,18261.6,17884.6,105.733,3.55731,3.56526,-1.00794,0.00794451,,1
rb,US100.cash,us_cash,5,0,2024-04-11,43,77,1,18195.1,18307,200.4,0.552295,0.558882,-0.565469,0.00658683,,0
rb,US100.cash,us_cash,5,0,2024-04-15,64,77,-1,17701.3,17708.5,340.533,-0.0242169,-0.0210454,0.0178739,0.0031715,,0
rb,US100.cash,us_cash,5,0,2024-04-17,38,77,-1,17473.2,17494.3,257,-0.0863035,-0.0821012,0.0778988,0.00420233,,0
rb,US100.cash,us_cash,5,0,2024-04-19,32,77,-1,17090,17038,364.233,0.139563,0.142857,-0.146152,0.00329459,,0
rb,US100.cash,us_cash,5,0,2024-04-25,0,49,-1,17188.4,17415.3,347.467,-0.656811,-0.653012,0.649213,0.00379893,,0
rb,US100.cash,us_cash,5,0,2024-04-25,49,77,1,17415.3,17441.2,237.567,0.104616,0.109162,-0.113708,0.00454609,,1
rb,US100.cash,us_cash,5,0,2024-04-30,76,77,-1,17535.4,17444.7,220.5,0.40644,0.411338,-0.416236,0.00489796,,0
rb,US100.cash,us_cash,5,0,2024-05-08,3,77,1,18045.9,18082.8,70.7667,0.505228,0.52049,-1.01526,0.0152614,,1
rb,US100.cash,us_cash,5,0,2024-05-10,8,77,-1,18169.8,18156.8,81.4,0.144963,0.159705,-0.174447,0.014742,,1
rb,US100.cash,us_cash,5,0,2024-05-15,43,77,1,18543.4,18596,269.267,0.192473,0.195593,-0.198713,0.00311958,,0
rb,US100.cash,us_cash,5,0,2024-05-17,64,77,1,18516.3,18552.2,59.0333,0.591304,0.607566,-0.623828,0.016262,,1
rb,US100.cash,us_cash,5,0,2024-05-23,5,77,-1,18775.9,18625,133.733,1.12004,1.12812,-1.00808,0.00807577,,1
rb,US100.cash,us_cash,5,0,2024-05-29,10,77,1,18792.5,18746.5,96.2,-0.48815,-0.47817,0.468191,0.00997921,,1
rb,US100.cash,us_cash,5,0,2024-05-30,18,77,-1,18572,18538.3,180.433,0.180418,0.186403,-0.192389,0.00598559,,0
rb,US100.cash,us_cash,5,0,2024-05-31,32,75,-1,18221.4,18445.6,355.633,-0.633799,-0.630425,0.62705,0.00337426,,0
rb,US100.cash,us_cash,5,0,2024-05-31,75,77,1,18445.6,18545.3,258.333,0.382013,0.386194,-0.390374,0.00418065,,1
rb,US100.cash,us_cash,5,0,2024-06-05,20,77,1,18906.2,19030.2,282.633,0.435452,0.438849,-0.442246,0.00339663,,0
rb,US100.cash,us_cash,5,0,2024-06-12,69,77,1,19548.1,19462.1,419.767,-0.208376,-0.20486,0.201344,0.00351624,,0
rb,US100.cash,us_cash,5,0,2024-06-17,45,77,1,19848.2,19905.7,224.933,0.251867,0.255602,-0.259336,0.00373444,,0
rb,US100.cash,us_cash,5,0,2024-06-20,36,77,-1,19754.8,19758.5,144.4,-0.034072,-0.0249307,0.0157895,0.00914127,,0
rb,US100.cash,us_cash,5,0,2024-06-24,17,43,1,19635.3,19550,85.2333,-1.01408,-1,0.985921,0.014079,,1
rb,US100.cash,us_cash,5,0,2024-06-24,77,77,-1,19479.6,19480.3,239.533,-0.00821041,-0.00320067,-0.00180907,0.00500974,,0
rb,US100.cash,us_cash,5,0,2024-06-27,4,8,-1,19788.6,19843.8,55.2333,-1.02173,-1,0.978274,0.021726,,1
rb,US100.cash,us_cash,5,0,2024-06-28,18,77,-1,19864.9,19688.2,161.133,1.08957,1.09702,-1.00745,0.00744725,,1
rb,US100.cash,us_cash,5,0,2024-07-05,34,77,1,20384,20388.2,461.633,0.00735071,0.00917034,-0.01099,0.00181963,,0
rb,US100.cash,us_cash,5,0,2024-07-09,11,77,-1,20477.6,20453.5,68.4,0.333333,0.350877,-1.01754,0.0175439,,1
rb,US100.cash,us_cash,5,0,2024-07-11,22,77,-1,20325.4,20214.8,286.333,0.381839,0.38603,-0.390221,0.00419092,,0
rb,US100.cash,us_cash,5,0,2024-07-17,0,77,-1,20058,19798.2,323,0.799938,0.804025,-0.808111,0.00408669,,0
rb,US100.cash,us_cash,5,0,2024-07-18,37,68,1,19701.2,19583.7,117.567,-1.01021,-1,0.989793,0.010207,,1
rb,US100.cash,us_cash,5,0,2024-07-24,0,77,-1,19469.5,19041.8,328.467,1.29846,1.30211,-1.00365,0.00365334,,0
rb,US100.cash,us_cash,5,0,2024-07-30,41,77,-1,18679.1,18797.5,405.5,-0.294649,-0.291985,0.289322,0.00266338,,0
rb,US100.cash,us_cash,5,0,2024-08-01,38,77,-1,18949.8,18894.2,367.667,0.147869,0.151133,-0.154397,0.00326383,,0
rb,US100.cash,us_cash,5,0,2024-08-05,0,77,-1,17448.8,17908.8,996.667,-0.462963,-0.461639,0.460314,0.00132441,,0
rb,US100.cash,us_cash,5,0,2024-08-13,33,77,1,18906.8,19001,361.467,0.258134,0.260789,-0.263445,0.00265585,,0
rb,US100.cash,us_cash,5,0,2024-08-15,15,77,1,19415,19487.2,429.667,0.165725,0.16796,-0.170194,0.00223429,,0
rb,US100.cash,us_cash,5,0,2024-08-22,34,48,1,19705.2,19578,127.133,-1.00944,-1,0.990561,0.00943891,,1
rb,US100.cash,us_cash,5,0,2024-08-22,70,77,-1,19494.3,19498.3,306.433,-0.017187,-0.013271,0.00935494,0.00391602,,0
rb,US100.cash,us_cash,5,0,2024-09-03,15,77,-1,19133,18965,355.433,0.469099,0.472475,-0.475851,0.00337616,,0
rb,US100.cash,us_cash,5,0,2024-09-06,17,77,-1,18480.9,18429.5,467,0.107281,0.10985,-0.11242,0.00256959,,0
rb,US100.cash,us_cash,5,0,2024-09-11,76,77,1,19212.7,19227.2,467.933,0.0285368,0.0308448,-0.0331529,0.00230802,,0
rb,US100.cash,us_cash,5,0,2024-09-16,49,77,1,19402.9,19423,117.233,0.16298,0.171169,-0.179357,0.0081888,,1
rb,US100.cash,us_cash,5,0,2024-09-17,4,15,-1,19484,19582.7,98.6667,-1.01216,-1,0.987838,0.0121622,,1
rb,US100.cash,us_cash,5,0,2024-09-19,12,77,1,19893.6,19835.3,456.233,-0.13008,-0.127712,0.125345,0.00236721,,0
rb,US100.cash,us_cash,5,0,2024-09-24,15,60,1,19793.4,19902.7,60.3333,1.79171,1.8116,-1.01989,0.0198895,,1
rb,US100.cash,us_cash,5,0,2024-09-24,60,77,-1,19902.7,19944.5,89.7667,-0.475975,-0.46528,0.454586,0.0106944,,1
rb,US100.cash,us_cash,5,0,2024-09-26,0,16,1,20279,20042.3,300.4,-0.791877,-0.788282,0.784687,0.00359521,,0
rb,US100.cash,us_cash,5,0,2024-09-26,16,77,-1,20042.3,20116.2,252.2,-0.29778,-0.293021,0.288263,0.00475813,,1
rb,US100.cash,us_cash,5,0,2024-10-01,11,77,-1,19685.2,19773.8,306.033,-0.293323,-0.289402,0.285481,0.00392114,,0
rb,US100.cash,us_cash,5,0,2024-10-04,5,77,-1,19906.7,20045.5,138.733,-1.00778,-1,0.992215,0.00778472,,1
rb,US100.cash,us_cash,5,0,2024-10-15,13,77,-1,20210.5,20169,221.033,0.182024,0.187453,-0.192882,0.00542905,,0
rb,US100.cash,us_cash,5,0,2024-10-17,1,77,-1,20240.2,20188.2,160.8,0.31592,0.323383,-0.330846,0.00746269,,1
rb,US100.cash,us_cash,5,0,2024-10-21,27,77,1,20269.3,20359,85.7,1.03664,1.04784,-1.0112,0.0112019,,1
rb,US100.cash,us_cash,5,0,2024-10-23,45,77,-1,20014.9,20067.2,331.533,-0.160909,-0.157651,0.154394,0.00325759,,0
rb,US100.cash,us_cash,5,0,2024-10-25,2,77,1,20437.4,20353,236.233,-0.36272,-0.357133,0.351545,0.0055877,,0
rb,US100.cash,us_cash,5,0,2024-10-29,69,77,1,20585.7,20552.7,189.867,-0.17967,-0.173982,0.168294,0.0056882,,0
rb,US100.cash,us_cash,5,0,2024-10-31,0,77,-1,20148,19884.5,298.5,0.87799,0.882412,-0.886834,0.00442211,,0
rb,US100.cash,us_cash,5,0,2024-11-06,0,77,1,20569.6,20775.7,398.633,0.511628,0.517016,-0.522405,0.00538841,,0
rb,US100.cash,us_cash,5,0,2024-11-11,51,77,1,21062.3,21110.3,72.1333,0.649723,0.666359,-0.682994,0.0166359,,1
rb,US100.cash,us_cash,5,0,2024-11-15,1,77,-1,20619.9,20393.5,325.433,0.691058,0.695483,-0.699908,0.00442487,,0
rb,US100.cash,us_cash,5,0,2024-11-25,2,6,1,20988.1,20830.7,251.767,-0.630902,-0.625182,0.619462,0.00571958,,0
rb,US100.cash,us_cash,5,0,2024-11-25,6,77,-1,20830.7,20800.8,171.467,0.166174,0.174572,-0.18297,0.00839813,,1
rb,US100.cash,us_cash,5,0,2024-11-27,9,77,-1,20725.4,20748.7,173.133,-0.141317,-0.134386,0.127455,0.00693107,,0
rb,US100.cash,us_cash,5,0,2024-12-02,9,77,1,21135,21157.5,393.067,0.0546642,0.0574118,-0.0601594,0.00274763,,0
rb,US100.cash,us_cash,5,0,2024-12-04,13,77,1,21435.5,21486.5,256,0.195469,0.199219,-0.202969,0.00375,,0
rb,US100.cash,us_cash,5,0,2024-12-06,9,77,1,21599.2,21616.3,147.2,0.109647,0.116168,-0.12269,0.00652174,,0
rb,US100.cash,us_cash,5,0,2024-12-11,49,77,1,21772.9,21755.8,355.767,-0.0508573,-0.0481589,0.0454605,0.0026984,,0
rb,US100.cash,us_cash,5,0,2024-12-13,1,17,1,21806.9,21687.3,166.033,-0.728287,-0.720337,0.712387,0.00795021,,0
rb,US100.cash,us_cash,5,0,2024-12-13,17,77,-1,21687.3,21774.8,198.033,-0.44878,-0.441508,0.434237,0.0072715,,1
rb,US100.cash,us_cash,5,0,2024-12-18,55,77,-1,21793.2,21181.3,203.133,3.00489,3.01198,-1.00709,0.00708894,,0
rb,US100.cash,us_cash,5,0,2024-12-20,72,77,-1,21301.8,21285.2,228.4,0.0663748,0.0726795,-0.0789842,0.00630473,,1
rb,US100.cash,us_cash,5,0,2024-12-27,6,77,-1,21436,21474,301.433,-0.132257,-0.126286,0.120314,0.00597147,,0
rb,US100.cash,us_cash,5,0,2024-12-30,34,77,1,21287,21189.5,256,-0.386484,-0.380859,0.375234,0.005625,,1
rb,US100.cash,us_cash,5,0,2025-01-07,67,77,-1,21194.8,21173,377.933,0.0540131,0.0575057,-0.0609984,0.00349268,,0
rb,US100.cash,us_cash,5,0,2025-01-10,7,77,-1,20756.9,20847.3,376.933,-0.243827,-0.240007,0.236187,0.0038203,,0
rb,US100.cash,us_cash,5,0,2025-01-13,14,77,1,20694.1,20782.5,154.8,0.562403,0.571705,-0.581008,0.00930233,,1
rb,US100.cash,us_cash,5,0,2025-01-17,44,77,1,21504,21448.2,333.6,-0.170144,-0.167266,0.164388,0.0028777,,0
rb,US100.cash,us_cash,5,0,2025-01-22,25,77,1,21911.7,21849.5,391.1,-0.161749,-0.159294,0.15684,0.00245462,,0
rb,US100.cash,us_cash,5,0,2025-01-27,0,77,-1,20992,21126.8,814.467,-0.167398,-0.16563,0.163862,0.00176803,,0
rb,US100.cash,us_cash,5,0,2025-01-30,6,77,-1,21509.7,21501,117.033,0.0626032,0.0749074,-1.0123,0.0123042,,1
rb,US100.cash,us_cash,5,0,2025-01-31,48,77,-1,21652.2,21463.5,194.333,0.963431,0.97084,-1.00741,0.00740995,,1
rb,US100.cash,us_cash,5,0,2025-02-03,14,77,1,21307,21292.2,307.767,-0.0526589,-0.0479801,0.0433012,0.00467887,,1
rb,US100.cash,us_cash,5,0,2025-02-07,21,28,1,21658.3,21520.5,137.767,-1.00958,-1,0.990419,0.00958142,,1
rb,US100.cash,us_cash,5,0,2025-02-07,31,77,-1,21489,21493.2,229.067,-0.0238068,-0.0180442,0.0122817,0.00576251,,0
rb,US100.cash,us_cash,5,0,2025-02-12,10,77,1,21609.9,21709,165.367,0.591494,0.599476,-0.607458,0.00798226,,1
rb,US100.cash,us_cash,5,0,2025-02-13,45,64,-1,21822.2,21968,145.833,-1.00741,-1,0.992594,0.00740571,,1
rb,US100.cash,us_cash,5,0,2025-02-20,6,76,-1,21885.5,22067.3,259.667,-0.705212,-0.700128,0.695045,0.00508344,,0
rb,US100.cash,us_cash,5,0,2025-02-20,76,77,1,22067.3,22068.2,193.867,-0.00127235,0.00429849,-0.00986933,0.00557084,,1
rb,US100.cash,us_cash,5,0,2025-02-21,59,77,-1,21640.7,21613,388.267,0.0678571,0.0712569,-0.0746566,0.00339973,,0
rb,US100.cash,us_cash,5,0,2025-02-27,71,77,-1,20630.4,20553.2,530.367,0.142917,0.145497,-0.148076,0.00257935,,0
rb,US100.cash,us_cash,5,0,2025-03-10,65,77,-1,19342.9,19428.5,710.067,-0.122557,-0.120529,0.118501,0.00202798,,0
rb,US100.cash,us_cash,5,0,2025-03-26,10,77,-1,20070.3,19916.2,177.767,0.858579,0.866679,-1.0081,0.00810051,,0
rb,US100.cash,us_cash,5,0,2025-03-28,12,77,-1,19435.4,19272.8,414.6,0.388953,0.392426,-0.3959,0.00347323,,0
rb,US100.cash,us_cash,5,0,2025-03-31,35,77,1,19086.8,19267.2,291.233,0.614376,0.61932,-0.624265,0.00494449,,1
rb,US100.cash,us_cash,5,0,2025-04-02,51,77,-1,19566.4,19572.5,147.867,-0.0507665,-0.041028,0.0312894,0.0097385,,1
rb,US100.cash,us_cash,5,0,2025-04-03,14,77,-1,18667.9,18522.7,808.733,0.177801,0.179581,-0.181362,0.00178056,,0
rb,US100.cash,us_cash,5,0,2025-04-04,0,77,-1,17987.6,17389.5,652.6,0.914281,0.916488,-0.918694,0.00220656,,0
rb,US100.cash,us_cash,5,0,2025-04-07,5,77,1,17152.5,17416.2,616.867,0.425105,0.42744,-1.00233,0.00233438,,1
rb,US100.cash,us_cash,5,0,2025-04-14,2,77,-1,18893.8,18801.2,222.033,0.410419,0.416904,-1.00649,0.00648551,,1
rb,US100.cash,us_cash,5,0,2025-04-16,0,77,-1,18447,18257,412.2,0.457448,0.460941,-1.00349,0.00349345,,0
rb,US100.cash,us_cash,5,0,2025-04-21,6,77,-1,17864.2,17807,402.867,0.138574,0.142148,-0.145722,0.00357438,,0
rb,US100.cash,us_cash,5,0,2025-04-23,0,77,1,18857.7,18671.8,640.433,-0.292625,-0.290376,0.288128,0.00224848,,0
rb,US100.cash,us_cash,5,0,2025-04-30,2,31,-1,19086.2,19367.5,389.2,-0.726465,-0.722765,0.719065,0.0036999,,0
rb,US100.cash,us_cash,5,0,2025-04-30,31,77,1,19367.5,19539.2,365.16,0.465988,0.469931,-0.473874,0.00394348,,1
rb,US100.cash,us_cash,5,0,2025-05-01,77,77,-1,19766.9,19777.3,258.513,-0.0458519,-0.0402816,0.0347113,0.00557031,,1
rb,US100.cash,us_cash,5,0,2025-05-06,4,32,-1,19672.4,19879.9,318.1,-0.656837,-0.652311,0.647784,0.00452688,,0
rb,US100.cash,us_cash,5,0,2025-05-06,32,77,1,19879.9,19787,227.9,-0.414392,-0.408074,0.401755,0.00631856,,1
rb,US100.cash,us_cash,5,0,2025-05-12,0,77,1,20841.2,20864,763.3,0.028272,0.0300013,-0.0317306,0.00172933,,0
rb,US100.cash,us_cash,5,0,2025-05-13,25,77,1,21214.8,21186.7,434.9,-0.0673258,-0.0648425,0.0623592,0.00248333,,0
rb,US100.cash,us_cash,5,0,2025-05-15,54,77,-1,21371.3,21334,74.6333,0.483251,0.49933,-1.01608,0.0160786,,1
rb,US100.cash,us_cash,5,0,2025-05-19,6,77,1,21302.4,21444.7,173.6,0.810829,0.819124,-0.827419,0.00829493,,1
rb,US100.cash,us_cash,5,0,2025-05-21,48,77,-1,21089.4,21075.5,242.967,0.0515571,0.0574839,-0.0634106,0.00592674,,0
rb,US100.cash,us_cash,5,0,2025-05-23,0,47,-1,20789,21014.2,350.733,-0.646094,-0.641988,0.637883,0.00410568,,0
rb,US100.cash,us_cash,5,0,2025-05-23,47,77,1,21014.2,20920.5,250.767,-0.378785,-0.373521,0.368257,0.00526386,,1
rb,US100.cash,us_cash,5,0,2025-05-27,8,77,1,21304,21407.2,401.033,0.254426,0.257418,-0.260411,0.00299227,,0
rb,US100.cash,us_cash,5,0,2025-05-29,3,77,-1,21451.7,21359.5,175.133,0.518614,0.526837,-1.00822,0.00822231,,1
rb,US100.cash,us_cash,5,0,2025-05-30,56,77,1,21197.4,21327,170.833,0.751298,0.759024,-1.00773,0.00772683,,1
rb,US100.cash,us_cash,5,0,2025-06-03,56,77,-1,21597.5,21664.7,120.833,-0.56651,-0.555586,0.544662,0.0109241,,1
rb,US100.cash,us_cash,5,0,2025-06-05,33,73,-1,21786.5,21626.2,103.4,1.53752,1.55029,-1.01277,0.012766,,1
rb,US100.cash,us_cash,5,0,2025-06-05,73,77,1,21626.2,21551,160.7,-0.476914,-0.467953,0.458992,0.0089608,,1
rb,US100.cash,us_cash,5,0,2025-06-13,0,28,-1,21664,21822.8,225.033,-0.712369,-0.705969,0.69957,0.00639905,,0
rb,US100.cash,us_cash,5,0,2025-06-13,28,61,1,21822.8,21602.3,220.467,-1.00435,-1,0.995646,0.0043544,,1
rb,US100.cash,us_cash,5,0,2025-07-01,19,77,-1,22432.6,22479.8,217.467,-0.222164,-0.217198,0.212232,0.00496628,,0
rb,US100.cash,us_cash,5,0,2025-07-07,6,77,-1,22705,22686.5,71.3333,0.245421,0.258879,-1.01346,0.0134579,,1
rb,US100.cash,us_cash,5,0,2025-07-09,3,16,1,22881.1,22760.1,178.233,-0.684272,-0.678885,0.673499,0.0053862,,0
rb,US100.cash,us_cash,5,0,2025-07-09,16,77,-1,22760.1,22858.5,156.733,-0.634283,-0.627393,0.620502,0.00689068,,1
rb,US100.cash,us_cash,5,0,2025-07-15,16,77,-1,22939.3,22880,106.067,0.549214,0.559397,-0.569579,0.0101823,,1
rb,US100.cash,us_cash,5,0,2025-07-16,29,77,1,22821.6,22905,156.967,0.522489,0.530898,-0.539308,0.00840943,,1
rb,US100.cash,us_cash,5,0,2025-07-22,66,77,1,23099.9,23065.5,145.933,-0.241846,-0.235267,0.228689,0.00657835,,1
rb,US100.cash,us_cash,5,0,2025-07-29,0,16,1,23474.4,23389,130.733,-0.660581,-0.653238,0.645895,0.00734319,,0
rb,US100.cash,us_cash,5,0,2025-07-29,16,77,-1,23389,23315.2,124.633,0.584969,0.592672,-0.600374,0.00770259,,1
rb,US100.cash,us_cash,5,0,2025-07-31,15,77,-1,23458.1,23219.8,156.1,1.51736,1.52659,-1.00922,0.00922486,,1
rb,US100.cash,us_cash,5,0,2025-08-07,17,77,-1,23416,23397.8,144.8,0.115746,0.125691,-1.00994,0.00994475,,1
rb,US100.cash,us_cash,5,0,2025-08-15,53,77,1,23741.7,23715.8,95.8667,-0.280876,-0.270862,0.260848,0.0100139,,1
rb,US100.cash,us_cash,5,0,2025-08-19,11,77,-1,23544,23388.5,148.867,1.03533,1.04501,-1.00967,0.00967309,,0
rb,US100.cash,us_cash,5,0,2025-08-20,70,77,1,23259.6,23247.5,304.967,-0.043043,-0.0398951,0.0367472,0.00314789,,1
rb,US100.cash,us_cash,5,0,2025-08-22,7,77,1,23484.5,23495.7,334.533,0.0289757,0.0332802,-0.0375847,0.0043045,,0
rb,US100.cash,us_cash,5,0,2025-09-02,0,77,-1,23045.3,23230,417.2,-0.445925,-0.442474,0.439022,0.00345158,,0
rb,US100.cash,us_cash,5,0,2025-09-03,51,77,-1,23322.3,23407.5,159.433,-0.539996,-0.533974,0.527953,0.00602133,,1
rb,US100.cash,us_cash,5,0,2025-09-05,9,77,-1,23715.7,23654,147.533,0.408224,0.417985,-1.00976,0.00976051,,1
rb,US100.cash,us_cash,5,0,2025-09-10,2,77,-1,23893.9,23844.5,75.3,0.636919,0.656042,-1.01912,0.0191235,,1
rb,US100.cash,us_cash,5,0,2025-09-17,37,54,-1,24136.2,24231.8,149.733,-0.643277,-0.638468,0.63366,0.00480855,,0
rb,US100.cash,us_cash,5,0,2025-09-17,54,56,1,24231.8,24124.8,106.933,-1.01122,-1,0.988778,0.0112219,,1
rb,US100.cash,us_cash,5,0,2025-09-24,44,77,1,24495.2,24497.5,108.533,0.015172,0.0218059,-0.0284398,0.00663391,,1
rb,US100.cash,us_cash,5,0,2025-09-25,9,77,1,24370,24395,185.967,0.128159,0.134612,-0.141065,0.00645277,,1
rb,US100.cash,us_cash,5,0,2025-09-29,42,77,-1,24576.9,24612,169.4,-0.211452,-0.207202,0.202952,0.0042503,,1
rb,US100.cash,us_cash,5,0,2025-10-10,18,77,-1,24830,24216.2,236.567,2.5894,2.59448,-1.00507,0.00507257,,0
rb,US100.cash,us_cash,5,0,2025-10-14,1,26,-1,24367.3,24599.3,323.233,-0.72146,-0.717748,0.714035,0.00371249,,0
rb,US100.cash,us_cash,5,0,2025-10-14,26,77,1,24599.3,24579.5,352.533,-0.0596634,-0.0562595,0.0528555,0.00340393,,1
rb,US100.cash,us_cash,5,0,2025-10-22,15,77,-1,24905.9,24881.8,210.133,0.109137,0.114848,-1.00571,0.00571066,,0
rb,US100.cash,us_cash,5,0,2025-10-27,0,77,1,25669.5,25814.8,315.667,0.457698,0.459979,-0.46226,0.00228089,,0
rb,US100.cash,us_cash,5,0,2025-10-28,68,77,1,26066.3,26015.2,299.533,-0.172891,-0.170487,0.168084,0.00240374,,0
rb,US100.cash,us_cash,5,0,2025-11-04,0,77,-1,25612,25450.2,384.667,0.417764,0.420884,-0.424003,0.00311958,,0
rb,US100.cash,us_cash,5,0,2025-11-07,62,77,1,24957.7,25058.5,357.933,0.27845,0.281803,-0.285156,0.00335258,,1
rb,US100.cash,us_cash,5,0,2025-11-13,9,15,1,25379.7,25180.2,199.467,-1.00602,-1,0.993984,0.00601604,,1
rb,US100.cash,us_cash,5,0,2025-11-13,21,77,-1,25089.1,24999.8,438.567,0.201034,0.20377,-0.206506,0.00273619,,0
rb,US100.cash,us_cash,5,0,2025-11-14,3,77,1,24801.2,25014,270.767,0.781608,0.78604,-1.00443,0.00443186,,1
rb,US100.cash,us_cash,5,0,2025-11-18,23,77,1,24572.8,24495.5,277.7,-0.283039,-0.278718,0.274397,0.00432121,,1
rb,US100.cash,us_cash,5,0,2025-11-20,21,77,-1,24888.1,24049.2,335.067,2.5002,2.50378,-1.00358,0.00358138,,1
rb,US100.cash,us_cash,5,0,2025-12-02,20,77,-1,25477.8,25550,142.2,-0.516174,-0.507736,0.499297,0.00843882,,1
rb,US100.cash,us_cash,5,0,2025-12-05,17,77,-1,25683.6,25687.5,142.367,-0.0355889,-0.0271599,0.018731,0.00842894,,1
rb,US100.cash,us_cash,5,0,2025-12-11,10,77,1,25568.2,25688.8,205.467,0.58011,0.587119,-0.594127,0.00700844,,1
rb,US100.cash,us_cash,5,0,2025-12-12,22,77,-1,25134.3,25194,448.633,-0.136429,-0.133219,0.13001,0.00320975,,0
rb,US100.cash,us_cash,5,0,2025-12-17,52,77,-1,24700.7,24655.3,369.2,0.118797,0.122698,-0.126598,0.00390033,,0
rb,US100.cash,us_cash,5,0,2025-12-22,13,77,-1,25429.4,25452.7,127.767,-0.193373,-0.182103,0.170832,0.0112705,,1
rb,US100.cash,us_cash,5,0,2025-12-26,6,77,-1,25644.5,25645.2,68.75,-0.0325818,-0.0116364,-0.00930909,0.0209455,,1
rb,US100.cash,us_cash,5,0,2025-12-29,0,1,-1,25491.5,25601.2,165.633,-0.671222,-0.661803,0.652385,0.00941839,,0
rb,US100.cash,us_cash,5,0,2025-12-29,1,8,1,25601.2,25450.5,150.717,-1.01035,-1,0.989649,0.0103505,,1
rb,US100.cash,us_cash,5,0,2025-12-31,5,9,1,25421.6,25371.8,49.7833,-1.03134,-1,0.968664,0.0313358,,1
rb,US100.cash,us_cash,5,0,2025-12-31,66,77,-1,25297.3,25244.7,203.933,0.250686,0.258336,-0.265986,0.00764956,,0
rb,US100.cash,us_cash,5,0,2026-01-02,8,77,-1,25406.1,25198,187.417,1.10195,1.11027,-1.00832,0.0083237,,1
rb,US100.cash,us_cash,5,0,2026-01-06,17,37,-1,25498.7,25596.5,97.7833,-1.01595,-1,0.984046,0.0159536,,1
rb,US100.cash,us_cash,5,0,2026-01-07,68,77,-1,25709.7,25652.8,105.367,0.525055,0.539861,-0.554666,0.0148054,,1
rb,US100.cash,us_cash,5,0,2026-01-14,6,77,-1,25390.3,25473.9,361.15,-0.236301,-0.231483,0.226665,0.00481794,,0
rb,US100.cash,us_cash,5,0,2026-01-20,0,77,-1,25091.5,24991.6,474.697,0.206827,0.210492,-0.214158,0.0036655,,0
rb,US100.cash,us_cash,5,0,2026-01-23,38,77,-1,25606.6,25599.8,103.553,0.0483487,0.0651516,-0.0819545,0.0168029,,1
rb,US100.cash,us_cash,5,0,2026-01-28,22,77,-1,26022.9,26019.7,146.467,0.00951297,0.0213928,-0.0332726,0.0118798,,1
rb,US100.cash,us_cash,5,0,2026-01-29,5,77,-1,25740.6,25872.2,313.067,-0.425862,-0.420305,-1.00556,0.00555792,,0
rb,US100.cash,us_cash,5,0,2026-02-20,7,15,-1,24896.4,25020.3,123.9,-1.01404,-1,0.985956,0.0140436,,1
rb,US100.cash,us_cash,5,0,2026-02-26,9,77,-1,24940.7,25036.2,321.207,-0.302837,-0.29742,0.292003,0.00541707,,0
rb,US100.cash,us_cash,5,0,2026-03-02,1,77,1,24799.1,24981.7,229.867,0.786949,0.794519,-1.00757,0.00756961,,1
rb,US100.cash,us_cash,5,0,2026-03-03,27,77,1,24680.5,24721.6,365.733,0.107802,0.112559,-0.117317,0.00475756,,1
rb,US100.cash,us_cash,5,0,2026-03-09,15,77,1,24513,24962,222.433,2.01106,2.01888,-1.00782,0.00782257,,1
rb,US100.cash,us_cash,5,0,2026-03-18,64,77,-1,24539,24423.6,253.783,0.447797,0.454653,-0.461509,0.00685624,,0
rb,US100.cash,us_cash,5,0,2026-03-19,6,77,1,24301.8,24357.5,198.533,0.272129,0.280893,-0.289657,0.00876427,,1
rb,US100.cash,us_cash,5,0,2026-03-20,73,77,-1,23780.2,23900.7,530.9,-0.230251,-0.226973,0.223696,0.00327745,,0
rb,US100.cash,us_cash,5,0,2026-03-25,6,77,-1,24143.6,24162.3,171.433,-0.119133,-0.108983,0.0988334,0.0101497,,1
rb,US100.cash,us_cash,5,0,2026-03-26,33,77,-1,23816.5,23583.9,368.25,0.627047,0.631772,-0.636497,0.00472505,,0
rb,US100.cash,us_cash,5,0,2026-03-31,76,77,1,23776.4,23728.5,725.75,-0.0683982,-0.0660007,0.0636032,0.00239752,,0
rb,US100.cash,us_cash,5,0,2026-04-02,1,13,-1,23561.7,23865,453.933,-0.671993,-0.66816,0.664327,0.00383316,,0
rb,US100.cash,us_cash,5,0,2026-04-02,13,77,1,23865,24043.7,364.533,0.485625,0.490399,-0.495172,0.00477323,,1
rb,US100.cash,us_cash,5,0,2026-04-07,18,30,-1,23807.5,24054.9,359.2,-0.693597,-0.688753,0.683909,0.0048441,,0
rb,US100.cash,us_cash,5,0,2026-04-07,30,77,1,24054.9,24199.5,283.1,0.504627,0.510774,-0.51692,0.00614624,,1
rb,US100.cash,us_cash,5,0,2026-04-08,0,77,1,25029.5,24905.6,968.353,-0.129767,-0.12797,0.126173,0.00179686,,0
rb,US100.cash,us_cash,5,0,2026-04-13,77,77,1,25382.4,25374.8,247.75,-0.0376993,-0.0306761,0.0236529,0.00702321,,0
rb,US100.cash,us_cash,5,0,2026-04-15,41,57,-1,25949.1,26088,138.907,-1.01253,-1,0.987474,0.0125264,,1
rb,US100.cash,us_cash,5,0,2026-04-23,54,77,1,26744.6,26776.8,212.933,0.143128,0.151299,-0.159471,0.00817157,,1
rb,US100.cash,us_cash,5,0,2026-04-28,0,77,-1,27026.8,27033.9,235.047,-0.0377372,-0.0303344,0.0229316,0.00740279,,0
rb,US100.cash,us_cash,5,0,2026-04-30,1,48,-1,27213.2,27363,149.82,-1.01161,-1,-1.01161,0.0116139,,1
rb,US100.cash,us_cash,5,0,2026-04-30,77,77,1,27485.3,27442.8,352.667,-0.125255,-0.120321,0.115388,0.00493384,,0
rb,US100.cash,us_cash,5,0,2026-05-06,0,77,1,28318,28591,339.083,0.800079,0.80521,-0.810342,0.00513148,,0
rb,US100.cash,us_cash,5,0,2026-05-08,42,77,1,29173.8,29223.6,564.2,0.0851826,0.0882666,-0.0913506,0.00308401,,0
rb,US100.cash,us_cash,5,0,2026-05-12,3,5,1,29182,29038.5,143.433,-1.01213,-1,0.987869,0.0121311,,1
rb,US100.cash,us_cash,5,0,2026-05-12,12,77,-1,28950.7,29067.2,325.783,-0.362992,-0.357651,0.35231,0.00534097,,0
rb,US100.cash,us_cash,5,0,2026-05-15,1,77,-1,29074.8,29132.5,462.267,-0.128656,-0.124892,0.121128,0.00376406,,0
rb,US100.cash,us_cash,5,0,2026-05-18,66,77,1,28951.5,28998.5,234.383,0.193387,0.200811,-0.208234,0.00742374,,1
rb,US100.cash,us_cash,5,0,2026-05-26,3,77,1,29888.5,30005,371.35,0.309035,0.31372,-0.318406,0.00468561,,0
rb,US100.cash,us_cash,5,0,2026-06-04,7,40,-1,30124.8,30434.7,472.283,-0.659858,-0.656174,0.65249,0.00368423,,0
rb,US100.cash,us_cash,5,0,2026-06-04,40,77,1,30434.7,30425.9,337.333,-0.0310474,-0.0258893,0.0207312,0.0051581,,1
rb,US100.cash,us_cash,5,0,2026-06-05,5,77,-1,29719.6,28958.5,636.467,1.19303,1.19577,-1.00273,0.00273384,,0
rb,US100.cash,us_cash,5,0,2026-06-09,20,22,1,29235.1,29045.8,189.233,-1.00919,-1,0.990805,0.009195,,1
rb,US100.cash,us_cash,5,0,2026-06-09,23,77,-1,28825.2,29075.9,642.633,-0.392925,-0.390217,0.38751,0.00270761,,0
rb,US100.cash,us_cash,5,0,2026-06-15,0,77,1,30370.3,30547.7,848.533,0.207055,0.209106,-0.211157,0.0020506,,0
rb,US100.cash,us_cash,5,0,2026-06-16,69,77,-1,30056.8,29980.3,418.067,0.178743,0.182905,-0.187067,0.00416202,,0
rb,US100.cash,us_cash,5,0,2026-06-23,0,77,-1,29406.4,29333.7,986.733,0.0719141,0.0736775,-0.0754408,0.00176339,,0
rb,US100.cash,us_cash,5,0,2026-06-24,76,77,1,29154.9,29205.4,198.067,0.246348,0.255133,-0.263918,0.00878492,,1
rb,US100.cash,us_cash,5,0,2026-07-02,19,77,-1,29405.1,29275.6,491.45,0.259965,0.263506,-0.267046,0.00354054,,0
rb,US100.cash,us_cash,5,0,2026-07-07,4,77,-1,29234.6,29156.6,465.933,0.163528,0.167263,-0.170997,0.00373444,,0
rb,US100.cash,us_cash,5,0,2026-07-09,10,43,-1,29404.2,29712.6,308.433,-1.00564,-1,0.994359,0.00564141,,1
rb,US100.cash,us_cash,5,0,2026-07-15,47,77,1,29400.3,29500.1,204.15,0.480578,0.489101,-0.497624,0.00852314,,1
rb,US100.cash,us_cash,5,0,2026-07-17,0,40,-1,28369.5,28820.7,706.867,-0.640771,-0.63831,0.635848,0.00246157,,0
rb,US100.cash,us_cash,5,0,2026-07-17,40,77,1,28820.7,28578.6,607.467,-0.40135,-0.398486,0.395621,0.00286435,,1
rb,US100.cash,us_cash,5,0,2026-07-23,0,77,-1,28553.4,28444.1,475.617,0.226149,0.229807,-0.233465,0.00365841,,0
rb,US100.cash,us_cash,5,0,2026-07-27,16,77,1,27961.3,28033.7,181.233,0.390252,0.399853,-0.409454,0.00960088,,1
rb,US100.cash,us_cash,5,0,2026-07-31,3,77,-1,28282.6,28278,316.667,0.00882105,0.0143158,-1.00549,0.00549474,,1
rb,US100.cash,us_cash,5,0,2026-08-04,42,77,1,29661.6,29750.2,1056.72,0.0822611,0.0839077,-0.0855543,0.00164661,,0
rb,US100.cash,us_cash,5,0,2026-08-06,1,77,1,29318.3,29380,196.633,0.305018,0.313867,-1.00885,0.00884896,,1
rb,US100.cash,us_cash,5,0,2026-08-13,3,77,1,30034.5,30089.4,251.783,0.211068,0.217978,-0.224889,0.0069107,,0
rb,US100.cash,us_cash,5,0,2026-08-18,0,77,-1,29601.8,29494.7,453.617,0.232267,0.236102,-0.239938,0.00383584,,0
rb,US100.cash,us_cash,5,0,2026-08-24,3,77,-1,28899.1,29021.7,386.017,-0.322067,-0.31756,0.313052,0.00450758,,0
rb,US100.cash,us_cash,5,0,2026-08-25,8,77,-1,29165.5,29199,174.6,-0.201546,-0.191581,0.181615,0.00996564,,1
rb,US100.cash,us_cash,5,0,2026-08-27,3,77,1,29537.2,29633.5,330.35,0.286091,0.291358,-0.296625,0.00526714,,0
rb,US100.cash,us_cash,5,0,2026-09-01,0,77,-1,29058.9,29073.7,351.767,-0.0470198,-0.0420733,0.0371269,0.00494646,,0
rb,US100.cash,us_cash,5,0,2026-09-03,6,18,-1,29213.3,29326.9,113.617,-1.01531,-1,0.984685,0.0153147,,1
rb,US100.cash,us_cash,5,0,2026-09-03,20,77,1,29406.8,29485.1,315.567,0.242506,0.248019,-0.253533,0.00551389,,0
rb,US100.cash,us_cash,5,0,2026-09-10,0,77,-1,29065.2,29113,379.717,-0.130334,-0.125752,0.121169,0.00458236,,0
rb,US100.cash,us_cash,5,0,2026-09-11,3,77,1,29446.4,29361.5,315.483,-0.274679,-0.269164,0.263648,0.00551535,,0
rb,US100.cash,us_cash,5,0,2026-09-14,0,77,-1,28889.5,29134.8,492.35,-0.501655,-0.498121,0.494587,0.00353407,,0
rb,US100.cash,us_cash,5,0,2026-09-16,60,72,-1,29084.5,28847.3,158.3,1.48774,1.49874,-1.01099,0.0109918,,1
rb,US100.cash,us_cash,5,0,2026-09-16,72,77,1,28847.3,28944.2,102.55,0.928425,0.945392,-1.01697,0.0169673,,1
rb,US100.cash,us_cash,5,0,2026-09-21,1,77,1,29998.8,30480.7,452.483,1.06102,1.06486,-1.00385,0.00384545,,0
rb,US100.cash,us_cash,5,0,2026-09-28,14,77,-1,30184.1,30283.5,380.333,-0.265968,-0.261394,0.256819,0.00457493,,0
rb,US100.cash,us_cash,5,0,2026-09-30,77,77,-1,30447.1,30416.4,183.65,0.157691,0.167166,-0.17664,0.00947454,,1
rb,US100.cash,us_cash,5,0,2026-10-01,21,77,1,30347.2,30503.3,86.3,1.78806,1.80823,-1.02016,0.0201622,,1
rb,US100.cash,us_cash,5,0,2026-10-02,10,77,1,31008.4,30804.7,549.517,-0.373916,-0.37075,0.367584,0.00316642,,0
rb,US100.cash,us_cash,5,0,2026-10-07,0,77,-1,30987.5,31149.7,281.567,-0.582065,-0.575885,0.569705,0.00617971,,0
rb,US100.cash,us_cash,5,0,2026-10-08,42,77,-1,30707.2,30735.3,365.25,-0.0816975,-0.0769336,0.0721697,0.00476386,,0
dt,US500.cash,us_cash,5,0.5,2021-09-20,34,77,-1,4338.12,4360,57.75,-0.378788,-0.378788,0.378788,0,0,
dt,US500.cash,us_cash,5,0.5,2021-09-28,10,77,-1,4370.12,4356.4,88.55,0.154997,0.154997,-0.154997,0,0,
dt,US500.cash,us_cash,5,0.5,2021-09-30,31,77,-1,4321.82,4307.55,110.95,0.124443,0.128662,-0.13288,0.00421812,0,
dt,US500.cash,us_cash,5,0.5,2021-10-04,16,77,-1,4290.68,4303.85,110.85,-0.123076,-0.118854,0.114632,0.00422192,0,
dt,US500.cash,us_cash,5,0.5,2021-10-05,16,77,1,4360.52,4347.15,84.25,-0.164309,-0.158754,0.153199,0.0055549,0,
dt,US500.cash,us_cash,5,0.5,2021-10-06,56,77,1,4350.17,4366.25,80.95,0.192798,0.198579,-0.204361,0.00578135,0,
dt,US500.cash,us_cash,5,0.5,2021-10-14,58,77,1,4440.35,4440.35,66.9,-0.00699552,1.35948e-14,-0.00699552,0.00699552,0,
dt,US500.cash,us_cash,5,0.5,2021-10-28,77,77,1,4597.32,4598.2,53.25,0.00764319,0.0164319,-0.0252207,0.00878873,0,
dt,US500.cash,us_cash,5,0.5,2021-10-29,32,77,1,4603.02,4608.3,57.95,0.0829508,0.0910267,-0.0991027,0.00807593,0,
dt,US500.cash,us_cash,5,0.5,2021-11-03,74,77,1,4660.92,4663.65,63.95,0.0352932,0.0426114,-0.0499296,0.00731822,0,
dt,US500.cash,us_cash,5,0.5,2021-11-10,55,77,-1,4649.95,4650.65,39.4,-0.0296447,-0.0177665,0.00588832,0.0118782,0,
dt,US500.cash,us_cash,5,0.5,2021-11-16,22,77,1,4711.95,4705.95,53,-0.122038,-0.113208,0.104377,0.00883019,0,
dt,US500.cash,us_cash,5,0.5,2021-11-18,9,77,-1,4679.4,4709.5,51.2,-0.597031,-0.587891,0.57875,0.00914062,0,
dt,US500.cash,us_cash,5,0.5,2021-11-22,4,76,1,4737.48,4703.73,33.75,-1.01387,-1,0.986133,0.0138667,0,
dt,US500.cash,us_cash,5,0.5,2021-11-22,76,77,-1,4703.73,4688.2,33.75,0.446133,0.46,-0.473867,0.0138667,0,
dt,US500.cash,us_cash,5,0.5,2021-11-24,67,77,1,4704.75,4708,60,0.0463667,0.0541667,-0.0619667,0.0078,0,
dt,US500.cash,us_cash,5,0.5,2021-11-30,18,77,-1,4587.03,4569.2,89.2,0.194641,0.199888,-0.205135,0.00524664,0,
dt,US500.cash,us_cash,5,0.5,2021-12-01,70,77,-1,4556.4,4514.8,143.3,0.2903,0.2903,-0.2903,0,0,
dt,US500.cash,us_cash,5,0.5,2021-12-03,28,77,-1,4519.8,4543.65,163.2,-0.149007,-0.14614,0.143272,0.00286765,0,
dt,US500.cash,us_cash,5,0.5,2021-12-13,18,77,-1,4681.6,4676.45,65.1,0.0719201,0.0791091,-0.086298,0.00718894,0,
dt,US500.cash,us_cash,5,0.5,2021-12-14,3,30,1,4663.25,4615.48,47.55,-1.01457,-1.00473,0.99489,0.00984227,0,
dt,US500.cash,us_cash,5,0.5,2021-12-14,30,77,-1,4615.48,4643.5,47.55,-0.599222,-0.58938,0.579537,0.00984227,0,
dt,US500.cash,us_cash,5,0.5,2021-12-15,69,77,1,4697.15,4714.9,108,0.160019,0.164352,-0.168685,0.00433333,0,
dt,US500.cash,us_cash,5,0.5,2021-12-16,57,77,-1,4682.1,4671.55,108,0.0933519,0.0976852,-0.102019,0.00433333,0,
dt,US500.cash,us_cash,5,0.5,2022-01-03,4,77,-1,4765.77,4799.5,39.95,-0.855895,-0.84418,0.832466,0.0117146,0,
dt,US500.cash,us_cash,5,0.5,2022-01-04,18,77,-1,4794.22,4796.2,39.95,-0.0611514,-0.0494368,0.0377222,0.0117146,0,
dt,US500.cash,us_cash,5,0.5,2022-01-05,55,77,-1,4768.88,4704.8,48.05,1.32377,1.33351,-1.00974,0.00973985,0,
dt,US500.cash,us_cash,5,0.5,2022-01-13,75,77,-1,4666.2,4662.7,145.5,0.0208385,0.024055,-0.0272715,0.00321649,0,
dt,US500.cash,us_cash,5,0.5,2022-01-24,33,77,-1,4224.7,4416.15,220.3,-0.871167,-0.869042,0.866918,0.00212438,0,
dt,US500.cash,us_cash,5,0.5,2022-01-31,72,77,1,4497.5,4510.2,146.7,0.083381,0.0865712,-0.0897614,0.00319018,0,
dt,US500.cash,us_cash,5,0.5,2022-02-11,49,77,-1,4449.35,4413.6,119,0.296487,0.30042,-0.304353,0.00393277,0,
dt,US500.cash,us_cash,5,0.5,2022-02-17,69,77,-1,4378.35,4377.03,128.15,0.00678112,0.0103394,-0.0138978,0.00355833,0,
dt,US500.cash,us_cash,5,0.5,2022-02-23,67,77,-1,4231.53,4228.13,208.2,0.0141402,0.0163305,-0.0185207,0.0021902,0,
dt,US500.cash,us_cash,5,0.5,2022-02-24,60,77,1,4227.98,4289.13,217.3,0.27931,0.281408,-0.283507,0.00209848,0,
dt,US500.cash,us_cash,5,0.5,2022-03-03,17,77,-1,4356.9,4362.73,107.15,-0.0586188,-0.054363,0.0501073,0.00425572,0,
dt,US500.cash,us_cash,5,0.5,2022-03-07,11,77,-1,4265.08,4199.53,106.9,0.608924,0.61319,-0.617456,0.00426567,0,
dt,US500.cash,us_cash,5,0.5,2022-03-11,77,77,-1,4205.81,4204.48,160.35,0.0054194,0.00826317,-0.011107,0.00284378,0,
dt,US500.cash,us_cash,5,0.5,2022-03-15,72,77,1,4265.73,4265.23,126.5,-0.00755731,-0.00395257,0.000347826,0.00360474,0,
dt,US500.cash,us_cash,5,0.5,2022-04-05,75,77,-1,4520.95,4527.73,96.55,-0.0748938,-0.0701709,0.065448,0.00472294,0,
dt,US500.cash,us_cash,5,0.5,2022-04-12,66,77,-1,4394.38,4398.33,106.4,-0.0414098,-0.0371241,0.0328383,0.00428571,0,
dt,US500.cash,us_cash,5,0.5,2022-04-19,7,77,1,4433.63,4465.83,79.2,0.400808,0.406566,-0.412323,0.00575758,0,
dt,US500.cash,us_cash,5,0.5,2022-04-21,32,77,-1,4453.66,4394.88,96.95,0.601537,0.60624,-0.610944,0.00470346,0,
dt,US500.cash,us_cash,5,0.5,2022-04-22,28,77,-1,4322.58,4275.08,121,0.388793,0.392562,-0.396331,0.0037686,0,
dt,US500.cash,us_cash,5,0.5,2022-04-29,56,77,-1,4181.14,4133.58,136.15,0.345935,0.349284,-0.352633,0.00334925,0,
dt,US500.cash,us_cash,5,0.5,2022-05-04,73,77,1,4297.03,4303.28,228.5,0.0253567,0.0273523,-0.0293479,0.00199562,0,
dt,US500.cash,us_cash,5,0.5,2022-05-05,28,77,-1,4136.9,4150.28,240.75,-0.0574496,-0.0555556,0.0536615,0.00189408,0,
dt,US500.cash,us_cash,5,0.5,2022-05-18,61,77,-1,3926.63,3927.83,230.9,-0.00717194,-0.00519706,0.00322217,0.00197488,0,
dt,US500.cash,us_cash,5,0.5,2022-05-20,38,77,-1,3831.59,3902.23,214.05,-0.33217,-0.33004,0.327909,0.00213034,0,
dt,US500.cash,us_cash,5,0.5,2022-06-07,14,77,1,4135.5,4160.43,103.15,0.237218,0.241638,-0.246059,0.00442075,0,
dt,US500.cash,us_cash,5,0.5,2022-06-09,67,77,-1,4054.51,4016.13,81.25,0.466695,0.472308,-0.47792,0.00561231,0,
dt,US500.cash,us_cash,5,0.5,2022-06-24,77,77,1,3911.31,3918.35,159.82,0.0414967,0.0440496,-0.0466024,0.00255287,0,
dt,US500.cash,us_cash,5,0.5,2022-07-13,16,77,1,3814.23,3802.8,97.35,-0.121551,-0.11736,0.113169,0.00419106,0,
dt,US500.cash,us_cash,5,0.5,2022-07-18,75,77,-1,3825.18,3832.35,141.85,-0.0534579,-0.0505816,0.0477053,0.00287628,0,
dt,US500.cash,us_cash,5,0.5,2022-07-27,62,77,1,4000.65,4023.7,88.1,0.257003,0.261635,-0.266266,0.0046311,0,
dt,US500.cash,us_cash,5,0.5,2022-08-05,7,77,1,4145.38,4145.03,76.35,-0.00986248,-0.00451866,-0.000825147,0.00534381,0,
dt,US500.cash,us_cash,5,0.5,2022-08-19,19,77,-1,4229.1,4227.91,52.4,0.0162977,0.0227099,-0.0291221,0.00641221,0,
dt,US500.cash,us_cash,5,0.5,2022-08-26,7,77,-1,4158.32,4058.1,81.56,1.22143,1.22879,-1.00736,0.00735655,0,
dt,US500.cash,us_cash,5,0.5,2022-09-02,46,77,-1,3941.2,3925.5,128.8,0.117236,0.121894,-0.126553,0.00465839,0,
dt,US500.cash,us_cash,5,0.5,2022-09-08,18,77,1,4007.4,4006.2,108.6,-0.0143646,-0.0110497,0.00773481,0.00331492,0,
dt,US500.cash,us_cash,5,0.5,2022-09-21,77,77,-1,3795.2,3787,161,0.047205,0.0509317,-0.0546584,0.00372671,0,
dt,US500.cash,us_cash,5,0.5,2022-09-28,72,77,1,3728.3,3717.7,142.4,-0.0769663,-0.0744382,0.0719101,0.00252809,0,
dt,US500.cash,us_cash,5,0.5,2022-09-29,6,77,-1,3630.9,3641.7,96,-0.11875,-0.1125,0.10625,0.00625,0,
dt,US500.cash,us_cash,5,0.5,2022-10-03,65,77,1,3698.25,3679.8,150.1,-0.125157,-0.122918,0.12068,0.00223851,0,
dt,US500.cash,us_cash,5,0.5,2022-10-13,19,77,1,3565.1,3670.5,128.4,0.816199,0.820872,-0.825545,0.0046729,0,
dt,US500.cash,us_cash,5,0.5,2022-10-14,28,77,-1,3604.8,3587.8,180.6,0.0908084,0.0941307,-0.0974529,0.00332226,0,
dt,US500.cash,us_cash,5,0.5,2022-10-21,7,77,1,3711.75,3753.5,101.1,0.407023,0.412957,-0.418892,0.00593472,0,
dt,US500.cash,us_cash,5,0.5,2022-10-28,15,77,1,3867.1,3901.1,118.4,0.283108,0.287162,-0.291216,0.00405405,0,
dt,US500.cash,us_cash,5,0.5,2022-11-01,8,77,-1,3862.56,3855.1,97.6,0.0702869,0.0764344,-0.082582,0.00614754,0,
dt,US500.cash,us_cash,5,0.5,2022-11-02,70,77,-1,3797.17,3757.1,103.86,0.380031,0.385808,-0.391585,0.00577701,0,
dt,US500.cash,us_cash,5,0.5,2022-11-10,74,77,1,3947.45,3953.8,120.3,0.0499917,0.0527847,-0.0555777,0.00279302,0,
dt,US500.cash,us_cash,5,0.5,2022-11-17,40,77,1,3943.4,3948.3,71,0.0642817,0.0690141,-0.0737465,0.00473239,0,
dt,US500.cash,us_cash,5,0.5,2022-11-18,33,77,-1,3939.6,3966.1,85.8,-0.312774,-0.308858,0.304942,0.00391608,0,
dt,US500.cash,us_cash,5,0.5,2022-11-22,69,77,1,3999.75,4003.56,60.3,0.0576119,0.0631841,-0.0687562,0.00557214,0,
dt,US500.cash,us_cash,5,0.5,2022-11-30,53,77,1,4002.55,4077,91.9,0.803591,0.81012,-0.816649,0.00652884,0,
dt,US500.cash,us_cash,5,0.5,2022-12-06,56,77,-1,3926.2,3940.81,139.19,-0.107342,-0.104929,0.102515,0.00241397,0,
dt,US500.cash,us_cash,5,0.5,2022-12-12,68,77,1,3977.1,3989.61,68.19,0.178604,0.183531,-0.188459,0.00492741,0,
dt,US500.cash,us_cash,5,0.5,2022-12-13,9,77,-1,4070.24,4020.5,68.31,0.719441,0.728224,-1.00878,0.00878349,0,
dt,US500.cash,us_cash,5,0.5,2022-12-22,20,77,-1,3802.7,3823.7,84.4,-0.252796,-0.248815,0.244834,0.00398104,0,
dt,US500.cash,us_cash,5,0.5,2022-12-29,27,77,1,3851.01,3848.6,81.99,-0.0334309,-0.0293328,0.0252348,0.00409806,0,
dt,US500.cash,us_cash,5,0.5,2023-01-03,9,77,-1,3819.99,3823.56,77.01,-0.0540839,-0.0462927,0.0385015,0.0077912,0,
dt,US500.cash,us_cash,5,0.5,2023-01-06,19,77,1,3875.1,3894.1,71.2,0.262135,0.266854,-0.271573,0.0047191,0,
dt,US500.cash,us_cash,5,0.5,2023-01-13,73,77,1,4001.13,3998.11,106.06,-0.0316425,-0.0284744,0.0253064,0.00316802,0,
dt,US500.cash,us_cash,5,0.5,2023-01-18,22,77,-1,3968.1,3928.91,70.61,0.550191,0.55495,-0.559708,0.00475853,0,
dt,US500.cash,us_cash,5,0.5,2023-01-20,69,77,1,3970.06,3970.81,116.3,0.00355976,0.00644884,-0.00933792,0.00288908,0,
dt,US500.cash,us_cash,5,0.5,2023-01-23,50,77,1,4036.85,4018.7,116.3,-0.158951,-0.156062,0.153173,0.00288908,0,
dt,US500.cash,us_cash,5,0.5,2023-02-01,63,77,1,4101.01,4120.1,75.21,0.245911,0.253889,-0.261867,0.00797766,0,
dt,US500.cash,us_cash,5,0.5,2023-02-07,76,77,1,4170.95,4164.3,144.1,-0.0486468,-0.0461485,0.0436502,0.00249827,0,
dt,US500.cash,us_cash,5,0.5,2023-02-09,36,77,-1,4115.75,4082,76.7,0.435645,0.440026,-0.444407,0.0043807,0,
dt,US500.cash,us_cash,5,0.5,2023-02-16,39,77,1,4136.48,4090.4,87.56,-0.530105,-0.526268,0.52243,0.00383737,0,
dt,US500.cash,us_cash,5,0.5,2023-03-02,49,77,1,3961.55,3982.4,65.7,0.312237,0.317352,-0.322466,0.00511416,0,
dt,US500.cash,us_cash,5,0.5,2023-03-03,43,77,1,4034.45,4045.7,65.7,0.166119,0.171233,-0.176347,0.00511416,0,
dt,US500.cash,us_cash,5,0.5,2023-03-07,61,77,-1,3984.51,3986.8,125.61,-0.0209458,-0.0182708,0.0155959,0.00267495,0,
dt,US500.cash,us_cash,5,0.5,2023-03-09,51,77,-1,3952.64,3917.4,91.71,0.380384,0.384309,-0.388235,0.00392542,0,
dt,US500.cash,us_cash,5,0.5,2023-03-16,19,77,1,3922.3,3960.7,107.8,0.350649,0.356215,-0.361781,0.00556586,0,
dt,US500.cash,us_cash,5,0.5,2023-03-31,77,77,1,4110.6,4106.1,99.8,-0.0511022,-0.0450902,0.0390782,0.00601202,0,
dt,US500.cash,us_cash,5,0.5,2023-04-10,66,77,1,4104.67,4109.81,55.14,0.0871237,0.0932173,-0.0993108,0.00609358,0,
dt,US500.cash,us_cash,5,0.5,2023-04-12,13,77,-1,4110.43,4093.2,41.15,0.40401,0.418591,-0.433171,0.0145808,0,
dt,US500.cash,us_cash,5,0.5,2023-04-13,31,77,1,4123.47,4146.81,41.15,0.558906,0.567072,-0.575237,0.00816525,0,
dt,US500.cash,us_cash,5,0.5,2023-04-19,54,77,1,4161.7,4154.31,57.01,-0.135608,-0.129714,0.12382,0.0058937,0,
dt,US500.cash,us_cash,5,0.5,2023-04-20,41,77,1,4142.95,4130.2,41.9,-0.312315,-0.304296,0.296277,0.00801909,0,
dt,US500.cash,us_cash,5,0.5,2023-04-25,44,77,-1,4095.35,4072.5,41.51,0.542496,0.55059,-0.558685,0.00809444,0,
dt,US500.cash,us_cash,5,0.5,2023-04-27,57,77,1,4124.38,4135.6,89.16,0.122073,0.125841,-0.12961,0.00376851,0,
dt,US500.cash,us_cash,5,0.5,2023-04-28,77,77,1,4169.28,4170,89.16,0.00269179,0.00807537,-0.013459,0.00538358,0,
dt,US500.cash,us_cash,5,0.5,2023-05-02,18,77,-1,4091.69,4119.3,133.01,-0.212052,-0.207541,0.20303,0.00451094,0,
dt,US500.cash,us_cash,5,0.5,2023-05-10,47,77,-1,4101.8,4138,91.61,-0.398876,-0.395208,0.39154,0.00366772,0,
dt,US500.cash,us_cash,5,0.5,2023-05-12,13,77,-1,4121.55,4124.66,40.11,-0.0866367,-0.0776614,0.0686861,0.00897532,0,
dt,US500.cash,us_cash,5,0.5,2023-05-15,8,77,-1,4110.01,4137.81,39.8,-0.706935,-0.698492,0.69005,0.00844221,0,
dt,US500.cash,us_cash,5,0.5,2023-05-17,39,77,1,4149.18,4159.6,39.15,0.257701,0.266284,-0.274866,0.00858238,0,
dt,US500.cash,us_cash,5,0.5,2023-05-18,27,77,1,4183.88,4198.3,60.94,0.231113,0.236626,-0.24214,0.00551362,0,
dt,US500.cash,us_cash,5,0.5,2023-05-26,36,77,1,4203.7,4204.8,92.6,0.00825054,0.011879,-0.0155076,0.00362851,0,
dt,US500.cash,us_cash,5,0.5,2023-06-01,34,77,1,4219.98,4221.4,77.15,0.0141154,0.0184705,-0.0228257,0.00435515,0,
dt,US500.cash,us_cash,5,0.5,2023-06-02,23,77,1,4279.91,4281.9,64.8,0.0255247,0.0307099,-0.0358951,0.00518519,0,
dt,US500.cash,us_cash,5,0.5,2023-06-08,33,77,1,4286.65,4293.46,40.9,0.158289,0.166504,-0.174719,0.00821516,0,
dt,US500.cash,us_cash,5,0.5,2023-06-09,7,77,1,4318.18,4302.36,35.16,-0.459499,-0.449943,0.440387,0.00955631,0,
dt,US500.cash,us_cash,5,0.5,2023-06-12,69,77,1,4337.7,4340.81,54.01,0.0512683,0.0574894,-0.0637104,0.00622107,0,
dt,US500.cash,us_cash,5,0.5,2023-06-15,23,77,1,4405.62,4426.8,89.45,0.232968,0.236724,-0.240481,0.00375629,0,
dt,US500.cash,us_cash,5,0.5,2023-06-27,37,77,1,4366.91,4377.7,56.21,0.18607,0.192048,-0.198025,0.00597758,0,
dt,US500.cash,us_cash,5,0.5,2023-07-07,42,77,1,4438.05,4399.4,76.9,-0.50697,-0.502601,0.498231,0.00436931,0,
dt,US500.cash,us_cash,5,0.5,2023-07-18,45,77,1,4547.75,4556.3,59.3,0.138516,0.144182,-0.149848,0.0056661,0,
dt,US500.cash,us_cash,5,0.5,2023-07-25,42,77,1,4573.36,4567.5,43.51,-0.142519,-0.134797,0.127074,0.00772236,0,
dt,US500.cash,us_cash,5,0.5,2023-07-26,62,77,1,4580.6,4568.7,45.81,-0.272975,-0.259878,0.24678,0.0130976,0,
dt,US500.cash,us_cash,5,0.5,2023-07-27,46,77,-1,4578.2,4537.4,47.6,0.844538,0.857143,-1.01261,0.012605,0,
dt,US500.cash,us_cash,5,0.5,2023-08-02,71,77,-1,4509.05,4512.9,68.7,-0.0609316,-0.0560408,0.0511499,0.00489083,0,
dt,US500.cash,us_cash,5,0.5,2023-08-09,22,77,-1,4469.49,4467.9,61.61,0.01615,0.0258887,-0.0356273,0.00973868,0,
dt,US500.cash,us_cash,5,0.5,2023-08-14,27,77,1,4486.45,4490.9,59.5,0.0691429,0.0747899,-0.080437,0.00564706,0,
dt,US500.cash,us_cash,5,0.5,2023-08-15,71,77,-1,4441.15,4437.8,59.5,0.0506555,0.0563025,-0.0619496,0.00564706,0,
dt,US500.cash,us_cash,5,0.5,2023-08-17,67,77,-1,4372.9,4368.7,88,0.0436364,0.0477273,-0.0518182,0.00409091,0,
dt,US500.cash,us_cash,5,0.5,2023-08-23,29,77,1,4430.4,4436.4,63.8,0.0887774,0.0940439,-0.0993103,0.00526646,0,
dt,US500.cash,us_cash,5,0.5,2023-08-24,27,77,-1,4401.25,4375.2,100.5,0.253234,0.259204,-0.265174,0.00597015,0,
dt,US500.cash,us_cash,5,0.5,2023-08-29,12,77,1,4472.85,4497.6,82.3,0.293439,0.300729,-0.308019,0.0072904,0,
dt,US500.cash,us_cash,5,0.5,2023-09-06,11,77,-1,4465.05,4465.5,43.9,-0.023918,-0.0102506,-0.00341686,0.0136674,0,
dt,US500.cash,us_cash,5,0.5,2023-09-14,66,77,1,4510.05,4505.2,39.5,-0.131291,-0.122785,0.114278,0.00850633,0,
dt,US500.cash,us_cash,5,0.5,2023-09-15,18,77,-1,4461.15,4449.9,52.1,0.204415,0.215931,-0.227447,0.0115163,0,
dt,US500.cash,us_cash,5,0.5,2023-09-20,72,77,-1,4411.15,4402.2,89.49,0.0933624,0.100067,-0.106772,0.00670466,0,
dt,US500.cash,us_cash,5,0.5,2023-09-29,45,77,-1,4280.8,4289.4,101.2,-0.0909091,-0.0849802,0.0790514,0.00592885,0,
dt,US500.cash,us_cash,5,0.5,2023-10-03,15,77,-1,4233.95,4231.3,61.3,0.0334421,0.04323,-0.0530179,0.00978793,0,
dt,US500.cash,us_cash,5,0.5,2023-10-06,23,77,1,4269.35,4309.6,73.1,0.542408,0.550616,-0.558824,0.00820793,0,
dt,US500.cash,us_cash,5,0.5,2023-10-09,55,77,1,4336.05,4336.6,94.1,0.00201913,0.00584485,-0.00967056,0.00382572,0,
dt,US500.cash,us_cash,5,0.5,2023-10-13,47,77,-1,4317.65,4327.6,92.9,-0.113563,-0.107104,0.100646,0.00645856,0,
dt,US500.cash,us_cash,5,0.5,2023-10-16,18,77,1,4384,4371.3,65.6,-0.199085,-0.193598,0.18811,0.0054878,0,
dt,US500.cash,us_cash,5,0.5,2023-10-17,21,77,1,4372.2,4373.1,65.6,0.00457317,0.0137195,-0.0228659,0.00914634,0,
dt,US500.cash,us_cash,5,0.5,2023-10-18,64,77,-1,4320.65,4314.3,66.7,0.0862069,0.0952024,-0.104198,0.0089955,0,
dt,US500.cash,us_cash,5,0.5,2023-10-19,63,77,-1,4280.6,4276,80,0.05,0.0575,-0.065,0.0075,0,
dt,US500.cash,us_cash,5,0.5,2023-10-26,42,77,-1,4130.4,4136.6,89,-0.0764045,-0.0696629,0.0629213,0.00674157,0,
dt,US500.cash,us_cash,5,0.5,2023-11-09,12,77,-1,4372.31,4347.9,42,0.572619,0.58119,-0.589762,0.00857143,0,
dt,US500.cash,us_cash,5,0.5,2023-11-10,36,77,1,4390.95,4415.6,45.71,0.531809,0.53916,-0.546511,0.00735069,0,
dt,US500.cash,us_cash,5,0.5,2023-11-14,69,77,1,4508.48,4495.6,74.76,-0.176779,-0.172285,0.16779,0.00449438,0,
dt,US500.cash,us_cash,5,0.5,2023-11-20,18,77,1,4533.41,4548.76,45.21,0.332205,0.339637,-0.347069,0.00743198,0,
dt,US500.cash,us_cash,5,0.5,2023-11-29,21,77,-1,4560.38,4551.11,30.85,0.289433,0.300324,-0.311216,0.0108914,0,
dt,US500.cash,us_cash,5,0.5,2023-11-30,34,77,-1,4538.88,4565.4,37.05,-0.724993,-0.715924,0.706856,0.00906883,0,
dt,US500.cash,us_cash,5,0.5,2023-12-01,24,77,1,4578.73,4593.4,37.05,0.38637,0.396086,-0.405803,0.0097166,0,
dt,US500.cash,us_cash,5,0.5,2023-12-06,40,77,-1,4562.16,4550.1,56.69,0.206721,0.212648,-0.218575,0.00592697,0,
dt,US500.cash,us_cash,5,0.5,2023-12-08,6,77,1,4596,4603.81,40.6,0.183498,0.192365,-0.201232,0.008867,0,
dt,US500.cash,us_cash,5,0.5,2023-12-13,61,77,1,4686.29,4708.1,80.16,0.264596,0.272081,-0.279566,0.00748503,0,
dt,US500.cash,us_cash,5,0.5,2023-12-20,66,77,-1,4720.6,4697.9,74.81,0.295482,0.303502,-0.311523,0.00802032,0,
dt,US500.cash,us_cash,5,0.5,2023-12-29,25,77,-1,4756.5,4772.6,51.8,-0.317297,-0.310811,0.304324,0.00648649,0,
dt,US500.cash,us_cash,5,0.5,2024-01-08,40,77,1,4732.2,4763.1,63.01,0.484987,0.490319,-0.495651,0.00533249,0,
dt,US500.cash,us_cash,5,0.5,2024-01-11,25,77,-1,4740.8,4780.9,100.8,-0.401389,-0.397817,0.394246,0.00357143,0,
dt,US500.cash,us_cash,5,0.5,2024-01-19,46,77,1,4826.64,4839.9,68.49,0.188626,0.193532,-0.198438,0.00490583,0,
dt,US500.cash,us_cash,5,0.5,2024-01-29,67,77,1,4917.69,4928.5,51.19,0.204513,0.211076,-0.21764,0.00656378,0,
dt,US500.cash,us_cash,5,0.5,2024-01-31,66,77,-1,4870.58,4844,59.24,0.438555,0.448683,-0.458812,0.0101283,0,
dt,US500.cash,us_cash,5,0.5,2024-02-01,66,77,1,4903.56,4906.7,87.31,0.0321727,0.0360211,-0.0398694,0.00384836,0,
dt,US500.cash,us_cash,5,0.5,2024-02-02,28,77,1,4954.56,4957.7,87.31,0.0321727,0.0360211,-0.0398694,0.00384836,0,
dt,US500.cash,us_cash,5,0.5,2024-02-13,64,77,-1,4928.08,4954,57.84,-0.456432,-0.448133,0.439834,0.00829876,0,
dt,US500.cash,us_cash,5,0.5,2024-02-22,58,77,1,5092.6,5084.9,86.2,-0.0932251,-0.0893271,0.0854292,0.00389791,0,
dt,US500.cash,us_cash,5,0.5,2024-02-29,25,77,-1,5068.35,5086.9,41.3,-0.457869,-0.449153,0.440436,0.00871671,0,
dt,US500.cash,us_cash,5,0.5,2024-03-01,17,77,1,5114.45,5136.4,35.5,0.608845,0.61831,-0.627775,0.00946479,0,
dt,US500.cash,us_cash,5,0.5,2024-03-05,61,77,-1,5069.95,5079,78.31,-0.119921,-0.11563,0.11134,0.00429064,0,
dt,US500.cash,us_cash,5,0.5,2024-03-14,67,77,-1,5131.5,5154.9,83,-0.285976,-0.281928,0.27788,0.00404819,0,
dt,US500.cash,us_cash,5,0.5,2024-03-19,42,77,1,5172.55,5179.4,62.5,0.104224,0.1096,-0.114976,0.005376,0,
dt,US500.cash,us_cash,5,0.5,2024-03-20,63,77,1,5215.1,5225.8,75.6,0.133598,0.141534,-0.149471,0.00793651,0,
dt,US500.cash,us_cash,5,0.5,2024-04-04,56,77,-1,5221.6,5150.3,65.2,1.08436,1.09356,-1.0092,0.00920245,0,
dt,US500.cash,us_cash,5,0.5,2024-04-05,32,77,1,5217.15,5202.2,110.31,-0.138618,-0.135572,0.132527,0.00304596,0,
dt,US500.cash,us_cash,5,0.5,2024-04-09,14,77,-1,5169.1,5210.6,106.81,-0.394205,-0.388587,0.38297,0.00561745,0,
dt,US500.cash,us_cash,5,0.5,2024-04-11,9,55,-1,5137.02,5209.88,72.85,-1.00988,-1,0.990117,0.00988332,0,
dt,US500.cash,us_cash,5,0.5,2024-04-11,55,77,1,5209.88,5197.85,72.85,-0.170007,-0.165065,0.160124,0.00494166,0,
dt,US500.cash,us_cash,5,0.5,2024-04-12,39,77,-1,5121.18,5123.95,73.75,-0.0441356,-0.0376271,0.0311186,0.00650847,0,
dt,US500.cash,us_cash,5,0.5,2024-04-15,36,77,-1,5115.52,5060.75,104.05,0.51951,0.52643,-0.533349,0.00691975,0,
dt,US500.cash,us_cash,5,0.5,2024-04-30,77,77,-1,5036.3,5035.05,126.9,0.00417652,0.00985028,-0.015524,0.00567376,0,
dt,US500.cash,us_cash,5,0.5,2024-05-01,66,77,1,5091.6,5016.35,126.9,-0.59866,-0.592987,0.587313,0.00567376,0,
dt,US500.cash,us_cash,5,0.5,2024-05-13,44,77,-1,5210.63,5222.05,56.24,-0.211593,-0.203058,0.194523,0.00853485,0,
dt,US500.cash,us_cash,5,0.5,2024-05-15,49,77,1,5300.9,5309.95,64.9,0.134268,0.139445,-0.144622,0.0051772,0,
dt,US500.cash,us_cash,5,0.5,2024-05-22,54,77,-1,5295.8,5307.55,39.9,-0.302907,-0.294486,0.286065,0.00842105,0,
dt,US500.cash,us_cash,5,0.5,2024-05-23,3,77,-1,5319.16,5268.15,39.9,1.2604,1.27845,-1.01805,0.0180451,0,
dt,US500.cash,us_cash,5,0.5,2024-05-31,32,77,-1,5198.5,5282.45,86.7,-0.973818,-0.968281,0.962745,0.00553633,0,
dt,US500.cash,us_cash,5,0.5,2024-06-03,44,77,-1,5239.4,5285.45,117.7,-0.397366,-0.391249,0.385132,0.00611725,0,
dt,US500.cash,us_cash,5,0.5,2024-06-12,70,77,1,5446.62,5418.92,49.6,-0.574677,-0.558468,0.542258,0.0162097,0,
dt,US500.cash,us_cash,5,0.5,2024-06-17,50,77,1,5477.33,5474.75,106.37,-0.0274608,-0.024302,0.0211432,0.00315879,0,
dt,US500.cash,us_cash,5,0.5,2024-06-20,49,77,-1,5455.94,5474.45,86.93,-0.221155,-0.212872,0.20459,0.00828253,0,
dt,US500.cash,us_cash,5,0.5,2024-06-28,6,66,1,5513.4,5470.3,43.1,-1.00835,-1,0.991647,0.00835267,0,
dt,US500.cash,us_cash,5,0.5,2024-06-28,66,77,-1,5470.3,5463.45,43.1,0.151137,0.158933,-0.166729,0.00779582,0,
dt,US500.cash,us_cash,5,0.5,2024-07-01,9,77,-1,5446.4,5473.75,60.5,-0.463967,-0.452066,0.440165,0.0119008,0,
dt,US500.cash,us_cash,5,0.5,2024-07-02,44,77,1,5487.7,5510.85,60.5,0.376694,0.382645,-0.388595,0.00595041,0,
dt,US500.cash,us_cash,5,0.5,2024-07-05,76,77,1,5570.45,5567.45,66.6,-0.0504505,-0.045045,0.0396396,0.00540541,0,
dt,US500.cash,us_cash,5,0.5,2024-07-11,26,77,-1,5582.9,5582.55,100.7,-0.00367428,0.00347567,-0.0106256,0.00714995,0,
dt,US500.cash,us_cash,5,0.5,2024-07-12,14,77,1,5629.85,5618.25,70.6,-0.169405,-0.164306,0.159207,0.00509915,0,
dt,US500.cash,us_cash,5,0.5,2024-07-18,22,77,-1,5561.1,5545.45,83.3,0.179232,0.187875,-0.196519,0.00864346,0,
dt,US500.cash,us_cash,5,0.5,2024-07-24,58,77,-1,5451.9,5429.35,105.7,0.209934,0.21334,-0.216746,0.00340587,0,
dt,US500.cash,us_cash,5,0.5,2024-07-30,26,77,-1,5425.65,5435.85,107.8,-0.101299,-0.0946197,0.0879406,0.00667904,0,
dt,US500.cash,us_cash,5,0.5,2024-08-01,18,77,-1,5481.3,5445.65,120.1,0.290841,0.296836,-0.302831,0.005995,0,
dt,US500.cash,us_cash,5,0.5,2024-08-02,13,77,-1,5308.2,5344.25,128.1,-0.287041,-0.281421,0.2758,0.00562061,0,
dt,US500.cash,us_cash,5,0.5,2024-08-05,34,77,1,5238.55,5190.45,221.6,-0.220307,-0.217058,0.213809,0.0032491,0,
dt,US500.cash,us_cash,5,0.5,2024-08-22,26,77,-1,5588.65,5573.25,94.8,0.154852,0.162447,-0.170042,0.00759494,0,
dt,US500.cash,us_cash,5,0.5,2024-08-23,8,77,1,5640.9,5632.15,69.3,-0.136652,-0.126263,0.115873,0.0103896,0,
dt,US500.cash,us_cash,5,0.5,2024-08-26,51,77,-1,5607.15,5618.55,71.4,-0.166387,-0.159664,0.152941,0.00672269,0,
dt,US500.cash,us_cash,5,0.5,2024-08-28,34,77,-1,5583,5594.05,76.9,-0.153056,-0.143693,0.13433,0.00936281,0,
dt,US500.cash,us_cash,5,0.5,2024-08-30,36,77,-1,5584.25,5650.05,65.8,-1.01094,-1,0.989058,0.0109422,0,
dt,US500.cash,us_cash,5,0.5,2024-08-30,77,77,1,5650.05,5644.95,65.8,-0.0884498,-0.0775076,0.0665653,0.0109422,0,
dt,US500.cash,us_cash,5,0.5,2024-09-03,12,77,-1,5570.15,5530.05,84.6,0.465485,0.473995,-0.482506,0.00851064,0,
dt,US500.cash,us_cash,5,0.5,2024-09-06,17,77,-1,5423.35,5412.15,165.4,0.0633615,0.0677146,-0.0720677,0.00435308,0,
dt,US500.cash,us_cash,5,0.5,2024-09-11,9,77,-1,5426.65,5550.55,134.4,-0.927232,-0.921875,0.916518,0.00535714,0,
dt,US500.cash,us_cash,5,0.5,2024-09-26,17,77,-1,5736.75,5745.25,60.8,-0.151645,-0.139803,0.127961,0.0118421,0,
dt,US500.cash,us_cash,5,0.5,2024-09-27,60,77,-1,5730.3,5734.15,51.5,-0.0887379,-0.0747573,0.0607767,0.0139806,0,
dt,US500.cash,us_cash,5,0.5,2024-09-30,75,77,1,5748.55,5761.85,47.6,0.271849,0.279412,-0.286975,0.00756303,0,
dt,US500.cash,us_cash,5,0.5,2024-10-01,1,77,-1,5724.4,5707.25,60.5,0.27157,0.283471,-0.295372,0.0119008,0,
dt,US500.cash,us_cash,5,0.5,2024-10-07,63,77,-1,5693.85,5698.35,77,-0.0677922,-0.0584416,0.0490909,0.00935065,0,
dt,US500.cash,us_cash,5,0.5,2024-10-09,28,77,1,5789.05,5791.65,76,0.0297895,0.0342105,-0.0386316,0.00442105,0,
dt,US500.cash,us_cash,5,0.5,2024-10-15,73,77,-1,5805.86,5817.05,118.1,-0.0977985,-0.0947502,0.0917019,0.00304826,0,
dt,US500.cash,us_cash,5,0.5,2024-10-21,19,77,-1,5824.8,5855.15,63.1,-0.492393,-0.480983,0.469572,0.0114105,0,
dt,US500.cash,us_cash,5,0.5,2024-10-22,52,77,1,5855.9,5851.65,55.9,-0.0820394,-0.0760286,0.0700179,0.00601073,0,
dt,US500.cash,us_cash,5,0.5,2024-10-23,20,77,-1,5809.06,5797.45,42.5,0.265271,0.273176,-1.00791,0.00790588,0,
dt,US500.cash,us_cash,5,0.5,2024-10-31,8,77,-1,5744.62,5702.65,54.8,0.751423,0.765876,-0.780328,0.0144526,0,
dt,US500.cash,us_cash,5,0.5,2024-11-14,33,77,-1,5965.87,5950.02,45.9,0.337996,0.345316,-0.352636,0.00732026,0,
dt,US500.cash,us_cash,5,0.5,2024-11-15,13,77,-1,5876.57,5871.52,68.49,0.0622427,0.0738064,-0.0853701,0.0115637,0,
dt,US500.cash,us_cash,5,0.5,2024-11-21,1,77,-1,5908.16,5947.62,74.53,-0.540145,-0.529518,0.518892,0.0106266,0,
dt,US500.cash,us_cash,5,0.5,2024-12-09,19,77,-1,6057.37,6055.12,54.1,0.0353789,0.0415896,-0.0478004,0.00621072,0,
dt,US500.cash,us_cash,5,0.5,2024-12-10,68,77,-1,6039.12,6037.02,44.79,0.0394954,0.0469971,-0.0544988,0.00750167,0,
dt,US500.cash,us_cash,5,0.5,2024-12-13,16,77,-1,6042.98,6049.92,56.09,-0.131521,-0.123819,0.116117,0.00770191,0,
dt,US500.cash,us_cash,5,0.5,2024-12-18,13,55,1,6064.62,6025.42,39.21,-1.00857,-1,0.991431,0.00856924,0,
dt,US500.cash,us_cash,5,0.5,2024-12-18,55,77,-1,6025.42,5861.42,39.21,4.16228,4.18248,-1.0202,0.0201989,0,
dt,US500.cash,us_cash,5,0.5,2024-12-20,24,77,1,5950.32,5932.92,223.39,-0.0814137,-0.0778683,0.0743229,0.00354537,0,
dt,US500.cash,us_cash,5,0.5,2025-01-02,40,77,-1,5831.17,5867.12,168.9,-0.217537,-0.212848,0.208159,0.00468917,0,
dt,US500.cash,us_cash,5,0.5,2025-01-07,39,77,-1,5919.17,5909.12,152.89,0.060586,0.0657662,-0.0709464,0.00518019,0,
dt,US500.cash,us_cash,5,0.5,2025-01-10,6,77,-1,5824.67,5826.22,110.89,-0.0210749,-0.0139327,0.00679051,0.00714221,0,
dt,US500.cash,us_cash,5,0.5,2025-01-31,63,77,-1,6040.72,6036.32,105.8,0.0341021,0.0415879,-0.0490737,0.00748582,0,
dt,US500.cash,us_cash,5,0.5,2025-02-03,12,77,1,5985.82,5995.52,82.59,0.107919,0.117508,-0.127098,0.00958954,0,
dt,US500.cash,us_cash,5,0.5,2025-02-12,13,77,1,6045.17,6052.22,73.3,0.0886494,0.0961801,-0.103711,0.0075307,0,
dt,US500.cash,us_cash,5,0.5,2025-02-13,57,77,1,6101.17,6114.62,73.3,0.177599,0.183492,-0.189386,0.00589359,0,
dt,US500.cash,us_cash,5,0.5,2025-02-21,10,77,-1,6085.17,6013.72,60.5,1.17187,1.18099,-1.00912,0.00912397,0,
dt,US500.cash,us_cash,5,0.5,2025-02-27,60,77,-1,5901.31,5863.71,160.8,0.230249,0.233831,-0.237413,0.00358209,0,
dt,US500.cash,us_cash,5,0.5,2025-02-28,77,77,1,5957.56,5950.35,180.41,-0.0439277,-0.0399368,0.0359459,0.00399091,0,
dt,US500.cash,us_cash,5,0.5,2025-03-03,47,77,-1,5901.65,5851.95,145.2,0.337328,0.342287,-0.347245,0.00495868,0,
dt,US500.cash,us_cash,5,0.5,2025-03-10,62,77,-1,5595.27,5615.72,177.7,-0.119539,-0.115082,0.110625,0.00445695,0,
dt,US500.cash,us_cash,5,0.5,2025-03-17,63,77,1,5698.12,5676.52,128.8,-0.172919,-0.167702,0.162484,0.00521739,0,
dt,US500.cash,us_cash,5,0.5,2025-03-20,9,77,1,5694.85,5660.52,114.85,-0.305764,-0.298868,0.291972,0.00689595,0,
dt,US500.cash,us_cash,5,0.5,2025-03-21,77,77,1,5662.87,5663.32,100.5,-0.00340299,0.00447761,-0.0123582,0.0078806,0,
dt,US500.cash,us_cash,5,0.5,2025-03-28,10,77,-1,5624.52,5577.02,104,0.449115,0.456731,-0.464346,0.00761538,0,
dt,US500.cash,us_cash,5,0.5,2025-03-31,74,77,1,5622.87,5611.72,209.1,-0.0571114,-0.0533238,0.0495361,0.00378766,0,
dt,US500.cash,us_cash,5,0.5,2025-04-02,39,77,1,5671.07,5667.12,203.3,-0.0233251,-0.0194294,0.0155337,0.00389572,0,
dt,US500.cash,us_cash,5,0.5,2025-04-04,45,77,-1,5102.77,5073.52,300.5,0.0947022,0.0973378,-0.0999734,0.00263561,0,
dt,US500.cash,us_cash,5,0.5,2025-04-07,9,77,1,5220.62,5064.09,622.4,-0.252863,-0.251494,0.250125,0.00136889,0,
dt,US500.cash,us_cash,5,0.5,2025-04-09,46,77,1,5231.52,5451.99,561.6,0.391165,0.392575,-0.393985,0.00141026,0,
dt,US500.cash,us_cash,5,0.5,2025-04-21,26,77,-1,5134.62,5154.82,189.8,-0.110601,-0.106428,0.102255,0.00417281,0,
dt,US500.cash,us_cash,5,0.5,2025-05-19,26,77,1,5949.92,5961.72,112.2,0.09918,0.105169,-0.111159,0.0059893,0,
dt,US500.cash,us_cash,5,0.5,2025-05-21,67,77,-1,5847.92,5841.72,97,0.0557526,0.0639175,-0.0720825,0.00816495,0,
dt,US500.cash,us_cash,5,0.5,2025-06-02,58,77,1,5926.42,5935.82,79.6,0.108141,0.11809,-0.12804,0.00994975,0,
dt,US500.cash,us_cash,5,0.5,2025-06-03,46,77,1,5980.22,5971.62,93.4,-0.0956745,-0.0920771,0.0884797,0.00359743,0,
dt,US500.cash,us_cash,5,0.5,2025-06-05,69,77,-1,5922.82,5939.02,129.2,-0.131517,-0.125387,0.119257,0.00613003,0,
dt,US500.cash,us_cash,5,0.5,2025-06-12,14,77,1,6040.12,6045.72,61.4,0.0841694,0.0912052,-0.098241,0.00703583,0,
dt,US500.cash,us_cash,5,0.5,2025-06-13,27,61,1,6020.77,5964.27,56.49,-1.0119,-1,0.988104,0.0118959,0,
dt,US500.cash,us_cash,5,0.5,2025-06-13,61,77,-1,5964.27,5976.52,56.49,-0.230784,-0.216764,0.202744,0.0140202,0,
dt,US500.cash,us_cash,5,0.5,2025-06-20,15,77,-1,5968.32,5964.62,74.6,0.0389812,0.0495979,-0.0602145,0.0106166,0,
dt,US500.cash,us_cash,5,0.5,2025-06-23,66,77,1,6017.47,6024.92,86.5,0.0822428,0.0861272,-0.0900116,0.00388439,0,
dt,US500.cash,us_cash,5,0.5,2025-07-07,57,77,-1,6208.23,6229.72,93.59,-0.233262,-0.229672,0.226082,0.00359013,0,
dt,US500.cash,us_cash,5,0.5,2025-07-15,12,77,-1,6271.42,6241.52,49.21,0.59872,0.607498,-0.616277,0.0087787,0,
dt,US500.cash,us_cash,5,0.5,2025-07-16,21,77,-1,6228.43,6262.61,58.39,-0.591214,-0.58546,0.579705,0.00575441,0,
dt,US500.cash,us_cash,5,0.5,2025-07-17,58,77,1,6298.36,6301.72,67.89,0.044469,0.0494182,-0.0543674,0.00494918,0,
dt,US500.cash,us_cash,5,0.5,2025-07-23,77,77,1,6359.67,6362.81,46.1,0.0608243,0.0681128,-0.0754013,0.0072885,0,
dt,US500.cash,us_cash,5,0.5,2025-07-29,73,77,-1,6367.22,6373.12,72.8,-0.0856593,-0.081044,0.0764286,0.00461538,0,
dt,US500.cash,us_cash,5,0.5,2025-07-30,65,77,-1,6358.82,6364.72,41.99,-0.159252,-0.140391,0.121529,0.0188616,0,
dt,US500.cash,us_cash,5,0.5,2025-07-31,17,77,-1,6386.72,6338.02,55.8,0.858566,0.87276,-1.01419,0.0141935,0,
dt,US500.cash,us_cash,5,0.5,2025-08-01,2,77,-1,6240.62,6235.52,80.6,0.0534491,0.0632754,-0.0731017,0.0098263,0,
dt,US500.cash,us_cash,5,0.5,2025-08-07,56,77,-1,6315.41,6343.12,133.8,-0.212123,-0.2071,0.202078,0.00502242,0,
dt,US500.cash,us_cash,5,0.5,2025-08-12,77,77,1,6445.42,6444.42,89.6,-0.0159821,-0.0111607,0.00633929,0.00482143,0,
dt,US500.cash,us_cash,5,0.5,2025-08-19,17,77,-1,6431.37,6412.82,30.9,0.586343,0.600324,-1.01398,0.0139806,0,
dt,US500.cash,us_cash,5,0.5,2025-08-20,4,77,-1,6375.12,6394.62,67,-0.302866,-0.291045,0.279224,0.0118209,0,
dt,US500.cash,us_cash,5,0.5,2025-08-22,6,77,1,6443.17,6466.62,105.1,0.215585,0.223121,-0.230657,0.00753568,0,
dt,US500.cash,us_cash,5,0.5,2025-08-29,7,77,-1,6451.07,6463.42,73.9,-0.177835,-0.167118,0.156401,0.0107172,0,
dt,US500.cash,us_cash,5,0.5,2025-09-05,15,77,-1,6454.22,6482.12,139.8,-0.205236,-0.199571,0.193906,0.00566524,0,
dt,US500.cash,us_cash,5,0.5,2025-09-17,62,77,-1,6573.8,6600.27,70.75,-0.383703,-0.374205,0.364707,0.00949823,0,
dt,US500.cash,us_cash,5,0.5,2025-09-24,29,77,-1,6628.52,6635.67,83.9,-0.0903695,-0.0852205,0.0800715,0.00514899,0,
dt,US500.cash,us_cash,5,0.5,2025-10-01,58,77,1,6712.92,6709.47,115.7,-0.0316854,-0.0298185,0.0279516,0.0018669,0,
dt,US500.cash,us_cash,5,0.5,2025-10-07,25,77,-1,6706.32,6714.97,86.5,-0.107769,-0.1,0.0922312,0.00776879,0,
dt,US500.cash,us_cash,5,0.5,2025-10-08,23,77,1,6750.17,6754.87,47.6,0.0942017,0.0987395,-0.103277,0.00453782,0,
dt,US500.cash,us_cash,5,0.5,2025-10-09,12,77,-1,6731.61,6735.67,55.1,-0.0793466,-0.0736842,0.0680218,0.00566243,0,
dt,US500.cash,us_cash,5,0.5,2025-10-10,17,77,-1,6715.62,6550.97,55.1,2.98428,2.9882,-1.00392,0.00392015,0,
dt,US500.cash,us_cash,5,0.5,2025-10-17,68,77,1,6677.57,6665.97,121.2,-0.0992739,-0.0957096,0.0921452,0.00356436,0,
dt,US500.cash,us_cash,5,0.5,2025-10-22,36,77,-1,6669.97,6699.87,144.2,-0.212011,-0.207351,0.202691,0.00466019,0,
dt,US500.cash,us_cash,5,0.5,2025-10-31,41,77,-1,6821.97,6841.27,98.6,-0.201339,-0.19574,0.190142,0.00559838,0,
dt,US500.cash,us_cash,5,0.5,2025-11-03,11,77,-1,6829.47,6855.57,98.6,-0.271521,-0.264706,0.25789,0.00681542,0,
dt,US500.cash,us_cash,5,0.5,2025-11-05,36,77,1,6824.07,6796.97,107.8,-0.253395,-0.251391,0.249388,0.00200371,0,
dt,US500.cash,us_cash,5,0.5,2025-11-06,14,77,-1,6732.08,6723.07,104.79,0.0795209,0.0859338,-0.0923466,0.00641283,0,
dt,US500.cash,us_cash,5,0.5,2025-11-14,15,77,1,6735.52,6736.97,130.3,0.00597084,0.0111282,-0.0162855,0.00515733,0,
dt,US500.cash,us_cash,5,0.5,2025-11-20,25,77,-1,6662.82,6537.67,163.5,0.761333,0.765443,-0.769554,0.00411009,0,
dt,US500.cash,us_cash,5,0.5,2025-12-04,58,77,-1,6830.87,6856.57,70.8,-0.369096,-0.362994,0.356893,0.00610169,0,
dt,US500.cash,us_cash,5,0.5,2025-12-05,8,77,1,6893.62,6867.37,55.5,-0.478595,-0.472973,0.467351,0.00562162,0,
dt,US500.cash,us_cash,5,0.5,2025-12-08,18,77,-1,6843.12,6848.47,68.1,-0.0849046,-0.0785609,0.0722173,0.00634361,0,
dt,US500.cash,us_cash,5,0.5,2025-12-10,55,77,1,6863.65,6886.17,54.34,0.402061,0.414428,-0.426794,0.0123666,0,
dt,US500.cash,us_cash,5,0.5,2025-12-11,49,77,1,6893.42,6902.47,62.5,0.13616,0.1448,-0.15344,0.00864,0,
dt,US500.cash,us_cash,5,0.5,2025-12-12,11,77,-1,6852.07,6827.37,78.8,0.304924,0.313452,-0.32198,0.00852792,0,
dt,US500.cash,us_cash,5,0.5,2025-12-15,9,77,-1,6816.92,6816.97,101.3,-0.00712734,-0.000493583,-0.00614018,0.00663376,0,
dt,US500.cash,us_cash,5,0.5,2025-12-17,50,77,-1,6735.67,6721.27,144,0.0953333,0.1,-0.104667,0.00466667,0,
dt,US500.cash,us_cash,5,0.5,2025-12-31,66,77,-1,6865.22,6846.17,65.7,0.281735,0.289954,-0.298174,0.00821918,0,
dt,US500.cash,us_cash,5,0.5,2026-01-02,18,77,-1,6833.09,6856.47,97.96,-0.245529,-0.238669,0.231809,0.00685994,0,
dt,US500.cash,us_cash,5,0.5,2026-01-06,56,77,1,6945.29,6943.98,81.24,-0.022772,-0.0161251,0.00947809,0.00664697,0,
dt,US500.cash,us_cash,5,0.5,2026-01-09,20,77,1,6961.05,6965.13,61.76,0.0573187,0.0660622,-0.0748057,0.00874352,0,
dt,US500.cash,us_cash,5,0.5,2026-01-12,5,77,1,6963,6977.33,65.46,0.210663,0.218912,-0.227162,0.00824931,0,
dt,US500.cash,us_cash,5,0.5,2026-01-13,72,77,-1,6940.94,6961.93,77.66,-0.277234,-0.270281,0.263327,0.00695339,0,
dt,US500.cash,us_cash,5,0.5,2026-01-14,15,77,-1,6894.54,6929.37,77.66,-0.455601,-0.448493,0.441386,0.00710791,0,
dt,US500.cash,us_cash,5,0.5,2026-01-20,60,77,-1,6797.39,6799.57,76.36,-0.0356207,-0.028549,0.0214772,0.00707177,0,
dt,US500.cash,us_cash,5,0.5,2026-01-21,64,77,1,6908.1,6877.37,179.66,-0.174786,-0.171045,0.167305,0.0037404,0,
dt,US500.cash,us_cash,5,0.5,2026-01-29,5,77,-1,6942.59,6962.37,87.76,-0.233045,-0.225387,0.21773,0.00765725,0,
dt,US500.cash,us_cash,5,0.5,2026-02-02,8,77,1,6972.98,6977.17,109.41,0.0334065,0.038342,-0.0432776,0.00493556,0,
dt,US500.cash,us_cash,5,0.5,2026-02-03,11,77,-1,6930.77,6915.97,107.6,0.131301,0.137546,-0.143792,0.00624535,0,
dt,US500.cash,us_cash,5,0.5,2026-02-04,27,77,-1,6867.07,6882.77,115.4,-0.140832,-0.136049,0.131265,0.00478336,0,
dt,US500.cash,us_cash,5,0.5,2026-02-06,76,77,1,6933.97,6928.07,198.8,-0.0323944,-0.0296781,0.0269618,0.0027163,0,
dt,US500.cash,us_cash,5,0.5,2026-02-12,19,77,-1,6894.92,6830.97,132.5,0.47757,0.482642,-0.487713,0.0050717,0,
dt,US500.cash,us_cash,5,0.5,2026-02-20,6,77,1,6890.02,6910.17,104.3,0.18675,0.193193,-0.199636,0.00644295,0,
dt,US500.cash,us_cash,5,0.5,2026-02-23,18,77,-1,6827.42,6840.57,135.1,-0.101421,-0.0973353,0.0932494,0.00408586,0,
dt,US500.cash,us_cash,5,0.5,2026-02-24,11,77,1,6879.62,6889.67,89.9,0.104316,0.111791,-0.119266,0.00747497,0,
dt,US500.cash,us_cash,5,0.5,2026-02-26,9,77,-1,6883.79,6909.57,131.16,-0.201677,-0.196554,0.19143,0.00512351,0,
dt,US500.cash,us_cash,5,0.5,2026-03-02,8,77,1,6867.05,6877.97,131.16,0.0781336,0.0832571,-0.0883806,0.00512351,0,
dt,US500.cash,us_cash,5,0.5,2026-03-03,63,77,1,6840.45,6817.47,152.36,-0.155238,-0.150827,0.146416,0.00441061,0,
dt,US500.cash,us_cash,5,0.5,2026-03-09,70,77,1,6754.16,6796.67,155.78,0.268571,0.272885,-0.277199,0.00431378,0,
dt,US500.cash,us_cash,5,0.5,2026-03-18,74,77,-1,6630.72,6623.73,121.7,0.0520131,0.0574363,-0.0628595,0.00542317,0,
dt,US500.cash,us_cash,5,0.5,2026-03-20,61,77,-1,6511.39,6511.77,158.96,-0.00654253,-0.00239054,-0.00176145,0.00415199,0,
dt,US500.cash,us_cash,5,0.5,2026-03-26,77,77,-1,6473.12,6475.13,141.5,-0.0188693,-0.0142049,0.00954064,0.00466431,0,
dt,US500.cash,us_cash,5,0.5,2026-03-27,75,77,-1,6358.4,6363.47,178.14,-0.0321657,-0.0284608,0.0247558,0.00370495,0,
dt,US500.cash,us_cash,5,0.5,2026-04-23,50,77,-1,7073.83,7107.53,85.11,-0.403913,-0.396017,0.388121,0.00789566,0,
dt,US500.cash,us_cash,5,0.5,2026-04-30,5,60,-1,7136.4,7205.15,68.75,-1.00977,-1,0.990225,0.00977455,0,
dt,US500.cash,us_cash,5,0.5,2026-04-30,60,77,1,7205.15,7206.67,68.75,0.0125818,0.0221818,-0.0317818,0.0096,0,
dt,US500.cash,us_cash,5,0.5,2026-05-13,56,77,1,7452.66,7445.13,94.66,-0.0865202,-0.0795479,0.0725755,0.00697232,0,
dt,US500.cash,us_cash,5,0.5,2026-05-14,29,77,1,7511.25,7503.13,106.45,-0.082527,-0.0763269,0.0701268,0.00620009,0,
dt,US500.cash,us_cash,5,0.5,2026-05-21,50,77,1,7453.15,7445.07,97.55,-0.0895438,-0.0827781,0.0760123,0.00676576,0,
dt,US500.cash,us_cash,5,0.5,2026-06-01,50,77,1,7610.85,7602.03,81.35,-0.116472,-0.108359,0.100246,0.00811309,0,
dt,US500.cash,us_cash,5,0.5,2026-06-04,19,77,1,7566.47,7586.68,60.6,0.322607,0.333498,-0.344389,0.0108911,0,
dt,US500.cash,us_cash,5,0.5,2026-06-05,6,77,-1,7495.25,7387.77,81.05,1.31789,1.32603,-1.00814,0.00814312,0,
dt,US500.cash,us_cash,5,0.5,2026-06-09,23,77,-1,7338.14,7382.97,218.85,-0.207891,-0.204821,0.20175,0.0030706,0,
dt,US500.cash,us_cash,5,0.5,2026-06-25,4,77,-1,7332.97,7360.87,168.41,-0.169687,-0.165697,0.161707,0.00399026,0,
dt,US500.cash,us_cash,5,0.5,2026-07-16,69,77,-1,7519.55,7533.3,68.6,-0.210933,-0.200437,0.189942,0.0104956,0,
dt,US500.cash,us_cash,5,0.5,2026-07-17,6,77,1,7476.5,7456.35,68.1,-0.306461,-0.295888,0.285316,0.0105727,0,
dt,US500.cash,us_cash,5,0.5,2026-07-23,24,77,-1,7377.88,7405.95,78.35,-0.367518,-0.358328,0.349138,0.00918953,0,
dt,US500.cash,us_cash,5,0.5,2026-07-27,11,77,-1,7406.73,7414.95,132.45,-0.0675349,-0.0620989,0.0566629,0.00543601,0,
dt,US500.cash,us_cash,5,0.5,2026-07-29,8,77,-1,7386.82,7317.65,72.25,0.947474,0.957439,-1.00997,0.0099654,0,
dt,US500.cash,us_cash,5,0.5,2026-08-11,44,77,-1,7726.23,7726.75,84.55,-0.014725,-0.00620934,-0.00230633,0.00851567,0,
dt,US500.cash,us_cash,5,0.5,2026-08-12,12,77,-1,7739.02,7748.3,64.95,-0.153888,-0.142802,0.131717,0.0110855,0,
dt,US500.cash,us_cash,5,0.5,2026-08-13,4,77,1,7794.75,7801.3,46.9,0.124307,0.139659,-0.155011,0.0153518,0,
dt,US500.cash,us_cash,5,0.5,2026-08-27,18,77,1,7723.2,7728.75,41.8,0.11555,0.132775,-0.15,0.0172249,0,
dt,US500.cash,us_cash,5,0.5,2026-09-16,64,77,-1,7560.52,7552.75,90.25,0.0781717,0.0861496,-0.0941274,0.00797784,0,
dt,US500.cash,us_cash,5,0.5,2026-09-21,56,77,1,7764.5,7764.55,141.1,-0.00474841,0.000354359,-0.00545712,0.00510276,0,
dt,US500.cash,us_cash,5,0.5,2026-09-29,23,77,-1,7655.4,7673.25,82.7,-0.224547,-0.21584,0.207134,0.00870617,0,
dt,US500.cash,us_cash,5,0.5,2026-10-01,18,77,-1,7621.48,7669.15,100.35,-0.482262,-0.475087,0.467912,0.00717489,0,
dt,US500.cash,us_cash,5,0.5,2026-10-05,59,77,1,7779.45,7779.05,107.2,-0.0104478,-0.00373134,-0.00298507,0.00671642,0,
rb,US500.cash,us_cash,5,0,2021-09-20,0,77,-1,4367,4360,78,0.0897436,0.0897436,-0.0897436,0,,0
rb,US500.cash,us_cash,5,0,2021-09-22,64,77,-1,4385.63,4396.8,33.1667,-0.336683,-0.336683,0.336683,0,,1
rb,US500.cash,us_cash,5,0,2021-09-28,0,77,-1,4414.4,4356.4,33.0333,1.7558,1.7558,-1,0,,0
rb,US500.cash,us_cash,5,0,2021-09-30,32,62,-1,4318.18,4349.93,50.8333,-0.633797,-0.62459,0.615384,0.00920656,,0
rb,US500.cash,us_cash,5,0,2021-09-30,62,77,1,4349.93,4316.3,33.6333,-1.01391,-1,0.986085,0.0139148,,1
rb,US500.cash,us_cash,5,0,2021-10-14,27,77,1,4430.9,4440.35,72.9,0.12321,0.12963,-0.136049,0.00641975,,0
rb,US500.cash,us_cash,5,0,2021-10-20,45,77,-1,4531.62,4540.7,12.0833,-0.790455,-0.751724,0.712993,0.038731,,1
rb,US500.cash,us_cash,5,0,2021-10-26,30,77,-1,4584.58,4575.75,16.6667,0.50192,0.53,-0.55808,0.02808,,1
rb,US500.cash,us_cash,5,0,2021-11-02,31,77,-1,4626.88,4634.65,10.7667,-0.76483,-0.721362,0.677895,0.0434675,,1
rb,US500.cash,us_cash,5,0,2021-11-03,75,77,1,4663.85,4663.65,34.25,-0.0195036,-0.00583942,-0.00782482,0.0136642,,0
rb,US500.cash,us_cash,5,0,2021-11-05,0,47,1,4711.87,4691.77,33.3333,-0.61704,-0.603,0.58896,0.01404,,0
rb,US500.cash,us_cash,5,0,2021-11-05,47,77,-1,4691.77,4700.25,30.2333,-0.296075,-0.280595,0.265116,0.0154796,,1
rb,US500.cash,us_cash,5,0,2021-11-09,31,77,-1,4675.28,4688.9,31.3333,-0.449511,-0.434574,0.419638,0.0149362,,0
rb,US500.cash,us_cash,5,0,2021-11-10,63,77,-1,4634.9,4650.65,56.25,-0.28832,-0.28,0.27168,0.00832,,0
rb,US500.cash,us_cash,5,0,2021-11-12,21,77,1,4677.48,4686.5,20.6667,0.413645,0.43629,-0.458935,0.0226452,,0
rb,US500.cash,us_cash,5,0,2021-11-18,13,77,1,4686.4,4709.5,10.65,2.12507,2.16901,-1.04394,0.0439437,,1
rb,US500.cash,us_cash,5,0,2021-11-22,5,28,1,4739.73,4715.73,33.1667,-0.737729,-0.723618,0.709508,0.0141106,,0
rb,US500.cash,us_cash,5,0,2021-11-22,28,77,-1,4715.73,4688.2,32.4667,0.833634,0.848049,-0.862464,0.0144148,,1
rb,US500.cash,us_cash,5,0,2021-11-29,12,77,-1,4635.08,4659,59.0833,-0.412717,-0.404795,0.396874,0.00792102,,0
rb,US500.cash,us_cash,5,0,2021-11-30,18,77,-1,4584.92,4569.2,70.6667,0.215783,0.222406,-0.229028,0.00662264,,0
rb,US500.cash,us_cash,5,0,2021-12-14,2,14,1,4660.72,4637.75,22.9667,-1.02038,-1,0.979623,0.0203774,,1
rb,US500.cash,us_cash,5,0,2021-12-14,29,77,-1,4617.02,4643.5,71.6667,-0.376065,-0.369535,0.363005,0.00653023,,0
rb,US500.cash,us_cash,5,0,2021-12-17,14,77,1,4639.2,4621.6,35.6,-0.507528,-0.494382,0.481236,0.0131461,,1
rb,US500.cash,us_cash,5,0,2021-12-21,11,26,-1,4589.03,4617.15,28.1167,-1.01664,-1,0.983355,0.0166449,,1
rb,US500.cash,us_cash,5,0,2021-12-21,35,77,1,4632.03,4652.9,70.6667,0.28866,0.295283,-0.301906,0.00662264,,0
rb,US500.cash,us_cash,5,0,2021-12-27,44,77,1,4781.37,4796.65,54.3333,0.272675,0.281288,-0.289902,0.0086135,,0
rb,US500.cash,us_cash,5,0,2022-01-03,3,77,-1,4785.82,4799.25,13.4333,-1.03484,-1,-1.03484,0.0348387,,1
rb,US500.cash,us_cash,5,0,2022-01-05,63,77,-1,4731.87,4704.8,66.1667,0.401995,0.409068,-0.416141,0.00707305,,0
rb,US500.cash,us_cash,5,0,2022-01-10,4,76,-1,4614.03,4659.28,70.5833,-0.647717,-0.641086,0.634456,0.00663046,,0
rb,US500.cash,us_cash,5,0,2022-01-10,76,77,1,4659.28,4673.95,75.8333,0.187235,0.193407,-0.199578,0.00617143,,1
rb,US500.cash,us_cash,5,0,2022-01-13,75,77,-1,4663.42,4662.7,65.4167,0.00380127,0.0109554,-0.0181096,0.00715414,,0
rb,US500.cash,us_cash,5,0,2022-01-18,39,77,-1,4577.5,4582.4,71.8,-0.0747632,-0.0682451,0.061727,0.00651811,,0
rb,US500.cash,us_cash,5,0,2022-01-24,26,72,-1,4261.6,4362.1,167.5,-0.602794,-0.6,0.597206,0.00279403,,0
rb,US500.cash,us_cash,5,0,2022-01-24,72,77,1,4362.1,4416.15,139.25,0.38479,0.388151,-0.391512,0.00336086,,1
rb,US500.cash,us_cash,5,0,2022-02-03,43,77,-1,4503.95,4480.25,70.5,0.329532,0.33617,-0.342809,0.0066383,,0
rb,US500.cash,us_cash,5,0,2022-02-10,0,5,-1,4528.2,4566.95,50,-0.78436,-0.775,0.76564,0.00936,,0
rb,US500.cash,us_cash,5,0,2022-02-10,5,47,1,4566.95,4527.95,39,-1.012,-1,0.988,0.012,,1
rb,US500.cash,us_cash,5,0,2022-02-16,54,77,1,4449.35,4473.33,21.27,1.10597,1.12741,-1.02144,0.0214386,,1
rb,US500.cash,us_cash,5,0,2022-02-17,69,77,-1,4376.91,4377.03,86.5833,-0.00661405,-0.00134745,-0.00391915,0.0052666,,0
rb,US500.cash,us_cash,5,0,2022-02-18,54,77,1,4351.06,4350.63,26.4333,-0.0336444,-0.0163934,-1.01725,0.0172509,,1
rb,US500.cash,us_cash,5,0,2022-02-22,64,77,1,4318.95,4307.13,53.8167,-0.228046,-0.219573,0.211099,0.00847321,,1
rb,US500.cash,us_cash,5,0,2022-02-24,10,77,1,4185.63,4289.13,73.55,1.40101,1.40721,-1.0062,0.00619986,,1
rb,US500.cash,us_cash,5,0,2022-03-04,42,77,1,4332.15,4325.23,48.2167,-0.152907,-0.14345,0.133992,0.00945731,,1
rb,US500.cash,us_cash,5,0,2022-03-07,33,77,-1,4237.8,4199.53,78.3167,0.482792,0.488615,-0.494437,0.00582252,,0
rb,US500.cash,us_cash,5,0,2022-03-16,54,77,-1,4295.56,4349.01,53.4467,-1.00853,-1,0.991468,0.00853187,,1
rb,US500.cash,us_cash,5,0,2022-03-29,8,67,-1,4596.96,4630.63,33.6667,-1.01354,-1,0.986455,0.0135446,,1
rb,US500.cash,us_cash,5,0,2022-03-31,77,77,-1,4534.71,4535.58,71.5833,-0.0184773,-0.0121071,0.0057369,0.0063702,,0
rb,US500.cash,us_cash,5,0,2022-04-06,54,56,1,4496.81,4461.83,34.9833,-1.01303,-1,0.986965,0.0130348,,1
rb,US500.cash,us_cash,5,0,2022-04-11,71,77,-1,4425.5,4416.43,71.6667,0.120149,0.126512,-0.132874,0.00636279,,0
rb,US500.cash,us_cash,5,0,2022-04-19,28,77,1,4456.26,4465.83,63.4167,0.143664,0.150854,-0.158045,0.00719054,,0
rb,US500.cash,us_cash,5,0,2022-04-21,16,77,-1,4486,4394.88,29.8833,3.03382,3.04908,-1.01526,0.0152593,,1
rb,US500.cash,us_cash,5,0,2022-05-04,67,77,1,4258.28,4303.28,84,0.530286,0.535714,-0.541143,0.00542857,,0
rb,US500.cash,us_cash,5,0,2022-05-09,75,77,-1,3985.75,3993.08,131.417,-0.059272,-0.0558022,0.0523323,0.00346988,,0
rb,US500.cash,us_cash,5,0,2022-05-17,58,63,-1,4044.6,4083.23,38.6333,-1.0118,-1,0.988197,0.0118033,,1
rb,US500.cash,us_cash,5,0,2022-05-18,21,77,-1,3994.81,3927.83,77.3333,0.860267,0.866164,-1.0059,0.00589655,,0
rb,US500.cash,us_cash,5,0,2022-05-20,73,77,1,3869.03,3902.23,58.3,0.561647,0.569468,-0.57729,0.00782161,,1
rb,US500.cash,us_cash,5,0,2022-05-24,33,77,1,3928.83,3945.73,53.72,0.306106,0.314594,-0.323083,0.00848846,,1
rb,US500.cash,us_cash,5,0,2022-06-06,21,77,-1,4135.38,4120.78,34.4,0.411163,0.424419,-0.437674,0.0132558,,1
rb,US500.cash,us_cash,5,0,2022-06-09,74,77,-1,4040.43,4016.13,87.25,0.273284,0.27851,-0.283736,0.00522636,,0
rb,US500.cash,us_cash,5,0,2022-06-13,0,77,-1,3799.63,3753.03,119.25,0.386952,0.390776,-0.3946,0.0038239,,0
rb,US500.cash,us_cash,5,0,2022-06-15,65,72,-1,3779.26,3828.58,49.3167,-1.00925,-1,0.990754,0.00924637,,1
rb,US500.cash,us_cash,5,0,2022-06-21,68,77,1,3782.66,3767.58,108.417,-0.14333,-0.139124,0.134918,0.004206,,0
rb,US500.cash,us_cash,5,0,2022-06-24,6,77,1,3880.05,3918.35,97.1,0.390237,0.394439,-0.398641,0.00420185,,0
rb,US500.cash,us_cash,5,0,2022-06-30,1,34,-1,3762.15,3800.9,58,-0.675138,-0.668103,0.661069,0.00703448,,0
rb,US500.cash,us_cash,5,0,2022-06-30,34,77,1,3800.9,3788.5,60.15,-0.212934,-0.206151,0.199368,0.00678304,,1
rb,US500.cash,us_cash,5,0,2022-07-12,73,77,-1,3809.33,3823.1,53.5833,-0.264535,-0.256921,0.249306,0.00761431,,0
rb,US500.cash,us_cash,5,0,2022-07-13,3,77,1,3792.93,3802.8,32.6333,0.289847,0.302349,-1.0125,0.0125026,,1
rb,US500.cash,us_cash,5,0,2022-07-14,26,77,1,3764.3,3792.35,42.45,0.651166,0.660777,-0.670389,0.00961131,,1
rb,US500.cash,us_cash,5,0,2022-07-18,45,77,-1,3880.03,3832.35,23.6667,1.99755,2.01479,-1.01724,0.0172394,,1
rb,US500.cash,us_cash,5,0,2022-07-26,30,77,-1,3917.25,3921.4,46.25,-0.0985514,-0.0897297,0.0809081,0.00882162,,0
rb,US500.cash,us_cash,5,0,2022-07-27,54,77,1,3987.57,4023.7,58.3333,0.612434,0.619429,-0.626423,0.00699429,,0
rb,US500.cash,us_cash,5,0,2022-08-05,0,6,-1,4107.2,4138.07,42.9333,-0.728447,-0.718944,0.709441,0.00950311,,0
rb,US500.cash,us_cash,5,0,2022-08-05,6,77,1,4138.07,4145.03,31.3667,0.20899,0.221998,-0.235005,0.0130074,,1
rb,US500.cash,us_cash,5,0,2022-08-08,25,77,-1,4162.75,4140.7,23.9467,0.915924,0.920935,-1.00501,0.00501114,,1
rb,US500.cash,us_cash,5,0,2022-08-10,0,77,1,4196.8,4209.1,72.6667,0.167615,0.169266,-0.170917,0.00165138,,0
rb,US500.cash,us_cash,5,0,2022-08-11,9,28,1,4255.53,4221.23,56.4667,-0.609563,-0.607438,0.605313,0.00212515,,0
rb,US500.cash,us_cash,5,0,2022-08-11,28,77,-1,4221.23,4209.7,37.1667,0.307085,0.310314,-0.313543,0.0032287,,1
rb,US500.cash,us_cash,5,0,2022-08-17,54,77,1,4279.74,4273.91,27.0333,-0.228212,-0.215783,0.203354,0.0124291,,1
rb,US500.cash,us_cash,5,0,2022-08-19,5,77,-1,4234.84,4227.91,44.8333,0.147152,0.154647,-0.162141,0.00749442,,0
rb,US500.cash,us_cash,5,0,2022-08-22,0,77,-1,4171.29,4140.4,63.65,0.480031,0.48531,-0.490589,0.00527887,,0
rb,US500.cash,us_cash,5,0,2022-08-25,22,74,-1,4159.85,4183.96,24.1133,-1.01393,-1,0.986066,0.0139342,,1
rb,US500.cash,us_cash,5,0,2022-08-25,77,77,1,4197.56,4200.96,57.9333,0.0529459,0.0587457,-0.0645455,0.00579977,,0
rb,US500.cash,us_cash,5,0,2022-08-26,22,77,-1,4107.69,4058.1,74.9133,0.655602,0.662009,-0.668417,0.0064074,,0
rb,US500.cash,us_cash,5,0,2022-08-30,51,77,-1,3964.25,3985.9,72.9333,-0.301737,-0.296801,0.291865,0.00493601,,0
rb,US500.cash,us_cash,5,0,2022-09-01,58,77,1,3934.2,3966.8,31.4,1.02752,1.03822,-1.0107,0.0107006,,1
rb,US500.cash,us_cash,5,0,2022-09-02,34,77,-1,3990.47,3925.5,28.4333,2.27222,2.28488,-1.01266,0.0126612,,1
rb,US500.cash,us_cash,5,0,2022-09-08,15,77,1,3997.9,4006.2,84.3,0.0941874,0.0984579,-0.102728,0.00427046,,0
rb,US500.cash,us_cash,5,0,2022-09-12,32,77,-1,4087.17,4110.9,32.2867,-0.749742,-0.734875,0.720008,0.0148668,,1
rb,US500.cash,us_cash,5,0,2022-09-13,0,77,-1,4018.8,3932.1,86.7533,0.993852,0.999385,-1.00553,0.00553293,,0
rb,US500.cash,us_cash,5,0,2022-09-16,0,77,-1,3857.2,3870.7,82.6,-0.169249,-0.163438,0.157627,0.00581114,,0
rb,US500.cash,us_cash,5,0,2022-09-21,77,77,-1,3793.48,3787,86.6533,0.0678951,0.0748192,-0.0817433,0.00692414,,0
rb,US500.cash,us_cash,5,0,2022-09-23,2,77,-1,3698.23,3693.4,67.0333,0.0631527,0.0721034,-0.0810542,0.00895077,,0
rb,US500.cash,us_cash,5,0,2022-10-07,6,77,-1,3663.07,3639.4,96.8667,0.238128,0.244322,-0.250516,0.00619408,,0
rb,US500.cash,us_cash,5,0,2022-10-13,0,19,-1,3500.9,3563.67,85.3333,-0.742578,-0.735547,0.728516,0.00703125,,0
rb,US500.cash,us_cash,5,0,2022-10-13,19,77,1,3563.67,3670.5,73.7667,1.44013,1.44826,-1.00813,0.00813376,,1
rb,US500.cash,us_cash,5,0,2022-10-18,0,22,1,3762,3696.4,88.3,-0.746727,-0.742922,0.739117,0.00380521,,0
rb,US500.cash,us_cash,5,0,2022-10-18,22,77,-1,3696.4,3722.1,68.7,-0.381077,-0.37409,0.367103,0.0069869,,1
rb,US500.cash,us_cash,5,0,2022-10-28,66,77,1,3902.17,3901.1,77.6333,-0.0180678,-0.0137398,0.00941176,0.00432804,,0
rb,US500.cash,us_cash,5,0,2022-11-01,4,30,-1,3889.57,3858.01,24.2867,1.27971,1.29948,-1.01976,0.0197639,,1
rb,US500.cash,us_cash,5,0,2022-11-01,30,77,1,3858.01,3855.1,15.4133,-0.21237,-0.189014,0.165657,0.0233564,,1
rb,US500.cash,us_cash,5,0,2022-11-02,67,70,1,3827.18,3799,28.18,-1.02129,-1,0.978708,0.0212917,,1
rb,US500.cash,us_cash,5,0,2022-11-04,2,10,-1,3746.37,3781.5,35.1333,-1.01708,-1,0.982922,0.0170778,,1
rb,US500.cash,us_cash,5,0,2022-11-08,47,77,-1,3827.07,3828.2,32.7367,-0.0490785,-0.034416,-1.01466,0.0146625,,1
rb,US500.cash,us_cash,5,0,2022-11-10,0,77,1,3887.3,3953.8,117.367,0.562511,0.5666,-0.57069,0.00408975,,0
rb,US500.cash,us_cash,5,0,2022-11-15,45,77,-1,3993.11,3991.6,36.7933,0.0318174,0.0409494,-1.00913,0.00913209,,1
rb,US500.cash,us_cash,5,0,2022-11-17,0,40,-1,3907.9,3948.04,58.12,-0.696421,-0.69064,0.684859,0.00578114,,0
rb,US500.cash,us_cash,5,0,2022-11-17,40,77,1,3948.04,3948.3,42.24,-0.00179924,0.0061553,-0.0141098,0.00795455,,1
rb,US500.cash,us_cash,5,0,2022-11-22,66,77,1,3995.27,4003.56,46.9333,0.169545,0.176705,-0.183864,0.00715909,,0
rb,US500.cash,us_cash,5,0,2022-11-28,53,77,-1,3970.35,3963.91,49.6833,0.122925,0.129688,-0.136451,0.00676283,,0
rb,US500.cash,us_cash,5,0,2022-11-30,55,77,1,4017.06,4077,60.1833,0.986043,0.996012,-1.00997,0.00996954,,0
rb,US500.cash,us_cash,5,0,2022-12-08,21,77,-1,3953.51,3963.31,20.4033,-0.496945,-0.480477,0.464009,0.0164679,,1
rb,US500.cash,us_cash,5,0,2022-12-13,0,33,1,4104.4,4007.61,132.593,-0.732485,-0.729951,0.727417,0.00253406,,0
rb,US500.cash,us_cash,5,0,2022-12-13,33,77,-1,4007.61,4020.5,97.2867,-0.138628,-0.132461,0.126293,0.00616734,,1
rb,US500.cash,us_cash,5,0,2022-12-21,18,77,1,3887.29,3878.5,69,-0.132261,-0.127391,0.122522,0.00486957,,0
rb,US500.cash,us_cash,5,0,2022-12-22,25,77,-1,3802.35,3823.7,68.1833,-0.318005,-0.313077,0.30815,0.00492789,,0
rb,US500.cash,us_cash,5,0,2022-12-28,42,68,1,3811.97,3788.01,23.9567,-1.01403,-1,0.985975,0.0140253,,1
rb,US500.cash,us_cash,5,0,2023-01-03,3,77,-1,3851.53,3823.56,27.07,1.01108,1.03325,-1.02216,0.0221648,,1
rb,US500.cash,us_cash,5,0,2023-01-06,1,1,-1,3825.44,3850.1,24.66,-1.02433,-1,0.975669,0.0243309,,1
rb,US500.cash,us_cash,5,0,2023-01-06,13,77,1,3855.65,3894.1,42.38,0.89311,0.907268,-1.01416,0.0141576,,0
rb,US500.cash,us_cash,5,0,2023-01-12,64,77,-1,3982.58,3982.16,14.83,0.00566419,0.028321,-0.0509777,0.0226568,,1
rb,US500.cash,us_cash,5,0,2023-01-18,40,77,-1,3945.88,3928.91,51.2667,0.324395,0.330949,-0.337503,0.00655397,,0
rb,US500.cash,us_cash,5,0,2023-01-20,66,77,1,3958.84,3970.81,55.9667,0.207814,0.213818,-0.219821,0.00600357,,0
rb,US500.cash,us_cash,5,0,2023-01-25,5,44,-1,3958.09,3993.7,50.8167,-0.712561,-0.700754,0.688947,0.0118071,,0
rb,US500.cash,us_cash,5,0,2023-01-25,44,77,1,3993.7,4017.46,45.5967,0.513795,0.521164,-0.528533,0.00736896,,1
rb,US500.cash,us_cash,5,0,2023-02-07,41,45,1,4158,4126.14,48.88,-0.664075,-0.6518,0.639525,0.012275,,0
rb,US500.cash,us_cash,5,0,2023-02-07,45,75,-1,4126.14,4164.1,37.96,-1.01581,-1,-1.01581,0.0158061,,1
rb,US500.cash,us_cash,5,0,2023-02-13,48,77,1,4136.17,4138.4,54.6867,0.0345727,0.0407168,-0.0468609,0.00614409,,0
rb,US500.cash,us_cash,5,0,2023-02-16,13,77,1,4117.92,4090.4,30.32,-0.919525,-0.907652,0.895778,0.0118734,,1
rb,US500.cash,us_cash,5,0,2023-02-17,9,40,1,4073,4047.9,25.0967,-1.02391,-1,0.976092,0.0239076,,1
rb,US500.cash,us_cash,5,0,2023-02-21,8,77,-1,4023.25,3998.4,46.3033,0.523792,0.53675,-0.549708,0.012958,,0
rb,US500.cash,us_cash,5,0,2023-02-27,24,77,-1,3984.9,3982.2,33.7,0.0701484,0.0801187,-0.090089,0.00997033,,1
rb,US500.cash,us_cash,5,0,2023-03-01,13,19,1,3956.86,3945.7,11.1633,-1.05375,-1,0.946253,0.0537474,,1
rb,US500.cash,us_cash,5,0,2023-03-07,29,77,-1,4001.34,3986.8,55.7333,0.250179,0.260945,-0.271711,0.0107656,,0
rb,US500.cash,us_cash,5,0,2023-03-09,60,77,-1,3943.22,3917.4,44.4833,0.572424,0.580517,-0.58861,0.00809292,,0
rb,US500.cash,us_cash,5,0,2023-03-15,59,77,1,3881.06,3895.9,45.7633,0.311093,0.324204,-0.337315,0.0131109,,1
rb,US500.cash,us_cash,5,0,2023-03-21,74,77,1,4008.8,4005.31,67.4,-0.0567656,-0.0517804,0.0467953,0.00498516,,0
rb,US500.cash,us_cash,5,0,2023-03-22,64,77,-1,4020.05,3934.9,19.9533,4.23722,4.26729,-1.03007,0.0300702,,1
rb,US500.cash,us_cash,5,0,2023-03-29,0,77,1,4014.21,4028.26,46.8533,0.292701,0.299872,-0.307043,0.00717131,,0
rb,US500.cash,us_cash,5,0,2023-03-30,37,77,-1,4038.84,4050.91,17.6633,-0.702548,-0.683525,0.664503,0.0190225,,1
rb,US500.cash,us_cash,5,0,2023-03-31,30,77,1,4086.36,4106.1,40.12,0.483649,0.492024,-0.500399,0.00837488,,0
rb,US500.cash,us_cash,5,0,2023-04-04,48,77,1,4105.6,4100.86,20.1933,-0.251535,-0.234896,0.218257,0.0166392,,1
rb,US500.cash,us_cash,5,0,2023-04-25,36,77,-1,4097.54,4072.5,34.5833,0.714429,0.724145,-0.73386,0.00971566,,0
rb,US500.cash,us_cash,5,0,2023-04-27,51,77,1,4120.65,4135.6,56.38,0.259205,0.265165,-0.271125,0.00595956,,0
rb,US500.cash,us_cash,5,0,2023-05-02,8,77,-1,4133.44,4119.3,38.8367,0.351644,0.364003,-1.01236,0.0123595,,0
rb,US500.cash,us_cash,5,0,2023-05-04,19,77,1,4069.1,4062.1,22.4,-0.339286,-0.3125,0.285714,0.0267857,,1
rb,US500.cash,us_cash,5,0,2023-05-05,7,77,1,4115.63,4136.2,52.0667,0.388553,0.395006,-0.40146,0.00645327,,0
rb,US500.cash,us_cash,5,0,2023-05-10,0,2,1,4147.6,4127.9,25.6933,-0.779683,-0.766606,0.753529,0.0130773,,0
rb,US500.cash,us_cash,5,0,2023-05-10,2,77,-1,4127.9,4138,26.5967,-0.402181,-0.379622,-1.02256,0.0225592,,1
rb,US500.cash,us_cash,5,0,2023-05-17,40,77,1,4151.46,4159.6,33.32,0.234214,0.244298,-0.254382,0.010084,,0
rb,US500.cash,us_cash,5,0,2023-05-23,58,77,-1,4147.04,4145.8,46.13,0.0190765,0.0268806,-0.0346846,0.00780403,,0
rb,US500.cash,us_cash,5,0,2023-05-24,72,77,1,4129.43,4116.1,26.3333,-0.52,-0.506329,0.492658,0.0136709,,1
rb,US500.cash,us_cash,5,0,2023-05-25,1,47,-1,4131.63,4153.25,21.6167,-1.01887,-1,0.981126,0.0188743,,1
rb,US500.cash,us_cash,5,0,2023-05-25,54,77,1,4161.43,4152.45,44.0667,-0.213116,-0.203858,0.194599,0.0092587,,0
rb,US500.cash,us_cash,5,0,2023-05-26,63,77,1,4208.47,4204.8,58.7333,-0.0681498,-0.0624291,0.0567083,0.00572077,,0
rb,US500.cash,us_cash,5,0,2023-05-31,56,77,1,4189.07,4182.7,23.2633,-0.288408,-0.273965,0.259521,0.0144433,,1
rb,US500.cash,us_cash,5,0,2023-06-01,64,77,1,4225.72,4221.4,44.55,-0.104512,-0.0969697,0.0894276,0.00754209,,0
rb,US500.cash,us_cash,5,0,2023-06-13,8,22,-1,4353.25,4372.9,19.6533,-1.03053,-1,0.969471,0.0305292,,1
rb,US500.cash,us_cash,5,0,2023-06-14,30,56,-1,4380.5,4353.1,11.31,2.39293,2.42263,-1.02971,0.0297082,,1
rb,US500.cash,us_cash,5,0,2023-06-14,56,59,1,4353.1,4336.5,16.6,-1.03614,-1,0.963855,0.0361446,,1
rb,US500.cash,us_cash,5,0,2023-06-20,38,77,1,4395.63,4389.6,28.8333,-0.220902,-0.209249,0.197595,0.0116532,,1
rb,US500.cash,us_cash,5,0,2023-06-30,2,77,1,4436.35,4447,47.48,0.211668,0.224305,-0.236942,0.0126369,,0
rb,US500.cash,us_cash,5,0,2023-07-06,0,77,-1,4406.6,4411.5,38.4567,-0.136153,-0.127416,0.118679,0.00873711,,0
rb,US500.cash,us_cash,5,0,2023-07-07,69,77,-1,4422.64,4399.4,18.0733,1.2671,1.28569,-1.01859,0.0185909,,1
rb,US500.cash,us_cash,5,0,2023-07-11,35,74,-1,4419.21,4431.21,11.9967,-1.02801,-1,0.971992,0.0280078,,1
rb,US500.cash,us_cash,5,0,2023-07-11,75,77,1,4442.42,4438.8,38.0667,-0.104011,-0.0951839,0.0863573,0.00882662,,0
rb,US500.cash,us_cash,5,0,2023-07-12,14,77,1,4488.07,4474.4,57.8333,-0.242121,-0.236311,0.230501,0.0058098,,0
rb,US500.cash,us_cash,5,0,2023-07-13,74,77,1,4513.92,4509.2,38.8133,-0.130179,-0.121522,0.112865,0.00865682,,0
rb,US500.cash,us_cash,5,0,2023-07-20,25,57,1,4555.54,4541.16,14.3767,-1.02337,-1,0.976629,0.0233712,,1
rb,US500.cash,us_cash,5,0,2023-07-20,59,77,-1,4534.54,4535.1,32.5367,-0.0276406,-0.0173138,0.00698699,0.0103268,,0
rb,US500.cash,us_cash,5,0,2023-07-24,71,77,-1,4548.84,4555.6,14.77,-0.480433,-0.457684,0.434936,0.0227488,,1
rb,US500.cash,us_cash,5,0,2023-07-27,17,77,-1,4585.63,4537.4,20.4667,2.34026,2.35668,-1.01642,0.0164169,,1
rb,US500.cash,us_cash,5,0,2023-08-02,0,77,-1,4543.4,4512.9,32.7367,0.921413,0.931677,-1.01026,0.0102637,,0
rb,US500.cash,us_cash,5,0,2023-08-04,54,77,-1,4517.37,4478.9,23.1367,1.63694,1.66287,-1.02593,0.0259329,,1
rb,US500.cash,us_cash,5,0,2023-08-08,3,74,-1,4472.75,4500.76,37.6833,-0.759222,-0.743299,0.727377,0.0159222,,0
rb,US500.cash,us_cash,5,0,2023-08-08,74,77,1,4500.76,4498.7,37.5033,-0.0639765,-0.0550173,0.0460581,0.0089592,,1
rb,US500.cash,us_cash,5,0,2023-08-10,19,77,-1,4493.64,4469.4,32.06,0.737367,0.756082,-1.01871,0.0187149,,1
rb,US500.cash,us_cash,5,0,2023-08-29,12,77,1,4469.47,4497.6,40.3333,0.682645,0.697521,-0.712397,0.014876,,0
rb,US500.cash,us_cash,5,0,2023-09-06,6,77,-1,4470.87,4465.5,31.0667,0.153433,0.172747,-0.19206,0.0193133,,0
rb,US500.cash,us_cash,5,0,2023-09-11,8,77,-1,4471.2,4487.5,19.7,-0.844467,-0.827411,0.810355,0.0170558,,1
rb,US500.cash,us_cash,5,0,2023-09-14,40,77,1,4506.88,4505.2,40.1467,-0.0502989,-0.0419296,0.0335603,0.00836931,,0
rb,US500.cash,us_cash,5,0,2023-09-15,48,77,-1,4448.89,4449.9,49.0167,-0.0275281,-0.0206732,0.0138184,0.00685481,,0
rb,US500.cash,us_cash,5,0,2023-09-19,39,54,-1,4416.39,4441.2,37.6167,-0.66848,-0.659548,0.650616,0.00893221,,0
rb,US500.cash,us_cash,5,0,2023-09-19,54,77,1,4441.2,4444.5,25.4867,0.116427,0.12961,-0.142794,0.0131834,,1
rb,US500.cash,us_cash,5,0,2023-09-26,49,77,-1,4279.43,4273.8,47.7333,0.110475,0.118017,-0.125559,0.0075419,,0
rb,US500.cash,us_cash,5,0,2023-10-03,25,77,-1,4222.5,4231.3,60.5,-0.155372,-0.145455,0.135537,0.00991736,,0
rb,US500.cash,us_cash,5,0,2023-10-06,60,77,1,4318.33,4309.6,67.7667,-0.137727,-0.128874,0.12002,0.00885391,,0
rb,US500.cash,us_cash,5,0,2023-10-10,59,77,-1,4358.43,4358.4,27.9767,-0.0116764,0.00119147,-0.0140593,0.0128679,,1
rb,US500.cash,us_cash,5,0,2023-10-12,73,77,1,4354.47,4349.9,29.8733,-0.165142,-0.153091,0.14104,0.0120509,,1
rb,US500.cash,us_cash,5,0,2023-10-25,51,77,-1,4182.47,4187.9,58.9667,-0.100283,-0.0921425,0.0840023,0.00814019,,0
rb,US500.cash,us_cash,5,0,2023-10-26,66,77,1,4168.88,4136.6,42.38,-0.773006,-0.76168,0.750354,0.0113261,,1
rb,US500.cash,us_cash,5,0,2023-11-01,37,66,-1,4207.33,4229.9,22.5667,-1.01489,-1,0.985111,0.0148892,,1
rb,US500.cash,us_cash,5,0,2023-11-02,41,77,1,4305.97,4318.16,79.6333,0.148899,0.153118,-0.157338,0.00421934,,0
rb,US500.cash,us_cash,5,0,2023-11-14,0,77,1,4471.1,4495.6,62.3767,0.387004,0.392775,-0.398546,0.00577139,,0
rb,US500.cash,us_cash,5,0,2023-11-20,47,77,1,4543.86,4548.76,32.6833,0.139745,0.150025,-0.160306,0.0102805,,0
rb,US500.cash,us_cash,5,0,2023-11-22,0,7,1,4562.31,4545.56,26.85,-0.63635,-0.623836,0.611322,0.012514,,0
rb,US500.cash,us_cash,5,0,2023-11-22,7,77,-1,4545.56,4556.21,23.65,-0.465539,-0.450317,0.435095,0.015222,,1
rb,US500.cash,us_cash,5,0,2023-11-28,36,77,-1,4558.75,4554.21,9.46333,0.443889,0.479394,-1.03551,0.0355055,,1
rb,US500.cash,us_cash,5,0,2023-11-29,10,77,-1,4568.18,4551.11,19.5333,0.856519,0.87372,-1.0172,0.0172014,,1
rb,US500.cash,us_cash,5,0,2023-12-08,13,64,-1,4593.78,4606.8,13.02,-1.02765,-1,-1.02765,0.0276498,,1
rb,US500.cash,us_cash,5,0,2023-12-13,62,77,1,4692.71,4708.1,60.9333,0.242779,0.252626,-0.262473,0.00984683,,0
rb,US500.cash,us_cash,5,0,2023-12-18,33,77,1,4746.19,4740.51,31.4833,-0.190979,-0.180307,0.169635,0.0106723,,0
rb,US500.cash,us_cash,5,0,2023-12-20,64,77,-1,4727.33,4697.9,33.1467,0.87329,0.887772,-0.902253,0.0144811,,0
rb,US500.cash,us_cash,5,0,2023-12-29,15,77,-1,4770.89,4772.6,17.6167,-0.116329,-0.0972564,-1.01907,0.0190728,,0
rb,US500.cash,us_cash,5,0,2024-01-02,38,64,1,4752.71,4729.7,23.01,-1.0146,-1,0.985398,0.0146023,,1
rb,US500.cash,us_cash,5,0,2024-01-03,59,76,1,4726.57,4703.96,22.61,-1.02654,-1,0.973463,0.0265369,,1
rb,US500.cash,us_cash,5,0,2024-01-08,73,77,1,4758.73,4763.1,58.7467,0.068611,0.0743305,-0.0800499,0.00571947,,0
rb,US500.cash,us_cash,5,0,2024-01-10,76,77,-1,4771.13,4782.4,20.3767,-0.582365,-0.55292,0.523475,0.0294454,,1
rb,US500.cash,us_cash,5,0,2024-01-11,42,77,1,4761.36,4780.9,22.7633,0.843491,0.858252,-1.01476,0.0147606,,1
rb,US500.cash,us_cash,5,0,2024-01-16,8,56,1,4766.58,4750.3,16.28,-1.03686,-1,0.963145,0.036855,,1
rb,US500.cash,us_cash,5,0,2024-01-18,30,57,-1,4750.27,4766.11,15.84,-1.02121,-1,0.978788,0.0212121,,1
rb,US500.cash,us_cash,5,0,2024-01-18,70,77,1,4779.57,4780.8,47.53,0.0188092,0.0258784,-0.0329476,0.00706922,,0
rb,US500.cash,us_cash,5,0,2024-01-24,14,69,1,4895.52,4873.07,36.73,-0.620365,-0.611217,0.602069,0.00914784,,0
rb,US500.cash,us_cash,5,0,2024-01-24,69,77,-1,4873.07,4869.9,30.44,0.0883706,0.104139,-0.119908,0.0157687,,1
rb,US500.cash,us_cash,5,0,2024-01-31,0,77,-1,4900.2,4844,23.5367,2.37349,2.38776,-1.01428,0.0142756,,0
rb,US500.cash,us_cash,5,0,2024-02-07,9,77,1,4986.13,4995.9,37.3667,0.252382,0.261374,-0.270366,0.00899197,,0
rb,US500.cash,us_cash,5,0,2024-02-09,41,77,1,5018.65,5026.1,23.2167,0.306274,0.320747,-0.335219,0.0144724,,0
rb,US500.cash,us_cash,5,0,2024-02-13,0,77,-1,4957,4954,72.9367,0.0345505,0.0411316,-0.0477126,0.00658105,,0
rb,US500.cash,us_cash,5,0,2024-02-22,0,77,1,5049.5,5084.9,79.5,0.441057,0.445283,-0.449509,0.00422642,,0
rb,US500.cash,us_cash,5,0,2024-02-29,8,75,-1,5079.87,5096.5,16.6267,-1.02165,-1,-1.02165,0.021652,,1
rb,US500.cash,us_cash,5,0,2024-02-29,77,77,1,5098.88,5086.9,29.7467,-0.423017,-0.402846,0.382676,0.0201703,,0
rb,US500.cash,us_cash,5,0,2024-03-05,8,77,-1,5099.29,5079,36.5367,0.538819,0.555241,-1.01642,0.0164219,,0
rb,US500.cash,us_cash,5,0,2024-03-07,51,77,1,5161.68,5155.8,53.3467,-0.116583,-0.110285,0.103987,0.00629843,,0
rb,US500.cash,us_cash,5,0,2024-03-08,18,77,-1,5171.47,5123.3,17.5867,2.7119,2.7392,-1.02729,0.0272934,,1
rb,US500.cash,us_cash,5,0,2024-03-12,15,77,1,5166.42,5174.1,54.7133,0.134288,0.140429,-0.14657,0.0061411,,0
rb,US500.cash,us_cash,5,0,2024-03-14,8,45,1,5151.66,5136.4,15.2633,-1.03145,-1,0.968552,0.0314479,,1
rb,US500.cash,us_cash,5,0,2024-03-14,73,77,-1,5123.25,5154.9,42.1833,-0.758751,-0.750217,0.741683,0.00853418,,0
rb,US500.cash,us_cash,5,0,2024-03-18,8,77,1,5169.9,5150,49.9,-0.405531,-0.398798,0.392064,0.00673347,,0
rb,US500.cash,us_cash,5,0,2024-03-25,8,77,1,5225.4,5218.71,10.2433,-0.686235,-0.653433,0.620631,0.0328018,,1
rb,US500.cash,us_cash,5,0,2024-04-01,76,77,1,5241.73,5239.2,14.22,-0.201547,-0.177918,0.15429,0.0236287,,1
rb,US500.cash,us_cash,5,0,2024-04-02,2,77,-1,5191.17,5207.8,51.27,-0.331383,-0.324361,0.31734,0.00702165,,0
rb,US500.cash,us_cash,5,0,2024-04-03,32,77,-1,5216.77,5213.5,11.8367,0.248155,0.276542,-1.02839,0.0283864,,1
rb,US500.cash,us_cash,5,0,2024-04-04,55,77,-1,5229.6,5150.3,27.5067,2.87084,2.88306,-1.01222,0.0122152,,1
rb,US500.cash,us_cash,5,0,2024-04-09,14,36,-1,5171.35,5194.6,35.9033,-0.664284,-0.647572,0.630861,0.0167115,,0
rb,US500.cash,us_cash,5,0,2024-04-09,36,77,1,5194.6,5210.6,34.8033,0.449976,0.45963,-0.469285,0.00965425,,1
rb,US500.cash,us_cash,5,0,2024-04-17,46,77,1,5031.92,5019.75,25.3667,-0.508016,-0.479632,0.451248,0.0283837,,1
rb,US500.cash,us_cash,5,0,2024-04-19,42,61,1,4988.65,4965.15,23.5,-1.03064,-1,0.969362,0.0306383,,1
rb,US500.cash,us_cash,5,0,2024-04-25,0,51,-1,5005.15,5048.35,63.1,-0.696038,-0.684628,0.673217,0.0114105,,0
rb,US500.cash,us_cash,5,0,2024-04-25,51,77,1,5048.35,5050.75,59.6,0.0281879,0.0402685,-0.052349,0.0120805,,1
rb,US500.cash,us_cash,5,0,2024-04-30,64,77,-1,5059.08,5035.05,49.3333,0.475,0.487162,-0.499324,0.0121622,,0
rb,US500.cash,us_cash,5,0,2024-05-08,3,77,1,5175.83,5187.55,10.82,1.03882,1.08318,-1.04436,0.0443623,,1
rb,US500.cash,us_cash,5,0,2024-05-09,29,42,-1,5198.13,5208.81,10.68,-1.03146,-1,0.968539,0.0314607,,1
rb,US500.cash,us_cash,5,0,2024-05-10,8,77,-1,5227.02,5221.25,12.5333,0.40266,0.460106,-1.05745,0.0574468,,1
rb,US500.cash,us_cash,5,0,2024-05-15,20,77,1,5290.27,5309.95,52.78,0.366502,0.372869,-0.379235,0.00636605,,0
rb,US500.cash,us_cash,5,0,2024-05-20,47,77,-1,5313.08,5310.05,12.5267,0.215327,0.24215,-0.268973,0.0268228,,1
rb,US500.cash,us_cash,5,0,2024-05-22,77,77,1,5307.58,5307.55,22.5333,-0.033432,-0.00147929,-0.0304734,0.0319527,,1
rb,US500.cash,us_cash,5,0,2024-05-30,8,77,-1,5241.87,5234.85,29.6,0.212838,0.237162,-0.261486,0.0243243,,0
rb,US500.cash,us_cash,5,0,2024-05-31,48,77,1,5217.76,5282.45,26.6133,2.41799,2.43061,-1.01263,0.0126253,,1
rb,US500.cash,us_cash,5,0,2024-06-05,76,77,1,5351.05,5354.65,68.8,0.0474419,0.0523256,-0.0572093,0.00488372,,0
rb,US500.cash,us_cash,5,0,2024-06-12,11,77,1,5443.85,5418.92,84.4,-0.29936,-0.295379,0.291398,0.00398104,,0
rb,US500.cash,us_cash,5,0,2024-06-17,48,77,1,5471.42,5474.75,48.5,0.061732,0.0686598,-0.0755876,0.00692784,,0
rb,US500.cash,us_cash,5,0,2024-06-20,7,40,-1,5496.04,5477.14,9.51333,1.94884,1.98669,-1.03784,0.0378416,,1
rb,US500.cash,us_cash,5,0,2024-06-20,40,43,1,5477.14,5462.65,14.4867,-1.0497,-1,0.950299,0.0497009,,1
rb,US500.cash,us_cash,5,0,2024-06-28,7,19,1,5518.02,5494.42,37.4333,-0.649688,-0.630454,0.61122,0.0192342,,0
rb,US500.cash,us_cash,5,0,2024-06-28,19,77,-1,5494.42,5463.45,29.5333,1.02415,1.04853,-1.02438,0.0243792,,1
rb,US500.cash,us_cash,5,0,2024-07-10,34,77,1,5605,5631.75,23.6667,1.11594,1.13014,-1.0142,0.0141972,,0
rb,US500.cash,us_cash,5,0,2024-07-17,0,77,-1,5604.65,5587.75,54.0667,0.30148,0.312577,-0.323674,0.0110974,,0
rb,US500.cash,us_cash,5,0,2024-07-18,64,77,-1,5535.02,5545.45,62.7667,-0.175783,-0.166224,0.156665,0.00955921,,0
rb,US500.cash,us_cash,5,0,2024-07-24,0,77,-1,5504.75,5429.35,58.8667,1.27271,1.28086,-1.00815,0.00815402,,0
rb,US500.cash,us_cash,5,0,2024-07-30,75,77,1,5443.35,5435.85,42.2,-0.194787,-0.177725,0.160664,0.0170616,,1
rb,US500.cash,us_cash,5,0,2024-08-01,49,77,-1,5431.85,5445.65,89.7,-0.161873,-0.153846,0.145819,0.00802676,,0
rb,US500.cash,us_cash,5,0,2024-08-05,0,77,-1,5127.75,5190.45,215.1,-0.29484,-0.291492,0.288145,0.00334728,,0
rb,US500.cash,us_cash,5,0,2024-08-13,39,77,1,5419.35,5433.85,72.5,0.195366,0.2,-0.204634,0.00463448,,0
rb,US500.cash,us_cash,5,0,2024-08-15,13,77,1,5520.65,5544.15,77.4,0.294315,0.303618,-0.31292,0.00930233,,0
rb,US500.cash,us_cash,5,0,2024-08-28,53,76,-1,5563.58,5602.18,53.2333,-0.738635,-0.72511,0.711584,0.0135254,,0
rb,US500.cash,us_cash,5,0,2024-08-28,76,77,1,5602.18,5594.05,41.8333,-0.211633,-0.194422,0.177211,0.0172112,,1
rb,US500.cash,us_cash,5,0,2024-09-03,73,77,-1,5529.88,5530.05,95.8333,-0.008,-0.00173913,-0.00452174,0.00626087,,0
rb,US500.cash,us_cash,5,0,2024-09-06,35,77,-1,5406.48,5412.15,103.533,-0.0616871,-0.0547328,0.0477785,0.00695428,,0
rb,US500.cash,us_cash,5,0,2024-09-11,27,77,1,5457.35,5550.55,51.4,1.79922,1.81323,-1.01401,0.0140078,,1
rb,US500.cash,us_cash,5,0,2024-09-17,33,77,-1,5645.35,5636.25,25.7,0.341012,0.354086,-1.01307,0.0130739,,1
rb,US500.cash,us_cash,5,0,2024-09-26,0,17,1,5768.82,5738.92,43.6333,-0.696257,-0.685256,0.674255,0.0110008,,0
rb,US500.cash,us_cash,5,0,2024-09-26,17,77,-1,5738.92,5745.25,31.4333,-0.22439,-0.201485,0.178579,0.0229056,,1
rb,US500.cash,us_cash,5,0,2024-09-30,60,77,1,5718.02,5761.85,16.6667,2.5868,2.63,-1.0432,0.0432,,1
rb,US500.cash,us_cash,5,0,2024-10-04,5,72,-1,5720.62,5747.35,26.7333,-1.02693,-1,0.973067,0.0269327,,1
rb,US500.cash,us_cash,5,0,2024-10-17,1,77,-1,5856.26,5841.65,23.8933,0.581194,0.611328,-0.641462,0.0301339,,1
rb,US500.cash,us_cash,5,0,2024-10-21,43,77,1,5847.6,5855.15,24.5467,0.294025,0.307713,-0.321401,0.0136882,,1
rb,US500.cash,us_cash,5,0,2024-10-23,44,77,-1,5785.42,5797.45,60.0667,-0.208324,-0.200333,0.192342,0.00799112,,0
rb,US500.cash,us_cash,5,0,2024-10-25,6,46,1,5859.44,5824.64,55.21,-0.638145,-0.630321,0.622496,0.00782467,,0
rb,US500.cash,us_cash,5,0,2024-10-25,46,77,-1,5824.64,5808.72,38.88,0.395267,0.409465,-0.423663,0.0141975,,1
rb,US500.cash,us_cash,5,0,2024-10-29,5,77,1,5818.14,5835.55,16.32,1.03297,1.06679,-1.03382,0.0338235,,1
rb,US500.cash,us_cash,5,0,2024-10-31,0,77,-1,5760.49,5702.65,66.2067,0.861615,0.873578,-0.88554,0.0119625,,0
rb,US500.cash,us_cash,5,0,2024-11-06,0,77,1,5910.09,5928.19,146.867,0.114825,0.123241,-0.131657,0.0084158,,0
rb,US500.cash,us_cash,5,0,2024-11-12,53,77,1,5989.12,5985.62,29.3033,-0.13102,-0.119554,0.108088,0.0114663,,1
rb,US500.cash,us_cash,5,0,2024-11-15,13,77,-1,5878.55,5871.52,83.3333,0.074896,0.0844,-0.093904,0.009504,,0
rb,US500.cash,us_cash,5,0,2024-11-25,0,32,1,6009.37,5978.68,48.72,-0.636823,-0.629926,0.62303,0.00689655,,0
rb,US500.cash,us_cash,5,0,2024-11-25,32,77,-1,5978.68,5986.32,41.64,-0.191547,-0.183477,0.175408,0.00806916,,1
rb,US500.cash,us_cash,5,0,2024-12-02,71,77,1,6052.99,6046.92,52.7333,-0.121416,-0.115044,0.108673,0.00637168,,0
rb,US500.cash,us_cash,5,0,2024-12-04,18,77,1,6073.15,6085.81,28.57,0.431362,0.443122,-0.454883,0.0117606,,0
rb,US500.cash,us_cash,5,0,2024-12-09,18,77,-1,6057.74,6055.12,31.3333,0.073,0.0837234,-0.0944468,0.0107234,,0
rb,US500.cash,us_cash,5,0,2024-12-18,21,77,-1,6059.12,5861.42,11.1933,17.6127,17.662,-1.04932,0.0493151,,1
rb,US500.cash,us_cash,5,0,2024-12-27,7,77,-1,5962.97,5971.92,63.5167,-0.159097,-0.14096,0.122823,0.018137,,0
rb,US500.cash,us_cash,5,0,2024-12-30,39,77,1,5933.55,5903.92,69.1333,-0.445304,-0.42864,0.411977,0.0166635,,1
rb,US500.cash,us_cash,5,0,2025-01-02,59,77,1,5854.85,5867.12,29.2333,0.39252,0.419612,-0.446705,0.0270924,,1
rb,US500.cash,us_cash,5,0,2025-01-06,65,77,-1,5963.38,5974.32,56.63,-0.20505,-0.193184,0.181317,0.0118665,,1
rb,US500.cash,us_cash,5,0,2025-01-10,6,77,-1,5827.99,5826.22,77.1667,0.0126307,0.0228942,-0.0331577,0.0102635,,0
rb,US500.cash,us_cash,5,0,2025-01-15,3,77,1,5940.22,5948.32,101.1,0.0722849,0.0801187,-0.0879525,0.00783383,,0
rb,US500.cash,us_cash,5,0,2025-01-17,0,77,1,5992.69,5996.72,48.6333,0.0666484,0.0829335,-0.0992186,0.0162851,,0
rb,US500.cash,us_cash,5,0,2025-01-21,8,32,-1,6015.68,6035.9,20.22,-1.03917,-1,0.960831,0.0391691,,1
rb,US500.cash,us_cash,5,0,2025-01-27,0,77,-1,5965.12,6013.82,139.83,-0.353944,-0.34828,0.342616,0.00566402,,0
rb,US500.cash,us_cash,5,0,2025-01-28,23,32,-1,6031.89,6055.82,23.9333,-1.03309,-1,0.966908,0.0330919,,1
rb,US500.cash,us_cash,5,0,2025-01-30,73,77,-1,6061.59,6069.42,24.8233,-0.332966,-0.315563,0.29816,0.017403,,1
rb,US500.cash,us_cash,5,0,2025-02-03,14,77,1,6004.26,5995.52,82.2367,-0.115869,-0.106238,0.0966074,0.00963074,,1
rb,US500.cash,us_cash,5,0,2025-02-07,21,30,1,6057.15,6030.22,26.9333,-1.0205,-1,0.979505,0.020495,,1
rb,US500.cash,us_cash,5,0,2025-02-07,69,77,-1,6018.95,6026.92,51.4333,-0.165625,-0.154893,0.144161,0.0107323,,0
rb,US500.cash,us_cash,5,0,2025-02-12,0,13,-1,6008.52,6049.19,54.2333,-0.757812,-0.749846,0.741881,0.00796558,,0
rb,US500.cash,us_cash,5,0,2025-02-12,13,77,1,6049.19,6052.22,47.4667,0.0522753,0.0639045,-0.0755337,0.0116292,,1
rb,US500.cash,us_cash,5,0,2025-02-20,6,76,-1,6084.43,6121.22,49.9833,-0.747089,-0.736045,0.725002,0.0110437,,0
rb,US500.cash,us_cash,5,0,2025-02-20,76,77,1,6121.22,6118.62,36.9033,-0.0822509,-0.0705447,0.0588384,0.0117063,,1
rb,US500.cash,us_cash,5,0,2025-02-21,42,77,-1,6044.52,6013.72,66.9,0.452138,0.460389,-0.46864,0.00825112,,0
rb,US500.cash,us_cash,5,0,2025-02-25,41,77,1,5961.19,5954.92,52.5667,-0.127432,-0.119214,0.110996,0.00821814,,1
rb,US500.cash,us_cash,5,0,2025-03-10,66,77,-1,5575.92,5615.72,162.167,-0.250331,-0.245447,0.240563,0.00488386,,0
rb,US500.cash,us_cash,5,0,2025-03-19,67,77,1,5707.75,5676.52,85.0667,-0.376473,-0.367163,0.357853,0.00931034,,0
rb,US500.cash,us_cash,5,0,2025-03-24,15,77,1,5758.89,5762.72,113.833,0.0298799,0.033675,-0.03747,0.00379502,,0
rb,US500.cash,us_cash,5,0,2025-03-26,28,77,-1,5733.82,5709.12,39.7,0.602217,0.622166,-1.01995,0.0199496,,0
rb,US500.cash,us_cash,5,0,2025-03-28,13,77,-1,5605.89,5577.02,92.0667,0.304938,0.313541,-0.322143,0.00860246,,0
rb,US500.cash,us_cash,5,0,2025-03-31,12,77,1,5536.89,5611.72,48.4667,1.52768,1.54402,-1.01634,0.0163411,,1
rb,US500.cash,us_cash,5,0,2025-04-03,5,77,-1,5461.39,5395.42,181.867,0.358365,0.36272,-0.367075,0.00435484,,0
rb,US500.cash,us_cash,5,0,2025-04-04,0,77,-1,5247.22,5073.52,179.4,0.963813,0.968227,-0.972642,0.00441472,,0
rb,US500.cash,us_cash,5,0,2025-04-07,8,77,1,5002.65,5064.09,168.833,0.359198,0.363889,-1.00469,0.00469102,,1
rb,US500.cash,us_cash,5,0,2025-04-16,48,77,-1,5304.12,5273.32,106,0.283094,0.290566,-0.298038,0.0074717,,0
rb,US500.cash,us_cash,5,0,2025-04-21,9,77,-1,5174.75,5154.82,114.633,0.166979,0.173888,-0.180797,0.00690899,,0
rb,US500.cash,us_cash,5,0,2025-04-23,0,77,1,5431.45,5369.02,163.367,-0.387015,-0.382167,0.377319,0.00484799,,0
rb,US500.cash,us_cash,5,0,2025-04-30,2,31,-1,5448.22,5516.72,95.9,-0.722544,-0.714286,0.706027,0.0082586,,0
rb,US500.cash,us_cash,5,0,2025-04-30,31,77,1,5516.72,5560.02,86.3,0.492561,0.501738,-0.510915,0.00917729,,1
rb,US500.cash,us_cash,5,0,2025-05-06,12,77,1,5629.56,5604.12,43.5367,-0.60245,-0.584258,0.566067,0.0181916,,1
rb,US500.cash,us_cash,5,0,2025-05-08,77,77,-1,5663.82,5666.32,56.5,-0.0582655,-0.0442478,0.0302301,0.0140177,,1
rb,US500.cash,us_cash,5,0,2025-05-12,0,77,1,5831.02,5843.92,167,0.072503,0.0772455,-0.081988,0.00474251,,0
rb,US500.cash,us_cash,5,0,2025-05-15,56,77,-1,5907.05,5917.72,17.7667,-0.644953,-0.600375,0.555797,0.0445779,,1
rb,US500.cash,us_cash,5,0,2025-05-21,46,77,-1,5871.29,5841.72,63.0667,0.456258,0.468816,-0.481374,0.0125581,,0
rb,US500.cash,us_cash,5,0,2025-05-23,0,45,-1,5767.32,5819.12,81.2,-0.647685,-0.637931,0.628177,0.00975369,,0
rb,US500.cash,us_cash,5,0,2025-05-23,45,77,1,5819.12,5803.22,52.6,-0.317338,-0.302281,0.287224,0.015057,,1
rb,US500.cash,us_cash,5,0,2025-05-27,15,77,1,5896.65,5922.02,96.7667,0.25867,0.262143,-0.265615,0.00347227,,0
rb,US500.cash,us_cash,5,0,2025-06-05,7,33,1,5959.56,5983.95,10.9367,2.1577,2.23011,-1.07242,0.0724169,,1
rb,US500.cash,us_cash,5,0,2025-06-05,33,77,-1,5983.95,5939.02,15.2733,2.88966,2.94151,-1.05186,0.0518551,,1
rb,US500.cash,us_cash,5,0,2025-06-10,54,65,-1,6018.78,6035.62,16.84,-1.01995,-1,0.980048,0.0199525,,1
rb,US500.cash,us_cash,5,0,2025-06-13,11,27,-1,5976.05,6017.85,55.7333,-0.764211,-0.75,0.735789,0.0142105,,0
rb,US500.cash,us_cash,5,0,2025-06-13,27,60,1,6017.85,5973.52,44.3333,-1.01516,-1,0.984842,0.0151579,,1
rb,US500.cash,us_cash,5,0,2025-06-26,48,77,1,6137.82,6143.52,43.9033,0.122253,0.129907,-0.13756,0.00765318,,0
rb,US500.cash,us_cash,5,0,2025-06-27,53,77,-1,6157.96,6171.02,29.6533,-0.455103,-0.440535,0.425967,0.0145683,,1
rb,US500.cash,us_cash,5,0,2025-07-07,21,77,-1,6239.37,6229.72,22.0367,0.42281,0.438058,-1.01525,0.0152473,,1
rb,US500.cash,us_cash,5,0,2025-07-09,3,13,1,6266.34,6239.95,37.9533,-0.704181,-0.695328,0.686475,0.00885298,,0
rb,US500.cash,us_cash,5,0,2025-07-09,13,77,-1,6239.95,6262.01,30.2633,-0.747285,-0.729045,0.710805,0.0182399,,1
rb,US500.cash,us_cash,5,0,2025-07-15,2,77,-1,6282.07,6241.52,17.8367,2.24937,2.27359,-1.02422,0.0242198,,1
rb,US500.cash,us_cash,5,0,2025-07-16,26,77,1,6221.39,6262.61,20.37,1.98468,2.02356,-1.03888,0.0388807,,1
rb,US500.cash,us_cash,5,0,2025-07-21,74,77,-1,6310.45,6308.01,25.56,0.0823161,0.0954617,-0.108607,0.0131455,,1
rb,US500.cash,us_cash,5,0,2025-07-22,12,77,1,6295.48,6308.21,13.6567,0.907786,0.93239,-1.0246,0.0246034,,1
rb,US500.cash,us_cash,5,0,2025-07-23,76,77,1,6357.56,6362.81,55.3167,0.0887737,0.0948478,-0.100922,0.00607412,,0
rb,US500.cash,us_cash,5,0,2025-07-30,68,77,1,6355.48,6364.72,21.0633,0.400918,0.438519,-0.47612,0.0376009,,1
rb,US500.cash,us_cash,5,0,2025-08-07,8,77,-1,6365.75,6343.12,23.1733,0.942232,0.97641,-1.03418,0.0341772,,1
rb,US500.cash,us_cash,5,0,2025-08-12,76,77,1,6444.92,6444.42,62.3,-0.0134189,-0.00802568,0.00263242,0.00539326,,0
rb,US500.cash,us_cash,5,0,2025-08-19,18,77,-1,6421.67,6412.82,25.48,0.330377,0.347331,-0.364286,0.0169545,,0
rb,US500.cash,us_cash,5,0,2025-08-20,48,77,1,6389.52,6394.62,45.9,0.099085,0.111111,-0.123137,0.0120261,,1
rb,US500.cash,us_cash,5,0,2025-08-22,6,77,1,6433.29,6466.62,62.0333,0.524578,0.537346,-0.550113,0.0127673,,0
rb,US500.cash,us_cash,5,0,2025-09-02,0,77,-1,6386.22,6414.02,80.2333,-0.353369,-0.346489,0.339609,0.00687993,,0
rb,US500.cash,us_cash,5,0,2025-09-03,24,77,-1,6433.19,6447.32,20.7333,-0.714084,-0.681672,0.64926,0.0324116,,1
rb,US500.cash,us_cash,5,0,2025-09-04,77,77,1,6499.52,6499.92,60.3,-0.00053068,0.0066335,-0.0137977,0.00716418,,0
rb,US500.cash,us_cash,5,0,2025-09-10,57,77,-1,6527.09,6532.62,28.7333,-0.204269,-0.192575,0.180882,0.0116937,,1
rb,US500.cash,us_cash,5,0,2025-09-11,76,77,1,6593.02,6585.72,58.1,-0.131429,-0.125645,0.119862,0.00578313,,0
rb,US500.cash,us_cash,5,0,2025-09-15,15,77,1,6617.72,6617.07,30.2,-0.0286755,-0.0215232,0.0143709,0.00715232,,0
rb,US500.cash,us_cash,5,0,2025-09-17,58,61,1,6596.6,6578.77,17.83,-1.03769,-1,0.962311,0.0376893,,1
rb,US500.cash,us_cash,5,0,2025-09-17,62,70,-1,6570.9,6611.53,40.63,-1.01654,-1,0.98346,0.0165395,,0
rb,US500.cash,us_cash,5,0,2025-09-25,10,54,1,6614.17,6575.67,38.5033,-1.01122,-1,0.98878,0.0112198,,1
rb,US500.cash,us_cash,5,0,2025-09-26,7,77,-1,6626.5,6642.57,22.2667,-0.751737,-0.721557,-1.03018,0.0301796,,1
rb,US500.cash,us_cash,5,0,2025-09-29,21,77,-1,6659.7,6661.37,17.9667,-0.11013,-0.0927644,0.0753989,0.0173655,,1
rb,US500.cash,us_cash,5,0,2025-10-03,42,77,-1,6733.87,6715.67,17.79,1.01091,1.02305,-1.01214,0.0121417,,1
rb,US500.cash,us_cash,5,0,2025-10-10,22,77,-1,6665.27,6550.97,72.7,1.56297,1.57221,-1.00924,0.00924347,,0
rb,US500.cash,us_cash,5,0,2025-10-14,1,18,-1,6577.27,6626.07,70.7,-0.699745,-0.69024,0.680736,0.00950495,,0
rb,US500.cash,us_cash,5,0,2025-10-14,18,77,1,6626.07,6645.77,73.1,0.261943,0.269494,-0.277045,0.0075513,,1
rb,US500.cash,us_cash,5,0,2025-10-22,17,22,1,6720.17,6702.67,17.5033,-1.03839,-1,0.961607,0.0383927,,1
rb,US500.cash,us_cash,5,0,2025-10-22,36,77,-1,6689.48,6699.87,46.7833,-0.23638,-0.222016,0.207652,0.0143641,,0
rb,US500.cash,us_cash,5,0,2025-10-27,0,77,1,6849.77,6874.37,56.7033,0.430028,0.433837,-0.437646,0.0038093,,0
rb,US500.cash,us_cash,5,0,2025-11-07,60,77,1,6688.74,6728.47,58.0667,0.672698,0.684271,-0.695844,0.0115729,,1
rb,US500.cash,us_cash,5,0,2025-11-13,13,77,-1,6791.67,6738.57,58.6,0.894676,0.906143,-1.01147,0.0114676,,0
rb,US500.cash,us_cash,5,0,2025-11-14,3,77,1,6698.7,6736.97,49.8333,0.754408,0.767893,-1.01348,0.0134849,,1
rb,US500.cash,us_cash,5,0,2025-11-20,24,77,-1,6686.27,6537.67,84.1,1.75895,1.76694,-1.00799,0.00799049,,1
rb,US500.cash,us_cash,5,0,2025-12-05,20,77,-1,6873.4,6867.37,22.3667,0.239702,0.269747,-0.299791,0.0300447,,1
rb,US500.cash,us_cash,5,0,2025-12-08,41,53,1,6851.3,6833.76,17.5433,-1.01231,-1,0.987688,0.0123124,,1
rb,US500.cash,us_cash,5,0,2025-12-10,62,64,-1,6858.73,6879.17,20.44,-1.03288,-1,0.967123,0.0328767,,1
rb,US500.cash,us_cash,5,0,2025-12-10,65,77,1,6886.93,6886.17,39.1,-0.036624,-0.0194373,0.00225064,0.0171867,,0
rb,US500.cash,us_cash,5,0,2025-12-16,51,77,1,6790.3,6796.47,31.8333,0.176377,0.193717,-0.211058,0.0173403,,1
rb,US500.cash,us_cash,5,0,2025-12-26,32,77,-1,6923.22,6931.37,20.9133,-0.415684,-0.389863,0.364042,0.0258208,,1
rb,US500.cash,us_cash,5,0,2025-12-29,8,77,-1,6896.46,6907.07,35.5867,-0.317123,-0.298239,0.279356,0.0188835,,0
rb,US500.cash,us_cash,5,0,2025-12-31,4,8,1,6889.16,6878.47,10.6867,-1.05165,-1,0.948347,0.0516532,,1
rb,US500.cash,us_cash,5,0,2025-12-31,17,77,-1,6868.36,6846.17,33.0867,0.654241,0.670562,-0.686883,0.0163208,,0
rb,US500.cash,us_cash,5,0,2026-01-09,30,77,1,6965.51,6965.13,48.8,-0.0188525,-0.00778689,-0.00327869,0.0110656,,0
rb,US500.cash,us_cash,5,0,2026-01-14,15,77,-1,6890.16,6929.37,71.9,-0.553018,-0.545341,0.537663,0.00767733,,0
rb,US500.cash,us_cash,5,0,2026-01-15,60,77,-1,6951.97,6946.27,27.26,0.189288,0.209098,-0.228907,0.0198092,,1
rb,US500.cash,us_cash,5,0,2026-01-20,0,77,-1,6835.57,6799.57,108.1,0.327919,0.333025,-0.338131,0.00510638,,0
rb,US500.cash,us_cash,5,0,2026-01-29,6,76,-1,6920.36,6959.52,60.3667,-0.659834,-0.648702,0.63757,0.011132,,0
rb,US500.cash,us_cash,5,0,2026-01-29,76,77,1,6959.52,6962.37,89.6467,0.025805,0.0318287,-0.0378523,0.00602365,,1
rb,US500.cash,us_cash,5,0,2026-02-05,29,77,1,6835,6794.17,56.6333,-0.732878,-0.721012,0.709147,0.0118658,,1
rb,US500.cash,us_cash,5,0,2026-02-06,70,77,1,6921.07,6928.07,111,0.0581982,0.0630631,-0.0679279,0.00486486,,0
rb,US500.cash,us_cash,5,0,2026-02-12,76,77,-1,6822.97,6830.97,124.8,-0.0685256,-0.0641026,0.0596795,0.00442308,,0
rb,US500.cash,us_cash,5,0,2026-02-20,7,51,-1,6882.8,6909.57,26.7667,-1.02511,-1,0.974894,0.0251059,,1
rb,US500.cash,us_cash,5,0,2026-02-26,9,77,-1,6889.03,6909.57,50.08,-0.423562,-0.410144,0.396725,0.0134185,,0
rb,US500.cash,us_cash,5,0,2026-03-02,3,77,1,6844.34,6877.97,49.5667,0.66499,0.678547,-1.01356,0.0135575,,1
rb,US500.cash,us_cash,5,0,2026-03-03,46,77,1,6814.48,6817.47,104.807,0.0228357,0.0285605,-0.0342854,0.00572483,,1
rb,US500.cash,us_cash,5,0,2026-03-05,76,77,1,6821.88,6827.07,52.61,0.0858772,0.0986504,-0.111424,0.0127732,,1
rb,US500.cash,us_cash,5,0,2026-03-09,4,21,-1,6642.14,6706.14,97.6667,-0.662171,-0.65529,0.64841,0.00688055,,0
rb,US500.cash,us_cash,5,0,2026-03-09,21,77,1,6706.14,6796.67,69.7667,1.28803,1.29766,-1.00963,0.00963211,,1
rb,US500.cash,us_cash,5,0,2026-03-12,76,77,-1,6674.08,6671.37,102.997,0.0198712,0.0262792,-0.0326871,0.00640797,,0
rb,US500.cash,us_cash,5,0,2026-03-13,61,73,1,6651.98,6629.87,22.1067,-1.02986,-1,0.970145,0.0298552,,1
rb,US500.cash,us_cash,5,0,2026-03-17,9,77,-1,6726.08,6717.33,28.2533,0.28622,0.30958,-0.33294,0.0233601,,1
rb,US500.cash,us_cash,5,0,2026-03-18,60,77,-1,6656.66,6623.73,70.7333,0.456268,0.465598,-0.474929,0.00933082,,0
rb,US500.cash,us_cash,5,0,2026-03-19,4,77,1,6594.38,6606.77,36.0133,0.325287,0.343947,-1.01866,0.0186598,,1
rb,US500.cash,us_cash,5,0,2026-03-20,73,77,-1,6482.77,6511.77,118.7,-0.249874,-0.244313,0.238753,0.00556024,,0
rb,US500.cash,us_cash,5,0,2026-03-23,35,77,-1,6577.54,6580.47,75.7333,-0.0476056,-0.0387324,0.0298592,0.00887324,,1
rb,US500.cash,us_cash,5,0,2026-03-25,4,77,-1,6593.75,6592.83,40.82,0.00607545,0.022538,-0.0390005,0.0164625,,1
rb,US500.cash,us_cash,5,0,2026-03-26,52,77,-1,6494.74,6475.13,103.513,0.1831,0.189476,-0.195852,0.00637599,,0
rb,US500.cash,us_cash,5,0,2026-03-27,24,38,1,6440.55,6405.27,35.28,-1.01905,-1,0.980952,0.0190476,,1
rb,US500.cash,us_cash,5,0,2026-03-31,70,77,1,6523.22,6525.57,159.367,0.0105836,0.014725,-0.0188663,0.00414139,,0
rb,US500.cash,us_cash,5,0,2026-04-02,0,13,-1,6486.67,6550.98,93.8867,-0.69204,-0.68501,0.677981,0.00702975,,0
rb,US500.cash,us_cash,5,0,2026-04-02,13,77,1,6550.98,6582.37,77.3133,0.397275,0.405967,-0.414659,0.0086919,,1
rb,US500.cash,us_cash,5,0,2026-04-07,7,30,-1,6544.31,6587.11,59.98,-0.724775,-0.713571,0.702367,0.0112037,,0
rb,US500.cash,us_cash,5,0,2026-04-07,30,77,1,6587.11,6616.17,53.04,0.535445,0.547888,-0.560332,0.0124434,,1
rb,US500.cash,us_cash,5,0,2026-04-08,0,77,1,6791.07,6782.23,201.1,-0.0472999,-0.0439582,0.0406166,0.00334162,,0
rb,US500.cash,us_cash,5,0,2026-04-13,76,77,1,6875.1,6883.43,51.6833,0.148468,0.161238,-0.174008,0.0127701,,0
rb,US500.cash,us_cash,5,0,2026-04-17,1,77,1,7097.68,7123.43,64.85,0.386708,0.39707,-0.407433,0.0103624,,0
rb,US500.cash,us_cash,5,0,2026-04-21,49,74,1,7089.93,7061.73,28.2,-1.0234,-1,0.976596,0.0234043,,1
rb,US500.cash,us_cash,5,0,2026-04-23,46,60,-1,7083.6,7114.91,42.6467,-0.74993,-0.734172,0.718415,0.0157574,,0
rb,US500.cash,us_cash,5,0,2026-04-23,60,77,1,7114.91,7107.53,69.1367,-0.116243,-0.106697,0.0971506,0.00954631,,1
rb,US500.cash,us_cash,5,0,2026-04-28,13,77,-1,7121.51,7140.88,45.7333,-0.437901,-0.423469,0.409038,0.0144315,,0
rb,US500.cash,us_cash,5,0,2026-04-30,1,24,-1,7151.27,7170.77,19.5,-1.03446,-1,-1.03446,0.0344615,,1
rb,US500.cash,us_cash,5,0,2026-04-30,53,77,1,7193.06,7206.67,62.3667,0.20759,0.218172,-0.228755,0.0105826,,0
rb,US500.cash,us_cash,5,0,2026-05-06,0,77,1,7311.38,7360.68,53.5,0.909159,0.921495,-1.01234,0.0123364,,0
rb,US500.cash,us_cash,5,0,2026-05-11,65,77,-1,7409.7,7414.73,20.0833,-0.283485,-0.250622,0.217759,0.0328631,,1
rb,US500.cash,us_cash,5,0,2026-05-12,21,68,-1,7348.5,7391.25,62.0167,-0.699973,-0.689331,0.678689,0.0106423,,0
rb,US500.cash,us_cash,5,0,2026-05-12,68,77,1,7391.25,7403.18,52.5667,0.214458,0.227013,-0.239569,0.0125555,,1
rb,US500.cash,us_cash,5,0,2026-05-15,2,77,-1,7406.45,7411.63,85.7167,-0.0683103,-0.0604705,0.0526308,0.00783978,,0
rb,US500.cash,us_cash,5,0,2026-05-18,40,57,1,7387.71,7360.87,26.8433,-1.02459,-1,0.975413,0.0245871,,1
rb,US500.cash,us_cash,5,0,2026-05-28,10,23,-1,7537,7557.07,20.0733,-1.03288,-1,0.967121,0.0328794,,1
rb,US500.cash,us_cash,5,0,2026-05-28,73,77,1,7569,7564.58,50.8333,-0.0998689,-0.0868852,0.0739016,0.0129836,,0
rb,US500.cash,us_cash,5,0,2026-06-05,26,77,-1,7477.66,7387.77,94.2333,0.94694,0.953944,-1.007,0.00700389,,0
rb,US500.cash,us_cash,5,0,2026-06-09,29,65,-1,7303.08,7375.83,117.15,-0.626735,-0.620999,0.615262,0.00573624,,0
rb,US500.cash,us_cash,5,0,2026-06-09,65,77,1,7375.83,7382.97,137.56,0.0471067,0.0519046,-0.0567025,0.00479791,,1
rb,US500.cash,us_cash,5,0,2026-06-15,23,77,1,7563.98,7559.58,148.933,-0.0339526,-0.029521,0.0250895,0.00443151,,0
rb,US500.cash,us_cash,5,0,2026-06-17,61,70,1,7493.36,7443.17,50.1933,-1.01339,-1,0.986612,0.0133882,,1
rb,US500.cash,us_cash,5,0,2026-06-17,71,77,-1,7426.77,7420.67,103.177,0.0526088,0.0591219,-0.065635,0.0065131,,0
rb,US500.cash,us_cash,5,0,2026-06-23,0,77,-1,7362.17,7367.57,124.857,-0.0485357,-0.0432496,0.0379635,0.00528606,,0
rb,US500.cash,us_cash,5,0,2026-07-07,34,77,1,7511.88,7502.8,32.8833,-0.298125,-0.276229,0.254334,0.0218956,,1
rb,US500.cash,us_cash,5,0,2026-07-08,45,77,1,7475.53,7478.3,55.5333,0.0368547,0.0498199,-0.0627851,0.0129652,,1
rb,US500.cash,us_cash,5,0,2026-07-17,0,77,-1,7435.4,7456.35,101,-0.214554,-0.207426,0.200297,0.00712871,,0
rb,US500.cash,us_cash,5,0,2026-07-23,0,77,-1,7417.05,7405.95,87.2667,0.118946,0.127196,-0.135447,0.00825057,,0
rb,US500.cash,us_cash,5,0,2026-07-29,46,73,1,7393.78,7340.15,53.6333,-1.01342,-1,-1.01342,0.0134245,,1
rb,US500.cash,us_cash,5,0,2026-07-29,75,77,-1,7326.13,7317.65,96.6333,0.080338,0.0877889,-0.0952397,0.00745085,,0
rb,US500.cash,us_cash,5,0,2026-08-04,42,77,1,7732.05,7736.6,156.6,0.0244572,0.0290549,-0.0336526,0.0045977,,0
rb,US500.cash,us_cash,5,0,2026-08-07,36,77,-1,7734.38,7753.2,27.1167,-0.720467,-0.693915,0.667363,0.0265519,,1
rb,US500.cash,us_cash,5,0,2026-08-13,6,77,1,7803.6,7801.3,51.35,-0.0588121,-0.0447907,0.0307692,0.0140214,,0
rb,US500.cash,us_cash,5,0,2026-08-19,3,13,-1,7710.23,7725.65,15.4167,-1.0467,-1,0.953297,0.0467027,,1
rb,US500.cash,us_cash,5,0,2026-08-19,17,77,1,7734.93,7710.5,34.5167,-0.72873,-0.707871,0.687011,0.0208595,,0
rb,US500.cash,us_cash,5,0,2026-08-20,15,26,1,7692.62,7672.65,19.9667,-1.03606,-1,0.96394,0.0360601,,1
rb,US500.cash,us_cash,5,0,2026-08-20,74,77,-1,7649.02,7646.1,69.3167,0.0316903,0.0420774,-0.0524645,0.0103871,,0
rb,US500.cash,us_cash,5,0,2026-08-25,8,77,-1,7668.97,7675.9,16.6333,-0.46012,-0.416834,-1.04329,0.0432866,,1
rb,US500.cash,us_cash,5,0,2026-08-27,5,11,-1,7694.35,7714.55,20.2,-1.03564,-1,0.964356,0.0356436,,1
rb,US500.cash,us_cash,5,0,2026-08-27,21,77,1,7728.65,7728.75,52.9,-0.0117202,0.00189036,-0.0155009,0.0136106,,0
rb,US500.cash,us_cash,5,0,2026-09-01,0,77,-1,7634,7633.45,48.25,-0.00352332,0.011399,-0.0263212,0.0149223,,0
rb,US500.cash,us_cash,5,0,2026-09-03,21,77,1,7735.75,7746.95,75,0.139733,0.149333,-0.158933,0.0096,,0
rb,US500.cash,us_cash,5,0,2026-09-09,18,19,1,7658.25,7638.95,19.3,-1.03731,-1,0.962694,0.0373057,,1
rb,US500.cash,us_cash,5,0,2026-09-10,4,77,-1,7586.43,7593.15,54.2333,-0.137124,-0.123848,0.110572,0.013276,,0
rb,US500.cash,us_cash,5,0,2026-09-11,0,77,1,7658.85,7653.85,63.1,-0.0906498,-0.0792393,0.0678288,0.0114105,,0
rb,US500.cash,us_cash,5,0,2026-09-14,0,39,-1,7603.75,7642.65,55.8,-0.710036,-0.697133,0.684229,0.0129032,,0
rb,US500.cash,us_cash,5,0,2026-09-14,39,77,1,7642.65,7621.95,49.9,-0.429259,-0.41483,0.400401,0.0144289,,1
rb,US500.cash,us_cash,5,0,2026-09-16,68,77,-1,7525.92,7552.75,65.8667,-0.41832,-0.407389,0.396457,0.0109312,,0
rb,US500.cash,us_cash,5,0,2026-09-21,4,77,1,7702.25,7764.55,67,0.919104,0.929851,-1.01075,0.0107463,,0
rb,US500.cash,us_cash,5,0,2026-09-23,8,77,-1,7728.35,7709.05,38.5,0.482597,0.501299,-0.52,0.0187013,,0
rb,US500.cash,us_cash,5,0,2026-09-28,34,77,1,7705.4,7684.25,40.35,-0.542007,-0.524164,0.50632,0.0178439,,1
rb,US500.cash,us_cash,5,0,2026-09-30,45,77,-1,7696.13,7653.05,26.7167,1.58565,1.6126,-1.02695,0.0269495,,1
rb,US500.cash,us_cash,5,0,2026-10-07,8,46,-1,7767.87,7804.22,56.6667,-0.654176,-0.641471,0.628765,0.0127059,,0
rb,US500.cash,us_cash,5,0,2026-10-07,46,77,1,7804.22,7798.5,41.2167,-0.156167,-0.138698,0.121229,0.0174687,,1
dt,XAUUSD,server_day,5,0.5,2015-01-12,244,286,1,1234.32,1233.25,20.84,-0.0849939,-0.0513436,0.0176932,0.0336503,0,
dt,XAUUSD,server_day,5,0.5,2015-01-15,153,286,1,1242.82,1262.31,27.09,0.687614,0.719269,-0.750924,0.0316551,0,
dt,XAUUSD,server_day,5,0.5,2015-01-27,211,286,1,1293.7,1292.25,26.31,-0.0815318,-0.0553022,0.0290725,0.0262296,0,
dt,XAUUSD,server_day,5,0.5,2015-01-29,141,286,-1,1273.82,1257.3,21.69,0.731272,0.761411,-1.03014,0.0301391,0,
dt,XAUUSD,server_day,5,0.5,2015-01-30,254,286,1,1279.08,1283.56,41.7,0.0926154,0.107434,-0.122253,0.0148187,0,
dt,XAUUSD,server_day,5,0.5,2015-02-03,216,286,-1,1256.51,1259.87,36.5,-0.109305,-0.0920548,0.0748051,0.0172497,0,
dt,XAUUSD,server_day,5,0.5,2015-02-06,186,286,-1,1254.03,1233.12,25.68,0.780397,0.814252,-1.03385,0.0338555,0,
dt,XAUUSD,server_day,5,0.5,2015-02-17,195,286,-1,1217.54,1209.18,28.64,0.268262,0.291899,-0.315537,0.0236378,0,
dt,XAUUSD,server_day,5,0.5,2015-02-24,204,286,-1,1191.27,1199.81,21.78,-0.427582,-0.392103,0.356624,0.0354792,0,
dt,XAUUSD,server_day,5,0.5,2015-02-26,100,286,1,1212.41,1209.12,15.48,-0.252387,-0.212532,0.172678,0.0398547,0,
dt,XAUUSD,server_day,5,0.5,2015-03-03,50,286,-1,1196.56,1203.4,18.67,-0.39324,-0.366631,0.340021,0.0266095,0,
dt,XAUUSD,server_day,5,0.5,2015-03-06,186,286,-1,1186.72,1167.13,24.71,0.755424,0.792999,-0.830574,0.0375749,0,
dt,XAUUSD,server_day,5,0.5,2015-03-17,180,286,-1,1148.11,1149.24,13.06,-0.134616,-0.0865237,0.0384317,0.048092,0,
dt,XAUUSD,server_day,5,0.5,2015-03-18,240,286,1,1158.04,1167.43,17.34,0.489373,0.541522,-1.05215,0.0521498,0,
dt,XAUUSD,server_day,5,0.5,2015-03-20,219,286,1,1184.89,1182.22,28.47,-0.115194,-0.0939586,0.0727232,0.0212353,0,
dt,XAUUSD,server_day,5,0.5,2015-03-26,120,286,1,1208.39,1204.54,26.52,-0.169792,-0.145173,0.120555,0.0246188,0,
dt,XAUUSD,server_day,5,0.5,2015-03-30,171,286,-1,1184.16,1185.61,26.47,-0.0782617,-0.0549679,0.031674,0.0232939,0,
dt,XAUUSD,server_day,5,0.5,2015-04-01,207,286,1,1201.76,1204.14,36,0.0499766,0.0661111,-0.0822456,0.0161345,0,
dt,XAUUSD,server_day,5,0.5,2015-04-10,199,286,1,1209.58,1207.24,29.98,-0.0990299,-0.078052,0.0570741,0.0209779,0,
dt,XAUUSD,server_day,5,0.5,2015-04-13,221,286,-1,1196.39,1198.39,21.51,-0.119747,-0.0927476,0.0657479,0.0269997,0,
dt,XAUUSD,server_day,5,0.5,2015-04-14,146,286,-1,1189.9,1192.3,18.06,-0.168365,-0.13289,0.0974155,0.0354748,0,
dt,XAUUSD,server_day,5,0.5,2015-04-15,253,286,1,1204.45,1202.35,23.37,-0.116468,-0.0900727,0.0636779,0.0263948,0,
dt,XAUUSD,server_day,5,0.5,2015-04-20,195,286,-1,1195.09,1195.69,20.4,-0.0596439,-0.0294118,-0.000820366,0.0302321,0,
dt,XAUUSD,server_day,5,0.5,2015-04-22,204,286,-1,1195.76,1186.88,13.39,0.626611,0.662808,-0.699005,0.036197,0,
dt,XAUUSD,server_day,5,0.5,2015-04-24,203,286,-1,1182.96,1179.24,22.14,0.146137,0.168022,-0.189907,0.0218851,0,
dt,XAUUSD,server_day,5,0.5,2015-04-27,204,286,1,1192.99,1201.79,26.91,0.30614,0.32683,-0.34752,0.0206898,0,
dt,XAUUSD,server_day,5,0.5,2015-04-30,196,286,-1,1186.91,1183.97,36.92,0.0645559,0.0796316,-0.0947074,0.0150757,0,
dt,XAUUSD,server_day,5,0.5,2015-05-07,186,286,-1,1179.93,1184.22,23.17,-0.210425,-0.185369,0.160313,0.0250561,0,
dt,XAUUSD,server_day,5,0.5,2015-05-08,185,286,1,1191.97,1188.38,15.64,-0.266666,-0.22954,0.192413,0.0371268,0,
dt,XAUUSD,server_day,5,0.5,2015-05-11,220,286,-1,1180.82,1183.66,15.64,-0.219473,-0.181586,0.143699,0.0378869,0,
dt,XAUUSD,server_day,5,0.5,2015-05-12,157,286,1,1190.76,1193.65,13.89,0.168489,0.207703,-0.246918,0.0392146,0,
dt,XAUUSD,server_day,5,0.5,2015-05-13,186,286,1,1200.79,1215.69,14.88,0.961498,1.00134,-1.03985,0.0398465,0,
dt,XAUUSD,server_day,5,0.5,2015-05-19,208,286,-1,1208.22,1207.63,34.13,0.00146759,0.0174333,-0.0333991,0.0159657,0,
dt,XAUUSD,server_day,5,0.5,2015-05-26,115,286,-1,1196.8,1187.18,19.36,0.468146,0.496901,-0.525655,0.0287545,0,
dt,XAUUSD,server_day,5,0.5,2015-06-01,196,286,1,1200.61,1189.15,20.27,-0.591402,-0.565121,0.538839,0.0262816,0,
dt,XAUUSD,server_day,5,0.5,2015-06-03,235,286,-1,1185.26,1184.81,16.07,-0.00482828,0.0283136,-0.0614555,0.0331419,0,
dt,XAUUSD,server_day,5,0.5,2015-06-04,197,286,-1,1175.53,1176.43,19.39,-0.0741343,-0.0466735,0.0192128,0.0274607,0,
dt,XAUUSD,server_day,5,0.5,2015-06-05,186,286,-1,1163.26,1171.52,27.77,-0.319818,-0.297623,0.275429,0.0221946,0,
dt,XAUUSD,server_day,5,0.5,2015-06-10,121,286,1,1184.11,1185.85,14.65,0.0835775,0.119113,-0.154648,0.0355351,0,
dt,XAUUSD,server_day,5,0.5,2015-06-15,154,223,-1,1174.45,1189.89,15.44,-1.03294,-1,0.967063,0.0329372,0,
dt,XAUUSD,server_day,5,0.5,2015-06-15,223,286,1,1189.89,1186.11,15.44,-0.279316,-0.244819,0.210322,0.0344969,0,
dt,XAUUSD,server_day,5,0.5,2015-06-16,195,286,-1,1179,1182.04,13.38,-0.264314,-0.227205,0.190095,0.0371097,0,
dt,XAUUSD,server_day,5,0.5,2015-06-17,212,260,-1,1175.1,1188.48,13.38,-1.03711,-1,0.962889,0.037111,0,
dt,XAUUSD,server_day,5,0.5,2015-06-17,260,286,1,1188.48,1184.82,13.38,-0.317834,-0.273543,0.229252,0.044291,0,
dt,XAUUSD,server_day,5,0.5,2015-06-18,127,286,1,1190.91,1201.95,13.38,0.785295,0.825112,-1.03982,0.0398169,0,
dt,XAUUSD,server_day,5,0.5,2015-06-22,196,286,-1,1186.99,1185.78,27.39,0.0257901,0.0443593,-0.0629284,0.0185692,0,
dt,XAUUSD,server_day,5,0.5,2015-06-29,125,286,-1,1178.61,1179.32,15.28,-0.0813158,-0.046466,0.0116161,0.0348498,0,
dt,XAUUSD,server_day,5,0.5,2015-06-30,157,286,-1,1172.46,1171.83,15.16,0.00643733,0.0415567,-0.0766761,0.0351194,0,
dt,XAUUSD,server_day,5,0.5,2015-07-02,175,286,-1,1160.31,1165.63,16.07,-0.36013,-0.330741,0.301351,0.029389,0,
dt,XAUUSD,server_day,5,0.5,2015-07-07,192,286,-1,1158.66,1156.74,23.34,0.0604881,0.0822622,-0.104036,0.0217741,0,
dt,XAUUSD,server_day,5,0.5,2015-07-13,124,286,-1,1154.5,1157.78,16.46,-0.231603,-0.199271,0.166939,0.0323321,0,
dt,XAUUSD,server_day,5,0.5,2015-07-15,193,286,-1,1149.39,1149.34,12.52,-0.0356303,0.00399361,-0.0436175,0.0396239,0,
dt,XAUUSD,server_day,5,0.5,2015-07-17,202,286,-1,1135.63,1134.23,18.9,0.0491064,0.0740741,-0.0990417,0.0249677,0,
dt,XAUUSD,server_day,5,0.5,2015-07-20,53,286,-1,1119.8,1096.7,25.52,0.888107,0.905172,-1.01706,0.0170657,0,
dt,XAUUSD,server_day,5,0.5,2015-07-30,112,286,-1,1085.17,1088.53,21.88,-0.178392,-0.153565,0.128738,0.0248271,0,
dt,XAUUSD,server_day,5,0.5,2015-07-31,196,286,1,1099.59,1095.48,21.88,-0.209386,-0.187843,0.1663,0.0215432,0,
dt,XAUUSD,server_day,5,0.5,2015-08-03,255,286,-1,1087.32,1086.66,16.8,0.00837989,0.0392857,-0.0701915,0.0309058,0,
dt,XAUUSD,server_day,5,0.5,2015-08-04,151,286,1,1093.72,1087.61,16.8,-0.393171,-0.36369,0.33421,0.0294803,0,
dt,XAUUSD,server_day,5,0.5,2015-08-07,119,186,1,1096.22,1083.32,12.91,-1.04022,-1,0.959779,0.0402213,0,
dt,XAUUSD,server_day,5,0.5,2015-08-07,186,199,-1,1083.32,1096.22,12.91,-1.04394,-1,0.956061,0.0439393,0,
dt,XAUUSD,server_day,5,0.5,2015-08-07,199,286,1,1096.22,1094.17,12.91,-0.199406,-0.159179,0.118952,0.0402272,0,
dt,XAUUSD,server_day,5,0.5,2015-08-10,209,286,1,1100.37,1104.43,14.66,0.242331,0.276944,-0.311558,0.0346135,0,
dt,XAUUSD,server_day,5,0.5,2015-08-11,131,286,1,1116.36,1108.75,24.07,-0.339035,-0.315953,0.292872,0.0230817,0,
dt,XAUUSD,server_day,5,0.5,2015-08-12,209,286,1,1123.82,1123.91,29.99,-0.0136957,0.00283428,-0.0193643,0.01653,0,
dt,XAUUSD,server_day,5,0.5,2015-08-19,123,286,1,1123.95,1134.19,11.89,0.819949,0.861648,-0.903348,0.0416995,0,
dt,XAUUSD,server_day,5,0.5,2015-08-20,195,286,1,1145.74,1152.08,24.56,0.237456,0.258143,-0.278831,0.0206875,0,
dt,XAUUSD,server_day,5,0.5,2015-08-26,187,286,-1,1125.57,1124.77,29.51,0.00851398,0.02694,-0.0453661,0.018426,0,
dt,XAUUSD,server_day,5,0.5,2015-09-01,191,286,1,1145.5,1139.97,21.8,-0.276422,-0.25367,0.230918,0.0227522,0,
dt,XAUUSD,server_day,5,0.5,2015-09-03,184,286,-1,1125.56,1125.11,16.25,-0.00460029,0.0273846,-0.0593695,0.0319849,0,
dt,XAUUSD,server_day,5,0.5,2015-09-09,198,286,-1,1111.1,1107.35,21.09,0.159197,0.177572,-0.195947,0.018375,0,
dt,XAUUSD,server_day,5,0.5,2015-09-16,186,286,1,1111.09,1119.15,11.66,0.646689,0.691252,-1.04457,0.0445636,0,
dt,XAUUSD,server_day,5,0.5,2015-09-17,254,286,1,1129.43,1132.34,20.44,0.110478,0.142368,-0.174258,0.03189,0,
dt,XAUUSD,server_day,5,0.5,2015-09-24,192,286,1,1139.6,1153.98,17.76,0.783105,0.809685,-0.836264,0.0265797,0,
dt,XAUUSD,server_day,5,0.5,2015-09-28,187,286,-1,1128.98,1132.17,32.7,-0.112349,-0.0975535,0.0827576,0.014796,0,
dt,XAUUSD,server_day,5,0.5,2015-09-30,209,286,-1,1112.35,1114.47,29.81,-0.0875071,-0.0712848,0.0550625,0.0162223,0,
dt,XAUUSD,server_day,5,0.5,2015-10-02,188,286,1,1130.79,1138.72,34.62,0.220281,0.229058,-0.237836,0.00877777,0,
dt,XAUUSD,server_day,5,0.5,2015-10-09,106,286,1,1148.03,1156.53,18.14,0.449827,0.468578,-0.487328,0.0187504,0,
dt,XAUUSD,server_day,5,0.5,2015-10-12,119,286,1,1166.63,1163.78,21.61,-0.146197,-0.132115,0.118033,0.014082,0,
dt,XAUUSD,server_day,5,0.5,2015-10-14,250,286,1,1183.84,1184.58,31.53,0.0136512,0.0233111,-0.0329711,0.00965997,0,
dt,XAUUSD,server_day,5,0.5,2015-10-20,212,286,1,1180.63,1176.35,21.24,-0.215843,-0.201507,0.18717,0.0143361,0,
dt,XAUUSD,server_day,5,0.5,2015-10-21,201,286,-1,1165.57,1166.95,21.24,-0.0792998,-0.0649718,0.0506437,0.014328,0,
dt,XAUUSD,server_day,5,0.5,2015-10-23,119,286,1,1173.62,1164.37,15.24,-0.626927,-0.606955,0.586984,0.0199715,0,
dt,XAUUSD,server_day,5,0.5,2015-10-28,176,246,1,1175.25,1158.96,16.29,-1.01868,-1,0.981317,0.0186826,0,
dt,XAUUSD,server_day,5,0.5,2015-10-28,246,286,-1,1158.96,1155.77,16.29,0.177458,0.196133,-0.214807,0.0186742,0,
dt,XAUUSD,server_day,5,0.5,2015-11-12,195,286,-1,1074.23,1084.9,24.54,-0.447152,-0.4348,0.422448,0.0123518,0,
dt,XAUUSD,server_day,5,0.5,2015-11-16,96,286,1,1095.87,1082.68,15.52,-0.86941,-0.849871,0.830332,0.0195393,0,
dt,XAUUSD,server_day,5,0.5,2015-11-17,206,286,-1,1076.18,1070.06,15.33,0.379777,0.399543,-0.41931,0.0197667,0,
dt,XAUUSD,server_day,5,0.5,2015-11-19,224,286,1,1085.55,1082.04,27.95,-0.136249,-0.125403,0.114556,0.010847,0,
dt,XAUUSD,server_day,5,0.5,2015-11-23,185,286,-1,1067.18,1068.92,17.95,-0.114092,-0.0972145,0.0803369,0.0168776,0,
dt,XAUUSD,server_day,5,0.5,2015-11-24,180,286,1,1078.61,1075.31,19.09,-0.189004,-0.173127,0.157251,0.0158762,0,
dt,XAUUSD,server_day,5,0.5,2015-11-30,253,286,1,1067.84,1064.37,19.09,-0.197377,-0.181509,0.16564,0.0158683,0,
dt,XAUUSD,server_day,5,0.5,2015-12-02,192,286,-1,1057.78,1053.49,22.18,0.179767,0.193417,-0.207068,0.013651,0,
dt,XAUUSD,server_day,5,0.5,2015-12-04,193,286,1,1074.86,1086.76,23.01,0.50421,0.517384,-0.530558,0.0131739,0,
dt,XAUUSD,server_day,5,0.5,2015-12-11,152,286,-1,1063.86,1074.66,15.79,-0.703481,-0.684294,0.665106,0.0191874,0,
dt,XAUUSD,server_day,5,0.5,2015-12-14,127,286,-1,1066.68,1060.12,14.09,0.443727,0.465224,-0.48672,0.0214966,0,
dt,XAUUSD,server_day,5,0.5,2015-12-16,182,286,1,1070.91,1072.18,19.41,0.049562,0.0651726,-0.0807832,0.0156106,0,
dt,XAUUSD,server_day,5,0.5,2015-12-17,185,286,-1,1062.26,1051.55,19.41,0.536435,0.552035,-0.567635,0.0156,0,
dt,XAUUSD,server_day,5,0.5,2015-12-18,201,286,1,1064.28,1065.85,26.72,0.047421,0.0587575,-0.070094,0.0113365,0,
dt,XAUUSD,server_day,5,0.5,2015-12-21,203,286,1,1079.52,1078.28,26.72,-0.0577509,-0.0464072,0.0350635,0.0113437,0,
dt,XAUUSD,server_day,5,0.5,2015-12-30,186,286,-1,1062.97,1061.08,12.07,0.131908,0.157001,-0.182093,0.0250927,0,
dt,XAUUSD,server_day,5,0.5,2016-01-04,118,286,1,1072.77,1074.43,15.78,0.085993,0.105196,-0.1244,0.0192034,0,
dt,XAUUSD,server_day,5,0.5,2016-01-06,178,286,1,1088.93,1093.01,22.36,0.168905,0.182469,-0.196032,0.0135632,0,
dt,XAUUSD,server_day,5,0.5,2016-01-14,228,286,-1,1081.17,1077.18,24.14,0.151735,0.165286,-0.178836,0.0135505,0,
dt,XAUUSD,server_day,5,0.5,2016-01-15,187,286,1,1093.84,1088.72,31.24,-0.174369,-0.163892,0.153416,0.0104762,0,
dt,XAUUSD,server_day,5,0.5,2016-01-20,177,286,1,1098.93,1100.83,22.32,0.0715323,0.0851254,-0.0987186,0.0135931,0,
dt,XAUUSD,server_day,5,0.5,2016-01-26,215,286,1,1118.34,1120.09,20.15,0.0720264,0.0870968,-0.102167,0.0150704,0,
dt,XAUUSD,server_day,5,0.5,2016-02-01,195,286,1,1124.78,1128.37,17.85,0.183822,0.20084,-0.217858,0.017018,0,
dt,XAUUSD,server_day,5,0.5,2016-02-03,210,286,1,1138.27,1142.34,20.3,0.185519,0.200493,-0.215466,0.0149736,0,
dt,XAUUSD,server_day,5,0.5,2016-02-08,205,286,1,1193.87,1190.02,50.81,-0.0816707,-0.0756741,0.0696775,0.0059966,0,
dt,XAUUSD,server_day,5,0.5,2016-02-11,148,286,1,1222.85,1248.7,52.26,0.4888,0.494642,-0.500484,0.00584196,0,
dt,XAUUSD,server_day,5,0.5,2016-02-22,144,286,-1,1204.77,1208.42,40.31,-0.098236,-0.0906723,0.0831086,0.00756369,0,
dt,XAUUSD,server_day,5,0.5,2016-02-23,214,286,1,1226.6,1226.44,35.05,-0.013129,-0.00442225,-0.00428449,0.00870674,0,
dt,XAUUSD,server_day,5,0.5,2016-02-24,187,286,1,1242.74,1229.17,31.42,-0.441607,-0.431891,0.422174,0.00971685,0,
dt,XAUUSD,server_day,5,0.5,2016-02-29,132,286,1,1233.94,1238.3,29.92,0.135518,0.145722,-0.155926,0.0102041,0,
dt,XAUUSD,server_day,5,0.5,2016-03-03,209,286,1,1255.8,1265.51,28.7,0.327678,0.338328,-0.348977,0.0106498,0,
dt,XAUUSD,server_day,5,0.5,2016-03-09,195,286,-1,1246.67,1252.88,29.88,-0.218055,-0.207831,0.197607,0.0102241,0,
dt,XAUUSD,server_day,5,0.5,2016-03-10,180,204,-1,1239.29,1266.12,26.83,-1.01139,-1,0.988612,0.0113879,0,
dt,XAUUSD,server_day,5,0.5,2016-03-10,204,286,1,1266.12,1271.98,26.83,0.207202,0.218599,-0.229995,0.0113964,0,
dt,XAUUSD,server_day,5,0.5,2016-03-11,268,286,-1,1252.41,1249.23,34.99,0.0805798,0.091026,-0.101472,0.0104462,0,
dt,XAUUSD,server_day,5,0.5,2016-03-14,251,286,-1,1233.95,1235,34.99,-0.0388763,-0.0301515,0.0214266,0.00872485,0,
dt,XAUUSD,server_day,5,0.5,2016-03-16,249,286,1,1258.24,1262.04,50.92,0.0672105,0.0746269,-0.0820432,0.00741638,0,
dt,XAUUSD,server_day,5,0.5,2016-03-23,77,286,-1,1234.02,1220.13,27.4,0.495796,0.506934,-0.518072,0.0111379,0,
dt,XAUUSD,server_day,5,0.5,2016-03-29,261,286,1,1242.3,1240.72,43,-0.0438461,-0.0367442,0.0296423,0.00710189,0,
dt,XAUUSD,server_day,5,0.5,2016-03-30,223,286,-1,1225.12,1224.46,32.57,0.0110486,0.0204176,-0.0297865,0.00936896,0,
dt,XAUUSD,server_day,5,0.5,2016-04-01,195,286,-1,1215.28,1222.16,32.57,-0.220757,-0.211391,0.202024,0.00936635,0,
dt,XAUUSD,server_day,5,0.5,2016-04-05,133,286,1,1229.92,1230.47,28.44,0.0086068,0.019339,-0.0300711,0.0107322,0,
dt,XAUUSD,server_day,5,0.5,2016-04-06,188,286,-1,1218.03,1222.03,24.77,-0.174004,-0.161688,0.149371,0.0123165,0,
dt,XAUUSD,server_day,5,0.5,2016-04-07,143,286,1,1233.72,1240.6,21.54,0.305231,0.319406,-0.33358,0.0141746,0,
dt,XAUUSD,server_day,5,0.5,2016-04-11,215,286,1,1257.73,1257.51,25.91,-0.0204788,-0.00868391,-0.00311103,0.0117949,0,
dt,XAUUSD,server_day,5,0.5,2016-04-14,224,286,-1,1228.45,1226.33,27.97,0.0647056,0.0756167,-0.0865278,0.0109111,0,
dt,XAUUSD,server_day,5,0.5,2016-04-19,182,286,1,1246.92,1250.21,30.3,0.098499,0.108581,-0.118663,0.0100818,0,
dt,XAUUSD,server_day,5,0.5,2016-04-21,111,286,1,1256.44,1248.77,25.34,-0.314741,-0.302684,0.290626,0.0120575,0,
dt,XAUUSD,server_day,5,0.5,2016-04-22,238,286,-1,1228.85,1232.73,37.62,-0.11125,-0.103137,0.0950231,0.00811353,0,
dt,XAUUSD,server_day,5,0.5,2016-04-28,222,286,1,1264.13,1266.29,37.46,0.0495005,0.0576615,-0.0658226,0.00816105,0,
dt,XAUUSD,server_day,5,0.5,2016-04-29,201,286,1,1285.43,1293.68,38.97,0.203976,0.21183,-0.219683,0.00785357,0,
dt,XAUUSD,server_day,5,0.5,2016-05-06,186,286,1,1290.27,1288.8,25.56,-0.0694857,-0.0575117,0.0455378,0.0119739,0,
dt,XAUUSD,server_day,5,0.5,2016-05-09,172,286,-1,1272.39,1263.09,23.6,0.381112,0.394068,-0.407023,0.0129554,0,
dt,XAUUSD,server_day,5,0.5,2016-05-16,112,286,1,1282.89,1273.62,20.34,-0.470791,-0.455752,0.440713,0.0150391,0,
dt,XAUUSD,server_day,5,0.5,2016-05-18,192,286,-1,1267.68,1257.88,25.2,0.376759,0.388889,-0.401019,0.0121301,0,
dt,XAUUSD,server_day,5,0.5,2016-05-24,222,286,-1,1232.61,1226.7,32.27,0.173529,0.182987,-0.192445,0.00945817,0,
dt,XAUUSD,server_day,5,0.5,2016-06-03,186,286,1,1216.55,1244.51,12.47,2.2173,2.24178,-1.02447,0.0244769,0,
dt,XAUUSD,server_day,5,0.5,2016-06-08,203,286,1,1263.65,1261.84,38.04,-0.0556172,-0.0475815,0.0395458,0.00803571,0,
dt,XAUUSD,server_day,5,0.5,2016-06-16,109,279,1,1306.67,1279.67,27,-1.01134,-1,0.988663,0.0113372,0,
dt,XAUUSD,server_day,5,0.5,2016-06-16,279,286,-1,1279.67,1278.75,27,0.0209663,0.0340741,-0.0471818,0.0131077,0,
dt,XAUUSD,server_day,5,0.5,2016-06-17,274,286,1,1297.38,1298.55,36.79,0.0236159,0.031938,-0.0402602,0.00832214,0,
dt,XAUUSD,server_day,5,0.5,2016-06-21,169,286,-1,1271.34,1267.18,36.79,0.104627,0.112938,-0.12125,0.00831122,0,
dt,XAUUSD,server_day,5,0.5,2016-06-24,47,286,1,1272.13,1315.67,38.16,1.13296,1.14099,-1.00802,0.00802187,0,
dt,XAUUSD,server_day,5,0.5,2016-07-01,104,286,1,1334.19,1342.28,23.22,0.335197,0.348407,-0.361617,0.01321,0,
dt,XAUUSD,server_day,5,0.5,2016-07-08,186,286,-1,1337.61,1364.93,43.21,-0.63948,-0.632377,0.625274,0.00710293,0,
dt,XAUUSD,server_day,5,0.5,2016-07-11,189,286,-1,1353.55,1354.57,29.76,-0.0482176,-0.0342742,0.0203308,0.0139434,0,
dt,XAUUSD,server_day,5,0.5,2016-07-12,220,286,-1,1340.31,1332.68,29.76,0.246078,0.256384,-0.266691,0.0103061,0,
dt,XAUUSD,server_day,5,0.5,2016-07-14,175,286,-1,1321.86,1334.53,42.15,-0.307986,-0.300712,0.293438,0.0072739,0,
dt,XAUUSD,server_day,5,0.5,2016-07-20,167,286,-1,1322.84,1315.34,18.66,0.385506,0.401929,-0.418353,0.0164238,0,
dt,XAUUSD,server_day,5,0.5,2016-07-21,223,286,1,1326.75,1331.12,25.76,0.15774,0.169643,-0.181545,0.0119024,0,
dt,XAUUSD,server_day,5,0.5,2016-07-27,256,286,1,1329.44,1339.46,20.35,0.477067,0.492138,-0.507208,0.0150704,0,
dt,XAUUSD,server_day,5,0.5,2016-07-29,228,286,1,1350.25,1351.11,29.76,0.0173754,0.0288978,-0.0404203,0.0115225,0,
dt,XAUUSD,server_day,5,0.5,2016-08-05,186,286,-1,1352.22,1336.87,17.5,0.85961,0.877143,-1.01753,0.0175328,0,
dt,XAUUSD,server_day,5,0.5,2016-08-10,185,286,1,1355.56,1346,31.19,-0.316958,-0.306348,0.295739,0.0106095,0,
dt,XAUUSD,server_day,5,0.5,2016-08-12,186,286,1,1349.09,1336.58,22.14,-0.578898,-0.565041,0.551183,0.0138573,0,
dt,XAUUSD,server_day,5,0.5,2016-08-16,128,286,1,1349.86,1346.37,20.53,-0.191616,-0.170239,0.148861,0.0213772,0,
dt,XAUUSD,server_day,5,0.5,2016-08-19,176,286,-1,1342.74,1340.92,18.74,0.0807478,0.0971185,-0.113489,0.0163706,0,
dt,XAUUSD,server_day,5,0.5,2016-08-24,188,286,-1,1327.49,1323.9,20.51,0.160334,0.17528,-0.190227,0.0149468,0,
dt,XAUUSD,server_day,5,0.5,2016-08-26,206,286,1,1333.42,1321.85,23.12,-0.513693,-0.500433,0.487172,0.0132607,0,
dt,XAUUSD,server_day,5,0.5,2016-08-30,246,286,-1,1312.98,1310.36,20.66,0.111986,0.126815,-0.141644,0.0148288,0,
dt,XAUUSD,server_day,5,0.5,2016-09-02,186,186,1,1324.19,1303.35,20.84,-1.0147,-1,0.985298,0.0147021,1,
dt,XAUUSD,server_day,5,0.5,2016-09-02,187,286,1,1326.86,1324.8,20.84,-0.113559,-0.0988484,0.0841381,0.0147103,0,
dt,XAUUSD,server_day,5,0.5,2016-09-06,204,286,1,1337.39,1350.26,22.39,0.560884,0.574587,-0.58829,0.0137032,0,
dt,XAUUSD,server_day,5,0.5,2016-09-15,199,286,-1,1311.86,1314.41,21.62,-0.132118,-0.117946,0.103775,0.0141713,0,
dt,XAUUSD,server_day,5,0.5,2016-09-16,197,286,-1,1306.14,1309.66,18.19,-0.210078,-0.193238,0.176399,0.0168395,0,
dt,XAUUSD,server_day,5,0.5,2016-09-21,180,286,1,1323.95,1335.92,18.29,0.63217,0.654183,-0.676196,0.0220131,0,
dt,XAUUSD,server_day,5,0.5,2016-09-28,217,286,-1,1318.44,1321.47,16.68,-0.200029,-0.181655,0.163281,0.0183741,0,
dt,XAUUSD,server_day,5,0.5,2016-10-04,184,286,-1,1303.64,1268.45,16.24,2.16576,2.16687,-1.00112,0.00110866,0,
dt,XAUUSD,server_day,5,0.5,2016-10-14,183,286,-1,1251.9,1250.43,12.26,0.0949824,0.119902,-0.144822,0.0249198,0,
dt,XAUUSD,server_day,5,0.5,2016-10-17,244,286,1,1257.07,1254.92,11.8,-0.21827,-0.182203,0.146137,0.0360664,0,
dt,XAUUSD,server_day,5,0.5,2016-10-18,114,286,1,1261.13,1262.52,11.8,0.0908758,0.117797,-0.144717,0.0269208,0,
dt,XAUUSD,server_day,5,0.5,2016-10-19,156,286,1,1270.95,1269.58,16.49,-0.105687,-0.0827774,0.0598676,0.0229099,0,
dt,XAUUSD,server_day,5,0.5,2016-10-25,141,286,1,1269.67,1273.87,10.36,0.365463,0.405405,-0.445348,0.0399425,0,
dt,XAUUSD,server_day,5,0.5,2016-10-26,211,286,-1,1266.93,1266.48,13.59,0.0109835,0.0334805,-0.0559775,0.022497,0,
dt,XAUUSD,server_day,5,0.5,2016-10-28,244,286,1,1274.78,1275.71,13.59,0.0401138,0.0688006,-0.0974874,0.0286868,0,
dt,XAUUSD,server_day,5,0.5,2016-11-01,158,286,1,1285.43,1288.04,17.59,0.131267,0.148664,-0.166061,0.0173971,0,
dt,XAUUSD,server_day,5,0.5,2016-11-02,189,286,1,1301.39,1296.69,26.16,-0.191368,-0.179664,0.167959,0.0117044,0,
dt,XAUUSD,server_day,5,0.5,2016-11-09,48,286,1,1288.88,1277.11,31.55,-0.382598,-0.3729,-1.00971,0.00969768,0,
dt,XAUUSD,server_day,5,0.5,2016-11-11,247,286,-1,1220.2,1227.24,77.87,-0.0945696,-0.0903429,0.0861162,0.00422669,0,
dt,XAUUSD,server_day,5,0.5,2016-11-18,43,286,-1,1207.84,1208.51,17.4,-0.0560296,-0.0385057,0.0209819,0.0175238,0,
dt,XAUUSD,server_day,5,0.5,2016-11-23,185,286,-1,1201.7,1186.87,22.82,0.636515,0.649869,-0.663222,0.0133532,0,
dt,XAUUSD,server_day,5,0.5,2016-11-30,219,286,-1,1171.15,1172.62,34.08,-0.0520659,-0.0431338,0.0342017,0.00893211,0,
dt,XAUUSD,server_day,5,0.5,2016-12-05,48,286,-1,1171.65,1170.03,27.52,0.0451893,0.0588663,-0.0725433,0.013677,0,
dt,XAUUSD,server_day,5,0.5,2016-12-07,201,286,1,1179.3,1173.5,19.83,-0.308193,-0.292234,0.276275,0.0159591,0,
dt,XAUUSD,server_day,5,0.5,2016-12-09,207,286,-1,1160.82,1158.35,18.49,0.116753,0.133856,-0.150959,0.017103,0,
dt,XAUUSD,server_day,5,0.5,2016-12-14,263,286,-1,1148.22,1142.94,20.51,0.242368,0.257192,-0.272016,0.0148239,0,
dt,XAUUSD,server_day,5,0.5,2016-12-15,159,286,-1,1127.65,1127.96,29.02,-0.0215641,-0.0106823,-0.000199492,0.0108818,0,
dt,XAUUSD,server_day,5,0.5,2016-12-23,215,286,1,1135.32,1133.39,14.04,-0.159108,-0.137464,0.11582,0.0216439,0,
dt,XAUUSD,server_day,5,0.5,2016-12-27,101,286,1,1140.16,1138.86,11.53,-0.138678,-0.112316,0.0859538,0.0263619,0,
dt,XAUUSD,server_day,5,0.5,2016-12-29,219,286,1,1153.61,1157.83,22.49,0.173892,0.187417,-0.200942,0.0135251,0,
dt,XAUUSD,server_day,5,0.5,2017-01-05,61,286,1,1173.59,1180.3,20.99,0.304932,0.319438,-0.333944,0.0145058,0,
dt,XAUUSD,server_day,5,0.5,2017-01-12,128,286,1,1205.04,1195.38,25.58,-0.389554,-0.377639,0.365723,0.0119157,0,
dt,XAUUSD,server_day,5,0.5,2017-01-17,121,286,1,1213.06,1216.56,20.22,0.158012,0.173096,-0.18818,0.0150844,0,
dt,XAUUSD,server_day,5,0.5,2017-01-24,253,286,-1,1207.99,1208.67,22.01,-0.0450666,-0.0306679,0.0162691,0.0143988,0,
dt,XAUUSD,server_day,5,0.5,2017-01-25,195,286,-1,1198.3,1199.6,22.01,-0.0726845,-0.0588369,0.0449893,0.0138476,0,
dt,XAUUSD,server_day,5,0.5,2017-01-26,170,286,-1,1188.38,1188.38,24.58,-0.0123937,-0,-0.0123937,0.0123937,0,
dt,XAUUSD,server_day,5,0.5,2017-01-31,174,286,1,1205.95,1210.36,21.35,0.190917,0.206323,-0.221729,0.0154058,0,
dt,XAUUSD,server_day,5,0.5,2017-02-02,145,286,1,1223.85,1215.74,29.88,-0.281629,-0.271419,0.261209,0.0102101,0,
dt,XAUUSD,server_day,5,0.5,2017-02-06,274,286,1,1235.41,1235.45,26.3,-0.0109998,0.00152091,-0.0140417,0.0125208,0,
dt,XAUUSD,server_day,5,0.5,2017-02-13,209,286,-1,1220.7,1225.2,20.11,-0.238693,-0.223521,0.208348,0.0151726,0,
dt,XAUUSD,server_day,5,0.5,2017-02-15,187,286,-1,1218.77,1232.81,19.24,-0.74559,-0.72973,0.713869,0.0158608,0,
dt,XAUUSD,server_day,5,0.5,2017-02-16,218,286,1,1241.95,1239.01,17.04,-0.190456,-0.172535,0.154615,0.0179206,0,
dt,XAUUSD,server_day,5,0.5,2017-02-23,179,286,1,1243.32,1249.19,12.97,0.429418,0.452968,-0.476519,0.0235503,0,
dt,XAUUSD,server_day,5,0.5,2017-03-01,191,286,-1,1237.86,1249.23,21.29,-0.548634,-0.534288,0.519943,0.0143452,0,
dt,XAUUSD,server_day,5,0.5,2017-03-02,184,286,-1,1238.43,1234.17,20.12,0.196555,0.21173,-0.226904,0.0151744,0,
dt,XAUUSD,server_day,5,0.5,2017-03-15,240,286,1,1205.43,1218.59,12.64,1.01701,1.04114,-1.02413,0.0241272,0,
dt,XAUUSD,server_day,5,0.5,2017-03-16,171,286,1,1230.72,1226.01,23.68,-0.21179,-0.198902,0.186014,0.0128884,0,
dt,XAUUSD,server_day,5,0.5,2017-03-27,117,286,1,1259.07,1254.09,21.96,-0.240692,-0.226776,0.21286,0.0139159,0,
dt,XAUUSD,server_day,5,0.5,2017-03-30,195,286,-1,1245.04,1243.43,15.4,0.084713,0.104545,-0.124378,0.0198324,0,
dt,XAUUSD,server_day,5,0.5,2017-04-04,181,286,1,1260.88,1255.98,13.46,-0.386747,-0.364042,0.341336,0.0227056,0,
dt,XAUUSD,server_day,5,0.5,2017-04-05,197,286,-1,1246.84,1255.21,17.79,-0.487943,-0.47077,0.453597,0.0171734,0,
dt,XAUUSD,server_day,5,0.5,2017-04-07,52,286,1,1257.88,1254.3,12.33,-0.314727,-0.289943,-1.02479,0.0247839,0,
dt,XAUUSD,server_day,5,0.5,2017-04-11,196,286,1,1264.61,1273.93,19.06,0.47294,0.488982,-0.505025,0.0160425,0,
dt,XAUUSD,server_day,5,0.5,2017-04-19,203,286,-1,1280.5,1279.14,17.98,0.0586253,0.0756396,-0.0926539,0.0170143,0,
dt,XAUUSD,server_day,5,0.5,2017-04-24,51,286,1,1276.3,1275.39,15.82,-0.076856,-0.0575221,0.0381883,0.0193339,0,
dt,XAUUSD,server_day,5,0.5,2017-04-25,191,286,-1,1266.05,1263.32,18.89,0.128073,0.144256,-0.16044,0.0161835,0,
dt,XAUUSD,server_day,5,0.5,2017-05-01,225,286,-1,1261.19,1256.87,14.73,0.27287,0.293618,-0.314367,0.0207486,0,
dt,XAUUSD,server_day,5,0.5,2017-05-03,207,286,-1,1248.2,1238.55,16.07,0.581182,0.600187,-0.619191,0.0190048,0,
dt,XAUUSD,server_day,5,0.5,2017-05-15,192,286,1,1237.06,1230.08,14.25,-0.510896,-0.489474,0.468051,0.0214225,0,
dt,XAUUSD,server_day,5,0.5,2017-05-17,158,286,1,1246.59,1260.41,20.03,0.67496,0.690215,-0.705469,0.0152546,0,
dt,XAUUSD,server_day,5,0.5,2017-05-26,120,286,1,1261.76,1266.94,12.39,0.393809,0.418483,-0.443156,0.0246732,0,
dt,XAUUSD,server_day,5,0.5,2017-05-31,242,286,1,1272.07,1268.7,19.09,-0.192288,-0.17627,0.160252,0.0160181,0,
dt,XAUUSD,server_day,5,0.5,2017-06-02,189,286,1,1273.47,1278.56,15.58,0.307069,0.326701,-0.346333,0.0196318,0,
dt,XAUUSD,server_day,5,0.5,2017-06-06,161,286,1,1290.32,1293.92,20.5,0.160679,0.17561,-0.190541,0.0149312,0,
dt,XAUUSD,server_day,5,0.5,2017-06-09,191,286,-1,1268.62,1266.6,22.63,0.0755304,0.0890411,-0.102552,0.0135107,0,
dt,XAUUSD,server_day,5,0.5,2017-06-14,192,286,1,1278.03,1261.83,23.19,-0.711978,-0.698793,0.685607,0.0131858,0,
dt,XAUUSD,server_day,5,0.5,2017-06-22,63,286,1,1253.44,1250.4,14.25,-0.235125,-0.213684,0.192244,0.0214405,0,
dt,XAUUSD,server_day,5,0.5,2017-06-23,134,286,1,1257.37,1256.61,12.76,-0.0835108,-0.0595611,0.0356115,0.0239497,0,
dt,XAUUSD,server_day,5,0.5,2017-06-26,132,286,-1,1249.37,1244.3,15.98,0.298157,0.317272,-0.336386,0.0191149,0,
dt,XAUUSD,server_day,5,0.5,2017-07-03,123,286,-1,1235.45,1219.46,13.33,1.17703,1.19992,-1.0229,0.0228946,0,
dt,XAUUSD,server_day,5,0.5,2017-07-07,217,286,-1,1210.44,1212.2,28.69,-0.0718006,-0.0611711,0.0505417,0.0106294,0,
dt,XAUUSD,server_day,5,0.5,2017-07-14,186,286,1,1225.06,1228.81,15.33,0.225037,0.244945,-0.264852,0.0199072,0,
dt,XAUUSD,server_day,5,0.5,2017-07-18,230,286,1,1244.05,1242.03,20.22,-0.115005,-0.0999011,0.0847971,0.015104,0,
dt,XAUUSD,server_day,5,0.5,2017-07-21,227,286,1,1252.43,1254.7,16.43,0.119261,0.137858,-0.156455,0.0185971,0,
dt,XAUUSD,server_day,5,0.5,2017-07-26,264,286,1,1259.75,1260.84,20.08,0.0390615,0.0542829,-0.0695042,0.0152213,0,
dt,XAUUSD,server_day,5,0.5,2017-07-28,211,286,1,1267.74,1268.91,17.15,0.0506848,0.0685131,-0.0863415,0.0178284,0,
dt,XAUUSD,server_day,5,0.5,2017-08-03,24,286,-1,1260.09,1268.85,12.08,-0.750472,-0.725166,0.699859,0.0253065,0,
dt,XAUUSD,server_day,5,0.5,2017-08-04,186,286,-1,1262.11,1258.73,12.6,0.243996,0.268254,-0.292512,0.0242576,0,
dt,XAUUSD,server_day,5,0.5,2017-08-08,165,286,1,1264.61,1260.74,15.08,-0.276902,-0.256631,0.236361,0.0202704,0,
dt,XAUUSD,server_day,5,0.5,2017-08-09,178,286,1,1269.62,1277.39,17.41,0.429016,0.446582,-0.464149,0.0175663,0,
dt,XAUUSD,server_day,5,0.5,2017-08-16,256,286,1,1282.94,1283.08,23.18,-0.00715971,0.00603969,-0.0192391,0.0131994,0,
dt,XAUUSD,server_day,5,0.5,2017-08-18,193,286,1,1298.84,1284.62,20.51,-0.708488,-0.693564,0.67864,0.0149237,0,
dt,XAUUSD,server_day,5,0.5,2017-08-25,195,200,1,1291.6,1280.52,11.08,-1.02762,-1,0.972382,0.0276178,1,
dt,XAUUSD,server_day,5,0.5,2017-08-25,202,216,-1,1280.52,1291.6,11.08,-1.02762,-1,0.972382,0.0276178,0,
dt,XAUUSD,server_day,5,0.5,2017-08-25,216,286,1,1291.6,1291.47,11.08,-0.0393575,-0.0117329,-0.0158918,0.0276247,0,
dt,XAUUSD,server_day,5,0.5,2017-08-28,215,286,1,1300.03,1309.61,15.1,0.614154,0.634437,-0.65472,0.0202826,0,
dt,XAUUSD,server_day,5,0.5,2017-09-11,265,286,-1,1327.22,1327.25,23.41,-0.0141641,-0.00106792,-0.0120282,0.0130962,0,
dt,XAUUSD,server_day,5,0.5,2017-09-15,178,286,-1,1322.1,1320.29,16.96,0.08865,0.106722,-0.124793,0.0180717,0,
dt,XAUUSD,server_day,5,0.5,2017-09-18,192,286,-1,1310.5,1307.19,15.66,0.191806,0.211367,-0.230927,0.0195609,0,
dt,XAUUSD,server_day,5,0.5,2017-09-20,259,286,-1,1297.11,1300.08,27.05,-0.121301,-0.109982,0.0986625,0.011319,0,
dt,XAUUSD,server_day,5,0.5,2017-09-25,231,286,1,1308.33,1310.28,24.72,0.0664915,0.0788835,-0.0912755,0.012392,0,
dt,XAUUSD,server_day,5,0.5,2017-09-26,235,286,-1,1297.19,1293.8,24.72,0.124752,0.137136,-0.14952,0.0123842,0,
dt,XAUUSD,server_day,5,0.5,2017-09-27,278,286,-1,1282.09,1282.16,22.34,-0.0168285,-0.00313339,-0.0105618,0.0136952,0,
dt,XAUUSD,server_day,5,0.5,2017-10-04,175,286,1,1281.09,1274.64,19.3,-0.350046,-0.334197,0.318348,0.0158492,0,
dt,XAUUSD,server_day,5,0.5,2017-10-06,199,285,-1,1261.45,1275.99,14.55,-1.02101,-1,0.978985,0.0210146,0,
dt,XAUUSD,server_day,5,0.5,2017-10-06,285,286,1,1275.99,1276.17,14.55,-0.0188911,0.0120275,-0.0429461,0.0309186,0,
dt,XAUUSD,server_day,5,0.5,2017-10-09,65,286,1,1283.73,1283.94,15.63,-0.00582045,0.0137556,-0.0333316,0.019576,0,
dt,XAUUSD,server_day,5,0.5,2017-10-13,270,286,1,1302.72,1303.3,18.11,0.00744108,0.0323026,-0.0571641,0.0248615,0,
dt,XAUUSD,server_day,5,0.5,2017-10-16,264,286,-1,1292.69,1294.57,21.28,-0.109498,-0.0883459,0.067194,0.0211518,0,
dt,XAUUSD,server_day,5,0.5,2017-10-17,186,286,-1,1286.48,1285.14,18.81,0.0470494,0.0709729,-0.0948964,0.0239235,0,
dt,XAUUSD,server_day,5,0.5,2017-10-26,234,286,-1,1270.76,1266.9,14.43,0.235983,0.267152,-0.29832,0.0311686,0,
dt,XAUUSD,server_day,5,0.5,2017-10-31,193,286,-1,1268.25,1271,15.48,-0.206704,-0.177649,0.148593,0.0290552,0,
dt,XAUUSD,server_day,5,0.5,2017-11-01,135,286,1,1278.06,1274.52,15.48,-0.257743,-0.228682,0.199621,0.0290612,0,
dt,XAUUSD,server_day,5,0.5,2017-11-02,193,286,1,1281.55,1276.15,12.39,-0.471744,-0.435432,0.39912,0.0363119,0,
dt,XAUUSD,server_day,5,0.5,2017-11-03,199,286,-1,1270.77,1270.03,12.96,0.0223931,0.0570988,-0.0918044,0.0347057,0,
dt,XAUUSD,server_day,5,0.5,2017-11-06,221,286,1,1276.39,1281.49,13.93,0.334178,0.366475,-0.398773,0.0322976,0,
dt,XAUUSD,server_day,5,0.5,2017-11-07,207,286,-1,1273.03,1275.23,16.12,-0.164382,-0.136476,0.108571,0.0279056,0,
dt,XAUUSD,server_day,5,0.5,2017-11-08,196,286,1,1284.74,1281.16,16.12,-0.249998,-0.222084,0.194171,0.0279132,0,
dt,XAUUSD,server_day,5,0.5,2017-11-10,218,286,-1,1275.93,1275.6,18.65,-0.00615875,0.0179625,-0.0420837,0.0241212,0,
dt,XAUUSD,server_day,5,0.5,2017-11-14,121,286,-1,1271.54,1280.32,12.71,-0.726582,-0.691188,0.655794,0.0353944,0,
dt,XAUUSD,server_day,5,0.5,2017-11-15,183,286,1,1287.26,1278.34,14.83,-0.631487,-0.601146,0.570805,0.0303411,0,
dt,XAUUSD,server_day,5,0.5,2017-11-17,190,286,1,1284.24,1294.11,11.45,0.822267,0.861572,-1.03931,0.0393055,0,
dt,XAUUSD,server_day,5,0.5,2017-11-20,223,286,-1,1280.99,1276.65,24.31,0.159815,0.178322,-0.196829,0.0185069,0,
dt,XAUUSD,server_day,5,0.5,2017-11-22,220,286,1,1290.74,1291.94,20.12,0.0372724,0.0596421,-0.0820119,0.0223697,0,
dt,XAUUSD,server_day,5,0.5,2017-11-27,188,286,1,1298.16,1294.26,20.12,-0.21621,-0.193837,0.171464,0.0223731,0,
dt,XAUUSD,server_day,5,0.5,2017-11-29,203,286,-1,1284.07,1283.24,18.71,0.0200443,0.0440941,-0.0681438,0.0240498,0,
dt,XAUUSD,server_day,5,0.5,2017-11-30,187,286,-1,1276.33,1274.7,15.84,0.074504,0.102904,-0.131304,0.0284001,0,
dt,XAUUSD,server_day,5,0.5,2017-12-01,221,286,1,1287.21,1279.88,24.38,-0.319113,-0.300656,0.2822,0.0184565,0,
dt,XAUUSD,server_day,5,0.5,2017-12-05,204,286,-1,1265.46,1265.66,21.84,-0.029749,-0.00915751,-0.011434,0.0205915,0,
dt,XAUUSD,server_day,5,0.5,2017-12-07,248,286,-1,1250.68,1246.64,25.95,0.138556,0.155877,-0.173198,0.0173211,0,
dt,XAUUSD,server_day,5,0.5,2017-12-13,255,286,1,1255.18,1255.51,22.77,-0.00547101,0.0142732,-0.0340173,0.0197442,0,
dt,XAUUSD,server_day,5,0.5,2017-12-18,216,286,1,1263.71,1261.62,19.14,-0.13269,-0.109195,0.0857013,0.0234941,0,
dt,XAUUSD,server_day,5,0.5,2017-12-22,216,286,1,1273.16,1275.28,13.9,0.120155,0.152518,-0.184881,0.0323625,0,
dt,XAUUSD,server_day,5,0.5,2018-01-09,188,286,-1,1310.99,1312.61,16.99,-0.121564,-0.0950559,0.0685482,0.0265077,0,
dt,XAUUSD,server_day,5,0.5,2018-01-10,151,286,1,1320.32,1316.59,16.99,-0.24576,-0.219247,0.192733,0.0265131,0,
dt,XAUUSD,server_day,5,0.5,2018-01-12,80,286,1,1329.84,1338.17,14.99,0.525305,0.55537,-0.585435,0.0300651,0,
dt,XAUUSD,server_day,5,0.5,2018-01-19,125,286,1,1336.14,1331.43,17.21,-0.300155,-0.273969,0.247782,0.0261867,0,
dt,XAUUSD,server_day,5,0.5,2018-01-24,142,286,1,1349.4,1357.97,16.97,0.478141,0.504714,-0.531288,0.0265735,0,
dt,XAUUSD,server_day,5,0.5,2018-01-29,219,286,-1,1337.66,1340.32,26.73,-0.106762,-0.0993266,0.0918913,0.00743531,0,
dt,XAUUSD,server_day,5,0.5,2018-02-02,186,286,-1,1339.99,1332.57,15.64,0.463254,0.474425,-0.485595,0.0111706,0,
dt,XAUUSD,server_day,5,0.5,2018-02-06,207,286,-1,1328.43,1324.4,20.96,0.184515,0.192271,-0.200027,0.00775619,0,
dt,XAUUSD,server_day,5,0.5,2018-02-14,186,205,-1,1318.74,1340.7,21.95,-1.0085,-1,0.991498,0.00850187,0,
dt,XAUUSD,server_day,5,0.5,2018-02-14,205,286,1,1340.7,1350.14,21.95,0.421784,0.430296,-0.438808,0.00851188,0,
dt,XAUUSD,server_day,5,0.5,2018-02-20,221,286,-1,1330.02,1329.33,35.77,0.013933,0.0191501,-0.0243672,0.00521709,0,
dt,XAUUSD,server_day,5,0.5,2018-02-27,186,286,-1,1324.93,1318.29,16.63,0.388064,0.399278,-0.410493,0.0112148,0,
dt,XAUUSD,server_day,5,0.5,2018-03-01,170,286,-1,1307.56,1317.16,22.92,-0.42698,-0.418848,0.410717,0.00813146,0,
dt,XAUUSD,server_day,5,0.5,2018-03-06,180,286,1,1330.23,1334.3,19.36,0.200586,0.210227,-0.219868,0.0096411,0,
dt,XAUUSD,server_day,5,0.5,2018-03-07,220,286,-1,1323.78,1325.35,31.54,-0.0556926,-0.0497781,0.0438635,0.00591452,0,
dt,XAUUSD,server_day,5,0.5,2018-03-13,174,286,-1,1314.43,1326.31,18.23,-0.662177,-0.651947,0.641718,0.0102296,0,
dt,XAUUSD,server_day,5,0.5,2018-03-15,194,286,-1,1317.06,1316.44,13.48,0.0321636,0.0459941,-0.0598245,0.0138305,0,
dt,XAUUSD,server_day,5,0.5,2018-03-20,189,286,-1,1308.81,1311.06,16.98,-0.143483,-0.132509,0.121535,0.010974,0,
dt,XAUUSD,server_day,5,0.5,2018-03-21,183,286,1,1319.95,1331.8,16.82,0.693427,0.704518,-0.71561,0.0110917,0,
dt,XAUUSD,server_day,5,0.5,2018-03-23,172,286,1,1343.38,1347.51,25.54,0.154392,0.161707,-0.169023,0.00731544,0,
dt,XAUUSD,server_day,5,0.5,2018-03-28,203,286,-1,1331.27,1324.83,28.67,0.218291,0.224799,-0.231308,0.00650829,0,
dt,XAUUSD,server_day,5,0.5,2018-04-02,243,286,1,1341.91,1341.04,32.23,-0.0329439,-0.0271486,0.0213534,0.00579524,0,
dt,XAUUSD,server_day,5,0.5,2018-04-04,135,286,1,1343.66,1333.24,22.16,-0.478643,-0.470217,0.46179,0.00842682,0,
dt,XAUUSD,server_day,5,0.5,2018-04-11,169,286,1,1349.33,1353.08,19.58,0.181976,0.191522,-0.201068,0.00954632,0,
dt,XAUUSD,server_day,5,0.5,2018-04-12,220,286,-1,1335.78,1334.87,33.58,0.0215398,0.0270995,-0.0326592,0.00555969,0,
dt,XAUUSD,server_day,5,0.5,2018-04-19,223,286,-1,1341.09,1345.7,16.16,-0.296832,-0.285272,0.273712,0.0115599,0,
dt,XAUUSD,server_day,5,0.5,2018-04-20,149,286,-1,1339.9,1335.44,11.56,0.36966,0.385813,-0.401966,0.0161529,0,
dt,XAUUSD,server_day,5,0.5,2018-04-23,187,286,-1,1324.58,1324.76,20.23,-0.0189592,-0.00914483,-0.000669567,0.0098144,0,
dt,XAUUSD,server_day,5,0.5,2018-04-30,170,286,-1,1314.96,1314.98,15.63,-0.0128861,-0.000959693,-0.0109667,0.0119264,0,
dt,XAUUSD,server_day,5,0.5,2018-05-01,177,286,-1,1307.59,1304,17.05,0.199338,0.210264,-0.22119,0.0109256,0,
dt,XAUUSD,server_day,5,0.5,2018-05-03,177,286,1,1316.2,1312.19,21.19,-0.198273,-0.189476,0.18068,0.00879654,0,
dt,XAUUSD,server_day,5,0.5,2018-05-08,199,286,-1,1307.33,1314.67,13.94,-0.540771,-0.526542,0.512313,0.0142291,0,
dt,XAUUSD,server_day,5,0.5,2018-05-09,52,286,-1,1310.35,1312.36,9.28,-0.236677,-0.216595,0.196513,0.0200818,0,
dt,XAUUSD,server_day,5,0.5,2018-05-10,168,286,1,1317.39,1321.05,10.39,0.334796,0.352743,-0.37069,0.017947,0,
dt,XAUUSD,server_day,5,0.5,2018-05-15,184,286,-1,1305.76,1290.77,16.77,0.881743,0.89356,-1.01182,0.0118173,0,
dt,XAUUSD,server_day,5,0.5,2018-05-23,154,286,1,1296.47,1293.18,10.48,-0.331692,-0.313931,0.296171,0.0177603,0,
dt,XAUUSD,server_day,5,0.5,2018-05-24,187,286,1,1299.49,1304.25,11.18,0.409103,0.42576,-0.442417,0.0166571,0,
dt,XAUUSD,server_day,5,0.5,2018-05-29,139,286,1,1306.01,1298.64,16.73,-0.451359,-0.440227,0.429095,0.0111317,0,
dt,XAUUSD,server_day,5,0.5,2018-06-01,183,286,-1,1294.14,1293.27,9.51,0.0713868,0.0909569,-0.110527,0.0195701,0,
dt,XAUUSD,server_day,5,0.5,2018-06-05,232,286,1,1299.49,1296.49,14.62,-0.217932,-0.205198,0.192464,0.0127341,0,
dt,XAUUSD,server_day,5,0.5,2018-06-07,185,286,1,1301.59,1296.71,9.95,-0.508662,-0.48995,0.471237,0.0187124,0,
dt,XAUUSD,server_day,5,0.5,2018-06-11,162,286,-1,1294.64,1300.35,8.91,-0.661186,-0.640292,0.619398,0.0208939,0,
dt,XAUUSD,server_day,5,0.5,2018-06-12,184,286,-1,1295.77,1295.52,8.3,0.00769409,0.0301205,-0.0525469,0.0224264,0,
dt,XAUUSD,server_day,5,0.5,2018-06-13,263,286,1,1299.59,1299.46,8.3,-0.0395414,-0.0156627,-0.00821607,0.0238787,0,
dt,XAUUSD,server_day,5,0.5,2018-06-14,149,286,1,1304.11,1302.25,8.53,-0.240474,-0.21864,0.196806,0.0218341,0,
dt,XAUUSD,server_day,5,0.5,2018-06-15,184,286,-1,1295.28,1280.19,13.76,1.08314,1.09666,-1.01352,0.0135195,0,
dt,XAUUSD,server_day,5,0.5,2018-06-26,148,286,-1,1257.66,1258.45,16.75,-0.057947,-0.0468657,0.0357843,0.0110814,0,
dt,XAUUSD,server_day,5,0.5,2018-07-02,231,286,-1,1243,1241.49,19.47,0.0665438,0.0772984,-0.088053,0.0107546,0,
dt,XAUUSD,server_day,5,0.5,2018-07-03,199,286,1,1251.17,1252.78,18.56,0.0748099,0.0867457,-0.0986814,0.0119358,0,
dt,XAUUSD,server_day,5,0.5,2018-07-09,166,286,1,1264.93,1257.41,19.35,-0.401688,-0.388372,0.375057,0.0133156,0,
dt,XAUUSD,server_day,5,0.5,2018-07-10,171,286,-1,1247.85,1255.93,19.59,-0.423406,-0.412711,0.402015,0.0106956,0,
dt,XAUUSD,server_day,5,0.5,2018-07-11,50,286,-1,1250.06,1242.18,11.28,0.682141,0.698582,-0.715022,0.0164402,0,
dt,XAUUSD,server_day,5,0.5,2018-07-17,196,286,-1,1232.71,1227.28,16.04,0.326233,0.338529,-0.350824,0.0122955,0,
dt,XAUUSD,server_day,5,0.5,2018-07-19,150,286,-1,1216.6,1222.86,20.76,-0.311034,-0.301541,0.292048,0.00949307,0,
dt,XAUUSD,server_day,5,0.5,2018-07-26,256,286,-1,1223.48,1222.84,15.96,0.0277491,0.0401003,-0.0524514,0.0123511,0,
dt,XAUUSD,server_day,5,0.5,2018-07-31,196,286,-1,1214.51,1223.94,14.06,-0.684713,-0.670697,0.656681,0.0140163,0,
dt,XAUUSD,server_day,5,0.5,2018-08-01,216,286,-1,1217.18,1216.05,13.9,0.0662566,0.081295,-0.0963333,0.0150383,0,
dt,XAUUSD,server_day,5,0.5,2018-08-02,258,286,-1,1210.28,1207.72,12.48,0.186464,0.205128,-0.223792,0.0186639,0,
dt,XAUUSD,server_day,5,0.5,2018-08-03,209,286,1,1219.09,1213.14,20.81,-0.295148,-0.28568,0.276212,0.00946783,0,
dt,XAUUSD,server_day,5,0.5,2018-08-10,109,286,-1,1207.17,1211.38,10.75,-0.41618,-0.391163,0.366146,0.0250167,0,
dt,XAUUSD,server_day,5,0.5,2018-08-13,42,286,-1,1208.67,1193.64,7.68,1.92828,1.95703,-1.02876,0.0287521,0,
dt,XAUUSD,server_day,5,0.5,2018-08-15,200,286,-1,1182.43,1174.65,23.67,0.318652,0.328475,-0.338297,0.00982254,0,
dt,XAUUSD,server_day,5,0.5,2018-08-24,184,286,1,1193.42,1205.88,16.25,0.752874,0.766462,-0.780049,0.0135874,0,
dt,XAUUSD,server_day,5,0.5,2018-08-31,121,286,1,1207.45,1200.78,14.9,-0.460863,-0.447651,0.434439,0.0132119,0,
dt,XAUUSD,server_day,5,0.5,2018-09-04,170,286,-1,1193.37,1191.03,14.6,0.143514,0.160274,-0.177034,0.0167596,0,
dt,XAUUSD,server_day,5,0.5,2018-09-06,168,286,1,1206,1199.97,17.74,-0.354388,-0.33991,0.325432,0.0144781,0,
dt,XAUUSD,server_day,5,0.5,2018-09-11,187,286,-1,1189.77,1198.37,11.38,-0.772998,-0.755712,0.738426,0.0172862,0,
dt,XAUUSD,server_day,5,0.5,2018-09-12,220,286,1,1204.14,1206.06,12.31,0.136647,0.155565,-0.174482,0.0189173,0,
dt,XAUUSD,server_day,5,0.5,2018-09-17,206,286,1,1203.26,1200.93,19.17,-0.132177,-0.121283,0.11039,0.0108935,0,
dt,XAUUSD,server_day,5,0.5,2018-09-21,188,286,-1,1199.59,1199.1,14.32,0.0204755,0.0342179,-0.0479603,0.0137424,0,
dt,XAUUSD,server_day,5,0.5,2018-09-26,210,286,-1,1193.68,1194.22,15.29,-0.0478558,-0.0349902,0.0221246,0.0128656,0,
dt,XAUUSD,server_day,5,0.5,2018-09-27,192,286,-1,1186.42,1182.52,16.81,0.217752,0.232302,-0.246852,0.0145498,0,
dt,XAUUSD,server_day,5,0.5,2018-10-02,192,286,1,1198.77,1202.74,19.92,0.188212,0.199297,-0.210382,0.0110849,0,
dt,XAUUSD,server_day,5,0.5,2018-10-08,63,286,-1,1196.14,1187.96,14.08,0.56444,0.580966,-0.597492,0.0165262,0,
dt,XAUUSD,server_day,5,0.5,2018-10-11,155,286,1,1203.97,1224.82,19.59,1.05401,1.06406,-1.01006,0.0100562,0,
dt,XAUUSD,server_day,5,0.5,2018-10-18,226,286,1,1229.69,1225.75,15.46,-0.268382,-0.254851,0.24132,0.0135309,0,
dt,XAUUSD,server_day,5,0.5,2018-10-22,138,286,-1,1222.93,1221.86,10.15,0.0855061,0.104926,-0.124346,0.01942,0,
dt,XAUUSD,server_day,5,0.5,2018-10-23,112,286,1,1226.49,1230.34,8.89,0.407627,0.432508,-1.02489,0.0248816,0,
dt,XAUUSD,server_day,5,0.5,2018-10-26,214,286,1,1241.01,1233.53,17.85,-0.429822,-0.418768,0.407713,0.0110544,0,
dt,XAUUSD,server_day,5,0.5,2018-10-29,225,286,-1,1226.45,1229.47,13.02,-0.247096,-0.231951,0.216806,0.0151453,0,
dt,XAUUSD,server_day,5,0.5,2018-10-30,123,286,-1,1222.61,1222.97,13.89,-0.0404693,-0.0262779,0.0120865,0.0141914,0,
dt,XAUUSD,server_day,5,0.5,2018-10-31,187,286,-1,1212.21,1214.48,20.39,-0.123001,-0.111574,0.100148,0.0114265,0,
dt,XAUUSD,server_day,5,0.5,2018-11-01,172,286,1,1229.74,1233.04,28.88,0.106605,0.114266,-0.121927,0.00766065,0,
dt,XAUUSD,server_day,5,0.5,2018-11-07,162,286,1,1236.08,1226.36,17.78,-0.557775,-0.546682,0.535588,0.0110932,0,
dt,XAUUSD,server_day,5,0.5,2018-11-08,188,286,-1,1221.36,1223.37,10.07,-0.220865,-0.200099,0.179333,0.0207659,0,
dt,XAUUSD,server_day,5,0.5,2018-11-09,183,286,-1,1216.72,1209.32,13.06,0.546939,0.566616,-0.586293,0.0196771,0,
dt,XAUUSD,server_day,5,0.5,2018-11-14,254,286,1,1216.21,1210.54,27.16,-0.218225,-0.208763,0.199301,0.00946198,0,
dt,XAUUSD,server_day,5,0.5,2018-11-16,188,286,1,1221.49,1221.2,16.48,-0.0317414,-0.0175971,0.00345274,0.0141443,0,
dt,XAUUSD,server_day,5,0.5,2018-11-21,208,286,1,1229.94,1225.82,16.19,-0.268449,-0.254787,0.241125,0.0136622,0,
dt,XAUUSD,server_day,5,0.5,2018-11-27,205,286,-1,1218.12,1214.47,8.51,0.403522,0.429495,-0.455467,0.0259728,0,
dt,XAUUSD,server_day,5,0.5,2018-11-28,229,286,1,1222.7,1221.06,15.56,-0.118066,-0.105398,0.092731,0.0126675,0,
dt,XAUUSD,server_day,5,0.5,2018-11-29,220,286,1,1228.29,1224.03,15.56,-0.289535,-0.273779,0.258023,0.0157562,0,
dt,XAUUSD,server_day,5,0.5,2018-11-30,201,286,-1,1216.86,1221.96,14.44,-0.368495,-0.353186,0.337876,0.0153097,0,
dt,XAUUSD,server_day,5,0.5,2018-12-03,111,286,1,1230.13,1230.84,14.44,0.0305245,0.049169,-0.0678135,0.0186445,0,
dt,XAUUSD,server_day,5,0.5,2018-12-04,140,286,1,1240.51,1238.54,19.69,-0.113375,-0.100305,0.0872345,0.0130703,0,
dt,XAUUSD,server_day,5,0.5,2018-12-07,212,286,1,1246.37,1248.41,17.29,0.106856,0.118276,-0.129697,0.0114207,0,
dt,XAUUSD,server_day,5,0.5,2018-12-13,201,286,-1,1240.14,1242,11.17,-0.189111,-0.16607,0.143028,0.0230416,0,
dt,XAUUSD,server_day,5,0.5,2018-12-14,116,286,-1,1237.47,1238,8.49,-0.0919115,-0.0630153,0.0341192,0.0288961,0,
dt,XAUUSD,server_day,5,0.5,2018-12-17,220,286,1,1243.58,1245.8,12.5,0.161806,0.1776,-0.193394,0.0157941,0,
dt,XAUUSD,server_day,5,0.5,2018-12-20,140,286,1,1254.22,1259.69,19.99,0.2593,0.273387,-0.287474,0.0140869,0,
dt,XAUUSD,server_day,5,0.5,2019-01-09,258,286,1,1293.34,1292.93,17.43,-0.0366669,-0.0232358,0.00980471,0.0134311,0,
dt,XAUUSD,server_day,5,0.5,2019-01-11,91,286,1,1293.56,1287.39,13.62,-0.470196,-0.45301,0.435825,0.0171855,0,
dt,XAUUSD,server_day,5,0.5,2019-01-14,153,286,1,1294.85,1291.37,13.62,-0.276219,-0.255507,0.234794,0.0207124,0,
dt,XAUUSD,server_day,5,0.5,2019-01-17,207,286,-1,1289.5,1291.78,8.4,-0.297865,-0.271429,0.244992,0.0264368,0,
dt,XAUUSD,server_day,5,0.5,2019-01-18,123,286,-1,1288.79,1281.18,6.91,1.07193,1.10058,-1.02865,0.0286526,0,
dt,XAUUSD,server_day,5,0.5,2019-01-25,186,286,1,1286.15,1302.79,11.65,1.4078,1.4279,-1.02009,0.0200964,0,
dt,XAUUSD,server_day,5,0.5,2019-02-06,255,286,-1,1307.45,1306.33,14.29,0.0606511,0.0787264,-0.0968017,0.0180753,0,
dt,XAUUSD,server_day,5,0.5,2019-02-11,143,286,-1,1307.07,1308.1,12.14,-0.108098,-0.0848435,0.0615893,0.0232542,0,
dt,XAUUSD,server_day,5,0.5,2019-02-12,124,286,1,1313,1310.57,11.22,-0.239605,-0.216578,0.19355,0.0230272,0,
dt,XAUUSD,server_day,5,0.5,2019-02-13,204,264,1,1316.73,1305.51,11.22,-1.01768,-1,0.982321,0.0176788,0,
dt,XAUUSD,server_day,5,0.5,2019-02-13,264,286,-1,1305.51,1305.88,11.22,-0.0581354,-0.0329768,0.00781821,0.0251586,0,
dt,XAUUSD,server_day,5,0.5,2019-02-14,188,286,1,1312.57,1312.21,12.23,-0.051952,-0.0298446,0.00773724,0.0221074,0,
dt,XAUUSD,server_day,5,0.5,2019-02-15,158,286,1,1318.72,1321.26,12.23,0.187123,0.207277,-0.227431,0.0201537,0,
dt,XAUUSD,server_day,5,0.5,2019-02-19,207,286,1,1335.69,1341.16,18.92,0.278608,0.289112,-0.299616,0.0105041,0,
dt,XAUUSD,server_day,5,0.5,2019-02-27,222,286,-1,1319.96,1319.62,18.13,0.00808179,0.0190292,-0.0299767,0.0109474,0,
dt,XAUUSD,server_day,5,0.5,2019-02-28,161,210,1,1326.7,1313.28,13.43,-1.01567,-1,0.984328,0.0156724,0,
dt,XAUUSD,server_day,5,0.5,2019-02-28,210,286,-1,1313.28,1313.08,13.43,-0.00471962,0.0145197,-0.0337591,0.0192394,0,
dt,XAUUSD,server_day,5,0.5,2019-03-01,188,286,-1,1304.43,1293.42,19.43,0.553619,0.566907,-0.580195,0.013288,0,
dt,XAUUSD,server_day,5,0.5,2019-03-08,94,286,1,1290.34,1298.23,11.63,0.655622,0.678848,-0.702074,0.0232261,0,
dt,XAUUSD,server_day,5,0.5,2019-03-12,250,286,1,1301.77,1301.15,17.46,-0.0489244,-0.0355097,0.022095,0.0134147,0,
dt,XAUUSD,server_day,5,0.5,2019-03-13,254,286,1,1311.1,1309.1,20.38,-0.110223,-0.0981354,0.086048,0.0120874,0,
dt,XAUUSD,server_day,5,0.5,2019-03-14,141,286,-1,1297.45,1296.08,24.69,0.0462878,0.0552855,-0.0642833,0.00899776,0,
dt,XAUUSD,server_day,5,0.5,2019-03-15,194,286,1,1305.43,1301.92,18.68,-0.198515,-0.187901,0.177288,0.010613,0,
dt,XAUUSD,server_day,5,0.5,2019-03-20,213,242,-1,1299.24,1314.03,14.79,-1.01665,-1,0.983347,0.0166527,0,
dt,XAUUSD,server_day,5,0.5,2019-03-20,242,286,1,1314.03,1312.34,14.79,-0.128153,-0.113928,0.0997035,0.0142248,0,
dt,XAUUSD,server_day,5,0.5,2019-03-21,220,286,-1,1304.95,1309.28,18.41,-0.246241,-0.23547,0.224699,0.0107713,0,
dt,XAUUSD,server_day,5,0.5,2019-03-25,177,286,1,1319.44,1322.01,14.5,0.158587,0.177241,-0.195896,0.0186545,0,
dt,XAUUSD,server_day,5,0.5,2019-03-28,176,286,-1,1301.7,1289.87,15.22,0.762671,0.777267,-0.791862,0.0145953,0,
dt,XAUUSD,server_day,5,0.5,2019-04-04,186,286,-1,1284.18,1292.38,12.41,-0.681147,-0.660355,0.639562,0.0207926,0,
dt,XAUUSD,server_day,5,0.5,2019-04-05,178,286,-1,1286.99,1291.49,11.5,-0.408526,-0.391304,0.374083,0.0172217,0,
dt,XAUUSD,server_day,5,0.5,2019-04-08,116,286,1,1297.92,1297.49,11.5,-0.0567102,-0.0373913,0.0180724,0.0193189,0,
dt,XAUUSD,server_day,5,0.5,2019-04-09,188,286,1,1306.09,1303.9,16.61,-0.148541,-0.131547,0.114553,0.016994,0,
dt,XAUUSD,server_day,5,0.5,2019-04-11,187,286,-1,1296.25,1292.26,23.59,0.160444,0.169351,-0.178259,0.00890715,0,
dt,XAUUSD,server_day,5,0.5,2019-04-16,195,286,-1,1275.07,1276.69,25.51,-0.0738088,-0.0637005,0.0535922,0.0101083,0,
dt,XAUUSD,server_day,5,0.5,2019-04-23,188,286,-1,1267.77,1272.1,14.96,-0.305065,-0.289439,0.273812,0.0156269,0,
dt,XAUUSD,server_day,5,0.5,2019-04-24,224,286,1,1276.77,1275.5,9.26,-0.162405,-0.137149,0.111894,0.0252555,0,
dt,XAUUSD,server_day,5,0.5,2019-04-25,199,286,1,1280.26,1277.18,9.29,-0.354672,-0.332078,0.309483,0.0225944,0,
dt,XAUUSD,server_day,5,0.5,2019-04-26,128,286,1,1282.82,1285.95,10.97,0.262262,0.285779,-0.309296,0.023517,0,
dt,XAUUSD,server_day,5,0.5,2019-05-01,259,286,-1,1276.81,1276.48,12.64,0.00855435,0.0261076,-0.0436608,0.0175532,0,
dt,XAUUSD,server_day,5,0.5,2019-05-02,137,286,-1,1270.5,1270.48,13.12,-0.0153801,0.00152439,-0.0184289,0.0169045,0,
dt,XAUUSD,server_day,5,0.5,2019-05-03,204,286,1,1279.07,1278.97,17.09,-0.0178412,-0.00555881,-0.0067236,0.0122824,0,
dt,XAUUSD,server_day,5,0.5,2019-05-13,192,286,1,1292.61,1299.79,10.95,0.638069,0.656164,-0.67426,0.0180956,0,
dt,XAUUSD,server_day,5,0.5,2019-05-16,213,286,-1,1287.51,1286.31,17.89,0.0530455,0.0667971,-0.0805487,0.0137516,0,
dt,XAUUSD,server_day,5,0.5,2019-05-17,211,286,-1,1277.6,1277.48,17.89,-0.00798689,0.00642817,-0.0208432,0.0144151,0,
dt,XAUUSD,server_day,5,0.5,2019-05-23,185,286,1,1281.38,1283.56,15.48,0.128039,0.140827,-0.153615,0.0127878,0,
dt,XAUUSD,server_day,5,0.5,2019-05-28,184,286,-1,1277.51,1279.4,15.39,-0.135991,-0.123132,0.110273,0.0128589,0,
dt,XAUUSD,server_day,5,0.5,2019-05-30,216,286,1,1286.01,1288.41,12.02,0.183193,0.199667,-0.216142,0.0164743,0,
dt,XAUUSD,server_day,5,0.5,2019-05-31,122,286,1,1295.02,1305.13,13.46,0.735498,0.751114,-0.766731,0.0156167,0,
dt,XAUUSD,server_day,5,0.5,2019-06-03,240,286,1,1321.68,1324.48,30.18,0.0850059,0.0927767,-0.100547,0.00777081,0,
dt,XAUUSD,server_day,5,0.5,2019-06-12,131,286,1,1337.66,1333.23,21.58,-0.215046,-0.205283,0.195519,0.0097635,0,
dt,XAUUSD,server_day,5,0.5,2019-06-14,113,286,1,1353.26,1340.82,21.98,-0.576654,-0.565969,0.555284,0.0106851,0,
dt,XAUUSD,server_day,5,0.5,2019-06-18,186,286,1,1352.48,1346.51,24.89,-0.248047,-0.240056,0.232065,0.00799088,0,
dt,XAUUSD,server_day,5,0.5,2019-06-19,253,286,1,1355.46,1359.64,18.64,0.213573,0.224249,-0.234925,0.0106763,0,
dt,XAUUSD,server_day,5,0.5,2019-06-20,47,286,1,1372.83,1388.35,26.71,0.572882,0.581243,-0.589604,0.00836122,0,
dt,XAUUSD,server_day,5,0.5,2019-06-28,59,286,1,1423.97,1409.91,30.54,-0.468888,-0.46038,0.451872,0.00850809,0,
dt,XAUUSD,server_day,5,0.5,2019-07-02,227,286,1,1404.37,1418,40.85,0.328598,0.333782,-0.338966,0.00518376,0,
dt,XAUUSD,server_day,5,0.5,2019-07-05,201,286,-1,1389.4,1398.09,53.98,-0.164682,-0.160986,0.15729,0.00369604,0,
dt,XAUUSD,server_day,5,0.5,2019-07-10,253,286,1,1416.91,1417.87,42.45,0.0168941,0.0227326,-0.0285711,0.00583848,0,
dt,XAUUSD,server_day,5,0.5,2019-07-11,282,286,-1,1402.98,1403.73,32.18,-0.0317479,-0.0233064,0.0148649,0.00844148,0,
dt,XAUUSD,server_day,5,0.5,2019-07-17,214,286,1,1418.15,1426.21,23.34,0.335736,0.34533,-0.354923,0.00959342,0,
dt,XAUUSD,server_day,5,0.5,2019-07-18,265,286,1,1439.4,1445.65,26.2,0.229993,0.23855,-0.247107,0.00855707,0,
dt,XAUUSD,server_day,5,0.5,2019-07-19,227,286,-1,1425.31,1424.96,45.64,0.00249886,0.00766871,-0.0128386,0.00516985,0,
dt,XAUUSD,server_day,5,0.5,2019-07-26,196,286,1,1424.65,1418.31,19.62,-0.333328,-0.32314,0.312951,0.0101886,0,
dt,XAUUSD,server_day,5,0.5,2019-07-31,252,286,-1,1420.76,1412.23,19.62,0.424575,0.43476,-0.444946,0.0101851,0,
dt,XAUUSD,server_day,5,0.5,2019-08-01,48,247,-1,1404.73,1426.97,22.24,-1.00952,-1,0.990476,0.00952437,0,
dt,XAUUSD,server_day,5,0.5,2019-08-01,247,286,1,1426.97,1444.89,22.24,0.796758,0.805755,-0.814753,0.00899744,0,
dt,XAUUSD,server_day,5,0.5,2019-08-05,185,286,1,1462.51,1463.72,44.45,0.0225988,0.0271091,-0.0316194,0.00451032,0,
dt,XAUUSD,server_day,5,0.5,2019-08-12,260,286,1,1518.51,1511.72,44.92,-0.155637,-0.151158,0.146678,0.00447933,0,
dt,XAUUSD,server_day,5,0.5,2019-08-13,154,203,1,1530.28,1490.74,39.54,-1.006,-1,0.994002,0.00599765,0,
dt,XAUUSD,server_day,5,0.5,2019-08-13,203,286,-1,1490.74,1501.35,39.54,-0.273418,-0.268336,0.263254,0.00508206,0,
dt,XAUUSD,server_day,5,0.5,2019-08-14,236,286,1,1520.59,1516.18,37.93,-0.121125,-0.116135,0.111145,0.00498965,0,
dt,XAUUSD,server_day,5,0.5,2019-08-23,199,286,1,1507.1,1526.25,17.11,1.10706,1.11952,-1.01246,0.0124625,0,
dt,XAUUSD,server_day,5,0.5,2019-08-26,120,286,-1,1528.83,1527.38,33.82,0.037274,0.042874,-0.0484741,0.00560004,0,
dt,XAUUSD,server_day,5,0.5,2019-09-03,204,286,1,1541.79,1548.7,29.75,0.224853,0.232437,-0.240021,0.00758432,0,
dt,XAUUSD,server_day,5,0.5,2019-09-05,199,286,-1,1533.22,1518.89,36.43,0.388296,0.393494,-0.398692,0.00519805,0,
dt,XAUUSD,server_day,5,0.5,2019-09-12,183,286,1,1517.76,1498.97,42.04,-0.452025,-0.446955,0.441886,0.00506939,0,
dt,XAUUSD,server_day,5,0.5,2019-09-18,260,286,-1,1483.68,1493.24,35.58,-0.273998,-0.26869,0.263383,0.00530743,0,
dt,XAUUSD,server_day,5,0.5,2019-09-20,243,286,1,1508.62,1516.27,18.85,0.394792,0.406101,-0.41741,0.011309,0,
dt,XAUUSD,server_day,5,0.5,2019-09-25,225,286,-1,1512.16,1503.64,42.25,0.195879,0.201775,-0.207671,0.00589611,0,
dt,XAUUSD,server_day,5,0.5,2019-09-27,196,286,-1,1487.95,1496.61,31.99,-0.276833,-0.270553,0.264273,0.00627984,0,
dt,XAUUSD,server_day,5,0.5,2019-09-30,218,286,-1,1474.06,1472.29,44.38,0.0350918,0.0398828,-0.0446738,0.004791,0,
dt,XAUUSD,server_day,5,0.5,2019-10-02,246,286,1,1502.82,1499.92,45.53,-0.0698006,-0.0638041,0.0578076,0.00599647,0,
dt,XAUUSD,server_day,5,0.5,2019-10-03,205,286,1,1519.41,1504.83,40.89,-0.361364,-0.356444,0.351524,0.00491978,0,
dt,XAUUSD,server_day,5,0.5,2019-10-08,199,286,1,1508.56,1505.48,30.39,-0.107736,-0.101514,0.0952913,0.00622239,0,
dt,XAUUSD,server_day,5,0.5,2019-10-10,23,202,1,1516.84,1494.57,22.27,-1.00903,-1,0.990971,0.00902918,0,
dt,XAUUSD,server_day,5,0.5,2019-10-10,202,286,-1,1494.57,1493.39,22.27,0.0437398,0.0527616,-0.0617834,0.00902181,0,
dt,XAUUSD,server_day,5,0.5,2019-10-11,177,286,-1,1482.61,1487.93,23.71,-0.233564,-0.224589,0.215614,0.00897485,0,
dt,XAUUSD,server_day,5,0.5,2019-10-21,260,286,-1,1482.89,1484.06,17.53,-0.0791654,-0.067028,0.0548906,0.0121374,0,
dt,XAUUSD,server_day,5,0.5,2019-10-23,140,286,1,1494.56,1491.75,13.25,-0.227766,-0.211698,0.19563,0.0160682,0,
dt,XAUUSD,server_day,5,0.5,2019-10-24,198,286,1,1497.41,1502.9,12.17,0.435168,0.450698,-0.466229,0.0155302,0,
dt,XAUUSD,server_day,5,0.5,2019-10-25,187,286,1,1514.09,1504.16,22.12,-0.45855,-0.448915,0.43928,0.00963507,0,
dt,XAUUSD,server_day,5,0.5,2019-10-31,190,286,1,1510.78,1512.13,30.03,0.0364915,0.0447885,-0.0530856,0.00829705,0,
dt,XAUUSD,server_day,5,0.5,2019-11-05,190,286,-1,1492.42,1483.78,32.82,0.257501,0.263254,-0.269008,0.00575361,0,
dt,XAUUSD,server_day,5,0.5,2019-11-07,213,286,-1,1472.49,1468.52,34.59,0.108772,0.114918,-0.121064,0.00614591,0,
dt,XAUUSD,server_day,5,0.5,2019-11-14,224,286,1,1472.84,1470.97,17.69,-0.118124,-0.105427,0.09273,0.0126968,0,
dt,XAUUSD,server_day,5,0.5,2019-11-21,181,286,-1,1466.89,1464.32,16.03,0.148252,0.160012,-0.171773,0.0117604,0,
dt,XAUUSD,server_day,5,0.5,2019-11-22,146,286,1,1472.38,1461.81,16.03,-0.676702,-0.659701,0.642699,0.0170018,0,
dt,XAUUSD,server_day,5,0.5,2019-12-03,146,286,1,1467.82,1477.32,12.43,0.743876,0.763878,-1.02,0.0200013,0,
dt,XAUUSD,server_day,5,0.5,2019-12-06,194,286,-1,1464.33,1459.53,23.43,0.19456,0.204652,-0.214745,0.0100925,0,
dt,XAUUSD,server_day,5,0.5,2019-12-11,261,286,1,1474.54,1474.72,20.76,-0.00157249,0.00867052,-0.0189135,0.010243,0,
dt,XAUUSD,server_day,5,0.5,2019-12-12,194,204,1,1485.04,1464.75,20.29,-1.01048,-1,0.98952,0.0104805,0,
dt,XAUUSD,server_day,5,0.5,2019-12-12,204,286,-1,1464.75,1469.4,20.29,-0.238716,-0.229423,0.220131,0.00929221,0,
dt,XAUUSD,server_day,5,0.5,2019-12-23,102,286,1,1482.12,1485.38,8.32,0.363369,0.391827,-0.420285,0.0284582,0,
dt,XAUUSD,server_day,5,0.5,2020-01-03,138,286,1,1547.84,1551.44,39.18,0.0855106,0.0918836,-0.0982566,0.00637302,0,
dt,XAUUSD,server_day,5,0.5,2020-01-08,29,286,1,1609.55,1556.36,67.13,-0.794535,-0.792418,0.7903,0.0021177,0,
dt,XAUUSD,server_day,5,0.5,2020-01-21,194,286,-1,1550.45,1557.91,20.87,-0.366208,-0.35769,0.349173,0.00851742,0,
dt,XAUUSD,server_day,5,0.5,2020-01-23,222,286,1,1566.61,1562.8,16.13,-0.246801,-0.236516,0.22623,0.0102855,0,
dt,XAUUSD,server_day,5,0.5,2020-01-24,208,286,1,1570.04,1570.9,16.5,0.0442432,0.0521212,-0.0599992,0.00787797,0,
dt,XAUUSD,server_day,5,0.5,2020-01-31,213,286,1,1585.31,1588.83,20.5,0.16477,0.171707,-0.178645,0.00693751,0,
dt,XAUUSD,server_day,5,0.5,2020-02-03,113,286,-1,1575.91,1576.3,25.48,-0.0208817,-0.0153061,0.00973055,0.00557557,0,
dt,XAUUSD,server_day,5,0.5,2020-02-04,133,286,-1,1565.82,1552.74,25.48,0.507777,0.513344,-0.51891,0.00556632,0,
dt,XAUUSD,server_day,5,0.5,2020-02-13,31,286,1,1572.03,1575.98,11.79,0.318318,0.335454,-0.35259,0.0171362,0,
dt,XAUUSD,server_day,5,0.5,2020-02-14,232,286,1,1582.94,1583.69,14.06,0.0415244,0.0533428,-0.0651612,0.0118184,0,
dt,XAUUSD,server_day,5,0.5,2020-02-18,209,286,1,1594.58,1601.35,21.77,0.304668,0.311208,-0.317748,0.0065398,0,
dt,XAUUSD,server_day,5,0.5,2020-02-21,184,286,1,1642.82,1643.73,46.24,0.0163277,0.0196799,-0.0230321,0.0033522,0,
dt,XAUUSD,server_day,5,0.5,2020-02-28,200,286,-1,1614.91,1584.7,53.99,0.55767,0.559641,-0.561611,0.00197069,0,
dt,XAUUSD,server_day,5,0.5,2020-03-03,211,286,1,1631.1,1639.48,81.3,0.10176,0.103075,-0.10439,0.00131481,0,
dt,XAUUSD,server_day,5,0.5,2020-03-12,174,286,-1,1606.69,1578.63,66.81,0.418122,0.420072,-0.422022,0.00195027,0,
dt,XAUUSD,server_day,5,0.5,2020-03-13,223,286,-1,1513.89,1529.78,124.81,-0.127636,-0.127273,0.12691,0.000362998,0,
dt,XAUUSD,server_day,5,0.5,2020-03-16,156,286,-1,1470.66,1509.09,144.75,-0.265768,-0.265458,0.265148,0.000309902,0,
dt,XAUUSD,server_day,5,0.5,2020-03-20,120,286,1,1511.77,1498.64,88.6,-0.15087,-0.148194,0.145518,0.00267577,0,
dt,XAUUSD,server_day,5,0.5,2020-03-23,200,286,1,1529.95,1552.39,79.51,0.279178,0.282166,-0.285154,0.00298801,0,
dt,XAUUSD,server_day,5,0.5,2020-03-24,154,286,1,1608.7,1625.33,90.5,0.18112,0.183757,-0.186394,0.00263689,0,
dt,XAUUSD,server_day,5,0.5,2020-03-31,140,286,-1,1604.76,1576.78,33.98,0.822064,0.823426,-0.824787,0.00136171,0,
dt,XAUUSD,server_day,5,0.5,2020-04-02,267,286,1,1619.59,1611.66,58.47,-0.141023,-0.135711,0.130398,0.00531245,0,
dt,XAUUSD,server_day,5,0.5,2020-04-06,172,286,1,1639.25,1658.19,49.26,0.379637,0.38449,-0.389344,0.00485347,0,
dt,XAUUSD,server_day,5,0.5,2020-04-09,192,286,1,1674.57,1683.56,58.32,0.150043,0.15415,-0.158256,0.00410677,0,
dt,XAUUSD,server_day,5,0.5,2020-04-13,234,286,1,1715.08,1711.98,75.21,-0.0443424,-0.0411514,0.0379605,0.00319092,0,
dt,XAUUSD,server_day,5,0.5,2020-04-17,108,286,-1,1692.7,1682.14,51.56,0.200162,0.20481,-0.209457,0.00464748,0,
dt,XAUUSD,server_day,5,0.5,2020-04-21,171,286,-1,1667.14,1683.54,56.52,-0.294399,-0.290163,0.285926,0.00423664,0,
dt,XAUUSD,server_day,5,0.5,2020-04-22,232,286,1,1712.97,1714.87,58.35,0.0281235,0.0326478,-0.0371721,0.00452433,0,
dt,XAUUSD,server_day,5,0.5,2020-04-30,188,286,-1,1695.51,1685.98,34.87,0.266571,0.273444,-0.280317,0.00687326,0,
dt,XAUUSD,server_day,5,0.5,2020-05-06,196,286,-1,1686.64,1685.19,35.74,0.0338667,0.0405708,-0.0472748,0.00670405,0,
dt,XAUUSD,server_day,5,0.5,2020-05-07,220,286,1,1702.35,1715.25,34.31,0.369137,0.376129,-0.383122,0.00699281,0,
dt,XAUUSD,server_day,5,0.5,2020-05-13,192,286,1,1717.64,1715.3,31.11,-0.0830932,-0.0753777,0.0676621,0.00771555,0,
dt,XAUUSD,server_day,5,0.5,2020-05-14,201,286,1,1728.29,1730.06,25.96,0.0589288,0.0681818,-0.0774348,0.00925302,0,
dt,XAUUSD,server_day,5,0.5,2020-05-15,231,286,1,1749.43,1741.85,38.75,-0.202256,-0.195742,0.189227,0.00651455,0,
dt,XAUUSD,server_day,5,0.5,2020-05-21,204,286,-1,1730.8,1726.76,32.88,0.115566,0.122871,-0.130176,0.00730544,0,
dt,XAUUSD,server_day,5,0.5,2020-05-26,215,286,-1,1711,1710.31,30.11,0.0151129,0.023082,-0.0310511,0.00796909,0,
dt,XAUUSD,server_day,5,0.5,2020-06-03,189,286,-1,1710.93,1698.26,32.21,0.390908,0.393511,-0.396115,0.00260367,0,
dt,XAUUSD,server_day,5,0.5,2020-06-05,187,286,-1,1689.62,1684.3,50.27,0.104066,0.105729,-0.107392,0.00166337,0,
dt,XAUUSD,server_day,5,0.5,2020-06-10,271,286,1,1737.19,1737.83,43.61,0.0128566,0.0147902,-0.0167238,0.00193362,0,
dt,XAUUSD,server_day,5,0.5,2020-06-15,163,286,-1,1707.9,1725.24,45.72,-0.381103,-0.379265,0.377427,0.00183797,0,
dt,XAUUSD,server_day,5,0.5,2020-06-19,179,286,1,1733.96,1742.26,22.3,0.368416,0.372197,-0.375979,0.00378177,0,
dt,XAUUSD,server_day,5,0.5,2020-06-22,207,286,1,1762.51,1754.55,29.66,-0.271228,-0.268375,0.265522,0.00285298,0,
dt,XAUUSD,server_day,5,0.5,2020-06-26,200,286,-1,1751.71,1769.57,24.88,-0.721248,-0.717846,0.714443,0.00340229,0,
dt,XAUUSD,server_day,5,0.5,2020-06-30,219,286,1,1784.49,1780.54,25.17,-0.160109,-0.156734,0.153359,0.00337526,0,
dt,XAUUSD,server_day,5,0.5,2020-07-01,202,286,-1,1765.05,1769.84,33.11,-0.147078,-0.144518,0.141959,0.00255948,0,
dt,XAUUSD,server_day,5,0.5,2020-07-06,188,286,1,1784.92,1784.25,23.11,-0.0334048,-0.0292081,0.0250115,0.00419663,0,
dt,XAUUSD,server_day,5,0.5,2020-07-08,198,286,1,1813.72,1808.45,37.17,-0.144266,-0.141646,0.139027,0.00261919,0,
dt,XAUUSD,server_day,5,0.5,2020-07-14,159,286,-1,1792.45,1808.99,19.35,-0.858926,-0.854522,0.850118,0.00440362,0,
dt,XAUUSD,server_day,5,0.5,2020-07-16,240,286,-1,1800.86,1796.84,19.34,0.203455,0.207859,-0.212264,0.00440454,0,
dt,XAUUSD,server_day,5,0.5,2020-07-17,195,286,1,1807.76,1809.68,19.34,0.0948644,0.0992761,-0.103688,0.00441169,0,
dt,XAUUSD,server_day,5,0.5,2020-07-20,188,286,1,1817.71,1817.21,19.34,-0.0302712,-0.0258532,0.0214351,0.00441802,0,
dt,XAUUSD,server_day,5,0.5,2020-07-21,180,286,1,1829.77,1841.48,23.69,0.490895,0.494512,-0.49813,0.00361751,0,
dt,XAUUSD,server_day,5,0.5,2020-07-22,50,286,1,1864.27,1871.22,46.63,0.147305,0.149153,-0.151,0.00184749,0,
dt,XAUUSD,server_day,5,0.5,2020-08-04,223,286,1,1995.63,2018.53,36.54,0.624299,0.62671,-0.629121,0.00241103,0,
dt,XAUUSD,server_day,5,0.5,2020-08-11,113,286,-1,1999.71,1912.57,53.86,1.61628,1.6179,-1.00163,0.00162246,0,
dt,XAUUSD,server_day,5,0.5,2020-08-19,218,286,-1,1960.32,1927.66,89.56,0.363698,0.364672,-0.365646,0.000973826,0,
dt,XAUUSD,server_day,5,0.5,2020-08-26,183,224,-1,1910.77,1945.79,35.01,-1.00248,-1,0.997515,0.00248489,0,
dt,XAUUSD,server_day,5,0.5,2020-08-26,224,286,1,1945.79,1953.14,35.01,0.207589,0.210083,-0.212576,0.00249336,0,
dt,XAUUSD,server_day,5,0.5,2020-08-27,204,286,-1,1926.67,1928.32,50.5,-0.0353462,-0.0326733,0.0300003,0.00267297,0,
dt,XAUUSD,server_day,5,0.5,2020-08-28,138,286,1,1955.23,1964.34,50.5,0.177239,0.180396,-0.183553,0.00315717,0,
dt,XAUUSD,server_day,5,0.5,2020-09-02,232,286,-1,1936.22,1943.08,63.97,-0.108522,-0.10716,0.105797,0.00136244,0,
dt,XAUUSD,server_day,5,0.5,2020-09-14,202,286,1,1958.15,1956.52,40.83,-0.0421847,-0.0400441,0.0379034,0.00214065,0,
dt,XAUUSD,server_day,5,0.5,2020-09-16,186,286,1,1970.38,1959.15,31.73,-0.356839,-0.354081,0.351323,0.00275786,0,
dt,XAUUSD,server_day,5,0.5,2020-09-17,60,286,-1,1942.89,1944.2,33.16,-0.0421354,-0.0395054,0.0368755,0.00262996,0,
dt,XAUUSD,server_day,5,0.5,2020-09-18,233,286,1,1959.15,1950.42,29.44,-0.299503,-0.296535,0.293568,0.00296763,0,
dt,XAUUSD,server_day,5,0.5,2020-09-21,142,286,-1,1935.03,1911.92,29.44,0.782034,0.784986,-1.00295,0.00295274,0,
dt,XAUUSD,server_day,5,0.5,2020-09-23,208,286,-1,1866.76,1862.74,67.71,0.058173,0.0594447,-0.0607164,0.0012717,0,
dt,XAUUSD,server_day,5,0.5,2020-10-01,223,286,1,1911.59,1905.94,48.55,-0.118264,-0.116478,0.114692,0.00178626,0,
dt,XAUUSD,server_day,5,0.5,2020-10-05,123,286,-1,1887.54,1913.65,31.87,-0.82214,-0.819423,0.816705,0.00271755,0,
dt,XAUUSD,server_day,5,0.5,2020-10-06,263,286,-1,1895.21,1877.56,33.5,0.524286,0.526866,-0.529445,0.00257938,0,
dt,XAUUSD,server_day,5,0.5,2020-10-09,137,286,1,1915.7,1929.87,43.53,0.323641,0.325637,-0.327634,0.00199676,0,
dt,XAUUSD,server_day,5,0.5,2020-10-13,199,286,-1,1895.42,1891.07,56.93,0.0748023,0.0763218,-0.0778413,0.0015195,0,
dt,XAUUSD,server_day,5,0.5,2020-10-19,183,286,1,1916.86,1903.44,34.3,-0.393783,-0.391254,0.388725,0.00252892,0,
dt,XAUUSD,server_day,5,0.5,2020-10-21,63,286,1,1920,1924.6,19.71,0.226184,0.233638,-0.241091,0.00745369,0,
dt,XAUUSD,server_day,5,0.5,2020-10-22,182,286,-1,1908.35,1903.67,32.6,0.140899,0.143558,-0.146217,0.00265902,0,
dt,XAUUSD,server_day,5,0.5,2020-10-28,157,286,-1,1895.49,1876.81,24.53,0.75779,0.761313,-1.00352,0.00352246,0,
dt,XAUUSD,server_day,5,0.5,2020-11-04,36,286,-1,1884.66,1903.27,49.02,-0.381406,-0.379641,0.377876,0.0017649,0,
dt,XAUUSD,server_day,5,0.5,2020-11-05,176,286,1,1925.47,1949.17,44.49,0.530858,0.532816,-0.534775,0.00195825,0,
dt,XAUUSD,server_day,5,0.5,2020-11-09,168,286,-1,1922.18,1863.13,69.99,0.842528,0.843763,-1.00123,0.00123585,0,
dt,XAUUSD,server_day,5,0.5,2020-11-16,166,286,-1,1871.47,1888.66,32.85,-0.526068,-0.52344,0.520812,0.00262773,0,
dt,XAUUSD,server_day,5,0.5,2020-11-18,168,286,-1,1868.26,1871.97,26.59,-0.142579,-0.139338,0.136097,0.00324113,0,
dt,XAUUSD,server_day,5,0.5,2020-11-19,93,286,-1,1860.31,1866.84,27.04,-0.244678,-0.241494,0.23831,0.0031838,0,
dt,XAUUSD,server_day,5,0.5,2020-11-20,196,286,1,1879.32,1870.9,35.97,-0.236343,-0.233945,0.231547,0.00239787,0,
dt,XAUUSD,server_day,5,0.5,2020-11-23,201,286,-1,1857.11,1837.49,27.5,0.710332,0.713455,-0.716577,0.00312226,0,
dt,XAUUSD,server_day,5,0.5,2020-11-24,154,286,-1,1815.02,1807.71,47.33,0.152538,0.154342,-0.156145,0.00180349,0,
dt,XAUUSD,server_day,5,0.5,2020-12-09,203,286,-1,1844.93,1839.41,48.84,0.111266,0.113022,-0.114779,0.00175656,0,
dt,XAUUSD,server_day,5,0.5,2020-12-15,182,286,1,1849.76,1853.67,42.71,0.0896529,0.0916647,-0.0936765,0.0020118,0,
dt,XAUUSD,server_day,5,0.5,2020-12-17,188,286,1,1886.32,1886.04,45.72,-0.00801414,-0.00612423,0.00423433,0.00188991,0,
dt,XAUUSD,server_day,5,0.5,2021-01-04,120,286,1,1927.44,1943.23,36.75,0.427154,0.429524,-0.431894,0.00236992,0,
dt,XAUUSD,server_day,5,0.5,2021-01-06,213,286,-1,1910.73,1918.79,78.32,-0.104019,-0.102911,0.101803,0.00110836,0,
dt,XAUUSD,server_day,5,0.5,2021-01-08,120,286,-1,1891.58,1849.04,49.2,0.862882,0.864634,-1.00175,0.00175171,0,
dt,XAUUSD,server_day,5,0.5,2021-01-15,214,286,-1,1828.63,1827.65,38.31,0.0234771,0.0257113,-0.0279455,0.00223425,0,
dt,XAUUSD,server_day,5,0.5,2021-01-20,196,286,1,1858.15,1871.42,35.29,0.373446,0.375886,-0.378326,0.00243998,0,
dt,XAUUSD,server_day,5,0.5,2021-01-22,156,286,-1,1846.09,1854.67,48.03,-0.179074,-0.178534,0.177995,0.000539358,0,
dt,XAUUSD,server_day,5,0.5,2021-01-27,192,286,-1,1833.86,1843.83,32.45,-0.308189,-0.307396,0.306603,0.000793337,0,
dt,XAUUSD,server_day,5,0.5,2021-01-28,180,286,1,1857.44,1842.61,26.98,-0.550626,-0.549666,0.548706,0.000959983,0,
dt,XAUUSD,server_day,5,0.5,2021-01-29,144,286,1,1855.35,1847.59,25.32,-0.307501,-0.306477,0.305453,0.00102372,0,
dt,XAUUSD,server_day,5,0.5,2021-02-02,156,286,-1,1843.78,1837.65,33.08,0.184529,0.185308,-0.186087,0.000779021,0,
dt,XAUUSD,server_day,5,0.5,2021-02-04,132,286,-1,1812.9,1793.12,41.48,0.476248,0.476856,-0.477465,0.000608538,0,
dt,XAUUSD,server_day,5,0.5,2021-02-16,180,286,-1,1803.12,1794.56,31.83,0.26798,0.268772,-0.269563,0.000791195,0,
dt,XAUUSD,server_day,5,0.5,2021-02-22,192,286,1,1807.88,1809.04,51.04,0.0222312,0.0227273,-0.0232233,0.000496051,0,
dt,XAUUSD,server_day,5,0.5,2021-02-25,180,286,-1,1781.27,1770.25,48.41,0.227022,0.227536,-0.228049,0.000513543,0,
dt,XAUUSD,server_day,5,0.5,2021-02-26,192,286,-1,1747.83,1733.84,45.76,0.305193,0.305726,-0.306258,0.000532598,0,
dt,XAUUSD,server_day,5,0.5,2021-03-09,180,286,1,1712.25,1715.59,58,0.0571725,0.0575862,-0.0579999,0.000413705,0,
dt,XAUUSD,server_day,5,0.5,2021-03-17,251,286,1,1748.78,1744.51,32.87,-0.132627,-0.130058,0.127488,0.00256931,0,
dt,XAUUSD,server_day,5,0.5,2021-03-18,181,286,-1,1726.09,1736.54,45.3,-0.232544,-0.230684,0.228825,0.00185957,0,
dt,XAUUSD,server_day,5,0.5,2021-03-22,99,286,-1,1730.84,1738.62,25.92,-0.303406,-0.300154,0.296903,0.00325178,0,
dt,XAUUSD,server_day,5,0.5,2021-03-23,193,286,-1,1726.62,1726.71,25.92,-0.00671965,-0.00347222,0.000224795,0.00324743,0,
dt,XAUUSD,server_day,5,0.5,2021-03-25,228,286,-1,1724.22,1726.79,21.38,-0.121336,-0.120206,0.119076,0.00112989,0,
dt,XAUUSD,server_day,5,0.5,2021-03-29,192,286,-1,1720.27,1711.81,18.75,0.449652,0.450933,-0.452215,0.00128131,0,
dt,XAUUSD,server_day,5,0.5,2021-03-30,120,286,-1,1695.73,1685.06,33.65,0.316533,0.317236,-0.31794,0.000703286,0,
dt,XAUUSD,server_day,5,0.5,2021-04-08,192,286,1,1756.2,1756.14,37.3,-0.00226773,-0.00160858,0.000949427,0.000659152,0,
dt,XAUUSD,server_day,5,0.5,2021-04-09,180,286,-1,1737.74,1743.46,34.89,-0.164786,-0.164087,0.163389,0.000698434,0,
dt,XAUUSD,server_day,5,0.5,2021-04-12,252,286,-1,1728,1732.34,28.98,-0.150594,-0.149758,0.148923,0.000835831,0,
dt,XAUUSD,server_day,5,0.5,2021-04-13,192,286,1,1745.12,1745.39,28.68,0.00856229,0.00941423,-0.0102662,0.000851938,0,
dt,XAUUSD,server_day,5,0.5,2021-04-15,120,286,1,1747.86,1763.5,24.99,0.625067,0.62605,-0.627034,0.000983573,0,
dt,XAUUSD,server_day,5,0.5,2021-04-16,180,286,1,1783.14,1776.67,39.8,-0.163189,-0.162563,0.161937,0.000626097,0,
dt,XAUUSD,server_day,5,0.5,2021-04-28,144,286,-1,1765.2,1781.47,21.4,-0.76144,-0.76028,0.75912,0.00116013,0,
dt,XAUUSD,server_day,5,0.5,2021-04-29,192,286,-1,1771.78,1772.28,19.47,-0.0266979,-0.0254237,0.0241495,0.00127419,0,
dt,XAUUSD,server_day,5,0.5,2021-05-03,120,286,1,1780.72,1793.04,25.14,0.489061,0.490056,-0.491051,0.00099508,0,
dt,XAUUSD,server_day,5,0.5,2021-05-04,216,286,-1,1774.39,1779.28,36.71,-0.133748,-0.13307,0.132392,0.000677628,0,
dt,XAUUSD,server_day,5,0.5,2021-05-06,192,286,1,1801.46,1815.22,30.12,0.455999,0.456839,-0.45768,0.00084053,0,
dt,XAUUSD,server_day,5,0.5,2021-05-07,180,286,1,1839.06,1830.85,49.26,-0.167188,-0.166667,0.166145,0.000521506,0,
dt,XAUUSD,server_day,5,0.5,2021-05-13,228,286,1,1827.08,1826.93,29.39,-0.00580395,-0.00493365,0.00406335,0.000870297,0,
dt,XAUUSD,server_day,5,0.5,2021-05-14,192,286,1,1840.18,1842.56,29.39,0.0802729,0.0811501,-0.0820272,0.00087714,0,
dt,XAUUSD,server_day,5,0.5,2021-05-17,204,286,1,1860.96,1866.65,33.8,0.167571,0.168343,-0.169115,0.00077199,0,
dt,XAUUSD,server_day,5,0.5,2021-05-25,204,286,1,1895.03,1899.18,29.61,0.139427,0.140324,-0.141221,0.000896975,0,
dt,XAUUSD,server_day,5,0.5,2021-06-03,120,286,-1,1894.91,1870.7,26.39,0.916584,0.917582,-1.001,0.000998837,0,
dt,XAUUSD,server_day,5,0.5,2021-06-04,192,286,1,1891.59,1891.51,45.88,-0.00232087,-0.00174368,0.00116648,0.000577195,0,
dt,XAUUSD,server_day,5,0.5,2021-06-11,192,286,-1,1883.26,1876.16,29.8,0.237372,0.238255,-0.239138,0.000883085,0,
dt,XAUUSD,server_day,5,0.5,2021-06-14,84,286,-1,1862.4,1866.31,29.8,-0.132084,-0.131208,0.130332,0.000875871,0,
dt,XAUUSD,server_day,5,0.5,2021-06-16,252,286,-1,1831.05,1810.21,54.87,0.379433,0.379898,-0.380362,0.000464532,0,
dt,XAUUSD,server_day,5,0.5,2021-06-25,168,286,1,1785.2,1781.08,19.99,-0.207102,-0.205853,0.204604,0.00124882,0,
dt,XAUUSD,server_day,5,0.5,2021-06-29,132,286,-1,1768.12,1761.08,19.99,0.35119,0.352426,-0.353662,0.00123584,0,
dt,XAUUSD,server_day,5,0.5,2021-07-02,180,286,1,1789.74,1787.33,28.34,-0.0859224,-0.0850388,0.0841553,0.000883539,0,
dt,XAUUSD,server_day,5,0.5,2021-07-06,168,286,1,1809.47,1797.05,36.64,-0.339663,-0.338974,0.338285,0.000689019,0,
dt,XAUUSD,server_day,5,0.5,2021-07-12,192,286,-1,1797.28,1806.17,21.4,-0.416599,-0.415421,0.414242,0.0011787,0,
dt,XAUUSD,server_day,5,0.5,2021-07-13,180,286,1,1814.47,1807.14,16.39,-0.449076,-0.447529,0.445982,0.00154675,0,
dt,XAUUSD,server_day,5,0.5,2021-07-14,156,286,1,1816.09,1827.99,16.39,0.724801,0.726358,-0.727914,0.00155635,0,
dt,XAUUSD,server_day,5,0.5,2021-07-16,216,286,-1,1810.99,1811.51,37.8,-0.0144274,-0.0137566,0.0130858,0.000670833,0,
dt,XAUUSD,server_day,5,0.5,2021-07-19,180,286,-1,1795.89,1812.61,30.85,-0.542634,-0.541815,0.540996,0.000818786,0,
dt,XAUUSD,server_day,5,0.5,2021-07-23,168,286,-1,1796.28,1801.93,21.55,-0.263118,-0.261949,0.26078,0.00116879,0,
dt,XAUUSD,server_day,5,0.5,2021-07-28,264,286,1,1808.96,1807.11,16.79,-0.11199,-0.110482,0.108975,0.0015076,0,
dt,XAUUSD,server_day,5,0.5,2021-07-29,48,286,1,1816.12,1827.79,17.48,0.666161,0.66762,-0.669079,0.00145923,0,
dt,XAUUSD,server_day,5,0.5,2021-07-30,252,286,-1,1811.23,1814.36,35.25,-0.0893725,-0.0886525,0.0879325,0.000719976,0,
dt,XAUUSD,server_day,5,0.5,2021-08-04,180,286,1,1821.56,1811.6,22.54,-0.443009,-0.441881,0.440753,0.00112831,0,
dt,XAUUSD,server_day,5,0.5,2021-08-05,192,286,-1,1801.23,1803.73,21.59,-0.116732,-0.115563,0.114394,0.00116882,0,
dt,XAUUSD,server_day,5,0.5,2021-08-06,180,286,-1,1790.67,1763.18,27.98,0.981598,0.982487,-1.00089,0.000889098,0,
dt,XAUUSD,server_day,5,0.5,2021-08-09,12,286,-1,1726.87,1729.58,68.53,-0.0399707,-0.0396177,0.0392646,0.000353059,0,
dt,XAUUSD,server_day,5,0.5,2021-08-23,156,286,1,1789.22,1805.18,15.47,1.03037,1.032,-1.00163,0.00162642,0,
dt,XAUUSD,server_day,5,0.5,2021-08-25,192,286,-1,1787.21,1790.33,30.77,-0.102049,-0.101235,0.100421,0.000813871,0,
dt,XAUUSD,server_day,5,0.5,2021-08-27,204,286,1,1806.76,1817.85,28.74,0.384991,0.385873,-0.386756,0.000882821,0,
dt,XAUUSD,server_day,5,0.5,2021-09-03,180,286,1,1816.38,1827.59,13.69,0.817348,0.819211,-1.00186,0.00186324,0,
dt,XAUUSD,server_day,5,0.5,2021-09-07,144,286,-1,1810.62,1793.92,25.88,0.644311,0.645286,-0.646261,0.000974953,0,
dt,XAUUSD,server_day,5,0.5,2021-09-14,165,211,-1,1785.51,1801.55,16.05,-1.00156,-1,0.998436,0.00156445,0,
dt,XAUUSD,server_day,5,0.5,2021-09-14,211,286,1,1801.55,1804.69,16.05,0.193754,0.195327,-0.1969,0.00157282,0,
dt,XAUUSD,server_day,5,0.5,2021-09-15,214,286,-1,1791.94,1793.73,24,-0.0756292,-0.0745833,0.0735375,0.00104582,0,
dt,XAUUSD,server_day,5,0.5,2021-09-16,150,286,-1,1782.17,1752.72,24,1.22605,1.22708,-1.00103,0.00103101,0,
dt,XAUUSD,server_day,5,0.5,2021-09-23,199,286,-1,1752.16,1742.48,33.29,0.290193,0.290928,-0.291663,0.000734831,0,
dt,XAUUSD,server_day,5,0.5,2021-09-28,190,286,-1,1728.36,1733.53,44.73,-0.116236,-0.115694,0.115152,0.000541766,0,
dt,XAUUSD,server_day,5,0.5,2021-09-30,204,286,1,1743.87,1757.16,34.37,0.383663,0.38682,-0.389977,0.00315703,0,
dt,XAUUSD,server_day,5,0.5,2021-10-08,186,286,1,1767.74,1757.1,23.49,-0.457798,-0.453172,0.448545,0.00462639,0,
dt,XAUUSD,server_day,5,0.5,2021-10-12,202,286,1,1767.48,1760.19,27.2,-0.272011,-0.268015,0.264019,0.00399609,0,
dt,XAUUSD,server_day,5,0.5,2021-10-13,179,286,1,1774.38,1792.98,27.2,0.679817,0.683824,-0.68783,0.00400631,0,
dt,XAUUSD,server_day,5,0.5,2021-10-15,184,286,-1,1772.88,1767.82,46.46,0.106569,0.108911,-0.111252,0.00234147,0,
dt,XAUUSD,server_day,5,0.5,2021-10-19,183,286,1,1783.95,1768.59,37.93,-0.407959,-0.405088,0.402218,0.00287023,0,
dt,XAUUSD,server_day,5,0.5,2021-10-20,187,286,1,1787.45,1781.74,36.11,-0.161008,-0.157989,0.154971,0.00301812,0,
dt,XAUUSD,server_day,5,0.5,2021-10-22,184,286,1,1795.84,1792.68,24.94,-0.131079,-0.126704,0.122329,0.00437529,0,
dt,XAUUSD,server_day,5,0.5,2021-10-26,204,286,-1,1787.41,1793.37,40.04,-0.151575,-0.148851,0.146127,0.00272391,0,
dt,XAUUSD,server_day,5,0.5,2021-10-28,198,286,1,1809.08,1798.9,24.54,-0.419285,-0.414833,0.410381,0.00445215,0,
dt,XAUUSD,server_day,5,0.5,2021-10-29,182,286,-1,1787.22,1782.6,24.54,0.183823,0.188264,-0.192705,0.00444127,0,
dt,XAUUSD,server_day,5,0.5,2021-11-03,194,286,-1,1773.82,1772.08,27.82,0.0586333,0.0625449,-0.0664566,0.00391162,0,
dt,XAUUSD,server_day,5,0.5,2021-11-04,186,286,1,1788.7,1791.95,34.45,0.0910286,0.0941945,-0.0973604,0.00316588,0,
dt,XAUUSD,server_day,5,0.5,2021-11-05,221,286,1,1808.43,1818.18,34.45,0.279989,0.283164,-0.286339,0.00317522,0,
dt,XAUUSD,server_day,5,0.5,2021-11-10,199,286,1,1862.22,1849.91,60.98,-0.203673,-0.201869,0.200066,0.00180362,0,
dt,XAUUSD,server_day,5,0.5,2021-11-17,168,286,1,1863.73,1867.23,27.04,0.125366,0.129438,-0.13351,0.00407236,0,
dt,XAUUSD,server_day,5,0.5,2021-11-19,236,286,-1,1845.7,1845.51,27.04,0.00296455,0.00702663,-0.0110887,0.00406207,0,
dt,XAUUSD,server_day,5,0.5,2021-11-22,195,286,-1,1826.22,1805.56,31.67,0.649055,0.65251,-0.655965,0.00345508,0,
dt,XAUUSD,server_day,5,0.5,2021-12-02,203,286,-1,1764.17,1768.81,34.6,-0.137247,-0.134104,0.130962,0.00314251,0,
dt,XAUUSD,server_day,5,0.5,2021-12-09,181,286,-1,1773.96,1774.8,18.14,-0.0523066,-0.0463065,0.0403064,0.00600007,0,
dt,XAUUSD,server_day,5,0.5,2021-12-10,191,286,1,1785.03,1782.76,18.28,-0.130141,-0.124179,0.118218,0.00596141,0,
dt,XAUUSD,server_day,5,0.5,2021-12-14,187,286,-1,1776.82,1770.49,18.28,0.340327,0.34628,-0.352234,0.00595357,0,
dt,XAUUSD,server_day,5,0.5,2021-12-15,249,286,-1,1760.78,1777.27,21.14,-0.785183,-0.780038,0.774893,0.00514505,0,
dt,XAUUSD,server_day,5,0.5,2021-12-16,204,286,1,1795.65,1799.33,34.23,0.104173,0.107362,-0.110551,0.00318916,0,
dt,XAUUSD,server_day,5,0.5,2021-12-22,246,286,1,1801.77,1803.62,25.5,0.0682652,0.072549,-0.0768329,0.00428383,0,
dt,XAUUSD,server_day,5,0.5,2021-12-29,179,286,-1,1793.64,1804,25.79,-0.405746,-0.401512,0.397279,0.00423356,0,
dt,XAUUSD,server_day,5,0.5,2021-12-30,264,286,1,1815.3,1815.34,22.29,-0.00288984,0.00201884,-0.00692752,0.00490868,0,
dt,XAUUSD,server_day,5,0.5,2021-12-31,245,286,1,1827.63,1828.71,25.92,0.0374385,0.0416667,-0.0458948,0.00422818,0,
dt,XAUUSD,server_day,5,0.5,2022-01-03,185,286,-1,1810.94,1801.34,39.29,0.241683,0.244464,-0.247246,0.00278152,0,
dt,XAUUSD,server_day,5,0.5,2022-01-06,131,286,-1,1794.93,1789.47,30.44,0.175785,0.179369,-0.182953,0.0035838,0,
dt,XAUUSD,server_day,5,0.5,2022-01-11,262,286,1,1820.67,1822.32,40.2,0.0383209,0.0410448,-0.0437687,0.0027239,0,
dt,XAUUSD,server_day,5,0.5,2022-01-19,185,286,1,1824.21,1840.26,20.12,0.792264,0.797714,-0.803164,0.00544987,0,
dt,XAUUSD,server_day,5,0.5,2022-01-26,196,286,-1,1837.58,1818.43,20.2,0.942594,0.94802,-1.00542,0.00542535,0,
dt,XAUUSD,server_day,5,0.5,2022-01-27,190,286,-1,1802.19,1796.78,35.43,0.149472,0.152554,-0.155636,0.00308193,0,
dt,XAUUSD,server_day,5,0.5,2022-02-03,201,286,-1,1793.54,1804.66,26.71,-0.420599,-0.416511,0.412423,0.00408788,0,
dt,XAUUSD,server_day,5,0.5,2022-02-04,192,286,-1,1794.15,1807.78,21.42,-0.64142,-0.636321,0.631223,0.00509867,0,
dt,XAUUSD,server_day,5,0.5,2022-02-07,222,286,1,1818.1,1820.7,19.08,0.130531,0.136268,-0.142006,0.00573751,0,
dt,XAUUSD,server_day,5,0.5,2022-02-11,230,286,1,1839.7,1861.64,24.92,0.876007,0.880417,-1.00441,0.00441049,0,
dt,XAUUSD,server_day,5,0.5,2022-02-15,172,286,-1,1845.91,1853.36,49.65,-0.152163,-0.14995,0.147736,0.00221339,0,
dt,XAUUSD,server_day,5,0.5,2022-02-17,186,286,1,1894.61,1897.87,49.65,0.0633324,0.0655589,-0.0677854,0.00222653,0,
dt,XAUUSD,server_day,5,0.5,2022-02-24,64,257,1,1929.8,1889.78,40.02,-1.00277,-1,-1.00278,0.00276704,0,
dt,XAUUSD,server_day,5,0.5,2022-02-24,257,286,-1,1889.78,1903.55,40.02,-0.34684,-0.344078,0.341316,0.00276245,0,
dt,XAUUSD,server_day,5,0.5,2022-03-04,225,286,1,1963.43,1968.68,52.76,0.0973934,0.0995072,-0.101621,0.00211381,0,
dt,XAUUSD,server_day,5,0.5,2022-03-08,201,286,1,2039.62,2052.44,84.42,0.150525,0.15186,-0.153194,0.00133433,0,
dt,XAUUSD,server_day,5,0.5,2022-03-09,193,286,-1,1982.49,1991.74,134.83,-0.0694713,-0.068642,0.0678127,0.000829337,0,
dt,XAUUSD,server_day,5,0.5,2022-03-22,205,286,-1,1913.17,1921.07,46.22,-0.17332,-0.170922,0.168524,0.00239809,0,
dt,XAUUSD,server_day,5,0.5,2022-03-23,241,286,1,1936.8,1945.56,30.78,0.280988,0.2846,-0.288212,0.00361197,0,
dt,XAUUSD,server_day,5,0.5,2022-03-24,210,286,1,1961.91,1956.34,34.85,-0.163169,-0.159971,0.156774,0.00319735,0,
dt,XAUUSD,server_day,5,0.5,2022-03-28,125,286,-1,1932.68,1921.88,45.63,0.234364,0.236796,-0.239228,0.00243221,0,
dt,XAUUSD,server_day,5,0.5,2022-03-29,184,286,-1,1900.29,1918.98,44.29,-0.424605,-0.422104,0.419604,0.00250022,0,
dt,XAUUSD,server_day,5,0.5,2022-04-05,227,286,-1,1919.39,1922.48,26.89,-0.118851,-0.114727,0.110603,0.00412395,0,
dt,XAUUSD,server_day,5,0.5,2022-04-07,211,286,1,1935.03,1931.32,22.06,-0.173212,-0.168178,0.163143,0.00503465,0,
dt,XAUUSD,server_day,5,0.5,2022-04-08,204,286,1,1942.79,1945.39,22.06,0.112819,0.11786,-0.122902,0.00504158,0,
dt,XAUUSD,server_day,5,0.5,2022-04-11,181,286,1,1963.11,1954.4,30.38,-0.290369,-0.286702,0.283034,0.00366763,0,
dt,XAUUSD,server_day,5,0.5,2022-04-12,214,286,1,1974.59,1965.6,44.5,-0.20453,-0.202022,0.199515,0.00250745,0,
dt,XAUUSD,server_day,5,0.5,2022-04-18,128,286,1,1991.24,1978.14,37.3,-0.354203,-0.351206,0.348209,0.00299693,0,
dt,XAUUSD,server_day,5,0.5,2022-04-19,192,286,-1,1961.22,1949.63,32.76,0.350385,0.353785,-0.357185,0.00339975,0,
dt,XAUUSD,server_day,5,0.5,2022-04-25,168,286,-1,1907.13,1897.69,50.62,0.184302,0.186488,-0.188673,0.00218557,0,
dt,XAUUSD,server_day,5,0.5,2022-04-29,178,286,1,1919.66,1896.53,49.08,-0.473527,-0.471271,0.469016,0.00225577,0,
dt,XAUUSD,server_day,5,0.5,2022-05-02,137,286,-1,1881.98,1862.72,34.66,0.552504,0.555684,-0.558864,0.00317983,0,
dt,XAUUSD,server_day,5,0.5,2022-05-09,149,286,-1,1862.56,1853.96,41.87,0.202651,0.205278,-0.207906,0.00262755,0,
dt,XAUUSD,server_day,5,0.5,2022-05-12,239,286,-1,1824.54,1822.51,53.77,0.0356234,0.0376604,-0.0396974,0.002037,0,
dt,XAUUSD,server_day,5,0.5,2022-05-16,130,286,-1,1786.8,1824.46,54.55,-0.692287,-0.690284,0.688281,0.00200328,0,
dt,XAUUSD,server_day,5,0.5,2022-05-19,187,286,1,1835.43,1841.44,37.74,0.15634,0.159247,-0.162155,0.00290774,0,
dt,XAUUSD,server_day,5,0.5,2022-05-31,208,286,-1,1843.47,1837.66,25.12,0.22692,0.23129,-0.23566,0.00436974,0,
dt,XAUUSD,server_day,5,0.5,2022-06-02,193,286,1,1859.54,1868.08,24.81,0.33998,0.344418,-0.348855,0.00443746,0,
dt,XAUUSD,server_day,5,0.5,2022-06-03,229,286,-1,1849.14,1850.45,39.61,-0.0357207,-0.0329462,0.0301717,0.00277448,0,
dt,XAUUSD,server_day,5,0.5,2022-06-10,175,214,-1,1838.93,1856.53,17.6,-1.00624,-1,0.993757,0.00624251,0,
dt,XAUUSD,server_day,5,0.5,2022-06-10,214,286,1,1856.53,1870.86,17.6,0.807949,0.814205,-1.00626,0.00625521,0,
dt,XAUUSD,server_day,5,0.5,2022-06-13,136,286,-1,1855.04,1819.57,45.84,0.771385,0.773778,-0.776172,0.00239359,0,
dt,XAUUSD,server_day,5,0.5,2022-06-27,216,286,-1,1823.96,1823.06,24.22,0.0326371,0.0371594,-0.0416816,0.00452226,0,
dt,XAUUSD,server_day,5,0.5,2022-06-29,187,286,1,1832.42,1817.92,26.14,-0.558896,-0.554705,0.550514,0.00419099,0,
dt,XAUUSD,server_day,5,0.5,2022-06-30,175,286,-1,1806.57,1806.77,23.08,-0.0134009,-0.00866551,0.0039301,0.00473542,0,
dt,XAUUSD,server_day,5,0.5,2022-07-01,164,286,-1,1789.77,1807.42,34.23,-0.518965,-0.515776,0.512586,0.00318961,0,
dt,XAUUSD,server_day,5,0.5,2022-07-05,200,286,-1,1790.03,1765.91,35.39,0.678613,0.68169,-0.684767,0.0030769,0,
dt,XAUUSD,server_day,5,0.5,2022-07-06,227,286,-1,1733.48,1738.63,66.98,-0.0785056,-0.0768886,0.0752717,0.00161697,0,
dt,XAUUSD,server_day,5,0.5,2022-07-13,186,214,-1,1712.63,1738.89,26.26,-1.01234,-1,0.987656,0.0123443,0,
dt,XAUUSD,server_day,5,0.5,2022-07-13,214,286,1,1738.89,1734.84,26.26,-0.161094,-0.154227,0.14736,0.00686657,0,
dt,XAUUSD,server_day,5,0.5,2022-07-14,120,286,-1,1718.55,1710.57,34.46,0.226349,0.231573,-0.236796,0.00522356,0,
dt,XAUUSD,server_day,5,0.5,2022-07-20,274,286,-1,1696.37,1696.21,29.56,0.00176766,0.00541272,-0.00905778,0.00364506,0,
dt,XAUUSD,server_day,5,0.5,2022-07-21,144,214,-1,1682.73,1710.41,27.68,-1.00389,-1,0.996107,0.00389277,0,
dt,XAUUSD,server_day,5,0.5,2022-07-21,214,286,1,1710.41,1719.16,27.68,0.312211,0.316113,-0.320015,0.00390199,0,
dt,XAUUSD,server_day,5,0.5,2022-07-22,201,286,1,1737.29,1723.89,38.31,-0.352473,-0.349648,0.346823,0.00282506,0,
dt,XAUUSD,server_day,5,0.5,2022-07-27,266,286,1,1738.87,1734.16,43.04,-0.11195,-0.109433,0.106917,0.00251652,0,
dt,XAUUSD,server_day,5,0.5,2022-07-28,134,286,1,1745.86,1756.44,23.24,0.45058,0.45525,-0.459919,0.00466937,0,
dt,XAUUSD,server_day,5,0.5,2022-08-04,145,286,1,1778.68,1790.76,26.5,0.451736,0.455849,-0.459962,0.00411268,0,
dt,XAUUSD,server_day,5,0.5,2022-08-12,241,286,1,1801.06,1801,22.54,-0.00750729,-0.00266193,-0.00218343,0.00484536,0,
dt,XAUUSD,server_day,5,0.5,2022-08-15,101,286,-1,1792.14,1778.9,18.78,0.699201,0.705005,-1.0058,0.0058039,0,
dt,XAUUSD,server_day,5,0.5,2022-08-17,229,286,-1,1761,1764.42,29.56,-0.119373,-0.115697,0.11202,0.00367652,0,
dt,XAUUSD,server_day,5,0.5,2022-08-25,125,286,1,1763.49,1758.14,24.29,-0.224934,-0.220461,0.215988,0.00447309,0,
dt,XAUUSD,server_day,5,0.5,2022-09-07,247,286,1,1717.3,1718.45,30.37,0.0329585,0.0377017,-0.0424449,0.00474318,0,
dt,XAUUSD,server_day,5,0.5,2022-09-09,111,286,1,1722.11,1716.3,27.07,-0.220579,-0.214813,0.209048,0.00576538,0,
dt,XAUUSD,server_day,5,0.5,2022-09-12,180,286,1,1732.27,1724.9,28.1,-0.266128,-0.262278,0.258427,0.00385054,0,
dt,XAUUSD,server_day,5,0.5,2022-09-13,189,286,-1,1707.95,1702.51,33.52,0.159073,0.162291,-0.165509,0.00321817,0,
dt,XAUUSD,server_day,5,0.5,2022-09-15,213,286,-1,1678.14,1664.13,38.55,0.360768,0.363554,-0.36634,0.00278589,0,
dt,XAUUSD,server_day,5,0.5,2022-09-21,259,286,1,1681.91,1674.02,34.06,-0.234806,-0.23165,0.228494,0.00315595,0,
dt,XAUUSD,server_day,5,0.5,2022-09-22,48,188,-1,1659.89,1683.19,23.3,-1.00667,-1,0.99333,0.00666959,0,
dt,XAUUSD,server_day,5,0.5,2022-09-22,188,286,1,1683.19,1671.53,23.3,-0.505557,-0.500429,0.495301,0.00512803,0,
dt,XAUUSD,server_day,5,0.5,2022-09-23,151,286,-1,1659.73,1643.97,23.3,0.668707,0.676395,-0.684083,0.00768781,0,
dt,XAUUSD,server_day,5,0.5,2022-09-28,228,286,1,1660.22,1659.69,60.8,-0.0104809,-0.00871711,0.0069533,0.00176381,0,
dt,XAUUSD,server_day,5,0.5,2022-10-03,210,286,1,1687.36,1698.49,46.31,0.238119,0.240445,-0.24277,0.00232565,0,
dt,XAUUSD,server_day,5,0.5,2022-10-10,151,286,-1,1678.6,1667.94,35.16,0.30013,0.303185,-0.306241,0.00305534,0,
dt,XAUUSD,server_day,5,0.5,2022-10-13,189,286,-1,1649.43,1666.11,48.5,-0.346128,-0.343918,0.341707,0.00221049,0,
dt,XAUUSD,server_day,5,0.5,2022-10-14,204,286,-1,1648.85,1644.09,33.66,0.138234,0.141414,-0.144594,0.00318035,0,
dt,XAUUSD,server_day,5,0.5,2022-10-17,184,286,1,1665.97,1650.54,39.85,-0.390018,-0.387327,0.384637,0.00269048,0,
dt,XAUUSD,server_day,5,0.5,2022-10-19,165,286,-1,1632.75,1628.92,38.36,0.0970586,0.0998436,-0.102629,0.00278498,0,
dt,XAUUSD,server_day,5,0.5,2022-10-21,225,286,1,1648.38,1656.51,40.55,0.197974,0.200617,-0.203259,0.00264203,0,
dt,XAUUSD,server_day,5,0.5,2022-10-26,144,286,1,1673.62,1664.41,42.75,-0.218067,-0.215556,0.213044,0.00251149,0,
dt,XAUUSD,server_day,5,0.5,2022-10-28,138,286,-1,1648.93,1644.88,26.15,0.150973,0.155067,-0.159161,0.00409395,0,
dt,XAUUSD,server_day,5,0.5,2022-11-01,169,286,1,1653.39,1646.83,41.68,-0.160823,-0.15739,0.153956,0.00343334,0,
dt,XAUUSD,server_day,5,0.5,2022-11-02,254,286,1,1665.09,1635.1,37.54,-0.801734,-0.798881,0.796028,0.00285299,0,
dt,XAUUSD,server_day,5,0.5,2022-11-04,114,286,1,1649.16,1680.54,40.22,0.777541,0.780209,-0.782877,0.00266802,0,
dt,XAUUSD,server_day,5,0.5,2022-11-08,207,286,1,1706.35,1712.48,63.94,0.0941831,0.0958711,-0.0975591,0.00168802,0,
dt,XAUUSD,server_day,5,0.5,2022-11-10,205,286,1,1747.71,1754.75,83.68,0.0828332,0.08413,-0.0854268,0.00129681,0,
dt,XAUUSD,server_day,5,0.5,2022-11-17,181,286,-1,1757.8,1760.59,30.89,-0.093999,-0.0904824,0.0869657,0.00351663,0,
dt,XAUUSD,server_day,5,0.5,2022-11-21,227,286,-1,1732.9,1738.27,36.66,-0.149435,-0.146481,0.143527,0.00295412,0,
dt,XAUUSD,server_day,5,0.5,2022-11-29,82,286,1,1753.76,1749.7,25.76,-0.161822,-0.157609,0.153396,0.0042129,0,
dt,XAUUSD,server_day,5,0.5,2022-11-30,139,286,1,1761.93,1768.27,25.9,0.24059,0.244788,-0.248985,0.00419735,0,
dt,XAUUSD,server_day,5,0.5,2022-12-01,191,286,1,1792.01,1803.03,44.47,0.24524,0.247695,-0.25015,0.00245481,0,
dt,XAUUSD,server_day,5,0.5,2022-12-12,253,286,-1,1778.39,1781.05,35.09,-0.0797354,-0.0759476,0.0721597,0.00378786,0,
dt,XAUUSD,server_day,5,0.5,2022-12-13,185,286,1,1794.93,1810.45,27.92,0.551961,0.555874,-1.00392,0.00391252,0,
dt,XAUUSD,server_day,5,0.5,2022-12-15,122,286,-1,1785.36,1776.61,43.4,0.199103,0.201613,-0.204123,0.00251,0,
dt,XAUUSD,server_day,5,0.5,2022-12-20,140,286,1,1806,1817.88,37.54,0.313549,0.316462,-0.319376,0.00291335,0,
dt,XAUUSD,server_day,5,0.5,2022-12-22,240,286,-1,1792.06,1792.51,43.6,-0.0128232,-0.0103211,0.00781899,0.00250211,0,
dt,XAUUSD,server_day,5,0.5,2022-12-27,208,286,1,1817.25,1813.86,33.32,-0.105025,-0.101741,0.0984568,0.00328385,0,
dt,XAUUSD,server_day,5,0.5,2023-01-03,64,286,1,1842.62,1839.48,29.29,-0.110781,-0.107033,0.103285,0.00374785,0,
dt,XAUUSD,server_day,5,0.5,2023-01-04,123,286,1,1861.34,1854.16,45.94,-0.158685,-0.156291,0.153896,0.00239461,0,
dt,XAUUSD,server_day,5,0.5,2023-01-05,207,286,-1,1829.63,1833.22,50.1,-0.0738451,-0.0716567,0.0694683,0.00218842,0,
dt,XAUUSD,server_day,5,0.5,2023-01-06,191,286,1,1852.1,1865.97,40.82,0.337089,0.339784,-0.34248,0.00269541,0,
dt,XAUUSD,server_day,5,0.5,2023-01-12,190,286,1,1899.98,1897.1,45.96,-0.0650692,-0.0626632,0.0602572,0.002406,0,
dt,XAUUSD,server_day,5,0.5,2023-01-13,202,286,1,1911.31,1920.39,30.84,0.290829,0.294423,-0.298016,0.00359345,0,
dt,XAUUSD,server_day,5,0.5,2023-01-19,257,286,1,1928.03,1931.53,49.57,0.0684685,0.0707081,-0.0729477,0.0022396,0,
dt,XAUUSD,server_day,5,0.5,2023-01-26,211,286,-1,1929.08,1929.41,34.7,-0.0127092,-0.00951009,0.00631097,0.00319912,0,
dt,XAUUSD,server_day,5,0.5,2023-01-31,122,286,-1,1907.85,1927.82,29.38,-0.683487,-0.679714,0.675941,0.00377296,0,
dt,XAUUSD,server_day,5,0.5,2023-02-01,262,286,1,1941.78,1950.39,28.65,0.296815,0.300698,-0.304581,0.0038829,0,
dt,XAUUSD,server_day,5,0.5,2023-02-02,202,286,-1,1928.23,1912.49,49.63,0.315013,0.317248,-0.319482,0.00223423,0,
dt,XAUUSD,server_day,5,0.5,2023-02-03,188,286,-1,1888.16,1865.71,49.63,0.450226,0.452448,-0.45467,0.00222199,0,
dt,XAUUSD,server_day,5,0.5,2023-02-15,119,286,-1,1835.18,1836.45,36.7,-0.037594,-0.0346049,0.0316158,0.00298914,0,
dt,XAUUSD,server_day,5,0.5,2023-02-24,200,286,-1,1810.4,1810.72,24.5,-0.0175244,-0.0130612,0.00859805,0.00446318,0,
dt,XAUUSD,server_day,5,0.5,2023-03-01,162,286,1,1838.33,1837.09,23.02,-0.0586328,-0.0538662,0.0490996,0.00476664,0,
dt,XAUUSD,server_day,5,0.5,2023-03-03,258,286,1,1852.43,1855.06,32.46,0.0776355,0.0810228,-0.0844101,0.00338732,0,
dt,XAUUSD,server_day,5,0.5,2023-03-07,200,286,-1,1829.98,1813.47,32.04,0.511876,0.515293,-0.518711,0.00341773,0,
dt,XAUUSD,server_day,5,0.5,2023-03-10,199,286,1,1853.25,1868.04,44.78,0.327824,0.330281,-0.332739,0.00245755,0,
dt,XAUUSD,server_day,5,0.5,2023-03-13,213,286,1,1912.02,1913.69,58.71,0.0266432,0.0285301,-0.030417,0.0018869,0,
dt,XAUUSD,server_day,5,0.5,2023-03-17,186,286,1,1943.88,1984.73,48.21,0.845125,0.847438,-0.849751,0.0023128,0,
dt,XAUUSD,server_day,5,0.5,2023-03-23,259,286,1,2002.64,1993.51,69.91,-0.13227,-0.130668,0.129066,0.00160167,0,
dt,XAUUSD,server_day,5,0.5,2023-03-27,191,286,-1,1944.84,1955.78,63.47,-0.17404,-0.172286,0.170532,0.00175365,0,
dt,XAUUSD,server_day,5,0.5,2023-04-03,75,204,-1,1950.57,1981.91,31.34,-1.00356,-1,0.996441,0.00355863,0,
dt,XAUUSD,server_day,5,0.5,2023-04-03,204,286,1,1981.91,1983.94,31.34,0.0612074,0.0647735,-0.0683395,0.00356608,0,
dt,XAUUSD,server_day,5,0.5,2023-04-04,204,286,1,2002.42,2020.82,34.21,0.53443,0.537708,-0.540987,0.00327865,0,
dt,XAUUSD,server_day,5,0.5,2023-04-12,186,286,1,2023.39,2014.67,40.61,-0.217613,-0.214849,0.212084,0.0027645,0,
dt,XAUUSD,server_day,5,0.5,2023-04-13,186,286,1,2032.83,2040.6,36.87,0.207824,0.210876,-0.213928,0.00305164,0,
dt,XAUUSD,server_day,5,0.5,2023-04-14,208,286,-1,2010.61,2004.18,58.99,0.107186,0.109086,-0.110987,0.00190038,0,
dt,XAUUSD,server_day,5,0.5,2023-04-19,151,286,-1,1975.41,1994.93,59.42,-0.33039,-0.328509,0.326628,0.00188139,0,
dt,XAUUSD,server_day,5,0.5,2023-04-21,114,286,-1,1986.23,1983.01,35.52,0.0875061,0.0906532,-0.0938002,0.00314709,0,
dt,XAUUSD,server_day,5,0.5,2023-04-27,118,199,1,2002.78,1976.49,26.29,-1.00425,-1,0.995745,0.00425465,0,
dt,XAUUSD,server_day,5,0.5,2023-04-27,199,286,-1,1976.49,1987.5,26.29,-0.423231,-0.418981,0.41473,0.00425059,0,
dt,XAUUSD,server_day,5,0.5,2023-04-28,186,286,-1,1976.24,1989.27,22.37,-0.587696,-0.5827,0.577704,0.00499591,0,
dt,XAUUSD,server_day,5,0.5,2023-05-01,138,187,-1,1978.64,2001.01,22.37,-1.005,-1,0.995,0.00500034,0,
dt,XAUUSD,server_day,5,0.5,2023-05-01,187,286,1,2001.01,1981.67,22.37,-0.869776,-0.864774,0.859773,0.00500129,0,
dt,XAUUSD,server_day,5,0.5,2023-05-02,204,286,1,1995.38,2016.23,27.63,0.750739,0.754796,-0.758852,0.00405651,0,
dt,XAUUSD,server_day,5,0.5,2023-05-03,285,286,1,2037.24,2037.75,42.25,0.00843728,0.0119527,-0.015468,0.00351538,0,
dt,XAUUSD,server_day,5,0.5,2023-05-04,127,286,-1,2030.56,2050.37,61.6,-0.323418,-0.321591,0.319764,0.00182738,0,
dt,XAUUSD,server_day,5,0.5,2023-05-05,188,286,-1,2008.44,2016.47,81.15,-0.100273,-0.0988909,0.0975086,0.00138231,0,
dt,XAUUSD,server_day,5,0.5,2023-05-11,203,286,-1,2011.55,2014.55,36.5,-0.0852653,-0.0821918,0.0791183,0.0030735,0,
dt,XAUUSD,server_day,5,0.5,2023-05-16,223,286,-1,1997.68,1989.25,37.35,0.22284,0.225837,-0.228833,0.00299621,0,
dt,XAUUSD,server_day,5,0.5,2023-05-18,195,286,-1,1961.83,1957.36,40.82,0.106775,0.109505,-0.112235,0.0027299,0,
dt,XAUUSD,server_day,5,0.5,2023-05-24,226,286,-1,1962.12,1957.81,28.59,0.147029,0.150927,-0.154825,0.00389785,0,
dt,XAUUSD,server_day,5,0.5,2023-05-25,187,286,-1,1944.68,1940.21,27.39,0.159321,0.163381,-0.16744,0.00405967,0,
dt,XAUUSD,server_day,5,0.5,2023-06-01,222,286,1,1980.66,1977.76,34.56,-0.0878388,-0.083912,0.0799853,0.00392676,0,
dt,XAUUSD,server_day,5,0.5,2023-06-02,236,286,-1,1954.12,1947.98,45.75,0.131884,0.134317,-0.13675,0.00243311,0,
dt,XAUUSD,server_day,5,0.5,2023-06-07,232,286,-1,1943.3,1940.51,39.67,0.0674014,0.0702042,-0.073007,0.00280279,0,
dt,XAUUSD,server_day,5,0.5,2023-06-08,198,286,1,1961.52,1965.55,42.88,0.0913832,0.0939832,-0.0965832,0.00260003,0,
dt,XAUUSD,server_day,5,0.5,2023-06-13,258,286,-1,1940.82,1943.18,32.43,-0.0760465,-0.0726179,0.0691894,0.00342855,0,
dt,XAUUSD,server_day,5,0.5,2023-06-14,189,286,1,1958.39,1940.4,29.76,-0.608242,-0.604503,0.600763,0.00373963,0,
dt,XAUUSD,server_day,5,0.5,2023-06-15,182,234,-1,1927.28,1959.82,32.54,-1.00342,-1,0.996582,0.00341763,0,
dt,XAUUSD,server_day,5,0.5,2023-06-15,234,286,1,1959.82,1957.88,32.54,-0.0630431,-0.0596189,0.0561947,0.00342421,0,
dt,XAUUSD,server_day,5,0.5,2023-06-20,200,286,-1,1934.68,1935.65,33.29,-0.0323248,-0.0289877,0.0256506,0.00333711,0,
dt,XAUUSD,server_day,5,0.5,2023-06-21,200,286,-1,1919.82,1932.1,33.29,-0.372063,-0.368729,0.365396,0.00333324,0,
dt,XAUUSD,server_day,5,0.5,2023-06-22,221,286,-1,1913.95,1912.93,38.76,0.0234575,0.0263158,-0.0291741,0.00285831,0,
dt,XAUUSD,server_day,5,0.5,2023-07-07,186,286,1,1923.14,1925.35,24.26,0.084545,0.0910965,-0.097648,0.0065515,0,
dt,XAUUSD,server_day,5,0.5,2023-07-10,189,286,-1,1913.03,1925.32,24.26,-0.511165,-0.506595,0.502025,0.00457001,0,
dt,XAUUSD,server_day,5,0.5,2023-07-11,116,286,1,1937.42,1932.01,24.26,-0.230053,-0.223001,0.215949,0.00705219,0,
dt,XAUUSD,server_day,5,0.5,2023-07-12,187,286,1,1946.92,1957.82,29.35,0.367416,0.37121,-0.375003,0.0037933,0,
dt,XAUUSD,server_day,5,0.5,2023-07-18,171,286,1,1968.72,1978.52,28.14,0.344292,0.348259,-0.352226,0.00396698,0,
dt,XAUUSD,server_day,5,0.5,2023-07-27,190,286,-1,1959.43,1944.9,23.56,0.61047,0.616723,-0.622977,0.00625341,0,
dt,XAUUSD,server_day,5,0.5,2023-08-01,189,286,-1,1947.09,1944.18,37.3,0.0750338,0.0780161,-0.0809984,0.00298228,0,
dt,XAUUSD,server_day,5,0.5,2023-08-08,181,286,-1,1926.3,1924.72,20.49,0.0685233,0.0768668,-0.0852102,0.00834344,0,
dt,XAUUSD,server_day,5,0.5,2023-08-22,157,286,1,1903.79,1897.48,18.28,-0.351237,-0.345186,0.339135,0.00605081,0,
dt,XAUUSD,server_day,5,0.5,2023-08-23,185,286,1,1905.66,1914.86,15.61,0.581951,0.589045,-0.59614,0.00709441,0,
dt,XAUUSD,server_day,5,0.5,2023-08-29,205,286,1,1931.43,1937.83,22.35,0.28116,0.28613,-0.2911,0.00497024,0,
dt,XAUUSD,server_day,5,0.5,2023-09-12,163,286,-1,1915.49,1913.35,14.68,0.138229,0.145777,-0.153324,0.00754781,0,
dt,XAUUSD,server_day,5,0.5,2023-09-15,194,286,1,1921.92,1923.38,22.38,0.0602807,0.0652368,-0.0701929,0.00495608,0,
dt,XAUUSD,server_day,5,0.5,2023-09-21,183,286,-1,1917.78,1919.87,24.03,-0.0917962,-0.0871827,0.0825691,0.00461355,0,
dt,XAUUSD,server_day,5,0.5,2023-09-26,254,286,-1,1900.43,1900.36,31.55,-0.00112854,0.00237718,-0.0058829,0.00350572,0,
dt,XAUUSD,server_day,5,0.5,2023-09-27,202,286,-1,1885.2,1875.66,31.2,0.302233,0.305769,-0.309305,0.00353609,0,
dt,XAUUSD,server_day,5,0.5,2023-10-13,136,286,1,1883.86,1929.58,29.3,1.55499,1.56041,-1.00541,0.00541618,0,
dt,XAUUSD,server_day,5,0.5,2023-10-18,199,286,1,1954.68,1948.53,62.68,-0.0998935,-0.0981174,0.0963414,0.00177604,0,
dt,XAUUSD,server_day,5,0.5,2023-10-27,253,286,1,1999.33,2005.23,30.98,0.186829,0.190445,-0.194062,0.00361627,0,
dt,XAUUSD,server_day,5,0.5,2023-11-03,186,286,1,1999.85,1992.31,27.64,-0.276843,-0.272793,0.268743,0.00405011,0,
dt,XAUUSD,server_day,5,0.5,2023-11-06,275,286,-1,1977.62,1977.95,27.64,-0.0159801,-0.0119392,0.00789837,0.00404085,0,
dt,XAUUSD,server_day,5,0.5,2023-11-07,132,286,-1,1965.12,1968.67,26.08,-0.141317,-0.13612,0.130923,0.00519695,0,
dt,XAUUSD,server_day,5,0.5,2023-11-08,212,286,-1,1951.34,1949.95,35.64,0.035878,0.0390011,-0.0421243,0.00312315,0,
dt,XAUUSD,server_day,5,0.5,2023-11-10,238,286,-1,1936.61,1936.97,43.08,-0.0109358,-0.00835655,0.00577727,0.00257927,0,
dt,XAUUSD,server_day,5,0.5,2023-11-13,18,286,-1,1919.67,1946.01,41.31,-0.640185,-0.637497,0.634809,0.00268845,0,
dt,XAUUSD,server_day,5,0.5,2023-11-14,199,286,1,1965.62,1962.93,38.91,-0.071871,-0.0690054,0.0661398,0.00286558,0,
dt,XAUUSD,server_day,5,0.5,2023-11-16,201,286,1,1982.15,1981.07,43.54,-0.0273712,-0.0248048,0.0222383,0.00256643,0,
dt,XAUUSD,server_day,5,0.5,2023-11-21,184,286,1,1995.59,1998.48,34.08,0.0815153,0.0848005,-0.0880856,0.00328517,0,
dt,XAUUSD,server_day,5,0.5,2023-11-27,41,286,1,2017.73,2013.91,33.19,-0.118687,-0.114944,0.111202,0.00374274,0,
dt,XAUUSD,server_day,5,0.5,2023-11-28,221,286,1,2037.69,2040.93,48.62,0.0643243,0.0666392,-0.0689541,0.0023149,0,
dt,XAUUSD,server_day,5,0.5,2023-12-01,225,286,1,2059.59,2071.16,44.14,0.259562,0.262121,-0.264679,0.00255812,0,
dt,XAUUSD,server_day,5,0.5,2023-12-04,16,196,1,2104.06,2044.6,59.47,-1.00049,-1,0.999512,0.000488324,0,
dt,XAUUSD,server_day,5,0.5,2023-12-04,196,286,-1,2044.6,2029.86,59.47,0.24588,0.247772,-0.249664,0.00189207,0,
dt,XAUUSD,server_day,5,0.5,2023-12-11,202,286,-1,1986.73,1981.49,37.77,0.135907,0.138867,-0.141826,0.00295943,0,
dt,XAUUSD,server_day,5,0.5,2023-12-13,259,286,1,2010.17,2026.53,60.21,0.269768,0.271633,-0.273497,0.00186442,0,
dt,XAUUSD,server_day,5,0.5,2023-12-22,161,286,1,2062.17,2053.06,29.84,-0.30988,-0.305295,0.30071,0.00458467,0,
dt,XAUUSD,server_day,5,0.5,2024-01-02,139,286,1,2078.12,2058.94,25.81,-0.747693,-0.743317,0.73894,0.00437658,0,
dt,XAUUSD,server_day,5,0.5,2024-01-03,169,286,-1,2044.2,2041.04,29.44,0.103512,0.107337,-0.111162,0.00382462,0,
dt,XAUUSD,server_day,5,0.5,2024-01-05,206,286,1,2062.02,2045.7,37.83,-0.434516,-0.431536,0.428555,0.00298055,0,
dt,XAUUSD,server_day,5,0.5,2024-01-08,157,286,-1,2025.65,2028.04,37.83,-0.0660158,-0.0630452,0.0600747,0.00297055,0,
dt,XAUUSD,server_day,5,0.5,2024-01-12,151,286,1,2040.66,2048.87,22.87,0.353842,0.358767,-0.363692,0.00492465,0,
dt,XAUUSD,server_day,5,0.5,2024-01-16,170,286,-1,2035.74,2027.65,38.53,0.206918,0.209836,-0.212755,0.00291834,0,
dt,XAUUSD,server_day,5,0.5,2024-01-17,210,286,-1,2008.53,2005.87,38.53,0.0662574,0.0691669,-0.0720763,0.00290944,0,
dt,XAUUSD,server_day,5,0.5,2024-01-24,211,286,-1,2017.41,2012.62,23.71,0.197503,0.202235,-0.206968,0.00473261,0,
dt,XAUUSD,server_day,5,0.5,2024-01-29,189,286,1,2036.2,2032.03,25.12,-0.170481,-0.166003,0.161526,0.00447761,0,
dt,XAUUSD,server_day,5,0.5,2024-01-30,195,286,1,2045.16,2036.38,24.98,-0.355988,-0.351481,0.346975,0.00450644,0,
dt,XAUUSD,server_day,5,0.5,2024-01-31,201,286,1,2051.47,2037.42,30.04,-0.471459,-0.46771,0.463961,0.00374908,0,
dt,XAUUSD,server_day,5,0.5,2024-02-01,218,286,1,2058.82,2055.06,37.41,-0.103657,-0.100642,0.0976264,0.00301516,0,
dt,XAUUSD,server_day,5,0.5,2024-02-02,187,286,-1,2036.52,2038.64,35.81,-0.0624833,-0.059341,0.0561987,0.00314231,0,
dt,XAUUSD,server_day,5,0.5,2024-02-05,103,286,-1,2027.04,2024.89,28.97,0.0701635,0.0740421,-0.0779207,0.00387861,0,
dt,XAUUSD,server_day,5,0.5,2024-02-09,197,286,-1,2024.44,2024.3,20.77,0.0015724,0.00698122,-0.01239,0.00540882,0,
dt,XAUUSD,server_day,5,0.5,2024-02-12,195,286,-1,2016.54,2019.82,20.28,-0.167271,-0.161736,0.1562,0.00553523,0,
dt,XAUUSD,server_day,5,0.5,2024-02-13,186,189,1,2032.06,2007.3,24.76,-1.00114,-1,0.998858,0.00114198,0,
dt,XAUUSD,server_day,5,0.5,2024-02-13,189,286,-1,2007.3,1992.41,24.76,0.59685,0.601373,-0.605897,0.00452334,0,
dt,XAUUSD,server_day,5,0.5,2024-02-23,228,286,1,2039.46,2035.81,30.19,-0.124794,-0.121067,0.117339,0.00372729,0,
dt,XAUUSD,server_day,5,0.5,2024-02-29,189,286,1,2045.15,2043.48,19.79,-0.0933613,-0.0846387,0.0759161,0.00872261,0,
dt,XAUUSD,server_day,5,0.5,2024-03-01,151,286,1,2053.74,2083.54,20.76,1.42654,1.43545,-1.00891,0.00890949,0,
dt,XAUUSD,server_day,5,0.5,2024-03-04,218,286,1,2112.39,2115.16,59.05,0.0449011,0.0468247,-0.0487484,0.00192367,0,
dt,XAUUSD,server_day,5,0.5,2024-03-12,264,286,-1,2152.37,2158.39,59.12,-0.104976,-0.101827,0.0986777,0.00314911,0,
dt,XAUUSD,server_day,5,0.5,2024-03-13,242,286,1,2177.86,2174.63,38.66,-0.0883722,-0.0835489,0.0787256,0.00482327,0,
dt,XAUUSD,server_day,5,0.5,2024-03-14,223,286,-1,2155.7,2162.04,36.77,-0.176373,-0.172287,0.168202,0.00408551,0,
dt,XAUUSD,server_day,5,0.5,2024-03-20,252,286,1,2168.34,2185.75,20.87,0.828966,0.834451,-0.839937,0.00548532,0,
dt,XAUUSD,server_day,5,0.5,2024-03-21,15,221,1,2206.97,2167.27,39.7,-1.00712,-1,0.992881,0.00711888,0,
dt,XAUUSD,server_day,5,0.5,2024-03-21,221,286,-1,2167.27,2180.78,39.7,-0.344696,-0.340302,0.335908,0.00439386,0,
dt,XAUUSD,server_day,5,0.5,2024-03-28,163,286,1,2210.85,2229.47,37.67,0.488503,0.494425,-0.500347,0.00592201,0,
dt,XAUUSD,server_day,5,0.5,2024-04-05,223,286,1,2327.43,2328.89,71.33,0.0179224,0.0203981,-0.0228739,0.00247574,0,
dt,XAUUSD,server_day,5,0.5,2024-04-11,284,286,1,2377.31,2377.09,85.97,-0.00470258,-0.00250087,0.000299165,0.00220171,0,
dt,XAUUSD,server_day,5,0.5,2024-04-12,206,260,1,2411.06,2336.82,74.23,-1.0032,-1,0.996804,0.00319595,0,
dt,XAUUSD,server_day,5,0.5,2024-04-12,260,286,-1,2336.82,2343.85,74.23,-0.0981512,-0.0946383,0.0911254,0.00351293,0,
dt,XAUUSD,server_day,5,0.5,2024-04-19,54,286,1,2409.08,2390.33,59.09,-0.322264,-0.317228,0.312192,0.00503631,0,
dt,XAUUSD,server_day,5,0.5,2024-04-22,104,286,-1,2360.96,2327.91,46.74,0.700753,0.707103,-0.713454,0.00635049,0,
dt,XAUUSD,server_day,5,0.5,2024-04-30,126,286,-1,2316.8,2285.74,38.4,0.805203,0.808854,-0.812506,0.0036515,0,
dt,XAUUSD,server_day,5,0.5,2024-05-01,260,286,1,2321.56,2319.86,66.74,-0.0295548,-0.025472,0.0213891,0.00408286,0,
dt,XAUUSD,server_day,5,0.5,2024-05-02,194,286,-1,2286.89,2302.85,66.74,-0.241956,-0.239137,0.236318,0.00281882,0,
dt,XAUUSD,server_day,5,0.5,2024-05-06,189,286,1,2327.59,2325.49,50.55,-0.0454119,-0.0414441,0.0374763,0.00396778,0,
dt,XAUUSD,server_day,5,0.5,2024-05-09,206,286,1,2334.2,2345.05,48.18,0.22103,0.225197,-0.229364,0.00416677,0,
dt,XAUUSD,server_day,5,0.5,2024-05-10,145,286,1,2372.28,2360.25,53.24,-0.22951,-0.225958,0.222406,0.00355236,0,
dt,XAUUSD,server_day,5,0.5,2024-05-15,220,286,1,2384.05,2386.94,53.7,0.0493967,0.0538175,-0.0582383,0.0044208,0,
dt,XAUUSD,server_day,5,0.5,2024-05-17,212,286,1,2408.75,2415.56,61.42,0.108568,0.110876,-0.113184,0.00230821,0,
dt,XAUUSD,server_day,5,0.5,2024-05-22,209,286,-1,2384.3,2378.49,73.83,0.0768476,0.078762,-0.0806764,0.00191439,0,
dt,XAUUSD,server_day,5,0.5,2024-05-23,210,286,-1,2343.61,2327.89,71.52,0.217328,0.219799,-0.222269,0.00247064,0,
dt,XAUUSD,server_day,5,0.5,2024-05-31,245,286,-1,2324.62,2329.44,37.75,-0.135406,-0.12755,0.119693,0.00785638,0,
dt,XAUUSD,server_day,5,0.5,2024-06-03,236,286,1,2348.53,2350.29,39.71,0.0393883,0.0444472,-0.0495062,0.00505897,0,
dt,XAUUSD,server_day,5,0.5,2024-06-04,140,286,-1,2333.56,2326.66,35.56,0.188059,0.194038,-0.200017,0.00597923,0,
dt,XAUUSD,server_day,5,0.5,2024-06-05,203,286,1,2345.83,2354.05,35.56,0.223147,0.231159,-0.23917,0.00801179,0,
dt,XAUUSD,server_day,5,0.5,2024-06-06,222,286,1,2375.35,2373.46,39.32,-0.0556267,-0.0480671,0.0405076,0.00755955,0,
dt,XAUUSD,server_day,5,0.5,2024-06-07,139,286,-1,2346.98,2294.02,58.73,0.897438,0.901669,-1.00423,0.00423101,0,
dt,XAUUSD,server_day,5,0.5,2024-06-14,155,286,1,2322.6,2332.18,37.74,0.245983,0.253842,-0.261701,0.0078586,0,
dt,XAUUSD,server_day,5,0.5,2024-06-17,223,286,-1,2312.26,2318.72,37.74,-0.178707,-0.171171,0.163635,0.00753622,0,
dt,XAUUSD,server_day,5,0.5,2024-06-20,202,286,1,2347.54,2358.9,36.64,0.303249,0.310044,-0.316838,0.00679435,0,
dt,XAUUSD,server_day,5,0.5,2024-06-21,209,286,-1,2330.28,2321.36,57.44,0.150547,0.155292,-0.160038,0.00474515,0,
dt,XAUUSD,server_day,5,0.5,2024-06-26,198,286,-1,2295,2297.83,49.88,-0.062914,-0.0567362,0.0505583,0.00617782,0,
dt,XAUUSD,server_day,5,0.5,2024-07-03,157,286,1,2347.95,2356.12,35.51,0.223601,0.229935,-0.236269,0.00633423,0,
dt,XAUUSD,server_day,5,0.5,2024-07-05,194,286,1,2376.53,2391.1,39.42,0.362674,0.369609,-0.376544,0.00693489,0,
dt,XAUUSD,server_day,5,0.5,2024-07-08,225,286,-1,2353.14,2358.44,72.61,-0.0768487,-0.0729238,0.068999,0.00392482,0,
dt,XAUUSD,server_day,5,0.5,2024-07-11,186,286,1,2392.7,2413.92,41.71,0.501783,0.508631,-0.515479,0.00684839,0,
dt,XAUUSD,server_day,5,0.5,2024-07-16,217,286,1,2456.38,2468.83,68.82,0.177965,0.180907,-0.183849,0.00294212,0,
dt,XAUUSD,server_day,5,0.5,2024-07-19,157,286,-1,2411,2398.46,67.52,0.182381,0.185723,-0.189065,0.00334221,0,
dt,XAUUSD,server_day,5,0.5,2024-07-25,56,286,-1,2373.32,2363.34,48.64,0.199318,0.205181,-0.211044,0.00586259,0,
dt,XAUUSD,server_day,5,0.5,2024-07-31,268,286,1,2439.64,2447.02,57.51,0.123471,0.128239,-0.133007,0.00476798,0,
dt,XAUUSD,server_day,5,0.5,2024-08-05,168,286,-1,2405.05,2409.72,70.52,-0.0697632,-0.0662223,0.0626815,0.00354089,0,
dt,XAUUSD,server_day,5,0.5,2024-08-12,201,286,1,2455.36,2471.9,54.39,0.299623,0.304008,-0.308393,0.00438483,0,
dt,XAUUSD,server_day,5,0.5,2024-08-16,190,286,1,2479.89,2508.2,48.09,0.582867,0.588584,-0.594301,0.00571671,0,
dt,XAUUSD,server_day,5,0.5,2024-08-22,206,286,-1,2479.64,2484.2,65.01,-0.0742616,-0.07022,0.0661783,0.00404164,0,
dt,XAUUSD,server_day,5,0.5,2024-08-23,204,286,1,2508.98,2510.92,47.41,0.0367404,0.0410251,-0.0453098,0.00428473,0,
dt,XAUUSD,server_day,5,0.5,2024-08-28,182,286,-1,2498.45,2504.52,53.53,-0.117318,-0.113301,0.109284,0.00401683,0,
dt,XAUUSD,server_day,5,0.5,2024-08-29,239,286,1,2526.14,2521.07,40.04,-0.1329,-0.126623,0.120346,0.00627698,0,
dt,XAUUSD,server_day,5,0.5,2024-08-30,217,286,-1,2505.36,2503.28,30.62,0.0597302,0.0679295,-0.0761287,0.00819923,0,
dt,XAUUSD,server_day,5,0.5,2024-09-03,199,286,-1,2484,2492.12,30.62,-0.27181,-0.265186,0.258562,0.00662419,0,
dt,XAUUSD,server_day,5,0.5,2024-09-05,184,286,1,2519.89,2516.42,49.24,-0.0750864,-0.0704712,0.0658559,0.00461523,0,
dt,XAUUSD,server_day,5,0.5,2024-09-06,231,286,-1,2493.93,2496.78,44.59,-0.069162,-0.0638035,0.0584451,0.00535849,0,
dt,XAUUSD,server_day,5,0.5,2024-09-12,188,286,1,2528.45,2559.11,32.33,0.939666,0.948191,-0.956716,0.00852499,0,
dt,XAUUSD,server_day,5,0.5,2024-09-19,125,286,1,2580.12,2587.07,42.48,0.158235,0.163606,-0.168978,0.00537124,0,
dt,XAUUSD,server_day,5,0.5,2024-09-20,121,286,1,2607.63,2621.92,42.48,0.33073,0.336394,-0.342058,0.005664,0,
dt,XAUUSD,server_day,5,0.5,2024-09-30,166,286,-1,2636.65,2633.4,49.9,0.0603028,0.0651303,-0.0699577,0.00482746,0,
dt,XAUUSD,server_day,5,0.5,2024-10-01,198,286,1,2659.62,2662.69,52.14,0.0542529,0.0588799,-0.063507,0.00462708,0,
dt,XAUUSD,server_day,5,0.5,2024-10-03,204,286,-1,2638.38,2656.16,40.84,-0.442435,-0.435357,0.42828,0.00707791,0,
dt,XAUUSD,server_day,5,0.5,2024-10-04,191,286,-1,2636.03,2652.45,39.71,-0.419744,-0.413372,0.407,0.00637168,0,
dt,XAUUSD,server_day,5,0.5,2024-10-08,209,286,-1,2628.28,2621.06,27.43,0.252434,0.263398,-0.274362,0.0109641,0,
dt,XAUUSD,server_day,5,0.5,2024-10-11,212,286,1,2654.36,2656.93,51.78,0.0456705,0.0496331,-0.0535956,0.00396252,0,
dt,XAUUSD,server_day,5,0.5,2024-10-18,212,286,1,2719.95,2721.42,53.96,0.0234231,0.0272424,-0.0310617,0.0038193,0,
dt,XAUUSD,server_day,5,0.5,2024-10-23,218,286,-1,2709.49,2715.71,75.12,-0.0857026,-0.0828009,0.0798991,0.00290171,0,
dt,XAUUSD,server_day,5,0.5,2024-10-29,201,286,1,2762.63,2773.63,42.7,0.251364,0.257611,-0.263858,0.00624716,0,
dt,XAUUSD,server_day,5,0.5,2024-10-31,204,286,-1,2750.96,2744.16,70.68,0.092608,0.0962083,-0.0998085,0.00360025,0,
dt,XAUUSD,server_day,5,0.5,2024-11-06,102,286,-1,2715.32,2659.28,55.39,1.00273,1.01164,-1.00891,0.00891176,0,
dt,XAUUSD,server_day,5,0.5,2024-11-11,192,286,-1,2633.07,2620.15,100.58,0.125584,0.128455,-0.131326,0.00287107,0,
dt,XAUUSD,server_day,5,0.5,2024-11-18,186,286,1,2600.77,2612.11,65.61,0.168366,0.172763,-0.17716,0.00439705,0,
dt,XAUUSD,server_day,5,0.5,2024-11-25,65,286,-1,2659.73,2625.23,102.35,0.333483,0.337128,-0.340772,0.00364431,0,
dt,XAUUSD,server_day,5,0.5,2024-12-05,206,286,-1,2635.14,2631.86,27.76,0.108614,0.118156,-0.127697,0.00954139,0,
dt,XAUUSD,server_day,5,0.5,2024-12-06,38,286,-1,2617.94,2632.74,27.76,-0.545704,-0.533141,0.520578,0.0125632,0,
dt,XAUUSD,server_day,5,0.5,2024-12-09,187,286,1,2661.15,2658.62,36.11,-0.079209,-0.0702022,0.0611953,0.00900688,0,
dt,XAUUSD,server_day,5,0.5,2024-12-10,195,286,1,2683.42,2693.56,45.14,0.219016,0.224634,-0.230253,0.00561894,0,
dt,XAUUSD,server_day,5,0.5,2024-12-18,263,286,-1,2606.39,2587.7,80.58,0.226578,0.231943,-0.237309,0.00536558,0,
dt,XAUUSD,server_day,5,0.5,2024-12-30,219,286,-1,2599.17,2606.04,44.63,-0.162972,-0.15382,0.144669,0.00915161,0,
dt,XAUUSD,server_day,5,0.5,2024-12-31,214,286,1,2624.9,2623.98,38.15,-0.0346984,-0.0239843,0.0132702,0.0107141,0,
dt,XAUUSD,server_day,5,0.5,2025-01-02,148,286,1,2644.11,2657.07,38.15,0.330744,0.339581,-0.348417,0.00883639,0,
dt,XAUUSD,server_day,5,0.5,2025-01-07,190,286,1,2662.97,2649.49,54.6,-0.254381,-0.246886,0.239392,0.00749427,0,
dt,XAUUSD,server_day,5,0.5,2025-01-08,226,286,1,2669.61,2661.79,42.41,-0.191896,-0.184508,0.17712,0.00738788,0,
dt,XAUUSD,server_day,5,0.5,2025-01-13,215,286,-1,2661.22,2662.24,56.51,-0.0241066,-0.0181384,0.0121702,0.00596822,0,
dt,XAUUSD,server_day,5,0.5,2025-01-15,192,286,1,2694.47,2695.37,35.51,0.015975,0.0254858,-0.0349966,0.00951081,0,
dt,XAUUSD,server_day,5,0.5,2025-01-16,189,286,1,2715.62,2713.58,38.71,-0.0609921,-0.0525704,0.0441487,0.00842171,0,
dt,XAUUSD,server_day,5,0.5,2025-01-21,201,286,1,2734.78,2744.79,53.75,0.179845,0.18614,-0.192435,0.00629501,0,
dt,XAUUSD,server_day,5,0.5,2025-01-24,208,286,1,2784.65,2770.82,61.61,-0.229863,-0.224558,0.219252,0.00530577,0,
dt,XAUUSD,server_day,5,0.5,2025-01-27,230,286,-1,2731.56,2741,68.23,-0.143387,-0.138429,0.13347,0.00495835,0,
dt,XAUUSD,server_day,5,0.5,2025-01-28,249,286,1,2763.38,2763.24,44.89,-0.0105522,-0.00300735,-0.00453745,0.00754481,0,
dt,XAUUSD,server_day,5,0.5,2025-01-30,176,286,1,2780.78,2793.26,44.89,0.270884,0.277902,-0.284919,0.00701756,0,
dt,XAUUSD,server_day,5,0.5,2025-02-10,105,286,1,2890.43,2907.42,58.01,0.287509,0.292967,-0.298424,0.00545742,0,
dt,XAUUSD,server_day,5,0.5,2025-02-14,210,286,-1,2893.69,2882.91,68.81,0.152486,0.156736,-0.160986,0.00424991,0,
dt,XAUUSD,server_day,5,0.5,2025-02-18,224,286,1,2931.41,2935.44,64.94,0.0575444,0.0620573,-0.0665702,0.0045129,0,
dt,XAUUSD,server_day,5,0.5,2025-02-25,77,286,-1,2935.48,2915.04,34.69,0.5789,0.589075,-1.01017,0.0101745,0,
dt,XAUUSD,server_day,5,0.5,2025-02-27,125,286,-1,2883.99,2877.17,63.15,0.103447,0.108076,-0.112705,0.00462911,0,
dt,XAUUSD,server_day,5,0.5,2025-02-28,203,286,-1,2834.68,2858.42,83.64,-0.287612,-0.283835,0.280059,0.00377632,0,
dt,XAUUSD,server_day,5,0.5,2025-03-10,240,286,-1,2893.95,2888.09,36.62,0.150397,0.160022,-0.169647,0.00962519,0,
dt,XAUUSD,server_day,5,0.5,2025-03-11,142,286,1,2910.46,2915.85,42.26,0.121184,0.127544,-0.133904,0.00636025,0,
dt,XAUUSD,server_day,5,0.5,2025-03-12,229,286,1,2936.32,2932.56,42.26,-0.0967601,-0.088973,0.0811859,0.00778708,0,
dt,XAUUSD,server_day,5,0.5,2025-03-13,212,286,1,2961.16,2987.91,52.38,0.504398,0.510691,-0.516984,0.00629331,0,
dt,XAUUSD,server_day,5,0.5,2025-03-21,201,286,-1,3012.68,3022.95,64.44,-0.164684,-0.159373,0.154062,0.00531113,0,
dt,XAUUSD,server_day,5,0.5,2025-03-25,205,286,1,3035.17,3020.4,47.28,-0.319128,-0.312394,0.30566,0.00673412,0,
dt,XAUUSD,server_day,5,0.5,2025-03-27,89,286,1,3037.13,3056.3,33.6,0.560695,0.570536,-0.580377,0.00984089,0,
dt,XAUUSD,server_day,5,0.5,2025-03-28,114,286,1,3082.9,3084.93,53.92,0.0319515,0.0376484,-0.0433452,0.00569686,0,
dt,XAUUSD,server_day,5,0.5,2025-04-03,167,286,-1,3091.55,3116.29,76.79,-0.326116,-0.322112,0.318108,0.00400384,0,
dt,XAUUSD,server_day,5,0.5,2025-04-04,188,286,-1,3076.05,3037.5,76.67,0.498268,0.502739,-0.50721,0.00447104,0,
dt,XAUUSD,server_day,5,0.5,2025-04-07,241,286,-1,2962.82,2983.64,130.06,-0.162614,-0.16008,0.157546,0.00253441,0,
dt,XAUUSD,server_day,5,0.5,2025-04-09,199,286,1,3075.55,3079.28,185.65,0.0183998,0.0201185,-0.0218372,0.00171874,0,
dt,XAUUSD,server_day,5,0.5,2025-04-10,216,286,1,3157.52,3172.54,154.52,0.0952866,0.0972042,-0.0991219,0.00191762,0,
dt,XAUUSD,server_day,5,0.5,2025-04-16,135,286,1,3312.26,3340.77,162.92,0.172867,0.174994,-0.177121,0.00212725,0,
dt,XAUUSD,server_day,5,0.5,2025-04-21,179,286,1,3405.38,3424.67,147.04,0.128905,0.131189,-0.133473,0.0022838,0,
dt,XAUUSD,server_day,5,0.5,2025-04-30,154,286,-1,3276.38,3290.31,82.42,-0.172628,-0.169012,0.165397,0.00361522,0,
dt,XAUUSD,server_day,5,0.5,2025-05-01,40,286,-1,3245.13,3237.3,80.34,0.0937593,0.0974608,-0.101162,0.00370148,0,
dt,XAUUSD,server_day,5,0.5,2025-05-05,148,286,1,3296.85,3331.26,116.48,0.292854,0.295416,-0.297977,0.00256179,0,
dt,XAUUSD,server_day,5,0.5,2025-05-06,206,286,1,3398,3430.14,129.34,0.246174,0.248492,-0.25081,0.0023179,0,
dt,XAUUSD,server_day,5,0.5,2025-05-12,164,286,-1,3210.73,3235.04,155.54,-0.158359,-0.156294,0.15423,0.00206455,0,
dt,XAUUSD,server_day,5,0.5,2025-05-16,166,286,-1,3176.51,3201.87,130.31,-0.197112,-0.194651,0.192191,0.00246066,0,
dt,XAUUSD,server_day,5,0.5,2025-05-20,247,286,1,3286.19,3290.04,116.35,0.030279,0.0330468,-0.0358146,0.0027678,0,
dt,XAUUSD,server_day,5,0.5,2025-05-23,181,286,1,3354.66,3358.91,114.66,0.0339352,0.0370661,-0.0401971,0.00313095,0,
dt,XAUUSD,server_day,5,0.5,2025-05-29,49,230,-1,3249.44,3329.12,79.69,-1.00479,-1,0.995206,0.0047942,0,
dt,XAUUSD,server_day,5,0.5,2025-05-29,230,286,1,3329.12,3317.69,79.69,-0.147691,-0.143494,0.139296,0.00419786,0,
dt,XAUUSD,server_day,5,0.5,2025-06-02,115,286,1,3339.2,3381.67,72.22,0.583591,0.588064,-0.592537,0.00447308,0,
dt,XAUUSD,server_day,5,0.5,2025-06-06,254,286,-1,3315.11,3311.35,81.49,0.0418041,0.046202,-0.0505999,0.0043979,0,
dt,XAUUSD,server_day,5,0.5,2025-06-12,187,286,1,3389.71,3385.29,64.14,-0.0747026,-0.0689118,0.0631209,0.00579085,0,
dt,XAUUSD,server_day,5,0.5,2025-06-13,52,286,1,3429.8,3432.75,91.94,0.0283007,0.0320861,-0.0358716,0.00378549,0,
dt,XAUUSD,server_day,5,0.5,2025-06-24,36,286,-1,3333.89,3322.91,49.43,0.212349,0.222031,-0.231713,0.00968233,0,
dt,XAUUSD,server_day,5,0.5,2025-06-27,115,286,-1,3288.49,3274.49,73.43,0.186342,0.190726,-0.19511,0.00438432,0,
dt,XAUUSD,server_day,5,0.5,2025-07-01,152,286,1,3345.53,3339.22,83.18,-0.0794517,-0.0758596,0.0722675,0.00359213,0,
dt,XAUUSD,server_day,5,0.5,2025-07-08,204,286,-1,3310.95,3300.21,59.4,0.175787,0.180808,-0.18583,0.00502152,0,
dt,XAUUSD,server_day,5,0.5,2025-07-11,187,286,1,3352.6,3357.23,54.18,0.0799378,0.0854559,-0.090974,0.00551807,0,
dt,XAUUSD,server_day,5,0.5,2025-07-16,217,286,1,3351.44,3347.45,50.78,-0.0856418,-0.0785742,0.0715067,0.00706759,0,
dt,XAUUSD,server_day,5,0.5,2025-07-17,155,286,-1,3324.7,3337.56,51.99,-0.254811,-0.247451,0.240092,0.0073598,0,
dt,XAUUSD,server_day,5,0.5,2025-07-21,179,286,1,3374.72,3396.94,51.99,0.421535,0.427294,-0.433053,0.00575883,0,
dt,XAUUSD,server_day,5,0.5,2025-07-25,224,286,-1,3327.3,3336.35,83.98,-0.11132,-0.107764,0.104208,0.00355615,0,
dt,XAUUSD,server_day,5,0.5,2025-07-30,223,286,-1,3288.79,3274.71,77.58,0.177495,0.18149,-0.185485,0.00399516,0,
dt,XAUUSD,server_day,5,0.5,2025-08-01,186,286,1,3326.79,3362.17,70.54,0.495962,0.501559,-0.507157,0.00559715,0,
dt,XAUUSD,server_day,5,0.5,2025-08-08,50,286,-1,3382.24,3397.48,50.69,-0.307644,-0.300552,0.293461,0.0070913,0,
dt,XAUUSD,server_day,5,0.5,2025-08-11,49,286,-1,3376.62,3343.6,47.7,0.683458,0.692243,-0.701028,0.00878494,0,
dt,XAUUSD,server_day,5,0.5,2025-08-18,91,286,1,3354.45,3332.54,39.76,-0.558572,-0.551056,0.543541,0.00751532,0,
dt,XAUUSD,server_day,5,0.5,2025-08-20,200,286,1,3346.07,3348.18,59.49,0.0303604,0.0353841,-0.0404078,0.0050237,0,
dt,XAUUSD,server_day,5,0.5,2025-08-21,164,286,-1,3329.47,3338.16,43.09,-0.209879,-0.201555,0.193231,0.00832382,0,
dt,XAUUSD,server_day,5,0.5,2025-08-22,207,286,1,3361.51,3371.48,43.09,0.222647,0.23126,-0.239873,0.00861293,0,
dt,XAUUSD,server_day,5,0.5,2025-08-29,239,286,1,3448.95,3447.29,65.26,-0.0300379,-0.0254367,0.0208355,0.00460119,0,
dt,XAUUSD,server_day,5,0.5,2025-09-02,229,286,1,3523.91,3535.57,96.05,0.118309,0.121447,-0.124585,0.00313812,0,
dt,XAUUSD,server_day,5,0.5,2025-09-15,221,286,1,3667.36,3680.69,45.46,0.28655,0.293225,-0.2999,0.0066748,0,
dt,XAUUSD,server_day,5,0.5,2025-09-17,252,286,-1,3651.3,3658.76,80.11,-0.0969688,-0.0931844,0.0893999,0.00378443,0,
dt,XAUUSD,server_day,5,0.5,2025-09-19,249,286,1,3675.85,3684.29,65.5,0.124221,0.128855,-0.133489,0.00463391,0,
dt,XAUUSD,server_day,5,0.5,2025-09-22,139,286,1,3719.95,3747.8,64.14,0.429463,0.434206,-0.43895,0.00474391,0,
dt,XAUUSD,server_day,5,0.5,2025-09-29,64,286,1,3792.08,3830.92,55.12,0.698669,0.704644,-0.71062,0.00597534,0,
dt,XAUUSD,server_day,5,0.5,2025-10-06,90,286,1,3934.41,3960.11,92.47,0.275178,0.277982,-0.280786,0.00280374,0,
dt,XAUUSD,server_day,5,0.5,2025-10-13,97,286,1,4061.93,4111.07,103.59,0.47097,0.474418,-0.477867,0.00344832,0,
dt,XAUUSD,server_day,5,0.5,2025-10-20,275,286,1,4377.52,4357.11,235.25,-0.0879666,-0.0867375,0.0855084,0.00122909,0,
dt,XAUUSD,server_day,5,0.5,2025-10-21,134,286,-1,4257.95,4127.22,216.47,0.602459,0.603894,-0.60533,0.00143529,0,
dt,XAUUSD,server_day,5,0.5,2025-10-28,140,286,-1,3900.76,3953.98,175.27,-0.3053,-0.303617,0.301934,0.00168302,0,
dt,XAUUSD,server_day,5,0.5,2025-11-04,198,286,-1,3948.58,3931.93,112.38,0.144998,0.148158,-0.151318,0.00316038,0,
dt,XAUUSD,server_day,5,0.5,2025-11-10,72,286,1,4054.22,4115.65,95.47,0.640513,0.643501,-0.646488,0.00298721,0,
dt,XAUUSD,server_day,5,0.5,2025-11-14,183,286,-1,4079.7,4079.39,194.48,-0.000242254,0.00159399,-0.00343024,0.00183625,0,
dt,XAUUSD,server_day,5,0.5,2025-11-21,102,286,-1,4029.48,4065.69,88.29,-0.415173,-0.410182,0.405191,0.00499112,0,
dt,XAUUSD,server_day,5,0.5,2025-11-24,247,286,1,4109.19,4139.56,83.6,0.359716,0.363278,-0.366839,0.0035615,0,
dt,XAUUSD,server_day,5,0.5,2025-12-05,202,286,1,4243.37,4196.86,68.94,-0.679331,-0.674645,0.669958,0.00468642,0,
dt,XAUUSD,server_day,5,0.5,2025-12-11,225,286,1,4263.11,4282.98,70.33,0.277338,0.282454,-0.28757,0.0051162,0,
dt,XAUUSD,server_day,5,0.5,2025-12-12,159,286,1,4339.2,4302.74,113.06,-0.325248,-0.322484,0.31972,0.00276396,0,
dt,XAUUSD,server_day,5,0.5,2025-12-22,43,286,1,4376.15,4445.53,70.93,0.973146,0.978077,-1.00493,0.00493094,0,
dt,XAUUSD,server_day,5,0.5,2025-12-29,188,286,-1,4429.18,4332.35,222.27,0.43393,0.435664,-0.437397,0.00173362,0,
dt,XAUUSD,server_day,5,0.5,2026-01-12,30,286,1,4572.43,4593.75,102.56,0.204328,0.207878,-0.211429,0.00355073,0,
dt,XAUUSD,server_day,5,0.5,2026-01-16,209,286,-1,4568.77,4594.61,99.67,-0.263682,-0.259306,0.25493,0.00437588,0,
dt,XAUUSD,server_day,5,0.5,2026-01-20,95,286,1,4710.62,4763.32,84.07,0.622299,0.626799,-0.631299,0.00450003,0,
dt,XAUUSD,server_day,5,0.5,2026-01-21,90,286,1,4875.42,4836.52,226.68,-0.173601,-0.171608,0.169614,0.00199393,0,
dt,XAUUSD,server_day,5,0.5,2026-01-27,274,286,1,5171.83,5189.31,274.44,0.0619424,0.0636933,-0.0654443,0.00175094,0,
dt,XAUUSD,server_day,5,0.5,2026-01-28,272,286,1,5390.81,5399.72,417.05,0.0204183,0.0213763,-0.0223343,0.000957999,0,
dt,XAUUSD,server_day,5,0.5,2026-01-29,209,286,-1,5190.59,5393.99,499.95,-0.407699,-0.406831,0.405962,0.000868271,0,
dt,XAUUSD,server_day,5,0.5,2026-01-30,52,286,-1,5127.78,4863.57,583.37,0.450837,0.452912,-0.454986,0.00207405,0,
dt,XAUUSD,server_day,5,0.5,2026-02-02,100,286,-1,4457.89,4664.12,734.51,-0.281718,-0.280765,0.279813,0.000952818,0,
dt,XAUUSD,server_day,5,0.5,2026-02-12,221,286,-1,4881.43,4919.66,427.78,-0.0907069,-0.0893684,0.0880298,0.00133856,0,
dt,XAUUSD,server_day,5,0.5,2026-02-13,75,286,1,4991.81,5042.78,200.29,0.251519,0.254506,-0.257493,0.00298688,0,
dt,XAUUSD,server_day,5,0.5,2026-02-17,87,286,-1,4898.06,4877.64,200.29,0.0988295,0.101927,-0.105025,0.00309766,0,
dt,XAUUSD,server_day,5,0.5,2026-02-18,202,286,1,4991.28,4979.28,241.2,-0.0517819,-0.0497512,0.0477206,0.00203065,0,
dt,XAUUSD,server_day,5,0.5,2026-02-20,285,286,1,5102.19,5103.59,200.75,0.00407253,0.00699875,-0.00992498,0.00292623,0,
dt,XAUUSD,server_day,5,0.5,2026-02-27,218,286,1,5250.7,5277.51,137.71,0.190976,0.194648,-0.19832,0.00367219,0,
dt,XAUUSD,server_day,5,0.5,2026-03-02,216,286,-1,5266.16,5327.04,183.99,-0.337003,-0.33086,0.324718,0.00614247,0,
dt,XAUUSD,server_day,5,0.5,2026-03-03,157,286,-1,5220.66,5087.21,248.2,0.534335,0.537671,-0.541008,0.00333664,0,
dt,XAUUSD,server_day,5,0.5,2026-03-10,195,286,1,5205.5,5195.62,156.16,-0.0683453,-0.0632684,0.0581915,0.00507689,0,
dt,XAUUSD,server_day,5,0.5,2026-03-12,264,286,-1,5087.01,5080.63,180.86,0.0307023,0.0352759,-0.0398495,0.00457356,0,
dt,XAUUSD,server_day,5,0.5,2026-03-18,182,286,-1,4906.34,4825.37,188.67,0.425276,0.429136,-0.432995,0.00385924,0,
dt,XAUUSD,server_day,5,0.5,2026-03-19,160,286,-1,4673.85,4657.62,302.7,0.0511816,0.0536174,-0.0560533,0.00243581,0,
dt,XAUUSD,server_day,5,0.5,2026-03-23,116,286,-1,4201.41,4412.09,547.05,-0.38649,-0.385129,0.383769,0.00136056,0,
dt,XAUUSD,server_day,5,0.5,2026-03-31,56,286,1,4617.7,4667.83,200.82,0.245299,0.249627,-0.253954,0.00432725,0,
dt,XAUUSD,server_day,5,0.5,2026-04-02,109,286,-1,4565.75,4670.6,387.05,-0.272656,-0.270908,0.26916,0.00174824,0,
dt,XAUUSD,server_day,5,0.5,2026-04-08,36,286,1,4848.58,4719.86,208.44,-0.621315,-0.61754,0.613764,0.00377557,0,
dt,XAUUSD,server_day,5,0.5,2026-04-13,245,286,1,4747.94,4738.91,157.4,-0.0615274,-0.0573698,0.0532121,0.00415761,0,
dt,XAUUSD,server_day,5,0.5,2026-04-14,210,286,1,4814.59,4840.95,137.36,0.187306,0.191904,-0.196503,0.00459805,0,
dt,XAUUSD,server_day,5,0.5,2026-04-20,197,286,1,4824.31,4816.78,102.04,-0.0806888,-0.0737946,0.0669004,0.00689423,0,
dt,XAUUSD,server_day,5,0.5,2026-04-21,120,286,-1,4774.1,4712.96,102.04,0.592764,0.599177,-1.00641,0.00641326,0,
dt,XAUUSD,server_day,5,0.5,2026-04-28,104,286,-1,4636.15,4593.06,92.35,0.459062,0.466649,-0.474235,0.00758641,0,
dt,XAUUSD,server_day,5,0.5,2026-04-29,200,286,-1,4518.24,4541.81,160.33,-0.150517,-0.146978,0.143439,0.00353908,0,
dt,XAUUSD,server_day,5,0.5,2026-04-30,161,286,1,4638.89,4618.42,198.38,-0.106355,-0.103186,0.100016,0.00316968,0,
dt,XAUUSD,server_day,5,0.5,2026-05-04,157,286,-1,4545.72,4521.4,159.26,0.148691,0.152706,-0.156722,0.00401526,0,
dt,XAUUSD,server_day,5,0.5,2026-05-06,48,286,1,4621.59,4689.31,138.68,0.483089,0.488318,-0.493548,0.00522913,0,
dt,XAUUSD,server_day,5,0.5,2026-05-12,220,286,-1,4645.18,4715.16,190.44,-0.370707,-0.367465,0.364222,0.00324261,0,
dt,XAUUSD,server_day,5,0.5,2026-05-13,201,286,-1,4670.8,4688.74,98.34,-0.188952,-0.182428,0.175905,0.00652346,0,
dt,XAUUSD,server_day,5,0.5,2026-05-15,98,286,-1,4591.1,4538.07,123.04,0.425115,0.430998,-0.436882,0.00588349,0,
dt,XAUUSD,server_day,5,0.5,2026-05-19,198,286,-1,4466.48,4483.03,208.48,-0.0822748,-0.0793841,0.0764934,0.00289067,0,
dt,XAUUSD,server_day,5,0.5,2026-05-22,206,286,-1,4489.64,4506.77,110.17,-0.160243,-0.155532,0.150822,0.00471067,0,
dt,XAUUSD,server_day,5,0.5,2026-05-26,150,286,-1,4517.8,4506.5,106.09,0.100668,0.106466,-0.112265,0.00579857,0,
dt,XAUUSD,server_day,5,0.5,2026-05-27,165,286,-1,4461.31,4454.14,89.24,0.0738636,0.0803451,-0.0868266,0.00648149,0,
dt,XAUUSD,server_day,5,0.5,2026-05-28,75,286,-1,4386.78,4495.87,139.08,-0.788181,-0.784369,0.780557,0.00381204,0,
dt,XAUUSD,server_day,5,0.5,2026-05-29,214,286,1,4567.53,4541.77,140.32,-0.187113,-0.18358,0.180047,0.0035331,0,
dt,XAUUSD,server_day,5,0.5,2026-06-04,179,286,1,4514.09,4474.66,163.81,-0.24377,-0.240675,0.237581,0.00309457,0,
dt,XAUUSD,server_day,5,0.5,2026-06-05,191,286,-1,4416.41,4327.26,114.43,0.774078,0.779123,-0.784167,0.00504418,0,
dt,XAUUSD,server_day,5,0.5,2026-06-10,215,286,-1,4128.3,4067.78,253.63,0.236288,0.238596,-0.240904,0.00230798,0,
dt,XAUUSD,server_day,5,0.5,2026-06-23,132,286,-1,4095.02,4110.26,195.4,-0.0804987,-0.0779939,0.0754891,0.0025048,0,
dt,XAUUSD,server_day,5,0.5,2026-06-24,192,286,-1,3975.26,3997.04,272.02,-0.0823462,-0.0800676,0.0777891,0.00227853,0,
dt,XAUUSD,server_day,5,0.5,2026-06-30,49,286,-1,3959.54,4010.82,117.9,-0.440914,-0.434945,0.428975,0.0059694,0,
dt,XAUUSD,server_day,5,0.5,2026-07-01,200,286,1,4080.79,4032.82,133.72,-0.363557,-0.358735,0.353913,0.00482198,0,
dt,XAUUSD,server_day,5,0.5,2026-07-02,186,286,1,4106.05,4119.55,133.72,0.0957704,0.100957,-0.106144,0.0051868,0,
dt,XAUUSD,server_day,5,0.5,2026-07-13,204,286,-1,4038.47,3999,105.21,0.369535,0.375202,-0.380869,0.00566735,0,
dt,XAUUSD,server_day,5,0.5,2026-07-14,186,286,1,4076.99,4049.98,138.81,-0.198883,-0.194583,0.190282,0.00430004,0,
dt,XAUUSD,server_day,5,0.5,2026-07-16,191,286,-1,3993.49,3974.5,135.59,0.136332,0.140018,-0.143704,0.00368593,0,
dt,XAUUSD,server_day,5,0.5,2026-07-21,103,286,1,4061.26,4078.29,106.6,0.154043,0.159756,-0.165469,0.00571273,0,
dt,XAUUSD,server_day,5,0.5,2026-07-22,73,286,1,4137.9,4129.97,118.77,-0.0719447,-0.0668098,0.0616749,0.00513493,0,
dt,XAUUSD,server_day,5,0.5,2026-07-28,155,286,-1,4022.59,4027.39,116.31,-0.045717,-0.041312,0.036907,0.00440504,0,
dt,XAUUSD,server_day,5,0.5,2026-07-29,252,286,1,4083.34,4065.98,113.38,-0.158379,-0.153113,0.147848,0.00526588,0,
dt,XAUUSD,server_day,5,0.5,2026-07-30,103,204,-1,4029.18,4118.16,88.99,-1.00738,-1,0.992617,0.0073832,0,
dt,XAUUSD,server_day,5,0.5,2026-07-30,204,286,1,4118.16,4099.86,88.99,-0.212412,-0.205697,0.198983,0.00671453,0,
dt,XAUUSD,server_day,5,0.5,2026-07-31,151,286,-1,4050.84,4051.26,104.03,-0.00889854,-0.00408536,-0.000727816,0.00481318,0,
dt,XAUUSD,server_day,5,0.5,2026-08-03,199,286,-1,4023.18,4056.16,104.03,-0.32271,-0.316976,0.311241,0.00573446,0,
dt,XAUUSD,server_day,5,0.5,2026-08-04,241,286,1,4103.28,4076.76,104.03,-0.260024,-0.254975,0.249925,0.00504912,0,
dt,XAUUSD,server_day,5,0.5,2026-08-05,67,286,1,4118.4,4244.02,80.89,1.54522,1.55291,-1.00769,0.00769609,0,
dt,XAUUSD,server_day,5,0.5,2026-08-07,186,286,1,4360.25,4339.65,247.74,-0.0855772,-0.0831517,0.0807262,0.00242552,0,
dt,XAUUSD,server_day,5,0.5,2026-08-17,208,286,1,4423.01,4415.56,99.82,-0.0806639,-0.0746343,0.0686048,0.00602955,0,
dt,XAUUSD,server_day,5,0.5,2026-08-18,215,286,-1,4363.87,4332.93,104.8,0.289839,0.295229,-0.300619,0.00539005,0,
dt,XAUUSD,server_day,5,0.5,2026-08-19,187,286,1,4399.96,4520.74,116.66,1.03015,1.03532,-1.01356,0.00516411,0,
dt,XAUUSD,server_day,5,0.5,2026-08-21,237,286,1,4623.89,4606.2,207.81,-0.0875974,-0.0851499,0.0827024,0.00244748,0,
dt,XAUUSD,server_day,5,0.5,2026-08-28,205,286,-1,4550.2,4459.1,103.37,0.875515,0.881349,-1.00583,0.00583404,0,
dt,XAUUSD,server_day,5,0.5,2026-09-01,192,286,-1,4340.64,4328.25,226.52,0.0520454,0.0546972,-0.0573489,0.00265178,0,
dt,XAUUSD,server_day,5,0.5,2026-09-04,186,286,-1,4381.08,4428.59,190.26,-0.252873,-0.249711,0.246549,0.00316234,0,
dt,XAUUSD,server_day,5,0.5,2026-09-10,264,286,-1,4323.64,4315.09,163.03,0.0488777,0.0524137,-0.0559496,0.00353598,0,
dt,XAUUSD,server_day,5,0.5,2026-09-14,187,286,-1,4274.62,4296.55,127.72,-0.176401,-0.171704,0.167006,0.00469776,0,
dt,XAUUSD,server_day,5,0.5,2026-09-17,123,286,1,4328.14,4341.99,136.7,0.0970981,0.101317,-0.105535,0.00421866,0,
dt,XAUUSD,server_day,5,0.5,2026-09-23,174,286,-1,4302.89,4285.72,120.42,0.137601,0.142584,-0.147568,0.00498356,0,
dt,XAUUSD,server_day,5,0.5,2026-09-28,50,286,-1,4215.47,4112.38,113.33,0.904321,0.9096,-0.91488,0.00527923,0,
dt,XAUUSD,server_day,5,0.5,2026-10-07,143,286,-1,4122.49,4109.15,87.94,0.146263,0.151694,-0.157126,0.00543122,0,
rb,XAUUSD,server_day,5,0,2015-01-15,165,286,1,1259.81,1262.31,27.1333,0.0633051,0.0922604,-0.121216,0.0289553,,0
rb,XAUUSD,server_day,5,0,2015-01-21,202,286,-1,1289.74,1293.47,15.3267,-0.291306,-0.243149,0.194992,0.0481568,,1
rb,XAUUSD,server_day,5,0,2015-01-29,164,286,-1,1264.03,1257.3,22,0.275107,0.305909,-0.336711,0.0308022,,0
rb,XAUUSD,server_day,5,0,2015-02-03,250,286,1,1266.43,1259.87,11.05,-0.657166,-0.593665,0.530164,0.0635008,,1
rb,XAUUSD,server_day,5,0,2015-02-06,193,286,-1,1238.22,1233.12,26.62,0.16479,0.191585,-0.218381,0.0267956,,0
rb,XAUUSD,server_day,5,0,2015-02-17,197,286,-1,1210.75,1209.18,18.09,0.0480409,0.0867883,-0.125536,0.0387473,,0
rb,XAUUSD,server_day,5,0,2015-02-26,198,286,-1,1210.52,1209.12,9.31667,0.0831194,0.150626,-0.218133,0.0675067,,1
rb,XAUUSD,server_day,5,0,2015-03-06,192,286,-1,1180.43,1167.13,20.96,0.597117,0.634542,-0.671967,0.0374252,,0
rb,XAUUSD,server_day,5,0,2015-03-11,192,286,-1,1153.45,1154.43,15.7367,-0.0909652,-0.0624868,0.0340084,0.0284784,,0
rb,XAUUSD,server_day,5,0,2015-03-18,254,286,1,1175.46,1167.43,24.9,-0.3511,-0.32249,0.29388,0.0286105,,0
rb,XAUUSD,server_day,5,0,2015-03-26,120,286,1,1214.04,1204.54,20.2833,-0.500391,-0.4682,0.43601,0.0321905,,0
rb,XAUUSD,server_day,5,0,2015-04-01,208,286,1,1202.36,1204.14,18.2,0.0658876,0.0978022,-0.129717,0.0319146,,0
rb,XAUUSD,server_day,5,0,2015-04-06,128,286,1,1220.4,1214.39,19.0533,-0.3489,-0.315255,0.281611,0.0336447,,0
rb,XAUUSD,server_day,5,0,2015-04-08,251,252,1,1205.61,1200.7,4.91333,-1.13287,-1,0.867128,0.132872,,1
rb,XAUUSD,server_day,5,0,2015-04-14,192,286,1,1193.34,1192.3,9.46667,-0.178454,-0.109507,0.0405599,0.0689471,,1
rb,XAUUSD,server_day,5,0,2015-04-30,196,286,-1,1186.83,1183.97,19.9167,0.115485,0.143431,-0.171377,0.0279462,,0
rb,XAUUSD,server_day,5,0,2015-05-07,175,186,1,1187.6,1180.69,6.90667,-1.07364,-1,0.926364,0.0736358,,1
rb,XAUUSD,server_day,5,0,2015-05-13,209,286,1,1216.43,1215.69,25.9733,-0.0479604,-0.0283624,0.00876444,0.019598,,0
rb,XAUUSD,server_day,5,0,2015-05-19,208,286,-1,1209.82,1207.63,16.5433,0.099642,0.132581,-0.16552,0.0329391,,0
rb,XAUUSD,server_day,5,0,2015-05-26,190,286,-1,1186.68,1187.18,20.8,-0.050222,-0.0240385,-0.00214505,0.0261835,,0
rb,XAUUSD,server_day,5,0,2015-06-01,202,220,1,1202.76,1194.39,12.7733,-0.696042,-0.655271,0.614501,0.0407709,,0
rb,XAUUSD,server_day,5,0,2015-06-01,220,286,-1,1194.39,1189.15,9.81333,0.484237,0.533628,-0.583018,0.0493904,,1
rb,XAUUSD,server_day,5,0,2015-06-03,252,286,1,1187.04,1184.81,7.67333,-0.357333,-0.291051,0.224769,0.0662819,,1
rb,XAUUSD,server_day,5,0,2015-06-05,187,197,1,1171.76,1162.8,8.96,-1.06075,-1,0.939248,0.0607524,,1
rb,XAUUSD,server_day,5,0,2015-06-09,203,286,-1,1177.88,1176.79,4.98667,0.114876,0.219251,-0.323626,0.104375,,1
rb,XAUUSD,server_day,5,0,2015-06-15,173,286,1,1177.65,1186.11,4.92,1.61615,1.71951,-1.10336,0.103363,,1
rb,XAUUSD,server_day,5,0,2015-06-18,220,286,1,1205.55,1201.95,22.74,-0.181216,-0.158311,0.135407,0.0229047,,0
rb,XAUUSD,server_day,5,0,2015-06-22,184,286,-1,1191.78,1185.78,9.08,0.60081,0.660793,-1.05998,0.0599827,,0
rb,XAUUSD,server_day,5,0,2015-06-29,124,286,-1,1179.67,1179.32,8.23333,-0.0196574,0.0421053,-0.103868,0.0617627,,1
rb,XAUUSD,server_day,5,0,2015-07-02,190,286,1,1165.52,1165.63,9.54333,-0.0370574,0.0111771,-0.0594116,0.0482345,,1
rb,XAUUSD,server_day,5,0,2015-07-07,208,286,-1,1151.87,1156.74,17.3133,-0.306979,-0.281094,0.255208,0.0258853,,0
rb,XAUUSD,server_day,5,0,2015-07-13,222,286,1,1158.88,1157.78,7.80667,-0.204041,-0.140478,0.076915,0.0635632,,1
rb,XAUUSD,server_day,5,0,2015-07-15,216,286,-1,1145.37,1149.34,10.6267,-0.421712,-0.373902,0.326092,0.0478102,,0
rb,XAUUSD,server_day,5,0,2015-07-17,203,286,-1,1134.67,1134.23,10.9467,0.00116788,0.0398904,-0.0786129,0.0387225,,0
rb,XAUUSD,server_day,5,0,2015-07-20,53,286,-1,1113.68,1096.7,23.31,0.709761,0.728443,-1.01868,0.0186818,,0
rb,XAUUSD,server_day,5,0,2015-07-22,222,286,1,1095.28,1094.01,8.26,-0.21372,-0.153753,0.0937863,0.0599667,,1
rb,XAUUSD,server_day,5,0,2015-07-30,204,286,1,1090.8,1088.53,8.32667,-0.328814,-0.272218,0.215622,0.0565959,,1
rb,XAUUSD,server_day,5,0,2015-08-19,273,286,1,1134.02,1134.19,17.94,-0.0195026,0.00947603,-0.0384547,0.0289787,,0
rb,XAUUSD,server_day,5,0,2015-08-21,115,286,-1,1159.83,1160.54,8.33333,-0.143709,-0.0856,-1.0581,0.0581091,,1
rb,XAUUSD,server_day,5,0,2015-08-28,210,286,1,1140.72,1134.02,16.7233,-0.431528,-0.400439,0.369349,0.0310897,,0
rb,XAUUSD,server_day,5,0,2015-09-01,210,286,-1,1138.97,1139.97,8.88333,-0.168775,-0.112946,0.057116,0.0558296,,1
rb,XAUUSD,server_day,5,0,2015-09-03,208,286,1,1129.75,1125.11,7.92333,-0.648605,-0.586033,0.52346,0.0625727,,1
rb,XAUUSD,server_day,5,0,2015-09-09,205,286,-1,1109.59,1107.35,12.5867,0.14024,0.177701,-0.215163,0.0374617,,0
rb,XAUUSD,server_day,5,0,2015-09-16,202,286,1,1116.14,1119.15,10.5767,0.236277,0.284274,-0.33227,0.0479969,,0
rb,XAUUSD,server_day,5,0,2015-09-24,200,286,1,1147.83,1153.98,19.1967,0.294351,0.320194,-0.346038,0.0258437,,0
rb,XAUUSD,server_day,5,0,2015-09-28,176,286,-1,1130.04,1132.17,15.7667,-0.165233,-0.135307,0.10538,0.0299261,,0
rb,XAUUSD,server_day,5,0,2015-09-30,210,286,-1,1112.18,1114.47,16.4533,-0.16837,-0.138979,0.109588,0.0293914,,0
rb,XAUUSD,server_day,5,0,2015-10-02,184,286,1,1109.96,1138.72,5.37333,5.29521,5.35174,-1.0565,0.0565274,,1
rb,XAUUSD,server_day,5,0,2015-10-23,195,286,-1,1170.58,1164.37,8.70667,0.678674,0.713629,-1.03495,0.0349554,,1
rb,XAUUSD,server_day,5,0,2015-10-28,186,240,1,1177.74,1169.84,12.4567,-0.658638,-0.634199,0.609759,0.0244394,,0
rb,XAUUSD,server_day,5,0,2015-10-28,240,286,-1,1169.84,1155.77,13.0167,1.0578,1.08118,-1.02338,0.0233761,,1
rb,XAUUSD,server_day,5,0,2015-11-03,231,286,-1,1117.97,1117.61,18.08,0.00311676,0.0199115,-0.0367063,0.0167947,,0
rb,XAUUSD,server_day,5,0,2015-11-06,186,186,-1,1091.95,1105.97,14.0267,-1.02163,-1,0.978371,0.0216292,,0
rb,XAUUSD,server_day,5,0,2015-11-12,199,286,1,1081.79,1084.9,7.70667,0.364641,0.403979,-1.03934,0.0393383,,1
rb,XAUUSD,server_day,5,0,2015-11-16,104,186,1,1097.17,1088.2,13.2833,-0.698115,-0.675282,0.652449,0.0228329,,0
rb,XAUUSD,server_day,5,0,2015-11-16,186,286,-1,1088.2,1082.68,9.81333,0.531264,0.56216,-0.593057,0.0308963,,1
rb,XAUUSD,server_day,5,0,2015-11-19,224,286,1,1086.71,1082.04,16.41,-0.303058,-0.284583,0.266107,0.0184754,,0
rb,XAUUSD,server_day,5,0,2015-11-23,192,286,1,1073.16,1068.92,6.53667,-0.694492,-0.648139,0.601786,0.0463531,,1
rb,XAUUSD,server_day,5,0,2015-11-24,206,286,-1,1074.84,1075.31,6.17,-0.125292,-0.076175,0.0270582,0.0491169,,1
rb,XAUUSD,server_day,5,0,2015-11-30,241,286,1,1065.71,1064.37,12.5767,-0.130367,-0.106281,0.0821964,0.0240851,,1
rb,XAUUSD,server_day,5,0,2015-12-02,233,286,-1,1052.02,1053.49,16.98,-0.104402,-0.0865724,0.0687433,0.0178291,,0
rb,XAUUSD,server_day,5,0,2015-12-04,208,286,1,1088.74,1086.76,30.8367,-0.0741507,-0.0643174,0.054484,0.00983338,,0
rb,XAUUSD,server_day,5,0,2015-12-09,208,286,-1,1079.84,1072.67,5.45667,1.25906,1.3146,-1.05554,0.0555408,,1
rb,XAUUSD,server_day,5,0,2015-12-11,188,278,1,1068.23,1075.3,5.87333,1.15216,1.20375,-1.05159,0.0515899,,1
rb,XAUUSD,server_day,5,0,2015-12-11,278,286,-1,1075.3,1074.66,4.22667,0.037922,0.152208,-0.266494,0.114286,,1
rb,XAUUSD,server_day,5,0,2015-12-16,202,252,1,1076.35,1066.64,13.5833,-0.737153,-0.714847,0.69254,0.0223068,,0
rb,XAUUSD,server_day,5,0,2015-12-16,252,260,-1,1066.64,1078.25,11.6133,-1.02609,-1,0.973908,0.0260919,,1
rb,XAUUSD,server_day,5,0,2016-01-04,204,286,1,1081.63,1074.43,17.49,-0.428993,-0.411664,0.394334,0.0173295,,0
rb,XAUUSD,server_day,5,0,2016-01-06,183,196,-1,1082.12,1089.31,7.19,-1.04217,-1,0.95783,0.0421697,,1
rb,XAUUSD,server_day,5,0,2016-01-06,197,286,1,1091.8,1093.01,14.29,0.0634504,0.0846746,-0.105899,0.0212242,,0
rb,XAUUSD,server_day,5,0,2016-01-12,256,286,1,1090.26,1089.48,6.85,-0.170403,-0.113869,0.0573346,0.056534,,1
rb,XAUUSD,server_day,5,0,2016-01-20,232,286,1,1105.6,1100.83,17.5767,-0.290202,-0.271572,0.252943,0.0186295,,0
rb,XAUUSD,server_day,5,0,2016-01-26,159,214,-1,1111.99,1117.61,5.62,-1.06897,-1,0.931031,0.0689693,,1
rb,XAUUSD,server_day,5,0,2016-02-03,241,286,1,1141.08,1142.34,13.79,0.0641056,0.0913706,-0.118636,0.027265,,0
rb,XAUUSD,server_day,5,0,2016-02-11,128,286,1,1219.16,1248.7,27.0033,1.08187,1.09406,-1.01219,0.0121939,,0
rb,XAUUSD,server_day,5,0,2016-02-16,13,286,-1,1209.06,1199.53,30.5033,0.296136,0.312425,-0.328714,0.0162887,,0
rb,XAUUSD,server_day,5,0,2016-02-18,249,286,1,1234.17,1230.65,28.3167,-0.135206,-0.124426,0.113646,0.01078,,0
rb,XAUUSD,server_day,5,0,2016-02-22,124,286,-1,1205.39,1208.42,21.81,-0.152907,-0.138927,0.124947,0.0139797,,0
rb,XAUUSD,server_day,5,0,2016-02-24,255,286,-1,1233.99,1229.17,19.2467,0.232253,0.250606,-0.26896,0.0183534,,1
rb,XAUUSD,server_day,5,0,2016-03-03,268,286,1,1267.12,1265.51,30.87,-0.0628354,-0.0521542,0.041473,0.0106812,,0
rb,XAUUSD,server_day,5,0,2016-03-09,211,286,1,1255.09,1252.88,12.1767,-0.206314,-0.181221,0.156127,0.0250935,,1
rb,XAUUSD,server_day,5,0,2016-03-16,244,286,1,1250.83,1262.04,18.8133,0.579788,0.596031,-0.612274,0.0162433,,0
rb,XAUUSD,server_day,5,0,2016-03-23,179,286,-1,1222.36,1220.13,27.7867,0.0691544,0.0801344,-0.0911144,0.01098,,0
rb,XAUUSD,server_day,5,0,2016-03-29,260,286,1,1241.78,1240.72,24.2633,-0.0561359,-0.0435499,0.030964,0.012586,,0
rb,XAUUSD,server_day,5,0,2016-04-05,127,286,1,1228.52,1230.47,10.97,0.149935,0.177758,-0.20558,0.0278225,,0
rb,XAUUSD,server_day,5,0,2016-04-11,220,286,1,1258.61,1257.51,21.0633,-0.0682836,-0.0520652,0.0358468,0.0162184,,0
rb,XAUUSD,server_day,5,0,2016-04-13,197,286,1,1250.17,1243.16,10.4567,-0.699278,-0.670067,0.640856,0.0292113,,1
rb,XAUUSD,server_day,5,0,2016-04-14,126,224,1,1236.37,1229.01,7.36,-1.04148,-1,-1.04149,0.0414752,,1
rb,XAUUSD,server_day,5,0,2016-04-19,188,286,1,1250.91,1250.21,16.19,-0.0621067,-0.0432366,0.0243664,0.0188702,,0
rb,XAUUSD,server_day,5,0,2016-04-21,188,200,1,1269.2,1253.63,21.2133,-0.748381,-0.733972,0.719563,0.0144089,,0
rb,XAUUSD,server_day,5,0,2016-04-21,200,286,-1,1253.63,1248.77,16.5633,0.274773,0.293218,-0.311663,0.0184454,,1
rb,XAUUSD,server_day,5,0,2016-04-28,228,286,1,1265.95,1266.29,19.96,0.00171715,0.0170341,-0.032351,0.0153169,,0
rb,XAUUSD,server_day,5,0,2016-05-06,262,286,-1,1286.71,1288.8,8.76,-0.277629,-0.238584,0.19954,0.0390444,,1
rb,XAUUSD,server_day,5,0,2016-05-11,234,286,-1,1271.58,1277.12,7.44,-0.785731,-0.744624,0.703516,0.0411076,,1
rb,XAUUSD,server_day,5,0,2016-05-16,210,286,-1,1278.75,1273.62,9.87333,0.488265,0.519244,-0.550223,0.0309791,,1
rb,XAUUSD,server_day,5,0,2016-05-18,266,286,-1,1258.18,1257.88,18.67,-0.00351432,0.0160686,-0.0356514,0.0195829,,0
rb,XAUUSD,server_day,5,0,2016-05-24,231,286,-1,1229.88,1226.7,19.46,0.147729,0.163412,-0.179095,0.0156833,,0
rb,XAUUSD,server_day,5,0,2016-06-03,186,286,1,1223.64,1244.51,10.8533,1.89509,1.92322,-1.02812,0.0281275,,0
rb,XAUUSD,server_day,5,0,2016-06-07,197,286,1,1240.32,1244.29,5.60333,0.651268,0.707912,-0.764555,0.0566435,,1
rb,XAUUSD,server_day,5,0,2016-06-08,198,286,1,1260.78,1261.84,18.9367,0.0396589,0.0558,-0.0719411,0.0161411,,0
rb,XAUUSD,server_day,5,0,2016-06-13,203,286,-1,1279.89,1283.87,7.2,-0.59527,-0.552778,0.510285,0.0424925,,1
rb,XAUUSD,server_day,5,0,2016-06-16,233,286,-1,1299.39,1278.75,16.1533,1.2586,1.27755,-1.01895,0.0189464,,1
rb,XAUUSD,server_day,5,0,2016-06-21,208,286,-1,1266.78,1267.18,19.8433,-0.0353975,-0.0199899,0.00458234,0.0154076,,0
rb,XAUUSD,server_day,5,0,2016-06-24,49,54,1,1283.78,1266.77,23.21,-0.746051,-0.732874,0.719696,0.0131777,,0
rb,XAUUSD,server_day,5,0,2016-06-24,54,68,-1,1266.77,1285.56,18.79,-1.01819,-1,0.981806,0.0181941,,1
rb,XAUUSD,server_day,5,0,2016-06-28,198,286,1,1316.56,1312.01,11.1567,-0.434993,-0.407529,0.380066,0.0274634,,1
rb,XAUUSD,server_day,5,0,2016-07-01,129,286,1,1337.51,1342.28,18.0567,0.246995,0.263984,-0.280972,0.0169887,,0
rb,XAUUSD,server_day,5,0,2016-07-06,259,286,-1,1362.92,1363.68,12.1267,-0.101574,-0.0623969,0.0232199,0.039177,,1
rb,XAUUSD,server_day,5,0,2016-07-08,192,286,1,1350.43,1364.93,15.26,0.930078,0.950197,-1.02012,0.0201184,,1
rb,XAUUSD,server_day,5,0,2016-07-14,239,286,1,1331.57,1334.53,11.49,0.219438,0.257615,-0.295793,0.0381778,,1
rb,XAUUSD,server_day,5,0,2016-07-20,183,286,-1,1317.18,1315.34,13.5733,0.11323,0.135806,-0.158381,0.0225757,,0
rb,XAUUSD,server_day,5,0,2016-07-27,264,286,1,1335.89,1339.46,16.4133,0.193904,0.217709,-0.241515,0.0238055,,0
rb,XAUUSD,server_day,5,0,2016-08-02,207,286,1,1364.88,1363.67,13.6533,-0.117024,-0.0883789,0.0597339,0.028645,,0
rb,XAUUSD,server_day,5,0,2016-08-05,270,286,-1,1335.82,1336.87,22.4967,-0.065256,-0.0468218,0.0283875,0.0184342,,0
rb,XAUUSD,server_day,5,0,2016-08-10,214,286,-1,1345.17,1346,11.9433,-0.100489,-0.0697739,0.039059,0.0307149,,1
rb,XAUUSD,server_day,5,0,2016-08-16,136,195,1,1351.42,1343.39,11.8733,-0.711246,-0.676305,0.641365,0.0349408,,0
rb,XAUUSD,server_day,5,0,2016-08-16,195,286,-1,1343.39,1346.37,14.5533,-0.226076,-0.204993,0.18391,0.021083,,1
rb,XAUUSD,server_day,5,0,2016-08-19,203,286,1,1346.78,1340.92,9.07333,-0.680031,-0.646216,0.612401,0.0338149,,1
rb,XAUUSD,server_day,5,0,2016-08-24,254,286,-1,1324.58,1323.9,14.6933,0.0215604,0.0465064,-0.0714523,0.024946,,0
rb,XAUUSD,server_day,5,0,2016-08-26,204,206,-1,1326.32,1333.13,6.81333,-1.045,-1,-1.04499,0.0450024,,1
rb,XAUUSD,server_day,5,0,2016-08-26,207,226,1,1337.13,1322.12,15.0067,-1.02043,-1,0.979568,0.0204319,,0
rb,XAUUSD,server_day,5,0,2016-09-02,211,286,-1,1317.83,1324.8,12.16,-0.602344,-0.573191,0.544038,0.0291528,,1
rb,XAUUSD,server_day,5,0,2016-09-21,91,286,1,1311.85,1335.92,4.07333,5.83015,5.90835,-1.07817,0.0781999,,1
rb,XAUUSD,server_day,5,0,2016-10-04,185,286,-1,1297.26,1268.45,16.25,1.77182,1.77292,-1.00111,0.00110523,,0
rb,XAUUSD,server_day,5,0,2016-10-14,189,286,1,1253.06,1250.43,7.03333,-0.417847,-0.374408,0.330968,0.0434395,,1
rb,XAUUSD,server_day,5,0,2016-10-18,198,229,-1,1258.01,1263.95,5.94,-1.05146,-1,0.948543,0.0514569,,1
rb,XAUUSD,server_day,5,0,2016-10-28,249,286,1,1280.18,1275.71,11.4433,-0.422303,-0.390329,0.358355,0.0319742,,0
rb,XAUUSD,server_day,5,0,2016-11-01,188,286,1,1288.78,1288.04,12.9867,-0.0808037,-0.0572382,0.0336727,0.0235655,,0
rb,XAUUSD,server_day,5,0,2016-11-07,130,286,-1,1284.51,1281.38,17.5,0.161374,0.178857,-0.196341,0.0174835,,0
rb,XAUUSD,server_day,5,0,2016-11-09,52,201,1,1304.3,1286.49,24.6733,-0.734239,-0.721832,-1.01242,0.0124075,,0
rb,XAUUSD,server_day,5,0,2016-11-09,201,286,-1,1286.49,1277.11,50.6733,0.179004,0.185041,-0.191079,0.0060376,,1
rb,XAUUSD,server_day,5,0,2016-11-23,186,286,-1,1190.03,1186.87,22.9133,0.124761,0.138056,-0.151352,0.0132952,,0
rb,XAUUSD,server_day,5,0,2016-12-05,20,181,-1,1181.07,1169.63,6.85667,1.59779,1.66845,-1.07066,0.0706546,,1
rb,XAUUSD,server_day,5,0,2016-12-05,181,204,1,1169.63,1162.36,7.27333,-1.04844,-1,0.951559,0.0484405,,1
rb,XAUUSD,server_day,5,0,2016-12-07,251,286,-1,1174.23,1173.5,5.94333,0.069024,0.122266,-0.175508,0.0532419,,1
rb,XAUUSD,server_day,5,0,2016-12-09,185,207,1,1166.79,1161.17,5.62,-1.06055,-1,0.939449,0.0605508,,1
rb,XAUUSD,server_day,5,0,2016-12-09,260,286,-1,1157.34,1158.35,15.34,-0.0872366,-0.0658409,0.0444453,0.0213957,,0
rb,XAUUSD,server_day,5,0,2016-12-14,257,263,1,1153.42,1148.44,4.98333,-1.07307,-1,0.926934,0.0730662,,1
rb,XAUUSD,server_day,5,0,2016-12-14,271,286,-1,1143.06,1142.94,16.0833,-0.0149639,0.00766839,-0.0303006,0.0226323,,0
rb,XAUUSD,server_day,5,0,2016-12-20,198,286,-1,1127.21,1131.73,11.27,-0.428022,-0.401065,0.374107,0.0269576,,0
rb,XAUUSD,server_day,5,0,2016-12-27,117,205,1,1146.1,1137.15,14.14,-0.654454,-0.632956,0.611458,0.0214981,,0
rb,XAUUSD,server_day,5,0,2016-12-27,205,286,-1,1137.15,1138.86,13.54,-0.151398,-0.126292,0.101187,0.0251058,,1
rb,XAUUSD,server_day,5,0,2016-12-29,183,215,-1,1145.16,1150.16,5.00333,-1.06797,-1,0.932032,0.0679681,,1
rb,XAUUSD,server_day,5,0,2016-12-29,219,286,1,1153.12,1157.83,12.3133,0.35808,0.382783,-0.407486,0.024703,,0
rb,XAUUSD,server_day,5,0,2017-01-05,209,286,1,1180.05,1180.3,17.87,-0.00305106,0.0139899,-0.0310309,0.017041,,0
rb,XAUUSD,server_day,5,0,2017-01-11,259,286,-1,1191.92,1191.44,6.24667,0.0285992,0.0773746,-0.12615,0.0487754,,1
rb,XAUUSD,server_day,5,0,2017-01-17,140,286,1,1216.37,1216.56,20.9167,-0.00565883,0.0089243,-0.0235074,0.0145831,,0
rb,XAUUSD,server_day,5,0,2017-01-20,265,286,-1,1208.83,1209.94,6.04,-0.23426,-0.183775,0.13329,0.0504853,,1
rb,XAUUSD,server_day,5,0,2017-01-30,227,286,-1,1195.23,1195.2,4.10333,-0.067766,0.00649878,-0.0807635,0.0742647,,1
rb,XAUUSD,server_day,5,0,2017-01-31,199,286,1,1211.42,1210.36,17.1733,-0.0792868,-0.0615295,0.0437722,0.0177573,,0
rb,XAUUSD,server_day,5,0,2017-02-02,219,286,-1,1215.86,1215.74,9.35,-0.0197884,0.0128342,-0.0454568,0.0326226,,1
rb,XAUUSD,server_day,5,0,2017-02-08,246,286,-1,1236.91,1241.68,7.73333,-0.656726,-0.617241,0.577756,0.0394849,,1
rb,XAUUSD,server_day,5,0,2017-02-21,168,189,1,1231.48,1227.95,3.52667,-1.08655,-1,0.913455,0.0865452,,1
rb,XAUUSD,server_day,5,0,2017-02-23,216,286,1,1251.01,1249.19,14.6367,-0.145445,-0.124573,0.103701,0.0208723,,0
rb,XAUUSD,server_day,5,0,2017-03-01,214,286,1,1244.28,1249.23,7.42,0.62595,0.667116,-0.708282,0.0411664,,1
rb,XAUUSD,server_day,5,0,2017-03-15,248,286,1,1215.22,1218.59,14.1467,0.216421,0.237983,-0.259545,0.0215624,,0
rb,XAUUSD,server_day,5,0,2017-03-21,211,286,1,1242.78,1244.85,9.82333,0.179971,0.211062,-0.242153,0.0310906,,0
rb,XAUUSD,server_day,5,0,2017-04-04,193,286,-1,1256.14,1255.98,5.07667,-0.0280207,0.0321733,-0.0923673,0.060194,,1
rb,XAUUSD,server_day,5,0,2017-04-05,201,264,-1,1245.61,1252.88,11.44,-0.662193,-0.63549,0.608786,0.0267036,,0
rb,XAUUSD,server_day,5,0,2017-04-05,264,286,1,1252.88,1255.21,9.23,0.219333,0.252438,-0.285542,0.0331047,,1
rb,XAUUSD,server_day,5,0,2017-04-07,60,244,1,1266.25,1257.15,12.8167,-0.733862,-0.710013,0.686164,0.0238489,,0
rb,XAUUSD,server_day,5,0,2017-04-07,244,286,-1,1257.15,1254.3,13.6767,0.186285,0.208628,-0.230971,0.0223432,,1
rb,XAUUSD,server_day,5,0,2017-04-11,214,286,1,1268.66,1273.93,15.7567,0.314843,0.33425,-0.353658,0.0194075,,0
rb,XAUUSD,server_day,5,0,2017-04-17,105,286,-1,1290.06,1284.84,5.39,0.911684,0.96846,-1.05678,0.0567763,,1
rb,XAUUSD,server_day,5,0,2017-04-21,251,286,-1,1284.33,1284.29,3.84667,-0.0682791,0.0112652,-0.0908095,0.0795443,,1
rb,XAUUSD,server_day,5,0,2017-04-24,13,286,-1,1268.39,1275.39,15.24,-0.479384,-0.459318,0.439252,0.020066,,0
rb,XAUUSD,server_day,5,0,2017-05-01,225,286,-1,1258.96,1256.87,7.50333,0.238257,0.278987,-0.319717,0.04073,,0
rb,XAUUSD,server_day,5,0,2017-05-03,208,252,-1,1247.43,1253.21,8.02333,-0.758476,-0.720399,0.682322,0.038077,,0
rb,XAUUSD,server_day,5,0,2017-05-03,252,269,1,1253.21,1245.26,7.95333,-1.03841,-1,0.96159,0.0384102,,1
rb,XAUUSD,server_day,5,0,2017-05-09,279,286,1,1221.96,1221.26,7.73,-0.130026,-0.0905563,0.0510863,0.0394699,,1
rb,XAUUSD,server_day,5,0,2017-05-15,229,286,-1,1231.99,1230.08,5.27667,0.304757,0.362603,-0.420449,0.0578461,,1
rb,XAUUSD,server_day,5,0,2017-05-17,184,286,1,1249.41,1260.41,14,0.763888,0.785714,-0.807541,0.0218263,,0
rb,XAUUSD,server_day,5,0,2017-05-26,145,286,1,1264.73,1266.94,8.38667,0.226663,0.263116,-0.299569,0.0364533,,0
rb,XAUUSD,server_day,5,0,2017-06-02,220,286,1,1278.88,1278.56,13.11,-0.0477423,-0.0244088,0.00107536,0.0233335,,0
rb,XAUUSD,server_day,5,0,2017-06-06,111,286,1,1288.25,1293.92,8.09667,0.662074,0.699876,-0.737679,0.0378026,,0
rb,XAUUSD,server_day,5,0,2017-06-13,204,286,1,1262.69,1266.26,3.58333,0.910036,0.995349,-1.08531,0.0853124,,1
rb,XAUUSD,server_day,5,0,2017-06-14,252,255,1,1280.14,1270.38,15.3967,-0.653768,-0.633903,0.614039,0.0198649,,0
rb,XAUUSD,server_day,5,0,2017-06-14,255,286,-1,1270.38,1261.83,10.4667,0.787988,0.817197,-1.02921,0.0292094,,1
rb,XAUUSD,server_day,5,0,2017-06-19,243,286,-1,1245.76,1243.25,8.31,0.265292,0.302046,-0.338799,0.0367537,,0
rb,XAUUSD,server_day,5,0,2017-06-22,244,286,-1,1248.97,1250.4,5.71333,-0.304346,-0.250875,0.197405,0.0534706,,1
rb,XAUUSD,server_day,5,0,2017-06-26,132,286,-1,1242.27,1244.3,12.7833,-0.182431,-0.15854,0.134649,0.023891,,0
rb,XAUUSD,server_day,5,0,2017-06-29,207,286,1,1245.66,1245.1,5.91,-0.146436,-0.0947547,0.0430735,0.0516811,,1
rb,XAUUSD,server_day,5,0,2017-07-03,192,286,-1,1228.7,1219.46,14.2133,0.62886,0.650328,-0.671797,0.0214684,,0
rb,XAUUSD,server_day,5,0,2017-07-07,187,193,1,1224.36,1217.59,6.77,-1.04507,-1,0.954934,0.0450655,,1
rb,XAUUSD,server_day,5,0,2017-07-07,200,286,-1,1215.03,1212.2,10.35,0.243962,0.27343,-0.302898,0.0294677,,0
rb,XAUUSD,server_day,5,0,2017-07-12,202,286,-1,1220.33,1220.14,5.34,-0.0215512,0.0355805,-0.0927122,0.0571317,,1
rb,XAUUSD,server_day,5,0,2017-07-14,189,286,1,1230.31,1228.81,10.8633,-0.165868,-0.137772,0.109677,0.0280958,,0
rb,XAUUSD,server_day,5,0,2017-08-01,186,286,1,1266.37,1268.92,3.79667,0.591989,0.67252,-1.08053,0.0805304,,1
rb,XAUUSD,server_day,5,0,2017-08-03,25,286,1,1261.73,1268.85,4.96,1.37385,1.43548,-1.06163,0.0616359,,1
rb,XAUUSD,server_day,5,0,2017-08-08,162,204,1,1263.95,1259.78,6.23333,-0.718021,-0.668984,0.619947,0.0490373,,0
rb,XAUUSD,server_day,5,0,2017-08-08,204,286,-1,1259.78,1260.74,5.34333,-0.237488,-0.180287,-1.05719,0.0572009,,1
rb,XAUUSD,server_day,5,0,2017-08-18,193,221,1,1299.64,1291.3,13.12,-0.659004,-0.635671,0.612337,0.0233336,,0
rb,XAUUSD,server_day,5,0,2017-08-18,221,286,-1,1291.3,1284.62,9.44,0.675209,0.707627,-0.740046,0.0324186,,1
rb,XAUUSD,server_day,5,0,2017-08-25,200,201,-1,1290.03,1283.33,4.48667,1.42511,1.49331,-1.06821,0.0682051,,1
rb,XAUUSD,server_day,5,0,2017-08-25,201,286,1,1283.33,1291.47,6.96333,1.12455,1.1685,-1.04395,0.0439479,,1
rb,XAUUSD,server_day,5,0,2017-08-29,212,286,-1,1317.17,1309.48,8.77333,0.841217,0.87614,-1.03492,0.0349225,,1
rb,XAUUSD,server_day,5,0,2017-08-31,117,286,1,1304.28,1321.41,5.5,3.05884,3.11455,-1.05569,0.0557054,,1
rb,XAUUSD,server_day,5,0,2017-09-05,136,234,-1,1330.12,1338.51,8.39333,-1.03654,-1,0.963461,0.0365386,,1
rb,XAUUSD,server_day,5,0,2017-09-05,261,286,1,1342.53,1339.95,19.2933,-0.149453,-0.133552,0.117651,0.0159007,,0
rb,XAUUSD,server_day,5,0,2017-09-07,194,218,-1,1340.42,1347.58,7.16333,-1.04283,-1,0.957169,0.0428315,,1
rb,XAUUSD,server_day,5,0,2017-09-20,183,286,-1,1313.31,1300.08,2.62667,4.92146,5.03807,-1.11664,0.116609,,1
rb,XAUUSD,server_day,5,0,2017-09-25,230,286,1,1307.34,1310.28,11.7767,0.223352,0.249363,-0.275374,0.026011,,0
rb,XAUUSD,server_day,5,0,2017-10-04,175,199,1,1281.2,1274.74,9.72,-0.696079,-0.664609,0.633139,0.0314703,,0
rb,XAUUSD,server_day,5,0,2017-10-04,199,286,-1,1274.74,1274.64,7.38,-0.0278924,0.0135501,-0.0549926,0.0414425,,1
rb,XAUUSD,server_day,5,0,2017-11-08,274,286,-1,1280.45,1281.16,6.62,-0.175216,-0.107251,0.0392853,0.0679654,,1
rb,XAUUSD,server_day,5,0,2017-11-14,176,275,1,1274.88,1280.31,5.08,0.980337,1.0689,-1.08856,0.0885603,,1
rb,XAUUSD,server_day,5,0,2017-11-14,275,286,-1,1280.31,1280.32,3.14,-0.146473,-0.00318471,-0.140103,0.143288,,1
rb,XAUUSD,server_day,5,0,2017-11-17,219,286,1,1288.33,1294.11,10.01,0.53246,0.577423,-0.622385,0.0449627,,0
rb,XAUUSD,server_day,5,0,2017-11-22,253,286,1,1293.01,1291.94,12.6233,-0.120155,-0.0844996,0.0488438,0.0356558,,0
rb,XAUUSD,server_day,5,0,2017-11-29,204,286,-1,1283.68,1283.24,10.1767,-0.00130708,0.0429086,-0.0871243,0.0442157,,0
rb,XAUUSD,server_day,5,0,2017-12-05,204,286,-1,1266.08,1265.66,8.53333,-0.00309245,0.0496094,-0.102311,0.0527018,,0
rb,XAUUSD,server_day,5,0,2017-12-07,172,286,-1,1253.96,1246.64,10.9367,0.627903,0.669003,-0.710104,0.0411007,,0
rb,XAUUSD,server_day,5,0,2017-12-13,253,254,-1,1247.39,1252.96,5.57,-1.0807,-1,0.919299,0.0807006,,1
rb,XAUUSD,server_day,5,0,2017-12-22,237,286,1,1275.49,1275.28,9.50667,-0.0697604,-0.0224404,-0.0248796,0.04732,,0
rb,XAUUSD,server_day,5,0,2017-12-29,240,286,1,1306.24,1302.54,14.0633,-0.294875,-0.262858,0.230842,0.0320167,,0
rb,XAUUSD,server_day,5,0,2018-01-03,254,286,-1,1308.72,1312.78,12.5167,-0.360081,-0.324101,0.288121,0.0359801,,1
rb,XAUUSD,server_day,5,0,2018-01-09,200,286,-1,1308.6,1312.61,10.3767,-0.430165,-0.386765,0.343365,0.0434001,,0
rb,XAUUSD,server_day,5,0,2018-01-10,189,286,-1,1319.01,1316.59,8.58667,0.229761,0.28222,-0.33468,0.0524591,,1
rb,XAUUSD,server_day,5,0,2018-01-12,186,242,-1,1325.56,1332.99,7.43,-1.06065,-1,0.939353,0.0606474,,1
rb,XAUUSD,server_day,5,0,2018-01-12,245,286,1,1333.77,1338.17,13.2,0.299189,0.333333,-0.367478,0.0341442,,0
rb,XAUUSD,server_day,5,0,2018-01-19,276,286,-1,1331.95,1331.43,5.90667,0.0102748,0.0886005,-0.166926,0.0783257,,1
rb,XAUUSD,server_day,5,0,2018-01-24,203,286,1,1355.15,1357.97,17.1567,0.137887,0.164173,-0.19046,0.0262867,,0
rb,XAUUSD,server_day,5,0,2018-01-29,255,286,1,1343.99,1340.32,6.41667,-0.602409,-0.571429,0.540448,0.0309803,,1
rb,XAUUSD,server_day,5,0,2018-02-14,114,188,-1,1332.81,1323.38,4.13,2.23811,2.28329,-1.04519,0.04518,,1
rb,XAUUSD,server_day,5,0,2018-02-14,188,286,1,1323.38,1350.14,6.08,4.37061,4.40132,-1.03069,0.0307096,,1
rb,XAUUSD,server_day,5,0,2018-02-16,169,286,-1,1357.25,1347.43,4.44,2.16961,2.21171,-1.04211,0.042102,,1
rb,XAUUSD,server_day,5,0,2018-02-26,90,198,1,1338.36,1332.01,9.46667,-0.690496,-0.670775,0.651054,0.0197211,,0
rb,XAUUSD,server_day,5,0,2018-02-26,198,286,-1,1332.01,1332.93,8.98667,-0.122773,-0.102003,0.0812328,0.0207702,,1
rb,XAUUSD,server_day,5,0,2018-03-01,170,262,-1,1308.05,1314.95,10.67,-0.664139,-0.646673,0.629207,0.0174659,,0
rb,XAUUSD,server_day,5,0,2018-03-01,262,286,1,1314.95,1317.16,12.19,0.166003,0.181296,-0.196589,0.0152933,,1
rb,XAUUSD,server_day,5,0,2018-03-06,213,286,1,1336.1,1334.3,14.3833,-0.137893,-0.124913,0.111933,0.0129798,,0
rb,XAUUSD,server_day,5,0,2018-03-09,187,286,1,1317.67,1323.36,4.84333,1.13562,1.17412,-1.0385,0.0385039,,1
rb,XAUUSD,server_day,5,0,2018-03-21,249,286,1,1328.21,1331.8,16.0567,0.211753,0.223376,-0.234998,0.0116226,,0
rb,XAUUSD,server_day,5,0,2018-03-23,172,286,1,1344.15,1347.51,14.7333,0.215599,0.228281,-0.240962,0.0126816,,0
rb,XAUUSD,server_day,5,0,2018-04-02,195,286,1,1335.58,1341.04,10.73,0.49145,0.508854,-0.526257,0.0174032,,0
rb,XAUUSD,server_day,5,0,2018-04-04,204,286,-1,1340.37,1333.24,7.85333,0.883695,0.90747,-1.02377,0.0237753,,1
rb,XAUUSD,server_day,5,0,2018-04-11,214,286,1,1355.52,1353.08,17.9667,-0.146399,-0.135993,0.125587,0.0104059,,0
rb,XAUUSD,server_day,5,0,2018-04-30,230,286,1,1317.12,1314.98,6.94333,-0.335539,-0.308689,0.28184,0.0268495,,1
rb,XAUUSD,server_day,5,0,2018-05-03,242,286,-1,1310.94,1312.19,7.12,-0.203422,-0.175562,0.147702,0.0278598,,1
rb,XAUUSD,server_day,5,0,2018-05-15,190,286,-1,1300.55,1290.77,15.56,0.616572,0.628535,-0.640497,0.0119627,,0
rb,XAUUSD,server_day,5,0,2018-05-21,191,286,1,1287.63,1292.48,5.63333,0.827326,0.860355,-0.893384,0.0330285,,1
rb,XAUUSD,server_day,5,0,2018-05-29,208,286,1,1297.65,1298.64,5.17,0.155479,0.191489,-1.03602,0.0360105,,1
rb,XAUUSD,server_day,5,0,2018-06-01,187,286,1,1294.86,1293.27,5.51667,-0.32135,-0.287613,0.253876,0.0337372,,1
rb,XAUUSD,server_day,5,0,2018-06-14,195,286,-1,1303.17,1302.25,6.11333,0.119481,0.149945,-0.18041,0.0304642,,1
rb,XAUUSD,server_day,5,0,2018-06-15,199,286,-1,1284.93,1280.19,18.0767,0.251081,0.262032,-0.272983,0.0109509,,0
rb,XAUUSD,server_day,5,0,2018-06-19,180,203,-1,1270.6,1276,8.59667,-0.649767,-0.62815,0.606534,0.0216161,,0
rb,XAUUSD,server_day,5,0,2018-06-19,203,286,1,1276,1274.46,5.68667,-0.309236,-0.270223,0.23121,0.0390129,,1
rb,XAUUSD,server_day,5,0,2018-06-21,185,286,1,1264.62,1267.24,3.33,0.731014,0.786787,-1.05577,0.0557727,,1
rb,XAUUSD,server_day,5,0,2018-06-26,126,286,-1,1262.03,1258.45,6.88667,0.492404,0.519361,-1.02695,0.0269569,,0
rb,XAUUSD,server_day,5,0,2018-07-09,161,242,1,1264.35,1258.1,8.95667,-0.722552,-0.697804,0.673057,0.0247477,,0
rb,XAUUSD,server_day,5,0,2018-07-09,242,286,-1,1258.1,1257.41,7.73667,0.0609726,0.0896165,-0.11826,0.0286439,,1
rb,XAUUSD,server_day,5,0,2018-07-10,186,286,1,1252.88,1255.93,5.6,0.507221,0.544643,-0.582065,0.0374217,,1
rb,XAUUSD,server_day,5,0,2018-07-13,191,286,1,1242.62,1241.06,6.32,-0.279966,-0.246835,0.213705,0.0331307,,1
rb,XAUUSD,server_day,5,0,2018-07-17,209,286,-1,1230.32,1227.28,11.21,0.250383,0.271186,-0.29199,0.0208031,,0
rb,XAUUSD,server_day,5,0,2018-07-19,184,242,-1,1214.5,1222.62,11.36,-0.732136,-0.714789,0.697442,0.0173468,,0
rb,XAUUSD,server_day,5,0,2018-07-19,242,286,1,1222.62,1222.86,11.17,0.00169039,0.0214861,-0.0412819,0.0197957,,1
rb,XAUUSD,server_day,5,0,2018-07-31,197,241,1,1218.48,1224.55,4.55333,1.28717,1.33309,-1.04592,0.0459227,,1
rb,XAUUSD,server_day,5,0,2018-07-31,241,286,-1,1224.55,1223.94,3.97667,0.0925886,0.154233,-0.215877,0.0616445,,1
rb,XAUUSD,server_day,5,0,2018-08-10,133,286,1,1209.48,1211.38,3.78333,0.427063,0.501322,-1.07426,0.0742589,,1
rb,XAUUSD,server_day,5,0,2018-08-13,232,286,-1,1194.3,1193.64,17.09,0.0242998,0.0386191,-0.0529383,0.0143192,,0
rb,XAUUSD,server_day,5,0,2018-08-15,164,286,-1,1184.38,1174.65,10.4867,0.90421,0.927527,-1.02332,0.0233166,,0
rb,XAUUSD,server_day,5,0,2018-08-21,134,285,-1,1193.23,1196.3,3.06667,-1.06806,-1,-1.06805,0.0680631,,1
rb,XAUUSD,server_day,5,0,2018-08-23,181,262,1,1191.47,1186.28,5.18667,-1.05411,-1,0.945891,0.0541088,,1
rb,XAUUSD,server_day,5,0,2018-08-24,214,286,1,1206.01,1205.88,17.4767,-0.0216412,-0.00762922,-0.00638279,0.014012,,0
rb,XAUUSD,server_day,5,0,2018-08-30,202,286,-1,1196.82,1199.61,8.20333,-0.369538,-0.339699,0.309861,0.0298385,,0
rb,XAUUSD,server_day,5,0,2018-09-06,218,286,-1,1199.64,1199.97,7.31333,-0.0724882,-0.0455789,0.0186695,0.0269094,,1
rb,XAUUSD,server_day,5,0,2018-09-11,205,286,1,1191.84,1198.37,4.18333,1.50739,1.56016,-1.05276,0.0527645,,1
rb,XAUUSD,server_day,5,0,2018-09-21,191,286,-1,1195.56,1199.1,10.0033,-0.374418,-0.353549,0.33268,0.0208693,,0
rb,XAUUSD,server_day,5,0,2018-09-26,243,259,1,1197.6,1193.64,3.96,-1.06483,-1,0.935167,0.064833,,1
rb,XAUUSD,server_day,5,0,2018-09-26,260,286,-1,1191.27,1194.22,9.2,-0.34725,-0.320652,0.294055,0.0265977,,0
rb,XAUUSD,server_day,5,0,2018-10-02,194,286,1,1200.01,1202.74,11.57,0.215832,0.235955,-0.256078,0.0201227,,0
rb,XAUUSD,server_day,5,0,2018-10-08,183,286,-1,1189.49,1187.96,12.4167,0.107116,0.122953,-0.13879,0.0158369,,0
rb,XAUUSD,server_day,5,0,2018-10-11,187,286,1,1206.94,1224.82,15.5933,1.13422,1.14686,-1.01263,0.012635,,0
rb,XAUUSD,server_day,5,0,2018-10-15,140,286,1,1230.22,1226.81,11.1467,-0.327141,-0.30622,0.285299,0.020921,,0
rb,XAUUSD,server_day,5,0,2018-10-23,176,286,1,1237.13,1230.34,13.35,-0.525189,-0.508614,0.49204,0.0165747,,0
rb,XAUUSD,server_day,5,0,2018-10-25,119,286,-1,1236.08,1231.86,3.05667,1.31714,1.38168,-1.06454,0.0645395,,1
rb,XAUUSD,server_day,5,0,2018-11-01,196,286,1,1232.01,1233.04,15.5567,0.0510014,0.0659953,-0.0809892,0.0149939,,0
rb,XAUUSD,server_day,5,0,2018-11-09,186,286,-1,1212.84,1209.32,10.62,0.310645,0.33145,-0.352256,0.0208056,,0
rb,XAUUSD,server_day,5,0,2018-11-14,252,286,1,1214.9,1210.54,13.7933,-0.336224,-0.315853,0.295482,0.0203706,,0
rb,XAUUSD,server_day,5,0,2018-11-27,218,286,-1,1213.42,1214.47,10.5333,-0.119208,-0.0993671,0.0795258,0.0198413,,0
rb,XAUUSD,server_day,5,0,2018-12-06,229,286,-1,1239.76,1237.76,4.53333,0.37838,0.440441,-0.502502,0.0620609,,1
rb,XAUUSD,server_day,5,0,2018-12-14,219,286,1,1239.14,1238,6.25,-0.219734,-0.1824,0.145066,0.0373344,,1
rb,XAUUSD,server_day,5,0,2018-12-19,203,248,1,1256.84,1251.48,8.61333,-0.6508,-0.622291,0.593782,0.0285091,,0
rb,XAUUSD,server_day,5,0,2018-12-19,248,286,-1,1251.48,1242.98,6.51333,1.26498,1.3045,-1.03953,0.0395283,,1
rb,XAUUSD,server_day,5,0,2019-01-04,202,286,-1,1276.87,1284.53,14.2767,-0.553159,-0.536773,0.520388,0.0163855,,0
rb,XAUUSD,server_day,5,0,2019-01-18,186,286,-1,1281.86,1281.18,10.0633,0.0434639,0.0679033,-0.0923426,0.0244393,,0
rb,XAUUSD,server_day,5,0,2019-01-25,200,286,1,1292.75,1302.79,12.03,0.816112,0.83458,-0.853048,0.0184679,,0
rb,XAUUSD,server_day,5,0,2019-02-04,219,286,1,1314.7,1311.96,6.17,-0.485962,-0.444084,0.402206,0.0418779,,1
rb,XAUUSD,server_day,5,0,2019-02-11,219,286,1,1309.25,1308.1,5.65667,-0.25262,-0.202711,0.152801,0.0499095,,1
rb,XAUUSD,server_day,5,0,2019-02-19,209,286,1,1336.74,1341.16,18.3633,0.229402,0.240879,-0.252355,0.0114764,,0
rb,XAUUSD,server_day,5,0,2019-02-21,251,286,-1,1324.64,1323.3,15.9267,0.0676935,0.0839263,-0.100159,0.0162329,,0
rb,XAUUSD,server_day,5,0,2019-02-27,235,286,-1,1317.98,1319.62,9.44667,-0.197508,-0.173959,0.15041,0.0235494,,0
rb,XAUUSD,server_day,5,0,2019-03-01,255,286,-1,1293.34,1293.42,24.2733,-0.0137918,-0.00315847,-0.0074749,0.0106334,,0
rb,XAUUSD,server_day,5,0,2019-03-08,186,286,1,1297.51,1298.23,12.48,0.0408517,0.0576923,-0.0745329,0.0168406,,0
rb,XAUUSD,server_day,5,0,2019-03-28,183,286,-1,1294.09,1289.87,18.2133,0.219688,0.231881,-0.244075,0.0121937,,0
rb,XAUUSD,server_day,5,0,2019-04-04,199,212,-1,1280.98,1287.16,9.86,-0.651722,-0.626775,0.601828,0.024947,,0
rb,XAUUSD,server_day,5,0,2019-04-04,212,286,1,1287.16,1292.38,6.28,0.799672,0.83121,-1.03154,0.0315377,,1
rb,XAUUSD,server_day,5,0,2019-04-11,230,286,-1,1292.75,1292.26,13.7033,0.0180422,0.036001,-0.0539597,0.0179588,,0
rb,XAUUSD,server_day,5,0,2019-04-15,181,185,1,1288.39,1284.89,3.50333,-1.05995,-1,0.940053,0.0599466,,1
rb,XAUUSD,server_day,5,0,2019-04-15,198,286,-1,1282.64,1287.57,9.43333,-0.547066,-0.522261,0.497457,0.0248048,,0
rb,XAUUSD,server_day,5,0,2019-04-16,237,286,-1,1273.24,1276.69,14.0533,-0.259335,-0.245256,0.231178,0.0140785,,0
rb,XAUUSD,server_day,5,0,2019-04-23,212,227,-1,1266.34,1272.37,9.73,-0.642525,-0.619733,0.59694,0.0227925,,0
rb,XAUUSD,server_day,5,0,2019-04-23,227,286,1,1272.37,1272.1,6.16,-0.0856837,-0.0438312,0.00197869,0.0418525,,1
rb,XAUUSD,server_day,5,0,2019-05-01,260,286,-1,1273.76,1276.48,9.33667,-0.315443,-0.291682,0.26792,0.0237613,,0
rb,XAUUSD,server_day,5,0,2019-05-08,193,286,-1,1287.5,1280.49,3.94333,1.72359,1.77684,-1.05325,0.0532483,,1
rb,XAUUSD,server_day,5,0,2019-05-13,192,286,1,1295.24,1299.79,9.19667,0.472835,0.494382,-0.51593,0.0215475,,0
rb,XAUUSD,server_day,5,0,2019-05-16,221,286,-1,1284.76,1286.31,11.9633,-0.14784,-0.129284,0.110727,0.0185565,,0
rb,XAUUSD,server_day,5,0,2019-05-21,215,286,1,1274.51,1274.69,5.1,-0.0034989,0.0352941,-0.0740871,0.038793,,1
rb,XAUUSD,server_day,5,0,2019-05-23,184,286,1,1281.13,1283.56,6.76667,0.329367,0.358621,-0.387875,0.0292541,,0
rb,XAUUSD,server_day,5,0,2019-05-28,184,286,-1,1277.45,1279.4,6.12,-0.350964,-0.318627,0.286291,0.0323363,,0
rb,XAUUSD,server_day,5,0,2019-05-30,143,286,1,1277.7,1288.41,2.75333,3.79057,3.88862,-1.09803,0.0980494,,1
rb,XAUUSD,server_day,5,0,2019-06-05,165,216,1,1338.9,1329.77,14.08,-0.664253,-0.648438,0.632622,0.0158154,,0
rb,XAUUSD,server_day,5,0,2019-06-05,216,286,-1,1329.77,1330.09,14.27,-0.0371842,-0.0224247,0.0076651,0.0147596,,1
rb,XAUUSD,server_day,5,0,2019-06-07,227,286,-1,1341.15,1340.24,7.08333,0.0982443,0.128,-0.157756,0.0297557,,1
rb,XAUUSD,server_day,5,0,2019-06-12,197,286,-1,1331.05,1333.23,7.33,-0.326146,-0.297408,0.26867,0.0287381,,1
rb,XAUUSD,server_day,5,0,2019-06-14,120,196,1,1356.52,1345.81,17.4233,-0.626798,-0.614693,0.602588,0.0121054,,0
rb,XAUUSD,server_day,5,0,2019-06-14,196,286,-1,1345.81,1340.82,12.3133,0.387861,0.404981,-0.422101,0.0171202,,1
rb,XAUUSD,server_day,5,0,2019-06-18,200,286,-1,1344.32,1346.51,10.2467,-0.232808,-0.213403,0.193998,0.0194049,,1
rb,XAUUSD,server_day,5,0,2019-06-20,48,286,1,1388.91,1388.35,34.4167,-0.0221629,-0.016368,0.0105731,0.00579489,,0
rb,XAUUSD,server_day,5,0,2019-06-25,102,286,-1,1427.21,1423.19,12.0033,0.317971,0.334629,-1.01665,0.0166581,,1
rb,XAUUSD,server_day,5,0,2019-06-28,107,286,-1,1414.62,1409.91,9.98333,0.447836,0.471452,-0.495069,0.0236165,,1
rb,XAUUSD,server_day,5,0,2019-07-01,119,286,-1,1383.19,1383.75,30.19,-0.025153,-0.0185492,0.0119454,0.0066038,,0
rb,XAUUSD,server_day,5,0,2019-07-02,264,286,1,1409.82,1418,22.11,0.360932,0.369968,-0.379005,0.0090364,,0
rb,XAUUSD,server_day,5,0,2019-07-10,216,231,-1,1403.06,1411.45,8.38667,-1.02954,-1,0.970465,0.0295352,,1
rb,XAUUSD,server_day,5,0,2019-07-10,270,286,1,1417.3,1417.87,22.9267,0.0133827,0.0247165,-0.0360503,0.0113338,,0
rb,XAUUSD,server_day,5,0,2019-07-23,169,286,1,1421.21,1417.6,7.08333,-0.543417,-0.510118,-1.03331,0.0332995,,1
rb,XAUUSD,server_day,5,0,2019-07-31,254,261,1,1424.18,1416.05,8.13,-1.02459,-1,0.975414,0.0245857,,1
rb,XAUUSD,server_day,5,0,2019-07-31,262,286,-1,1413.24,1412.23,15.45,0.0524415,0.0653722,-0.0783028,0.0129306,,0
rb,XAUUSD,server_day,5,0,2019-08-05,207,286,1,1466.38,1463.72,26.8633,-0.10636,-0.0988956,0.0914315,0.0074641,,0
rb,XAUUSD,server_day,5,0,2019-08-07,181,286,1,1499.09,1501.25,30.62,0.0631939,0.0705421,-0.0778903,0.00734822,,0
rb,XAUUSD,server_day,5,0,2019-08-12,260,286,1,1518.51,1511.72,18.56,-0.376682,-0.365841,0.354999,0.0108411,,0
rb,XAUUSD,server_day,5,0,2019-08-23,213,286,1,1516.45,1526.25,18.07,0.531195,0.542335,-0.553475,0.01114,,0
rb,XAUUSD,server_day,5,0,2019-08-26,69,286,-1,1539.81,1527.38,15.4,0.79406,0.807143,-0.820225,0.0130825,,1
rb,XAUUSD,server_day,5,0,2019-09-03,216,286,1,1546.31,1548.7,22.78,0.0944835,0.104917,-0.11535,0.0104331,,0
rb,XAUUSD,server_day,5,0,2019-09-05,208,286,-1,1515.39,1518.89,32.3933,-0.114156,-0.107944,0.101732,0.00621239,,0
rb,XAUUSD,server_day,5,0,2019-09-12,178,225,1,1513.41,1501.17,19.83,-0.627993,-0.617247,0.6065,0.0107464,,0
rb,XAUUSD,server_day,5,0,2019-09-12,225,286,-1,1501.17,1498.97,22.96,0.0834059,0.0958188,-0.108232,0.0124129,,1
rb,XAUUSD,server_day,5,0,2019-09-18,271,286,1,1494.13,1493.24,11.16,-0.0977519,-0.0797491,0.0617463,0.0180028,,1
rb,XAUUSD,server_day,5,0,2019-09-24,254,286,-1,1528.77,1531.17,6.86333,-0.379517,-0.35017,0.320823,0.0293472,,1
rb,XAUUSD,server_day,5,0,2019-09-27,198,231,-1,1487.12,1499.12,18.5633,-0.659198,-0.646436,0.633674,0.0127619,,0
rb,XAUUSD,server_day,5,0,2019-09-27,231,286,1,1499.12,1496.61,12.3333,-0.222025,-0.203784,0.185543,0.0182408,,1
rb,XAUUSD,server_day,5,0,2019-09-30,245,286,-1,1465.94,1472.29,30.9767,-0.211575,-0.205101,0.198626,0.0064748,,0
rb,XAUUSD,server_day,5,0,2019-10-10,253,282,1,1499.37,1491.62,7.74667,-1.03059,-1,0.969414,0.0305857,,1
rb,XAUUSD,server_day,5,0,2019-10-11,229,286,1,1483.95,1487.93,10.0167,0.369238,0.397671,-0.426103,0.0284329,,1
rb,XAUUSD,server_day,5,0,2019-10-23,163,199,-1,1490.87,1494.99,4.11667,-1.05755,-1,0.942453,0.0575468,,1
rb,XAUUSD,server_day,5,0,2019-10-25,219,286,-1,1508.6,1504.16,9.33333,0.446098,0.475357,-0.504617,0.0292596,,1
rb,XAUUSD,server_day,5,0,2019-11-05,190,286,-1,1493.86,1483.78,15.67,0.631216,0.643267,-0.655319,0.0120513,,0
rb,XAUUSD,server_day,5,0,2019-11-07,213,286,-1,1472.77,1468.52,16.29,0.247846,0.260896,-0.273947,0.0130503,,0
rb,XAUUSD,server_day,5,0,2019-11-18,185,286,1,1462.72,1470.78,6.44333,1.22113,1.25039,-1.02926,0.0292604,,1
rb,XAUUSD,server_day,5,0,2019-12-03,201,286,1,1478.6,1477.32,18.0533,-0.0844918,-0.0707164,0.056941,0.0137754,,0
rb,XAUUSD,server_day,5,0,2019-12-06,186,186,-1,1464.89,1476.3,11.4167,-1.01652,-1,0.983481,0.0165187,,0
rb,XAUUSD,server_day,5,0,2019-12-10,202,286,-1,1465.21,1464.35,3.95667,0.15539,0.218197,-0.281004,0.0628071,,1
rb,XAUUSD,server_day,5,0,2019-12-11,263,286,1,1478.25,1474.72,13.76,-0.274613,-0.256541,0.238469,0.018072,,0
rb,XAUUSD,server_day,5,0,2019-12-18,194,286,1,1473.24,1475.45,2.86333,0.683827,0.770664,-1.08684,0.0868362,,1
rb,XAUUSD,server_day,5,0,2019-12-23,183,240,-1,1480.65,1485.21,4.55667,-1.05986,-1,0.94014,0.0598598,,1
rb,XAUUSD,server_day,5,0,2019-12-23,267,286,1,1485.81,1485.38,7.59667,-0.0897936,-0.0570426,0.0242916,0.032751,,0
rb,XAUUSD,server_day,5,0,2019-12-27,13,286,1,1510.77,1510.63,27.7933,-0.0183191,-0.00503718,-0.00824478,0.013282,,0
rb,XAUUSD,server_day,5,0,2020-01-03,13,286,1,1528.25,1551.44,14.34,1.59557,1.61715,-1.02158,0.021587,,0
rb,XAUUSD,server_day,5,0,2020-01-08,27,131,1,1604.05,1581.96,35.4567,-0.628043,-0.623014,0.617985,0.00502873,,0
rb,XAUUSD,server_day,5,0,2020-01-08,131,286,-1,1581.96,1556.36,29.3867,0.866834,0.871257,-1.00442,0.00442269,,1
rb,XAUUSD,server_day,5,0,2020-01-14,119,286,1,1543.03,1546.25,7.07333,0.427951,0.45476,-0.481568,0.0268084,,1
rb,XAUUSD,server_day,5,0,2020-01-15,201,258,-1,1551.41,1557,5.58667,-1.03611,-1,0.963886,0.0361144,,1
rb,XAUUSD,server_day,5,0,2020-01-21,114,286,-1,1562.25,1557.91,6.34,0.667848,0.684543,-1.01669,0.0166942,,1
rb,XAUUSD,server_day,5,0,2020-01-23,252,286,-1,1561.83,1562.8,6.08,-0.190768,-0.159539,0.12831,0.031229,,1
rb,XAUUSD,server_day,5,0,2020-01-27,25,286,-1,1579.07,1581.88,9.21,-0.334867,-0.305103,0.275339,0.029764,,1
rb,XAUUSD,server_day,5,0,2020-02-11,247,286,1,1567.55,1567.63,5.63,-0.0237915,0.0142096,-0.0522107,0.0380011,,1
rb,XAUUSD,server_day,5,0,2020-02-18,200,207,-1,1588.13,1593.35,5.22333,-1.03183,-1,0.968168,0.0318322,,1
rb,XAUUSD,server_day,5,0,2020-02-18,215,286,1,1600.12,1601.35,19.5433,0.0570488,0.0631076,-0.0691665,0.00605886,,0
rb,XAUUSD,server_day,5,0,2020-02-20,214,222,-1,1616.32,1622.48,6.15667,-1.03097,-1,0.96903,0.0309699,,1
rb,XAUUSD,server_day,5,0,2020-02-21,206,286,1,1647.27,1643.73,31.66,-0.11671,-0.111813,0.106916,0.00489694,,0
rb,XAUUSD,server_day,5,0,2020-02-24,126,257,1,1685.98,1655.67,48.6833,-0.62554,-0.622595,0.61965,0.00294539,,0
rb,XAUUSD,server_day,5,0,2020-02-24,257,286,-1,1655.67,1658.5,33.5833,-0.0875593,-0.0843672,0.0811752,0.00319203,,1
rb,XAUUSD,server_day,5,0,2020-02-28,122,173,1,1632.82,1621.16,11.6633,-1.00916,-1,0.990845,0.00915501,,1
rb,XAUUSD,server_day,5,0,2020-02-28,205,286,-1,1607.64,1584.7,38.9533,0.586265,0.588995,-1.00273,0.0027301,,0
rb,XAUUSD,server_day,5,0,2020-03-03,231,286,1,1644.32,1639.48,52.32,-0.0945525,-0.0925076,0.0904628,0.00204485,,0
rb,XAUUSD,server_day,5,0,2020-03-05,257,286,1,1669.96,1671.58,29.7333,0.0477559,0.0545964,-0.0614369,0.0068405,,0
rb,XAUUSD,server_day,5,0,2020-03-12,194,286,-1,1584.33,1578.63,62.6033,0.0894073,0.0911027,-0.0927982,0.00169545,,0
rb,XAUUSD,server_day,5,0,2020-03-24,155,155,-1,1580.65,1611.01,30.3633,-1.06002,-1,0.939982,0.0600178,,1
rb,XAUUSD,server_day,5,0,2020-03-31,196,240,1,1609.51,1594.95,14.5567,-1.00401,-1,0.995986,0.00401405,,1
rb,XAUUSD,server_day,5,0,2020-03-31,245,286,-1,1587.02,1576.78,34.1767,0.298172,0.299522,-0.300872,0.00135024,,0
rb,XAUUSD,server_day,5,0,2020-04-06,202,286,1,1646.08,1658.19,30.22,0.392815,0.400728,-0.408641,0.00791297,,0
rb,XAUUSD,server_day,5,0,2020-04-09,192,286,1,1674.08,1683.56,27.2433,0.339306,0.348097,-0.356889,0.00879127,,0
rb,XAUUSD,server_day,5,0,2020-04-17,118,160,1,1704.71,1684.96,19.7467,-1.01214,-1,0.98786,0.0121402,,1
rb,XAUUSD,server_day,5,0,2020-04-28,147,204,1,1704.68,1692.22,12.4567,-1.01925,-1,0.980751,0.019249,,1
rb,XAUUSD,server_day,5,0,2020-04-30,231,286,-1,1681.3,1685.98,28.14,-0.174825,-0.166311,0.157798,0.00851354,,0
rb,XAUUSD,server_day,5,0,2020-05-15,260,286,-1,1740.63,1741.85,11.0467,-0.131899,-0.110139,0.0883786,0.0217602,,1
rb,XAUUSD,server_day,5,0,2020-05-18,184,286,-1,1752.82,1732.2,12.2633,1.66156,1.68116,-1.01961,0.0196028,,1
rb,XAUUSD,server_day,5,0,2020-05-21,204,286,-1,1730.07,1726.76,17.7467,0.172791,0.186326,-0.199861,0.0135348,,0
rb,XAUUSD,server_day,5,0,2020-05-26,215,286,-1,1710.6,1710.31,22.6667,0.00206119,0.0126471,-0.0232329,0.0105859,,0
rb,XAUUSD,server_day,5,0,2020-06-03,209,286,-1,1693.68,1698.26,37.6,-0.124036,-0.121809,0.119581,0.00222722,,0
rb,XAUUSD,server_day,5,0,2020-06-05,210,286,-1,1674.54,1684.3,35.9633,-0.273617,-0.271295,0.268973,0.00232214,,0
rb,XAUUSD,server_day,5,0,2020-06-15,218,286,1,1720.8,1725.24,16.6867,0.261239,0.26628,-0.271322,0.00504129,,1
rb,XAUUSD,server_day,5,0,2020-06-22,215,286,-1,1751.3,1754.55,11.8967,-0.280012,-0.272906,0.265799,0.00710627,,1
rb,XAUUSD,server_day,5,0,2020-06-26,216,286,1,1756.3,1769.57,8.87333,1.48557,1.49512,-1.00954,0.00954333,,1
rb,XAUUSD,server_day,5,0,2020-07-21,184,286,1,1838.2,1841.48,23.7433,0.134673,0.138284,-0.141896,0.00361187,,0
rb,XAUUSD,server_day,5,0,2020-07-22,126,230,-1,1851.44,1865.72,14.2833,-1.00602,-1,0.993978,0.00602241,,1
rb,XAUUSD,server_day,5,0,2020-07-23,254,286,-1,1881.91,1885.97,16.4467,-0.251908,-0.246656,0.241404,0.00525184,,1
rb,XAUUSD,server_day,5,0,2020-07-27,74,286,1,1936.87,1940.96,40.3933,0.0985853,0.101337,-0.104088,0.00275156,,0
rb,XAUUSD,server_day,5,0,2020-07-28,72,286,-1,1956.87,1957.98,24.2867,-0.0491657,-0.0455668,-1.00359,0.00359885,,1
rb,XAUUSD,server_day,5,0,2020-08-04,271,286,1,2011.63,2018.53,37.8767,0.179753,0.182082,-0.184411,0.0023289,,0
rb,XAUUSD,server_day,5,0,2020-08-05,231,286,-1,2036.68,2038.96,18.89,-0.125385,-0.120699,0.116012,0.00468658,,1
rb,XAUUSD,server_day,5,0,2020-08-11,133,286,-1,1983.86,1912.57,48.3467,1.47268,1.47449,-1.00181,0.00180519,,0
rb,XAUUSD,server_day,5,0,2020-08-17,245,286,1,1990.24,1984.43,44.2333,-0.133259,-0.131274,0.129288,0.00198544,,0
rb,XAUUSD,server_day,5,0,2020-08-19,255,286,-1,1940.49,1927.66,57.3967,0.221539,0.223474,-0.225409,0.00193525,,0
rb,XAUUSD,server_day,5,0,2020-08-21,186,286,1,1928.72,1938.98,17.46,0.582642,0.587629,-0.592616,0.00498705,,1
rb,XAUUSD,server_day,5,0,2020-08-26,193,286,1,1914.88,1953.14,12.2367,3.11982,3.12694,-1.0071,0.007116,,1
rb,XAUUSD,server_day,5,0,2020-09-01,204,286,-1,1978.43,1970.63,13.86,0.556447,0.562771,-1.00632,0.00632348,,1
rb,XAUUSD,server_day,5,0,2020-09-17,178,193,1,1948.13,1936.97,11.1633,-1.00781,-1,0.992189,0.0078109,,1
rb,XAUUSD,server_day,5,0,2020-09-21,184,286,-1,1926.7,1911.92,24.7867,0.592649,0.596154,-1.0035,0.00350472,,0
rb,XAUUSD,server_day,5,0,2020-09-23,153,204,1,1889.98,1873.16,16.8167,-1.00513,-1,0.994866,0.00513431,,1
rb,XAUUSD,server_day,5,0,2020-09-23,225,286,-1,1864.59,1862.74,40.4167,0.0435606,0.0456907,-0.0478208,0.00213009,,0
rb,XAUUSD,server_day,5,0,2020-10-09,191,286,1,1920.7,1929.87,28.66,0.316924,0.319958,-0.322992,0.00303398,,0
rb,XAUUSD,server_day,5,0,2020-10-13,198,286,-1,1901.18,1891.07,23.49,0.426712,0.430396,-0.43408,0.00368437,,0
rb,XAUUSD,server_day,5,0,2020-10-28,169,286,-1,1886.07,1876.81,19.4633,0.471502,0.475938,-0.480374,0.00443604,,0
rb,XAUUSD,server_day,5,0,2020-11-09,170,286,-1,1913.47,1863.13,35.76,1.4053,1.40772,-1.00242,0.00241712,,0
rb,XAUUSD,server_day,5,0,2020-11-13,248,286,-1,1886.12,1889.28,10.6333,-0.31352,-0.297492,0.281464,0.0160277,,1
rb,XAUUSD,server_day,5,0,2020-11-18,182,286,1,1873.54,1871.97,10.0733,-0.165938,-0.156188,-1.00976,0.00975036,,1
rb,XAUUSD,server_day,5,0,2020-11-23,203,286,-1,1842.2,1837.49,28.27,0.163574,0.166608,-0.169641,0.00303353,,0
rb,XAUUSD,server_day,5,0,2020-11-30,28,286,-1,1784.09,1777.64,24.72,0.257487,0.260922,-0.264358,0.00343576,,0
rb,XAUUSD,server_day,5,0,2020-12-01,242,286,1,1815.69,1815.42,38.3933,-0.0104207,-0.00694565,0.00347063,0.00347502,,0
rb,XAUUSD,server_day,5,0,2020-12-07,217,286,1,1867.2,1863.1,28.5767,-0.146604,-0.14359,0.140577,0.00301337,,0
rb,XAUUSD,server_day,5,0,2020-12-09,182,199,1,1862.24,1851.48,10.76,-1.00911,-1,0.990893,0.00910744,,1
rb,XAUUSD,server_day,5,0,2020-12-09,203,286,-1,1847.13,1839.41,21.63,0.352945,0.356912,-1.00396,0.00396698,,0
rb,XAUUSD,server_day,5,0,2020-12-17,200,286,1,1892.71,1886.04,34.53,-0.195669,-0.193165,0.190662,0.00250366,,0
rb,XAUUSD,server_day,5,0,2020-12-21,83,141,1,1899.83,1887.63,17.3233,-0.709246,-0.704252,0.699258,0.00499397,,0
rb,XAUUSD,server_day,5,0,2020-12-21,141,286,-1,1887.63,1876.25,19.0733,0.591943,0.59647,-1.00452,0.00452711,,1
rb,XAUUSD,server_day,5,0,2020-12-28,102,286,-1,1881.77,1873.05,18.4267,0.466772,0.473408,-0.480044,0.00663624,,1
rb,XAUUSD,server_day,5,0,2021-01-04,44,286,1,1917.83,1943.23,29.8567,0.846097,0.85062,-0.855142,0.00452252,,0
rb,XAUUSD,server_day,5,0,2021-01-06,181,209,1,1938.53,1925.3,13.23,-1.00658,-1,0.99342,0.0065795,,1
rb,XAUUSD,server_day,5,0,2021-01-06,211,286,-1,1919.75,1918.79,26.06,0.0335046,0.0368381,-0.0401715,0.00333345,,0
rb,XAUUSD,server_day,5,0,2021-01-08,120,286,-1,1883.44,1849.04,32.5367,1.05452,1.05717,-1.00265,0.00264709,,0
rb,XAUUSD,server_day,5,0,2021-01-20,178,196,-1,1845.75,1857.37,11.6167,-1.0074,-1,-1.00738,0.00739643,,1
rb,XAUUSD,server_day,5,0,2021-01-20,197,286,1,1859.23,1871.42,19.8233,0.610588,0.614932,-0.619276,0.0043441,,0
rb,XAUUSD,server_day,5,0,2021-01-22,168,286,-1,1843.6,1854.67,24.11,-0.460219,-0.459146,0.458072,0.00107374,,0
rb,XAUUSD,server_day,5,0,2021-01-27,192,204,-1,1832.53,1845.93,21.3,-0.630317,-0.629108,0.627899,0.00120888,,0
rb,XAUUSD,server_day,5,0,2021-01-27,204,286,1,1845.93,1843.83,14.58,-0.145804,-0.144033,0.142261,0.00177149,,1
rb,XAUUSD,server_day,5,0,2021-02-04,132,286,-1,1812.17,1793.12,24.0967,0.78938,0.790427,-1.00105,0.00104732,,0
rb,XAUUSD,server_day,5,0,2021-02-08,181,192,-1,1821.74,1831.5,9.76,-1.00877,-1,0.991232,0.00876769,,1
rb,XAUUSD,server_day,5,0,2021-02-16,192,204,-1,1792.74,1812.9,29.05,-0.694845,-0.693976,0.693107,0.000868829,,0
rb,XAUUSD,server_day,5,0,2021-02-16,204,286,1,1812.9,1794.56,23.42,-0.78417,-0.783091,0.782013,0.00107823,,1
rb,XAUUSD,server_day,5,0,2021-02-24,204,286,1,1795.11,1805.33,11.68,0.872842,0.875,-0.877158,0.0021578,,1
rb,XAUUSD,server_day,5,0,2021-03-11,144,286,-1,1732.54,1722.38,7.35,1.37902,1.38231,-1.00329,0.0032904,,1
rb,XAUUSD,server_day,5,0,2021-03-12,216,286,1,1714.47,1726.92,15.26,0.81428,0.815858,-0.817437,0.00157862,,1
rb,XAUUSD,server_day,5,0,2021-03-17,252,252,-1,1732.2,1749.95,17.75,-1.00137,-1,0.998627,0.00137324,,1
rb,XAUUSD,server_day,5,0,2021-03-29,192,193,-1,1708.82,1725.77,21.55,-0.787659,-0.786543,0.785427,0.00111564,,0
rb,XAUUSD,server_day,5,0,2021-03-29,193,202,1,1725.77,1706.13,19.64,-1.00428,-1,0.995722,0.00427817,,1
rb,XAUUSD,server_day,5,0,2021-04-06,193,204,-1,1734.2,1742,7.79667,-1.01082,-1,0.989183,0.0108166,,1
rb,XAUUSD,server_day,5,0,2021-04-08,204,286,1,1758.19,1756.14,20.6933,-0.100093,-0.0989046,0.0977158,0.0011888,,0
rb,XAUUSD,server_day,5,0,2021-04-15,204,286,1,1762.94,1763.5,23.5567,0.0225831,0.023631,-0.0246789,0.0010479,,0
rb,XAUUSD,server_day,5,0,2021-04-21,194,203,-1,1784.8,1797.62,12.8233,-1.00663,-1,0.993365,0.00663454,,1
rb,XAUUSD,server_day,5,0,2021-04-28,60,120,1,1771.78,1766.43,5.35333,-1.00463,-1,0.995373,0.00462656,,1
rb,XAUUSD,server_day,5,0,2021-05-03,109,120,-1,1772.53,1780.07,7.54,-1.0033,-1,0.996702,0.00329817,,1
rb,XAUUSD,server_day,5,0,2021-05-03,180,286,1,1783.08,1793.04,14.1233,0.70368,0.705452,-1.00177,0.00177244,,0
rb,XAUUSD,server_day,5,0,2021-05-06,192,193,1,1811.35,1792.06,29.38,-0.657428,-0.656569,0.655711,0.000858539,,0
rb,XAUUSD,server_day,5,0,2021-05-06,193,204,-1,1792.06,1813.14,21.08,-1.0012,-1,0.998803,0.00119717,,1
rb,XAUUSD,server_day,5,0,2021-05-07,181,190,-1,1818.51,1843.26,24.75,-1.00104,-1,0.998964,0.00103565,,1
rb,XAUUSD,server_day,5,0,2021-05-11,193,286,1,1828.48,1836.8,10.43,0.795239,0.797699,-0.800159,0.00245992,,1
rb,XAUUSD,server_day,5,0,2021-05-19,180,193,1,1863.37,1866.62,11.24,0.286823,0.289146,-1.00233,0.00232295,,1
rb,XAUUSD,server_day,5,0,2021-05-19,193,203,-1,1866.62,1890.06,23.44,-1.00112,-1,0.998878,0.00112188,,1
rb,XAUUSD,server_day,5,0,2021-05-25,252,286,1,1899.04,1899.18,17.86,0.00635008,0.00783875,-0.00932741,0.00148866,,0
rb,XAUUSD,server_day,5,0,2021-06-03,180,286,-1,1884.25,1870.7,19.7833,0.68376,0.685088,-0.686417,0.00132863,,0
rb,XAUUSD,server_day,5,0,2021-06-10,121,131,1,1884.52,1876.62,7.9,-1.00333,-1,0.996667,0.00333266,,1
rb,XAUUSD,server_day,5,0,2021-06-10,180,192,-1,1872.86,1891.73,18.8633,-1.0014,-1,0.998603,0.001397,,0
rb,XAUUSD,server_day,5,0,2021-06-14,192,286,1,1866.05,1866.31,21.2833,0.010832,0.0120595,-0.0132871,0.00122756,,1
rb,XAUUSD,server_day,5,0,2021-06-16,252,252,-1,1833.12,1859.9,26.7867,-1.00097,-1,0.999035,0.000965075,,0
rb,XAUUSD,server_day,5,0,2021-06-29,180,181,-1,1755.98,1771.73,22.5233,-0.700223,-0.699127,0.69803,0.00109637,,0
rb,XAUUSD,server_day,5,0,2021-06-29,181,191,1,1771.73,1750.69,21.04,-1.00288,-1,0.997117,0.00288293,,1
rb,XAUUSD,server_day,5,0,2021-07-02,181,192,-1,1784.35,1793.87,9.52333,-1.00263,-1,0.99737,0.00263012,,1
rb,XAUUSD,server_day,5,0,2021-07-06,216,286,-1,1796.81,1797.05,18.1867,-0.0143965,-0.0130132,0.0116299,0.00138327,,1
rb,XAUUSD,server_day,5,0,2021-07-08,192,286,-1,1810.94,1802.35,7.51333,1.13949,1.14286,-1.00337,0.00336642,,1
rb,XAUUSD,server_day,5,0,2021-07-16,205,213,1,1824.31,1811.92,12.39,-1.0069,-1,0.993103,0.00689698,,1
rb,XAUUSD,server_day,5,0,2021-07-29,216,286,1,1831.1,1827.79,27.9367,-0.119518,-0.118602,0.117685,0.000916797,,0
rb,XAUUSD,server_day,5,0,2021-08-04,169,178,-1,1813.48,1819.16,5.68,-1.01504,-1,0.98496,0.0150402,,1
rb,XAUUSD,server_day,5,0,2021-08-04,180,204,1,1822.29,1810.75,11.5333,-1.00221,-1,0.997795,0.00220502,,0
rb,XAUUSD,server_day,5,0,2021-08-06,180,181,-1,1779.01,1799.02,26.46,-0.757182,-0.756236,0.755289,0.000946569,,0
rb,XAUUSD,server_day,5,0,2021-08-06,181,190,1,1799.02,1775.56,23.46,-1.00414,-1,0.995864,0.00413564,,1
rb,XAUUSD,server_day,5,0,2021-08-09,12,13,-1,1700.2,1761.08,75.3233,-0.808526,-0.808205,0.807883,0.000321666,,0
rb,XAUUSD,server_day,5,0,2021-08-09,13,24,1,1761.08,1684.08,77,-1.00203,-1,0.997973,0.00202748,,1
rb,XAUUSD,server_day,5,0,2021-08-13,216,286,1,1776.77,1779.7,25.8933,0.112324,0.113285,-0.114247,0.000961455,,0
rb,XAUUSD,server_day,5,0,2021-08-23,180,286,1,1796.82,1805.18,14.27,0.584078,0.585844,-0.587611,0.00176692,,0
rb,XAUUSD,server_day,5,0,2021-08-25,37,60,1,1802.58,1793.91,8.67,-1.01259,-1,0.987408,0.0125923,,1
rb,XAUUSD,server_day,5,0,2021-08-25,168,286,-1,1790.33,1790.33,14.0233,-0.00154965,0.000237699,-0.00202505,0.00178735,,0
rb,XAUUSD,server_day,5,0,2021-08-27,205,216,-1,1795.16,1809.01,13.85,-1.00615,-1,0.993846,0.00615373,,1
rb,XAUUSD,server_day,5,0,2021-08-27,240,286,1,1818.04,1817.85,28.07,-0.0076755,-0.00676879,0.00586209,0.000906706,,0
rb,XAUUSD,server_day,5,0,2021-09-03,180,181,1,1828.47,1815.82,17.95,-0.706157,-0.704735,0.703314,0.00142117,,0
rb,XAUUSD,server_day,5,0,2021-09-03,181,204,-1,1815.82,1829.49,13.67,-1.00626,-1,0.993744,0.00625583,,1
rb,XAUUSD,server_day,5,0,2021-09-16,179,286,-1,1771.21,1752.72,25.8967,0.71291,0.713863,-0.714815,0.000952535,,0
rb,XAUUSD,server_day,5,0,2021-09-28,128,165,1,1743.07,1735.89,7.18,-1.00339,-1,0.996608,0.00339174,,1
rb,XAUUSD,server_day,5,0,2021-10-08,194,206,1,1778.9,1763.92,20.9533,-0.720115,-0.714922,0.70973,0.00519248,,0
rb,XAUUSD,server_day,5,0,2021-10-08,206,286,-1,1763.92,1757.1,17.3933,0.385666,0.391913,-0.398159,0.00624648,,1
rb,XAUUSD,server_day,5,0,2021-10-12,223,286,-1,1760.04,1760.19,9.29333,-0.0281896,-0.0164993,0.00480901,0.0116903,,1
rb,XAUUSD,server_day,5,0,2021-10-13,208,286,1,1788.02,1792.98,27.9367,0.173521,0.177425,-0.181329,0.00390408,,0
rb,XAUUSD,server_day,5,0,2021-10-15,183,286,-1,1774.29,1767.82,20.0733,0.317064,0.322484,-0.327904,0.00541987,,0
rb,XAUUSD,server_day,5,0,2021-10-19,130,210,1,1782.71,1770.93,17.09,-0.695663,-0.689292,0.682921,0.00637071,,0
rb,XAUUSD,server_day,5,0,2021-10-19,210,286,-1,1770.93,1768.59,14.21,0.157018,0.164673,-0.172328,0.00765494,,1
rb,XAUUSD,server_day,5,0,2021-10-22,188,223,1,1801.96,1789.07,19.17,-0.678098,-0.672405,0.666712,0.00569313,,0
rb,XAUUSD,server_day,5,0,2021-10-22,223,286,-1,1789.07,1792.68,24.76,-0.150205,-0.1458,0.141394,0.00440518,,1
rb,XAUUSD,server_day,5,0,2021-10-28,199,286,-1,1802.51,1798.9,7.91333,0.44197,0.455771,-1.0138,0.0138007,,1
rb,XAUUSD,server_day,5,0,2021-10-29,187,188,1,1790.68,1782.44,8.24,-1.01323,-1,0.98677,0.0132296,,1
rb,XAUUSD,server_day,5,0,2021-10-29,201,286,-1,1772.59,1782.6,27.96,-0.361906,-0.358011,0.354117,0.00389436,,0
rb,XAUUSD,server_day,5,0,2021-11-03,82,111,1,1783.81,1779.28,4.53333,-1.02403,-1,0.975969,0.0240312,,1
rb,XAUUSD,server_day,5,0,2021-11-03,194,286,-1,1773.77,1772.08,16.3433,0.0969516,0.10361,-0.110268,0.00665843,,0
rb,XAUUSD,server_day,5,0,2021-11-10,188,286,1,1850.21,1849.91,22.3167,-0.0185168,-0.0135922,0.00866762,0.00492461,,0
rb,XAUUSD,server_day,5,0,2021-11-22,198,286,-1,1814.32,1805.56,37.0633,0.233492,0.236442,-0.239392,0.00295006,,0
rb,XAUUSD,server_day,5,0,2021-12-14,189,286,-1,1772.33,1770.49,14.5467,0.118781,0.12626,-0.13374,0.00747936,,0
rb,XAUUSD,server_day,5,0,2021-12-28,193,286,-1,1815.78,1805.71,4.38,2.27412,2.29909,-1.02497,0.0249659,,1
rb,XAUUSD,server_day,5,0,2021-12-29,205,286,1,1800.41,1804,10.9933,0.316322,0.326258,-0.336194,0.0099361,,1
rb,XAUUSD,server_day,5,0,2022-01-03,204,286,-1,1802.53,1801.34,21.91,0.0493278,0.0543131,-0.0592984,0.00498526,,0
rb,XAUUSD,server_day,5,0,2022-01-05,210,286,-1,1821.56,1809.84,8.10667,1.43264,1.44613,-1.0135,0.0134975,,1
rb,XAUUSD,server_day,5,0,2022-01-11,148,215,-1,1805.88,1810.27,4.39333,-1.02488,-1,0.975118,0.0248816,,1
rb,XAUUSD,server_day,5,0,2022-01-11,240,286,1,1817.84,1822.32,19.7233,0.22176,0.227311,-0.232862,0.00555084,,0
rb,XAUUSD,server_day,5,0,2022-01-18,186,286,1,1811.72,1813.67,5.97333,0.307582,0.325893,-1.01832,0.018311,,1
rb,XAUUSD,server_day,5,0,2022-01-19,216,286,1,1839.38,1840.26,25.32,0.0304203,0.0347551,-0.0390899,0.00433481,,0
rb,XAUUSD,server_day,5,0,2022-01-21,142,286,1,1833.78,1833.66,5.25333,-0.0443538,-0.0234772,-1.02088,0.0208767,,1
rb,XAUUSD,server_day,5,0,2022-01-25,267,286,-1,1848.51,1847.91,5.34667,0.0922927,0.112843,-0.133393,0.0205502,,1
rb,XAUUSD,server_day,5,0,2022-01-26,261,286,-1,1818.38,1818.43,27.1967,-0.0059857,-0.00196102,-0.00206365,0.00402467,,0
rb,XAUUSD,server_day,5,0,2022-02-01,186,286,-1,1802.65,1800.97,6.11667,0.257347,0.275204,-0.293061,0.017857,,1
rb,XAUUSD,server_day,5,0,2022-02-11,249,286,1,1859.21,1861.64,28.9733,0.0801871,0.0839853,-0.0877835,0.00379818,,0
rb,XAUUSD,server_day,5,0,2022-02-17,237,286,1,1899.54,1897.87,35.73,-0.0498344,-0.0467394,0.0436445,0.00309493,,0
rb,XAUUSD,server_day,5,0,2022-02-22,125,286,-1,1904.98,1898.52,9.04333,0.701737,0.71397,-1.01223,0.0122327,,1
rb,XAUUSD,server_day,5,0,2022-02-24,74,208,1,1936.43,1915.65,33.77,-0.618625,-0.615339,-1.0033,0.00328589,,0
rb,XAUUSD,server_day,5,0,2022-02-24,208,286,-1,1915.65,1903.55,58.72,0.204177,0.206063,-0.207948,0.0018858,,1
rb,XAUUSD,server_day,5,0,2022-03-04,204,217,-1,1943.79,1959.33,15.54,-1.00716,-1,0.992836,0.00716357,,1
rb,XAUUSD,server_day,5,0,2022-03-04,225,286,1,1962.94,1968.68,30.02,0.187491,0.191206,-0.194921,0.0037149,,0
rb,XAUUSD,server_day,5,0,2022-03-07,97,141,-1,1982.71,2000.94,18.2267,-1.00614,-1,0.993861,0.00613856,,1
rb,XAUUSD,server_day,5,0,2022-03-08,205,286,1,2055.09,2052.44,67.8067,-0.0407937,-0.0391309,0.037468,0.00166286,,0
rb,XAUUSD,server_day,5,0,2022-03-28,184,265,1,1944,1925.33,18.6733,-1.00595,-1,0.994051,0.00594888,,1
rb,XAUUSD,server_day,5,0,2022-03-28,269,286,-1,1922.86,1921.88,31.2633,0.0279055,0.0314532,-0.035001,0.00354771,,0
rb,XAUUSD,server_day,5,0,2022-03-29,202,286,1,1906.46,1918.98,16.3567,0.758868,0.765641,-0.772414,0.00677265,,1
rb,XAUUSD,server_day,5,0,2022-04-08,241,286,-1,1939.24,1945.39,8.86667,-0.705774,-0.693233,0.680693,0.0125405,,1
rb,XAUUSD,server_day,5,0,2022-04-11,202,286,-1,1953.13,1954.4,16.4767,-0.0836346,-0.0768764,0.0701182,0.00675821,,1
rb,XAUUSD,server_day,5,0,2022-04-18,246,286,-1,1981.54,1978.14,16.8233,0.195261,0.201902,-0.208543,0.00664064,,1
rb,XAUUSD,server_day,5,0,2022-04-22,228,286,1,1940.12,1931.31,13.58,-0.656929,-0.648748,0.640567,0.00818115,,1
rb,XAUUSD,server_day,5,0,2022-04-27,151,200,1,1897.41,1886.2,11.21,-1.00986,-1,0.990144,0.00985596,,1
rb,XAUUSD,server_day,5,0,2022-04-27,201,286,-1,1881.84,1885.31,22.49,-0.159198,-0.154291,0.149383,0.00490752,,0
rb,XAUUSD,server_day,5,0,2022-04-29,199,286,-1,1903.12,1896.53,16.8533,0.38426,0.390823,-0.397385,0.00656235,,1
rb,XAUUSD,server_day,5,0,2022-05-02,198,286,-1,1858.68,1862.72,44.3467,-0.0936572,-0.0911756,0.088694,0.00248158,,0
rb,XAUUSD,server_day,5,0,2022-05-05,202,286,-1,1894.49,1877.6,15.2733,1.0984,1.10563,-1.00723,0.00722859,,1
rb,XAUUSD,server_day,5,0,2022-05-19,204,286,1,1842.37,1841.44,26.2833,-0.0394339,-0.0352568,0.0310798,0.00417704,,0
rb,XAUUSD,server_day,5,0,2022-05-23,220,286,-1,1852.68,1853.22,12.5867,-0.0513725,-0.0426377,0.033903,0.00873474,,1
rb,XAUUSD,server_day,5,0,2022-05-31,216,264,1,1846.86,1839.78,7.07667,-1.01552,-1,0.984483,0.0155167,,1
rb,XAUUSD,server_day,5,0,2022-06-10,187,286,1,1840.25,1870.86,15.2267,2.00329,2.01051,-1.00722,0.00722271,,1
rb,XAUUSD,server_day,5,0,2022-06-27,180,286,-1,1833.01,1823.06,7.98667,1.23252,1.24624,-1.01372,0.0137219,,1
rb,XAUUSD,server_day,5,0,2022-07-01,199,286,1,1798,1807.42,13.5067,0.689592,0.69768,-0.705768,0.0080877,,1
rb,XAUUSD,server_day,5,0,2022-07-05,205,286,-1,1766.71,1765.91,33.69,0.0205186,0.0237459,-0.0269732,0.00322732,,0
rb,XAUUSD,server_day,5,0,2022-07-13,190,286,1,1718,1734.84,10.6967,1.55779,1.57463,-1.01684,0.0168436,,1
rb,XAUUSD,server_day,5,0,2022-07-27,267,286,1,1740.06,1734.16,20.4733,-0.293308,-0.288017,0.282726,0.00529076,,0
rb,XAUUSD,server_day,5,0,2022-08-02,196,286,-1,1778.9,1761.5,9.10333,1.89907,1.91102,-1.01196,0.0119498,,1
rb,XAUUSD,server_day,5,0,2022-08-04,250,286,1,1792.46,1790.76,28.36,-0.0642131,-0.0599436,0.0556741,0.00426948,,0
rb,XAUUSD,server_day,5,0,2022-08-17,188,217,1,1770.62,1764.71,5.91,-1.0184,-1,0.981599,0.0184006,,1
rb,XAUUSD,server_day,5,0,2022-08-22,189,286,-1,1728.1,1734.89,22.3467,-0.308841,-0.303998,0.299154,0.00484372,,0
rb,XAUUSD,server_day,5,0,2022-08-25,186,286,-1,1757.45,1758.14,7.96,-0.100328,-0.0866834,0.0730391,0.0136444,,1
rb,XAUUSD,server_day,5,0,2022-08-29,13,286,-1,1734.68,1737.32,23.13,-0.138016,-0.114137,0.0902592,0.0238783,,0
rb,XAUUSD,server_day,5,0,2022-09-15,158,169,1,1691.07,1685.58,5.49,-1.02616,-1,0.973837,0.0261633,,1
rb,XAUUSD,server_day,5,0,2022-09-15,213,286,-1,1677.63,1664.13,21.43,0.624947,0.629958,-0.634969,0.00501131,,0
rb,XAUUSD,server_day,5,0,2022-09-21,270,286,-1,1676.06,1674.02,11.8933,0.160192,0.171244,-0.182297,0.0110525,,1
rb,XAUUSD,server_day,5,0,2022-09-23,194,263,1,1656.5,1641.16,15.34,-1.01011,-1,0.98989,0.0101098,,1
rb,XAUUSD,server_day,5,0,2022-09-28,226,286,1,1658.56,1659.69,26.8633,0.0377505,0.0421889,-0.0466272,0.00443831,,0
rb,XAUUSD,server_day,5,0,2022-10-03,210,286,1,1687.42,1698.49,22.2067,0.493499,0.498349,-0.503199,0.00484996,,0
rb,XAUUSD,server_day,5,0,2022-10-07,194,286,1,1704.8,1694.36,14.27,-0.739159,-0.731605,0.724051,0.0075539,,1
rb,XAUUSD,server_day,5,0,2022-10-13,189,223,-1,1646.45,1663.36,24.35,-0.698857,-0.694456,0.690055,0.00440118,,0
rb,XAUUSD,server_day,5,0,2022-10-13,223,286,1,1663.36,1666.11,21.03,0.125663,0.130766,-0.135868,0.00510253,,1
rb,XAUUSD,server_day,5,0,2022-10-19,128,160,1,1644.86,1637.67,7.18667,-1.01489,-1,0.985114,0.0148856,,1
rb,XAUUSD,server_day,5,0,2022-10-19,228,286,-1,1629.83,1628.92,23.0167,0.0347511,0.0393917,-0.0440323,0.0046406,,0
rb,XAUUSD,server_day,5,0,2022-10-28,219,286,-1,1638,1644.88,24.3233,-0.287117,-0.282719,0.278321,0.00439825,,0
rb,XAUUSD,server_day,5,0,2022-11-01,183,286,1,1655.93,1646.83,19.1,-0.482676,-0.47644,0.470203,0.00623661,,0
rb,XAUUSD,server_day,5,0,2022-11-04,186,187,-1,1641.3,1653.51,12.21,-1.00877,-1,0.991231,0.00876852,,1
rb,XAUUSD,server_day,5,0,2022-11-04,195,286,1,1665.62,1680.54,36.67,0.403943,0.406872,-0.409802,0.00292946,,0
rb,XAUUSD,server_day,5,0,2022-11-08,206,286,1,1697.01,1712.48,22.55,0.681248,0.686031,-0.690814,0.00478343,,0
rb,XAUUSD,server_day,5,0,2022-11-10,194,286,1,1738.5,1754.75,28.2533,0.571433,0.575271,-0.57911,0.00383858,,0
rb,XAUUSD,server_day,5,0,2022-11-17,106,177,1,1767.63,1761.4,6.23333,-1.01744,-1,0.982561,0.017439,,1
rb,XAUUSD,server_day,5,0,2022-11-23,187,286,1,1738.06,1749.56,14.26,0.798849,0.806452,-1.0076,0.00760262,,1
rb,XAUUSD,server_day,5,0,2022-12-01,202,286,1,1802.23,1803.03,41.2233,0.0168375,0.0194873,-0.0221372,0.00264988,,0
rb,XAUUSD,server_day,5,0,2022-12-07,211,247,-1,1778.82,1787.74,8.91667,-1.01222,-1,0.98778,0.0122205,,1
rb,XAUUSD,server_day,5,0,2022-12-09,186,186,-1,1795.54,1803.58,8.03667,-1.01359,-1,0.986413,0.013587,,1
rb,XAUUSD,server_day,5,0,2022-12-13,186,286,1,1811.82,1810.45,26.7667,-0.0522549,-0.0513076,0.0503603,0.000947294,,0
rb,XAUUSD,server_day,5,0,2022-12-15,126,286,-1,1778.04,1776.61,27.5,0.0480406,0.052,-0.0559594,0.00395937,,0
rb,XAUUSD,server_day,5,0,2022-12-20,201,286,1,1810.83,1817.88,20.88,0.332404,0.337644,-0.342883,0.00523951,,0
rb,XAUUSD,server_day,5,0,2022-12-22,206,286,-1,1797.4,1792.51,19.1833,0.248594,0.254909,-0.261223,0.0063143,,0
rb,XAUUSD,server_day,5,0,2022-12-27,194,204,-1,1803.75,1811.55,7.8,-1.01555,-1,0.984448,0.0155522,,1
rb,XAUUSD,server_day,5,0,2022-12-27,206,286,1,1815.8,1813.86,18.35,-0.111684,-0.105722,0.0997598,0.00596227,,0
rb,XAUUSD,server_day,5,0,2023-01-03,64,211,1,1841.79,1829.19,20.5233,-0.61928,-0.613935,0.60859,0.00534498,,0
rb,XAUUSD,server_day,5,0,2023-01-03,211,286,-1,1829.19,1839.48,20.7533,-0.50127,-0.495985,0.4907,0.00528497,,1
rb,XAUUSD,server_day,5,0,2023-01-04,205,286,-1,1851.71,1854.16,13.4,-0.19104,-0.182836,0.174631,0.00820456,,1
rb,XAUUSD,server_day,5,0,2023-01-12,200,286,-1,1886.25,1897.1,15.2867,-0.716778,-0.709551,0.702323,0.00722744,,1
rb,XAUUSD,server_day,5,0,2023-01-18,204,286,-1,1916.95,1903.74,8.88667,1.47441,1.48687,-1.01247,0.0124619,,1
rb,XAUUSD,server_day,5,0,2023-01-23,210,286,1,1919.18,1931.31,7.80667,1.54001,1.55423,-1.01421,0.0142126,,1
rb,XAUUSD,server_day,5,0,2023-01-31,140,189,-1,1903.62,1917.45,22.35,-0.623747,-0.618792,0.613837,0.00495514,,0
rb,XAUUSD,server_day,5,0,2023-01-31,189,286,1,1917.45,1927.82,16.69,0.614684,0.62133,-0.627976,0.00664571,,1
rb,XAUUSD,server_day,5,0,2023-02-17,176,286,1,1828.27,1841.89,9.35667,1.44428,1.456,-1.01172,0.0117233,,1
rb,XAUUSD,server_day,5,0,2023-03-03,159,205,1,1849.06,1840.01,14.0733,-0.651716,-0.64306,0.634404,0.00865633,,0
rb,XAUUSD,server_day,5,0,2023-03-03,205,250,-1,1840.01,1849.22,9.21333,-1.01192,-1,0.98808,0.0119202,,1
rb,XAUUSD,server_day,5,0,2023-03-07,204,286,-1,1828.74,1813.47,21.33,0.71076,0.715893,-0.721027,0.0051334,,0
rb,XAUUSD,server_day,5,0,2023-03-10,209,286,1,1863.98,1868.04,37.8767,0.104195,0.107102,-0.110009,0.00290744,,0
rb,XAUUSD,server_day,5,0,2023-03-15,231,258,1,1932,1913.28,27.6633,-0.680718,-0.676708,0.672699,0.00400953,,0
rb,XAUUSD,server_day,5,0,2023-03-15,258,286,-1,1913.28,1917.98,24.0733,-0.199979,-0.195375,0.190772,0.00460338,,1
rb,XAUUSD,server_day,5,0,2023-03-17,210,286,1,1958.95,1984.73,38.7267,0.662723,0.665605,-0.668487,0.00288188,,0
rb,XAUUSD,server_day,5,0,2023-04-03,131,286,1,1961.28,1983.94,11.55,1.9512,1.9619,-1.0107,0.0107027,,1
rb,XAUUSD,server_day,5,0,2023-04-10,135,192,1,1998.21,1988.81,9.40333,-1.01445,-1,0.985547,0.0144533,,1
rb,XAUUSD,server_day,5,0,2023-04-12,133,186,-1,2010.78,2021.09,10.3133,-1.01088,-1,0.989119,0.0108814,,1
rb,XAUUSD,server_day,5,0,2023-04-19,151,205,-1,1972.83,1993.39,29.7733,-0.694305,-0.690551,0.686797,0.00375382,,0
rb,XAUUSD,server_day,5,0,2023-04-19,205,286,1,1993.39,1994.93,24.1733,0.0589388,0.0635687,-0.0681985,0.00462982,,1
rb,XAUUSD,server_day,5,0,2023-04-25,261,286,-1,1995.44,1996.35,8.41333,-0.121863,-0.108558,0.0952525,0.0133054,,1
rb,XAUUSD,server_day,5,0,2023-05-01,202,286,-1,1997.43,1981.67,8.57,1.82592,1.83897,-1.01306,0.0130518,,1
rb,XAUUSD,server_day,5,0,2023-05-04,14,18,-1,2048.08,2062.53,14.45,-1.0078,-1,0.992196,0.00780445,,1
rb,XAUUSD,server_day,5,0,2023-05-05,205,286,-1,2000.27,2016.47,47.55,-0.343052,-0.340694,0.338336,0.00235788,,0
rb,XAUUSD,server_day,5,0,2023-05-16,187,217,1,2008.89,2001.11,7.78333,-1.0144,-1,0.985601,0.0143987,,1
rb,XAUUSD,server_day,5,0,2023-05-16,225,286,-1,1995.27,1989.25,20.2633,0.291731,0.297253,-0.302775,0.00552188,,0
rb,XAUUSD,server_day,5,0,2023-05-18,212,286,-1,1955.66,1957.36,27.6967,-0.0655214,-0.0614996,0.0574778,0.00402182,,0
rb,XAUUSD,server_day,5,0,2023-05-23,195,286,1,1966.24,1974.64,12.0267,0.689447,0.698725,-0.708003,0.00927823,,1
rb,XAUUSD,server_day,5,0,2023-06-07,231,286,-1,1944.11,1940.51,17.1433,0.203703,0.210189,-0.216675,0.00648604,,0
rb,XAUUSD,server_day,5,0,2023-06-15,189,286,1,1933.53,1957.88,8.94333,2.70989,2.72233,-1.01243,0.0124383,,1
rb,XAUUSD,server_day,5,0,2023-06-20,198,286,-1,1936.64,1935.65,22.9633,0.038419,0.0432574,-0.0480958,0.00483841,,0
rb,XAUUSD,server_day,5,0,2023-06-27,210,253,1,1918.78,1911.5,7.27667,-1.01523,-1,0.984772,0.0152284,,1
rb,XAUUSD,server_day,5,0,2023-06-29,204,286,1,1900.74,1908.3,7.79333,0.955432,0.969632,-1.0142,0.0141997,,1
rb,XAUUSD,server_day,5,0,2023-07-11,122,159,-1,1931.44,1938.27,6.82667,-1.01627,-1,0.983727,0.0162727,,1
rb,XAUUSD,server_day,5,0,2023-07-12,198,286,1,1953.01,1957.82,21.4467,0.218929,0.224122,-0.229315,0.00519315,,0
rb,XAUUSD,server_day,5,0,2023-07-18,176,204,-1,1961.3,1972.13,10.8267,-1.01252,-1,0.987481,0.0125185,,1
rb,XAUUSD,server_day,5,0,2023-07-18,205,286,1,1975.45,1978.52,21.9467,0.134644,0.139733,-0.144821,0.0050886,,0
rb,XAUUSD,server_day,5,0,2023-07-20,103,286,-1,1982.04,1969.6,5.42333,2.27259,2.29318,-1.0206,0.0205891,,1
rb,XAUUSD,server_day,5,0,2023-07-27,200,286,-1,1947.01,1944.9,23.8,0.0839814,0.0886555,-0.0933296,0.00467409,,0
rb,XAUUSD,server_day,5,0,2023-08-04,215,286,-1,1938.99,1942.75,7.82,-0.495035,-0.480818,0.466602,0.0142164,,1
rb,XAUUSD,server_day,5,0,2023-08-08,209,286,1,1929.65,1924.72,6.86667,-0.733638,-0.717476,0.701314,0.0161622,,1
rb,XAUUSD,server_day,5,0,2023-08-14,207,286,1,1909.08,1907.26,6.36667,-0.30273,-0.28534,0.267951,0.0173897,,1
rb,XAUUSD,server_day,5,0,2023-08-25,245,286,1,1911.42,1914.78,7.7,0.421976,0.436364,-0.450751,0.0143875,,1
rb,XAUUSD,server_day,5,0,2023-09-01,200,286,-1,1945.48,1939.51,7.43333,0.787732,0.802691,-1.01496,0.014959,,1
rb,XAUUSD,server_day,5,0,2023-09-08,140,203,-1,1923.38,1927.31,3.93,-1.02823,-1,0.971767,0.0282328,,1
rb,XAUUSD,server_day,5,0,2023-09-15,204,286,1,1926.92,1923.38,18.9167,-0.193178,-0.187313,0.181447,0.00586531,,0
rb,XAUUSD,server_day,5,0,2023-09-20,204,271,1,1943.46,1935.78,10.7167,-0.727013,-0.716641,0.706269,0.0103721,,0
rb,XAUUSD,server_day,5,0,2023-09-20,271,286,-1,1935.78,1929.43,11.6267,0.526572,0.546445,-0.566318,0.019873,,1
rb,XAUUSD,server_day,5,0,2023-09-21,210,286,1,1922.4,1919.87,8.50667,-0.310058,-0.297022,0.283986,0.0130363,,1
rb,XAUUSD,server_day,5,0,2023-09-26,257,286,-1,1899.51,1900.36,19.8567,-0.0485445,-0.0429747,0.0374048,0.00556987,,0
rb,XAUUSD,server_day,5,0,2023-09-27,235,286,-1,1876.29,1875.66,29.12,0.0178481,0.0216346,-0.0254211,0.00378653,,0
rb,XAUUSD,server_day,5,0,2023-10-13,178,286,1,1897.01,1929.58,23.1267,1.40184,1.40819,-1.00634,0.00634705,,0
rb,XAUUSD,server_day,5,0,2023-10-18,198,286,1,1951.47,1948.53,29.1667,-0.10473,-0.100914,0.0970983,0.003816,,0
rb,XAUUSD,server_day,5,0,2023-10-24,177,286,1,1963.59,1971.45,10.0167,0.773889,0.785025,-1.01114,0.011136,,1
rb,XAUUSD,server_day,5,0,2023-11-03,188,197,1,2003.58,1991.37,18.4867,-0.666533,-0.660476,0.65442,0.00605651,,0
rb,XAUUSD,server_day,5,0,2023-11-03,197,286,-1,1991.37,1992.31,12.6567,-0.0828459,-0.0740058,0.0651657,0.00884007,,1
rb,XAUUSD,server_day,5,0,2023-11-07,183,286,-1,1956.73,1968.67,26.0267,-0.463172,-0.458888,0.454605,0.00428321,,0
rb,XAUUSD,server_day,5,0,2023-11-20,218,286,1,1974.77,1977.45,9.47667,0.271368,0.283152,-0.294935,0.0117832,,1
rb,XAUUSD,server_day,5,0,2023-11-21,202,286,1,2006.55,1998.48,30.5733,-0.267511,-0.263846,0.260182,0.00366447,,0
rb,XAUUSD,server_day,5,0,2023-11-28,225,286,1,2038.78,2040.93,27.9567,0.0727593,0.0767855,-0.0808117,0.00402616,,0
rb,XAUUSD,server_day,5,0,2023-12-01,230,286,1,2061.25,2071.16,23.2367,0.420445,0.426338,-0.43223,0.00589271,,0
rb,XAUUSD,server_day,5,0,2023-12-04,17,43,1,2127.82,2086.36,67.7167,-0.613933,-0.612257,0.610581,0.00167609,,0
rb,XAUUSD,server_day,5,0,2023-12-04,43,286,-1,2086.36,2029.86,58.3967,0.965646,0.967578,-1.00193,0.00193185,,1
rb,XAUUSD,server_day,5,0,2023-12-08,228,286,-1,1999.58,2003.4,29.9933,-0.132186,-0.127251,0.122315,0.00493513,,0
rb,XAUUSD,server_day,5,0,2023-12-13,259,286,1,2011.42,2026.53,26.88,0.557951,0.562128,-0.566305,0.00417655,,0
rb,XAUUSD,server_day,5,0,2023-12-22,174,286,1,2065.11,2053.06,24.04,-0.505941,-0.501248,0.496555,0.00469331,,0
rb,XAUUSD,server_day,5,0,2024-01-05,190,220,1,2036.16,2050.84,11.8,1.23452,1.24407,-1.00954,0.00954314,,1
rb,XAUUSD,server_day,5,0,2024-01-05,220,286,-1,2050.84,2045.7,13.12,0.38318,0.391768,-0.400356,0.00858809,,1
rb,XAUUSD,server_day,5,0,2024-01-19,199,286,-1,2028.79,2029.45,10.6167,-0.0724403,-0.0618524,0.0512646,0.0105879,,1
rb,XAUUSD,server_day,5,0,2024-01-29,188,200,1,2035.64,2024.87,15.2367,-0.714226,-0.706848,0.699469,0.00737849,,0
rb,XAUUSD,server_day,5,0,2024-01-29,200,286,-1,2024.87,2032.03,12.7267,-0.571168,-0.562336,0.553505,0.00883172,,1
rb,XAUUSD,server_day,5,0,2024-01-30,205,286,-1,2040,2036.38,8.60667,0.407916,0.420991,-1.01307,0.0130753,,1
rb,XAUUSD,server_day,5,0,2024-02-08,197,286,1,2028.44,2033.43,8.29,0.588368,0.60193,-0.615493,0.0135625,,1
rb,XAUUSD,server_day,5,0,2024-02-13,198,286,-1,1996.28,1992.41,23.4733,0.160242,0.16501,-0.169778,0.004768,,0
rb,XAUUSD,server_day,5,0,2024-02-15,187,195,-1,1995.89,2004.12,8.23,-1.01361,-1,0.986391,0.0136088,,1
rb,XAUUSD,server_day,5,0,2024-03-01,220,286,1,2076.15,2083.54,35.3733,0.204454,0.209009,-0.213563,0.00455478,,0
rb,XAUUSD,server_day,5,0,2024-03-08,193,228,-1,2168,2185.37,17.3667,-1.01281,-1,0.98719,0.0128104,,1
rb,XAUUSD,server_day,5,0,2024-03-08,229,286,1,2188.55,2177.8,32.4867,-0.337859,-0.331008,0.324157,0.00685095,,0
rb,XAUUSD,server_day,5,0,2024-03-12,186,186,1,2175.44,2167.62,7.82,-1.02384,-1,0.976164,0.0238365,,2
rb,XAUUSD,server_day,5,0,2024-03-12,192,286,-1,2161.33,2158.39,20.87,0.130223,0.140872,-0.151521,0.0106487,,0
rb,XAUUSD,server_day,5,0,2024-03-20,255,260,-1,2164.63,2175.08,10.45,-1.02128,-1,0.97872,0.0212802,,1
rb,XAUUSD,server_day,5,0,2024-03-20,262,286,1,2180.34,2185.75,24.47,0.211501,0.221087,-0.230673,0.00958572,,0
rb,XAUUSD,server_day,5,0,2024-03-21,18,286,-1,2199.84,2180.78,22.8833,0.820423,0.832775,-1.01235,0.0123524,,1
rb,XAUUSD,server_day,5,0,2024-03-26,166,200,1,2198.17,2180.42,26.1867,-0.686328,-0.677826,0.669323,0.00850243,,0
rb,XAUUSD,server_day,5,0,2024-03-26,200,286,-1,2180.42,2176.52,19.6267,0.1906,0.198879,-0.207159,0.00827948,,1
rb,XAUUSD,server_day,5,0,2024-03-28,202,232,-1,2203.92,2217.04,13.1167,-1.01151,-1,0.988492,0.011508,,1
rb,XAUUSD,server_day,5,0,2024-03-28,285,286,1,2228.48,2229.47,39.9967,0.017888,0.0246687,-0.0314494,0.00678071,,0
rb,XAUUSD,server_day,5,0,2024-04-05,229,286,1,2328.96,2328.89,37.2833,-0.00620308,-0.00178811,-0.00262686,0.00441497,,0
rb,XAUUSD,server_day,5,0,2024-04-10,205,286,1,2338.84,2332.47,19.4833,-0.338034,-0.327117,0.3162,0.010917,,1
rb,XAUUSD,server_day,5,0,2024-04-12,221,286,-1,2394.58,2343.85,36.8467,1.37011,1.37688,-1.00676,0.00676232,,1
rb,XAUUSD,server_day,5,0,2024-04-19,73,286,-1,2392.1,2390.33,25.7067,0.0574114,0.0689834,-0.0805554,0.011572,,1
rb,XAUUSD,server_day,5,0,2024-04-30,215,286,-1,2295.46,2285.74,39.01,0.244346,0.249167,-0.253988,0.00482103,,0
rb,XAUUSD,server_day,5,0,2024-05-09,194,205,-1,2318.94,2329.32,10.3767,-1.0228,-1,0.977205,0.0227952,,1
rb,XAUUSD,server_day,5,0,2024-05-09,208,286,1,2336.69,2345.05,25.4067,0.322431,0.328916,-0.335402,0.00648539,,0
rb,XAUUSD,server_day,5,0,2024-05-10,215,286,-1,2359.33,2360.25,19.05,-0.0601069,-0.048294,0.036481,0.011813,,1
rb,XAUUSD,server_day,5,0,2024-05-15,187,218,-1,2366.57,2378.91,12.3433,-1.01922,-1,-1.0192,0.0192183,,1
rb,XAUUSD,server_day,5,0,2024-05-17,217,286,1,2418.29,2415.56,36.8233,-0.0805061,-0.0740473,0.0675884,0.00645886,,0
rb,XAUUSD,server_day,5,0,2024-05-22,257,286,-1,2379.22,2378.49,41.1967,0.0139177,0.017639,-0.0213602,0.00372127,,0
rb,XAUUSD,server_day,5,0,2024-06-07,166,286,-1,2333.52,2294.02,34.97,1.12312,1.12954,-1.00642,0.00641672,,0
rb,XAUUSD,server_day,5,0,2024-06-12,205,286,-1,2324.52,2323.9,17.0367,0.0163644,0.0365878,-0.0568111,0.0202234,,1
rb,XAUUSD,server_day,5,0,2024-07-03,187,286,1,2355.35,2356.12,27.0267,0.0187106,0.028367,-0.0380234,0.0096564,,0
rb,XAUUSD,server_day,5,0,2024-07-10,244,286,-1,2373.89,2370.83,12.75,0.223277,0.24,-0.256723,0.0167226,,1
rb,XAUUSD,server_day,5,0,2024-07-11,188,286,1,2407.53,2413.92,34.0133,0.179917,0.187966,-0.196014,0.00804832,,0
rb,XAUUSD,server_day,5,0,2024-07-15,245,286,-1,2422.76,2421.13,16.8867,0.0819242,0.0967233,-0.111522,0.0147991,,1
rb,XAUUSD,server_day,5,0,2024-07-19,193,286,-1,2397.2,2398.46,56.0833,-0.0268571,-0.0224071,0.0179572,0.00444998,,0
rb,XAUUSD,server_day,5,0,2024-07-24,240,286,-1,2417.35,2399.43,14.61,1.21193,1.22656,-1.01463,0.0146282,,1
rb,XAUUSD,server_day,5,0,2024-08-02,226,286,1,2429.06,2440.07,18.2867,0.589897,0.60226,-0.614624,0.0123633,,1
rb,XAUUSD,server_day,5,0,2024-08-05,218,286,1,2408.02,2409.72,43.7167,0.0335252,0.038963,-0.0444009,0.00543784,,1
rb,XAUUSD,server_day,5,0,2024-08-12,219,286,1,2459.52,2471.9,31.39,0.386795,0.394393,-0.401992,0.0075986,,0
rb,XAUUSD,server_day,5,0,2024-08-14,234,286,-1,2438.44,2448.04,28.4367,-0.345664,-0.33771,0.329755,0.00795471,,0
rb,XAUUSD,server_day,5,0,2024-08-20,216,286,-1,2512.41,2515.7,19.2033,-0.182704,-0.171498,0.160292,0.0112062,,1
rb,XAUUSD,server_day,5,0,2024-08-28,197,286,1,2509.86,2504.52,16.2167,-0.345309,-0.329085,0.312861,0.0162241,,1
rb,XAUUSD,server_day,5,0,2024-09-03,227,286,1,2489.33,2492.12,15.8533,0.162981,0.175778,-0.188575,0.0127967,,1
rb,XAUUSD,server_day,5,0,2024-09-05,217,286,-1,2506.52,2516.42,16.9433,-0.596488,-0.584497,0.572507,0.0119906,,1
rb,XAUUSD,server_day,5,0,2024-09-12,259,286,1,2555.35,2559.11,41.3,0.0849443,0.0910412,-0.097138,0.00609688,,0
rb,XAUUSD,server_day,5,0,2024-09-17,240,286,-1,2561.1,2569.58,21.43,-0.410262,-0.395707,0.381152,0.0145551,,0
rb,XAUUSD,server_day,5,0,2024-09-18,260,286,-1,2584.06,2557.64,16.06,1.62491,1.64508,-1.02018,0.0201738,,1
rb,XAUUSD,server_day,5,0,2024-09-24,266,286,1,2657.97,2657.18,32.5567,-0.0310394,-0.0243678,0.0176961,0.00667163,,0
rb,XAUUSD,server_day,5,0,2024-09-26,188,286,-1,2668.86,2672.52,16.68,-0.233177,-0.219424,0.205672,0.0137524,,1
rb,XAUUSD,server_day,5,0,2024-10-08,218,286,-1,2611.88,2621.06,34.7833,-0.269707,-0.263824,0.257941,0.00588301,,0
rb,XAUUSD,server_day,5,0,2024-10-29,240,286,1,2772.01,2773.63,34.2967,0.039358,0.0471377,-0.0549175,0.00777975,,0
rb,XAUUSD,server_day,5,0,2024-10-31,202,286,-1,2756.65,2744.16,26.1533,0.466588,0.477696,-0.488803,0.0111078,,0
rb,XAUUSD,server_day,5,0,2024-11-06,103,111,-1,2703.75,2728.96,35.6667,-0.72101,-0.706822,0.692635,0.0141877,,0
rb,XAUUSD,server_day,5,0,2024-11-06,111,167,1,2728.96,2701.38,27.5767,-1.01617,-1,0.983826,0.0161735,,1
rb,XAUUSD,server_day,5,0,2024-11-11,186,286,-1,2642.55,2620.15,48.88,0.452601,0.458265,-0.463929,0.00566364,,0
rb,XAUUSD,server_day,5,0,2024-11-14,187,286,1,2558.17,2566.31,21.4233,0.363006,0.379804,-0.396602,0.0167981,,1
rb,XAUUSD,server_day,5,0,2024-11-18,42,286,1,2594.96,2612.11,31.0167,0.542747,0.552821,-0.562895,0.0100736,,0
rb,XAUUSD,server_day,5,0,2024-11-22,139,286,1,2703.85,2712.73,39.8767,0.214731,0.222603,-0.230475,0.00787217,,0
rb,XAUUSD,server_day,5,0,2024-11-25,199,286,-1,2638.19,2625.23,59.6533,0.21267,0.217311,-0.221952,0.00464088,,0
rb,XAUUSD,server_day,5,0,2024-12-18,263,286,-1,2607.21,2587.7,38.47,0.495909,0.507148,-0.518387,0.011239,,0
rb,XAUUSD,server_day,5,0,2024-12-30,267,286,1,2608.28,2606.04,12.28,-0.227402,-0.18241,0.137419,0.0449919,,1
rb,XAUUSD,server_day,5,0,2025-01-02,224,286,1,2658.24,2657.07,40.3167,-0.0383598,-0.0291029,0.019846,0.0092569,,0
rb,XAUUSD,server_day,5,0,2025-01-06,201,286,1,2628.77,2635.86,14.1067,0.473853,0.502836,-0.531818,0.0289829,,1
rb,XAUUSD,server_day,5,0,2025-01-15,198,274,-1,2683.14,2695.96,12.8167,-1.02541,-1,0.974591,0.0254086,,1
rb,XAUUSD,server_day,5,0,2025-01-21,115,286,1,2731.13,2744.79,25.0567,0.532008,0.545031,-0.558055,0.0130237,,0
rb,XAUUSD,server_day,5,0,2025-01-30,203,286,1,2788.61,2793.26,32.5367,0.13313,0.142813,-0.152497,0.00968363,,0
rb,XAUUSD,server_day,5,0,2025-02-03,109,209,1,2788.59,2814.64,16.52,1.55707,1.57688,-1.0198,0.0198077,,1
rb,XAUUSD,server_day,5,0,2025-02-03,209,286,-1,2814.64,2814.62,15.94,-0.0207908,0.00125471,-0.0233002,0.0220455,,1
rb,XAUUSD,server_day,5,0,2025-02-14,261,286,-1,2880.9,2882.91,38.6533,-0.0597882,-0.0519145,0.0440407,0.00787375,,0
rb,XAUUSD,server_day,5,0,2025-02-25,217,286,-1,2894.91,2915.04,48.0333,-0.425357,-0.419015,0.412672,0.00634288,,0
rb,XAUUSD,server_day,5,0,2025-02-28,279,286,1,2856.36,2858.42,23.78,0.0713203,0.0866274,-0.101935,0.0153071,,1
rb,XAUUSD,server_day,5,0,2025-03-04,203,286,-1,2906.26,2917.32,21.48,-0.529645,-0.514898,0.500151,0.014747,,1
rb,XAUUSD,server_day,5,0,2025-03-13,234,286,1,2981,2987.91,54.67,0.120582,0.126395,-0.132207,0.00581274,,0
rb,XAUUSD,server_day,5,0,2025-03-18,100,109,-1,3007.73,3017.14,9.41333,-1.03762,-1,0.962375,0.0376247,,1
rb,XAUUSD,server_day,5,0,2025-03-18,140,286,1,3027.14,3033.94,32.1733,0.201934,0.211459,-0.220983,0.00952427,,0
rb,XAUUSD,server_day,5,0,2025-03-27,159,286,1,3050.32,3056.3,28.96,0.196314,0.206492,-0.216669,0.0101777,,0
rb,XAUUSD,server_day,5,0,2025-04-03,39,206,-1,3147.64,3109.71,19.9167,1.88778,1.90444,-1.01667,0.0166595,,1
rb,XAUUSD,server_day,5,0,2025-04-03,206,286,1,3109.71,3116.29,55.4633,0.113248,0.118577,-0.123906,0.00532932,,1
rb,XAUUSD,server_day,5,0,2025-04-09,172,286,1,3059.42,3079.28,66.34,0.294016,0.299367,-0.304718,0.00535078,,0
rb,XAUUSD,server_day,5,0,2025-04-16,36,286,1,3261.53,3340.77,37.54,2.10063,2.11082,-1.01017,0.0101816,,0
rb,XAUUSD,server_day,5,0,2025-04-22,139,286,-1,3459.64,3380.04,40.2433,1.97043,1.97788,-1.00746,0.00745161,,1
rb,XAUUSD,server_day,5,0,2025-04-25,284,286,1,3312.78,3313.61,47.6933,5.91096e-06,0.017333,-0.03466,0.017327,,1
rb,XAUUSD,server_day,5,0,2025-04-30,189,286,1,3296.97,3290.31,30.1767,-0.230866,-0.22059,0.210313,0.0102765,,1
rb,XAUUSD,server_day,5,0,2025-05-05,156,286,1,3310.73,3331.26,67.1767,0.301119,0.305562,-0.310006,0.00444342,,0
rb,XAUUSD,server_day,5,0,2025-05-08,126,230,1,3343.89,3320.22,23.67,-1.01363,-1,-1.01365,0.0136311,,1
rb,XAUUSD,server_day,5,0,2025-05-12,159,286,-1,3212.75,3235.04,103.823,-0.217753,-0.21466,0.211566,0.00309309,,0
rb,XAUUSD,server_day,5,0,2025-05-14,262,286,-1,3173.59,3181.37,70.4267,-0.115067,-0.110517,0.105966,0.00455062,,0
rb,XAUUSD,server_day,5,0,2025-05-20,274,286,1,3294.51,3290.04,65.54,-0.0738494,-0.0682026,0.0625558,0.00564681,,0
rb,XAUUSD,server_day,5,0,2025-05-29,80,286,1,3277.54,3317.69,32.0733,1.24167,1.25171,-1.01004,0.0100447,,1
rb,XAUUSD,server_day,5,0,2025-06-02,201,286,1,3370.01,3381.67,74.7733,0.151659,0.155983,-0.160306,0.00432322,,0
rb,XAUUSD,server_day,5,0,2025-06-13,117,199,-1,3410.02,3444.4,34.3767,-1.00977,-1,0.990226,0.00977352,,1
rb,XAUUSD,server_day,5,0,2025-06-24,200,286,-1,3299.66,3322.91,70.0433,-0.33752,-0.33189,0.32626,0.0056302,,0
rb,XAUUSD,server_day,5,0,2025-06-27,192,286,-1,3269.33,3274.49,60.6433,-0.0905371,-0.0850327,0.0795283,0.00550443,,0
rb,XAUUSD,server_day,5,0,2025-07-03,200,286,1,3335.59,3325.7,24.0733,-0.423371,-0.410966,0.398562,0.012405,,1
rb,XAUUSD,server_day,5,0,2025-07-11,119,161,-1,3332.91,3343.82,10.9133,-1.02737,-1,0.972626,0.0273736,,1
rb,XAUUSD,server_day,5,0,2025-07-11,187,286,1,3353.15,3357.23,31.6933,0.119406,0.128839,-0.138272,0.0094333,,0
rb,XAUUSD,server_day,5,0,2025-07-21,201,286,1,3393.73,3396.94,45.67,0.0626771,0.0702868,-0.0778965,0.00760969,,0
rb,XAUUSD,server_day,5,0,2025-07-30,262,286,-1,3284.58,3274.71,37.87,0.252128,0.260628,-0.269129,0.00850053,,0
rb,XAUUSD,server_day,5,0,2025-08-01,194,286,1,3349.81,3362.17,56.04,0.215222,0.220557,-0.225892,0.00533519,,0
rb,XAUUSD,server_day,5,0,2025-08-11,186,286,-1,3345.43,3343.6,47.7267,0.0300009,0.0382735,-0.0465461,0.00827259,,0
rb,XAUUSD,server_day,5,0,2025-08-18,134,286,-1,3345.42,3332.54,12.9,0.975291,0.99845,-1.02316,0.0231586,,1
rb,XAUUSD,server_day,5,0,2025-08-22,222,286,1,3378.6,3371.48,40.1667,-0.185691,-0.177344,0.168998,0.00834649,,0
rb,XAUUSD,server_day,5,0,2025-08-26,51,227,-1,3373.85,3386.48,12.63,-1.02655,-1,0.97345,0.0265497,,1
rb,XAUUSD,server_day,5,0,2025-08-26,273,286,1,3390.32,3391.05,23.52,0.0183049,0.0310374,-0.04377,0.0127326,,0
rb,XAUUSD,server_day,5,0,2025-09-02,217,286,1,3515.51,3535.57,80.3733,0.245877,0.249627,-0.253376,0.00374947,,0
rb,XAUUSD,server_day,5,0,2025-09-15,229,286,1,3681.79,3680.69,38.68,-0.0362859,-0.0284385,0.0205911,0.0078474,,0
rb,XAUUSD,server_day,5,0,2025-09-17,189,252,1,3676.83,3660.04,16.7933,-1.01806,-1,-1.01808,0.0180642,,1
rb,XAUUSD,server_day,5,0,2025-09-17,262,286,-1,3648.58,3658.76,41.2933,-0.25379,-0.246448,0.239107,0.00734141,,0
rb,XAUUSD,server_day,5,0,2025-10-02,241,286,1,3846.03,3855.44,26.6067,0.345005,0.353796,-0.362587,0.00879142,,1
rb,XAUUSD,server_day,5,0,2025-10-06,226,286,1,3959,3960.11,87.3233,0.00991602,0.0127496,-0.0155831,0.00283354,,0
rb,XAUUSD,server_day,5,0,2025-10-08,230,286,1,4054.01,4044.48,81.6267,-0.120427,-0.116792,0.113157,0.00363471,,0
rb,XAUUSD,server_day,5,0,2025-10-13,230,286,1,4115.63,4111.07,122.29,-0.0400162,-0.0372884,0.0345606,0.00272783,,0
rb,XAUUSD,server_day,5,0,2025-10-16,276,286,1,4315.73,4324.66,126.267,0.0687924,0.0706969,-0.0726015,0.00190456,,0
rb,XAUUSD,server_day,5,0,2025-10-21,213,286,-1,4094.76,4127.22,224.367,-0.146068,-0.144689,0.143309,0.00137968,,0
rb,XAUUSD,server_day,5,0,2025-11-04,211,286,1,3965.99,3931.93,37.2667,-0.921788,-0.913864,0.90594,0.00792358,,1
rb,XAUUSD,server_day,5,0,2025-11-10,102,286,1,4074.57,4115.65,72.8733,0.559848,0.563764,-0.567679,0.00391544,,0
rb,XAUUSD,server_day,5,0,2025-11-12,235,286,1,4202.92,4198.65,78.8,-0.0587413,-0.0541878,0.0496344,0.00455344,,0
rb,XAUUSD,server_day,5,0,2025-12-01,13,286,1,4225.62,4232.46,69.82,0.0926496,0.0979662,-0.103283,0.00531662,,0
rb,XAUUSD,server_day,5,0,2025-12-02,270,286,1,4203.81,4207.94,40.2867,0.093392,0.102598,-0.111804,0.00920608,,1
rb,XAUUSD,server_day,5,0,2025-12-05,217,286,-1,4227.16,4196.86,32.0467,0.93365,0.9456,-1.01195,0.0119503,,1
rb,XAUUSD,server_day,5,0,2025-12-12,208,286,-1,4311.19,4302.74,42.4133,0.189525,0.199151,-1.00962,0.00962663,,1
rb,XAUUSD,server_day,5,0,2025-12-22,90,286,1,4407.57,4445.53,72.8067,0.516528,0.521335,-0.526142,0.00480686,,0
rb,XAUUSD,server_day,5,0,2025-12-26,234,286,-1,4515.32,4531.49,34.38,-0.482645,-0.470332,0.458018,0.0123132,,1
rb,XAUUSD,server_day,5,0,2025-12-29,189,286,-1,4425.06,4332.35,96.07,0.96064,0.965026,-1.00439,0.00438536,,0
rb,XAUUSD,server_day,5,0,2025-12-31,102,286,1,4312.02,4314.45,37.42,0.0530629,0.0649385,-1.01188,0.0118756,,1
rb,XAUUSD,server_day,5,0,2026-01-12,34,286,1,4598.12,4593.75,104.733,-0.0454011,-0.0416932,0.0379853,0.00370792,,0
rb,XAUUSD,server_day,5,0,2026-01-16,210,217,-1,4545.38,4588.95,61.3267,-0.717566,-0.710458,0.703349,0.00710849,,0
rb,XAUUSD,server_day,5,0,2026-01-16,217,286,1,4588.95,4594.61,52.3067,0.101307,0.108272,-0.115236,0.00696441,,1
rb,XAUUSD,server_day,5,0,2026-01-20,95,286,1,4714.7,4763.32,130.857,0.368635,0.371526,-0.374417,0.0028913,,0
rb,XAUUSD,server_day,5,0,2026-01-21,259,286,-1,4799.84,4836.52,88.42,-0.419673,-0.414838,0.410004,0.00483436,,1
rb,XAUUSD,server_day,5,0,2026-01-26,105,261,1,5104.57,5014.76,147.303,-0.613108,-0.609694,0.606281,0.0034136,,0
rb,XAUUSD,server_day,5,0,2026-01-26,261,286,-1,5014.76,5014.71,96.2033,-0.00386202,0.000485084,-0.00483219,0.00434711,,1
rb,XAUUSD,server_day,5,0,2026-01-28,156,244,-1,5248.46,5311.4,62.9433,-1.00651,-1,0.993487,0.00651251,,1
rb,XAUUSD,server_day,5,0,2026-01-29,24,286,-1,5482.26,5393.99,115.817,0.758312,0.762182,-1.00387,0.00386934,,1
rb,XAUUSD,server_day,5,0,2026-02-12,219,286,-1,4925.08,4919.66,147.007,0.0326227,0.0368464,-0.0410701,0.00422371,,0
rb,XAUUSD,server_day,5,0,2026-02-20,204,204,-1,5027.2,5060.46,33.2633,-1.01475,-1,0.985251,0.0147494,,1
rb,XAUUSD,server_day,5,0,2026-02-20,275,286,1,5088.57,5103.59,94.5833,0.153642,0.158837,-0.164032,0.00519484,,0
rb,XAUUSD,server_day,5,0,2026-03-02,41,109,-1,5315.22,5393.53,78.3133,-1.0126,-1,0.987397,0.0126027,,1
rb,XAUUSD,server_day,5,0,2026-03-03,162,286,-1,5093.37,5087.21,242.043,0.021798,0.0254638,-0.0291295,0.00366572,,0
rb,XAUUSD,server_day,5,0,2026-03-09,71,286,1,5097.06,5138.39,82.3033,0.491633,0.502126,-0.51262,0.0104935,,1
rb,XAUUSD,server_day,5,0,2026-03-12,282,286,-1,5061.95,5080.63,119.493,-0.161412,-0.156299,0.151186,0.00511324,,0
rb,XAUUSD,server_day,5,0,2026-03-18,183,286,-1,4898.53,4825.37,108.263,0.669066,0.675791,-0.682515,0.00672497,,0
rb,XAUUSD,server_day,5,0,2026-03-19,189,286,-1,4539.72,4657.62,342.967,-0.346307,-0.343775,0.341243,0.00253197,,0
rb,XAUUSD,server_day,5,0,2026-03-23,121,169,-1,4146.01,4404.37,423.933,-0.611275,-0.609435,0.607596,0.00183956,,0
rb,XAUUSD,server_day,5,0,2026-03-23,169,286,1,4404.37,4412.09,305.633,0.0226119,0.0252481,-0.0278843,0.00263622,,1
rb,XAUUSD,server_day,5,0,2026-03-25,153,286,-1,4530.89,4505.79,71.4967,0.339653,0.351112,-0.362571,0.0114587,,1
rb,XAUUSD,server_day,5,0,2026-04-02,211,286,1,4684.84,4670.6,130.907,-0.114296,-0.108754,0.103212,0.00554203,,1
rb,XAUUSD,server_day,5,0,2026-04-08,210,286,-1,4751.18,4719.86,106.04,0.288511,0.29536,-0.30221,0.00684928,,1
rb,XAUUSD,server_day,5,0,2026-04-13,16,58,-1,4657.63,4722.17,100.907,-0.644652,-0.639601,0.63455,0.00505079,,0
rb,XAUUSD,server_day,5,0,2026-04-13,58,286,1,4722.17,4738.91,78.0067,0.205638,0.21464,-0.223642,0.00900215,,1
rb,XAUUSD,server_day,5,0,2026-04-21,272,286,-1,4669.39,4712.96,124.26,-0.356379,-0.350636,0.344892,0.00574341,,0
rb,XAUUSD,server_day,5,0,2026-04-23,178,248,1,4711.49,4684.09,27.4033,-1.02386,-1,-1.02387,0.0238573,,1
rb,XAUUSD,server_day,5,0,2026-04-28,174,286,-1,4591.85,4593.06,100.367,-0.0177512,-0.012089,0.00642682,0.00566218,,0
rb,XAUUSD,server_day,5,0,2026-05-06,107,286,1,4663.35,4689.31,111.45,0.227497,0.23293,-0.238362,0.00543265,,0
rb,XAUUSD,server_day,5,0,2026-05-15,146,286,-1,4549.05,4538.07,121.95,0.0853825,0.0900369,-0.0946913,0.00465445,,0
rb,XAUUSD,server_day,5,0,2026-05-26,54,286,-1,4538.22,4506.5,41.7967,0.739677,0.758992,-1.01931,0.0193152,,1
rb,XAUUSD,server_day,5,0,2026-05-27,184,193,1,4465.93,4424.97,40.9633,-1.01441,-1,0.985591,0.0144089,,1
rb,XAUUSD,server_day,5,0,2026-06-05,224,286,-1,4335.44,4327.26,135.76,0.0566246,0.0602534,-0.0638821,0.00362875,,0
rb,XAUUSD,server_day,5,0,2026-06-10,268,286,-1,4084.39,4067.78,202.847,0.0792796,0.0818681,-0.0844566,0.00258848,,0
rb,XAUUSD,server_day,5,0,2026-06-15,63,286,1,4327.19,4309.81,116.7,-0.153971,-0.148929,0.143886,0.00504249,,0
rb,XAUUSD,server_day,5,0,2026-06-17,252,255,-1,4355.76,4306.77,26.5167,1.82532,1.84752,-1.0222,0.0221988,,1
rb,XAUUSD,server_day,5,0,2026-06-17,255,258,1,4306.77,4277.01,29.7633,-1.01895,-1,0.981048,0.0189524,,1
rb,XAUUSD,server_day,5,0,2026-06-23,206,286,1,4144.81,4110.26,53.9633,-0.650722,-0.640311,0.629901,0.0104105,,1
rb,XAUUSD,server_day,5,0,2026-06-24,252,286,-1,3960.79,3997.04,172.28,-0.213592,-0.210413,0.207234,0.00317915,,0
rb,XAUUSD,server_day,5,0,2026-06-30,89,286,1,3981.76,4010.82,40.0233,0.711403,0.725993,-1.01459,0.0145902,,1
rb,XAUUSD,server_day,5,0,2026-07-08,245,286,1,4071.31,4075.08,49.69,0.0648214,0.0758704,-0.0869194,0.011049,,1
rb,XAUUSD,server_day,5,0,2026-07-13,136,202,1,4079.22,4043.69,35.5333,-1.01477,-1,0.985229,0.0147709,,1
rb,XAUUSD,server_day,5,0,2026-07-13,207,286,-1,4017.16,3999,89.7433,0.196284,0.202392,-0.2085,0.00610756,,0
rb,XAUUSD,server_day,5,0,2026-07-27,183,286,-1,4083.45,4076.44,32.5267,0.19726,0.215618,-0.233976,0.0183578,,1
rb,XAUUSD,server_day,5,0,2026-07-29,270,286,-1,4068.57,4065.98,47.8133,0.0433713,0.0540993,-0.0648273,0.010728,,1
rb,XAUUSD,server_day,5,0,2026-08-05,106,286,1,4171.7,4244.02,96.55,0.74259,0.749042,-0.755494,0.00645168,,0
rb,XAUUSD,server_day,5,0,2026-08-07,188,286,1,4366.33,4339.65,111.767,-0.244011,-0.238741,0.233472,0.00526939,,0
rb,XAUUSD,server_day,5,0,2026-08-19,270,286,1,4510.02,4520.74,144.03,0.0709073,0.0744289,-0.0779505,0.00352159,,0
rb,XAUUSD,server_day,5,0,2026-08-28,231,286,-1,4487.9,4459.1,116.32,0.243237,0.247593,-0.251948,0.00435548,,0
rb,XAUUSD,server_day,5,0,2026-09-01,194,286,-1,4329.52,4328.25,108.923,0.00628634,0.0116902,-0.017094,0.00540384,,0
rb,XAUUSD,server_day,5,0,2026-09-16,252,252,-1,4319.42,4364.36,44.9433,-1.01337,-1,0.986632,0.0133676,,1
rb,XAUUSD,server_day,5,0,2026-09-28,78,286,-1,4193.28,4112.38,91.8033,0.87436,0.881268,-0.888176,0.00690759,,0
rb,XAUUSD,server_day,5,0,2026-10-02,194,286,-1,4199.89,4137.44,25.49,2.42886,2.44998,-1.02113,0.0211205,,1
rb,XAUUSD,server_day,5,0,2026-10-07,241,286,1,4115.57,4109.15,49.27,-0.140239,-0.130302,0.120366,0.00993653,,1
