idea,symbol,group,tf,cell,year,n,s,ss,w,bn,bs
squeeze,AAPL,stock,M5,BB20_2_sq125,2015,137,-14.129,90.225,36,137,-18.035
squeeze,AAPL,stock,M5,BB20_2_sq125,2016,138,-12.561,235.08,39,138,-24.023
squeeze,AAPL,stock,M5,BB20_2_sq125,2017,155,-41.236,219.22,30,155,-3.9426
squeeze,AAPL,stock,M5,BB20_2_sq125,2018,133,-23.758,94.759,36,133,-15.132
squeeze,AAPL,stock,M5,BB20_2_sq125,2019,103,-48.105,534.12,24,103,-0.36525
squeeze,AAPL,stock,M5,BB20_2_sq125,2021,70,-20.97,47.704,16,70,-7.8191
squeeze,AAPL,stock,M5,BB20_2_sq125,2022,147,-11.715,176.26,49,147,2.6862
squeeze,AAPL,stock,M5,BB20_2_sq125,2023,146,-15.615,421.26,47,146,-14.278
squeeze,AAPL,stock,M5,BB20_2_sq125,2024,142,-30.739,235.6,33,142,-0.17593
squeeze,AAPL,stock,M5,BB20_2_sq125,2025,155,-26.987,180.21,47,155,-46.221
squeeze,AAPL,stock,M5,BB20_2_sq125,2026,107,-25.495,316.02,26,107,-25.988
squeeze,AAPL,stock,M15,BB20_2_sq125,2015,53,-4.6662,81.022,16,53,-0.71792
squeeze,AAPL,stock,M15,BB20_2_sq125,2016,51,-11.489,47.704,18,51,-9.7447
squeeze,AAPL,stock,M15,BB20_2_sq125,2017,48,0.20342,151.6,13,48,-5.144
squeeze,AAPL,stock,M15,BB20_2_sq125,2018,50,1.2212,84.745,20,50,-14.26
squeeze,AAPL,stock,M15,BB20_2_sq125,2019,40,3.282,36.942,17,40,-5.615
squeeze,AAPL,stock,M15,BB20_2_sq125,2021,21,1.6951,16.268,8,21,-1.8999
squeeze,AAPL,stock,M15,BB20_2_sq125,2022,39,7.5117,86.109,18,39,-5.3571
squeeze,AAPL,stock,M15,BB20_2_sq125,2023,46,8.8482,67.191,22,46,-17.894
squeeze,AAPL,stock,M15,BB20_2_sq125,2024,52,-18.801,192.85,15,52,13.799
squeeze,AAPL,stock,M15,BB20_2_sq125,2025,52,-1.4861,144.33,16,52,-15.205
squeeze,AAPL,stock,M15,BB20_2_sq125,2026,44,-5.6275,36.186,14,44,-4.5266
squeeze,AAPL,stock,M30,BB20_2_sq125,2015,25,3.1622,37.063,10,25,-7.2281
squeeze,AAPL,stock,M30,BB20_2_sq125,2016,24,-2.8084,18.11,6,24,2.0362
squeeze,AAPL,stock,M30,BB20_2_sq125,2017,24,2.9143,33.074,7,24,-4.2696
squeeze,AAPL,stock,M30,BB20_2_sq125,2018,20,-1.1575,6.5536,7,20,-2.0058
squeeze,AAPL,stock,M30,BB20_2_sq125,2019,18,-1.9916,7.5356,5,18,-1.0816
squeeze,AAPL,stock,M30,BB20_2_sq125,2021,8,-2.9979,2.1006,1,8,2.2394
squeeze,AAPL,stock,M30,BB20_2_sq125,2022,23,-1.5031,13.687,8,23,0.81293
squeeze,AAPL,stock,M30,BB20_2_sq125,2023,23,1.0522,22.283,8,23,1.2222
squeeze,AAPL,stock,M30,BB20_2_sq125,2024,22,-6.1882,6.6552,7,22,4.0312
squeeze,AAPL,stock,M30,BB20_2_sq125,2025,31,-2.0379,17.763,9,31,-1.4571
squeeze,AAPL,stock,M30,BB20_2_sq125,2026,21,-4.7652,7.9693,3,21,3.6309
squeeze,AAPL,stock,H1,BB20_2_sq125,2015,10,0.96678,2.3524,5,10,-1.9555
squeeze,AAPL,stock,H1,BB20_2_sq125,2016,12,-0.42814,2.9482,5,12,-0.91748
squeeze,AAPL,stock,H1,BB20_2_sq125,2017,12,3.2676,9.6976,8,12,-3.2529
squeeze,AAPL,stock,H1,BB20_2_sq125,2018,14,3.0851,7.9997,6,14,-3.416
squeeze,AAPL,stock,H1,BB20_2_sq125,2019,12,-3.8601,5.9386,3,12,4.826
squeeze,AAPL,stock,H1,BB20_2_sq125,2021,5,-0.99442,0.39853,1,5,0.68481
squeeze,AAPL,stock,H1,BB20_2_sq125,2022,15,-0.31661,2.4191,8,15,-0.004621
squeeze,AAPL,stock,H1,BB20_2_sq125,2023,14,5.6466,26.953,6,14,-4.2263
squeeze,AAPL,stock,H1,BB20_2_sq125,2024,13,-3.3228,4.4106,3,13,2.3194
squeeze,AAPL,stock,H1,BB20_2_sq125,2025,16,1.4822,37.042,5,16,2.1984
squeeze,AAPL,stock,H1,BB20_2_sq125,2026,10,-0.34108,5.4608,3,10,-0.69451
squeeze,AAPL,stock,H4,BB20_2_sq125,2015,4,-1.9222,2.1036,2,4,3.6355
squeeze,AAPL,stock,H4,BB20_2_sq125,2016,4,0.70472,0.36751,3,4,-0.92163
squeeze,AAPL,stock,H4,BB20_2_sq125,2017,3,0.4204,0.097762,2,3,-0.62868
squeeze,AAPL,stock,H4,BB20_2_sq125,2018,2,0.15626,3.093,1,2,-0.12001
squeeze,AAPL,stock,H4,BB20_2_sq125,2019,2,-0.30632,0.089378,0,2,0.21032
squeeze,AAPL,stock,H4,BB20_2_sq125,2022,3,-0.47675,0.60627,2,3,0.38772
squeeze,AAPL,stock,H4,BB20_2_sq125,2023,3,-0.79426,0.56608,1,3,0.59923
squeeze,AAPL,stock,H4,BB20_2_sq125,2024,2,-0.51151,0.1957,0,2,0.44825
squeeze,AAPL,stock,H4,BB20_2_sq125,2025,3,-0.34368,0.20062,1,3,0.0093784
squeeze,AAPL,stock,H4,BB20_2_sq125,2026,4,-0.4163,2.0872,2,4,-0.055409
squeeze,AAPL,stock,D1,BB20_2_sq125,2008,3,-0.67804,0.26128,1,3,-0.33328
squeeze,AAPL,stock,D1,BB20_2_sq125,2009,4,1.5886,1.8915,4,4,-1.3088
squeeze,AAPL,stock,D1,BB20_2_sq125,2010,1,-0.1409,0.019854,0,1,0.12309
squeeze,AAPL,stock,D1,BB20_2_sq125,2011,1,-0.68801,0.47336,0,1,-1.0275
squeeze,AAPL,stock,D1,BB20_2_sq125,2012,1,0.94084,0.88518,1,1,-1.0218
squeeze,AAPL,stock,D1,BB20_2_sq125,2013,2,1.4462,2.0957,1,2,-1.0443
squeeze,AAPL,stock,D1,BB20_2_sq125,2014,1,-0.5663,0.3207,0,1,-1.0066
squeeze,AAPL,stock,D1,BB20_2_sq125,2015,2,-0.64916,0.40605,0,2,-0.49442
squeeze,AAPL,stock,D1,BB20_2_sq125,2016,2,-0.42194,0.43427,1,2,0.30847
squeeze,AAPL,stock,D1,BB20_2_sq125,2017,1,-0.089202,0.007957,0,1,-0.046315
squeeze,AAPL,stock,D1,BB20_2_sq125,2018,2,0.1688,0.080676,1,2,-0.35095
squeeze,AAPL,stock,D1,BB20_2_sq125,2019,1,0.84626,0.71616,1,1,-1.0318
squeeze,AAPL,stock,D1,BB20_2_sq125,2020,1,0.13116,0.017202,1,1,-0.14559
squeeze,AAPL,stock,D1,BB20_2_sq125,2021,5,2.4662,3.3939,4,5,-2.7939
squeeze,AAPL,stock,D1,BB20_2_sq125,2022,2,-0.24301,0.10354,1,2,0.19491
squeeze,AAPL,stock,D1,BB20_2_sq125,2023,3,0.81511,0.2828,3,3,-0.90882
squeeze,AAPL,stock,D1,BB20_2_sq125,2024,2,-0.15676,0.23707,1,2,0.090914
squeeze,AAPL,stock,D1,BB20_2_sq125,2025,3,-1.3097,1.1177,0,3,2.3818
squeeze,AAPL,stock,D1,BB20_2_sq125,2026,1,-0.35271,0.1244,0,1,0.30448
squeeze,ADAUSD,crypto,M5,BB20_2_sq125,2021,199,-7458.5,1.3353e+07,22,199,-7448.9
squeeze,ADAUSD,crypto,M5,BB20_2_sq125,2022,798,-816.75,2009,73,798,-792.41
squeeze,ADAUSD,crypto,M5,BB20_2_sq125,2023,771,-1387.5,4735.2,40,771,-1369.7
squeeze,ADAUSD,crypto,M5,BB20_2_sq125,2024,779,-803.17,1633.6,76,779,-784.45
squeeze,ADAUSD,crypto,M5,BB20_2_sq125,2025,777,-731.7,1746.3,100,777,-753.4
squeeze,ADAUSD,crypto,M5,BB20_2_sq125,2026,597,-452.58,702.42,58,597,-425.78
squeeze,ADAUSD,crypto,M15,BB20_2_sq125,2021,64,-632.7,3.6826e+05,7,64,-629.75
squeeze,ADAUSD,crypto,M15,BB20_2_sq125,2022,286,-158.59,356.48,50,286,-172.78
squeeze,ADAUSD,crypto,M15,BB20_2_sq125,2023,268,-250.85,543.38,30,268,-261.54
squeeze,ADAUSD,crypto,M15,BB20_2_sq125,2024,237,-129.38,412.02,35,237,-124.07
squeeze,ADAUSD,crypto,M15,BB20_2_sq125,2025,270,-211.32,702.05,26,270,-156.89
squeeze,ADAUSD,crypto,M15,BB20_2_sq125,2026,193,-65.251,241.17,45,193,-85.458
squeeze,ADAUSD,crypto,M30,BB20_2_sq125,2021,33,-8.1354,25.876,5,33,-9.8881
squeeze,ADAUSD,crypto,M30,BB20_2_sq125,2022,138,-53.161,121.85,27,138,-65.323
squeeze,ADAUSD,crypto,M30,BB20_2_sq125,2023,134,-93.884,166.59,20,134,-81.283
squeeze,ADAUSD,crypto,M30,BB20_2_sq125,2024,128,-64.96,102.89,21,128,-43.233
squeeze,ADAUSD,crypto,M30,BB20_2_sq125,2025,119,-61.38,235.7,18,119,-56.92
squeeze,ADAUSD,crypto,M30,BB20_2_sq125,2026,100,-31.041,67.692,22,100,-23.294
squeeze,ADAUSD,crypto,H1,BB20_2_sq125,2021,15,-4.1314,7.0078,2,15,0.38792
squeeze,ADAUSD,crypto,H1,BB20_2_sq125,2022,59,-6.1568,182.57,13,59,-19.804
squeeze,ADAUSD,crypto,H1,BB20_2_sq125,2023,69,-40.29,56.525,11,69,-29.745
squeeze,ADAUSD,crypto,H1,BB20_2_sq125,2024,57,-14.251,65.782,15,57,-17.401
squeeze,ADAUSD,crypto,H1,BB20_2_sq125,2025,59,-13.787,61.582,12,59,-17.288
squeeze,ADAUSD,crypto,H1,BB20_2_sq125,2026,43,-2.4982,75.221,8,43,-9.142
squeeze,ADAUSD,crypto,H4,BB20_2_sq125,2021,3,-0.31424,0.96109,1,3,-0.71947
squeeze,ADAUSD,crypto,H4,BB20_2_sq125,2022,17,-2.3041,9.5501,5,17,-4.2165
squeeze,ADAUSD,crypto,H4,BB20_2_sq125,2023,15,-4.9093,6.8685,3,15,-5.4833
squeeze,ADAUSD,crypto,H4,BB20_2_sq125,2024,14,-0.5047,6.7407,5,14,-2.0634
squeeze,ADAUSD,crypto,H4,BB20_2_sq125,2025,18,-3.6954,5.7433,7,18,-3.2843
squeeze,ADAUSD,crypto,H4,BB20_2_sq125,2026,15,-5.8153,6.1985,2,15,3.8073
squeeze,ADAUSD,crypto,D1,BB20_2_sq125,2022,5,2.1507,7.3518,3,5,-1.5193
squeeze,ADAUSD,crypto,D1,BB20_2_sq125,2023,1,-0.17813,0.031729,0,1,-0.19618
squeeze,ADAUSD,crypto,D1,BB20_2_sq125,2024,3,-1.1505,0.61178,0,3,0.75239
squeeze,ADAUSD,crypto,D1,BB20_2_sq125,2025,1,-0.39977,0.15981,0,1,0.12327
squeeze,ADAUSD,crypto,D1,BB20_2_sq125,2026,2,-0.19589,0.020532,0,2,-1.067
squeeze,AMD,stock,M5,BB20_2_sq125,2020,28,-7.9177,20.6,10,28,-3.8441
squeeze,AMD,stock,M5,BB20_2_sq125,2021,128,-43.587,279.59,37,128,-12.268
squeeze,AMD,stock,M5,BB20_2_sq125,2022,127,9.1936,455.06,40,127,-23.926
squeeze,AMD,stock,M5,BB20_2_sq125,2023,138,-17.269,99.401,45,138,-10.922
squeeze,AMD,stock,M5,BB20_2_sq125,2024,132,-3.2228,884.35,41,132,-16.774
squeeze,AMD,stock,M5,BB20_2_sq125,2025,140,-48.192,394.5,34,140,15.424
squeeze,AMD,stock,M5,BB20_2_sq125,2026,98,-8.1951,554.1,25,98,17.717
squeeze,AMD,stock,M15,BB20_2_sq125,2020,6,-2.2288,1.8892,1,6,0.7625
squeeze,AMD,stock,M15,BB20_2_sq125,2021,48,-7.4349,21.5,16,48,4.6473
squeeze,AMD,stock,M15,BB20_2_sq125,2022,42,-6.7764,14.916,16,42,1.9188
squeeze,AMD,stock,M15,BB20_2_sq125,2023,46,-9.4934,58.28,13,46,6.4539
squeeze,AMD,stock,M15,BB20_2_sq125,2024,54,-5.6631,35.664,19,54,-0.9879
squeeze,AMD,stock,M15,BB20_2_sq125,2025,55,-15.818,26.643,15,55,10.282
squeeze,AMD,stock,M15,BB20_2_sq125,2026,32,46.281,807.54,15,32,-8.2634
squeeze,AMD,stock,M30,BB20_2_sq125,2020,2,-0.80223,0.3481,0,2,0.617
squeeze,AMD,stock,M30,BB20_2_sq125,2021,23,1.963,9.6008,11,23,-5.6474
squeeze,AMD,stock,M30,BB20_2_sq125,2022,18,2.1289,15.486,7,18,-2.2398
squeeze,AMD,stock,M30,BB20_2_sq125,2023,24,5.0161,36.836,13,24,-3.4128
squeeze,AMD,stock,M30,BB20_2_sq125,2024,21,-0.8981,9.3748,10,21,-1.9473
squeeze,AMD,stock,M30,BB20_2_sq125,2025,21,-4.6988,8.0831,4,21,1.7852
squeeze,AMD,stock,M30,BB20_2_sq125,2026,14,-0.41092,7.6323,5,14,0.54794
squeeze,AMD,stock,H1,BB20_2_sq125,2020,2,-1.0085,0.66331,0,2,0.85944
squeeze,AMD,stock,H1,BB20_2_sq125,2021,12,-1.6257,2.4895,2,12,0.22628
squeeze,AMD,stock,H1,BB20_2_sq125,2022,16,-2.1896,4.2185,6,16,2.7566
squeeze,AMD,stock,H1,BB20_2_sq125,2023,16,2.444,3.9612,8,16,-3.2545
squeeze,AMD,stock,H1,BB20_2_sq125,2024,16,-1.3695,8.1946,5,16,-0.93416
squeeze,AMD,stock,H1,BB20_2_sq125,2025,16,-2.3833,5.5881,4,16,7.0251
squeeze,AMD,stock,H1,BB20_2_sq125,2026,7,-1.4095,1.4942,3,7,1.136
squeeze,AMD,stock,H4,BB20_2_sq125,2021,2,-0.37013,0.49139,1,2,0.28085
squeeze,AMD,stock,H4,BB20_2_sq125,2022,4,0.38713,0.94117,1,4,-0.55823
squeeze,AMD,stock,H4,BB20_2_sq125,2023,3,0.25018,1.7689,2,3,-0.74803
squeeze,AMD,stock,H4,BB20_2_sq125,2024,4,-2.6075,3.494,1,4,2.5983
squeeze,AMD,stock,H4,BB20_2_sq125,2025,4,-0.64136,0.16479,0,4,0.49903
squeeze,AMD,stock,H4,BB20_2_sq125,2026,3,-0.9288,0.39384,0,3,0.87706
squeeze,AMD,stock,D1,BB20_2_sq125,2021,2,1.0538,1.5117,1,2,-0.88075
squeeze,AMD,stock,D1,BB20_2_sq125,2022,2,1.5578,1.3682,2,2,-1.5486
squeeze,AMD,stock,D1,BB20_2_sq125,2023,2,-0.14632,0.52855,1,2,0.092394
squeeze,AMD,stock,D1,BB20_2_sq125,2024,2,-0.53035,1.2563,1,2,0.43937
squeeze,AMD,stock,D1,BB20_2_sq125,2025,1,4.2233,17.836,1,1,-4.2574
squeeze,AMZN,stock,M5,BB20_2_sq125,2021,60,1.0158,58.688,24,60,-17.268
squeeze,AMZN,stock,M5,BB20_2_sq125,2022,138,4.0789,195.87,53,138,-19.031
squeeze,AMZN,stock,M5,BB20_2_sq125,2023,139,-9.7434,272.56,45,139,-26.323
squeeze,AMZN,stock,M5,BB20_2_sq125,2024,144,1.7612,338.59,43,144,-19.168
squeeze,AMZN,stock,M5,BB20_2_sq125,2025,134,-25.202,233.62,33,134,-38.195
squeeze,AMZN,stock,M5,BB20_2_sq125,2026,108,-32.015,272.87,27,108,-25.556
squeeze,AMZN,stock,M15,BB20_2_sq125,2021,25,1.8379,46.047,7,25,-6.4049
squeeze,AMZN,stock,M15,BB20_2_sq125,2022,45,1.0197,42.696,22,45,-5.4059
squeeze,AMZN,stock,M15,BB20_2_sq125,2023,50,-1.3847,59.356,20,50,-0.78948
squeeze,AMZN,stock,M15,BB20_2_sq125,2024,49,0.96033,70.043,17,49,-1.6368
squeeze,AMZN,stock,M15,BB20_2_sq125,2025,50,4.9953,68.068,23,50,-10.876
squeeze,AMZN,stock,M15,BB20_2_sq125,2026,39,-12.982,29.44,13,39,-10.264
squeeze,AMZN,stock,M30,BB20_2_sq125,2021,8,-2.4516,2.5474,1,8,-0.87578
squeeze,AMZN,stock,M30,BB20_2_sq125,2022,20,2.5216,21.374,8,20,-1.177
squeeze,AMZN,stock,M30,BB20_2_sq125,2023,24,7.2688,18.753,12,24,-5.1461
squeeze,AMZN,stock,M30,BB20_2_sq125,2024,19,11.814,32.673,11,19,-10.749
squeeze,AMZN,stock,M30,BB20_2_sq125,2025,26,-1.4191,12.485,5,26,-1.7136
squeeze,AMZN,stock,M30,BB20_2_sq125,2026,18,-0.69865,4.623,8,18,-2.3154
squeeze,AMZN,stock,H1,BB20_2_sq125,2021,5,4.9457,13.008,3,5,-2.1765
squeeze,AMZN,stock,H1,BB20_2_sq125,2022,12,0.008839,2.249,6,12,-0.29848
squeeze,AMZN,stock,H1,BB20_2_sq125,2023,15,-4.2115,6.0715,4,15,3.1168
squeeze,AMZN,stock,H1,BB20_2_sq125,2024,11,-1.3995,1.4564,6,11,0.99205
squeeze,AMZN,stock,H1,BB20_2_sq125,2025,11,-1.4813,1.5232,4,11,0.61345
squeeze,AMZN,stock,H1,BB20_2_sq125,2026,11,-0.94223,7.9144,5,11,5.8642
squeeze,AMZN,stock,H4,BB20_2_sq125,2022,3,0.90211,0.74715,2,3,-1.102
squeeze,AMZN,stock,H4,BB20_2_sq125,2023,6,-2.1505,1.1884,1,6,1.9398
squeeze,AMZN,stock,H4,BB20_2_sq125,2024,3,-1.4774,1.5221,1,3,0.89742
squeeze,AMZN,stock,H4,BB20_2_sq125,2025,6,-0.71651,1.5422,2,6,0.088455
squeeze,AMZN,stock,H4,BB20_2_sq125,2026,2,-1.4529,1.1517,0,2,1.332
squeeze,AMZN,stock,D1,BB20_2_sq125,2020,1,-0.10956,0.012003,0,1,0.082731
squeeze,AMZN,stock,D1,BB20_2_sq125,2021,1,0.9193,0.84511,1,1,-1.0391
squeeze,AMZN,stock,D1,BB20_2_sq125,2022,3,-0.91663,0.34535,0,3,-0.62737
squeeze,AMZN,stock,D1,BB20_2_sq125,2023,5,-1.7991,0.89967,0,5,1.6426
squeeze,AMZN,stock,D1,BB20_2_sq125,2024,1,-1.0161,1.0324,0,1,-3.6692
squeeze,AMZN,stock,D1,BB20_2_sq125,2025,3,0.30682,0.094271,2,3,-0.51259
squeeze,AMZN,stock,D1,BB20_2_sq125,2026,2,-0.66547,0.4842,1,2,0.59086
squeeze,AUDCAD,forex,M15,BB20_2_sq125,2015,174,-96.396,241.94,34,174,-82.029
squeeze,AUDCAD,forex,M15,BB20_2_sq125,2016,180,-147.55,234.31,22,180,-91.366
squeeze,AUDCAD,forex,M15,BB20_2_sq125,2017,183,-124.87,208.64,31,183,-109.98
squeeze,AUDCAD,forex,M15,BB20_2_sq125,2018,167,-93.339,184.79,27,167,-62.22
squeeze,AUDCAD,forex,M15,BB20_2_sq125,2019,182,-137.91,375.42,28,182,-140.18
squeeze,AUDCAD,forex,M15,BB20_2_sq125,2020,163,-55.153,106.09,32,163,-1.9933
squeeze,AUDCAD,forex,M15,BB20_2_sq125,2021,174,-44.767,162.32,45,174,-24.558
squeeze,AUDCAD,forex,M15,BB20_2_sq125,2022,155,-42.433,153.29,37,155,-8.5165
squeeze,AUDCAD,forex,M15,BB20_2_sq125,2023,156,-73.123,157.21,28,156,-19.119
squeeze,AUDCAD,forex,M15,BB20_2_sq125,2024,176,-72.165,210.28,36,176,-55.299
squeeze,AUDCAD,forex,M15,BB20_2_sq125,2025,180,-134.76,321.48,26,180,-70.363
squeeze,AUDCAD,forex,M15,BB20_2_sq125,2026,149,-74.577,208.06,26,149,-38.13
squeeze,AUDCAD,forex,M30,BB20_2_sq125,2015,88,-28.927,54.278,19,88,-20.907
squeeze,AUDCAD,forex,M30,BB20_2_sq125,2016,97,-49.175,122.48,15,97,-41.144
squeeze,AUDCAD,forex,M30,BB20_2_sq125,2017,88,-44.769,72.494,21,88,-37.492
squeeze,AUDCAD,forex,M30,BB20_2_sq125,2018,95,-25.344,79.289,16,95,-19.821
squeeze,AUDCAD,forex,M30,BB20_2_sq125,2019,92,-52.298,101.28,16,92,-36.966
squeeze,AUDCAD,forex,M30,BB20_2_sq125,2020,95,-11.142,102.48,21,95,5.9454
squeeze,AUDCAD,forex,M30,BB20_2_sq125,2021,87,-1.92,55.893,35,87,-11.973
squeeze,AUDCAD,forex,M30,BB20_2_sq125,2022,89,-4.9292,59.267,29,89,-9.2501
squeeze,AUDCAD,forex,M30,BB20_2_sq125,2023,92,-2.2443,69.961,30,92,-20.895
squeeze,AUDCAD,forex,M30,BB20_2_sq125,2024,88,-16.622,90.194,24,88,-13.35
squeeze,AUDCAD,forex,M30,BB20_2_sq125,2025,82,-11.309,312.87,14,82,-2.105
squeeze,AUDCAD,forex,M30,BB20_2_sq125,2026,73,-7.7589,55.234,25,73,-21.983
squeeze,AUDCAD,forex,H1,BB20_2_sq125,2015,47,-13.481,27.965,12,47,-8.6844
squeeze,AUDCAD,forex,H1,BB20_2_sq125,2016,44,-7.4228,32.059,16,44,-16.183
squeeze,AUDCAD,forex,H1,BB20_2_sq125,2017,43,-18.925,31.143,8,43,-3.5783
squeeze,AUDCAD,forex,H1,BB20_2_sq125,2018,42,-18.531,27.605,7,42,0.80876
squeeze,AUDCAD,forex,H1,BB20_2_sq125,2019,42,-12.322,57.576,13,42,-8.5596
squeeze,AUDCAD,forex,H1,BB20_2_sq125,2020,44,-6.9216,19.141,13,44,-1.4015
squeeze,AUDCAD,forex,H1,BB20_2_sq125,2021,45,-1.0826,28.025,16,45,-2.7429
squeeze,AUDCAD,forex,H1,BB20_2_sq125,2022,52,-1.3119,42.223,20,52,-3.5273
squeeze,AUDCAD,forex,H1,BB20_2_sq125,2023,43,-7.6699,27.223,12,43,-0.90871
squeeze,AUDCAD,forex,H1,BB20_2_sq125,2024,39,-4.1307,39.258,9,39,-1.2911
squeeze,AUDCAD,forex,H1,BB20_2_sq125,2025,42,-6.212,14.544,10,42,-7.1995
squeeze,AUDCAD,forex,H1,BB20_2_sq125,2026,36,-8.3833,13.102,9,36,-6.007
squeeze,AUDCAD,forex,H4,BB20_2_sq125,2015,12,-0.3273,5.683,4,12,-1.892
squeeze,AUDCAD,forex,H4,BB20_2_sq125,2016,15,-3.8309,4.3628,4,15,-0.07858
squeeze,AUDCAD,forex,H4,BB20_2_sq125,2017,9,-0.27979,6.1876,4,9,-1.5417
squeeze,AUDCAD,forex,H4,BB20_2_sq125,2018,12,-4.2732,3.3755,1,12,1.0346
squeeze,AUDCAD,forex,H4,BB20_2_sq125,2019,12,-2.4793,3.6088,4,12,-2.8951
squeeze,AUDCAD,forex,H4,BB20_2_sq125,2020,12,-2.5162,4.0549,5,12,2.4424
squeeze,AUDCAD,forex,H4,BB20_2_sq125,2021,11,-4.1636,4.725,2,11,3.5014
squeeze,AUDCAD,forex,H4,BB20_2_sq125,2022,8,-3.3384,2.7519,1,8,2.5652
squeeze,AUDCAD,forex,H4,BB20_2_sq125,2023,16,-3.4871,8.4879,4,16,1.0588
squeeze,AUDCAD,forex,H4,BB20_2_sq125,2024,13,-2.205,3.5735,4,13,-0.82809
squeeze,AUDCAD,forex,H4,BB20_2_sq125,2025,11,-2.4126,3.8954,5,11,-0.7155
squeeze,AUDCAD,forex,H4,BB20_2_sq125,2026,5,-1.2689,0.60545,1,5,-0.33525
squeeze,AUDCAD,forex,D1,BB20_2_sq125,2001,2,0.56175,1.2996,1,2,-0.63007
squeeze,AUDCAD,forex,D1,BB20_2_sq125,2002,4,-1.3271,2.1708,1,4,-0.99847
squeeze,AUDCAD,forex,D1,BB20_2_sq125,2003,2,-0.56672,0.49131,1,2,0.38017
squeeze,AUDCAD,forex,D1,BB20_2_sq125,2004,2,-1.4032,1.2367,0,2,0.99383
squeeze,AUDCAD,forex,D1,BB20_2_sq125,2005,3,-1.0851,1.1769,1,3,0.39743
squeeze,AUDCAD,forex,D1,BB20_2_sq125,2006,2,1.0565,0.8555,2,2,-1.2723
squeeze,AUDCAD,forex,D1,BB20_2_sq125,2007,1,0.46331,0.21465,1,1,-0.61616
squeeze,AUDCAD,forex,D1,BB20_2_sq125,2008,2,0.34133,0.059731,2,2,-2.1459
squeeze,AUDCAD,forex,D1,BB20_2_sq125,2009,3,-1.3216,0.82079,0,3,1.0761
squeeze,AUDCAD,forex,D1,BB20_2_sq125,2010,2,-0.21532,0.67357,1,2,-0.010825
squeeze,AUDCAD,forex,D1,BB20_2_sq125,2011,3,-1.959,1.5841,0,3,1.5299
squeeze,AUDCAD,forex,D1,BB20_2_sq125,2012,2,-0.44646,0.16951,0,2,0.13287
squeeze,AUDCAD,forex,D1,BB20_2_sq125,2014,3,5.4843,25.991,2,3,-1.8177
squeeze,AUDCAD,forex,D1,BB20_2_sq125,2015,1,-0.18923,0.035808,0,1,0.083871
squeeze,AUDCAD,forex,D1,BB20_2_sq125,2016,2,-0.1351,0.97626,1,2,-0.38741
squeeze,AUDCAD,forex,D1,BB20_2_sq125,2017,3,-1.9362,1.2847,0,3,1.4934
squeeze,AUDCAD,forex,D1,BB20_2_sq125,2018,1,-0.28664,0.082161,0,1,0.16043
squeeze,AUDCAD,forex,D1,BB20_2_sq125,2019,3,-0.79294,0.57097,1,3,-0.19881
squeeze,AUDCAD,forex,D1,BB20_2_sq125,2020,1,0.060711,0.0036859,1,1,-0.092888
squeeze,AUDCAD,forex,D1,BB20_2_sq125,2021,2,-0.44543,0.10284,0,2,0.32134
squeeze,AUDCAD,forex,D1,BB20_2_sq125,2022,1,-0.35849,0.12851,0,1,0.33546
squeeze,AUDCAD,forex,D1,BB20_2_sq125,2023,2,-0.45652,0.49216,1,2,0.38919
squeeze,AUDCAD,forex,D1,BB20_2_sq125,2024,2,-0.37303,0.29331,1,2,0.22919
squeeze,AUDCAD,forex,D1,BB20_2_sq125,2025,1,1.6817,2.8282,1,1,-1.0387
squeeze,AUDCAD,forex,D1,BB20_2_sq125,2026,3,-2.3448,2.1932,0,3,2.504
squeeze,AUDCHF,forex,M15,BB20_2_sq125,2015,151,-123.37,218.04,15,151,-107.29
squeeze,AUDCHF,forex,M15,BB20_2_sq125,2016,168,-120.01,248.76,20,168,-92.705
squeeze,AUDCHF,forex,M15,BB20_2_sq125,2017,165,-109.63,341.19,27,165,-105.32
squeeze,AUDCHF,forex,M15,BB20_2_sq125,2018,168,-59.365,231.39,39,168,-77.423
squeeze,AUDCHF,forex,M15,BB20_2_sq125,2019,164,-136.55,687.63,26,164,-129.65
squeeze,AUDCHF,forex,M15,BB20_2_sq125,2020,181,-51.634,222.97,39,181,-24.075
squeeze,AUDCHF,forex,M15,BB20_2_sq125,2021,160,-50.948,158.48,41,160,-25.078
squeeze,AUDCHF,forex,M15,BB20_2_sq125,2022,160,-62.551,242.64,33,160,-44.079
squeeze,AUDCHF,forex,M15,BB20_2_sq125,2023,158,-65.069,207.84,33,158,-53.681
squeeze,AUDCHF,forex,M15,BB20_2_sq125,2024,177,-107.11,832.29,28,177,-78.759
squeeze,AUDCHF,forex,M15,BB20_2_sq125,2025,189,-130.32,433.04,40,189,-130.3
squeeze,AUDCHF,forex,M15,BB20_2_sq125,2026,129,-102.86,277.23,21,129,-105.61
squeeze,AUDCHF,forex,M30,BB20_2_sq125,2015,86,-42.767,94.058,17,86,-38.484
squeeze,AUDCHF,forex,M30,BB20_2_sq125,2016,83,-37.223,102.17,14,83,-20.668
squeeze,AUDCHF,forex,M30,BB20_2_sq125,2017,84,-39.048,75.553,13,84,-17.815
squeeze,AUDCHF,forex,M30,BB20_2_sq125,2018,102,-24.974,93.84,24,102,-21.657
squeeze,AUDCHF,forex,M30,BB20_2_sq125,2019,97,-34.507,67.668,25,97,-39.822
squeeze,AUDCHF,forex,M30,BB20_2_sq125,2020,85,-20.797,37.3,22,85,1.5251
squeeze,AUDCHF,forex,M30,BB20_2_sq125,2021,86,-19.53,48.705,17,86,4.6491
squeeze,AUDCHF,forex,M30,BB20_2_sq125,2022,88,0.88697,79.196,37,88,-24.307
squeeze,AUDCHF,forex,M30,BB20_2_sq125,2023,89,-15.566,64.513,26,89,-14.992
squeeze,AUDCHF,forex,M30,BB20_2_sq125,2024,83,-5.1397,128.57,30,83,-24.106
squeeze,AUDCHF,forex,M30,BB20_2_sq125,2025,97,-32.418,95.453,28,97,-17.632
squeeze,AUDCHF,forex,M30,BB20_2_sq125,2026,63,-21.796,57.994,15,63,-13.58
squeeze,AUDCHF,forex,H1,BB20_2_sq125,2015,46,-20.11,19.673,6,46,-7.7874
squeeze,AUDCHF,forex,H1,BB20_2_sq125,2016,47,-17.413,32.106,9,47,0.5328
squeeze,AUDCHF,forex,H1,BB20_2_sq125,2017,44,-7.3989,34.733,14,44,-12.331
squeeze,AUDCHF,forex,H1,BB20_2_sq125,2018,42,-7.5942,49.685,8,42,-0.33973
squeeze,AUDCHF,forex,H1,BB20_2_sq125,2019,47,-11.176,23.856,13,47,-9.9835
squeeze,AUDCHF,forex,H1,BB20_2_sq125,2020,41,-1.3302,18.465,12,41,-1.6778
squeeze,AUDCHF,forex,H1,BB20_2_sq125,2021,49,-2.562,34.542,15,49,1.5855
squeeze,AUDCHF,forex,H1,BB20_2_sq125,2022,46,-0.84098,25.572,21,46,-8.6445
squeeze,AUDCHF,forex,H1,BB20_2_sq125,2023,49,3.5365,70.806,16,49,-8.669
squeeze,AUDCHF,forex,H1,BB20_2_sq125,2024,47,-4.003,42.245,17,47,-6.9288
squeeze,AUDCHF,forex,H1,BB20_2_sq125,2025,48,-15.624,17.092,8,48,-3.1465
squeeze,AUDCHF,forex,H1,BB20_2_sq125,2026,34,-8.2627,12.891,9,34,-4.728
squeeze,AUDCHF,forex,H4,BB20_2_sq125,2015,8,-3.649,2.5413,0,8,0.59503
squeeze,AUDCHF,forex,H4,BB20_2_sq125,2016,13,-2.6328,8.3909,2,13,1.5073
squeeze,AUDCHF,forex,H4,BB20_2_sq125,2017,11,-2.0227,2.9648,2,11,-0.5625
squeeze,AUDCHF,forex,H4,BB20_2_sq125,2018,11,0.039674,7.014,3,11,-2.0562
squeeze,AUDCHF,forex,H4,BB20_2_sq125,2019,10,-4.6715,4.9121,3,10,3.8144
squeeze,AUDCHF,forex,H4,BB20_2_sq125,2020,11,0.74806,2.574,7,11,-2.3029
squeeze,AUDCHF,forex,H4,BB20_2_sq125,2021,12,4.3919,10.073,7,12,-3.588
squeeze,AUDCHF,forex,H4,BB20_2_sq125,2022,9,-0.28854,2.4508,3,9,0.13803
squeeze,AUDCHF,forex,H4,BB20_2_sq125,2023,15,3.9836,16.813,8,15,-5.5664
squeeze,AUDCHF,forex,H4,BB20_2_sq125,2024,13,-0.84668,2.3794,4,13,-4.2672
squeeze,AUDCHF,forex,H4,BB20_2_sq125,2025,10,-4.5646,6.8394,3,10,1.6441
squeeze,AUDCHF,forex,H4,BB20_2_sq125,2026,10,-5.6949,4.7854,1,10,3.3663
squeeze,AUDCHF,forex,D1,BB20_2_sq125,2000,1,0.11461,0.013135,1,1,-0.20832
squeeze,AUDCHF,forex,D1,BB20_2_sq125,2001,3,3.4753,18.143,2,3,-2.5624
squeeze,AUDCHF,forex,D1,BB20_2_sq125,2002,1,1.1739,1.3781,1,1,-1.0384
squeeze,AUDCHF,forex,D1,BB20_2_sq125,2003,3,0.02657,0.22011,2,3,-0.52821
squeeze,AUDCHF,forex,D1,BB20_2_sq125,2004,2,-0.62433,0.27509,0,2,0.36503
squeeze,AUDCHF,forex,D1,BB20_2_sq125,2006,2,-0.70636,0.36271,0,2,0.32415
squeeze,AUDCHF,forex,D1,BB20_2_sq125,2008,3,-0.040476,1.4175,1,3,-0.28773
squeeze,AUDCHF,forex,D1,BB20_2_sq125,2009,3,-1.2872,0.58121,0,3,1.0466
squeeze,AUDCHF,forex,D1,BB20_2_sq125,2010,2,0.027299,0.002597,1,2,-0.29226
squeeze,AUDCHF,forex,D1,BB20_2_sq125,2011,2,-0.050257,0.22793,1,2,-0.13635
squeeze,AUDCHF,forex,D1,BB20_2_sq125,2012,3,-0.31374,0.6446,1,3,-0.46871
squeeze,AUDCHF,forex,D1,BB20_2_sq125,2013,1,1.2151,1.4765,1,1,-1.0312
squeeze,AUDCHF,forex,D1,BB20_2_sq125,2014,2,0.38082,1.1645,1,2,-0.79237
squeeze,AUDCHF,forex,D1,BB20_2_sq125,2015,2,-0.44753,0.11986,0,2,0.23014
squeeze,AUDCHF,forex,D1,BB20_2_sq125,2016,2,-0.8098,1.2072,1,2,-0.5565
squeeze,AUDCHF,forex,D1,BB20_2_sq125,2017,3,-0.35086,0.90677,1,3,-0.25499
squeeze,AUDCHF,forex,D1,BB20_2_sq125,2018,1,-0.11514,0.013258,0,1,-0.0015662
squeeze,AUDCHF,forex,D1,BB20_2_sq125,2019,4,2.1414,16.308,1,4,0.49774
squeeze,AUDCHF,forex,D1,BB20_2_sq125,2020,1,-0.36546,0.13356,0,1,0.33278
squeeze,AUDCHF,forex,D1,BB20_2_sq125,2021,1,-0.39595,0.15678,0,1,0.36366
squeeze,AUDCHF,forex,D1,BB20_2_sq125,2022,2,-0.4025,0.081652,0,2,0.3054
squeeze,AUDCHF,forex,D1,BB20_2_sq125,2023,1,0.17711,0.031367,1,1,-0.24694
squeeze,AUDCHF,forex,D1,BB20_2_sq125,2024,2,0.90856,0.42349,2,2,-1.4988
squeeze,AUDCHF,forex,D1,BB20_2_sq125,2025,2,0.35274,0.26194,1,2,-1.0037
squeeze,AUDCHF,forex,D1,BB20_2_sq125,2026,2,-1.4178,1.2036,0,2,1.9771
squeeze,AUDJPY,forex,M15,BB20_2_sq125,2015,182,-190.03,3341.6,33,182,-172.79
squeeze,AUDJPY,forex,M15,BB20_2_sq125,2016,185,-30.577,263.11,42,185,-61.116
squeeze,AUDJPY,forex,M15,BB20_2_sq125,2017,172,-67.313,230.51,30,172,-55.67
squeeze,AUDJPY,forex,M15,BB20_2_sq125,2018,173,-57.148,150.21,31,173,-19.456
squeeze,AUDJPY,forex,M15,BB20_2_sq125,2019,174,-71.433,160.4,36,174,-43.661
squeeze,AUDJPY,forex,M15,BB20_2_sq125,2020,172,-14.93,231.06,47,172,-3.1275
squeeze,AUDJPY,forex,M15,BB20_2_sq125,2021,154,-22.663,160.33,44,154,-17.538
squeeze,AUDJPY,forex,M15,BB20_2_sq125,2022,169,-41.773,105.94,43,169,-21.09
squeeze,AUDJPY,forex,M15,BB20_2_sq125,2023,169,-48.517,136.07,41,169,-16.429
squeeze,AUDJPY,forex,M15,BB20_2_sq125,2024,175,-27.728,617.75,43,175,-26.472
squeeze,AUDJPY,forex,M15,BB20_2_sq125,2025,173,-80.231,170.73,37,173,-49.526
squeeze,AUDJPY,forex,M15,BB20_2_sq125,2026,146,-96.903,256.15,28,146,-41.326
squeeze,AUDJPY,forex,M30,BB20_2_sq125,2015,97,-95.88,1509.1,17,97,-64.85
squeeze,AUDJPY,forex,M30,BB20_2_sq125,2016,103,3.3246,176.26,27,103,-19.315
squeeze,AUDJPY,forex,M30,BB20_2_sq125,2017,87,-15.776,79.423,24,87,-24.782
squeeze,AUDJPY,forex,M30,BB20_2_sq125,2018,91,-10.857,53.81,27,91,-24.773
squeeze,AUDJPY,forex,M30,BB20_2_sq125,2019,88,-16.207,87.411,25,88,-23.343
squeeze,AUDJPY,forex,M30,BB20_2_sq125,2020,105,-4.7642,64.806,43,105,-19.198
squeeze,AUDJPY,forex,M30,BB20_2_sq125,2021,87,5.8012,91.511,29,87,-5.2732
squeeze,AUDJPY,forex,M30,BB20_2_sq125,2022,86,21.632,109.98,41,86,-25.256
squeeze,AUDJPY,forex,M30,BB20_2_sq125,2023,88,-6.5963,83.065,24,88,-3.358
squeeze,AUDJPY,forex,M30,BB20_2_sq125,2024,93,-4.8548,90.835,27,93,-13.919
squeeze,AUDJPY,forex,M30,BB20_2_sq125,2025,84,-17.91,33.507,23,84,-9.5262
squeeze,AUDJPY,forex,M30,BB20_2_sq125,2026,69,-14.088,58.833,15,69,-5.8796
squeeze,AUDJPY,forex,H1,BB20_2_sq125,2015,53,-7.6944,39.044,13,53,-7.48
squeeze,AUDJPY,forex,H1,BB20_2_sq125,2016,53,-1.1565,48.536,22,53,-9.7513
squeeze,AUDJPY,forex,H1,BB20_2_sq125,2017,48,-4.3435,43.245,14,48,-5.6922
squeeze,AUDJPY,forex,H1,BB20_2_sq125,2018,39,-3.0233,17.566,13,39,-2.9482
squeeze,AUDJPY,forex,H1,BB20_2_sq125,2019,46,-20.137,16.516,7,46,2.9726
squeeze,AUDJPY,forex,H1,BB20_2_sq125,2020,47,17.213,71.285,27,47,-14.648
squeeze,AUDJPY,forex,H1,BB20_2_sq125,2021,51,-5.2928,27.255,12,51,-0.81056
squeeze,AUDJPY,forex,H1,BB20_2_sq125,2022,41,1.938,70.321,14,41,0.095164
squeeze,AUDJPY,forex,H1,BB20_2_sq125,2023,45,0.15218,29.569,19,45,-5.9305
squeeze,AUDJPY,forex,H1,BB20_2_sq125,2024,51,7.552,42.965,28,51,-18.098
squeeze,AUDJPY,forex,H1,BB20_2_sq125,2025,40,-1.7513,20.664,14,40,-2.826
squeeze,AUDJPY,forex,H1,BB20_2_sq125,2026,33,-10.265,123.27,12,33,-18.331
squeeze,AUDJPY,forex,H4,BB20_2_sq125,2015,13,2.025,18.91,4,13,-1.5218
squeeze,AUDJPY,forex,H4,BB20_2_sq125,2016,13,0.045354,8.0757,5,13,-1.4235
squeeze,AUDJPY,forex,H4,BB20_2_sq125,2017,9,0.37772,5.7381,3,9,-1.2208
squeeze,AUDJPY,forex,H4,BB20_2_sq125,2018,11,-2.5272,7.4152,3,11,2.4303
squeeze,AUDJPY,forex,H4,BB20_2_sq125,2019,9,0.83682,3.7197,5,9,-3.81
squeeze,AUDJPY,forex,H4,BB20_2_sq125,2020,11,7.1652,42.118,5,11,-1.1212
squeeze,AUDJPY,forex,H4,BB20_2_sq125,2021,8,3.8401,9.2999,5,8,-2.5028
squeeze,AUDJPY,forex,H4,BB20_2_sq125,2022,15,-1.1102,3.2525,6,15,-0.25735
squeeze,AUDJPY,forex,H4,BB20_2_sq125,2023,12,-0.37782,0.85208,6,12,-1.0082
squeeze,AUDJPY,forex,H4,BB20_2_sq125,2024,15,0.57829,3.6212,8,15,-3.2417
squeeze,AUDJPY,forex,H4,BB20_2_sq125,2025,14,1.873,3.2257,7,14,-3.9329
squeeze,AUDJPY,forex,H4,BB20_2_sq125,2026,11,0.84207,5.9099,4,11,-1.3981
squeeze,AUDJPY,forex,D1,BB20_2_sq125,2000,1,-0.3136,0.098344,0,1,0.28248
squeeze,AUDJPY,forex,D1,BB20_2_sq125,2001,2,-0.38297,0.5578,1,2,0.26695
squeeze,AUDJPY,forex,D1,BB20_2_sq125,2002,2,0.16721,0.077637,1,2,-0.3193
squeeze,AUDJPY,forex,D1,BB20_2_sq125,2003,3,0.8828,0.7187,2,3,-1.2505
squeeze,AUDJPY,forex,D1,BB20_2_sq125,2005,2,0.59128,0.84922,1,2,-0.85692
squeeze,AUDJPY,forex,D1,BB20_2_sq125,2006,2,1.5773,4.5711,1,2,-0.63533
squeeze,AUDJPY,forex,D1,BB20_2_sq125,2008,2,-0.49598,0.15391,0,2,0.38092
squeeze,AUDJPY,forex,D1,BB20_2_sq125,2009,1,1.2602,1.5881,1,1,-1.029
squeeze,AUDJPY,forex,D1,BB20_2_sq125,2010,3,-2.256,1.81,0,3,2.5943
squeeze,AUDJPY,forex,D1,BB20_2_sq125,2012,2,1.9144,3.8887,1,2,-1.059
squeeze,AUDJPY,forex,D1,BB20_2_sq125,2013,2,0.15913,0.69565,1,2,-0.57988
squeeze,AUDJPY,forex,D1,BB20_2_sq125,2014,4,-1.4254,0.88855,1,4,1.043
squeeze,AUDJPY,forex,D1,BB20_2_sq125,2015,1,-1.4802,2.1911,0,1,-1.5047
squeeze,AUDJPY,forex,D1,BB20_2_sq125,2016,1,-0.4418,0.19518,0,1,0.37004
squeeze,AUDJPY,forex,D1,BB20_2_sq125,2017,4,0.031407,0.31999,1,4,-0.76592
squeeze,AUDJPY,forex,D1,BB20_2_sq125,2018,1,-1.0035,1.0071,0,1,0.55441
squeeze,AUDJPY,forex,D1,BB20_2_sq125,2019,3,4.8503,22.81,2,3,-1.7635
squeeze,AUDJPY,forex,D1,BB20_2_sq125,2020,2,0.29102,0.21254,1,2,-0.37829
squeeze,AUDJPY,forex,D1,BB20_2_sq125,2021,2,0.32771,0.067279,2,2,-0.39988
squeeze,AUDJPY,forex,D1,BB20_2_sq125,2022,2,0.68726,0.79981,1,2,-0.87098
squeeze,AUDJPY,forex,D1,BB20_2_sq125,2023,2,-0.75454,0.60473,1,2,0.64733
squeeze,AUDJPY,forex,D1,BB20_2_sq125,2024,2,-1.4206,1.1965,0,2,1.3677
squeeze,AUDJPY,forex,D1,BB20_2_sq125,2025,2,-0.99982,0.52137,0,2,-0.49443
squeeze,AUDJPY,forex,D1,BB20_2_sq125,2026,1,-0.18454,0.034054,0,1,0.15383
squeeze,AUDNZD,forex,M15,BB20_2_sq125,2015,167,-118.3,288.1,25,167,-92.771
squeeze,AUDNZD,forex,M15,BB20_2_sq125,2016,169,-151.27,271.24,17,169,-125.87
squeeze,AUDNZD,forex,M15,BB20_2_sq125,2017,159,-139.31,231.59,18,159,-117.12
squeeze,AUDNZD,forex,M15,BB20_2_sq125,2018,169,-132.29,259.22,30,169,-89.178
squeeze,AUDNZD,forex,M15,BB20_2_sq125,2019,178,-214.29,438.52,12,178,-153.97
squeeze,AUDNZD,forex,M15,BB20_2_sq125,2020,185,-65.224,144.49,46,185,-21.675
squeeze,AUDNZD,forex,M15,BB20_2_sq125,2021,184,-78.117,143.12,36,184,-23.109
squeeze,AUDNZD,forex,M15,BB20_2_sq125,2022,162,-81.635,285.94,32,162,-44.967
squeeze,AUDNZD,forex,M15,BB20_2_sq125,2023,172,-73.595,194.85,40,172,-34.585
squeeze,AUDNZD,forex,M15,BB20_2_sq125,2024,170,-124.38,304.79,24,170,-72.811
squeeze,AUDNZD,forex,M15,BB20_2_sq125,2025,173,-162.68,530.81,27,173,-133.92
squeeze,AUDNZD,forex,M15,BB20_2_sq125,2026,133,-146.52,498.64,20,133,-112.83
squeeze,AUDNZD,forex,M30,BB20_2_sq125,2015,97,-47.893,92.701,25,97,-42.659
squeeze,AUDNZD,forex,M30,BB20_2_sq125,2016,88,-49.769,80.21,14,88,-40.384
squeeze,AUDNZD,forex,M30,BB20_2_sq125,2017,86,-41.576,79.525,14,86,-36.336
squeeze,AUDNZD,forex,M30,BB20_2_sq125,2018,94,-38.609,69.231,23,94,-33.176
squeeze,AUDNZD,forex,M30,BB20_2_sq125,2019,87,-39.535,251.59,11,87,-49.344
squeeze,AUDNZD,forex,M30,BB20_2_sq125,2020,94,-16.15,92.282,19,94,-2.6248
squeeze,AUDNZD,forex,M30,BB20_2_sq125,2021,81,-24.274,91.204,24,81,-5.1906
squeeze,AUDNZD,forex,M30,BB20_2_sq125,2022,94,-18.449,91.596,21,94,-6.2116
squeeze,AUDNZD,forex,M30,BB20_2_sq125,2023,87,-27.449,64.543,21,87,-10.778
squeeze,AUDNZD,forex,M30,BB20_2_sq125,2024,98,-24.866,97.458,20,98,-16.183
squeeze,AUDNZD,forex,M30,BB20_2_sq125,2025,91,-67.794,185.84,15,91,-24.201
squeeze,AUDNZD,forex,M30,BB20_2_sq125,2026,59,-46.359,115.34,12,59,-18.977
squeeze,AUDNZD,forex,H1,BB20_2_sq125,2015,47,-12.915,41.126,11,47,-13.697
squeeze,AUDNZD,forex,H1,BB20_2_sq125,2016,49,-20.428,31.863,9,49,-15.413
squeeze,AUDNZD,forex,H1,BB20_2_sq125,2017,44,-29.289,36.824,4,44,-3.4819
squeeze,AUDNZD,forex,H1,BB20_2_sq125,2018,42,-10.706,33.385,8,42,-4.9221
squeeze,AUDNZD,forex,H1,BB20_2_sq125,2019,46,-19.166,60.949,12,46,-15.088
squeeze,AUDNZD,forex,H1,BB20_2_sq125,2020,47,4.4721,42.129,15,47,-5.8836
squeeze,AUDNZD,forex,H1,BB20_2_sq125,2021,46,-7.5855,16.839,13,46,-5.4367
squeeze,AUDNZD,forex,H1,BB20_2_sq125,2022,45,-10.768,29.967,9,45,-3.9008
squeeze,AUDNZD,forex,H1,BB20_2_sq125,2023,46,-12.626,19.384,11,46,-2.1043
squeeze,AUDNZD,forex,H1,BB20_2_sq125,2024,43,-10.463,17.518,10,43,-1.5762
squeeze,AUDNZD,forex,H1,BB20_2_sq125,2025,42,-22.539,43.675,10,42,-1.4352
squeeze,AUDNZD,forex,H1,BB20_2_sq125,2026,38,-8.04,20.963,14,38,-0.47658
squeeze,AUDNZD,forex,H4,BB20_2_sq125,2015,12,-5.0857,3.5915,0,12,2.0732
squeeze,AUDNZD,forex,H4,BB20_2_sq125,2016,14,-1.4841,6.6368,5,14,-2.5366
squeeze,AUDNZD,forex,H4,BB20_2_sq125,2017,13,-2.0719,12.329,4,13,-1.6811
squeeze,AUDNZD,forex,H4,BB20_2_sq125,2018,10,-3.5307,4.1832,2,10,0.46736
squeeze,AUDNZD,forex,H4,BB20_2_sq125,2019,13,-5.1568,4.2198,3,13,0.56701
squeeze,AUDNZD,forex,H4,BB20_2_sq125,2020,13,2.2836,6.7541,5,13,-3.4231
squeeze,AUDNZD,forex,H4,BB20_2_sq125,2021,12,-3.7195,3.4674,3,12,0.79332
squeeze,AUDNZD,forex,H4,BB20_2_sq125,2022,13,4.1271,27.068,6,13,-4.0603
squeeze,AUDNZD,forex,H4,BB20_2_sq125,2023,11,1.2475,7.1187,3,11,-0.99931
squeeze,AUDNZD,forex,H4,BB20_2_sq125,2024,8,0.37411,5.6232,4,8,-0.42199
squeeze,AUDNZD,forex,H4,BB20_2_sq125,2025,7,-1.0202,1.7098,4,7,-1.8709
squeeze,AUDNZD,forex,H4,BB20_2_sq125,2026,7,-1.1259,3.6425,3,7,0.89096
squeeze,AUDNZD,forex,D1,BB20_2_sq125,2001,3,-0.13248,2.3109,1,3,-0.28676
squeeze,AUDNZD,forex,D1,BB20_2_sq125,2002,2,-0.55759,0.51451,1,2,-0.64273
squeeze,AUDNZD,forex,D1,BB20_2_sq125,2003,1,0.10956,0.012003,1,1,-0.28128
squeeze,AUDNZD,forex,D1,BB20_2_sq125,2004,2,0.071716,0.28492,1,2,-1.027
squeeze,AUDNZD,forex,D1,BB20_2_sq125,2005,4,0.10986,0.25877,1,4,-1.071
squeeze,AUDNZD,forex,D1,BB20_2_sq125,2006,2,-0.83306,1.2254,1,2,0.71403
squeeze,AUDNZD,forex,D1,BB20_2_sq125,2008,2,-1.3058,1.1435,0,2,1.2245
squeeze,AUDNZD,forex,D1,BB20_2_sq125,2009,2,0.18752,0.054809,1,2,-0.39738
squeeze,AUDNZD,forex,D1,BB20_2_sq125,2010,3,-1.716,1.4324,0,3,0.84397
squeeze,AUDNZD,forex,D1,BB20_2_sq125,2011,2,-0.72236,0.30792,0,2,0.47464
squeeze,AUDNZD,forex,D1,BB20_2_sq125,2012,3,0.431,1.0807,1,3,-0.93432
squeeze,AUDNZD,forex,D1,BB20_2_sq125,2014,3,0.43602,0.42355,2,3,-1.2613
squeeze,AUDNZD,forex,D1,BB20_2_sq125,2015,1,0.14474,0.020949,1,1,-0.23136
squeeze,AUDNZD,forex,D1,BB20_2_sq125,2016,3,-1.9303,1.7516,0,3,1.3469
squeeze,AUDNZD,forex,D1,BB20_2_sq125,2017,2,-0.341,0.058308,0,2,0.13186
squeeze,AUDNZD,forex,D1,BB20_2_sq125,2018,2,0.70112,0.83552,1,2,-1.1463
squeeze,AUDNZD,forex,D1,BB20_2_sq125,2019,1,-0.45091,0.20332,0,1,0.25971
squeeze,AUDNZD,forex,D1,BB20_2_sq125,2020,2,-0.86907,0.3779,0,2,0.75849
squeeze,AUDNZD,forex,D1,BB20_2_sq125,2021,2,0.49664,0.33665,1,2,-0.65223
squeeze,AUDNZD,forex,D1,BB20_2_sq125,2022,1,-0.49672,0.24673,0,1,0.43745
squeeze,AUDNZD,forex,D1,BB20_2_sq125,2023,3,0.31215,0.85179,1,3,-0.60518
squeeze,AUDNZD,forex,D1,BB20_2_sq125,2024,2,-0.99626,1.1343,1,2,-1.191
squeeze,AUDNZD,forex,D1,BB20_2_sq125,2025,1,-0.19431,0.037757,0,1,0.10739
squeeze,AUDUSD,forex,M15,BB20_2_sq125,2015,174,-37.451,123.92,44,174,-42.516
squeeze,AUDUSD,forex,M15,BB20_2_sq125,2016,173,-48.182,114.54,38,173,-19.239
squeeze,AUDUSD,forex,M15,BB20_2_sq125,2017,171,-47.261,153.83,42,171,-36.205
squeeze,AUDUSD,forex,M15,BB20_2_sq125,2018,161,-61.389,149.53,35,161,-23.753
squeeze,AUDUSD,forex,M15,BB20_2_sq125,2019,170,-71.393,179.3,28,170,-59.466
squeeze,AUDUSD,forex,M15,BB20_2_sq125,2020,186,-29.579,365.13,46,186,-26.814
squeeze,AUDUSD,forex,M15,BB20_2_sq125,2021,146,-51.108,112.01,36,146,-44.579
squeeze,AUDUSD,forex,M15,BB20_2_sq125,2022,151,-31.087,119.34,31,151,-3.9022
squeeze,AUDUSD,forex,M15,BB20_2_sq125,2023,157,-21.392,178.63,46,157,-13.595
squeeze,AUDUSD,forex,M15,BB20_2_sq125,2024,160,-30.92,226.84,38,160,-17.091
squeeze,AUDUSD,forex,M15,BB20_2_sq125,2025,183,-38.149,249.15,47,183,-28.227
squeeze,AUDUSD,forex,M15,BB20_2_sq125,2026,136,-39.986,236.8,36,136,-18.136
squeeze,AUDUSD,forex,M30,BB20_2_sq125,2015,85,-18.453,86.533,23,85,-1.5418
squeeze,AUDUSD,forex,M30,BB20_2_sq125,2016,95,-4.8082,100.58,24,95,-13.231
squeeze,AUDUSD,forex,M30,BB20_2_sq125,2017,90,-26.668,51.165,20,90,0.16898
squeeze,AUDUSD,forex,M30,BB20_2_sq125,2018,82,-13.781,62.782,20,82,-7.6593
squeeze,AUDUSD,forex,M30,BB20_2_sq125,2019,87,-28.02,49.328,15,87,-16.194
squeeze,AUDUSD,forex,M30,BB20_2_sq125,2020,93,-27.445,57.483,20,93,6.1093
squeeze,AUDUSD,forex,M30,BB20_2_sq125,2021,99,-11.433,86.941,31,99,-23.418
squeeze,AUDUSD,forex,M30,BB20_2_sq125,2022,84,-0.28131,46.679,34,84,-13.195
squeeze,AUDUSD,forex,M30,BB20_2_sq125,2023,102,2.5861,92.861,36,102,-9.942
squeeze,AUDUSD,forex,M30,BB20_2_sq125,2024,97,-8.5421,85.564,29,97,9.6225
squeeze,AUDUSD,forex,M30,BB20_2_sq125,2025,87,-19.548,42.702,19,87,-1.5779
squeeze,AUDUSD,forex,M30,BB20_2_sq125,2026,70,-10.696,38.823,23,70,-2.4081
squeeze,AUDUSD,forex,H1,BB20_2_sq125,2015,46,-3.1801,59.751,9,46,-4.2676
squeeze,AUDUSD,forex,H1,BB20_2_sq125,2016,39,-8.6348,25.787,11,39,4.4683
squeeze,AUDUSD,forex,H1,BB20_2_sq125,2017,49,-9.5211,47.376,13,49,-1.6915
squeeze,AUDUSD,forex,H1,BB20_2_sq125,2018,42,-4.6722,29.673,12,42,-3.6251
squeeze,AUDUSD,forex,H1,BB20_2_sq125,2019,43,-14.71,15.833,7,43,2.8992
squeeze,AUDUSD,forex,H1,BB20_2_sq125,2020,43,-7.0986,14.311,13,43,-5.6993
squeeze,AUDUSD,forex,H1,BB20_2_sq125,2021,43,-10.734,15.387,11,43,-1.9289
squeeze,AUDUSD,forex,H1,BB20_2_sq125,2022,49,-3.6329,12.554,15,49,-3.6691
squeeze,AUDUSD,forex,H1,BB20_2_sq125,2023,46,-2.5243,65.215,15,46,-0.45778
squeeze,AUDUSD,forex,H1,BB20_2_sq125,2024,45,-3.1244,32.11,15,45,-2.8307
squeeze,AUDUSD,forex,H1,BB20_2_sq125,2025,49,-0.83907,43.794,14,49,-2.7338
squeeze,AUDUSD,forex,H1,BB20_2_sq125,2026,37,-1.7792,29.481,11,37,-1.8199
squeeze,AUDUSD,forex,H4,BB20_2_sq125,2015,11,-2.5389,0.94588,1,11,1.8974
squeeze,AUDUSD,forex,H4,BB20_2_sq125,2016,14,-2.7818,4.9105,3,14,0.6943
squeeze,AUDUSD,forex,H4,BB20_2_sq125,2017,12,0.97817,4.2827,4,12,-1.6452
squeeze,AUDUSD,forex,H4,BB20_2_sq125,2018,9,-0.19059,5.0279,4,9,-0.74214
squeeze,AUDUSD,forex,H4,BB20_2_sq125,2019,11,0.71997,8.5584,4,11,-3.1466
squeeze,AUDUSD,forex,H4,BB20_2_sq125,2020,13,-0.25312,6.433,5,13,-0.079898
squeeze,AUDUSD,forex,H4,BB20_2_sq125,2021,13,-3.3568,3.1167,3,13,4.0039
squeeze,AUDUSD,forex,H4,BB20_2_sq125,2022,12,-0.1834,1.0518,5,12,-0.49494
squeeze,AUDUSD,forex,H4,BB20_2_sq125,2023,13,-0.46492,4.1382,5,13,-1.7051
squeeze,AUDUSD,forex,H4,BB20_2_sq125,2024,13,-3.6889,4.5364,4,13,-0.39367
squeeze,AUDUSD,forex,H4,BB20_2_sq125,2025,11,-3.5309,3.3779,2,11,3.261
squeeze,AUDUSD,forex,H4,BB20_2_sq125,2026,7,-1.6104,2.0874,1,7,0.54002
squeeze,AUDUSD,forex,D1,BB20_2_sq125,2001,3,0.23071,0.35323,2,3,-1.1081
squeeze,AUDUSD,forex,D1,BB20_2_sq125,2002,3,-0.07325,0.087516,2,3,-0.18027
squeeze,AUDUSD,forex,D1,BB20_2_sq125,2003,1,2.0707,4.2879,1,1,-1.0583
squeeze,AUDUSD,forex,D1,BB20_2_sq125,2004,1,0.0064982,4.2226e-05,1,1,-0.042279
squeeze,AUDUSD,forex,D1,BB20_2_sq125,2005,3,-0.23856,0.069611,1,3,0.077623
squeeze,AUDUSD,forex,D1,BB20_2_sq125,2006,2,0.028596,0.0035775,1,2,-0.18409
squeeze,AUDUSD,forex,D1,BB20_2_sq125,2008,1,-0.16942,0.028702,0,1,0.13194
squeeze,AUDUSD,forex,D1,BB20_2_sq125,2009,4,1.8384,1.4951,3,4,-2.6002
squeeze,AUDUSD,forex,D1,BB20_2_sq125,2010,3,1.0858,0.82443,2,3,-2.0511
squeeze,AUDUSD,forex,D1,BB20_2_sq125,2011,1,0.15864,0.025165,1,1,-0.23702
squeeze,AUDUSD,forex,D1,BB20_2_sq125,2012,3,-0.20498,0.061337,1,3,0.031731
squeeze,AUDUSD,forex,D1,BB20_2_sq125,2013,1,1.0272,1.0552,1,1,-1.0471
squeeze,AUDUSD,forex,D1,BB20_2_sq125,2014,3,-1.2958,0.64912,0,3,-0.45876
squeeze,AUDUSD,forex,D1,BB20_2_sq125,2016,2,-1.3705,1.1573,0,2,1.2838
squeeze,AUDUSD,forex,D1,BB20_2_sq125,2017,3,-0.27928,0.065046,1,3,0.11722
squeeze,AUDUSD,forex,D1,BB20_2_sq125,2018,1,0.088261,0.00779,1,1,-0.18611
squeeze,AUDUSD,forex,D1,BB20_2_sq125,2019,1,-0.74545,0.5557,0,1,0.65569
squeeze,AUDUSD,forex,D1,BB20_2_sq125,2020,3,-0.059166,1.4897,1,3,-0.23324
squeeze,AUDUSD,forex,D1,BB20_2_sq125,2021,3,0.1125,1.0097,2,3,-1.2796
squeeze,AUDUSD,forex,D1,BB20_2_sq125,2022,1,0.063201,0.0039944,1,1,-0.10041
squeeze,AUDUSD,forex,D1,BB20_2_sq125,2023,4,-2.4638,2.1311,0,4,2.3764
squeeze,AUDUSD,forex,D1,BB20_2_sq125,2024,2,0.42145,0.30446,1,2,-0.96183
squeeze,AUDUSD,forex,D1,BB20_2_sq125,2025,2,-0.069625,0.032428,1,2,-0.046051
squeeze,AUDUSD,forex,D1,BB20_2_sq125,2026,2,2.8368,12.559,1,2,-0.39958
squeeze,AUS200.cash,index,M5,BB20_2_sq125,2019,336,-1318.8,7727.2,11,336,-1234.3
squeeze,AUS200.cash,index,M5,BB20_2_sq125,2020,523,-2358.3,46148,15,523,-2320.9
squeeze,AUS200.cash,index,M5,BB20_2_sq125,2021,497,-2309.2,30094,27,497,-2292.1
squeeze,AUS200.cash,index,M5,BB20_2_sq125,2022,499,-210.33,705.64,104,499,-188.43
squeeze,AUS200.cash,index,M5,BB20_2_sq125,2023,487,-317.89,1191.5,98,487,-269.29
squeeze,AUS200.cash,index,M5,BB20_2_sq125,2024,480,-230.07,812.9,114,480,-224.89
squeeze,AUS200.cash,index,M5,BB20_2_sq125,2025,455,-146.1,330.14,91,455,-117.18
squeeze,AUS200.cash,index,M5,BB20_2_sq125,2026,376,-94.065,260.23,97,376,-56.461
squeeze,AUS200.cash,index,M15,BB20_2_sq125,2019,108,-249.68,1363.4,7,108,-247.01
squeeze,AUS200.cash,index,M15,BB20_2_sq125,2020,161,-458.84,5882.2,11,161,-413.54
squeeze,AUS200.cash,index,M15,BB20_2_sq125,2021,177,-421.67,2924.1,15,177,-395.4
squeeze,AUS200.cash,index,M15,BB20_2_sq125,2022,167,-67.255,140.76,37,167,-15.535
squeeze,AUS200.cash,index,M15,BB20_2_sq125,2023,176,-47.492,243.82,45,176,-67.232
squeeze,AUS200.cash,index,M15,BB20_2_sq125,2024,176,-24.913,239.36,55,176,-51.757
squeeze,AUS200.cash,index,M15,BB20_2_sq125,2025,154,-8.6077,192.19,51,154,-27.076
squeeze,AUS200.cash,index,M15,BB20_2_sq125,2026,120,-10.466,192.99,35,120,-1.5287
squeeze,AUS200.cash,index,M30,BB20_2_sq125,2019,47,-60.133,131.92,2,47,-49.671
squeeze,AUS200.cash,index,M30,BB20_2_sq125,2020,89,-158.23,1056.4,10,89,-135.41
squeeze,AUS200.cash,index,M30,BB20_2_sq125,2021,84,-149.11,1132.3,12,84,-149.21
squeeze,AUS200.cash,index,M30,BB20_2_sq125,2022,87,-12.023,56.097,27,87,-9.2887
squeeze,AUS200.cash,index,M30,BB20_2_sq125,2023,84,-17.808,57.348,26,84,-7.2948
squeeze,AUS200.cash,index,M30,BB20_2_sq125,2024,86,-17.955,60.189,22,86,-16.41
squeeze,AUS200.cash,index,M30,BB20_2_sq125,2025,75,-20.295,52.427,15,75,5.3078
squeeze,AUS200.cash,index,M30,BB20_2_sq125,2026,60,14.198,188.91,22,60,-6.9045
squeeze,AUS200.cash,index,H1,BB20_2_sq125,2019,31,-26.619,35.782,3,31,-20.693
squeeze,AUS200.cash,index,H1,BB20_2_sq125,2020,52,-59.845,222.01,8,52,-46.507
squeeze,AUS200.cash,index,H1,BB20_2_sq125,2021,46,-54.648,186.42,4,46,-35.266
squeeze,AUS200.cash,index,H1,BB20_2_sq125,2022,47,3.5744,108.22,14,47,-0.25001
squeeze,AUS200.cash,index,H1,BB20_2_sq125,2023,48,-9.3781,18.78,16,48,0.52915
squeeze,AUS200.cash,index,H1,BB20_2_sq125,2024,37,-2.4533,16.34,16,37,-6.7356
squeeze,AUS200.cash,index,H1,BB20_2_sq125,2025,46,1.9576,34.489,19,46,-6.587
squeeze,AUS200.cash,index,H1,BB20_2_sq125,2026,27,0.27323,19.198,10,27,-2.0037
squeeze,AUS200.cash,index,H4,BB20_2_sq125,2019,6,4.9961,24.162,3,6,-5.1194
squeeze,AUS200.cash,index,H4,BB20_2_sq125,2020,11,-1.387,3.8615,5,11,-4.7377
squeeze,AUS200.cash,index,H4,BB20_2_sq125,2021,9,-4.5651,8.2782,2,9,-1.9268
squeeze,AUS200.cash,index,H4,BB20_2_sq125,2022,12,1.2878,5.5819,6,12,-3.5239
squeeze,AUS200.cash,index,H4,BB20_2_sq125,2023,12,-4.8926,4.9636,2,12,2.9399
squeeze,AUS200.cash,index,H4,BB20_2_sq125,2024,10,2.2643,9.3614,5,10,-2.0238
squeeze,AUS200.cash,index,H4,BB20_2_sq125,2025,11,0.76017,2.4636,5,11,-3.1421
squeeze,AUS200.cash,index,H4,BB20_2_sq125,2026,9,-2.0933,5.9828,3,9,2.4621
squeeze,AUS200.cash,index,D1,BB20_2_sq125,2020,2,-2.1815,2.4084,0,2,1.4769
squeeze,AUS200.cash,index,D1,BB20_2_sq125,2021,4,-4.0608,4.6462,0,4,2.2909
squeeze,AUS200.cash,index,D1,BB20_2_sq125,2022,1,0.087591,0.0076722,1,1,-0.15399
squeeze,AUS200.cash,index,D1,BB20_2_sq125,2023,3,-0.39807,1.2662,1,3,0.010072
squeeze,AUS200.cash,index,D1,BB20_2_sq125,2024,1,-0.21979,0.048306,0,1,0.17655
squeeze,AUS200.cash,index,D1,BB20_2_sq125,2025,2,-0.25321,0.039127,0,2,-0.026004
squeeze,AUS200.cash,index,D1,BB20_2_sq125,2026,1,-0.38636,0.14928,0,1,0.32118
squeeze,AVGO,stock,M5,BB20_2_sq125,2020,8,-5.8386,8.3975,0,8,4.0406
squeeze,AVGO,stock,M5,BB20_2_sq125,2021,61,-36.974,235.2,10,61,9.2582
squeeze,AVGO,stock,M5,BB20_2_sq125,2022,139,-17.943,121.82,38,139,-30.33
squeeze,AVGO,stock,M5,BB20_2_sq125,2023,145,-15.035,257.27,35,145,-33.854
squeeze,AVGO,stock,M5,BB20_2_sq125,2024,150,-35.391,681.27,45,150,-11.043
squeeze,AVGO,stock,M5,BB20_2_sq125,2025,153,-23.509,221.04,47,153,-10.429
squeeze,AVGO,stock,M5,BB20_2_sq125,2026,101,-4.1009,262.56,32,101,-6.6299
squeeze,AVGO,stock,M15,BB20_2_sq125,2020,4,-1.0002,1.4935,1,4,0.37964
squeeze,AVGO,stock,M15,BB20_2_sq125,2021,16,-2.1033,10.53,8,16,-0.32401
squeeze,AVGO,stock,M15,BB20_2_sq125,2022,55,5.4729,137.32,19,55,-1.1897
squeeze,AVGO,stock,M15,BB20_2_sq125,2023,49,0.04485,50.645,16,49,-14.684
squeeze,AVGO,stock,M15,BB20_2_sq125,2024,45,-8.9959,70.702,15,45,-2.7223
squeeze,AVGO,stock,M15,BB20_2_sq125,2025,53,-11.462,29.021,18,53,2.7694
squeeze,AVGO,stock,M15,BB20_2_sq125,2026,37,5.7094,223.09,12,37,-3.5549
squeeze,AVGO,stock,M30,BB20_2_sq125,2021,6,-0.71264,0.79666,1,6,-0.76812
squeeze,AVGO,stock,M30,BB20_2_sq125,2022,22,0.34309,28.97,3,22,0.74419
squeeze,AVGO,stock,M30,BB20_2_sq125,2023,19,3.2707,73.838,8,19,-8.4498
squeeze,AVGO,stock,M30,BB20_2_sq125,2024,22,-0.17352,10.031,10,22,-3.2212
squeeze,AVGO,stock,M30,BB20_2_sq125,2025,27,-6.4886,7.7848,8,27,3.4634
squeeze,AVGO,stock,M30,BB20_2_sq125,2026,17,1.9927,17.794,6,17,-1.6882
squeeze,AVGO,stock,H1,BB20_2_sq125,2021,4,-1.2114,1.838,1,4,-0.15179
squeeze,AVGO,stock,H1,BB20_2_sq125,2022,12,0.88013,4.9674,5,12,-1.6463
squeeze,AVGO,stock,H1,BB20_2_sq125,2023,13,-0.64573,1.9097,4,13,-1.5187
squeeze,AVGO,stock,H1,BB20_2_sq125,2024,12,0.17007,5.8513,6,12,-2.5345
squeeze,AVGO,stock,H1,BB20_2_sq125,2025,15,-2.7517,3.6708,5,15,1.3015
squeeze,AVGO,stock,H1,BB20_2_sq125,2026,8,1.1198,6.1102,4,8,-2.3826
squeeze,AVGO,stock,H4,BB20_2_sq125,2022,2,0.87877,0.44797,2,2,-0.96523
squeeze,AVGO,stock,H4,BB20_2_sq125,2023,4,-2.9567,2.3679,0,4,3.2039
squeeze,AVGO,stock,H4,BB20_2_sq125,2024,4,2.9366,4.5348,3,4,-2.0615
squeeze,AVGO,stock,H4,BB20_2_sq125,2025,3,1.0005,2.0154,1,3,-2.4256
squeeze,AVGO,stock,H4,BB20_2_sq125,2026,2,-0.577,0.89106,1,2,0.51817
squeeze,AVGO,stock,D1,BB20_2_sq125,2021,1,-0.32578,0.10613,0,1,0.29007
squeeze,AVGO,stock,D1,BB20_2_sq125,2023,3,0.3027,0.19713,2,3,-0.46302
squeeze,AVGO,stock,D1,BB20_2_sq125,2024,1,-0.17001,0.028903,0,1,0.12068
squeeze,AVGO,stock,D1,BB20_2_sq125,2025,3,-0.76883,0.55593,1,3,0.70874
squeeze,AVGO,stock,D1,BB20_2_sq125,2026,2,-1.1685,2.7045,1,2,-3.2543
squeeze,BA,stock,M5,BB20_2_sq125,2020,27,-0.89856,59.079,6,27,-10.375
squeeze,BA,stock,M5,BB20_2_sq125,2021,134,-28.742,148.59,39,134,-41.058
squeeze,BA,stock,M5,BB20_2_sq125,2022,141,-14.129,162.65,39,141,-27.854
squeeze,BA,stock,M5,BB20_2_sq125,2023,130,-18.643,272.66,37,130,-69.371
squeeze,BA,stock,M5,BB20_2_sq125,2024,148,-59.781,918.48,32,148,-53.796
squeeze,BA,stock,M5,BB20_2_sq125,2025,134,-30.859,476.8,34,134,-19.553
squeeze,BA,stock,M5,BB20_2_sq125,2026,117,-35.199,124.62,26,117,-20.387
squeeze,BA,stock,M15,BB20_2_sq125,2020,11,18.815,384.92,4,11,-19.719
squeeze,BA,stock,M15,BB20_2_sq125,2021,48,-8.414,75.418,17,48,-1.1738
squeeze,BA,stock,M15,BB20_2_sq125,2022,44,1.8356,75.483,18,44,-5.4027
squeeze,BA,stock,M15,BB20_2_sq125,2023,46,-20.896,297.26,14,46,8.9316
squeeze,BA,stock,M15,BB20_2_sq125,2024,42,-8.1646,43.774,13,42,-1.9359
squeeze,BA,stock,M15,BB20_2_sq125,2025,44,-5.3937,30.374,15,44,-4.8733
squeeze,BA,stock,M15,BB20_2_sq125,2026,36,-2.0569,61.046,13,36,-0.15009
squeeze,BA,stock,M30,BB20_2_sq125,2020,4,-1.2564,4.854,1,4,0.99064
squeeze,BA,stock,M30,BB20_2_sq125,2021,17,2.585,15.459,7,17,-2.4206
squeeze,BA,stock,M30,BB20_2_sq125,2022,23,-7.3745,4.6991,4,23,4.0113
squeeze,BA,stock,M30,BB20_2_sq125,2023,25,0.14065,17.909,8,25,-3.1088
squeeze,BA,stock,M30,BB20_2_sq125,2024,24,1.5932,11.596,11,24,-6.135
squeeze,BA,stock,M30,BB20_2_sq125,2025,23,-2.4274,13.452,9,23,-1.6108
squeeze,BA,stock,M30,BB20_2_sq125,2026,22,-16.953,163.67,6,22,-15.21
squeeze,BA,stock,H1,BB20_2_sq125,2020,4,-1.1528,0.39473,0,4,0.88096
squeeze,BA,stock,H1,BB20_2_sq125,2021,12,2.0456,5.9813,4,12,-3.584
squeeze,BA,stock,H1,BB20_2_sq125,2022,13,-2.013,5.605,4,13,1.0029
squeeze,BA,stock,H1,BB20_2_sq125,2023,11,-0.62168,8.127,2,11,-0.36953
squeeze,BA,stock,H1,BB20_2_sq125,2024,11,1.9517,15.579,2,11,-0.84081
squeeze,BA,stock,H1,BB20_2_sq125,2025,17,-1.781,8.7639,6,17,0.20364
squeeze,BA,stock,H1,BB20_2_sq125,2026,9,-3.9863,7.5455,2,9,-3.4102
squeeze,BA,stock,H4,BB20_2_sq125,2021,2,0.09142,0.35177,1,2,-0.73957
squeeze,BA,stock,H4,BB20_2_sq125,2022,5,-0.15425,2.2353,1,5,0.20666
squeeze,BA,stock,H4,BB20_2_sq125,2024,2,-0.39373,1.5086,1,2,0.57155
squeeze,BA,stock,H4,BB20_2_sq125,2025,6,-1.4306,1.6695,1,6,0.56392
squeeze,BA,stock,H4,BB20_2_sq125,2026,3,0.52827,0.099256,3,3,-0.73485
squeeze,BA,stock,D1,BB20_2_sq125,2021,1,-0.18708,0.035,0,1,0.16
squeeze,BA,stock,D1,BB20_2_sq125,2022,3,0.0061665,0.16056,1,3,-0.11683
squeeze,BA,stock,D1,BB20_2_sq125,2023,2,-0.47515,0.28451,1,2,0.36137
squeeze,BA,stock,D1,BB20_2_sq125,2024,2,-0.72916,1.215,1,2,5.2812
squeeze,BA,stock,D1,BB20_2_sq125,2025,2,0.38074,0.07344,2,2,-0.4872
squeeze,BA,stock,D1,BB20_2_sq125,2026,1,-0.4399,0.19351,0,1,0.38967
squeeze,BABA,stock,M5,BB20_2_sq125,2021,52,11.15,1098.7,20,52,6.7467
squeeze,BABA,stock,M5,BB20_2_sq125,2022,143,-20.888,229.03,40,143,-1.849
squeeze,BABA,stock,M5,BB20_2_sq125,2023,131,42.484,1803.9,43,131,-76.582
squeeze,BABA,stock,M5,BB20_2_sq125,2024,155,-54.15,968.13,38,155,-23.97
squeeze,BABA,stock,M5,BB20_2_sq125,2025,133,-38.573,1151.2,32,133,-44.73
squeeze,BABA,stock,M5,BB20_2_sq125,2026,115,-22.112,5354.6,15,115,-116.82
squeeze,BABA,stock,M15,BB20_2_sq125,2021,20,4.3727,22.394,12,20,-2.607
squeeze,BABA,stock,M15,BB20_2_sq125,2022,46,-15.41,87.205,20,46,11.718
squeeze,BABA,stock,M15,BB20_2_sq125,2023,54,-4.6176,69.935,21,54,14.913
squeeze,BABA,stock,M15,BB20_2_sq125,2024,49,-3.8589,72.311,17,49,5.2372
squeeze,BABA,stock,M15,BB20_2_sq125,2025,52,-9.5183,65.951,12,52,-2.2665
squeeze,BABA,stock,M15,BB20_2_sq125,2026,43,1.4405,50.288,18,43,-7.5569
squeeze,BABA,stock,M30,BB20_2_sq125,2021,8,1.7257,2.9945,4,8,-1.7856
squeeze,BABA,stock,M30,BB20_2_sq125,2022,25,-2.7538,16.936,10,25,-4.9643
squeeze,BABA,stock,M30,BB20_2_sq125,2023,25,-3.7387,6.8181,9,25,3.9621
squeeze,BABA,stock,M30,BB20_2_sq125,2024,23,-1.2052,5.0222,9,23,-1.6984
squeeze,BABA,stock,M30,BB20_2_sq125,2025,27,-4.9243,7.2863,8,27,-2.1369
squeeze,BABA,stock,M30,BB20_2_sq125,2026,17,-8.827,8.8489,1,17,6.4877
squeeze,BABA,stock,H1,BB20_2_sq125,2021,5,1.6865,3.2054,3,5,-2.2268
squeeze,BABA,stock,H1,BB20_2_sq125,2022,17,-0.10595,7.2794,6,17,0.65254
squeeze,BABA,stock,H1,BB20_2_sq125,2023,11,3.3358,16.629,5,11,-0.83706
squeeze,BABA,stock,H1,BB20_2_sq125,2024,10,-1.731,1.1248,2,10,0.4608
squeeze,BABA,stock,H1,BB20_2_sq125,2025,15,3.3358,10.768,6,15,-3.1619
squeeze,BABA,stock,H1,BB20_2_sq125,2026,9,-3.3372,2.5435,3,9,2.1821
squeeze,BABA,stock,H4,BB20_2_sq125,2022,2,0.9515,0.58486,2,2,-0.98668
squeeze,BABA,stock,H4,BB20_2_sq125,2023,6,1.7724,13.655,2,6,-0.30801
squeeze,BABA,stock,H4,BB20_2_sq125,2024,2,-0.21598,0.10477,1,2,0.12755
squeeze,BABA,stock,H4,BB20_2_sq125,2025,4,-0.27328,1.0912,1,4,-0.056476
squeeze,BABA,stock,H4,BB20_2_sq125,2026,3,-0.53837,0.63465,1,3,0.3548
squeeze,BABA,stock,D1,BB20_2_sq125,2021,2,-0.03981,0.084777,1,2,-0.021723
squeeze,BABA,stock,D1,BB20_2_sq125,2022,1,0.35617,0.12686,1,1,-0.38218
squeeze,BABA,stock,D1,BB20_2_sq125,2023,2,1.1105,1.3141,1,2,-1.0093
squeeze,BABA,stock,D1,BB20_2_sq125,2024,1,0.45439,0.20647,1,1,-0.49898
squeeze,BABA,stock,D1,BB20_2_sq125,2025,1,-0.82349,0.67814,0,1,0.73924
squeeze,BAC,stock,M5,BB20_2_sq125,2021,62,-30.421,140.54,9,62,-15.926
squeeze,BAC,stock,M5,BB20_2_sq125,2022,148,-34.198,178.11,37,148,-38.143
squeeze,BAC,stock,M5,BB20_2_sq125,2023,149,-99.373,773.33,34,149,-51.014
squeeze,BAC,stock,M5,BB20_2_sq125,2024,137,-40.197,1227.3,29,137,-44.327
squeeze,BAC,stock,M5,BB20_2_sq125,2025,149,-190.89,618.14,15,149,-183.22
squeeze,BAC,stock,M5,BB20_2_sq125,2026,112,-168.15,625.75,10,112,-171.66
squeeze,BAC,stock,M15,BB20_2_sq125,2021,21,-2.2829,6.8516,11,21,-3.9606
squeeze,BAC,stock,M15,BB20_2_sq125,2022,42,-13.313,73.331,14,42,1.8115
squeeze,BAC,stock,M15,BB20_2_sq125,2023,46,-12.693,21.045,12,46,-2.4319
squeeze,BAC,stock,M15,BB20_2_sq125,2024,45,-17.606,38.677,13,45,-16.626
squeeze,BAC,stock,M15,BB20_2_sq125,2025,49,-16.671,76.897,14,49,-38.575
squeeze,BAC,stock,M15,BB20_2_sq125,2026,35,-18.555,94.01,5,35,-11.333
squeeze,BAC,stock,M30,BB20_2_sq125,2021,9,-0.75432,3.0604,3,9,-1.7511
squeeze,BAC,stock,M30,BB20_2_sq125,2022,23,-2.4095,8.7657,8,23,-4.3072
squeeze,BAC,stock,M30,BB20_2_sq125,2023,25,13.506,75.418,11,25,-8.1896
squeeze,BAC,stock,M30,BB20_2_sq125,2024,24,1.6918,43.463,7,24,-0.70396
squeeze,BAC,stock,M30,BB20_2_sq125,2025,25,-2.2261,41.081,9,25,-11.194
squeeze,BAC,stock,M30,BB20_2_sq125,2026,17,1.3887,24.49,4,17,-11.717
squeeze,BAC,stock,H1,BB20_2_sq125,2021,4,1.051,0.84255,3,4,-3.1263
squeeze,BAC,stock,H1,BB20_2_sq125,2022,12,-2.558,1.5234,3,12,0.36059
squeeze,BAC,stock,H1,BB20_2_sq125,2023,13,2.2352,7.5584,6,13,-4.0806
squeeze,BAC,stock,H1,BB20_2_sq125,2024,12,-0.21421,2.0241,4,12,-1.9714
squeeze,BAC,stock,H1,BB20_2_sq125,2025,14,-4.5248,4.3167,4,14,-2.0615
squeeze,BAC,stock,H1,BB20_2_sq125,2026,9,-4.387,3.1477,0,9,-0.86626
squeeze,BAC,stock,H4,BB20_2_sq125,2021,1,-0.88684,0.78648,0,1,0.8051
squeeze,BAC,stock,H4,BB20_2_sq125,2022,4,-0.058058,2.1307,2,4,0.022359
squeeze,BAC,stock,H4,BB20_2_sq125,2023,3,5.9796,21.942,3,3,-2.7216
squeeze,BAC,stock,H4,BB20_2_sq125,2024,3,-0.070488,0.44381,2,3,-0.17945
squeeze,BAC,stock,H4,BB20_2_sq125,2025,4,-0.96723,0.27325,0,4,0.0093975
squeeze,BAC,stock,H4,BB20_2_sq125,2026,4,-0.43131,0.58657,2,4,-0.93348
squeeze,BAC,stock,D1,BB20_2_sq125,2020,2,0.32131,0.095762,2,2,-1.1012
squeeze,BAC,stock,D1,BB20_2_sq125,2021,2,-0.80705,0.52239,0,2,0.63093
squeeze,BAC,stock,D1,BB20_2_sq125,2022,1,-1.0242,1.0491,0,1,2.2406
squeeze,BAC,stock,D1,BB20_2_sq125,2023,2,1.5064,1.567,2,2,-1.4285
squeeze,BAC,stock,D1,BB20_2_sq125,2024,1,-0.17827,0.031779,0,1,0.082639
squeeze,BAC,stock,D1,BB20_2_sq125,2025,2,0.28475,0.42692,1,2,-0.88135
squeeze,BAC,stock,D1,BB20_2_sq125,2026,2,0.045956,0.0024438,1,2,-0.28633
squeeze,BTCUSD,crypto,M5,BB20_2_sq125,2018,653,-671.53,3538.6,74,653,-782.95
squeeze,BTCUSD,crypto,M5,BB20_2_sq125,2019,565,-321.04,1022.2,79,565,-339.18
squeeze,BTCUSD,crypto,M5,BB20_2_sq125,2020,580,-259.56,2866.1,84,580,-287.29
squeeze,BTCUSD,crypto,M5,BB20_2_sq125,2021,616,-349.16,603.62,96,616,-304.92
squeeze,BTCUSD,crypto,M5,BB20_2_sq125,2022,842,-496.2,1450,98,842,-406.48
squeeze,BTCUSD,crypto,M5,BB20_2_sq125,2023,856,-829.18,1916,69,856,-722.85
squeeze,BTCUSD,crypto,M5,BB20_2_sq125,2024,792,-390.07,844.87,98,792,-345.21
squeeze,BTCUSD,crypto,M5,BB20_2_sq125,2025,805,-412.63,1065.1,100,805,-384.67
squeeze,BTCUSD,crypto,M5,BB20_2_sq125,2026,607,-269.83,933.53,111,607,-271.23
squeeze,BTCUSD,crypto,M15,BB20_2_sq125,2018,229,-142.67,713.17,38,229,-147.08
squeeze,BTCUSD,crypto,M15,BB20_2_sq125,2019,202,-41.412,574.95,43,202,-87.79
squeeze,BTCUSD,crypto,M15,BB20_2_sq125,2020,188,-68.458,160.43,31,188,-57.797
squeeze,BTCUSD,crypto,M15,BB20_2_sq125,2021,215,-64.92,170.8,46,215,-61.502
squeeze,BTCUSD,crypto,M15,BB20_2_sq125,2022,269,-62.388,983.29,53,269,-93.942
squeeze,BTCUSD,crypto,M15,BB20_2_sq125,2023,275,-166.9,393.58,42,275,-153.89
squeeze,BTCUSD,crypto,M15,BB20_2_sq125,2024,255,-94.934,226.44,44,255,-67.69
squeeze,BTCUSD,crypto,M15,BB20_2_sq125,2025,258,-103.91,256.7,41,258,-57.406
squeeze,BTCUSD,crypto,M15,BB20_2_sq125,2026,202,-55.382,256.82,41,202,-54.876
squeeze,BTCUSD,crypto,M30,BB20_2_sq125,2018,114,-42.783,98.24,27,114,-51.505
squeeze,BTCUSD,crypto,M30,BB20_2_sq125,2019,111,-43.468,100.1,22,111,-17.787
squeeze,BTCUSD,crypto,M30,BB20_2_sq125,2020,95,-28.154,58.067,19,95,-11.087
squeeze,BTCUSD,crypto,M30,BB20_2_sq125,2021,106,-10.118,151.01,30,106,-24.183
squeeze,BTCUSD,crypto,M30,BB20_2_sq125,2022,146,-64.416,127.57,22,146,-33.442
squeeze,BTCUSD,crypto,M30,BB20_2_sq125,2023,133,-71.664,164.48,18,133,-45.946
squeeze,BTCUSD,crypto,M30,BB20_2_sq125,2024,134,-48.11,155.32,15,134,-5.5534
squeeze,BTCUSD,crypto,M30,BB20_2_sq125,2025,145,-34.428,166.1,27,145,-26.228
squeeze,BTCUSD,crypto,M30,BB20_2_sq125,2026,95,-7.1015,115.71,27,95,-23.938
squeeze,BTCUSD,crypto,H1,BB20_2_sq125,2018,60,-22.031,78.093,17,60,-22.891
squeeze,BTCUSD,crypto,H1,BB20_2_sq125,2019,53,23.701,424.39,16,53,-14.43
squeeze,BTCUSD,crypto,H1,BB20_2_sq125,2020,51,-8.2595,293.65,13,51,0.93807
squeeze,BTCUSD,crypto,H1,BB20_2_sq125,2021,53,-9.6668,26.031,11,53,-3.994
squeeze,BTCUSD,crypto,H1,BB20_2_sq125,2022,71,-9.6577,77.171,19,71,-17.67
squeeze,BTCUSD,crypto,H1,BB20_2_sq125,2023,63,-10.489,158.5,14,63,-22.649
squeeze,BTCUSD,crypto,H1,BB20_2_sq125,2024,62,-16.334,38.612,14,62,-12.715
squeeze,BTCUSD,crypto,H1,BB20_2_sq125,2025,57,15.611,224.15,20,57,-20.731
squeeze,BTCUSD,crypto,H1,BB20_2_sq125,2026,51,-6.6012,20.975,17,51,-12.711
squeeze,BTCUSD,crypto,H4,BB20_2_sq125,2018,15,0.40964,7.489,5,15,-2.7742
squeeze,BTCUSD,crypto,H4,BB20_2_sq125,2019,15,3.0622,16.852,6,15,-2.8792
squeeze,BTCUSD,crypto,H4,BB20_2_sq125,2020,8,2.0904,6.9545,4,8,-2.741
squeeze,BTCUSD,crypto,H4,BB20_2_sq125,2021,13,-1.8056,7.0894,4,13,-2.675
squeeze,BTCUSD,crypto,H4,BB20_2_sq125,2022,18,0.34623,4.3628,9,18,-5.5572
squeeze,BTCUSD,crypto,H4,BB20_2_sq125,2023,14,0.64689,23.024,5,14,-3.2185
squeeze,BTCUSD,crypto,H4,BB20_2_sq125,2024,15,0.015712,21.406,3,15,-0.19821
squeeze,BTCUSD,crypto,H4,BB20_2_sq125,2025,15,-4.3583,6.3073,5,15,-0.48692
squeeze,BTCUSD,crypto,H4,BB20_2_sq125,2026,14,6.7866,84.42,3,14,0.71478
squeeze,BTCUSD,crypto,D1,BB20_2_sq125,2011,1,0.93819,0.8802,1,1,-1.0311
squeeze,BTCUSD,crypto,D1,BB20_2_sq125,2012,5,1.8895,4.8826,3,5,-2.0418
squeeze,BTCUSD,crypto,D1,BB20_2_sq125,2013,4,0.95208,1.9007,2,4,-1.746
squeeze,BTCUSD,crypto,D1,BB20_2_sq125,2014,3,3.5501,5.9618,3,3,-3.2463
squeeze,BTCUSD,crypto,D1,BB20_2_sq125,2015,2,-0.80724,0.32599,0,2,0.50101
squeeze,BTCUSD,crypto,D1,BB20_2_sq125,2016,3,-2.076,1.97,0,3,0.92062
squeeze,BTCUSD,crypto,D1,BB20_2_sq125,2018,6,0.047961,0.40053,4,6,-1.2883
squeeze,BTCUSD,crypto,D1,BB20_2_sq125,2019,1,3.2929,10.843,1,1,-1.0255
squeeze,BTCUSD,crypto,D1,BB20_2_sq125,2020,2,4.5845,24.828,1,2,-0.75882
squeeze,BTCUSD,crypto,D1,BB20_2_sq125,2021,4,-1.8155,1.4292,1,4,2.1696
squeeze,BTCUSD,crypto,D1,BB20_2_sq125,2022,4,-1.1599,1.3776,1,4,0.6676
squeeze,BTCUSD,crypto,D1,BB20_2_sq125,2023,4,8.8934,103.35,2,4,0.17426
squeeze,BTCUSD,crypto,D1,BB20_2_sq125,2024,2,-0.98182,0.6493,0,2,0.81578
squeeze,BTCUSD,crypto,D1,BB20_2_sq125,2025,2,2.0977,6.6136,1,2,-0.70734
squeeze,BTCUSD,crypto,D1,BB20_2_sq125,2026,2,1.614,2.6293,1,2,-2.0703
squeeze,CADCHF,forex,M15,BB20_2_sq125,2015,147,-133.55,415.12,19,147,-153.22
squeeze,CADCHF,forex,M15,BB20_2_sq125,2016,162,-179.31,408.3,11,162,-156.13
squeeze,CADCHF,forex,M15,BB20_2_sq125,2017,160,-168.24,483.21,18,160,-169.13
squeeze,CADCHF,forex,M15,BB20_2_sq125,2018,159,-111.56,218.23,22,159,-79.905
squeeze,CADCHF,forex,M15,BB20_2_sq125,2019,157,-156.34,401.64,19,157,-148.54
squeeze,CADCHF,forex,M15,BB20_2_sq125,2020,171,-36.959,118.46,44,171,-36.632
squeeze,CADCHF,forex,M15,BB20_2_sq125,2021,165,-3.2333,263.79,57,165,-37.975
squeeze,CADCHF,forex,M15,BB20_2_sq125,2022,163,-56.244,213.65,37,163,-36.221
squeeze,CADCHF,forex,M15,BB20_2_sq125,2023,163,-125.32,192.6,12,163,-43.896
squeeze,CADCHF,forex,M15,BB20_2_sq125,2024,168,-100.19,279.72,24,168,-108.12
squeeze,CADCHF,forex,M15,BB20_2_sq125,2025,171,-126.75,337.41,26,171,-114.24
squeeze,CADCHF,forex,M15,BB20_2_sq125,2026,114,-76.015,205.41,20,114,-72.199
squeeze,CADCHF,forex,M30,BB20_2_sq125,2015,79,-36.841,178.84,20,79,-61.709
squeeze,CADCHF,forex,M30,BB20_2_sq125,2016,83,-71.481,117.96,10,83,-25.899
squeeze,CADCHF,forex,M30,BB20_2_sq125,2017,93,-65.585,202.99,16,93,-48.192
squeeze,CADCHF,forex,M30,BB20_2_sq125,2018,95,-40.247,173.78,16,95,-23.44
squeeze,CADCHF,forex,M30,BB20_2_sq125,2019,91,-57.8,109.27,15,91,-30.787
squeeze,CADCHF,forex,M30,BB20_2_sq125,2020,90,13.784,185.94,33,90,-20.098
squeeze,CADCHF,forex,M30,BB20_2_sq125,2021,89,-0.48142,107.17,27,89,-11.897
squeeze,CADCHF,forex,M30,BB20_2_sq125,2022,88,-18.226,91.675,24,88,-5.6395
squeeze,CADCHF,forex,M30,BB20_2_sq125,2023,88,-23.705,97.26,20,88,-21.515
squeeze,CADCHF,forex,M30,BB20_2_sq125,2024,96,-25.448,194.46,21,96,-30.1
squeeze,CADCHF,forex,M30,BB20_2_sq125,2025,86,-30.323,104.44,19,86,-15.142
squeeze,CADCHF,forex,M30,BB20_2_sq125,2026,73,-25.871,80.651,16,73,-14.831
squeeze,CADCHF,forex,H1,BB20_2_sq125,2015,39,-16.644,52.062,7,39,-10.555
squeeze,CADCHF,forex,H1,BB20_2_sq125,2016,50,-31.402,41.599,7,50,-25.127
squeeze,CADCHF,forex,H1,BB20_2_sq125,2017,48,-17.163,57.432,12,48,-11.957
squeeze,CADCHF,forex,H1,BB20_2_sq125,2018,42,-6.6414,39.42,15,42,-8.9021
squeeze,CADCHF,forex,H1,BB20_2_sq125,2019,46,-21.574,37.638,10,46,-16.918
squeeze,CADCHF,forex,H1,BB20_2_sq125,2020,40,-3.0921,57.808,9,40,3.1177
squeeze,CADCHF,forex,H1,BB20_2_sq125,2021,45,1.8121,70.426,14,45,-0.73757
squeeze,CADCHF,forex,H1,BB20_2_sq125,2022,43,-4.9271,47.623,11,43,-5.3323
squeeze,CADCHF,forex,H1,BB20_2_sq125,2023,45,-6.1181,68.237,12,45,-6.8119
squeeze,CADCHF,forex,H1,BB20_2_sq125,2024,40,-14.108,28.58,11,40,-4.6817
squeeze,CADCHF,forex,H1,BB20_2_sq125,2025,47,-23.921,103.74,11,47,-9.8364
squeeze,CADCHF,forex,H1,BB20_2_sq125,2026,33,-7.6485,36.371,7,33,0.69825
squeeze,CADCHF,forex,H4,BB20_2_sq125,2015,14,-1.2931,4.2975,4,14,-4.195
squeeze,CADCHF,forex,H4,BB20_2_sq125,2016,14,-1.8125,2.3496,2,14,-5.0348
squeeze,CADCHF,forex,H4,BB20_2_sq125,2017,10,6.3446,18.207,6,10,-5.3086
squeeze,CADCHF,forex,H4,BB20_2_sq125,2018,13,0.37987,15.441,3,13,-1.2965
squeeze,CADCHF,forex,H4,BB20_2_sq125,2019,11,1.4871,5.3611,5,11,-6.0011
squeeze,CADCHF,forex,H4,BB20_2_sq125,2020,11,-0.85745,5.1033,4,11,0.077364
squeeze,CADCHF,forex,H4,BB20_2_sq125,2021,14,-4.6966,3.7122,2,14,1.7486
squeeze,CADCHF,forex,H4,BB20_2_sq125,2022,11,-1.9823,1.9551,4,11,1.3919
squeeze,CADCHF,forex,H4,BB20_2_sq125,2023,12,-4.1521,6.1027,4,12,1.8318
squeeze,CADCHF,forex,H4,BB20_2_sq125,2024,10,-2.9295,3.7645,3,10,-0.97464
squeeze,CADCHF,forex,H4,BB20_2_sq125,2025,16,-4.6966,7.8029,5,16,1.2666
squeeze,CADCHF,forex,H4,BB20_2_sq125,2026,8,-2.0099,4.5693,2,8,-1.6853
squeeze,CADCHF,forex,D1,BB20_2_sq125,2001,3,-1.1034,0.49604,0,3,0.81481
squeeze,CADCHF,forex,D1,BB20_2_sq125,2002,2,0.40565,0.082426,2,2,-1.4207
squeeze,CADCHF,forex,D1,BB20_2_sq125,2003,1,0.14861,0.022084,1,1,-0.33044
squeeze,CADCHF,forex,D1,BB20_2_sq125,2004,2,-0.19705,0.054833,1,2,-0.059421
squeeze,CADCHF,forex,D1,BB20_2_sq125,2005,1,-0.09537,0.0090954,0,1,0.0071798
squeeze,CADCHF,forex,D1,BB20_2_sq125,2006,3,-1.3023,0.65677,0,3,0.93694
squeeze,CADCHF,forex,D1,BB20_2_sq125,2008,2,-0.64841,0.224,0,2,0.42851
squeeze,CADCHF,forex,D1,BB20_2_sq125,2009,1,0.2063,0.042559,1,1,-0.31973
squeeze,CADCHF,forex,D1,BB20_2_sq125,2010,3,-0.25191,0.22001,2,3,-0.12752
squeeze,CADCHF,forex,D1,BB20_2_sq125,2011,1,-0.18845,0.035513,0,1,0.11183
squeeze,CADCHF,forex,D1,BB20_2_sq125,2012,4,0.57333,1.7309,1,4,-0.83898
squeeze,CADCHF,forex,D1,BB20_2_sq125,2013,1,0.040211,0.001617,1,1,-0.13474
squeeze,CADCHF,forex,D1,BB20_2_sq125,2014,2,0.20977,0.37495,1,2,-0.91059
squeeze,CADCHF,forex,D1,BB20_2_sq125,2015,2,-0.71893,0.27236,0,2,0.54955
squeeze,CADCHF,forex,D1,BB20_2_sq125,2016,2,-0.79063,0.31568,0,2,-0.86513
squeeze,CADCHF,forex,D1,BB20_2_sq125,2017,3,-1.5048,1.1691,0,3,1.1496
squeeze,CADCHF,forex,D1,BB20_2_sq125,2018,1,-0.021994,0.00048375,0,1,-0.12937
squeeze,CADCHF,forex,D1,BB20_2_sq125,2019,1,-0.285,0.081224,0,1,0.19578
squeeze,CADCHF,forex,D1,BB20_2_sq125,2020,3,-0.59806,0.24305,1,3,0.44072
squeeze,CADCHF,forex,D1,BB20_2_sq125,2021,1,-0.10956,0.012004,0,1,0.060793
squeeze,CADCHF,forex,D1,BB20_2_sq125,2022,1,0.17314,0.029979,1,1,-0.23567
squeeze,CADCHF,forex,D1,BB20_2_sq125,2023,4,8.5329,35.623,3,4,-2.4756
squeeze,CADCHF,forex,D1,BB20_2_sq125,2024,1,-0.56787,0.32247,0,1,0.49214
squeeze,CADCHF,forex,D1,BB20_2_sq125,2025,2,0.52068,1.3964,1,2,-0.54763
squeeze,CADCHF,forex,D1,BB20_2_sq125,2026,1,-1.019,1.0384,0,1,0.81278
squeeze,CADJPY,forex,M15,BB20_2_sq125,2015,154,-100.28,213.79,19,154,-65.091
squeeze,CADJPY,forex,M15,BB20_2_sq125,2016,168,-43.115,159.37,38,168,-40.262
squeeze,CADJPY,forex,M15,BB20_2_sq125,2017,166,-29.756,179.06,45,166,-62.492
squeeze,CADJPY,forex,M15,BB20_2_sq125,2018,160,-38.283,152.97,39,160,-39.581
squeeze,CADJPY,forex,M15,BB20_2_sq125,2019,179,-103.45,174.36,29,179,-78.085
squeeze,CADJPY,forex,M15,BB20_2_sq125,2020,186,1.9836,172.98,66,186,-38.362
squeeze,CADJPY,forex,M15,BB20_2_sq125,2021,170,12.905,330.58,62,170,-45.396
squeeze,CADJPY,forex,M15,BB20_2_sq125,2022,178,-25.51,132.81,56,178,-26.075
squeeze,CADJPY,forex,M15,BB20_2_sq125,2023,175,-71.624,257.37,32,175,-31.68
squeeze,CADJPY,forex,M15,BB20_2_sq125,2024,176,-69.009,202.69,38,176,-45.952
squeeze,CADJPY,forex,M15,BB20_2_sq125,2025,177,-60.347,176.85,46,177,-60.886
squeeze,CADJPY,forex,M15,BB20_2_sq125,2026,140,-63.52,351.4,32,140,-58.431
squeeze,CADJPY,forex,M30,BB20_2_sq125,2015,94,-19.603,116.51,23,94,-24.093
squeeze,CADJPY,forex,M30,BB20_2_sq125,2016,88,-14.812,74.879,22,88,-9.17
squeeze,CADJPY,forex,M30,BB20_2_sq125,2017,96,-21.22,97.85,20,96,-13.472
squeeze,CADJPY,forex,M30,BB20_2_sq125,2018,91,-22.702,73.176,23,91,-6.302
squeeze,CADJPY,forex,M30,BB20_2_sq125,2019,88,-18.817,129.5,19,88,-27.799
squeeze,CADJPY,forex,M30,BB20_2_sq125,2020,84,-4.9421,60.589,23,84,-6.4683
squeeze,CADJPY,forex,M30,BB20_2_sq125,2021,97,-12.804,79.433,32,97,1.3453
squeeze,CADJPY,forex,M30,BB20_2_sq125,2022,93,-5.6814,54.901,31,93,-4.854
squeeze,CADJPY,forex,M30,BB20_2_sq125,2023,87,-12.247,87.032,28,87,-15.238
squeeze,CADJPY,forex,M30,BB20_2_sq125,2024,95,-4.7929,112.69,32,95,-9.5896
squeeze,CADJPY,forex,M30,BB20_2_sq125,2025,94,-28.232,40.757,21,94,-10.114
squeeze,CADJPY,forex,M30,BB20_2_sq125,2026,72,-8.282,48.095,21,72,-17.874
squeeze,CADJPY,forex,H1,BB20_2_sq125,2015,46,-11.35,44.84,12,46,-2.125
squeeze,CADJPY,forex,H1,BB20_2_sq125,2016,54,-3.9117,40.661,16,54,-7.7107
squeeze,CADJPY,forex,H1,BB20_2_sq125,2017,49,-8.8061,42.445,12,49,-3.4894
squeeze,CADJPY,forex,H1,BB20_2_sq125,2018,44,-7.7153,32.527,14,44,-1.9898
squeeze,CADJPY,forex,H1,BB20_2_sq125,2019,46,-6.7452,45.613,13,46,-8.9121
squeeze,CADJPY,forex,H1,BB20_2_sq125,2020,38,0.83743,31.508,14,38,-3.0701
squeeze,CADJPY,forex,H1,BB20_2_sq125,2021,48,0.92686,83.335,14,48,4.6294
squeeze,CADJPY,forex,H1,BB20_2_sq125,2022,40,6.6005,66.921,19,40,-4.0671
squeeze,CADJPY,forex,H1,BB20_2_sq125,2023,43,3.3644,89.674,12,43,-1.0268
squeeze,CADJPY,forex,H1,BB20_2_sq125,2024,51,1.4162,75.559,22,51,-7.9892
squeeze,CADJPY,forex,H1,BB20_2_sq125,2025,44,-4.2276,33.599,14,44,-3.0665
squeeze,CADJPY,forex,H1,BB20_2_sq125,2026,33,-4.5678,18.672,10,33,-6.4769
squeeze,CADJPY,forex,H4,BB20_2_sq125,2015,11,0.14527,1.2993,5,11,-2.9204
squeeze,CADJPY,forex,H4,BB20_2_sq125,2016,11,4.3781,13.246,5,11,-2.7379
squeeze,CADJPY,forex,H4,BB20_2_sq125,2017,14,-1.3015,7.4089,4,14,-1.1469
squeeze,CADJPY,forex,H4,BB20_2_sq125,2018,11,0.36396,5.8963,4,11,-0.23327
squeeze,CADJPY,forex,H4,BB20_2_sq125,2019,13,1.0855,4.9678,6,13,-2.7433
squeeze,CADJPY,forex,H4,BB20_2_sq125,2020,9,0.61021,4.7968,4,9,-2.7716
squeeze,CADJPY,forex,H4,BB20_2_sq125,2021,10,0.96401,8.8331,4,10,-0.64982
squeeze,CADJPY,forex,H4,BB20_2_sq125,2022,9,-1.6022,5.4502,1,9,1.7718
squeeze,CADJPY,forex,H4,BB20_2_sq125,2023,11,-0.4751,4.7522,4,11,-1.0269
squeeze,CADJPY,forex,H4,BB20_2_sq125,2024,12,0.81912,7.1687,5,12,-1.5008
squeeze,CADJPY,forex,H4,BB20_2_sq125,2025,14,3.1832,19.479,7,14,-2.0863
squeeze,CADJPY,forex,H4,BB20_2_sq125,2026,8,3.7192,14.575,4,8,-2.6035
squeeze,CADJPY,forex,D1,BB20_2_sq125,2008,2,-0.55012,0.22334,0,2,0.44126
squeeze,CADJPY,forex,D1,BB20_2_sq125,2009,1,-0.21056,0.044334,0,1,0.18694
squeeze,CADJPY,forex,D1,BB20_2_sq125,2010,3,-1.2115,0.74251,0,3,1.1243
squeeze,CADJPY,forex,D1,BB20_2_sq125,2011,4,1.1289,4.6314,2,4,-0.77928
squeeze,CADJPY,forex,D1,BB20_2_sq125,2012,4,0.17154,0.87883,1,4,-0.56235
squeeze,CADJPY,forex,D1,BB20_2_sq125,2013,3,-0.10109,0.21646,1,3,-0.69668
squeeze,CADJPY,forex,D1,BB20_2_sq125,2014,2,-0.4024,0.33984,1,2,0.20051
squeeze,CADJPY,forex,D1,BB20_2_sq125,2015,4,2.1216,10.933,1,4,-0.209
squeeze,CADJPY,forex,D1,BB20_2_sq125,2016,1,-0.21299,0.045366,0,1,0.15739
squeeze,CADJPY,forex,D1,BB20_2_sq125,2017,3,0.57813,0.23023,3,3,-2.0713
squeeze,CADJPY,forex,D1,BB20_2_sq125,2018,2,-1.6101,1.3829,0,2,2.1529
squeeze,CADJPY,forex,D1,BB20_2_sq125,2019,1,0.76789,0.58966,1,1,-1.0126
squeeze,CADJPY,forex,D1,BB20_2_sq125,2020,2,-1.1511,1.0311,0,2,0.97673
squeeze,CADJPY,forex,D1,BB20_2_sq125,2021,1,-0.27852,0.077574,0,1,0.25203
squeeze,CADJPY,forex,D1,BB20_2_sq125,2022,2,4.1235,13.7,2,2,-1.4868
squeeze,CADJPY,forex,D1,BB20_2_sq125,2023,1,0.80046,0.64073,1,1,-1.0339
squeeze,CADJPY,forex,D1,BB20_2_sq125,2024,2,-0.59692,1.2657,1,2,-2.062
squeeze,CADJPY,forex,D1,BB20_2_sq125,2025,2,-1.544,1.5602,0,2,1.463
squeeze,CADJPY,forex,D1,BB20_2_sq125,2026,1,-0.33637,0.11314,0,1,0.28102
squeeze,CHFJPY,forex,M15,BB20_2_sq125,2015,169,-96.206,158.92,20,169,-72.231
squeeze,CHFJPY,forex,M15,BB20_2_sq125,2016,171,-49.315,147.89,36,171,-52.399
squeeze,CHFJPY,forex,M15,BB20_2_sq125,2017,154,-52.023,172.9,34,154,-49.803
squeeze,CHFJPY,forex,M15,BB20_2_sq125,2018,170,-63.372,201.5,36,170,-67.614
squeeze,CHFJPY,forex,M15,BB20_2_sq125,2019,177,-127.65,293.17,23,177,-78.967
squeeze,CHFJPY,forex,M15,BB20_2_sq125,2020,161,-54.949,157.43,34,161,-16.343
squeeze,CHFJPY,forex,M15,BB20_2_sq125,2021,172,-74.21,372.52,42,172,-56.173
squeeze,CHFJPY,forex,M15,BB20_2_sq125,2022,168,-83.526,164.51,34,168,-21.492
squeeze,CHFJPY,forex,M15,BB20_2_sq125,2023,167,-63.884,340.5,43,167,-74.12
squeeze,CHFJPY,forex,M15,BB20_2_sq125,2024,180,-88.628,997.68,32,180,-57.706
squeeze,CHFJPY,forex,M15,BB20_2_sq125,2025,171,-115.81,375.37,41,171,-92.614
squeeze,CHFJPY,forex,M15,BB20_2_sq125,2026,134,-95.719,320.35,30,134,-92.818
squeeze,CHFJPY,forex,M30,BB20_2_sq125,2015,84,-35.41,68.969,19,84,-18.869
squeeze,CHFJPY,forex,M30,BB20_2_sq125,2016,87,-20.134,53.089,22,87,-12.641
squeeze,CHFJPY,forex,M30,BB20_2_sq125,2017,88,-32.29,55.649,16,88,-14.779
squeeze,CHFJPY,forex,M30,BB20_2_sq125,2018,83,2.3714,151.15,29,83,-26.253
squeeze,CHFJPY,forex,M30,BB20_2_sq125,2019,86,-14.555,186.61,21,86,-32.038
squeeze,CHFJPY,forex,M30,BB20_2_sq125,2020,98,-13.086,65.053,29,98,-13.737
squeeze,CHFJPY,forex,M30,BB20_2_sq125,2021,84,-3.1634,122.68,25,84,-5.9309
squeeze,CHFJPY,forex,M30,BB20_2_sq125,2022,99,-8.5141,63.326,31,99,-9.5363
squeeze,CHFJPY,forex,M30,BB20_2_sq125,2023,83,-14.162,94.666,21,83,-12.542
squeeze,CHFJPY,forex,M30,BB20_2_sq125,2024,88,-8.9777,51.938,26,88,-17.528
squeeze,CHFJPY,forex,M30,BB20_2_sq125,2025,88,-31.339,98.209,19,88,-11.144
squeeze,CHFJPY,forex,M30,BB20_2_sq125,2026,72,-25.314,73.628,17,72,-12.184
squeeze,CHFJPY,forex,H1,BB20_2_sq125,2015,49,1.2852,55.078,15,49,-12.258
squeeze,CHFJPY,forex,H1,BB20_2_sq125,2016,42,-2.4678,28.622,15,42,-7.579
squeeze,CHFJPY,forex,H1,BB20_2_sq125,2017,43,-20.209,25.695,7,43,8.3697
squeeze,CHFJPY,forex,H1,BB20_2_sq125,2018,48,-8.5445,33.405,13,48,-2.4783
squeeze,CHFJPY,forex,H1,BB20_2_sq125,2019,45,-7.1571,22.246,11,45,-8.0104
squeeze,CHFJPY,forex,H1,BB20_2_sq125,2020,52,-2.2034,37.386,15,52,-2.8826
squeeze,CHFJPY,forex,H1,BB20_2_sq125,2021,45,-3.0341,27.741,17,45,-3.9797
squeeze,CHFJPY,forex,H1,BB20_2_sq125,2022,43,-6.6167,39.242,12,43,0.43703
squeeze,CHFJPY,forex,H1,BB20_2_sq125,2023,51,1.2751,45.288,18,51,-6.81
squeeze,CHFJPY,forex,H1,BB20_2_sq125,2024,58,-2.5979,42.149,23,58,-6.0676
squeeze,CHFJPY,forex,H1,BB20_2_sq125,2025,44,-11.282,17.956,10,44,2.2023
squeeze,CHFJPY,forex,H1,BB20_2_sq125,2026,40,-4.9796,60.388,8,40,-0.79093
squeeze,CHFJPY,forex,H4,BB20_2_sq125,2015,11,-2.1072,1.741,3,11,-0.82841
squeeze,CHFJPY,forex,H4,BB20_2_sq125,2016,9,-1.0844,2.221,5,9,-0.8781
squeeze,CHFJPY,forex,H4,BB20_2_sq125,2017,10,1.2257,5.0713,5,10,-3.0599
squeeze,CHFJPY,forex,H4,BB20_2_sq125,2018,11,-0.13443,2.0536,5,11,-2.3558
squeeze,CHFJPY,forex,H4,BB20_2_sq125,2019,12,-2.9977,2.4766,2,12,1.0691
squeeze,CHFJPY,forex,H4,BB20_2_sq125,2020,14,2.1996,8.5529,8,14,-2.33
squeeze,CHFJPY,forex,H4,BB20_2_sq125,2021,12,-3.706,2.2803,2,12,1.2113
squeeze,CHFJPY,forex,H4,BB20_2_sq125,2022,14,2.5401,7.0778,5,14,-2.1245
squeeze,CHFJPY,forex,H4,BB20_2_sq125,2023,11,-4.0054,2.388,1,11,2.2203
squeeze,CHFJPY,forex,H4,BB20_2_sq125,2024,12,-4.8634,7.2109,3,12,-0.23914
squeeze,CHFJPY,forex,H4,BB20_2_sq125,2025,10,-1.6635,2.8307,2,10,-1.1479
squeeze,CHFJPY,forex,H4,BB20_2_sq125,2026,10,-2.0238,4.9297,4,10,-1.7197
squeeze,CHFJPY,forex,D1,BB20_2_sq125,2000,1,4.0131,16.105,1,1,-1.0177
squeeze,CHFJPY,forex,D1,BB20_2_sq125,2001,1,0.84167,0.70841,1,1,-1.0275
squeeze,CHFJPY,forex,D1,BB20_2_sq125,2002,2,0.092164,0.026373,1,2,-0.21588
squeeze,CHFJPY,forex,D1,BB20_2_sq125,2004,3,-0.72866,0.29172,0,3,0.61158
squeeze,CHFJPY,forex,D1,BB20_2_sq125,2005,1,2.3124,5.3474,1,1,-1.0588
squeeze,CHFJPY,forex,D1,BB20_2_sq125,2006,2,-0.18712,0.098458,1,2,0.073462
squeeze,CHFJPY,forex,D1,BB20_2_sq125,2007,1,-0.72828,0.53039,0,1,0.68164
squeeze,CHFJPY,forex,D1,BB20_2_sq125,2008,1,0.05453,0.0029736,1,1,-1.0635
squeeze,CHFJPY,forex,D1,BB20_2_sq125,2009,2,-0.25786,0.067872,1,2,0.19426
squeeze,CHFJPY,forex,D1,BB20_2_sq125,2010,3,-0.88918,0.28233,0,3,0.79277
squeeze,CHFJPY,forex,D1,BB20_2_sq125,2012,1,-0.075548,0.0057074,0,1,0.047338
squeeze,CHFJPY,forex,D1,BB20_2_sq125,2013,1,-1.0197,1.0397,0,1,-1.0206
squeeze,CHFJPY,forex,D1,BB20_2_sq125,2014,2,3.2679,9.5988,2,2,-1.2611
squeeze,CHFJPY,forex,D1,BB20_2_sq125,2015,3,0.78352,0.73008,2,3,-1.1423
squeeze,CHFJPY,forex,D1,BB20_2_sq125,2016,2,0.15415,1.3631,1,2,-0.36791
squeeze,CHFJPY,forex,D1,BB20_2_sq125,2017,2,0.21281,0.59032,1,2,-0.2829
squeeze,CHFJPY,forex,D1,BB20_2_sq125,2018,3,-0.50147,1.4709,1,3,0.14105
squeeze,CHFJPY,forex,D1,BB20_2_sq125,2019,2,-0.46264,0.19355,0,2,0.27086
squeeze,CHFJPY,forex,D1,BB20_2_sq125,2020,2,1.7571,1.6473,2,2,-2.0198
squeeze,CHFJPY,forex,D1,BB20_2_sq125,2021,2,-0.38152,0.25277,1,2,0.31247
squeeze,CHFJPY,forex,D1,BB20_2_sq125,2022,2,-1.2377,1.0756,0,2,0.94654
squeeze,CHFJPY,forex,D1,BB20_2_sq125,2023,2,-1.192,1.0561,0,2,2.9329
squeeze,CHFJPY,forex,D1,BB20_2_sq125,2024,1,-1.0148,1.0299,0,1,1.143
squeeze,CHFJPY,forex,D1,BB20_2_sq125,2025,3,-0.55769,0.15168,0,3,0.40093
squeeze,CHFJPY,forex,D1,BB20_2_sq125,2026,2,0.80638,0.88427,1,2,-0.91889
squeeze,COCOA.c,soft,M5,BB20_2_sq125,2023,159,-33.071,83.243,60,159,-23.698
squeeze,COCOA.c,soft,M5,BB20_2_sq125,2024,167,-9.5315,239.62,57,167,-50.095
squeeze,COCOA.c,soft,M5,BB20_2_sq125,2025,168,-71.913,266.71,36,168,-92.915
squeeze,COCOA.c,soft,M5,BB20_2_sq125,2026,135,-135.34,310.01,22,135,-119.43
squeeze,COCOA.c,soft,M15,BB20_2_sq125,2023,62,-12.397,31.086,15,62,5.5915
squeeze,COCOA.c,soft,M15,BB20_2_sq125,2024,58,-43.999,1757.4,14,58,-48.865
squeeze,COCOA.c,soft,M15,BB20_2_sq125,2025,60,-17.759,36.311,16,60,-20.923
squeeze,COCOA.c,soft,M15,BB20_2_sq125,2026,52,-16.288,62.572,13,52,-30.853
squeeze,COCOA.c,soft,M30,BB20_2_sq125,2023,31,-4.3632,9.1537,9,31,-1.423
squeeze,COCOA.c,soft,M30,BB20_2_sq125,2024,36,0.0096185,24.458,12,36,-1.5955
squeeze,COCOA.c,soft,M30,BB20_2_sq125,2025,32,6.4172,58.754,12,32,-11.96
squeeze,COCOA.c,soft,M30,BB20_2_sq125,2026,29,-12.478,17.034,6,29,-6.7886
squeeze,COCOA.c,soft,H1,BB20_2_sq125,2023,18,2.0535,10.083,7,18,-2.1211
squeeze,COCOA.c,soft,H1,BB20_2_sq125,2024,19,0.92038,5.3822,7,19,-4.964
squeeze,COCOA.c,soft,H1,BB20_2_sq125,2025,24,-2.4287,9.2222,8,24,-7.9726
squeeze,COCOA.c,soft,H1,BB20_2_sq125,2026,13,1.536,28.865,2,13,-6.0803
squeeze,COCOA.c,soft,H4,BB20_2_sq125,2023,7,-2.3551,1.6646,1,7,0.44622
squeeze,COCOA.c,soft,H4,BB20_2_sq125,2024,5,1.9666,2.5194,3,5,-3.2067
squeeze,COCOA.c,soft,H4,BB20_2_sq125,2025,8,1.1908,9.7536,2,8,-1.1752
squeeze,COCOA.c,soft,H4,BB20_2_sq125,2026,5,1.2384,9.5952,2,5,-0.91837
squeeze,COCOA.c,soft,D1,BB20_2_sq125,2024,5,-1.9793,1.9217,1,5,1.8691
squeeze,COCOA.c,soft,D1,BB20_2_sq125,2025,2,-1.6451,1.3596,0,2,1.4207
squeeze,COCOA.c,soft,D1,BB20_2_sq125,2026,1,0.51742,0.26773,1,1,-0.6103
squeeze,COFFEE.c,soft,M5,BB20_2_sq125,2023,175,-4.6491,226.62,48,175,-30.121
squeeze,COFFEE.c,soft,M5,BB20_2_sq125,2024,167,3.3128,417.63,59,167,-51.523
squeeze,COFFEE.c,soft,M5,BB20_2_sq125,2025,199,-49.338,139.64,55,199,-68.822
squeeze,COFFEE.c,soft,M5,BB20_2_sq125,2026,163,-52.391,255.76,37,163,-46.658
squeeze,COFFEE.c,soft,M15,BB20_2_sq125,2023,58,8.5412,133.01,19,58,-4.3645
squeeze,COFFEE.c,soft,M15,BB20_2_sq125,2024,75,-11.944,36.318,20,75,-4.1278
squeeze,COFFEE.c,soft,M15,BB20_2_sq125,2025,72,-14.976,24.714,18,72,-17.845
squeeze,COFFEE.c,soft,M15,BB20_2_sq125,2026,52,-5.105,29.565,15,52,-11.895
squeeze,COFFEE.c,soft,M30,BB20_2_sq125,2023,33,1.6326,99.732,10,33,2.899
squeeze,COFFEE.c,soft,M30,BB20_2_sq125,2024,30,-7.0154,8.0996,8,30,-0.72454
squeeze,COFFEE.c,soft,M30,BB20_2_sq125,2025,39,-5.2119,15.537,10,39,-4.1296
squeeze,COFFEE.c,soft,M30,BB20_2_sq125,2026,25,-3.6629,4.8595,7,25,-3.9378
squeeze,COFFEE.c,soft,H1,BB20_2_sq125,2023,15,-1.2651,10.716,4,15,1.5015
squeeze,COFFEE.c,soft,H1,BB20_2_sq125,2024,16,-1.4457,7.6735,5,16,0.11148
squeeze,COFFEE.c,soft,H1,BB20_2_sq125,2025,17,2.3281,11.659,9,17,-3.2785
squeeze,COFFEE.c,soft,H1,BB20_2_sq125,2026,13,-2.2429,2.7436,3,13,-1.1072
squeeze,COFFEE.c,soft,H4,BB20_2_sq125,2023,5,-0.57987,1.2688,3,5,-1.4286
squeeze,COFFEE.c,soft,H4,BB20_2_sq125,2024,9,-3.1059,1.731,0,9,2.2119
squeeze,COFFEE.c,soft,H4,BB20_2_sq125,2025,8,-1.5599,4.5411,2,8,-0.88945
squeeze,COFFEE.c,soft,H4,BB20_2_sq125,2026,6,-2.5111,1.7638,1,6,1.6937
squeeze,COFFEE.c,soft,D1,BB20_2_sq125,2024,3,1.1863,4.3584,1,3,-0.3859
squeeze,COFFEE.c,soft,D1,BB20_2_sq125,2025,2,3.1496,7.0323,2,2,-2.1176
squeeze,CORN.c,soft,M5,BB20_2_sq125,2023,291,-113.71,239.76,58,291,-118.28
squeeze,CORN.c,soft,M5,BB20_2_sq125,2024,378,-1213.9,20551,34,378,-1215.7
squeeze,CORN.c,soft,M5,BB20_2_sq125,2025,351,-1652.7,32821,3,351,-1599.1
squeeze,CORN.c,soft,M5,BB20_2_sq125,2026,268,-880.48,5116.2,1,268,-855.94
squeeze,CORN.c,soft,M15,BB20_2_sq125,2023,89,-12.584,104.43,22,89,-17.274
squeeze,CORN.c,soft,M15,BB20_2_sq125,2024,124,-156.13,605.34,23,124,-179.76
squeeze,CORN.c,soft,M15,BB20_2_sq125,2025,119,-234.49,677.28,6,119,-270.25
squeeze,CORN.c,soft,M15,BB20_2_sq125,2026,87,-146.59,589.65,6,87,-171.17
squeeze,CORN.c,soft,M30,BB20_2_sq125,2023,47,-11.016,20.441,12,47,-8.0346
squeeze,CORN.c,soft,M30,BB20_2_sq125,2024,63,-50.538,148.06,12,63,-61.039
squeeze,CORN.c,soft,M30,BB20_2_sq125,2025,63,-64.765,169.55,9,63,-70.403
squeeze,CORN.c,soft,M30,BB20_2_sq125,2026,47,-44.193,169.36,10,47,-60.424
squeeze,CORN.c,soft,H1,BB20_2_sq125,2023,29,-3.5167,26.647,8,29,-6.9153
squeeze,CORN.c,soft,H1,BB20_2_sq125,2024,36,1.6623,61.326,14,36,-20.478
squeeze,CORN.c,soft,H1,BB20_2_sq125,2025,30,-13.341,24.468,8,30,-25.828
squeeze,CORN.c,soft,H1,BB20_2_sq125,2026,26,-14.485,24.338,4,26,-10.833
squeeze,CORN.c,soft,H4,BB20_2_sq125,2023,6,1.7223,3.1677,3,6,-1.9671
squeeze,CORN.c,soft,H4,BB20_2_sq125,2024,12,-0.063777,5.7602,4,12,-3.1274
squeeze,CORN.c,soft,H4,BB20_2_sq125,2025,8,2.7459,8.4125,5,8,-4.5465
squeeze,CORN.c,soft,H4,BB20_2_sq125,2026,8,-2.1259,1.3555,1,8,-3.0129
squeeze,CORN.c,soft,D1,BB20_2_sq125,2024,2,-0.91143,0.42245,0,2,0.65161
squeeze,CORN.c,soft,D1,BB20_2_sq125,2025,1,0.43808,0.19192,1,1,-1.3565
squeeze,CORN.c,soft,D1,BB20_2_sq125,2026,1,0.10138,0.010278,1,1,-0.25845
squeeze,COTTON.c,soft,M5,BB20_2_sq125,2024,26,-323.8,8151.4,1,26,-317.34
squeeze,COTTON.c,soft,M5,BB20_2_sq125,2025,378,-3459.3,53395,5,378,-3407.3
squeeze,COTTON.c,soft,M5,BB20_2_sq125,2026,282,-1457.4,11393,2,282,-1393.6
squeeze,COTTON.c,soft,M15,BB20_2_sq125,2024,10,-89.693,1428.8,2,10,-91.321
squeeze,COTTON.c,soft,M15,BB20_2_sq125,2025,121,-585.97,4174.9,2,121,-558.34
squeeze,COTTON.c,soft,M15,BB20_2_sq125,2026,92,-247.45,936.97,2,92,-228.96
squeeze,COTTON.c,soft,M30,BB20_2_sq125,2024,4,-16.284,106.78,0,4,-11.906
squeeze,COTTON.c,soft,M30,BB20_2_sq125,2025,61,-186.48,872.31,0,61,-171.25
squeeze,COTTON.c,soft,M30,BB20_2_sq125,2026,44,-79.378,226.01,2,44,-80.206
squeeze,COTTON.c,soft,H1,BB20_2_sq125,2024,3,-6.7835,24.033,0,3,-5.3268
squeeze,COTTON.c,soft,H1,BB20_2_sq125,2025,39,-70.574,197.3,2,39,-61.049
squeeze,COTTON.c,soft,H1,BB20_2_sq125,2026,29,-30.051,52.958,3,29,-36.335
squeeze,COTTON.c,soft,H4,BB20_2_sq125,2025,10,-9.8741,12.359,0,10,-8.0346
squeeze,COTTON.c,soft,H4,BB20_2_sq125,2026,5,-1.6806,7.7767,2,5,-2.4504
squeeze,COTTON.c,soft,D1,BB20_2_sq125,2025,1,-1.0825,1.1717,0,1,-0.16352
squeeze,CVX,stock,M5,BB20_2_sq125,2020,32,-8.7188,7.8456,7,32,-6.5399
squeeze,CVX,stock,M5,BB20_2_sq125,2021,143,-70.558,238.02,25,143,-18.75
squeeze,CVX,stock,M5,BB20_2_sq125,2022,141,-26.898,462.62,41,141,-55.192
squeeze,CVX,stock,M5,BB20_2_sq125,2023,146,-40.878,330.99,33,146,-88.494
squeeze,CVX,stock,M5,BB20_2_sq125,2024,135,-55.199,293.03,29,135,-35.487
squeeze,CVX,stock,M5,BB20_2_sq125,2025,134,-33.874,277.79,40,134,-62.316
squeeze,CVX,stock,M5,BB20_2_sq125,2026,114,-24.041,630.2,28,114,-37.33
squeeze,CVX,stock,M15,BB20_2_sq125,2020,9,-0.60528,14.641,2,9,2.094
squeeze,CVX,stock,M15,BB20_2_sq125,2021,52,-17.831,45.891,13,52,7.4643
squeeze,CVX,stock,M15,BB20_2_sq125,2022,48,-7.1572,73.56,18,48,-5.4015
squeeze,CVX,stock,M15,BB20_2_sq125,2023,46,-3.9991,21.13,17,46,-13.291
squeeze,CVX,stock,M15,BB20_2_sq125,2024,47,-12.628,73.398,11,47,-7.6016
squeeze,CVX,stock,M15,BB20_2_sq125,2025,49,-16.394,74.856,10,49,-12.86
squeeze,CVX,stock,M15,BB20_2_sq125,2026,41,-9.1143,70.613,15,41,-2.0487
squeeze,CVX,stock,M30,BB20_2_sq125,2020,4,0.22298,0.62458,2,4,-2.2203
squeeze,CVX,stock,M30,BB20_2_sq125,2021,27,-11.076,21.026,7,27,12.13
squeeze,CVX,stock,M30,BB20_2_sq125,2022,24,-3.5383,7.3732,6,24,-1.4326
squeeze,CVX,stock,M30,BB20_2_sq125,2023,22,-0.099366,18.576,9,22,-5.1188
squeeze,CVX,stock,M30,BB20_2_sq125,2024,24,-2.2374,15.913,8,24,-3.7221
squeeze,CVX,stock,M30,BB20_2_sq125,2025,23,-10.301,44.23,7,23,4.1502
squeeze,CVX,stock,M30,BB20_2_sq125,2026,16,0.45777,29.356,3,16,0.69979
squeeze,CVX,stock,H1,BB20_2_sq125,2020,3,-1.5533,1.0436,0,3,1.3537
squeeze,CVX,stock,H1,BB20_2_sq125,2021,11,1.1362,10.027,4,11,-0.029916
squeeze,CVX,stock,H1,BB20_2_sq125,2022,16,-3.0903,4.5347,4,16,1.7279
squeeze,CVX,stock,H1,BB20_2_sq125,2023,12,0.34102,2.0651,6,12,-2.3694
squeeze,CVX,stock,H1,BB20_2_sq125,2024,14,-2.4849,2.1372,5,14,-0.58198
squeeze,CVX,stock,H1,BB20_2_sq125,2025,9,3.5568,14.528,6,9,-5.1739
squeeze,CVX,stock,H1,BB20_2_sq125,2026,9,-2.1025,0.82784,1,9,1.1721
squeeze,CVX,stock,H4,BB20_2_sq125,2021,4,-0.3338,0.70319,1,4,0.048079
squeeze,CVX,stock,H4,BB20_2_sq125,2022,4,0.16102,2.3994,2,4,-0.23247
squeeze,CVX,stock,H4,BB20_2_sq125,2023,4,-0.32595,0.60219,2,4,-0.028957
squeeze,CVX,stock,H4,BB20_2_sq125,2024,4,0.74569,0.98987,3,4,-2.4122
squeeze,CVX,stock,H4,BB20_2_sq125,2025,2,-1.1036,0.91551,0,2,0.92165
squeeze,CVX,stock,H4,BB20_2_sq125,2026,4,0.55656,0.15764,3,4,-0.87505
squeeze,CVX,stock,D1,BB20_2_sq125,2021,2,0.13282,0.49637,1,2,-0.66008
squeeze,CVX,stock,D1,BB20_2_sq125,2022,1,0.63521,0.40349,1,1,-1.0182
squeeze,CVX,stock,D1,BB20_2_sq125,2023,4,-1.0896,1.2326,1,4,0.76875
squeeze,CVX,stock,D1,BB20_2_sq125,2024,1,1.0073,1.0146,1,1,-1.0991
squeeze,CVX,stock,D1,BB20_2_sq125,2025,3,-1.1727,0.7241,0,3,0.96033
squeeze,DIS,stock,M5,BB20_2_sq125,2020,31,-3.4089,64.455,5,31,-14.74
squeeze,DIS,stock,M5,BB20_2_sq125,2021,124,-78.681,598.97,27,124,-55.629
squeeze,DIS,stock,M5,BB20_2_sq125,2022,142,-58.55,186.1,31,142,-39.759
squeeze,DIS,stock,M5,BB20_2_sq125,2023,136,-43.007,280.8,27,136,-80.028
squeeze,DIS,stock,M5,BB20_2_sq125,2024,140,-80.44,184.72,29,140,-101.37
squeeze,DIS,stock,M5,BB20_2_sq125,2025,134,-83.792,455.3,25,134,-93.879
squeeze,DIS,stock,M5,BB20_2_sq125,2026,102,-68.347,539.52,17,102,-56.167
squeeze,DIS,stock,M15,BB20_2_sq125,2020,9,-2.4836,3.6913,3,9,-0.86555
squeeze,DIS,stock,M15,BB20_2_sq125,2021,54,-3.5187,78.091,20,54,-18.703
squeeze,DIS,stock,M15,BB20_2_sq125,2022,48,-6.3405,56.6,14,48,-7.6266
squeeze,DIS,stock,M15,BB20_2_sq125,2023,49,-3.6323,129.94,16,49,-22.15
squeeze,DIS,stock,M15,BB20_2_sq125,2024,47,-28.005,123.5,10,47,2.0579
squeeze,DIS,stock,M15,BB20_2_sq125,2025,51,-21.182,48.669,10,51,-7.4205
squeeze,DIS,stock,M15,BB20_2_sq125,2026,34,-17.289,55.831,8,34,-6.4763
squeeze,DIS,stock,M30,BB20_2_sq125,2020,3,-1.074,1.0087,1,3,0.3341
squeeze,DIS,stock,M30,BB20_2_sq125,2021,25,-4.4956,10.634,6,25,-4.7274
squeeze,DIS,stock,M30,BB20_2_sq125,2022,23,-4.5057,11.687,7,23,0.49432
squeeze,DIS,stock,M30,BB20_2_sq125,2023,20,4.6097,43.877,7,20,-6.5235
squeeze,DIS,stock,M30,BB20_2_sq125,2024,23,-0.50205,15.139,8,23,-9.1684
squeeze,DIS,stock,M30,BB20_2_sq125,2025,21,-5.6921,13.947,3,21,1.204
squeeze,DIS,stock,M30,BB20_2_sq125,2026,20,-4.9064,10.982,4,20,-3.7198
squeeze,DIS,stock,H1,BB20_2_sq125,2020,1,-0.44961,0.20215,0,1,0.3327
squeeze,DIS,stock,H1,BB20_2_sq125,2021,10,3.1341,18.378,5,10,-6.011
squeeze,DIS,stock,H1,BB20_2_sq125,2022,13,-3.7163,2.5187,3,13,1.9586
squeeze,DIS,stock,H1,BB20_2_sq125,2023,13,-2.9558,3.7278,4,13,-0.72516
squeeze,DIS,stock,H1,BB20_2_sq125,2024,14,4.435,46.231,6,14,-3.5741
squeeze,DIS,stock,H1,BB20_2_sq125,2025,11,-0.92099,3.7158,5,11,-1.4885
squeeze,DIS,stock,H1,BB20_2_sq125,2026,10,-0.60645,1.7682,5,10,-1.3472
squeeze,DIS,stock,H4,BB20_2_sq125,2021,4,0.34934,1.6047,1,4,-1.079
squeeze,DIS,stock,H4,BB20_2_sq125,2022,1,0.56253,0.31644,1,1,-0.64811
squeeze,DIS,stock,H4,BB20_2_sq125,2023,5,-1.5346,1.6382,1,5,1.1251
squeeze,DIS,stock,H4,BB20_2_sq125,2024,4,0.15149,0.6401,2,4,-0.88843
squeeze,DIS,stock,H4,BB20_2_sq125,2025,3,0.33503,0.84286,1,3,-1.4155
squeeze,DIS,stock,H4,BB20_2_sq125,2026,2,0.28906,0.44127,1,2,-0.53541
squeeze,DIS,stock,D1,BB20_2_sq125,2021,1,0.024238,0.00058749,1,1,-0.099564
squeeze,DIS,stock,D1,BB20_2_sq125,2022,1,0.24199,0.058559,1,1,-0.32033
squeeze,DIS,stock,D1,BB20_2_sq125,2023,2,-0.27245,0.27567,1,2,0.11745
squeeze,DIS,stock,D1,BB20_2_sq125,2024,2,0.7492,0.3719,2,2,-1.3019
squeeze,DIS,stock,D1,BB20_2_sq125,2025,3,-0.097875,0.020902,1,3,-0.21986
squeeze,DIS,stock,D1,BB20_2_sq125,2026,2,-0.23404,0.032446,0,2,0.077616
squeeze,DOGEUSD,crypto,M5,BB20_2_sq125,2021,186,-119.96,189.02,26,186,-148.98
squeeze,DOGEUSD,crypto,M5,BB20_2_sq125,2022,786,-883.83,1910.6,58,786,-819.15
squeeze,DOGEUSD,crypto,M5,BB20_2_sq125,2023,788,-1312.4,4762.8,43,788,-1349.3
squeeze,DOGEUSD,crypto,M5,BB20_2_sq125,2024,815,-633.57,1165.4,94,815,-591.47
squeeze,DOGEUSD,crypto,M5,BB20_2_sq125,2025,750,-749.83,1784.6,73,750,-704.79
squeeze,DOGEUSD,crypto,M5,BB20_2_sq125,2026,588,-413.36,1083.5,64,588,-426.06
squeeze,DOGEUSD,crypto,M15,BB20_2_sq125,2021,68,-31.856,63.607,11,68,-24.094
squeeze,DOGEUSD,crypto,M15,BB20_2_sq125,2022,274,-181.67,294.06,39,274,-162.84
squeeze,DOGEUSD,crypto,M15,BB20_2_sq125,2023,287,-305.98,560.35,25,287,-264.59
squeeze,DOGEUSD,crypto,M15,BB20_2_sq125,2024,262,-141.73,231.11,32,262,-102.59
squeeze,DOGEUSD,crypto,M15,BB20_2_sq125,2025,256,-166.38,308.28,41,256,-155.84
squeeze,DOGEUSD,crypto,M15,BB20_2_sq125,2026,191,-99.954,165.53,37,191,-75.13
squeeze,DOGEUSD,crypto,M30,BB20_2_sq125,2021,32,-13.429,19.868,5,32,-8.7024
squeeze,DOGEUSD,crypto,M30,BB20_2_sq125,2022,135,-46.969,185.92,29,135,-67.794
squeeze,DOGEUSD,crypto,M30,BB20_2_sq125,2023,131,-98.724,215.69,16,131,-83.315
squeeze,DOGEUSD,crypto,M30,BB20_2_sq125,2024,142,-35.304,138.52,38,142,-44.091
squeeze,DOGEUSD,crypto,M30,BB20_2_sq125,2025,126,-54.839,121.01,26,126,-57.027
squeeze,DOGEUSD,crypto,M30,BB20_2_sq125,2026,100,-18.344,201.14,23,100,-31.328
squeeze,DOGEUSD,crypto,H1,BB20_2_sq125,2021,15,0.44465,15.027,4,15,-6.544
squeeze,DOGEUSD,crypto,H1,BB20_2_sq125,2022,68,-19.387,54.308,17,68,-25.669
squeeze,DOGEUSD,crypto,H1,BB20_2_sq125,2023,67,-30.164,102.6,11,67,-33.232
squeeze,DOGEUSD,crypto,H1,BB20_2_sq125,2024,66,-2.7174,84.083,20,66,-17.417
squeeze,DOGEUSD,crypto,H1,BB20_2_sq125,2025,63,7.7188,71.192,27,63,-33.549
squeeze,DOGEUSD,crypto,H1,BB20_2_sq125,2026,53,-11.314,41.083,10,53,-17.766
squeeze,DOGEUSD,crypto,H4,BB20_2_sq125,2021,5,-0.46374,0.88038,2,5,-0.90305
squeeze,DOGEUSD,crypto,H4,BB20_2_sq125,2022,18,9.1641,83.082,8,18,-4.0459
squeeze,DOGEUSD,crypto,H4,BB20_2_sq125,2023,20,-7.0576,4.6879,4,20,-4.17
squeeze,DOGEUSD,crypto,H4,BB20_2_sq125,2024,15,1.5631,8.0398,8,15,-5.0045
squeeze,DOGEUSD,crypto,H4,BB20_2_sq125,2025,20,3.095,16.382,7,20,-4.8232
squeeze,DOGEUSD,crypto,H4,BB20_2_sq125,2026,11,18.41,309.57,5,11,-3.2153
squeeze,DOGEUSD,crypto,D1,BB20_2_sq125,2022,3,2.0785,7.9662,1,3,-0.58863
squeeze,DOGEUSD,crypto,D1,BB20_2_sq125,2023,4,-1.3787,0.72388,0,4,0.67652
squeeze,DOGEUSD,crypto,D1,BB20_2_sq125,2024,1,-0.23331,0.054434,0,1,0.094481
squeeze,DOGEUSD,crypto,D1,BB20_2_sq125,2025,2,0.22711,0.026121,2,2,-0.46848
squeeze,DOGEUSD,crypto,D1,BB20_2_sq125,2026,2,3.0406,10.57,1,2,-2.0957
squeeze,DXY.cash,index,M5,BB20_2_sq125,2024,52,-163.39,1081.8,2,52,-146.38
squeeze,DXY.cash,index,M5,BB20_2_sq125,2025,522,-466.46,1913.6,79,522,-473.89
squeeze,DXY.cash,index,M5,BB20_2_sq125,2026,394,-286.75,602.42,48,394,-276.57
squeeze,DXY.cash,index,M15,BB20_2_sq125,2024,12,-13.06,155.13,2,12,-30.421
squeeze,DXY.cash,index,M15,BB20_2_sq125,2025,146,-63.172,167.18,32,146,-75.707
squeeze,DXY.cash,index,M15,BB20_2_sq125,2026,122,-49.777,259.35,25,122,-34.517
squeeze,DXY.cash,index,M30,BB20_2_sq125,2024,7,-12.067,28.598,0,7,-6.0287
squeeze,DXY.cash,index,M30,BB20_2_sq125,2025,83,-12.026,102.16,22,83,-31.587
squeeze,DXY.cash,index,M30,BB20_2_sq125,2026,56,-19.289,29.726,13,56,-14.39
squeeze,DXY.cash,index,H1,BB20_2_sq125,2024,4,-5.3588,7.7408,0,4,0.032521
squeeze,DXY.cash,index,H1,BB20_2_sq125,2025,38,-4.8492,15.69,15,38,-16.18
squeeze,DXY.cash,index,H1,BB20_2_sq125,2026,34,-1.3087,48.026,14,34,-10.635
squeeze,DXY.cash,index,H4,BB20_2_sq125,2025,13,3.296,8.1012,5,13,-3.9359
squeeze,DXY.cash,index,H4,BB20_2_sq125,2026,8,-2.5729,2.38,2,8,1.9951
squeeze,DXY.cash,index,D1,BB20_2_sq125,2025,1,-0.68827,0.47371,0,1,0.55399
squeeze,DXY.cash,index,D1,BB20_2_sq125,2026,2,-0.33705,0.15725,1,2,0.13151
squeeze,ETHUSD,crypto,M5,BB20_2_sq125,2018,592,-2290.4,52650,64,592,-2539
squeeze,ETHUSD,crypto,M5,BB20_2_sq125,2019,537,-5836.5,1.003e+05,3,537,-5972.5
squeeze,ETHUSD,crypto,M5,BB20_2_sq125,2020,547,-2369.7,22566,49,547,-2341
squeeze,ETHUSD,crypto,M5,BB20_2_sq125,2021,635,-267.86,660.13,125,635,-295.08
squeeze,ETHUSD,crypto,M5,BB20_2_sq125,2022,832,-523.54,1622.2,98,832,-483.24
squeeze,ETHUSD,crypto,M5,BB20_2_sq125,2023,796,-965.59,2208.4,53,796,-928.86
squeeze,ETHUSD,crypto,M5,BB20_2_sq125,2024,789,-646.73,1073.3,79,789,-612.85
squeeze,ETHUSD,crypto,M5,BB20_2_sq125,2025,766,-507.04,1108.4,105,766,-567.13
squeeze,ETHUSD,crypto,M5,BB20_2_sq125,2026,620,-308.97,592.12,100,620,-315.43
squeeze,ETHUSD,crypto,M15,BB20_2_sq125,2018,225,-1135.5,3.441e+05,28,225,-1355.6
squeeze,ETHUSD,crypto,M15,BB20_2_sq125,2019,201,-1260.7,12635,1,201,-1269.7
squeeze,ETHUSD,crypto,M15,BB20_2_sq125,2020,190,-494.92,3031.8,20,190,-510.54
squeeze,ETHUSD,crypto,M15,BB20_2_sq125,2021,210,-51.993,198.51,48,210,-43.601
squeeze,ETHUSD,crypto,M15,BB20_2_sq125,2022,265,-80.111,246.09,57,265,-104.92
squeeze,ETHUSD,crypto,M15,BB20_2_sq125,2023,263,-190.42,425.39,30,263,-188.01
squeeze,ETHUSD,crypto,M15,BB20_2_sq125,2024,249,-106.65,338.4,46,249,-122.83
squeeze,ETHUSD,crypto,M15,BB20_2_sq125,2025,256,-98.557,351.01,50,256,-115.11
squeeze,ETHUSD,crypto,M15,BB20_2_sq125,2026,195,-57.848,200.98,44,195,-61.551
squeeze,ETHUSD,crypto,M30,BB20_2_sq125,2018,117,-117.84,698.66,25,117,-167.12
squeeze,ETHUSD,crypto,M30,BB20_2_sq125,2019,102,-437.91,2693.7,2,102,-430.45
squeeze,ETHUSD,crypto,M30,BB20_2_sq125,2020,109,-193.42,742.06,12,109,-173.18
squeeze,ETHUSD,crypto,M30,BB20_2_sq125,2021,114,-6.0606,133.85,34,114,-19.78
squeeze,ETHUSD,crypto,M30,BB20_2_sq125,2022,135,-26.892,112.19,31,135,-48.386
squeeze,ETHUSD,crypto,M30,BB20_2_sq125,2023,135,-75.129,200.01,20,135,-77.288
squeeze,ETHUSD,crypto,M30,BB20_2_sq125,2024,146,-53.88,109.61,22,146,-39.513
squeeze,ETHUSD,crypto,M30,BB20_2_sq125,2025,118,-24.458,158.77,27,118,-40.672
squeeze,ETHUSD,crypto,M30,BB20_2_sq125,2026,94,-16.476,145.04,23,94,-23.266
squeeze,ETHUSD,crypto,H1,BB20_2_sq125,2018,54,-51.779,154.41,13,54,-53.288
squeeze,ETHUSD,crypto,H1,BB20_2_sq125,2019,47,-109.8,356.75,1,47,-118.24
squeeze,ETHUSD,crypto,H1,BB20_2_sq125,2020,50,-52.677,147.75,8,50,-65.436
squeeze,ETHUSD,crypto,H1,BB20_2_sq125,2021,53,2.3251,34.731,21,53,-10.45
squeeze,ETHUSD,crypto,H1,BB20_2_sq125,2022,75,-9.2601,46.342,22,75,-17.349
squeeze,ETHUSD,crypto,H1,BB20_2_sq125,2023,56,2.2786,228.23,13,56,-22.346
squeeze,ETHUSD,crypto,H1,BB20_2_sq125,2024,68,-20.791,62.658,16,68,-19.006
squeeze,ETHUSD,crypto,H1,BB20_2_sq125,2025,65,-23.807,32.327,12,65,-11.839
squeeze,ETHUSD,crypto,H1,BB20_2_sq125,2026,46,1.9393,42.384,20,46,-15.998
squeeze,ETHUSD,crypto,H4,BB20_2_sq125,2018,11,-7.3293,12.688,1,11,-3.4391
squeeze,ETHUSD,crypto,H4,BB20_2_sq125,2019,16,-11.185,63.292,4,16,-16.634
squeeze,ETHUSD,crypto,H4,BB20_2_sq125,2020,7,-6.0718,6.6363,0,7,-6.1374
squeeze,ETHUSD,crypto,H4,BB20_2_sq125,2021,19,-1.0303,9.8142,6,19,-0.57562
squeeze,ETHUSD,crypto,H4,BB20_2_sq125,2022,17,1.1847,8.6111,7,17,-5.8374
squeeze,ETHUSD,crypto,H4,BB20_2_sq125,2023,15,-5.0384,8.7881,5,15,-3.2688
squeeze,ETHUSD,crypto,H4,BB20_2_sq125,2024,12,-0.45419,5.7305,4,12,-2.0945
squeeze,ETHUSD,crypto,H4,BB20_2_sq125,2025,14,0.18817,12.938,6,14,-6.1598
squeeze,ETHUSD,crypto,H4,BB20_2_sq125,2026,13,-2.9798,8.8401,5,13,-2.7259
squeeze,ETHUSD,crypto,D1,BB20_2_sq125,2016,2,-0.045919,0.081191,1,2,-1.6696
squeeze,ETHUSD,crypto,D1,BB20_2_sq125,2017,3,0.16928,1.3593,1,3,-0.76038
squeeze,ETHUSD,crypto,D1,BB20_2_sq125,2018,2,1.2347,1.8225,1,2,-1.3635
squeeze,ETHUSD,crypto,D1,BB20_2_sq125,2019,1,-0.4311,0.18585,0,1,-0.03403
squeeze,ETHUSD,crypto,D1,BB20_2_sq125,2020,2,-1.1326,0.95945,0,2,-0.27585
squeeze,ETHUSD,crypto,D1,BB20_2_sq125,2021,1,0.45639,0.20829,1,1,-0.53849
squeeze,ETHUSD,crypto,D1,BB20_2_sq125,2022,2,0.83972,0.58606,2,2,-1.1688
squeeze,ETHUSD,crypto,D1,BB20_2_sq125,2023,3,2.7341,8.8446,2,3,-1.3636
squeeze,ETHUSD,crypto,D1,BB20_2_sq125,2024,2,0.10886,0.35877,1,2,-0.31755
squeeze,ETHUSD,crypto,D1,BB20_2_sq125,2025,4,-0.69127,0.93083,1,4,-1.1074
squeeze,ETHUSD,crypto,D1,BB20_2_sq125,2026,3,0.87707,0.44566,2,3,-1.2622
squeeze,EU50.cash,index,M5,BB20_2_sq125,2021,173,-136.08,1207.1,26,173,-151.97
squeeze,EU50.cash,index,M5,BB20_2_sq125,2022,583,-474.15,1509.7,117,583,-548.51
squeeze,EU50.cash,index,M5,BB20_2_sq125,2023,552,-669.42,4109.6,66,552,-725.95
squeeze,EU50.cash,index,M5,BB20_2_sq125,2024,547,-656.73,2577.5,80,547,-694.55
squeeze,EU50.cash,index,M5,BB20_2_sq125,2025,319,-114.53,397.69,66,319,-81.521
squeeze,EU50.cash,index,M5,BB20_2_sq125,2026,237,-68.291,192.91,49,237,-67.29
squeeze,EU50.cash,index,M15,BB20_2_sq125,2021,53,-37.185,460.46,12,53,-52.115
squeeze,EU50.cash,index,M15,BB20_2_sq125,2022,153,-60.498,101.12,37,153,-52.776
squeeze,EU50.cash,index,M15,BB20_2_sq125,2023,158,-67.944,321.52,32,158,-69.986
squeeze,EU50.cash,index,M15,BB20_2_sq125,2024,154,-69.92,283.41,36,154,-86.346
squeeze,EU50.cash,index,M15,BB20_2_sq125,2025,108,4.4515,102.41,43,108,-30.378
squeeze,EU50.cash,index,M15,BB20_2_sq125,2026,81,-16.855,35.568,20,81,-3.4604
squeeze,EU50.cash,index,M30,BB20_2_sq125,2021,29,-9.5286,40.193,7,29,-7.2345
squeeze,EU50.cash,index,M30,BB20_2_sq125,2022,82,-17.305,63.871,22,82,-9.8987
squeeze,EU50.cash,index,M30,BB20_2_sq125,2023,87,1.4682,281.3,25,87,-29.269
squeeze,EU50.cash,index,M30,BB20_2_sq125,2024,83,-13.982,118.37,19,83,-20.751
squeeze,EU50.cash,index,M30,BB20_2_sq125,2025,57,-5.1288,35.711,17,57,-3.1576
squeeze,EU50.cash,index,M30,BB20_2_sq125,2026,38,-5.2241,21.356,11,38,-1.0055
squeeze,EU50.cash,index,H1,BB20_2_sq125,2021,15,8.022,28.843,9,15,-7.7109
squeeze,EU50.cash,index,H1,BB20_2_sq125,2022,41,-12.323,16.54,9,41,3.9819
squeeze,EU50.cash,index,H1,BB20_2_sq125,2023,40,2.3352,42.205,18,40,-14.905
squeeze,EU50.cash,index,H1,BB20_2_sq125,2024,39,-10.055,14.003,13,39,-6.6238
squeeze,EU50.cash,index,H1,BB20_2_sq125,2025,29,6.6498,25.339,14,29,-7.3053
squeeze,EU50.cash,index,H1,BB20_2_sq125,2026,17,1.7673,8.2862,9,17,-3.7638
squeeze,EU50.cash,index,H4,BB20_2_sq125,2021,3,0.31657,0.078957,2,3,-2.4669
squeeze,EU50.cash,index,H4,BB20_2_sq125,2022,14,-4.2293,4.0308,3,14,2.8763
squeeze,EU50.cash,index,H4,BB20_2_sq125,2023,12,-0.45065,3.3927,7,12,-3.2343
squeeze,EU50.cash,index,H4,BB20_2_sq125,2024,9,1.3341,15.123,4,9,0.22472
squeeze,EU50.cash,index,H4,BB20_2_sq125,2025,8,-1.3901,2.894,2,8,0.62331
squeeze,EU50.cash,index,H4,BB20_2_sq125,2026,4,-2.1534,2.3531,1,4,1.9994
squeeze,EU50.cash,index,D1,BB20_2_sq125,2018,1,-0.036962,0.0013662,0,1,-0.023483
squeeze,EU50.cash,index,D1,BB20_2_sq125,2019,5,1.8213,7.797,1,5,-0.31537
squeeze,EU50.cash,index,D1,BB20_2_sq125,2020,3,-0.0091156,0.043186,2,3,-1.091
squeeze,EU50.cash,index,D1,BB20_2_sq125,2021,1,0.51257,0.26273,1,1,-1.0193
squeeze,EU50.cash,index,D1,BB20_2_sq125,2022,1,0.22543,0.05082,1,1,-0.29037
squeeze,EU50.cash,index,D1,BB20_2_sq125,2023,1,-0.1026,0.010526,0,1,0.03098
squeeze,EU50.cash,index,D1,BB20_2_sq125,2024,3,-1.993,1.7026,0,3,0.80162
squeeze,EU50.cash,index,D1,BB20_2_sq125,2025,1,-0.16053,0.025769,0,1,0.1275
squeeze,EU50.cash,index,D1,BB20_2_sq125,2026,2,1.5543,3.198,1,2,-0.8225
squeeze,EURAUD,forex,M15,BB20_2_sq125,2015,159,-33.879,224.59,35,159,-53.908
squeeze,EURAUD,forex,M15,BB20_2_sq125,2016,165,-62.842,105.15,32,165,-39.423
squeeze,EURAUD,forex,M15,BB20_2_sq125,2017,157,-45.343,231.61,30,157,-29.148
squeeze,EURAUD,forex,M15,BB20_2_sq125,2018,163,-20.354,190.31,50,163,-53.144
squeeze,EURAUD,forex,M15,BB20_2_sq125,2019,154,-75.926,182.94,26,154,-54.924
squeeze,EURAUD,forex,M15,BB20_2_sq125,2020,187,-46.965,188.24,42,187,1.1561
squeeze,EURAUD,forex,M15,BB20_2_sq125,2021,170,-26.498,209.48,44,170,-16.324
squeeze,EURAUD,forex,M15,BB20_2_sq125,2022,156,-56.857,110.27,29,156,5.9248
squeeze,EURAUD,forex,M15,BB20_2_sq125,2023,162,-69.499,161.17,35,162,-14.148
squeeze,EURAUD,forex,M15,BB20_2_sq125,2024,142,-43.794,210.89,29,142,-32.766
squeeze,EURAUD,forex,M15,BB20_2_sq125,2025,165,-66.476,247.47,40,165,-54.586
squeeze,EURAUD,forex,M15,BB20_2_sq125,2026,130,-87.74,316.12,26,130,-47.111
squeeze,EURAUD,forex,M30,BB20_2_sq125,2015,87,-13.494,59.552,21,87,-9.8753
squeeze,EURAUD,forex,M30,BB20_2_sq125,2016,97,-21.793,96.383,26,97,-9.3595
squeeze,EURAUD,forex,M30,BB20_2_sq125,2017,87,-15.362,93.18,21,87,-10.922
squeeze,EURAUD,forex,M30,BB20_2_sq125,2018,89,-15.593,60.501,24,89,-12.474
squeeze,EURAUD,forex,M30,BB20_2_sq125,2019,98,-28.998,90.862,30,98,-27.475
squeeze,EURAUD,forex,M30,BB20_2_sq125,2020,96,-1.5438,80.948,29,96,-8.8862
squeeze,EURAUD,forex,M30,BB20_2_sq125,2021,91,6.6303,91.151,32,91,-11.713
squeeze,EURAUD,forex,M30,BB20_2_sq125,2022,89,-16.98,56.017,26,89,7.8751
squeeze,EURAUD,forex,M30,BB20_2_sq125,2023,88,-2.6857,70.142,33,88,-3.5074
squeeze,EURAUD,forex,M30,BB20_2_sq125,2024,96,-5.3436,105.71,30,96,-17.586
squeeze,EURAUD,forex,M30,BB20_2_sq125,2025,84,-29.12,52.121,16,84,4.4668
squeeze,EURAUD,forex,M30,BB20_2_sq125,2026,69,-11.95,32.482,18,69,-8.2317
squeeze,EURAUD,forex,H1,BB20_2_sq125,2015,42,-1.6418,22.481,13,42,-11.013
squeeze,EURAUD,forex,H1,BB20_2_sq125,2016,47,-2.0423,39.018,17,47,-5.4123
squeeze,EURAUD,forex,H1,BB20_2_sq125,2017,38,-6.3753,28.924,8,38,1.0799
squeeze,EURAUD,forex,H1,BB20_2_sq125,2018,45,-13.984,38.01,8,45,7.5117
squeeze,EURAUD,forex,H1,BB20_2_sq125,2019,47,-8.7894,31.148,12,47,-3.7881
squeeze,EURAUD,forex,H1,BB20_2_sq125,2020,41,4.628,33.811,14,41,-3.0625
squeeze,EURAUD,forex,H1,BB20_2_sq125,2021,47,-6.086,37.987,12,47,7.4416
squeeze,EURAUD,forex,H1,BB20_2_sq125,2022,34,1.9239,27.171,14,34,-0.8622
squeeze,EURAUD,forex,H1,BB20_2_sq125,2023,41,-13.845,24.218,11,41,5.8282
squeeze,EURAUD,forex,H1,BB20_2_sq125,2024,42,-9.4936,17.542,9,42,-2.6491
squeeze,EURAUD,forex,H1,BB20_2_sq125,2025,56,-11.167,17.425,19,56,-4.2293
squeeze,EURAUD,forex,H1,BB20_2_sq125,2026,42,-8.7525,13.906,12,42,-7.0105
squeeze,EURAUD,forex,H4,BB20_2_sq125,2015,8,-2.1058,2.2332,1,8,0.041023
squeeze,EURAUD,forex,H4,BB20_2_sq125,2016,16,-1.7439,4.1386,5,16,-0.31801
squeeze,EURAUD,forex,H4,BB20_2_sq125,2017,14,-0.76756,3.4876,5,14,-4.4812
squeeze,EURAUD,forex,H4,BB20_2_sq125,2018,9,-2.0955,2.8957,3,9,-2.2193
squeeze,EURAUD,forex,H4,BB20_2_sq125,2019,12,-2.3096,4.1132,2,12,1.0164
squeeze,EURAUD,forex,H4,BB20_2_sq125,2020,9,2.4545,3.569,5,9,-3.3491
squeeze,EURAUD,forex,H4,BB20_2_sq125,2021,12,-2.2706,2.3659,2,12,1.616
squeeze,EURAUD,forex,H4,BB20_2_sq125,2022,11,-1.9223,3.9562,1,11,2.0215
squeeze,EURAUD,forex,H4,BB20_2_sq125,2023,15,0.076795,7.0899,5,15,-1.607
squeeze,EURAUD,forex,H4,BB20_2_sq125,2024,8,-1.6161,3.9235,2,8,-0.95412
squeeze,EURAUD,forex,H4,BB20_2_sq125,2025,8,-1.2017,2.0403,3,8,-0.085606
squeeze,EURAUD,forex,H4,BB20_2_sq125,2026,8,2.2378,7.6876,3,8,-2.9345
squeeze,EURAUD,forex,D1,BB20_2_sq125,2005,2,0.88272,0.55316,2,2,-1.3279
squeeze,EURAUD,forex,D1,BB20_2_sq125,2006,4,-1.7615,1.0218,0,4,1.5008
squeeze,EURAUD,forex,D1,BB20_2_sq125,2007,1,-0.25216,0.063585,0,1,0.20036
squeeze,EURAUD,forex,D1,BB20_2_sq125,2008,1,1.9554,3.8236,1,1,-1.0204
squeeze,EURAUD,forex,D1,BB20_2_sq125,2009,3,-0.43119,0.079908,0,3,0.29872
squeeze,EURAUD,forex,D1,BB20_2_sq125,2010,3,-0.14191,0.42246,1,3,-0.0056188
squeeze,EURAUD,forex,D1,BB20_2_sq125,2011,2,1.5122,1.1874,2,2,-2.0469
squeeze,EURAUD,forex,D1,BB20_2_sq125,2012,3,-0.45649,0.30855,1,3,0.29498
squeeze,EURAUD,forex,D1,BB20_2_sq125,2013,1,-0.077278,0.0059718,0,1,0.0060476
squeeze,EURAUD,forex,D1,BB20_2_sq125,2014,3,0.67759,1.2585,2,3,-0.82615
squeeze,EURAUD,forex,D1,BB20_2_sq125,2015,2,0.58129,0.21322,2,2,-0.80205
squeeze,EURAUD,forex,D1,BB20_2_sq125,2016,3,-0.13145,0.064353,1,3,-0.82912
squeeze,EURAUD,forex,D1,BB20_2_sq125,2017,2,-1.0925,1.024,0,2,1.718
squeeze,EURAUD,forex,D1,BB20_2_sq125,2018,3,0.22142,0.27123,2,3,-0.9557
squeeze,EURAUD,forex,D1,BB20_2_sq125,2019,5,-2.587,1.7233,0,5,1.6675
squeeze,EURAUD,forex,D1,BB20_2_sq125,2020,2,1.4128,3.963,1,2,-0.54045
squeeze,EURAUD,forex,D1,BB20_2_sq125,2021,2,-0.10169,0.23353,1,2,-0.030884
squeeze,EURAUD,forex,D1,BB20_2_sq125,2022,3,-1.4829,0.86757,0,3,1.3654
squeeze,EURAUD,forex,D1,BB20_2_sq125,2023,2,0.73166,0.58792,1,2,-1.0146
squeeze,EURAUD,forex,D1,BB20_2_sq125,2024,3,2.6538,11.445,1,3,-0.42996
squeeze,EURAUD,forex,D1,BB20_2_sq125,2025,2,-0.85014,1.207,1,2,-0.0066121
squeeze,EURAUD,forex,D1,BB20_2_sq125,2026,1,0.26092,0.068081,1,1,-1.011
squeeze,EURCAD,forex,M15,BB20_2_sq125,2015,139,-54.369,184.69,29,139,-76.975
squeeze,EURCAD,forex,M15,BB20_2_sq125,2016,175,-79.68,139.18,35,175,-47.988
squeeze,EURCAD,forex,M15,BB20_2_sq125,2017,156,-66.367,189.23,30,156,-52.368
squeeze,EURCAD,forex,M15,BB20_2_sq125,2018,157,-66.285,122.62,38,157,-42.098
squeeze,EURCAD,forex,M15,BB20_2_sq125,2019,157,-93.737,256.45,22,157,-70.421
squeeze,EURCAD,forex,M15,BB20_2_sq125,2020,161,-20.783,147.73,44,161,-19.192
squeeze,EURCAD,forex,M15,BB20_2_sq125,2021,150,-16.69,171.42,38,150,-21.393
squeeze,EURCAD,forex,M15,BB20_2_sq125,2022,160,-36.953,125.89,38,160,-26.223
squeeze,EURCAD,forex,M15,BB20_2_sq125,2023,152,-71.755,242.75,22,152,-25.583
squeeze,EURCAD,forex,M15,BB20_2_sq125,2024,170,-79.928,175.51,25,170,-58.484
squeeze,EURCAD,forex,M15,BB20_2_sq125,2025,161,-58.898,197.5,33,161,-42.898
squeeze,EURCAD,forex,M15,BB20_2_sq125,2026,126,-63.344,194.85,23,126,-44.327
squeeze,EURCAD,forex,M30,BB20_2_sq125,2015,89,-17.38,82.718,28,89,-20.726
squeeze,EURCAD,forex,M30,BB20_2_sq125,2016,97,-33.11,71.888,20,97,-14.216
squeeze,EURCAD,forex,M30,BB20_2_sq125,2017,86,-25.478,88.244,22,86,-16.227
squeeze,EURCAD,forex,M30,BB20_2_sq125,2018,101,-40.125,84.815,20,101,-9.8283
squeeze,EURCAD,forex,M30,BB20_2_sq125,2019,92,-18.473,151.67,22,92,-29.014
squeeze,EURCAD,forex,M30,BB20_2_sq125,2020,91,-16.683,72.498,25,91,1.779
squeeze,EURCAD,forex,M30,BB20_2_sq125,2021,93,-3.5394,65.472,31,93,-13.663
squeeze,EURCAD,forex,M30,BB20_2_sq125,2022,88,-13.842,92.862,23,88,-5.6193
squeeze,EURCAD,forex,M30,BB20_2_sq125,2023,88,-20.189,104.46,25,88,-8.6478
squeeze,EURCAD,forex,M30,BB20_2_sq125,2024,94,-49.314,86.039,15,94,-21.568
squeeze,EURCAD,forex,M30,BB20_2_sq125,2025,86,-21.909,110.46,18,86,-9.134
squeeze,EURCAD,forex,M30,BB20_2_sq125,2026,75,-26.891,36.637,17,75,-15.103
squeeze,EURCAD,forex,H1,BB20_2_sq125,2015,42,-8.2837,28.387,14,42,-4.462
squeeze,EURCAD,forex,H1,BB20_2_sq125,2016,44,1.0326,66.244,16,44,-9.8719
squeeze,EURCAD,forex,H1,BB20_2_sq125,2017,40,-14.244,30.303,9,40,8.9716
squeeze,EURCAD,forex,H1,BB20_2_sq125,2018,43,-7.4629,40.745,14,43,-6.2208
squeeze,EURCAD,forex,H1,BB20_2_sq125,2019,47,-15.575,48.783,10,47,-3.2761
squeeze,EURCAD,forex,H1,BB20_2_sq125,2020,41,-7.958,22.094,12,41,-2.9558
squeeze,EURCAD,forex,H1,BB20_2_sq125,2021,42,-10.484,40.072,8,42,3.5759
squeeze,EURCAD,forex,H1,BB20_2_sq125,2022,45,-11.962,19.258,11,45,4.9083
squeeze,EURCAD,forex,H1,BB20_2_sq125,2023,40,-1.3243,75.079,12,40,-3.1047
squeeze,EURCAD,forex,H1,BB20_2_sq125,2024,44,-10.707,82.69,10,44,1.209
squeeze,EURCAD,forex,H1,BB20_2_sq125,2025,52,-3.6204,60.983,17,52,-13.247
squeeze,EURCAD,forex,H1,BB20_2_sq125,2026,35,-4.1562,21.239,13,35,-6.1641
squeeze,EURCAD,forex,H4,BB20_2_sq125,2015,8,-1.6586,1.3425,2,8,-0.38791
squeeze,EURCAD,forex,H4,BB20_2_sq125,2016,12,-0.082526,2.2057,3,12,-2.5763
squeeze,EURCAD,forex,H4,BB20_2_sq125,2017,12,3.5558,18.754,5,12,-3.6267
squeeze,EURCAD,forex,H4,BB20_2_sq125,2018,10,-1.8442,3.6908,3,10,0.38844
squeeze,EURCAD,forex,H4,BB20_2_sq125,2019,12,-4.2881,6.9021,2,12,0.8321
squeeze,EURCAD,forex,H4,BB20_2_sq125,2020,8,-2.0353,3.6169,2,8,1.2503
squeeze,EURCAD,forex,H4,BB20_2_sq125,2021,11,-1.8283,2.5005,4,11,-1.2494
squeeze,EURCAD,forex,H4,BB20_2_sq125,2022,10,-1.9549,2.8636,4,10,-0.62904
squeeze,EURCAD,forex,H4,BB20_2_sq125,2023,14,0.66537,6.7905,5,14,-1.6602
squeeze,EURCAD,forex,H4,BB20_2_sq125,2024,10,-1.4039,4.1876,3,10,-0.005398
squeeze,EURCAD,forex,H4,BB20_2_sq125,2025,18,-0.48799,11.754,6,18,-0.25189
squeeze,EURCAD,forex,H4,BB20_2_sq125,2026,8,-3.6279,4.8217,1,8,0.058502
squeeze,EURCAD,forex,D1,BB20_2_sq125,2001,2,-0.22799,1.7647,1,2,-2.097
squeeze,EURCAD,forex,D1,BB20_2_sq125,2003,1,-0.19054,0.036304,0,1,0.13924
squeeze,EURCAD,forex,D1,BB20_2_sq125,2004,2,2.4604,7.6506,1,2,-2.0636
squeeze,EURCAD,forex,D1,BB20_2_sq125,2005,1,-0.11924,0.014218,0,1,0.073483
squeeze,EURCAD,forex,D1,BB20_2_sq125,2006,4,-0.61659,0.88975,1,4,0.041436
squeeze,EURCAD,forex,D1,BB20_2_sq125,2008,3,-1.1111,0.59265,0,3,0.98493
squeeze,EURCAD,forex,D1,BB20_2_sq125,2009,2,-0.63483,0.3027,0,2,-0.51994
squeeze,EURCAD,forex,D1,BB20_2_sq125,2010,4,-0.16044,0.83833,2,4,-0.48305
squeeze,EURCAD,forex,D1,BB20_2_sq125,2011,3,-1.2407,1.0746,0,3,0.83763
squeeze,EURCAD,forex,D1,BB20_2_sq125,2012,3,-0.26663,0.25653,1,3,0.11297
squeeze,EURCAD,forex,D1,BB20_2_sq125,2013,1,-0.37345,0.13946,0,1,0.32933
squeeze,EURCAD,forex,D1,BB20_2_sq125,2014,1,0.22922,0.052541,1,1,-0.29078
squeeze,EURCAD,forex,D1,BB20_2_sq125,2015,1,-0.46949,0.22042,0,1,0.4057
squeeze,EURCAD,forex,D1,BB20_2_sq125,2016,3,-0.56126,0.18383,1,3,0.41516
squeeze,EURCAD,forex,D1,BB20_2_sq125,2017,2,0.79521,0.48512,2,2,-0.88156
squeeze,EURCAD,forex,D1,BB20_2_sq125,2018,1,-0.28646,0.082059,0,1,0.22866
squeeze,EURCAD,forex,D1,BB20_2_sq125,2019,2,-0.81453,0.37203,0,2,0.63802
squeeze,EURCAD,forex,D1,BB20_2_sq125,2020,2,0.61768,0.54945,1,2,-0.9233
squeeze,EURCAD,forex,D1,BB20_2_sq125,2021,1,-1.0148,1.0298,0,1,1.0706
squeeze,EURCAD,forex,D1,BB20_2_sq125,2022,1,-0.10036,0.010073,0,1,0.041903
squeeze,EURCAD,forex,D1,BB20_2_sq125,2023,3,0.74841,0.63803,2,3,-1.0952
squeeze,EURCAD,forex,D1,BB20_2_sq125,2024,1,-0.1597,0.025505,0,1,0.09919
squeeze,EURCAD,forex,D1,BB20_2_sq125,2025,2,-1.0417,0.81292,0,2,0.92905
squeeze,EURCAD,forex,D1,BB20_2_sq125,2026,3,-0.45533,2.5791,1,3,0.40699
squeeze,EURCHF,forex,M15,BB20_2_sq125,2015,151,-135.46,274.39,17,151,-62.466
squeeze,EURCHF,forex,M15,BB20_2_sq125,2016,158,-141.67,337.5,16,158,-72.236
squeeze,EURCHF,forex,M15,BB20_2_sq125,2017,164,-163.04,291.05,19,164,-96.132
squeeze,EURCHF,forex,M15,BB20_2_sq125,2018,153,-96.183,180.07,18,153,-58.233
squeeze,EURCHF,forex,M15,BB20_2_sq125,2019,151,-74.415,286.33,32,151,-82.937
squeeze,EURCHF,forex,M15,BB20_2_sq125,2020,161,-58.409,438.67,32,161,-28.04
squeeze,EURCHF,forex,M15,BB20_2_sq125,2021,155,-80.255,656.43,31,155,-69.488
squeeze,EURCHF,forex,M15,BB20_2_sq125,2022,170,-68.289,200.99,36,170,-28.302
squeeze,EURCHF,forex,M15,BB20_2_sq125,2023,156,-91.67,173.65,26,156,-39.38
squeeze,EURCHF,forex,M15,BB20_2_sq125,2024,169,-92.191,176.52,31,169,-54.747
squeeze,EURCHF,forex,M15,BB20_2_sq125,2025,156,-96.594,268.58,29,156,-90.219
squeeze,EURCHF,forex,M15,BB20_2_sq125,2026,125,-95.384,365.96,28,125,-96.744
squeeze,EURCHF,forex,M30,BB20_2_sq125,2015,79,-30.939,191.99,14,79,-22.082
squeeze,EURCHF,forex,M30,BB20_2_sq125,2016,93,-56.834,147.48,14,93,-19.944
squeeze,EURCHF,forex,M30,BB20_2_sq125,2017,92,-62.176,109.71,16,92,-30.713
squeeze,EURCHF,forex,M30,BB20_2_sq125,2018,98,-43.218,133.83,18,98,-5.3807
squeeze,EURCHF,forex,M30,BB20_2_sq125,2019,88,-26.774,66.955,27,88,-37.107
squeeze,EURCHF,forex,M30,BB20_2_sq125,2020,95,-22.385,110.1,22,95,-3.4537
squeeze,EURCHF,forex,M30,BB20_2_sq125,2021,89,-9.2789,260.7,22,89,0.020552
squeeze,EURCHF,forex,M30,BB20_2_sq125,2022,85,-20.878,86.617,19,85,1.1507
squeeze,EURCHF,forex,M30,BB20_2_sq125,2023,85,-29.486,74.889,19,85,-12.373
squeeze,EURCHF,forex,M30,BB20_2_sq125,2024,93,-48.199,72.57,16,93,10.78
squeeze,EURCHF,forex,M30,BB20_2_sq125,2025,89,-41.3,81.212,15,89,-11.128
squeeze,EURCHF,forex,M30,BB20_2_sq125,2026,60,-21.554,36.054,14,60,-9.5305
squeeze,EURCHF,forex,H1,BB20_2_sq125,2015,44,3.1305,203.31,15,44,-12.249
squeeze,EURCHF,forex,H1,BB20_2_sq125,2016,46,-15.525,42.429,13,46,-3.5176
squeeze,EURCHF,forex,H1,BB20_2_sq125,2017,41,-9.6272,44.923,12,41,-8.3341
squeeze,EURCHF,forex,H1,BB20_2_sq125,2018,44,-12.643,33.16,12,44,-8.6788
squeeze,EURCHF,forex,H1,BB20_2_sq125,2019,43,-7.8355,36.303,15,43,-19.421
squeeze,EURCHF,forex,H1,BB20_2_sq125,2020,48,-25.442,22.785,3,48,8.993
squeeze,EURCHF,forex,H1,BB20_2_sq125,2021,56,-20.719,31.597,11,56,7.663
squeeze,EURCHF,forex,H1,BB20_2_sq125,2022,49,-9.0334,36.471,15,49,-2.2959
squeeze,EURCHF,forex,H1,BB20_2_sq125,2023,43,-12.717,67.784,10,43,0.41864
squeeze,EURCHF,forex,H1,BB20_2_sq125,2024,49,4.8846,124.83,20,49,-10.596
squeeze,EURCHF,forex,H1,BB20_2_sq125,2025,38,-5.9953,37.69,13,38,-4.873
squeeze,EURCHF,forex,H1,BB20_2_sq125,2026,38,-0.86975,65.336,14,38,-10.216
squeeze,EURCHF,forex,H4,BB20_2_sq125,2015,9,-2.0597,3.8144,1,9,0.030411
squeeze,EURCHF,forex,H4,BB20_2_sq125,2016,12,-3.194,5.8609,3,12,0.10076
squeeze,EURCHF,forex,H4,BB20_2_sq125,2017,12,-5.8996,4.7707,2,12,2.2948
squeeze,EURCHF,forex,H4,BB20_2_sq125,2018,12,4.576,9.542,5,12,-4.9119
squeeze,EURCHF,forex,H4,BB20_2_sq125,2019,13,-3.29,4.219,5,13,0.54828
squeeze,EURCHF,forex,H4,BB20_2_sq125,2020,17,-6.0908,9.8183,4,17,-0.46741
squeeze,EURCHF,forex,H4,BB20_2_sq125,2021,14,-2.0403,2.168,4,14,-0.63521
squeeze,EURCHF,forex,H4,BB20_2_sq125,2022,12,-0.95604,3.8305,5,12,0.22924
squeeze,EURCHF,forex,H4,BB20_2_sq125,2023,12,3.9963,19.477,8,12,-3.9306
squeeze,EURCHF,forex,H4,BB20_2_sq125,2024,12,1.9649,8.372,6,12,-1.9323
squeeze,EURCHF,forex,H4,BB20_2_sq125,2025,14,-5.6757,7.4693,2,14,-3.8162
squeeze,EURCHF,forex,H4,BB20_2_sq125,2026,7,-3.3129,2.6932,0,7,0.019319
squeeze,EURCHF,forex,D1,BB20_2_sq125,2000,1,0.21725,0.047197,1,1,-1.0716
squeeze,EURCHF,forex,D1,BB20_2_sq125,2001,1,-1.1065,1.2244,0,1,0.72263
squeeze,EURCHF,forex,D1,BB20_2_sq125,2002,3,2.3795,5.4019,2,3,-1.6091
squeeze,EURCHF,forex,D1,BB20_2_sq125,2003,2,1.6758,3.3779,1,2,-2.1493
squeeze,EURCHF,forex,D1,BB20_2_sq125,2004,1,-0.0026045,6.7833e-06,0,1,-0.074174
squeeze,EURCHF,forex,D1,BB20_2_sq125,2005,3,-0.10828,0.067173,1,3,-1.1925
squeeze,EURCHF,forex,D1,BB20_2_sq125,2006,3,-0.065881,0.15301,1,3,-1.1552
squeeze,EURCHF,forex,D1,BB20_2_sq125,2007,1,-0.32981,0.10878,0,1,0.21171
squeeze,EURCHF,forex,D1,BB20_2_sq125,2008,1,-0.28781,0.082833,0,1,0.21109
squeeze,EURCHF,forex,D1,BB20_2_sq125,2009,3,-1.1207,1.4103,1,3,-2.2387
squeeze,EURCHF,forex,D1,BB20_2_sq125,2011,3,0.20895,0.018281,3,3,-0.41217
squeeze,EURCHF,forex,D1,BB20_2_sq125,2012,4,-4.707,8.1303,0,4,-0.67503
squeeze,EURCHF,forex,D1,BB20_2_sq125,2013,1,0.58311,0.34001,1,1,-1.0535
squeeze,EURCHF,forex,D1,BB20_2_sq125,2014,2,-0.81053,0.3299,0,2,0.22428
squeeze,EURCHF,forex,D1,BB20_2_sq125,2016,2,-0.25775,0.058322,0,2,0.07377
squeeze,EURCHF,forex,D1,BB20_2_sq125,2017,2,-0.74456,0.37158,0,2,0.53804
squeeze,EURCHF,forex,D1,BB20_2_sq125,2018,1,2.7013,7.2971,1,1,-1.0072
squeeze,EURCHF,forex,D1,BB20_2_sq125,2019,3,1.7607,2.6426,2,3,-3.1055
squeeze,EURCHF,forex,D1,BB20_2_sq125,2020,2,-0.78835,1.0705,1,2,0.71652
squeeze,EURCHF,forex,D1,BB20_2_sq125,2021,2,-0.18814,0.13929,1,2,-0.71746
squeeze,EURCHF,forex,D1,BB20_2_sq125,2022,1,-0.26404,0.069715,0,1,0.2254
squeeze,EURCHF,forex,D1,BB20_2_sq125,2023,4,0.40326,0.15409,3,4,-0.81052
squeeze,EURCHF,forex,D1,BB20_2_sq125,2024,1,-0.26018,0.067692,0,1,-1.0169
squeeze,EURCHF,forex,D1,BB20_2_sq125,2025,4,-1.0838,1.8671,1,4,0.67985
squeeze,EURGBP,forex,M15,BB20_2_sq125,2015,157,-45.529,197.65,36,157,-55.254
squeeze,EURGBP,forex,M15,BB20_2_sq125,2016,163,-61.377,176.24,30,163,-34.743
squeeze,EURGBP,forex,M15,BB20_2_sq125,2017,154,-60.183,244.35,27,154,-22.38
squeeze,EURGBP,forex,M15,BB20_2_sq125,2018,141,-43.55,285.95,28,141,-28.757
squeeze,EURGBP,forex,M15,BB20_2_sq125,2019,163,-82.928,359.36,33,163,-58.716
squeeze,EURGBP,forex,M15,BB20_2_sq125,2020,155,-48.575,192.84,30,155,-19.483
squeeze,EURGBP,forex,M15,BB20_2_sq125,2021,152,-65.373,211.42,27,152,-47.874
squeeze,EURGBP,forex,M15,BB20_2_sq125,2022,147,-50.789,167.07,30,147,-2.5215
squeeze,EURGBP,forex,M15,BB20_2_sq125,2023,176,-91.141,165.62,30,176,-52.928
squeeze,EURGBP,forex,M15,BB20_2_sq125,2024,152,-63.833,484.31,26,152,-55.263
squeeze,EURGBP,forex,M15,BB20_2_sq125,2025,168,-84.213,292.54,29,168,-54.852
squeeze,EURGBP,forex,M15,BB20_2_sq125,2026,129,-52.259,276.6,23,129,-49.423
squeeze,EURGBP,forex,M30,BB20_2_sq125,2015,88,-20.933,118.06,21,88,-12.473
squeeze,EURGBP,forex,M30,BB20_2_sq125,2016,98,-17.21,92.462,28,98,-13.765
squeeze,EURGBP,forex,M30,BB20_2_sq125,2017,90,-13.679,111.1,24,90,-19.605
squeeze,EURGBP,forex,M30,BB20_2_sq125,2018,86,-13.54,215.85,20,86,-5.3966
squeeze,EURGBP,forex,M30,BB20_2_sq125,2019,84,-41.151,87.571,13,84,-0.89974
squeeze,EURGBP,forex,M30,BB20_2_sq125,2020,91,0.72163,185.23,27,91,-16.568
squeeze,EURGBP,forex,M30,BB20_2_sq125,2021,93,-33.676,138.48,21,93,-34.798
squeeze,EURGBP,forex,M30,BB20_2_sq125,2022,90,-41.263,45.181,12,90,-3.2549
squeeze,EURGBP,forex,M30,BB20_2_sq125,2023,87,-28.889,139.9,19,87,-12.199
squeeze,EURGBP,forex,M30,BB20_2_sq125,2024,94,-17.847,219.49,24,94,-19.778
squeeze,EURGBP,forex,M30,BB20_2_sq125,2025,89,-18.847,62.178,28,89,-20.626
squeeze,EURGBP,forex,M30,BB20_2_sq125,2026,65,-11.929,104.07,15,65,-10.861
squeeze,EURGBP,forex,H1,BB20_2_sq125,2015,48,-2.7936,56.018,16,48,-0.18947
squeeze,EURGBP,forex,H1,BB20_2_sq125,2016,49,-6.0085,33.45,12,49,-13.816
squeeze,EURGBP,forex,H1,BB20_2_sq125,2017,46,-10.481,17.7,11,46,-3.4924
squeeze,EURGBP,forex,H1,BB20_2_sq125,2018,42,-14.052,25.561,14,42,-0.20949
squeeze,EURGBP,forex,H1,BB20_2_sq125,2019,41,0.5923,148.18,11,41,-10.13
squeeze,EURGBP,forex,H1,BB20_2_sq125,2020,49,-5.4766,47.134,18,49,-5.8624
squeeze,EURGBP,forex,H1,BB20_2_sq125,2021,49,-16.271,63.331,12,49,-21.712
squeeze,EURGBP,forex,H1,BB20_2_sq125,2022,48,4.6853,48.884,19,48,-6.1864
squeeze,EURGBP,forex,H1,BB20_2_sq125,2023,36,-12.253,25.48,8,36,-5.0374
squeeze,EURGBP,forex,H1,BB20_2_sq125,2024,47,-20.691,48.684,9,47,9.7432
squeeze,EURGBP,forex,H1,BB20_2_sq125,2025,41,-12.982,50.864,8,41,-0.0093393
squeeze,EURGBP,forex,H1,BB20_2_sq125,2026,40,-12.084,35.887,8,40,-2.0637
squeeze,EURGBP,forex,H4,BB20_2_sq125,2015,10,-3.1315,2.9128,3,10,1.563
squeeze,EURGBP,forex,H4,BB20_2_sq125,2016,11,-2.8883,3.4619,3,11,-1.1836
squeeze,EURGBP,forex,H4,BB20_2_sq125,2017,13,-0.92822,2.746,5,13,-0.67526
squeeze,EURGBP,forex,H4,BB20_2_sq125,2018,13,-3.0606,3.8211,4,13,1.9318
squeeze,EURGBP,forex,H4,BB20_2_sq125,2019,13,-0.93872,2.4722,5,13,-3.0816
squeeze,EURGBP,forex,H4,BB20_2_sq125,2020,12,-0.017168,2.297,5,12,-3.4644
squeeze,EURGBP,forex,H4,BB20_2_sq125,2021,14,-4.6445,3.7429,2,14,-1.6479
squeeze,EURGBP,forex,H4,BB20_2_sq125,2022,12,-4.228,4.2125,3,12,2.1662
squeeze,EURGBP,forex,H4,BB20_2_sq125,2023,13,-2.9261,6.4633,2,13,1.237
squeeze,EURGBP,forex,H4,BB20_2_sq125,2024,13,-1.7144,5.026,5,13,-0.80547
squeeze,EURGBP,forex,H4,BB20_2_sq125,2025,11,-1.7082,3.264,4,11,-0.12648
squeeze,EURGBP,forex,H4,BB20_2_sq125,2026,8,4.4995,10.302,5,8,-3.9664
squeeze,EURGBP,forex,D1,BB20_2_sq125,2001,3,0.056847,0.49852,2,3,-0.92154
squeeze,EURGBP,forex,D1,BB20_2_sq125,2002,3,-1.4908,1.4454,1,3,1.2679
squeeze,EURGBP,forex,D1,BB20_2_sq125,2003,2,-0.18128,0.023627,0,2,0.010749
squeeze,EURGBP,forex,D1,BB20_2_sq125,2004,2,-0.38729,0.075178,0,2,0.29144
squeeze,EURGBP,forex,D1,BB20_2_sq125,2005,1,0.39335,0.15472,1,1,-0.46406
squeeze,EURGBP,forex,D1,BB20_2_sq125,2006,2,0.56365,1.6018,1,2,-0.53606
squeeze,EURGBP,forex,D1,BB20_2_sq125,2007,1,-0.069922,0.004889,0,1,-0.0074686
squeeze,EURGBP,forex,D1,BB20_2_sq125,2008,1,-0.24648,0.060754,0,1,0.17955
squeeze,EURGBP,forex,D1,BB20_2_sq125,2009,2,-0.55494,0.17868,0,2,0.42097
squeeze,EURGBP,forex,D1,BB20_2_sq125,2010,2,0.94319,1.4597,1,2,-0.8007
squeeze,EURGBP,forex,D1,BB20_2_sq125,2011,4,-0.40296,1.0638,2,4,0.21429
squeeze,EURGBP,forex,D1,BB20_2_sq125,2012,2,0.19417,0.11184,1,2,-0.35759
squeeze,EURGBP,forex,D1,BB20_2_sq125,2013,1,-0.29515,0.087115,0,1,0.23425
squeeze,EURGBP,forex,D1,BB20_2_sq125,2014,2,-0.55224,0.18633,0,2,0.34911
squeeze,EURGBP,forex,D1,BB20_2_sq125,2015,2,0.66994,1.0226,1,2,-0.78393
squeeze,EURGBP,forex,D1,BB20_2_sq125,2016,2,1.933,2.0364,2,2,-2.0236
squeeze,EURGBP,forex,D1,BB20_2_sq125,2017,2,-0.50744,0.343,1,2,0.42555
squeeze,EURGBP,forex,D1,BB20_2_sq125,2018,2,-0.32038,0.2041,1,2,0.25099
squeeze,EURGBP,forex,D1,BB20_2_sq125,2019,3,1.3626,1.2653,2,3,-1.5431
squeeze,EURGBP,forex,D1,BB20_2_sq125,2020,2,-0.033364,0.015975,1,2,-0.080711
squeeze,EURGBP,forex,D1,BB20_2_sq125,2021,2,-0.63253,0.40286,1,2,0.32035
squeeze,EURGBP,forex,D1,BB20_2_sq125,2022,2,1.0021,0.6153,2,2,-2.0208
squeeze,EURGBP,forex,D1,BB20_2_sq125,2023,5,-0.78554,0.30785,1,5,0.53144
squeeze,EURGBP,forex,D1,BB20_2_sq125,2024,2,-0.74435,0.281,0,2,0.5924
squeeze,EURGBP,forex,D1,BB20_2_sq125,2025,1,1.2537,1.5718,1,1,-1.0357
squeeze,EURGBP,forex,D1,BB20_2_sq125,2026,3,-0.045418,0.54056,1,3,-0.19894
squeeze,EURJPY,forex,M15,BB20_2_sq125,2015,180,-56.727,466.99,32,180,-12.809
squeeze,EURJPY,forex,M15,BB20_2_sq125,2016,176,-6.2281,234.69,57,176,-42.402
squeeze,EURJPY,forex,M15,BB20_2_sq125,2017,186,-41.089,157.01,49,186,-38.197
squeeze,EURJPY,forex,M15,BB20_2_sq125,2018,180,-54.388,127,46,180,-33.87
squeeze,EURJPY,forex,M15,BB20_2_sq125,2019,173,-50.826,227.91,37,173,-31.471
squeeze,EURJPY,forex,M15,BB20_2_sq125,2020,164,-46.478,154.41,40,164,-32.999
squeeze,EURJPY,forex,M15,BB20_2_sq125,2021,176,-71.183,206.64,37,176,-56.739
squeeze,EURJPY,forex,M15,BB20_2_sq125,2022,160,-25.185,111.67,52,160,-26.099
squeeze,EURJPY,forex,M15,BB20_2_sq125,2023,151,-44.132,290.28,40,151,-46.41
squeeze,EURJPY,forex,M15,BB20_2_sq125,2024,182,-37.566,466.34,47,182,-25.482
squeeze,EURJPY,forex,M15,BB20_2_sq125,2025,173,-62.147,253.57,45,173,-43.858
squeeze,EURJPY,forex,M15,BB20_2_sq125,2026,137,-66.823,238.27,28,137,-49.409
squeeze,EURJPY,forex,M30,BB20_2_sq125,2015,97,-22.985,42.971,23,97,-8.5237
squeeze,EURJPY,forex,M30,BB20_2_sq125,2016,93,-13.02,75.973,30,93,-7.5563
squeeze,EURJPY,forex,M30,BB20_2_sq125,2017,94,-23.211,51.505,22,94,-4.2458
squeeze,EURJPY,forex,M30,BB20_2_sq125,2018,90,-10.299,73.962,25,90,-8.7524
squeeze,EURJPY,forex,M30,BB20_2_sq125,2019,102,-15.919,59.102,34,102,-23.363
squeeze,EURJPY,forex,M30,BB20_2_sq125,2020,104,-14.276,124.59,27,104,-9.1068
squeeze,EURJPY,forex,M30,BB20_2_sq125,2021,87,-18.431,66.543,29,87,-28.098
squeeze,EURJPY,forex,M30,BB20_2_sq125,2022,83,-25.552,33.495,14,83,6.9247
squeeze,EURJPY,forex,M30,BB20_2_sq125,2023,95,-8.8781,63.728,31,95,-0.93877
squeeze,EURJPY,forex,M30,BB20_2_sq125,2024,95,-8.7639,120.01,27,95,-6.3199
squeeze,EURJPY,forex,M30,BB20_2_sq125,2025,85,-6.0952,93.008,26,85,-17.186
squeeze,EURJPY,forex,M30,BB20_2_sq125,2026,78,3.1775,265.95,17,78,-5.7824
squeeze,EURJPY,forex,H1,BB20_2_sq125,2015,52,-7.3955,22.49,18,52,-3.1629
squeeze,EURJPY,forex,H1,BB20_2_sq125,2016,44,-0.56452,38.257,15,44,-4.7318
squeeze,EURJPY,forex,H1,BB20_2_sq125,2017,40,-5.246,33.07,7,40,0.15726
squeeze,EURJPY,forex,H1,BB20_2_sq125,2018,42,4.7201,56.392,15,42,-3.4684
squeeze,EURJPY,forex,H1,BB20_2_sq125,2019,44,0.63424,40.313,17,44,-13.995
squeeze,EURJPY,forex,H1,BB20_2_sq125,2020,46,14.671,133.12,16,46,-14.318
squeeze,EURJPY,forex,H1,BB20_2_sq125,2021,47,-7.6821,30.664,15,47,-4.6283
squeeze,EURJPY,forex,H1,BB20_2_sq125,2022,40,5.3645,76.443,12,40,-0.1507
squeeze,EURJPY,forex,H1,BB20_2_sq125,2023,42,-4.2204,35.003,13,42,1.582
squeeze,EURJPY,forex,H1,BB20_2_sq125,2024,42,1.9901,47.664,15,42,8.3376
squeeze,EURJPY,forex,H1,BB20_2_sq125,2025,49,3.7614,69.426,17,49,-4.2098
squeeze,EURJPY,forex,H1,BB20_2_sq125,2026,34,8.7811,31.924,18,34,-11.657
squeeze,EURJPY,forex,H4,BB20_2_sq125,2015,12,0.27986,3.4059,6,12,-0.5676
squeeze,EURJPY,forex,H4,BB20_2_sq125,2016,11,2.5547,9.316,5,11,-3.2426
squeeze,EURJPY,forex,H4,BB20_2_sq125,2017,13,0.53428,4.8225,6,13,-1.1395
squeeze,EURJPY,forex,H4,BB20_2_sq125,2018,9,-0.10982,0.61219,3,9,-0.61678
squeeze,EURJPY,forex,H4,BB20_2_sq125,2019,11,2.1512,5.6471,7,11,-4.3729
squeeze,EURJPY,forex,H4,BB20_2_sq125,2020,11,0.6345,1.3106,5,11,-2.3125
squeeze,EURJPY,forex,H4,BB20_2_sq125,2021,11,2.3153,14.723,4,11,-5.0872
squeeze,EURJPY,forex,H4,BB20_2_sq125,2022,13,3.8922,19.243,4,13,1.1035
squeeze,EURJPY,forex,H4,BB20_2_sq125,2023,11,-2.2523,1.6607,4,11,-0.59946
squeeze,EURJPY,forex,H4,BB20_2_sq125,2024,11,-0.39266,8.2578,4,11,1.4696
squeeze,EURJPY,forex,H4,BB20_2_sq125,2025,8,-2.2269,2.728,2,8,0.88325
squeeze,EURJPY,forex,H4,BB20_2_sq125,2026,11,-0.52597,6.1202,5,11,-0.60919
squeeze,EURJPY,forex,D1,BB20_2_sq125,2001,3,-0.90462,0.28154,0,3,-0.46872
squeeze,EURJPY,forex,D1,BB20_2_sq125,2002,2,-0.13152,0.029691,1,2,0.0020453
squeeze,EURJPY,forex,D1,BB20_2_sq125,2004,2,-0.35832,0.067934,0,2,0.31284
squeeze,EURJPY,forex,D1,BB20_2_sq125,2005,1,1.2382,1.5332,1,1,-1.0075
squeeze,EURJPY,forex,D1,BB20_2_sq125,2006,5,-1.5669,1.129,0,5,1.2025
squeeze,EURJPY,forex,D1,BB20_2_sq125,2007,1,-0.83991,0.70545,0,1,-1.022
squeeze,EURJPY,forex,D1,BB20_2_sq125,2008,1,-0.38437,0.14774,0,1,0.34738
squeeze,EURJPY,forex,D1,BB20_2_sq125,2009,3,-0.43732,0.067445,0,3,0.39903
squeeze,EURJPY,forex,D1,BB20_2_sq125,2010,3,-0.95543,0.46911,0,3,0.88662
squeeze,EURJPY,forex,D1,BB20_2_sq125,2011,2,0.99757,1.0859,1,2,-0.9899
squeeze,EURJPY,forex,D1,BB20_2_sq125,2013,3,0.58034,0.30914,2,3,-1.3115
squeeze,EURJPY,forex,D1,BB20_2_sq125,2014,3,-0.63878,0.50345,1,3,-0.32939
squeeze,EURJPY,forex,D1,BB20_2_sq125,2015,2,0.60452,0.33024,2,2,-1.0829
squeeze,EURJPY,forex,D1,BB20_2_sq125,2016,2,-0.045313,0.35345,1,2,-0.62279
squeeze,EURJPY,forex,D1,BB20_2_sq125,2017,1,-1.0127,1.0255,0,1,0.90622
squeeze,EURJPY,forex,D1,BB20_2_sq125,2018,2,1.4995,1.1594,2,2,-2.0294
squeeze,EURJPY,forex,D1,BB20_2_sq125,2019,1,-0.36188,0.13095,0,1,-1.0112
squeeze,EURJPY,forex,D1,BB20_2_sq125,2020,3,-0.5188,1.4306,1,3,0.40914
squeeze,EURJPY,forex,D1,BB20_2_sq125,2022,1,0.44687,0.19969,1,1,-0.48696
squeeze,EURJPY,forex,D1,BB20_2_sq125,2023,3,1.4185,4.224,1,3,-0.48482
squeeze,EURJPY,forex,D1,BB20_2_sq125,2024,2,1.0105,1.4125,1,2,-0.90744
squeeze,EURJPY,forex,D1,BB20_2_sq125,2025,2,-0.14764,1.1466,1,2,0.019756
squeeze,EURJPY,forex,D1,BB20_2_sq125,2026,2,-1.1508,1.0681,0,2,1.6806
squeeze,EURNZD,forex,M15,BB20_2_sq125,2015,170,-81.344,359.62,27,170,-81.53
squeeze,EURNZD,forex,M15,BB20_2_sq125,2016,163,-116.6,168.56,21,163,-96.705
squeeze,EURNZD,forex,M15,BB20_2_sq125,2017,163,-154.87,370.53,13,163,-100.15
squeeze,EURNZD,forex,M15,BB20_2_sq125,2018,166,-99.878,222.25,22,166,-41.957
squeeze,EURNZD,forex,M15,BB20_2_sq125,2019,167,-133.31,415.63,22,167,-128.64
squeeze,EURNZD,forex,M15,BB20_2_sq125,2020,175,-25.892,117.43,53,175,-23.675
squeeze,EURNZD,forex,M15,BB20_2_sq125,2021,183,-58.498,160.56,39,183,-5.9378
squeeze,EURNZD,forex,M15,BB20_2_sq125,2022,165,-64.315,132.5,29,165,-7.2362
squeeze,EURNZD,forex,M15,BB20_2_sq125,2023,161,-68.924,150.05,33,161,-20.712
squeeze,EURNZD,forex,M15,BB20_2_sq125,2024,159,-57.978,225.71,38,159,-47.009
squeeze,EURNZD,forex,M15,BB20_2_sq125,2025,166,-87.254,425.64,40,166,-74.015
squeeze,EURNZD,forex,M15,BB20_2_sq125,2026,131,-122,339.25,19,131,-59.253
squeeze,EURNZD,forex,M30,BB20_2_sq125,2015,88,-14.988,168.98,18,88,-26.703
squeeze,EURNZD,forex,M30,BB20_2_sq125,2016,93,-59.151,68.086,8,93,-27.245
squeeze,EURNZD,forex,M30,BB20_2_sq125,2017,90,-51.08,83.284,14,90,-42.527
squeeze,EURNZD,forex,M30,BB20_2_sq125,2018,87,-32.059,69.825,19,87,-14.022
squeeze,EURNZD,forex,M30,BB20_2_sq125,2019,81,-31.205,71.661,18,81,-39.874
squeeze,EURNZD,forex,M30,BB20_2_sq125,2020,94,-10.169,62.334,28,94,-2.0912
squeeze,EURNZD,forex,M30,BB20_2_sq125,2021,86,-10.876,55.526,28,86,-2.3776
squeeze,EURNZD,forex,M30,BB20_2_sq125,2022,97,-2.935,54.375,40,97,-24.343
squeeze,EURNZD,forex,M30,BB20_2_sq125,2023,90,-10.136,68.455,28,90,-6.8547
squeeze,EURNZD,forex,M30,BB20_2_sq125,2024,88,-19.947,72.923,22,88,-19.956
squeeze,EURNZD,forex,M30,BB20_2_sq125,2025,96,-3.8427,79.231,33,96,-9.7656
squeeze,EURNZD,forex,M30,BB20_2_sq125,2026,72,-23.313,92.558,21,72,-11.676
squeeze,EURNZD,forex,H1,BB20_2_sq125,2015,44,-3.0272,34.834,13,44,-9.4992
squeeze,EURNZD,forex,H1,BB20_2_sq125,2016,48,-13.267,28.756,11,48,-12.254
squeeze,EURNZD,forex,H1,BB20_2_sq125,2017,50,-22.867,44.303,8,50,-6.0844
squeeze,EURNZD,forex,H1,BB20_2_sq125,2018,47,-17.434,29.676,9,47,0.87007
squeeze,EURNZD,forex,H1,BB20_2_sq125,2019,43,-4.4224,29.198,12,43,-21.008
squeeze,EURNZD,forex,H1,BB20_2_sq125,2020,45,-5.8532,30.741,12,45,-0.20872
squeeze,EURNZD,forex,H1,BB20_2_sq125,2021,52,4.7471,72.781,22,52,-4.1732
squeeze,EURNZD,forex,H1,BB20_2_sq125,2022,42,-8.109,21.712,13,42,-0.66021
squeeze,EURNZD,forex,H1,BB20_2_sq125,2023,44,-4.7819,24.409,13,44,-0.35413
squeeze,EURNZD,forex,H1,BB20_2_sq125,2024,42,-8.4621,36.965,12,42,-0.98648
squeeze,EURNZD,forex,H1,BB20_2_sq125,2025,41,-3.6167,26.775,13,41,-3.6017
squeeze,EURNZD,forex,H1,BB20_2_sq125,2026,34,-7.3534,13.268,8,34,-6.2591
squeeze,EURNZD,forex,H4,BB20_2_sq125,2015,8,3.6261,19.289,4,8,-3.0278
squeeze,EURNZD,forex,H4,BB20_2_sq125,2016,14,-10.816,33.052,2,14,-4.2741
squeeze,EURNZD,forex,H4,BB20_2_sq125,2017,12,-2.6603,6.0098,3,12,-1.636
squeeze,EURNZD,forex,H4,BB20_2_sq125,2018,9,-1.0966,3.2836,3,9,-0.66218
squeeze,EURNZD,forex,H4,BB20_2_sq125,2019,13,-1.9329,3.4278,4,13,-1.908
squeeze,EURNZD,forex,H4,BB20_2_sq125,2020,8,0.76875,5.2255,3,8,-3.1634
squeeze,EURNZD,forex,H4,BB20_2_sq125,2021,12,1.7013,6.6095,6,12,-1.9905
squeeze,EURNZD,forex,H4,BB20_2_sq125,2022,10,-0.10859,4.4427,4,10,-0.40139
squeeze,EURNZD,forex,H4,BB20_2_sq125,2023,9,0.28935,1.4174,6,9,-2.4538
squeeze,EURNZD,forex,H4,BB20_2_sq125,2024,11,-0.3004,5.8473,5,11,-1.7349
squeeze,EURNZD,forex,H4,BB20_2_sq125,2025,11,-1.5432,2.626,5,11,-0.65124
squeeze,EURNZD,forex,H4,BB20_2_sq125,2026,10,-2.3575,15.51,1,10,2.8164
squeeze,EURNZD,forex,D1,BB20_2_sq125,2000,1,-0.18276,0.0334,0,1,0.10372
squeeze,EURNZD,forex,D1,BB20_2_sq125,2001,1,-0.53912,0.29065,0,1,0.44753
squeeze,EURNZD,forex,D1,BB20_2_sq125,2002,2,-1.407,1.2005,0,2,-0.65346
squeeze,EURNZD,forex,D1,BB20_2_sq125,2003,2,3.1556,7.3722,2,2,-2.1852
squeeze,EURNZD,forex,D1,BB20_2_sq125,2004,2,0.077989,0.080451,1,2,-0.27081
squeeze,EURNZD,forex,D1,BB20_2_sq125,2005,2,1.0093,0.73265,2,2,-1.2981
squeeze,EURNZD,forex,D1,BB20_2_sq125,2006,2,-0.5015,0.12614,0,2,0.33449
squeeze,EURNZD,forex,D1,BB20_2_sq125,2008,1,0.14156,0.020038,1,1,-0.24819
squeeze,EURNZD,forex,D1,BB20_2_sq125,2009,1,-0.46889,0.21986,0,1,0.37458
squeeze,EURNZD,forex,D1,BB20_2_sq125,2010,6,1.1549,3.941,3,6,-1.2193
squeeze,EURNZD,forex,D1,BB20_2_sq125,2011,2,0.47402,0.92935,1,2,-0.76788
squeeze,EURNZD,forex,D1,BB20_2_sq125,2012,1,-0.23183,0.053745,0,1,0.12786
squeeze,EURNZD,forex,D1,BB20_2_sq125,2013,3,-1.1469,0.44624,0,3,0.8324
squeeze,EURNZD,forex,D1,BB20_2_sq125,2014,4,-1.8084,1.5435,0,4,1.1191
squeeze,EURNZD,forex,D1,BB20_2_sq125,2015,1,-0.58897,0.34689,0,1,0.47248
squeeze,EURNZD,forex,D1,BB20_2_sq125,2016,3,0.47089,0.58753,2,3,-1.9562
squeeze,EURNZD,forex,D1,BB20_2_sq125,2017,1,3.4541,11.931,1,1,-1.0724
squeeze,EURNZD,forex,D1,BB20_2_sq125,2018,3,-0.89265,0.50202,1,3,0.75595
squeeze,EURNZD,forex,D1,BB20_2_sq125,2019,2,-0.7408,0.43502,0,2,0.51191
squeeze,EURNZD,forex,D1,BB20_2_sq125,2020,3,-0.68033,0.61985,1,3,-0.40227
squeeze,EURNZD,forex,D1,BB20_2_sq125,2023,2,-0.54495,0.15304,0,2,0.49352
squeeze,EURNZD,forex,D1,BB20_2_sq125,2024,3,-0.17088,0.51509,2,3,-0.58758
squeeze,EURNZD,forex,D1,BB20_2_sq125,2025,1,0.47689,0.22742,1,1,-0.54805
squeeze,EURNZD,forex,D1,BB20_2_sq125,2026,4,-0.78518,0.32525,1,4,-0.2437
squeeze,EURUSD,forex,M15,BB20_2_sq125,2015,145,-40.621,135.67,28,145,-22.253
squeeze,EURUSD,forex,M15,BB20_2_sq125,2016,161,-64.052,102.1,36,161,-18.438
squeeze,EURUSD,forex,M15,BB20_2_sq125,2017,159,-67.035,95.852,27,159,-19.846
squeeze,EURUSD,forex,M15,BB20_2_sq125,2018,151,-45.308,119.52,37,151,-21.17
squeeze,EURUSD,forex,M15,BB20_2_sq125,2019,157,-49.305,364.14,26,157,-36.174
squeeze,EURUSD,forex,M15,BB20_2_sq125,2020,149,-79.406,230.75,27,149,-78.965
squeeze,EURUSD,forex,M15,BB20_2_sq125,2021,154,-105.29,389.93,26,154,-127.06
squeeze,EURUSD,forex,M15,BB20_2_sq125,2022,148,-18.927,103.43,36,148,-12.831
squeeze,EURUSD,forex,M15,BB20_2_sq125,2023,161,-44.906,752.01,44,161,-50.658
squeeze,EURUSD,forex,M15,BB20_2_sq125,2024,162,-34.505,198.09,39,162,-16.37
squeeze,EURUSD,forex,M15,BB20_2_sq125,2025,159,-24.444,117.67,45,159,-24.509
squeeze,EURUSD,forex,M15,BB20_2_sq125,2026,123,-49.624,142.35,30,123,0.32583
squeeze,EURUSD,forex,M30,BB20_2_sq125,2015,89,-13.114,65.695,21,89,0.21872
squeeze,EURUSD,forex,M30,BB20_2_sq125,2016,90,-8.2378,132.29,24,90,-15.464
squeeze,EURUSD,forex,M30,BB20_2_sq125,2017,88,-16.565,101.93,26,88,-8.3179
squeeze,EURUSD,forex,M30,BB20_2_sq125,2018,89,-23.136,63.407,20,89,-2.9332
squeeze,EURUSD,forex,M30,BB20_2_sq125,2019,90,-26.509,130.77,18,90,-9.8193
squeeze,EURUSD,forex,M30,BB20_2_sq125,2020,93,-41.659,93.722,18,93,-25.409
squeeze,EURUSD,forex,M30,BB20_2_sq125,2021,85,-45.825,92.594,20,85,-47.709
squeeze,EURUSD,forex,M30,BB20_2_sq125,2022,88,-2.4155,58.614,30,88,-14.743
squeeze,EURUSD,forex,M30,BB20_2_sq125,2023,98,-21.91,122.89,22,98,-3.7352
squeeze,EURUSD,forex,M30,BB20_2_sq125,2024,92,-3.2491,121.83,25,92,-13.366
squeeze,EURUSD,forex,M30,BB20_2_sq125,2025,90,-15.973,46.3,23,90,-7.7957
squeeze,EURUSD,forex,M30,BB20_2_sq125,2026,73,-1.8708,60.743,26,73,-9.9001
squeeze,EURUSD,forex,H1,BB20_2_sq125,2015,44,3.7209,166.57,12,44,-3.1099
squeeze,EURUSD,forex,H1,BB20_2_sq125,2016,46,4.9101,129.37,14,46,-8.0989
squeeze,EURUSD,forex,H1,BB20_2_sq125,2017,46,-6.5622,22.834,14,46,1.3582
squeeze,EURUSD,forex,H1,BB20_2_sq125,2018,43,-4.8884,21.371,14,43,-6.8201
squeeze,EURUSD,forex,H1,BB20_2_sq125,2019,45,-1.9744,71.142,10,45,-4.8541
squeeze,EURUSD,forex,H1,BB20_2_sq125,2020,48,-7.2496,39.146,19,48,-10.739
squeeze,EURUSD,forex,H1,BB20_2_sq125,2021,54,-18.264,57.691,10,54,-16.126
squeeze,EURUSD,forex,H1,BB20_2_sq125,2022,45,0.7537,35.837,20,45,-5.3881
squeeze,EURUSD,forex,H1,BB20_2_sq125,2023,41,-5.415,48.029,9,41,6.8241
squeeze,EURUSD,forex,H1,BB20_2_sq125,2024,44,-4.0765,36.562,14,44,-3.3254
squeeze,EURUSD,forex,H1,BB20_2_sq125,2025,42,-1.108,25.167,17,42,-2.342
squeeze,EURUSD,forex,H1,BB20_2_sq125,2026,37,0.32918,21.073,12,37,-3.3212
squeeze,EURUSD,forex,H4,BB20_2_sq125,2015,12,6.487,42.025,6,12,-2.5132
squeeze,EURUSD,forex,H4,BB20_2_sq125,2016,12,-2.7341,3.7805,4,12,2.2638
squeeze,EURUSD,forex,H4,BB20_2_sq125,2017,11,-0.30951,1.6667,4,11,-1.6269
squeeze,EURUSD,forex,H4,BB20_2_sq125,2018,9,3.0935,3.2415,7,9,-3.8335
squeeze,EURUSD,forex,H4,BB20_2_sq125,2019,12,-3.8164,6.7608,4,12,-4.1521
squeeze,EURUSD,forex,H4,BB20_2_sq125,2020,8,-1.2103,2.0305,3,8,-0.25083
squeeze,EURUSD,forex,H4,BB20_2_sq125,2021,12,0.30996,1.9394,6,12,-4.8939
squeeze,EURUSD,forex,H4,BB20_2_sq125,2022,11,-4.2419,4.1963,3,11,3.8808
squeeze,EURUSD,forex,H4,BB20_2_sq125,2023,10,0.26262,1.9237,5,10,-1.2725
squeeze,EURUSD,forex,H4,BB20_2_sq125,2024,13,3.0389,7.209,6,13,-2.7787
squeeze,EURUSD,forex,H4,BB20_2_sq125,2025,9,2.1199,7.5268,4,9,-1.9165
squeeze,EURUSD,forex,H4,BB20_2_sq125,2026,9,-1.006,6.4931,3,9,0.013251
squeeze,EURUSD,forex,D1,BB20_2_sq125,2001,2,-0.72599,0.36242,0,2,0.68165
squeeze,EURUSD,forex,D1,BB20_2_sq125,2002,2,-0.97177,0.7212,0,2,0.91219
squeeze,EURUSD,forex,D1,BB20_2_sq125,2003,1,-0.12344,0.015237,0,1,0.10667
squeeze,EURUSD,forex,D1,BB20_2_sq125,2004,6,1.751,3.8057,3,6,-1.1599
squeeze,EURUSD,forex,D1,BB20_2_sq125,2005,3,-0.015935,0.086273,2,3,-0.093088
squeeze,EURUSD,forex,D1,BB20_2_sq125,2006,2,-0.0028745,0.13295,1,2,-0.11145
squeeze,EURUSD,forex,D1,BB20_2_sq125,2008,2,-0.45069,0.34558,1,2,0.38323
squeeze,EURUSD,forex,D1,BB20_2_sq125,2009,5,2.1585,3.974,3,5,-1.4053
squeeze,EURUSD,forex,D1,BB20_2_sq125,2010,1,-0.39235,0.15394,0,1,0.36094
squeeze,EURUSD,forex,D1,BB20_2_sq125,2011,2,0.55418,0.40471,1,2,-0.6213
squeeze,EURUSD,forex,D1,BB20_2_sq125,2012,2,2.1485,4.2557,2,2,-1.1639
squeeze,EURUSD,forex,D1,BB20_2_sq125,2013,3,-0.55949,0.29016,1,3,0.43384
squeeze,EURUSD,forex,D1,BB20_2_sq125,2014,1,-0.23058,0.053165,0,1,0.14642
squeeze,EURUSD,forex,D1,BB20_2_sq125,2016,4,0.41088,0.84383,1,4,-0.67047
squeeze,EURUSD,forex,D1,BB20_2_sq125,2017,1,0.13864,0.019222,1,1,-0.20575
squeeze,EURUSD,forex,D1,BB20_2_sq125,2018,2,-1.0271,0.78182,0,2,0.92404
squeeze,EURUSD,forex,D1,BB20_2_sq125,2019,3,-0.00054399,0.011345,2,3,-0.15633
squeeze,EURUSD,forex,D1,BB20_2_sq125,2020,2,0.64627,0.2134,2,2,-1.5024
squeeze,EURUSD,forex,D1,BB20_2_sq125,2021,1,-0.25661,0.065848,0,1,0.086099
squeeze,EURUSD,forex,D1,BB20_2_sq125,2022,2,0.012991,2.0822,1,2,0.16163
squeeze,EURUSD,forex,D1,BB20_2_sq125,2023,3,0.51814,0.53561,2,3,-0.62095
squeeze,EURUSD,forex,D1,BB20_2_sq125,2024,1,-1.0093,1.0187,0,1,0.47435
squeeze,EURUSD,forex,D1,BB20_2_sq125,2025,1,-0.64359,0.41421,0,1,0.61364
squeeze,EURUSD,forex,D1,BB20_2_sq125,2026,2,-0.5552,0.17619,0,2,0.50004
squeeze,FRA40.cash,index,M5,BB20_2_sq125,2021,176,-215.3,769.75,24,176,-219.83
squeeze,FRA40.cash,index,M5,BB20_2_sq125,2022,575,-601.7,1387.2,80,575,-627.01
squeeze,FRA40.cash,index,M5,BB20_2_sq125,2023,613,-997.56,3223.8,59,613,-971.74
squeeze,FRA40.cash,index,M5,BB20_2_sq125,2024,581,-930.62,3441.7,68,581,-936.19
squeeze,FRA40.cash,index,M5,BB20_2_sq125,2025,313,-127.33,339.9,61,313,-88.677
squeeze,FRA40.cash,index,M5,BB20_2_sq125,2026,239,-61.959,414.63,51,239,-58.947
squeeze,FRA40.cash,index,M15,BB20_2_sq125,2021,55,-44.188,141.04,4,55,-38.042
squeeze,FRA40.cash,index,M15,BB20_2_sq125,2022,157,-90.152,196.89,29,157,-99.289
squeeze,FRA40.cash,index,M15,BB20_2_sq125,2023,156,-88.189,489.95,30,156,-149.76
squeeze,FRA40.cash,index,M15,BB20_2_sq125,2024,144,-146.23,320.05,16,144,-139.88
squeeze,FRA40.cash,index,M15,BB20_2_sq125,2025,110,-16.954,67.397,33,110,-14.652
squeeze,FRA40.cash,index,M15,BB20_2_sq125,2026,82,-6.6998,86.668,24,82,-15.715
squeeze,FRA40.cash,index,M30,BB20_2_sq125,2021,29,-14.006,43.205,5,29,-7.8376
squeeze,FRA40.cash,index,M30,BB20_2_sq125,2022,88,-14.889,91.776,22,88,-11.973
squeeze,FRA40.cash,index,M30,BB20_2_sq125,2023,88,-0.13188,271.68,22,88,-37.66
squeeze,FRA40.cash,index,M30,BB20_2_sq125,2024,78,-23.072,137.27,14,78,-9.4949
squeeze,FRA40.cash,index,M30,BB20_2_sq125,2025,53,-15.244,42.354,13,53,4.732
squeeze,FRA40.cash,index,M30,BB20_2_sq125,2026,38,-2.7048,22.158,12,38,-4.4833
squeeze,FRA40.cash,index,H1,BB20_2_sq125,2021,13,2.527,7.9684,7,13,-3.4306
squeeze,FRA40.cash,index,H1,BB20_2_sq125,2022,37,-5.866,29.378,10,37,-0.9586
squeeze,FRA40.cash,index,H1,BB20_2_sq125,2023,43,-3.4458,20.373,16,43,-6.3886
squeeze,FRA40.cash,index,H1,BB20_2_sq125,2024,44,-14.966,24.54,12,44,4.0929
squeeze,FRA40.cash,index,H1,BB20_2_sq125,2025,26,-5.5831,12.075,6,26,-2.4345
squeeze,FRA40.cash,index,H1,BB20_2_sq125,2026,20,-1.1122,10.42,7,20,-2.2886
squeeze,FRA40.cash,index,H4,BB20_2_sq125,2021,4,0.10676,0.043596,3,4,-1.2182
squeeze,FRA40.cash,index,H4,BB20_2_sq125,2022,11,-1.4062,3.7686,4,11,1.3047
squeeze,FRA40.cash,index,H4,BB20_2_sq125,2023,12,-4.5133,2.8908,0,12,2.1398
squeeze,FRA40.cash,index,H4,BB20_2_sq125,2024,8,-3.1878,2.4236,1,8,-0.32075
squeeze,FRA40.cash,index,H4,BB20_2_sq125,2025,8,0.2193,1.3501,3,8,-2.8123
squeeze,FRA40.cash,index,H4,BB20_2_sq125,2026,7,1.1329,2.951,4,7,-1.9717
squeeze,FRA40.cash,index,D1,BB20_2_sq125,2019,3,3.6996,13.955,2,3,-1.02
squeeze,FRA40.cash,index,D1,BB20_2_sq125,2020,2,0.13477,0.22063,1,2,-0.19363
squeeze,FRA40.cash,index,D1,BB20_2_sq125,2021,2,-0.23719,0.25608,1,2,-0.5828
squeeze,FRA40.cash,index,D1,BB20_2_sq125,2022,2,-0.11029,0.23827,1,2,0.050908
squeeze,FRA40.cash,index,D1,BB20_2_sq125,2024,4,-0.48995,0.14925,1,4,0.33544
squeeze,FRA40.cash,index,D1,BB20_2_sq125,2025,2,-0.31268,0.059183,0,2,-1.008
squeeze,FRA40.cash,index,D1,BB20_2_sq125,2026,2,0.48171,0.55329,1,2,-0.60234
squeeze,GBPAUD,forex,M15,BB20_2_sq125,2015,183,-90.614,153.19,30,183,-66.256
squeeze,GBPAUD,forex,M15,BB20_2_sq125,2016,168,-59.124,188.15,29,168,-42.166
squeeze,GBPAUD,forex,M15,BB20_2_sq125,2017,151,-83.906,271.68,26,151,-61.806
squeeze,GBPAUD,forex,M15,BB20_2_sq125,2018,156,-56.13,133.92,35,156,-32.147
squeeze,GBPAUD,forex,M15,BB20_2_sq125,2019,152,-73.049,150.45,32,152,-45.12
squeeze,GBPAUD,forex,M15,BB20_2_sq125,2020,161,-47.381,146.06,35,161,-1.0866
squeeze,GBPAUD,forex,M15,BB20_2_sq125,2021,165,-49.259,134.04,35,165,-15.83
squeeze,GBPAUD,forex,M15,BB20_2_sq125,2022,157,-102.31,1865.7,34,157,-41.118
squeeze,GBPAUD,forex,M15,BB20_2_sq125,2023,152,-58.948,200.05,33,152,-21.008
squeeze,GBPAUD,forex,M15,BB20_2_sq125,2024,168,-77.985,178.26,41,168,-58.309
squeeze,GBPAUD,forex,M15,BB20_2_sq125,2025,164,-113.97,345.57,33,164,-75.706
squeeze,GBPAUD,forex,M15,BB20_2_sq125,2026,126,-81.423,209.18,23,126,-58.589
squeeze,GBPAUD,forex,M30,BB20_2_sq125,2015,92,-18.289,117.93,24,92,-25.338
squeeze,GBPAUD,forex,M30,BB20_2_sq125,2016,83,-30.196,38.738,17,83,-5.3996
squeeze,GBPAUD,forex,M30,BB20_2_sq125,2017,90,-38.823,50.68,13,90,-7.7404
squeeze,GBPAUD,forex,M30,BB20_2_sq125,2018,82,-13.193,67.492,18,82,0.25024
squeeze,GBPAUD,forex,M30,BB20_2_sq125,2019,83,-29.417,80.428,17,83,-12.453
squeeze,GBPAUD,forex,M30,BB20_2_sq125,2020,84,-19.384,41.475,22,84,8.3091
squeeze,GBPAUD,forex,M30,BB20_2_sq125,2021,90,-10.233,53.554,26,90,-16.282
squeeze,GBPAUD,forex,M30,BB20_2_sq125,2022,80,-6.4202,60.497,23,80,-1.9561
squeeze,GBPAUD,forex,M30,BB20_2_sq125,2023,87,-0.94598,87.681,28,87,-13.049
squeeze,GBPAUD,forex,M30,BB20_2_sq125,2024,91,-2.1995,180.68,25,91,-26.78
squeeze,GBPAUD,forex,M30,BB20_2_sq125,2025,90,-33.837,46.058,15,90,-5.3348
squeeze,GBPAUD,forex,M30,BB20_2_sq125,2026,75,-18.385,83.87,19,75,-5.6765
squeeze,GBPAUD,forex,H1,BB20_2_sq125,2015,45,9.3963,106.84,20,45,-13.592
squeeze,GBPAUD,forex,H1,BB20_2_sq125,2016,36,-3.6555,24.391,9,36,-7.2388
squeeze,GBPAUD,forex,H1,BB20_2_sq125,2017,49,1.8622,65.499,17,49,-9.6532
squeeze,GBPAUD,forex,H1,BB20_2_sq125,2018,35,-5.3086,16.013,11,35,-3.147
squeeze,GBPAUD,forex,H1,BB20_2_sq125,2019,46,-5.602,37.379,13,46,-9.1569
squeeze,GBPAUD,forex,H1,BB20_2_sq125,2020,44,-4.2033,69.078,12,44,6.3256
squeeze,GBPAUD,forex,H1,BB20_2_sq125,2021,45,8.5083,36.591,21,45,-7.1498
squeeze,GBPAUD,forex,H1,BB20_2_sq125,2022,41,2.0962,85.816,14,41,0.56757
squeeze,GBPAUD,forex,H1,BB20_2_sq125,2023,49,-4.9952,67.849,15,49,4.2248
squeeze,GBPAUD,forex,H1,BB20_2_sq125,2024,41,-3.2722,28.271,12,41,-3.7654
squeeze,GBPAUD,forex,H1,BB20_2_sq125,2025,58,-6.0286,47.427,17,58,-6.9444
squeeze,GBPAUD,forex,H1,BB20_2_sq125,2026,34,-4.681,19.417,11,34,-3.0253
squeeze,GBPAUD,forex,H4,BB20_2_sq125,2015,10,-0.63966,3.0513,4,10,-2.3997
squeeze,GBPAUD,forex,H4,BB20_2_sq125,2016,13,-5.3243,6.4452,2,13,-2.2122
squeeze,GBPAUD,forex,H4,BB20_2_sq125,2017,10,-1.4087,8.3306,3,10,-1.0315
squeeze,GBPAUD,forex,H4,BB20_2_sq125,2018,10,0.074825,1.874,4,10,-1.3271
squeeze,GBPAUD,forex,H4,BB20_2_sq125,2019,17,-5.0951,7.7726,4,17,1.5535
squeeze,GBPAUD,forex,H4,BB20_2_sq125,2020,8,-0.46455,0.28133,4,8,-0.26004
squeeze,GBPAUD,forex,H4,BB20_2_sq125,2021,10,0.89161,12.741,4,10,-1.0997
squeeze,GBPAUD,forex,H4,BB20_2_sq125,2022,10,4.0589,6.737,7,10,-5.2898
squeeze,GBPAUD,forex,H4,BB20_2_sq125,2023,14,-4.3994,4.0449,4,14,2.711
squeeze,GBPAUD,forex,H4,BB20_2_sq125,2024,13,-3.7048,5.1196,2,13,0.58358
squeeze,GBPAUD,forex,H4,BB20_2_sq125,2025,9,0.1564,1.8389,5,9,-1.8797
squeeze,GBPAUD,forex,H4,BB20_2_sq125,2026,7,0.67307,5.4331,2,7,-3.9437
squeeze,GBPAUD,forex,D1,BB20_2_sq125,2008,2,-0.15683,0.044969,1,2,0.069189
squeeze,GBPAUD,forex,D1,BB20_2_sq125,2009,4,-1.2892,0.73442,0,4,1.0969
squeeze,GBPAUD,forex,D1,BB20_2_sq125,2010,2,1.4063,3.4353,1,2,-0.68414
squeeze,GBPAUD,forex,D1,BB20_2_sq125,2011,2,-1.1275,1.1192,0,2,0.76852
squeeze,GBPAUD,forex,D1,BB20_2_sq125,2012,5,-0.50411,0.50751,1,5,-0.037415
squeeze,GBPAUD,forex,D1,BB20_2_sq125,2013,1,0.32641,0.10654,1,1,-0.4197
squeeze,GBPAUD,forex,D1,BB20_2_sq125,2014,1,-0.14245,0.020292,0,1,0.065703
squeeze,GBPAUD,forex,D1,BB20_2_sq125,2015,1,0.17785,0.031631,1,1,-0.23077
squeeze,GBPAUD,forex,D1,BB20_2_sq125,2016,2,-0.26915,0.12437,1,2,0.20655
squeeze,GBPAUD,forex,D1,BB20_2_sq125,2017,3,0.65482,1.7163,2,3,-1.506
squeeze,GBPAUD,forex,D1,BB20_2_sq125,2018,3,1.3309,1.195,2,3,-3.0791
squeeze,GBPAUD,forex,D1,BB20_2_sq125,2019,1,-1.0372,1.0758,0,1,0.86374
squeeze,GBPAUD,forex,D1,BB20_2_sq125,2020,3,-0.72989,0.33701,1,3,-0.86074
squeeze,GBPAUD,forex,D1,BB20_2_sq125,2021,2,-0.077741,0.12126,1,2,0.013512
squeeze,GBPAUD,forex,D1,BB20_2_sq125,2022,3,-0.046784,0.69321,1,3,-1.6124
squeeze,GBPAUD,forex,D1,BB20_2_sq125,2023,2,-0.79526,0.47391,0,2,0.71592
squeeze,GBPAUD,forex,D1,BB20_2_sq125,2025,4,-1.9978,1.9902,1,4,2.4297
squeeze,GBPAUD,forex,D1,BB20_2_sq125,2026,2,0.37504,0.12326,2,2,-0.48119
squeeze,GBPCAD,forex,M15,BB20_2_sq125,2015,159,-156.08,269.73,14,159,-118.24
squeeze,GBPCAD,forex,M15,BB20_2_sq125,2016,151,-83.912,196.53,22,151,-71.271
squeeze,GBPCAD,forex,M15,BB20_2_sq125,2017,156,-93.929,287.48,21,156,-83.938
squeeze,GBPCAD,forex,M15,BB20_2_sq125,2018,156,-60.198,202.17,26,156,-48.499
squeeze,GBPCAD,forex,M15,BB20_2_sq125,2019,161,-63.335,215.13,29,161,-71.59
squeeze,GBPCAD,forex,M15,BB20_2_sq125,2020,157,-8.6869,599.56,39,157,-19.181
squeeze,GBPCAD,forex,M15,BB20_2_sq125,2021,159,-46.205,106.74,36,159,-29.822
squeeze,GBPCAD,forex,M15,BB20_2_sq125,2022,156,-25.562,149.69,43,156,-22.444
squeeze,GBPCAD,forex,M15,BB20_2_sq125,2023,158,-73.876,111.46,26,158,-32.282
squeeze,GBPCAD,forex,M15,BB20_2_sq125,2024,160,-84.016,192.34,29,160,-30.544
squeeze,GBPCAD,forex,M15,BB20_2_sq125,2025,159,-83.918,186.14,24,159,-38.155
squeeze,GBPCAD,forex,M15,BB20_2_sq125,2026,126,-42.652,186.49,30,126,-51.607
squeeze,GBPCAD,forex,M30,BB20_2_sq125,2015,84,-43.571,157.98,14,84,-27.188
squeeze,GBPCAD,forex,M30,BB20_2_sq125,2016,90,-31.885,198.47,15,90,-17.945
squeeze,GBPCAD,forex,M30,BB20_2_sq125,2017,85,-29.002,112.04,19,85,-18.258
squeeze,GBPCAD,forex,M30,BB20_2_sq125,2018,91,-11.961,96.465,27,91,-15.373
squeeze,GBPCAD,forex,M30,BB20_2_sq125,2019,89,-7.2484,142.3,24,89,-20.502
squeeze,GBPCAD,forex,M30,BB20_2_sq125,2020,89,5.6521,223.11,29,89,-14.571
squeeze,GBPCAD,forex,M30,BB20_2_sq125,2021,90,-16.757,72.673,25,90,-4.9025
squeeze,GBPCAD,forex,M30,BB20_2_sq125,2022,86,-22.604,47.611,18,86,5.1744
squeeze,GBPCAD,forex,M30,BB20_2_sq125,2023,94,-28.97,84.573,20,94,1.0165
squeeze,GBPCAD,forex,M30,BB20_2_sq125,2024,84,-7.0863,120.45,30,84,-32.061
squeeze,GBPCAD,forex,M30,BB20_2_sq125,2025,84,-13.668,94.787,23,84,-19.175
squeeze,GBPCAD,forex,M30,BB20_2_sq125,2026,66,-14.867,56.331,19,66,-17.414
squeeze,GBPCAD,forex,H1,BB20_2_sq125,2015,42,7.9228,147.6,11,42,-13.582
squeeze,GBPCAD,forex,H1,BB20_2_sq125,2016,47,-2.5068,55.535,14,47,-14.27
squeeze,GBPCAD,forex,H1,BB20_2_sq125,2017,41,-5.3417,52.915,13,41,-11.967
squeeze,GBPCAD,forex,H1,BB20_2_sq125,2018,41,-4.1482,73.799,13,41,-1.3852
squeeze,GBPCAD,forex,H1,BB20_2_sq125,2019,49,-10.064,72.19,11,49,-1.0368
squeeze,GBPCAD,forex,H1,BB20_2_sq125,2020,40,6.6484,59.642,16,40,-4.8447
squeeze,GBPCAD,forex,H1,BB20_2_sq125,2021,51,-8.367,53.701,9,51,5.5973
squeeze,GBPCAD,forex,H1,BB20_2_sq125,2022,50,5.3399,71.133,18,50,-3.454
squeeze,GBPCAD,forex,H1,BB20_2_sq125,2023,51,13.545,117.51,22,51,-10.243
squeeze,GBPCAD,forex,H1,BB20_2_sq125,2024,39,-6.5038,27.388,11,39,-3.8197
squeeze,GBPCAD,forex,H1,BB20_2_sq125,2025,44,-7.0647,22.841,15,44,-4.8476
squeeze,GBPCAD,forex,H1,BB20_2_sq125,2026,39,-4.3853,62.872,13,39,0.62205
squeeze,GBPCAD,forex,H4,BB20_2_sq125,2015,14,-5.8533,5.8146,3,14,5.2736
squeeze,GBPCAD,forex,H4,BB20_2_sq125,2016,10,1.2269,5.4569,3,10,-1.9082
squeeze,GBPCAD,forex,H4,BB20_2_sq125,2017,9,-4.5459,2.768,0,9,3.2743
squeeze,GBPCAD,forex,H4,BB20_2_sq125,2018,9,-0.74999,3.2195,4,9,1.0269
squeeze,GBPCAD,forex,H4,BB20_2_sq125,2019,14,-5.7036,7.3556,2,14,2.4642
squeeze,GBPCAD,forex,H4,BB20_2_sq125,2020,14,2.1077,2.6939,7,14,-4.2669
squeeze,GBPCAD,forex,H4,BB20_2_sq125,2021,12,-3.3658,3.9068,5,12,1.1418
squeeze,GBPCAD,forex,H4,BB20_2_sq125,2022,11,-0.70206,3.068,5,11,-2.3425
squeeze,GBPCAD,forex,H4,BB20_2_sq125,2023,9,-3.7886,2.8837,0,9,1.0432
squeeze,GBPCAD,forex,H4,BB20_2_sq125,2024,14,-3.2716,8.7954,2,14,-1.4833
squeeze,GBPCAD,forex,H4,BB20_2_sq125,2025,18,-4.6016,4.5351,6,18,1.5828
squeeze,GBPCAD,forex,H4,BB20_2_sq125,2026,9,-0.58765,1.599,3,9,-0.97148
squeeze,GBPCAD,forex,D1,BB20_2_sq125,2008,2,-0.93855,0.44059,0,2,0.77214
squeeze,GBPCAD,forex,D1,BB20_2_sq125,2009,5,-0.65979,1.2623,1,5,0.16538
squeeze,GBPCAD,forex,D1,BB20_2_sq125,2010,3,0.82963,0.59443,2,3,-1.3336
squeeze,GBPCAD,forex,D1,BB20_2_sq125,2011,2,-0.4592,0.12681,0,2,0.25619
squeeze,GBPCAD,forex,D1,BB20_2_sq125,2012,2,-0.86264,0.38089,0,2,0.56384
squeeze,GBPCAD,forex,D1,BB20_2_sq125,2013,1,-0.34796,0.12108,0,1,0.2465
squeeze,GBPCAD,forex,D1,BB20_2_sq125,2014,1,-0.33453,0.11191,0,1,0.17471
squeeze,GBPCAD,forex,D1,BB20_2_sq125,2015,1,0.94463,0.89233,1,1,-1.0609
squeeze,GBPCAD,forex,D1,BB20_2_sq125,2016,1,-0.49006,0.24016,0,1,0.42076
squeeze,GBPCAD,forex,D1,BB20_2_sq125,2017,2,-0.12118,0.065688,1,2,-0.035545
squeeze,GBPCAD,forex,D1,BB20_2_sq125,2018,2,-0.072399,0.014391,1,2,-0.028768
squeeze,GBPCAD,forex,D1,BB20_2_sq125,2019,2,0.1036,0.13695,1,2,-0.87158
squeeze,GBPCAD,forex,D1,BB20_2_sq125,2020,1,-0.31834,0.10134,0,1,0.28949
squeeze,GBPCAD,forex,D1,BB20_2_sq125,2021,3,-0.13036,0.27576,2,3,0.016551
squeeze,GBPCAD,forex,D1,BB20_2_sq125,2022,2,0.18592,0.15074,1,2,-0.88675
squeeze,GBPCAD,forex,D1,BB20_2_sq125,2023,3,-0.56785,0.13744,0,3,0.43801
squeeze,GBPCAD,forex,D1,BB20_2_sq125,2024,2,-0.088747,0.31525,1,2,-0.66512
squeeze,GBPCAD,forex,D1,BB20_2_sq125,2025,2,-0.47624,0.27774,1,2,0.35163
squeeze,GBPCAD,forex,D1,BB20_2_sq125,2026,2,-0.37764,0.077886,0,2,0.25092
squeeze,GBPCHF,forex,M15,BB20_2_sq125,2015,155,-130.88,333.9,21,155,-110.29
squeeze,GBPCHF,forex,M15,BB20_2_sq125,2016,152,-84.471,203.96,27,152,-81.361
squeeze,GBPCHF,forex,M15,BB20_2_sq125,2017,155,-116.44,247.34,20,155,-87.016
squeeze,GBPCHF,forex,M15,BB20_2_sq125,2018,155,-110.42,237.25,26,155,-78.077
squeeze,GBPCHF,forex,M15,BB20_2_sq125,2019,155,-128.78,203.57,17,155,-80.813
squeeze,GBPCHF,forex,M15,BB20_2_sq125,2020,159,-29.727,279.47,37,159,-25.171
squeeze,GBPCHF,forex,M15,BB20_2_sq125,2021,157,-51.718,175,34,157,-40.716
squeeze,GBPCHF,forex,M15,BB20_2_sq125,2022,155,-61.71,103.1,30,155,-14.122
squeeze,GBPCHF,forex,M15,BB20_2_sq125,2023,147,-88.841,187.26,22,147,-38.687
squeeze,GBPCHF,forex,M15,BB20_2_sq125,2024,154,-71.153,190.17,35,154,-56.567
squeeze,GBPCHF,forex,M15,BB20_2_sq125,2025,166,-124.8,308,22,166,-82.32
squeeze,GBPCHF,forex,M15,BB20_2_sq125,2026,131,-102.6,351.64,17,131,-78.487
squeeze,GBPCHF,forex,M30,BB20_2_sq125,2015,93,-42.049,145.89,20,93,-37.355
squeeze,GBPCHF,forex,M30,BB20_2_sq125,2016,94,-14.767,94.667,30,94,-35.707
squeeze,GBPCHF,forex,M30,BB20_2_sq125,2017,102,-32.746,202.74,19,102,-37.65
squeeze,GBPCHF,forex,M30,BB20_2_sq125,2018,91,-33.042,114.35,20,91,-24.878
squeeze,GBPCHF,forex,M30,BB20_2_sq125,2019,100,-27.948,154.21,23,100,-44.874
squeeze,GBPCHF,forex,M30,BB20_2_sq125,2020,89,-17.132,135.08,31,89,-16.285
squeeze,GBPCHF,forex,M30,BB20_2_sq125,2021,93,-13.287,62.089,31,93,-15.515
squeeze,GBPCHF,forex,M30,BB20_2_sq125,2022,86,-15.44,119.2,25,86,3.3935
squeeze,GBPCHF,forex,M30,BB20_2_sq125,2023,96,-27.918,117.48,22,96,3.0105
squeeze,GBPCHF,forex,M30,BB20_2_sq125,2024,90,-23.909,85.337,19,90,-10.559
squeeze,GBPCHF,forex,M30,BB20_2_sq125,2025,86,-40.561,72.737,15,86,8.9657
squeeze,GBPCHF,forex,M30,BB20_2_sq125,2026,65,-26.824,108.06,14,65,-14.574
squeeze,GBPCHF,forex,H1,BB20_2_sq125,2015,47,-11.253,57.219,14,47,-12.727
squeeze,GBPCHF,forex,H1,BB20_2_sq125,2016,43,-7.1857,35.102,14,43,-11.902
squeeze,GBPCHF,forex,H1,BB20_2_sq125,2017,42,-11.357,48.667,11,42,-16.746
squeeze,GBPCHF,forex,H1,BB20_2_sq125,2018,45,-17.399,41.995,9,45,0.73522
squeeze,GBPCHF,forex,H1,BB20_2_sq125,2019,49,-6.6033,53.357,15,49,-14.372
squeeze,GBPCHF,forex,H1,BB20_2_sq125,2020,48,2.2992,67.443,19,48,-17.757
squeeze,GBPCHF,forex,H1,BB20_2_sq125,2021,46,-4.424,30.699,18,46,-7.5661
squeeze,GBPCHF,forex,H1,BB20_2_sq125,2022,50,7.0246,106.88,18,50,-5.2106
squeeze,GBPCHF,forex,H1,BB20_2_sq125,2023,45,-8.7572,66.295,10,45,5.9077
squeeze,GBPCHF,forex,H1,BB20_2_sq125,2024,44,-6.0244,26.194,16,44,-11.652
squeeze,GBPCHF,forex,H1,BB20_2_sq125,2025,43,-9.7765,47.763,7,43,1.5611
squeeze,GBPCHF,forex,H1,BB20_2_sq125,2026,32,-3.3861,41.023,7,32,-0.53795
squeeze,GBPCHF,forex,H4,BB20_2_sq125,2015,10,-4.7094,5.2271,2,10,2.4759
squeeze,GBPCHF,forex,H4,BB20_2_sq125,2016,10,0.77307,2.0246,4,10,-2.659
squeeze,GBPCHF,forex,H4,BB20_2_sq125,2017,11,-2.1355,3.0239,3,11,-3.1153
squeeze,GBPCHF,forex,H4,BB20_2_sq125,2018,12,-1.7722,5.3787,5,12,-2.1668
squeeze,GBPCHF,forex,H4,BB20_2_sq125,2019,10,-1.5932,2.1268,3,10,-1.5036
squeeze,GBPCHF,forex,H4,BB20_2_sq125,2020,14,-1.2913,4.2416,6,14,-2.2411
squeeze,GBPCHF,forex,H4,BB20_2_sq125,2021,13,3.5034,14.224,7,13,-5.4846
squeeze,GBPCHF,forex,H4,BB20_2_sq125,2022,10,1.2117,3.8606,4,10,-4.1845
squeeze,GBPCHF,forex,H4,BB20_2_sq125,2023,15,-3.4353,7.039,5,15,0.37794
squeeze,GBPCHF,forex,H4,BB20_2_sq125,2024,9,0.73613,3.8828,3,9,-2.9308
squeeze,GBPCHF,forex,H4,BB20_2_sq125,2025,14,-2.185,14.786,4,14,-3.1075
squeeze,GBPCHF,forex,H4,BB20_2_sq125,2026,8,-0.8286,0.69788,3,8,-2.6511
squeeze,GBPCHF,forex,D1,BB20_2_sq125,2001,3,-0.42724,0.21535,2,3,0.14417
squeeze,GBPCHF,forex,D1,BB20_2_sq125,2002,1,0.74991,0.56237,1,1,-1.0445
squeeze,GBPCHF,forex,D1,BB20_2_sq125,2003,1,0.86374,0.74604,1,1,-1.0245
squeeze,GBPCHF,forex,D1,BB20_2_sq125,2004,1,0.54307,0.29492,1,1,-1.1193
squeeze,GBPCHF,forex,D1,BB20_2_sq125,2005,2,-0.15539,0.012653,0,2,-0.11481
squeeze,GBPCHF,forex,D1,BB20_2_sq125,2006,2,-0.34203,0.21148,1,2,-0.09168
squeeze,GBPCHF,forex,D1,BB20_2_sq125,2008,1,-0.40564,0.16454,0,1,0.35722
squeeze,GBPCHF,forex,D1,BB20_2_sq125,2009,2,0.10138,0.082275,1,2,-0.94099
squeeze,GBPCHF,forex,D1,BB20_2_sq125,2010,1,0.36564,0.13369,1,1,-1.0787
squeeze,GBPCHF,forex,D1,BB20_2_sq125,2011,4,-0.62146,0.10841,0,4,0.34422
squeeze,GBPCHF,forex,D1,BB20_2_sq125,2012,3,-0.78997,0.38972,1,3,0.41884
squeeze,GBPCHF,forex,D1,BB20_2_sq125,2013,1,-0.32533,0.10584,0,1,0.20992
squeeze,GBPCHF,forex,D1,BB20_2_sq125,2014,3,-0.97842,0.6338,1,3,0.46765
squeeze,GBPCHF,forex,D1,BB20_2_sq125,2015,2,-0.024379,1.2523,1,2,-0.29608
squeeze,GBPCHF,forex,D1,BB20_2_sq125,2016,2,0.065327,0.11457,1,2,-0.20597
squeeze,GBPCHF,forex,D1,BB20_2_sq125,2017,2,-0.49164,0.34939,1,2,0.34572
squeeze,GBPCHF,forex,D1,BB20_2_sq125,2018,1,-1.0217,1.0439,0,1,0.90485
squeeze,GBPCHF,forex,D1,BB20_2_sq125,2019,2,-0.58168,0.16925,0,2,0.32259
squeeze,GBPCHF,forex,D1,BB20_2_sq125,2020,2,-0.19259,0.036841,0,2,-0.90193
squeeze,GBPCHF,forex,D1,BB20_2_sq125,2021,1,-0.40466,0.16375,0,1,0.35286
squeeze,GBPCHF,forex,D1,BB20_2_sq125,2022,1,0.046089,0.0021242,1,1,-0.080924
squeeze,GBPCHF,forex,D1,BB20_2_sq125,2023,6,1.5402,5.3071,2,6,-0.6699
squeeze,GBPCHF,forex,D1,BB20_2_sq125,2024,2,-0.47788,1.3407,1,2,-0.015144
squeeze,GBPCHF,forex,D1,BB20_2_sq125,2025,3,1.6954,2.3758,2,3,-1.9896
squeeze,GBPCHF,forex,D1,BB20_2_sq125,2026,2,0.36217,0.72385,1,2,-0.81081
squeeze,GBPJPY,forex,M15,BB20_2_sq125,2015,181,-81.885,282.75,33,181,-53.361
squeeze,GBPJPY,forex,M15,BB20_2_sq125,2016,164,-38.666,292.86,40,164,-55.234
squeeze,GBPJPY,forex,M15,BB20_2_sq125,2017,163,-39.528,187.53,39,163,-52.108
squeeze,GBPJPY,forex,M15,BB20_2_sq125,2018,161,-56.72,146.06,38,161,-50.104
squeeze,GBPJPY,forex,M15,BB20_2_sq125,2019,156,-93.645,180.91,25,156,-60.394
squeeze,GBPJPY,forex,M15,BB20_2_sq125,2020,158,-22.042,151.4,45,158,-17.845
squeeze,GBPJPY,forex,M15,BB20_2_sq125,2021,150,-23.493,213.06,46,150,-47.595
squeeze,GBPJPY,forex,M15,BB20_2_sq125,2022,168,-18.723,105.7,58,168,-30.049
squeeze,GBPJPY,forex,M15,BB20_2_sq125,2023,166,-53.128,159.26,39,166,-11.803
squeeze,GBPJPY,forex,M15,BB20_2_sq125,2024,163,-57.1,111.81,37,163,-25.376
squeeze,GBPJPY,forex,M15,BB20_2_sq125,2025,188,-79.787,210.34,47,188,-82.949
squeeze,GBPJPY,forex,M15,BB20_2_sq125,2026,132,-95.789,228.7,22,132,-46.656
squeeze,GBPJPY,forex,M30,BB20_2_sq125,2015,97,-26.858,121.71,19,97,0.61581
squeeze,GBPJPY,forex,M30,BB20_2_sq125,2016,92,-13.439,62.81,25,92,-27.067
squeeze,GBPJPY,forex,M30,BB20_2_sq125,2017,84,-2.711,168.09,23,84,-8.9569
squeeze,GBPJPY,forex,M30,BB20_2_sq125,2018,85,-23.73,58.099,23,85,-7.812
squeeze,GBPJPY,forex,M30,BB20_2_sq125,2019,87,-24.531,63.487,21,87,-29.154
squeeze,GBPJPY,forex,M30,BB20_2_sq125,2020,90,-12.946,86.946,30,90,-27.28
squeeze,GBPJPY,forex,M30,BB20_2_sq125,2021,88,-6.9372,65.565,28,88,-11.108
squeeze,GBPJPY,forex,M30,BB20_2_sq125,2022,99,-9.4669,48.764,30,99,-11.339
squeeze,GBPJPY,forex,M30,BB20_2_sq125,2023,82,-18.264,58.712,25,82,-7.4116
squeeze,GBPJPY,forex,M30,BB20_2_sq125,2024,103,-14.386,51.354,33,103,-12.412
squeeze,GBPJPY,forex,M30,BB20_2_sq125,2025,89,-21.692,62.793,27,89,15.974
squeeze,GBPJPY,forex,M30,BB20_2_sq125,2026,77,-18.178,74.634,17,77,0.59091
squeeze,GBPJPY,forex,H1,BB20_2_sq125,2015,40,1.769,53.103,15,40,-2.3205
squeeze,GBPJPY,forex,H1,BB20_2_sq125,2016,45,-8.3598,34.411,14,45,-1.736
squeeze,GBPJPY,forex,H1,BB20_2_sq125,2017,49,-2.8474,50.09,19,49,-6.008
squeeze,GBPJPY,forex,H1,BB20_2_sq125,2018,45,-9.58,37.125,12,45,0.28165
squeeze,GBPJPY,forex,H1,BB20_2_sq125,2019,40,-8.4314,32.986,9,40,-14.55
squeeze,GBPJPY,forex,H1,BB20_2_sq125,2020,43,8.0257,54.126,15,43,-8.9662
squeeze,GBPJPY,forex,H1,BB20_2_sq125,2021,43,-9.6547,42.407,10,43,2.2568
squeeze,GBPJPY,forex,H1,BB20_2_sq125,2022,45,1.7728,43.971,17,45,-5.8341
squeeze,GBPJPY,forex,H1,BB20_2_sq125,2023,47,-7.0426,33.884,14,47,-1.2917
squeeze,GBPJPY,forex,H1,BB20_2_sq125,2024,50,-6.4891,19.633,17,50,-4.6961
squeeze,GBPJPY,forex,H1,BB20_2_sq125,2025,44,-7.5394,52.321,13,44,-6.4988
squeeze,GBPJPY,forex,H1,BB20_2_sq125,2026,37,-4.2623,26.304,10,37,-2.373
squeeze,GBPJPY,forex,H4,BB20_2_sq125,2015,12,-1.2313,3.1727,6,12,-1.5688
squeeze,GBPJPY,forex,H4,BB20_2_sq125,2016,14,2.1381,8.4607,4,14,-3.0019
squeeze,GBPJPY,forex,H4,BB20_2_sq125,2017,11,1.6218,3.5546,5,11,-3.1273
squeeze,GBPJPY,forex,H4,BB20_2_sq125,2018,12,0.26819,6.4778,5,12,-1.8561
squeeze,GBPJPY,forex,H4,BB20_2_sq125,2019,9,-2.3941,4.8905,2,9,0.21772
squeeze,GBPJPY,forex,H4,BB20_2_sq125,2020,12,-1.4106,2.0832,6,12,-0.68923
squeeze,GBPJPY,forex,H4,BB20_2_sq125,2021,14,1.2836,8.8727,6,14,-1.4294
squeeze,GBPJPY,forex,H4,BB20_2_sq125,2022,11,1.0068,13.355,4,11,-2.8629
squeeze,GBPJPY,forex,H4,BB20_2_sq125,2023,11,4.1444,7.6985,7,11,-3.8315
squeeze,GBPJPY,forex,H4,BB20_2_sq125,2024,13,0.65134,4.3091,4,13,-1.4365
squeeze,GBPJPY,forex,H4,BB20_2_sq125,2025,13,-0.67734,6.9233,4,13,-1.0961
squeeze,GBPJPY,forex,H4,BB20_2_sq125,2026,7,-0.28966,6.6497,1,7,0.44855
squeeze,GBPJPY,forex,D1,BB20_2_sq125,2000,1,-0.1633,0.026666,0,1,0.11906
squeeze,GBPJPY,forex,D1,BB20_2_sq125,2001,2,0.053937,0.075714,1,2,-0.16119
squeeze,GBPJPY,forex,D1,BB20_2_sq125,2002,3,1.8778,2.9377,2,3,-1.8245
squeeze,GBPJPY,forex,D1,BB20_2_sq125,2004,2,0.68129,0.32187,2,2,-1.2339
squeeze,GBPJPY,forex,D1,BB20_2_sq125,2005,2,-0.071717,0.0028401,0,2,-0.079925
squeeze,GBPJPY,forex,D1,BB20_2_sq125,2006,2,-0.36452,0.1049,0,2,0.1231
squeeze,GBPJPY,forex,D1,BB20_2_sq125,2007,1,-0.23482,0.055143,0,1,0.17811
squeeze,GBPJPY,forex,D1,BB20_2_sq125,2008,1,-1.0615,1.1267,0,1,1.2057
squeeze,GBPJPY,forex,D1,BB20_2_sq125,2009,4,-0.10687,0.90566,2,4,-1.1281
squeeze,GBPJPY,forex,D1,BB20_2_sq125,2010,1,-0.24144,0.058294,0,1,0.21111
squeeze,GBPJPY,forex,D1,BB20_2_sq125,2011,2,-0.50976,0.13166,0,2,0.42574
squeeze,GBPJPY,forex,D1,BB20_2_sq125,2012,2,-0.68897,0.42533,0,2,0.59781
squeeze,GBPJPY,forex,D1,BB20_2_sq125,2013,2,1.4527,2.2803,1,2,-1.0237
squeeze,GBPJPY,forex,D1,BB20_2_sq125,2014,1,0.029836,0.00089019,1,1,-0.12001
squeeze,GBPJPY,forex,D1,BB20_2_sq125,2015,2,1.8234,1.7394,2,2,-2.056
squeeze,GBPJPY,forex,D1,BB20_2_sq125,2016,1,-1.0227,1.0459,0,1,-1.0304
squeeze,GBPJPY,forex,D1,BB20_2_sq125,2017,2,-1.2687,1.1232,0,2,1.3494
squeeze,GBPJPY,forex,D1,BB20_2_sq125,2018,2,-1.0519,0.55369,0,2,0.96681
squeeze,GBPJPY,forex,D1,BB20_2_sq125,2019,4,-1.323,0.61129,0,4,1.0244
squeeze,GBPJPY,forex,D1,BB20_2_sq125,2020,2,0.036059,0.00079503,2,2,-0.098925
squeeze,GBPJPY,forex,D1,BB20_2_sq125,2021,2,-0.32026,0.057963,0,2,-0.93532
squeeze,GBPJPY,forex,D1,BB20_2_sq125,2022,1,0.35419,0.12545,1,1,-0.39981
squeeze,GBPJPY,forex,D1,BB20_2_sq125,2023,4,-0.89089,0.36371,0,4,-0.32571
squeeze,GBPJPY,forex,D1,BB20_2_sq125,2024,3,-0.51788,0.3183,1,3,-0.35149
squeeze,GBPJPY,forex,D1,BB20_2_sq125,2025,3,-0.52449,0.10036,0,3,-0.73642
squeeze,GBPJPY,forex,D1,BB20_2_sq125,2026,1,0.27821,0.077403,1,1,-0.3318
squeeze,GBPNZD,forex,M15,BB20_2_sq125,2015,169,-64.76,146.23,36,169,-40.519
squeeze,GBPNZD,forex,M15,BB20_2_sq125,2016,166,-81.228,160.03,32,166,-58.316
squeeze,GBPNZD,forex,M15,BB20_2_sq125,2017,165,-90.847,370.58,31,165,-68.651
squeeze,GBPNZD,forex,M15,BB20_2_sq125,2018,148,-78.24,747.38,25,148,-53.204
squeeze,GBPNZD,forex,M15,BB20_2_sq125,2019,143,-78.431,151.31,26,143,-42.829
squeeze,GBPNZD,forex,M15,BB20_2_sq125,2020,165,-49.695,113.63,39,165,-15.025
squeeze,GBPNZD,forex,M15,BB20_2_sq125,2021,169,-56.654,284.62,46,169,-50.118
squeeze,GBPNZD,forex,M15,BB20_2_sq125,2022,162,-65.328,200.83,37,162,-30.297
squeeze,GBPNZD,forex,M15,BB20_2_sq125,2023,167,-74.552,218.18,38,167,-45.178
squeeze,GBPNZD,forex,M15,BB20_2_sq125,2024,161,-79.881,274.5,31,161,-39.213
squeeze,GBPNZD,forex,M15,BB20_2_sq125,2025,165,-118.44,425.08,33,165,-92.564
squeeze,GBPNZD,forex,M15,BB20_2_sq125,2026,125,-105.61,313.92,26,125,-80.55
squeeze,GBPNZD,forex,M30,BB20_2_sq125,2015,93,-17.592,56.3,26,93,-13.292
squeeze,GBPNZD,forex,M30,BB20_2_sq125,2016,84,-24.178,55.526,23,84,-23.99
squeeze,GBPNZD,forex,M30,BB20_2_sq125,2017,78,-20.49,57.739,26,78,-23.882
squeeze,GBPNZD,forex,M30,BB20_2_sq125,2018,86,-18.083,101.64,20,86,-19.571
squeeze,GBPNZD,forex,M30,BB20_2_sq125,2019,80,-18.388,42.473,19,80,-7.6563
squeeze,GBPNZD,forex,M30,BB20_2_sq125,2020,93,-17.271,48.998,22,93,-5.1543
squeeze,GBPNZD,forex,M30,BB20_2_sq125,2021,94,-14.338,49.043,28,94,-13.013
squeeze,GBPNZD,forex,M30,BB20_2_sq125,2022,89,-32.014,46.882,20,89,2.2513
squeeze,GBPNZD,forex,M30,BB20_2_sq125,2023,96,-2.0883,128.53,29,96,-19.403
squeeze,GBPNZD,forex,M30,BB20_2_sq125,2024,89,-11.438,152.79,24,89,-2.7979
squeeze,GBPNZD,forex,M30,BB20_2_sq125,2025,91,-13.588,105.55,27,91,-21.415
squeeze,GBPNZD,forex,M30,BB20_2_sq125,2026,70,-17.623,33.255,17,70,-6.535
squeeze,GBPNZD,forex,H1,BB20_2_sq125,2015,45,3.3675,73.495,15,45,-8.6675
squeeze,GBPNZD,forex,H1,BB20_2_sq125,2016,50,-5.7473,32.931,15,50,-6.1312
squeeze,GBPNZD,forex,H1,BB20_2_sq125,2017,46,-0.46948,52.197,16,46,-9.1796
squeeze,GBPNZD,forex,H1,BB20_2_sq125,2018,50,-16.771,24.848,11,50,3.1357
squeeze,GBPNZD,forex,H1,BB20_2_sq125,2019,37,-8.1925,16.537,6,37,-1.7292
squeeze,GBPNZD,forex,H1,BB20_2_sq125,2020,42,-13.045,31.162,7,42,6.9268
squeeze,GBPNZD,forex,H1,BB20_2_sq125,2021,50,1.1472,26.065,20,50,-8.6967
squeeze,GBPNZD,forex,H1,BB20_2_sq125,2022,34,-5.2146,15.742,12,34,-1.9628
squeeze,GBPNZD,forex,H1,BB20_2_sq125,2023,49,3.9934,42.263,20,49,-7.001
squeeze,GBPNZD,forex,H1,BB20_2_sq125,2024,40,-4.0733,15.559,16,40,-1.0508
squeeze,GBPNZD,forex,H1,BB20_2_sq125,2025,48,-4.6757,24.16,16,48,-5.8358
squeeze,GBPNZD,forex,H1,BB20_2_sq125,2026,37,-1.5618,23.203,16,37,-11.809
squeeze,GBPNZD,forex,H4,BB20_2_sq125,2015,13,0.36976,4.2436,5,13,-1.4444
squeeze,GBPNZD,forex,H4,BB20_2_sq125,2016,10,-2.9092,9.1052,2,10,1.4822
squeeze,GBPNZD,forex,H4,BB20_2_sq125,2017,11,-3.4209,4.1849,1,11,1.933
squeeze,GBPNZD,forex,H4,BB20_2_sq125,2018,7,-1.39,2.602,2,7,-0.17408
squeeze,GBPNZD,forex,H4,BB20_2_sq125,2019,11,-4.3952,14.681,3,11,-1.2594
squeeze,GBPNZD,forex,H4,BB20_2_sq125,2020,11,-0.49196,4.6129,5,11,-1.7345
squeeze,GBPNZD,forex,H4,BB20_2_sq125,2021,9,0.13547,5.7418,3,9,-1.7376
squeeze,GBPNZD,forex,H4,BB20_2_sq125,2022,8,-2.7973,3.798,2,8,-0.5467
squeeze,GBPNZD,forex,H4,BB20_2_sq125,2023,8,-1.3685,6.4592,2,8,0.19273
squeeze,GBPNZD,forex,H4,BB20_2_sq125,2024,14,-0.31042,3.015,7,14,-1.1674
squeeze,GBPNZD,forex,H4,BB20_2_sq125,2025,10,-1.784,1.6536,3,10,-1.3807
squeeze,GBPNZD,forex,H4,BB20_2_sq125,2026,11,-4.2269,2.161,0,11,1.5643
squeeze,GBPNZD,forex,D1,BB20_2_sq125,2012,3,-1.0092,1.8238,1,3,0.71832
squeeze,GBPNZD,forex,D1,BB20_2_sq125,2013,1,0.011917,0.00014202,1,1,-0.051109
squeeze,GBPNZD,forex,D1,BB20_2_sq125,2014,3,-1.0032,0.4196,0,3,0.82747
squeeze,GBPNZD,forex,D1,BB20_2_sq125,2016,2,-0.53859,0.22889,0,2,-0.60655
squeeze,GBPNZD,forex,D1,BB20_2_sq125,2017,3,0.93986,0.55177,2,3,-1.525
squeeze,GBPNZD,forex,D1,BB20_2_sq125,2018,1,0.83378,0.69519,1,1,-1.0238
squeeze,GBPNZD,forex,D1,BB20_2_sq125,2019,3,-1.298,1.4668,1,3,0.54091
squeeze,GBPNZD,forex,D1,BB20_2_sq125,2020,1,1.549,2.3995,1,1,-1.0317
squeeze,GBPNZD,forex,D1,BB20_2_sq125,2021,2,-0.16391,0.20253,1,2,0.045288
squeeze,GBPNZD,forex,D1,BB20_2_sq125,2022,1,-1.0173,1.035,0,1,0.84917
squeeze,GBPNZD,forex,D1,BB20_2_sq125,2023,2,-0.87714,1.0388,1,2,0.62017
squeeze,GBPNZD,forex,D1,BB20_2_sq125,2024,2,-0.36521,0.46247,1,2,0.24645
squeeze,GBPNZD,forex,D1,BB20_2_sq125,2025,1,1.3783,1.8996,1,1,-1.0205
squeeze,GBPNZD,forex,D1,BB20_2_sq125,2026,3,-0.67021,0.17084,0,3,0.54199
squeeze,GBPUSD,forex,M15,BB20_2_sq125,2015,156,-60.618,140.22,29,156,-43.82
squeeze,GBPUSD,forex,M15,BB20_2_sq125,2016,154,-28.432,155.06,36,154,-36.855
squeeze,GBPUSD,forex,M15,BB20_2_sq125,2017,149,-52.838,213.15,35,149,-31.894
squeeze,GBPUSD,forex,M15,BB20_2_sq125,2018,141,-29.857,116.52,40,141,-45.741
squeeze,GBPUSD,forex,M15,BB20_2_sq125,2019,145,-73.8,124.8,20,145,-17.639
squeeze,GBPUSD,forex,M15,BB20_2_sq125,2020,160,-42.163,96.42,38,160,-20.554
squeeze,GBPUSD,forex,M15,BB20_2_sq125,2021,141,-16.61,181.64,43,141,-47.46
squeeze,GBPUSD,forex,M15,BB20_2_sq125,2022,147,-18.288,130.31,40,147,-12.237
squeeze,GBPUSD,forex,M15,BB20_2_sq125,2023,143,-26.618,281.91,29,143,1.531
squeeze,GBPUSD,forex,M15,BB20_2_sq125,2024,154,-48.872,185.29,32,154,-18.014
squeeze,GBPUSD,forex,M15,BB20_2_sq125,2025,163,-33.582,163.21,38,163,-33.223
squeeze,GBPUSD,forex,M15,BB20_2_sq125,2026,119,-47.643,119.53,24,119,-6.0646
squeeze,GBPUSD,forex,M30,BB20_2_sq125,2015,75,-11.329,103.3,19,75,-14.171
squeeze,GBPUSD,forex,M30,BB20_2_sq125,2016,86,-11.729,67.796,21,86,-7.7173
squeeze,GBPUSD,forex,M30,BB20_2_sq125,2017,95,-9.8121,151.75,23,95,-22.986
squeeze,GBPUSD,forex,M30,BB20_2_sq125,2018,87,-9.3824,116.98,27,87,-12.703
squeeze,GBPUSD,forex,M30,BB20_2_sq125,2019,76,-35.276,67.508,13,76,-9.5189
squeeze,GBPUSD,forex,M30,BB20_2_sq125,2020,93,-19.103,76.292,28,93,-14.889
squeeze,GBPUSD,forex,M30,BB20_2_sq125,2021,93,-17.451,78.633,24,93,-24.907
squeeze,GBPUSD,forex,M30,BB20_2_sq125,2022,86,-2.0265,143.59,23,86,-1.961
squeeze,GBPUSD,forex,M30,BB20_2_sq125,2023,91,0.24399,149.82,22,91,-0.48704
squeeze,GBPUSD,forex,M30,BB20_2_sq125,2024,90,8.3946,229.64,32,90,-18.487
squeeze,GBPUSD,forex,M30,BB20_2_sq125,2025,88,-1.2745,87.122,30,88,-21.378
squeeze,GBPUSD,forex,M30,BB20_2_sq125,2026,61,-14.499,21.607,17,61,-7.9384
squeeze,GBPUSD,forex,H1,BB20_2_sq125,2015,47,20.897,128.87,20,47,-17.311
squeeze,GBPUSD,forex,H1,BB20_2_sq125,2016,38,-2.2684,24.125,13,38,-5.8235
squeeze,GBPUSD,forex,H1,BB20_2_sq125,2017,47,-3.1778,24.312,16,47,-9.33
squeeze,GBPUSD,forex,H1,BB20_2_sq125,2018,44,0.44051,34.389,17,44,-5.3144
squeeze,GBPUSD,forex,H1,BB20_2_sq125,2019,32,-6.2922,26.206,11,32,0.025363
squeeze,GBPUSD,forex,H1,BB20_2_sq125,2020,41,-14.01,15.883,6,41,-1.2753
squeeze,GBPUSD,forex,H1,BB20_2_sq125,2021,46,1.1672,62.227,18,46,-17.041
squeeze,GBPUSD,forex,H1,BB20_2_sq125,2022,43,4.2888,109.56,16,43,-1.0692
squeeze,GBPUSD,forex,H1,BB20_2_sq125,2023,41,3.8056,65.862,15,41,-0.34699
squeeze,GBPUSD,forex,H1,BB20_2_sq125,2024,42,-11.678,19.499,10,42,4.2112
squeeze,GBPUSD,forex,H1,BB20_2_sq125,2025,42,-5.9017,26.351,11,42,-0.63469
squeeze,GBPUSD,forex,H1,BB20_2_sq125,2026,37,-7.618,20.127,12,37,-5.9005
squeeze,GBPUSD,forex,H4,BB20_2_sq125,2015,13,-2.3361,2.4558,2,13,1.3609
squeeze,GBPUSD,forex,H4,BB20_2_sq125,2016,11,-1.8287,2.3968,5,11,0.10831
squeeze,GBPUSD,forex,H4,BB20_2_sq125,2017,11,0.33338,2.35,3,11,-1.9579
squeeze,GBPUSD,forex,H4,BB20_2_sq125,2018,12,-5.0653,4.585,3,12,1.2279
squeeze,GBPUSD,forex,H4,BB20_2_sq125,2019,8,-0.094928,6.2376,4,8,-0.95753
squeeze,GBPUSD,forex,H4,BB20_2_sq125,2020,15,-0.33168,5.5287,5,15,-4.132
squeeze,GBPUSD,forex,H4,BB20_2_sq125,2021,12,1.6926,8.7344,7,12,-2.3059
squeeze,GBPUSD,forex,H4,BB20_2_sq125,2022,14,-2.4531,5.715,5,14,0.94139
squeeze,GBPUSD,forex,H4,BB20_2_sq125,2023,16,-3.0571,3.6164,6,16,1.9301
squeeze,GBPUSD,forex,H4,BB20_2_sq125,2024,11,-1.058,3.6181,2,11,-1.6154
squeeze,GBPUSD,forex,H4,BB20_2_sq125,2025,11,0.12446,8.2279,3,11,0.68543
squeeze,GBPUSD,forex,H4,BB20_2_sq125,2026,8,1.613,9.5492,3,8,-1.1389
squeeze,GBPUSD,forex,D1,BB20_2_sq125,2001,2,0.079334,0.45667,1,2,-0.66428
squeeze,GBPUSD,forex,D1,BB20_2_sq125,2002,2,1.6019,3.8174,1,2,-0.75681
squeeze,GBPUSD,forex,D1,BB20_2_sq125,2003,2,2.6442,6.8951,2,2,-1.1038
squeeze,GBPUSD,forex,D1,BB20_2_sq125,2004,4,-0.075001,1.4257,2,4,-0.44234
squeeze,GBPUSD,forex,D1,BB20_2_sq125,2005,2,2.3332,3.6494,2,2,-1.6055
squeeze,GBPUSD,forex,D1,BB20_2_sq125,2006,3,-0.11041,0.27578,2,3,-0.057509
squeeze,GBPUSD,forex,D1,BB20_2_sq125,2007,3,0.63146,0.24014,2,3,-1.447
squeeze,GBPUSD,forex,D1,BB20_2_sq125,2008,2,3.5394,12.757,1,2,-1.0328
squeeze,GBPUSD,forex,D1,BB20_2_sq125,2009,3,-1.2705,0.75551,0,3,1.1951
squeeze,GBPUSD,forex,D1,BB20_2_sq125,2010,2,1.4882,1.8803,2,2,-1.1917
squeeze,GBPUSD,forex,D1,BB20_2_sq125,2011,1,-0.30824,0.095013,0,1,0.27311
squeeze,GBPUSD,forex,D1,BB20_2_sq125,2012,2,0.86039,0.47056,2,2,-0.99006
squeeze,GBPUSD,forex,D1,BB20_2_sq125,2013,2,0.78625,1.648,1,2,-0.73055
squeeze,GBPUSD,forex,D1,BB20_2_sq125,2014,1,0.29034,0.0843,1,1,-0.3707
squeeze,GBPUSD,forex,D1,BB20_2_sq125,2015,1,-0.56314,0.31713,0,1,0.52674
squeeze,GBPUSD,forex,D1,BB20_2_sq125,2016,1,0.57562,0.33134,1,1,-1.015
squeeze,GBPUSD,forex,D1,BB20_2_sq125,2017,4,0.26365,0.54259,2,4,-0.47734
squeeze,GBPUSD,forex,D1,BB20_2_sq125,2018,2,-0.8497,0.3612,0,2,0.78187
squeeze,GBPUSD,forex,D1,BB20_2_sq125,2019,3,-0.76077,1.1867,1,3,-1.0838
squeeze,GBPUSD,forex,D1,BB20_2_sq125,2020,1,-0.038179,0.0014576,0,1,-0.054362
squeeze,GBPUSD,forex,D1,BB20_2_sq125,2021,3,0.14407,0.12044,1,3,-0.98001
squeeze,GBPUSD,forex,D1,BB20_2_sq125,2023,3,-1.009,0.56591,1,3,0.9145
squeeze,GBPUSD,forex,D1,BB20_2_sq125,2024,1,0.41471,0.17199,1,1,-1.0111
squeeze,GBPUSD,forex,D1,BB20_2_sq125,2025,1,-1.0097,1.0195,0,1,1.8479
squeeze,GBPUSD,forex,D1,BB20_2_sq125,2026,2,5.4541,23.334,2,2,-2.0969
squeeze,GER40.cash,index,M5,BB20_2_sq125,2022,569,-191.77,539.14,145,569,-177.76
squeeze,GER40.cash,index,M5,BB20_2_sq125,2023,639,-411.39,839.88,121,639,-417.91
squeeze,GER40.cash,index,M5,BB20_2_sq125,2024,604,-381.91,737.62,84,604,-351.19
squeeze,GER40.cash,index,M5,BB20_2_sq125,2025,604,-174.36,576.5,134,604,-91.99
squeeze,GER40.cash,index,M5,BB20_2_sq125,2026,422,-94.512,342.43,116,422,-87.094
squeeze,GER40.cash,index,M15,BB20_2_sq125,2022,152,1.186,247.07,51,152,-41.632
squeeze,GER40.cash,index,M15,BB20_2_sq125,2023,156,-35.732,234.72,37,156,-50.657
squeeze,GER40.cash,index,M15,BB20_2_sq125,2024,146,-74.986,97.613,28,146,-27.235
squeeze,GER40.cash,index,M15,BB20_2_sq125,2025,151,-37.019,97.159,35,151,-10.041
squeeze,GER40.cash,index,M15,BB20_2_sq125,2026,122,-20.435,72.076,26,122,-19.199
squeeze,GER40.cash,index,M30,BB20_2_sq125,2022,90,-15.038,44.321,28,90,5.515
squeeze,GER40.cash,index,M30,BB20_2_sq125,2023,82,4.1938,284.64,21,82,-10.736
squeeze,GER40.cash,index,M30,BB20_2_sq125,2024,86,-2.1602,161.6,28,86,-14.053
squeeze,GER40.cash,index,M30,BB20_2_sq125,2025,90,-3.9997,100.94,32,90,-4.5568
squeeze,GER40.cash,index,M30,BB20_2_sq125,2026,58,-12.322,37.432,14,58,1.9699
squeeze,GER40.cash,index,H1,BB20_2_sq125,2022,39,2.2255,69.127,12,39,0.9334
squeeze,GER40.cash,index,H1,BB20_2_sq125,2023,45,-6.94,20.94,15,45,2.8591
squeeze,GER40.cash,index,H1,BB20_2_sq125,2024,44,14.177,80.259,16,44,-8.5984
squeeze,GER40.cash,index,H1,BB20_2_sq125,2025,44,3.7906,42.277,18,44,-6.213
squeeze,GER40.cash,index,H1,BB20_2_sq125,2026,38,-6.3139,10.493,12,38,3.4783
squeeze,GER40.cash,index,H4,BB20_2_sq125,2022,13,-0.27994,3.977,7,13,0.044022
squeeze,GER40.cash,index,H4,BB20_2_sq125,2023,14,-1.3835,9.5301,2,14,2.0792
squeeze,GER40.cash,index,H4,BB20_2_sq125,2024,11,-2.6845,3.3351,2,11,2.0704
squeeze,GER40.cash,index,H4,BB20_2_sq125,2025,13,0.31638,5.9563,6,13,-1.194
squeeze,GER40.cash,index,H4,BB20_2_sq125,2026,9,-0.69917,2.6855,4,9,-1.1952
squeeze,GER40.cash,index,D1,BB20_2_sq125,2020,4,-2.4279,2.2311,1,4,1.8996
squeeze,GER40.cash,index,D1,BB20_2_sq125,2021,3,-0.89049,1.0434,1,3,0.76333
squeeze,GER40.cash,index,D1,BB20_2_sq125,2022,1,0.078571,0.0061735,1,1,-0.11305
squeeze,GER40.cash,index,D1,BB20_2_sq125,2023,2,-0.49309,0.2303,0,2,0.4109
squeeze,GER40.cash,index,D1,BB20_2_sq125,2024,1,-0.78396,0.6146,0,1,0.76507
squeeze,GER40.cash,index,D1,BB20_2_sq125,2025,3,-0.43921,0.3115,1,3,0.34597
squeeze,GER40.cash,index,D1,BB20_2_sq125,2026,1,-0.4748,0.22543,0,1,0.44557
squeeze,GOOG,stock,M5,BB20_2_sq125,2021,70,73.819,9294.5,20,70,-35.203
squeeze,GOOG,stock,M5,BB20_2_sq125,2022,145,-14.411,92.241,55,145,-15.791
squeeze,GOOG,stock,M5,BB20_2_sq125,2023,142,-3.5624,488.45,51,142,-33.076
squeeze,GOOG,stock,M5,BB20_2_sq125,2024,142,-29.677,170.09,39,142,-18.959
squeeze,GOOG,stock,M5,BB20_2_sq125,2025,133,-17.441,234.71,36,133,-45.45
squeeze,GOOG,stock,M5,BB20_2_sq125,2026,105,-25.312,226.17,27,105,-30.721
squeeze,GOOG,stock,M15,BB20_2_sq125,2021,16,-2.8541,69.055,3,16,6.6937
squeeze,GOOG,stock,M15,BB20_2_sq125,2022,47,-2.1448,184.44,19,47,8.0016
squeeze,GOOG,stock,M15,BB20_2_sq125,2023,55,3.8531,52.718,21,55,-7.7776
squeeze,GOOG,stock,M15,BB20_2_sq125,2024,51,-7.6365,124.6,18,51,6.9031
squeeze,GOOG,stock,M15,BB20_2_sq125,2025,51,-6.5062,71.222,19,51,-2.8845
squeeze,GOOG,stock,M15,BB20_2_sq125,2026,36,-2.2471,38.459,9,36,-9.905
squeeze,GOOG,stock,M30,BB20_2_sq125,2021,8,-7.1999,11.881,0,8,1.9133
squeeze,GOOG,stock,M30,BB20_2_sq125,2022,31,8.8655,69.775,13,31,-2.6163
squeeze,GOOG,stock,M30,BB20_2_sq125,2023,23,9.6776,30.233,13,23,-10.854
squeeze,GOOG,stock,M30,BB20_2_sq125,2024,23,2.617,30.185,10,23,0.13663
squeeze,GOOG,stock,M30,BB20_2_sq125,2025,25,-7.8735,56.55,12,25,1.8433
squeeze,GOOG,stock,M30,BB20_2_sq125,2026,17,2.394,6.3986,10,17,-4.5485
squeeze,GOOG,stock,H1,BB20_2_sq125,2021,5,4.854,21.996,2,5,-2.9308
squeeze,GOOG,stock,H1,BB20_2_sq125,2022,11,-0.91295,6.0335,3,11,1.8033
squeeze,GOOG,stock,H1,BB20_2_sq125,2023,15,5.1759,24.728,5,15,-1.5755
squeeze,GOOG,stock,H1,BB20_2_sq125,2024,13,-2.3101,2.7461,5,13,0.65806
squeeze,GOOG,stock,H1,BB20_2_sq125,2025,15,-1.0921,4.5381,3,15,0.30418
squeeze,GOOG,stock,H1,BB20_2_sq125,2026,10,2.0534,5.0899,5,10,-1.9953
squeeze,GOOG,stock,H4,BB20_2_sq125,2022,2,0.14255,0.097378,1,2,-0.1974
squeeze,GOOG,stock,H4,BB20_2_sq125,2023,5,0.54512,0.67034,3,5,-0.73622
squeeze,GOOG,stock,H4,BB20_2_sq125,2024,4,-0.88071,0.4734,1,4,0.65034
squeeze,GOOG,stock,H4,BB20_2_sq125,2025,5,1.3051,4.3157,3,5,-0.83814
squeeze,GOOG,stock,H4,BB20_2_sq125,2026,3,1.8212,1.8777,2,3,-1.7119
squeeze,GOOG,stock,D1,BB20_2_sq125,2020,1,-0.15725,0.024726,0,1,0.095665
squeeze,GOOG,stock,D1,BB20_2_sq125,2021,3,-1.1631,1.0605,1,3,1.0055
squeeze,GOOG,stock,D1,BB20_2_sq125,2022,1,0.21164,0.044791,1,1,-0.23797
squeeze,GOOG,stock,D1,BB20_2_sq125,2023,3,0.55956,0.78805,2,3,-0.88466
squeeze,GOOG,stock,D1,BB20_2_sq125,2024,3,-0.99663,0.53784,1,3,0.90017
squeeze,GOOG,stock,D1,BB20_2_sq125,2025,1,-0.16807,0.028247,0,1,0.11089
squeeze,GOOG,stock,D1,BB20_2_sq125,2026,2,-0.93218,0.82643,0,2,-0.14638
squeeze,HK50.cash,index,M5,BB20_2_sq125,2021,139,-76.2,175.73,24,139,-69.739
squeeze,HK50.cash,index,M5,BB20_2_sq125,2022,478,-269.06,996.28,83,478,-286
squeeze,HK50.cash,index,M5,BB20_2_sq125,2023,492,-615.75,2682,68,492,-648.81
squeeze,HK50.cash,index,M5,BB20_2_sq125,2024,511,-694.66,3609.3,73,511,-691.43
squeeze,HK50.cash,index,M5,BB20_2_sq125,2025,326,-114.91,590.77,51,326,-128.55
squeeze,HK50.cash,index,M5,BB20_2_sq125,2026,247,-80.076,227.07,51,247,-70.613
squeeze,HK50.cash,index,M15,BB20_2_sq125,2021,49,-8.6024,82.986,18,49,-16.453
squeeze,HK50.cash,index,M15,BB20_2_sq125,2022,158,-26.602,201.65,49,158,-20.087
squeeze,HK50.cash,index,M15,BB20_2_sq125,2023,156,-83.233,315.4,29,156,-59.156
squeeze,HK50.cash,index,M15,BB20_2_sq125,2024,156,-92.654,468.75,30,156,-76.666
squeeze,HK50.cash,index,M15,BB20_2_sq125,2025,110,-16.465,215.43,28,110,-12.773
squeeze,HK50.cash,index,M15,BB20_2_sq125,2026,85,-2.7719,104.9,28,85,-26.036
squeeze,HK50.cash,index,M30,BB20_2_sq125,2021,24,-8.1266,14.536,6,24,1.4632
squeeze,HK50.cash,index,M30,BB20_2_sq125,2022,73,-22.169,69.012,18,73,9.5882
squeeze,HK50.cash,index,M30,BB20_2_sq125,2023,75,-1.6351,142.84,27,75,-13.488
squeeze,HK50.cash,index,M30,BB20_2_sq125,2024,77,-29.424,59.699,19,77,-6.2778
squeeze,HK50.cash,index,M30,BB20_2_sq125,2025,54,5.729,88.451,18,54,-11.192
squeeze,HK50.cash,index,M30,BB20_2_sq125,2026,42,0.44639,35.845,21,42,-12.798
squeeze,HK50.cash,index,H1,BB20_2_sq125,2021,14,-3.7429,4.65,4,14,-3.2742
squeeze,HK50.cash,index,H1,BB20_2_sq125,2022,43,-0.87928,29.594,15,43,-4.8355
squeeze,HK50.cash,index,H1,BB20_2_sq125,2023,38,8.9909,65.495,15,38,-8.9444
squeeze,HK50.cash,index,H1,BB20_2_sq125,2024,44,-1.1839,37.308,17,44,0.70224
squeeze,HK50.cash,index,H1,BB20_2_sq125,2025,29,-5.1207,9.4104,9,29,0.018098
squeeze,HK50.cash,index,H1,BB20_2_sq125,2026,22,-4.111,5.804,6,22,0.34462
squeeze,HK50.cash,index,H4,BB20_2_sq125,2021,2,1.677,1.5082,2,2,-2.0503
squeeze,HK50.cash,index,H4,BB20_2_sq125,2022,11,-2.1003,1.8334,3,11,-0.042845
squeeze,HK50.cash,index,H4,BB20_2_sq125,2023,11,-0.27864,3.3367,4,11,-1.9478
squeeze,HK50.cash,index,H4,BB20_2_sq125,2024,10,0.5698,2.2235,3,10,-1.8346
squeeze,HK50.cash,index,H4,BB20_2_sq125,2025,9,-3.3077,2.8421,2,9,1.3546
squeeze,HK50.cash,index,H4,BB20_2_sq125,2026,10,-1.0275,1.5091,5,10,1.9806
squeeze,HK50.cash,index,D1,BB20_2_sq125,2019,1,4.1199,16.973,1,1,-1.0228
squeeze,HK50.cash,index,D1,BB20_2_sq125,2020,3,-0.49322,0.1649,1,3,0.42403
squeeze,HK50.cash,index,D1,BB20_2_sq125,2022,2,0.19889,0.0789,1,2,-0.24586
squeeze,HK50.cash,index,D1,BB20_2_sq125,2023,3,0.92512,1.9055,1,3,-0.64801
squeeze,HK50.cash,index,D1,BB20_2_sq125,2024,2,0.4868,0.1811,2,2,-0.55175
squeeze,HK50.cash,index,D1,BB20_2_sq125,2025,3,-0.16848,0.025693,1,3,0.063824
squeeze,HK50.cash,index,D1,BB20_2_sq125,2026,2,-0.18613,0.020896,0,2,0.072916
squeeze,INTC,stock,M5,BB20_2_sq125,2020,7,-2.7095,11.187,3,7,-5.6328
squeeze,INTC,stock,M5,BB20_2_sq125,2021,145,-85.214,384.15,25,145,-79.624
squeeze,INTC,stock,M5,BB20_2_sq125,2022,128,-54.393,276.07,28,128,-29.339
squeeze,INTC,stock,M5,BB20_2_sq125,2023,141,-25.992,407.87,35,141,-68.235
squeeze,INTC,stock,M5,BB20_2_sq125,2024,144,-49.137,411.52,30,144,-50.576
squeeze,INTC,stock,M5,BB20_2_sq125,2025,146,-58.046,326.92,30,146,-45.281
squeeze,INTC,stock,M5,BB20_2_sq125,2026,104,-10.056,398.38,23,104,-28.655
squeeze,INTC,stock,M15,BB20_2_sq125,2020,2,-0.098182,4.1131,1,2,-0.66912
squeeze,INTC,stock,M15,BB20_2_sq125,2021,54,-22.414,105.69,16,54,6.3792
squeeze,INTC,stock,M15,BB20_2_sq125,2022,43,-8.5873,69.479,12,43,-8.4297
squeeze,INTC,stock,M15,BB20_2_sq125,2023,56,-4.7921,83.484,17,56,-14.056
squeeze,INTC,stock,M15,BB20_2_sq125,2024,46,-24.403,287.88,9,46,12.254
squeeze,INTC,stock,M15,BB20_2_sq125,2025,51,-5.386,18.814,18,51,-5.7912
squeeze,INTC,stock,M15,BB20_2_sq125,2026,30,7.1376,152.82,10,30,-9.0285
squeeze,INTC,stock,M30,BB20_2_sq125,2021,23,-55.366,3201.9,11,23,-64.237
squeeze,INTC,stock,M30,BB20_2_sq125,2022,24,2.2467,39.372,10,24,-8.2946
squeeze,INTC,stock,M30,BB20_2_sq125,2023,25,3.31,10.802,13,25,-8.4688
squeeze,INTC,stock,M30,BB20_2_sq125,2024,23,-4.8504,14.867,6,23,1.0011
squeeze,INTC,stock,M30,BB20_2_sq125,2025,27,-4.7123,31.293,8,27,2.4203
squeeze,INTC,stock,M30,BB20_2_sq125,2026,14,-1.2447,7.4629,4,14,-0.063575
squeeze,INTC,stock,H1,BB20_2_sq125,2021,13,-2.0409,4.612,5,13,-3.3685
squeeze,INTC,stock,H1,BB20_2_sq125,2022,10,-1.3311,4.7193,6,10,5.1677
squeeze,INTC,stock,H1,BB20_2_sq125,2023,15,0.47671,6.6383,7,15,-3.1545
squeeze,INTC,stock,H1,BB20_2_sq125,2024,11,-2.7813,5.7338,6,11,-3.691
squeeze,INTC,stock,H1,BB20_2_sq125,2025,13,-1.6251,3.9567,4,13,0.12313
squeeze,INTC,stock,H1,BB20_2_sq125,2026,10,-1.4636,2.1507,2,10,0.52659
squeeze,INTC,stock,H4,BB20_2_sq125,2021,3,0.43295,0.2199,2,3,-1.0676
squeeze,INTC,stock,H4,BB20_2_sq125,2022,2,0.044023,0.052384,1,2,-0.18157
squeeze,INTC,stock,H4,BB20_2_sq125,2023,2,1.0464,0.87739,2,2,-1.2489
squeeze,INTC,stock,H4,BB20_2_sq125,2024,3,-2.1853,3.5207,1,3,1.7512
squeeze,INTC,stock,H4,BB20_2_sq125,2025,4,-0.90387,0.37291,1,4,-0.77835
squeeze,INTC,stock,H4,BB20_2_sq125,2026,4,1.636,1.5112,3,4,-1.9649
squeeze,INTC,stock,D1,BB20_2_sq125,2022,1,-0.34897,0.12178,0,1,0.25772
squeeze,INTC,stock,D1,BB20_2_sq125,2023,2,-1.5178,1.3573,0,2,1.1608
squeeze,INTC,stock,D1,BB20_2_sq125,2024,2,-0.69846,1.2305,1,2,-0.18115
squeeze,INTC,stock,D1,BB20_2_sq125,2025,2,0.28343,0.27584,1,2,-0.34734
squeeze,JNJ,stock,M5,BB20_2_sq125,2020,20,-8.1541,22.352,4,20,-7.3209
squeeze,JNJ,stock,M5,BB20_2_sq125,2021,129,-92.539,217.97,21,129,-59.832
squeeze,JNJ,stock,M5,BB20_2_sq125,2022,143,-66.065,192.91,29,143,-46.438
squeeze,JNJ,stock,M5,BB20_2_sq125,2023,137,-75.191,126.86,26,137,-44.658
squeeze,JNJ,stock,M5,BB20_2_sq125,2024,143,-75.158,182.25,20,143,-61.841
squeeze,JNJ,stock,M5,BB20_2_sq125,2025,135,-53.698,246.27,27,135,-23.079
squeeze,JNJ,stock,M5,BB20_2_sq125,2026,110,-38.762,263.76,18,110,-39.295
squeeze,JNJ,stock,M15,BB20_2_sq125,2020,10,-6.7285,16.721,1,10,-1.96
squeeze,JNJ,stock,M15,BB20_2_sq125,2021,41,-5.6302,41.143,17,41,-18.687
squeeze,JNJ,stock,M15,BB20_2_sq125,2022,43,-18.384,88.578,15,43,6.5211
squeeze,JNJ,stock,M15,BB20_2_sq125,2023,49,-17.983,32.28,14,49,-1.5756
squeeze,JNJ,stock,M15,BB20_2_sq125,2024,49,-17.528,176.68,15,49,-12.558
squeeze,JNJ,stock,M15,BB20_2_sq125,2025,55,2.8731,293.84,18,55,-5.7697
squeeze,JNJ,stock,M15,BB20_2_sq125,2026,36,4.8889,99.852,13,36,-5.1819
squeeze,JNJ,stock,M30,BB20_2_sq125,2020,4,1.867,6.9575,2,4,-0.15108
squeeze,JNJ,stock,M30,BB20_2_sq125,2021,19,2.3541,61.67,5,19,-1.0659
squeeze,JNJ,stock,M30,BB20_2_sq125,2022,21,-1.3535,27.498,7,21,0.42315
squeeze,JNJ,stock,M30,BB20_2_sq125,2023,17,-5.003,4.1461,4,17,1.1055
squeeze,JNJ,stock,M30,BB20_2_sq125,2024,24,-2.1959,24.51,7,24,-4.6802
squeeze,JNJ,stock,M30,BB20_2_sq125,2025,22,-2.9335,7.9362,6,22,-2.4701
squeeze,JNJ,stock,M30,BB20_2_sq125,2026,14,-0.80899,18.016,2,14,1.1731
squeeze,JNJ,stock,H1,BB20_2_sq125,2020,1,0.54416,0.29611,1,1,-1.0344
squeeze,JNJ,stock,H1,BB20_2_sq125,2021,14,-1.6749,4.7322,6,14,-1.5101
squeeze,JNJ,stock,H1,BB20_2_sq125,2022,15,-3.1183,5.3471,4,15,-0.027981
squeeze,JNJ,stock,H1,BB20_2_sq125,2023,18,0.49153,9.8381,5,18,-3.5635
squeeze,JNJ,stock,H1,BB20_2_sq125,2024,8,-0.41809,6.1472,2,8,0.85137
squeeze,JNJ,stock,H1,BB20_2_sq125,2025,16,-4.9198,4.4368,4,16,2.6851
squeeze,JNJ,stock,H1,BB20_2_sq125,2026,10,2.1221,3.5528,5,10,-3.8189
squeeze,JNJ,stock,H4,BB20_2_sq125,2021,4,-1.4031,0.89821,1,4,0.85163
squeeze,JNJ,stock,H4,BB20_2_sq125,2022,3,0.75106,2.1615,1,3,-0.60222
squeeze,JNJ,stock,H4,BB20_2_sq125,2023,5,0.57235,1.3732,3,5,-1.0276
squeeze,JNJ,stock,H4,BB20_2_sq125,2024,3,0.1613,0.041915,2,3,-1.3502
squeeze,JNJ,stock,H4,BB20_2_sq125,2025,4,-6.0732,11.532,0,4,6.7653
squeeze,JNJ,stock,H4,BB20_2_sq125,2026,2,-1.347,0.9331,0,2,1.1718
squeeze,JNJ,stock,D1,BB20_2_sq125,2021,3,-0.66589,0.21288,0,3,0.43695
squeeze,JNJ,stock,D1,BB20_2_sq125,2022,2,0.544,0.21696,2,2,-0.7116
squeeze,JNJ,stock,D1,BB20_2_sq125,2023,1,0.29873,0.08924,1,1,-0.41596
squeeze,JNJ,stock,D1,BB20_2_sq125,2024,2,-0.30184,0.56493,1,2,0.083285
squeeze,JNJ,stock,D1,BB20_2_sq125,2025,2,-0.40293,0.29429,1,2,0.15105
squeeze,JP225.cash,index,M5,BB20_2_sq125,2021,155,-80.699,125.82,23,155,-53.787
squeeze,JP225.cash,index,M5,BB20_2_sq125,2022,486,-107.11,415.56,129,486,-172.05
squeeze,JP225.cash,index,M5,BB20_2_sq125,2023,536,-138.29,1082.1,117,536,-197.92
squeeze,JP225.cash,index,M5,BB20_2_sq125,2024,525,-136.26,291.5,128,525,-133.01
squeeze,JP225.cash,index,M5,BB20_2_sq125,2025,530,42.642,4933.2,167,530,-168.7
squeeze,JP225.cash,index,M5,BB20_2_sq125,2026,411,-75.956,654.15,110,411,-38.131
squeeze,JP225.cash,index,M15,BB20_2_sq125,2021,59,0.28211,81.464,18,59,-15.735
squeeze,JP225.cash,index,M15,BB20_2_sq125,2022,165,-33.315,98.723,43,165,-19.826
squeeze,JP225.cash,index,M15,BB20_2_sq125,2023,164,-13.347,212.23,44,164,-27.025
squeeze,JP225.cash,index,M15,BB20_2_sq125,2024,171,-5.8769,164.04,58,171,-28.123
squeeze,JP225.cash,index,M15,BB20_2_sq125,2025,169,-37.699,89.14,47,169,-5.6847
squeeze,JP225.cash,index,M15,BB20_2_sq125,2026,127,4.3123,213.9,46,127,-12.268
squeeze,JP225.cash,index,M30,BB20_2_sq125,2021,30,15.932,309.24,13,30,-14.836
squeeze,JP225.cash,index,M30,BB20_2_sq125,2022,94,-4.5499,71.373,33,94,-17.3
squeeze,JP225.cash,index,M30,BB20_2_sq125,2023,81,-1.8664,39.3,34,81,-15.567
squeeze,JP225.cash,index,M30,BB20_2_sq125,2024,94,9.3814,152.09,34,94,-8.2174
squeeze,JP225.cash,index,M30,BB20_2_sq125,2025,100,2.0096,110.3,32,100,-4.3701
squeeze,JP225.cash,index,M30,BB20_2_sq125,2026,62,-6.4006,26.343,16,62,-5.4525
squeeze,JP225.cash,index,H1,BB20_2_sq125,2021,14,0.1736,23.138,4,14,0.30995
squeeze,JP225.cash,index,H1,BB20_2_sq125,2022,47,5.1001,62.566,20,47,-7.2779
squeeze,JP225.cash,index,H1,BB20_2_sq125,2023,44,0.90243,33.412,18,44,-0.44498
squeeze,JP225.cash,index,H1,BB20_2_sq125,2024,43,4.0651,44.365,15,43,-2.085
squeeze,JP225.cash,index,H1,BB20_2_sq125,2025,34,-7.1175,18.036,7,34,10.416
squeeze,JP225.cash,index,H1,BB20_2_sq125,2026,30,-1.6807,9.0889,11,30,-0.40777
squeeze,JP225.cash,index,H4,BB20_2_sq125,2021,4,-1.0401,0.32047,0,4,0.79941
squeeze,JP225.cash,index,H4,BB20_2_sq125,2022,17,-1.7299,3.6251,5,17,0.13675
squeeze,JP225.cash,index,H4,BB20_2_sq125,2023,12,3.689,21.52,5,12,-2.356
squeeze,JP225.cash,index,H4,BB20_2_sq125,2024,12,1.1502,7.8184,5,12,-1.0619
squeeze,JP225.cash,index,H4,BB20_2_sq125,2025,13,-0.63698,8.7407,2,13,1.6242
squeeze,JP225.cash,index,H4,BB20_2_sq125,2026,6,2.118,15.317,3,6,0.90479
squeeze,JP225.cash,index,D1,BB20_2_sq125,2018,1,-0.37993,0.14434,0,1,0.34408
squeeze,JP225.cash,index,D1,BB20_2_sq125,2019,2,-0.14133,1.822,1,2,-0.6569
squeeze,JP225.cash,index,D1,BB20_2_sq125,2020,3,-0.89131,0.33167,0,3,0.73056
squeeze,JP225.cash,index,D1,BB20_2_sq125,2021,2,0.13718,0.024845,1,2,-0.21186
squeeze,JP225.cash,index,D1,BB20_2_sq125,2022,2,1.7455,2.0164,2,2,-1.4436
squeeze,JP225.cash,index,D1,BB20_2_sq125,2023,2,-0.48953,0.1292,0,2,0.40975
squeeze,JP225.cash,index,D1,BB20_2_sq125,2024,3,-0.11836,0.21076,2,3,-0.024464
squeeze,JP225.cash,index,D1,BB20_2_sq125,2025,2,-1.0503,1.0174,0,2,1.2954
squeeze,JP225.cash,index,D1,BB20_2_sq125,2026,1,0.49138,0.24145,1,1,-1.0089
squeeze,JPM,stock,M5,BB20_2_sq125,2020,26,-9.4645,27.524,5,26,-6.2617
squeeze,JPM,stock,M5,BB20_2_sq125,2021,145,-32.124,379.63,27,145,-16.798
squeeze,JPM,stock,M5,BB20_2_sq125,2022,142,-19.556,86.715,45,142,-32.472
squeeze,JPM,stock,M5,BB20_2_sq125,2023,134,-33.701,273.33,28,134,-29.248
squeeze,JPM,stock,M5,BB20_2_sq125,2024,134,-45.184,152.35,32,134,-35.085
squeeze,JPM,stock,M5,BB20_2_sq125,2025,144,-41.334,401.9,25,144,-35.069
squeeze,JPM,stock,M5,BB20_2_sq125,2026,107,-57.832,1400.9,18,107,-14.925
squeeze,JPM,stock,M15,BB20_2_sq125,2020,9,-2.7033,14.322,2,9,-3.9962
squeeze,JPM,stock,M15,BB20_2_sq125,2021,47,1.5617,44.462,15,47,-9.3581
squeeze,JPM,stock,M15,BB20_2_sq125,2022,46,-5.1464,70.936,19,46,2.381
squeeze,JPM,stock,M15,BB20_2_sq125,2023,44,-9.9305,27.814,13,44,0.10498
squeeze,JPM,stock,M15,BB20_2_sq125,2024,49,16.025,244.61,18,49,-7.3812
squeeze,JPM,stock,M15,BB20_2_sq125,2025,48,5.3086,32.66,23,48,-20.288
squeeze,JPM,stock,M15,BB20_2_sq125,2026,39,-29.448,75.274,3,39,-4.9743
squeeze,JPM,stock,M30,BB20_2_sq125,2020,5,0.031933,0.068447,2,5,-1.5253
squeeze,JPM,stock,M30,BB20_2_sq125,2021,23,-4.6517,5.7017,9,23,-1.2743
squeeze,JPM,stock,M30,BB20_2_sq125,2022,22,-2.874,10.645,9,22,-4.0791
squeeze,JPM,stock,M30,BB20_2_sq125,2023,25,-9.1605,7.5213,5,25,3.313
squeeze,JPM,stock,M30,BB20_2_sq125,2024,23,3.7423,28.793,10,23,-5.5567
squeeze,JPM,stock,M30,BB20_2_sq125,2025,25,-6.4636,11.299,4,25,2.0006
squeeze,JPM,stock,M30,BB20_2_sq125,2026,17,-4.2075,8.7129,4,17,-2.5383
squeeze,JPM,stock,H1,BB20_2_sq125,2020,5,-1.1798,0.45706,0,5,-0.68116
squeeze,JPM,stock,H1,BB20_2_sq125,2021,14,-0.4339,2.6256,6,14,-1.0977
squeeze,JPM,stock,H1,BB20_2_sq125,2022,15,1.6613,44.901,6,15,1.4152
squeeze,JPM,stock,H1,BB20_2_sq125,2023,15,-2.946,6.3449,5,15,2.1579
squeeze,JPM,stock,H1,BB20_2_sq125,2024,10,-2.77,6.8778,2,10,0.86666
squeeze,JPM,stock,H1,BB20_2_sq125,2025,11,-3.1625,2.9693,4,11,1.8791
squeeze,JPM,stock,H1,BB20_2_sq125,2026,9,2.8632,34.359,3,9,-2.2307
squeeze,JPM,stock,H4,BB20_2_sq125,2021,2,-0.015557,0.00083622,1,2,-0.21386
squeeze,JPM,stock,H4,BB20_2_sq125,2022,4,-1.049,2.2439,1,4,0.7459
squeeze,JPM,stock,H4,BB20_2_sq125,2023,3,0.79243,0.61402,2,3,-1.2881
squeeze,JPM,stock,H4,BB20_2_sq125,2024,4,-0.059924,0.41951,1,4,-0.31638
squeeze,JPM,stock,H4,BB20_2_sq125,2025,1,-0.049183,0.0024189,0,1,-0.045679
squeeze,JPM,stock,H4,BB20_2_sq125,2026,4,-0.61305,1.534,2,4,-0.19025
squeeze,JPM,stock,D1,BB20_2_sq125,2021,2,-0.42433,0.14497,0,2,-1.1322
squeeze,JPM,stock,D1,BB20_2_sq125,2022,1,-1.0096,1.0193,0,1,1.2743
squeeze,JPM,stock,D1,BB20_2_sq125,2023,3,2.7477,4.0868,3,3,-2.036
squeeze,JPM,stock,D1,BB20_2_sq125,2024,2,-0.3571,0.22146,1,2,0.27424
squeeze,JPM,stock,D1,BB20_2_sq125,2025,1,0.52902,0.27986,1,1,-0.60653
squeeze,JPM,stock,D1,BB20_2_sq125,2026,1,-0.159,0.025282,0,1,0.11053
squeeze,KO,stock,M5,BB20_2_sq125,2020,25,-23.783,61.993,3,25,-9.7759
squeeze,KO,stock,M5,BB20_2_sq125,2021,119,-129.47,279.53,10,119,-129.35
squeeze,KO,stock,M5,BB20_2_sq125,2022,131,-106.43,264.81,19,131,-91.584
squeeze,KO,stock,M5,BB20_2_sq125,2023,143,-164.65,536.29,17,143,-166.28
squeeze,KO,stock,M5,BB20_2_sq125,2024,136,-168.17,848.08,17,136,-179.23
squeeze,KO,stock,M5,BB20_2_sq125,2025,141,-141.11,323.12,15,141,-124.23
squeeze,KO,stock,M5,BB20_2_sq125,2026,111,-121.86,568.17,6,111,-117.71
squeeze,KO,stock,M15,BB20_2_sq125,2020,6,2.1101,16.513,2,6,-5.43
squeeze,KO,stock,M15,BB20_2_sq125,2021,42,-29.637,58.337,7,42,-18.143
squeeze,KO,stock,M15,BB20_2_sq125,2022,45,-14.382,40.842,15,45,-23.594
squeeze,KO,stock,M15,BB20_2_sq125,2023,47,-21.551,89.117,13,47,-31.122
squeeze,KO,stock,M15,BB20_2_sq125,2024,50,-29.294,68.143,7,50,-12.265
squeeze,KO,stock,M15,BB20_2_sq125,2025,44,-27.559,71.997,7,44,-16.347
squeeze,KO,stock,M15,BB20_2_sq125,2026,37,-34.681,270.55,6,37,-17.927
squeeze,KO,stock,M30,BB20_2_sq125,2020,5,-1.8269,15.254,3,5,-0.48997
squeeze,KO,stock,M30,BB20_2_sq125,2021,19,-11.95,18.862,2,19,-2.4916
squeeze,KO,stock,M30,BB20_2_sq125,2022,21,1.5594,53.616,7,21,-4.9989
squeeze,KO,stock,M30,BB20_2_sq125,2023,22,-25.425,244.28,3,22,-17.095
squeeze,KO,stock,M30,BB20_2_sq125,2024,17,-10.345,14.945,1,17,-8.4593
squeeze,KO,stock,M30,BB20_2_sq125,2025,21,-3.8541,50.844,8,21,-18.475
squeeze,KO,stock,M30,BB20_2_sq125,2026,20,-6.3732,9.0039,5,20,-7.6563
squeeze,KO,stock,H1,BB20_2_sq125,2020,3,-1.0278,0.51267,0,3,0.32973
squeeze,KO,stock,H1,BB20_2_sq125,2021,15,-0.52695,8.3679,4,15,-3.6191
squeeze,KO,stock,H1,BB20_2_sq125,2022,11,-7.7007,10.341,1,11,2.036
squeeze,KO,stock,H1,BB20_2_sq125,2023,12,-6.5893,10.107,1,12,-3.8084
squeeze,KO,stock,H1,BB20_2_sq125,2024,9,0.26458,12.516,2,9,-2.9739
squeeze,KO,stock,H1,BB20_2_sq125,2025,15,-0.62795,5.9054,7,15,-6.1807
squeeze,KO,stock,H1,BB20_2_sq125,2026,9,-2.7581,2.1731,2,9,-0.81459
squeeze,KO,stock,H4,BB20_2_sq125,2021,4,1.4555,1.9786,3,4,-2.2544
squeeze,KO,stock,H4,BB20_2_sq125,2022,2,-0.79917,0.41435,0,2,0.46028
squeeze,KO,stock,H4,BB20_2_sq125,2023,6,0.78444,7.5843,3,6,-1.7002
squeeze,KO,stock,H4,BB20_2_sq125,2024,2,-0.16725,0.016334,0,2,-0.25373
squeeze,KO,stock,H4,BB20_2_sq125,2025,4,-0.73452,3.646,1,4,-0.20928
squeeze,KO,stock,H4,BB20_2_sq125,2026,2,2.1748,2.4034,2,2,-2.2329
squeeze,KO,stock,D1,BB20_2_sq125,2021,2,0.03989,0.0022046,1,2,-0.55105
squeeze,KO,stock,D1,BB20_2_sq125,2022,1,-0.16106,0.02594,0,1,0.032703
squeeze,KO,stock,D1,BB20_2_sq125,2023,3,4.9732,37.505,2,3,-3.1593
squeeze,KO,stock,D1,BB20_2_sq125,2024,2,-0.9019,1.0873,1,2,0.39042
squeeze,KO,stock,D1,BB20_2_sq125,2025,2,-0.16065,0.049257,1,2,-1.1076
squeeze,KO,stock,D1,BB20_2_sq125,2026,1,0.48627,0.23646,1,1,-1.1369
squeeze,LTCUSD,crypto,M5,BB20_2_sq125,2018,544,-6244.7,6.9927e+06,32,544,-6866.2
squeeze,LTCUSD,crypto,M5,BB20_2_sq125,2019,527,-10385,6.3533e+05,2,527,-9870.3
squeeze,LTCUSD,crypto,M5,BB20_2_sq125,2020,510,-8240.1,1.2823e+06,29,510,-6833.8
squeeze,LTCUSD,crypto,M5,BB20_2_sq125,2021,597,-317.1,638.25,99,597,-215.3
squeeze,LTCUSD,crypto,M5,BB20_2_sq125,2022,770,-767.6,1566.8,59,770,-643.16
squeeze,LTCUSD,crypto,M5,BB20_2_sq125,2023,796,-1026.6,2077,43,796,-972.06
squeeze,LTCUSD,crypto,M5,BB20_2_sq125,2024,782,-1207,3127.8,37,782,-1126.4
squeeze,LTCUSD,crypto,M5,BB20_2_sq125,2025,741,-1991.9,10524,38,741,-1971.2
squeeze,LTCUSD,crypto,M5,BB20_2_sq125,2026,597,-1035.8,3001,34,597,-1104.8
squeeze,LTCUSD,crypto,M15,BB20_2_sq125,2018,196,-482.95,56471,16,196,-968.14
squeeze,LTCUSD,crypto,M15,BB20_2_sq125,2019,182,-2070.6,2.004e+05,4,182,-1857
squeeze,LTCUSD,crypto,M15,BB20_2_sq125,2020,182,-1592.2,65896,16,182,-1429
squeeze,LTCUSD,crypto,M15,BB20_2_sq125,2021,204,-71.198,432.92,48,204,-45.496
squeeze,LTCUSD,crypto,M15,BB20_2_sq125,2022,267,-145.33,248.98,37,267,-130.75
squeeze,LTCUSD,crypto,M15,BB20_2_sq125,2023,265,-200.29,349.82,34,265,-181.92
squeeze,LTCUSD,crypto,M15,BB20_2_sq125,2024,268,-204.67,438.99,35,268,-233.11
squeeze,LTCUSD,crypto,M15,BB20_2_sq125,2025,255,-417.82,1357.7,24,255,-402.73
squeeze,LTCUSD,crypto,M15,BB20_2_sq125,2026,190,-209.24,563.36,16,190,-187.64
squeeze,LTCUSD,crypto,M30,BB20_2_sq125,2018,109,-213.28,1589.6,13,109,-326.61
squeeze,LTCUSD,crypto,M30,BB20_2_sq125,2019,98,-1210.7,99500,1,98,-450.64
squeeze,LTCUSD,crypto,M30,BB20_2_sq125,2020,104,-803.68,38957,8,104,-411.86
squeeze,LTCUSD,crypto,M30,BB20_2_sq125,2021,104,-18.789,94.184,27,104,-16.352
squeeze,LTCUSD,crypto,M30,BB20_2_sq125,2022,124,-55.988,158.17,16,124,-40.7
squeeze,LTCUSD,crypto,M30,BB20_2_sq125,2023,136,-59.856,243.75,16,136,-57.067
squeeze,LTCUSD,crypto,M30,BB20_2_sq125,2024,129,-86.152,126.42,18,129,-75.818
squeeze,LTCUSD,crypto,M30,BB20_2_sq125,2025,121,-144.44,379.38,16,121,-149.81
squeeze,LTCUSD,crypto,M30,BB20_2_sq125,2026,93,-62.725,112.29,12,93,-67.019
squeeze,LTCUSD,crypto,H1,BB20_2_sq125,2018,52,-96.979,927.53,4,52,-97.699
squeeze,LTCUSD,crypto,H1,BB20_2_sq125,2019,47,-140.35,9118.5,2,47,-191.53
squeeze,LTCUSD,crypto,H1,BB20_2_sq125,2020,38,-137.15,1018.2,0,38,-240.26
squeeze,LTCUSD,crypto,H1,BB20_2_sq125,2021,56,-18.519,166.74,14,56,-6.7529
squeeze,LTCUSD,crypto,H1,BB20_2_sq125,2022,66,-19.716,58.188,12,66,-16.224
squeeze,LTCUSD,crypto,H1,BB20_2_sq125,2023,61,-26.6,63.119,10,61,-19.423
squeeze,LTCUSD,crypto,H1,BB20_2_sq125,2024,60,-29.993,51.939,6,60,-21.945
squeeze,LTCUSD,crypto,H1,BB20_2_sq125,2025,67,-41.282,205.49,13,67,-50.018
squeeze,LTCUSD,crypto,H1,BB20_2_sq125,2026,53,-17.761,37.431,14,53,-34.442
squeeze,LTCUSD,crypto,H4,BB20_2_sq125,2018,9,21.028,624.68,3,9,-38.528
squeeze,LTCUSD,crypto,H4,BB20_2_sq125,2019,13,-96.575,6178.9,2,13,10.101
squeeze,LTCUSD,crypto,H4,BB20_2_sq125,2020,8,-82.778,2538.3,1,8,38.049
squeeze,LTCUSD,crypto,H4,BB20_2_sq125,2021,15,-2.5887,3.5578,4,15,1.9022
squeeze,LTCUSD,crypto,H4,BB20_2_sq125,2022,16,1.6375,12.343,6,16,-3.7264
squeeze,LTCUSD,crypto,H4,BB20_2_sq125,2023,15,-0.81495,7.4062,6,15,-5.7511
squeeze,LTCUSD,crypto,H4,BB20_2_sq125,2024,16,-7.2706,8.3532,2,16,0.58112
squeeze,LTCUSD,crypto,H4,BB20_2_sq125,2025,14,-3.4179,9.7272,2,14,-6.2763
squeeze,LTCUSD,crypto,H4,BB20_2_sq125,2026,13,-4.9889,3.7438,1,13,-1.4271
squeeze,LTCUSD,crypto,D1,BB20_2_sq125,2012,1,-0.10645,0.011332,0,1,-0.10645
squeeze,LTCUSD,crypto,D1,BB20_2_sq125,2013,3,0.49097,0.66258,1,3,-1.6657
squeeze,LTCUSD,crypto,D1,BB20_2_sq125,2014,4,-1.6465,0.70676,0,4,-1.1624
squeeze,LTCUSD,crypto,D1,BB20_2_sq125,2015,3,-0.72132,0.20252,0,3,-0.072998
squeeze,LTCUSD,crypto,D1,BB20_2_sq125,2016,3,-2.6444,2.582,0,3,-0.89466
squeeze,LTCUSD,crypto,D1,BB20_2_sq125,2017,1,-0.23195,0.0538,0,1,-0.1416
squeeze,LTCUSD,crypto,D1,BB20_2_sq125,2018,2,-0.015249,0.00013258,0,2,-0.015582
squeeze,LTCUSD,crypto,D1,BB20_2_sq125,2019,4,-4.3174,4.6601,0,4,-0.31805
squeeze,LTCUSD,crypto,D1,BB20_2_sq125,2020,3,-0.5192,1.2527,1,3,-0.54629
squeeze,LTCUSD,crypto,D1,BB20_2_sq125,2021,5,1.1503,4.9477,3,5,-4.0801
squeeze,LTCUSD,crypto,D1,BB20_2_sq125,2022,2,-0.44744,0.12846,0,2,0.16481
squeeze,LTCUSD,crypto,D1,BB20_2_sq125,2023,3,-0.19147,0.48424,1,3,-0.68203
squeeze,LTCUSD,crypto,D1,BB20_2_sq125,2024,2,-1.302,1.2788,0,2,-1.0758
squeeze,LTCUSD,crypto,D1,BB20_2_sq125,2025,4,-1.7885,1.1254,0,4,0.31892
squeeze,LTCUSD,crypto,D1,BB20_2_sq125,2026,3,-0.81656,0.30186,0,3,0.01466
squeeze,MCD,stock,M5,BB20_2_sq125,2024,109,-29.815,116.38,26,109,-32.653
squeeze,MCD,stock,M5,BB20_2_sq125,2025,145,-53.475,282.3,43,145,-56.064
squeeze,MCD,stock,M5,BB20_2_sq125,2026,107,-17.466,272.55,25,107,-23.785
squeeze,MCD,stock,M15,BB20_2_sq125,2024,38,-12.246,64.019,10,38,1.5517
squeeze,MCD,stock,M15,BB20_2_sq125,2025,39,2.2266,67.44,9,39,-12.574
squeeze,MCD,stock,M15,BB20_2_sq125,2026,28,-14.943,43.973,8,28,-4.3105
squeeze,MCD,stock,M30,BB20_2_sq125,2024,17,-4.5557,9.9702,5,17,-0.9474
squeeze,MCD,stock,M30,BB20_2_sq125,2025,23,1.9559,17.511,9,23,-6.8012
squeeze,MCD,stock,M30,BB20_2_sq125,2026,15,-3.5678,10.202,6,15,1.1329
squeeze,MCD,stock,H1,BB20_2_sq125,2024,13,0.48726,6.552,6,13,-2.506
squeeze,MCD,stock,H1,BB20_2_sq125,2025,13,-3.9978,5.0188,3,13,2.0295
squeeze,MCD,stock,H1,BB20_2_sq125,2026,13,0.079608,4.5032,4,13,-1.3662
squeeze,MCD,stock,H4,BB20_2_sq125,2024,3,0.52078,2.7689,2,3,-0.95819
squeeze,MCD,stock,H4,BB20_2_sq125,2025,3,1.3191,2.424,2,3,-1.7052
squeeze,MCD,stock,H4,BB20_2_sq125,2026,1,0.36629,0.13417,1,1,-1.0765
squeeze,MCD,stock,D1,BB20_2_sq125,2025,3,0.87281,1.2393,2,3,-1.193
squeeze,MCD,stock,D1,BB20_2_sq125,2026,1,0.27129,0.073597,1,1,-0.38116
squeeze,META,stock,M5,BB20_2_sq125,2021,67,-1.5974,87.426,20,67,-10.663
squeeze,META,stock,M5,BB20_2_sq125,2022,141,-6.8334,210.8,52,141,-11.493
squeeze,META,stock,M5,BB20_2_sq125,2023,137,-4.902,100.64,42,137,-17.508
squeeze,META,stock,M5,BB20_2_sq125,2024,148,-9.6166,524.73,40,148,2.2939
squeeze,META,stock,M5,BB20_2_sq125,2025,134,-26.044,923.24,42,134,-30.771
squeeze,META,stock,M5,BB20_2_sq125,2026,104,-13.534,189.18,27,104,-19.52
squeeze,META,stock,M15,BB20_2_sq125,2021,20,-0.56944,16.249,9,20,-0.83436
squeeze,META,stock,M15,BB20_2_sq125,2022,50,1.9285,47.634,20,50,1.9584
squeeze,META,stock,M15,BB20_2_sq125,2023,53,4.0243,35.671,21,53,-9.077
squeeze,META,stock,M15,BB20_2_sq125,2024,55,-7.4957,113.28,19,55,-0.52024
squeeze,META,stock,M15,BB20_2_sq125,2025,50,-10.772,21.017,16,50,3.0732
squeeze,META,stock,M15,BB20_2_sq125,2026,37,-3.8661,28.47,16,37,-4.1095
squeeze,META,stock,M30,BB20_2_sq125,2021,5,1.4308,1.9202,3,5,-1.34
squeeze,META,stock,M30,BB20_2_sq125,2022,21,6.5292,41.121,8,21,-6.4443
squeeze,META,stock,M30,BB20_2_sq125,2023,18,-2.6519,9.285,5,18,9.2296
squeeze,META,stock,M30,BB20_2_sq125,2024,19,-4.9139,6.7624,6,19,0.96574
squeeze,META,stock,M30,BB20_2_sq125,2025,22,-7.0977,11.613,6,22,1.6626
squeeze,META,stock,M30,BB20_2_sq125,2026,20,-6.0228,38.225,7,20,-12.045
squeeze,META,stock,H1,BB20_2_sq125,2021,3,-0.8938,0.577,1,3,0.7901
squeeze,META,stock,H1,BB20_2_sq125,2022,15,-0.42789,4.1527,5,15,0.28914
squeeze,META,stock,H1,BB20_2_sq125,2023,16,-0.45434,4.8544,4,16,0.47948
squeeze,META,stock,H1,BB20_2_sq125,2024,11,1.3621,3.0496,4,11,-2.0215
squeeze,META,stock,H1,BB20_2_sq125,2025,13,-1.0992,5.6424,3,13,1.4258
squeeze,META,stock,H1,BB20_2_sq125,2026,10,1.588,1.4872,7,10,-3.0537
squeeze,META,stock,H4,BB20_2_sq125,2021,1,0.0072063,5.1931e-05,1,1,-0.029304
squeeze,META,stock,H4,BB20_2_sq125,2022,3,0.48512,0.19099,2,3,-0.56942
squeeze,META,stock,H4,BB20_2_sq125,2023,6,1.8202,2.8178,4,6,-2.1841
squeeze,META,stock,H4,BB20_2_sq125,2024,1,-0.74104,0.54914,0,1,0.70772
squeeze,META,stock,H4,BB20_2_sq125,2025,2,-0.1132,0.58707,1,2,0.034602
squeeze,META,stock,H4,BB20_2_sq125,2026,3,-0.73413,0.24162,0,3,0.5635
squeeze,META,stock,D1,BB20_2_sq125,2020,1,-0.040916,0.0016741,0,1,0.018072
squeeze,META,stock,D1,BB20_2_sq125,2021,2,0.26722,0.053843,2,2,-0.44555
squeeze,META,stock,D1,BB20_2_sq125,2023,3,1.0808,1.1965,2,3,-1.0616
squeeze,META,stock,D1,BB20_2_sq125,2024,1,0.020961,0.00043935,1,1,-0.070755
squeeze,META,stock,D1,BB20_2_sq125,2025,1,0.086437,0.0074713,1,1,-0.11895
squeeze,META,stock,D1,BB20_2_sq125,2026,1,0.67642,0.45754,1,1,-0.74369
squeeze,MSFT,stock,M5,BB20_2_sq125,2015,156,-11.651,93.614,50,156,-18.349
squeeze,MSFT,stock,M5,BB20_2_sq125,2016,138,-12.011,93.008,45,138,-13.956
squeeze,MSFT,stock,M5,BB20_2_sq125,2017,146,-71.622,1177.7,39,146,-5.8217
squeeze,MSFT,stock,M5,BB20_2_sq125,2018,146,-8.3353,103.93,45,146,-16.102
squeeze,MSFT,stock,M5,BB20_2_sq125,2019,103,89.342,5955.7,37,103,-30.011
squeeze,MSFT,stock,M5,BB20_2_sq125,2021,60,-15.752,70.745,20,60,-18.397
squeeze,MSFT,stock,M5,BB20_2_sq125,2022,144,1.2973,67.697,52,144,-11.197
squeeze,MSFT,stock,M5,BB20_2_sq125,2023,149,-30.015,426.46,49,149,-8.9396
squeeze,MSFT,stock,M5,BB20_2_sq125,2024,143,3.4601,584.82,39,143,-40.67
squeeze,MSFT,stock,M5,BB20_2_sq125,2025,151,-50.71,889.82,42,151,-43.068
squeeze,MSFT,stock,M5,BB20_2_sq125,2026,111,9.8481,569.33,30,111,-34.382
squeeze,MSFT,stock,M15,BB20_2_sq125,2015,47,3.2473,69.436,19,47,-7.9941
squeeze,MSFT,stock,M15,BB20_2_sq125,2016,44,-19.279,85.018,11,44,6.0966
squeeze,MSFT,stock,M15,BB20_2_sq125,2017,56,-5.4468,47.04,22,56,-5.9811
squeeze,MSFT,stock,M15,BB20_2_sq125,2018,53,-5.1274,48.195,19,53,-1.4477
squeeze,MSFT,stock,M15,BB20_2_sq125,2019,36,1.1854,24.652,12,36,-3.3118
squeeze,MSFT,stock,M15,BB20_2_sq125,2021,24,8.8475,24.672,14,24,-6.4607
squeeze,MSFT,stock,M15,BB20_2_sq125,2022,48,5.967,29.48,22,48,-8.1283
squeeze,MSFT,stock,M15,BB20_2_sq125,2023,43,-7.4672,86.965,15,43,-4.6843
squeeze,MSFT,stock,M15,BB20_2_sq125,2024,46,-2.7711,25.789,18,46,-9.8526
squeeze,MSFT,stock,M15,BB20_2_sq125,2025,58,-9.1532,26.843,19,58,-5.0627
squeeze,MSFT,stock,M15,BB20_2_sq125,2026,32,-0.57076,29.599,13,32,-9.5365
squeeze,MSFT,stock,M30,BB20_2_sq125,2015,23,5.8522,26.132,12,23,-7.1386
squeeze,MSFT,stock,M30,BB20_2_sq125,2016,26,3.0835,20.348,12,26,-2.896
squeeze,MSFT,stock,M30,BB20_2_sq125,2017,28,-0.19277,12.595,11,28,-3.2254
squeeze,MSFT,stock,M30,BB20_2_sq125,2018,27,-3.6838,17.797,10,27,3.838
squeeze,MSFT,stock,M30,BB20_2_sq125,2019,22,3.3644,24.626,9,22,-3.6172
squeeze,MSFT,stock,M30,BB20_2_sq125,2021,9,-1.3946,2.6666,2,9,0.72151
squeeze,MSFT,stock,M30,BB20_2_sq125,2022,21,6.0361,33.218,12,21,-4.0256
squeeze,MSFT,stock,M30,BB20_2_sq125,2023,22,-4.3363,20.047,7,22,4.6512
squeeze,MSFT,stock,M30,BB20_2_sq125,2024,25,1.4017,15.91,8,25,0.13225
squeeze,MSFT,stock,M30,BB20_2_sq125,2025,28,-0.4845,17.4,8,28,-0.55377
squeeze,MSFT,stock,M30,BB20_2_sq125,2026,20,6.3888,39.97,10,20,-4.9876
squeeze,MSFT,stock,H1,BB20_2_sq125,2015,14,-0.77922,5.5523,7,14,-0.63272
squeeze,MSFT,stock,H1,BB20_2_sq125,2016,14,-1.7672,2.5884,7,14,-0.98831
squeeze,MSFT,stock,H1,BB20_2_sq125,2017,11,4.5004,8.6531,8,11,-4.0298
squeeze,MSFT,stock,H1,BB20_2_sq125,2018,14,-1.9219,5.1007,6,14,1.7811
squeeze,MSFT,stock,H1,BB20_2_sq125,2019,11,0.074108,1.9115,4,11,-2.0837
squeeze,MSFT,stock,H1,BB20_2_sq125,2021,3,-0.5747,0.63551,1,3,0.47872
squeeze,MSFT,stock,H1,BB20_2_sq125,2022,13,1.0081,28.268,3,13,2.4853
squeeze,MSFT,stock,H1,BB20_2_sq125,2023,16,0.88846,2.1017,7,16,-2.6252
squeeze,MSFT,stock,H1,BB20_2_sq125,2024,13,1.8482,7.4207,7,13,-1.4744
squeeze,MSFT,stock,H1,BB20_2_sq125,2025,19,-4.6157,5.8316,5,19,0.6796
squeeze,MSFT,stock,H1,BB20_2_sq125,2026,13,1.8204,5.3756,7,13,-1.5762
squeeze,MSFT,stock,H4,BB20_2_sq125,2015,2,6.3835,46.69,1,2,-0.61524
squeeze,MSFT,stock,H4,BB20_2_sq125,2016,6,0.82838,0.50706,4,6,-2.2647
squeeze,MSFT,stock,H4,BB20_2_sq125,2017,5,-0.85812,0.42724,1,5,0.59429
squeeze,MSFT,stock,H4,BB20_2_sq125,2018,4,-0.41463,1.8643,2,4,-0.31949
squeeze,MSFT,stock,H4,BB20_2_sq125,2019,3,0.30587,1.2306,2,3,-0.63756
squeeze,MSFT,stock,H4,BB20_2_sq125,2022,4,-0.38841,0.58132,1,4,0.30592
squeeze,MSFT,stock,H4,BB20_2_sq125,2023,5,-0.68422,1.7112,2,5,0.8991
squeeze,MSFT,stock,H4,BB20_2_sq125,2024,4,-0.33736,0.17379,1,4,0.19073
squeeze,MSFT,stock,H4,BB20_2_sq125,2025,5,-1.5889,0.68966,0,5,1.3224
squeeze,MSFT,stock,H4,BB20_2_sq125,2026,3,-1.6832,1.0409,0,3,1.5367
squeeze,MSFT,stock,D1,BB20_2_sq125,2008,1,0.23686,0.056104,1,1,-0.28141
squeeze,MSFT,stock,D1,BB20_2_sq125,2009,4,1.8313,1.8248,3,4,-2.0534
squeeze,MSFT,stock,D1,BB20_2_sq125,2011,1,-0.52877,0.2796,0,1,0.49157
squeeze,MSFT,stock,D1,BB20_2_sq125,2012,2,0.26439,1.1391,1,2,-0.46492
squeeze,MSFT,stock,D1,BB20_2_sq125,2013,1,-1.0466,1.0955,0,1,-0.028954
squeeze,MSFT,stock,D1,BB20_2_sq125,2014,2,9.0002,73.247,2,2,-2.0493
squeeze,MSFT,stock,D1,BB20_2_sq125,2015,3,1.0693,4.6602,2,3,-0.53903
squeeze,MSFT,stock,D1,BB20_2_sq125,2016,1,-0.46752,0.21857,0,1,0.44746
squeeze,MSFT,stock,D1,BB20_2_sq125,2017,1,-0.40891,0.16721,0,1,0.26585
squeeze,MSFT,stock,D1,BB20_2_sq125,2018,2,-0.16875,0.22485,1,2,0.073796
squeeze,MSFT,stock,D1,BB20_2_sq125,2019,4,-1.8269,1.4743,1,4,1.6628
squeeze,MSFT,stock,D1,BB20_2_sq125,2020,1,-0.30871,0.095299,0,1,0.24252
squeeze,MSFT,stock,D1,BB20_2_sq125,2021,2,0.17161,0.28931,1,2,-0.27953
squeeze,MSFT,stock,D1,BB20_2_sq125,2022,1,-0.10031,0.010062,0,1,0.06707
squeeze,MSFT,stock,D1,BB20_2_sq125,2023,4,-1.1143,0.56991,1,4,0.96229
squeeze,MSFT,stock,D1,BB20_2_sq125,2024,2,-1.2545,2.6918,1,2,1.1846
squeeze,MSFT,stock,D1,BB20_2_sq125,2025,4,-1.2685,0.72891,0,4,1.0754
squeeze,MSFT,stock,D1,BB20_2_sq125,2026,1,0.35749,0.1278,1,1,-1.029
squeeze,MSTR,stock,M5,BB20_2_sq125,2021,14,-2.1262,22.187,6,14,-3.3038
squeeze,MSTR,stock,M5,BB20_2_sq125,2022,125,23.843,526.17,44,125,-28.387
squeeze,MSTR,stock,M5,BB20_2_sq125,2023,110,-5.124,119.42,43,110,-32.854
squeeze,MSTR,stock,M5,BB20_2_sq125,2024,144,16.576,493.35,54,144,-39.646
squeeze,MSTR,stock,M5,BB20_2_sq125,2025,146,-25.287,522.02,38,146,-13.136
squeeze,MSTR,stock,M5,BB20_2_sq125,2026,107,-31.128,190.88,34,107,-10.412
squeeze,MSTR,stock,M15,BB20_2_sq125,2021,4,1.2737,1.8655,2,4,-2.3007
squeeze,MSTR,stock,M15,BB20_2_sq125,2022,47,6.6864,121.44,25,47,12.439
squeeze,MSTR,stock,M15,BB20_2_sq125,2023,42,-11.047,30.039,13,42,3.6062
squeeze,MSTR,stock,M15,BB20_2_sq125,2024,50,8.9911,210.02,17,50,-2.8693
squeeze,MSTR,stock,M15,BB20_2_sq125,2025,48,2.0601,91.31,17,48,-8.6483
squeeze,MSTR,stock,M15,BB20_2_sq125,2026,37,-12.354,52.902,11,37,0.39835
squeeze,MSTR,stock,M30,BB20_2_sq125,2021,1,-0.56377,0.31784,0,1,0.49443
squeeze,MSTR,stock,M30,BB20_2_sq125,2022,19,-3.7268,9.4364,9,19,-0.31918
squeeze,MSTR,stock,M30,BB20_2_sq125,2023,26,2.2093,22.848,8,26,-1.8509
squeeze,MSTR,stock,M30,BB20_2_sq125,2024,22,-7.301,6.521,5,22,3.0701
squeeze,MSTR,stock,M30,BB20_2_sq125,2025,23,-0.040423,14.5,8,23,-2.0924
squeeze,MSTR,stock,M30,BB20_2_sq125,2026,25,-2.1032,7.7388,8,25,-1.0907
squeeze,MSTR,stock,H1,BB20_2_sq125,2021,1,-0.63785,0.40685,0,1,0.52724
squeeze,MSTR,stock,H1,BB20_2_sq125,2022,12,-1.2791,2.341,5,12,0.56256
squeeze,MSTR,stock,H1,BB20_2_sq125,2023,14,-1.5532,12.571,4,14,1.5558
squeeze,MSTR,stock,H1,BB20_2_sq125,2024,14,0.52133,5.252,6,14,-3.4613
squeeze,MSTR,stock,H1,BB20_2_sq125,2025,11,-3.1284,4.7352,3,11,1.8947
squeeze,MSTR,stock,H1,BB20_2_sq125,2026,13,-1.3451,3.0714,4,13,0.3712
squeeze,MSTR,stock,H4,BB20_2_sq125,2022,3,0.60997,0.45249,2,3,-0.71222
squeeze,MSTR,stock,H4,BB20_2_sq125,2023,4,0.39567,1.3563,2,4,-0.62778
squeeze,MSTR,stock,H4,BB20_2_sq125,2024,3,-1.4408,0.81537,0,3,1.3548
squeeze,MSTR,stock,H4,BB20_2_sq125,2025,4,2.1607,9.7083,2,4,-0.28456
squeeze,MSTR,stock,H4,BB20_2_sq125,2026,4,-2.5338,3.1599,0,4,-0.88208
squeeze,MSTR,stock,D1,BB20_2_sq125,2021,1,0.077469,0.0060015,1,1,-0.10705
squeeze,MSTR,stock,D1,BB20_2_sq125,2022,1,-0.013256,0.00017571,0,1,-0.016132
squeeze,MSTR,stock,D1,BB20_2_sq125,2023,3,0.069884,0.020706,1,3,-0.15251
squeeze,MSTR,stock,D1,BB20_2_sq125,2024,1,-0.48975,0.23986,0,1,0.46776
squeeze,MSTR,stock,D1,BB20_2_sq125,2025,3,-1.878,1.4235,0,3,1.6997
squeeze,MSTR,stock,D1,BB20_2_sq125,2026,1,1.0276,1.0561,1,1,-1.0154
squeeze,N25.cash,index,M5,BB20_2_sq125,2020,13,-7.7065,14.972,4,13,-8.4165
squeeze,N25.cash,index,M5,BB20_2_sq125,2021,242,-53.696,266.9,59,242,-122.55
squeeze,N25.cash,index,M5,BB20_2_sq125,2022,88,-9.4849,71.445,26,88,-24.469
squeeze,N25.cash,index,M5,BB20_2_sq125,2023,67,-31.3,53.334,16,67,-23.281
squeeze,N25.cash,index,M5,BB20_2_sq125,2024,137,-114.9,189.1,15,137,-83.944
squeeze,N25.cash,index,M5,BB20_2_sq125,2025,314,-636.53,5276.4,24,314,-662.63
squeeze,N25.cash,index,M5,BB20_2_sq125,2026,241,-183.63,410.35,33,241,-168.14
squeeze,N25.cash,index,M15,BB20_2_sq125,2020,5,-2.4365,2.5275,1,5,-0.34557
squeeze,N25.cash,index,M15,BB20_2_sq125,2021,83,10.23,173.48,27,83,-36.115
squeeze,N25.cash,index,M15,BB20_2_sq125,2022,33,0.49566,33.936,9,33,-2.9383
squeeze,N25.cash,index,M15,BB20_2_sq125,2023,24,-2.4065,15.17,8,24,-4.1274
squeeze,N25.cash,index,M15,BB20_2_sq125,2024,51,-20.879,38.527,13,51,-12.958
squeeze,N25.cash,index,M15,BB20_2_sq125,2025,112,-107.93,203.5,13,112,-108.49
squeeze,N25.cash,index,M15,BB20_2_sq125,2026,86,-45.882,285.25,20,86,-45.942
squeeze,N25.cash,index,M30,BB20_2_sq125,2020,1,-1.0854,1.1781,0,1,1.3243
squeeze,N25.cash,index,M30,BB20_2_sq125,2021,37,3.6165,28.503,13,37,-11.63
squeeze,N25.cash,index,M30,BB20_2_sq125,2022,13,-1.6366,11.883,4,13,-0.37065
squeeze,N25.cash,index,M30,BB20_2_sq125,2023,15,-4.2837,2.5482,2,15,-0.19271
squeeze,N25.cash,index,M30,BB20_2_sq125,2024,20,-4.3045,11.038,7,20,-3.5823
squeeze,N25.cash,index,M30,BB20_2_sq125,2025,52,-49.623,122.98,2,52,-26.897
squeeze,N25.cash,index,M30,BB20_2_sq125,2026,39,-15.383,15.596,9,39,-2.4833
squeeze,N25.cash,index,H1,BB20_2_sq125,2021,18,-2.1967,5.6439,5,18,-2.1909
squeeze,N25.cash,index,H1,BB20_2_sq125,2022,6,1.6835,2.6919,4,6,-1.5893
squeeze,N25.cash,index,H1,BB20_2_sq125,2023,4,-1.3096,0.86346,1,4,0.30024
squeeze,N25.cash,index,H1,BB20_2_sq125,2024,14,-4.4351,5.4202,3,14,-0.15218
squeeze,N25.cash,index,H1,BB20_2_sq125,2025,34,-17.479,27.125,7,34,-14.238
squeeze,N25.cash,index,H1,BB20_2_sq125,2026,16,-6.1994,9.9639,4,16,-2.4746
squeeze,N25.cash,index,H4,BB20_2_sq125,2021,4,-1.7368,2.0617,1,4,1.0863
squeeze,N25.cash,index,H4,BB20_2_sq125,2022,2,-0.39625,0.11785,0,2,0.29997
squeeze,N25.cash,index,H4,BB20_2_sq125,2023,2,-0.77024,1.183,1,2,-0.51846
squeeze,N25.cash,index,H4,BB20_2_sq125,2024,2,0.33472,0.17441,1,2,-0.78912
squeeze,N25.cash,index,H4,BB20_2_sq125,2025,7,-2.3001,6.6167,3,7,-3.2846
squeeze,N25.cash,index,H4,BB20_2_sq125,2026,6,-1.5852,2.0355,2,6,0.87937
squeeze,N25.cash,index,D1,BB20_2_sq125,2025,1,-0.83961,0.70494,0,1,0.47266
squeeze,N25.cash,index,D1,BB20_2_sq125,2026,3,-0.55424,0.26983,1,3,0.29008
squeeze,NATGAS.cash,energy,M5,BB20_2_sq125,2024,109,-854.95,9930.7,0,109,-834.04
squeeze,NATGAS.cash,energy,M5,BB20_2_sq125,2025,582,-3915.1,42990,5,582,-3985.9
squeeze,NATGAS.cash,energy,M5,BB20_2_sq125,2026,411,-5201.2,1.2236e+05,4,411,-5198.1
squeeze,NATGAS.cash,energy,M15,BB20_2_sq125,2024,22,-112.7,879.51,0,22,-108.97
squeeze,NATGAS.cash,energy,M15,BB20_2_sq125,2025,145,-536.69,2714,3,145,-547.22
squeeze,NATGAS.cash,energy,M15,BB20_2_sq125,2026,118,-822.76,7550.6,2,118,-786.44
squeeze,NATGAS.cash,energy,M30,BB20_2_sq125,2024,14,-28.199,123.33,1,14,-42.064
squeeze,NATGAS.cash,energy,M30,BB20_2_sq125,2025,87,-186.1,545.36,2,87,-176.2
squeeze,NATGAS.cash,energy,M30,BB20_2_sq125,2026,66,-271.25,1533.6,1,66,-261.94
squeeze,NATGAS.cash,energy,H1,BB20_2_sq125,2024,6,-3.7003,5.0431,1,6,-7.6164
squeeze,NATGAS.cash,energy,H1,BB20_2_sq125,2025,38,-46.456,105.64,3,38,-41.835
squeeze,NATGAS.cash,energy,H1,BB20_2_sq125,2026,35,-77.341,271.2,4,35,-66.267
squeeze,NATGAS.cash,energy,H4,BB20_2_sq125,2024,1,-0.46385,0.21515,0,1,0.001388
squeeze,NATGAS.cash,energy,H4,BB20_2_sq125,2025,12,-7.5291,7.5531,1,12,-5.5614
squeeze,NATGAS.cash,energy,H4,BB20_2_sq125,2026,8,-12.375,22.253,0,8,-0.79308
squeeze,NATGAS.cash,energy,D1,BB20_2_sq125,2025,3,0.029116,0.61119,1,3,-1.227
squeeze,NATGAS.cash,energy,D1,BB20_2_sq125,2026,4,-2.1747,1.9267,1,4,-2.96
squeeze,NFLX,stock,M5,BB20_2_sq125,2021,58,1.2858,225.9,19,58,-7.1899
squeeze,NFLX,stock,M5,BB20_2_sq125,2022,134,-16.153,121.22,48,134,-18.815
squeeze,NFLX,stock,M5,BB20_2_sq125,2023,140,-9.1526,207.31,37,140,-25.727
squeeze,NFLX,stock,M5,BB20_2_sq125,2024,145,-43.902,133.18,42,145,-7.831
squeeze,NFLX,stock,M5,BB20_2_sq125,2025,136,-52.529,299.39,34,136,-34.162
squeeze,NFLX,stock,M5,BB20_2_sq125,2026,118,-149.13,665.9,14,118,-137.56
squeeze,NFLX,stock,M15,BB20_2_sq125,2021,21,-9.3609,11.493,2,21,-0.75937
squeeze,NFLX,stock,M15,BB20_2_sq125,2022,49,-0.2213,43.276,19,49,-1.2075
squeeze,NFLX,stock,M15,BB20_2_sq125,2023,45,-10.847,28.003,12,45,2.912
squeeze,NFLX,stock,M15,BB20_2_sq125,2024,48,0.61564,70.053,20,48,-15.121
squeeze,NFLX,stock,M15,BB20_2_sq125,2025,46,-5.9515,72.965,17,46,-12.978
squeeze,NFLX,stock,M15,BB20_2_sq125,2026,39,-27.285,71.666,8,39,-16.683
squeeze,NFLX,stock,M30,BB20_2_sq125,2021,10,-1.5489,18.23,5,10,-0.65166
squeeze,NFLX,stock,M30,BB20_2_sq125,2022,20,-1.6164,5.8664,6,20,1.352
squeeze,NFLX,stock,M30,BB20_2_sq125,2023,24,-0.27425,7.7419,11,24,-4.984
squeeze,NFLX,stock,M30,BB20_2_sq125,2024,19,1.1392,13.761,8,19,-4.7484
squeeze,NFLX,stock,M30,BB20_2_sq125,2025,26,-7.7967,19.53,8,26,5.7414
squeeze,NFLX,stock,M30,BB20_2_sq125,2026,20,-13.222,11.107,0,20,-0.54094
squeeze,NFLX,stock,H1,BB20_2_sq125,2021,5,-1.2532,1.89,2,5,-1.2594
squeeze,NFLX,stock,H1,BB20_2_sq125,2022,16,3.7252,19.208,8,16,-2.8573
squeeze,NFLX,stock,H1,BB20_2_sq125,2023,13,2.2354,6.8489,8,13,-5.9876
squeeze,NFLX,stock,H1,BB20_2_sq125,2024,12,0.55431,5.5499,4,12,-1.7986
squeeze,NFLX,stock,H1,BB20_2_sq125,2025,13,-8.4563,28.29,5,13,6.5452
squeeze,NFLX,stock,H1,BB20_2_sq125,2026,9,7.3119,36.29,5,9,-5.1877
squeeze,NFLX,stock,H4,BB20_2_sq125,2022,3,-0.56277,0.21981,1,3,0.5018
squeeze,NFLX,stock,H4,BB20_2_sq125,2023,6,-1.7993,1.6209,2,6,2.0174
squeeze,NFLX,stock,H4,BB20_2_sq125,2024,5,0.8509,2.0927,3,5,-1.0035
squeeze,NFLX,stock,H4,BB20_2_sq125,2025,4,0.084719,1.6624,3,4,0.06278
squeeze,NFLX,stock,H4,BB20_2_sq125,2026,3,-0.32653,0.17615,1,3,-0.13697
squeeze,NFLX,stock,D1,BB20_2_sq125,2021,3,1.9373,2.0992,3,3,-2.7833
squeeze,NFLX,stock,D1,BB20_2_sq125,2022,2,0.5163,0.14189,2,2,-0.566
squeeze,NFLX,stock,D1,BB20_2_sq125,2023,1,0.6857,0.47018,1,1,-1.0087
squeeze,NFLX,stock,D1,BB20_2_sq125,2024,2,-0.17343,0.14961,1,2,0.13593
squeeze,NFLX,stock,D1,BB20_2_sq125,2025,1,-0.62339,0.38862,0,1,0.56843
squeeze,NFLX,stock,D1,BB20_2_sq125,2026,1,0.10974,0.012043,1,1,-0.24109
squeeze,NKE,stock,M5,BB20_2_sq125,2020,25,-15.976,193.53,4,25,-48.493
squeeze,NKE,stock,M5,BB20_2_sq125,2021,136,-159.65,760.93,6,136,-214.76
squeeze,NKE,stock,M5,BB20_2_sq125,2022,137,-109.14,254.27,19,137,-128.59
squeeze,NKE,stock,M5,BB20_2_sq125,2023,136,-186.24,1511.8,26,136,-190.95
squeeze,NKE,stock,M5,BB20_2_sq125,2024,142,-143.16,608.22,23,142,-207.09
squeeze,NKE,stock,M5,BB20_2_sq125,2025,132,-120.37,463.92,20,132,-127.76
squeeze,NKE,stock,M5,BB20_2_sq125,2026,103,-110.56,232.19,12,103,-90.134
squeeze,NKE,stock,M15,BB20_2_sq125,2020,10,-9.8436,15.626,1,10,-1.139
squeeze,NKE,stock,M15,BB20_2_sq125,2021,46,-12.877,166.95,10,46,-30.027
squeeze,NKE,stock,M15,BB20_2_sq125,2022,44,-6.6265,80.174,10,44,-25.341
squeeze,NKE,stock,M15,BB20_2_sq125,2023,52,-47.935,252.97,9,52,-29.433
squeeze,NKE,stock,M15,BB20_2_sq125,2024,43,-54.517,656.9,8,43,-42.021
squeeze,NKE,stock,M15,BB20_2_sq125,2025,55,-22.5,116.76,17,55,-20.803
squeeze,NKE,stock,M15,BB20_2_sq125,2026,39,-17.904,34.436,10,39,-17.641
squeeze,NKE,stock,M30,BB20_2_sq125,2020,5,-2.4575,1.8148,1,5,-0.84707
squeeze,NKE,stock,M30,BB20_2_sq125,2021,22,-13.631,29.601,4,22,-10.878
squeeze,NKE,stock,M30,BB20_2_sq125,2022,27,-6.5566,22.714,3,27,-5.7651
squeeze,NKE,stock,M30,BB20_2_sq125,2023,22,-4.8023,14.585,7,22,-8.4582
squeeze,NKE,stock,M30,BB20_2_sq125,2024,24,-20.43,221.69,6,24,-25.173
squeeze,NKE,stock,M30,BB20_2_sq125,2025,21,-0.6878,9.9073,7,21,-8.1487
squeeze,NKE,stock,M30,BB20_2_sq125,2026,18,-0.33331,21.265,5,18,-7.6991
squeeze,NKE,stock,H1,BB20_2_sq125,2020,3,-2.048,2.7654,1,3,0.09208
squeeze,NKE,stock,H1,BB20_2_sq125,2021,10,0.68082,20.137,2,10,-8.2863
squeeze,NKE,stock,H1,BB20_2_sq125,2022,12,1.9128,9.5938,7,12,-2.6293
squeeze,NKE,stock,H1,BB20_2_sq125,2023,10,-2.144,2.8794,2,10,-2.786
squeeze,NKE,stock,H1,BB20_2_sq125,2024,13,0.41813,4.3451,7,13,-5.693
squeeze,NKE,stock,H1,BB20_2_sq125,2025,13,-0.14966,54.542,6,13,-4.0106
squeeze,NKE,stock,H1,BB20_2_sq125,2026,8,-3.8921,4.8522,1,8,1.8839
squeeze,NKE,stock,H4,BB20_2_sq125,2021,6,-0.92089,0.92727,2,6,-0.8646
squeeze,NKE,stock,H4,BB20_2_sq125,2022,4,0.42481,0.63217,2,4,-1.2781
squeeze,NKE,stock,H4,BB20_2_sq125,2023,5,-2.9416,2.2475,0,5,1.7931
squeeze,NKE,stock,H4,BB20_2_sq125,2024,6,-0.30903,3.7604,4,6,-2.5144
squeeze,NKE,stock,H4,BB20_2_sq125,2025,4,-1.429,1.0715,1,4,0.74053
squeeze,NKE,stock,H4,BB20_2_sq125,2026,3,-2.0382,3.1597,1,3,-1.8054
squeeze,NKE,stock,D1,BB20_2_sq125,2021,2,1.093,1.2956,1,2,-1.6223
squeeze,NKE,stock,D1,BB20_2_sq125,2022,1,-0.34093,0.11624,0,1,0.2467
squeeze,NKE,stock,D1,BB20_2_sq125,2023,3,0.62846,1.2574,1,3,-2.2701
squeeze,NKE,stock,D1,BB20_2_sq125,2024,2,-1.0124,0.51436,0,2,0.53876
squeeze,NKE,stock,D1,BB20_2_sq125,2026,2,-0.4519,0.30533,1,2,0.25658
squeeze,NVDA,stock,M5,BB20_2_sq125,2021,62,2.2101,254.86,18,62,-11.032
squeeze,NVDA,stock,M5,BB20_2_sq125,2022,152,-2.6604,128.03,52,152,-10.891
squeeze,NVDA,stock,M5,BB20_2_sq125,2023,139,19.78,220.86,56,139,-27.617
squeeze,NVDA,stock,M5,BB20_2_sq125,2024,148,-4.7997,231.37,43,148,-24.699
squeeze,NVDA,stock,M5,BB20_2_sq125,2025,147,-38.946,922.51,29,147,-29.905
squeeze,NVDA,stock,M5,BB20_2_sq125,2026,109,-11.772,568.91,21,109,-11.355
squeeze,NVDA,stock,M15,BB20_2_sq125,2021,19,0.52049,9.7177,9,19,-2.4446
squeeze,NVDA,stock,M15,BB20_2_sq125,2022,45,-5.248,28.92,20,45,4.5593
squeeze,NVDA,stock,M15,BB20_2_sq125,2023,45,7.0685,53.935,20,45,-4.7225
squeeze,NVDA,stock,M15,BB20_2_sq125,2024,56,14.7,203.27,28,56,-2.8659
squeeze,NVDA,stock,M15,BB20_2_sq125,2025,53,-0.9602,68.576,20,53,-7.6054
squeeze,NVDA,stock,M15,BB20_2_sq125,2026,35,-12.963,18.758,10,35,2.8755
squeeze,NVDA,stock,M30,BB20_2_sq125,2021,7,1.8566,6.0188,4,7,-3.7523
squeeze,NVDA,stock,M30,BB20_2_sq125,2022,22,4.3239,13.857,9,22,-3.0493
squeeze,NVDA,stock,M30,BB20_2_sq125,2023,24,8.4691,34.152,11,24,-7.7593
squeeze,NVDA,stock,M30,BB20_2_sq125,2024,23,5.2288,34.465,11,23,-3.8015
squeeze,NVDA,stock,M30,BB20_2_sq125,2025,25,-3.4492,9.5581,8,25,0.31825
squeeze,NVDA,stock,M30,BB20_2_sq125,2026,18,0.4185,11.082,8,18,-6.8269
squeeze,NVDA,stock,H1,BB20_2_sq125,2021,2,0.91247,0.54528,2,2,-1.2812
squeeze,NVDA,stock,H1,BB20_2_sq125,2022,13,3.1089,15.113,7,13,-1.7427
squeeze,NVDA,stock,H1,BB20_2_sq125,2023,17,-0.79943,4.0781,8,17,-1.1285
squeeze,NVDA,stock,H1,BB20_2_sq125,2024,11,1.0936,2.4379,5,11,-1.7242
squeeze,NVDA,stock,H1,BB20_2_sq125,2025,16,-2.6723,5.0481,6,16,0.61319
squeeze,NVDA,stock,H1,BB20_2_sq125,2026,9,-2.7013,2.2582,2,9,2.0832
squeeze,NVDA,stock,H4,BB20_2_sq125,2022,3,0.50177,0.37977,2,3,-0.92889
squeeze,NVDA,stock,H4,BB20_2_sq125,2023,2,0.075519,0.068679,1,2,-0.13764
squeeze,NVDA,stock,H4,BB20_2_sq125,2024,4,1.4566,1.8021,3,4,-1.6121
squeeze,NVDA,stock,H4,BB20_2_sq125,2025,4,2.9134,11.428,2,4,-0.82914
squeeze,NVDA,stock,H4,BB20_2_sq125,2026,3,-1.0655,1.3773,1,3,0.9225
squeeze,NVDA,stock,D1,BB20_2_sq125,2021,2,0.11445,1.8249,1,2,-0.14063
squeeze,NVDA,stock,D1,BB20_2_sq125,2022,3,0.14391,1.8059,1,3,-0.041438
squeeze,NVDA,stock,D1,BB20_2_sq125,2023,1,-0.60053,0.36063,0,1,0.5806
squeeze,NVDA,stock,D1,BB20_2_sq125,2024,2,1.1501,1.7897,1,2,-0.87484
squeeze,NVDA,stock,D1,BB20_2_sq125,2025,2,0.19316,0.10719,1,2,-0.28811
squeeze,NVDA,stock,D1,BB20_2_sq125,2026,1,-1.0155,1.0313,0,1,1.1441
squeeze,NZDCAD,forex,M15,BB20_2_sq125,2015,188,-124.46,253.7,27,188,-109.08
squeeze,NZDCAD,forex,M15,BB20_2_sq125,2016,184,-115.95,162.49,23,184,-55.287
squeeze,NZDCAD,forex,M15,BB20_2_sq125,2017,162,-82.86,137.49,30,162,-49.74
squeeze,NZDCAD,forex,M15,BB20_2_sq125,2018,175,-68.843,181.72,33,175,-51.321
squeeze,NZDCAD,forex,M15,BB20_2_sq125,2019,171,-107.53,191.44,24,171,-93.321
squeeze,NZDCAD,forex,M15,BB20_2_sq125,2020,166,-48.413,136.63,45,166,-13.898
squeeze,NZDCAD,forex,M15,BB20_2_sq125,2021,179,-62.734,172.23,39,179,-34.705
squeeze,NZDCAD,forex,M15,BB20_2_sq125,2022,174,-66.956,139.45,36,174,-36.291
squeeze,NZDCAD,forex,M15,BB20_2_sq125,2023,156,-63.267,224.53,25,156,-47.476
squeeze,NZDCAD,forex,M15,BB20_2_sq125,2024,175,-71.196,329.77,37,175,-69.552
squeeze,NZDCAD,forex,M15,BB20_2_sq125,2025,181,-122.26,341.95,26,181,-70.833
squeeze,NZDCAD,forex,M15,BB20_2_sq125,2026,141,-66.607,193.11,29,141,-48.886
squeeze,NZDCAD,forex,M30,BB20_2_sq125,2015,96,-29.711,102.34,23,96,-30.771
squeeze,NZDCAD,forex,M30,BB20_2_sq125,2016,98,-41.914,73.304,18,98,-23.408
squeeze,NZDCAD,forex,M30,BB20_2_sq125,2017,83,-46.898,53.116,10,83,-1.4689
squeeze,NZDCAD,forex,M30,BB20_2_sq125,2018,85,-15.766,57.593,24,85,-23.141
squeeze,NZDCAD,forex,M30,BB20_2_sq125,2019,92,-37.79,74.101,17,92,-23.848
squeeze,NZDCAD,forex,M30,BB20_2_sq125,2020,91,-3.1065,57.574,29,91,-8.8874
squeeze,NZDCAD,forex,M30,BB20_2_sq125,2021,87,4.2641,75.762,33,87,-13.533
squeeze,NZDCAD,forex,M30,BB20_2_sq125,2022,93,3.1835,89.517,36,93,-17.95
squeeze,NZDCAD,forex,M30,BB20_2_sq125,2023,93,-22.392,47.837,22,93,-10.568
squeeze,NZDCAD,forex,M30,BB20_2_sq125,2024,96,-41.993,82.412,21,96,-18.705
squeeze,NZDCAD,forex,M30,BB20_2_sq125,2025,83,-35.196,66.821,20,83,-22.733
squeeze,NZDCAD,forex,M30,BB20_2_sq125,2026,76,-22.867,63.774,20,76,-18.184
squeeze,NZDCAD,forex,H1,BB20_2_sq125,2015,47,-10.802,45.663,13,47,-9.7144
squeeze,NZDCAD,forex,H1,BB20_2_sq125,2016,46,-19.241,24.439,9,46,-2.6356
squeeze,NZDCAD,forex,H1,BB20_2_sq125,2017,42,-9.525,24.104,10,42,-9.5342
squeeze,NZDCAD,forex,H1,BB20_2_sq125,2018,42,-12.875,21.315,10,42,-6.5768
squeeze,NZDCAD,forex,H1,BB20_2_sq125,2019,40,-9.2927,27.562,12,40,-4.1517
squeeze,NZDCAD,forex,H1,BB20_2_sq125,2020,52,-0.36039,40.672,19,52,-3.389
squeeze,NZDCAD,forex,H1,BB20_2_sq125,2021,46,-0.99226,68.575,12,46,-0.7191
squeeze,NZDCAD,forex,H1,BB20_2_sq125,2022,53,-10.397,25.993,13,53,-0.044156
squeeze,NZDCAD,forex,H1,BB20_2_sq125,2023,42,-4.9986,29.722,12,42,-3.122
squeeze,NZDCAD,forex,H1,BB20_2_sq125,2024,41,-3.1388,16.466,16,41,-13.26
squeeze,NZDCAD,forex,H1,BB20_2_sq125,2025,42,-3.046,22.602,15,42,-8.6107
squeeze,NZDCAD,forex,H1,BB20_2_sq125,2026,36,-4.3095,14.8,10,36,-4.805
squeeze,NZDCAD,forex,H4,BB20_2_sq125,2015,10,-3.7222,6.2383,2,10,4.1736
squeeze,NZDCAD,forex,H4,BB20_2_sq125,2016,10,-0.20574,5.8727,5,10,-4.5909
squeeze,NZDCAD,forex,H4,BB20_2_sq125,2017,14,-1.6912,4.3772,4,14,-2.6968
squeeze,NZDCAD,forex,H4,BB20_2_sq125,2018,11,-1.9921,6.0734,3,11,0.011394
squeeze,NZDCAD,forex,H4,BB20_2_sq125,2019,9,2.5124,37.768,5,9,-8.6525
squeeze,NZDCAD,forex,H4,BB20_2_sq125,2020,10,1.1482,6.439,4,10,-3.2156
squeeze,NZDCAD,forex,H4,BB20_2_sq125,2021,15,-2.4056,12.642,4,15,2.0475
squeeze,NZDCAD,forex,H4,BB20_2_sq125,2022,8,3.0347,3.7544,6,8,-3.4993
squeeze,NZDCAD,forex,H4,BB20_2_sq125,2023,11,0.33923,3.5712,6,11,-2.2413
squeeze,NZDCAD,forex,H4,BB20_2_sq125,2024,12,0.43517,37.173,2,12,-0.17646
squeeze,NZDCAD,forex,H4,BB20_2_sq125,2025,10,-1.7141,7.4642,3,10,0.026192
squeeze,NZDCAD,forex,H4,BB20_2_sq125,2026,10,-2.9534,4.1798,2,10,0.17288
squeeze,NZDCAD,forex,D1,BB20_2_sq125,2008,1,-0.33238,0.11048,0,1,0.26606
squeeze,NZDCAD,forex,D1,BB20_2_sq125,2009,2,2.0404,3.9174,2,2,-1.167
squeeze,NZDCAD,forex,D1,BB20_2_sq125,2010,3,-0.76932,0.22825,0,3,0.53899
squeeze,NZDCAD,forex,D1,BB20_2_sq125,2011,1,2.2496,5.0606,1,1,-1.048
squeeze,NZDCAD,forex,D1,BB20_2_sq125,2013,1,-0.2007,0.040282,0,1,0.090585
squeeze,NZDCAD,forex,D1,BB20_2_sq125,2014,3,1.8201,10.229,1,3,-0.11561
squeeze,NZDCAD,forex,D1,BB20_2_sq125,2015,1,-1.0291,1.0591,0,1,1.0593
squeeze,NZDCAD,forex,D1,BB20_2_sq125,2016,4,-0.34005,0.25927,1,4,0.042003
squeeze,NZDCAD,forex,D1,BB20_2_sq125,2017,2,-0.24133,0.17689,1,2,0.091685
squeeze,NZDCAD,forex,D1,BB20_2_sq125,2018,1,0.31553,0.099561,1,1,-0.40779
squeeze,NZDCAD,forex,D1,BB20_2_sq125,2019,2,-0.0269,0.014963,1,2,-0.13263
squeeze,NZDCAD,forex,D1,BB20_2_sq125,2020,2,0.6886,0.93238,1,2,-0.81606
squeeze,NZDCAD,forex,D1,BB20_2_sq125,2021,2,-0.67477,0.31696,0,2,0.56519
squeeze,NZDCAD,forex,D1,BB20_2_sq125,2023,2,-0.26675,0.11792,1,2,0.14586
squeeze,NZDCAD,forex,D1,BB20_2_sq125,2024,2,0.87723,1.1421,1,2,-0.94943
squeeze,NZDCAD,forex,D1,BB20_2_sq125,2025,2,-1.1799,1.0666,0,2,0.72647
squeeze,NZDCAD,forex,D1,BB20_2_sq125,2026,1,-0.12556,0.015765,0,1,0.097456
squeeze,NZDCHF,forex,M15,BB20_2_sq125,2015,165,-160.9,452.6,20,165,-138.09
squeeze,NZDCHF,forex,M15,BB20_2_sq125,2016,175,-178.96,340.5,15,175,-150.35
squeeze,NZDCHF,forex,M15,BB20_2_sq125,2017,159,-186.11,417.97,5,159,-109.17
squeeze,NZDCHF,forex,M15,BB20_2_sq125,2018,169,-134.54,855.2,20,169,-101.76
squeeze,NZDCHF,forex,M15,BB20_2_sq125,2019,172,-169.99,357.06,24,172,-139.41
squeeze,NZDCHF,forex,M15,BB20_2_sq125,2020,176,-60.116,140.06,36,176,-0.9034
squeeze,NZDCHF,forex,M15,BB20_2_sq125,2021,183,-51.364,225.03,43,183,-39.67
squeeze,NZDCHF,forex,M15,BB20_2_sq125,2022,161,-91.747,198.49,31,161,-46.756
squeeze,NZDCHF,forex,M15,BB20_2_sq125,2023,166,-102.26,474.26,41,166,-101.71
squeeze,NZDCHF,forex,M15,BB20_2_sq125,2024,169,-108.9,260.09,34,169,-86.898
squeeze,NZDCHF,forex,M15,BB20_2_sq125,2025,170,-155.89,509.76,27,170,-99.279
squeeze,NZDCHF,forex,M15,BB20_2_sq125,2026,134,-145.53,483.78,23,134,-138.92
squeeze,NZDCHF,forex,M30,BB20_2_sq125,2015,82,-28.692,210.23,19,82,-46.274
squeeze,NZDCHF,forex,M30,BB20_2_sq125,2016,98,-68.255,101.37,10,98,-37.854
squeeze,NZDCHF,forex,M30,BB20_2_sq125,2017,84,-53.67,84.942,15,84,-39.076
squeeze,NZDCHF,forex,M30,BB20_2_sq125,2018,85,-42.462,266.72,19,85,-42.126
squeeze,NZDCHF,forex,M30,BB20_2_sq125,2019,91,-50.82,98.459,15,91,-45.636
squeeze,NZDCHF,forex,M30,BB20_2_sq125,2020,79,-8.0742,71.213,27,79,-3.6919
squeeze,NZDCHF,forex,M30,BB20_2_sq125,2021,99,-20.498,49.349,23,99,-1.214
squeeze,NZDCHF,forex,M30,BB20_2_sq125,2022,89,-21.925,47.823,25,89,-11.183
squeeze,NZDCHF,forex,M30,BB20_2_sq125,2023,90,-22.469,76.441,29,90,-32.852
squeeze,NZDCHF,forex,M30,BB20_2_sq125,2024,89,-25.107,73.785,29,89,-31.96
squeeze,NZDCHF,forex,M30,BB20_2_sq125,2025,97,-45.987,104.43,24,97,-23.082
squeeze,NZDCHF,forex,M30,BB20_2_sq125,2026,73,-18.908,79.561,19,73,-22.044
squeeze,NZDCHF,forex,H1,BB20_2_sq125,2015,44,-14.86,48.097,11,44,-16.176
squeeze,NZDCHF,forex,H1,BB20_2_sq125,2016,49,-21.707,28.627,9,49,-22.419
squeeze,NZDCHF,forex,H1,BB20_2_sq125,2017,42,-24.267,36.876,7,42,-16.68
squeeze,NZDCHF,forex,H1,BB20_2_sq125,2018,47,-7.9574,36,14,47,-13.944
squeeze,NZDCHF,forex,H1,BB20_2_sq125,2019,48,-26.651,78.53,10,48,-20.592
squeeze,NZDCHF,forex,H1,BB20_2_sq125,2020,50,1.561,26.218,19,50,-4.1123
squeeze,NZDCHF,forex,H1,BB20_2_sq125,2021,50,7.0704,44.168,20,50,-15.144
squeeze,NZDCHF,forex,H1,BB20_2_sq125,2022,40,-7.7781,20.083,14,40,1.2893
squeeze,NZDCHF,forex,H1,BB20_2_sq125,2023,44,-14.076,29.923,11,44,-0.43432
squeeze,NZDCHF,forex,H1,BB20_2_sq125,2024,45,-9.8694,27.22,9,45,-4.91
squeeze,NZDCHF,forex,H1,BB20_2_sq125,2025,40,-10.803,26.877,7,40,-4.0855
squeeze,NZDCHF,forex,H1,BB20_2_sq125,2026,34,-11.721,13.139,8,34,-5.9134
squeeze,NZDCHF,forex,H4,BB20_2_sq125,2015,9,1.8575,16.562,2,9,-1.9215
squeeze,NZDCHF,forex,H4,BB20_2_sq125,2016,14,-4.3043,5.1404,3,14,-1.2404
squeeze,NZDCHF,forex,H4,BB20_2_sq125,2017,11,-1.1426,5.6077,2,11,-3.4772
squeeze,NZDCHF,forex,H4,BB20_2_sq125,2018,11,-1.0612,2.8735,3,11,-2.5939
squeeze,NZDCHF,forex,H4,BB20_2_sq125,2019,9,-4.1403,5.2462,2,9,0.29819
squeeze,NZDCHF,forex,H4,BB20_2_sq125,2020,12,-0.11395,4.5631,4,12,-0.56779
squeeze,NZDCHF,forex,H4,BB20_2_sq125,2021,11,0.41424,7.7113,3,11,0.45082
squeeze,NZDCHF,forex,H4,BB20_2_sq125,2022,9,-1.7413,6.3895,4,9,-5.6137
squeeze,NZDCHF,forex,H4,BB20_2_sq125,2023,15,-4.3583,5.9725,5,15,-1.7927
squeeze,NZDCHF,forex,H4,BB20_2_sq125,2024,11,-4.3126,2.3752,0,11,2.4529
squeeze,NZDCHF,forex,H4,BB20_2_sq125,2025,15,-3.4694,4.5804,3,15,-6.3432
squeeze,NZDCHF,forex,H4,BB20_2_sq125,2026,11,-1.5112,10.178,4,11,-1.3558
squeeze,NZDCHF,forex,D1,BB20_2_sq125,2008,3,-0.56411,0.10681,0,3,0.33723
squeeze,NZDCHF,forex,D1,BB20_2_sq125,2009,3,-1.073,0.63574,1,3,0.83592
squeeze,NZDCHF,forex,D1,BB20_2_sq125,2010,2,4.1133,23.068,1,2,-0.58522
squeeze,NZDCHF,forex,D1,BB20_2_sq125,2011,2,-0.69005,1.1047,1,2,-0.13374
squeeze,NZDCHF,forex,D1,BB20_2_sq125,2012,3,0.33564,0.36649,2,3,-0.753
squeeze,NZDCHF,forex,D1,BB20_2_sq125,2014,4,-0.10636,0.014113,1,4,-0.56492
squeeze,NZDCHF,forex,D1,BB20_2_sq125,2015,1,-0.35458,0.12573,0,1,0.299
squeeze,NZDCHF,forex,D1,BB20_2_sq125,2016,2,-0.85605,0.43624,0,2,0.55813
squeeze,NZDCHF,forex,D1,BB20_2_sq125,2017,2,1.4852,1.7221,2,2,-2.1686
squeeze,NZDCHF,forex,D1,BB20_2_sq125,2018,4,0.64606,0.11946,4,4,-2.5444
squeeze,NZDCHF,forex,D1,BB20_2_sq125,2019,4,-0.89918,1.3026,1,4,-0.024476
squeeze,NZDCHF,forex,D1,BB20_2_sq125,2020,2,-0.56166,0.30184,0,2,0.45306
squeeze,NZDCHF,forex,D1,BB20_2_sq125,2021,1,0.18899,0.035719,1,1,-0.22378
squeeze,NZDCHF,forex,D1,BB20_2_sq125,2022,2,0.38714,3.081,1,2,0.20664
squeeze,NZDCHF,forex,D1,BB20_2_sq125,2023,3,1.0369,0.64601,3,3,-1.4495
squeeze,NZDCHF,forex,D1,BB20_2_sq125,2024,1,-0.37698,0.14211,0,1,0.31962
squeeze,NZDCHF,forex,D1,BB20_2_sq125,2025,1,-0.16678,0.027816,0,1,-1.0262
squeeze,NZDCHF,forex,D1,BB20_2_sq125,2026,1,2.2749,5.175,1,1,-1.146
squeeze,NZDJPY,forex,M15,BB20_2_sq125,2015,183,-69.071,156.32,35,183,-55.249
squeeze,NZDJPY,forex,M15,BB20_2_sq125,2016,168,-59.878,157.07,39,168,-41.117
squeeze,NZDJPY,forex,M15,BB20_2_sq125,2017,172,-85.607,188.84,25,172,-38.798
squeeze,NZDJPY,forex,M15,BB20_2_sq125,2018,173,-71.594,180.83,36,173,-51.969
squeeze,NZDJPY,forex,M15,BB20_2_sq125,2019,167,-94.336,312.07,33,167,-103.8
squeeze,NZDJPY,forex,M15,BB20_2_sq125,2020,163,-29.585,299.67,43,163,-5.5931
squeeze,NZDJPY,forex,M15,BB20_2_sq125,2021,187,-39.58,200.01,58,187,-23.81
squeeze,NZDJPY,forex,M15,BB20_2_sq125,2022,178,-82.095,1785.9,49,178,-56.478
squeeze,NZDJPY,forex,M15,BB20_2_sq125,2023,169,-54.081,176.92,37,169,-20.31
squeeze,NZDJPY,forex,M15,BB20_2_sq125,2024,177,-6.6723,967.57,51,177,-41.402
squeeze,NZDJPY,forex,M15,BB20_2_sq125,2025,166,-99.153,827.31,33,166,-83.48
squeeze,NZDJPY,forex,M15,BB20_2_sq125,2026,140,-75.779,323.4,33,140,-76.339
squeeze,NZDJPY,forex,M30,BB20_2_sq125,2015,84,-25.951,92.96,17,84,-16.948
squeeze,NZDJPY,forex,M30,BB20_2_sq125,2016,95,-7.8632,67.886,31,95,-28.376
squeeze,NZDJPY,forex,M30,BB20_2_sq125,2017,84,-16.287,83.451,18,84,-18.619
squeeze,NZDJPY,forex,M30,BB20_2_sq125,2018,86,-9.5782,142.86,22,86,-23.015
squeeze,NZDJPY,forex,M30,BB20_2_sq125,2019,86,-31.746,60.201,22,86,-25.894
squeeze,NZDJPY,forex,M30,BB20_2_sq125,2020,89,-12.175,64.43,28,89,0.32493
squeeze,NZDJPY,forex,M30,BB20_2_sq125,2021,92,1.1503,63.44,30,92,-9.5402
squeeze,NZDJPY,forex,M30,BB20_2_sq125,2022,90,2.127,151.08,30,90,-6.1085
squeeze,NZDJPY,forex,M30,BB20_2_sq125,2023,85,-6.903,84.021,25,85,-6.44
squeeze,NZDJPY,forex,M30,BB20_2_sq125,2024,90,-8.5145,126.09,25,90,-0.88037
squeeze,NZDJPY,forex,M30,BB20_2_sq125,2025,92,-8.6824,64.088,33,92,-22.937
squeeze,NZDJPY,forex,M30,BB20_2_sq125,2026,67,-2.2452,101.73,22,67,-18.937
squeeze,NZDJPY,forex,H1,BB20_2_sq125,2015,56,-15.633,38.741,10,56,-5.3259
squeeze,NZDJPY,forex,H1,BB20_2_sq125,2016,49,-5.2751,40.437,18,49,-9.4009
squeeze,NZDJPY,forex,H1,BB20_2_sq125,2017,50,-1.6946,34.859,17,50,-10.67
squeeze,NZDJPY,forex,H1,BB20_2_sq125,2018,43,-5.8193,16.294,14,43,-8.0793
squeeze,NZDJPY,forex,H1,BB20_2_sq125,2019,54,-14.569,35.674,13,54,-17.771
squeeze,NZDJPY,forex,H1,BB20_2_sq125,2020,46,-8.121,16.399,10,46,2.5268
squeeze,NZDJPY,forex,H1,BB20_2_sq125,2021,51,3.4356,43.746,20,51,-6.0817
squeeze,NZDJPY,forex,H1,BB20_2_sq125,2022,42,-6.3735,23.387,14,42,-5.865
squeeze,NZDJPY,forex,H1,BB20_2_sq125,2023,47,4.7172,33.479,20,47,-6.9843
squeeze,NZDJPY,forex,H1,BB20_2_sq125,2024,49,-7.7987,34.585,16,49,-0.31006
squeeze,NZDJPY,forex,H1,BB20_2_sq125,2025,54,-11.646,35.361,14,54,2.6385
squeeze,NZDJPY,forex,H1,BB20_2_sq125,2026,38,2.1131,40,16,38,-7.8725
squeeze,NZDJPY,forex,H4,BB20_2_sq125,2015,8,-3.7864,2.7631,0,8,2.9175
squeeze,NZDJPY,forex,H4,BB20_2_sq125,2016,8,-2.3128,2.8004,3,8,3.0729
squeeze,NZDJPY,forex,H4,BB20_2_sq125,2017,10,-1.7796,5.8201,2,10,1.4955
squeeze,NZDJPY,forex,H4,BB20_2_sq125,2018,14,-0.76209,2.0756,6,14,-1.8257
squeeze,NZDJPY,forex,H4,BB20_2_sq125,2019,10,-3.1362,7.8571,1,10,1.6493
squeeze,NZDJPY,forex,H4,BB20_2_sq125,2020,13,0.090862,8.8456,5,13,-0.060775
squeeze,NZDJPY,forex,H4,BB20_2_sq125,2021,12,-2.7737,4.9536,4,12,1.8581
squeeze,NZDJPY,forex,H4,BB20_2_sq125,2022,13,-1.7305,2.2028,4,13,0.67695
squeeze,NZDJPY,forex,H4,BB20_2_sq125,2023,14,4.248,14.892,8,14,-2.4803
squeeze,NZDJPY,forex,H4,BB20_2_sq125,2024,15,-4.1109,3.8076,2,15,2.8042
squeeze,NZDJPY,forex,H4,BB20_2_sq125,2025,16,-1.5742,2.433,4,16,-0.51568
squeeze,NZDJPY,forex,H4,BB20_2_sq125,2026,8,-3.1078,5.3253,1,8,2.0099
squeeze,NZDJPY,forex,D1,BB20_2_sq125,2008,2,-0.61469,0.23524,0,2,0.52766
squeeze,NZDJPY,forex,D1,BB20_2_sq125,2009,4,-0.010461,0.38354,1,4,-0.082495
squeeze,NZDJPY,forex,D1,BB20_2_sq125,2010,2,-1.2857,1.106,0,2,1.0912
squeeze,NZDJPY,forex,D1,BB20_2_sq125,2011,1,0.13815,0.019086,1,1,-0.18096
squeeze,NZDJPY,forex,D1,BB20_2_sq125,2012,4,0.49653,1.4775,2,4,-0.65588
squeeze,NZDJPY,forex,D1,BB20_2_sq125,2013,2,0.18915,0.024856,2,2,-0.29585
squeeze,NZDJPY,forex,D1,BB20_2_sq125,2014,3,-1.0873,0.52225,0,3,0.94573
squeeze,NZDJPY,forex,D1,BB20_2_sq125,2015,2,0.036134,0.015589,1,2,-0.14727
squeeze,NZDJPY,forex,D1,BB20_2_sq125,2016,3,1.3194,3.7759,1,3,-0.56527
squeeze,NZDJPY,forex,D1,BB20_2_sq125,2017,2,-0.85022,0.37866,0,2,0.75183
squeeze,NZDJPY,forex,D1,BB20_2_sq125,2018,3,-1.8466,2.0924,1,3,1.6914
squeeze,NZDJPY,forex,D1,BB20_2_sq125,2019,3,-0.77533,0.76303,1,3,0.49201
squeeze,NZDJPY,forex,D1,BB20_2_sq125,2020,3,-0.18889,0.031405,1,3,0.11563
squeeze,NZDJPY,forex,D1,BB20_2_sq125,2022,2,0.90623,0.54002,2,2,-2.0356
squeeze,NZDJPY,forex,D1,BB20_2_sq125,2023,2,-0.7781,0.31753,0,2,0.68737
squeeze,NZDJPY,forex,D1,BB20_2_sq125,2024,3,-1.3197,1.6818,1,3,1.0582
squeeze,NZDJPY,forex,D1,BB20_2_sq125,2025,1,-0.052069,0.0027112,0,1,-0.010554
squeeze,NZDUSD,forex,M15,BB20_2_sq125,2015,184,-80.376,253.99,37,184,-60.279
squeeze,NZDUSD,forex,M15,BB20_2_sq125,2016,167,-71.439,218.53,28,167,-56.241
squeeze,NZDUSD,forex,M15,BB20_2_sq125,2017,166,-79.373,151.9,33,166,-60.116
squeeze,NZDUSD,forex,M15,BB20_2_sq125,2018,170,-58.998,326.22,39,170,-56.069
squeeze,NZDUSD,forex,M15,BB20_2_sq125,2019,172,-90.41,261.91,34,172,-101.45
squeeze,NZDUSD,forex,M15,BB20_2_sq125,2020,165,-41.368,85.249,42,165,9.8988
squeeze,NZDUSD,forex,M15,BB20_2_sq125,2021,158,-41.86,200.73,40,158,-8.1219
squeeze,NZDUSD,forex,M15,BB20_2_sq125,2022,176,-32.514,112.98,49,176,-15.779
squeeze,NZDUSD,forex,M15,BB20_2_sq125,2023,155,-52.537,135.18,38,155,-28.664
squeeze,NZDUSD,forex,M15,BB20_2_sq125,2024,173,-48.612,302.55,39,173,-48.101
squeeze,NZDUSD,forex,M15,BB20_2_sq125,2025,180,-68.981,203.37,41,180,-56.548
squeeze,NZDUSD,forex,M15,BB20_2_sq125,2026,136,-44.883,221.19,28,136,-32.343
squeeze,NZDUSD,forex,M30,BB20_2_sq125,2015,100,-20.38,109.1,28,100,-18.381
squeeze,NZDUSD,forex,M30,BB20_2_sq125,2016,92,2.3123,167.35,31,92,-29.099
squeeze,NZDUSD,forex,M30,BB20_2_sq125,2017,89,-25.047,66.171,24,89,-23.15
squeeze,NZDUSD,forex,M30,BB20_2_sq125,2018,83,-17.651,106.64,19,83,-16.743
squeeze,NZDUSD,forex,M30,BB20_2_sq125,2019,95,-41.364,111.62,22,95,-21.17
squeeze,NZDUSD,forex,M30,BB20_2_sq125,2020,88,-15.551,48.927,28,88,2.3609
squeeze,NZDUSD,forex,M30,BB20_2_sq125,2021,84,8.6334,70.399,31,84,-9.8446
squeeze,NZDUSD,forex,M30,BB20_2_sq125,2022,85,-8.2895,48.77,25,85,0.79392
squeeze,NZDUSD,forex,M30,BB20_2_sq125,2023,90,-14.316,51.23,27,90,-6.883
squeeze,NZDUSD,forex,M30,BB20_2_sq125,2024,85,-6.1865,41.001,30,85,-20.412
squeeze,NZDUSD,forex,M30,BB20_2_sq125,2025,87,-8.3308,46.644,27,87,-11.432
squeeze,NZDUSD,forex,M30,BB20_2_sq125,2026,63,1.3074,71.158,21,63,-8.4745
squeeze,NZDUSD,forex,H1,BB20_2_sq125,2015,52,-17.561,21.253,9,52,-1.683
squeeze,NZDUSD,forex,H1,BB20_2_sq125,2016,45,-13.619,18.811,13,45,-6.2606
squeeze,NZDUSD,forex,H1,BB20_2_sq125,2017,42,24.155,853.47,12,42,-11.702
squeeze,NZDUSD,forex,H1,BB20_2_sq125,2018,46,-9.8583,20.883,14,46,-8.0407
squeeze,NZDUSD,forex,H1,BB20_2_sq125,2019,43,-3.149,29.649,15,43,-16.159
squeeze,NZDUSD,forex,H1,BB20_2_sq125,2020,50,-0.83944,23.501,21,50,-3.0441
squeeze,NZDUSD,forex,H1,BB20_2_sq125,2021,53,-2.6026,25.064,21,53,-2.3511
squeeze,NZDUSD,forex,H1,BB20_2_sq125,2022,45,3.5778,163.35,10,45,5.2084
squeeze,NZDUSD,forex,H1,BB20_2_sq125,2023,44,-19.368,19.547,5,44,13.436
squeeze,NZDUSD,forex,H1,BB20_2_sq125,2024,44,2.0086,27.574,16,44,-6.6663
squeeze,NZDUSD,forex,H1,BB20_2_sq125,2025,40,-2.1358,23.859,11,40,-4.8484
squeeze,NZDUSD,forex,H1,BB20_2_sq125,2026,30,-2.4148,17.09,9,30,-4.6565
squeeze,NZDUSD,forex,H4,BB20_2_sq125,2015,9,-2.0659,2.0303,3,9,0.64517
squeeze,NZDUSD,forex,H4,BB20_2_sq125,2016,11,-3.1875,3.1414,3,11,2.0692
squeeze,NZDUSD,forex,H4,BB20_2_sq125,2017,15,2.3596,7.8604,8,15,-4.7093
squeeze,NZDUSD,forex,H4,BB20_2_sq125,2018,14,0.83559,9.1747,5,14,-1.0456
squeeze,NZDUSD,forex,H4,BB20_2_sq125,2019,11,-2.3284,2.9793,3,11,-2.1979
squeeze,NZDUSD,forex,H4,BB20_2_sq125,2020,13,-3.4188,2.7268,3,13,2.8406
squeeze,NZDUSD,forex,H4,BB20_2_sq125,2021,14,-0.42186,14.481,3,14,2.4836
squeeze,NZDUSD,forex,H4,BB20_2_sq125,2022,12,0.0097351,1.6758,6,12,-0.88513
squeeze,NZDUSD,forex,H4,BB20_2_sq125,2023,11,-2.7835,2.1825,1,11,1.5384
squeeze,NZDUSD,forex,H4,BB20_2_sq125,2024,11,9.6876,92.863,5,11,-2.5207
squeeze,NZDUSD,forex,H4,BB20_2_sq125,2025,15,-1.5281,11.348,4,15,5.3216
squeeze,NZDUSD,forex,H4,BB20_2_sq125,2026,8,5.5328,12.923,6,8,-5.2243
squeeze,NZDUSD,forex,D1,BB20_2_sq125,2001,2,-0.47743,0.13669,0,2,0.37546
squeeze,NZDUSD,forex,D1,BB20_2_sq125,2002,3,-0.045471,1.0278,1,3,-0.36462
squeeze,NZDUSD,forex,D1,BB20_2_sq125,2003,3,1.4973,1.5148,2,3,-2.0778
squeeze,NZDUSD,forex,D1,BB20_2_sq125,2004,2,-0.5545,0.18171,0,2,0.47807
squeeze,NZDUSD,forex,D1,BB20_2_sq125,2005,3,-0.26439,0.40434,1,3,0.053321
squeeze,NZDUSD,forex,D1,BB20_2_sq125,2006,1,0.0063706,4.0584e-05,1,1,-1.0417
squeeze,NZDUSD,forex,D1,BB20_2_sq125,2007,1,0.37131,0.13787,1,1,-0.455
squeeze,NZDUSD,forex,D1,BB20_2_sq125,2008,3,-2.3369,2.0016,0,3,1.8493
squeeze,NZDUSD,forex,D1,BB20_2_sq125,2009,3,0.085694,0.50793,1,3,-0.60424
squeeze,NZDUSD,forex,D1,BB20_2_sq125,2010,4,-0.75499,3.8579,1,4,0.95883
squeeze,NZDUSD,forex,D1,BB20_2_sq125,2011,1,0.017927,0.00032138,1,1,-0.054989
squeeze,NZDUSD,forex,D1,BB20_2_sq125,2012,2,-0.70371,0.25349,0,2,0.52574
squeeze,NZDUSD,forex,D1,BB20_2_sq125,2013,1,0.493,0.24305,1,1,-1.0428
squeeze,NZDUSD,forex,D1,BB20_2_sq125,2014,2,-0.37258,0.14197,1,2,0.20418
squeeze,NZDUSD,forex,D1,BB20_2_sq125,2015,2,1.5521,2.3514,2,2,-1.0995
squeeze,NZDUSD,forex,D1,BB20_2_sq125,2016,3,0.080594,0.48009,1,3,-0.63422
squeeze,NZDUSD,forex,D1,BB20_2_sq125,2017,1,-0.20793,0.043235,0,1,0.12433
squeeze,NZDUSD,forex,D1,BB20_2_sq125,2018,1,0.29766,0.088603,1,1,-0.37339
squeeze,NZDUSD,forex,D1,BB20_2_sq125,2019,3,-0.21271,0.71517,1,3,-1.6204
squeeze,NZDUSD,forex,D1,BB20_2_sq125,2020,2,0.52178,0.40386,1,2,-0.9225
squeeze,NZDUSD,forex,D1,BB20_2_sq125,2021,1,0.8591,0.73806,1,1,-1.0058
squeeze,NZDUSD,forex,D1,BB20_2_sq125,2023,3,-0.72097,0.38596,0,3,0.60461
squeeze,NZDUSD,forex,D1,BB20_2_sq125,2024,2,-0.6718,0.34161,0,2,0.5723
squeeze,NZDUSD,forex,D1,BB20_2_sq125,2025,4,-0.60533,0.3162,1,4,0.42189
squeeze,NZDUSD,forex,D1,BB20_2_sq125,2026,1,-0.7738,0.59876,0,1,0.73673
squeeze,PFE,stock,M5,BB20_2_sq125,2021,59,-12.724,102.86,16,59,-7.2068
squeeze,PFE,stock,M5,BB20_2_sq125,2022,147,-37.694,74.436,41,147,-28.334
squeeze,PFE,stock,M5,BB20_2_sq125,2023,137,-44.27,163.17,37,137,-54.761
squeeze,PFE,stock,M5,BB20_2_sq125,2024,144,-90.144,293.07,22,144,-88.226
squeeze,PFE,stock,M5,BB20_2_sq125,2025,143,-361.39,6163.6,10,143,-401.92
squeeze,PFE,stock,M5,BB20_2_sq125,2026,114,-345.38,2006.3,2,114,-336.88
squeeze,PFE,stock,M15,BB20_2_sq125,2021,23,-4.4107,20.336,7,23,-12.829
squeeze,PFE,stock,M15,BB20_2_sq125,2022,39,-12.959,24.775,9,39,-0.9053
squeeze,PFE,stock,M15,BB20_2_sq125,2023,47,6.7298,73.007,18,47,-20.839
squeeze,PFE,stock,M15,BB20_2_sq125,2024,48,-12.142,37.081,11,48,-16.691
squeeze,PFE,stock,M15,BB20_2_sq125,2025,55,-54.616,272.76,9,55,-93.222
squeeze,PFE,stock,M15,BB20_2_sq125,2026,30,-31.812,71.354,4,30,-35.372
squeeze,PFE,stock,M30,BB20_2_sq125,2021,11,2.1522,7.8258,6,11,-2.0624
squeeze,PFE,stock,M30,BB20_2_sq125,2022,21,-3.1722,16.945,6,21,0.57655
squeeze,PFE,stock,M30,BB20_2_sq125,2023,25,-0.8811,25.588,10,25,-3.311
squeeze,PFE,stock,M30,BB20_2_sq125,2024,20,-2.5298,11.155,9,20,-6.6032
squeeze,PFE,stock,M30,BB20_2_sq125,2025,28,-26.066,46.576,3,28,-23.216
squeeze,PFE,stock,M30,BB20_2_sq125,2026,19,-13.635,16.425,3,19,-5.4995
squeeze,PFE,stock,H1,BB20_2_sq125,2021,4,-0.94336,1.1607,2,4,0.73049
squeeze,PFE,stock,H1,BB20_2_sq125,2022,14,-2.9588,1.7212,3,14,1.3916
squeeze,PFE,stock,H1,BB20_2_sq125,2023,12,-0.62156,7.5023,4,12,-0.82415
squeeze,PFE,stock,H1,BB20_2_sq125,2024,13,-2.3918,4.671,4,13,-1.1252
squeeze,PFE,stock,H1,BB20_2_sq125,2025,10,-1.6585,43.118,3,10,-4.7276
squeeze,PFE,stock,H1,BB20_2_sq125,2026,7,-4.1316,4.7367,1,7,-3.2047
squeeze,PFE,stock,H4,BB20_2_sq125,2022,5,1.1664,3.6821,2,5,-1.7075
squeeze,PFE,stock,H4,BB20_2_sq125,2023,4,-1.3405,1.5879,1,4,-1.0354
squeeze,PFE,stock,H4,BB20_2_sq125,2024,3,-0.173,0.016443,0,3,-1.1118
squeeze,PFE,stock,H4,BB20_2_sq125,2025,3,0.99569,1.2946,2,3,-2.1729
squeeze,PFE,stock,H4,BB20_2_sq125,2026,4,-0.064438,0.54531,2,4,-2.6427
squeeze,PFE,stock,D1,BB20_2_sq125,2020,1,-0.5587,0.31214,0,1,0.52653
squeeze,PFE,stock,D1,BB20_2_sq125,2021,1,0.072495,0.0052556,1,1,-0.15767
squeeze,PFE,stock,D1,BB20_2_sq125,2022,1,-0.78123,0.61032,0,1,0.73578
squeeze,PFE,stock,D1,BB20_2_sq125,2023,2,1.4002,2.6697,1,2,-0.88049
squeeze,PFE,stock,D1,BB20_2_sq125,2024,3,1.5525,2.2941,2,3,-2.1525
squeeze,PFE,stock,D1,BB20_2_sq125,2025,1,-0.52969,0.28058,0,1,-1.1447
squeeze,PFE,stock,D1,BB20_2_sq125,2026,1,-1.2812,1.6414,0,1,0.72433
squeeze,PLTR,stock,M5,BB20_2_sq125,2020,14,-8.0695,6.1189,1,14,3.4268
squeeze,PLTR,stock,M5,BB20_2_sq125,2021,144,-17.352,168.23,44,144,-32.003
squeeze,PLTR,stock,M5,BB20_2_sq125,2022,133,-16.521,106.18,41,133,-20.455
squeeze,PLTR,stock,M5,BB20_2_sq125,2023,148,-6.7149,313.41,45,148,-28.517
squeeze,PLTR,stock,M5,BB20_2_sq125,2024,134,-35.639,302.59,29,134,-28.46
squeeze,PLTR,stock,M5,BB20_2_sq125,2025,138,3.4829,243.95,44,138,-52.129
squeeze,PLTR,stock,M5,BB20_2_sq125,2026,97,-12.083,217.71,24,97,-34.867
squeeze,PLTR,stock,M15,BB20_2_sq125,2020,2,1.4778,1.788,2,2,-3.0055
squeeze,PLTR,stock,M15,BB20_2_sq125,2021,60,-1.5749,68.992,24,60,-2.1574
squeeze,PLTR,stock,M15,BB20_2_sq125,2022,45,-11.037,59.29,18,45,8.8062
squeeze,PLTR,stock,M15,BB20_2_sq125,2023,41,-7.788,91.705,8,41,-3.1383
squeeze,PLTR,stock,M15,BB20_2_sq125,2024,46,-11.666,22.14,16,46,0.6357
squeeze,PLTR,stock,M15,BB20_2_sq125,2025,54,-12.406,25.986,16,54,0.21087
squeeze,PLTR,stock,M15,BB20_2_sq125,2026,40,0.83891,35.901,12,40,-4.8696
squeeze,PLTR,stock,M30,BB20_2_sq125,2021,28,15.531,55.052,15,28,-10.489
squeeze,PLTR,stock,M30,BB20_2_sq125,2022,22,-3.3144,4.9272,8,22,3.482
squeeze,PLTR,stock,M30,BB20_2_sq125,2023,22,5.1438,24.979,8,22,-3.7925
squeeze,PLTR,stock,M30,BB20_2_sq125,2024,29,-3.1059,41.216,7,29,-0.63034
squeeze,PLTR,stock,M30,BB20_2_sq125,2025,28,-0.18009,9.2182,11,28,-3.3187
squeeze,PLTR,stock,M30,BB20_2_sq125,2026,20,-4.5001,8.0047,3,20,1.7475
squeeze,PLTR,stock,H1,BB20_2_sq125,2021,15,11.665,82.237,8,15,-4.6442
squeeze,PLTR,stock,H1,BB20_2_sq125,2022,12,-0.38755,2.2131,5,12,-1.5031
squeeze,PLTR,stock,H1,BB20_2_sq125,2023,12,-2.3221,13.853,5,12,1.5446
squeeze,PLTR,stock,H1,BB20_2_sq125,2024,15,-2.1409,10.802,4,15,0.64386
squeeze,PLTR,stock,H1,BB20_2_sq125,2025,14,0.21299,7.7662,5,14,-1.9438
squeeze,PLTR,stock,H1,BB20_2_sq125,2026,9,1.8324,28.53,2,9,1.1965
squeeze,PLTR,stock,H4,BB20_2_sq125,2021,1,-0.61512,0.37837,0,1,0.52276
squeeze,PLTR,stock,H4,BB20_2_sq125,2022,3,-0.012576,0.75678,2,3,-0.088091
squeeze,PLTR,stock,H4,BB20_2_sq125,2023,2,0.31813,0.11179,1,2,-0.38241
squeeze,PLTR,stock,H4,BB20_2_sq125,2024,5,-0.15095,0.68379,2,5,-0.48982
squeeze,PLTR,stock,H4,BB20_2_sq125,2025,3,0.52198,0.61876,1,3,-0.90228
squeeze,PLTR,stock,H4,BB20_2_sq125,2026,3,-2.3596,3.1608,1,3,2.1424
squeeze,PLTR,stock,D1,BB20_2_sq125,2021,1,-0.28469,0.081048,0,1,0.25284
squeeze,PLTR,stock,D1,BB20_2_sq125,2022,1,0.16552,0.027397,1,1,-0.19302
squeeze,PLTR,stock,D1,BB20_2_sq125,2023,1,-0.41391,0.17132,0,1,0.38156
squeeze,PLTR,stock,D1,BB20_2_sq125,2024,3,0.042493,0.25904,1,3,-0.15227
squeeze,PLTR,stock,D1,BB20_2_sq125,2025,3,0.83653,0.94951,2,3,-0.93761
squeeze,PLTR,stock,D1,BB20_2_sq125,2026,1,-0.54363,0.29553,0,1,0.52584
squeeze,QCOM,stock,M5,BB20_2_sq125,2020,29,-10.86,66.662,5,29,-3.8057
squeeze,QCOM,stock,M5,BB20_2_sq125,2021,130,-54.357,201.22,26,130,-43.062
squeeze,QCOM,stock,M5,BB20_2_sq125,2022,134,-9.395,208.65,43,134,-50.015
squeeze,QCOM,stock,M5,BB20_2_sq125,2023,140,-47.147,315.89,30,140,-65.231
squeeze,QCOM,stock,M5,BB20_2_sq125,2024,140,-50.985,468,37,140,-45.27
squeeze,QCOM,stock,M5,BB20_2_sq125,2025,151,-87.289,357.28,29,151,-66.358
squeeze,QCOM,stock,M5,BB20_2_sq125,2026,114,-48.047,85.275,20,114,-7.5219
squeeze,QCOM,stock,M15,BB20_2_sq125,2020,8,-8.5339,48.341,3,8,-3.8974
squeeze,QCOM,stock,M15,BB20_2_sq125,2021,55,-14.661,56.948,17,55,-7.0632
squeeze,QCOM,stock,M15,BB20_2_sq125,2022,47,3.459,188.56,18,47,3.5404
squeeze,QCOM,stock,M15,BB20_2_sq125,2023,46,-6.0083,38.287,16,46,-8.6746
squeeze,QCOM,stock,M15,BB20_2_sq125,2024,52,-12.336,57.541,16,52,-6.6305
squeeze,QCOM,stock,M15,BB20_2_sq125,2025,45,-2.0503,53.05,15,45,-7.9156
squeeze,QCOM,stock,M15,BB20_2_sq125,2026,35,-10.04,111.7,7,35,9.15
squeeze,QCOM,stock,M30,BB20_2_sq125,2020,4,-2.7768,5.7312,1,4,-0.067322
squeeze,QCOM,stock,M30,BB20_2_sq125,2021,15,-6.6527,7.0448,2,15,-1.5938
squeeze,QCOM,stock,M30,BB20_2_sq125,2022,28,-3.3182,15.187,6,28,1.0566
squeeze,QCOM,stock,M30,BB20_2_sq125,2023,22,2.8515,26.352,7,22,-4.7843
squeeze,QCOM,stock,M30,BB20_2_sq125,2024,20,-2.5094,12.492,5,20,-1.3575
squeeze,QCOM,stock,M30,BB20_2_sq125,2025,24,2.2495,13.019,10,24,-6.9813
squeeze,QCOM,stock,M30,BB20_2_sq125,2026,17,-3.9301,8.8321,2,17,6.8695
squeeze,QCOM,stock,H1,BB20_2_sq125,2020,2,2.7757,9.006,1,2,-1.2731
squeeze,QCOM,stock,H1,BB20_2_sq125,2021,10,2.1864,6.4383,5,10,-2.3947
squeeze,QCOM,stock,H1,BB20_2_sq125,2022,11,-0.82155,0.76316,4,11,-0.23016
squeeze,QCOM,stock,H1,BB20_2_sq125,2023,11,-2.7185,2.0814,2,11,1.2555
squeeze,QCOM,stock,H1,BB20_2_sq125,2024,14,9.0838,30.209,9,14,-7.2544
squeeze,QCOM,stock,H1,BB20_2_sq125,2025,14,-4.337,4.1106,4,14,-0.16431
squeeze,QCOM,stock,H1,BB20_2_sq125,2026,11,-0.019005,1.4465,4,11,-0.83717
squeeze,QCOM,stock,H4,BB20_2_sq125,2021,1,0.093126,0.0086725,1,1,-0.22074
squeeze,QCOM,stock,H4,BB20_2_sq125,2022,3,-0.68267,0.23733,1,3,0.54322
squeeze,QCOM,stock,H4,BB20_2_sq125,2023,3,-0.6155,0.13082,0,3,0.36839
squeeze,QCOM,stock,H4,BB20_2_sq125,2024,2,-0.47829,0.18228,0,2,0.37279
squeeze,QCOM,stock,H4,BB20_2_sq125,2025,4,0.11137,0.93297,2,4,-0.77322
squeeze,QCOM,stock,H4,BB20_2_sq125,2026,3,-0.33546,5.7467,1,3,-2.1121
squeeze,QCOM,stock,D1,BB20_2_sq125,2021,2,-0.054456,0.0017952,0,2,-0.12182
squeeze,QCOM,stock,D1,BB20_2_sq125,2022,1,-0.10969,0.012033,0,1,0.048151
squeeze,QCOM,stock,D1,BB20_2_sq125,2023,3,-0.021744,0.13261,2,3,-0.13303
squeeze,QCOM,stock,D1,BB20_2_sq125,2024,1,-0.68425,0.4682,0,1,0.64496
squeeze,QCOM,stock,D1,BB20_2_sq125,2025,2,0.9126,0.43589,2,2,-1.1164
squeeze,QCOM,stock,D1,BB20_2_sq125,2026,1,0.090839,0.0082517,1,1,-0.17009
squeeze,SOLUSD,crypto,M5,BB20_2_sq125,2025,472,-112.32,353.01,106,472,-123.98
squeeze,SOLUSD,crypto,M5,BB20_2_sq125,2026,589,-270.08,522.63,92,589,-221.05
squeeze,SOLUSD,crypto,M15,BB20_2_sq125,2025,157,-35.352,82.599,39,157,-15.138
squeeze,SOLUSD,crypto,M15,BB20_2_sq125,2026,194,-45.47,283.81,44,194,-47.871
squeeze,SOLUSD,crypto,M30,BB20_2_sq125,2025,77,0.51547,82.737,24,77,-11.833
squeeze,SOLUSD,crypto,M30,BB20_2_sq125,2026,98,-16.973,97.02,22,98,-23.017
squeeze,SOLUSD,crypto,H1,BB20_2_sq125,2025,38,-7.5514,17.747,10,38,-1.254
squeeze,SOLUSD,crypto,H1,BB20_2_sq125,2026,47,3.979,39.017,17,47,-14.68
squeeze,SOLUSD,crypto,H4,BB20_2_sq125,2025,10,0.69891,5.6201,3,10,-1.9454
squeeze,SOLUSD,crypto,H4,BB20_2_sq125,2026,16,-5.6406,6.3479,3,16,3.727
squeeze,SOLUSD,crypto,D1,BB20_2_sq125,2025,1,0.15472,0.023939,1,1,-0.19102
squeeze,SOLUSD,crypto,D1,BB20_2_sq125,2026,5,-0.94157,0.97819,2,5,-0.22064
squeeze,SOYBEAN.c,soft,M5,BB20_2_sq125,2023,136,7.704,347.63,41,136,-33.109
squeeze,SOYBEAN.c,soft,M5,BB20_2_sq125,2024,366,-529.8,2554.4,55,366,-537.95
squeeze,SOYBEAN.c,soft,M5,BB20_2_sq125,2025,349,-1439.8,17618,6,349,-1462.7
squeeze,SOYBEAN.c,soft,M5,BB20_2_sq125,2026,279,-869.16,3723.7,7,279,-889.2
squeeze,SOYBEAN.c,soft,M15,BB20_2_sq125,2023,53,-5.7943,30.758,17,53,-4.6117
squeeze,SOYBEAN.c,soft,M15,BB20_2_sq125,2024,121,-102.2,198.34,19,121,-68.137
squeeze,SOYBEAN.c,soft,M15,BB20_2_sq125,2025,128,-222.64,555.76,6,128,-220.53
squeeze,SOYBEAN.c,soft,M15,BB20_2_sq125,2026,99,-142.09,292.16,7,99,-143.52
squeeze,SOYBEAN.c,soft,M30,BB20_2_sq125,2023,24,4.9283,22.988,12,24,-7.3937
squeeze,SOYBEAN.c,soft,M30,BB20_2_sq125,2024,60,-27.163,93.516,12,60,-27.324
squeeze,SOYBEAN.c,soft,M30,BB20_2_sq125,2025,60,-69.497,137.59,5,60,-66.051
squeeze,SOYBEAN.c,soft,M30,BB20_2_sq125,2026,49,-44.224,83.652,6,49,-37.958
squeeze,SOYBEAN.c,soft,H1,BB20_2_sq125,2023,14,-0.98016,2.228,4,14,-2.3647
squeeze,SOYBEAN.c,soft,H1,BB20_2_sq125,2024,34,-9.7503,23.84,7,34,-5.8283
squeeze,SOYBEAN.c,soft,H1,BB20_2_sq125,2025,31,-16.793,32.069,7,31,-25.012
squeeze,SOYBEAN.c,soft,H1,BB20_2_sq125,2026,26,-12.214,13.045,5,26,-14.019
squeeze,SOYBEAN.c,soft,H4,BB20_2_sq125,2023,3,-0.5565,0.61792,1,3,0.45532
squeeze,SOYBEAN.c,soft,H4,BB20_2_sq125,2024,11,-4.5076,6.1036,4,11,0.23414
squeeze,SOYBEAN.c,soft,H4,BB20_2_sq125,2025,11,-4.564,3.1885,1,11,-4.7239
squeeze,SOYBEAN.c,soft,H4,BB20_2_sq125,2026,7,-2.02,3.9814,1,7,-3.4926
squeeze,SOYBEAN.c,soft,D1,BB20_2_sq125,2024,2,-1.2401,0.84282,0,2,1.0354
squeeze,SOYBEAN.c,soft,D1,BB20_2_sq125,2026,2,-1.0888,0.80641,0,2,0.3401
squeeze,SPN35.cash,index,M5,BB20_2_sq125,2021,89,-48.697,225.85,15,89,-37.46
squeeze,SPN35.cash,index,M5,BB20_2_sq125,2022,262,-168.73,484.95,34,262,-146.62
squeeze,SPN35.cash,index,M5,BB20_2_sq125,2023,258,-198.25,355.04,37,258,-202.26
squeeze,SPN35.cash,index,M5,BB20_2_sq125,2024,265,-180.77,523.25,36,265,-167.35
squeeze,SPN35.cash,index,M5,BB20_2_sq125,2025,224,-96.259,806.5,50,224,-102.72
squeeze,SPN35.cash,index,M5,BB20_2_sq125,2026,178,-44.862,312.66,47,178,-40.098
squeeze,SPN35.cash,index,M15,BB20_2_sq125,2021,35,-18.043,20.566,5,35,-5.6253
squeeze,SPN35.cash,index,M15,BB20_2_sq125,2022,79,-26.546,59.12,19,79,-21.405
squeeze,SPN35.cash,index,M15,BB20_2_sq125,2023,90,-42.389,60.915,18,90,-22.515
squeeze,SPN35.cash,index,M15,BB20_2_sq125,2024,85,-22.261,54.916,18,85,-32.214
squeeze,SPN35.cash,index,M15,BB20_2_sq125,2025,88,-18.97,37.931,24,88,-17.331
squeeze,SPN35.cash,index,M15,BB20_2_sq125,2026,65,-3.6332,42.236,21,65,-10.118
squeeze,SPN35.cash,index,M30,BB20_2_sq125,2021,16,-8.5397,8.8858,2,16,0.39571
squeeze,SPN35.cash,index,M30,BB20_2_sq125,2022,47,-3.9647,54.9,13,47,-14.467
squeeze,SPN35.cash,index,M30,BB20_2_sq125,2023,46,-16.267,32.651,7,46,-11.809
squeeze,SPN35.cash,index,M30,BB20_2_sq125,2024,54,-1.2664,58.538,16,54,-11.49
squeeze,SPN35.cash,index,M30,BB20_2_sq125,2025,44,1.3375,52.218,13,44,-6.1444
squeeze,SPN35.cash,index,M30,BB20_2_sq125,2026,27,-11.927,20.573,5,27,2.0173
squeeze,SPN35.cash,index,H1,BB20_2_sq125,2021,6,-2.569,3.3875,2,6,-3.6059
squeeze,SPN35.cash,index,H1,BB20_2_sq125,2022,25,-9.3027,6.2071,3,25,-2.1557
squeeze,SPN35.cash,index,H1,BB20_2_sq125,2023,24,-1.9382,21.388,10,24,-3.8928
squeeze,SPN35.cash,index,H1,BB20_2_sq125,2024,24,-3.9489,9.1101,8,24,-1.7422
squeeze,SPN35.cash,index,H1,BB20_2_sq125,2025,23,-3.5486,16.459,5,23,-1.1851
squeeze,SPN35.cash,index,H1,BB20_2_sq125,2026,11,2.9256,11.898,5,11,-3.5891
squeeze,SPN35.cash,index,H4,BB20_2_sq125,2021,2,-0.98252,1.2306,1,2,-0.18377
squeeze,SPN35.cash,index,H4,BB20_2_sq125,2022,8,0.49171,3.5471,3,8,-1.4558
squeeze,SPN35.cash,index,H4,BB20_2_sq125,2023,7,-1.9783,2.6622,2,7,0.8442
squeeze,SPN35.cash,index,H4,BB20_2_sq125,2024,8,-0.28197,1.5814,4,8,-3.1716
squeeze,SPN35.cash,index,H4,BB20_2_sq125,2025,9,0.096371,2.5083,5,9,-1.7881
squeeze,SPN35.cash,index,H4,BB20_2_sq125,2026,4,-0.90266,3.3899,1,4,0.95621
squeeze,SPN35.cash,index,D1,BB20_2_sq125,2021,1,-0.67092,0.45014,0,1,0.57193
squeeze,SPN35.cash,index,D1,BB20_2_sq125,2022,1,-0.51736,0.26766,0,1,0.43122
squeeze,SPN35.cash,index,D1,BB20_2_sq125,2023,3,-0.20525,1.0345,1,3,-0.098332
squeeze,SPN35.cash,index,D1,BB20_2_sq125,2024,1,-0.026289,0.0006911,0,1,-0.088986
squeeze,SPN35.cash,index,D1,BB20_2_sq125,2025,1,0.1195,0.014281,1,1,-0.19634
squeeze,SPN35.cash,index,D1,BB20_2_sq125,2026,2,0.9503,0.90022,2,2,-1.1238
squeeze,SUGAR.c,soft,M5,BB20_2_sq125,2024,16,-267.87,7877.9,1,16,-262.3
squeeze,SUGAR.c,soft,M5,BB20_2_sq125,2025,189,-1303.4,35735,3,189,-1298.9
squeeze,SUGAR.c,soft,M5,BB20_2_sq125,2026,137,-509.59,2663,4,137,-510.97
squeeze,SUGAR.c,soft,M15,BB20_2_sq125,2024,6,-67.957,909.37,0,6,-60.632
squeeze,SUGAR.c,soft,M15,BB20_2_sq125,2025,64,-205.9,1633.3,1,64,-198.68
squeeze,SUGAR.c,soft,M15,BB20_2_sq125,2026,50,-91.097,228.35,3,50,-106
squeeze,SUGAR.c,soft,M30,BB20_2_sq125,2024,1,-4.4838,20.105,0,1,-4.8655
squeeze,SUGAR.c,soft,M30,BB20_2_sq125,2025,36,-55.323,199.4,4,36,-52.146
squeeze,SUGAR.c,soft,M30,BB20_2_sq125,2026,23,-30.902,56.179,0,23,-29.449
squeeze,SUGAR.c,soft,H1,BB20_2_sq125,2024,2,-8.3726,36.696,0,2,-12.477
squeeze,SUGAR.c,soft,H1,BB20_2_sq125,2025,21,-27.221,58.457,0,21,-16.642
squeeze,SUGAR.c,soft,H1,BB20_2_sq125,2026,13,-14.394,19.21,0,13,-11.818
squeeze,SUGAR.c,soft,H4,BB20_2_sq125,2025,7,0.49505,12.786,2,7,-6.2183
squeeze,SUGAR.c,soft,H4,BB20_2_sq125,2026,5,1.8753,5.1189,3,5,-5.4062
squeeze,SUGAR.c,soft,D1,BB20_2_sq125,2025,2,-1.1483,0.66095,0,2,-0.057804
squeeze,SUGAR.c,soft,D1,BB20_2_sq125,2026,1,-1.2505,1.5636,0,1,0.58073
squeeze,T,stock,M5,BB20_2_sq125,2021,70,-49.477,86.947,13,70,-42.195
squeeze,T,stock,M5,BB20_2_sq125,2022,141,-108.53,351.17,29,141,-88.063
squeeze,T,stock,M5,BB20_2_sq125,2023,124,-87.648,574.98,12,124,-119.86
squeeze,T,stock,M5,BB20_2_sq125,2024,132,-122.77,443.03,21,132,-109.3
squeeze,T,stock,M5,BB20_2_sq125,2025,137,-442.62,5605.3,11,137,-432.86
squeeze,T,stock,M5,BB20_2_sq125,2026,101,-304.11,3597.3,7,101,-326.02
squeeze,T,stock,M15,BB20_2_sq125,2021,21,-3.1477,13.265,8,21,-8.2625
squeeze,T,stock,M15,BB20_2_sq125,2022,41,-7.0554,41.311,16,41,-21.624
squeeze,T,stock,M15,BB20_2_sq125,2023,46,-13.467,72.884,11,46,-25.898
squeeze,T,stock,M15,BB20_2_sq125,2024,42,-27.209,92.498,8,42,-13.018
squeeze,T,stock,M15,BB20_2_sq125,2025,51,-80.651,295.23,0,51,-63.655
squeeze,T,stock,M15,BB20_2_sq125,2026,43,-53.631,129.28,2,43,-38.005
squeeze,T,stock,M30,BB20_2_sq125,2021,11,4.0059,10.323,5,11,-5.2451
squeeze,T,stock,M30,BB20_2_sq125,2022,23,-3.5922,18.172,8,23,-5.6326
squeeze,T,stock,M30,BB20_2_sq125,2023,23,-0.85024,40.057,7,23,-8.9857
squeeze,T,stock,M30,BB20_2_sq125,2024,22,-15.131,65.032,5,22,-13.092
squeeze,T,stock,M30,BB20_2_sq125,2025,23,-23.294,47.621,4,23,-12.891
squeeze,T,stock,M30,BB20_2_sq125,2026,18,-23.683,184.29,1,18,-21.688
squeeze,T,stock,H1,BB20_2_sq125,2021,5,0.029419,0.58015,2,5,-3.0613
squeeze,T,stock,H1,BB20_2_sq125,2022,13,-1.8115,5.0735,3,13,-0.42163
squeeze,T,stock,H1,BB20_2_sq125,2023,13,-4.3691,3.5678,3,13,-0.65292
squeeze,T,stock,H1,BB20_2_sq125,2024,13,-4.1524,5.6451,4,13,-3.0372
squeeze,T,stock,H1,BB20_2_sq125,2025,13,-6.0248,7.6233,2,13,-7.3318
squeeze,T,stock,H1,BB20_2_sq125,2026,10,-3.6001,5.3704,2,10,-3.6291
squeeze,T,stock,H4,BB20_2_sq125,2022,2,-0.19951,0.34788,1,2,-0.054615
squeeze,T,stock,H4,BB20_2_sq125,2023,2,0.39546,0.23213,1,2,-0.6958
squeeze,T,stock,H4,BB20_2_sq125,2024,4,-2.0106,1.8404,0,4,-1.0749
squeeze,T,stock,H4,BB20_2_sq125,2025,5,0.50049,2.4304,2,5,-2.1073
squeeze,T,stock,H4,BB20_2_sq125,2026,3,-3.1014,5.298,0,3,2.4803
squeeze,T,stock,D1,BB20_2_sq125,2020,1,-1.0502,1.1028,0,1,0.90489
squeeze,T,stock,D1,BB20_2_sq125,2021,2,-0.081118,0.008489,1,2,-0.2805
squeeze,T,stock,D1,BB20_2_sq125,2022,2,1.2169,0.83258,2,2,-1.5964
squeeze,T,stock,D1,BB20_2_sq125,2023,1,-0.42123,0.17744,0,1,0.30347
squeeze,T,stock,D1,BB20_2_sq125,2024,2,-0.19148,0.052179,1,2,-0.15867
squeeze,T,stock,D1,BB20_2_sq125,2025,1,-0.81545,0.66496,0,1,0.5494
squeeze,T,stock,D1,BB20_2_sq125,2026,2,-0.17622,0.017649,0,2,-0.43483
squeeze,TSLA,stock,M5,BB20_2_sq125,2021,65,-6.9578,111.07,18,65,8.5661
squeeze,TSLA,stock,M5,BB20_2_sq125,2022,148,-11.491,248.38,55,148,-15.506
squeeze,TSLA,stock,M5,BB20_2_sq125,2023,143,-10.851,63.071,43,143,-0.087284
squeeze,TSLA,stock,M5,BB20_2_sq125,2024,132,1.298,199.42,40,132,-3.7095
squeeze,TSLA,stock,M5,BB20_2_sq125,2025,144,-1.938,1435.2,34,144,-3.6932
squeeze,TSLA,stock,M5,BB20_2_sq125,2026,115,-34.765,323.92,29,115,-38.409
squeeze,TSLA,stock,M15,BB20_2_sq125,2021,18,-1.2921,12.078,6,18,-0.32757
squeeze,TSLA,stock,M15,BB20_2_sq125,2022,47,-5.1348,81.856,16,47,16.282
squeeze,TSLA,stock,M15,BB20_2_sq125,2023,48,-6.1826,33.817,15,48,9.0964
squeeze,TSLA,stock,M15,BB20_2_sq125,2024,51,6.9313,137.02,19,51,-7.2046
squeeze,TSLA,stock,M15,BB20_2_sq125,2025,53,18.938,114.3,27,53,-18.597
squeeze,TSLA,stock,M15,BB20_2_sq125,2026,39,-9.79,38.876,12,39,7.2206
squeeze,TSLA,stock,M30,BB20_2_sq125,2021,7,10.303,94.57,3,7,-1.2082
squeeze,TSLA,stock,M30,BB20_2_sq125,2022,21,0.52115,9.6333,10,21,-0.91597
squeeze,TSLA,stock,M30,BB20_2_sq125,2023,26,8.8992,33.121,12,26,-2.5909
squeeze,TSLA,stock,M30,BB20_2_sq125,2024,26,-1.4993,7.901,12,26,1.5586
squeeze,TSLA,stock,M30,BB20_2_sq125,2025,25,11.761,35.457,15,25,-9.1439
squeeze,TSLA,stock,M30,BB20_2_sq125,2026,18,0.55029,6.6839,8,18,-0.36825
squeeze,TSLA,stock,H1,BB20_2_sq125,2021,5,0.85891,0.55988,3,5,-3.0954
squeeze,TSLA,stock,H1,BB20_2_sq125,2022,13,3.1063,11.498,6,13,-1.7162
squeeze,TSLA,stock,H1,BB20_2_sq125,2023,11,-0.65293,1.6051,5,11,0.48045
squeeze,TSLA,stock,H1,BB20_2_sq125,2024,12,-0.5283,3.015,5,12,-1.8264
squeeze,TSLA,stock,H1,BB20_2_sq125,2025,12,-3.5349,3.8172,1,12,2.9657
squeeze,TSLA,stock,H1,BB20_2_sq125,2026,9,-1.3736,2.57,3,9,0.81802
squeeze,TSLA,stock,H4,BB20_2_sq125,2022,3,-0.19041,0.076785,1,3,0.14585
squeeze,TSLA,stock,H4,BB20_2_sq125,2023,6,0.50758,4.3349,3,6,0.13997
squeeze,TSLA,stock,H4,BB20_2_sq125,2024,4,0.23848,0.17119,3,4,-0.3139
squeeze,TSLA,stock,H4,BB20_2_sq125,2025,3,2.4411,11.351,1,3,-0.52352
squeeze,TSLA,stock,H4,BB20_2_sq125,2026,6,-1.6974,1.5202,2,6,0.78018
squeeze,TSLA,stock,D1,BB20_2_sq125,2020,3,3.5399,27.28,1,3,3.4689
squeeze,TSLA,stock,D1,BB20_2_sq125,2021,4,0.65033,0.39819,3,4,-0.74552
squeeze,TSLA,stock,D1,BB20_2_sq125,2022,1,-0.27025,0.073036,0,1,0.25538
squeeze,TSLA,stock,D1,BB20_2_sq125,2023,2,0.16399,0.021617,2,2,-0.21903
squeeze,TSLA,stock,D1,BB20_2_sq125,2025,3,1.3454,2.2515,2,3,-2.6797
squeeze,TSLA,stock,D1,BB20_2_sq125,2026,3,-1.6167,1.2117,0,3,-0.37386
squeeze,UK100.cash,index,M5,BB20_2_sq125,2021,131,-80.471,201.88,29,131,-82.999
squeeze,UK100.cash,index,M5,BB20_2_sq125,2022,567,-339.39,678.48,97,567,-273.98
squeeze,UK100.cash,index,M5,BB20_2_sq125,2023,636,-505.66,1539,95,636,-457.78
squeeze,UK100.cash,index,M5,BB20_2_sq125,2024,599,-460.96,1247.2,107,599,-495.9
squeeze,UK100.cash,index,M5,BB20_2_sq125,2025,590,-572.9,1106.7,64,590,-543.11
squeeze,UK100.cash,index,M5,BB20_2_sq125,2026,430,-296.08,787.9,66,430,-242.71
squeeze,UK100.cash,index,M15,BB20_2_sq125,2021,45,-48.229,977.08,9,45,-41.745
squeeze,UK100.cash,index,M15,BB20_2_sq125,2022,168,-53.133,137.09,39,168,-33.258
squeeze,UK100.cash,index,M15,BB20_2_sq125,2023,147,-45.013,227.15,32,147,-61.133
squeeze,UK100.cash,index,M15,BB20_2_sq125,2024,160,-61.25,227.21,33,160,-51.291
squeeze,UK100.cash,index,M15,BB20_2_sq125,2025,152,-62.597,271.96,26,152,-68.992
squeeze,UK100.cash,index,M15,BB20_2_sq125,2026,110,-48.103,95.437,17,110,-30.459
squeeze,UK100.cash,index,M30,BB20_2_sq125,2021,23,-8.7314,11.556,6,23,-6.0204
squeeze,UK100.cash,index,M30,BB20_2_sq125,2022,93,-7.3172,91.721,27,93,-9.0746
squeeze,UK100.cash,index,M30,BB20_2_sq125,2023,88,0.97369,131.76,28,88,-14.999
squeeze,UK100.cash,index,M30,BB20_2_sq125,2024,86,-7.1989,96.934,25,86,-19.285
squeeze,UK100.cash,index,M30,BB20_2_sq125,2025,80,-20.285,133.03,21,80,0.27612
squeeze,UK100.cash,index,M30,BB20_2_sq125,2026,67,-9.6342,84.799,19,67,-4.8929
squeeze,UK100.cash,index,H1,BB20_2_sq125,2021,14,-3.2731,4.6151,5,14,-1.2488
squeeze,UK100.cash,index,H1,BB20_2_sq125,2022,43,1.5438,41.643,14,43,-1.6168
squeeze,UK100.cash,index,H1,BB20_2_sq125,2023,33,-9.7984,18.986,9,33,-3.4827
squeeze,UK100.cash,index,H1,BB20_2_sq125,2024,40,0.21826,30.255,16,40,-4.4052
squeeze,UK100.cash,index,H1,BB20_2_sq125,2025,39,0.44516,66.308,13,39,3.4622
squeeze,UK100.cash,index,H1,BB20_2_sq125,2026,28,-1.5283,23.839,10,28,-2.5864
squeeze,UK100.cash,index,H4,BB20_2_sq125,2022,16,-5.7811,16.968,5,16,-3.1251
squeeze,UK100.cash,index,H4,BB20_2_sq125,2023,7,-3.0509,2.6819,2,7,2.5089
squeeze,UK100.cash,index,H4,BB20_2_sq125,2024,9,0.00067593,3.0667,4,9,-4.0154
squeeze,UK100.cash,index,H4,BB20_2_sq125,2025,9,-3.1369,4.2913,2,9,-1.046
squeeze,UK100.cash,index,H4,BB20_2_sq125,2026,8,-1.6877,4.231,2,8,-2.692
squeeze,UK100.cash,index,D1,BB20_2_sq125,2018,2,-2.1991,2.4205,0,2,6.0041
squeeze,UK100.cash,index,D1,BB20_2_sq125,2019,3,-1.1951,1.0726,1,3,0.97873
squeeze,UK100.cash,index,D1,BB20_2_sq125,2020,2,-0.70527,0.2492,0,2,0.66344
squeeze,UK100.cash,index,D1,BB20_2_sq125,2021,4,-0.21872,0.22013,2,4,0.00093475
squeeze,UK100.cash,index,D1,BB20_2_sq125,2023,5,1.7898,6.899,2,5,-0.43645
squeeze,UK100.cash,index,D1,BB20_2_sq125,2024,3,-1.6273,1.2311,0,3,1.3874
squeeze,UK100.cash,index,D1,BB20_2_sq125,2025,2,-0.69973,0.3207,0,2,0.54485
squeeze,UK100.cash,index,D1,BB20_2_sq125,2026,1,0.14508,0.021049,1,1,-0.23726
squeeze,UKOIL.cash,energy,M5,BB20_2_sq125,2021,153,-40.98,229.44,35,153,-82.659
squeeze,UKOIL.cash,energy,M5,BB20_2_sq125,2022,518,-114.75,823.99,130,518,-204.94
squeeze,UKOIL.cash,energy,M5,BB20_2_sq125,2023,527,-190.51,542.23,111,527,-145.23
squeeze,UKOIL.cash,energy,M5,BB20_2_sq125,2024,575,-209.94,679.74,118,575,-210.44
squeeze,UKOIL.cash,energy,M5,BB20_2_sq125,2025,549,-201.05,634.12,109,549,-135.13
squeeze,UKOIL.cash,energy,M5,BB20_2_sq125,2026,392,-121.96,263.09,82,392,-115.97
squeeze,UKOIL.cash,energy,M15,BB20_2_sq125,2021,46,-20.675,28.414,8,46,-1.0688
squeeze,UKOIL.cash,energy,M15,BB20_2_sq125,2022,154,-33.926,97.547,42,154,-15.708
squeeze,UKOIL.cash,energy,M15,BB20_2_sq125,2023,163,-37.536,128.59,41,163,-11.421
squeeze,UKOIL.cash,energy,M15,BB20_2_sq125,2024,150,-36.438,91.144,33,150,-14.387
squeeze,UKOIL.cash,energy,M15,BB20_2_sq125,2025,156,-4.3292,160.85,53,156,-31.529
squeeze,UKOIL.cash,energy,M15,BB20_2_sq125,2026,125,-21.288,67.875,31,125,-34.956
squeeze,UKOIL.cash,energy,M30,BB20_2_sq125,2021,24,-11.43,10.568,3,24,4.8504
squeeze,UKOIL.cash,energy,M30,BB20_2_sq125,2022,81,2.7932,77.545,28,81,-13.229
squeeze,UKOIL.cash,energy,M30,BB20_2_sq125,2023,75,-11.881,138.15,21,75,5.8357
squeeze,UKOIL.cash,energy,M30,BB20_2_sq125,2024,68,-4.2605,63.625,25,68,-19.621
squeeze,UKOIL.cash,energy,M30,BB20_2_sq125,2025,80,-11.681,64.814,21,80,-1.6797
squeeze,UKOIL.cash,energy,M30,BB20_2_sq125,2026,63,-7.7962,35.023,17,63,-5.3727
squeeze,UKOIL.cash,energy,H1,BB20_2_sq125,2021,13,-0.58775,12.562,4,13,-0.36093
squeeze,UKOIL.cash,energy,H1,BB20_2_sq125,2022,40,-0.7243,21.289,13,40,-5.2136
squeeze,UKOIL.cash,energy,H1,BB20_2_sq125,2023,33,-2.1217,16.829,9,33,-3.1489
squeeze,UKOIL.cash,energy,H1,BB20_2_sq125,2024,45,-14.093,18.765,11,45,2.7621
squeeze,UKOIL.cash,energy,H1,BB20_2_sq125,2025,42,-0.030057,26.329,16,42,-9.4581
squeeze,UKOIL.cash,energy,H1,BB20_2_sq125,2026,30,-8.1885,32.59,11,30,0.21354
squeeze,UKOIL.cash,energy,H4,BB20_2_sq125,2021,1,-1.0577,1.1188,0,1,0.028922
squeeze,UKOIL.cash,energy,H4,BB20_2_sq125,2022,10,2.2245,1.9186,5,10,-3.356
squeeze,UKOIL.cash,energy,H4,BB20_2_sq125,2023,12,2.7143,16.095,6,12,-5.892
squeeze,UKOIL.cash,energy,H4,BB20_2_sq125,2024,11,-0.37364,4.4991,4,11,-1.3175
squeeze,UKOIL.cash,energy,H4,BB20_2_sq125,2025,12,-1.8814,4.2213,3,12,1.9819
squeeze,UKOIL.cash,energy,H4,BB20_2_sq125,2026,11,-2.0386,5.8038,4,11,1.691
squeeze,UKOIL.cash,energy,D1,BB20_2_sq125,2017,4,-1.4249,1.609,2,4,0.61344
squeeze,UKOIL.cash,energy,D1,BB20_2_sq125,2018,3,1.3392,2.0241,2,3,-1.2911
squeeze,UKOIL.cash,energy,D1,BB20_2_sq125,2019,2,-0.02248,0.0030561,1,2,-0.4186
squeeze,UKOIL.cash,energy,D1,BB20_2_sq125,2020,2,4.3674,20.843,1,2,-1.0935
squeeze,UKOIL.cash,energy,D1,BB20_2_sq125,2021,2,-1.6103,1.3752,0,2,1.319
squeeze,UKOIL.cash,energy,D1,BB20_2_sq125,2022,2,-0.78011,0.31872,0,2,0.60004
squeeze,UKOIL.cash,energy,D1,BB20_2_sq125,2023,4,0.22172,0.82062,2,4,-0.95299
squeeze,UKOIL.cash,energy,D1,BB20_2_sq125,2024,2,0.70535,0.33621,2,2,-1.7483
squeeze,UKOIL.cash,energy,D1,BB20_2_sq125,2025,3,0.76291,0.34027,3,3,-2.5216
squeeze,UKOIL.cash,energy,D1,BB20_2_sq125,2026,1,1.0539,1.1107,1,1,-1.0458
squeeze,US100.cash,us_index,M5,BB20_2_sq125,2021,133,-7.7879,52.018,42,133,-11.18
squeeze,US100.cash,us_index,M5,BB20_2_sq125,2022,536,-28.303,269.75,177,536,-73.408
squeeze,US100.cash,us_index,M5,BB20_2_sq125,2023,546,-123.42,325.79,121,546,-118.49
squeeze,US100.cash,us_index,M5,BB20_2_sq125,2024,561,-135.76,314.66,133,561,-109.77
squeeze,US100.cash,us_index,M5,BB20_2_sq125,2025,555,-46.416,325.37,167,555,-94.935
squeeze,US100.cash,us_index,M5,BB20_2_sq125,2026,398,-38.678,206.78,122,398,-33.787
squeeze,US100.cash,us_index,M15,BB20_2_sq125,2021,38,5.8763,183.67,11,38,-1.0357
squeeze,US100.cash,us_index,M15,BB20_2_sq125,2022,150,0.45203,161.51,54,150,-19.148
squeeze,US100.cash,us_index,M15,BB20_2_sq125,2023,152,-26.81,85.022,40,152,-28.587
squeeze,US100.cash,us_index,M15,BB20_2_sq125,2024,151,-45.74,80.439,35,151,-13.847
squeeze,US100.cash,us_index,M15,BB20_2_sq125,2025,149,-5.9392,89.017,52,149,-37.092
squeeze,US100.cash,us_index,M15,BB20_2_sq125,2026,134,10.328,215.74,46,134,-6.778
squeeze,US100.cash,us_index,M30,BB20_2_sq125,2021,23,-4.2653,9.8828,8,23,3.6967
squeeze,US100.cash,us_index,M30,BB20_2_sq125,2022,93,1.2839,76.539,35,93,-10.908
squeeze,US100.cash,us_index,M30,BB20_2_sq125,2023,95,-6.3253,98.511,27,95,-16.254
squeeze,US100.cash,us_index,M30,BB20_2_sq125,2024,89,-11.896,114.02,22,89,2.1419
squeeze,US100.cash,us_index,M30,BB20_2_sq125,2025,82,-4.7443,90.371,28,82,-16.845
squeeze,US100.cash,us_index,M30,BB20_2_sq125,2026,58,17.426,225.04,27,58,-1.0647
squeeze,US100.cash,us_index,H1,BB20_2_sq125,2021,12,-1.3121,21.207,3,12,2.6658
squeeze,US100.cash,us_index,H1,BB20_2_sq125,2022,47,17.931,121.03,22,47,-9.7272
squeeze,US100.cash,us_index,H1,BB20_2_sq125,2023,43,2.9901,45.181,15,43,-5.1657
squeeze,US100.cash,us_index,H1,BB20_2_sq125,2024,33,-0.40812,19.868,12,33,-8.2694
squeeze,US100.cash,us_index,H1,BB20_2_sq125,2025,42,-3.0579,30.857,12,42,-1.1418
squeeze,US100.cash,us_index,H1,BB20_2_sq125,2026,28,-3.9219,20.935,9,28,3.6428
squeeze,US100.cash,us_index,H4,BB20_2_sq125,2022,10,0.063646,0.88977,4,10,-0.41452
squeeze,US100.cash,us_index,H4,BB20_2_sq125,2023,12,0.58265,4.723,3,12,-0.25457
squeeze,US100.cash,us_index,H4,BB20_2_sq125,2024,8,-0.80083,3.1284,2,8,-0.96321
squeeze,US100.cash,us_index,H4,BB20_2_sq125,2025,13,-3.7819,3.6012,3,13,4.2928
squeeze,US100.cash,us_index,H4,BB20_2_sq125,2026,9,-1.5829,1.98,2,9,0.73305
squeeze,US100.cash,us_index,D1,BB20_2_sq125,2019,2,0.37786,0.08964,2,2,-0.4331
squeeze,US100.cash,us_index,D1,BB20_2_sq125,2020,1,0.066979,0.0044862,1,1,-0.07707
squeeze,US100.cash,us_index,D1,BB20_2_sq125,2021,4,-1.8706,0.95042,0,4,1.7642
squeeze,US100.cash,us_index,D1,BB20_2_sq125,2022,2,0.42374,0.095205,2,2,-0.47323
squeeze,US100.cash,us_index,D1,BB20_2_sq125,2023,3,0.2744,0.21456,1,3,-0.89595
squeeze,US100.cash,us_index,D1,BB20_2_sq125,2024,1,0.43807,0.19191,1,1,-0.49946
squeeze,US100.cash,us_index,D1,BB20_2_sq125,2025,2,1.1427,0.65517,2,2,-1.619
squeeze,US100.cash,us_index,D1,BB20_2_sq125,2026,2,-1.0689,1.0117,0,2,0.85259
squeeze,US2000.cash,us_index,M5,BB20_2_sq125,2018,484,-315.23,749.52,80,484,-339.58
squeeze,US2000.cash,us_index,M5,BB20_2_sq125,2019,572,-808.36,1757.4,39,572,-722.75
squeeze,US2000.cash,us_index,M5,BB20_2_sq125,2020,513,-272.08,581.64,87,513,-320.45
squeeze,US2000.cash,us_index,M5,BB20_2_sq125,2021,542,-324.5,584.76,92,542,-347.58
squeeze,US2000.cash,us_index,M5,BB20_2_sq125,2022,537,-402.9,731.67,63,537,-393.73
squeeze,US2000.cash,us_index,M5,BB20_2_sq125,2023,568,-261.37,470.36,86,568,-216.03
squeeze,US2000.cash,us_index,M5,BB20_2_sq125,2024,584,-325.59,481.1,86,584,-270.07
squeeze,US2000.cash,us_index,M5,BB20_2_sq125,2025,556,-434.41,891.19,58,556,-433
squeeze,US2000.cash,us_index,M5,BB20_2_sq125,2026,406,-282.68,392.11,47,406,-211.24
squeeze,US2000.cash,us_index,M15,BB20_2_sq125,2018,143,-51.491,184.68,31,143,-51.764
squeeze,US2000.cash,us_index,M15,BB20_2_sq125,2019,154,-115.04,225.26,22,154,-119.06
squeeze,US2000.cash,us_index,M15,BB20_2_sq125,2020,172,-21.076,469.72,43,172,-66.706
squeeze,US2000.cash,us_index,M15,BB20_2_sq125,2021,176,-52.693,233.31,36,176,-56.112
squeeze,US2000.cash,us_index,M15,BB20_2_sq125,2022,150,-49.71,176.47,34,150,-58.865
squeeze,US2000.cash,us_index,M15,BB20_2_sq125,2023,154,-29.837,88.365,45,154,-38.521
squeeze,US2000.cash,us_index,M15,BB20_2_sq125,2024,148,-55.005,95.314,26,148,-24.806
squeeze,US2000.cash,us_index,M15,BB20_2_sq125,2025,154,-69.197,183.19,31,154,-69.415
squeeze,US2000.cash,us_index,M15,BB20_2_sq125,2026,125,-56.558,98.361,16,125,-26.866
squeeze,US2000.cash,us_index,M30,BB20_2_sq125,2018,78,-12.884,54.063,22,78,-25.332
squeeze,US2000.cash,us_index,M30,BB20_2_sq125,2019,100,-7.4539,245.85,29,100,-35.915
squeeze,US2000.cash,us_index,M30,BB20_2_sq125,2020,84,10.529,134.26,30,84,-23.306
squeeze,US2000.cash,us_index,M30,BB20_2_sq125,2021,95,-14.393,182.2,27,95,-16.614
squeeze,US2000.cash,us_index,M30,BB20_2_sq125,2022,85,-9.1431,128.52,25,85,-23.71
squeeze,US2000.cash,us_index,M30,BB20_2_sq125,2023,88,-0.42729,310.96,21,88,-8.6742
squeeze,US2000.cash,us_index,M30,BB20_2_sq125,2024,90,-17.626,111.63,26,90,-5.654
squeeze,US2000.cash,us_index,M30,BB20_2_sq125,2025,88,-45.442,68.721,12,88,-9.0386
squeeze,US2000.cash,us_index,M30,BB20_2_sq125,2026,71,-28.277,36.182,14,71,-1.1891
squeeze,US2000.cash,us_index,H1,BB20_2_sq125,2018,45,-1.2867,43.902,16,45,-1.4944
squeeze,US2000.cash,us_index,H1,BB20_2_sq125,2019,53,-6.0258,37.478,17,53,-3.731
squeeze,US2000.cash,us_index,H1,BB20_2_sq125,2020,43,-9.5293,18.212,12,43,-0.50634
squeeze,US2000.cash,us_index,H1,BB20_2_sq125,2021,53,-10.402,28.132,17,53,-1.3625
squeeze,US2000.cash,us_index,H1,BB20_2_sq125,2022,41,12.874,137.49,15,41,-5.2267
squeeze,US2000.cash,us_index,H1,BB20_2_sq125,2023,44,-1.0826,27.804,16,44,3.5993
squeeze,US2000.cash,us_index,H1,BB20_2_sq125,2024,44,-2.5192,45.074,15,44,0.094413
squeeze,US2000.cash,us_index,H1,BB20_2_sq125,2025,50,-6.4602,40.439,16,50,-5.5466
squeeze,US2000.cash,us_index,H1,BB20_2_sq125,2026,30,-12.188,21.4,7,30,-1.6773
squeeze,US2000.cash,us_index,H4,BB20_2_sq125,2018,10,-0.83486,1.1755,4,10,-0.39702
squeeze,US2000.cash,us_index,H4,BB20_2_sq125,2019,14,-1.9502,1.6556,5,14,0.71679
squeeze,US2000.cash,us_index,H4,BB20_2_sq125,2020,9,1.2074,1.6322,6,9,-2.532
squeeze,US2000.cash,us_index,H4,BB20_2_sq125,2021,10,-2.5388,3.1649,3,10,1.8686
squeeze,US2000.cash,us_index,H4,BB20_2_sq125,2022,12,0.64215,2.948,7,12,-0.71158
squeeze,US2000.cash,us_index,H4,BB20_2_sq125,2023,12,4.0117,9.9536,6,12,-4.9252
squeeze,US2000.cash,us_index,H4,BB20_2_sq125,2024,10,-0.25221,1.4372,6,10,-0.50527
squeeze,US2000.cash,us_index,H4,BB20_2_sq125,2025,11,5.8118,32.688,3,11,-4.3275
squeeze,US2000.cash,us_index,H4,BB20_2_sq125,2026,9,-0.86366,1.4703,3,9,-0.21977
squeeze,US2000.cash,us_index,D1,BB20_2_sq125,2018,2,0.037753,0.027264,1,2,-0.1864
squeeze,US2000.cash,us_index,D1,BB20_2_sq125,2019,3,0.58653,3.1475,2,3,-0.93559
squeeze,US2000.cash,us_index,D1,BB20_2_sq125,2020,2,0.44234,0.79877,1,2,-0.76811
squeeze,US2000.cash,us_index,D1,BB20_2_sq125,2021,3,-0.92259,0.66505,1,3,-0.032439
squeeze,US2000.cash,us_index,D1,BB20_2_sq125,2022,2,0.38958,0.11071,2,2,-0.53458
squeeze,US2000.cash,us_index,D1,BB20_2_sq125,2023,3,-0.10415,0.40523,1,3,-0.49021
squeeze,US2000.cash,us_index,D1,BB20_2_sq125,2024,3,0.061464,0.79968,1,3,-0.39361
squeeze,US2000.cash,us_index,D1,BB20_2_sq125,2025,1,0.39767,0.15814,1,1,-0.47136
squeeze,US2000.cash,us_index,D1,BB20_2_sq125,2026,3,-1.3664,1.8202,1,3,0.31237
squeeze,US30.cash,us_index,M5,BB20_2_sq125,2019,421,-64.679,222.17,108,421,-30.533
squeeze,US30.cash,us_index,M5,BB20_2_sq125,2020,530,-3.3971,239.84,184,530,-62.293
squeeze,US30.cash,us_index,M5,BB20_2_sq125,2021,554,-66.494,250.18,158,554,-36.294
squeeze,US30.cash,us_index,M5,BB20_2_sq125,2022,534,-28.571,421.48,155,534,-40.877
squeeze,US30.cash,us_index,M5,BB20_2_sq125,2023,565,-143.58,363.09,109,565,-104.5
squeeze,US30.cash,us_index,M5,BB20_2_sq125,2024,582,-176.82,272.16,115,582,-96.735
squeeze,US30.cash,us_index,M5,BB20_2_sq125,2025,576,-90.784,293.39,151,576,-72.867
squeeze,US30.cash,us_index,M5,BB20_2_sq125,2026,437,-84.792,183.83,118,437,-43.198
squeeze,US30.cash,us_index,M15,BB20_2_sq125,2019,117,-3.2899,60.164,43,117,-12.066
squeeze,US30.cash,us_index,M15,BB20_2_sq125,2020,164,4.5033,131.92,62,164,-16.74
squeeze,US30.cash,us_index,M15,BB20_2_sq125,2021,155,-9.1314,122.94,51,155,-10.767
squeeze,US30.cash,us_index,M15,BB20_2_sq125,2022,147,4.5359,131.21,49,147,-12.626
squeeze,US30.cash,us_index,M15,BB20_2_sq125,2023,145,-14.063,107.53,44,145,-20.727
squeeze,US30.cash,us_index,M15,BB20_2_sq125,2024,155,-10.967,101.18,51,155,-23.468
squeeze,US30.cash,us_index,M15,BB20_2_sq125,2025,151,-9.4428,152.57,46,151,-10.346
squeeze,US30.cash,us_index,M15,BB20_2_sq125,2026,121,-13.214,72.383,36,121,-6.7611
squeeze,US30.cash,us_index,M30,BB20_2_sq125,2019,63,-14.528,27.176,20,63,4.5072
squeeze,US30.cash,us_index,M30,BB20_2_sq125,2020,88,0.94411,75.397,32,88,-5.9321
squeeze,US30.cash,us_index,M30,BB20_2_sq125,2021,89,-19.863,41.922,27,89,7.8407
squeeze,US30.cash,us_index,M30,BB20_2_sq125,2022,88,-14.478,68.796,29,88,2.529
squeeze,US30.cash,us_index,M30,BB20_2_sq125,2023,84,3.1461,136.52,27,84,-7.2207
squeeze,US30.cash,us_index,M30,BB20_2_sq125,2024,94,-14.154,73.565,27,94,1.5989
squeeze,US30.cash,us_index,M30,BB20_2_sq125,2025,84,2.6467,97.255,30,84,-5.1569
squeeze,US30.cash,us_index,M30,BB20_2_sq125,2026,70,6.6977,115.11,25,70,-9.2297
squeeze,US30.cash,us_index,H1,BB20_2_sq125,2019,32,-10.872,9.9461,7,32,9.8839
squeeze,US30.cash,us_index,H1,BB20_2_sq125,2020,45,-5.8024,13.043,20,45,-1.8641
squeeze,US30.cash,us_index,H1,BB20_2_sq125,2021,53,-1.032,42.596,18,53,-7.5449
squeeze,US30.cash,us_index,H1,BB20_2_sq125,2022,49,0.73325,45.406,20,49,-1.7834
squeeze,US30.cash,us_index,H1,BB20_2_sq125,2023,42,-7.9973,34.363,13,42,-9.9888
squeeze,US30.cash,us_index,H1,BB20_2_sq125,2024,43,0.19448,38.296,17,43,-2.7072
squeeze,US30.cash,us_index,H1,BB20_2_sq125,2025,49,3.4775,50.403,21,49,2.9692
squeeze,US30.cash,us_index,H1,BB20_2_sq125,2026,34,0.72368,36.249,12,34,-3.0312
squeeze,US30.cash,us_index,H4,BB20_2_sq125,2019,10,-1.5881,0.47243,1,10,0.93753
squeeze,US30.cash,us_index,H4,BB20_2_sq125,2020,13,-1.9019,1.8329,3,13,-0.58775
squeeze,US30.cash,us_index,H4,BB20_2_sq125,2021,14,-1.1031,3.8474,4,14,1.1117
squeeze,US30.cash,us_index,H4,BB20_2_sq125,2022,10,-2.9484,4.7434,4,10,3.1539
squeeze,US30.cash,us_index,H4,BB20_2_sq125,2023,16,-0.0085909,6.7587,10,16,-0.32995
squeeze,US30.cash,us_index,H4,BB20_2_sq125,2024,12,-1.6272,4.1279,3,12,-2.7618
squeeze,US30.cash,us_index,H4,BB20_2_sq125,2025,13,-0.89893,5.7411,4,13,-1.1759
squeeze,US30.cash,us_index,H4,BB20_2_sq125,2026,6,-1.4659,1.6829,2,6,0.24347
squeeze,US30.cash,us_index,D1,BB20_2_sq125,2021,3,-2.0965,1.6187,0,3,1.9429
squeeze,US30.cash,us_index,D1,BB20_2_sq125,2022,1,0.29531,0.087208,1,1,-0.34735
squeeze,US30.cash,us_index,D1,BB20_2_sq125,2023,2,0.88598,0.41932,2,2,-1.4121
squeeze,US30.cash,us_index,D1,BB20_2_sq125,2024,1,-0.16923,0.02864,0,1,0.14009
squeeze,US30.cash,us_index,D1,BB20_2_sq125,2025,1,1.2408,1.5397,1,1,-1.0054
squeeze,US30.cash,us_index,D1,BB20_2_sq125,2026,2,-0.065502,0.024651,1,2,-0.029053
squeeze,US500.cash,us_index,M5,BB20_2_sq125,2021,128,-29.349,60.362,25,128,-24.66
squeeze,US500.cash,us_index,M5,BB20_2_sq125,2022,518,-41.306,353.76,156,518,-82.305
squeeze,US500.cash,us_index,M5,BB20_2_sq125,2023,550,-151.45,345.63,115,550,-105.15
squeeze,US500.cash,us_index,M5,BB20_2_sq125,2024,573,-165.68,316.06,122,573,-163.4
squeeze,US500.cash,us_index,M5,BB20_2_sq125,2025,560,-78.308,297.78,157,560,-125.41
squeeze,US500.cash,us_index,M5,BB20_2_sq125,2026,411,-83.136,284.66,97,411,-45.466
squeeze,US500.cash,us_index,M15,BB20_2_sq125,2021,38,-8.2297,29.766,8,38,-3.9013
squeeze,US500.cash,us_index,M15,BB20_2_sq125,2022,151,13.322,158.23,59,151,-37.374
squeeze,US500.cash,us_index,M15,BB20_2_sq125,2023,152,-17.776,99.649,48,152,-31.204
squeeze,US500.cash,us_index,M15,BB20_2_sq125,2024,150,-42.165,67.009,38,150,-21.686
squeeze,US500.cash,us_index,M15,BB20_2_sq125,2025,170,-10.608,107.73,60,170,-31.309
squeeze,US500.cash,us_index,M15,BB20_2_sq125,2026,126,-27.712,42.332,33,126,-8.0423
squeeze,US500.cash,us_index,M30,BB20_2_sq125,2021,19,-2.5367,5.5358,5,19,-2.1277
squeeze,US500.cash,us_index,M30,BB20_2_sq125,2022,84,-6.7284,48.033,28,84,-7.3936
squeeze,US500.cash,us_index,M30,BB20_2_sq125,2023,86,-19.589,80.336,18,86,-11.193
squeeze,US500.cash,us_index,M30,BB20_2_sq125,2024,93,-26.565,59.954,24,93,3.4148
squeeze,US500.cash,us_index,M30,BB20_2_sq125,2025,79,31.632,363.44,34,79,-24.497
squeeze,US500.cash,us_index,M30,BB20_2_sq125,2026,70,-8.7865,52.988,18,70,1.405
squeeze,US500.cash,us_index,H1,BB20_2_sq125,2021,9,5.0648,15.655,6,9,-3.3613
squeeze,US500.cash,us_index,H1,BB20_2_sq125,2022,40,8.4671,69.207,16,40,-0.92903
squeeze,US500.cash,us_index,H1,BB20_2_sq125,2023,42,-3.8952,40.241,13,42,-1.6168
squeeze,US500.cash,us_index,H1,BB20_2_sq125,2024,40,-4.1886,36.503,12,40,-7.0071
squeeze,US500.cash,us_index,H1,BB20_2_sq125,2025,41,5.8499,101.9,14,41,0.34153
squeeze,US500.cash,us_index,H1,BB20_2_sq125,2026,29,11.064,36.88,17,29,-10.018
squeeze,US500.cash,us_index,H4,BB20_2_sq125,2021,2,-0.68843,0.30712,0,2,0.58022
squeeze,US500.cash,us_index,H4,BB20_2_sq125,2022,13,-1.219,3.1077,5,13,1.2692
squeeze,US500.cash,us_index,H4,BB20_2_sq125,2023,12,-0.23041,6.9328,7,12,-3.5394
squeeze,US500.cash,us_index,H4,BB20_2_sq125,2024,12,0.69842,3.0626,5,12,-1.447
squeeze,US500.cash,us_index,H4,BB20_2_sq125,2025,14,-4.1246,4.1175,4,14,6.1792
squeeze,US500.cash,us_index,H4,BB20_2_sq125,2026,7,-1.3849,1.3294,2,7,0.6281
squeeze,US500.cash,us_index,D1,BB20_2_sq125,2018,1,-0.29807,0.088845,0,1,0.23754
squeeze,US500.cash,us_index,D1,BB20_2_sq125,2019,1,1.5231,2.3198,1,1,-1.0504
squeeze,US500.cash,us_index,D1,BB20_2_sq125,2020,1,-0.12528,0.015695,0,1,0.095525
squeeze,US500.cash,us_index,D1,BB20_2_sq125,2021,3,-2.347,1.9611,0,3,2.4989
squeeze,US500.cash,us_index,D1,BB20_2_sq125,2022,2,0.23372,0.028543,2,2,-0.30185
squeeze,US500.cash,us_index,D1,BB20_2_sq125,2023,3,-0.56975,1.2947,1,3,0.22951
squeeze,US500.cash,us_index,D1,BB20_2_sq125,2024,2,-0.31966,0.32229,1,2,0.23264
squeeze,US500.cash,us_index,D1,BB20_2_sq125,2025,2,0.17255,0.016076,2,2,-0.26587
squeeze,US500.cash,us_index,D1,BB20_2_sq125,2026,2,-0.94395,0.59375,0,2,0.84597
squeeze,USDCAD,forex,M15,BB20_2_sq125,2015,159,-22.143,322.42,40,159,-36.529
squeeze,USDCAD,forex,M15,BB20_2_sq125,2016,157,-32.746,126.02,37,157,-24.531
squeeze,USDCAD,forex,M15,BB20_2_sq125,2017,177,-59.934,129.83,37,177,-31.268
squeeze,USDCAD,forex,M15,BB20_2_sq125,2018,160,-47.683,123.42,37,160,-35.946
squeeze,USDCAD,forex,M15,BB20_2_sq125,2019,170,-60.304,260.41,32,170,-61.284
squeeze,USDCAD,forex,M15,BB20_2_sq125,2020,154,-5.491,223.16,42,154,-20.047
squeeze,USDCAD,forex,M15,BB20_2_sq125,2021,167,-29.381,115.18,45,167,-27.689
squeeze,USDCAD,forex,M15,BB20_2_sq125,2022,164,-40.885,104.07,46,164,-5.4495
squeeze,USDCAD,forex,M15,BB20_2_sq125,2023,156,-26.367,111.92,47,156,-20.437
squeeze,USDCAD,forex,M15,BB20_2_sq125,2024,160,-49.165,134.66,32,160,-30.872
squeeze,USDCAD,forex,M15,BB20_2_sq125,2025,174,-52.075,149.27,32,174,-25.727
squeeze,USDCAD,forex,M15,BB20_2_sq125,2026,130,-32.02,121.91,28,130,-16.962
squeeze,USDCAD,forex,M30,BB20_2_sq125,2015,87,-4.8246,74.776,31,87,-20.437
squeeze,USDCAD,forex,M30,BB20_2_sq125,2016,90,-31.565,38.911,16,90,7.6938
squeeze,USDCAD,forex,M30,BB20_2_sq125,2017,85,-15.205,70.659,26,85,-21.086
squeeze,USDCAD,forex,M30,BB20_2_sq125,2018,87,-23.549,71.977,19,87,-8.4693
squeeze,USDCAD,forex,M30,BB20_2_sq125,2019,100,-30.775,101.5,19,100,-10.005
squeeze,USDCAD,forex,M30,BB20_2_sq125,2020,88,-5.6783,70.072,29,88,-12.683
squeeze,USDCAD,forex,M30,BB20_2_sq125,2021,78,-8.5152,48.382,28,78,-8.9652
squeeze,USDCAD,forex,M30,BB20_2_sq125,2022,82,-17.185,35.659,19,82,-1.6912
squeeze,USDCAD,forex,M30,BB20_2_sq125,2023,86,-18.838,33.179,31,86,-9.1067
squeeze,USDCAD,forex,M30,BB20_2_sq125,2024,99,-18.106,56.992,28,99,-13.852
squeeze,USDCAD,forex,M30,BB20_2_sq125,2025,97,-11.385,54.444,26,97,-14.128
squeeze,USDCAD,forex,M30,BB20_2_sq125,2026,64,-5.698,27.236,24,64,-13.806
squeeze,USDCAD,forex,H1,BB20_2_sq125,2015,43,-1.4407,46.055,14,43,-0.53213
squeeze,USDCAD,forex,H1,BB20_2_sq125,2016,44,-7.4664,21.289,16,44,-2.346
squeeze,USDCAD,forex,H1,BB20_2_sq125,2017,44,-11.349,34.206,12,44,-1.5821
squeeze,USDCAD,forex,H1,BB20_2_sq125,2018,34,-11.566,11.17,6,34,-2.201
squeeze,USDCAD,forex,H1,BB20_2_sq125,2019,43,6.3756,91.957,16,43,-7.4893
squeeze,USDCAD,forex,H1,BB20_2_sq125,2020,37,-6.421,19.688,12,37,-0.32779
squeeze,USDCAD,forex,H1,BB20_2_sq125,2021,47,1.9583,64.469,15,47,-4.5613
squeeze,USDCAD,forex,H1,BB20_2_sq125,2022,46,-8.4245,20.79,15,46,6.5131
squeeze,USDCAD,forex,H1,BB20_2_sq125,2023,44,-3.1711,41.078,17,44,-5.2615
squeeze,USDCAD,forex,H1,BB20_2_sq125,2024,42,3.725,37.439,16,42,-8.2814
squeeze,USDCAD,forex,H1,BB20_2_sq125,2025,43,-10.474,35.74,10,43,1.9883
squeeze,USDCAD,forex,H1,BB20_2_sq125,2026,35,-6.7044,18.795,10,35,-5.1752
squeeze,USDCAD,forex,H4,BB20_2_sq125,2015,10,-1.379,2.6032,1,10,0.33147
squeeze,USDCAD,forex,H4,BB20_2_sq125,2016,9,0.054058,10.38,3,9,1.6085
squeeze,USDCAD,forex,H4,BB20_2_sq125,2017,13,0.45345,3.6861,4,13,-1.1708
squeeze,USDCAD,forex,H4,BB20_2_sq125,2018,15,-1.7906,4.9867,5,15,0.21326
squeeze,USDCAD,forex,H4,BB20_2_sq125,2019,13,-2.4354,5.8273,1,13,1.395
squeeze,USDCAD,forex,H4,BB20_2_sq125,2020,13,1.2449,7.7196,7,13,-3.555
squeeze,USDCAD,forex,H4,BB20_2_sq125,2021,11,-2.2189,5.8542,2,11,-0.80509
squeeze,USDCAD,forex,H4,BB20_2_sq125,2022,12,-2.9218,1.9388,1,12,1.2456
squeeze,USDCAD,forex,H4,BB20_2_sq125,2023,16,2.8802,15.441,7,16,-1.863
squeeze,USDCAD,forex,H4,BB20_2_sq125,2024,9,-3.7162,3.229,1,9,1.2648
squeeze,USDCAD,forex,H4,BB20_2_sq125,2025,12,-4.7555,3.9515,1,12,2.784
squeeze,USDCAD,forex,H4,BB20_2_sq125,2026,7,0.2467,1.2498,4,7,-2.6212
squeeze,USDCAD,forex,D1,BB20_2_sq125,2001,3,-0.93806,0.77906,1,3,0.77754
squeeze,USDCAD,forex,D1,BB20_2_sq125,2002,1,-0.1026,0.010526,0,1,0.045078
squeeze,USDCAD,forex,D1,BB20_2_sq125,2003,2,0.8293,0.38086,2,2,-1.3442
squeeze,USDCAD,forex,D1,BB20_2_sq125,2004,1,-0.078225,0.0061192,0,1,0.058596
squeeze,USDCAD,forex,D1,BB20_2_sq125,2005,3,0.47438,0.78955,2,3,-0.60136
squeeze,USDCAD,forex,D1,BB20_2_sq125,2006,1,-0.28261,0.07987,0,1,0.25083
squeeze,USDCAD,forex,D1,BB20_2_sq125,2007,1,0.20966,0.043956,1,1,-0.27803
squeeze,USDCAD,forex,D1,BB20_2_sq125,2008,3,-1.2825,0.61885,0,3,1.1816
squeeze,USDCAD,forex,D1,BB20_2_sq125,2009,4,0.45992,0.51362,2,4,-0.55886
squeeze,USDCAD,forex,D1,BB20_2_sq125,2010,2,-0.95169,0.45584,0,2,0.89996
squeeze,USDCAD,forex,D1,BB20_2_sq125,2011,2,-0.41139,0.14279,0,2,0.33746
squeeze,USDCAD,forex,D1,BB20_2_sq125,2012,3,1.0113,0.97713,2,3,-1.1778
squeeze,USDCAD,forex,D1,BB20_2_sq125,2013,2,-0.1513,0.021963,0,2,-0.022412
squeeze,USDCAD,forex,D1,BB20_2_sq125,2014,1,-0.31811,0.10119,0,1,0.2554
squeeze,USDCAD,forex,D1,BB20_2_sq125,2015,2,0.79441,2.0846,1,2,-0.56229
squeeze,USDCAD,forex,D1,BB20_2_sq125,2016,4,-1.4779,1.1848,1,4,1.2192
squeeze,USDCAD,forex,D1,BB20_2_sq125,2017,3,-1.1566,1.9711,1,3,1.4759
squeeze,USDCAD,forex,D1,BB20_2_sq125,2018,1,-1.0061,1.0123,0,1,0.72296
squeeze,USDCAD,forex,D1,BB20_2_sq125,2019,2,-0.63035,0.20204,0,2,0.45665
squeeze,USDCAD,forex,D1,BB20_2_sq125,2020,1,-0.58298,0.33987,0,1,0.54938
squeeze,USDCAD,forex,D1,BB20_2_sq125,2021,3,0.80462,0.66214,2,3,-1.5919
squeeze,USDCAD,forex,D1,BB20_2_sq125,2022,1,-1.0114,1.0229,0,1,0.47515
squeeze,USDCAD,forex,D1,BB20_2_sq125,2023,2,-0.81323,0.55711,0,2,0.74689
squeeze,USDCAD,forex,D1,BB20_2_sq125,2024,3,0.24116,0.9556,1,3,-0.48656
squeeze,USDCAD,forex,D1,BB20_2_sq125,2025,3,-0.73874,1.0708,2,3,1.6235
squeeze,USDCAD,forex,D1,BB20_2_sq125,2026,1,-0.088118,0.0077648,0,1,0.047714
squeeze,USDCHF,forex,M15,BB20_2_sq125,2015,153,-85.159,149.56,20,153,-56.569
squeeze,USDCHF,forex,M15,BB20_2_sq125,2016,160,-87.449,217.12,24,160,-37.064
squeeze,USDCHF,forex,M15,BB20_2_sq125,2017,163,-60.707,207.46,30,163,-61.49
squeeze,USDCHF,forex,M15,BB20_2_sq125,2018,148,-75.413,156.49,30,148,-31.755
squeeze,USDCHF,forex,M15,BB20_2_sq125,2019,163,-50.006,231.84,43,163,-83.558
squeeze,USDCHF,forex,M15,BB20_2_sq125,2020,147,-38.28,86.859,37,147,-23.954
squeeze,USDCHF,forex,M15,BB20_2_sq125,2021,161,-55.156,175.52,39,161,-31.521
squeeze,USDCHF,forex,M15,BB20_2_sq125,2022,157,-32.884,236.43,39,157,-39.476
squeeze,USDCHF,forex,M15,BB20_2_sq125,2023,148,-54.79,308.85,37,148,-38.175
squeeze,USDCHF,forex,M15,BB20_2_sq125,2024,171,-59.141,221.77,36,171,-42.777
squeeze,USDCHF,forex,M15,BB20_2_sq125,2025,170,-47.7,321.77,38,170,-47.057
squeeze,USDCHF,forex,M15,BB20_2_sq125,2026,121,-33.853,245.11,33,121,-31.06
squeeze,USDCHF,forex,M30,BB20_2_sq125,2015,88,-30.449,116.67,16,88,-0.65395
squeeze,USDCHF,forex,M30,BB20_2_sq125,2016,93,-28.625,190.17,19,93,8.0336
squeeze,USDCHF,forex,M30,BB20_2_sq125,2017,96,-31.346,82.601,20,96,-24.478
squeeze,USDCHF,forex,M30,BB20_2_sq125,2018,94,-38.83,62.721,16,94,-5.9246
squeeze,USDCHF,forex,M30,BB20_2_sq125,2019,87,-25.918,99.733,18,87,-12.941
squeeze,USDCHF,forex,M30,BB20_2_sq125,2020,84,-9.3936,81.677,28,84,-12.01
squeeze,USDCHF,forex,M30,BB20_2_sq125,2021,86,-17.345,59.324,20,86,-4.2102
squeeze,USDCHF,forex,M30,BB20_2_sq125,2022,89,-19.078,62.402,23,89,-2.8873
squeeze,USDCHF,forex,M30,BB20_2_sq125,2023,85,-21.35,67.479,19,85,-3.0774
squeeze,USDCHF,forex,M30,BB20_2_sq125,2024,94,-16.124,94.734,27,94,-4.6981
squeeze,USDCHF,forex,M30,BB20_2_sq125,2025,89,-4.3601,80.964,22,89,-8.4652
squeeze,USDCHF,forex,M30,BB20_2_sq125,2026,69,-9.436,54.557,19,69,-4.0271
squeeze,USDCHF,forex,H1,BB20_2_sq125,2015,39,-3.5255,46.32,9,39,-2.9063
squeeze,USDCHF,forex,H1,BB20_2_sq125,2016,41,-12.35,20.283,13,41,-3.7258
squeeze,USDCHF,forex,H1,BB20_2_sq125,2017,43,-1.7397,42.77,9,43,4.1004
squeeze,USDCHF,forex,H1,BB20_2_sq125,2018,39,-6.2398,28.465,12,39,-4.9923
squeeze,USDCHF,forex,H1,BB20_2_sq125,2019,51,-9.5075,63.175,16,51,-10.751
squeeze,USDCHF,forex,H1,BB20_2_sq125,2020,43,-7.166,37.055,12,43,-3.214
squeeze,USDCHF,forex,H1,BB20_2_sq125,2021,53,-3.0877,50.59,17,53,-8.6798
squeeze,USDCHF,forex,H1,BB20_2_sq125,2022,40,3.0802,139.76,11,40,5.2203
squeeze,USDCHF,forex,H1,BB20_2_sq125,2023,43,-5.5259,48.206,12,43,2.7338
squeeze,USDCHF,forex,H1,BB20_2_sq125,2024,43,-8.8819,27.239,10,43,9.1364
squeeze,USDCHF,forex,H1,BB20_2_sq125,2025,46,-9.0516,20.111,15,46,0.97394
squeeze,USDCHF,forex,H1,BB20_2_sq125,2026,35,-6.4065,26.313,12,35,5.6466
squeeze,USDCHF,forex,H4,BB20_2_sq125,2015,10,-1.5856,4.2317,3,10,0.1933
squeeze,USDCHF,forex,H4,BB20_2_sq125,2016,10,3.318,4.9587,6,10,-4.1162
squeeze,USDCHF,forex,H4,BB20_2_sq125,2017,13,0.059852,9.5122,5,13,-0.41623
squeeze,USDCHF,forex,H4,BB20_2_sq125,2018,12,-2.9493,7.8194,3,12,1.5047
squeeze,USDCHF,forex,H4,BB20_2_sq125,2019,10,-3.0598,3.9009,4,10,-0.58738
squeeze,USDCHF,forex,H4,BB20_2_sq125,2020,13,-3.2215,3.067,5,13,0.70341
squeeze,USDCHF,forex,H4,BB20_2_sq125,2021,13,3.6122,9.9294,9,13,-3.2746
squeeze,USDCHF,forex,H4,BB20_2_sq125,2022,11,-3.1949,4.9274,5,11,-0.28393
squeeze,USDCHF,forex,H4,BB20_2_sq125,2023,11,-2.2787,4.9816,4,11,-0.43649
squeeze,USDCHF,forex,H4,BB20_2_sq125,2024,13,-0.38209,9.031,5,13,-2.5986
squeeze,USDCHF,forex,H4,BB20_2_sq125,2025,10,-1.219,6.7313,2,10,0.37356
squeeze,USDCHF,forex,H4,BB20_2_sq125,2026,8,-4.1049,4.436,2,8,4.9112
squeeze,USDCHF,forex,D1,BB20_2_sq125,2001,3,-0.69555,0.67116,1,3,0.55718
squeeze,USDCHF,forex,D1,BB20_2_sq125,2002,2,-0.7635,0.51488,0,2,0.6786
squeeze,USDCHF,forex,D1,BB20_2_sq125,2003,2,-0.35733,0.36104,1,2,0.21902
squeeze,USDCHF,forex,D1,BB20_2_sq125,2004,2,-0.28009,0.12621,1,2,0.20936
squeeze,USDCHF,forex,D1,BB20_2_sq125,2005,2,-0.39545,0.17666,1,2,0.26884
squeeze,USDCHF,forex,D1,BB20_2_sq125,2006,2,0.29547,0.28773,1,2,-0.4852
squeeze,USDCHF,forex,D1,BB20_2_sq125,2007,1,-0.28749,0.08265,0,1,0.1498
squeeze,USDCHF,forex,D1,BB20_2_sq125,2009,2,0.31147,0.049676,2,2,-1.1775
squeeze,USDCHF,forex,D1,BB20_2_sq125,2011,2,0.042987,0.01228,1,2,-0.13231
squeeze,USDCHF,forex,D1,BB20_2_sq125,2012,2,-0.11712,0.03559,1,2,-0.016854
squeeze,USDCHF,forex,D1,BB20_2_sq125,2013,2,0.16957,0.024254,2,2,-0.35532
squeeze,USDCHF,forex,D1,BB20_2_sq125,2014,2,-0.53853,0.18601,0,2,0.35457
squeeze,USDCHF,forex,D1,BB20_2_sq125,2015,2,0.19092,0.28981,1,2,-0.32268
squeeze,USDCHF,forex,D1,BB20_2_sq125,2016,2,-0.41872,0.088544,0,2,0.30784
squeeze,USDCHF,forex,D1,BB20_2_sq125,2017,2,0.82666,0.88913,1,2,-1.0608
squeeze,USDCHF,forex,D1,BB20_2_sq125,2018,2,-0.79263,0.42044,0,2,0.59548
squeeze,USDCHF,forex,D1,BB20_2_sq125,2019,1,-0.19989,0.039958,0,1,0.15503
squeeze,USDCHF,forex,D1,BB20_2_sq125,2020,1,0.10742,0.011539,1,1,-0.1527
squeeze,USDCHF,forex,D1,BB20_2_sq125,2021,3,0.069574,1.4438,1,3,-0.34777
squeeze,USDCHF,forex,D1,BB20_2_sq125,2022,1,-1.0051,1.0102,0,1,1.0129
squeeze,USDCHF,forex,D1,BB20_2_sq125,2023,5,-0.54742,0.49117,2,5,0.29423
squeeze,USDCHF,forex,D1,BB20_2_sq125,2024,2,-0.8101,0.55989,0,2,-0.34863
squeeze,USDCHF,forex,D1,BB20_2_sq125,2025,1,0.029408,0.00086483,1,1,-0.082102
squeeze,USDCHF,forex,D1,BB20_2_sq125,2026,2,-0.060059,0.21781,1,2,-0.076113
squeeze,USDJPY,forex,M15,BB20_2_sq125,2015,187,-64.062,122.65,37,187,-34.048
squeeze,USDJPY,forex,M15,BB20_2_sq125,2016,174,-12.879,205.49,49,174,-45.255
squeeze,USDJPY,forex,M15,BB20_2_sq125,2017,183,-28.393,167.33,56,183,-36.097
squeeze,USDJPY,forex,M15,BB20_2_sq125,2018,172,-18.59,125.15,53,172,-42.846
squeeze,USDJPY,forex,M15,BB20_2_sq125,2019,169,-21.219,315.05,45,169,-40.992
squeeze,USDJPY,forex,M15,BB20_2_sq125,2020,184,-13.8,323.18,49,184,-48.427
squeeze,USDJPY,forex,M15,BB20_2_sq125,2021,170,-119.09,304.31,25,170,-101.76
squeeze,USDJPY,forex,M15,BB20_2_sq125,2022,173,-23.111,288.93,51,173,-17.733
squeeze,USDJPY,forex,M15,BB20_2_sq125,2023,168,-23.019,216.3,40,168,-14.722
squeeze,USDJPY,forex,M15,BB20_2_sq125,2024,186,-16.568,390.07,44,186,-15.811
squeeze,USDJPY,forex,M15,BB20_2_sq125,2025,175,-47.793,197.61,46,175,-3.7795
squeeze,USDJPY,forex,M15,BB20_2_sq125,2026,153,-59.177,150.02,28,153,-2.1919
squeeze,USDJPY,forex,M30,BB20_2_sq125,2015,98,-18.67,64.979,26,98,-3.8314
squeeze,USDJPY,forex,M30,BB20_2_sq125,2016,95,-21.652,39.862,23,95,-4.5098
squeeze,USDJPY,forex,M30,BB20_2_sq125,2017,94,5.3363,148.36,36,94,-21.997
squeeze,USDJPY,forex,M30,BB20_2_sq125,2018,94,-10.611,36.796,31,94,-15.393
squeeze,USDJPY,forex,M30,BB20_2_sq125,2019,103,-10.66,156.03,26,103,-22.486
squeeze,USDJPY,forex,M30,BB20_2_sq125,2020,93,-19.327,82.733,26,93,-16.615
squeeze,USDJPY,forex,M30,BB20_2_sq125,2021,90,-27.835,99.634,22,90,-47.183
squeeze,USDJPY,forex,M30,BB20_2_sq125,2022,97,14.613,180.63,35,97,-4.1076
squeeze,USDJPY,forex,M30,BB20_2_sq125,2023,94,-15.837,74.048,24,94,-0.64113
squeeze,USDJPY,forex,M30,BB20_2_sq125,2024,98,6.0554,165.44,33,98,-12.203
squeeze,USDJPY,forex,M30,BB20_2_sq125,2025,89,-0.93651,93.304,28,89,-6.4597
squeeze,USDJPY,forex,M30,BB20_2_sq125,2026,74,-14.512,60.473,20,74,-5.6884
squeeze,USDJPY,forex,H1,BB20_2_sq125,2015,50,-3.0504,56.811,14,50,-7.2356
squeeze,USDJPY,forex,H1,BB20_2_sq125,2016,50,-2.4396,70.429,11,50,-0.55682
squeeze,USDJPY,forex,H1,BB20_2_sq125,2017,45,7.01,53.919,14,45,-9.558
squeeze,USDJPY,forex,H1,BB20_2_sq125,2018,44,5.7005,33.387,18,44,-11.734
squeeze,USDJPY,forex,H1,BB20_2_sq125,2019,51,2.9664,77.596,20,51,-12.475
squeeze,USDJPY,forex,H1,BB20_2_sq125,2020,47,-13.328,22.767,15,47,-2.1727
squeeze,USDJPY,forex,H1,BB20_2_sq125,2021,47,-6.0807,90.829,13,47,-11.084
squeeze,USDJPY,forex,H1,BB20_2_sq125,2022,47,31.373,185.55,25,47,-11.59
squeeze,USDJPY,forex,H1,BB20_2_sq125,2023,56,0.22197,71.994,14,56,0.23432
squeeze,USDJPY,forex,H1,BB20_2_sq125,2024,46,-2.032,48.93,15,46,-4.4044
squeeze,USDJPY,forex,H1,BB20_2_sq125,2025,39,-6.6828,22.679,10,39,3.7695
squeeze,USDJPY,forex,H1,BB20_2_sq125,2026,43,-2.0885,17.92,19,43,-7.8896
squeeze,USDJPY,forex,H4,BB20_2_sq125,2015,17,-5.7229,8.0003,5,17,0.96745
squeeze,USDJPY,forex,H4,BB20_2_sq125,2016,9,0.63824,4.9727,4,9,4.127
squeeze,USDJPY,forex,H4,BB20_2_sq125,2017,13,-3.4968,3.4652,3,13,0.76364
squeeze,USDJPY,forex,H4,BB20_2_sq125,2018,11,0.010016,3.4487,5,11,-0.86424
squeeze,USDJPY,forex,H4,BB20_2_sq125,2019,13,-1.115,2.4186,4,13,-3.0797
squeeze,USDJPY,forex,H4,BB20_2_sq125,2020,12,8.0219,205.21,1,12,1.056
squeeze,USDJPY,forex,H4,BB20_2_sq125,2021,10,2.3918,5.1571,5,10,-5.2073
squeeze,USDJPY,forex,H4,BB20_2_sq125,2022,11,3.531,17.606,6,11,-2.4168
squeeze,USDJPY,forex,H4,BB20_2_sq125,2023,21,2.1305,12.315,10,21,-2.2082
squeeze,USDJPY,forex,H4,BB20_2_sq125,2024,12,1.5357,9.3611,4,12,-2.231
squeeze,USDJPY,forex,H4,BB20_2_sq125,2025,15,9.1072,19.668,12,15,-7.9594
squeeze,USDJPY,forex,H4,BB20_2_sq125,2026,7,-3.2825,2.5984,0,7,-0.23875
squeeze,USDJPY,forex,D1,BB20_2_sq125,2001,2,-0.36341,0.08963,0,2,0.29573
squeeze,USDJPY,forex,D1,BB20_2_sq125,2002,1,0.78715,0.61961,1,1,-1.0053
squeeze,USDJPY,forex,D1,BB20_2_sq125,2003,4,-0.75551,0.54245,1,4,0.57766
squeeze,USDJPY,forex,D1,BB20_2_sq125,2004,2,-0.12756,0.02685,1,2,-0.0034395
squeeze,USDJPY,forex,D1,BB20_2_sq125,2005,2,1.2179,1.9366,1,2,-0.93562
squeeze,USDJPY,forex,D1,BB20_2_sq125,2006,3,0.71652,1.0352,2,3,-0.86161
squeeze,USDJPY,forex,D1,BB20_2_sq125,2007,2,0.65616,0.56959,1,2,-0.98759
squeeze,USDJPY,forex,D1,BB20_2_sq125,2008,2,-1.1395,0.87163,0,2,1.0951
squeeze,USDJPY,forex,D1,BB20_2_sq125,2009,3,-0.50312,0.41065,1,3,-0.29942
squeeze,USDJPY,forex,D1,BB20_2_sq125,2010,2,0.72321,0.89713,1,2,-0.84505
squeeze,USDJPY,forex,D1,BB20_2_sq125,2011,3,-1.0967,0.61809,0,3,0.95617
squeeze,USDJPY,forex,D1,BB20_2_sq125,2012,2,0.43755,0.30711,1,2,-1.0182
squeeze,USDJPY,forex,D1,BB20_2_sq125,2013,2,-0.22471,0.071476,1,2,0.15464
squeeze,USDJPY,forex,D1,BB20_2_sq125,2014,3,-0.34063,0.082502,1,3,0.093896
squeeze,USDJPY,forex,D1,BB20_2_sq125,2015,4,-0.94635,1.455,2,4,0.63192
squeeze,USDJPY,forex,D1,BB20_2_sq125,2016,1,3.3868,11.471,1,1,-1.0263
squeeze,USDJPY,forex,D1,BB20_2_sq125,2017,2,-1.1124,1.0347,0,2,0.96093
squeeze,USDJPY,forex,D1,BB20_2_sq125,2018,1,0.19132,0.036603,1,1,-0.22208
squeeze,USDJPY,forex,D1,BB20_2_sq125,2019,2,0.91654,0.93206,1,2,-0.99944
squeeze,USDJPY,forex,D1,BB20_2_sq125,2020,2,-0.1892,0.13135,1,2,-0.69469
squeeze,USDJPY,forex,D1,BB20_2_sq125,2021,1,-0.80333,0.64533,0,1,0.53019
squeeze,USDJPY,forex,D1,BB20_2_sq125,2022,1,1.2904,1.6651,1,1,-1.024
squeeze,USDJPY,forex,D1,BB20_2_sq125,2023,3,-0.71612,0.20423,0,3,0.64617
squeeze,USDJPY,forex,D1,BB20_2_sq125,2025,2,-0.9546,0.45638,0,2,0.87213
squeeze,USDJPY,forex,D1,BB20_2_sq125,2026,1,-1.0123,1.0247,0,1,3.6848
squeeze,USOIL.cash,energy,M5,BB20_2_sq125,2021,553,-157.99,913.05,128,553,-141.11
squeeze,USOIL.cash,energy,M5,BB20_2_sq125,2022,555,-200.82,922.62,113,555,-213.75
squeeze,USOIL.cash,energy,M5,BB20_2_sq125,2023,536,-164.98,2340,94,536,-192.54
squeeze,USOIL.cash,energy,M5,BB20_2_sq125,2024,580,-252.71,554.94,102,580,-216.94
squeeze,USOIL.cash,energy,M5,BB20_2_sq125,2025,545,-179.96,1285.6,114,545,-165.8
squeeze,USOIL.cash,energy,M5,BB20_2_sq125,2026,417,-151.54,335.41,93,417,-175.89
squeeze,USOIL.cash,energy,M15,BB20_2_sq125,2021,154,-10.016,131.58,48,154,-24.267
squeeze,USOIL.cash,energy,M15,BB20_2_sq125,2022,156,-38.624,104.62,41,156,-23.047
squeeze,USOIL.cash,energy,M15,BB20_2_sq125,2023,149,-30.984,182.05,42,149,-18.909
squeeze,USOIL.cash,energy,M15,BB20_2_sq125,2024,151,-49.845,86.713,35,151,-20.928
squeeze,USOIL.cash,energy,M15,BB20_2_sq125,2025,166,-20.915,156.72,44,166,-30.101
squeeze,USOIL.cash,energy,M15,BB20_2_sq125,2026,115,-22.415,95.381,27,115,-28.865
squeeze,USOIL.cash,energy,M30,BB20_2_sq125,2021,88,-18.872,41.583,21,88,-2.7326
squeeze,USOIL.cash,energy,M30,BB20_2_sq125,2022,89,-9.0848,86.543,26,89,-14.983
squeeze,USOIL.cash,energy,M30,BB20_2_sq125,2023,86,-1.783,184.76,24,86,-9.8954
squeeze,USOIL.cash,energy,M30,BB20_2_sq125,2024,84,-9.57,103.39,25,84,-18.766
squeeze,USOIL.cash,energy,M30,BB20_2_sq125,2025,88,-7.314,113.19,24,88,-2.0503
squeeze,USOIL.cash,energy,M30,BB20_2_sq125,2026,70,-4.8127,62.897,22,70,-4.4517
squeeze,USOIL.cash,energy,H1,BB20_2_sq125,2021,45,-11.897,25.632,14,45,3.2804
squeeze,USOIL.cash,energy,H1,BB20_2_sq125,2022,40,-8.8599,19.053,9,40,3.7224
squeeze,USOIL.cash,energy,H1,BB20_2_sq125,2023,43,1.6641,52.308,15,43,-4.4102
squeeze,USOIL.cash,energy,H1,BB20_2_sq125,2024,43,-2.6811,66.349,15,43,-2.195
squeeze,USOIL.cash,energy,H1,BB20_2_sq125,2025,48,0.49127,58.718,14,48,-3.3562
squeeze,USOIL.cash,energy,H1,BB20_2_sq125,2026,29,-2.1454,26.241,13,29,-4.309
squeeze,USOIL.cash,energy,H4,BB20_2_sq125,2021,12,-2.8681,4.4249,4,12,-2.067
squeeze,USOIL.cash,energy,H4,BB20_2_sq125,2022,12,2.2784,4.3799,6,12,-3.0568
squeeze,USOIL.cash,energy,H4,BB20_2_sq125,2023,9,-0.95499,1.5691,4,9,-1.883
squeeze,USOIL.cash,energy,H4,BB20_2_sq125,2024,10,0.048338,3.9163,5,10,-2.0785
squeeze,USOIL.cash,energy,H4,BB20_2_sq125,2025,11,-0.65906,0.14175,3,11,-0.47639
squeeze,USOIL.cash,energy,H4,BB20_2_sq125,2026,12,-6.2453,5.7341,2,12,4.1136
squeeze,USOIL.cash,energy,D1,BB20_2_sq125,2022,2,-1.2096,1.0703,0,2,0.81029
squeeze,USOIL.cash,energy,D1,BB20_2_sq125,2023,4,0.20658,0.69888,2,4,-0.88939
squeeze,USOIL.cash,energy,D1,BB20_2_sq125,2024,2,1.1451,0.69102,2,2,-1.9142
squeeze,USOIL.cash,energy,D1,BB20_2_sq125,2025,4,-1.1641,1.1003,2,4,0.67523
squeeze,V,stock,M5,BB20_2_sq125,2021,55,-19.223,127.45,12,55,0.89113
squeeze,V,stock,M5,BB20_2_sq125,2022,128,-24.622,101.4,40,128,-20.847
squeeze,V,stock,M5,BB20_2_sq125,2023,155,-10.529,244.56,39,155,-19.2
squeeze,V,stock,M5,BB20_2_sq125,2024,132,-0.32785,543.22,31,132,-72.709
squeeze,V,stock,M5,BB20_2_sq125,2025,152,-59.281,223.94,36,152,-50.47
squeeze,V,stock,M5,BB20_2_sq125,2026,105,-20.031,152.15,23,105,-29.281
squeeze,V,stock,M15,BB20_2_sq125,2021,17,-4.4199,7.7272,4,17,0.28317
squeeze,V,stock,M15,BB20_2_sq125,2022,54,-9.9421,102.59,20,54,-3.1383
squeeze,V,stock,M15,BB20_2_sq125,2023,50,3.5261,131.3,19,50,-14.393
squeeze,V,stock,M15,BB20_2_sq125,2024,46,20.34,220.37,22,46,-32.892
squeeze,V,stock,M15,BB20_2_sq125,2025,44,-1.7185,44.02,13,44,-13.913
squeeze,V,stock,M15,BB20_2_sq125,2026,40,-12.097,56.973,11,40,-6.2222
squeeze,V,stock,M30,BB20_2_sq125,2021,6,-1.266,1.9311,2,6,-2.8918
squeeze,V,stock,M30,BB20_2_sq125,2022,19,-0.76702,4.7031,7,19,-1.7382
squeeze,V,stock,M30,BB20_2_sq125,2023,23,-0.78676,23.635,8,23,1.7964
squeeze,V,stock,M30,BB20_2_sq125,2024,21,1.0597,8.9338,9,21,-3.6325
squeeze,V,stock,M30,BB20_2_sq125,2025,22,-1.5713,26.402,3,22,0.71224
squeeze,V,stock,M30,BB20_2_sq125,2026,18,0.405,20.187,5,18,-4.8287
squeeze,V,stock,H1,BB20_2_sq125,2021,5,-1.4501,0.87743,1,5,1.0198
squeeze,V,stock,H1,BB20_2_sq125,2022,12,2.0883,15.587,5,12,0.13643
squeeze,V,stock,H1,BB20_2_sq125,2023,13,-1.0334,2.3114,6,13,-0.47629
squeeze,V,stock,H1,BB20_2_sq125,2024,8,0.46267,2.7221,3,8,-0.66081
squeeze,V,stock,H1,BB20_2_sq125,2025,16,-0.48736,8.6267,6,16,-2.6673
squeeze,V,stock,H1,BB20_2_sq125,2026,8,3.9175,10.318,6,8,-3.3624
squeeze,V,stock,H4,BB20_2_sq125,2021,1,-0.10518,0.011063,0,1,0.082352
squeeze,V,stock,H4,BB20_2_sq125,2022,5,-1.5674,1.9312,1,5,1.3099
squeeze,V,stock,H4,BB20_2_sq125,2023,4,-2.681,4.1543,1,4,2.3973
squeeze,V,stock,H4,BB20_2_sq125,2024,3,1.5921,1.6039,2,3,-2.0494
squeeze,V,stock,H4,BB20_2_sq125,2025,4,-0.9992,0.53161,1,4,0.50274
squeeze,V,stock,H4,BB20_2_sq125,2026,4,-1.0711,1.3328,2,4,-1.2895
squeeze,V,stock,D1,BB20_2_sq125,2020,1,-0.22262,0.049561,0,1,0.16854
squeeze,V,stock,D1,BB20_2_sq125,2021,1,0.21605,0.046679,1,1,-0.26487
squeeze,V,stock,D1,BB20_2_sq125,2022,2,-0.71892,0.29723,0,2,0.66831
squeeze,V,stock,D1,BB20_2_sq125,2023,4,1.2485,1.6227,3,4,-1.1658
squeeze,V,stock,D1,BB20_2_sq125,2024,2,0.3395,2.8595,1,2,-0.77103
squeeze,V,stock,D1,BB20_2_sq125,2025,2,0.59028,0.34382,2,2,-0.70614
squeeze,V,stock,D1,BB20_2_sq125,2026,2,-0.10441,0.0065656,0,2,0.0057076
squeeze,WHEAT.c,soft,M5,BB20_2_sq125,2023,293,-45.553,208.49,81,293,-61.028
squeeze,WHEAT.c,soft,M5,BB20_2_sq125,2024,416,-507.7,1492.2,63,416,-464.86
squeeze,WHEAT.c,soft,M5,BB20_2_sq125,2025,388,-1400.6,8770.9,3,388,-1302.3
squeeze,WHEAT.c,soft,M5,BB20_2_sq125,2026,309,-774.23,5249.2,11,309,-739.33
squeeze,WHEAT.c,soft,M15,BB20_2_sq125,2023,93,-9.8616,65.904,24,93,-5.8928
squeeze,WHEAT.c,soft,M15,BB20_2_sq125,2024,119,-85.49,173.8,22,119,-63.475
squeeze,WHEAT.c,soft,M15,BB20_2_sq125,2025,124,-233.45,675.02,7,124,-222.61
squeeze,WHEAT.c,soft,M15,BB20_2_sq125,2026,96,-148.39,370.76,5,96,-132.97
squeeze,WHEAT.c,soft,M30,BB20_2_sq125,2023,55,-9.2305,32.631,20,55,-3.9396
squeeze,WHEAT.c,soft,M30,BB20_2_sq125,2024,59,-4.5914,293.6,19,59,-26.901
squeeze,WHEAT.c,soft,M30,BB20_2_sq125,2025,61,-143.76,7679.6,8,61,-152.28
squeeze,WHEAT.c,soft,M30,BB20_2_sq125,2026,50,-27.892,148.44,8,50,-44.503
squeeze,WHEAT.c,soft,H1,BB20_2_sq125,2023,25,6.643,42.509,8,25,-6.2934
squeeze,WHEAT.c,soft,H1,BB20_2_sq125,2024,29,-3.2327,16.254,10,29,-8.5487
squeeze,WHEAT.c,soft,H1,BB20_2_sq125,2025,40,-22.573,25.459,4,40,-21.372
squeeze,WHEAT.c,soft,H1,BB20_2_sq125,2026,32,-10.229,19.82,9,32,-14.127
squeeze,WHEAT.c,soft,H4,BB20_2_sq125,2023,6,3.0435,3.6255,5,6,-3.2804
squeeze,WHEAT.c,soft,H4,BB20_2_sq125,2024,11,0.88312,3.3918,6,11,-2.7215
squeeze,WHEAT.c,soft,H4,BB20_2_sq125,2025,8,-1.8467,5.1782,3,8,-8.1424
squeeze,WHEAT.c,soft,H4,BB20_2_sq125,2026,7,-3.7982,2.8272,0,7,0.94605
squeeze,WHEAT.c,soft,D1,BB20_2_sq125,2024,2,-0.25642,0.056558,0,2,-1.0985
squeeze,WHEAT.c,soft,D1,BB20_2_sq125,2025,1,-0.43045,0.18528,0,1,0.11309
squeeze,WMT,stock,M5,BB20_2_sq125,2021,52,-11.015,196.18,16,52,-13.147
squeeze,WMT,stock,M5,BB20_2_sq125,2022,140,-31.057,68.965,42,140,-21.273
squeeze,WMT,stock,M5,BB20_2_sq125,2023,137,-39.94,170.46,32,137,-22.835
squeeze,WMT,stock,M5,BB20_2_sq125,2024,133,-52.606,120.55,25,133,-34.383
squeeze,WMT,stock,M5,BB20_2_sq125,2025,141,-117.9,337.82,18,141,-75.163
squeeze,WMT,stock,M5,BB20_2_sq125,2026,100,-54.691,346.05,19,100,-84.537
squeeze,WMT,stock,M15,BB20_2_sq125,2021,20,-6.7224,33.425,3,20,2.7471
squeeze,WMT,stock,M15,BB20_2_sq125,2022,48,-8.6193,30.309,11,48,-6.4987
squeeze,WMT,stock,M15,BB20_2_sq125,2023,51,-4.6179,103.06,19,51,-9.1362
squeeze,WMT,stock,M15,BB20_2_sq125,2024,45,-4.77,40.404,11,45,-12.702
squeeze,WMT,stock,M15,BB20_2_sq125,2025,51,-6.2774,102.86,17,51,-33.359
squeeze,WMT,stock,M15,BB20_2_sq125,2026,38,4.7128,270.86,11,38,-25.982
squeeze,WMT,stock,M30,BB20_2_sq125,2021,9,-0.78683,3.6038,3,9,-1.1622
squeeze,WMT,stock,M30,BB20_2_sq125,2022,24,1.6536,30.456,7,24,2.2359
squeeze,WMT,stock,M30,BB20_2_sq125,2023,21,-1.1685,7.3613,9,21,-2.5999
squeeze,WMT,stock,M30,BB20_2_sq125,2024,21,-3.8287,5.1181,6,21,-0.88818
squeeze,WMT,stock,M30,BB20_2_sq125,2025,27,-10.337,15.303,7,27,-4.0947
squeeze,WMT,stock,M30,BB20_2_sq125,2026,16,-1.114,5.9234,7,16,-4.5733
squeeze,WMT,stock,H1,BB20_2_sq125,2021,2,2.2205,2.9964,2,2,-1.745
squeeze,WMT,stock,H1,BB20_2_sq125,2022,12,-1.642,4.7035,3,12,-1.991
squeeze,WMT,stock,H1,BB20_2_sq125,2023,12,-1.0018,3.2188,4,12,-0.29454
squeeze,WMT,stock,H1,BB20_2_sq125,2024,12,0.096175,2.0658,6,12,-3.8864
squeeze,WMT,stock,H1,BB20_2_sq125,2025,11,-4.7893,3.3662,1,11,0.42306
squeeze,WMT,stock,H1,BB20_2_sq125,2026,9,1.279,56.386,4,9,-8.1622
squeeze,WMT,stock,H4,BB20_2_sq125,2022,4,-0.35251,1.2411,3,4,-0.69694
squeeze,WMT,stock,H4,BB20_2_sq125,2023,4,-1.7248,2.457,1,4,-1.5613
squeeze,WMT,stock,H4,BB20_2_sq125,2024,4,3.1026,7.7013,3,4,-3.6738
squeeze,WMT,stock,H4,BB20_2_sq125,2025,3,-2.3457,3.46,0,3,1.9226
squeeze,WMT,stock,H4,BB20_2_sq125,2026,3,-0.63608,0.22448,0,3,0.29377
squeeze,WMT,stock,D1,BB20_2_sq125,2022,2,-0.46356,0.39608,1,2,0.40006
squeeze,WMT,stock,D1,BB20_2_sq125,2023,3,-0.83346,1.3892,1,3,0.15101
squeeze,WMT,stock,D1,BB20_2_sq125,2024,2,-1.2964,1.1204,0,2,0.90241
squeeze,WMT,stock,D1,BB20_2_sq125,2025,2,-1.0544,0.60766,0,2,0.89577
squeeze,WMT,stock,D1,BB20_2_sq125,2026,1,-1.0467,1.0955,0,1,3.7852
squeeze,XAGUSD,metal,M5,BB20_2_sq125,2015,535,-1955.3,41561,13,535,-1905.8
squeeze,XAGUSD,metal,M5,BB20_2_sq125,2016,523,-1311.5,25489,26,523,-1278.1
squeeze,XAGUSD,metal,M5,BB20_2_sq125,2017,552,-2648.9,28217,5,552,-2657.6
squeeze,XAGUSD,metal,M5,BB20_2_sq125,2018,547,-2386.4,16057,4,547,-2443.8
squeeze,XAGUSD,metal,M5,BB20_2_sq125,2019,488,-1785.9,20085,7,488,-1737.8
squeeze,XAGUSD,metal,M5,BB20_2_sq125,2020,540,-650.38,1760.4,49,540,-648.72
squeeze,XAGUSD,metal,M5,BB20_2_sq125,2021,544,-425.86,1413.9,66,544,-412.93
squeeze,XAGUSD,metal,M5,BB20_2_sq125,2022,525,-243.21,382.94,87,525,-245.89
squeeze,XAGUSD,metal,M5,BB20_2_sq125,2023,503,-421.9,800,55,503,-388.68
squeeze,XAGUSD,metal,M5,BB20_2_sq125,2024,489,-275.35,459.84,71,489,-229.71
squeeze,XAGUSD,metal,M5,BB20_2_sq125,2025,520,-271.68,570.16,89,520,-260.34
squeeze,XAGUSD,metal,M5,BB20_2_sq125,2026,388,-184.16,803.48,69,388,-130.05
squeeze,XAGUSD,metal,M15,BB20_2_sq125,2015,166,-270.31,615.06,7,166,-224.74
squeeze,XAGUSD,metal,M15,BB20_2_sq125,2016,169,-218.66,461.87,13,169,-198.62
squeeze,XAGUSD,metal,M15,BB20_2_sq125,2017,170,-375.6,1186.9,7,170,-363.86
squeeze,XAGUSD,metal,M15,BB20_2_sq125,2018,161,-345.89,1002.2,5,161,-346.91
squeeze,XAGUSD,metal,M15,BB20_2_sq125,2019,163,-245.59,913.38,12,163,-257.35
squeeze,XAGUSD,metal,M15,BB20_2_sq125,2020,174,-114.89,295.95,22,174,-93.349
squeeze,XAGUSD,metal,M15,BB20_2_sq125,2021,153,-84.263,154.41,22,153,-47.545
squeeze,XAGUSD,metal,M15,BB20_2_sq125,2022,153,-36.869,137.29,41,153,-33.323
squeeze,XAGUSD,metal,M15,BB20_2_sq125,2023,137,-55.522,166.37,26,137,-59.809
squeeze,XAGUSD,metal,M15,BB20_2_sq125,2024,176,-36.74,182.32,50,176,-49.185
squeeze,XAGUSD,metal,M15,BB20_2_sq125,2025,172,-71.877,126.75,30,172,-46.744
squeeze,XAGUSD,metal,M15,BB20_2_sq125,2026,134,-36.049,126.17,29,134,-19.629
squeeze,XAGUSD,metal,M30,BB20_2_sq125,2015,86,-78.884,438.2,8,86,-72.702
squeeze,XAGUSD,metal,M30,BB20_2_sq125,2016,89,-66.638,130.58,10,89,-70.397
squeeze,XAGUSD,metal,M30,BB20_2_sq125,2017,82,-112.79,269.58,6,82,-110.91
squeeze,XAGUSD,metal,M30,BB20_2_sq125,2018,81,-105.36,234.92,5,81,-108.93
squeeze,XAGUSD,metal,M30,BB20_2_sq125,2019,82,-66.286,141.25,13,82,-79.889
squeeze,XAGUSD,metal,M30,BB20_2_sq125,2020,80,-38.096,108.51,13,80,-30.02
squeeze,XAGUSD,metal,M30,BB20_2_sq125,2021,81,-20.128,88.749,17,81,-25.303
squeeze,XAGUSD,metal,M30,BB20_2_sq125,2022,88,-25.31,33.901,22,88,-7.1668
squeeze,XAGUSD,metal,M30,BB20_2_sq125,2023,85,-16.771,80.548,20,85,-10.934
squeeze,XAGUSD,metal,M30,BB20_2_sq125,2024,89,-11.353,93.202,24,89,-9.6386
squeeze,XAGUSD,metal,M30,BB20_2_sq125,2025,91,-12.014,147.57,26,91,-16.219
squeeze,XAGUSD,metal,M30,BB20_2_sq125,2026,69,-12.837,32.192,19,69,-3.3426
squeeze,XAGUSD,metal,H1,BB20_2_sq125,2015,45,-24.282,54.505,8,45,-24.524
squeeze,XAGUSD,metal,H1,BB20_2_sq125,2016,44,-17.227,142.09,11,44,-24.742
squeeze,XAGUSD,metal,H1,BB20_2_sq125,2017,39,-20.108,58.353,8,39,-38.091
squeeze,XAGUSD,metal,H1,BB20_2_sq125,2018,36,-28.223,44.135,5,36,-20.943
squeeze,XAGUSD,metal,H1,BB20_2_sq125,2019,40,-4.2794,119.1,10,40,-31.548
squeeze,XAGUSD,metal,H1,BB20_2_sq125,2020,47,-1.4437,94.05,14,47,-9.3277
squeeze,XAGUSD,metal,H1,BB20_2_sq125,2021,45,-11.541,35.657,14,45,-9.8603
squeeze,XAGUSD,metal,H1,BB20_2_sq125,2022,41,-13.85,18.634,12,41,0.70166
squeeze,XAGUSD,metal,H1,BB20_2_sq125,2023,48,11.721,115.2,17,48,-16.718
squeeze,XAGUSD,metal,H1,BB20_2_sq125,2024,47,-8.0667,30.818,17,47,1.431
squeeze,XAGUSD,metal,H1,BB20_2_sq125,2025,35,-4.0896,87.382,9,35,-5.3577
squeeze,XAGUSD,metal,H1,BB20_2_sq125,2026,37,-3.9714,8.3707,15,37,-7.9618
squeeze,XAGUSD,metal,H4,BB20_2_sq125,2015,9,-6.4651,7.1207,1,9,1.947
squeeze,XAGUSD,metal,H4,BB20_2_sq125,2016,10,2.1548,10.277,4,10,-5.5563
squeeze,XAGUSD,metal,H4,BB20_2_sq125,2017,16,-6.3705,7.2129,3,16,-6.955
squeeze,XAGUSD,metal,H4,BB20_2_sq125,2018,7,-3.4408,5.3649,1,7,-2.9609
squeeze,XAGUSD,metal,H4,BB20_2_sq125,2019,11,-2.0088,9.9186,4,11,-6.2346
squeeze,XAGUSD,metal,H4,BB20_2_sq125,2020,11,2.3894,22.867,2,11,-1.6478
squeeze,XAGUSD,metal,H4,BB20_2_sq125,2021,12,-4.6206,4.0413,2,12,1.2584
squeeze,XAGUSD,metal,H4,BB20_2_sq125,2022,9,-1.947,2.277,5,9,2.5437
squeeze,XAGUSD,metal,H4,BB20_2_sq125,2023,13,0.27738,18.124,4,13,2.0216
squeeze,XAGUSD,metal,H4,BB20_2_sq125,2024,11,-0.061309,5.8287,3,11,-0.95211
squeeze,XAGUSD,metal,H4,BB20_2_sq125,2025,10,-1.2602,3.2692,3,10,-1.4977
squeeze,XAGUSD,metal,H4,BB20_2_sq125,2026,10,-1.4227,1.9868,4,10,-0.59233
squeeze,XAGUSD,metal,D1,BB20_2_sq125,2009,1,1.1853,1.4048,1,1,-1.0459
squeeze,XAGUSD,metal,D1,BB20_2_sq125,2010,3,-1.1769,1.3015,1,3,1.3907
squeeze,XAGUSD,metal,D1,BB20_2_sq125,2011,3,0.033648,0.85257,1,3,-0.42181
squeeze,XAGUSD,metal,D1,BB20_2_sq125,2012,2,-0.90283,1.2018,1,2,-1.486
squeeze,XAGUSD,metal,D1,BB20_2_sq125,2013,2,-0.20714,0.068374,1,2,-0.28028
squeeze,XAGUSD,metal,D1,BB20_2_sq125,2014,2,-0.5108,0.13319,0,2,0.079161
squeeze,XAGUSD,metal,D1,BB20_2_sq125,2015,4,2.3958,6.7896,2,4,-1.9336
squeeze,XAGUSD,metal,D1,BB20_2_sq125,2016,1,-0.21475,0.046117,0,1,0.078887
squeeze,XAGUSD,metal,D1,BB20_2_sq125,2017,2,0.37511,3.8739,1,2,-0.25524
squeeze,XAGUSD,metal,D1,BB20_2_sq125,2018,1,-1.1394,1.2982,0,1,1.0569
squeeze,XAGUSD,metal,D1,BB20_2_sq125,2019,2,-1.2341,0.95328,0,2,0.84822
squeeze,XAGUSD,metal,D1,BB20_2_sq125,2021,2,1.3116,1.3934,2,2,-2.0493
squeeze,XAGUSD,metal,D1,BB20_2_sq125,2022,2,-0.84496,0.51327,0,2,0.73165
squeeze,XAGUSD,metal,D1,BB20_2_sq125,2023,3,-1.1048,1.0392,0,3,0.39458
squeeze,XAGUSD,metal,D1,BB20_2_sq125,2024,2,-0.12529,0.01247,0,2,0.028464
squeeze,XAGUSD,metal,D1,BB20_2_sq125,2025,2,-0.5659,0.19569,0,2,0.47623
squeeze,XAGUSD,metal,D1,BB20_2_sq125,2026,3,-0.7163,0.18088,0,3,0.6181
squeeze,XAUUSD,metal,M5,BB20_2_sq125,2015,525,-417.23,871.44,62,525,-394.05
squeeze,XAUUSD,metal,M5,BB20_2_sq125,2016,532,-205.89,552.59,107,532,-267.13
squeeze,XAUUSD,metal,M5,BB20_2_sq125,2017,533,-351.13,690.34,71,533,-328.4
squeeze,XAUUSD,metal,M5,BB20_2_sq125,2018,536,-221.93,438.35,99,536,-232.12
squeeze,XAUUSD,metal,M5,BB20_2_sq125,2019,508,-203.41,457.55,95,508,-230.56
squeeze,XAUUSD,metal,M5,BB20_2_sq125,2020,551,-116.24,362.23,130,551,-61.371
squeeze,XAUUSD,metal,M5,BB20_2_sq125,2021,525,-92.451,448.92,134,525,-59.796
squeeze,XAUUSD,metal,M5,BB20_2_sq125,2022,514,-89.266,259.26,129,514,-36.193
squeeze,XAUUSD,metal,M5,BB20_2_sq125,2023,501,-93.968,352.92,123,501,-49.555
squeeze,XAUUSD,metal,M5,BB20_2_sq125,2024,523,-93.347,471.63,121,523,-76.725
squeeze,XAUUSD,metal,M5,BB20_2_sq125,2025,510,-26.613,426.35,156,510,-80.567
squeeze,XAUUSD,metal,M5,BB20_2_sq125,2026,395,-52.613,304.59,106,395,-16.316
squeeze,XAUUSD,metal,M15,BB20_2_sq125,2015,178,-63.985,308.08,31,178,-73.269
squeeze,XAUUSD,metal,M15,BB20_2_sq125,2016,168,-34.63,468.36,34,168,-51.648
squeeze,XAUUSD,metal,M15,BB20_2_sq125,2017,164,-51.553,168.99,36,164,-49.781
squeeze,XAUUSD,metal,M15,BB20_2_sq125,2018,167,-30.528,101.49,46,167,-54.252
squeeze,XAUUSD,metal,M15,BB20_2_sq125,2019,167,-10.992,221.01,50,167,-55.888
squeeze,XAUUSD,metal,M15,BB20_2_sq125,2020,167,-24.94,81.009,48,167,-11.789
squeeze,XAUUSD,metal,M15,BB20_2_sq125,2021,149,-17.783,108.87,48,149,-18.817
squeeze,XAUUSD,metal,M15,BB20_2_sq125,2022,165,-12.323,91.562,41,165,-21.713
squeeze,XAUUSD,metal,M15,BB20_2_sq125,2023,140,-27.538,107.83,34,140,5.9494
squeeze,XAUUSD,metal,M15,BB20_2_sq125,2024,159,-40.6,96.716,39,159,-0.59665
squeeze,XAUUSD,metal,M15,BB20_2_sq125,2025,172,8.4292,305.89,55,172,-13.244
squeeze,XAUUSD,metal,M15,BB20_2_sq125,2026,127,-3.7716,82.505,47,127,-13.158
squeeze,XAUUSD,metal,M30,BB20_2_sq125,2015,85,-18.189,172.17,20,85,-30.824
squeeze,XAUUSD,metal,M30,BB20_2_sq125,2016,91,-4.2259,318.97,26,91,-13.423
squeeze,XAUUSD,metal,M30,BB20_2_sq125,2017,91,-26.551,98.717,18,91,-20.612
squeeze,XAUUSD,metal,M30,BB20_2_sq125,2018,90,-10.849,70.94,28,90,-14.644
squeeze,XAUUSD,metal,M30,BB20_2_sq125,2019,88,10.225,126.32,37,88,-29.023
squeeze,XAUUSD,metal,M30,BB20_2_sq125,2020,88,-5.8192,51.356,30,88,-7.4232
squeeze,XAUUSD,metal,M30,BB20_2_sq125,2021,85,-23.785,28.937,20,85,5.733
squeeze,XAUUSD,metal,M30,BB20_2_sq125,2022,82,-12.291,37.144,27,82,4.6972
squeeze,XAUUSD,metal,M30,BB20_2_sq125,2023,83,-15.053,50.161,23,83,7.1771
squeeze,XAUUSD,metal,M30,BB20_2_sq125,2024,85,9.3406,146.11,28,85,-5.2217
squeeze,XAUUSD,metal,M30,BB20_2_sq125,2025,78,4.6051,79.784,27,78,-5.2169
squeeze,XAUUSD,metal,M30,BB20_2_sq125,2026,72,8.7595,72.018,28,72,-3.811
squeeze,XAUUSD,metal,H1,BB20_2_sq125,2015,47,-5.7037,52.889,13,47,-6.4794
squeeze,XAUUSD,metal,H1,BB20_2_sq125,2016,38,6.2781,156.22,10,38,-2.6532
squeeze,XAUUSD,metal,H1,BB20_2_sq125,2017,41,-1.4275,24.5,14,41,-10.303
squeeze,XAUUSD,metal,H1,BB20_2_sq125,2018,42,3.3961,21.781,17,42,-12.608
squeeze,XAUUSD,metal,H1,BB20_2_sq125,2019,46,3.1872,35.701,21,46,-7.7584
squeeze,XAUUSD,metal,H1,BB20_2_sq125,2020,44,4.4164,41.977,17,44,-9.8268
squeeze,XAUUSD,metal,H1,BB20_2_sq125,2021,36,-2.3326,37.328,11,36,2.2309
squeeze,XAUUSD,metal,H1,BB20_2_sq125,2022,42,-13.743,17.467,11,42,0.27436
squeeze,XAUUSD,metal,H1,BB20_2_sq125,2023,45,-4.1925,26.012,13,45,0.87638
squeeze,XAUUSD,metal,H1,BB20_2_sq125,2024,43,-1.8975,29.326,17,43,-5.4628
squeeze,XAUUSD,metal,H1,BB20_2_sq125,2025,47,2.652,40.523,21,47,-2.3954
squeeze,XAUUSD,metal,H1,BB20_2_sq125,2026,37,0.47862,26.5,13,37,-2.6485
squeeze,XAUUSD,metal,H4,BB20_2_sq125,2015,12,3.1578,14.696,5,12,-2.1132
squeeze,XAUUSD,metal,H4,BB20_2_sq125,2016,9,1.9951,5.7324,4,9,-3.2502
squeeze,XAUUSD,metal,H4,BB20_2_sq125,2017,13,-1.4435,3.2641,4,13,0.75007
squeeze,XAUUSD,metal,H4,BB20_2_sq125,2018,10,-0.50959,4.6011,2,10,-0.91118
squeeze,XAUUSD,metal,H4,BB20_2_sq125,2019,11,-0.43571,2.6251,5,11,-0.59456
squeeze,XAUUSD,metal,H4,BB20_2_sq125,2020,11,1.0095,5.0418,5,11,-1.6331
squeeze,XAUUSD,metal,H4,BB20_2_sq125,2021,10,2.9654,13.432,5,10,-1.9077
squeeze,XAUUSD,metal,H4,BB20_2_sq125,2022,8,-3.6704,3.5468,2,8,3.1256
squeeze,XAUUSD,metal,H4,BB20_2_sq125,2023,11,-2.5613,2.1963,2,11,2.2777
squeeze,XAUUSD,metal,H4,BB20_2_sq125,2024,14,0.48291,19.315,3,14,1.54
squeeze,XAUUSD,metal,H4,BB20_2_sq125,2025,13,1.561,12.556,6,13,-1.9518
squeeze,XAUUSD,metal,H4,BB20_2_sq125,2026,9,1.5626,14.147,4,9,-0.82992
squeeze,XAUUSD,metal,D1,BB20_2_sq125,2005,2,0.41162,0.33932,1,2,-0.99639
squeeze,XAUUSD,metal,D1,BB20_2_sq125,2006,1,0.010852,0.00011778,1,1,-0.041366
squeeze,XAUUSD,metal,D1,BB20_2_sq125,2007,3,-0.46869,0.12232,0,3,0.33549
squeeze,XAUUSD,metal,D1,BB20_2_sq125,2008,1,0.6195,0.38378,1,1,-1.0146
squeeze,XAUUSD,metal,D1,BB20_2_sq125,2009,4,0.32735,0.7087,2,4,-0.66669
squeeze,XAUUSD,metal,D1,BB20_2_sq125,2010,2,-0.059167,0.14552,1,2,-0.062064
squeeze,XAUUSD,metal,D1,BB20_2_sq125,2011,2,-0.041738,0.013511,1,2,-0.082159
squeeze,XAUUSD,metal,D1,BB20_2_sq125,2012,3,0.28456,0.6423,1,3,-0.729
squeeze,XAUUSD,metal,D1,BB20_2_sq125,2013,1,-0.31587,0.099775,0,1,0.28941
squeeze,XAUUSD,metal,D1,BB20_2_sq125,2014,2,1.5577,1.2413,2,2,-1.7708
squeeze,XAUUSD,metal,D1,BB20_2_sq125,2015,1,-1.0278,1.0564,0,1,1.1938
squeeze,XAUUSD,metal,D1,BB20_2_sq125,2016,3,-0.19161,0.13412,1,3,-0.018781
squeeze,XAUUSD,metal,D1,BB20_2_sq125,2017,1,-1.0288,1.0584,0,1,0.9541
squeeze,XAUUSD,metal,D1,BB20_2_sq125,2018,1,0.37457,0.1403,1,1,-0.48961
squeeze,XAUUSD,metal,D1,BB20_2_sq125,2019,1,2.0781,4.3183,1,1,-1.0126
squeeze,XAUUSD,metal,D1,BB20_2_sq125,2020,2,0.70847,1.081,1,2,-0.73878
squeeze,XAUUSD,metal,D1,BB20_2_sq125,2021,3,2.8756,6.7709,3,3,-2.1648
squeeze,XAUUSD,metal,D1,BB20_2_sq125,2023,4,2.019,13.247,1,4,0.16217
squeeze,XAUUSD,metal,D1,BB20_2_sq125,2024,2,-0.52014,0.16055,0,2,0.45119
squeeze,XAUUSD,metal,D1,BB20_2_sq125,2025,1,-0.16422,0.026967,0,1,0.11877
squeeze,XAUUSD,metal,D1,BB20_2_sq125,2026,2,0.34674,0.9238,1,2,-0.53064
squeeze,XCUUSD,metal,M5,BB20_2_sq125,2024,33,-44.108,83.016,0,33,-31.655
squeeze,XCUUSD,metal,M5,BB20_2_sq125,2025,503,-404.18,920.78,56,503,-373.07
squeeze,XCUUSD,metal,M5,BB20_2_sq125,2026,375,-338.83,790.55,52,375,-341.28
squeeze,XCUUSD,metal,M15,BB20_2_sq125,2024,11,-8.714,10.342,1,11,-5.8926
squeeze,XCUUSD,metal,M15,BB20_2_sq125,2025,161,-75.273,227.12,32,161,-60.464
squeeze,XCUUSD,metal,M15,BB20_2_sq125,2026,125,-66.879,135.32,27,125,-55.857
squeeze,XCUUSD,metal,M30,BB20_2_sq125,2024,5,-3.3286,2.2826,0,5,-1.994
squeeze,XCUUSD,metal,M30,BB20_2_sq125,2025,88,-22.61,51.826,20,88,-24.699
squeeze,XCUUSD,metal,M30,BB20_2_sq125,2026,55,-14.45,34.051,15,55,-14.093
squeeze,XCUUSD,metal,H1,BB20_2_sq125,2024,2,-0.3401,0.058325,0,2,-0.40156
squeeze,XCUUSD,metal,H1,BB20_2_sq125,2025,39,-4.1097,26.86,11,39,-7.9856
squeeze,XCUUSD,metal,H1,BB20_2_sq125,2026,31,-11.454,19.313,5,31,-1.5448
squeeze,XCUUSD,metal,H4,BB20_2_sq125,2025,10,0.038731,3.474,4,10,-2.4568
squeeze,XCUUSD,metal,H4,BB20_2_sq125,2026,7,-2.526,1.4167,1,7,1.2464
squeeze,XCUUSD,metal,D1,BB20_2_sq125,2025,1,-0.31564,0.099629,0,1,0.20922
squeeze,XCUUSD,metal,D1,BB20_2_sq125,2026,1,-1.0355,1.0723,0,1,1.6149
squeeze,XOM,stock,M5,BB20_2_sq125,2020,28,1.0219,26.558,10,28,-12.042
squeeze,XOM,stock,M5,BB20_2_sq125,2021,140,-41.851,87.855,34,140,-53.342
squeeze,XOM,stock,M5,BB20_2_sq125,2022,142,-34.144,133.18,36,142,-49.081
squeeze,XOM,stock,M5,BB20_2_sq125,2023,145,-49.989,491.55,30,145,-37.225
squeeze,XOM,stock,M5,BB20_2_sq125,2024,139,-64.45,191.05,26,139,-87.023
squeeze,XOM,stock,M5,BB20_2_sq125,2025,133,-69.076,187.3,25,133,-43.183
squeeze,XOM,stock,M5,BB20_2_sq125,2026,118,-15.08,327.6,27,118,-47.645
squeeze,XOM,stock,M15,BB20_2_sq125,2020,6,-0.98406,3.1378,2,6,0.37738
squeeze,XOM,stock,M15,BB20_2_sq125,2021,51,-3.2088,73.258,18,51,-10.417
squeeze,XOM,stock,M15,BB20_2_sq125,2022,50,-33.384,602.32,14,50,-30.975
squeeze,XOM,stock,M15,BB20_2_sq125,2023,43,-7.5677,68.663,14,43,-0.70672
squeeze,XOM,stock,M15,BB20_2_sq125,2024,46,-15.398,61.7,12,46,-3.4513
squeeze,XOM,stock,M15,BB20_2_sq125,2025,50,-6.3364,76.784,18,50,-4.6009
squeeze,XOM,stock,M15,BB20_2_sq125,2026,36,-6.54,125.26,13,36,3.0593
squeeze,XOM,stock,M30,BB20_2_sq125,2020,4,243.59,58937,4,4,-15.351
squeeze,XOM,stock,M30,BB20_2_sq125,2021,29,-6.2063,15.727,10,29,-1.0045
squeeze,XOM,stock,M30,BB20_2_sq125,2022,23,-6.5841,13.445,4,23,0.99498
squeeze,XOM,stock,M30,BB20_2_sq125,2023,23,-4.234,21.703,10,23,-0.97259
squeeze,XOM,stock,M30,BB20_2_sq125,2024,19,-8.6198,7.7999,1,19,1.057
squeeze,XOM,stock,M30,BB20_2_sq125,2025,22,-5.8788,6.8647,6,22,1.5354
squeeze,XOM,stock,M30,BB20_2_sq125,2026,15,3.8795,77.851,3,15,1.6482
squeeze,XOM,stock,H1,BB20_2_sq125,2020,2,0.52008,4.5276,1,2,-0.83921
squeeze,XOM,stock,H1,BB20_2_sq125,2021,11,1.1186,5.83,5,11,-1.9643
squeeze,XOM,stock,H1,BB20_2_sq125,2022,12,18.364,417.37,5,12,-1.3504
squeeze,XOM,stock,H1,BB20_2_sq125,2023,16,-5.8185,5.3658,3,16,1.8156
squeeze,XOM,stock,H1,BB20_2_sq125,2024,13,-4.8532,4.0813,1,13,2.2944
squeeze,XOM,stock,H1,BB20_2_sq125,2025,12,2.9285,7.5437,7,12,-3.0548
squeeze,XOM,stock,H1,BB20_2_sq125,2026,8,0.045588,4.7375,3,8,-1.02
squeeze,XOM,stock,H4,BB20_2_sq125,2021,2,-0.2336,0.2393,1,2,0.072488
squeeze,XOM,stock,H4,BB20_2_sq125,2022,4,-1.3904,2.5811,1,4,0.89192
squeeze,XOM,stock,H4,BB20_2_sq125,2023,5,-0.37646,1.0984,2,5,-0.29991
squeeze,XOM,stock,H4,BB20_2_sq125,2024,2,-0.1083,0.091106,1,2,-0.18963
squeeze,XOM,stock,H4,BB20_2_sq125,2025,2,0.57833,0.16777,2,2,-0.76333
squeeze,XOM,stock,H4,BB20_2_sq125,2026,2,0.21601,0.027352,2,2,-1.1735
squeeze,XOM,stock,D1,BB20_2_sq125,2021,1,-0.63066,0.39773,0,1,0.59178
squeeze,XOM,stock,D1,BB20_2_sq125,2022,2,2.0064,2.9157,2,2,-2.1196
squeeze,XOM,stock,D1,BB20_2_sq125,2023,2,0.089586,0.12074,1,2,-0.25995
squeeze,XOM,stock,D1,BB20_2_sq125,2024,1,0.60188,0.36226,1,1,-0.69904
squeeze,XOM,stock,D1,BB20_2_sq125,2025,1,-1.069,1.1428,0,1,0.99725
squeeze,XOM,stock,D1,BB20_2_sq125,2026,1,-0.92907,0.86317,0,1,0.88885
squeeze,XPDUSD,metal,M5,BB20_2_sq125,2017,372,-1652.8,21760,6,372,-1585.3
squeeze,XPDUSD,metal,M5,BB20_2_sq125,2018,511,-2874.4,30719,6,511,-2884.1
squeeze,XPDUSD,metal,M5,BB20_2_sq125,2019,556,-3219.9,43950,11,556,-3126.4
squeeze,XPDUSD,metal,M5,BB20_2_sq125,2020,532,-2313.3,29310,15,532,-2283.5
squeeze,XPDUSD,metal,M5,BB20_2_sq125,2021,550,-3612.4,1.5256e+05,9,550,-3561.1
squeeze,XPDUSD,metal,M5,BB20_2_sq125,2022,549,-3508.7,44382,4,549,-3423.9
squeeze,XPDUSD,metal,M5,BB20_2_sq125,2023,545,-2386.1,16528,5,545,-2335
squeeze,XPDUSD,metal,M5,BB20_2_sq125,2024,503,-1762.7,9877.5,6,503,-1676.1
squeeze,XPDUSD,metal,M5,BB20_2_sq125,2025,490,-1229.2,4196.8,15,490,-1061.8
squeeze,XPDUSD,metal,M5,BB20_2_sq125,2026,412,-986.27,3076.6,11,412,-894.86
squeeze,XPDUSD,metal,M15,BB20_2_sq125,2017,108,-259.54,1394.1,8,108,-239.8
squeeze,XPDUSD,metal,M15,BB20_2_sq125,2018,147,-430.6,3473.9,12,147,-477.71
squeeze,XPDUSD,metal,M15,BB20_2_sq125,2019,151,-410.02,2940.4,6,151,-380.65
squeeze,XPDUSD,metal,M15,BB20_2_sq125,2020,172,-456.57,5646.9,8,172,-432.88
squeeze,XPDUSD,metal,M15,BB20_2_sq125,2021,160,-519.2,2936.8,4,160,-486.6
squeeze,XPDUSD,metal,M15,BB20_2_sq125,2022,153,-454.93,1937.6,4,153,-461.51
squeeze,XPDUSD,metal,M15,BB20_2_sq125,2023,147,-349.12,1265.9,2,147,-340.02
squeeze,XPDUSD,metal,M15,BB20_2_sq125,2024,157,-306.28,847.37,5,157,-274.47
squeeze,XPDUSD,metal,M15,BB20_2_sq125,2025,158,-263.16,663.11,6,158,-205.61
squeeze,XPDUSD,metal,M15,BB20_2_sq125,2026,127,-175.57,418.43,12,127,-151.81
squeeze,XPDUSD,metal,M30,BB20_2_sq125,2017,56,-64.516,153.78,6,56,-67.435
squeeze,XPDUSD,metal,M30,BB20_2_sq125,2018,82,-88.055,250.15,15,82,-106.25
squeeze,XPDUSD,metal,M30,BB20_2_sq125,2019,85,-95.768,678.72,12,85,-101.45
squeeze,XPDUSD,metal,M30,BB20_2_sq125,2020,82,-122.92,271.37,5,82,-88.23
squeeze,XPDUSD,metal,M30,BB20_2_sq125,2021,79,-157.87,740.58,6,79,-142.11
squeeze,XPDUSD,metal,M30,BB20_2_sq125,2022,83,-122.44,358.26,10,83,-128.84
squeeze,XPDUSD,metal,M30,BB20_2_sq125,2023,80,-88.323,241.38,9,80,-113.15
squeeze,XPDUSD,metal,M30,BB20_2_sq125,2024,83,-101.77,201.55,5,83,-87.083
squeeze,XPDUSD,metal,M30,BB20_2_sq125,2025,83,-86.935,163.92,9,83,-67.22
squeeze,XPDUSD,metal,M30,BB20_2_sq125,2026,71,-65.273,101.11,10,71,-63.922
squeeze,XPDUSD,metal,H1,BB20_2_sq125,2017,31,-17.991,50.861,4,31,-7.2706
squeeze,XPDUSD,metal,H1,BB20_2_sq125,2018,40,-20.088,111.13,11,40,-38.196
squeeze,XPDUSD,metal,H1,BB20_2_sq125,2019,43,-11.746,137.25,15,43,-38.878
squeeze,XPDUSD,metal,H1,BB20_2_sq125,2020,42,-33.981,113.79,7,42,-33.109
squeeze,XPDUSD,metal,H1,BB20_2_sq125,2021,50,-76.455,185.2,3,50,-55.126
squeeze,XPDUSD,metal,H1,BB20_2_sq125,2022,43,-34.124,131.47,6,43,-41.108
squeeze,XPDUSD,metal,H1,BB20_2_sq125,2023,48,-42.737,69.692,4,48,-38.348
squeeze,XPDUSD,metal,H1,BB20_2_sq125,2024,45,-23.188,43.977,10,45,-21.518
squeeze,XPDUSD,metal,H1,BB20_2_sq125,2025,47,-34.276,55.259,5,47,-20.363
squeeze,XPDUSD,metal,H1,BB20_2_sq125,2026,33,-21.931,26.409,5,33,-15.887
squeeze,XPDUSD,metal,H4,BB20_2_sq125,2017,8,-3.845,4.4704,2,8,-1.9357
squeeze,XPDUSD,metal,H4,BB20_2_sq125,2018,9,-4.5676,5.0103,2,9,-5.6794
squeeze,XPDUSD,metal,H4,BB20_2_sq125,2019,12,-0.54226,5.7886,3,12,-5.7796
squeeze,XPDUSD,metal,H4,BB20_2_sq125,2020,9,-7.265,7.2143,0,9,-2.0579
squeeze,XPDUSD,metal,H4,BB20_2_sq125,2021,7,-5.2123,6.188,1,7,-2.9249
squeeze,XPDUSD,metal,H4,BB20_2_sq125,2022,9,-3.1717,2.8749,2,9,-6.7118
squeeze,XPDUSD,metal,H4,BB20_2_sq125,2023,15,-10.364,11.042,1,15,-3.1449
squeeze,XPDUSD,metal,H4,BB20_2_sq125,2024,9,-3.2157,5.2888,3,9,-1.301
squeeze,XPDUSD,metal,H4,BB20_2_sq125,2025,12,-7.2754,8.1531,1,12,-2.5039
squeeze,XPDUSD,metal,H4,BB20_2_sq125,2026,11,0.023779,4.0263,4,11,-5.58
squeeze,XPDUSD,metal,D1,BB20_2_sq125,2017,2,-0.47835,0.45214,1,2,-0.64813
squeeze,XPDUSD,metal,D1,BB20_2_sq125,2018,2,0.8091,0.73317,1,2,-1.3123
squeeze,XPDUSD,metal,D1,BB20_2_sq125,2019,1,2.0645,4.2623,1,1,-1.2132
squeeze,XPDUSD,metal,D1,BB20_2_sq125,2020,1,-0.64105,0.41095,0,1,0.20588
squeeze,XPDUSD,metal,D1,BB20_2_sq125,2021,2,-0.41668,1.1874,1,2,-0.41103
squeeze,XPDUSD,metal,D1,BB20_2_sq125,2022,2,-0.66514,0.25688,0,2,0.17779
squeeze,XPDUSD,metal,D1,BB20_2_sq125,2023,3,0.0097121,0.1957,2,3,-1.0316
squeeze,XPDUSD,metal,D1,BB20_2_sq125,2024,1,0.47661,0.22716,1,1,-1.0831
squeeze,XPDUSD,metal,D1,BB20_2_sq125,2025,3,-0.76642,0.65456,1,3,-0.10348
squeeze,XPDUSD,metal,D1,BB20_2_sq125,2026,1,0.29493,0.086984,1,1,-1.1203
squeeze,XPTUSD,metal,M5,BB20_2_sq125,2017,421,-1245.5,5247.1,5,421,-1161.7
squeeze,XPTUSD,metal,M5,BB20_2_sq125,2018,529,-1576.5,11694,12,529,-1489.6
squeeze,XPTUSD,metal,M5,BB20_2_sq125,2019,502,-1214.8,6555.2,18,502,-1127.8
squeeze,XPTUSD,metal,M5,BB20_2_sq125,2020,518,-1323.2,6764.5,24,518,-1301.8
squeeze,XPTUSD,metal,M5,BB20_2_sq125,2021,537,-1732.5,8172.6,9,537,-1651.6
squeeze,XPTUSD,metal,M5,BB20_2_sq125,2022,520,-1524.7,10760,7,520,-1445.6
squeeze,XPTUSD,metal,M5,BB20_2_sq125,2023,509,-1561.4,14735,7,509,-1499
squeeze,XPTUSD,metal,M5,BB20_2_sq125,2024,522,-1242.2,4301.1,10,522,-1209.7
squeeze,XPTUSD,metal,M5,BB20_2_sq125,2025,536,-1146,3827.2,21,536,-955.9
squeeze,XPTUSD,metal,M5,BB20_2_sq125,2026,372,-713.3,2257.4,15,372,-670.93
squeeze,XPTUSD,metal,M15,BB20_2_sq125,2017,121,-176.1,371.45,11,121,-154.83
squeeze,XPTUSD,metal,M15,BB20_2_sq125,2018,147,-207.84,659.12,15,147,-206.62
squeeze,XPTUSD,metal,M15,BB20_2_sq125,2019,168,-181.98,654.43,17,168,-189.25
squeeze,XPTUSD,metal,M15,BB20_2_sq125,2020,167,-263.04,805.15,9,167,-207.64
squeeze,XPTUSD,metal,M15,BB20_2_sq125,2021,157,-279.33,753.98,11,157,-258.91
squeeze,XPTUSD,metal,M15,BB20_2_sq125,2022,147,-207.42,575.44,10,147,-211.78
squeeze,XPTUSD,metal,M15,BB20_2_sq125,2023,147,-219.93,578.99,14,147,-204.48
squeeze,XPTUSD,metal,M15,BB20_2_sq125,2024,141,-163.04,367.52,15,141,-190.84
squeeze,XPTUSD,metal,M15,BB20_2_sq125,2025,154,-213.65,457.66,10,154,-157.18
squeeze,XPTUSD,metal,M15,BB20_2_sq125,2026,130,-123.08,235.58,16,130,-115.49
squeeze,XPTUSD,metal,M30,BB20_2_sq125,2017,65,-52.825,93.14,12,65,-60.828
squeeze,XPTUSD,metal,M30,BB20_2_sq125,2018,87,-77.634,118.39,7,87,-64.492
squeeze,XPTUSD,metal,M30,BB20_2_sq125,2019,94,-47.502,122.85,15,94,-60.815
squeeze,XPTUSD,metal,M30,BB20_2_sq125,2020,96,-102.18,208.36,12,96,-79.842
squeeze,XPTUSD,metal,M30,BB20_2_sq125,2021,87,-94.322,219.29,9,87,-90.884
squeeze,XPTUSD,metal,M30,BB20_2_sq125,2022,83,-88.992,149.98,7,83,-67.469
squeeze,XPTUSD,metal,M30,BB20_2_sq125,2023,84,-81.483,188.21,8,84,-54.509
squeeze,XPTUSD,metal,M30,BB20_2_sq125,2024,83,-60.429,116.18,12,83,-65.386
squeeze,XPTUSD,metal,M30,BB20_2_sq125,2025,88,-63.41,129.63,11,88,-51.309
squeeze,XPTUSD,metal,M30,BB20_2_sq125,2026,70,-44.105,68.791,12,70,-36.954
squeeze,XPTUSD,metal,H1,BB20_2_sq125,2017,31,-19.919,36.597,6,31,-11.249
squeeze,XPTUSD,metal,H1,BB20_2_sq125,2018,49,-29.877,51.315,9,49,-17.344
squeeze,XPTUSD,metal,H1,BB20_2_sq125,2019,50,-21.254,42.858,9,50,-9.5944
squeeze,XPTUSD,metal,H1,BB20_2_sq125,2020,48,-28.718,51.908,9,48,-25.343
squeeze,XPTUSD,metal,H1,BB20_2_sq125,2021,49,-30.914,69.084,7,49,-21.941
squeeze,XPTUSD,metal,H1,BB20_2_sq125,2022,38,0.13144,159.79,11,38,-25.943
squeeze,XPTUSD,metal,H1,BB20_2_sq125,2023,48,-22.325,75.603,11,48,-14.711
squeeze,XPTUSD,metal,H1,BB20_2_sq125,2024,53,-23.029,48.168,8,53,-22.347
squeeze,XPTUSD,metal,H1,BB20_2_sq125,2025,43,-23.105,51.48,6,43,-12.778
squeeze,XPTUSD,metal,H1,BB20_2_sq125,2026,34,-18.824,20.795,7,34,-9.9955
squeeze,XPTUSD,metal,H4,BB20_2_sq125,2017,5,-2.6714,2.1664,0,5,-0.46185
squeeze,XPTUSD,metal,H4,BB20_2_sq125,2018,10,0.60137,9.3707,3,10,-3.8361
squeeze,XPTUSD,metal,H4,BB20_2_sq125,2019,12,-0.052598,14.274,3,12,-5.2191
squeeze,XPTUSD,metal,H4,BB20_2_sq125,2020,13,-5.391,12.978,3,13,-5.4665
squeeze,XPTUSD,metal,H4,BB20_2_sq125,2021,10,-4.8956,5.9238,2,10,-2.6962
squeeze,XPTUSD,metal,H4,BB20_2_sq125,2022,10,-5.0592,5.9087,2,10,-1.7448
squeeze,XPTUSD,metal,H4,BB20_2_sq125,2023,14,-0.71905,8.7404,6,14,-4.6758
squeeze,XPTUSD,metal,H4,BB20_2_sq125,2024,13,-5.0892,3.9228,3,13,-0.54018
squeeze,XPTUSD,metal,H4,BB20_2_sq125,2025,8,-0.67407,3.7807,2,8,-4.6823
squeeze,XPTUSD,metal,H4,BB20_2_sq125,2026,10,-3.3076,1.8684,1,10,-0.25393
squeeze,XPTUSD,metal,D1,BB20_2_sq125,2017,1,-1.0731,1.1515,0,1,1.0422
squeeze,XPTUSD,metal,D1,BB20_2_sq125,2018,1,0.2113,0.044646,1,1,-1.1038
squeeze,XPTUSD,metal,D1,BB20_2_sq125,2019,2,1.0091,1.4547,1,2,-1.0292
squeeze,XPTUSD,metal,D1,BB20_2_sq125,2020,2,1.9961,2.0084,2,2,-2.2285
squeeze,XPTUSD,metal,D1,BB20_2_sq125,2021,1,-0.30567,0.093432,0,1,0.10083
squeeze,XPTUSD,metal,D1,BB20_2_sq125,2022,2,0.19154,0.034757,2,2,-1.3109
squeeze,XPTUSD,metal,D1,BB20_2_sq125,2023,2,0.28495,0.36523,1,2,-0.94669
squeeze,XPTUSD,metal,D1,BB20_2_sq125,2024,3,-0.25654,1.3914,1,3,-0.63772
squeeze,XPTUSD,metal,D1,BB20_2_sq125,2025,1,-0.65976,0.43529,0,1,0.44048
squeeze,XPTUSD,metal,D1,BB20_2_sq125,2026,1,-0.20773,0.043152,0,1,0.047477
squeeze,XRPUSD,crypto,M5,BB20_2_sq125,2018,480,-11878,6.5844e+05,11,480,-11861
squeeze,XRPUSD,crypto,M5,BB20_2_sq125,2019,568,-31706,4.1122e+06,0,568,-31766
squeeze,XRPUSD,crypto,M5,BB20_2_sq125,2020,559,-9989.9,3.994e+05,35,559,-9949.9
squeeze,XRPUSD,crypto,M5,BB20_2_sq125,2021,636,-398.3,732.44,88,636,-346.52
squeeze,XRPUSD,crypto,M5,BB20_2_sq125,2022,796,-1530.6,9899.2,42,796,-1508.6
squeeze,XRPUSD,crypto,M5,BB20_2_sq125,2023,799,-1918.9,6980.8,25,799,-1975.3
squeeze,XRPUSD,crypto,M5,BB20_2_sq125,2024,758,-1579.4,5008.8,28,758,-1527.5
squeeze,XRPUSD,crypto,M5,BB20_2_sq125,2025,792,-1132.6,2938.2,43,792,-1064
squeeze,XRPUSD,crypto,M5,BB20_2_sq125,2026,607,-542.25,998.64,61,607,-506.56
squeeze,XRPUSD,crypto,M15,BB20_2_sq125,2018,161,-2390.8,63969,3,161,-2409.2
squeeze,XRPUSD,crypto,M15,BB20_2_sq125,2019,194,-5144,2.6021e+05,0,194,-5171.8
squeeze,XRPUSD,crypto,M15,BB20_2_sq125,2020,189,-1975.6,45147,15,189,-1993.2
squeeze,XRPUSD,crypto,M15,BB20_2_sq125,2021,233,-95.605,136.81,41,233,-69.543
squeeze,XRPUSD,crypto,M15,BB20_2_sq125,2022,253,-242.29,694.45,30,253,-263.26
squeeze,XRPUSD,crypto,M15,BB20_2_sq125,2023,283,-387.58,1004.8,21,283,-391.58
squeeze,XRPUSD,crypto,M15,BB20_2_sq125,2024,251,-275.45,686.39,23,251,-299.73
squeeze,XRPUSD,crypto,M15,BB20_2_sq125,2025,258,-243.17,496.74,24,258,-213.29
squeeze,XRPUSD,crypto,M15,BB20_2_sq125,2026,200,-135.39,240.31,27,200,-84.625
squeeze,XRPUSD,crypto,M30,BB20_2_sq125,2018,86,-855.13,15246,2,86,-856.02
squeeze,XRPUSD,crypto,M30,BB20_2_sq125,2019,109,-1684.4,44951,0,109,-1692.6
squeeze,XRPUSD,crypto,M30,BB20_2_sq125,2020,113,-1011.8,33960,5,113,-1009.9
squeeze,XRPUSD,crypto,M30,BB20_2_sq125,2021,115,-48.77,65.543,17,115,-15.352
squeeze,XRPUSD,crypto,M30,BB20_2_sq125,2022,146,-106.97,234.67,20,146,-90.811
squeeze,XRPUSD,crypto,M30,BB20_2_sq125,2023,139,-156.79,282.65,8,139,-139.75
squeeze,XRPUSD,crypto,M30,BB20_2_sq125,2024,125,-106.93,247.15,11,125,-99.203
squeeze,XRPUSD,crypto,M30,BB20_2_sq125,2025,124,-91.7,177.55,11,124,-60.555
squeeze,XRPUSD,crypto,M30,BB20_2_sq125,2026,102,-26.936,118.21,26,102,-35.098
squeeze,XRPUSD,crypto,H1,BB20_2_sq125,2018,49,-415.81,7866,2,49,-423.9
squeeze,XRPUSD,crypto,H1,BB20_2_sq125,2019,55,-570.23,10499,0,55,-554.92
squeeze,XRPUSD,crypto,H1,BB20_2_sq125,2020,43,-269.95,3697.6,2,43,-288.22
squeeze,XRPUSD,crypto,H1,BB20_2_sq125,2021,55,-10.401,36.407,11,55,-8.796
squeeze,XRPUSD,crypto,H1,BB20_2_sq125,2022,64,-47.151,93.944,6,64,-34.868
squeeze,XRPUSD,crypto,H1,BB20_2_sq125,2023,72,-45.11,104.92,14,72,-65.834
squeeze,XRPUSD,crypto,H1,BB20_2_sq125,2024,69,-48.101,58.557,8,69,-29.351
squeeze,XRPUSD,crypto,H1,BB20_2_sq125,2025,69,-11.342,58.643,18,69,-38.723
squeeze,XRPUSD,crypto,H1,BB20_2_sq125,2026,51,-12.859,34.19,13,51,-16.02
squeeze,XRPUSD,crypto,H4,BB20_2_sq125,2018,9,-20.551,74.393,0,9,-19.175
squeeze,XRPUSD,crypto,H4,BB20_2_sq125,2019,12,-55.291,486.62,0,12,-58.677
squeeze,XRPUSD,crypto,H4,BB20_2_sq125,2020,9,-15.944,115.15,1,9,-27.057
squeeze,XRPUSD,crypto,H4,BB20_2_sq125,2021,15,4.7455,36.217,5,15,-1.9974
squeeze,XRPUSD,crypto,H4,BB20_2_sq125,2022,18,-4.7681,5.3679,3,18,-5.5146
squeeze,XRPUSD,crypto,H4,BB20_2_sq125,2023,19,-4.341,19.486,4,19,-10.358
squeeze,XRPUSD,crypto,H4,BB20_2_sq125,2024,17,-7.933,5.5882,2,17,-1.1486
squeeze,XRPUSD,crypto,H4,BB20_2_sq125,2025,17,-1.2221,5.8207,6,17,-6.5617
squeeze,XRPUSD,crypto,H4,BB20_2_sq125,2026,13,-0.35937,7.1127,6,13,-4.6254
squeeze,XRPUSD,crypto,D1,BB20_2_sq125,2017,2,-5.2403,21.122,0,2,-4.0094
squeeze,XRPUSD,crypto,D1,BB20_2_sq125,2018,2,-3.5297,14.04,1,2,-4.9278
squeeze,XRPUSD,crypto,D1,BB20_2_sq125,2019,4,-5.2041,8.4754,0,4,-2.4655
squeeze,XRPUSD,crypto,D1,BB20_2_sq125,2020,3,-4.2265,7.5477,0,3,-3.7765
squeeze,XRPUSD,crypto,D1,BB20_2_sq125,2021,2,-1.5155,1.2787,0,2,2.0059
squeeze,XRPUSD,crypto,D1,BB20_2_sq125,2022,4,0.32322,1.3006,1,4,-0.81437
squeeze,XRPUSD,crypto,D1,BB20_2_sq125,2023,2,0.78748,1.242,1,2,-1.1319
squeeze,XRPUSD,crypto,D1,BB20_2_sq125,2024,2,-0.125,0.0078719,0,2,-1.3557
squeeze,XRPUSD,crypto,D1,BB20_2_sq125,2025,2,-0.70468,0.39327,0,2,0.25062
squeeze,XRPUSD,crypto,D1,BB20_2_sq125,2026,3,1.4687,2.48,2,3,-1.6034
squeeze,ZM,stock,M5,BB20_2_sq125,2021,62,-22.609,173.71,17,62,-6.0822
squeeze,ZM,stock,M5,BB20_2_sq125,2022,140,2.8222,267.04,53,140,-25.969
squeeze,ZM,stock,M5,BB20_2_sq125,2023,143,-35.758,108.7,43,143,-29.985
squeeze,ZM,stock,M5,BB20_2_sq125,2024,144,-40.602,400.21,29,144,-23.117
squeeze,ZM,stock,M5,BB20_2_sq125,2025,139,-93.603,225.88,27,139,-90.11
squeeze,ZM,stock,M5,BB20_2_sq125,2026,116,-68.27,310.31,18,116,-49.038
squeeze,ZM,stock,M15,BB20_2_sq125,2021,19,-5.8925,15.405,5,19,-4.2753
squeeze,ZM,stock,M15,BB20_2_sq125,2022,50,-2.5243,28.855,22,50,-3.312
squeeze,ZM,stock,M15,BB20_2_sq125,2023,49,-11.349,33.845,13,49,-7.5516
squeeze,ZM,stock,M15,BB20_2_sq125,2024,44,9.6004,204.18,17,44,-8.0111
squeeze,ZM,stock,M15,BB20_2_sq125,2025,52,-10.471,62.235,14,52,-18.583
squeeze,ZM,stock,M15,BB20_2_sq125,2026,43,-5.746,77.582,14,43,-12.839
squeeze,ZM,stock,M30,BB20_2_sq125,2021,11,-0.65481,8.4905,2,11,0.11876
squeeze,ZM,stock,M30,BB20_2_sq125,2022,27,-0.10003,34.171,9,27,-8.3643
squeeze,ZM,stock,M30,BB20_2_sq125,2023,20,2.6225,67.284,8,20,-1.0776
squeeze,ZM,stock,M30,BB20_2_sq125,2024,19,1.7311,15.16,8,19,-3.8044
squeeze,ZM,stock,M30,BB20_2_sq125,2025,23,-8.2111,12.692,7,23,-5.9343
squeeze,ZM,stock,M30,BB20_2_sq125,2026,19,-2.0894,10.662,7,19,-1.7826
squeeze,ZM,stock,H1,BB20_2_sq125,2021,2,-0.67046,0.32434,0,2,0.60598
squeeze,ZM,stock,H1,BB20_2_sq125,2022,14,-3.6091,2.0019,1,14,1.8616
squeeze,ZM,stock,H1,BB20_2_sq125,2023,15,-1.3515,1.859,5,15,-1.4764
squeeze,ZM,stock,H1,BB20_2_sq125,2024,13,-0.57438,5.6888,5,13,0.063525
squeeze,ZM,stock,H1,BB20_2_sq125,2025,12,0.46954,3.6179,4,12,-3.4355
squeeze,ZM,stock,H1,BB20_2_sq125,2026,12,1.2662,4.6914,7,12,-3.1432
squeeze,ZM,stock,H4,BB20_2_sq125,2022,2,-2.4371,3.0467,0,2,2.6412
squeeze,ZM,stock,H4,BB20_2_sq125,2023,7,-1.1213,1.2657,3,7,-0.15707
squeeze,ZM,stock,H4,BB20_2_sq125,2024,3,-1.3665,4.9584,2,3,-3.0677
squeeze,ZM,stock,H4,BB20_2_sq125,2025,5,2.9938,5.9204,4,5,-3.3495
squeeze,ZM,stock,H4,BB20_2_sq125,2026,2,1.1153,1.7645,1,2,-1.5974
squeeze,ZM,stock,D1,BB20_2_sq125,2022,3,0.50914,0.21928,2,3,-0.62581
squeeze,ZM,stock,D1,BB20_2_sq125,2023,1,-0.32421,0.10511,0,1,0.28871
squeeze,ZM,stock,D1,BB20_2_sq125,2024,2,0.10192,0.0984,1,2,-0.22336
squeeze,ZM,stock,D1,BB20_2_sq125,2025,1,-0.19586,0.03836,0,1,0.075178
