idea,symbol,group,batch2,session,tf,bar,variant,k,primary,truncated,base_tf,sessions,n,per_day,mean,t,win,gross,costR,n_is,mean_is,n_oos,mean_oos,worst_year,worst_mean,pos_years,coin,opp,beats,passes,by_year,first,last,share_both,n_trend,mean_trend,n_rev,mean_rev,n_amb,mean_amb,sumR,sumR2,sumR_is,sumR2_is,sumR_oos,sumR2_oos,sum_coin
dt,AAPL,stock,False,us_cash,M5,5,k=0.3,0.3,False,False,M5,2469,1685,0.68246,0.01252,0.86373,0.49199,0.023054,0.010534,1211,0.032091,474,-0.037481,2025,-0.069667,0.45455,-0.0086685,-0.029857,True,False,15:+0.118(171.0) 16:-0.044(181.0) 17:+0.090(156.0) 18:-0.004(183.0) 19:-0.016(109.0) 21:+0.028(77.0) 22:+0.121(152.0) 23:-0.029(182.0) 24:-0.041(166.0) 25:-0.070(181.0) 26:+0.013(127.0),2015-01-08,2026-10-08,0.0035608,,,,,,,21.096,596.48,38.863,407.24,-17.766,189.24,-14.606
dt,AAPL,stock,False,us_cash,M5,5,k=0.5,0.5,False,False,M5,2469,760,0.30782,0.0052374,0.36356,0.49737,0.012412,0.0071749,531,0.029099,229,-0.050094,2019,-0.069326,0.45455,-0.0060698,-0.017377,True,False,15:+0.085(73.0) 16:-0.020(77.0) 17:+0.104(73.0) 18:+0.018(79.0) 19:-0.069(51.0) 21:+0.030(32.0) 22:+0.071(69.0) 23:-0.008(77.0) 24:-0.066(79.0) 25:-0.061(84.0) 26:-0.017(66.0),2015-01-08,2026-10-08,0,,,,,,,3.9804,119.73,15.452,75.674,-11.471,44.057,-4.6131
dt,AAPL,stock,False,us_cash,M5,5,k=0.7,0.7,False,False,M5,2469,339,0.1373,0.013492,0.79675,0.50442,0.019347,0.005855,232,0.03512,107,-0.033401,2026,-0.05762,0.63636,-0.0056432,-0.024779,True,False,15:+0.019(39.0) 16:-0.026(33.0) 17:+0.094(42.0) 18:+0.006(32.0) 19:-0.036(20.0) 21:+0.125(14.0) 22:+0.108(25.0) 23:+0.013(27.0) 24:+0.007(30.0) 25:-0.042(42.0) 26:-0.058(35.0),2015-01-15,2026-10-08,0,,,,,,,4.5739,32.921,8.1478,19.236,-3.5739,13.684,-1.9131
rb,AAPL,stock,False,us_cash,M5,5,RB,0,False,False,M5,2469,884,0.35804,0.036799,1.5501,0.49208,0.050448,0.013648,623,0.059506,261,-0.0174,2019,-0.13356,0.72727,-0.0052619,-0.047323,True,False,15:+0.034(88.0) 16:+0.089(91.0) 17:+0.135(84.0) 18:+0.064(83.0) 19:-0.134(76.0) 21:+0.234(36.0) 22:+0.112(80.0) 23:+0.024(85.0) 24:-0.035(88.0) 25:+0.031(95.0) 26:-0.057(78.0),2015-01-08,2026-10-01,,496,0.033929,388,0.040468,0,,32.531,441.1,37.072,339.07,-4.5415,102.03,-4.6515
dt,AAPL,stock,False,us_cash,M15,15,k=0.3,0.3,False,False,M5,2469,1683,0.68165,0.012424,0.85872,0.49317,0.023026,0.010602,1210,0.031426,473,-0.036185,2025,-0.069816,0.45455,-0.0091181,-0.03066,True,False,15:+0.118(171.0) 16:-0.048(181.0) 17:+0.088(156.0) 18:-0.004(183.0) 19:-0.014(108.0) 21:+0.027(77.0) 22:+0.121(152.0) 23:-0.029(182.0) 24:-0.041(166.0) 25:-0.070(181.0) 26:+0.019(126.0),2015-01-08,2026-10-08,0.0065359,,,,,,,20.91,592.82,38.025,405.65,-17.116,187.17,-15.346
dt,AAPL,stock,False,us_cash,M15,15,k=0.5,0.5,False,False,M5,2469,760,0.30782,0.0053353,0.37048,0.49737,0.012507,0.0071717,531,0.029114,229,-0.049802,2019,-0.069326,0.45455,-0.0060666,-0.017469,True,False,15:+0.085(73.0) 16:-0.020(77.0) 17:+0.104(73.0) 18:+0.018(79.0) 19:-0.069(51.0) 21:+0.030(32.0) 22:+0.071(69.0) 23:-0.008(77.0) 24:-0.066(79.0) 25:-0.061(84.0) 26:-0.017(66.0),2015-01-08,2026-10-08,0,,,,,,,4.0549,119.65,15.46,75.662,-11.405,43.99,-4.6106
dt,AAPL,stock,False,us_cash,M15,15,k=0.7,0.7,False,False,M5,2469,339,0.1373,0.013507,0.79764,0.50442,0.019347,0.0058406,232,0.035113,107,-0.033341,2026,-0.057593,0.63636,-0.0056288,-0.024764,True,False,15:+0.019(39.0) 16:-0.026(33.0) 17:+0.094(42.0) 18:+0.006(32.0) 19:-0.036(20.0) 21:+0.125(14.0) 22:+0.108(25.0) 23:+0.013(27.0) 24:+0.007(30.0) 25:-0.042(42.0) 26:-0.058(35.0),2015-01-15,2026-10-08,0,,,,,,,4.5788,32.918,8.1463,19.228,-3.5675,13.689,-1.9082
rb,AAPL,stock,False,us_cash,M15,15,RB,0,False,False,M5,2469,877,0.3552,0.030181,1.2969,0.49259,0.043826,0.013645,617,0.057724,260,-0.035181,2019,-0.13446,0.72727,-0.0079063,-0.045993,True,False,15:+0.001(86.0) 16:+0.067(91.0) 17:+0.153(84.0) 18:+0.097(81.0) 19:-0.134(75.0) 21:+0.268(35.0) 22:+0.091(80.0) 23:+0.024(85.0) 24:-0.036(88.0) 25:+0.015(95.0) 26:-0.096(77.0),2015-01-08,2026-10-01,,494,0.029776,382,0.033514,1,-1.0434,26.468,416.86,35.615,320.75,-9.1471,96.114,-6.9339
dt,AAPL,stock,False,us_cash,M30,30,k=0.3,0.3,False,False,M5,2469,1681,0.68084,0.013605,0.94065,0.49316,0.024227,0.010622,1208,0.033399,473,-0.036949,2025,-0.071406,0.45455,-0.0089464,-0.031497,True,False,15:+0.118(171.0) 16:-0.045(180.0) 17:+0.088(156.0) 18:-0.005(183.0) 19:-0.006(108.0) 21:+0.027(77.0) 22:+0.121(152.0) 23:-0.024(181.0) 24:-0.041(166.0) 25:-0.071(181.0) 26:+0.018(126.0),2015-01-08,2026-10-08,0.011898,,,,,,,22.869,591.04,40.346,403.77,-17.477,187.26,-15.039
dt,AAPL,stock,False,us_cash,M30,30,k=0.5,0.5,False,False,M5,2469,760,0.30782,0.0053123,0.36888,0.49737,0.012507,0.0071948,531,0.029098,229,-0.049842,2019,-0.069326,0.45455,-0.0060897,-0.017492,True,False,15:+0.085(73.0) 16:-0.020(77.0) 17:+0.104(73.0) 18:+0.018(79.0) 19:-0.069(51.0) 21:+0.030(32.0) 22:+0.071(69.0) 23:-0.008(77.0) 24:-0.066(79.0) 25:-0.061(84.0) 26:-0.017(66.0),2015-01-08,2026-10-08,0,,,,,,,4.0373,119.65,15.451,75.66,-11.414,43.991,-4.6282
dt,AAPL,stock,False,us_cash,M30,30,k=0.7,0.7,False,False,M5,2469,339,0.1373,0.01349,0.7966,0.50442,0.019347,0.0058573,232,0.035098,107,-0.033361,2026,-0.057584,0.63636,-0.0056456,-0.024781,True,False,15:+0.019(39.0) 16:-0.026(33.0) 17:+0.094(42.0) 18:+0.006(32.0) 19:-0.036(20.0) 21:+0.124(14.0) 22:+0.108(25.0) 23:+0.013(27.0) 24:+0.007(30.0) 25:-0.042(42.0) 26:-0.058(35.0),2015-01-15,2026-10-08,0,,,,,,,4.5731,32.921,8.1427,19.231,-3.5696,13.69,-1.9138
rb,AAPL,stock,False,us_cash,M30,30,RB,0,False,False,M5,2469,869,0.35196,0.023756,1.037,0.48907,0.037182,0.013426,611,0.05156,258,-0.042089,2019,-0.13415,0.72727,-0.0076529,-0.039062,True,False,15:+0.007(85.0) 16:+0.036(91.0) 17:+0.123(84.0) 18:+0.111(77.0) 19:-0.134(75.0) 21:+0.235(35.0) 22:+0.095(80.0) 23:+0.037(84.0) 24:-0.076(87.0) 25:+0.022(94.0) 26:-0.082(77.0),2015-01-08,2026-10-01,,494,0.015175,373,0.040856,2,-1.0459,20.644,396.35,31.503,306.03,-10.859,90.317,-6.6504
dt,AAPL,stock,False,us_cash,H1,60,k=0.3,0.3,False,True,M5,2469,1602,0.64885,0.014931,1.0443,0.48814,0.025597,0.010666,1155,0.034152,447,-0.034735,2025,-0.068371,0.45455,-0.0089139,-0.032759,True,False,15:+0.116(164.0) 16:-0.055(177.0) 17:+0.136(147.0) 18:-0.008(170.0) 19:-0.026(101.0) 21:+0.021(75.0) 22:+0.108(145.0) 23:-0.017(176.0) 24:-0.028(156.0) 25:-0.068(168.0) 26:+0.002(123.0),2015-01-08,2026-10-08,0.017478,,,,,,,23.92,524.71,39.446,366.62,-15.526,158.09,-14.28
dt,AAPL,stock,False,us_cash,H1,60,k=0.5,0.5,False,True,M5,2469,708,0.28676,0.011149,0.77382,0.49294,0.018317,0.007168,495,0.033195,213,-0.040083,2025,-0.072682,0.54545,-0.0079069,-0.026963,True,False,15:+0.085(72.0) 16:-0.039(74.0) 17:+0.138(71.0) 18:+0.012(70.0) 19:-0.061(50.0) 21:+0.035(29.0) 22:+0.065(61.0) 23:+0.008(68.0) 24:-0.037(75.0) 25:-0.073(76.0) 26:-0.004(62.0),2015-01-08,2026-10-08,0.0014124,,,,,,,7.8936,104,16.431,69.156,-8.5378,34.844,-5.5981
dt,AAPL,stock,False,us_cash,H1,60,k=0.7,0.7,False,True,M5,2469,309,0.12515,0.0188,1.0762,0.50162,0.024751,0.0059508,212,0.03764,97,-0.022374,2016,-0.053623,0.54545,-0.005488,-0.029776,True,False,15:+0.023(35.0) 16:-0.054(29.0) 17:+0.127(41.0) 18:-0.010(27.0) 19:-0.039(18.0) 21:+0.115(14.0) 22:+0.105(21.0) 23:+0.025(27.0) 24:+0.026(27.0) 25:-0.037(38.0) 26:-0.046(32.0),2015-01-15,2026-10-08,0,,,,,,,5.8093,29.156,7.9796,18.093,-2.1703,11.063,-1.6958
rb,AAPL,stock,False,us_cash,H1,60,RB,0,False,True,M5,2469,796,0.3224,0.013063,0.58709,0.48367,0.025796,0.012732,566,0.027397,230,-0.022209,2019,-0.053592,0.45455,-0.011242,-0.035548,True,False,15:-0.003(80.0) 16:+0.020(87.0) 17:+0.113(77.0) 18:+0.061(69.0) 19:-0.054(70.0) 21:+0.076(30.0) 22:-0.009(74.0) 23:+0.041(79.0) 24:-0.024(79.0) 25:-0.032(83.0) 26:-0.007(68.0),2015-01-08,2026-09-30,,472,0.0045692,321,0.035204,3,-1.0195,10.398,313.44,15.507,236.29,-5.1081,77.157,-8.9488
dt,ADAUSD,crypto,False,us_cash,M5,5,k=0.3,0.3,False,False,M5,1313,586,0.44631,-0.032192,-1.2267,0.39761,0.052352,0.084544,270,-0.057339,316,-0.010705,2022,-0.10485,0.16667,-0.077328,-0.12246,True,False,21:-0.061(33.0) 22:-0.105(116.0) 23:-0.011(121.0) 24:-0.037(111.0) 25:+0.013(117.0) 26:-0.009(88.0),2021-09-24,2026-10-08,0,,,,,,,-18.864,236.68,-15.482,143.29,-3.3829,93.395,-45.314
dt,ADAUSD,crypto,False,us_cash,M5,5,k=0.5,0.5,False,False,M5,1313,239,0.18203,-0.0087901,-0.28698,0.39749,0.048355,0.057145,107,-0.039701,132,0.016267,2022,-0.11958,0.66667,-0.046245,-0.083699,True,False,21:-0.060(12.0) 22:-0.120(40.0) 23:+0.023(55.0) 24:+0.016(49.0) 25:+0.029(47.0) 26:+0.000(36.0),2021-09-28,2026-10-08,0,,,,,,,-2.1008,53.382,-4.248,38,2.1472,15.382,-11.052
dt,ADAUSD,crypto,False,us_cash,M5,5,k=0.7,0.7,False,False,M5,1313,120,0.091394,-0.011103,-0.29592,0.33333,0.032609,0.043712,52,-0.028371,68,0.0021026,2022,-0.10436,0.6,-0.036081,-0.061059,True,False,21:-0.145(6.0) 22:-0.104(16.0) 23:+0.036(30.0) 24:+0.035(26.0) 25:+0.023(21.0) 26:-0.060(21.0),2021-10-15,2026-10-05,0,,,,,,,-1.3323,20.117,-1.4753,15.881,0.14298,4.2363,-4.3297
rb,ADAUSD,crypto,False,us_cash,M5,5,RB,0,False,False,M5,1313,723,0.55065,-0.12607,-4.7947,0.36515,-0.0056752,0.12039,322,-0.16625,401,-0.093806,2022,-0.19608,0.16667,-0.11903,-0.11199,False,False,21:+0.004(38.0) 22:-0.196(141.0) 23:-0.182(143.0) 24:-0.164(158.0) 25:-0.063(132.0) 26:-0.030(111.0),2021-09-20,2026-10-08,,478,-0.05827,245,-0.25835,0,,-91.149,372.38,-53.533,152.87,-37.616,219.5,-86.057
dt,ADAUSD,crypto,False,us_cash,M15,15,k=0.3,0.3,False,False,M5,1313,586,0.44631,-0.033485,-1.2773,0.39761,0.051317,0.084802,270,-0.060117,316,-0.01073,2022,-0.10587,0.16667,-0.077626,-0.12177,True,False,21:-0.061(33.0) 22:-0.106(116.0) 23:-0.016(121.0) 24:-0.037(111.0) 25:+0.013(117.0) 26:-0.009(88.0),2021-09-24,2026-10-08,0.0017065,,,,,,,-19.622,236.26,-16.231,142.85,-3.3906,93.403,-45.489
dt,ADAUSD,crypto,False,us_cash,M15,15,k=0.5,0.5,False,False,M5,1313,239,0.18203,-0.0088484,-0.28889,0.39749,0.048355,0.057203,107,-0.039814,132,0.016253,2022,-0.11995,0.66667,-0.046303,-0.083758,True,False,21:-0.060(12.0) 22:-0.120(40.0) 23:+0.023(55.0) 24:+0.016(49.0) 25:+0.029(47.0) 26:+0.000(36.0),2021-09-28,2026-10-08,0,,,,,,,-2.1148,53.383,-4.2601,38.008,2.1454,15.375,-11.066
dt,ADAUSD,crypto,False,us_cash,M15,15,k=0.7,0.7,False,False,M5,1313,120,0.091394,-0.011247,-0.29978,0.33333,0.032609,0.043856,52,-0.02866,68,0.0020682,2022,-0.10536,0.6,-0.036226,-0.061204,True,False,21:-0.145(6.0) 22:-0.105(16.0) 23:+0.036(30.0) 24:+0.035(26.0) 25:+0.023(21.0) 26:-0.060(21.0),2021-10-15,2026-10-05,0,,,,,,,-1.3497,20.117,-1.4903,15.882,0.14064,4.235,-4.3471
rb,ADAUSD,crypto,False,us_cash,M15,15,RB,0,False,False,M5,1313,721,0.54912,-0.12859,-4.9111,0.36477,-0.0082632,0.12032,320,-0.17056,401,-0.095094,2022,-0.21507,0.16667,-0.11829,-0.10799,False,False,21:+0.006(38.0) 22:-0.215(140.0) 23:-0.174(142.0) 24:-0.166(158.0) 25:-0.065(132.0) 26:-0.031(111.0),2021-09-20,2026-10-08,,478,-0.062282,242,-0.25518,1,-1.1873,-92.711,367.8,-54.578,148.8,-38.133,219.01,-85.287
dt,ADAUSD,crypto,False,us_cash,M30,30,k=0.3,0.3,False,False,M5,1313,586,0.44631,-0.034204,-1.3047,0.3959,0.050708,0.084912,270,-0.061658,316,-0.010746,2022,-0.1064,0.16667,-0.077736,-0.12127,True,False,21:-0.061(33.0) 22:-0.106(116.0) 23:-0.019(121.0) 24:-0.037(111.0) 25:+0.013(117.0) 26:-0.009(88.0),2021-09-24,2026-10-08,0.0017065,,,,,,,-20.044,236.31,-16.648,142.91,-3.3959,93.4,-45.553
dt,ADAUSD,crypto,False,us_cash,M30,30,k=0.5,0.5,False,False,M5,1313,239,0.18203,-0.0087327,-0.28514,0.40167,0.048491,0.057224,107,-0.039524,132,0.016227,2022,-0.11993,0.66667,-0.046323,-0.083914,True,False,21:-0.058(12.0) 22:-0.120(40.0) 23:+0.023(55.0) 24:+0.016(49.0) 25:+0.029(47.0) 26:+0.000(36.0),2021-09-28,2026-10-08,0,,,,,,,-2.0871,53.369,-4.2291,37.995,2.142,15.374,-11.071
dt,ADAUSD,crypto,False,us_cash,M30,30,k=0.7,0.7,False,False,M5,1313,120,0.091394,-0.011275,-0.30054,0.33333,0.032609,0.043884,52,-0.028723,68,0.0020675,2022,-0.10554,0.6,-0.036253,-0.061231,True,False,21:-0.145(6.0) 22:-0.106(16.0) 23:+0.036(30.0) 24:+0.035(26.0) 25:+0.023(21.0) 26:-0.060(21.0),2021-10-15,2026-10-05,0,,,,,,,-1.353,20.113,-1.4936,15.879,0.14059,4.2332,-4.3504
rb,ADAUSD,crypto,False,us_cash,M30,30,RB,0,False,False,M5,1313,717,0.54608,-0.1305,-4.9651,0.36402,-0.0098401,0.12066,318,-0.17741,399,-0.093107,2022,-0.22566,0.16667,-0.11752,-0.10454,False,False,21:+0.007(38.0) 22:-0.226(140.0) 23:-0.179(140.0) 24:-0.164(157.0) 25:-0.059(131.0) 26:-0.034(111.0),2021-09-20,2026-10-08,,477,-0.062251,239,-0.26228,1,-1.1873,-93.567,366.85,-56.417,150.76,-37.15,216.08,-84.26
dt,ADAUSD,crypto,False,us_cash,H1,60,k=0.3,0.3,False,True,M5,1313,561,0.42727,-0.041336,-1.5551,0.37968,0.043733,0.085069,257,-0.081121,304,-0.007701,2022,-0.10503,0.33333,-0.078965,-0.11659,True,False,21:-0.083(31.0) 22:-0.105(109.0) 23:-0.058(117.0) 24:-0.035(106.0) 25:+0.009(112.0) 26:+0.005(86.0),2021-09-24,2026-10-08,0.0071301,,,,,,,-23.189,222.93,-20.848,136.37,-2.3411,86.56,-44.299
dt,ADAUSD,crypto,False,us_cash,H1,60,k=0.5,0.5,False,True,M5,1313,226,0.17212,-0.011446,-0.35956,0.40265,0.045325,0.056771,99,-0.050186,127,0.018753,2022,-0.1248,0.66667,-0.045328,-0.079209,True,False,21:-0.064(12.0) 22:-0.125(39.0) 23:+0.014(48.0) 24:+0.009(46.0) 25:+0.036(45.0) 26:+0.011(36.0),2021-09-28,2026-10-08,0,,,,,,,-2.5868,51.558,-4.9684,37.096,2.3816,14.462,-10.244
dt,ADAUSD,crypto,False,us_cash,H1,60,k=0.7,0.7,False,True,M5,1313,110,0.083778,-0.016705,-0.41083,0.30909,0.028191,0.044897,49,-0.046733,61,0.007415,2022,-0.10662,0.6,-0.036666,-0.056627,True,False,21:-0.159(5.0) 22:-0.107(15.0) 23:+0.004(29.0) 24:+0.030(21.0) 25:+0.038(20.0) 26:-0.046(20.0),2021-10-15,2026-10-05,0,,,,,,,-1.8376,19.855,-2.2899,15.919,0.45231,3.9359,-4.0333
rb,ADAUSD,crypto,False,us_cash,H1,60,RB,0,False,True,M5,1313,697,0.53085,-0.14168,-5.9221,0.36155,-0.027224,0.11445,309,-0.14962,388,-0.13535,2023,-0.16802,0,-0.11573,-0.089784,False,False,21:-0.019(37.0) 22:-0.167(138.0) 23:-0.168(134.0) 24:-0.164(153.0) 25:-0.155(125.0) 26:-0.073(110.0),2021-09-20,2026-10-08,,470,-0.063799,225,-0.29428,2,-1.2744,-98.748,291.63,-46.232,128.65,-52.516,162.98,-80.664
dt,ADAUSD,crypto,False,london24,M5,5,k=0.3,0.3,False,False,M5,1723,1133,0.65757,-0.084552,-4.7953,0.38747,0.0025537,0.087105,535,-0.1446,598,-0.03083,2023,-0.19394,0.33333,-0.096148,-0.10774,True,False,21:+0.080(46.0) 22:-0.135(234.0) 23:-0.194(255.0) 24:-0.090(219.0) 25:-0.004(207.0) 26:+0.012(172.0),2021-09-22,2026-10-08,0.0017652,,,,,,,-95.797,406.84,-77.36,179.96,-18.436,226.88,-108.94
dt,ADAUSD,crypto,False,london24,M5,5,k=0.5,0.5,False,False,M5,1723,515,0.2989,-0.060973,-3.4716,0.39806,-0.0041633,0.05681,235,-0.1039,280,-0.024948,2023,-0.14049,0.5,-0.065285,-0.069596,True,False,21:+0.090(20.0) 22:-0.102(104.0) 23:-0.140(111.0) 24:-0.098(101.0) 25:+0.028(91.0) 26:+0.004(88.0),2021-09-24,2026-10-08,0.0019417,,,,,,,-31.401,83.572,-24.416,35.456,-6.9856,48.117,-33.622
dt,ADAUSD,crypto,False,london24,M5,5,k=0.7,0.7,False,False,M5,1723,265,0.1538,-0.067102,-3.6157,0.35094,-0.021403,0.045699,119,-0.11168,146,-0.030771,2023,-0.14231,0.33333,-0.052458,-0.037815,False,False,21:-0.024(16.0) 22:-0.106(48.0) 23:-0.142(55.0) 24:-0.101(51.0) 25:+0.006(51.0) 26:+0.008(44.0),2021-09-24,2026-10-05,0,,,,,,,-17.782,25.288,-13.29,10.202,-4.4925,15.086,-13.901
rb,ADAUSD,crypto,False,london24,M5,5,RB,0,False,False,M5,1723,664,0.38537,-0.12008,-4.3612,0.37048,-0.0054642,0.11462,314,-0.14653,350,-0.096356,2023,-0.1965,0.16667,-0.11896,-0.11784,False,False,21:+0.044(37.0) 22:-0.147(137.0) 23:-0.197(140.0) 24:-0.111(136.0) 25:-0.022(119.0) 26:-0.169(95.0),2021-09-20,2026-10-07,,363,-0.051633,301,-0.20263,0,,-79.734,343.33,-46.009,165.06,-33.725,178.26,-78.99
dt,ADAUSD,crypto,False,london24,M15,15,k=0.3,0.3,False,False,M5,1723,1132,0.65699,-0.083995,-4.7652,0.38781,0.0034452,0.08744,534,-0.1435,598,-0.030855,2023,-0.19042,0.33333,-0.096491,-0.10899,True,False,21:+0.080(46.0) 22:-0.136(234.0) 23:-0.190(254.0) 24:-0.090(219.0) 25:-0.004(207.0) 26:+0.012(172.0),2021-09-22,2026-10-08,0.0035336,,,,,,,-95.082,405.78,-76.631,178.9,-18.451,226.87,-109.23
dt,ADAUSD,crypto,False,london24,M15,15,k=0.5,0.5,False,False,M5,1723,514,0.29832,-0.059777,-3.4079,0.39494,-0.0027274,0.05705,234,-0.10142,280,-0.024972,2023,-0.13455,0.5,-0.065541,-0.071304,True,False,21:+0.089(20.0) 22:-0.103(104.0) 23:-0.135(110.0) 24:-0.098(101.0) 25:+0.028(91.0) 26:+0.004(88.0),2021-09-24,2026-10-08,0.0038911,,,,,,,-30.725,82.967,-23.733,34.84,-6.9923,48.127,-33.688
dt,ADAUSD,crypto,False,london24,M15,15,k=0.7,0.7,False,False,M5,1723,265,0.1538,-0.067222,-3.6202,0.35094,-0.021403,0.045819,119,-0.11191,146,-0.030796,2023,-0.14234,0.33333,-0.052578,-0.037934,False,False,21:-0.024(16.0) 22:-0.106(48.0) 23:-0.142(55.0) 24:-0.101(51.0) 25:+0.006(51.0) 26:+0.008(44.0),2021-09-24,2026-10-05,0,,,,,,,-17.814,25.319,-13.318,10.23,-4.4962,15.089,-13.933
rb,ADAUSD,crypto,False,london24,M15,15,RB,0,False,False,M5,1723,662,0.38421,-0.11697,-4.2226,0.37311,-0.0021441,0.11482,314,-0.14727,348,-0.089629,2023,-0.19672,0.16667,-0.11777,-0.11856,True,False,21:+0.044(37.0) 22:-0.148(137.0) 23:-0.197(140.0) 24:-0.111(136.0) 25:-0.005(118.0) 26:-0.165(94.0),2021-09-20,2026-10-07,,362,-0.05039,300,-0.1973,0,,-77.432,344.81,-46.242,165.06,-31.191,179.75,-77.961
dt,ADAUSD,crypto,False,london24,M30,30,k=0.3,0.3,False,False,M5,1723,1131,0.65641,-0.083199,-4.7217,0.38904,0.0043449,0.087543,533,-0.14191,598,-0.030872,2023,-0.19039,0.33333,-0.096602,-0.11001,True,False,21:+0.080(46.0) 22:-0.133(233.0) 23:-0.190(254.0) 24:-0.090(219.0) 25:-0.004(207.0) 26:+0.012(172.0),2021-09-22,2026-10-08,0.0044209,,,,,,,-94.098,404.63,-75.636,177.75,-18.462,226.88,-109.26
dt,ADAUSD,crypto,False,london24,M30,30,k=0.5,0.5,False,False,M5,1723,514,0.29832,-0.059866,-3.4129,0.39494,-0.0027274,0.057139,234,-0.10159,280,-0.024996,2023,-0.13454,0.5,-0.06563,-0.071393,True,False,21:+0.089(20.0) 22:-0.103(104.0) 23:-0.135(110.0) 24:-0.098(101.0) 25:+0.028(91.0) 26:+0.004(88.0),2021-09-24,2026-10-08,0.0038911,,,,,,,-30.771,82.976,-23.772,34.847,-6.9989,48.129,-33.734
dt,ADAUSD,crypto,False,london24,M30,30,k=0.7,0.7,False,False,M5,1723,265,0.1538,-0.067266,-3.6221,0.35094,-0.021403,0.045864,119,-0.11199,146,-0.030816,2023,-0.14232,0.33333,-0.052623,-0.037979,False,False,21:-0.024(16.0) 22:-0.107(48.0) 23:-0.142(55.0) 24:-0.101(51.0) 25:+0.006(51.0) 26:+0.008(44.0),2021-09-24,2026-10-05,0,,,,,,,-17.826,25.327,-13.326,10.236,-4.4991,15.091,-13.945
rb,ADAUSD,crypto,False,london24,M30,30,RB,0,False,False,M5,1723,660,0.38305,-0.1251,-4.5165,0.36818,-0.010308,0.11479,314,-0.14749,346,-0.10478,2023,-0.19605,0.16667,-0.11861,-0.11213,False,False,21:+0.044(37.0) 22:-0.150(137.0) 23:-0.196(140.0) 24:-0.115(134.0) 25:-0.046(118.0) 26:-0.164(94.0),2021-09-20,2026-10-07,,362,-0.050606,298,-0.21559,0,,-82.564,344,-46.312,165.08,-36.252,178.92,-78.285
dt,ADAUSD,crypto,False,london24,H1,60,k=0.3,0.3,False,True,M5,1723,1086,0.6303,-0.090804,-5.4177,0.39319,-0.0025938,0.08821,519,-0.13927,567,-0.046444,2023,-0.19251,0.16667,-0.098603,-0.1064,True,False,21:+0.090(44.0) 22:-0.127(231.0) 23:-0.193(244.0) 24:-0.099(210.0) 25:-0.016(193.0) 26:-0.015(164.0),2021-09-22,2026-10-07,0.0055249,,,,,,,-98.613,339.96,-72.279,161.57,-26.334,178.39,-107.08
dt,ADAUSD,crypto,False,london24,H1,60,k=0.5,0.5,False,True,M5,1723,488,0.28323,-0.068502,-4.2217,0.38525,-0.011204,0.057298,221,-0.09822,267,-0.043904,2023,-0.13162,0.33333,-0.067294,-0.066087,False,False,21:+0.095(20.0) 22:-0.103(99.0) 23:-0.132(102.0) 24:-0.101(94.0) 25:+0.004(88.0) 26:-0.031(85.0),2021-09-24,2026-10-07,0.0040984,,,,,,,-33.429,64.861,-21.707,30.086,-11.722,34.775,-32.84
dt,ADAUSD,crypto,False,london24,H1,60,k=0.7,0.7,False,True,M5,1723,246,0.14277,-0.074042,-4.4065,0.3374,-0.027067,0.046975,115,-0.10375,131,-0.047965,2023,-0.12926,0,-0.056434,-0.038826,False,False,21:-0.014(15.0) 22:-0.104(47.0) 23:-0.129(53.0) 24:-0.092(46.0) 25:-0.027(49.0) 26:-0.019(36.0),2021-09-24,2026-10-05,0,,,,,,,-18.214,18.365,-11.931,8.7435,-6.2835,9.6214,-13.883
rb,ADAUSD,crypto,False,london24,H1,60,RB,0,False,True,M5,1723,622,0.361,-0.15178,-5.4483,0.36817,-0.035611,0.11617,295,-0.16836,327,-0.13682,2026,-0.2331,0,-0.12729,-0.10281,False,False,21:-0.028(36.0) 22:-0.158(129.0) 23:-0.217(130.0) 24:-0.131(128.0) 25:-0.067(111.0) 26:-0.233(88.0),2021-09-20,2026-10-07,,340,-0.056031,281,-0.2643,1,-1.0888,-94.407,314.1,-49.667,160.85,-44.74,153.24,-79.176
dt,AMD,stock,True,us_cash,M5,5,k=0.3,0.3,False,False,M5,1405,853,0.60712,0.017974,0.96205,0.52521,0.019982,0.0020084,458,0.084088,395,-0.058685,2025,-0.11384,0.57143,-0.010479,-0.038933,True,False,20:-0.031(21.0) 21:+0.098(141.0) 22:+0.089(143.0) 23:+0.083(153.0) 24:+0.004(135.0) 25:-0.114(148.0) 26:-0.061(112.0),2020-11-09,2026-10-08,0.0011723,,,,,,,15.332,253.95,38.512,134.94,-23.18,119.01,-8.939
dt,AMD,stock,True,us_cash,M5,5,k=0.5,0.5,False,False,M5,1405,373,0.26548,0.0053319,0.29015,0.53351,0.0065148,0.0011829,202,0.052358,171,-0.050219,2020,-0.12081,0.42857,-0.001243,-0.0078179,True,False,20:-0.121(12.0) 21:+0.072(66.0) 22:+0.093(58.0) 23:+0.028(66.0) 24:-0.058(74.0) 25:-0.014(53.0) 26:-0.081(44.0),2020-11-10,2026-10-08,0,,,,,,,1.9888,46.869,10.576,24.124,-8.5874,22.744,-0.46363
dt,AMD,stock,True,us_cash,M5,5,k=0.7,0.7,False,False,M5,1405,176,0.12527,-0.028744,-1.3409,0.42614,-0.02777,0.00097356,105,-0.014543,71,-0.049745,2026,-0.10737,0.33333,-0.0014398,0.025864,False,False,20:-0.276(6.0) 21:-0.032(36.0) 22:+0.016(31.0) 23:+0.024(32.0) 24:-0.033(27.0) 25:-0.013(22.0) 26:-0.107(22.0),2020-11-19,2026-10-08,0,,,,,,,-5.0589,14.297,-1.527,8.2081,-3.5319,6.089,-0.25341
rb,AMD,stock,True,us_cash,M5,5,RB,0,False,False,M5,1405,616,0.43843,-0.06231,-2.2964,0.44968,-0.059118,0.0031925,269,0.0075056,347,-0.11643,2020,-0.26525,0.42857,-0.010215,0.041879,False,False,20:-0.265(17.0) 21:+0.099(75.0) 22:-0.015(84.0) 23:+0.004(93.0) 24:+0.075(105.0) 25:-0.249(142.0) 26:-0.129(100.0),2020-11-04,2026-10-08,,343,-0.051302,273,-0.076141,0,,-38.383,281.31,2.019,96.587,-40.402,184.72,-6.2926
dt,AMD,stock,True,us_cash,M15,15,k=0.3,0.3,False,False,M5,1405,852,0.60641,0.019279,1.0379,0.52582,0.021329,0.0020504,458,0.084097,394,-0.056068,2025,-0.10478,0.57143,-0.010912,-0.041103,True,False,20:-0.031(21.0) 21:+0.098(141.0) 22:+0.089(143.0) 23:+0.083(153.0) 24:+0.002(135.0) 25:-0.105(147.0) 26:-0.062(112.0),2020-11-09,2026-10-08,0.0023474,,,,,,,16.426,250.46,38.516,134.94,-22.091,115.52,-9.2972
dt,AMD,stock,True,us_cash,M15,15,k=0.5,0.5,False,False,M5,1405,373,0.26548,0.0051892,0.28273,0.53351,0.0063972,0.0012079,202,0.052358,171,-0.05053,2020,-0.12081,0.42857,-0.0013857,-0.0079606,True,False,20:-0.121(12.0) 21:+0.072(66.0) 22:+0.093(58.0) 23:+0.028(66.0) 24:-0.059(74.0) 25:-0.014(53.0) 26:-0.081(44.0),2020-11-10,2026-10-08,0.002681,,,,,,,1.9356,46.752,10.576,24.124,-8.6407,22.627,-0.51685
dt,AMD,stock,True,us_cash,M15,15,k=0.7,0.7,False,False,M5,1405,176,0.12527,-0.028742,-1.3409,0.42614,-0.02777,0.0009716,105,-0.014543,71,-0.04974,2026,-0.10736,0.33333,-0.0014378,0.025866,False,False,20:-0.276(6.0) 21:-0.032(36.0) 22:+0.016(31.0) 23:+0.024(32.0) 24:-0.033(27.0) 25:-0.013(22.0) 26:-0.107(22.0),2020-11-19,2026-10-08,0,,,,,,,-5.0585,14.297,-1.527,8.2081,-3.5315,6.0887,-0.25306
rb,AMD,stock,True,us_cash,M15,15,RB,0,False,False,M5,1405,616,0.43843,-0.076408,-2.8603,0.44481,-0.073158,0.0032492,269,-0.0018662,347,-0.13419,2025,-0.26677,0.28571,-0.011471,0.053465,False,False,20:-0.265(17.0) 21:+0.099(75.0) 22:-0.016(84.0) 23:-0.023(93.0) 24:+0.040(105.0) 25:-0.267(142.0) 26:-0.129(100.0),2020-11-04,2026-10-08,,343,-0.05134,271,-0.10106,2,-1.0355,-47.067,273.93,-0.50201,97.174,-46.565,176.76,-7.0663
dt,AMD,stock,True,us_cash,M30,30,k=0.3,0.3,False,False,M5,1405,850,0.60498,0.018511,0.99325,0.52588,0.020588,0.0020768,458,0.083978,392,-0.057978,2025,-0.10407,0.57143,-0.0093008,-0.037113,True,False,20:-0.031(21.0) 21:+0.098(141.0) 22:+0.089(143.0) 23:+0.082(153.0) 24:+0.002(135.0) 25:-0.104(145.0) 26:-0.070(112.0),2020-11-09,2026-10-08,0.014118,,,,,,,15.735,250.95,38.462,134.78,-22.727,116.17,-7.9057
dt,AMD,stock,True,us_cash,M30,30,k=0.5,0.5,False,False,M5,1405,372,0.26477,0.0076058,0.41728,0.53495,0.0088166,0.0012108,202,0.052358,170,-0.04557,2020,-0.12081,0.42857,-0.001389,-0.010384,True,False,20:-0.121(12.0) 21:+0.072(66.0) 22:+0.093(58.0) 23:+0.028(66.0) 24:-0.059(74.0) 25:-0.014(53.0) 26:-0.062(43.0),2020-11-10,2026-10-08,0.0080645,,,,,,,2.8294,45.872,10.576,24.124,-7.7469,21.747,-0.5167
dt,AMD,stock,True,us_cash,M30,30,k=0.7,0.7,False,False,M5,1405,176,0.12527,-0.028741,-1.3409,0.42614,-0.02777,0.00097102,105,-0.014543,71,-0.049738,2026,-0.10735,0.33333,-0.0014373,0.025867,False,False,20:-0.276(6.0) 21:-0.032(36.0) 22:+0.016(31.0) 23:+0.024(32.0) 24:-0.033(27.0) 25:-0.013(22.0) 26:-0.107(22.0),2020-11-19,2026-10-08,0,,,,,,,-5.0584,14.296,-1.527,8.2081,-3.5314,6.0876,-0.25296
rb,AMD,stock,True,us_cash,M30,30,RB,0,False,False,M5,1405,612,0.43559,-0.096156,-3.757,0.44444,-0.093098,0.0030576,267,-0.030669,345,-0.14684,2020,-0.29442,0.28571,-0.013728,0.068699,False,False,20:-0.294(17.0) 21:+0.003(75.0) 22:-0.019(82.0) 23:-0.020(93.0) 24:+0.026(105.0) 25:-0.268(142.0) 26:-0.157(98.0),2020-11-04,2026-10-08,,342,-0.065105,268,-0.12901,2,-1.0033,-58.847,250.6,-8.1887,92.82,-50.658,157.78,-8.4016
dt,AMD,stock,True,us_cash,H1,60,k=0.3,0.3,False,True,M5,1405,817,0.58149,0.029304,1.5602,0.52509,0.031411,0.0021067,442,0.090251,375,-0.042532,2025,-0.089933,0.57143,-0.0069984,-0.043301,True,False,20:-0.023(21.0) 21:+0.103(136.0) 22:+0.094(136.0) 23:+0.091(149.0) 24:+0.005(130.0) 25:-0.090(139.0) 26:-0.038(106.0),2020-11-09,2026-10-08,0.022032,,,,,,,23.942,235.89,39.891,131.67,-15.95,104.22,-5.7177
dt,AMD,stock,True,us_cash,H1,60,k=0.5,0.5,False,True,M5,1405,357,0.25409,0.014072,0.7621,0.52381,0.015305,0.0012328,195,0.057079,162,-0.037696,2020,-0.11071,0.42857,-0.0010379,-0.016148,True,False,20:-0.111(11.0) 21:+0.066(64.0) 22:+0.107(56.0) 23:+0.033(64.0) 24:-0.053(69.0) 25:-0.009(50.0) 26:-0.047(43.0),2020-11-10,2026-10-08,0.0084034,,,,,,,5.0237,43.402,11.13,24.478,-6.1068,18.924,-0.37054
dt,AMD,stock,True,us_cash,H1,60,k=0.7,0.7,False,True,M5,1405,164,0.11673,-0.018928,-0.82114,0.47561,-0.017949,0.00097938,97,-0.00080712,67,-0.045163,2026,-0.1016,0.33333,-0.00092286,0.017083,False,False,20:-0.301(6.0) 21:-0.023(33.0) 22:+0.042(27.0) 23:+0.044(31.0) 24:-0.039(25.0) 25:-0.001(22.0) 26:-0.102(20.0),2020-11-19,2026-10-08,0,,,,,,,-3.1042,14.263,-0.07829,8.2838,-3.026,5.9792,-0.15135
rb,AMD,stock,True,us_cash,H1,60,RB,0,False,True,M5,1405,586,0.41708,-0.097433,-4.001,0.44539,-0.094539,0.0028938,256,-0.053938,330,-0.13117,2020,-0.34792,0,-0.016179,0.065076,False,False,20:-0.348(16.0) 21:-0.007(70.0) 22:-0.057(77.0) 23:-0.036(93.0) 24:-0.024(97.0) 25:-0.222(139.0) 26:-0.107(94.0),2020-11-04,2026-10-08,,333,-0.074947,251,-0.12004,2,-1.0042,-57.096,208.86,-13.808,84.065,-43.288,124.8,-9.4807
dt,AMZN,stock,False,us_cash,M5,5,k=0.3,0.3,False,False,M5,1285,869,0.67626,-0.0023925,-0.13002,0.49252,0.012321,0.014713,415,0.025459,454,-0.027852,2025,-0.081635,0.5,-0.013786,-0.025179,True,False,21:+0.062(70.0) 22:+0.082(150.0) 23:-0.031(195.0) 24:-0.005(171.0) 25:-0.082(163.0) 26:+0.013(120.0),2021-08-06,2026-10-08,0,,,,,,,-2.079,255.42,10.566,117,-12.645,138.42,-11.98
dt,AMZN,stock,False,us_cash,M5,5,k=0.5,0.5,False,False,M5,1285,357,0.27782,0.0099104,0.55032,0.47059,0.019698,0.0097872,167,0.042653,190,-0.018869,2025,-0.034482,0.5,-0.0084946,-0.0269,True,False,21:+0.088(27.0) 22:+0.020(68.0) 23:+0.047(72.0) 24:-0.017(76.0) 25:-0.034(59.0) 26:-0.005(55.0),2021-08-06,2026-10-08,0,,,,,,,3.538,41.251,7.123,15.49,-3.585,25.762,-3.0326
dt,AMZN,stock,False,us_cash,M5,5,k=0.7,0.7,False,False,M5,1285,155,0.12062,-0.0033065,-0.14446,0.44516,0.0045264,0.007833,78,0.0087263,77,-0.015496,2025,-0.044204,0.5,-0.0049595,-0.0066124,True,False,21:+0.054(12.0) 22:+0.038(27.0) 23:-0.026(39.0) 24:+0.028(29.0) 25:-0.044(26.0) 26:-0.039(22.0),2021-08-11,2026-10-01,0,,,,,,,-0.51251,12.506,0.68065,4.227,-1.1932,8.2795,-0.76872
rb,AMZN,stock,False,us_cash,M5,5,RB,0,False,False,M5,1285,492,0.38288,-0.031857,-1.0447,0.44919,-0.010666,0.021191,196,0.0022052,296,-0.054411,2022,-0.10082,0.33333,-0.01741,-0.0029627,False,False,21:+0.219(26.0) 22:-0.101(84.0) 23:+0.037(86.0) 24:-0.047(100.0) 25:-0.056(112.0) 26:-0.061(84.0),2021-08-10,2026-09-30,,274,-0.047167,218,-0.012614,0,,-15.674,225.14,0.43222,106.41,-16.106,118.73,-8.5656
dt,AMZN,stock,False,us_cash,M15,15,k=0.3,0.3,False,False,M5,1285,869,0.67626,-0.0027149,-0.14757,0.49252,0.01208,0.014794,415,0.025324,454,-0.028345,2025,-0.081611,0.5,-0.013498,-0.024282,True,False,21:+0.062(70.0) 22:+0.082(150.0) 23:-0.031(195.0) 24:-0.007(171.0) 25:-0.082(163.0) 26:+0.013(120.0),2021-08-06,2026-10-08,0.0011507,,,,,,,-2.3593,255.32,10.509,117.01,-12.869,138.31,-11.73
dt,AMZN,stock,False,us_cash,M15,15,k=0.5,0.5,False,False,M5,1285,357,0.27782,0.0099113,0.55042,0.47059,0.019718,0.0098067,167,0.042625,190,-0.018842,2025,-0.03438,0.5,-0.008514,-0.026939,True,False,21:+0.087(27.0) 22:+0.020(68.0) 23:+0.047(72.0) 24:-0.017(76.0) 25:-0.034(59.0) 26:-0.005(55.0),2021-08-06,2026-10-08,0,,,,,,,3.5383,41.245,7.1183,15.481,-3.58,25.764,-3.0395
dt,AMZN,stock,False,us_cash,M15,15,k=0.7,0.7,False,False,M5,1285,155,0.12062,-0.0032968,-0.14404,0.44516,0.0045275,0.0078243,78,0.0087503,77,-0.0155,2025,-0.044113,0.5,-0.0049508,-0.0066048,True,False,21:+0.055(12.0) 22:+0.038(27.0) 23:-0.026(39.0) 24:+0.028(29.0) 25:-0.044(26.0) 26:-0.039(22.0),2021-08-11,2026-10-01,0,,,,,,,-0.511,12.507,0.68252,4.2268,-1.1935,8.2802,-0.76737
rb,AMZN,stock,False,us_cash,M15,15,RB,0,False,False,M5,1285,491,0.3821,-0.039309,-1.3361,0.44603,-0.018377,0.020932,196,0.010478,295,-0.072387,2022,-0.098575,0.33333,-0.017256,0.0047964,False,False,21:+0.277(26.0) 22:-0.099(84.0) 23:+0.037(86.0) 24:-0.048(100.0) 25:-0.098(112.0) 26:-0.067(83.0),2021-08-10,2026-09-30,,274,-0.055453,216,-0.014011,1,-1.0803,-19.301,209,2.0536,102.87,-21.354,106.13,-8.4728
dt,AMZN,stock,False,us_cash,M30,30,k=0.3,0.3,False,False,M5,1285,869,0.67626,-0.003485,-0.18938,0.49022,0.011358,0.014843,415,0.025213,454,-0.029718,2025,-0.081661,0.5,-0.013547,-0.023609,True,False,21:+0.062(70.0) 22:+0.082(150.0) 23:-0.032(195.0) 24:-0.010(171.0) 25:-0.082(163.0) 26:+0.013(120.0),2021-08-06,2026-10-08,0.0034522,,,,,,,-3.0284,255.44,10.464,117.01,-13.492,138.43,-11.772
dt,AMZN,stock,False,us_cash,M30,30,k=0.5,0.5,False,False,M5,1285,357,0.27782,0.0099028,0.54996,0.47059,0.019726,0.0098227,167,0.042599,190,-0.018835,2025,-0.034357,0.5,-0.0085301,-0.026963,True,False,21:+0.087(27.0) 22:+0.020(68.0) 23:+0.047(72.0) 24:-0.017(76.0) 25:-0.034(59.0) 26:-0.005(55.0),2021-08-06,2026-10-08,0,,,,,,,3.5353,41.242,7.114,15.48,-3.5787,25.762,-3.0452
dt,AMZN,stock,False,us_cash,M30,30,k=0.7,0.7,False,False,M5,1285,155,0.12062,-0.0032931,-0.14389,0.44516,0.0045275,0.0078206,78,0.0087602,77,-0.015503,2025,-0.044083,0.5,-0.0049471,-0.0066011,True,False,21:+0.055(12.0) 22:+0.038(27.0) 23:-0.026(39.0) 24:+0.028(29.0) 25:-0.044(26.0) 26:-0.039(22.0),2021-08-11,2026-10-01,0,,,,,,,-0.51043,12.504,0.68329,4.2254,-1.1937,8.2786,-0.7668
rb,AMZN,stock,False,us_cash,M30,30,RB,0,False,False,M5,1285,488,0.37977,-0.041167,-1.4172,0.44262,-0.020725,0.020442,194,0.0054263,294,-0.071912,2025,-0.1153,0.33333,-0.012799,0.015569,False,False,21:+0.216(26.0) 22:-0.083(82.0) 23:+0.026(86.0) 24:-0.028(100.0) 25:-0.115(111.0) 26:-0.067(83.0),2021-08-10,2026-09-30,,274,-0.057101,213,-0.015868,1,-1.0639,-20.089,201.36,1.0527,97.131,-21.142,104.23,-6.246
dt,AMZN,stock,False,us_cash,H1,60,k=0.3,0.3,False,True,M5,1285,834,0.64903,-0.0052704,-0.30118,0.48201,0.0096069,0.014877,399,0.023595,435,-0.031747,2025,-0.074269,0.33333,-0.01572,-0.02617,True,False,21:+0.073(67.0) 22:+0.079(142.0) 23:-0.035(190.0) 24:-0.002(165.0) 25:-0.074(154.0) 26:-0.018(116.0),2021-08-06,2026-10-08,0.013189,,,,,,,-4.3955,212.76,9.4143,106.48,-13.81,106.28,-13.111
dt,AMZN,stock,False,us_cash,H1,60,k=0.5,0.5,False,True,M5,1285,331,0.25759,0.0070909,0.40848,0.45921,0.01719,0.010099,153,0.047008,178,-0.02722,2026,-0.041371,0.5,-0.010613,-0.028317,True,False,21:+0.120(24.0) 22:+0.013(61.0) 23:+0.052(68.0) 24:-0.007(71.0) 25:-0.040(57.0) 26:-0.041(50.0),2021-08-06,2026-10-08,0.0030211,,,,,,,2.3471,32.932,7.1923,14.213,-4.8452,18.72,-3.513
dt,AMZN,stock,False,us_cash,H1,60,k=0.7,0.7,False,True,M5,1285,146,0.11362,-0.011547,-0.54769,0.4589,-0.0035335,0.0080139,73,0.010427,73,-0.033521,2026,-0.10127,0.5,-0.0066206,-0.0016938,False,False,21:+0.093(12.0) 22:+0.031(23.0) 23:-0.028(38.0) 24:+0.038(27.0) 25:-0.054(25.0) 26:-0.101(21.0),2021-08-11,2026-10-01,0.0068493,,,,,,,-1.6859,9.43,0.76114,3.8316,-2.4471,5.5984,-0.9666
rb,AMZN,stock,False,us_cash,H1,60,RB,0,False,True,M5,1285,455,0.35409,-0.059948,-2.2703,0.42637,-0.040366,0.019582,185,-0.0037307,270,-0.098467,2025,-0.15544,0.33333,-0.01436,0.031227,False,False,21:+0.132(26.0) 22:-0.080(77.0) 23:+0.025(82.0) 24:-0.030(89.0) 25:-0.155(104.0) 26:-0.100(77.0),2021-08-10,2026-09-30,,263,-0.05755,189,-0.047447,3,-1.0578,-27.276,145.66,-0.69018,68.072,-26.586,77.589,-6.534
dt,AUDCAD,forex,False,london24,M15,15,k=0.3,0.3,False,False,M15,3048,2404,0.78871,-0.03323,-2.7472,0.46672,0.011262,0.044493,1835,-0.033578,569,-0.032111,2016,-0.082441,0.083333,-0.044787,-0.056343,True,False,15:-0.023(191.0) 16:-0.082(215.0) 17:-0.021(201.0) 18:-0.019(186.0) 19:-0.069(200.0) 20:-0.063(208.0) 21:-0.006(211.0) 22:-0.026(214.0) 23:+0.009(209.0) 24:-0.055(208.0) 25:-0.013(200.0) 26:-0.026(161.0),2015-01-08,2026-10-09,0.0062396,,,,,,,-79.886,847.92,-61.615,648.09,-18.271,199.83,-107.67
dt,AUDCAD,forex,False,london24,M15,15,k=0.5,0.5,False,False,M15,3048,1132,0.37139,-0.035714,-3.0347,0.42491,-0.0063207,0.029393,857,-0.035255,275,-0.037143,2016,-0.11407,0.25,-0.030857,-0.026,False,False,15:-0.030(96.0) 16:-0.114(101.0) 17:+0.003(88.0) 18:+0.001(82.0) 19:-0.061(90.0) 20:-0.060(92.0) 21:-0.037(103.0) 22:+0.010(99.0) 23:-0.022(106.0) 24:-0.053(100.0) 25:-0.035(98.0) 26:-0.019(77.0),2015-01-09,2026-10-09,0.0026502,,,,,,,-40.428,178.76,-30.214,138.22,-10.214,40.535,-34.93
dt,AUDCAD,forex,False,london24,M15,15,k=0.7,0.7,False,False,M15,3048,532,0.17454,-0.027503,-2.1296,0.43609,-0.0054012,0.022102,405,-0.020697,127,-0.04921,2020,-0.086384,0.25,-0.024515,-0.021526,False,False,15:+0.023(42.0) 16:-0.061(43.0) 17:-0.004(47.0) 18:-0.081(49.0) 19:-0.017(36.0) 20:-0.086(41.0) 21:+0.035(50.0) 22:+0.013(52.0) 23:-0.018(45.0) 24:-0.055(43.0) 25:-0.046(47.0) 26:-0.047(37.0),2015-01-09,2026-10-09,0.0018797,,,,,,,-14.632,47.521,-8.3821,35.194,-6.2497,12.327,-13.042
rb,AUDCAD,forex,False,london24,M15,15,RB,0,False,False,M15,3048,880,0.28871,-0.083467,-3.4554,0.42955,-0.022303,0.061164,666,-0.061328,214,-0.15237,2025,-0.24334,0.16667,-0.06641,-0.049354,False,False,15:-0.093(68.0) 16:-0.084(68.0) 17:-0.089(85.0) 18:-0.188(89.0) 19:-0.213(69.0) 20:+0.029(71.0) 21:+0.242(62.0) 22:-0.032(74.0) 23:-0.057(80.0) 24:-0.107(66.0) 25:-0.243(82.0) 26:-0.085(66.0),2015-01-09,2026-10-09,,423,-0.075183,454,-0.083972,3,-1.1751,-73.451,457.46,-40.844,349.67,-32.606,107.79,-58.441
dt,AUDCAD,forex,False,london24,M30,30,k=0.3,0.3,False,False,M15,3048,2402,0.78806,-0.033305,-2.7492,0.46545,0.011309,0.044614,1834,-0.03413,568,-0.030643,2016,-0.083398,0.083333,-0.044931,-0.056556,True,False,15:-0.022(191.0) 16:-0.083(214.0) 17:-0.022(201.0) 18:-0.020(186.0) 19:-0.069(200.0) 20:-0.063(208.0) 21:-0.006(211.0) 22:-0.026(214.0) 23:+0.006(209.0) 24:-0.055(208.0) 25:-0.012(200.0) 26:-0.022(160.0),2015-01-08,2026-10-09,0.0087427,,,,,,,-79.999,849.08,-62.594,650.23,-17.405,198.86,-107.92
dt,AUDCAD,forex,False,london24,M30,30,k=0.5,0.5,False,False,M15,3048,1132,0.37139,-0.035755,-3.0389,0.42314,-0.0063134,0.029442,857,-0.035099,275,-0.037798,2016,-0.11402,0.25,-0.030906,-0.026056,False,False,15:-0.030(96.0) 16:-0.114(101.0) 17:+0.002(88.0) 18:+0.001(82.0) 19:-0.060(90.0) 20:-0.060(92.0) 21:-0.037(103.0) 22:+0.010(99.0) 23:-0.022(106.0) 24:-0.054(100.0) 25:-0.035(98.0) 26:-0.021(77.0),2015-01-09,2026-10-09,0.0026502,,,,,,,-40.475,178.68,-30.08,138.14,-10.394,40.539,-34.985
dt,AUDCAD,forex,False,london24,M30,30,k=0.7,0.7,False,False,M15,3048,532,0.17454,-0.027852,-2.1565,0.43421,-0.0056412,0.022211,405,-0.020886,127,-0.050066,2020,-0.086436,0.25,-0.024623,-0.021394,False,False,15:+0.023(42.0) 16:-0.061(43.0) 17:-0.004(47.0) 18:-0.082(49.0) 19:-0.017(36.0) 20:-0.086(41.0) 21:+0.035(50.0) 22:+0.013(52.0) 23:-0.019(45.0) 24:-0.055(43.0) 25:-0.046(47.0) 26:-0.050(37.0),2015-01-09,2026-10-09,0.0018797,,,,,,,-14.817,47.532,-8.4588,35.211,-6.3583,12.321,-13.099
rb,AUDCAD,forex,False,london24,M30,30,RB,0,False,False,M15,3048,877,0.28773,-0.083571,-3.4321,0.42987,-0.02269,0.060881,663,-0.058089,214,-0.16252,2025,-0.25654,0.16667,-0.065357,-0.047144,False,False,15:-0.065(67.0) 16:-0.115(68.0) 17:-0.112(85.0) 18:-0.194(89.0) 19:-0.151(69.0) 20:+0.022(71.0) 21:+0.256(61.0) 22:-0.038(74.0) 23:-0.044(79.0) 24:-0.107(66.0) 25:-0.257(82.0) 26:-0.101(66.0),2015-01-09,2026-10-09,,423,-0.08981,450,-0.06789,4,-1.1878,-73.292,461.62,-38.513,351.78,-34.779,109.84,-57.318
dt,AUDCAD,forex,False,london24,H1,60,k=0.3,0.3,False,True,M15,3048,2338,0.76706,-0.037419,-3.0802,0.45808,0.0073923,0.044812,1783,-0.038745,555,-0.03316,2019,-0.090533,0.16667,-0.045186,-0.052953,True,False,15:-0.038(187.0) 16:-0.076(210.0) 17:-0.019(190.0) 18:-0.040(183.0) 19:-0.091(193.0) 20:-0.057(202.0) 21:+0.002(201.0) 22:-0.039(210.0) 23:+0.008(207.0) 24:-0.059(201.0) 25:-0.003(195.0) 26:-0.038(159.0),2015-01-08,2026-10-09,0.012831,,,,,,,-87.486,809.62,-69.082,626.52,-18.404,183.11,-105.64
dt,AUDCAD,forex,False,london24,H1,60,k=0.5,0.5,False,True,M15,3048,1090,0.35761,-0.039864,-3.3556,0.4367,-0.010287,0.029577,828,-0.040476,262,-0.037928,2016,-0.10606,0.083333,-0.030336,-0.020808,False,False,15:-0.048(90.0) 16:-0.106(99.0) 17:+0.005(85.0) 18:-0.013(77.0) 19:-0.082(88.0) 20:-0.057(89.0) 21:-0.031(100.0) 22:-0.008(98.0) 23:-0.018(102.0) 24:-0.051(93.0) 25:-0.031(96.0) 26:-0.031(73.0),2015-01-09,2026-10-09,0.0036697,,,,,,,-43.451,169.25,-33.514,132.94,-9.937,36.311,-33.066
dt,AUDCAD,forex,False,london24,H1,60,k=0.7,0.7,False,True,M15,3048,510,0.16732,-0.029365,-2.2419,0.42745,-0.007032,0.022333,387,-0.022057,123,-0.052361,2018,-0.10884,0.33333,-0.024309,-0.019252,False,False,15:+0.020(41.0) 16:-0.069(40.0) 17:+0.007(44.0) 18:-0.109(49.0) 19:-0.033(35.0) 20:-0.068(40.0) 21:+0.052(47.0) 22:+0.005(46.0) 23:-0.009(45.0) 24:-0.047(43.0) 25:-0.049(44.0) 26:-0.063(36.0),2015-01-09,2026-10-09,0.0019608,,,,,,,-14.976,44.978,-8.5359,34.279,-6.4405,10.699,-12.398
rb,AUDCAD,forex,False,london24,H1,60,RB,0,False,True,M15,3048,839,0.27526,-0.11112,-4.517,0.4124,-0.051727,0.059388,634,-0.09419,205,-0.16346,2025,-0.29036,0.16667,-0.063791,-0.016467,False,False,15:-0.056(65.0) 16:-0.225(61.0) 17:-0.119(83.0) 18:-0.225(87.0) 19:-0.230(64.0) 20:+0.037(66.0) 21:+0.074(59.0) 22:-0.049(71.0) 23:-0.019(78.0) 24:-0.086(64.0) 25:-0.290(78.0) 26:-0.085(63.0),2015-01-09,2026-10-09,,408,-0.11443,422,-0.086794,9,-1.1014,-93.226,435.82,-59.716,336.16,-33.51,99.662,-53.521
dt,AUDCAD,forex,False,ny_fx,M15,15,k=0.3,0.3,False,False,M15,3042,1820,0.59829,-0.079297,-6.4048,0.41813,-0.029426,0.049871,1389,-0.081593,431,-0.071897,2016,-0.15833,0,-0.053696,-0.028096,False,False,15:-0.034(137.0) 16:-0.158(168.0) 17:-0.119(161.0) 18:-0.087(136.0) 19:-0.063(141.0) 20:-0.130(167.0) 21:-0.014(170.0) 22:-0.059(151.0) 23:-0.058(158.0) 24:-0.061(161.0) 25:-0.066(155.0) 26:-0.095(115.0),2015-01-09,2026-10-02,0.0098901,,,,,,,-144.32,518.91,-113.33,395.94,-30.988,122.97,-97.728
dt,AUDCAD,forex,False,ny_fx,M15,15,k=0.5,0.5,False,False,M15,3042,719,0.23636,-0.05126,-3.8962,0.38804,-0.016344,0.034916,564,-0.053878,155,-0.041736,2017,-0.13377,0.16667,-0.0361,-0.020939,False,False,15:-0.014(61.0) 16:-0.057(61.0) 17:-0.134(71.0) 18:-0.092(62.0) 19:-0.055(58.0) 20:-0.096(66.0) 21:+0.031(71.0) 22:-0.014(56.0) 23:-0.047(58.0) 24:+0.016(57.0) 25:-0.066(56.0) 26:-0.088(42.0),2015-01-09,2026-10-01,0.0083449,,,,,,,-36.856,91.248,-30.387,69.435,-6.469,21.813,-25.956
dt,AUDCAD,forex,False,ny_fx,M15,15,k=0.7,0.7,False,False,M15,3042,325,0.10684,-0.055927,-3.5143,0.39692,-0.027697,0.02823,252,-0.053287,73,-0.06504,2026,-0.15238,0.16667,-0.029585,-0.0032434,False,False,15:-0.029(35.0) 16:-0.025(27.0) 17:-0.137(36.0) 18:-0.081(33.0) 19:-0.087(26.0) 20:-0.047(18.0) 21:+0.002(33.0) 22:-0.003(22.0) 23:-0.046(22.0) 24:+0.012(29.0) 25:-0.088(25.0) 26:-0.152(19.0),2015-01-09,2026-09-29,0.0061538,,,,,,,-18.176,27.685,-13.428,19.771,-4.7479,7.9139,-9.6152
rb,AUDCAD,forex,False,ny_fx,M15,15,RB,0,False,False,M15,3042,1509,0.49606,-0.11693,-6.7887,0.39563,-0.043652,0.073277,1149,-0.10991,360,-0.13933,2016,-0.21493,0.16667,-0.078703,-0.040478,False,False,15:-0.088(128.0) 16:-0.215(131.0) 17:-0.191(122.0) 18:-0.132(135.0) 19:-0.158(135.0) 20:+0.039(115.0) 21:-0.076(117.0) 22:+0.023(121.0) 23:-0.157(145.0) 24:-0.103(134.0) 25:-0.147(127.0) 26:-0.179(99.0),2015-01-06,2026-09-30,,853,-0.10365,647,-0.12054,9,-1.1152,-176.44,695.71,-126.29,512.62,-50.16,183.09,-118.76
dt,AUDCAD,forex,False,ny_fx,M30,30,k=0.3,0.3,False,False,M15,3042,1818,0.59763,-0.078954,-6.3867,0.41694,-0.028811,0.050144,1388,-0.081484,430,-0.070787,2016,-0.16161,0,-0.054156,-0.029357,False,False,15:-0.035(137.0) 16:-0.162(168.0) 17:-0.118(161.0) 18:-0.089(136.0) 19:-0.056(140.0) 20:-0.131(167.0) 21:-0.014(170.0) 22:-0.059(151.0) 23:-0.058(158.0) 24:-0.056(160.0) 25:-0.066(155.0) 26:-0.098(115.0),2015-01-09,2026-10-02,0.012101,,,,,,,-143.54,516.16,-113.1,393.23,-30.439,122.94,-98.455
dt,AUDCAD,forex,False,ny_fx,M30,30,k=0.5,0.5,False,False,M15,3042,719,0.23636,-0.05173,-3.9312,0.38804,-0.016663,0.035067,564,-0.054185,155,-0.042795,2017,-0.1325,0.16667,-0.03625,-0.02077,False,False,15:-0.015(61.0) 16:-0.056(61.0) 17:-0.133(71.0) 18:-0.094(62.0) 19:-0.056(58.0) 20:-0.096(66.0) 21:+0.031(71.0) 22:-0.014(56.0) 23:-0.047(58.0) 24:+0.017(57.0) 25:-0.066(56.0) 26:-0.092(42.0),2015-01-09,2026-10-01,0.0083449,,,,,,,-37.194,91.312,-30.56,69.475,-6.6332,21.838,-26.064
dt,AUDCAD,forex,False,ny_fx,M30,30,k=0.7,0.7,False,False,M15,3042,325,0.10684,-0.056304,-3.5378,0.39385,-0.027931,0.028373,252,-0.053511,73,-0.065944,2026,-0.15614,0.16667,-0.029728,-0.0031519,False,False,15:-0.030(35.0) 16:-0.025(27.0) 17:-0.137(36.0) 18:-0.081(33.0) 19:-0.088(26.0) 20:-0.047(18.0) 21:+0.002(33.0) 22:-0.003(22.0) 23:-0.046(22.0) 24:+0.012(29.0) 25:-0.088(25.0) 26:-0.156(19.0),2015-01-09,2026-09-29,0.0061538,,,,,,,-18.299,27.701,-13.485,19.774,-4.8139,7.9271,-9.6615
rb,AUDCAD,forex,False,ny_fx,M30,30,RB,0,False,False,M15,3042,1502,0.49375,-0.11916,-6.9369,0.39614,-0.046319,0.072839,1144,-0.11415,358,-0.13516,2016,-0.22527,0.16667,-0.07982,-0.04048,False,False,15:-0.085(127.0) 16:-0.225(131.0) 17:-0.213(120.0) 18:-0.140(135.0) 19:-0.162(135.0) 20:+0.061(115.0) 21:-0.086(116.0) 22:+0.008(121.0) 23:-0.152(144.0) 24:-0.091(134.0) 25:-0.162(126.0) 26:-0.162(98.0),2015-01-06,2026-09-30,,851,-0.10619,641,-0.12109,10,-1.0994,-178.98,686.56,-130.59,509.7,-48.388,176.86,-119.89
dt,AUDCAD,forex,False,ny_fx,H1,60,k=0.3,0.3,False,False,M15,3042,1815,0.59665,-0.080322,-6.4982,0.41653,-0.029818,0.050504,1387,-0.084112,428,-0.068041,2016,-0.16564,0,-0.05534,-0.030358,False,False,15:-0.037(137.0) 16:-0.166(168.0) 17:-0.122(161.0) 18:-0.099(136.0) 19:-0.056(140.0) 20:-0.132(167.0) 21:-0.016(170.0) 22:-0.059(150.0) 23:-0.059(158.0) 24:-0.056(160.0) 25:-0.065(154.0) 26:-0.089(114.0),2015-01-09,2026-10-02,0.018182,,,,,,,-145.78,514.74,-116.66,392.89,-29.122,121.85,-100.44
dt,AUDCAD,forex,False,ny_fx,H1,60,k=0.5,0.5,False,False,M15,3042,719,0.23636,-0.051952,-3.9508,0.38804,-0.016642,0.035311,564,-0.054547,155,-0.042512,2017,-0.13478,0.16667,-0.036494,-0.021035,False,False,15:-0.016(61.0) 16:-0.056(61.0) 17:-0.135(71.0) 18:-0.092(62.0) 19:-0.057(58.0) 20:-0.098(66.0) 21:+0.031(71.0) 22:-0.014(56.0) 23:-0.048(58.0) 24:+0.017(57.0) 25:-0.066(56.0) 26:-0.092(42.0),2015-01-09,2026-10-01,0.0083449,,,,,,,-37.354,91.21,-30.764,69.385,-6.5894,21.825,-26.239
dt,AUDCAD,forex,False,ny_fx,H1,60,k=0.7,0.7,False,False,M15,3042,325,0.10684,-0.056478,-3.55,0.39077,-0.027931,0.028548,252,-0.053756,73,-0.065875,2026,-0.15604,0.16667,-0.029903,-0.0033268,False,False,15:-0.031(35.0) 16:-0.025(27.0) 17:-0.137(36.0) 18:-0.081(33.0) 19:-0.088(26.0) 20:-0.047(18.0) 21:+0.001(33.0) 22:-0.003(22.0) 23:-0.047(22.0) 24:+0.012(29.0) 25:-0.088(25.0) 26:-0.156(19.0),2015-01-09,2026-09-29,0.0092308,,,,,,,-18.356,27.69,-13.547,19.765,-4.8089,7.925,-9.7184
rb,AUDCAD,forex,False,ny_fx,H1,60,RB,0,False,False,M15,3042,1470,0.48323,-0.12965,-7.9586,0.3966,-0.05847,0.071175,1125,-0.12701,345,-0.13823,2017,-0.22716,0.083333,-0.081286,-0.032927,False,False,15:-0.080(123.0) 16:-0.207(129.0) 17:-0.227(118.0) 18:-0.176(134.0) 19:-0.165(133.0) 20:+0.058(113.0) 21:-0.094(114.0) 22:-0.024(120.0) 23:-0.191(141.0) 24:-0.145(128.0) 25:-0.129(123.0) 26:-0.141(94.0),2015-01-06,2026-09-30,,848,-0.11681,615,-0.13657,7,-1.0762,-190.58,597.74,-142.89,451.99,-47.689,145.75,-119.49
dt,AUDCHF,forex,False,london24,M15,15,k=0.3,0.3,False,False,M15,3046,2407,0.79022,-0.041644,-3.1889,0.44454,-0.0019705,0.039674,1831,-0.036734,576,-0.057252,2015,-0.13726,0.16667,-0.040633,-0.039621,False,False,15:-0.137(202.0) 16:-0.111(209.0) 17:-0.026(197.0) 18:-0.002(192.0) 19:-0.001(195.0) 20:+0.004(204.0) 21:-0.036(216.0) 22:+0.012(207.0) 23:-0.029(209.0) 24:-0.029(202.0) 25:-0.078(200.0) 26:-0.066(174.0),2015-01-09,2026-10-09,0.0058164,,,,,,,-100.24,991.8,-67.261,789.1,-32.977,202.71,-97.802
dt,AUDCHF,forex,False,london24,M15,15,k=0.5,0.5,False,False,M15,3046,1148,0.37689,-0.031291,-2.4852,0.44512,-0.00582,0.025471,864,-0.024211,284,-0.052831,2015,-0.12255,0.41667,-0.023464,-0.015637,False,False,15:-0.123(94.0) 16:-0.053(90.0) 17:+0.006(95.0) 18:-0.061(100.0) 19:-0.006(105.0) 20:+0.001(92.0) 21:+0.014(96.0) 22:+0.016(95.0) 23:-0.014(97.0) 24:+0.002(96.0) 25:-0.094(98.0) 26:-0.067(90.0),2015-01-14,2026-10-01,0.0017422,,,,,,,-35.922,209.87,-20.918,169.63,-15.004,40.24,-26.937
dt,AUDCHF,forex,False,london24,M15,15,k=0.7,0.7,False,False,M15,3046,548,0.17991,-0.035897,-2.3549,0.42336,-0.01622,0.019678,414,-0.030052,134,-0.053957,2015,-0.15408,0.33333,-0.020443,-0.0049894,False,False,15:-0.154(49.0) 16:+0.016(35.0) 17:+0.017(46.0) 18:-0.078(47.0) 19:-0.018(54.0) 20:-0.011(47.0) 21:+0.034(42.0) 22:-0.030(47.0) 23:-0.024(47.0) 24:+0.001(48.0) 25:-0.125(53.0) 26:-0.019(33.0),2015-01-14,2026-10-01,0.0018248,,,,,,,-19.672,70.362,-12.442,59.302,-7.2303,11.06,-11.203
rb,AUDCHF,forex,False,london24,M15,15,RB,0,False,False,M15,3046,887,0.2912,-0.03554,-1.3832,0.44194,0.023929,0.05947,693,-0.056875,194,0.040671,2023,-0.14545,0.41667,-0.059197,-0.082853,True,False,15:+0.007(82.0) 16:-0.145(82.0) 17:-0.052(67.0) 18:-0.114(89.0) 19:+0.018(66.0) 20:+0.064(77.0) 21:-0.065(68.0) 22:-0.061(87.0) 23:-0.145(75.0) 24:-0.116(79.0) 25:+0.138(73.0) 26:+0.168(42.0),2015-01-06,2026-10-01,,414,-0.033022,473,-0.037744,0,,-31.524,519.92,-39.414,408.11,7.8902,111.81,-52.507
dt,AUDCHF,forex,False,london24,M30,30,k=0.3,0.3,False,False,M15,3046,2406,0.78989,-0.039738,-3.1695,0.44514,0.00030932,0.040047,1831,-0.034733,575,-0.055674,2016,-0.11213,0.16667,-0.041051,-0.042364,True,False,15:-0.111(202.0) 16:-0.112(209.0) 17:-0.028(197.0) 18:-0.003(192.0) 19:-0.002(195.0) 20:+0.003(204.0) 21:-0.036(216.0) 22:+0.010(207.0) 23:-0.030(209.0) 24:-0.029(202.0) 25:-0.078(200.0) 26:-0.060(173.0),2015-01-09,2026-10-09,0.0062344,,,,,,,-95.609,913.38,-63.596,711.89,-32.013,201.48,-98.768
dt,AUDCHF,forex,False,london24,M30,30,k=0.5,0.5,False,False,M15,3046,1148,0.37689,-0.028858,-2.4629,0.44599,-0.0032547,0.025604,864,-0.021002,284,-0.052759,2025,-0.093893,0.41667,-0.023565,-0.018271,False,False,15:-0.088(94.0) 16:-0.053(90.0) 17:+0.006(95.0) 18:-0.061(100.0) 19:-0.007(105.0) 20:+0.001(92.0) 21:+0.014(96.0) 22:+0.012(95.0) 23:-0.014(97.0) 24:+0.002(96.0) 25:-0.094(98.0) 26:-0.067(90.0),2015-01-14,2026-10-01,0.0026132,,,,,,,-33.129,181.74,-18.146,141.53,-14.984,40.214,-27.052
dt,AUDCHF,forex,False,london24,M30,30,k=0.7,0.7,False,False,M15,3046,548,0.17991,-0.032009,-2.3512,0.42153,-0.012255,0.019754,414,-0.024927,134,-0.053892,2025,-0.12533,0.33333,-0.02052,-0.0090301,False,False,15:-0.107(49.0) 16:+0.015(35.0) 17:+0.017(46.0) 18:-0.078(47.0) 19:-0.019(54.0) 20:-0.011(47.0) 21:+0.034(42.0) 22:-0.033(47.0) 23:-0.024(47.0) 24:+0.001(48.0) 25:-0.125(53.0) 26:-0.019(33.0),2015-01-14,2026-10-01,0.0036496,,,,,,,-17.541,56.118,-10.32,45.062,-7.2215,11.056,-11.245
rb,AUDCHF,forex,False,london24,M30,30,RB,0,False,False,M15,3046,884,0.29022,-0.052209,-2.0594,0.43552,0.0073392,0.059548,691,-0.076345,193,0.034205,2016,-0.19753,0.33333,-0.063626,-0.075044,True,False,15:-0.043(81.0) 16:-0.198(82.0) 17:-0.104(67.0) 18:-0.118(89.0) 19:+0.016(66.0) 20:+0.078(76.0) 21:-0.092(68.0) 22:-0.064(87.0) 23:-0.146(75.0) 24:-0.104(78.0) 25:+0.122(73.0) 26:+0.140(42.0),2015-01-06,2026-10-01,,414,-0.039109,468,-0.059498,2,-1.0583,-46.153,504.1,-52.755,390.98,6.6016,113.12,-56.246
dt,AUDCHF,forex,False,london24,H1,60,k=0.3,0.3,False,True,M15,3046,2358,0.77413,-0.043297,-3.476,0.44869,-0.0029994,0.040298,1800,-0.038125,558,-0.05998,2015,-0.11627,0.16667,-0.042522,-0.041746,False,False,15:-0.116(198.0) 16:-0.110(204.0) 17:-0.000(192.0) 18:-0.046(190.0) 19:-0.027(194.0) 20:+0.012(203.0) 21:-0.042(211.0) 22:+0.019(204.0) 23:-0.032(204.0) 24:-0.039(197.0) 25:-0.084(194.0) 26:-0.056(167.0),2015-01-09,2026-10-09,0.0093299,,,,,,,-102.09,866.75,-68.626,687.81,-33.469,178.94,-100.27
dt,AUDCHF,forex,False,london24,H1,60,k=0.5,0.5,False,True,M15,3046,1115,0.36605,-0.035841,-3.0419,0.43587,-0.010067,0.025774,839,-0.025743,276,-0.06654,2025,-0.10866,0.25,-0.024113,-0.012385,False,False,15:-0.094(92.0) 16:-0.050(86.0) 17:+0.032(93.0) 18:-0.094(94.0) 19:-0.030(103.0) 20:+0.005(92.0) 21:-0.002(92.0) 22:+0.024(92.0) 23:-0.024(95.0) 24:-0.014(93.0) 25:-0.109(96.0) 26:-0.076(87.0),2015-01-14,2026-10-01,0.0035874,,,,,,,-39.963,173.87,-21.598,138.04,-18.365,35.829,-26.886
dt,AUDCHF,forex,False,london24,H1,60,k=0.7,0.7,False,True,M15,3046,522,0.17137,-0.041398,-2.9453,0.40421,-0.021294,0.020104,398,-0.033092,124,-0.068055,2025,-0.14583,0.25,-0.021507,-0.0016166,False,False,15:-0.111(48.0) 16:+0.017(34.0) 17:+0.036(46.0) 18:-0.104(45.0) 19:-0.052(51.0) 20:-0.010(45.0) 21:+0.019(39.0) 22:-0.028(46.0) 23:-0.040(44.0) 24:-0.012(43.0) 25:-0.146(49.0) 26:-0.024(32.0),2015-01-14,2026-10-01,0.0038314,,,,,,,-21.61,54.624,-13.171,45.359,-8.4389,9.2655,-11.227
rb,AUDCHF,forex,False,london24,H1,60,RB,0,False,True,M15,3046,833,0.27347,-0.078861,-3.0518,0.41897,-0.01888,0.059982,658,-0.10415,175,0.016227,2016,-0.26784,0.25,-0.066799,-0.054737,False,False,15:-0.100(75.0) 16:-0.268(77.0) 17:-0.125(63.0) 18:-0.130(84.0) 19:-0.097(64.0) 20:+0.125(74.0) 21:-0.046(66.0) 22:-0.132(82.0) 23:-0.147(73.0) 24:-0.163(71.0) 25:+0.107(68.0) 26:+0.199(36.0),2015-01-06,2026-10-01,,388,-0.053649,441,-0.091886,4,-1.0885,-65.692,467.99,-68.531,363.67,2.8397,104.32,-55.644
dt,AUDCHF,forex,False,ny_fx,M15,15,k=0.3,0.3,False,False,M15,3042,1657,0.54471,-0.054047,-4.5467,0.41219,-0.006241,0.047806,1246,-0.055433,411,-0.049845,2016,-0.13479,0.16667,-0.049928,-0.045808,False,False,15:-0.129(136.0) 16:-0.135(140.0) 17:-0.080(126.0) 18:+0.000(148.0) 19:-0.053(138.0) 20:-0.062(137.0) 21:-0.031(142.0) 22:+0.010(148.0) 23:-0.029(131.0) 24:-0.045(144.0) 25:-0.044(153.0) 26:-0.063(114.0),2015-01-09,2026-10-02,0.0054315,,,,,,,-89.556,392.57,-69.069,295.3,-20.486,97.273,-82.73
dt,AUDCHF,forex,False,ny_fx,M15,15,k=0.5,0.5,False,False,M15,3042,640,0.21039,-0.055336,-4.2424,0.38906,-0.022499,0.032837,473,-0.055183,167,-0.055769,2015,-0.12496,0.16667,-0.033746,-0.012157,False,False,15:-0.125(49.0) 16:-0.107(46.0) 17:-0.101(54.0) 18:-0.025(59.0) 19:-0.075(61.0) 20:-0.053(49.0) 21:+0.021(54.0) 22:-0.058(57.0) 23:+0.028(44.0) 24:-0.053(57.0) 25:-0.040(67.0) 26:-0.083(43.0),2015-01-15,2026-10-01,0.003125,,,,,,,-35.415,71.536,-26.101,53.473,-9.3134,18.063,-21.598
dt,AUDCHF,forex,False,ny_fx,M15,15,k=0.7,0.7,False,False,M15,3042,253,0.083169,-0.065205,-3.6204,0.39921,-0.038813,0.026392,194,-0.069154,59,-0.052221,2015,-0.25357,0.16667,-0.030506,0.0041928,False,False,15:-0.254(25.0) 16:-0.062(21.0) 17:-0.100(17.0) 18:-0.048(25.0) 19:-0.081(25.0) 20:-0.014(19.0) 21:+0.014(23.0) 22:-0.062(22.0) 23:+0.027(17.0) 24:-0.021(18.0) 25:-0.026(26.0) 26:-0.134(15.0),2015-01-15,2026-10-01,0,,,,,,,-16.497,21.757,-13.416,16.962,-3.0811,4.7945,-7.7181
rb,AUDCHF,forex,False,ny_fx,M15,15,RB,0,False,False,M15,3042,1527,0.50197,-0.090094,-5.4705,0.41061,-0.026777,0.063316,1171,-0.084337,356,-0.10903,2024,-0.16138,0.16667,-0.065421,-0.040749,False,False,15:-0.124(132.0) 16:-0.073(136.0) 17:-0.096(128.0) 18:-0.100(130.0) 19:-0.133(137.0) 20:+0.004(121.0) 21:-0.027(118.0) 22:-0.092(130.0) 23:-0.102(139.0) 24:-0.161(130.0) 25:-0.138(130.0) 26:+0.001(96.0),2015-01-05,2026-10-07,,964,-0.054517,561,-0.14766,2,-1.0914,-137.57,644.42,-98.759,520.01,-38.814,124.41,-99.899
dt,AUDCHF,forex,False,ny_fx,M30,30,k=0.3,0.3,False,False,M15,3042,1655,0.54405,-0.053538,-4.5022,0.41269,-0.0058948,0.047643,1244,-0.054731,411,-0.049928,2016,-0.1372,0.083333,-0.048833,-0.044128,False,False,15:-0.125(135.0) 16:-0.137(140.0) 17:-0.082(126.0) 18:-0.000(148.0) 19:-0.054(138.0) 20:-0.063(137.0) 21:-0.029(142.0) 22:+0.009(148.0) 23:-0.022(130.0) 24:-0.043(144.0) 25:-0.046(153.0) 26:-0.063(114.0),2015-01-09,2026-10-02,0.010272,,,,,,,-88.606,391.84,-68.085,294.48,-20.52,97.359,-80.819
dt,AUDCHF,forex,False,ny_fx,M30,30,k=0.5,0.5,False,False,M15,3042,640,0.21039,-0.05552,-4.2573,0.38906,-0.022627,0.032893,473,-0.055446,167,-0.055728,2015,-0.12482,0.16667,-0.033802,-0.012084,False,False,15:-0.125(49.0) 16:-0.109(46.0) 17:-0.101(54.0) 18:-0.025(59.0) 19:-0.076(61.0) 20:-0.054(49.0) 21:+0.021(54.0) 22:-0.058(57.0) 23:+0.028(44.0) 24:-0.053(57.0) 25:-0.040(67.0) 26:-0.083(43.0),2015-01-15,2026-10-01,0.003125,,,,,,,-35.533,71.523,-26.226,53.465,-9.3066,18.058,-21.633
dt,AUDCHF,forex,False,ny_fx,M30,30,k=0.7,0.7,False,False,M15,3042,252,0.08284,-0.061189,-3.4748,0.40079,-0.034999,0.026191,193,-0.063997,59,-0.052005,2015,-0.21851,0.16667,-0.030321,0.00054757,False,False,15:-0.219(24.0) 16:-0.062(21.0) 17:-0.100(17.0) 18:-0.048(25.0) 19:-0.082(25.0) 20:-0.014(19.0) 21:+0.013(23.0) 22:-0.062(22.0) 23:+0.027(17.0) 24:-0.021(18.0) 25:-0.026(26.0) 26:-0.134(15.0),2015-01-15,2026-10-01,0.0039683,,,,,,,-15.42,20.558,-12.351,15.763,-3.0683,4.7951,-7.6409
rb,AUDCHF,forex,False,ny_fx,M30,30,RB,0,False,False,M15,3042,1522,0.50033,-0.095493,-5.793,0.40802,-0.031889,0.063604,1167,-0.089114,355,-0.11646,2024,-0.16963,0,-0.066084,-0.036675,False,False,15:-0.126(132.0) 16:-0.089(135.0) 17:-0.108(128.0) 18:-0.101(130.0) 19:-0.142(135.0) 20:-0.007(121.0) 21:-0.031(118.0) 22:-0.076(129.0) 23:-0.108(139.0) 24:-0.170(130.0) 25:-0.143(129.0) 26:-0.008(96.0),2015-01-05,2026-10-07,,960,-0.053435,558,-0.16035,4,-1.1419,-145.34,642.92,-104,522.15,-41.344,120.77,-100.58
dt,AUDCHF,forex,False,ny_fx,H1,60,k=0.3,0.3,False,False,M15,3042,1650,0.54241,-0.053641,-4.5266,0.41333,-0.0061754,0.047466,1240,-0.055313,410,-0.048587,2016,-0.13984,0.16667,-0.048751,-0.043862,False,False,15:-0.127(133.0) 16:-0.140(140.0) 17:-0.082(126.0) 18:+0.006(147.0) 19:-0.057(138.0) 20:-0.063(137.0) 21:-0.031(142.0) 22:+0.008(147.0) 23:-0.022(130.0) 24:-0.043(144.0) 25:-0.043(152.0) 26:-0.063(114.0),2015-01-09,2026-10-02,0.012121,,,,,,,-88.508,386.84,-68.588,290.51,-19.921,96.331,-80.44
dt,AUDCHF,forex,False,ny_fx,H1,60,k=0.5,0.5,False,False,M15,3042,638,0.20973,-0.054783,-4.2222,0.39028,-0.021837,0.032946,471,-0.054341,167,-0.05603,2015,-0.11761,0.16667,-0.033858,-0.012933,False,False,15:-0.118(48.0) 16:-0.109(46.0) 17:-0.101(54.0) 18:-0.026(59.0) 19:-0.077(61.0) 20:-0.054(49.0) 21:+0.021(54.0) 22:-0.054(56.0) 23:+0.028(44.0) 24:-0.053(57.0) 25:-0.041(67.0) 26:-0.083(43.0),2015-01-15,2026-10-01,0.0094044,,,,,,,-34.952,70.333,-25.595,52.254,-9.3569,18.08,-21.601
dt,AUDCHF,forex,False,ny_fx,H1,60,k=0.7,0.7,False,False,M15,3042,252,0.08284,-0.06201,-3.5331,0.39683,-0.035643,0.026367,193,-0.065069,59,-0.052003,2015,-0.22549,0.16667,-0.030497,0.0010155,False,False,15:-0.225(24.0) 16:-0.062(21.0) 17:-0.100(17.0) 18:-0.049(25.0) 19:-0.083(25.0) 20:-0.014(19.0) 21:+0.013(23.0) 22:-0.062(22.0) 23:+0.027(17.0) 24:-0.021(18.0) 25:-0.026(26.0) 26:-0.134(15.0),2015-01-15,2026-10-01,0.0079365,,,,,,,-15.626,20.453,-12.558,15.661,-3.0682,4.7915,-7.6853
rb,AUDCHF,forex,False,ny_fx,H1,60,RB,0,False,False,M15,3042,1512,0.49704,-0.11328,-7.0393,0.40476,-0.050439,0.062844,1160,-0.10245,352,-0.14898,2025,-0.20639,0,-0.06546,-0.017637,False,False,15:-0.135(130.0) 16:-0.094(135.0) 17:-0.097(126.0) 18:-0.126(130.0) 19:-0.162(136.0) 20:-0.025(121.0) 21:-0.029(116.0) 22:-0.118(128.0) 23:-0.120(138.0) 24:-0.183(129.0) 25:-0.206(128.0) 26:-0.026(95.0),2015-01-05,2026-10-07,,960,-0.064048,546,-0.18919,6,-1.0833,-171.28,611.08,-118.84,487.09,-52.441,123.99,-98.975
dt,AUDJPY,forex,False,london24,M15,15,k=0.3,0.3,False,False,M15,3046,2232,0.73276,-0.0017044,-0.12541,0.48253,0.02956,0.031264,1685,0.0094279,547,-0.035997,2025,-0.10894,0.5,-0.026976,-0.052248,True,False,15:-0.049(192.0) 16:+0.057(181.0) 17:-0.008(182.0) 18:-0.009(193.0) 19:-0.023(188.0) 20:+0.017(186.0) 21:+0.018(188.0) 22:+0.065(192.0) 23:+0.018(183.0) 24:-0.020(203.0) 25:-0.109(203.0) 26:+0.046(141.0),2015-01-09,2026-10-08,0.0040323,,,,,,,-3.8043,919.86,15.886,707.87,-19.69,211.98,-60.211
dt,AUDJPY,forex,False,london24,M15,15,k=0.5,0.5,False,False,M15,3046,1042,0.34209,0.0014548,0.10879,0.48273,0.021388,0.019933,810,0.00037731,232,0.0052168,2025,-0.080653,0.58333,-0.021435,-0.044325,True,False,15:-0.013(91.0) 16:+0.016(91.0) 17:-0.003(84.0) 18:-0.066(99.0) 19:+0.042(87.0) 20:+0.008(90.0) 21:+0.004(83.0) 22:+0.028(92.0) 23:-0.005(93.0) 24:+0.007(90.0) 25:-0.081(81.0) 26:+0.116(61.0),2015-01-14,2026-09-30,0.0019194,,,,,,,1.5159,193.98,0.30562,154.11,1.2103,39.873,-22.335
dt,AUDJPY,forex,False,london24,M15,15,k=0.7,0.7,False,False,M15,3046,497,0.16316,-0.00091522,-0.057439,0.48893,0.018736,0.019652,390,-0.0057676,107,0.016771,2015,-0.065769,0.5,-0.021625,-0.042334,True,False,15:-0.066(46.0) 16:+0.027(43.0) 17:-0.030(43.0) 18:-0.056(47.0) 19:+0.075(43.0) 20:+0.019(44.0) 21:+0.009(39.0) 22:+0.023(39.0) 23:-0.038(46.0) 24:-0.019(48.0) 25:-0.004(29.0) 26:+0.093(30.0),2015-01-14,2026-09-25,0.0020121,,,,,,,-0.45487,62.586,-2.2494,50.443,1.7945,12.143,-10.747
rb,AUDJPY,forex,False,london24,M15,15,RB,0,False,False,M15,3046,997,0.32731,-0.014098,-0.58448,0.46239,0.029506,0.043604,766,0.0039638,231,-0.073991,2025,-0.12134,0.41667,-0.0575,-0.1009,True,False,15:+0.099(83.0) 16:-0.036(83.0) 17:-0.108(91.0) 18:-0.012(89.0) 19:+0.012(89.0) 20:+0.062(84.0) 21:+0.188(79.0) 22:-0.060(77.0) 23:-0.085(91.0) 24:-0.068(81.0) 25:-0.121(97.0) 26:+0.003(53.0),2015-01-08,2026-09-24,,502,-0.029786,492,0.0083857,3,-1.0763,-14.056,577.93,3.0363,473.44,-17.092,104.5,-57.328
dt,AUDJPY,forex,False,london24,M30,30,k=0.3,0.3,False,False,M15,3046,2232,0.73276,-0.001923,-0.1416,0.48253,0.029294,0.031217,1685,0.0091012,547,-0.035882,2025,-0.10878,0.5,-0.027403,-0.052882,True,False,15:-0.048(192.0) 16:+0.058(181.0) 17:-0.008(182.0) 18:-0.009(193.0) 19:-0.024(188.0) 20:+0.018(186.0) 21:+0.019(188.0) 22:+0.060(192.0) 23:+0.018(183.0) 24:-0.020(203.0) 25:-0.109(203.0) 26:+0.046(141.0),2015-01-09,2026-10-08,0.0053763,,,,,,,-4.292,918.32,15.335,706.32,-19.627,212,-61.162
dt,AUDJPY,forex,False,london24,M30,30,k=0.5,0.5,False,False,M15,3046,1042,0.34209,0.0014311,0.1072,0.48369,0.021166,0.019735,810,0.00032471,232,0.0052939,2025,-0.080454,0.58333,-0.021573,-0.044578,True,False,15:-0.013(91.0) 16:+0.017(91.0) 17:-0.003(84.0) 18:-0.066(99.0) 19:+0.042(87.0) 20:+0.010(90.0) 21:+0.004(83.0) 22:+0.024(92.0) 23:-0.006(93.0) 24:+0.007(90.0) 25:-0.080(81.0) 26:+0.117(61.0),2015-01-14,2026-09-30,0.0028791,,,,,,,1.4912,193.33,0.26302,153.47,1.2282,39.852,-22.479
dt,AUDJPY,forex,False,london24,M30,30,k=0.7,0.7,False,False,M15,3046,497,0.16316,-0.0011665,-0.073276,0.48893,0.018601,0.019768,390,-0.0060814,107,0.016747,2015,-0.066224,0.5,-0.021957,-0.042747,True,False,15:-0.066(46.0) 16:+0.028(43.0) 17:-0.030(43.0) 18:-0.056(47.0) 19:+0.075(43.0) 20:+0.019(44.0) 21:+0.009(39.0) 22:+0.020(39.0) 23:-0.038(46.0) 24:-0.019(48.0) 25:-0.004(29.0) 26:+0.093(30.0),2015-01-14,2026-09-25,0.0040241,,,,,,,-0.57977,62.477,-2.3717,50.343,1.792,12.134,-10.913
rb,AUDJPY,forex,False,london24,M30,30,RB,0,False,False,M15,3046,994,0.32633,-0.02165,-0.89496,0.46177,0.022043,0.043693,764,-0.0052359,230,-0.076172,2025,-0.13158,0.33333,-0.056364,-0.091079,True,False,15:+0.102(83.0) 16:-0.030(82.0) 17:-0.108(91.0) 18:-0.043(89.0) 19:+0.018(89.0) 20:+0.061(84.0) 21:+0.180(78.0) 22:-0.077(77.0) 23:-0.123(91.0) 24:-0.059(80.0) 25:-0.132(97.0) 26:-0.001(53.0),2015-01-08,2026-09-24,,501,-0.034268,488,0.0021788,5,-1.083,-21.52,578.07,-4.0002,474.04,-17.519,104.03,-56.026
dt,AUDJPY,forex,False,london24,H1,60,k=0.3,0.3,False,True,M15,3046,2190,0.71898,0.0039079,0.28749,0.48219,0.035323,0.031415,1653,0.013497,537,-0.025609,2025,-0.097898,0.58333,-0.026271,-0.056451,True,False,15:-0.058(186.0) 16:+0.080(178.0) 17:+0.003(179.0) 18:-0.015(189.0) 19:-0.035(186.0) 20:+0.014(183.0) 21:+0.027(183.0) 22:+0.072(190.0) 23:+0.037(179.0) 24:-0.005(201.0) 25:-0.098(198.0) 26:+0.048(138.0),2015-01-09,2026-10-08,0.0091324,,,,,,,8.5583,885.81,22.31,682.06,-13.752,203.75,-57.534
dt,AUDJPY,forex,False,london24,H1,60,k=0.5,0.5,False,True,M15,3046,1015,0.33322,0.0071668,0.5335,0.48473,0.027162,0.019995,794,0.0038969,221,0.018915,2018,-0.073706,0.75,-0.021341,-0.049849,True,False,15:-0.013(90.0) 16:+0.031(89.0) 17:+0.011(84.0) 18:-0.074(97.0) 19:+0.021(84.0) 20:+0.002(88.0) 21:+0.008(82.0) 22:+0.045(90.0) 23:+0.013(90.0) 24:+0.019(87.0) 25:-0.068(78.0) 26:+0.140(56.0),2015-01-14,2026-09-30,0.0049261,,,,,,,7.2743,185.78,3.0941,148.17,4.1802,37.616,-21.661
dt,AUDJPY,forex,False,london24,H1,60,k=0.7,0.7,False,True,M15,3046,472,0.15496,0.001301,0.078078,0.47881,0.02167,0.020369,371,-0.0053796,101,0.025841,2015,-0.068601,0.5,-0.022183,-0.045667,True,False,15:-0.069(45.0) 16:+0.025(43.0) 17:-0.011(41.0) 18:-0.065(43.0) 19:+0.050(41.0) 20:+0.023(38.0) 21:+0.024(36.0) 22:+0.035(39.0) 23:-0.041(45.0) 24:-0.015(45.0) 25:-0.005(27.0) 26:+0.118(29.0),2015-01-14,2026-09-25,0.0042373,,,,,,,0.61408,61.727,-1.9958,50.341,2.6099,11.386,-10.47
rb,AUDJPY,forex,False,london24,H1,60,RB,0,False,True,M15,3046,944,0.30991,-0.029663,-1.1938,0.46186,0.014734,0.044397,735,-0.015583,209,-0.07918,2023,-0.12996,0.41667,-0.063242,-0.096821,True,False,15:+0.094(82.0) 16:-0.059(80.0) 17:-0.099(85.0) 18:-0.037(85.0) 19:+0.008(87.0) 20:+0.059(80.0) 21:+0.120(75.0) 22:-0.083(76.0) 23:-0.130(85.0) 24:-0.107(73.0) 25:-0.122(88.0) 26:+0.041(48.0),2015-01-08,2026-09-24,,479,-0.03238,459,-0.013151,6,-1.076,-28.002,550.46,-11.453,451.44,-16.549,99.026,-59.7
dt,AUDJPY,forex,False,ny_fx,M15,15,k=0.3,0.3,False,False,M15,3041,1534,0.50444,-0.046483,-3.5562,0.40678,-0.011073,0.035409,1163,-0.053284,371,-0.025163,2017,-0.099339,0.16667,-0.034641,-0.022799,False,False,15:-0.092(118.0) 16:-0.069(123.0) 17:-0.099(124.0) 18:-0.018(134.0) 19:-0.064(141.0) 20:-0.059(132.0) 21:+0.024(136.0) 22:-0.079(135.0) 23:-0.031(120.0) 24:+0.022(138.0) 25:-0.034(134.0) 26:-0.080(99.0),2015-01-09,2026-10-08,0.0013038,,,,,,,-71.304,405.09,-61.969,301.49,-9.3356,103.6,-53.139
dt,AUDJPY,forex,False,ny_fx,M15,15,k=0.5,0.5,False,False,M15,3041,562,0.18481,-0.032104,-1.9718,0.42171,-0.0018998,0.030204,430,-0.044994,132,0.0098863,2015,-0.17796,0.25,-0.031378,-0.030652,False,False,15:-0.178(48.0) 16:-0.049(41.0) 17:-0.049(40.0) 18:-0.036(59.0) 19:-0.041(53.0) 20:-0.107(57.0) 21:+0.056(52.0) 22:-0.037(40.0) 23:+0.053(40.0) 24:+0.104(47.0) 25:-0.013(50.0) 26:-0.084(35.0),2015-01-13,2026-10-01,0,,,,,,,-18.043,84.157,-19.348,65.762,1.305,18.395,-17.634
dt,AUDJPY,forex,False,ny_fx,M15,15,k=0.7,0.7,False,False,M15,3041,227,0.074646,-0.0031199,-0.16696,0.48018,0.012759,0.015879,176,-0.022158,51,0.06258,2022,-0.11326,0.5,-0.019296,-0.035472,True,False,15:-0.064(20.0) 16:-0.082(19.0) 17:-0.017(11.0) 18:-0.021(26.0) 19:+0.041(19.0) 20:-0.056(20.0) 21:+0.084(22.0) 22:-0.113(17.0) 23:+0.004(22.0) 24:+0.151(17.0) 25:+0.023(21.0) 26:+0.011(13.0),2015-01-21,2026-09-18,0,,,,,,,-0.70822,17.917,-3.8998,13.361,3.1916,4.5559,-4.3802
rb,AUDJPY,forex,False,ny_fx,M15,15,RB,0,False,False,M15,3041,1622,0.53338,-0.067869,-3.8154,0.43958,-0.012088,0.05578,1240,-0.078923,382,-0.031986,2015,-0.23551,0.16667,-0.056318,-0.044767,False,False,15:-0.236(144.0) 16:-0.206(153.0) 17:-0.112(138.0) 18:-0.085(134.0) 19:-0.067(133.0) 20:-0.013(138.0) 21:+0.087(128.0) 22:-0.041(129.0) 23:-0.005(143.0) 24:-0.107(136.0) 25:-0.038(139.0) 26:+0.071(107.0),2015-01-05,2026-10-07,,1042,-0.048667,580,-0.10237,0,,-110.08,839.41,-97.864,685.31,-12.219,154.1,-91.347
dt,AUDJPY,forex,False,ny_fx,M30,30,k=0.3,0.3,False,False,M15,3041,1533,0.50411,-0.046102,-3.5248,0.40705,-0.010738,0.035364,1163,-0.053649,370,-0.02238,2017,-0.099742,0.16667,-0.034657,-0.023212,False,False,15:-0.093(118.0) 16:-0.070(123.0) 17:-0.100(124.0) 18:-0.018(134.0) 19:-0.064(141.0) 20:-0.060(132.0) 21:+0.026(136.0) 22:-0.080(135.0) 23:-0.031(120.0) 24:+0.030(137.0) 25:-0.034(134.0) 26:-0.080(99.0),2015-01-09,2026-10-08,0.0032616,,,,,,,-70.674,405.02,-62.393,302.48,-8.2804,102.54,-53.129
dt,AUDJPY,forex,False,ny_fx,M30,30,k=0.5,0.5,False,False,M15,3041,562,0.18481,-0.032009,-1.9644,0.42171,-0.0018998,0.030109,430,-0.044866,132,0.0098758,2015,-0.17904,0.25,-0.031283,-0.030556,False,False,15:-0.179(48.0) 16:-0.049(41.0) 17:-0.049(40.0) 18:-0.036(59.0) 19:-0.041(53.0) 20:-0.107(57.0) 21:+0.059(52.0) 22:-0.037(40.0) 23:+0.053(40.0) 24:+0.104(47.0) 25:-0.013(50.0) 26:-0.084(35.0),2015-01-13,2026-10-01,0,,,,,,,-17.989,84.29,-19.293,65.888,1.3036,18.402,-17.581
dt,AUDJPY,forex,False,ny_fx,M30,30,k=0.7,0.7,False,False,M15,3041,227,0.074646,-0.0027305,-0.14613,0.48458,0.012759,0.01549,176,-0.021683,51,0.062674,2022,-0.11331,0.5,-0.018907,-0.035083,True,False,15:-0.064(20.0) 16:-0.082(19.0) 17:-0.017(11.0) 18:-0.022(26.0) 19:+0.041(19.0) 20:-0.056(20.0) 21:+0.089(22.0) 22:-0.113(17.0) 23:+0.004(22.0) 24:+0.151(17.0) 25:+0.023(21.0) 26:+0.011(13.0),2015-01-21,2026-09-18,0,,,,,,,-0.61983,17.915,-3.8162,13.361,3.1964,4.5534,-4.2918
rb,AUDJPY,forex,False,ny_fx,M30,30,RB,0,False,False,M15,3041,1620,0.53272,-0.069121,-3.8905,0.43765,-0.013855,0.055266,1238,-0.081443,382,-0.029186,2015,-0.25036,0.16667,-0.056237,-0.043353,False,False,15:-0.250(144.0) 16:-0.197(153.0) 17:-0.122(138.0) 18:-0.086(134.0) 19:-0.072(133.0) 20:-0.011(137.0) 21:+0.095(128.0) 22:-0.037(128.0) 23:-0.018(143.0) 24:-0.097(136.0) 25:-0.037(139.0) 26:+0.068(107.0),2015-01-05,2026-10-07,,1041,-0.050822,578,-0.10041,1,-1.0333,-111.98,835.64,-100.83,684.43,-11.149,151.21,-91.104
dt,AUDJPY,forex,False,ny_fx,H1,60,k=0.3,0.3,False,False,M15,3041,1531,0.50345,-0.045443,-3.4756,0.40627,-0.010084,0.035359,1161,-0.052603,370,-0.022978,2017,-0.099714,0.16667,-0.034651,-0.023859,False,False,15:-0.095(117.0) 16:-0.070(123.0) 17:-0.100(124.0) 18:-0.018(134.0) 19:-0.065(141.0) 20:-0.056(132.0) 21:+0.025(136.0) 22:-0.072(134.0) 23:-0.031(120.0) 24:+0.030(137.0) 25:-0.036(134.0) 26:-0.080(99.0),2015-01-09,2026-10-08,0.0058785,,,,,,,-69.574,403.6,-61.072,301.04,-8.5017,102.56,-53.051
dt,AUDJPY,forex,False,ny_fx,H1,60,k=0.5,0.5,False,False,M15,3041,562,0.18481,-0.032156,-1.9727,0.42171,-0.0018998,0.030256,430,-0.045073,132,0.0099223,2015,-0.17966,0.25,-0.03143,-0.030704,False,False,15:-0.180(48.0) 16:-0.049(41.0) 17:-0.049(40.0) 18:-0.036(59.0) 19:-0.041(53.0) 20:-0.108(57.0) 21:+0.059(52.0) 22:-0.037(40.0) 23:+0.053(40.0) 24:+0.105(47.0) 25:-0.013(50.0) 26:-0.084(35.0),2015-01-13,2026-10-01,0,,,,,,,-18.072,84.357,-19.381,65.954,1.3097,18.403,-17.664
dt,AUDJPY,forex,False,ny_fx,H1,60,k=0.7,0.7,False,False,M15,3041,227,0.074646,-0.0027788,-0.14872,0.48458,0.012759,0.015538,176,-0.021756,51,0.062712,2022,-0.11329,0.5,-0.018955,-0.035131,True,False,15:-0.064(20.0) 16:-0.082(19.0) 17:-0.017(11.0) 18:-0.022(26.0) 19:+0.041(19.0) 20:-0.056(20.0) 21:+0.089(22.0) 22:-0.113(17.0) 23:+0.004(22.0) 24:+0.151(17.0) 25:+0.023(21.0) 26:+0.011(13.0),2015-01-21,2026-09-18,0,,,,,,,-0.6308,17.912,-3.8291,13.36,3.1983,4.5518,-4.3027
rb,AUDJPY,forex,False,ny_fx,H1,60,RB,0,False,False,M15,3041,1600,0.52614,-0.087029,-5.0919,0.4325,-0.03213,0.054899,1223,-0.098562,377,-0.049618,2015,-0.22945,0.16667,-0.058305,-0.029581,False,False,15:-0.229(141.0) 16:-0.217(151.0) 17:-0.172(137.0) 18:-0.078(133.0) 19:-0.078(131.0) 20:-0.035(137.0) 21:+0.052(127.0) 22:-0.058(126.0) 23:-0.040(140.0) 24:-0.107(135.0) 25:-0.065(137.0) 26:+0.044(105.0),2015-01-05,2026-10-07,,1034,-0.066424,558,-0.11125,8,-1.0608,-139.25,759.5,-120.54,616.26,-18.706,143.24,-93.288
dt,AUDNZD,forex,False,london24,M15,15,k=0.3,0.3,False,False,M15,3047,2330,0.76469,-0.043117,-3.4659,0.44206,0.011017,0.054134,1774,-0.045282,556,-0.03621,2016,-0.1703,0.33333,-0.054384,-0.065651,True,False,15:-0.033(192.0) 16:-0.170(199.0) 17:-0.023(182.0) 18:-0.062(205.0) 19:-0.066(194.0) 20:+0.017(194.0) 21:-0.055(210.0) 22:-0.044(207.0) 23:+0.035(191.0) 24:+0.009(189.0) 25:-0.112(219.0) 26:+0.019(148.0),2015-01-09,2026-10-09,0.0072961,,,,,,,-100.46,844.15,-80.33,609.44,-20.133,234.71,-126.71
dt,AUDNZD,forex,False,london24,M15,15,k=0.5,0.5,False,False,M15,3047,1081,0.35478,-0.028397,-2.3846,0.44126,0.005101,0.033498,816,-0.033111,265,-0.013881,2025,-0.076306,0.33333,-0.034215,-0.040032,True,False,15:+0.031(79.0) 16:-0.071(88.0) 17:+0.005(82.0) 18:-0.061(88.0) 19:-0.069(98.0) 20:-0.024(92.0) 21:-0.059(97.0) 22:-0.034(99.0) 23:-0.001(93.0) 24:+0.035(89.0) 25:-0.076(98.0) 26:+0.009(78.0),2015-01-09,2026-10-05,0.0018501,,,,,,,-30.697,166.44,-27.019,118.18,-3.6786,48.258,-36.986
dt,AUDNZD,forex,False,london24,M15,15,k=0.7,0.7,False,False,M15,3047,502,0.16475,-0.013195,-1.0026,0.40637,0.013418,0.026612,379,-0.018961,123,0.0045735,2016,-0.067608,0.41667,-0.02955,-0.045905,True,False,15:+0.013(42.0) 16:-0.068(38.0) 17:+0.022(36.0) 18:-0.036(40.0) 19:-0.024(46.0) 20:+0.031(41.0) 21:-0.053(45.0) 22:-0.041(52.0) 23:-0.003(39.0) 24:+0.039(44.0) 25:-0.058(39.0) 26:+0.028(40.0),2015-01-20,2026-10-05,0,,,,,,,-6.6238,43.647,-7.1864,29.557,0.56254,14.09,-14.834
rb,AUDNZD,forex,False,london24,M15,15,RB,0,False,False,M15,3047,907,0.29767,-0.11192,-4.4928,0.40573,-0.030007,0.08191,684,-0.11186,223,-0.11209,2019,-0.27894,0.25,-0.085486,-0.059055,False,False,15:-0.174(82.0) 16:-0.212(88.0) 17:-0.178(88.0) 18:-0.085(73.0) 19:-0.279(77.0) 20:-0.131(64.0) 21:+0.036(67.0) 22:-0.058(82.0) 23:+0.167(63.0) 24:-0.207(83.0) 25:-0.221(76.0) 26:+0.140(64.0),2015-01-06,2026-09-29,,445,-0.11696,460,-0.10272,2,-1.1057,-101.51,521.26,-76.512,396.5,-24.997,124.76,-77.536
dt,AUDNZD,forex,False,london24,M30,30,k=0.3,0.3,False,False,M15,3047,2330,0.76469,-0.044076,-3.5542,0.44206,0.010358,0.054434,1774,-0.046454,556,-0.036488,2016,-0.17104,0.33333,-0.054848,-0.06562,True,False,15:-0.034(192.0) 16:-0.171(199.0) 17:-0.024(182.0) 18:-0.062(205.0) 19:-0.067(194.0) 20:+0.015(194.0) 21:-0.059(210.0) 22:-0.043(207.0) 23:+0.034(191.0) 24:+0.009(189.0) 25:-0.111(219.0) 26:+0.015(148.0),2015-01-09,2026-10-09,0.0094421,,,,,,,-102.7,839.07,-82.409,605.82,-20.287,233.25,-127.8
dt,AUDNZD,forex,False,london24,M30,30,k=0.5,0.5,False,False,M15,3047,1081,0.35478,-0.028825,-2.4213,0.44218,0.005101,0.033926,816,-0.033769,265,-0.0136,2025,-0.076119,0.33333,-0.034642,-0.04046,True,False,15:+0.030(79.0) 16:-0.071(88.0) 17:+0.006(82.0) 18:-0.061(88.0) 19:-0.070(98.0) 20:-0.024(92.0) 21:-0.063(97.0) 22:-0.035(99.0) 23:-0.002(93.0) 24:+0.035(89.0) 25:-0.076(98.0) 26:+0.009(78.0),2015-01-09,2026-10-05,0.0027752,,,,,,,-31.159,166.35,-27.555,118.04,-3.6041,48.313,-37.448
dt,AUDNZD,forex,False,london24,M30,30,k=0.7,0.7,False,False,M15,3047,502,0.16475,-0.012764,-0.97098,0.40837,0.013418,0.026181,379,-0.018513,123,0.0049509,2016,-0.068009,0.41667,-0.029119,-0.045474,True,False,15:+0.013(42.0) 16:-0.068(38.0) 17:+0.022(36.0) 18:-0.037(40.0) 19:-0.024(46.0) 20:+0.031(41.0) 21:-0.048(45.0) 22:-0.041(52.0) 23:-0.003(39.0) 24:+0.040(44.0) 25:-0.058(39.0) 26:+0.028(40.0),2015-01-20,2026-10-05,0,,,,,,,-6.4074,43.541,-7.0164,29.444,0.60896,14.097,-14.618
rb,AUDNZD,forex,False,london24,M30,30,RB,0,False,False,M15,3047,903,0.29636,-0.12554,-4.9793,0.4031,-0.041554,0.083982,681,-0.12276,222,-0.13405,2019,-0.33983,0.25,-0.087704,-0.049872,False,False,15:-0.191(81.0) 16:-0.197(88.0) 17:-0.202(87.0) 18:-0.071(72.0) 19:-0.340(77.0) 20:-0.140(64.0) 21:+0.034(67.0) 22:-0.070(82.0) 23:+0.167(63.0) 24:-0.199(82.0) 25:-0.270(76.0) 26:+0.110(64.0),2015-01-06,2026-09-29,,445,-0.12535,457,-0.12371,1,-1.0435,-113.36,531.94,-83.6,409.07,-29.759,122.87,-79.197
dt,AUDNZD,forex,False,london24,H1,60,k=0.3,0.3,False,True,M15,3047,2300,0.75484,-0.040795,-3.2729,0.44957,0.013602,0.054397,1752,-0.044371,548,-0.029361,2016,-0.16431,0.33333,-0.055425,-0.070055,True,False,15:-0.025(191.0) 16:-0.164(197.0) 17:-0.023(180.0) 18:-0.072(202.0) 19:-0.062(190.0) 20:+0.011(193.0) 21:-0.045(203.0) 22:-0.046(206.0) 23:+0.033(190.0) 24:+0.013(186.0) 25:-0.097(215.0) 26:+0.017(147.0),2015-01-09,2026-10-09,0.014783,,,,,,,-93.828,825.35,-77.738,602.26,-16.09,223.09,-127.48
dt,AUDNZD,forex,False,london24,H1,60,k=0.5,0.5,False,True,M15,3047,1058,0.34723,-0.028629,-2.3607,0.44045,0.0052296,0.033859,797,-0.033173,261,-0.014752,2025,-0.079375,0.33333,-0.034818,-0.041006,True,False,15:+0.044(76.0) 16:-0.072(84.0) 17:+0.003(79.0) 18:-0.069(84.0) 19:-0.070(97.0) 20:-0.026(90.0) 21:-0.059(97.0) 22:-0.034(97.0) 23:-0.001(93.0) 24:+0.034(87.0) 25:-0.079(97.0) 26:+0.011(77.0),2015-01-09,2026-10-05,0.0037807,,,,,,,-30.289,165.33,-26.439,117.58,-3.8503,47.756,-36.837
dt,AUDNZD,forex,False,london24,H1,60,k=0.7,0.7,False,True,M15,3047,488,0.16016,-0.011515,-0.85457,0.42418,0.014604,0.026119,369,-0.016919,119,0.0052404,2016,-0.05577,0.5,-0.029632,-0.047749,True,False,15:+0.025(39.0) 16:-0.056(37.0) 17:+0.026(36.0) 18:-0.056(39.0) 19:-0.029(45.0) 20:+0.032(40.0) 21:-0.038(43.0) 22:-0.050(51.0) 23:+0.007(39.0) 24:+0.031(44.0) 25:-0.047(38.0) 26:+0.029(37.0),2015-01-20,2026-10-05,0,,,,,,,-5.6194,43.216,-6.243,29.37,0.62361,13.846,-14.46
rb,AUDNZD,forex,False,london24,H1,60,RB,0,False,True,M15,3047,863,0.28323,-0.13132,-5.0725,0.42178,-0.047108,0.084207,649,-0.11934,214,-0.16764,2019,-0.30964,0.083333,-0.089824,-0.048332,False,False,15:-0.187(74.0) 16:-0.224(88.0) 17:-0.179(82.0) 18:-0.048(70.0) 19:-0.310(74.0) 20:-0.118(63.0) 21:-0.014(60.0) 22:-0.091(79.0) 23:+0.212(59.0) 24:-0.205(78.0) 25:-0.264(74.0) 26:-0.006(62.0),2015-01-09,2026-09-29,,428,-0.12038,427,-0.124,8,-1.1066,-113.33,513.44,-77.451,393.09,-35.874,120.35,-77.518
dt,AUDNZD,forex,False,ny_fx,M15,15,k=0.3,0.3,False,False,M15,3042,1426,0.46877,-0.16637,-13.996,0.31487,-0.097473,0.068901,1084,-0.15178,342,-0.21264,2026,-0.26268,0,-0.07284,0.020694,False,False,15:-0.189(108.0) 16:-0.194(114.0) 17:-0.158(104.0) 18:-0.183(123.0) 19:-0.168(131.0) 20:-0.097(132.0) 21:-0.120(128.0) 22:-0.132(135.0) 23:-0.136(109.0) 24:-0.195(115.0) 25:-0.199(145.0) 26:-0.263(82.0),2015-01-09,2026-10-02,0.0084151,,,,,,,-237.25,326.6,-164.53,229.18,-72.724,97.42,-103.87
dt,AUDNZD,forex,False,ny_fx,M15,15,k=0.5,0.5,False,False,M15,3042,455,0.14957,-0.12062,-8.2875,0.2967,-0.075243,0.045375,348,-0.11199,107,-0.14869,2025,-0.17864,0,-0.048721,0.023176,False,False,15:-0.111(38.0) 16:-0.065(32.0) 17:-0.110(29.0) 18:-0.176(37.0) 19:-0.116(37.0) 20:-0.106(54.0) 21:-0.116(46.0) 22:-0.109(46.0) 23:-0.091(29.0) 24:-0.100(30.0) 25:-0.179(52.0) 26:-0.145(25.0),2015-01-26,2026-10-02,0.0065934,,,,,,,-54.881,50.377,-38.971,34.809,-15.91,15.568,-22.168
dt,AUDNZD,forex,False,ny_fx,M15,15,k=0.7,0.7,False,False,M15,3042,153,0.050296,-0.093395,-4.8885,0.27451,-0.055084,0.038311,122,-0.097526,31,-0.077136,2021,-0.15957,0,-0.045399,0.0025965,False,False,15:-0.067(14.0) 16:-0.075(13.0) 17:-0.102(13.0) 18:-0.037(11.0) 19:-0.097(13.0) 20:-0.126(22.0) 21:-0.160(16.0) 22:-0.132(13.0) 23:+0.008(7.0) 24:+0.006(9.0) 25:-0.128(16.0) 26:-0.065(6.0),2015-01-28,2026-09-30,0,,,,,,,-14.289,9.823,-11.898,7.3412,-2.3912,2.4818,-6.9461
rb,AUDNZD,forex,False,ny_fx,M15,15,RB,0,False,False,M15,3042,1737,0.57101,-0.15543,-11.532,0.36557,-0.066235,0.089193,1328,-0.16674,409,-0.1187,2016,-0.2672,0,-0.099942,-0.044455,False,False,15:-0.163(151.0) 16:-0.267(155.0) 17:-0.203(157.0) 18:-0.232(148.0) 19:-0.175(130.0) 20:-0.042(149.0) 21:-0.185(138.0) 22:-0.137(144.0) 23:-0.096(156.0) 24:-0.052(147.0) 25:-0.239(143.0) 26:-0.056(119.0),2015-01-06,2026-10-01,,1103,-0.10371,624,-0.2313,10,-1.1259,-269.98,589.71,-221.43,438.7,-48.547,151.01,-173.6
dt,AUDNZD,forex,False,ny_fx,M30,30,k=0.3,0.3,False,False,M15,3042,1424,0.46811,-0.16609,-14.002,0.31531,-0.09707,0.069024,1083,-0.15251,341,-0.20924,2026,-0.26154,0,-0.072744,0.020606,False,False,15:-0.190(108.0) 16:-0.193(113.0) 17:-0.158(104.0) 18:-0.184(123.0) 19:-0.174(131.0) 20:-0.095(132.0) 21:-0.121(128.0) 22:-0.134(135.0) 23:-0.136(109.0) 24:-0.185(114.0) 25:-0.199(145.0) 26:-0.262(82.0),2015-01-09,2026-10-02,0.0098315,,,,,,,-236.52,324.43,-165.17,229.06,-71.35,95.368,-103.59
dt,AUDNZD,forex,False,ny_fx,M30,30,k=0.5,0.5,False,False,M15,3042,454,0.14924,-0.11892,-8.233,0.29736,-0.073314,0.045608,348,-0.11255,106,-0.13984,2025,-0.17846,0,-0.048961,0.021,False,False,15:-0.112(38.0) 16:-0.065(32.0) 17:-0.109(29.0) 18:-0.178(37.0) 19:-0.116(37.0) 20:-0.106(54.0) 21:-0.117(46.0) 22:-0.109(46.0) 23:-0.091(29.0) 24:-0.066(29.0) 25:-0.178(52.0) 26:-0.145(25.0),2015-01-26,2026-10-02,0.0066079,,,,,,,-53.99,49.331,-39.167,34.897,-14.823,14.434,-22.228
dt,AUDNZD,forex,False,ny_fx,M30,30,k=0.7,0.7,False,False,M15,3042,153,0.050296,-0.093476,-4.9011,0.27451,-0.055074,0.038403,122,-0.097728,31,-0.076744,2021,-0.15828,0,-0.045491,0.0024949,False,False,15:-0.067(14.0) 16:-0.075(13.0) 17:-0.103(13.0) 18:-0.037(11.0) 19:-0.096(13.0) 20:-0.127(22.0) 21:-0.158(16.0) 22:-0.133(13.0) 23:+0.007(7.0) 24:+0.006(9.0) 25:-0.128(16.0) 26:-0.065(6.0),2015-01-28,2026-09-30,0,,,,,,,-14.302,9.7965,-11.923,7.3198,-2.3791,2.4767,-6.9601
rb,AUDNZD,forex,False,ny_fx,M30,30,RB,0,False,False,M15,3042,1726,0.56739,-0.15645,-11.564,0.36153,-0.067442,0.089004,1319,-0.1613,407,-0.14073,2025,-0.27219,0,-0.096738,-0.037029,False,False,15:-0.154(150.0) 16:-0.264(154.0) 17:-0.172(156.0) 18:-0.234(148.0) 19:-0.175(130.0) 20:-0.048(149.0) 21:-0.180(134.0) 22:-0.132(142.0) 23:-0.095(156.0) 24:-0.083(146.0) 25:-0.272(142.0) 26:-0.055(119.0),2015-01-06,2026-10-01,,1099,-0.10317,614,-0.23141,13,-1.1198,-270.03,587.15,-212.75,438.05,-57.276,149.11,-166.97
dt,AUDNZD,forex,False,ny_fx,H1,60,k=0.3,0.3,False,False,M15,3042,1423,0.46778,-0.16772,-14.172,0.31623,-0.098427,0.069289,1082,-0.15485,341,-0.20852,2026,-0.25869,0,-0.073643,0.020429,False,False,15:-0.201(108.0) 16:-0.193(113.0) 17:-0.159(104.0) 18:-0.183(122.0) 19:-0.177(131.0) 20:-0.100(132.0) 21:-0.123(128.0) 22:-0.134(135.0) 23:-0.137(109.0) 24:-0.185(114.0) 25:-0.198(145.0) 26:-0.259(82.0),2015-01-09,2026-10-02,0.016163,,,,,,,-238.66,323.4,-167.55,228.5,-71.107,94.898,-104.79
dt,AUDNZD,forex,False,ny_fx,H1,60,k=0.5,0.5,False,False,M15,3042,454,0.14924,-0.12087,-8.392,0.29956,-0.074662,0.046203,348,-0.11518,106,-0.13953,2018,-0.1786,0,-0.049556,0.021752,False,False,15:-0.113(38.0) 16:-0.065(32.0) 17:-0.110(29.0) 18:-0.179(37.0) 19:-0.123(37.0) 20:-0.114(54.0) 21:-0.119(46.0) 22:-0.110(46.0) 23:-0.091(29.0) 24:-0.065(29.0) 25:-0.178(52.0) 26:-0.145(25.0),2015-01-26,2026-10-02,0.0066079,,,,,,,-54.873,49.292,-40.082,34.91,-14.791,14.382,-22.499
dt,AUDNZD,forex,False,ny_fx,H1,60,k=0.7,0.7,False,False,M15,3042,153,0.050296,-0.09421,-4.9254,0.27451,-0.055074,0.039137,122,-0.09871,31,-0.076504,2021,-0.16249,0,-0.046225,0.001761,False,False,15:-0.069(14.0) 16:-0.075(13.0) 17:-0.103(13.0) 18:-0.039(11.0) 19:-0.096(13.0) 20:-0.127(22.0) 21:-0.162(16.0) 22:-0.133(13.0) 23:+0.006(7.0) 24:+0.006(9.0) 25:-0.127(16.0) 26:-0.065(6.0),2015-01-28,2026-09-30,0,,,,,,,-14.414,9.8664,-12.043,7.3912,-2.3716,2.4752,-7.0724
rb,AUDNZD,forex,False,ny_fx,H1,60,RB,0,False,False,M15,3042,1709,0.5618,-0.1528,-11.478,0.36981,-0.065064,0.087734,1307,-0.1576,402,-0.13718,2016,-0.26569,0,-0.094685,-0.036571,False,False,15:-0.130(147.0) 16:-0.266(153.0) 17:-0.182(153.0) 18:-0.212(146.0) 19:-0.188(130.0) 20:-0.044(148.0) 21:-0.169(134.0) 22:-0.153(142.0) 23:-0.079(154.0) 24:-0.075(143.0) 25:-0.250(142.0) 26:-0.077(117.0),2015-01-06,2026-10-01,,1099,-0.10597,600,-0.22231,10,-1.1287,-261.13,557.23,-205.99,423.45,-55.145,133.78,-161.82
dt,AUDUSD,forex,False,london24,M15,15,k=0.3,0.3,False,False,M15,3046,2279,0.74819,-0.0045182,-0.36203,0.4853,0.020472,0.02499,1728,-0.00034832,551,-0.017596,2021,-0.047103,0.41667,-0.0262,-0.047882,True,False,15:+0.044(191.0) 16:+0.046(185.0) 17:-0.016(201.0) 18:-0.017(191.0) 19:+0.012(180.0) 20:-0.027(192.0) 21:-0.047(198.0) 22:-0.002(192.0) 23:+0.008(198.0) 24:+0.007(189.0) 25:-0.037(203.0) 26:-0.022(159.0),2015-01-09,2026-10-08,0.0039491,,,,,,,-10.297,808.66,-0.60189,611,-9.6952,197.66,-59.71
dt,AUDUSD,forex,False,london24,M15,15,k=0.5,0.5,False,False,M15,3046,1102,0.36179,-0.017267,-1.4825,0.47278,-0.00080723,0.01646,841,-0.015467,261,-0.023067,2020,-0.057554,0.25,-0.018007,-0.018748,True,False,15:-0.018(94.0) 16:+0.003(90.0) 17:-0.015(98.0) 18:-0.039(103.0) 19:+0.051(83.0) 20:-0.058(90.0) 21:-0.041(89.0) 22:+0.020(88.0) 23:-0.030(106.0) 24:-0.022(100.0) 25:-0.013(91.0) 26:-0.037(70.0),2015-01-09,2026-10-07,0.00090744,,,,,,,-19.029,164.94,-13.008,124.41,-6.0206,40.522,-19.844
dt,AUDUSD,forex,False,london24,M15,15,k=0.7,0.7,False,False,M15,3046,504,0.16546,-0.0083081,-0.65569,0.47817,0.0058483,0.014156,380,-0.0030159,124,-0.024526,2025,-0.057994,0.33333,-0.016951,-0.025593,True,False,15:-0.030(50.0) 16:+0.028(40.0) 17:-0.014(45.0) 18:-0.036(48.0) 19:+0.052(42.0) 20:-0.026(38.0) 21:-0.022(41.0) 22:+0.040(36.0) 23:-0.002(40.0) 24:+0.010(47.0) 25:-0.058(44.0) 26:-0.028(33.0),2015-01-09,2026-09-23,0,,,,,,,-4.1873,40.736,-1.146,29.23,-3.0412,11.506,-8.5432
rb,AUDUSD,forex,False,london24,M15,15,RB,0,False,False,M15,3046,966,0.31714,-0.044077,-1.8323,0.44617,-0.0074725,0.036604,727,-0.027042,239,-0.095892,2023,-0.20544,0.33333,-0.044206,-0.044335,True,False,15:+0.076(80.0) 16:-0.071(81.0) 17:+0.016(85.0) 18:-0.071(75.0) 19:+0.023(87.0) 20:-0.019(95.0) 21:-0.030(60.0) 22:+0.031(81.0) 23:-0.205(83.0) 24:-0.045(89.0) 25:-0.113(75.0) 26:-0.139(75.0),2015-01-06,2026-10-07,,459,-0.064344,504,-0.019675,3,-1.0426,-42.578,541.27,-19.66,412.08,-22.918,129.2,-42.703
dt,AUDUSD,forex,False,london24,M30,30,k=0.3,0.3,False,False,M15,3046,2278,0.74787,-0.0040502,-0.32434,0.48507,0.020618,0.024668,1728,8.2277e-05,550,-0.017034,2021,-0.043047,0.41667,-0.025815,-0.04758,True,False,15:+0.045(191.0) 16:+0.046(185.0) 17:-0.015(201.0) 18:-0.017(191.0) 19:+0.011(180.0) 20:-0.028(192.0) 21:-0.043(198.0) 22:-0.002(192.0) 23:+0.008(198.0) 24:+0.007(189.0) 25:-0.035(202.0) 26:-0.022(159.0),2015-01-09,2026-10-08,0.0057068,,,,,,,-9.2264,808.9,0.14217,611.46,-9.3686,197.44,-58.806
dt,AUDUSD,forex,False,london24,M30,30,k=0.5,0.5,False,False,M15,3046,1102,0.36179,-0.017263,-1.4826,0.47278,-0.00072647,0.016536,841,-0.015567,261,-0.022726,2020,-0.05896,0.25,-0.018084,-0.018905,True,False,15:-0.019(94.0) 16:+0.003(90.0) 17:-0.016(98.0) 18:-0.039(103.0) 19:+0.050(83.0) 20:-0.059(90.0) 21:-0.040(89.0) 22:+0.020(88.0) 23:-0.030(106.0) 24:-0.022(100.0) 25:-0.012(91.0) 26:-0.037(70.0),2015-01-09,2026-10-07,0.00090744,,,,,,,-19.023,164.81,-13.092,124.38,-5.9314,40.436,-19.928
dt,AUDUSD,forex,False,london24,M30,30,k=0.7,0.7,False,False,M15,3046,504,0.16546,-0.0080683,-0.63671,0.47817,0.0058483,0.013917,380,-0.0027107,124,-0.024486,2025,-0.057928,0.33333,-0.016711,-0.025354,True,False,15:-0.030(50.0) 16:+0.028(40.0) 17:-0.014(45.0) 18:-0.036(48.0) 19:+0.051(42.0) 20:-0.024(38.0) 21:-0.021(41.0) 22:+0.040(36.0) 23:-0.002(40.0) 24:+0.009(47.0) 25:-0.058(44.0) 26:-0.028(33.0),2015-01-09,2026-09-23,0,,,,,,,-4.0664,40.74,-1.0301,29.238,-3.0363,11.502,-8.4223
rb,AUDUSD,forex,False,london24,M30,30,RB,0,False,False,M15,3046,963,0.31615,-0.048245,-1.9984,0.44341,-0.01195,0.036295,724,-0.029911,239,-0.10378,2023,-0.20106,0.33333,-0.045177,-0.042109,False,False,15:+0.088(79.0) 16:-0.091(81.0) 17:+0.024(84.0) 18:-0.072(75.0) 19:+0.009(87.0) 20:-0.013(95.0) 21:-0.062(60.0) 22:+0.038(80.0) 23:-0.201(83.0) 24:-0.051(89.0) 25:-0.113(75.0) 26:-0.156(75.0),2015-01-06,2026-10-07,,458,-0.06807,502,-0.02421,3,-1.0436,-46.46,542.18,-21.656,410.56,-24.804,131.62,-43.505
dt,AUDUSD,forex,False,london24,H1,60,k=0.3,0.3,False,True,M15,3046,2223,0.72981,-0.0064786,-0.52282,0.48088,0.017613,0.024092,1688,-0.0033853,535,-0.016238,2018,-0.049706,0.33333,-0.025762,-0.045044,True,False,15:+0.032(185.0) 16:+0.046(181.0) 17:-0.015(198.0) 18:-0.050(188.0) 19:-0.010(172.0) 20:-0.019(189.0) 21:-0.030(191.0) 22:-0.001(190.0) 23:+0.020(194.0) 24:+0.002(187.0) 25:-0.026(194.0) 26:-0.026(154.0),2015-01-09,2026-10-08,0.0071975,,,,,,,-14.402,758.57,-5.7144,571.43,-8.6875,187.15,-57.268
dt,AUDUSD,forex,False,london24,H1,60,k=0.5,0.5,False,True,M15,3046,1062,0.34865,-0.020609,-1.7738,0.47363,-0.0043164,0.016293,811,-0.020342,251,-0.021472,2018,-0.06194,0.25,-0.017824,-0.015039,False,False,15:-0.022(90.0) 16:+0.013(88.0) 17:-0.023(97.0) 18:-0.062(97.0) 19:+0.019(81.0) 20:-0.047(86.0) 21:-0.056(88.0) 22:+0.039(83.0) 23:-0.031(101.0) 24:-0.033(96.0) 25:-0.001(88.0) 26:-0.033(67.0),2015-01-09,2026-10-07,0.0018832,,,,,,,-21.887,152.56,-16.498,114.87,-5.3894,37.683,-18.929
dt,AUDUSD,forex,False,london24,H1,60,k=0.7,0.7,False,True,M15,3046,479,0.15726,-0.012141,-0.94024,0.4739,0.001281,0.013422,361,-0.0096495,118,-0.019761,2018,-0.0504,0.33333,-0.016643,-0.021146,True,False,15:-0.034(46.0) 16:+0.030(39.0) 17:-0.023(43.0) 18:-0.050(48.0) 19:+0.016(40.0) 20:-0.035(37.0) 21:-0.016(34.0) 22:+0.053(35.0) 23:-0.010(39.0) 24:+0.003(43.0) 25:-0.042(43.0) 26:-0.021(32.0),2015-01-09,2026-09-23,0,,,,,,,-5.8153,38.244,-3.4835,27.732,-2.3318,10.511,-7.9721
rb,AUDUSD,forex,False,london24,H1,60,RB,0,False,True,M15,3046,926,0.30401,-0.058077,-2.3725,0.43197,-0.021432,0.036645,701,-0.04511,225,-0.098476,2023,-0.21148,0.16667,-0.049243,-0.040409,False,False,15:-0.003(77.0) 16:-0.031(77.0) 17:+0.028(80.0) 18:-0.119(72.0) 19:-0.023(86.0) 20:-0.007(93.0) 21:-0.094(58.0) 22:+0.031(78.0) 23:-0.211(80.0) 24:-0.041(84.0) 25:-0.162(70.0) 26:-0.104(71.0),2015-01-06,2026-09-29,,440,-0.079555,481,-0.02774,5,-1.0864,-53.779,516.4,-31.622,384.88,-22.157,131.52,-45.599
dt,AUDUSD,forex,False,ny_fx,M15,15,k=0.3,0.3,False,False,M15,3042,1684,0.55358,-0.02113,-1.5673,0.46021,0.011509,0.032639,1266,-0.023764,418,-0.013153,2020,-0.094508,0.33333,-0.03375,-0.04637,True,False,15:+0.030(132.0) 16:-0.052(144.0) 17:-0.045(141.0) 18:+0.088(141.0) 19:-0.062(135.0) 20:-0.095(142.0) 21:-0.069(151.0) 22:+0.018(137.0) 23:-0.022(143.0) 24:+0.007(153.0) 25:-0.002(147.0) 26:-0.053(118.0),2015-01-08,2026-10-08,0.0089074,,,,,,,-35.583,515.91,-30.085,380.91,-5.4978,135,-56.835
dt,AUDUSD,forex,False,ny_fx,M15,15,k=0.5,0.5,False,False,M15,3042,677,0.22255,-0.0071068,-0.48955,0.48449,0.015328,0.022435,509,-0.015955,168,0.0197,2020,-0.093846,0.5,-0.022975,-0.038843,True,False,15:+0.030(57.0) 16:-0.022(59.0) 17:-0.049(58.0) 18:+0.060(55.0) 19:-0.026(51.0) 20:-0.094(49.0) 21:-0.090(65.0) 22:+0.028(58.0) 23:+0.020(57.0) 24:+0.013(68.0) 25:+0.058(56.0) 26:-0.020(44.0),2015-01-09,2026-10-08,0.0014771,,,,,,,-4.8113,96.481,-8.1209,73.941,3.3096,22.54,-15.554
dt,AUDUSD,forex,False,ny_fx,M15,15,k=0.7,0.7,False,False,M15,3042,299,0.098291,0.0077522,0.47133,0.51505,0.025404,0.017652,218,0.010304,81,0.00088509,2020,-0.10348,0.5,-0.019441,-0.046633,True,False,15:+0.029(30.0) 16:+0.050(22.0) 17:-0.016(28.0) 18:+0.069(22.0) 19:-0.063(24.0) 20:-0.103(22.0) 21:-0.020(27.0) 22:+0.072(20.0) 23:+0.091(23.0) 24:+0.030(31.0) 25:-0.009(30.0) 26:-0.030(20.0),2015-01-09,2026-10-08,0.0033445,,,,,,,2.3179,24.123,2.2462,17.623,0.071693,6.4997,-5.8127
rb,AUDUSD,forex,False,ny_fx,M15,15,RB,0,False,False,M15,3042,1552,0.51019,-0.048955,-2.6816,0.4317,-0.0041752,0.044779,1178,-0.035364,374,-0.09176,2026,-0.1705,0.16667,-0.042304,-0.035654,False,False,15:+0.094(133.0) 16:-0.073(134.0) 17:-0.012(136.0) 18:-0.017(127.0) 19:-0.015(130.0) 20:-0.123(134.0) 21:-0.089(132.0) 22:-0.026(126.0) 23:-0.056(126.0) 24:-0.127(130.0) 25:+0.016(128.0) 26:-0.170(116.0),2015-01-05,2026-10-07,,941,-0.050677,604,-0.034423,7,-1.0712,-75.978,805.96,-41.659,630.16,-34.318,175.8,-65.656
dt,AUDUSD,forex,False,ny_fx,M30,30,k=0.3,0.3,False,False,M15,3042,1679,0.55194,-0.018417,-1.3698,0.45801,0.013284,0.031701,1262,-0.020736,417,-0.011399,2020,-0.087192,0.33333,-0.032548,-0.046679,True,False,15:+0.032(132.0) 16:-0.050(144.0) 17:-0.050(140.0) 18:+0.088(141.0) 19:-0.054(134.0) 20:-0.087(142.0) 21:-0.065(151.0) 22:+0.016(137.0) 23:-0.010(141.0) 24:+0.011(152.0) 25:-0.002(147.0) 26:-0.052(118.0),2015-01-08,2026-10-08,0.013699,,,,,,,-30.922,509.86,-26.168,376.25,-4.7532,133.61,-54.648
dt,AUDUSD,forex,False,ny_fx,M30,30,k=0.5,0.5,False,False,M15,3042,677,0.22255,-0.0067799,-0.46819,0.48449,0.015516,0.022296,509,-0.015539,168,0.019759,2020,-0.092157,0.5,-0.022837,-0.038893,True,False,15:+0.030(57.0) 16:-0.019(59.0) 17:-0.050(58.0) 18:+0.060(55.0) 19:-0.026(51.0) 20:-0.092(49.0) 21:-0.090(65.0) 22:+0.028(58.0) 23:+0.020(57.0) 24:+0.013(68.0) 25:+0.058(56.0) 26:-0.020(44.0),2015-01-09,2026-10-08,0.0029542,,,,,,,-4.59,96.002,-7.9095,73.456,3.3195,22.546,-15.46
dt,AUDUSD,forex,False,ny_fx,M30,30,k=0.7,0.7,False,False,M15,3042,299,0.098291,0.0087368,0.5348,0.51505,0.025821,0.017084,218,0.011649,81,0.00089876,2020,-0.099345,0.5,-0.018872,-0.046482,True,False,15:+0.029(30.0) 16:+0.056(22.0) 17:-0.016(28.0) 18:+0.069(22.0) 19:-0.063(24.0) 20:-0.099(22.0) 21:-0.017(27.0) 22:+0.072(20.0) 23:+0.091(23.0) 24:+0.030(31.0) 25:-0.009(30.0) 26:-0.030(20.0),2015-01-09,2026-10-08,0.0033445,,,,,,,2.6123,23.802,2.5395,17.302,0.072799,6.5,-5.6429
rb,AUDUSD,forex,False,ny_fx,M30,30,RB,0,False,False,M15,3042,1546,0.50822,-0.060152,-3.3325,0.42755,-0.016075,0.044078,1175,-0.04956,371,-0.093701,2026,-0.16733,0.16667,-0.045222,-0.030291,False,False,15:+0.055(133.0) 16:-0.045(132.0) 17:-0.036(136.0) 18:-0.077(127.0) 19:-0.044(130.0) 20:-0.117(133.0) 21:-0.080(132.0) 22:-0.040(126.0) 23:-0.064(126.0) 24:-0.135(129.0) 25:+0.015(127.0) 26:-0.167(115.0),2015-01-05,2026-10-07,,939,-0.055981,597,-0.049984,10,-1.0589,-92.996,783.81,-58.233,614.94,-34.763,168.88,-69.913
dt,AUDUSD,forex,False,ny_fx,H1,60,k=0.3,0.3,False,False,M15,3042,1674,0.5503,-0.019293,-1.4415,0.45759,0.011528,0.030821,1259,-0.020397,415,-0.015943,2020,-0.083633,0.33333,-0.031669,-0.044046,True,False,15:+0.016(132.0) 16:-0.048(144.0) 17:-0.042(139.0) 18:+0.088(141.0) 19:-0.049(133.0) 20:-0.084(142.0) 21:-0.066(151.0) 22:+0.010(137.0) 23:-0.002(140.0) 24:+0.009(151.0) 25:-0.003(146.0) 26:-0.064(118.0),2015-01-08,2026-10-08,0.017921,,,,,,,-32.296,502.28,-25.68,366.17,-6.6164,136.11,-53.015
dt,AUDUSD,forex,False,ny_fx,H1,60,k=0.5,0.5,False,False,M15,3042,676,0.22222,-0.0043096,-0.29992,0.48521,0.017127,0.021436,508,-0.012289,168,0.019817,2020,-0.088299,0.58333,-0.021977,-0.039645,True,False,15:+0.030(57.0) 16:+0.003(58.0) 17:-0.051(58.0) 18:+0.060(55.0) 19:-0.026(51.0) 20:-0.088(49.0) 21:-0.086(65.0) 22:+0.028(58.0) 23:+0.020(57.0) 24:+0.014(68.0) 25:+0.058(56.0) 26:-0.020(44.0),2015-01-09,2026-10-08,0.0044379,,,,,,,-2.9133,94.225,-6.2426,71.68,3.3293,22.545,-14.857
dt,AUDUSD,forex,False,ny_fx,H1,60,k=0.7,0.7,False,False,M15,3042,298,0.097962,0.013021,0.81429,0.52013,0.029371,0.01635,217,0.017533,81,0.00093173,2020,-0.094551,0.5,-0.018145,-0.049311,True,False,15:+0.029(30.0) 16:+0.109(21.0) 17:-0.016(28.0) 18:+0.069(22.0) 19:-0.063(24.0) 20:-0.095(22.0) 21:-0.013(27.0) 22:+0.072(20.0) 23:+0.091(23.0) 24:+0.030(31.0) 25:-0.009(30.0) 26:-0.030(20.0),2015-01-09,2026-10-08,0.0033557,,,,,,,3.8802,22.68,3.8047,16.182,0.07547,6.4987,-5.4072
rb,AUDUSD,forex,False,ny_fx,H1,60,RB,0,False,False,M15,3042,1524,0.50099,-0.07325,-4.1548,0.4206,-0.030947,0.042303,1163,-0.061914,361,-0.10977,2026,-0.17052,0.083333,-0.044041,-0.014832,False,False,15:+0.038(132.0) 16:-0.079(132.0) 17:-0.075(134.0) 18:-0.056(126.0) 19:-0.025(127.0) 20:-0.111(131.0) 21:-0.084(130.0) 22:-0.066(125.0) 23:-0.099(126.0) 24:-0.123(127.0) 25:-0.043(124.0) 26:-0.171(110.0),2015-01-05,2026-10-07,,934,-0.063705,582,-0.074784,8,-1.076,-111.63,729.63,-72.006,579.78,-39.627,149.85,-67.119
dt,AUS200.cash,index,False,au_cash,M5,5,k=0.3,0.3,False,False,M5,1744,922,0.52867,-0.11037,-6.7041,0.38503,-0.0060704,0.1043,540,-0.1736,382,-0.020987,2019,-0.30779,0.125,-0.10515,-0.099923,False,False,19:-0.308(37.0) 20:-0.211(99.0) 21:-0.261(163.0) 22:-0.037(118.0) 23:-0.119(123.0) 24:-0.065(115.0) 25:+0.009(148.0) 26:-0.016(119.0),2019-04-12,2026-10-01,0.0010846,,,,,,,-101.76,241.37,-93.742,157.99,-8.017,83.378,-96.944
dt,AUS200.cash,index,False,au_cash,M5,5,k=0.5,0.5,False,False,M5,1744,353,0.20241,-0.078791,-4.5795,0.35127,-0.00758,0.071211,208,-0.12487,145,-0.012687,2019,-0.23704,0.25,-0.072174,-0.065558,False,False,19:-0.237(14.0) 20:-0.173(40.0) 21:-0.145(64.0) 22:-0.045(45.0) 23:-0.098(45.0) 24:+0.012(40.0) 25:-0.037(65.0) 26:+0.002(40.0),2019-06-17,2026-10-01,0,,,,,,,-27.813,38.973,-25.974,27.879,-1.8396,11.095,-25.478
dt,AUS200.cash,index,False,au_cash,M5,5,k=0.7,0.7,False,False,M5,1744,138,0.079128,-0.056279,-2.7881,0.36232,0.00071751,0.056996,79,-0.080365,59,-0.024028,2021,-0.13326,0.28571,-0.056996,-0.057714,True,False,19:-0.011(4.0) 20:-0.126(12.0) 21:-0.133(30.0) 22:+0.021(19.0) 23:-0.086(14.0) 24:-0.030(18.0) 25:-0.057(22.0) 26:+0.019(19.0),2019-06-28,2026-10-01,0,,,,,,,-7.7665,8.1403,-6.3488,5.3914,-1.4177,2.7489,-7.8655
rb,AUS200.cash,index,False,au_cash,M5,5,RB,0,False,False,M5,1744,899,0.51548,-0.1472,-6.6932,0.38376,-0.014558,0.13264,517,-0.21128,382,-0.060472,2021,-0.49682,0.125,-0.12868,-0.11016,False,False,19:-0.438(59.0) 20:-0.287(100.0) 21:-0.497(107.0) 22:-0.015(129.0) 23:+0.003(122.0) 24:-0.087(149.0) 25:-0.021(129.0) 26:-0.071(104.0),2019-04-11,2026-10-05,,576,-0.0789,323,-0.269,0,,-132.33,409.94,-109.23,275,-23.1,134.94,-115.68
dt,AUS200.cash,index,False,au_cash,M15,15,k=0.3,0.3,False,False,M5,1744,922,0.52867,-0.11117,-6.7479,0.38395,-0.0060423,0.10513,540,-0.17503,382,-0.020903,2019,-0.32731,0.125,-0.10592,-0.10067,False,False,19:-0.327(37.0) 20:-0.211(99.0) 21:-0.261(163.0) 22:-0.037(118.0) 23:-0.119(123.0) 24:-0.065(115.0) 25:+0.009(148.0) 26:-0.016(119.0),2019-04-12,2026-10-01,0.0010846,,,,,,,-102.5,241.88,-94.514,158.5,-7.9851,83.375,-97.659
dt,AUS200.cash,index,False,au_cash,M15,15,k=0.5,0.5,False,False,M5,1744,353,0.20241,-0.079197,-4.6009,0.35127,-0.0074825,0.071715,208,-0.12556,145,-0.012687,2019,-0.2495,0.25,-0.072679,-0.06616,False,False,19:-0.250(14.0) 20:-0.173(40.0) 21:-0.145(64.0) 22:-0.045(45.0) 23:-0.098(45.0) 24:+0.012(40.0) 25:-0.037(65.0) 26:+0.002(40.0),2019-06-17,2026-10-01,0,,,,,,,-27.957,39.031,-26.117,27.936,-1.8396,11.095,-25.656
dt,AUS200.cash,index,False,au_cash,M15,15,k=0.7,0.7,False,False,M5,1744,138,0.079128,-0.056219,-2.7837,0.36232,0.00093219,0.057151,79,-0.08026,59,-0.024028,2021,-0.13326,0.28571,-0.057151,-0.058083,True,False,19:-0.014(4.0) 20:-0.125(12.0) 21:-0.133(30.0) 22:+0.022(19.0) 23:-0.086(14.0) 24:-0.030(18.0) 25:-0.057(22.0) 26:+0.019(19.0),2019-06-28,2026-10-01,0,,,,,,,-7.7582,8.147,-6.3405,5.3982,-1.4177,2.7489,-7.8868
rb,AUS200.cash,index,False,au_cash,M15,15,RB,0,False,False,M5,1744,898,0.51491,-0.13961,-6.4737,0.38753,-0.0097286,0.12988,516,-0.20094,382,-0.056772,2021,-0.47733,0.125,-0.12513,-0.11064,False,False,19:-0.424(59.0) 20:-0.287(100.0) 21:-0.477(106.0) 22:-0.015(129.0) 23:+0.021(122.0) 24:-0.071(149.0) 25:-0.031(129.0) 26:-0.068(104.0),2019-04-11,2026-10-05,,576,-0.076584,322,-0.25235,0,,-125.37,392.12,-103.68,262.66,-21.687,129.46,-112.36
dt,AUS200.cash,index,False,au_cash,M30,30,k=0.3,0.3,False,False,M5,1744,922,0.52867,-0.11142,-6.7606,0.38395,-0.0060486,0.10537,540,-0.17548,382,-0.02086,2019,-0.33184,0.125,-0.10616,-0.10091,False,False,19:-0.332(37.0) 20:-0.212(99.0) 21:-0.261(163.0) 22:-0.037(118.0) 23:-0.119(123.0) 24:-0.064(115.0) 25:+0.009(148.0) 26:-0.016(119.0),2019-04-12,2026-10-01,0.0010846,,,,,,,-102.73,242.08,-94.758,158.72,-7.9686,83.365,-97.88
dt,AUS200.cash,index,False,au_cash,M30,30,k=0.5,0.5,False,False,M5,1744,353,0.20241,-0.078838,-4.5848,0.35127,-0.0074825,0.071355,208,-0.12496,145,-0.012679,2019,-0.24054,0.25,-0.072319,-0.065801,False,False,19:-0.241(14.0) 20:-0.173(40.0) 21:-0.145(64.0) 22:-0.045(45.0) 23:-0.098(45.0) 24:+0.012(40.0) 25:-0.037(65.0) 26:+0.002(40.0),2019-06-17,2026-10-01,0,,,,,,,-27.83,38.935,-25.991,27.84,-1.8384,11.095,-25.529
dt,AUS200.cash,index,False,au_cash,M30,30,k=0.7,0.7,False,False,M5,1744,138,0.079128,-0.056468,-2.7938,0.36232,0.00095272,0.05742,79,-0.080731,59,-0.02398,2021,-0.13326,0.28571,-0.05742,-0.058373,True,False,19:-0.023(4.0) 20:-0.125(12.0) 21:-0.133(30.0) 22:+0.022(19.0) 23:-0.086(14.0) 24:-0.029(18.0) 25:-0.057(22.0) 26:+0.019(19.0),2019-06-28,2026-10-01,0,,,,,,,-7.7926,8.1634,-6.3777,5.415,-1.4148,2.7484,-7.924
rb,AUS200.cash,index,False,au_cash,M30,30,RB,0,False,False,M5,1744,895,0.51319,-0.14777,-7.137,0.38436,-0.018563,0.12921,515,-0.21217,380,-0.060493,2021,-0.49861,0.125,-0.12795,-0.10814,False,False,19:-0.426(59.0) 20:-0.294(100.0) 21:-0.499(106.0) 22:-0.046(128.0) 23:+0.032(122.0) 24:-0.062(147.0) 25:-0.045(129.0) 26:-0.079(104.0),2019-04-11,2026-10-05,,576,-0.079171,319,-0.27163,0,,-132.25,362.54,-109.27,252.22,-22.987,110.32,-114.52
dt,AUS200.cash,index,False,au_cash,H1,60,k=0.3,0.3,False,False,M5,1744,922,0.52867,-0.11314,-6.8624,0.38395,-0.0065813,0.10656,540,-0.17842,382,-0.02086,2019,-0.36168,0.125,-0.1072,-0.10127,False,False,19:-0.362(37.0) 20:-0.212(99.0) 21:-0.261(163.0) 22:-0.041(118.0) 23:-0.119(123.0) 24:-0.064(115.0) 25:+0.009(148.0) 26:-0.016(119.0),2019-04-12,2026-10-01,0.005423,,,,,,,-104.31,242.62,-96.346,159.25,-7.9685,83.365,-98.843
dt,AUS200.cash,index,False,au_cash,H1,60,k=0.5,0.5,False,False,M5,1744,353,0.20241,-0.081406,-4.6925,0.35127,-0.0072679,0.074138,208,-0.12968,145,-0.012152,2019,-0.25719,0.25,-0.075101,-0.068797,False,False,19:-0.257(14.0) 20:-0.192(40.0) 21:-0.145(64.0) 22:-0.045(45.0) 23:-0.098(45.0) 24:+0.012(40.0) 25:-0.036(65.0) 26:+0.002(40.0),2019-06-17,2026-10-01,0.0028329,,,,,,,-28.736,39.734,-26.974,28.51,-1.762,11.225,-26.511
dt,AUS200.cash,index,False,au_cash,H1,60,k=0.7,0.7,False,False,M5,1744,138,0.079128,-0.060507,-2.9197,0.36232,0.00095272,0.06146,79,-0.087787,59,-0.02398,2020,-0.17011,0.28571,-0.06146,-0.062413,True,False,19:-0.029(4.0) 20:-0.170(12.0) 21:-0.133(30.0) 22:+0.022(19.0) 23:-0.086(14.0) 24:-0.029(18.0) 25:-0.057(22.0) 26:+0.019(19.0),2019-06-28,2026-10-01,0,,,,,,,-8.35,8.6247,-6.9352,5.8763,-1.4148,2.7484,-8.4815
rb,AUS200.cash,index,False,au_cash,H1,60,RB,0,False,False,M5,1744,881,0.50516,-0.15746,-7.7236,0.38138,-0.029809,0.12765,508,-0.22397,373,-0.066866,2021,-0.47744,0,-0.12979,-0.10213,False,False,19:-0.434(59.0) 20:-0.288(98.0) 21:-0.477(102.0) 22:-0.074(128.0) 23:-0.015(121.0) 24:-0.070(146.0) 25:-0.057(127.0) 26:-0.074(100.0),2019-04-11,2026-10-05,,574,-0.081598,306,-0.29688,1,-1.0368,-138.72,344.06,-113.78,239.19,-24.941,104.87,-114.35
dt,AVGO,stock,True,us_cash,M5,5,k=0.3,0.3,False,False,M5,1202,741,0.61647,0.034346,1.6898,0.50337,0.037835,0.0034886,342,0.081542,399,-0.0061072,2026,-0.062465,0.5,0.0058692,-0.022608,True,False,20:+0.207(3.0) 21:-0.024(41.0) 22:+0.082(154.0) 23:+0.109(144.0) 24:+0.083(129.0) 25:-0.036(141.0) 26:-0.062(129.0),2020-12-11,2026-10-08,0,,,,,,,25.45,227.42,27.887,111.56,-2.4368,115.86,4.3491
dt,AVGO,stock,True,us_cash,M5,5,k=0.5,0.5,False,False,M5,1202,326,0.27121,0.016806,0.84024,0.47546,0.018938,0.0021315,151,0.048183,175,-0.010267,2026,-0.091599,0.5,-0.0028372,-0.022481,True,False,20:+0.131(1.0) 21:-0.059(21.0) 22:+0.059(62.0) 23:+0.070(67.0) 24:+0.067(57.0) 25:-0.007(61.0) 26:-0.092(57.0),2020-12-18,2026-10-06,0,,,,,,,5.4789,42.479,7.2756,22.18,-1.7967,20.299,-0.92493
dt,AVGO,stock,True,us_cash,M5,5,k=0.7,0.7,False,False,M5,1202,137,0.11398,0.048778,2.3076,0.51095,0.050337,0.0015587,64,0.077356,73,0.023724,2026,-0.024196,0.8,-0.0032003,-0.055179,True,False,21:-0.008(9.0) 22:+0.135(21.0) 23:+0.065(34.0) 24:+0.042(30.0) 25:+0.037(25.0) 26:-0.024(18.0),2021-01-04,2026-10-06,0,,,,,,,6.6826,8.6509,4.9508,4.4703,1.7318,4.1807,-0.43844
rb,AVGO,stock,True,us_cash,M5,5,RB,0,False,False,M5,1202,497,0.41348,-0.0023526,-0.077246,0.48089,0.0025644,0.0049171,222,0.05985,275,-0.052567,2026,-0.077046,0.5,-0.0032285,-0.0041044,True,False,20:-0.438(5.0) 21:+0.108(30.0) 22:+0.079(90.0) 23:+0.053(97.0) 24:-0.006(92.0) 25:-0.075(97.0) 26:-0.077(86.0),2020-12-11,2026-10-08,,292,0.036974,205,-0.058369,0,,-1.1693,228.66,13.287,132.29,-14.456,96.368,-1.6046
dt,AVGO,stock,True,us_cash,M15,15,k=0.3,0.3,False,False,M5,1202,741,0.61647,0.035286,1.737,0.50742,0.038795,0.0035089,342,0.08351,399,-0.006048,2026,-0.062582,0.5,0.0057739,-0.023739,True,False,20:+0.207(3.0) 21:-0.024(41.0) 22:+0.085(154.0) 23:+0.110(144.0) 24:+0.083(129.0) 25:-0.036(141.0) 26:-0.063(129.0),2020-12-11,2026-10-08,0,,,,,,,26.147,227.21,28.56,111.34,-2.4132,115.87,4.2785
dt,AVGO,stock,True,us_cash,M15,15,k=0.5,0.5,False,False,M5,1202,326,0.27121,0.01677,0.83846,0.47546,0.018938,0.002168,151,0.048183,175,-0.010335,2026,-0.091808,0.5,-0.0028738,-0.022517,True,False,20:+0.131(1.0) 21:-0.059(21.0) 22:+0.059(62.0) 23:+0.070(67.0) 24:+0.067(57.0) 25:-0.007(61.0) 26:-0.092(57.0),2020-12-18,2026-10-06,0,,,,,,,5.4669,42.475,7.2756,22.18,-1.8086,20.295,-0.93685
dt,AVGO,stock,True,us_cash,M15,15,k=0.7,0.7,False,False,M5,1202,137,0.11398,0.048959,2.3163,0.51095,0.050526,0.0015678,64,0.077565,73,0.023879,2026,-0.024265,0.8,-0.0032094,-0.055377,True,False,21:-0.007(9.0) 22:+0.135(21.0) 23:+0.065(34.0) 24:+0.042(30.0) 25:+0.037(25.0) 26:-0.024(18.0),2021-01-04,2026-10-06,0,,,,,,,6.7073,8.6523,4.9642,4.4698,1.7431,4.1824,-0.43968
rb,AVGO,stock,True,us_cash,M15,15,RB,0,False,False,M5,1202,496,0.41265,-0.013092,-0.43095,0.47581,-0.0081913,0.0049011,221,0.055341,275,-0.068088,2026,-0.12091,0.5,-0.0024655,0.0081614,False,False,20:-0.438(5.0) 21:+0.068(30.0) 22:+0.081(90.0) 23:+0.053(96.0) 24:-0.006(92.0) 25:-0.080(97.0) 26:-0.121(86.0),2020-12-11,2026-10-08,,291,0.037568,205,-0.085006,0,,-6.4938,226.69,12.23,133.06,-18.724,93.632,-1.2229
dt,AVGO,stock,True,us_cash,M30,30,k=0.3,0.3,False,False,M5,1202,741,0.61647,0.034641,1.7115,0.50742,0.038168,0.0035271,342,0.083596,399,-0.0073206,2026,-0.063339,0.5,0.0051895,-0.024262,True,False,20:+0.207(3.0) 21:-0.024(41.0) 22:+0.085(154.0) 23:+0.110(144.0) 24:+0.080(129.0) 25:-0.036(141.0) 26:-0.063(129.0),2020-12-11,2026-10-08,0.0040486,,,,,,,25.669,225.51,28.59,111.32,-2.9209,114.19,3.8454
dt,AVGO,stock,True,us_cash,M30,30,k=0.5,0.5,False,False,M5,1202,326,0.27121,0.016756,0.83775,0.47546,0.018938,0.0021819,151,0.048183,175,-0.010361,2026,-0.091887,0.5,-0.0028876,-0.022531,True,False,20:+0.131(1.0) 21:-0.059(21.0) 22:+0.059(62.0) 23:+0.070(67.0) 24:+0.067(57.0) 25:-0.007(61.0) 26:-0.092(57.0),2020-12-18,2026-10-06,0,,,,,,,5.4624,42.477,7.2756,22.18,-1.8132,20.297,-0.94136
dt,AVGO,stock,True,us_cash,M30,30,k=0.7,0.7,False,False,M5,1202,137,0.11398,0.048967,2.3164,0.51095,0.050557,0.0015897,64,0.077631,73,0.023837,2026,-0.024432,0.8,-0.0032313,-0.05543,True,False,21:-0.007(9.0) 22:+0.135(21.0) 23:+0.065(34.0) 24:+0.042(30.0) 25:+0.037(25.0) 26:-0.024(18.0),2021-01-04,2026-10-06,0,,,,,,,6.7085,8.6546,4.9684,4.4723,1.7401,4.1823,-0.44268
rb,AVGO,stock,True,us_cash,M30,30,RB,0,False,False,M5,1202,492,0.40932,-0.0143,-0.47221,0.48171,-0.0094863,0.004814,220,0.040649,272,-0.058745,2026,-0.10994,0.66667,-0.0034542,0.007392,False,False,20:-0.438(5.0) 21:+0.067(30.0) 22:+0.079(90.0) 23:+0.021(95.0) 24:+0.013(91.0) 25:-0.081(97.0) 26:-0.110(84.0),2020-12-11,2026-10-08,,288,0.040935,203,-0.087798,1,-1.0021,-7.0358,221.65,8.9428,131.1,-15.979,90.547,-1.6995
dt,AVGO,stock,True,us_cash,H1,60,k=0.3,0.3,False,True,M5,1202,703,0.58486,0.038374,1.9037,0.52063,0.042026,0.0036527,319,0.078612,384,0.0049466,2026,-0.055058,0.66667,0.0050548,-0.028264,True,False,20:+0.089(3.0) 21:+0.028(37.0) 22:+0.057(139.0) 23:+0.114(140.0) 24:+0.098(124.0) 25:-0.024(133.0) 26:-0.055(127.0),2020-12-11,2026-10-08,0.01138,,,,,,,26.977,201.57,25.077,97.632,1.8995,103.94,3.5535
dt,AVGO,stock,True,us_cash,H1,60,k=0.5,0.5,False,True,M5,1202,298,0.24792,0.022574,1.1211,0.51007,0.024849,0.0022754,130,0.056452,168,-0.003642,2026,-0.075051,0.5,-0.0036086,-0.029791,True,False,21:-0.026(20.0) 22:+0.042(50.0) 23:+0.096(60.0) 24:+0.081(56.0) 25:-0.018(57.0) 26:-0.075(55.0),2021-01-04,2026-10-06,0,,,,,,,6.7269,36.033,7.3388,18.513,-0.61186,17.521,-1.0754
dt,AVGO,stock,True,us_cash,H1,60,k=0.7,0.7,False,True,M5,1202,120,0.099834,0.054057,2.5067,0.55833,0.055719,0.0016624,54,0.091849,66,0.023135,2026,-0.020709,0.8,-0.003662,-0.061381,True,False,21:+0.001(8.0) 22:+0.091(20.0) 23:+0.121(26.0) 24:+0.032(28.0) 25:+0.047(21.0) 26:-0.021(17.0),2021-01-04,2026-10-06,0,,,,,,,6.4868,6.9913,4.9599,3.533,1.5269,3.4583,-0.43944
rb,AVGO,stock,True,us_cash,H1,60,RB,0,False,True,M5,1202,447,0.37188,-0.015265,-0.56195,0.46756,-0.01108,0.0041848,197,0.029798,250,-0.050775,2025,-0.089241,0.5,-0.0031256,0.0090139,False,False,20:-0.651(4.0) 21:+0.002(25.0) 22:+0.038(80.0) 23:+0.061(88.0) 24:-0.004(87.0) 25:-0.089(88.0) 26:-0.059(75.0),2020-12-11,2026-10-08,,270,0.026527,176,-0.073771,1,-1.0021,-6.8235,147.22,5.8702,75.644,-12.694,71.572,-1.3972
dt,BA,stock,True,us_cash,M5,5,k=0.3,0.3,False,False,M5,1367,875,0.64009,0.0034407,0.16693,0.488,0.009825,0.0063843,451,0.019225,424,-0.013349,2026,-0.13769,0.42857,-0.007213,-0.017867,True,False,20:-0.014(25.0) 21:+0.039(128.0) 22:+0.071(148.0) 23:-0.043(150.0) 24:+0.109(140.0) 25:-0.013(146.0) 26:-0.138(138.0),2020-11-09,2026-10-02,0.0011429,,,,,,,3.0106,324.9,8.6706,123.26,-5.66,201.64,-6.3114
dt,BA,stock,True,us_cash,M5,5,k=0.5,0.5,False,False,M5,1367,381,0.27871,0.0026163,0.12051,0.49606,0.0063692,0.0037529,194,-0.0082043,187,0.013842,2020,-0.12559,0.28571,-0.0010585,-0.0047332,True,False,20:-0.126(10.0) 21:-0.016(57.0) 22:+0.045(66.0) 23:-0.039(61.0) 24:+0.126(65.0) 25:-0.009(65.0) 26:-0.088(57.0),2020-11-09,2026-09-28,0,,,,,,,0.99682,68.247,-1.5916,22.614,2.5885,45.633,-0.40327
dt,BA,stock,True,us_cash,M5,5,k=0.7,0.7,False,False,M5,1367,178,0.13021,-0.0084731,-0.32344,0.4382,-0.0059018,0.0025714,79,-0.034015,99,0.011909,2021,-0.070976,0.33333,-0.0033672,0.0017387,False,False,20:-0.096(4.0) 21:-0.071(19.0) 22:+0.029(30.0) 23:-0.071(26.0) 24:+0.072(38.0) 25:-0.008(39.0) 26:-0.056(22.0),2020-11-09,2026-09-23,0,,,,,,,-1.5082,21.635,-2.6872,6.4325,1.179,15.202,-0.59936
rb,BA,stock,True,us_cash,M5,5,RB,0,False,False,M5,1367,536,0.3921,0.027151,0.89217,0.49254,0.035167,0.0080159,281,0.053996,255,-0.0024302,2020,-0.11772,0.57143,-0.009369,-0.045889,True,False,20:-0.118(10.0) 21:+0.020(84.0) 22:+0.194(89.0) 23:-0.027(98.0) 24:+0.041(82.0) 25:+0.029(97.0) 26:-0.089(76.0),2020-11-09,2026-10-08,,294,-0.0057275,242,0.067095,0,,14.553,265.98,15.173,159.96,-0.61969,106.02,-5.0218
dt,BA,stock,True,us_cash,M15,15,k=0.3,0.3,False,False,M5,1367,875,0.64009,0.0029276,0.14182,0.48914,0.0094288,0.0065013,451,0.019435,424,-0.014631,2026,-0.13941,0.42857,-0.0073002,-0.017528,True,False,20:-0.014(25.0) 21:+0.039(128.0) 22:+0.071(148.0) 23:-0.043(150.0) 24:+0.106(140.0) 25:-0.013(146.0) 26:-0.139(138.0),2020-11-09,2026-10-02,0.0068571,,,,,,,2.5616,325.9,8.7653,123.23,-6.2037,202.67,-6.3876
dt,BA,stock,True,us_cash,M15,15,k=0.5,0.5,False,False,M5,1367,381,0.27871,0.0026131,0.12034,0.49869,0.0064289,0.0038158,194,-0.0081954,187,0.013826,2020,-0.12559,0.28571,-0.0011214,-0.0048559,True,False,20:-0.126(10.0) 21:-0.016(57.0) 22:+0.045(66.0) 23:-0.039(61.0) 24:+0.126(65.0) 25:-0.009(65.0) 26:-0.089(57.0),2020-11-09,2026-09-28,0,,,,,,,0.99558,68.261,-1.5899,22.614,2.5855,45.647,-0.42726
dt,BA,stock,True,us_cash,M15,15,k=0.7,0.7,False,False,M5,1367,178,0.13021,-0.0083844,-0.32006,0.43258,-0.0058193,0.0025651,79,-0.033894,99,0.011972,2021,-0.070571,0.33333,-0.0033556,0.0016732,False,False,20:-0.096(4.0) 21:-0.071(19.0) 22:+0.029(30.0) 23:-0.070(26.0) 24:+0.072(38.0) 25:-0.008(39.0) 26:-0.056(22.0),2020-11-09,2026-09-23,0,,,,,,,-1.4924,21.633,-2.6777,6.4267,1.1852,15.207,-0.5973
rb,BA,stock,True,us_cash,M15,15,RB,0,False,False,M5,1367,533,0.3899,0.014322,0.47565,0.4878,0.022076,0.0077546,280,0.044906,253,-0.019527,2020,-0.11772,0.42857,-0.0056641,-0.02565,True,False,20:-0.118(10.0) 21:+0.032(83.0) 22:+0.165(89.0) 23:-0.037(98.0) 24:+0.038(81.0) 25:-0.027(97.0) 26:-0.072(75.0),2020-11-09,2026-10-08,,294,-0.018891,239,0.055177,0,,7.6334,257.18,12.574,151.57,-4.9403,105.6,-3.019
dt,BA,stock,True,us_cash,M30,30,k=0.3,0.3,False,False,M5,1367,873,0.63862,0.0044548,0.21593,0.49026,0.011007,0.006552,450,0.021863,423,-0.014065,2026,-0.139,0.42857,-0.0071296,-0.018714,True,False,20:-0.014(25.0) 21:+0.040(128.0) 22:+0.071(148.0) 23:-0.036(149.0) 24:+0.106(140.0) 25:-0.011(145.0) 26:-0.139(138.0),2020-11-09,2026-10-02,0.013746,,,,,,,3.8891,324.03,9.8384,122.22,-5.9493,201.8,-6.2241
dt,BA,stock,True,us_cash,M30,30,k=0.5,0.5,False,False,M5,1367,381,0.27871,0.00258,0.11881,0.49869,0.0064358,0.0038558,194,-0.0081819,187,0.013745,2020,-0.12559,0.28571,-0.0011613,-0.0049027,True,False,20:-0.126(10.0) 21:-0.016(57.0) 22:+0.045(66.0) 23:-0.039(61.0) 24:+0.126(65.0) 25:-0.009(65.0) 26:-0.089(57.0),2020-11-09,2026-09-28,0,,,,,,,0.98299,68.273,-1.5873,22.614,2.5703,45.66,-0.44247
dt,BA,stock,True,us_cash,M30,30,k=0.7,0.7,False,False,M5,1367,178,0.13021,-0.0084124,-0.32117,0.43258,-0.0058193,0.0025931,79,-0.033894,99,0.011922,2021,-0.070571,0.33333,-0.0033837,0.0016451,False,False,20:-0.096(4.0) 21:-0.071(19.0) 22:+0.029(30.0) 23:-0.070(26.0) 24:+0.072(38.0) 25:-0.008(39.0) 26:-0.056(22.0),2020-11-09,2026-09-23,0,,,,,,,-1.4974,21.628,-2.6777,6.4267,1.1802,15.201,-0.60229
rb,BA,stock,True,us_cash,M30,30,RB,0,False,False,M5,1367,529,0.38698,-0.018722,-0.70647,0.47826,-0.010956,0.0077664,276,0.016382,253,-0.057018,2020,-0.13158,0.28571,-0.012827,-0.0069308,False,False,20:-0.132(10.0) 21:+0.068(79.0) 22:+0.087(89.0) 23:-0.074(98.0) 24:-0.013(81.0) 25:-0.047(97.0) 26:-0.118(75.0),2020-11-09,2026-10-08,,294,-0.044259,235,0.013226,0,,-9.9042,196.35,4.5214,93.932,-14.426,102.42,-6.7853
dt,BA,stock,True,us_cash,H1,60,k=0.3,0.3,False,True,M5,1367,845,0.61814,0.0044744,0.21505,0.49349,0.010883,0.0064085,438,0.0093455,407,-0.00076767,2026,-0.16039,0.71429,-0.00432,-0.013114,True,False,20:+0.044(25.0) 21:+0.019(127.0) 22:+0.065(142.0) 23:-0.059(144.0) 24:+0.132(137.0) 25:+0.018(140.0) 26:-0.160(130.0),2020-11-09,2026-10-02,0.020118,,,,,,,3.7809,308.76,4.0933,107.26,-0.31244,201.5,-3.6504
dt,BA,stock,True,us_cash,H1,60,k=0.5,0.5,False,True,M5,1367,366,0.26774,0.0014617,0.066152,0.46995,0.0054765,0.0040149,182,-0.016773,184,0.019499,2026,-0.10631,0.42857,0.0010958,0.00072989,True,False,20:-0.023(10.0) 21:-0.019(54.0) 22:+0.037(61.0) 23:-0.072(57.0) 24:+0.140(63.0) 25:+0.011(65.0) 26:-0.106(56.0),2020-11-09,2026-09-28,0.0027322,,,,,,,0.53498,65.223,-3.0528,19.262,3.5877,45.961,0.40106
dt,BA,stock,True,us_cash,H1,60,k=0.7,0.7,False,True,M5,1367,166,0.12143,-0.0035181,-0.12546,0.46988,-0.00087832,0.0026397,72,-0.046058,94,0.029066,2023,-0.090542,0.5,-0.002141,-0.00076388,False,False,20:-0.156(4.0) 21:-0.084(16.0) 22:+0.029(28.0) 23:-0.091(24.0) 24:+0.107(35.0) 25:+0.001(38.0) 26:-0.050(21.0),2020-11-09,2026-09-23,0,,,,,,,-0.584,21.54,-3.3162,6.2063,2.7322,15.333,-0.3554
rb,BA,stock,True,us_cash,H1,60,RB,0,False,True,M5,1367,497,0.36357,-0.045837,-1.7686,0.47485,-0.038324,0.0075132,260,-0.039317,237,-0.052991,2023,-0.12874,0.14286,-0.012491,0.020856,False,False,20:-0.115(10.0) 21:+0.036(76.0) 22:-0.001(83.0) 23:-0.129(91.0) 24:-0.033(75.0) 25:-0.019(92.0) 26:-0.119(70.0),2020-11-09,2026-10-08,,286,-0.057184,211,-0.030458,0,,-22.781,166.62,-10.222,77.83,-12.559,88.791,-6.2078
dt,BABA,stock,False,us_cash,M5,5,k=0.3,0.3,False,False,M5,1285,645,0.50195,0.0076203,0.3834,0.46822,0.028189,0.020569,330,0.031056,315,-0.016932,2025,-0.034106,0.5,-0.023105,-0.05383,True,False,21:+0.072(60.0) 22:+0.022(133.0) 23:+0.022(137.0) 24:-0.002(110.0) 25:-0.034(114.0) 26:-0.013(91.0),2021-08-06,2026-10-08,0,,,,,,,4.9151,164.13,10.249,86.386,-5.3336,77.742,-14.903
dt,BABA,stock,False,us_cash,M5,5,k=0.5,0.5,False,False,M5,1285,266,0.207,-0.0062065,-0.29421,0.50376,0.007414,0.01362,131,0.030281,135,-0.041613,2025,-0.079007,0.5,-0.014381,-0.022556,True,False,21:+0.085(23.0) 22:+0.018(51.0) 23:+0.019(57.0) 24:-0.022(41.0) 25:-0.079(52.0) 26:-0.014(42.0),2021-09-01,2026-10-08,0,,,,,,,-1.6509,31.379,3.9668,15.642,-5.6177,15.737,-3.8253
dt,BABA,stock,False,us_cash,M5,5,k=0.7,0.7,False,False,M5,1285,125,0.097276,-0.024325,-1.0755,0.448,-0.014698,0.0096269,67,-0.029362,58,-0.018506,2022,-0.066937,0.16667,-0.0089658,0.0063931,False,False,21:+0.049(11.0) 22:-0.067(26.0) 23:-0.025(30.0) 24:-0.015(19.0) 25:-0.021(20.0) 26:-0.019(19.0),2021-09-20,2026-10-05,0,,,,,,,-3.0406,8.0025,-1.9673,5.6316,-1.0733,2.3709,-1.1207
rb,BABA,stock,False,us_cash,M5,5,RB,0,False,False,M5,1285,614,0.47782,0.012407,0.51958,0.4658,0.040589,0.028182,256,0.037477,358,-0.0055198,2025,-0.054778,0.66667,-0.021723,-0.055853,True,False,21:+0.180(45.0) 22:+0.023(108.0) 23:-0.010(103.0) 24:+0.026(125.0) 25:-0.055(131.0) 26:+0.019(102.0),2021-08-03,2026-10-08,,402,-0.00025176,212,0.036412,0,,7.6181,214.72,9.5942,91.244,-1.9761,123.47,-13.338
dt,BABA,stock,False,us_cash,M15,15,k=0.3,0.3,False,False,M5,1285,645,0.50195,0.0070976,0.35621,0.46822,0.027742,0.020645,330,0.029958,315,-0.016851,2025,-0.03425,0.5,-0.023179,-0.053456,True,False,21:+0.072(60.0) 22:+0.022(133.0) 23:+0.019(137.0) 24:-0.002(110.0) 25:-0.034(114.0) 26:-0.013(91.0),2021-08-06,2026-10-08,0.0031008,,,,,,,4.5779,164.94,9.886,87.184,-5.3081,77.755,-14.951
dt,BABA,stock,False,us_cash,M15,15,k=0.5,0.5,False,False,M5,1285,266,0.207,-0.0063126,-0.29929,0.50376,0.0074278,0.01374,131,0.030246,135,-0.041788,2025,-0.079021,0.5,-0.014501,-0.022689,True,False,21:+0.085(23.0) 22:+0.018(51.0) 23:+0.019(57.0) 24:-0.022(41.0) 25:-0.079(52.0) 26:-0.015(42.0),2021-09-01,2026-10-08,0,,,,,,,-1.6792,31.369,3.9622,15.637,-5.6414,15.733,-3.8573
dt,BABA,stock,False,us_cash,M15,15,k=0.7,0.7,False,False,M5,1285,125,0.097276,-0.024318,-1.0755,0.448,-0.014698,0.0096205,67,-0.029288,58,-0.018577,2022,-0.066774,0.16667,-0.0089594,0.0063995,False,False,21:+0.049(11.0) 22:-0.067(26.0) 23:-0.025(30.0) 24:-0.015(19.0) 25:-0.022(20.0) 26:-0.019(19.0),2021-09-20,2026-10-05,0,,,,,,,-3.0398,7.9987,-1.9623,5.6285,-1.0775,2.3702,-1.1199
rb,BABA,stock,False,us_cash,M15,15,RB,0,False,False,M5,1285,613,0.47704,-0.003061,-0.13628,0.4633,0.024814,0.027875,255,0.024674,358,-0.022816,2025,-0.048854,0.33333,-0.02636,-0.049659,True,False,21:+0.124(45.0) 22:+0.023(107.0) 23:-0.017(103.0) 24:-0.002(125.0) 25:-0.049(131.0) 26:-0.015(102.0),2021-08-03,2026-10-08,,402,-0.014183,211,0.018128,0,,-1.8764,189.28,6.2918,77.869,-8.1682,111.41,-16.159
dt,BABA,stock,False,us_cash,M30,30,k=0.3,0.3,False,False,M5,1285,645,0.50195,0.006859,0.34449,0.46667,0.027567,0.020708,330,0.030325,315,-0.017724,2025,-0.036516,0.5,-0.023243,-0.053345,True,False,21:+0.072(60.0) 22:+0.022(133.0) 23:+0.020(137.0) 24:-0.002(110.0) 25:-0.037(114.0) 26:-0.013(91.0),2021-08-06,2026-10-08,0.0046512,,,,,,,4.4241,164.7,10.007,86.895,-5.5831,77.809,-14.992
dt,BABA,stock,False,us_cash,M30,30,k=0.5,0.5,False,False,M5,1285,266,0.207,-0.0063391,-0.30055,0.50376,0.0074278,0.013767,131,0.030205,135,-0.0418,2025,-0.079144,0.5,-0.014528,-0.022716,True,False,21:+0.085(23.0) 22:+0.018(51.0) 23:+0.019(57.0) 24:-0.022(41.0) 25:-0.079(52.0) 26:-0.015(42.0),2021-09-01,2026-10-08,0,,,,,,,-1.6862,31.369,3.9568,15.634,-5.643,15.735,-3.8643
dt,BABA,stock,False,us_cash,M30,30,k=0.7,0.7,False,False,M5,1285,125,0.097276,-0.024379,-1.0782,0.448,-0.014698,0.0096811,67,-0.029325,58,-0.018666,2022,-0.066771,0.16667,-0.0090201,0.0063389,False,False,21:+0.048(11.0) 22:-0.067(26.0) 23:-0.025(30.0) 24:-0.015(19.0) 25:-0.022(20.0) 26:-0.020(19.0),2021-09-20,2026-10-05,0,,,,,,,-3.0474,7.9982,-1.9647,5.6286,-1.0826,2.3697,-1.1275
rb,BABA,stock,False,us_cash,M30,30,RB,0,False,False,M5,1285,611,0.47549,-0.025352,-1.1786,0.45827,0.0016903,0.027042,254,-0.0070476,357,-0.038375,2025,-0.072052,0.33333,-0.031165,-0.036978,True,False,21:+0.069(45.0) 22:-0.026(107.0) 23:-0.020(102.0) 24:+0.018(125.0) 25:-0.072(131.0) 26:-0.065(101.0),2021-08-03,2026-10-08,,402,-0.0259,209,-0.024298,0,,-15.49,172.85,-1.7901,67.347,-13.7,105.5,-19.042
dt,BABA,stock,False,us_cash,H1,60,k=0.3,0.3,False,True,M5,1285,629,0.48949,0.02796,1.3742,0.48967,0.048555,0.020595,327,0.040789,302,0.014069,2026,0.0067939,1,-0.021216,-0.070391,True,False,21:+0.079(59.0) 22:+0.012(133.0) 23:+0.053(135.0) 24:+0.028(105.0) 25:+0.007(109.0) 26:+0.007(88.0),2021-08-06,2026-10-08,0.012719,,,,,,,17.587,164.02,13.338,86.367,4.2488,77.65,-13.345
dt,BABA,stock,False,us_cash,H1,60,k=0.5,0.5,False,True,M5,1285,257,0.2,0.0074098,0.3394,0.49027,0.021215,0.013805,127,0.039515,130,-0.023954,2025,-0.060813,0.66667,-0.013731,-0.034871,True,False,21:+0.092(22.0) 22:+0.013(49.0) 23:+0.042(56.0) 24:-0.006(39.0) 25:-0.061(51.0) 26:+0.005(40.0),2021-09-01,2026-10-08,0,,,,,,,1.9043,31.374,5.0183,15.845,-3.114,15.528,-3.5288
dt,BABA,stock,False,us_cash,H1,60,k=0.7,0.7,False,True,M5,1285,121,0.094163,-0.0071245,-0.30632,0.4876,0.0028204,0.0099449,63,-0.020105,58,0.0069754,2022,-0.081239,0.5,-0.0085285,-0.0099324,True,False,21:+0.054(11.0) 22:-0.081(22.0) 23:-0.003(30.0) 24:-0.000(19.0) 25:+0.007(20.0) 26:+0.014(19.0),2021-09-20,2026-10-05,0,,,,,,,-0.86206,7.8606,-1.2666,5.6458,0.40458,2.2149,-1.0319
rb,BABA,stock,False,us_cash,H1,60,RB,0,False,True,M5,1285,588,0.45759,-0.020509,-0.96573,0.46429,0.0057544,0.026264,243,-0.010616,345,-0.027478,2026,-0.082252,0.33333,-0.029257,-0.038004,True,False,21:+0.088(45.0) 22:-0.038(100.0) 23:-0.028(98.0) 24:+0.028(122.0) 25:-0.040(127.0) 26:-0.082(96.0),2021-08-03,2026-10-08,,394,-0.011398,194,-0.039015,0,,-12.06,155.92,-2.5798,56.044,-9.4797,99.877,-17.203
dt,BAC,stock,False,us_cash,M5,5,k=0.3,0.3,False,False,M5,1288,876,0.68012,-0.056497,-2.9713,0.40639,0.011256,0.067753,412,-0.011654,464,-0.096314,2026,-0.13749,0.16667,-0.068525,-0.080553,True,False,21:-0.084(81.0) 22:-0.005(160.0) 23:+0.017(171.0) 24:-0.030(170.0) 25:-0.132(163.0) 26:-0.137(131.0),2021-08-03,2026-10-08,0,,,,,,,-49.491,279.92,-4.8015,134.93,-44.69,144.99,-60.028
dt,BAC,stock,False,us_cash,M5,5,k=0.5,0.5,False,False,M5,1288,391,0.30357,-0.0411,-2.2132,0.40153,0.0052609,0.04636,184,-0.01109,207,-0.067775,2021,-0.14644,0.33333,-0.046157,-0.051215,True,False,21:-0.146(39.0) 22:+0.024(68.0) 23:+0.027(77.0) 24:-0.023(77.0) 25:-0.098(78.0) 26:-0.089(52.0),2021-08-03,2026-10-08,0,,,,,,,-16.07,53.248,-2.0405,26.828,-14.029,26.42,-18.048
dt,BAC,stock,False,us_cash,M5,5,k=0.7,0.7,False,False,M5,1288,184,0.14286,-0.034919,-1.697,0.375,-0.0007891,0.03413,93,-0.035813,91,-0.034006,2021,-0.12995,0,-0.033943,-0.032967,False,False,21:-0.130(13.0) 22:-0.002(35.0) 23:-0.035(45.0) 24:-0.012(41.0) 25:-0.072(30.0) 26:-0.024(20.0),2021-09-10,2026-09-22,0,,,,,,,-6.4251,14.481,-3.3306,9.02,-3.0945,5.4615,-6.2455
rb,BAC,stock,False,us_cash,M5,5,RB,0,False,False,M5,1288,486,0.37733,-0.13443,-4.3742,0.37654,-0.032621,0.10181,206,-0.013393,280,-0.22349,2025,-0.31304,0.33333,-0.10608,-0.077719,False,False,21:+0.016(34.0) 22:+0.053(86.0) 23:-0.091(86.0) 24:-0.164(91.0) 25:-0.313(102.0) 26:-0.181(87.0),2021-07-30,2026-10-08,,261,-0.10733,225,-0.16587,0,,-65.335,231.42,-2.7589,80.381,-62.576,151.04,-51.553
dt,BAC,stock,False,us_cash,M15,15,k=0.3,0.3,False,False,M5,1288,876,0.68012,-0.05685,-2.9921,0.40639,0.011323,0.068173,412,-0.012104,464,-0.096581,2026,-0.13735,0.16667,-0.068919,-0.080988,True,False,21:-0.086(81.0) 22:-0.006(160.0) 23:+0.017(171.0) 24:-0.030(170.0) 25:-0.133(163.0) 26:-0.137(131.0),2021-08-03,2026-10-08,0,,,,,,,-49.8,279.55,-4.9869,134.68,-44.814,144.87,-60.373
dt,BAC,stock,False,us_cash,M15,15,k=0.5,0.5,False,False,M5,1288,391,0.30357,-0.04077,-2.1971,0.40409,0.0052898,0.046059,184,-0.010757,207,-0.067448,2021,-0.14582,0.33333,-0.045856,-0.050943,True,False,21:-0.146(39.0) 22:+0.024(68.0) 23:+0.027(77.0) 24:-0.022(77.0) 25:-0.097(78.0) 26:-0.089(52.0),2021-08-03,2026-10-08,0,,,,,,,-15.941,53.159,-1.9792,26.753,-13.962,26.406,-17.93
dt,BAC,stock,False,us_cash,M15,15,k=0.7,0.7,False,False,M5,1288,184,0.14286,-0.034924,-1.699,0.375,-0.00075416,0.03417,93,-0.035795,91,-0.034035,2021,-0.12994,0,-0.033983,-0.033042,False,False,21:-0.130(13.0) 22:-0.002(35.0) 23:-0.035(45.0) 24:-0.012(41.0) 25:-0.072(30.0) 26:-0.024(20.0),2021-09-10,2026-09-22,0,,,,,,,-6.4261,14.453,-3.3289,8.9903,-3.0972,5.4625,-6.2529
rb,BAC,stock,False,us_cash,M15,15,RB,0,False,False,M5,1288,484,0.37578,-0.13778,-4.7377,0.38223,-0.038396,0.099381,206,-0.01902,278,-0.22578,2025,-0.32002,0.33333,-0.1049,-0.072013,False,False,21:+0.020(34.0) 22:+0.047(86.0) 23:-0.100(86.0) 24:-0.177(91.0) 25:-0.320(102.0) 26:-0.165(85.0),2021-07-30,2026-10-08,,261,-0.1101,223,-0.17017,0,,-66.684,206.89,-3.9181,74.81,-62.766,132.08,-50.769
dt,BAC,stock,False,us_cash,M30,30,k=0.3,0.3,False,False,M5,1288,875,0.67935,-0.056113,-2.956,0.40686,0.012275,0.068388,411,-0.0099185,464,-0.097032,2026,-0.13737,0.16667,-0.069123,-0.082133,True,False,21:-0.087(81.0) 22:-0.006(160.0) 23:+0.023(170.0) 24:-0.031(170.0) 25:-0.133(163.0) 26:-0.137(131.0),2021-08-03,2026-10-08,0.0034286,,,,,,,-49.099,278.33,-4.0765,133.57,-45.023,144.75,-60.483
dt,BAC,stock,False,us_cash,M30,30,k=0.5,0.5,False,False,M5,1288,391,0.30357,-0.040751,-2.1962,0.40409,0.0053132,0.046065,184,-0.010704,207,-0.06746,2021,-0.14557,0.33333,-0.045861,-0.050972,True,False,21:-0.146(39.0) 22:+0.024(68.0) 23:+0.027(77.0) 24:-0.022(77.0) 25:-0.098(78.0) 26:-0.089(52.0),2021-08-03,2026-10-08,0,,,,,,,-15.934,53.15,-1.9695,26.756,-13.964,26.394,-17.932
dt,BAC,stock,False,us_cash,M30,30,k=0.7,0.7,False,False,M5,1288,184,0.14286,-0.034941,-1.6998,0.375,-0.00075416,0.034187,93,-0.035833,91,-0.034029,2021,-0.12992,0,-0.034,-0.033058,False,False,21:-0.130(13.0) 22:-0.002(35.0) 23:-0.035(45.0) 24:-0.012(41.0) 25:-0.072(30.0) 26:-0.024(20.0),2021-09-10,2026-09-22,0,,,,,,,-6.4291,14.453,-3.3325,8.9915,-3.0966,5.461,-6.2559
rb,BAC,stock,False,us_cash,M30,30,RB,0,False,False,M5,1288,479,0.37189,-0.12412,-4.3017,0.3904,-0.027567,0.096551,205,-0.017122,274,-0.20417,2025,-0.29645,0.16667,-0.097954,-0.07179,False,False,21:-0.055(34.0) 22:+0.039(86.0) 23:-0.059(85.0) 24:-0.151(90.0) 25:-0.296(100.0) 26:-0.151(84.0),2021-07-30,2026-10-08,,261,-0.11285,218,-0.13761,0,,-59.452,197.99,-3.51,69.614,-55.942,128.37,-46.92
dt,BAC,stock,False,us_cash,H1,60,k=0.3,0.3,False,True,M5,1288,848,0.65839,-0.038024,-1.9873,0.41981,0.03072,0.068744,395,0.018807,453,-0.087578,2026,-0.13826,0.33333,-0.066519,-0.095014,True,False,21:-0.044(79.0) 22:+0.013(151.0) 23:+0.054(165.0) 24:-0.010(167.0) 25:-0.128(159.0) 26:-0.138(127.0),2021-08-03,2026-10-08,0.014151,,,,,,,-32.244,264.17,7.4287,127.37,-39.673,136.8,-56.408
dt,BAC,stock,False,us_cash,H1,60,k=0.5,0.5,False,True,M5,1288,371,0.28804,-0.026941,-1.4001,0.42049,0.018752,0.045693,177,0.017267,194,-0.067276,2025,-0.10505,0.33333,-0.044379,-0.061816,True,False,21:-0.085(39.0) 22:+0.037(64.0) 23:+0.054(74.0) 24:-0.016(76.0) 25:-0.105(71.0) 26:-0.092(47.0),2021-08-03,2026-10-08,0.0026954,,,,,,,-9.9953,51.095,3.0562,24.468,-13.051,26.626,-16.465
dt,BAC,stock,False,us_cash,H1,60,k=0.7,0.7,False,True,M5,1288,174,0.13509,-0.02158,-1.0005,0.39655,0.011834,0.033414,91,-0.017851,83,-0.02567,2025,-0.071921,0.16667,-0.032954,-0.044329,True,False,21:-0.066(13.0) 22:-0.003(34.0) 23:-0.015(44.0) 24:+0.006(38.0) 25:-0.072(28.0) 26:-0.019(17.0),2021-09-10,2026-09-22,0,,,,,,,-3.755,14.087,-1.6244,8.2037,-2.1306,5.8829,-5.7341
rb,BAC,stock,False,us_cash,H1,60,RB,0,False,True,M5,1288,445,0.3455,-0.1316,-4.7041,0.38202,-0.038015,0.09359,188,-0.0090521,257,-0.22125,2025,-0.29185,0.16667,-0.092122,-0.05264,False,False,21:-0.031(31.0) 22:+0.012(80.0) 23:-0.022(77.0) 24:-0.148(84.0) 25:-0.292(92.0) 26:-0.217(81.0),2021-08-06,2026-10-08,,248,-0.10176,195,-0.15993,2,-1.0707,-58.564,162.35,-1.7018,60.545,-56.862,101.8,-40.994
dt,BTCUSD,crypto,False,us_cash,M5,5,k=0.3,0.3,False,False,M5,2275,1045,0.45934,0.032178,1.6426,0.44019,0.070279,0.038101,662,0.036591,383,0.024551,2018,-0.037278,0.66667,-0.028482,-0.089141,True,False,18:-0.037(82.0) 19:+0.110(86.0) 20:+0.019(99.0) 21:+0.001(112.0) 22:-0.016(144.0) 23:+0.130(139.0) 24:+0.063(139.0) 25:-0.003(139.0) 26:+0.010(105.0),2018-01-08,2026-10-08,0.0038278,,,,,,,33.626,419.74,24.223,314.37,9.403,105.37,-29.763
dt,BTCUSD,crypto,False,us_cash,M5,5,k=0.5,0.5,False,False,M5,2275,451,0.19824,0.026997,1.2334,0.46563,0.053015,0.026018,285,0.034381,166,0.014319,2020,-0.035976,0.66667,-0.021716,-0.070428,True,False,18:+0.010(34.0) 19:+0.067(42.0) 20:-0.036(44.0) 21:-0.009(44.0) 22:+0.050(52.0) 23:+0.088(69.0) 24:+0.036(62.0) 25:+0.012(58.0) 26:-0.012(46.0),2018-01-16,2026-10-08,0.0044346,,,,,,,12.176,97.557,9.7986,79.028,2.377,18.529,-9.7938
dt,BTCUSD,crypto,False,us_cash,M5,5,k=0.7,0.7,False,False,M5,2275,227,0.09978,0.022906,0.88074,0.47137,0.043692,0.020786,151,0.029753,76,0.0093033,2020,-0.060193,0.55556,-0.017823,-0.058553,True,False,18:+0.079(15.0) 19:+0.088(23.0) 20:-0.060(24.0) 21:-0.002(18.0) 22:+0.012(32.0) 23:+0.062(39.0) 24:+0.059(25.0) 25:-0.019(29.0) 26:-0.010(22.0),2018-01-16,2026-10-02,0.0044053,,,,,,,5.1997,34.82,4.4927,30.471,0.70705,4.3494,-4.0459
rb,BTCUSD,crypto,False,us_cash,M5,5,RB,0,False,False,M5,2275,1220,0.53626,0.016238,0.77344,0.46885,0.073854,0.057616,852,0.022565,368,0.0015906,2022,-0.048088,0.55556,-0.05101,-0.11826,True,False,18:-0.030(156.0) 19:+0.075(152.0) 20:+0.022(147.0) 21:-0.033(144.0) 22:-0.048(130.0) 23:+0.165(123.0) 24:-0.026(131.0) 25:+0.023(130.0) 26:+0.009(107.0),2018-01-04,2026-10-08,,839,0.055168,380,-0.06688,1,-1.0606,19.811,655.85,19.225,502.52,0.58535,153.33,-62.232
dt,BTCUSD,crypto,False,us_cash,M15,15,k=0.3,0.3,False,False,M5,2275,1045,0.45934,0.02819,1.4416,0.44019,0.069216,0.041025,662,0.030297,383,0.024548,2018,-0.04405,0.55556,-0.031559,-0.091309,True,False,18:-0.044(82.0) 19:+0.107(86.0) 20:+0.018(99.0) 21:-0.011(112.0) 22:-0.017(144.0) 23:+0.117(139.0) 24:+0.063(139.0) 25:-0.003(139.0) 26:+0.010(105.0),2018-01-08,2026-10-08,0.0047847,,,,,,,29.459,418,20.057,312.62,9.402,105.38,-32.979
dt,BTCUSD,crypto,False,us_cash,M15,15,k=0.5,0.5,False,False,M5,2275,450,0.1978,0.024217,1.1071,0.46222,0.052345,0.028128,284,0.030008,166,0.014309,2020,-0.037726,0.66667,-0.023363,-0.070944,True,False,18:+0.003(34.0) 19:+0.078(41.0) 20:-0.038(44.0) 21:-0.021(44.0) 22:+0.050(52.0) 23:+0.076(69.0) 24:+0.036(62.0) 25:+0.012(58.0) 26:-0.012(46.0),2018-01-16,2026-10-08,0.0088889,,,,,,,10.898,96.934,8.5224,78.405,2.3753,18.53,-10.513
dt,BTCUSD,crypto,False,us_cash,M15,15,k=0.7,0.7,False,False,M5,2275,227,0.09978,0.018881,0.7273,0.46696,0.041682,0.022801,151,0.023706,76,0.0092942,2020,-0.062583,0.55556,-0.019839,-0.058558,True,False,18:+0.075(15.0) 19:+0.083(23.0) 20:-0.063(24.0) 21:-0.014(18.0) 22:+0.011(32.0) 23:+0.050(39.0) 24:+0.059(25.0) 25:-0.019(29.0) 26:-0.010(22.0),2018-01-16,2026-10-02,0.0088106,,,,,,,4.2859,34.654,3.5796,30.305,0.70636,4.3491,-4.5034
rb,BTCUSD,crypto,False,us_cash,M15,15,RB,0,False,False,M5,2275,1216,0.53451,0.0068226,0.33058,0.46711,0.066303,0.05948,849,0.0093428,367,0.00099264,2022,-0.049424,0.55556,-0.056894,-0.12061,True,False,18:-0.049(156.0) 19:+0.051(152.0) 20:+0.024(146.0) 21:-0.036(143.0) 22:-0.049(129.0) 23:+0.129(123.0) 24:-0.026(131.0) 25:+0.017(130.0) 26:+0.016(106.0),2018-01-04,2026-10-08,,839,0.050291,375,-0.084388,2,-1.1261,8.2963,629.36,7.932,479.97,0.3643,149.39,-69.184
dt,BTCUSD,crypto,False,us_cash,M30,30,k=0.3,0.3,False,False,M5,2275,1043,0.45846,0.027307,1.3932,0.4372,0.069333,0.042027,660,0.02894,383,0.024492,2018,-0.047211,0.55556,-0.03345,-0.094207,True,False,18:-0.047(81.0) 19:+0.103(86.0) 20:+0.017(99.0) 21:-0.014(112.0) 22:-0.013(143.0) 23:+0.114(139.0) 24:+0.063(139.0) 25:-0.003(139.0) 26:+0.010(105.0),2018-01-08,2026-10-08,0.0095877,,,,,,,28.481,418.27,19.1,312.89,9.3804,105.38,-34.888
dt,BTCUSD,crypto,False,us_cash,M30,30,k=0.5,0.5,False,False,M5,2275,450,0.1978,0.022582,1.0313,0.46222,0.051215,0.028633,284,0.027428,166,0.014291,2020,-0.039253,0.55556,-0.023868,-0.070319,True,False,18:-0.005(34.0) 19:+0.078(41.0) 20:-0.039(44.0) 21:-0.024(44.0) 22:+0.050(52.0) 23:+0.072(69.0) 24:+0.036(62.0) 25:+0.012(58.0) 26:-0.012(46.0),2018-01-16,2026-10-08,0.013333,,,,,,,10.162,97.099,7.7897,78.567,2.3723,18.531,-10.741
dt,BTCUSD,crypto,False,us_cash,M30,30,k=0.7,0.7,False,False,M5,2275,226,0.099341,0.02032,0.78066,0.4646,0.043246,0.022927,150,0.025917,76,0.0092723,2020,-0.061908,0.55556,-0.019952,-0.060223,True,False,18:+0.074(15.0) 19:+0.111(22.0) 20:-0.062(24.0) 21:-0.017(18.0) 22:+0.012(32.0) 23:+0.045(39.0) 24:+0.059(25.0) 25:-0.019(29.0) 26:-0.010(22.0),2018-01-16,2026-10-02,0.013274,,,,,,,4.5922,34.544,3.8875,30.193,0.70469,4.3502,-4.509
rb,BTCUSD,crypto,False,us_cash,M30,30,RB,0,False,False,M5,2275,1205,0.52967,0.00075838,0.036308,0.46224,0.060993,0.060235,841,0.00084066,364,0.00056829,2018,-0.06836,0.55556,-0.058209,-0.11718,True,False,18:-0.068(153.0) 19:+0.031(149.0) 20:+0.034(145.0) 21:-0.042(142.0) 22:-0.036(129.0) 23:+0.099(123.0) 24:-0.027(130.0) 25:+0.002(130.0) 26:+0.033(104.0),2018-01-04,2026-10-08,,831,0.052292,365,-0.08792,9,-1.1611,0.91385,632.96,0.70699,484.43,0.20686,148.54,-70.142
dt,BTCUSD,crypto,False,us_cash,H1,60,k=0.3,0.3,False,True,M5,2275,999,0.43912,0.023725,1.2197,0.44044,0.066139,0.042414,630,0.019762,369,0.030492,2018,-0.020966,0.55556,-0.035816,-0.095357,True,False,18:-0.021(76.0) 19:+0.057(82.0) 20:+0.018(95.0) 21:-0.003(109.0) 22:-0.016(134.0) 23:+0.075(134.0) 24:+0.063(135.0) 25:-0.001(132.0) 26:+0.027(102.0),2018-01-08,2026-10-08,0.016016,,,,,,,23.701,377.79,12.45,283.86,11.251,93.937,-35.78
dt,BTCUSD,crypto,False,us_cash,H1,60,k=0.5,0.5,False,True,M5,2275,423,0.18593,0.019918,0.89498,0.46099,0.048724,0.028807,266,0.024591,157,0.012,2020,-0.047668,0.88889,-0.024714,-0.069345,True,False,18:+0.031(32.0) 19:+0.074(36.0) 20:-0.048(42.0) 21:+0.006(41.0) 22:+0.052(50.0) 23:+0.031(65.0) 24:+0.028(57.0) 25:+0.001(55.0) 26:+0.005(45.0),2018-01-16,2026-10-08,0.014184,,,,,,,8.4251,88.576,6.5412,71.568,1.8839,17.008,-10.454
dt,BTCUSD,crypto,False,us_cash,H1,60,k=0.7,0.7,False,True,M5,2275,208,0.091429,0.021317,0.79117,0.46635,0.044681,0.023364,134,0.029258,74,0.0069363,2020,-0.062408,0.66667,-0.021984,-0.065285,True,False,18:+0.168(11.0) 19:+0.108(19.0) 20:-0.062(22.0) 21:+0.018(18.0) 22:+0.029(27.0) 23:+0.008(37.0) 24:+0.046(24.0) 25:-0.016(28.0) 26:-0.007(22.0),2018-01-30,2026-10-02,0.024038,,,,,,,4.4339,31.35,3.9206,27.7,0.51329,3.6507,-4.5727
rb,BTCUSD,crypto,False,us_cash,H1,60,RB,0,False,True,M5,2275,1157,0.50857,-0.028342,-1.4126,0.44944,0.030556,0.058899,804,-0.02558,353,-0.034632,2022,-0.089103,0.22222,-0.064619,-0.1009,True,False,18:-0.034(144.0) 19:+0.019(143.0) 20:+0.026(138.0) 21:-0.054(139.0) 22:-0.089(123.0) 23:-0.031(117.0) 24:-0.035(124.0) 25:-0.058(126.0) 26:-0.005(103.0),2018-01-04,2026-10-08,,809,0.032933,335,-0.13274,13,-1.1512,-32.792,539.38,-20.567,417.57,-12.225,121.8,-74.764
dt,BTCUSD,crypto,False,london24,M5,5,k=0.3,0.3,False,False,M5,2713,1653,0.60929,0.036734,2.2281,0.47731,0.074683,0.037949,1058,0.038311,595,0.033929,2025,-0.033665,0.88889,-0.029782,-0.096297,True,False,18:+0.015(163.0) 19:+0.052(144.0) 20:+0.071(165.0) 21:+0.072(170.0) 22:+0.031(201.0) 23:+0.002(215.0) 24:+0.045(206.0) 25:-0.034(229.0) 26:+0.117(160.0),2018-01-08,2026-10-08,0.0030248,,,,,,,60.721,744.5,40.533,513.02,20.188,231.47,-49.229
dt,BTCUSD,crypto,False,london24,M5,5,k=0.5,0.5,False,False,M5,2713,801,0.29525,0.034948,2.2306,0.48939,0.059737,0.024789,509,0.044443,292,0.018397,2025,-0.0067213,0.88889,-0.023206,-0.081361,True,False,18:+0.051(70.0) 19:+0.082(63.0) 20:+0.055(85.0) 21:+0.039(85.0) 22:+0.043(89.0) 23:+0.019(117.0) 24:+0.019(105.0) 25:-0.007(96.0) 26:+0.044(91.0),2018-01-08,2026-10-07,0.0024969,,,,,,,27.994,158.29,22.622,112.43,5.372,45.855,-18.588
dt,BTCUSD,crypto,False,london24,M5,5,k=0.7,0.7,False,False,M5,2713,417,0.1537,0.028536,1.6694,0.5036,0.0482,0.019664,275,0.029849,142,0.025994,2022,-0.021628,0.88889,-0.018034,-0.064603,True,False,18:+0.109(28.0) 19:+0.101(34.0) 20:+0.012(48.0) 21:+0.030(40.0) 22:-0.022(57.0) 23:+0.017(68.0) 24:+0.014(52.0) 25:+0.018(47.0) 26:+0.049(43.0),2018-01-08,2026-10-07,0,,,,,,,11.9,51.026,8.2084,39.582,3.6911,11.444,-7.52
rb,BTCUSD,crypto,False,london24,M5,5,RB,0,False,False,M5,2713,1133,0.41762,0.024119,0.9458,0.47485,0.081272,0.057154,740,0.052187,393,-0.028732,2026,-0.091284,0.55556,-0.041101,-0.10632,True,False,18:-0.014(121.0) 19:+0.213(102.0) 20:+0.040(102.0) 21:+0.088(105.0) 22:-0.013(150.0) 23:+0.045(160.0) 24:+0.078(142.0) 25:-0.088(146.0) 26:-0.091(105.0),2018-01-04,2026-10-07,,636,0.067715,497,-0.03167,0,,27.327,834.71,38.618,549.19,-11.292,285.52,-46.567
dt,BTCUSD,crypto,False,london24,M15,15,k=0.3,0.3,False,False,M5,2713,1652,0.60892,0.035633,2.1631,0.47518,0.075794,0.040161,1058,0.03559,594,0.035709,2025,-0.0337,0.88889,-0.031931,-0.099494,True,False,18:+0.014(163.0) 19:+0.049(144.0) 20:+0.069(165.0) 21:+0.061(170.0) 22:+0.031(201.0) 23:+0.002(215.0) 24:+0.050(205.0) 25:-0.034(229.0) 26:+0.117(160.0),2018-01-08,2026-10-08,0.0030266,,,,,,,58.866,742.22,37.655,511.95,21.211,230.27,-52.749
dt,BTCUSD,crypto,False,london24,M15,15,k=0.5,0.5,False,False,M5,2713,801,0.29525,0.033302,2.1254,0.48439,0.059737,0.026436,509,0.041889,292,0.018333,2025,-0.0067379,0.88889,-0.024853,-0.083008,True,False,18:+0.048(70.0) 19:+0.077(63.0) 20:+0.053(85.0) 21:+0.032(85.0) 22:+0.043(89.0) 23:+0.018(117.0) 24:+0.019(105.0) 25:-0.007(96.0) 26:+0.044(91.0),2018-01-08,2026-10-07,0.0024969,,,,,,,26.675,158.21,21.321,112.36,5.3532,45.855,-19.907
dt,BTCUSD,crypto,False,london24,M15,15,k=0.7,0.7,False,False,M5,2713,417,0.1537,0.028449,1.666,0.4988,0.048937,0.020488,275,0.029756,142,0.025918,2022,-0.021755,0.88889,-0.018858,-0.066164,True,False,18:+0.108(28.0) 19:+0.099(34.0) 20:+0.017(48.0) 21:+0.026(40.0) 22:-0.022(57.0) 23:+0.017(68.0) 24:+0.014(52.0) 25:+0.018(47.0) 26:+0.049(43.0),2018-01-08,2026-10-07,0.0023981,,,,,,,11.863,50.921,8.1829,39.475,3.6804,11.446,-7.8637
rb,BTCUSD,crypto,False,london24,M15,15,RB,0,False,False,M5,2713,1129,0.41614,0.015846,0.62285,0.47033,0.074477,0.058631,736,0.040746,393,-0.030787,2026,-0.094217,0.55556,-0.043425,-0.1027,True,False,18:-0.033(121.0) 19:+0.217(102.0) 20:+0.015(101.0) 21:+0.075(105.0) 22:-0.007(149.0) 23:+0.022(158.0) 24:+0.078(142.0) 25:-0.091(146.0) 26:-0.094(105.0),2018-01-04,2026-10-07,,636,0.062316,492,-0.042019,1,-1.0698,17.89,824.55,29.989,539.93,-12.099,284.63,-49.027
dt,BTCUSD,crypto,False,london24,M30,30,k=0.3,0.3,False,False,M5,2713,1651,0.60855,0.035282,2.1417,0.47547,0.075974,0.040692,1057,0.035093,594,0.035619,2025,-0.033694,0.88889,-0.032265,-0.099812,True,False,18:+0.012(163.0) 19:+0.048(144.0) 20:+0.069(165.0) 21:+0.058(170.0) 22:+0.031(201.0) 23:+0.003(214.0) 24:+0.050(205.0) 25:-0.034(229.0) 26:+0.117(160.0),2018-01-08,2026-10-08,0.0054512,,,,,,,58.25,741.33,37.093,511.06,21.158,230.27,-53.269
dt,BTCUSD,crypto,False,london24,M30,30,k=0.5,0.5,False,False,M5,2713,800,0.29488,0.033591,2.1451,0.485,0.060441,0.02685,508,0.042384,292,0.018294,2025,-0.0067353,0.88889,-0.024653,-0.082897,True,False,18:+0.046(70.0) 19:+0.085(62.0) 20:+0.053(85.0) 21:+0.030(85.0) 22:+0.043(89.0) 23:+0.018(117.0) 24:+0.019(105.0) 25:-0.007(96.0) 26:+0.044(91.0),2018-01-08,2026-10-07,0.00375,,,,,,,26.873,157.64,21.531,111.79,5.342,45.855,-19.722
dt,BTCUSD,crypto,False,london24,M30,30,k=0.7,0.7,False,False,M5,2713,417,0.1537,0.027881,1.6339,0.4988,0.048937,0.021057,275,0.028926,142,0.025856,2022,-0.021722,0.88889,-0.019426,-0.066733,True,False,18:+0.106(28.0) 19:+0.097(34.0) 20:+0.016(48.0) 21:+0.024(40.0) 22:-0.022(57.0) 23:+0.017(68.0) 24:+0.014(52.0) 25:+0.018(47.0) 26:+0.049(43.0),2018-01-08,2026-10-07,0.0023981,,,,,,,11.626,50.833,7.9547,39.387,3.6716,11.446,-8.1006
rb,BTCUSD,crypto,False,london24,M30,30,RB,0,False,False,M5,2713,1122,0.41356,0.013761,0.53998,0.47237,0.072154,0.058393,731,0.037504,391,-0.030628,2026,-0.11532,0.55556,-0.042633,-0.099027,True,False,18:-0.034(121.0) 19:+0.162(102.0) 20:+0.029(100.0) 21:+0.098(103.0) 22:-0.019(149.0) 23:+0.031(156.0) 24:+0.088(142.0) 25:-0.086(145.0) 26:-0.115(104.0),2018-01-04,2026-10-07,,635,0.057293,485,-0.038774,2,-1.0681,15.44,817.06,27.415,534.07,-11.975,282.99,-47.834
dt,BTCUSD,crypto,False,london24,H1,60,k=0.3,0.3,False,True,M5,2713,1573,0.5798,0.023423,1.4471,0.46662,0.064628,0.041205,1007,0.025425,566,0.019859,2025,-0.046857,0.77778,-0.036383,-0.096189,True,False,18:-0.024(158.0) 19:+0.023(137.0) 20:+0.038(158.0) 21:+0.055(160.0) 22:+0.027(194.0) 23:+0.031(200.0) 24:+0.030(195.0) 25:-0.047(217.0) 26:+0.101(154.0),2018-01-08,2026-10-08,0.0095359,,,,,,,36.844,648.66,25.603,449.35,11.24,199.31,-57.231
dt,BTCUSD,crypto,False,london24,H1,60,k=0.5,0.5,False,True,M5,2713,743,0.27387,0.024813,1.5852,0.48856,0.052327,0.027514,471,0.037419,272,0.0029836,2025,-0.019957,0.77778,-0.025619,-0.076051,True,False,18:+0.007(64.0) 19:+0.065(58.0) 20:+0.043(75.0) 21:+0.039(76.0) 22:+0.060(84.0) 23:+0.018(114.0) 24:-0.001(97.0) 25:-0.020(89.0) 26:+0.031(86.0),2018-01-08,2026-10-07,0.0040377,,,,,,,18.436,135.54,17.624,96.008,0.81153,39.531,-19.035
dt,BTCUSD,crypto,False,london24,H1,60,k=0.7,0.7,False,True,M5,2713,388,0.14302,0.015957,0.9478,0.45619,0.037442,0.021485,257,0.01801,131,0.011928,2022,-0.019397,0.77778,-0.019886,-0.055729,True,False,18:+0.041(28.0) 19:+0.072(29.0) 20:+0.022(42.0) 21:+0.017(38.0) 22:-0.019(55.0) 23:+0.014(65.0) 24:-0.005(51.0) 25:+0.014(42.0) 26:+0.032(38.0),2018-01-08,2026-10-07,0.0025773,,,,,,,6.1912,42.658,4.6286,33.127,1.5626,9.5314,-7.7158
rb,BTCUSD,crypto,False,london24,H1,60,RB,0,False,True,M5,2713,1050,0.38703,0.0002868,0.01122,0.45429,0.058889,0.058602,687,0.02468,363,-0.045878,2026,-0.12749,0.55556,-0.051623,-0.10353,True,False,18:-0.075(116.0) 19:+0.196(99.0) 20:+0.010(96.0) 21:+0.080(93.0) 22:+0.002(137.0) 23:-0.016(146.0) 24:+0.085(129.0) 25:-0.111(134.0) 26:-0.127(100.0),2018-01-04,2026-10-07,,604,0.04399,440,-0.043978,6,-1.1532,0.30114,719.68,16.955,480.69,-16.654,238.99,-54.204
dt,BTCUSD,crypto,False,utc_day,M5,5,k=0.3,0.3,False,False,M5,2563,1870,0.72961,0.033839,2,0.46684,0.068307,0.034468,1136,0.049575,734,0.0094847,2025,-0.016625,0.66667,-0.027762,-0.089364,True,False,18:-0.010(167.0) 19:+0.048(124.0) 20:+0.204(125.0) 21:+0.076(178.0) 22:-0.012(269.0) 23:+0.059(273.0) 24:+0.022(262.0) 25:-0.017(267.0) 26:+0.028(205.0),2018-01-08,2026-10-08,0.002139,,,,,,,63.279,1002.7,56.317,660.05,6.9618,342.61,-51.916
dt,BTCUSD,crypto,False,utc_day,M5,5,k=0.5,0.5,True,False,M5,2563,973,0.37963,0.031553,2.0245,0.47174,0.054192,0.02264,571,0.047521,402,0.0088714,2025,-0.01335,0.66667,-0.024722,-0.080997,True,False,18:+0.025(74.0) 19:-0.008(67.0) 20:+0.134(73.0) 21:+0.109(78.0) 22:-0.004(123.0) 23:+0.051(156.0) 24:+0.000(145.0) 25:-0.013(148.0) 26:+0.051(109.0),2018-01-08,2026-10-08,0,,,,,,,30.701,230.71,27.135,160.79,3.5663,69.916,-24.055
dt,BTCUSD,crypto,False,utc_day,M5,5,k=0.7,0.7,False,False,M5,2563,520,0.20289,0.02806,1.6415,0.47885,0.045706,0.017647,307,0.045851,213,0.0024169,2024,-0.022235,0.88889,-0.017488,-0.063036,True,False,18:+0.059(35.0) 19:+0.070(27.0) 20:+0.120(40.0) 21:+0.058(43.0) 22:+0.015(65.0) 23:+0.019(97.0) 24:-0.022(86.0) 25:+0.005(71.0) 26:+0.037(56.0),2018-01-16,2026-10-08,0,,,,,,,14.591,79.272,14.076,57.801,0.51481,21.47,-9.0939
rb,BTCUSD,crypto,False,utc_day,M5,5,RB,0,False,False,M5,2563,862,0.33632,0.017245,0.60777,0.45012,0.07118,0.053935,533,0.025997,329,0.0030668,2023,-0.07122,0.55556,-0.050721,-0.11869,True,False,18:-0.014(77.0) 19:+0.152(68.0) 20:+0.141(66.0) 21:+0.060(65.0) 22:+0.019(107.0) 23:-0.071(150.0) 24:+0.094(120.0) 25:-0.047(116.0) 26:-0.052(93.0),2018-01-05,2026-10-07,,452,0.082139,410,-0.054296,0,,14.865,597.81,13.857,362.49,1.009,235.32,-43.722
dt,BTCUSD,crypto,False,utc_day,M15,15,k=0.3,0.3,False,False,M5,2563,1870,0.72961,0.032804,1.9397,0.46684,0.068737,0.035933,1136,0.047824,734,0.0095573,2025,-0.016232,0.66667,-0.02895,-0.090703,True,False,18:-0.013(167.0) 19:+0.049(124.0) 20:+0.202(125.0) 21:+0.068(178.0) 22:-0.012(269.0) 23:+0.060(273.0) 24:+0.022(262.0) 25:-0.016(267.0) 26:+0.028(205.0),2018-01-08,2026-10-08,0.0037433,,,,,,,61.343,1001.6,54.328,659.04,7.0151,342.55,-54.136
dt,BTCUSD,crypto,False,utc_day,M15,15,k=0.5,0.5,False,False,M5,2563,972,0.37924,0.031354,2.0107,0.47119,0.054898,0.023544,570,0.047267,402,0.008792,2025,-0.01335,0.66667,-0.025628,-0.082611,True,False,18:+0.023(74.0) 19:-0.001(66.0) 20:+0.132(73.0) 21:+0.103(78.0) 22:-0.004(123.0) 23:+0.052(156.0) 24:+0.000(145.0) 25:-0.013(148.0) 26:+0.051(109.0),2018-01-08,2026-10-08,0.0020576,,,,,,,30.476,230.45,26.942,160.54,3.5344,69.917,-24.911
dt,BTCUSD,crypto,False,utc_day,M15,15,k=0.7,0.7,False,False,M5,2563,520,0.20289,0.028244,1.6583,0.48077,0.046747,0.018503,307,0.046171,213,0.0024058,2024,-0.022255,0.88889,-0.018344,-0.064932,True,False,18:+0.056(35.0) 19:+0.064(27.0) 20:+0.119(40.0) 21:+0.054(43.0) 22:+0.015(65.0) 23:+0.025(97.0) 24:-0.022(86.0) 25:+0.005(71.0) 26:+0.037(56.0),2018-01-16,2026-10-08,0,,,,,,,14.687,78.701,14.175,57.23,0.51243,21.471,-9.5389
rb,BTCUSD,crypto,False,utc_day,M15,15,RB,0,False,False,M5,2563,855,0.33359,0.012785,0.45228,0.45146,0.068274,0.055489,530,0.023055,325,-0.0039613,2023,-0.089453,0.55556,-0.05345,-0.11969,True,False,18:-0.035(77.0) 19:+0.167(68.0) 20:+0.128(66.0) 21:+0.089(63.0) 22:+0.027(106.0) 23:-0.089(150.0) 24:+0.111(118.0) 25:-0.074(116.0) 26:-0.065(91.0),2018-01-05,2026-10-07,,450,0.086138,405,-0.068717,0,,10.932,583.65,12.219,355.48,-1.2874,228.17,-45.7
dt,BTCUSD,crypto,False,utc_day,M30,30,k=0.3,0.3,False,False,M5,2563,1870,0.72961,0.031744,1.8779,0.46524,0.068131,0.036387,1136,0.046109,734,0.009513,2025,-0.01622,0.66667,-0.02897,-0.089684,True,False,18:-0.015(167.0) 19:+0.048(124.0) 20:+0.201(125.0) 21:+0.066(178.0) 22:-0.012(269.0) 23:+0.056(273.0) 24:+0.022(262.0) 25:-0.016(267.0) 26:+0.028(205.0),2018-01-08,2026-10-08,0.0064171,,,,,,,59.362,1000.6,52.379,658.07,6.9825,342.55,-54.173
dt,BTCUSD,crypto,False,utc_day,M30,30,k=0.5,0.5,False,False,M5,2563,972,0.37924,0.031021,1.9904,0.46914,0.054849,0.023828,570,0.046726,402,0.0087523,2025,-0.013355,0.55556,-0.025913,-0.082846,True,False,18:+0.021(74.0) 19:-0.001(66.0) 20:+0.132(73.0) 21:+0.102(78.0) 22:-0.004(123.0) 23:+0.052(156.0) 24:-0.000(145.0) 25:-0.013(148.0) 26:+0.051(109.0),2018-01-08,2026-10-08,0.0030864,,,,,,,30.152,230.2,26.634,160.28,3.5184,69.918,-25.187
dt,BTCUSD,crypto,False,utc_day,M30,30,k=0.7,0.7,False,False,M5,2563,519,0.2025,0.029097,1.7098,0.4817,0.047859,0.018762,306,0.047715,213,0.0023498,2024,-0.022398,0.88889,-0.018603,-0.066303,True,False,18:+0.055(35.0) 19:+0.087(26.0) 20:+0.118(40.0) 21:+0.054(43.0) 22:+0.015(65.0) 23:+0.025(97.0) 24:-0.022(86.0) 25:+0.005(71.0) 26:+0.037(56.0),2018-01-16,2026-10-08,0.0019268,,,,,,,15.101,78.3,14.601,56.827,0.5005,21.472,-9.655
rb,BTCUSD,crypto,False,utc_day,M30,30,RB,0,False,False,M5,2563,846,0.33008,0.0072168,0.25361,0.44917,0.062737,0.055521,526,0.0060337,320,0.0091614,2023,-0.13812,0.55556,-0.056796,-0.12081,True,False,18:-0.027(76.0) 19:+0.075(68.0) 20:+0.128(66.0) 21:+0.136(60.0) 22:+0.040(106.0) 23:-0.138(150.0) 24:+0.121(117.0) 25:-0.054(115.0) 26:-0.058(88.0),2018-01-05,2026-10-07,,447,0.074072,398,-0.065134,1,-1.0815,6.1054,578.9,3.1737,351.79,2.9317,227.1,-48.05
dt,BTCUSD,crypto,False,utc_day,H1,60,k=0.3,0.3,False,False,M5,2563,1868,0.72883,0.032505,1.925,0.46574,0.069081,0.036575,1134,0.047193,734,0.0098132,2025,-0.016233,0.66667,-0.029453,-0.09141,True,False,18:-0.014(167.0) 19:+0.054(123.0) 20:+0.201(125.0) 21:+0.066(178.0) 22:-0.010(268.0) 23:+0.056(273.0) 24:+0.021(262.0) 25:-0.016(267.0) 26:+0.029(205.0),2018-01-08,2026-10-08,0.0091006,,,,,,,60.72,996.36,53.517,653.4,7.2029,342.96,-55.017
dt,BTCUSD,crypto,False,utc_day,H1,60,k=0.5,0.5,False,False,M5,2563,970,0.37846,0.032064,2.057,0.4701,0.055929,0.023865,568,0.048589,402,0.0087154,2025,-0.01336,0.55556,-0.025954,-0.083972,True,False,18:+0.027(73.0) 19:-0.001(66.0) 20:+0.132(73.0) 21:+0.101(78.0) 22:-0.004(123.0) 23:+0.056(155.0) 24:-0.000(145.0) 25:-0.013(148.0) 26:+0.051(109.0),2018-01-08,2026-10-08,0.0041237,,,,,,,31.102,229.38,27.599,159.46,3.5036,69.922,-25.175
dt,BTCUSD,crypto,False,utc_day,H1,60,k=0.7,0.7,False,False,M5,2563,519,0.2025,0.028953,1.7022,0.4817,0.047859,0.018906,306,0.047491,213,0.0023213,2024,-0.022462,0.88889,-0.018747,-0.066447,True,False,18:+0.053(35.0) 19:+0.089(26.0) 20:+0.118(40.0) 21:+0.053(43.0) 22:+0.015(65.0) 23:+0.024(97.0) 24:-0.022(86.0) 25:+0.005(71.0) 26:+0.037(56.0),2018-01-16,2026-10-08,0.0019268,,,,,,,15.027,78.211,14.532,56.738,0.49444,21.473,-9.7296
rb,BTCUSD,crypto,False,utc_day,H1,60,RB,0,False,False,M5,2563,841,0.32813,-0.013418,-0.47714,0.44233,0.042026,0.055444,523,-0.013978,318,-0.012498,2023,-0.17524,0.55556,-0.061853,-0.11029,True,False,18:-0.046(76.0) 19:+0.020(68.0) 20:+0.153(65.0) 21:+0.128(60.0) 22:+0.030(106.0) 23:-0.175(148.0) 24:+0.099(116.0) 25:-0.077(114.0) 26:-0.076(88.0),2018-01-05,2026-10-07,,444,0.063143,394,-0.090709,3,-1.1936,-11.285,558.85,-7.3103,344.5,-3.9744,214.34,-52.018
dt,CADCHF,forex,False,london24,M15,15,k=0.3,0.3,False,False,M15,3047,2441,0.80112,-0.065815,-4.7231,0.4195,-0.010583,0.055232,1879,-0.075839,562,-0.032299,2016,-0.21092,0.25,-0.050924,-0.036032,False,False,15:-0.115(230.0) 16:-0.211(228.0) 17:-0.056(178.0) 18:-0.041(195.0) 19:-0.092(208.0) 20:+0.024(208.0) 21:+0.010(209.0) 22:-0.098(214.0) 23:-0.081(209.0) 24:+0.018(190.0) 25:-0.053(204.0) 26:-0.064(168.0),2015-01-08,2026-10-09,0.0081934,,,,,,,-160.65,1167.1,-142.5,931.69,-18.152,235.39,-124.3
dt,CADCHF,forex,False,london24,M15,15,k=0.5,0.5,False,False,M15,3047,1134,0.37217,-0.024788,-1.7716,0.41182,0.010341,0.035129,845,-0.027189,289,-0.017768,2016,-0.13105,0.33333,-0.031449,-0.038109,True,False,15:+0.029(88.0) 16:-0.131(101.0) 17:-0.009(81.0) 18:-0.014(93.0) 19:-0.045(97.0) 20:+0.052(93.0) 21:+0.009(100.0) 22:-0.063(95.0) 23:-0.058(97.0) 24:-0.001(106.0) 25:-0.048(106.0) 26:+0.001(77.0),2015-01-08,2026-10-09,0.0044092,,,,,,,-28.11,252.24,-22.975,204.94,-5.1348,47.297,-35.663
dt,CADCHF,forex,False,london24,M15,15,k=0.7,0.7,False,False,M15,3047,520,0.17066,-0.0023762,-0.13518,0.41731,0.023984,0.026361,393,-0.010134,127,0.02163,2016,-0.086677,0.5,-0.031093,-0.059809,True,False,15:+0.112(41.0) 16:-0.087(45.0) 17:+0.017(32.0) 18:-0.032(46.0) 19:-0.041(52.0) 20:+0.006(52.0) 21:+0.032(47.0) 22:-0.051(37.0) 23:-0.038(41.0) 24:-0.024(51.0) 25:+0.065(38.0) 26:+0.040(38.0),2015-01-08,2026-10-09,0,,,,,,,-1.2356,83.392,-3.9826,71.579,2.747,11.813,-16.168
rb,CADCHF,forex,False,london24,M15,15,RB,0,False,False,M15,3047,915,0.3003,-0.059919,-2.4754,0.41093,0.012927,0.072846,688,-0.053926,227,-0.078083,2016,-0.17411,0.33333,-0.067113,-0.074308,True,False,15:+0.110(64.0) 16:-0.174(69.0) 17:+0.031(79.0) 18:-0.131(93.0) 19:-0.165(82.0) 20:-0.086(85.0) 21:+0.022(72.0) 22:-0.026(71.0) 23:-0.017(73.0) 24:-0.086(82.0) 25:+0.006(77.0) 26:-0.164(68.0),2015-01-13,2026-10-09,,434,-0.073187,481,-0.047947,0,,-54.826,493.29,-37.101,399.15,-17.725,94.145,-61.409
dt,CADCHF,forex,False,london24,M30,30,k=0.3,0.3,False,False,M15,3047,2440,0.80079,-0.066444,-4.7735,0.41803,-0.010973,0.055471,1878,-0.076588,562,-0.032545,2016,-0.21353,0.25,-0.051388,-0.036333,False,False,15:-0.116(230.0) 16:-0.214(228.0) 17:-0.058(178.0) 18:-0.042(195.0) 19:-0.091(208.0) 20:+0.023(208.0) 21:+0.009(209.0) 22:-0.100(214.0) 23:-0.079(208.0) 24:+0.018(190.0) 25:-0.052(204.0) 26:-0.066(168.0),2015-01-08,2026-10-09,0.0098361,,,,,,,-162.12,1163.8,-143.83,928.33,-18.29,235.45,-125.39
dt,CADCHF,forex,False,london24,M30,30,k=0.5,0.5,False,False,M15,3047,1134,0.37217,-0.025097,-1.7972,0.41093,0.010082,0.035179,845,-0.027445,289,-0.018232,2016,-0.13092,0.25,-0.031498,-0.0379,True,False,15:+0.028(88.0) 16:-0.131(101.0) 17:-0.009(81.0) 18:-0.014(93.0) 19:-0.043(97.0) 20:+0.052(93.0) 21:+0.009(100.0) 22:-0.066(95.0) 23:-0.058(97.0) 24:-0.000(106.0) 25:-0.048(106.0) 26:-0.001(77.0),2015-01-08,2026-10-09,0.005291,,,,,,,-28.46,251.25,-23.191,203.87,-5.269,47.383,-35.719
dt,CADCHF,forex,False,london24,M30,30,k=0.7,0.7,False,False,M15,3047,520,0.17066,-0.0025705,-0.14651,0.41731,0.023984,0.026555,393,-0.010464,127,0.021857,2016,-0.086898,0.5,-0.021562,-0.040554,True,False,15:+0.111(41.0) 16:-0.087(45.0) 17:+0.017(32.0) 18:-0.032(46.0) 19:-0.042(52.0) 20:+0.006(52.0) 21:+0.032(47.0) 22:-0.051(37.0) 23:-0.038(41.0) 24:-0.024(51.0) 25:+0.065(38.0) 26:+0.040(38.0),2015-01-08,2026-10-09,0,,,,,,,-1.3366,83.078,-4.1124,71.254,2.7758,11.824,-11.212
rb,CADCHF,forex,False,london24,M30,30,RB,0,False,False,M15,3047,913,0.29964,-0.07251,-2.9785,0.40745,0.00026909,0.072779,687,-0.06298,226,-0.10148,2016,-0.18616,0.25,-0.066731,-0.060952,False,False,15:+0.109(64.0) 16:-0.186(68.0) 17:+0.017(79.0) 18:-0.118(93.0) 19:-0.176(82.0) 20:-0.119(85.0) 21:+0.021(72.0) 22:-0.036(71.0) 23:-0.032(73.0) 24:-0.114(81.0) 25:-0.019(77.0) 26:-0.181(68.0),2015-01-13,2026-10-09,,434,-0.082016,479,-0.063898,0,,-66.202,498.27,-43.267,401.28,-22.935,96.998,-60.925
dt,CADCHF,forex,False,london24,H1,60,k=0.3,0.3,False,True,M15,3047,2362,0.77519,-0.072045,-5.1988,0.41363,-0.016384,0.055661,1813,-0.083486,549,-0.034263,2016,-0.219,0.25,-0.051455,-0.030866,False,False,15:-0.122(219.0) 16:-0.219(219.0) 17:-0.049(173.0) 18:-0.069(189.0) 19:-0.113(201.0) 20:+0.012(201.0) 21:+0.024(201.0) 22:-0.101(205.0) 23:-0.093(205.0) 24:+0.008(185.0) 25:-0.057(200.0) 26:-0.054(164.0),2015-01-08,2026-10-09,0.016511,,,,,,,-170.17,1083.2,-151.36,855.35,-18.81,227.87,-121.54
dt,CADCHF,forex,False,london24,H1,60,k=0.5,0.5,False,True,M15,3047,1072,0.35182,-0.029669,-2.0857,0.41325,0.0058606,0.035529,796,-0.033845,276,-0.017625,2016,-0.13452,0.33333,-0.0321,-0.034532,True,False,15:+0.007(84.0) 16:-0.135(93.0) 17:-0.009(78.0) 18:-0.039(89.0) 19:-0.057(91.0) 20:+0.044(86.0) 21:+0.029(95.0) 22:-0.066(88.0) 23:-0.069(92.0) 24:-0.008(103.0) 25:-0.047(98.0) 26:+0.007(75.0),2015-01-08,2026-10-09,0.005597,,,,,,,-31.805,233.26,-26.94,186.67,-4.8644,46.592,-34.411
dt,CADCHF,forex,False,london24,H1,60,k=0.7,0.7,False,True,M15,3047,483,0.15852,-0.0038464,-0.21336,0.44928,0.023261,0.027107,365,-0.013383,118,0.025652,2016,-0.10029,0.5,-0.02196,-0.040075,True,False,15:+0.097(39.0) 16:-0.100(43.0) 17:+0.038(29.0) 18:-0.040(42.0) 19:-0.061(51.0) 20:+0.001(47.0) 21:+0.051(42.0) 22:-0.037(34.0) 23:-0.043(38.0) 24:-0.017(47.0) 25:+0.072(36.0) 26:+0.036(35.0),2015-01-08,2026-10-09,0,,,,,,,-1.8578,75.67,-4.8847,63.896,3.0269,11.774,-10.607
rb,CADCHF,forex,False,london24,H1,60,RB,0,False,True,M15,3047,840,0.27568,-0.10763,-4.3666,0.39643,-0.034446,0.073188,624,-0.095061,216,-0.14396,2019,-0.24734,0.16667,-0.07873,-0.049826,False,False,15:+0.011(57.0) 16:-0.184(60.0) 17:-0.054(75.0) 18:-0.142(86.0) 19:-0.247(78.0) 20:-0.057(74.0) 21:+0.023(62.0) 22:-0.104(65.0) 23:-0.057(67.0) 24:-0.165(76.0) 25:-0.071(74.0) 26:-0.202(66.0),2015-01-13,2026-10-09,,406,-0.10134,432,-0.1091,2,-1.0677,-90.413,437.93,-59.318,353.01,-31.095,84.923,-66.133
dt,CADCHF,forex,False,ny_fx,M15,15,k=0.3,0.3,False,False,M15,3043,2048,0.67302,-0.079442,-6.4321,0.4082,-0.019368,0.060074,1564,-0.080042,484,-0.077505,2016,-0.25917,0.083333,-0.060212,-0.040981,False,False,15:-0.125(184.0) 16:-0.259(192.0) 17:-0.061(166.0) 18:-0.039(163.0) 19:-0.101(173.0) 20:-0.066(168.0) 21:+0.007(171.0) 22:-0.023(165.0) 23:-0.027(182.0) 24:-0.082(166.0) 25:-0.063(184.0) 26:-0.091(134.0),2015-01-08,2026-10-06,0.0073242,,,,,,,-162.7,652.43,-125.18,486.55,-37.512,165.88,-123.31
dt,CADCHF,forex,False,ny_fx,M15,15,k=0.5,0.5,False,False,M15,3043,894,0.29379,-0.045463,-3.8174,0.41387,-0.0069897,0.038473,691,-0.053859,203,-0.016882,2016,-0.12374,0.083333,-0.041094,-0.036725,False,False,15:-0.116(79.0) 16:-0.124(75.0) 17:-0.024(78.0) 18:-0.033(77.0) 19:-0.078(76.0) 20:-0.029(68.0) 21:-0.058(88.0) 22:-0.022(73.0) 23:+0.003(77.0) 24:-0.001(67.0) 25:-0.037(83.0) 26:-0.005(53.0),2015-01-12,2026-10-01,0.0033557,,,,,,,-40.644,115.08,-37.217,88.311,-3.427,26.767,-36.738
dt,CADCHF,forex,False,ny_fx,M15,15,k=0.7,0.7,False,False,M15,3043,381,0.12521,-0.023504,-1.7395,0.44094,0.0078526,0.031356,288,-0.025715,93,-0.016655,2016,-0.077624,0.33333,-0.031131,-0.038759,True,False,15:-0.067(37.0) 16:-0.078(31.0) 17:+0.006(34.0) 18:-0.070(38.0) 19:-0.010(32.0) 20:+0.027(25.0) 21:-0.012(30.0) 22:+0.010(30.0) 23:-0.012(31.0) 24:-0.063(37.0) 25:-0.029(39.0) 26:+0.113(17.0),2015-01-12,2026-10-01,0,,,,,,,-8.9549,26.642,-7.4059,18.914,-1.549,7.7278,-11.861
rb,CADCHF,forex,False,ny_fx,M15,15,RB,0,False,False,M15,3043,1269,0.41702,-0.11053,-5.568,0.40268,-0.035986,0.074549,958,-0.10117,311,-0.13937,2015,-0.25047,0.083333,-0.069578,-0.028621,False,False,15:-0.250(101.0) 16:-0.118(93.0) 17:-0.108(113.0) 18:-0.054(105.0) 19:-0.152(114.0) 20:-0.126(128.0) 21:+0.069(95.0) 22:-0.093(103.0) 23:-0.058(106.0) 24:-0.134(113.0) 25:-0.100(103.0) 26:-0.189(95.0),2015-01-06,2026-10-06,,678,-0.067838,589,-0.15636,2,-1.0889,-140.27,649.63,-96.925,522.77,-43.343,126.86,-88.294
dt,CADCHF,forex,False,ny_fx,M30,30,k=0.3,0.3,False,False,M15,3043,2047,0.67269,-0.079608,-6.4432,0.40694,-0.019499,0.06011,1563,-0.080227,484,-0.077609,2016,-0.25899,0.083333,-0.060755,-0.041901,False,False,15:-0.123(184.0) 16:-0.259(192.0) 17:-0.062(166.0) 18:-0.044(163.0) 19:-0.102(173.0) 20:-0.063(167.0) 21:+0.007(171.0) 22:-0.023(165.0) 23:-0.027(182.0) 24:-0.082(166.0) 25:-0.062(184.0) 26:-0.093(134.0),2015-01-08,2026-10-06,0.010259,,,,,,,-162.96,652.32,-125.4,486.89,-37.563,165.43,-124.36
dt,CADCHF,forex,False,ny_fx,M30,30,k=0.5,0.5,False,False,M15,3043,894,0.29379,-0.045686,-3.825,0.41499,-0.0071257,0.03856,691,-0.054188,203,-0.016746,2016,-0.12382,0.083333,-0.041413,-0.037141,False,False,15:-0.113(79.0) 16:-0.124(75.0) 17:-0.025(78.0) 18:-0.036(77.0) 19:-0.079(76.0) 20:-0.029(68.0) 21:-0.058(88.0) 22:-0.022(73.0) 23:+0.003(77.0) 24:-0.001(67.0) 25:-0.037(83.0) 26:-0.005(53.0),2015-01-12,2026-10-01,0.0033557,,,,,,,-40.843,115.76,-37.444,89.008,-3.3995,26.753,-37.024
dt,CADCHF,forex,False,ny_fx,M30,30,k=0.7,0.7,False,False,M15,3043,381,0.12521,-0.023635,-1.7496,0.44094,0.0078526,0.031487,288,-0.025917,93,-0.016567,2016,-0.078013,0.33333,-0.031262,-0.03889,True,False,15:-0.067(37.0) 16:-0.078(31.0) 17:+0.006(34.0) 18:-0.071(38.0) 19:-0.010(32.0) 20:+0.027(25.0) 21:-0.012(30.0) 22:+0.010(30.0) 23:-0.012(31.0) 24:-0.063(37.0) 25:-0.029(39.0) 26:+0.113(17.0),2015-01-12,2026-10-01,0,,,,,,,-9.0048,26.632,-7.464,18.907,-1.5408,7.7243,-11.911
rb,CADCHF,forex,False,ny_fx,M30,30,RB,0,False,False,M15,3043,1265,0.41571,-0.13048,-6.6189,0.3913,-0.055792,0.074683,956,-0.1184,309,-0.16783,2015,-0.29492,0.083333,-0.069964,-0.0094522,False,False,15:-0.295(101.0) 16:-0.146(93.0) 17:-0.133(111.0) 18:-0.083(105.0) 19:-0.164(114.0) 20:-0.134(129.0) 21:+0.066(94.0) 22:-0.094(103.0) 23:-0.065(106.0) 24:-0.136(113.0) 25:-0.172(102.0) 26:-0.202(94.0),2015-01-06,2026-10-06,,677,-0.071608,583,-0.19048,5,-1.1048,-165.05,642.87,-113.19,513.47,-51.86,129.4,-88.504
dt,CADCHF,forex,False,ny_fx,H1,60,k=0.3,0.3,False,False,M15,3043,2044,0.67171,-0.079257,-6.4395,0.4046,-0.019036,0.060221,1560,-0.079573,484,-0.078239,2016,-0.25146,0.083333,-0.060709,-0.042161,False,False,15:-0.130(184.0) 16:-0.251(190.0) 17:-0.064(166.0) 18:-0.034(162.0) 19:-0.106(173.0) 20:-0.063(167.0) 21:+0.007(171.0) 22:-0.023(165.0) 23:-0.027(182.0) 24:-0.082(166.0) 25:-0.062(184.0) 26:-0.096(134.0),2015-01-08,2026-10-06,0.016145,,,,,,,-162,645.43,-124.13,480.26,-37.868,165.16,-124.09
dt,CADCHF,forex,False,ny_fx,H1,60,k=0.5,0.5,False,False,M15,3043,893,0.29346,-0.045293,-3.8171,0.41433,-0.0064666,0.038826,690,-0.053742,203,-0.016574,2016,-0.124,0.083333,-0.04145,-0.037608,False,False,15:-0.123(79.0) 16:-0.124(75.0) 17:-0.025(78.0) 18:-0.021(76.0) 19:-0.079(76.0) 20:-0.029(68.0) 21:-0.058(88.0) 22:-0.023(73.0) 23:+0.004(77.0) 24:-0.001(67.0) 25:-0.037(83.0) 26:-0.005(53.0),2015-01-12,2026-10-01,0.0044793,,,,,,,-40.447,113.98,-37.082,87.253,-3.3645,26.73,-37.015
dt,CADCHF,forex,False,ny_fx,H1,60,k=0.7,0.7,False,False,M15,3043,381,0.12521,-0.023738,-1.7568,0.44094,0.0078526,0.031591,288,-0.026058,93,-0.016553,2016,-0.078366,0.33333,-0.031366,-0.038993,True,False,15:-0.067(37.0) 16:-0.078(31.0) 17:+0.006(34.0) 18:-0.071(38.0) 19:-0.011(32.0) 20:+0.027(25.0) 21:-0.012(30.0) 22:+0.010(30.0) 23:-0.012(31.0) 24:-0.063(37.0) 25:-0.029(39.0) 26:+0.113(17.0),2015-01-12,2026-10-01,0,,,,,,,-9.0442,26.649,-7.5048,18.922,-1.5395,7.727,-11.95
rb,CADCHF,forex,False,ny_fx,H1,60,RB,0,False,False,M15,3043,1244,0.40881,-0.13493,-7.0768,0.39228,-0.061821,0.073107,939,-0.1267,305,-0.16025,2015,-0.26485,0.083333,-0.071866,-0.0088044,False,False,15:-0.265(99.0) 16:-0.161(92.0) 17:-0.201(110.0) 18:-0.093(104.0) 19:-0.161(109.0) 20:-0.158(127.0) 21:+0.039(93.0) 22:-0.056(100.0) 23:-0.062(105.0) 24:-0.152(112.0) 25:-0.151(102.0) 26:-0.181(91.0),2015-01-06,2026-10-06,,673,-0.073707,565,-0.19753,6,-1.1068,-167.85,584.76,-118.98,466.19,-48.875,118.57,-89.401
dt,CADJPY,forex,False,london24,M15,15,k=0.3,0.3,False,False,M15,3047,2257,0.74073,0.00070536,0.051741,0.48339,0.028326,0.027621,1711,0.0012962,546,-0.0011462,2015,-0.083955,0.5,-0.025296,-0.051298,True,False,15:-0.084(210.0) 16:+0.009(188.0) 17:-0.029(184.0) 18:-0.007(191.0) 19:-0.032(188.0) 20:+0.113(182.0) 21:+0.058(193.0) 22:+0.045(183.0) 23:-0.047(192.0) 24:+0.013(188.0) 25:-0.069(209.0) 26:+0.077(149.0),2015-01-09,2026-10-09,0.0079752,,,,,,,1.592,946.31,2.2178,645.5,-0.62582,300.81,-57.094
dt,CADJPY,forex,False,london24,M15,15,k=0.5,0.5,False,False,M15,3047,1043,0.3423,0.012163,0.90015,0.49664,0.029488,0.017324,798,0.0055261,245,0.033782,2015,-0.054764,0.5,-0.013804,-0.039772,True,False,15:-0.055(98.0) 16:+0.051(84.0) 17:-0.001(78.0) 18:+0.006(88.0) 19:-0.035(86.0) 20:+0.078(92.0) 21:+0.047(90.0) 22:+0.013(91.0) 23:-0.049(91.0) 24:-0.007(87.0) 25:-0.024(90.0) 26:+0.163(68.0),2015-01-09,2026-10-07,0.0028763,,,,,,,12.686,198.6,4.4099,128.59,8.2766,70.004,-14.398
dt,CADJPY,forex,False,london24,M15,15,k=0.7,0.7,False,False,M15,3047,511,0.16771,0.0072282,0.46742,0.47945,0.020644,0.013416,388,-0.00047483,123,0.031527,2023,-0.087599,0.41667,-0.01075,-0.028728,True,False,15:-0.043(46.0) 16:+0.081(37.0) 17:+0.009(37.0) 18:-0.014(43.0) 19:-0.015(41.0) 20:+0.036(47.0) 21:+0.044(47.0) 22:-0.000(44.0) 23:-0.088(46.0) 24:-0.018(47.0) 25:-0.031(41.0) 26:+0.172(35.0),2015-01-09,2026-10-02,0.0019569,,,,,,,3.6936,62.347,-0.18423,36.372,3.8778,25.975,-5.4931
rb,CADJPY,forex,False,london24,M15,15,RB,0,False,False,M15,3047,955,0.31342,-0.010916,-0.43292,0.43246,0.02691,0.037826,740,0.0021665,215,-0.055946,2026,-0.17109,0.33333,-0.02974,-0.048563,True,False,15:+0.028(70.0) 16:-0.047(95.0) 17:+0.014(86.0) 18:-0.013(77.0) 19:-0.087(89.0) 20:+0.074(81.0) 21:+0.165(81.0) 22:-0.032(80.0) 23:-0.064(81.0) 24:-0.006(81.0) 25:-0.025(78.0) 26:-0.171(56.0),2015-01-09,2026-09-30,,513,-0.0075194,440,-0.010144,2,-1.0521,-10.425,579.4,1.6032,458.52,-12.028,120.89,-28.402
dt,CADJPY,forex,False,london24,M30,30,k=0.3,0.3,False,False,M15,3047,2256,0.7404,-0.00028647,-0.021079,0.48316,0.027383,0.027669,1710,-0.00026954,546,-0.00033949,2015,-0.085167,0.5,-0.025912,-0.051538,True,False,15:-0.085(210.0) 16:+0.009(188.0) 17:-0.029(184.0) 18:-0.007(191.0) 19:-0.040(188.0) 20:+0.113(182.0) 21:+0.061(192.0) 22:+0.037(183.0) 23:-0.047(192.0) 24:+0.013(188.0) 25:-0.069(209.0) 26:+0.080(149.0),2015-01-09,2026-10-09,0.0097518,,,,,,,-0.64627,939.59,-0.46091,639.28,-0.18536,300.31,-58.458
dt,CADJPY,forex,False,london24,M30,30,k=0.5,0.5,False,False,M15,3047,1043,0.3423,0.011549,0.85743,0.4976,0.028991,0.017442,798,0.0047218,245,0.033785,2015,-0.054875,0.5,-0.014419,-0.040386,True,False,15:-0.055(98.0) 16:+0.051(84.0) 17:-0.001(78.0) 18:+0.006(88.0) 19:-0.036(86.0) 20:+0.078(92.0) 21:+0.047(90.0) 22:+0.007(91.0) 23:-0.049(91.0) 24:-0.007(87.0) 25:-0.024(90.0) 26:+0.164(68.0),2015-01-09,2026-10-07,0.0047939,,,,,,,12.045,197.3,3.768,127.3,8.2773,70.004,-15.039
dt,CADJPY,forex,False,london24,M30,30,k=0.7,0.7,False,False,M15,3047,511,0.16771,0.0068114,0.44104,0.47945,0.020199,0.013387,388,-0.0010439,123,0.031591,2023,-0.087709,0.41667,-0.011166,-0.029144,True,False,15:-0.044(46.0) 16:+0.081(37.0) 17:+0.009(37.0) 18:-0.014(43.0) 19:-0.015(41.0) 20:+0.037(47.0) 21:+0.044(47.0) 22:-0.005(44.0) 23:-0.088(46.0) 24:-0.018(47.0) 25:-0.031(41.0) 26:+0.172(35.0),2015-01-09,2026-10-02,0.0039139,,,,,,,3.4806,62.183,-0.40502,36.206,3.8857,25.977,-5.706
rb,CADJPY,forex,False,london24,M30,30,RB,0,False,False,M15,3047,953,0.31277,-0.012589,-0.48522,0.42812,0.025161,0.037749,740,-0.007328,213,-0.030865,2019,-0.086624,0.25,-0.02547,-0.038352,True,False,15:+0.003(70.0) 16:-0.054(95.0) 17:-0.003(86.0) 18:-0.017(77.0) 19:-0.087(89.0) 20:+0.073(81.0) 21:+0.165(81.0) 22:-0.065(80.0) 23:-0.065(81.0) 24:-0.024(81.0) 25:-0.027(77.0) 26:-0.047(55.0),2015-01-09,2026-09-30,,511,-0.014037,440,-0.0061493,2,-1.0593,-11.997,610.83,-5.4227,457.76,-6.5743,153.07,-24.273
dt,CADJPY,forex,False,london24,H1,60,k=0.3,0.3,False,True,M15,3047,2188,0.71808,0.0064289,0.46719,0.47943,0.034081,0.027652,1655,0.0050004,533,0.010864,2015,-0.10871,0.5,-0.022772,-0.051973,True,False,15:-0.109(203.0) 16:+0.008(178.0) 17:-0.005(180.0) 18:-0.009(183.0) 19:-0.037(180.0) 20:+0.105(179.0) 21:+0.083(187.0) 22:+0.045(181.0) 23:-0.023(184.0) 24:+0.026(183.0) 25:-0.064(204.0) 26:+0.097(146.0),2015-01-09,2026-10-09,0.01234,,,,,,,14.066,906.22,8.2757,594.46,5.7908,311.77,-49.825
dt,CADJPY,forex,False,london24,H1,60,k=0.5,0.5,False,True,M15,3047,993,0.32589,0.019974,1.4446,0.4995,0.037558,0.017583,757,0.011168,236,0.04822,2015,-0.079711,0.58333,-0.014383,-0.048739,True,False,15:-0.080(90.0) 16:+0.065(76.0) 17:+0.014(76.0) 18:-0.002(85.0) 19:-0.033(83.0) 20:+0.075(87.0) 21:+0.092(83.0) 22:+0.016(87.0) 23:-0.034(90.0) 24:+0.010(81.0) 25:-0.009(87.0) 26:+0.166(68.0),2015-01-09,2026-10-07,0.0070493,,,,,,,19.834,188.71,8.4545,114.35,11.38,74.364,-14.282
dt,CADJPY,forex,False,london24,H1,60,k=0.7,0.7,False,True,M15,3047,481,0.15786,0.015717,0.97825,0.49896,0.029009,0.013292,361,0.0050588,120,0.047782,2015,-0.075946,0.41667,-0.010646,-0.037009,True,False,15:-0.076(40.0) 16:+0.076(35.0) 17:+0.021(35.0) 18:-0.007(40.0) 19:-0.004(39.0) 20:+0.038(43.0) 21:+0.082(46.0) 22:-0.008(40.0) 23:-0.074(43.0) 24:-0.008(47.0) 25:-0.016(38.0) 26:+0.191(35.0),2015-01-21,2026-10-02,0.004158,,,,,,,7.5601,59.719,1.8262,31.696,5.7339,28.023,-5.1205
rb,CADJPY,forex,False,london24,H1,60,RB,0,False,True,M15,3047,901,0.2957,-0.021745,-0.80549,0.45283,0.016008,0.037753,695,-0.01276,206,-0.05206,2015,-0.099883,0.16667,-0.031535,-0.041325,True,False,15:-0.100(66.0) 16:-0.028(90.0) 17:-0.042(78.0) 18:-0.017(71.0) 19:-0.058(84.0) 20:+0.038(75.0) 21:+0.175(78.0) 22:-0.061(75.0) 23:-0.030(78.0) 24:-0.011(79.0) 25:-0.073(74.0) 26:-0.084(53.0),2015-01-13,2026-09-30,,490,-0.00027539,408,-0.039813,3,-1.0712,-19.592,591.4,-8.8679,443.74,-10.724,147.66,-28.413
dt,CADJPY,forex,False,ny_fx,M15,15,k=0.3,0.3,False,False,M15,3042,1774,0.58317,-0.013299,-0.96672,0.46054,0.016348,0.029648,1389,-0.014924,385,-0.0074376,2018,-0.088495,0.25,-0.025121,-0.036943,True,False,15:-0.002(177.0) 16:-0.037(147.0) 17:-0.030(165.0) 18:-0.088(173.0) 19:+0.057(148.0) 20:-0.001(144.0) 21:+0.020(150.0) 22:-0.019(135.0) 23:-0.022(150.0) 24:-0.014(138.0) 25:+0.018(143.0) 26:-0.033(104.0),2015-01-09,2026-10-08,0.0039459,,,,,,,-23.593,595.59,-20.73,434.26,-2.8635,161.33,-44.565
dt,CADJPY,forex,False,ny_fx,M15,15,k=0.5,0.5,False,False,M15,3042,724,0.238,0.012467,0.85611,0.45994,0.033463,0.020996,562,0.010902,162,0.017895,2018,-0.051315,0.58333,-0.019439,-0.051344,True,False,15:-0.010(86.0) 16:+0.052(43.0) 17:+0.014(73.0) 18:-0.051(81.0) 19:+0.040(69.0) 20:+0.121(47.0) 21:-0.002(58.0) 22:+0.001(46.0) 23:-0.008(59.0) 24:-0.035(54.0) 25:+0.022(68.0) 26:+0.083(40.0),2015-01-09,2026-10-06,0.0013812,,,,,,,9.026,111.11,6.127,75.739,2.899,35.375,-14.074
dt,CADJPY,forex,False,ny_fx,M15,15,k=0.7,0.7,False,False,M15,3042,334,0.1098,0.010136,0.58134,0.47605,0.025264,0.015128,262,0.0006423,72,0.044682,2018,-0.088899,0.66667,-0.012755,-0.035646,True,False,15:-0.013(33.0) 16:+0.012(20.0) 17:+0.020(31.0) 18:-0.089(41.0) 19:+0.069(31.0) 20:+0.042(28.0) 21:-0.029(33.0) 22:+0.051(18.0) 23:+0.003(27.0) 24:-0.009(21.0) 25:+0.011(32.0) 26:+0.160(19.0),2015-01-12,2026-09-18,0.002994,,,,,,,3.3854,33.845,0.16828,22.681,3.2171,11.164,-4.2601
rb,CADJPY,forex,False,ny_fx,M15,15,RB,0,False,False,M15,3042,1439,0.47304,-0.040861,-2.2223,0.43919,0.00089253,0.041753,1075,-0.029238,364,-0.075187,2018,-0.15398,0.33333,-0.047362,-0.053863,True,False,15:-0.080(95.0) 16:-0.093(134.0) 17:-0.064(119.0) 18:-0.154(118.0) 19:-0.033(123.0) 20:+0.002(123.0) 21:+0.049(115.0) 22:+0.038(128.0) 23:+0.065(120.0) 24:-0.093(133.0) 25:-0.016(129.0) 26:-0.127(102.0),2015-01-06,2026-10-08,,848,-0.017375,587,-0.067763,4,-1.0718,-58.798,701.95,-31.43,543.58,-27.368,158.37,-68.153
dt,CADJPY,forex,False,ny_fx,M30,30,k=0.3,0.3,False,False,M15,3042,1773,0.58284,-0.013291,-0.96635,0.45967,0.016516,0.029807,1388,-0.014899,385,-0.0074925,2018,-0.082951,0.25,-0.02529,-0.037288,True,False,15:-0.003(177.0) 16:-0.039(147.0) 17:-0.032(165.0) 18:-0.083(172.0) 19:+0.057(148.0) 20:-0.001(144.0) 21:+0.020(150.0) 22:-0.020(135.0) 23:-0.024(150.0) 24:-0.015(138.0) 25:+0.018(143.0) 26:-0.033(104.0),2015-01-09,2026-10-08,0.0067682,,,,,,,-23.564,594.61,-20.68,433.23,-2.8846,161.38,-44.838
dt,CADJPY,forex,False,ny_fx,M30,30,k=0.5,0.5,False,False,M15,3042,724,0.238,0.012455,0.85529,0.45856,0.033468,0.021013,562,0.010877,162,0.017929,2018,-0.051345,0.58333,-0.019456,-0.051367,True,False,15:-0.010(86.0) 16:+0.052(43.0) 17:+0.014(73.0) 18:-0.051(81.0) 19:+0.040(69.0) 20:+0.121(47.0) 21:-0.002(58.0) 22:+0.001(46.0) 23:-0.008(59.0) 24:-0.035(54.0) 25:+0.022(68.0) 26:+0.083(40.0),2015-01-09,2026-10-06,0.0013812,,,,,,,9.0171,111.11,6.1126,75.738,2.9045,35.371,-14.086
dt,CADJPY,forex,False,ny_fx,M30,30,k=0.7,0.7,False,False,M15,3042,333,0.10947,0.013124,0.7624,0.47748,0.028343,0.015219,261,0.0044088,72,0.044719,2018,-0.066315,0.66667,-0.012838,-0.038801,True,False,15:-0.013(33.0) 16:+0.012(20.0) 17:+0.020(31.0) 18:-0.066(40.0) 19:+0.069(31.0) 20:+0.042(28.0) 21:-0.029(33.0) 22:+0.051(18.0) 23:+0.003(27.0) 24:-0.009(21.0) 25:+0.012(32.0) 26:+0.160(19.0),2015-01-12,2026-09-18,0.003003,,,,,,,4.3705,32.82,1.1507,21.652,3.2198,11.168,-4.2751
rb,CADJPY,forex,False,ny_fx,M30,30,RB,0,False,False,M15,3042,1433,0.47107,-0.040427,-2.1989,0.43824,0.00067371,0.041101,1070,-0.026794,363,-0.080612,2018,-0.14525,0.25,-0.044523,-0.048619,True,False,15:-0.068(94.0) 16:-0.101(134.0) 17:-0.025(117.0) 18:-0.145(118.0) 19:-0.040(122.0) 20:-0.018(123.0) 21:+0.056(115.0) 22:+0.036(127.0) 23:+0.063(120.0) 24:-0.107(133.0) 25:-0.026(128.0) 26:-0.115(102.0),2015-01-06,2026-10-08,,848,-0.018168,581,-0.065815,4,-1.0718,-57.932,695.98,-28.67,533.78,-29.262,162.2,-63.802
dt,CADJPY,forex,False,ny_fx,H1,60,k=0.3,0.3,False,False,M15,3042,1769,0.58153,-0.013052,-0.94882,0.46128,0.01681,0.029862,1385,-0.015386,384,-0.0046316,2018,-0.083065,0.25,-0.025324,-0.037596,True,False,15:-0.003(177.0) 16:-0.037(146.0) 17:-0.032(165.0) 18:-0.083(170.0) 19:+0.055(148.0) 20:-0.002(144.0) 21:+0.020(150.0) 22:-0.023(135.0) 23:-0.025(150.0) 24:-0.015(138.0) 25:+0.018(143.0) 26:-0.022(103.0),2015-01-09,2026-10-08,0.012436,,,,,,,-23.088,592.1,-21.31,431.9,-1.7785,160.2,-44.798
dt,CADJPY,forex,False,ny_fx,H1,60,k=0.5,0.5,False,False,M15,3042,723,0.23767,0.013808,0.95136,0.4592,0.034897,0.02109,561,0.012613,162,0.017946,2018,-0.039434,0.58333,-0.01953,-0.052868,True,False,15:-0.010(86.0) 16:+0.052(43.0) 17:+0.014(73.0) 18:-0.039(80.0) 19:+0.040(69.0) 20:+0.121(47.0) 21:-0.002(58.0) 22:+0.001(46.0) 23:-0.008(59.0) 24:-0.035(54.0) 25:+0.022(68.0) 26:+0.083(40.0),2015-01-09,2026-10-06,0.0027663,,,,,,,9.983,110.1,7.0758,74.729,2.9072,35.367,-14.12
dt,CADJPY,forex,False,ny_fx,H1,60,k=0.7,0.7,False,False,M15,3042,333,0.10947,0.013107,0.76137,0.47748,0.028343,0.015236,261,0.0043821,72,0.044736,2018,-0.066413,0.66667,-0.012855,-0.038818,True,False,15:-0.013(33.0) 16:+0.012(20.0) 17:+0.020(31.0) 18:-0.066(40.0) 19:+0.069(31.0) 20:+0.042(28.0) 21:-0.029(33.0) 22:+0.051(18.0) 23:+0.003(27.0) 24:-0.009(21.0) 25:+0.012(32.0) 26:+0.160(19.0),2015-01-12,2026-09-18,0.003003,,,,,,,4.3647,32.823,1.1437,21.651,3.221,11.171,-4.2808
rb,CADJPY,forex,False,ny_fx,H1,60,RB,0,False,False,M15,3042,1420,0.4668,-0.059886,-3.411,0.43521,-0.019487,0.040398,1063,-0.051244,357,-0.085617,2018,-0.12511,0.16667,-0.050852,-0.041818,False,False,15:-0.124(93.0) 16:-0.092(133.0) 17:-0.080(115.0) 18:-0.125(117.0) 19:-0.077(122.0) 20:-0.065(122.0) 21:+0.061(114.0) 22:-0.001(127.0) 23:+0.030(120.0) 24:-0.094(131.0) 25:-0.065(126.0) 26:-0.100(100.0),2015-01-06,2026-10-08,,847,-0.025454,568,-0.10237,5,-1.0661,-85.037,626.17,-54.472,477.23,-30.565,148.94,-72.209
dt,CHFJPY,forex,False,london24,M15,15,k=0.3,0.3,False,False,M15,3047,2331,0.76501,-0.00658,-0.49585,0.46375,0.021697,0.028277,1763,-0.0048866,568,-0.011836,2019,-0.091801,0.41667,-0.023318,-0.040055,True,False,15:+0.009(198.0) 16:-0.044(194.0) 17:-0.037(190.0) 18:+0.036(193.0) 19:-0.092(202.0) 20:+0.029(194.0) 21:-0.041(210.0) 22:+0.125(186.0) 23:-0.018(196.0) 24:-0.044(212.0) 25:-0.048(209.0) 26:+0.086(147.0),2015-01-09,2026-10-09,0.005148,,,,,,,-15.338,956.52,-8.615,716.88,-6.7229,239.64,-54.353
dt,CHFJPY,forex,False,london24,M15,15,k=0.5,0.5,False,False,M15,3047,1135,0.3725,-0.0067897,-0.54302,0.45903,0.010749,0.017539,861,-0.012797,274,0.012086,2021,-0.055685,0.33333,-0.01385,-0.02091,True,False,15:+0.070(84.0) 16:-0.052(103.0) 17:-0.030(87.0) 18:-0.019(105.0) 19:-0.052(89.0) 20:-0.015(95.0) 21:-0.056(110.0) 22:+0.045(98.0) 23:+0.009(90.0) 24:-0.012(100.0) 25:-0.012(100.0) 26:+0.076(74.0),2015-01-14,2026-10-09,0.0026432,,,,,,,-7.7063,201.28,-11.018,154.65,3.3116,46.633,-15.72
dt,CHFJPY,forex,False,london24,M15,15,k=0.7,0.7,False,False,M15,3047,554,0.18182,-0.0098527,-0.6756,0.42238,0.0039164,0.013769,420,-0.016046,134,0.0095589,2019,-0.08366,0.58333,-0.011809,-0.013766,True,False,15:+0.041(50.0) 16:-0.059(50.0) 17:-0.022(44.0) 18:+0.004(39.0) 19:-0.084(49.0) 20:+0.035(38.0) 21:-0.081(53.0) 22:+0.034(49.0) 23:+0.006(48.0) 24:+0.015(50.0) 25:-0.052(46.0) 26:+0.078(38.0),2015-01-14,2026-10-09,0,,,,,,,-5.4584,65.211,-6.7393,51.579,1.2809,13.633,-6.5423
rb,CHFJPY,forex,False,london24,M15,15,RB,0,False,False,M15,3047,906,0.29734,-0.028461,-0.97378,0.43598,0.013167,0.041628,684,-0.037411,222,-0.00088611,2015,-0.14808,0.41667,-0.040697,-0.052933,True,False,15:-0.148(77.0) 16:+0.039(86.0) 17:-0.129(75.0) 18:-0.062(76.0) 19:-0.043(86.0) 20:-0.024(73.0) 21:-0.029(69.0) 22:+0.030(73.0) 23:+0.030(69.0) 24:+0.021(85.0) 25:-0.068(75.0) 26:+0.050(62.0),2015-01-13,2026-10-09,,409,-0.0021673,497,-0.050099,0,,-25.786,701.14,-25.589,525.77,-0.19672,175.37,-36.872
dt,CHFJPY,forex,False,london24,M30,30,k=0.3,0.3,False,False,M15,3047,2330,0.76469,-0.006003,-0.45308,0.46438,0.02244,0.028443,1762,-0.0041188,568,-0.011848,2019,-0.092496,0.41667,-0.023481,-0.040959,True,False,15:+0.009(198.0) 16:-0.045(194.0) 17:-0.037(190.0) 18:+0.035(193.0) 19:-0.092(202.0) 20:+0.029(194.0) 21:-0.041(210.0) 22:+0.125(186.0) 23:-0.010(195.0) 24:-0.044(212.0) 25:-0.048(209.0) 26:+0.085(147.0),2015-01-09,2026-10-09,0.0081545,,,,,,,-13.987,952.69,-7.2572,713.02,-6.7298,239.67,-54.711
dt,CHFJPY,forex,False,london24,M30,30,k=0.5,0.5,False,False,M15,3047,1135,0.3725,-0.0069337,-0.55454,0.45991,0.010662,0.017595,861,-0.013031,274,0.012226,2021,-0.055723,0.33333,-0.013907,-0.02088,True,False,15:+0.070(84.0) 16:-0.053(103.0) 17:-0.030(87.0) 18:-0.019(105.0) 19:-0.052(89.0) 20:-0.015(95.0) 21:-0.056(110.0) 22:+0.045(98.0) 23:+0.009(90.0) 24:-0.012(100.0) 25:-0.012(100.0) 26:+0.076(74.0),2015-01-14,2026-10-09,0.0026432,,,,,,,-7.8697,201.27,-11.22,154.65,3.3499,46.62,-15.784
dt,CHFJPY,forex,False,london24,M30,30,k=0.7,0.7,False,False,M15,3047,554,0.18182,-0.00988,-0.67764,0.42419,0.0039164,0.013796,420,-0.016096,134,0.0096016,2019,-0.084012,0.58333,-0.011837,-0.013793,True,False,15:+0.042(50.0) 16:-0.059(50.0) 17:-0.022(44.0) 18:+0.004(39.0) 19:-0.084(49.0) 20:+0.035(38.0) 21:-0.081(53.0) 22:+0.034(49.0) 23:+0.006(48.0) 24:+0.015(50.0) 25:-0.052(46.0) 26:+0.078(38.0),2015-01-14,2026-10-09,0,,,,,,,-5.4735,65.18,-6.7601,51.54,1.2866,13.64,-6.5574
rb,CHFJPY,forex,False,london24,M30,30,RB,0,False,False,M15,3047,901,0.2957,-0.038967,-1.3398,0.43396,0.0028327,0.0418,679,-0.040965,222,-0.032856,2015,-0.14832,0.25,-0.043443,-0.047919,True,False,15:-0.148(77.0) 16:+0.042(86.0) 17:-0.131(75.0) 18:-0.088(75.0) 19:-0.031(84.0) 20:-0.025(73.0) 21:-0.029(69.0) 22:+0.024(73.0) 23:+0.017(67.0) 24:-0.020(85.0) 25:-0.068(75.0) 26:-0.008(62.0),2015-01-13,2026-10-09,,408,-0.0042325,492,-0.065625,1,-1.0948,-35.109,687.32,-27.815,525.42,-7.294,161.9,-39.142
dt,CHFJPY,forex,False,london24,H1,60,k=0.3,0.3,False,True,M15,3047,2282,0.74893,0.0033512,0.24978,0.47546,0.032059,0.028708,1724,0.0030102,558,0.0044048,2019,-0.093301,0.33333,-0.021085,-0.045522,True,False,15:-0.015(189.0) 16:-0.030(192.0) 17:-0.025(186.0) 18:+0.052(188.0) 19:-0.093(200.0) 20:+0.046(187.0) 21:-0.016(209.0) 22:+0.133(182.0) 23:-0.011(191.0) 24:-0.035(206.0) 25:-0.031(208.0) 26:+0.113(144.0),2015-01-09,2026-10-09,0.010517,,,,,,,7.6474,937.01,5.1895,694.99,2.4579,242.02,-48.117
dt,CHFJPY,forex,False,london24,H1,60,k=0.5,0.5,False,True,M15,3047,1095,0.35937,0.0028278,0.22104,0.47854,0.020642,0.017815,829,-0.0051195,266,0.027596,2019,-0.05931,0.5,-0.01377,-0.030368,True,False,15:+0.053(80.0) 16:-0.048(102.0) 17:-0.021(84.0) 18:-0.002(99.0) 19:-0.059(85.0) 20:+0.006(89.0) 21:-0.026(109.0) 22:+0.053(94.0) 23:+0.008(87.0) 24:-0.003(98.0) 25:+0.002(97.0) 26:+0.105(71.0),2015-01-14,2026-10-09,0.0045662,,,,,,,3.0964,196.07,-4.2441,148.98,7.3405,47.088,-15.078
dt,CHFJPY,forex,False,london24,H1,60,k=0.7,0.7,False,True,M15,3047,536,0.17591,-0.0059751,-0.39757,0.44403,0.0080173,0.013992,404,-0.012608,132,0.014327,2019,-0.089003,0.5,-0.011822,-0.017669,True,False,15:+0.017(49.0) 16:-0.059(49.0) 17:-0.021(39.0) 18:+0.019(38.0) 19:-0.089(47.0) 20:+0.056(37.0) 21:-0.056(53.0) 22:+0.053(46.0) 23:-0.008(46.0) 24:+0.017(49.0) 25:-0.062(45.0) 26:+0.101(38.0),2015-01-14,2026-10-09,0,,,,,,,-3.2026,64.79,-5.0937,49.91,1.8911,14.88,-6.3366
rb,CHFJPY,forex,False,london24,H1,60,RB,0,False,True,M15,3047,848,0.27831,-0.045651,-1.5163,0.42335,-0.0035678,0.042083,644,-0.048292,204,-0.037313,2015,-0.15991,0.33333,-0.04192,-0.03819,False,False,15:-0.160(73.0) 16:+0.037(83.0) 17:-0.131(73.0) 18:-0.095(65.0) 19:-0.057(81.0) 20:-0.042(70.0) 21:+0.009(66.0) 22:-0.041(69.0) 23:+0.047(64.0) 24:-0.033(80.0) 25:-0.114(69.0) 26:+0.052(55.0),2015-01-13,2026-10-09,,390,0.0049743,456,-0.084507,2,-1.0584,-38.712,652.81,-31.1,486.92,-7.6119,165.89,-35.548
dt,CHFJPY,forex,False,ny_fx,M15,15,k=0.3,0.3,False,False,M15,3042,1657,0.54471,-0.047418,-3.6885,0.42185,-0.01415,0.033268,1282,-0.047065,375,-0.048626,2025,-0.1268,0.16667,-0.033443,-0.019468,False,False,15:-0.045(148.0) 16:-0.113(138.0) 17:-0.062(156.0) 18:-0.084(141.0) 19:-0.061(152.0) 20:-0.013(137.0) 21:-0.037(155.0) 22:-0.083(127.0) 23:+0.083(128.0) 24:-0.038(145.0) 25:-0.127(140.0) 26:+0.055(90.0),2015-01-09,2026-10-07,0.0042245,,,,,,,-78.572,457.23,-60.337,336.02,-18.235,121.21,-55.415
dt,CHFJPY,forex,False,ny_fx,M15,15,k=0.5,0.5,False,False,M15,3042,623,0.2048,-0.020932,-1.4511,0.44302,0.0015582,0.02249,486,-0.032866,137,0.021403,2016,-0.13075,0.41667,-0.023836,-0.026741,True,False,15:-0.064(66.0) 16:-0.131(48.0) 17:+0.029(56.0) 18:-0.087(57.0) 19:-0.046(60.0) 20:+0.024(49.0) 21:-0.003(57.0) 22:-0.105(41.0) 23:+0.075(52.0) 24:+0.009(52.0) 25:-0.034(43.0) 26:+0.093(42.0),2015-01-12,2026-10-01,0.0016051,,,,,,,-13.041,80.904,-15.973,61.063,2.9322,19.84,-14.85
dt,CHFJPY,forex,False,ny_fx,M15,15,k=0.7,0.7,False,False,M15,3042,263,0.086456,-0.018155,-0.98464,0.40684,-0.0014259,0.016729,197,-0.031109,66,0.020514,2016,-0.10923,0.16667,-0.017556,-0.016957,False,False,15:-0.053(28.0) 16:-0.109(18.0) 17:-0.021(27.0) 18:-0.107(22.0) 19:-0.022(22.0) 20:-0.008(23.0) 21:-0.025(23.0) 22:-0.080(16.0) 23:+0.154(18.0) 24:-0.011(28.0) 25:-0.023(17.0) 26:+0.098(21.0),2015-01-13,2026-09-25,0.0038023,,,,,,,-4.7746,23.511,-6.1286,18.004,1.3539,5.5071,-4.6172
rb,CHFJPY,forex,False,ny_fx,M15,15,RB,0,False,False,M15,3042,1542,0.5069,-0.092076,-5.4669,0.40726,-0.049029,0.043047,1149,-0.093625,393,-0.087548,2015,-0.15272,0.16667,-0.046771,-0.0014649,False,False,15:-0.153(130.0) 16:-0.115(135.0) 17:-0.103(112.0) 18:-0.136(131.0) 19:-0.103(126.0) 20:-0.034(123.0) 21:-0.061(119.0) 22:-0.148(150.0) 23:+0.029(123.0) 24:-0.129(143.0) 25:-0.134(146.0) 26:+0.034(104.0),2015-01-05,2026-10-01,,964,-0.057805,577,-0.14764,1,-1.0713,-141.98,687.14,-107.58,506.77,-34.406,180.37,-72.12
dt,CHFJPY,forex,False,ny_fx,M30,30,k=0.3,0.3,False,False,M15,3042,1655,0.54405,-0.04718,-3.6769,0.42054,-0.013706,0.033475,1281,-0.047015,374,-0.047748,2025,-0.12559,0.16667,-0.033639,-0.020097,False,False,15:-0.047(148.0) 16:-0.114(138.0) 17:-0.062(156.0) 18:-0.077(140.0) 19:-0.062(152.0) 20:-0.014(137.0) 21:-0.037(155.0) 22:-0.083(127.0) 23:+0.081(128.0) 24:-0.042(145.0) 25:-0.126(140.0) 26:+0.066(89.0),2015-01-09,2026-10-07,0.0090634,,,,,,,-78.084,454.39,-60.226,334.12,-17.858,120.27,-55.672
dt,CHFJPY,forex,False,ny_fx,M30,30,k=0.5,0.5,False,False,M15,3042,623,0.2048,-0.021047,-1.4632,0.44141,0.0016297,0.022677,486,-0.03305,137,0.021532,2016,-0.13073,0.41667,-0.024023,-0.026999,True,False,15:-0.063(66.0) 16:-0.131(48.0) 17:+0.029(56.0) 18:-0.087(57.0) 19:-0.047(60.0) 20:+0.024(49.0) 21:-0.003(57.0) 22:-0.105(41.0) 23:+0.075(52.0) 24:+0.009(52.0) 25:-0.034(43.0) 26:+0.094(42.0),2015-01-12,2026-10-01,0.0032103,,,,,,,-13.112,80.457,-16.062,60.593,2.95,19.864,-14.966
dt,CHFJPY,forex,False,ny_fx,M30,30,k=0.7,0.7,False,False,M15,3042,262,0.086128,-0.015655,-0.85506,0.4084,0.0012421,0.016897,196,-0.027897,66,0.020698,2016,-0.10935,0.16667,-0.017728,-0.0198,True,False,15:-0.028(27.0) 16:-0.109(18.0) 17:-0.021(27.0) 18:-0.108(22.0) 19:-0.022(22.0) 20:-0.010(23.0) 21:-0.025(23.0) 22:-0.080(16.0) 23:+0.154(18.0) 24:-0.011(28.0) 25:-0.023(17.0) 26:+0.098(21.0),2015-01-13,2026-09-25,0.0038168,,,,,,,-4.1017,22.987,-5.4677,17.482,1.3661,5.5043,-4.6446
rb,CHFJPY,forex,False,ny_fx,M30,30,RB,0,False,False,M15,3042,1535,0.5046,-0.096071,-5.7661,0.40456,-0.053268,0.042802,1145,-0.093015,390,-0.10504,2015,-0.16963,0.083333,-0.049212,-0.0023531,False,False,15:-0.170(130.0) 16:-0.129(134.0) 17:-0.109(111.0) 18:-0.136(131.0) 19:-0.093(125.0) 20:-0.040(123.0) 21:-0.061(119.0) 22:-0.152(149.0) 23:+0.074(123.0) 24:-0.150(141.0) 25:-0.124(145.0) 26:-0.018(104.0),2015-01-05,2026-10-01,,963,-0.058064,569,-0.15523,3,-1.0758,-147.47,667.83,-106.5,501.63,-40.967,166.2,-75.54
dt,CHFJPY,forex,False,ny_fx,H1,60,k=0.3,0.3,False,False,M15,3042,1651,0.54274,-0.04564,-3.5572,0.42096,-0.012059,0.033581,1277,-0.044988,374,-0.047868,2025,-0.12521,0.16667,-0.03342,-0.0212,False,False,15:-0.044(147.0) 16:-0.108(137.0) 17:-0.062(156.0) 18:-0.070(139.0) 19:-0.062(152.0) 20:-0.006(136.0) 21:-0.040(155.0) 22:-0.084(127.0) 23:+0.081(128.0) 24:-0.043(145.0) 25:-0.125(140.0) 26:+0.066(89.0),2015-01-09,2026-10-07,0.014537,,,,,,,-75.352,451.88,-57.45,331.82,-17.903,120.06,-55.177
dt,CHFJPY,forex,False,ny_fx,H1,60,k=0.5,0.5,False,False,M15,3042,623,0.2048,-0.021142,-1.4696,0.44141,0.0016297,0.022772,486,-0.033205,137,0.021651,2016,-0.13075,0.41667,-0.024118,-0.027093,True,False,15:-0.063(66.0) 16:-0.131(48.0) 17:+0.029(56.0) 18:-0.088(57.0) 19:-0.048(60.0) 20:+0.024(49.0) 21:-0.003(57.0) 22:-0.105(41.0) 23:+0.075(52.0) 24:+0.009(52.0) 25:-0.034(43.0) 26:+0.094(42.0),2015-01-12,2026-10-01,0.0048154,,,,,,,-13.171,80.474,-16.138,60.608,2.9662,19.866,-15.025
dt,CHFJPY,forex,False,ny_fx,H1,60,k=0.7,0.7,False,False,M15,3042,262,0.086128,-0.015624,-0.85341,0.4084,0.0012421,0.016866,196,-0.027878,66,0.020764,2016,-0.1092,0.16667,-0.017697,-0.019769,True,False,15:-0.028(27.0) 16:-0.109(18.0) 17:-0.021(27.0) 18:-0.108(22.0) 19:-0.022(22.0) 20:-0.009(23.0) 21:-0.025(23.0) 22:-0.080(16.0) 23:+0.154(18.0) 24:-0.011(28.0) 25:-0.023(17.0) 26:+0.098(21.0),2015-01-13,2026-09-25,0.0038168,,,,,,,-4.0935,22.984,-5.464,17.484,1.3705,5.5003,-4.6365
rb,CHFJPY,forex,False,ny_fx,H1,60,RB,0,False,False,M15,3042,1520,0.49967,-0.098994,-6.033,0.40724,-0.057048,0.041947,1134,-0.10462,386,-0.082475,2015,-0.18005,0.083333,-0.050209,-0.0014229,False,False,15:-0.180(129.0) 16:-0.151(133.0) 17:-0.142(109.0) 18:-0.141(131.0) 19:-0.092(123.0) 20:-0.051(122.0) 21:-0.071(119.0) 22:-0.175(146.0) 23:+0.084(122.0) 24:-0.118(140.0) 25:-0.104(143.0) 26:-0.004(103.0),2015-01-05,2026-10-01,,959,-0.061139,554,-0.15212,7,-1.0804,-150.47,636.57,-118.64,488.14,-31.835,148.43,-76.317
dt,CVX,stock,True,us_cash,M5,5,k=0.3,0.3,False,False,M5,1382,874,0.63242,-0.0096643,-0.5277,0.46796,-0.002904,0.0067602,462,-0.014588,412,-0.0041429,2021,-0.056949,0.42857,-0.0047737,0.00011685,False,False,20:+0.120(22.0) 21:-0.057(142.0) 22:+0.034(139.0) 23:-0.038(159.0) 24:+0.043(143.0) 25:-0.050(154.0) 26:-0.001(115.0),2020-11-06,2026-10-08,0.0022883,,,,,,,-8.4466,255.99,-6.7397,142.99,-1.7069,113,-4.1722
dt,CVX,stock,True,us_cash,M5,5,k=0.5,0.5,False,False,M5,1382,335,0.2424,0.030592,1.6383,0.50149,0.035487,0.0048955,173,0.045677,162,0.014482,2025,-0.0081239,0.71429,-0.0089677,-0.048527,True,False,20:+0.184(10.0) 21:+0.016(49.0) 22:+0.049(55.0) 23:+0.043(59.0) 24:+0.048(58.0) 25:-0.008(50.0) 26:-0.000(54.0),2020-11-06,2026-10-07,0,,,,,,,10.248,39.324,7.9021,20.797,2.3461,18.527,-3.0042
dt,CVX,stock,True,us_cash,M5,5,k=0.7,0.7,False,False,M5,1382,166,0.12012,-0.00037105,-0.018446,0.4759,0.0033022,0.0036733,85,0.014705,81,-0.016192,2021,-0.029565,0.33333,-0.0046366,-0.0089021,True,False,20:+0.069(7.0) 21:-0.030(22.0) 22:+0.006(30.0) 23:+0.048(26.0) 24:-0.009(33.0) 25:-0.023(22.0) 26:-0.020(26.0),2020-11-09,2026-10-07,0,,,,,,,-0.061594,11.083,1.2499,6.0315,-1.3115,5.0513,-0.76967
rb,CVX,stock,True,us_cash,M5,5,RB,0,False,False,M5,1382,565,0.40883,0.033801,1.0838,0.46372,0.043703,0.0099022,302,0.031583,263,0.036348,2026,-0.051324,0.57143,0.0016277,-0.030545,True,False,20:+0.207(14.0) 21:+0.132(88.0) 22:-0.035(100.0) 23:-0.015(100.0) 24:+0.068(93.0) 25:+0.093(83.0) 26:-0.051(87.0),2020-11-04,2026-10-05,,305,-0.01658,260,0.092902,0,,19.097,310.6,9.538,143.91,9.5595,166.69,0.91966
dt,CVX,stock,True,us_cash,M15,15,k=0.3,0.3,False,False,M5,1382,874,0.63242,-0.011215,-0.61726,0.46796,-0.0044645,0.0067501,462,-0.017825,412,-0.0038021,2021,-0.056885,0.42857,-0.0051994,0.00081578,False,False,20:+0.049(22.0) 21:-0.057(142.0) 22:+0.035(139.0) 23:-0.038(159.0) 24:+0.043(143.0) 25:-0.049(154.0) 26:-0.001(115.0),2020-11-06,2026-10-08,0.0022883,,,,,,,-9.8016,251.97,-8.2352,139.09,-1.5665,112.88,-4.5443
dt,CVX,stock,True,us_cash,M15,15,k=0.5,0.5,False,False,M5,1382,335,0.2424,0.030621,1.6394,0.50149,0.035589,0.0049675,173,0.045866,162,0.014341,2025,-0.0080969,0.71429,-0.0090397,-0.048701,True,False,20:+0.184(10.0) 21:+0.017(49.0) 22:+0.049(55.0) 23:+0.043(59.0) 24:+0.048(58.0) 25:-0.008(50.0) 26:-0.001(54.0),2020-11-06,2026-10-07,0,,,,,,,10.258,39.348,7.9348,20.797,2.3233,18.552,-3.0283
dt,CVX,stock,True,us_cash,M15,15,k=0.7,0.7,False,False,M5,1382,166,0.12012,-0.00047563,-0.023643,0.46988,0.0033022,0.0037779,85,0.014705,81,-0.016406,2021,-0.029565,0.33333,-0.0047411,-0.0090067,True,False,20:+0.069(7.0) 21:-0.030(22.0) 22:+0.006(30.0) 23:+0.048(26.0) 24:-0.009(33.0) 25:-0.023(22.0) 26:-0.020(26.0),2020-11-09,2026-10-07,0,,,,,,,-0.078954,11.084,1.2499,6.0315,-1.3289,5.0527,-0.78703
rb,CVX,stock,True,us_cash,M15,15,RB,0,False,False,M5,1382,564,0.4081,0.024929,0.80771,0.46277,0.034717,0.0097876,302,0.022307,262,0.027952,2026,-0.061176,0.57143,-0.00055119,-0.026032,True,False,20:+0.207(14.0) 21:+0.105(88.0) 22:-0.037(100.0) 23:-0.017(100.0) 24:+0.067(93.0) 25:+0.078(82.0) 26:-0.061(87.0),2020-11-04,2026-10-05,,304,-0.017153,260,0.074133,0,,14.06,302.83,6.7367,137.84,7.3233,164.99,-0.31087
dt,CVX,stock,True,us_cash,M30,30,k=0.3,0.3,False,False,M5,1382,874,0.63242,-0.011533,-0.63499,0.46682,-0.004799,0.0067336,462,-0.01773,412,-0.0045835,2021,-0.056885,0.42857,-0.0049639,0.0016048,False,False,20:+0.050(22.0) 21:-0.057(142.0) 22:+0.035(139.0) 23:-0.038(159.0) 24:+0.042(143.0) 25:-0.051(154.0) 26:-0.001(115.0),2020-11-06,2026-10-08,0.0045767,,,,,,,-10.08,251.8,-8.1912,139.12,-1.8884,112.68,-4.3385
dt,CVX,stock,True,us_cash,M30,30,k=0.5,0.5,False,False,M5,1382,335,0.2424,0.030706,1.6439,0.50149,0.03571,0.005004,173,0.0461,162,0.014266,2025,-0.0080969,0.71429,-0.0090762,-0.048858,True,False,20:+0.184(10.0) 21:+0.017(49.0) 22:+0.049(55.0) 23:+0.044(59.0) 24:+0.048(58.0) 25:-0.008(50.0) 26:-0.001(54.0),2020-11-06,2026-10-07,0,,,,,,,10.286,39.352,7.9753,20.788,2.3111,18.564,-3.0405
dt,CVX,stock,True,us_cash,M30,30,k=0.7,0.7,False,False,M5,1382,166,0.12012,-0.0004725,-0.023487,0.46988,0.0033022,0.0037747,85,0.014705,81,-0.016399,2021,-0.029565,0.33333,-0.004738,-0.0090035,True,False,20:+0.069(7.0) 21:-0.030(22.0) 22:+0.006(30.0) 23:+0.048(26.0) 24:-0.009(33.0) 25:-0.023(22.0) 26:-0.020(26.0),2020-11-09,2026-10-07,0,,,,,,,-0.078435,11.085,1.2499,6.0315,-1.3284,5.0536,-0.78651
rb,CVX,stock,True,us_cash,M30,30,RB,0,False,False,M5,1382,557,0.40304,0.017088,0.5869,0.46499,0.02676,0.0096714,297,0.015074,260,0.019389,2026,-0.052069,0.57143,-0.0074898,-0.032068,True,False,20:+0.115(14.0) 21:+0.086(86.0) 22:-0.044(100.0) 23:-0.002(97.0) 24:+0.076(92.0) 25:+0.031(82.0) 26:-0.052(86.0),2020-11-04,2026-10-05,,304,-0.015558,253,0.056316,0,,9.5182,262.7,4.4771,108.76,5.0412,153.95,-4.1718
dt,CVX,stock,True,us_cash,H1,60,k=0.3,0.3,False,True,M5,1382,834,0.60347,-0.007346,-0.39374,0.46643,-0.00060824,0.0067377,443,-0.011794,391,-0.0023063,2021,-0.064718,0.28571,-0.002873,0.0015999,False,False,20:-0.021(21.0) 21:-0.065(136.0) 22:+0.037(131.0) 23:-0.005(155.0) 24:+0.033(132.0) 25:-0.032(150.0) 26:-0.004(109.0),2020-11-06,2026-10-08,0.01199,,,,,,,-6.1265,241.87,-5.2248,134.27,-0.90175,107.6,-2.3961
dt,CVX,stock,True,us_cash,H1,60,k=0.5,0.5,False,True,M5,1382,312,0.22576,0.041407,2.1156,0.51282,0.046645,0.0052381,161,0.053511,151,0.028501,2026,-0.025433,0.71429,-0.0064077,-0.054222,True,False,20:+0.108(10.0) 21:-0.001(46.0) 22:+0.081(51.0) 23:+0.064(54.0) 24:+0.071(52.0) 25:+0.043(46.0) 26:-0.025(53.0),2020-11-06,2026-10-07,0,,,,,,,12.919,37.703,8.6153,20.325,4.3037,17.379,-1.9992
dt,CVX,stock,True,us_cash,H1,60,k=0.7,0.7,False,True,M5,1382,151,0.10926,0.011063,0.5064,0.45695,0.014704,0.0036415,78,0.020121,73,0.0013838,2026,-0.045877,0.66667,-0.0031422,-0.017347,True,False,20:+0.004(7.0) 21:-0.041(21.0) 22:+0.024(28.0) 23:+0.079(22.0) 24:+0.015(29.0) 25:+0.034(21.0) 26:-0.046(23.0),2020-11-09,2026-10-07,0,,,,,,,1.6705,10.828,1.5695,6.1506,0.10102,4.6776,-0.47447
rb,CVX,stock,True,us_cash,H1,60,RB,0,False,True,M5,1382,512,0.37048,0.0022839,0.091359,0.47656,0.011425,0.0091409,283,0.0066634,229,-0.0031284,2026,-0.11917,0.71429,-0.0067061,-0.015696,True,False,20:+0.072(13.0) 21:+0.045(85.0) 22:-0.044(94.0) 23:+0.014(91.0) 24:+0.107(76.0) 25:+0.008(74.0) 26:-0.119(79.0),2020-11-04,2026-10-05,,287,0.0034067,225,0.00085164,0,,1.1694,163.51,1.8857,85.056,-0.71639,78.454,-3.4335
dt,DIS,stock,True,us_cash,M5,5,k=0.3,0.3,False,False,M5,1369,887,0.64792,0.023074,1.0647,0.48703,0.03353,0.010456,443,0.038982,444,0.0072022,2026,-0.11687,0.57143,0.0023619,-0.01835,True,False,20:+0.017(22.0) 21:-0.038(147.0) 22:+0.033(138.0) 23:+0.131(136.0) 24:+0.132(147.0) 25:-0.002(161.0) 26:-0.117(136.0),2020-11-09,2026-10-08,0,,,,,,,20.467,369.55,17.269,188.77,3.1978,180.78,2.095
dt,DIS,stock,True,us_cash,M5,5,k=0.5,0.5,False,False,M5,1369,383,0.27977,0.058797,2.7524,0.52219,0.064559,0.0057617,196,0.051049,187,0.066918,2021,-0.031078,0.71429,0.00012066,-0.058556,True,True,20:+0.088(11.0) 21:-0.031(67.0) 22:+0.047(57.0) 23:+0.138(61.0) 24:+0.173(64.0) 25:+0.035(79.0) 26:-0.029(44.0),2020-11-09,2026-10-08,0,,,,,,,22.519,68.089,10.006,37.338,12.514,30.75,0.046215
dt,DIS,stock,True,us_cash,M5,5,k=0.7,0.7,False,False,M5,1369,185,0.13514,0.056351,2.2924,0.55135,0.060037,0.0036856,96,0.031154,89,0.083531,2021,-0.063122,0.66667,-0.0023712,-0.061094,True,False,20:-0.007(8.0) 21:-0.063(31.0) 22:-0.014(26.0) 23:+0.173(31.0) 24:+0.162(36.0) 25:+0.024(34.0) 26:+0.040(19.0),2020-11-09,2026-10-08,0,,,,,,,10.425,21.156,2.9908,12.93,7.4343,8.2259,-0.43868
rb,DIS,stock,True,us_cash,M5,5,RB,0,False,False,M5,1369,506,0.36961,-0.015562,-0.4931,0.47628,0.00028001,0.015842,261,-0.048114,245,0.019117,2020,-0.11244,0.14286,-0.015687,-0.015812,True,False,20:-0.112(15.0) 21:-0.044(71.0) 22:-0.059(85.0) 23:-0.031(90.0) 24:+0.086(77.0) 25:-0.000(86.0) 26:-0.023(82.0),2020-11-05,2026-10-07,,275,0.011436,231,-0.047702,0,,-7.8743,254.62,-12.558,109.16,4.6836,145.46,-7.9375
dt,DIS,stock,True,us_cash,M15,15,k=0.3,0.3,False,False,M5,1369,887,0.64792,0.023341,1.0771,0.48816,0.033837,0.010496,443,0.039506,444,0.0072119,2026,-0.11713,0.57143,0.0023271,-0.018686,True,False,20:+0.017(22.0) 21:-0.036(147.0) 22:+0.033(138.0) 23:+0.132(136.0) 24:+0.132(147.0) 25:-0.001(161.0) 26:-0.117(136.0),2020-11-09,2026-10-08,0.0022548,,,,,,,20.703,369.49,17.501,188.59,3.2021,180.9,2.0641
dt,DIS,stock,True,us_cash,M15,15,k=0.5,0.5,False,False,M5,1369,383,0.27977,0.058909,2.7576,0.52219,0.064656,0.0057473,196,0.051216,187,0.066973,2021,-0.03059,0.71429,0.00015646,-0.058596,True,True,20:+0.088(11.0) 21:-0.031(67.0) 22:+0.047(57.0) 23:+0.138(61.0) 24:+0.173(64.0) 25:+0.035(79.0) 26:-0.029(44.0),2020-11-09,2026-10-08,0,,,,,,,22.562,68.094,10.038,37.35,12.524,30.744,0.059924
dt,DIS,stock,True,us_cash,M15,15,k=0.7,0.7,False,False,M5,1369,185,0.13514,0.056413,2.295,0.55135,0.060037,0.0036239,96,0.031154,89,0.083659,2021,-0.063122,0.66667,-0.0023096,-0.061032,True,False,20:-0.007(8.0) 21:-0.063(31.0) 22:-0.014(26.0) 23:+0.173(31.0) 24:+0.162(36.0) 25:+0.024(34.0) 26:+0.041(19.0),2020-11-09,2026-10-08,0,,,,,,,10.436,21.157,2.9908,12.93,7.4457,8.2268,-0.42727
rb,DIS,stock,True,us_cash,M15,15,RB,0,False,False,M5,1369,505,0.36888,-0.025585,-0.8152,0.47327,-0.01012,0.015466,261,-0.072612,244,0.024718,2020,-0.11244,0.28571,-0.015958,-0.0063315,False,False,20:-0.112(15.0) 21:-0.078(71.0) 22:-0.059(85.0) 23:-0.074(90.0) 24:+0.087(77.0) 25:-0.009(86.0) 26:+0.002(81.0),2020-11-05,2026-10-07,,275,0.006977,230,-0.064519,0,,-12.921,251.05,-18.952,107.25,6.0311,143.8,-8.059
dt,DIS,stock,True,us_cash,M30,30,k=0.3,0.3,False,False,M5,1369,886,0.64719,0.023258,1.0732,0.48871,0.033837,0.010579,442,0.040329,444,0.0062639,2026,-0.11865,0.57143,0.0020169,-0.019224,True,False,20:+0.017(22.0) 21:-0.036(147.0) 22:+0.033(138.0) 23:+0.135(135.0) 24:+0.130(147.0) 25:-0.001(161.0) 26:-0.119(136.0),2020-11-09,2026-10-08,0.0056433,,,,,,,20.607,368.76,17.826,188.49,2.7812,180.28,1.787
dt,DIS,stock,True,us_cash,M30,30,k=0.5,0.5,False,False,M5,1369,383,0.27977,0.058987,2.7612,0.52219,0.064697,0.0057102,196,0.051295,187,0.067049,2021,-0.030356,0.71429,0.00019349,-0.0586,True,True,20:+0.088(11.0) 21:-0.030(67.0) 22:+0.047(57.0) 23:+0.138(61.0) 24:+0.173(64.0) 25:+0.035(79.0) 26:-0.028(44.0),2020-11-09,2026-10-08,0,,,,,,,22.592,68.104,10.054,37.342,12.538,30.762,0.074107
dt,DIS,stock,True,us_cash,M30,30,k=0.7,0.7,False,False,M5,1369,185,0.13514,0.056456,2.2968,0.55135,0.060096,0.0036407,96,0.031154,89,0.083748,2021,-0.063122,0.66667,-0.0023263,-0.061108,True,False,20:-0.007(8.0) 21:-0.063(31.0) 22:-0.014(26.0) 23:+0.173(31.0) 24:+0.162(36.0) 25:+0.024(34.0) 26:+0.041(19.0),2020-11-09,2026-10-08,0,,,,,,,10.444,21.157,2.9908,12.93,7.4536,8.2268,-0.43037
rb,DIS,stock,True,us_cash,M30,30,RB,0,False,False,M5,1369,502,0.36669,-0.031815,-1.0521,0.46614,-0.016689,0.015126,259,-0.067167,243,0.0058649,2020,-0.11244,0.14286,-0.014959,0.0018966,False,False,20:-0.112(15.0) 21:-0.086(71.0) 22:-0.081(84.0) 23:-0.031(89.0) 24:+0.072(77.0) 25:-0.005(86.0) 26:-0.046(80.0),2020-11-05,2026-10-07,,275,0.011389,226,-0.08008,1,-1.0049,-15.971,230.48,-17.396,101.5,1.4252,128.98,-7.5095
dt,DIS,stock,True,us_cash,H1,60,k=0.3,0.3,False,True,M5,1369,849,0.62016,0.010653,0.49971,0.47468,0.021099,0.010446,428,0.03158,421,-0.010621,2026,-0.13683,0.57143,-0.0020598,-0.014773,True,False,20:+0.032(21.0) 21:-0.029(142.0) 22:+0.019(133.0) 23:+0.110(132.0) 24:+0.103(139.0) 25:-0.009(155.0) 26:-0.137(127.0),2020-11-09,2026-10-08,0.022379,,,,,,,9.0444,327.3,13.516,163.92,-4.4716,163.37,-1.7488
dt,DIS,stock,True,us_cash,H1,60,k=0.5,0.5,False,True,M5,1369,362,0.26443,0.047035,2.2125,0.50276,0.05301,0.0059754,184,0.045196,178,0.048936,2026,-0.054257,0.71429,-0.0012737,-0.049582,True,False,20:+0.093(11.0) 21:-0.022(64.0) 22:+0.030(53.0) 23:+0.126(56.0) 24:+0.154(58.0) 25:+0.029(76.0) 26:-0.054(44.0),2020-11-09,2026-10-08,0,,,,,,,17.027,59.862,8.3161,32.236,8.7106,27.626,-0.46109
dt,DIS,stock,True,us_cash,H1,60,k=0.7,0.7,False,True,M5,1369,168,0.12272,0.047155,1.8589,0.54167,0.050405,0.0032494,91,0.019935,77,0.079325,2021,-0.062768,0.66667,-0.0021701,-0.051495,True,False,20:-0.002(8.0) 21:-0.063(30.0) 22:-0.033(23.0) 23:+0.149(30.0) 24:+0.144(31.0) 25:+0.037(31.0) 26:+0.034(15.0),2020-11-09,2026-10-08,0,,,,,,,7.9221,18.428,1.8141,11.051,6.108,7.3769,-0.36457
rb,DIS,stock,True,us_cash,H1,60,RB,0,False,True,M5,1369,454,0.33163,-0.043646,-1.5728,0.46476,-0.029272,0.014374,234,-0.047645,220,-0.039393,2024,-0.08606,0.28571,-0.012907,0.017833,False,False,20:-0.080(15.0) 21:-0.078(66.0) 22:-0.078(77.0) 23:+0.016(76.0) 24:-0.086(70.0) 25:+0.022(80.0) 26:-0.063(70.0),2020-11-05,2026-10-07,,255,-0.021172,199,-0.072444,0,,-19.815,159.25,-11.149,78.012,-8.6665,81.237,-5.8596
dt,DOGEUSD,crypto,False,us_cash,M5,5,k=0.3,0.3,False,False,M5,1316,641,0.48708,-0.026629,-0.97163,0.3869,0.058502,0.085131,282,-0.037409,359,-0.018161,2021,-0.21912,0.33333,-0.076902,-0.12718,True,False,21:-0.219(34.0) 22:+0.017(118.0) 23:-0.039(130.0) 24:+0.009(128.0) 25:-0.021(125.0) 26:-0.047(106.0),2021-09-24,2026-10-08,0.0015601,,,,,,,-17.069,308.59,-10.549,178.51,-6.52,130.08,-49.294
dt,DOGEUSD,crypto,False,us_cash,M5,5,k=0.5,0.5,False,False,M5,1316,269,0.20441,0.017851,0.56907,0.40149,0.077756,0.059905,125,0.0075265,144,0.026813,2021,-0.16604,0.5,-0.052001,-0.12185,True,False,21:-0.166(13.0) 22:+0.077(46.0) 23:-0.006(66.0) 24:+0.021(62.0) 25:+0.065(42.0) 26:-0.004(40.0),2021-10-04,2026-10-08,0,,,,,,,4.8019,71.024,0.94082,45.906,3.8611,25.118,-13.988
dt,DOGEUSD,crypto,False,us_cash,M5,5,k=0.7,0.7,False,False,M5,1316,134,0.10182,0.041603,1.1407,0.41791,0.089776,0.048173,62,0.071085,72,0.016216,2026,-0.0085738,0.8,-0.051237,-0.14408,True,False,21:-0.204(5.0) 22:+0.150(23.0) 23:+0.058(34.0) 24:+0.039(29.0) 25:+0.008(24.0) 26:-0.009(19.0),2021-10-04,2026-10-02,0,,,,,,,5.5748,23.94,4.4073,15.437,1.1676,8.5028,-6.8658
rb,DOGEUSD,crypto,False,us_cash,M5,5,RB,0,False,False,M5,1316,721,0.54787,-0.10823,-4.0218,0.36893,0.0045304,0.11276,331,-0.18066,390,-0.046755,2023,-0.23161,0,-0.11302,-0.11781,True,False,21:-0.112(44.0) 22:-0.147(137.0) 23:-0.232(150.0) 24:-0.051(131.0) 25:-0.029(138.0) 26:-0.062(121.0),2021-09-22,2026-10-08,,466,-0.09001,255,-0.14152,0,,-78.032,384.38,-59.798,166.74,-18.234,217.64,-81.485
dt,DOGEUSD,crypto,False,us_cash,M15,15,k=0.3,0.3,False,False,M5,1316,639,0.48556,-0.025579,-0.93153,0.38654,0.059809,0.085388,280,-0.035038,359,-0.018201,2021,-0.20308,0.33333,-0.076809,-0.12804,True,False,21:-0.203(33.0) 22:+0.015(118.0) 23:-0.038(129.0) 24:+0.009(128.0) 25:-0.021(125.0) 26:-0.047(106.0),2021-09-24,2026-10-08,0.0093897,,,,,,,-16.345,307.8,-9.8107,177.71,-6.534,130.09,-49.081
dt,DOGEUSD,crypto,False,us_cash,M15,15,k=0.5,0.5,False,False,M5,1316,269,0.20441,0.017769,0.56646,0.40149,0.077756,0.059987,125,0.0074385,144,0.026737,2021,-0.16578,0.5,-0.052083,-0.12194,True,False,21:-0.166(13.0) 22:+0.076(46.0) 23:-0.006(66.0) 24:+0.021(62.0) 25:+0.065(42.0) 26:-0.004(40.0),2021-10-04,2026-10-08,0,,,,,,,4.7799,71.023,0.92981,45.909,3.8501,25.114,-14.01
dt,DOGEUSD,crypto,False,us_cash,M15,15,k=0.7,0.7,False,False,M5,1316,134,0.10182,0.04145,1.1361,0.41791,0.089776,0.048326,62,0.070774,72,0.016198,2026,-0.0085738,0.8,-0.051391,-0.14423,True,False,21:-0.206(5.0) 22:+0.149(23.0) 23:+0.058(34.0) 24:+0.039(29.0) 25:+0.008(24.0) 26:-0.009(19.0),2021-10-04,2026-10-02,0,,,,,,,5.5542,23.952,4.388,15.445,1.1663,8.5077,-6.8864
rb,DOGEUSD,crypto,False,us_cash,M15,15,RB,0,False,False,M5,1316,717,0.54483,-0.11497,-4.296,0.36681,-0.0024615,0.11251,329,-0.19125,388,-0.050291,2023,-0.25894,0,-0.11435,-0.11373,False,False,21:-0.113(44.0) 22:-0.142(135.0) 23:-0.259(150.0) 24:-0.054(131.0) 25:-0.025(137.0) 26:-0.075(120.0),2021-09-22,2026-10-08,,463,-0.09826,254,-0.14544,0,,-82.435,377.18,-62.922,165.72,-19.513,211.46,-81.988
dt,DOGEUSD,crypto,False,us_cash,M30,30,k=0.3,0.3,False,False,M5,1316,639,0.48556,-0.025906,-0.94333,0.38654,0.059571,0.085477,280,-0.035734,359,-0.01824,2021,-0.20332,0.33333,-0.076898,-0.12789,True,False,21:-0.203(33.0) 22:+0.015(118.0) 23:-0.039(129.0) 24:+0.009(128.0) 25:-0.021(125.0) 26:-0.047(106.0),2021-09-24,2026-10-08,0.010955,,,,,,,-16.554,307.89,-10.006,177.8,-6.5482,130.09,-49.138
dt,DOGEUSD,crypto,False,us_cash,M30,30,k=0.5,0.5,False,False,M5,1316,269,0.20441,0.017724,0.56503,0.40149,0.077756,0.060032,125,0.0073925,144,0.026692,2021,-0.1655,0.5,-0.052128,-0.12198,True,False,21:-0.166(13.0) 22:+0.076(46.0) 23:-0.006(66.0) 24:+0.021(62.0) 25:+0.065(42.0) 26:-0.004(40.0),2021-10-04,2026-10-08,0,,,,,,,4.7677,71.018,0.92406,45.907,3.8436,25.111,-14.023
dt,DOGEUSD,crypto,False,us_cash,M30,30,k=0.7,0.7,False,False,M5,1316,134,0.10182,0.041368,1.1338,0.41791,0.089776,0.048408,62,0.070551,72,0.016238,2026,-0.0085738,0.8,-0.051472,-0.14431,True,False,21:-0.206(5.0) 22:+0.149(23.0) 23:+0.058(34.0) 24:+0.039(29.0) 25:+0.008(24.0) 26:-0.009(19.0),2021-10-04,2026-10-02,0,,,,,,,5.5433,23.954,4.3742,15.448,1.1691,8.5063,-6.8973
rb,DOGEUSD,crypto,False,us_cash,M30,30,RB,0,False,False,M5,1316,715,0.54331,-0.11961,-4.4929,0.36503,-0.0084877,0.11112,328,-0.19185,387,-0.058374,2023,-0.24648,0,-0.11094,-0.10227,False,False,21:-0.154(44.0) 22:-0.144(135.0) 23:-0.246(149.0) 24:-0.060(130.0) 25:-0.027(137.0) 26:-0.093(120.0),2021-09-22,2026-10-08,,462,-0.10119,252,-0.14809,1,-1.4515,-85.518,372.01,-62.927,163.22,-22.591,208.79,-79.322
dt,DOGEUSD,crypto,False,us_cash,H1,60,k=0.3,0.3,False,True,M5,1316,613,0.46581,-0.024627,-0.85086,0.38336,0.061819,0.086446,267,-0.029746,346,-0.020677,2021,-0.17778,0.33333,-0.076918,-0.12921,True,False,21:-0.178(33.0) 22:+0.042(112.0) 23:-0.056(122.0) 24:+0.001(125.0) 25:-0.026(118.0) 26:-0.041(103.0),2021-09-24,2026-10-08,0.014682,,,,,,,-15.096,314.65,-7.9422,193.52,-7.1541,121.13,-47.151
dt,DOGEUSD,crypto,False,us_cash,H1,60,k=0.5,0.5,False,True,M5,1316,255,0.19377,0.024199,0.71274,0.41176,0.085392,0.061193,117,0.019084,138,0.028535,2021,-0.15347,0.5,-0.052441,-0.12908,True,False,21:-0.153(12.0) 22:+0.095(44.0) 23:-0.002(61.0) 24:+0.021(58.0) 25:+0.066(42.0) 26:-0.002(38.0),2021-10-04,2026-10-08,0,,,,,,,6.1707,74.811,2.2329,52.328,3.9378,22.483,-13.372
dt,DOGEUSD,crypto,False,us_cash,H1,60,k=0.7,0.7,False,True,M5,1316,130,0.098784,0.046731,1.1847,0.43846,0.095475,0.048745,60,0.08306,70,0.015592,2026,-0.012297,0.8,-0.050338,-0.14741,True,False,21:-0.166(5.0) 22:+0.171(22.0) 23:+0.062(33.0) 24:+0.038(28.0) 25:+0.010(24.0) 26:-0.012(18.0),2021-10-04,2026-10-02,0,,,,,,,6.075,26.377,4.9836,18.843,1.0914,7.5344,-6.544
rb,DOGEUSD,crypto,False,us_cash,H1,60,RB,0,False,True,M5,1316,682,0.51824,-0.12141,-4.6525,0.36804,-0.012406,0.10901,311,-0.14821,371,-0.098955,2023,-0.23614,0,-0.11322,-0.10502,False,False,21:-0.125(43.0) 22:-0.063(130.0) 23:-0.236(138.0) 24:-0.065(125.0) 25:-0.124(131.0) 26:-0.107(115.0),2021-09-22,2026-10-08,,452,-0.083689,223,-0.1616,7,-1.2773,-82.805,326.35,-46.092,174.49,-36.712,151.86,-77.215
dt,DOGEUSD,crypto,False,london24,M5,5,k=0.3,0.3,False,False,M5,1725,1132,0.65623,-0.062626,-3.2615,0.40106,0.018665,0.081291,520,-0.12657,612,-0.0082916,2023,-0.16065,0.33333,-0.088566,-0.11451,True,False,21:+0.066(50.0) 22:-0.133(232.0) 23:-0.161(238.0) 24:-0.068(228.0) 25:-0.034(208.0) 26:+0.100(176.0),2021-09-24,2026-10-08,0.0017668,,,,,,,-70.893,476.48,-65.818,219.24,-5.0745,257.24,-100.26
dt,DOGEUSD,crypto,False,london24,M5,5,k=0.5,0.5,False,False,M5,1725,559,0.32406,-0.056327,-3.0023,0.37925,-0.0011284,0.055199,279,-0.13507,280,0.022133,2023,-0.17135,0.5,-0.054335,-0.052343,False,False,21:+0.079(25.0) 22:-0.138(117.0) 23:-0.171(137.0) 24:-0.018(95.0) 25:+0.015(90.0) 26:+0.070(95.0),2021-09-24,2026-10-08,0,,,,,,,-31.487,111.56,-37.684,60.478,6.1971,51.087,-30.373
dt,DOGEUSD,crypto,False,london24,M5,5,k=0.7,0.7,False,False,M5,1725,304,0.17623,-0.069643,-3.3652,0.34539,-0.026536,0.043107,153,-0.1382,151,-0.00017485,2023,-0.1698,0.5,-0.043876,-0.018109,False,False,21:+0.050(15.0) 22:-0.146(64.0) 23:-0.170(74.0) 24:-0.067(59.0) 25:+0.025(41.0) 26:+0.056(51.0),2021-09-24,2026-10-08,0,,,,,,,-21.171,40.925,-21.145,23.138,-0.026403,17.787,-13.338
rb,DOGEUSD,crypto,False,london24,M5,5,RB,0,False,False,M5,1725,747,0.43304,-0.12722,-4.8587,0.37885,-0.011862,0.11536,363,-0.17314,384,-0.083818,2023,-0.29937,0.16667,-0.13354,-0.13986,True,False,21:-0.210(42.0) 22:-0.013(147.0) 23:-0.299(174.0) 24:+0.004(147.0) 25:-0.123(132.0) 26:-0.158(105.0),2021-09-23,2026-10-07,,391,-0.077237,356,-0.18212,0,,-95.035,394.16,-62.848,173.49,-32.186,220.67,-99.754
dt,DOGEUSD,crypto,False,london24,M15,15,k=0.3,0.3,False,False,M5,1725,1132,0.65623,-0.063181,-3.2921,0.39929,0.018333,0.081514,520,-0.12772,612,-0.0083447,2023,-0.16078,0.33333,-0.088712,-0.11424,True,False,21:+0.065(50.0) 22:-0.135(232.0) 23:-0.161(238.0) 24:-0.068(228.0) 25:-0.034(208.0) 26:+0.100(176.0),2021-09-24,2026-10-08,0.0026502,,,,,,,-71.521,476.08,-66.414,218.85,-5.107,257.24,-100.42
dt,DOGEUSD,crypto,False,london24,M15,15,k=0.5,0.5,False,False,M5,1725,559,0.32406,-0.056476,-3.0101,0.37925,-0.0011146,0.055361,279,-0.13535,280,0.022114,2023,-0.17153,0.5,-0.054498,-0.05252,False,False,21:+0.079(25.0) 22:-0.139(117.0) 23:-0.172(137.0) 24:-0.018(95.0) 25:+0.015(90.0) 26:+0.070(95.0),2021-09-24,2026-10-08,0,,,,,,,-31.57,111.58,-37.762,60.499,6.1918,51.084,-30.464
dt,DOGEUSD,crypto,False,london24,M15,15,k=0.7,0.7,False,False,M5,1725,304,0.17623,-0.069771,-3.3707,0.34539,-0.026536,0.043235,153,-0.13841,151,-0.00022371,2023,-0.16991,0.5,-0.044004,-0.018237,False,False,21:+0.050(15.0) 22:-0.146(64.0) 23:-0.170(74.0) 24:-0.067(59.0) 25:+0.025(41.0) 26:+0.056(51.0),2021-09-24,2026-10-08,0,,,,,,,-21.21,40.946,-21.177,23.157,-0.033781,17.789,-13.377
rb,DOGEUSD,crypto,False,london24,M15,15,RB,0,False,False,M5,1725,744,0.4313,-0.13326,-5.1191,0.375,-0.017616,0.11565,363,-0.1885,381,-0.080631,2023,-0.30005,0.16667,-0.1344,-0.13553,True,False,21:-0.253(42.0) 22:-0.038(147.0) 23:-0.300(174.0) 24:+0.003(147.0) 25:-0.118(130.0) 26:-0.152(104.0),2021-09-23,2026-10-07,,389,-0.081406,355,-0.19008,0,,-99.147,387.82,-68.426,169.34,-30.72,218.48,-99.992
dt,DOGEUSD,crypto,False,london24,M30,30,k=0.3,0.3,False,False,M5,1725,1131,0.65565,-0.063535,-3.3173,0.39876,0.01802,0.081555,519,-0.12859,612,-0.0083643,2023,-0.16113,0.33333,-0.089107,-0.11468,True,False,21:+0.065(50.0) 22:-0.137(232.0) 23:-0.161(237.0) 24:-0.068(228.0) 25:-0.034(208.0) 26:+0.100(176.0),2021-09-24,2026-10-08,0.005305,,,,,,,-71.858,473.37,-66.739,216.13,-5.119,257.24,-100.78
dt,DOGEUSD,crypto,False,london24,M30,30,k=0.5,0.5,False,False,M5,1725,558,0.32348,-0.055394,-2.9526,0.37993,-3.7849e-05,0.055356,278,-0.13343,280,0.022087,2023,-0.16788,0.5,-0.054491,-0.053588,False,False,21:+0.079(25.0) 22:-0.139(117.0) 23:-0.168(136.0) 24:-0.018(95.0) 25:+0.015(90.0) 26:+0.070(95.0),2021-09-24,2026-10-08,0.0017921,,,,,,,-30.91,111.11,-37.094,60.027,6.1843,51.081,-30.406
dt,DOGEUSD,crypto,False,london24,M30,30,k=0.7,0.7,False,False,M5,1725,303,0.17565,-0.06803,-3.2889,0.34653,-0.024733,0.043297,152,-0.13538,151,-0.00023753,2023,-0.16382,0.5,-0.044069,-0.020107,False,False,21:+0.049(15.0) 22:-0.146(64.0) 23:-0.164(73.0) 24:-0.067(59.0) 25:+0.025(41.0) 26:+0.056(51.0),2021-09-24,2026-10-08,0.0033003,,,,,,,-20.613,40.554,-20.577,22.765,-0.035867,17.789,-13.353
rb,DOGEUSD,crypto,False,london24,M30,30,RB,0,False,False,M5,1725,738,0.42783,-0.13919,-5.2988,0.37669,-0.024712,0.11448,360,-0.19007,378,-0.090736,2023,-0.30366,0,-0.13461,-0.13004,False,False,21:-0.261(42.0) 22:-0.036(146.0) 23:-0.304(172.0) 24:-0.020(146.0) 25:-0.119(130.0) 26:-0.157(102.0),2021-09-23,2026-10-07,,387,-0.083761,350,-0.19777,1,-1.0869,-102.72,389.6,-68.425,169.83,-34.298,219.77,-99.345
dt,DOGEUSD,crypto,False,london24,H1,60,k=0.3,0.3,False,True,M5,1725,1081,0.62667,-0.077504,-4.3126,0.39593,0.0051838,0.082688,501,-0.13232,580,-0.030153,2023,-0.18036,0.33333,-0.093733,-0.10996,True,False,21:+0.061(46.0) 22:-0.122(224.0) 23:-0.180(231.0) 24:-0.090(216.0) 25:-0.060(200.0) 26:+0.085(164.0),2021-09-24,2026-10-08,0.0083256,,,,,,,-83.782,383.56,-66.294,187.11,-17.489,196.45,-101.33
dt,DOGEUSD,crypto,False,london24,H1,60,k=0.5,0.5,False,True,M5,1725,522,0.30261,-0.070324,-4.0558,0.35249,-0.014027,0.056297,261,-0.13869,261,-0.0019536,2023,-0.17745,0.33333,-0.059272,-0.048219,False,False,21:+0.093(23.0) 22:-0.142(111.0) 23:-0.177(127.0) 24:-0.037(89.0) 25:-0.010(84.0) 26:+0.041(88.0),2021-09-24,2026-10-07,0.0057471,,,,,,,-36.709,84.347,-36.199,49.82,-0.50989,34.527,-30.94
dt,DOGEUSD,crypto,False,london24,H1,60,k=0.7,0.7,False,True,M5,1725,279,0.16174,-0.085821,-4.5243,0.37993,-0.041199,0.044622,144,-0.14507,135,-0.022618,2023,-0.18649,0.5,-0.049064,-0.012306,False,False,21:+0.045(15.0) 22:-0.144(59.0) 23:-0.186(70.0) 24:-0.078(53.0) 25:+0.003(36.0) 26:+0.021(46.0),2021-09-24,2026-10-07,0.0071685,,,,,,,-23.944,29.963,-20.891,19.152,-3.0534,10.811,-13.689
rb,DOGEUSD,crypto,False,london24,H1,60,RB,0,False,True,M5,1725,701,0.40638,-0.16321,-6.2726,0.37375,-0.048918,0.11429,344,-0.20736,357,-0.12067,2023,-0.34433,0,-0.13929,-0.11537,False,False,21:-0.270(40.0) 22:-0.033(142.0) 23:-0.344(162.0) 24:-0.046(140.0) 25:-0.139(124.0) 26:-0.208(93.0),2021-09-23,2026-10-07,,364,-0.10625,336,-0.22218,1,-1.0869,-114.41,350.9,-71.332,154.63,-43.08,196.27,-97.644
dt,DXY.cash,index,False,us_cash,M5,5,k=0.3,0.3,False,False,M5,473,246,0.52008,-0.0744,-2.0593,0.37398,0.0051638,0.079564,0,,246,-0.0744,2024,-0.16599,0,-0.070314,-0.066227,False,False,24:-0.166(12.0) 25:-0.060(134.0) 26:-0.083(100.0),2024-12-04,2026-10-08,0.004065,,,,,,,-18.302,80.028,0,0,-18.302,80.028,-17.297
dt,DXY.cash,index,False,us_cash,M5,5,k=0.5,0.5,False,False,M5,473,88,0.18605,-0.0041232,-0.095617,0.375,0.049038,0.053161,0,,88,-0.0041232,2025,-0.038394,0.5,-0.051498,-0.098873,True,False,24:+0.419(3.0) 25:-0.038(45.0) 26:+0.003(40.0),2024-12-04,2026-10-01,0,,,,,,,-0.36284,14.238,0,0,-0.36284,14.238,-4.5318
dt,DXY.cash,index,False,us_cash,M5,5,k=0.7,0.7,False,False,M5,473,40,0.084567,0.026406,0.55162,0.5,0.072953,0.046546,0,,40,0.026406,2025,0.0064337,1,-0.048994,-0.12439,True,False,24:+0.370(2.0) 25:+0.006(17.0) 26:+0.010(21.0),2024-12-18,2026-09-23,0,,,,,,,1.0562,3.6027,0,0,1.0562,3.6027,-1.9598
rb,DXY.cash,index,False,us_cash,M5,5,RB,0,False,False,M5,473,253,0.53488,-0.14624,-3.5316,0.39526,-0.031282,0.11496,0,,253,-0.14624,2024,-0.87915,0,-0.12315,-0.10006,False,False,24:-0.879(10.0) 25:-0.092(142.0) 26:-0.150(101.0),2024-11-27,2026-10-08,,160,-0.085451,92,-0.23922,1,-1.3186,-36.999,114.74,0,0,-36.999,114.74,-31.157
dt,DXY.cash,index,False,us_cash,M15,15,k=0.3,0.3,False,False,M5,473,246,0.52008,-0.076504,-2.1308,0.37805,0.0030261,0.07953,0,,246,-0.076504,2024,-0.16597,0,-0.07046,-0.064416,False,False,24:-0.166(12.0) 25:-0.060(134.0) 26:-0.088(100.0),2024-12-04,2026-10-08,0.0081301,,,,,,,-18.82,79.129,0,0,-18.82,79.129,-17.333
dt,DXY.cash,index,False,us_cash,M15,15,k=0.5,0.5,False,False,M5,473,88,0.18605,-0.0059125,-0.13993,0.375,0.049188,0.0551,0,,88,-0.0059125,2025,-0.037985,0.5,-0.053438,-0.10096,True,False,24:+0.364(3.0) 25:-0.038(45.0) 26:+0.002(40.0),2024-12-04,2026-10-01,0,,,,,,,-0.5203,13.673,0,0,-0.5203,13.673,-4.7025
dt,DXY.cash,index,False,us_cash,M15,15,k=0.7,0.7,False,False,M5,473,40,0.084567,0.023564,0.50953,0.5,0.072953,0.049389,0,,40,0.023564,2025,0.006419,1,-0.051837,-0.12724,True,False,24:+0.311(2.0) 25:+0.006(17.0) 26:+0.010(21.0),2024-12-18,2026-09-23,0,,,,,,,0.94254,3.3585,0,0,0.94254,3.3585,-2.0735
rb,DXY.cash,index,False,us_cash,M15,15,RB,0,False,False,M5,473,254,0.537,-0.15456,-3.7435,0.38976,-0.040043,0.11452,0,,254,-0.15456,2024,-0.92502,0,-0.1211,-0.087641,False,False,24:-0.925(10.0) 25:-0.106(143.0) 26:-0.147(101.0),2024-11-27,2026-10-08,,161,-0.10582,92,-0.2272,1,-1.3186,-39.258,115.61,0,0,-39.258,115.61,-30.759
dt,DXY.cash,index,False,us_cash,M30,30,k=0.3,0.3,False,False,M5,473,246,0.52008,-0.077944,-2.178,0.37805,0.0014423,0.079386,0,,246,-0.077944,2024,-0.16585,0,-0.074381,-0.070819,False,False,24:-0.166(12.0) 25:-0.061(134.0) 26:-0.091(100.0),2024-12-04,2026-10-08,0.012195,,,,,,,-19.174,78.683,0,0,-19.174,78.683,-18.298
dt,DXY.cash,index,False,us_cash,M30,30,k=0.5,0.5,False,False,M5,473,88,0.18605,-0.0061202,-0.14556,0.38636,0.049188,0.055308,0,,88,-0.0061202,2025,-0.037754,0.5,-0.053645,-0.10117,True,False,24:+0.350(3.0) 25:-0.038(45.0) 26:+0.003(40.0),2024-12-04,2026-10-01,0,,,,,,,-0.53857,13.538,0,0,-0.53857,13.538,-4.7208
dt,DXY.cash,index,False,us_cash,M30,30,k=0.7,0.7,False,False,M5,473,40,0.084567,0.022959,0.50091,0.5,0.072953,0.049994,0,,40,0.022959,2025,0.0065568,1,-0.052442,-0.12784,True,False,24:+0.296(2.0) 25:+0.007(17.0) 26:+0.010(21.0),2024-12-18,2026-09-23,0,,,,,,,0.91835,3.2983,0,0,0.91835,3.2983,-2.0977
rb,DXY.cash,index,False,us_cash,M30,30,RB,0,False,False,M5,473,253,0.53488,-0.16081,-3.8828,0.3913,-0.046648,0.11416,0,,253,-0.16081,2024,-0.91862,0,-0.12481,-0.088807,False,False,24:-0.919(10.0) 25:-0.111(142.0) 26:-0.156(101.0),2024-11-27,2026-10-08,,160,-0.10715,91,-0.23165,2,-1.2303,-40.685,115.91,0,0,-40.685,115.91,-31.577
dt,DXY.cash,index,False,us_cash,H1,60,k=0.3,0.3,False,True,M5,473,235,0.49683,-0.065019,-1.67,0.37872,0.014419,0.079438,0,,235,-0.065019,2024,-0.14593,0,-0.069699,-0.074379,True,False,24:-0.146(12.0) 25:-0.039(128.0) 26:-0.089(95.0),2024-12-04,2026-10-08,0.017021,,,,,,,-15.279,84.35,0,0,-15.279,84.35,-16.379
dt,DXY.cash,index,False,us_cash,H1,60,k=0.5,0.5,False,True,M5,473,83,0.17548,0.022496,0.47161,0.37349,0.078865,0.056369,0,,83,0.022496,2025,-0.0096807,0.5,-0.048774,-0.12004,True,False,24:+0.346(3.0) 25:-0.010(44.0) 26:+0.035(36.0),2024-12-04,2026-10-01,0,,,,,,,1.8672,15.528,0,0,1.8672,15.528,-4.0482
dt,DXY.cash,index,False,us_cash,H1,60,k=0.7,0.7,False,True,M5,473,40,0.084567,0.051576,1.0024,0.525,0.10118,0.049602,0,,40,0.051576,2026,0.028133,1,-0.048593,-0.14876,True,False,24:+0.306(2.0) 25:+0.051(17.0) 26:+0.028(21.0),2024-12-18,2026-09-23,0,,,,,,,2.063,4.2362,0,0,2.063,4.2362,-1.9437
rb,DXY.cash,index,False,us_cash,H1,60,RB,0,False,True,M5,473,242,0.51163,-0.15085,-3.9528,0.39256,-0.044097,0.10675,0,,242,-0.15085,2024,-0.78051,0,-0.11654,-0.082234,False,False,24:-0.781(10.0) 25:-0.123(139.0) 26:-0.125(93.0),2024-11-27,2026-10-08,,159,-0.1088,82,-0.21781,1,-1.345,-36.505,90.443,0,0,-36.505,90.443,-28.203
dt,ETHUSD,crypto,False,us_cash,M5,5,k=0.3,0.3,False,False,M5,2269,1024,0.4513,-0.14584,-6.4273,0.37305,0.054153,0.19999,659,-0.23814,365,0.020809,2019,-0.86994,0.44444,-0.19619,-0.24654,True,False,18:-0.270(90.0) 19:-0.870(104.0) 20:-0.415(96.0) 21:-0.041(107.0) 22:+0.023(120.0) 23:-0.004(142.0) 24:+0.005(132.0) 25:+0.008(133.0) 26:+0.058(100.0),2018-01-16,2026-10-08,0.0039062,,,,,,,-149.34,561.11,-156.93,425.53,7.5954,135.57,-200.9
dt,ETHUSD,crypto,False,us_cash,M5,5,k=0.5,0.5,False,False,M5,2269,416,0.18334,-0.090224,-3.3879,0.41106,0.057357,0.14758,266,-0.17865,150,0.066577,2019,-0.65436,0.55556,-0.1455,-0.20078,True,False,18:-0.138(32.0) 19:-0.654(46.0) 20:-0.324(46.0) 21:-0.063(38.0) 22:+0.018(49.0) 23:+0.062(55.0) 24:+0.045(56.0) 25:+0.074(49.0) 26:+0.085(45.0),2018-01-16,2026-10-08,0.0024038,,,,,,,-37.533,125.82,-47.52,101.06,9.9865,24.766,-60.529
dt,ETHUSD,crypto,False,us_cash,M5,5,k=0.7,0.7,False,False,M5,2269,204,0.089907,-0.097442,-2.9186,0.39706,0.033369,0.13081,133,-0.19015,71,0.076229,2019,-0.52617,0.44444,-0.1305,-0.16355,True,False,18:-0.110(18.0) 19:-0.526(29.0) 20:-0.339(24.0) 21:-0.115(16.0) 22:-0.033(21.0) 23:+0.104(25.0) 24:+0.020(28.0) 25:+0.083(25.0) 26:+0.154(18.0),2018-02-01,2026-10-02,0.004902,,,,,,,-19.878,48.098,-25.29,40.925,5.4123,7.1734,-26.622
rb,ETHUSD,crypto,False,us_cash,M5,5,RB,0,False,False,M5,2269,1177,0.51873,-0.20599,-7.4695,0.36958,0.085219,0.29121,824,-0.31048,353,0.037914,2019,-1.0441,0.55556,-0.28585,-0.3657,True,False,18:-0.319(132.0) 19:-1.044(140.0) 20:-0.430(149.0) 21:+0.011(138.0) 22:-0.069(140.0) 23:+0.037(125.0) 24:+0.068(127.0) 25:+0.031(127.0) 26:+0.008(99.0),2018-01-11,2026-10-08,,840,-0.15187,337,-0.34091,0,,-242.46,1102.7,-255.84,961.14,13.384,141.51,-336.44
dt,ETHUSD,crypto,False,us_cash,M15,15,k=0.3,0.3,False,False,M5,2269,1024,0.4513,-0.14842,-6.5269,0.37012,0.053773,0.20219,659,-0.24214,365,0.020789,2019,-0.87115,0.44444,-0.19837,-0.24831,True,False,18:-0.279(90.0) 19:-0.871(104.0) 20:-0.420(96.0) 21:-0.050(107.0) 22:+0.021(120.0) 23:-0.005(142.0) 24:+0.005(132.0) 25:+0.008(133.0) 26:+0.058(100.0),2018-01-16,2026-10-08,0.0068359,,,,,,,-151.98,564.23,-159.57,428.65,7.588,135.57,-203.13
dt,ETHUSD,crypto,False,us_cash,M15,15,k=0.5,0.5,False,False,M5,2269,416,0.18334,-0.09118,-3.422,0.40625,0.057357,0.14854,266,-0.18013,150,0.066556,2019,-0.65653,0.55556,-0.14646,-0.20174,True,False,18:-0.144(32.0) 19:-0.657(46.0) 20:-0.322(46.0) 21:-0.067(38.0) 22:+0.018(49.0) 23:+0.061(55.0) 24:+0.045(56.0) 25:+0.074(49.0) 26:+0.085(45.0),2018-01-16,2026-10-08,0.0048077,,,,,,,-37.931,126.03,-47.914,101.26,9.9834,24.766,-60.927
dt,ETHUSD,crypto,False,us_cash,M15,15,k=0.7,0.7,False,False,M5,2269,204,0.089907,-0.096994,-2.9072,0.39216,0.034175,0.13117,133,-0.18946,71,0.076222,2019,-0.52743,0.44444,-0.13086,-0.16472,True,False,18:-0.108(18.0) 19:-0.527(29.0) 20:-0.332(24.0) 21:-0.119(16.0) 22:-0.033(21.0) 23:+0.104(25.0) 24:+0.020(28.0) 25:+0.083(25.0) 26:+0.154(18.0),2018-02-01,2026-10-02,0.004902,,,,,,,-19.787,48.015,-25.198,40.841,5.4117,7.1734,-26.695
rb,ETHUSD,crypto,False,us_cash,M15,15,RB,0,False,False,M5,2269,1176,0.51829,-0.21195,-7.8648,0.36395,0.076817,0.28877,823,-0.31812,353,0.035578,2019,-1.0132,0.33333,-0.28137,-0.35078,True,False,18:-0.324(131.0) 19:-1.013(140.0) 20:-0.440(149.0) 21:-0.009(138.0) 22:-0.071(140.0) 23:-0.006(125.0) 24:+0.060(127.0) 25:+0.032(127.0) 26:+0.009(99.0),2018-01-11,2026-10-08,,839,-0.15548,336,-0.34992,1,-1.2287,-249.25,1056.4,-261.81,916.24,12.559,140.13,-330.89
dt,ETHUSD,crypto,False,us_cash,M30,30,k=0.3,0.3,False,False,M5,2269,1022,0.45042,-0.14806,-6.4979,0.37084,0.054573,0.20263,658,-0.24309,364,0.023739,2019,-0.87112,0.44444,-0.19978,-0.2515,True,False,18:-0.280(90.0) 19:-0.871(104.0) 20:-0.420(96.0) 21:-0.050(107.0) 22:+0.020(119.0) 23:-0.007(142.0) 24:+0.005(132.0) 25:+0.008(133.0) 26:+0.069(99.0),2018-01-16,2026-10-08,0.0088063,,,,,,,-151.32,564.15,-159.96,429.69,8.641,134.46,-204.17
dt,ETHUSD,crypto,False,us_cash,M30,30,k=0.5,0.5,False,False,M5,2269,415,0.1829,-0.090549,-3.3907,0.41205,0.058232,0.14878,265,-0.17946,150,0.066532,2019,-0.65587,0.55556,-0.1467,-0.20285,True,False,18:-0.141(32.0) 19:-0.656(46.0) 20:-0.321(46.0) 21:-0.068(38.0) 22:+0.024(48.0) 23:+0.061(55.0) 24:+0.045(56.0) 25:+0.074(49.0) 26:+0.085(45.0),2018-01-16,2026-10-08,0.0072289,,,,,,,-37.578,125.94,-47.558,101.17,9.9799,24.766,-60.88
dt,ETHUSD,crypto,False,us_cash,M30,30,k=0.7,0.7,False,False,M5,2269,204,0.089907,-0.096933,-2.9048,0.39706,0.034175,0.13111,133,-0.18938,71,0.076235,2019,-0.52707,0.44444,-0.13079,-0.16466,True,False,18:-0.107(18.0) 19:-0.527(29.0) 20:-0.333(24.0) 21:-0.120(16.0) 22:-0.033(21.0) 23:+0.105(25.0) 24:+0.020(28.0) 25:+0.083(25.0) 26:+0.154(18.0),2018-02-01,2026-10-02,0.004902,,,,,,,-19.774,48.031,-25.187,40.858,5.4127,7.1729,-26.682
rb,ETHUSD,crypto,False,us_cash,M30,30,RB,0,False,False,M5,2269,1169,0.5152,-0.21192,-7.5657,0.36527,0.077676,0.2896,816,-0.31576,353,0.028118,2019,-1.0569,0.44444,-0.2821,-0.35228,True,False,18:-0.323(131.0) 19:-1.057(138.0) 20:-0.431(149.0) 21:+0.023(136.0) 22:-0.038(138.0) 23:-0.025(124.0) 24:+0.041(127.0) 25:+0.030(127.0) 26:+0.009(99.0),2018-01-11,2026-10-08,,837,-0.15121,331,-0.35552,1,-3.4961,-247.74,1123.8,-257.66,983.59,9.9256,140.19,-329.78
dt,ETHUSD,crypto,False,us_cash,H1,60,k=0.3,0.3,False,True,M5,2269,979,0.43147,-0.1454,-6.5286,0.35955,0.048748,0.19415,626,-0.23857,353,0.019828,2019,-0.88376,0.22222,-0.19216,-0.23891,True,False,18:-0.243(85.0) 19:-0.884(93.0) 20:-0.400(93.0) 21:-0.054(104.0) 22:+0.022(113.0) 23:-0.044(138.0) 24:-0.008(125.0) 25:-0.000(130.0) 26:+0.081(98.0),2018-01-16,2026-10-08,0.018386,,,,,,,-142.35,495.62,-149.35,378.4,6.9994,117.21,-188.12
dt,ETHUSD,crypto,False,us_cash,H1,60,k=0.5,0.5,False,True,M5,2269,389,0.17144,-0.095866,-3.6452,0.39075,0.053032,0.1489,243,-0.18649,146,0.054974,2019,-0.67065,0.55556,-0.1497,-0.20353,True,False,18:-0.080(28.0) 19:-0.671(44.0) 20:-0.310(44.0) 21:-0.077(33.0) 22:+0.042(43.0) 23:+0.016(51.0) 24:+0.005(56.0) 25:+0.064(47.0) 26:+0.110(43.0),2018-01-16,2026-10-08,0.0077121,,,,,,,-37.292,107.97,-45.318,87.366,8.0262,20.599,-58.234
dt,ETHUSD,crypto,False,us_cash,H1,60,k=0.7,0.7,False,True,M5,2269,190,0.083737,-0.10711,-3.2442,0.38947,0.025256,0.13237,124,-0.19789,66,0.063441,2019,-0.54576,0.33333,-0.13454,-0.16197,True,False,18:-0.061(16.0) 19:-0.546(28.0) 20:-0.308(22.0) 21:-0.161(15.0) 22:-0.003(19.0) 23:+0.041(24.0) 24:-0.001(26.0) 25:+0.064(22.0) 26:+0.155(18.0),2018-02-01,2026-10-02,0.010526,,,,,,,-20.352,41.325,-24.539,35.546,4.1871,5.7792,-25.563
rb,ETHUSD,crypto,False,us_cash,H1,60,RB,0,False,True,M5,2269,1126,0.49625,-0.21479,-8.3446,0.36679,0.053218,0.26801,785,-0.30863,341,0.0012284,2019,-0.97301,0.33333,-0.26418,-0.31357,True,False,18:-0.315(127.0) 19:-0.973(129.0) 20:-0.432(145.0) 21:+0.018(133.0) 22:-0.049(133.0) 23:-0.084(118.0) 24:+0.001(123.0) 25:+0.012(122.0) 26:-0.012(96.0),2018-01-11,2026-10-08,,819,-0.16261,303,-0.3345,4,-1.8311,-241.85,891.24,-242.27,768.16,0.41887,123.08,-297.47
dt,ETHUSD,crypto,False,london24,M5,5,k=0.3,0.3,False,False,M5,2705,1710,0.63216,-0.10231,-6.0752,0.39532,0.047511,0.14982,1094,-0.15843,616,-0.0026339,2019,-0.62216,0.33333,-0.14429,-0.18627,True,False,18:-0.146(156.0) 19:-0.622(151.0) 20:-0.300(174.0) 21:-0.021(187.0) 22:+0.001(211.0) 23:-0.004(215.0) 24:-0.036(223.0) 25:+0.009(214.0) 26:+0.025(179.0),2018-01-16,2026-10-08,0.0017544,,,,,,,-174.95,846.69,-173.33,534.26,-1.6225,312.43,-246.73
dt,ETHUSD,crypto,False,london24,M5,5,k=0.5,0.5,False,False,M5,2705,795,0.2939,-0.047288,-2.8879,0.42138,0.050591,0.097879,498,-0.091045,297,0.026083,2019,-0.35187,0.44444,-0.098815,-0.15034,True,False,18:-0.029(61.0) 19:-0.352(61.0) 20:-0.229(83.0) 21:-0.065(82.0) 22:+0.009(95.0) 23:+0.012(116.0) 24:-0.025(112.0) 25:+0.021(101.0) 26:+0.100(84.0),2018-01-16,2026-10-08,0.0012579,,,,,,,-37.594,171.02,-45.341,103.84,7.7467,67.181,-78.558
dt,ETHUSD,crypto,False,london24,M5,5,k=0.7,0.7,False,False,M5,2705,406,0.15009,-0.028832,-1.6345,0.40148,0.052492,0.081324,253,-0.063545,153,0.02857,2019,-0.2654,0.44444,-0.084252,-0.13967,True,False,18:+0.007(29.0) 19:-0.265(36.0) 20:-0.200(37.0) 21:-0.025(34.0) 22:-0.007(51.0) 23:+0.028(66.0) 24:-0.029(54.0) 25:+0.073(48.0) 26:+0.048(51.0),2018-01-16,2026-10-07,0,,,,,,,-11.706,51.499,-16.077,28.86,4.3711,22.638,-34.206
rb,ETHUSD,crypto,False,london24,M5,5,RB,0,False,False,M5,2705,1081,0.39963,-0.11865,-4.3527,0.3987,0.1002,0.21886,708,-0.19174,373,0.02008,2019,-0.7151,0.33333,-0.20534,-0.29203,True,False,18:-0.281(112.0) 19:-0.715(99.0) 20:-0.338(101.0) 21:-0.069(104.0) 22:+0.099(139.0) 23:-0.039(153.0) 24:-0.021(139.0) 25:+0.048(129.0) 26:+0.039(105.0),2018-01-11,2026-10-07,,607,-0.042107,474,-0.21667,0,,-128.26,882.76,-135.75,559.16,7.49,323.6,-221.97
dt,ETHUSD,crypto,False,london24,M15,15,k=0.3,0.3,False,False,M5,2705,1708,0.63142,-0.10258,-6.0976,0.39403,0.048607,0.15119,1092,-0.15895,616,-0.0026583,2019,-0.62545,0.33333,-0.14565,-0.18871,True,False,18:-0.149(156.0) 19:-0.625(151.0) 20:-0.297(173.0) 21:-0.021(186.0) 22:+0.001(211.0) 23:-0.004(215.0) 24:-0.036(223.0) 25:+0.009(214.0) 26:+0.025(179.0),2018-01-16,2026-10-08,0.0029274,,,,,,,-175.21,843.12,-173.57,530.71,-1.6375,312.42,-248.77
dt,ETHUSD,crypto,False,london24,M15,15,k=0.5,0.5,False,False,M5,2705,794,0.29353,-0.046603,-2.847,0.42065,0.051413,0.098016,497,-0.090028,297,0.026065,2019,-0.35321,0.44444,-0.098953,-0.1513,True,False,18:-0.029(61.0) 19:-0.353(61.0) 20:-0.219(82.0) 21:-0.069(82.0) 22:+0.009(95.0) 23:+0.011(116.0) 24:-0.025(112.0) 25:+0.021(101.0) 26:+0.100(84.0),2018-01-16,2026-10-08,0.0012594,,,,,,,-37.003,170.43,-44.744,103.25,7.7412,67.181,-78.569
dt,ETHUSD,crypto,False,london24,M15,15,k=0.7,0.7,False,False,M5,2705,406,0.15009,-0.029143,-1.6509,0.40148,0.052492,0.081635,253,-0.064036,153,0.028556,2019,-0.26502,0.44444,-0.084563,-0.13998,True,False,18:+0.008(29.0) 19:-0.265(36.0) 20:-0.202(37.0) 21:-0.028(34.0) 22:-0.007(51.0) 23:+0.028(66.0) 24:-0.029(54.0) 25:+0.073(48.0) 26:+0.048(51.0),2018-01-16,2026-10-07,0,,,,,,,-11.832,51.586,-16.201,28.947,4.369,22.639,-34.333
rb,ETHUSD,crypto,False,london24,M15,15,RB,0,False,False,M5,2705,1074,0.39704,-0.12207,-4.4458,0.40037,0.098859,0.22093,702,-0.19411,372,0.013878,2019,-0.72041,0.33333,-0.20822,-0.29437,True,False,18:-0.301(112.0) 19:-0.720(99.0) 20:-0.356(100.0) 21:-0.059(103.0) 22:+0.099(139.0) 23:-0.022(149.0) 24:-0.021(139.0) 25:+0.046(129.0) 26:+0.020(104.0),2018-01-11,2026-10-07,,606,-0.041899,466,-0.22141,2,-1.2698,-131.11,884.85,-136.27,564.01,5.1626,320.84,-223.63
dt,ETHUSD,crypto,False,london24,M30,30,k=0.3,0.3,False,False,M5,2705,1705,0.63031,-0.10246,-6.0859,0.39472,0.049394,0.15186,1090,-0.15975,615,-0.00093547,2019,-0.628,0.22222,-0.14626,-0.19005,True,False,18:-0.151(156.0) 19:-0.628(150.0) 20:-0.297(173.0) 21:-0.022(186.0) 22:-0.001(211.0) 23:-0.003(214.0) 24:-0.031(222.0) 25:+0.009(214.0) 26:+0.025(179.0),2018-01-16,2026-10-08,0.0046921,,,,,,,-174.7,841.44,-174.12,530.15,-0.57532,311.28,-249.37
dt,ETHUSD,crypto,False,london24,M30,30,k=0.5,0.5,False,False,M5,2705,793,0.29316,-0.046218,-2.8234,0.42119,0.052045,0.098263,496,-0.089491,297,0.026051,2019,-0.35296,0.44444,-0.099201,-0.15218,True,False,18:-0.030(61.0) 19:-0.353(61.0) 20:-0.219(82.0) 21:-0.070(82.0) 22:+0.009(95.0) 23:+0.016(115.0) 24:-0.025(112.0) 25:+0.021(101.0) 26:+0.100(84.0),2018-01-16,2026-10-08,0.0025221,,,,,,,-36.651,169.99,-44.388,102.81,7.737,67.181,-78.666
dt,ETHUSD,crypto,False,london24,M30,30,k=0.7,0.7,False,False,M5,2705,406,0.15009,-0.02936,-1.6632,0.40148,0.052492,0.081852,253,-0.064379,153,0.028548,2019,-0.26564,0.44444,-0.08478,-0.1402,True,False,18:+0.008(29.0) 19:-0.266(36.0) 20:-0.202(37.0) 21:-0.028(34.0) 22:-0.007(51.0) 23:+0.028(66.0) 24:-0.029(54.0) 25:+0.073(48.0) 26:+0.048(51.0),2018-01-16,2026-10-07,0,,,,,,,-11.92,51.591,-16.288,28.952,4.3678,22.639,-34.421
rb,ETHUSD,crypto,False,london24,M30,30,RB,0,False,False,M5,2705,1067,0.39445,-0.12627,-4.5485,0.39925,0.096616,0.22288,698,-0.19961,369,0.01248,2019,-0.73021,0.33333,-0.21068,-0.29508,True,False,18:-0.317(111.0) 19:-0.730(99.0) 20:-0.384(100.0) 21:-0.031(102.0) 22:+0.084(139.0) 23:-0.013(147.0) 24:-0.041(139.0) 25:+0.049(127.0) 26:+0.039(103.0),2018-01-11,2026-10-07,,602,-0.046133,461,-0.21164,4,-2.3469,-134.73,893.51,-139.33,572.93,4.605,320.58,-224.79
dt,ETHUSD,crypto,False,london24,H1,60,k=0.3,0.3,False,True,M5,2705,1635,0.60444,-0.11266,-6.901,0.38899,0.039149,0.15181,1046,-0.16751,589,-0.015257,2019,-0.63698,0.11111,-0.14887,-0.18508,True,False,18:-0.176(148.0) 19:-0.637(144.0) 20:-0.321(163.0) 21:-0.038(179.0) 22:+0.019(205.0) 23:-0.011(207.0) 24:-0.033(215.0) 25:-0.004(201.0) 26:-0.006(173.0),2018-01-16,2026-10-08,0.0097859,,,,,,,-184.21,732.81,-175.22,484.89,-8.9864,247.91,-243.4
dt,ETHUSD,crypto,False,london24,H1,60,k=0.5,0.5,False,True,M5,2705,745,0.27542,-0.056477,-3.5578,0.41342,0.042096,0.098572,464,-0.0951,281,0.0072995,2019,-0.35828,0.44444,-0.10254,-0.14861,True,False,18:-0.063(59.0) 19:-0.358(57.0) 20:-0.231(76.0) 21:-0.070(75.0) 22:+0.026(89.0) 23:+0.004(108.0) 24:-0.024(103.0) 25:+0.002(99.0) 26:+0.055(79.0),2018-01-16,2026-10-07,0.0040268,,,,,,,-42.075,142.05,-44.126,92.185,2.0512,49.862,-76.395
dt,ETHUSD,crypto,False,london24,H1,60,k=0.7,0.7,False,True,M5,2705,378,0.13974,-0.045926,-2.6878,0.39418,0.037698,0.083624,237,-0.075789,141,0.0042698,2019,-0.2963,0.44444,-0.090314,-0.1347,True,False,18:-0.045(29.0) 19:-0.296(34.0) 20:-0.224(34.0) 21:-0.041(33.0) 22:+0.015(46.0) 23:+0.028(61.0) 24:-0.038(51.0) 25:+0.057(43.0) 26:+0.002(47.0),2018-01-16,2026-10-07,0.0026455,,,,,,,-17.36,42.405,-17.962,26.54,0.60205,15.865,-34.139
rb,ETHUSD,crypto,False,london24,H1,60,RB,0,False,True,M5,2705,1017,0.37597,-0.15039,-5.4651,0.40413,0.076694,0.22709,668,-0.21752,349,-0.021918,2019,-0.7508,0.22222,-0.22227,-0.29414,True,False,18:-0.348(107.0) 19:-0.751(97.0) 20:-0.473(98.0) 21:-0.023(96.0) 22:+0.115(133.0) 23:-0.014(137.0) 24:-0.028(130.0) 25:+0.052(123.0) 26:-0.109(96.0),2018-01-11,2026-10-07,,577,-0.058387,436,-0.25275,4,-2.2659,-152.95,805.49,-145.3,558.2,-7.6495,247.29,-226.05
dt,EU50.cash,index,False,eu_cash,M5,5,k=0.3,0.3,False,False,M5,1293,867,0.67053,-0.019275,-1.0241,0.44983,0.01579,0.035065,400,-0.04826,467,0.0055512,2023,-0.097034,0.16667,-0.032619,-0.045963,True,False,21:-0.010(41.0) 22:-0.006(175.0) 23:-0.097(184.0) 24:-0.013(165.0) 25:-0.002(170.0) 26:+0.039(132.0),2021-09-20,2026-10-08,0.0011534,,,,,,,-16.711,266.31,-19.304,117.66,2.5924,148.65,-28.281
dt,EU50.cash,index,False,eu_cash,M5,5,k=0.5,0.5,False,False,M5,1293,371,0.28693,-0.0060397,-0.32899,0.48518,0.016813,0.022853,163,-0.02077,208,0.0055035,2021,-0.06665,0.33333,-0.024967,-0.043894,True,False,21:-0.067(19.0) 22:+0.018(75.0) 23:-0.050(69.0) 24:-0.018(70.0) 25:-0.015(73.0) 26:+0.054(65.0),2021-09-20,2026-10-07,0,,,,,,,-2.2407,46.278,-3.3854,18.701,1.1447,27.577,-9.2627
dt,EU50.cash,index,False,eu_cash,M5,5,k=0.7,0.7,False,False,M5,1293,175,0.13534,-0.024451,-1.1461,0.51429,-0.00724,0.017211,73,-0.02963,102,-0.020744,2023,-0.070454,0.2,-0.020573,-0.016696,False,False,21:+0.112(4.0) 22:-0.010(37.0) 23:-0.070(32.0) 24:-0.064(35.0) 25:-0.020(36.0) 26:+0.028(31.0),2021-09-28,2026-09-09,0,,,,,,,-4.2788,13.964,-2.163,4.7688,-2.1159,9.1956,-3.6003
rb,EU50.cash,index,False,eu_cash,M5,5,RB,0,False,False,M5,1293,508,0.39288,-0.059164,-2.0018,0.43701,-0.0096377,0.049527,216,-0.051055,292,-0.065163,2024,-0.14318,0.33333,-0.05964,-0.060116,True,False,21:-0.089(30.0) 22:+0.040(87.0) 23:-0.119(99.0) 24:-0.143(113.0) 25:-0.035(109.0) 26:+0.014(70.0),2021-09-17,2026-10-08,,268,-0.035032,240,-0.086112,0,,-30.056,226.76,-11.028,101.62,-19.028,125.14,-30.297
dt,EU50.cash,index,False,eu_cash,M15,15,k=0.3,0.3,False,False,M5,1293,867,0.67053,-0.019281,-1.0235,0.45098,0.015858,0.035139,400,-0.048407,467,0.0056661,2023,-0.096614,0.16667,-0.032642,-0.046002,True,False,21:-0.010(41.0) 22:-0.007(175.0) 23:-0.097(184.0) 24:-0.013(165.0) 25:-0.003(170.0) 26:+0.040(132.0),2021-09-20,2026-10-08,0.0023068,,,,,,,-16.717,266.79,-19.363,118.01,2.6461,148.78,-28.3
dt,EU50.cash,index,False,eu_cash,M15,15,k=0.5,0.5,False,False,M5,1293,371,0.28693,-0.0059484,-0.32404,0.48518,0.016899,0.022848,163,-0.020608,208,0.0055394,2021,-0.06665,0.33333,-0.024962,-0.043975,True,False,21:-0.067(19.0) 22:+0.018(75.0) 23:-0.050(69.0) 24:-0.018(70.0) 25:-0.015(73.0) 26:+0.054(65.0),2021-09-20,2026-10-07,0,,,,,,,-2.2068,46.269,-3.359,18.697,1.1522,27.573,-9.2607
dt,EU50.cash,index,False,eu_cash,M15,15,k=0.7,0.7,False,False,M5,1293,175,0.13534,-0.024479,-1.1474,0.51429,-0.0072195,0.017259,73,-0.029581,102,-0.020827,2023,-0.070454,0.2,-0.020622,-0.016765,False,False,21:+0.112(4.0) 22:-0.010(37.0) 23:-0.070(32.0) 24:-0.064(35.0) 25:-0.020(36.0) 26:+0.028(31.0),2021-09-28,2026-09-09,0,,,,,,,-4.2838,13.964,-2.1594,4.7675,-2.1244,9.1963,-3.6089
rb,EU50.cash,index,False,eu_cash,M15,15,RB,0,False,False,M5,1293,506,0.39134,-0.057124,-1.9416,0.43676,-0.0083792,0.048744,216,-0.053873,290,-0.059545,2024,-0.13911,0.33333,-0.058546,-0.059969,True,False,21:-0.102(30.0) 22:+0.040(87.0) 23:-0.122(99.0) 24:-0.139(112.0) 25:-0.025(108.0) 26:+0.014(70.0),2021-09-17,2026-10-08,,267,-0.031409,239,-0.085851,0,,-28.905,222.84,-11.637,100.76,-17.268,122.07,-29.624
dt,EU50.cash,index,False,eu_cash,M30,30,k=0.3,0.3,False,False,M5,1293,865,0.66899,-0.017918,-0.95123,0.45087,0.017139,0.035057,399,-0.047913,466,0.0077646,2023,-0.096144,0.33333,-0.032554,-0.04719,True,False,21:-0.010(41.0) 22:-0.006(175.0) 23:-0.096(183.0) 24:-0.013(165.0) 25:+0.004(169.0) 26:+0.039(132.0),2021-09-20,2026-10-08,0.0046243,,,,,,,-15.499,265.45,-19.117,117.77,3.6183,147.69,-28.159
dt,EU50.cash,index,False,eu_cash,M30,30,k=0.5,0.5,False,False,M5,1293,371,0.28693,-0.0058558,-0.31909,0.48518,0.016976,0.022832,163,-0.020603,208,0.005701,2021,-0.06665,0.33333,-0.024946,-0.044036,True,False,21:-0.067(19.0) 22:+0.018(75.0) 23:-0.050(69.0) 24:-0.017(70.0) 25:-0.015(73.0) 26:+0.054(65.0),2021-09-20,2026-10-07,0,,,,,,,-2.1725,46.244,-3.3583,18.696,1.1858,27.548,-9.255
dt,EU50.cash,index,False,eu_cash,M30,30,k=0.7,0.7,False,False,M5,1293,175,0.13534,-0.024473,-1.1471,0.51429,-0.0072195,0.017253,73,-0.029655,102,-0.020764,2023,-0.070454,0.2,-0.020616,-0.016759,False,False,21:+0.112(4.0) 22:-0.010(37.0) 23:-0.070(32.0) 24:-0.064(35.0) 25:-0.020(36.0) 26:+0.028(31.0),2021-09-28,2026-09-09,0,,,,,,,-4.2827,13.964,-2.1648,4.7706,-2.1179,9.1931,-3.6078
rb,EU50.cash,index,False,eu_cash,M30,30,RB,0,False,False,M5,1293,503,0.38902,-0.055119,-1.8826,0.43936,-0.0071859,0.047933,213,-0.064769,290,-0.048031,2023,-0.1492,0.16667,-0.053597,-0.052075,False,False,21:-0.120(30.0) 22:+0.050(86.0) 23:-0.149(97.0) 24:-0.108(112.0) 25:-0.013(108.0) 26:-0.008(70.0),2021-09-17,2026-10-08,,266,-0.031777,237,-0.081317,0,,-27.725,217.99,-13.796,96.877,-13.929,121.11,-26.959
dt,EU50.cash,index,False,eu_cash,H1,60,k=0.3,0.3,False,True,M5,1293,831,0.64269,-0.025344,-1.3642,0.45608,0.009646,0.03499,380,-0.059743,451,0.0036389,2023,-0.085378,0.33333,-0.033397,-0.041449,True,False,21:-0.031(39.0) 22:-0.040(167.0) 23:-0.085(174.0) 24:-0.030(162.0) 25:+0.001(158.0) 26:+0.048(131.0),2021-09-20,2026-10-08,0.0072202,,,,,,,-21.061,238.61,-22.702,105.66,1.6411,132.95,-27.753
dt,EU50.cash,index,False,eu_cash,H1,60,k=0.5,0.5,False,True,M5,1293,353,0.27301,-0.013164,-0.73169,0.47025,0.0098624,0.023026,156,-0.027214,197,-0.0020377,2021,-0.076959,0.33333,-0.025155,-0.037147,True,False,21:-0.077(18.0) 22:+0.004(70.0) 23:-0.046(68.0) 24:-0.039(67.0) 25:-0.024(72.0) 26:+0.068(58.0),2021-09-20,2026-10-07,0,,,,,,,-4.6468,40.278,-4.2453,15.441,-0.40143,24.837,-8.8798
dt,EU50.cash,index,False,eu_cash,H1,60,k=0.7,0.7,False,True,M5,1293,167,0.12916,-0.030088,-1.47,0.46707,-0.012882,0.017206,70,-0.034534,97,-0.026879,2024,-0.081894,0.2,-0.021141,-0.012194,False,False,21:+0.307(2.0) 22:-0.032(36.0) 23:-0.059(32.0) 24:-0.082(34.0) 25:-0.034(34.0) 26:+0.045(29.0),2021-09-28,2026-09-09,0,,,,,,,-5.0247,11.765,-2.4174,3.5582,-2.6073,8.2072,-3.5305
rb,EU50.cash,index,False,eu_cash,H1,60,RB,0,False,True,M5,1293,466,0.3604,-0.070608,-2.4085,0.45494,-0.023537,0.047072,195,-0.068227,271,-0.072322,2023,-0.13274,0.16667,-0.054848,-0.039087,False,False,21:-0.068(28.0) 22:+0.003(79.0) 23:-0.133(88.0) 24:-0.096(103.0) 25:-0.089(101.0) 26:-0.010(67.0),2021-09-17,2026-10-08,,248,-0.060246,217,-0.077657,1,-1.1111,-32.904,188.56,-13.304,69.964,-19.599,118.6,-25.559
dt,EURAUD,forex,False,london24,M15,15,k=0.3,0.3,False,False,M15,3046,2421,0.79481,-0.030097,-2.4492,0.45394,-0.0069638,0.023133,1841,-0.025353,580,-0.045155,2018,-0.11177,0.33333,-0.026635,-0.023172,False,False,15:+0.027(197.0) 16:-0.075(198.0) 17:+0.007(201.0) 18:-0.112(207.0) 19:+0.002(197.0) 20:-0.002(205.0) 21:+0.014(201.0) 22:-0.015(205.0) 23:-0.067(230.0) 24:-0.069(222.0) 25:-0.031(200.0) 26:-0.030(158.0),2015-01-09,2026-10-07,0.0041305,,,,,,,-72.865,886.9,-46.675,668.95,-26.19,217.95,-64.482
dt,EURAUD,forex,False,london24,M15,15,k=0.5,0.5,False,False,M15,3046,1099,0.3608,-0.015051,-1.255,0.48317,9.1371e-05,0.015142,831,-0.0073835,268,-0.038825,2018,-0.089666,0.25,-0.016946,-0.018842,True,False,15:+0.047(90.0) 16:-0.003(86.0) 17:+0.056(89.0) 18:-0.090(85.0) 19:-0.029(105.0) 20:-0.020(97.0) 21:+0.009(93.0) 22:-0.027(90.0) 23:-0.008(96.0) 24:-0.023(98.0) 25:-0.075(95.0) 26:-0.014(75.0),2015-01-14,2026-10-05,0,,,,,,,-16.541,173.8,-6.1357,126.69,-10.405,47.114,-18.624
dt,EURAUD,forex,False,london24,M15,15,k=0.7,0.7,False,False,M15,3046,519,0.17039,-0.0060646,-0.46537,0.4894,0.0056558,0.01172,388,-0.004826,131,-0.0097329,2018,-0.1222,0.41667,-0.014016,-0.021967,True,False,15:+0.084(43.0) 16:-0.033(44.0) 17:+0.045(43.0) 18:-0.122(37.0) 19:+0.013(46.0) 20:-0.010(44.0) 21:+0.046(44.0) 22:-0.028(35.0) 23:-0.052(52.0) 24:-0.024(53.0) 25:-0.015(42.0) 26:+0.018(36.0),2015-01-14,2026-09-30,0,,,,,,,-3.1475,45.675,-1.8725,35.018,-1.275,10.656,-7.2743
rb,EURAUD,forex,False,london24,M15,15,RB,0,False,False,M15,3046,898,0.29481,-0.021852,-0.91031,0.4588,0.010513,0.032365,693,-0.022773,205,-0.018737,2021,-0.12318,0.33333,-0.034877,-0.047901,True,False,15:-0.105(83.0) 16:-0.110(89.0) 17:-0.050(73.0) 18:-0.101(79.0) 19:+0.160(81.0) 20:+0.078(73.0) 21:-0.123(74.0) 22:-0.048(72.0) 23:+0.121(69.0) 24:-0.057(78.0) 25:+0.091(71.0) 26:-0.105(56.0),2015-01-06,2026-09-29,,434,-0.073372,463,0.02858,1,-1.0122,-19.623,464.58,-15.782,367.32,-3.841,97.259,-31.319
dt,EURAUD,forex,False,london24,M30,30,k=0.3,0.3,False,False,M15,3046,2417,0.7935,-0.028528,-2.3222,0.45511,-0.0055819,0.022946,1838,-0.023584,579,-0.044222,2018,-0.10741,0.33333,-0.026453,-0.024379,False,False,15:+0.027(197.0) 16:-0.075(198.0) 17:+0.007(201.0) 18:-0.107(206.0) 19:+0.007(196.0) 20:-0.000(205.0) 21:+0.015(201.0) 22:-0.015(205.0) 23:-0.063(229.0) 24:-0.066(221.0) 25:-0.031(200.0) 26:-0.031(158.0),2015-01-09,2026-10-07,0.0074472,,,,,,,-68.952,883.23,-43.348,665.75,-25.604,217.48,-63.938
dt,EURAUD,forex,False,london24,M30,30,k=0.5,0.5,False,False,M15,3046,1099,0.3608,-0.014942,-1.2462,0.48317,9.1371e-05,0.015033,831,-0.0072683,268,-0.038734,2018,-0.089765,0.25,-0.016837,-0.018733,True,False,15:+0.047(90.0) 16:-0.004(86.0) 17:+0.056(89.0) 18:-0.090(85.0) 19:-0.029(105.0) 20:-0.019(97.0) 21:+0.009(93.0) 22:-0.027(90.0) 23:-0.009(96.0) 24:-0.023(98.0) 25:-0.075(95.0) 26:-0.014(75.0),2015-01-14,2026-10-05,0,,,,,,,-16.421,173.71,-6.04,126.6,-10.381,47.109,-18.504
dt,EURAUD,forex,False,london24,M30,30,k=0.7,0.7,False,False,M15,3046,519,0.17039,-0.0060506,-0.46436,0.49133,0.0056558,0.011706,388,-0.0048103,131,-0.0097242,2018,-0.1221,0.41667,-0.014002,-0.021954,True,False,15:+0.084(43.0) 16:-0.033(44.0) 17:+0.045(43.0) 18:-0.122(37.0) 19:+0.013(46.0) 20:-0.010(44.0) 21:+0.046(44.0) 22:-0.028(35.0) 23:-0.052(52.0) 24:-0.024(53.0) 25:-0.015(42.0) 26:+0.018(36.0),2015-01-14,2026-09-30,0,,,,,,,-3.1403,45.663,-1.8664,35.017,-1.2739,10.646,-7.2671
rb,EURAUD,forex,False,london24,M30,30,RB,0,False,False,M15,3046,896,0.29416,-0.02905,-1.213,0.45312,0.0035421,0.032592,691,-0.029867,205,-0.026297,2021,-0.14606,0.33333,-0.034766,-0.040481,True,False,15:-0.095(83.0) 16:-0.130(89.0) 17:-0.039(72.0) 18:-0.113(79.0) 19:+0.157(81.0) 20:+0.064(73.0) 21:-0.146(73.0) 22:-0.049(72.0) 23:+0.108(69.0) 24:-0.077(78.0) 25:+0.091(71.0) 26:-0.105(56.0),2015-01-06,2026-09-29,,434,-0.073946,461,0.015349,1,-1.0122,-26.029,460.7,-20.638,365.21,-5.3908,95.49,-31.15
dt,EURAUD,forex,False,london24,H1,60,k=0.3,0.3,False,True,M15,3046,2369,0.77774,-0.030937,-2.5486,0.46011,-0.0079954,0.022941,1801,-0.026771,568,-0.044144,2018,-0.13476,0.33333,-0.027414,-0.023891,False,False,15:+0.025(194.0) 16:-0.065(193.0) 17:+0.010(198.0) 18:-0.135(202.0) 19:-0.011(192.0) 20:+0.005(202.0) 21:+0.016(197.0) 22:-0.012(198.0) 23:-0.067(225.0) 24:-0.066(218.0) 25:-0.036(195.0) 26:-0.023(155.0),2015-01-09,2026-10-07,0.011819,,,,,,,-73.289,828.89,-48.215,633.91,-25.074,194.98,-64.943
dt,EURAUD,forex,False,london24,H1,60,k=0.5,0.5,False,True,M15,3046,1071,0.35161,-0.018335,-1.5414,0.47899,-0.0030853,0.01525,814,-0.0098763,257,-0.045128,2018,-0.10724,0.33333,-0.017847,-0.017358,False,False,15:+0.052(88.0) 16:+0.004(86.0) 17:+0.065(88.0) 18:-0.107(84.0) 19:-0.048(102.0) 20:-0.030(95.0) 21:-0.001(90.0) 22:-0.027(86.0) 23:+0.005(95.0) 24:-0.019(95.0) 25:-0.094(90.0) 26:-0.018(72.0),2015-01-14,2026-10-05,0.0018674,,,,,,,-19.637,162.52,-8.0393,120.26,-11.598,42.254,-19.114
dt,EURAUD,forex,False,london24,H1,60,k=0.7,0.7,False,True,M15,3046,505,0.16579,-0.012446,-0.96263,0.48317,-0.00058185,0.011865,379,-0.010246,126,-0.019066,2018,-0.14292,0.33333,-0.014875,-0.017303,True,False,15:+0.087(43.0) 16:-0.029(44.0) 17:+0.053(42.0) 18:-0.143(35.0) 19:-0.014(43.0) 20:-0.025(44.0) 21:+0.020(44.0) 22:-0.035(33.0) 23:-0.031(51.0) 24:-0.024(50.0) 25:-0.035(40.0) 26:+0.005(36.0),2015-01-14,2026-09-30,0,,,,,,,-6.2854,42.627,-3.8831,33.441,-2.4023,9.1861,-7.5117
rb,EURAUD,forex,False,london24,H1,60,RB,0,False,True,M15,3046,856,0.28102,-0.050321,-2.1093,0.45093,-0.017491,0.03283,661,-0.056213,195,-0.03035,2016,-0.17879,0.25,-0.041218,-0.032114,False,False,15:-0.105(79.0) 16:-0.179(85.0) 17:-0.086(71.0) 18:-0.123(76.0) 19:+0.104(77.0) 20:-0.004(70.0) 21:-0.124(70.0) 22:-0.080(66.0) 23:+0.120(67.0) 24:-0.079(73.0) 25:+0.069(68.0) 26:-0.089(54.0),2015-01-06,2026-09-29,,412,-0.087809,441,-0.0084471,3,-1.0576,-43.075,418.72,-37.157,329.12,-5.9183,89.604,-35.283
dt,EURAUD,forex,False,ny_fx,M15,15,k=0.3,0.3,False,False,M15,3042,1635,0.53748,-0.032388,-2.5798,0.43853,-0.0035326,0.028856,1222,-0.024629,413,-0.055346,2019,-0.081567,0.25,-0.027614,-0.022839,False,False,15:+0.031(107.0) 16:-0.042(137.0) 17:-0.011(123.0) 18:+0.008(146.0) 19:-0.082(133.0) 20:-0.062(146.0) 21:-0.026(145.0) 22:+0.015(137.0) 23:-0.038(148.0) 24:-0.080(153.0) 25:-0.043(149.0) 26:-0.038(111.0),2015-01-09,2026-10-02,0.0030581,,,,,,,-52.955,422.79,-30.096,320.74,-22.858,102.05,-45.148
dt,EURAUD,forex,False,ny_fx,M15,15,k=0.5,0.5,False,False,M15,3042,633,0.20809,-0.024022,-1.7517,0.43286,-0.0039432,0.020079,481,-0.018659,152,-0.040993,2026,-0.064524,0.16667,-0.018373,-0.012724,False,False,15:-0.001(50.0) 16:+0.000(51.0) 17:-0.015(49.0) 18:-0.006(62.0) 19:-0.016(48.0) 20:-0.063(52.0) 21:+0.006(52.0) 22:-0.051(63.0) 23:-0.017(54.0) 24:-0.006(46.0) 25:-0.050(62.0) 26:-0.065(44.0),2015-01-15,2026-09-30,0,,,,,,,-15.206,75.597,-8.9749,56.486,-6.2309,19.111,-11.63
dt,EURAUD,forex,False,ny_fx,M15,15,k=0.7,0.7,False,False,M15,3042,250,0.082183,-0.0077756,-0.45277,0.488,0.0063087,0.014084,194,-0.0099287,56,-0.00031684,2022,-0.066883,0.33333,-0.014751,-0.021726,True,False,15:+0.003(20.0) 16:-0.001(21.0) 17:-0.039(21.0) 18:-0.005(23.0) 19:+0.041(21.0) 20:-0.065(22.0) 21:+0.074(18.0) 22:-0.067(26.0) 23:-0.003(22.0) 24:-0.008(18.0) 25:+0.039(21.0) 26:-0.040(17.0),2015-01-15,2026-09-30,0,,,,,,,-1.9439,18.375,-1.9262,14.558,-0.017743,3.8162,-3.6877
rb,EURAUD,forex,False,ny_fx,M15,15,RB,0,False,False,M15,3042,1549,0.5092,-0.05614,-3.5148,0.44158,-0.01847,0.03767,1198,-0.044151,351,-0.097063,2025,-0.16387,0.16667,-0.03678,-0.01742,False,False,15:+0.003(139.0) 16:-0.097(134.0) 17:-0.082(140.0) 18:-0.076(125.0) 19:-0.032(139.0) 20:-0.043(125.0) 21:-0.079(129.0) 22:+0.041(136.0) 23:-0.036(131.0) 24:-0.016(128.0) 25:-0.164(124.0) 26:-0.119(99.0),2015-01-05,2026-10-08,,967,-0.023867,578,-0.10277,4,-1.1203,-86.961,616.63,-52.892,496.39,-34.069,120.24,-56.973
dt,EURAUD,forex,False,ny_fx,M30,30,k=0.3,0.3,False,False,M15,3042,1634,0.53715,-0.03215,-2.5681,0.43941,-0.0039392,0.028211,1221,-0.024361,413,-0.055179,2019,-0.087428,0.25,-0.027573,-0.022997,False,False,15:+0.030(107.0) 16:-0.046(137.0) 17:-0.012(123.0) 18:+0.008(146.0) 19:-0.087(133.0) 20:-0.060(146.0) 21:-0.021(145.0) 22:+0.015(137.0) 23:-0.033(147.0) 24:-0.079(153.0) 25:-0.043(149.0) 26:-0.038(111.0),2015-01-09,2026-10-02,0.0073439,,,,,,,-52.534,419.91,-29.745,317.9,-22.789,102.01,-45.055
dt,EURAUD,forex,False,ny_fx,M30,30,k=0.5,0.5,False,False,M15,3042,633,0.20809,-0.023312,-1.6978,0.43444,-0.0039432,0.019368,481,-0.017714,152,-0.041026,2026,-0.064512,0.16667,-0.017663,-0.012014,False,False,15:-0.002(50.0) 16:+0.000(51.0) 17:-0.015(49.0) 18:-0.006(62.0) 19:-0.016(48.0) 20:-0.058(52.0) 21:+0.011(52.0) 22:-0.051(63.0) 23:-0.017(54.0) 24:-0.006(46.0) 25:-0.050(62.0) 26:-0.065(44.0),2015-01-15,2026-09-30,0,,,,,,,-14.756,75.769,-8.5202,56.647,-6.236,19.123,-11.181
dt,EURAUD,forex,False,ny_fx,M30,30,k=0.7,0.7,False,False,M15,3042,250,0.082183,-0.0077817,-0.45314,0.488,0.0063087,0.01409,194,-0.0099432,56,-0.00029372,2022,-0.066839,0.33333,-0.014757,-0.021732,True,False,15:+0.003(20.0) 16:-0.001(21.0) 17:-0.039(21.0) 18:-0.005(23.0) 19:+0.041(21.0) 20:-0.065(22.0) 21:+0.074(18.0) 22:-0.067(26.0) 23:-0.003(22.0) 24:-0.008(18.0) 25:+0.039(21.0) 26:-0.040(17.0),2015-01-15,2026-09-30,0,,,,,,,-1.9454,18.373,-1.929,14.556,-0.016448,3.8171,-3.6892
rb,EURAUD,forex,False,ny_fx,M30,30,RB,0,False,False,M15,3042,1548,0.50888,-0.07033,-4.4475,0.43475,-0.032253,0.038077,1197,-0.054882,351,-0.12301,2025,-0.17471,0,-0.038928,-0.0075258,False,False,15:-0.002(139.0) 16:-0.114(134.0) 17:-0.099(140.0) 18:-0.092(125.0) 19:-0.014(139.0) 20:-0.054(125.0) 21:-0.101(129.0) 22:-0.000(135.0) 23:-0.022(131.0) 24:-0.066(128.0) 25:-0.175(124.0) 26:-0.132(99.0),2015-01-05,2026-10-08,,966,-0.027962,577,-0.13221,5,-1.1145,-108.87,606.49,-65.694,487.55,-43.176,118.93,-60.26
dt,EURAUD,forex,False,ny_fx,H1,60,k=0.3,0.3,False,False,M15,3042,1632,0.53649,-0.031126,-2.4901,0.44179,-0.0030981,0.028027,1220,-0.023826,412,-0.052742,2019,-0.080137,0.25,-0.027305,-0.023485,False,False,15:+0.031(107.0) 16:-0.047(137.0) 17:-0.012(123.0) 18:+0.007(146.0) 19:-0.080(132.0) 20:-0.060(146.0) 21:-0.022(145.0) 22:+0.015(137.0) 23:-0.033(147.0) 24:-0.073(152.0) 25:-0.043(149.0) 26:-0.038(111.0),2015-01-09,2026-10-02,0.012255,,,,,,,-50.797,417.47,-29.067,316.55,-21.73,100.92,-44.562
dt,EURAUD,forex,False,ny_fx,H1,60,k=0.5,0.5,False,False,M15,3042,633,0.20809,-0.022953,-1.6709,0.43444,-0.0039432,0.019009,481,-0.017262,152,-0.04096,2026,-0.064408,0.083333,-0.017304,-0.011655,False,False,15:-0.002(50.0) 16:-0.000(51.0) 17:-0.015(49.0) 18:-0.006(62.0) 19:-0.016(48.0) 20:-0.054(52.0) 21:+0.012(52.0) 22:-0.051(63.0) 23:-0.017(54.0) 24:-0.006(46.0) 25:-0.050(62.0) 26:-0.064(44.0),2015-01-15,2026-09-30,0,,,,,,,-14.529,75.824,-8.3031,56.702,-6.2259,19.121,-10.953
dt,EURAUD,forex,False,ny_fx,H1,60,k=0.7,0.7,False,False,M15,3042,250,0.082183,-0.0081819,-0.47632,0.484,0.0063087,0.014491,194,-0.010479,56,-0.0002252,2022,-0.066774,0.33333,-0.015157,-0.022132,True,False,15:+0.002(20.0) 16:-0.001(21.0) 17:-0.039(21.0) 18:-0.005(23.0) 19:+0.041(21.0) 20:-0.065(22.0) 21:+0.069(18.0) 22:-0.067(26.0) 23:-0.003(22.0) 24:-0.008(18.0) 25:+0.039(21.0) 26:-0.040(17.0),2015-01-15,2026-09-30,0,,,,,,,-2.0455,18.384,-2.0329,14.565,-0.012611,3.8188,-3.7892
rb,EURAUD,forex,False,ny_fx,H1,60,RB,0,False,False,M15,3042,1533,0.50394,-0.075317,-4.872,0.43444,-0.038781,0.036536,1188,-0.065529,345,-0.10902,2025,-0.17284,0.083333,-0.037539,0.00023877,False,False,15:-0.022(139.0) 16:-0.117(133.0) 17:-0.081(136.0) 18:-0.105(124.0) 19:-0.051(139.0) 20:-0.091(125.0) 21:-0.082(129.0) 22:+0.015(133.0) 23:-0.064(130.0) 24:-0.029(126.0) 25:-0.173(120.0) 26:-0.134(99.0),2015-01-05,2026-10-08,,962,-0.03129,567,-0.14291,4,-1.0832,-115.46,569.97,-77.849,455.1,-37.612,114.87,-57.547
dt,EURCAD,forex,False,london24,M15,15,k=0.3,0.3,False,False,M15,3046,2386,0.78332,-0.037412,-3.1015,0.46354,-0.0091352,0.028277,1807,-0.025413,579,-0.074857,2026,-0.12441,0.25,-0.030359,-0.023305,False,False,15:-0.030(209.0) 16:-0.054(198.0) 17:-0.011(197.0) 18:+0.004(182.0) 19:-0.105(200.0) 20:+0.006(203.0) 21:+0.011(205.0) 22:-0.012(194.0) 23:-0.036(219.0) 24:-0.083(219.0) 25:-0.025(198.0) 26:-0.124(162.0),2015-01-09,2026-10-07,0.007544,,,,,,,-89.265,831.34,-45.922,585.37,-43.342,245.97,-72.436
dt,EURCAD,forex,False,london24,M15,15,k=0.5,0.5,False,False,M15,3046,1078,0.35391,-0.023727,-2.0401,0.43599,-0.0047543,0.018972,810,-0.019435,268,-0.036697,2019,-0.085414,0.41667,-0.020128,-0.01653,False,False,15:-0.029(94.0) 16:-0.068(94.0) 17:+0.002(88.0) 18:+0.016(78.0) 19:-0.085(93.0) 20:+0.033(88.0) 21:+0.008(100.0) 22:-0.075(85.0) 23:+0.028(90.0) 24:-0.029(94.0) 25:-0.055(104.0) 26:-0.020(70.0),2015-01-09,2026-10-07,0.0027829,,,,,,,-25.577,157.65,-15.743,109.93,-9.8347,47.72,-21.699
dt,EURCAD,forex,False,london24,M15,15,k=0.7,0.7,False,False,M15,3046,518,0.17006,-0.0253,-1.9862,0.42085,-0.010885,0.014415,401,-0.02964,117,-0.010426,2022,-0.13109,0.33333,-0.015098,-0.0048961,False,False,15:-0.007(42.0) 16:-0.054(41.0) 17:-0.006(42.0) 18:+0.003(41.0) 19:-0.091(47.0) 20:+0.009(43.0) 21:-0.002(51.0) 22:-0.131(48.0) 23:+0.022(46.0) 24:+0.045(39.0) 25:-0.056(43.0) 26:-0.016(35.0),2015-01-15,2026-10-01,0.0019305,,,,,,,-13.105,43.783,-11.885,30.503,-1.2198,13.28,-7.8207
rb,EURCAD,forex,False,london24,M15,15,RB,0,False,False,M15,3046,907,0.29777,-0.012583,-0.48911,0.44542,0.028469,0.041051,688,-0.011358,219,-0.01643,2016,-0.13536,0.5,-0.026915,-0.041248,True,False,15:-0.098(85.0) 16:-0.135(80.0) 17:+0.147(74.0) 18:-0.012(84.0) 19:+0.006(79.0) 20:+0.150(62.0) 21:-0.038(80.0) 22:-0.131(74.0) 23:+0.064(70.0) 24:+0.040(74.0) 25:-0.085(82.0) 26:+0.007(63.0),2015-01-13,2026-10-07,,423,-0.031444,483,0.0060765,1,-1.0467,-11.413,543.99,-7.8145,399.01,-3.5981,144.98,-24.412
dt,EURCAD,forex,False,london24,M30,30,k=0.3,0.3,False,False,M15,3046,2384,0.78267,-0.037112,-3.0777,0.46351,-0.0087719,0.02834,1805,-0.024769,579,-0.075591,2026,-0.12465,0.25,-0.030317,-0.023523,False,False,15:-0.025(208.0) 16:-0.055(198.0) 17:-0.012(197.0) 18:+0.001(182.0) 19:-0.107(200.0) 20:+0.008(203.0) 21:+0.016(204.0) 22:-0.012(194.0) 23:-0.036(219.0) 24:-0.085(219.0) 25:-0.025(198.0) 26:-0.125(162.0),2015-01-09,2026-10-07,0.010487,,,,,,,-88.476,829.32,-44.709,583.47,-43.767,245.86,-72.277
dt,EURCAD,forex,False,london24,M30,30,k=0.5,0.5,False,False,M15,3046,1078,0.35391,-0.02359,-2.0286,0.43506,-0.004812,0.018778,810,-0.019241,268,-0.036735,2019,-0.085837,0.41667,-0.019934,-0.016278,False,False,15:-0.029(94.0) 16:-0.068(94.0) 17:+0.002(88.0) 18:+0.016(78.0) 19:-0.086(93.0) 20:+0.035(88.0) 21:+0.009(100.0) 22:-0.075(85.0) 23:+0.028(90.0) 24:-0.029(94.0) 25:-0.055(104.0) 26:-0.020(70.0),2015-01-09,2026-10-07,0.0027829,,,,,,,-25.43,157.6,-15.585,109.87,-9.8449,47.723,-21.489
dt,EURCAD,forex,False,london24,M30,30,k=0.7,0.7,False,False,M15,3046,518,0.17006,-0.025135,-1.9743,0.42278,-0.010971,0.014164,401,-0.029441,117,-0.010376,2022,-0.1311,0.33333,-0.014847,-0.0045598,False,False,15:-0.008(42.0) 16:-0.054(41.0) 17:-0.006(42.0) 18:+0.003(41.0) 19:-0.091(47.0) 20:+0.011(43.0) 21:-0.001(51.0) 22:-0.131(48.0) 23:+0.022(46.0) 24:+0.044(39.0) 25:-0.055(43.0) 26:-0.016(35.0),2015-01-15,2026-10-01,0.0019305,,,,,,,-13.02,43.735,-11.806,30.448,-1.214,13.287,-7.6909
rb,EURCAD,forex,False,london24,M30,30,RB,0,False,False,M15,3046,902,0.29613,-0.021021,-0.81776,0.44346,0.019518,0.040539,686,-0.020116,216,-0.023895,2016,-0.18949,0.33333,-0.026878,-0.032735,True,False,15:-0.092(85.0) 16:-0.189(80.0) 17:+0.147(74.0) 18:-0.020(83.0) 19:-0.013(78.0) 20:+0.147(62.0) 21:-0.033(80.0) 22:-0.132(74.0) 23:+0.061(70.0) 24:+0.022(74.0) 25:-0.043(79.0) 26:-0.053(63.0),2015-01-13,2026-10-07,,422,-0.034021,478,-0.0052899,2,-1.0377,-18.961,537.4,-13.8,390.47,-5.1612,146.93,-24.244
dt,EURCAD,forex,False,london24,H1,60,k=0.3,0.3,False,True,M15,3046,2299,0.75476,-0.041067,-3.4001,0.44802,-0.012336,0.028731,1739,-0.031791,560,-0.069875,2019,-0.13367,0.16667,-0.031036,-0.021004,False,False,15:-0.041(201.0) 16:-0.052(189.0) 17:-0.009(189.0) 18:-0.024(178.0) 19:-0.134(194.0) 20:+0.008(192.0) 21:+0.029(197.0) 22:-0.026(186.0) 23:-0.037(213.0) 24:-0.069(211.0) 25:-0.020(189.0) 26:-0.130(160.0),2015-01-09,2026-10-07,0.016964,,,,,,,-94.414,774.6,-55.284,543.36,-39.13,231.24,-71.351
dt,EURCAD,forex,False,london24,H1,60,k=0.5,0.5,False,True,M15,3046,1027,0.33716,-0.025429,-2.1808,0.44985,-0.0065467,0.018883,770,-0.023349,257,-0.031662,2019,-0.11489,0.25,-0.019468,-0.013508,False,False,15:-0.042(90.0) 16:-0.070(89.0) 17:-0.001(83.0) 18:-0.011(77.0) 19:-0.115(89.0) 20:+0.054(79.0) 21:+0.023(96.0) 22:-0.085(81.0) 23:+0.042(86.0) 24:-0.020(90.0) 25:-0.059(99.0) 26:-0.008(68.0),2015-01-13,2026-10-07,0.0038948,,,,,,,-26.116,143.94,-17.979,100.23,-8.1371,43.714,-19.994
dt,EURCAD,forex,False,london24,H1,60,k=0.7,0.7,False,True,M15,3046,478,0.15693,-0.027037,-2.0614,0.43515,-0.012902,0.014135,372,-0.033819,106,-0.0032386,2022,-0.13906,0.41667,-0.014714,-0.00239,False,False,15:-0.018(34.0) 16:-0.057(37.0) 17:-0.008(40.0) 18:-0.018(37.0) 19:-0.111(46.0) 20:+0.023(41.0) 21:+0.014(46.0) 22:-0.139(46.0) 23:+0.024(45.0) 24:+0.049(37.0) 25:-0.064(36.0) 26:+0.004(33.0),2015-01-15,2026-10-01,0.0020921,,,,,,,-12.924,39.574,-12.581,27.289,-0.34329,12.285,-7.0331
rb,EURCAD,forex,False,london24,H1,60,RB,0,False,True,M15,3046,835,0.27413,-0.036015,-1.3398,0.43353,0.0043628,0.040377,631,-0.025137,204,-0.069659,2016,-0.17594,0.25,-0.026242,-0.016469,False,False,15:-0.039(78.0) 16:-0.176(72.0) 17:+0.198(64.0) 18:-0.030(76.0) 19:-0.092(72.0) 20:+0.169(57.0) 21:-0.049(74.0) 22:-0.147(72.0) 23:+0.010(66.0) 24:-0.093(73.0) 25:-0.071(73.0) 26:-0.038(58.0),2015-01-13,2026-10-07,,387,-0.038481,444,-0.024362,4,-1.0909,-30.072,504.25,-15.862,380.88,-14.21,123.38,-21.912
dt,EURCAD,forex,False,ny_fx,M15,15,k=0.3,0.3,False,False,M15,3042,2035,0.66897,-0.024319,-1.9637,0.44619,0.0054135,0.029733,1551,-0.023623,484,-0.026551,2022,-0.092884,0.33333,-0.026295,-0.02827,True,False,15:+0.031(154.0) 16:-0.068(176.0) 17:+0.067(167.0) 18:-0.038(172.0) 19:-0.054(178.0) 20:-0.072(178.0) 21:-0.029(182.0) 22:-0.093(167.0) 23:+0.052(177.0) 24:-0.030(177.0) 25:+0.006(176.0) 26:-0.066(131.0),2015-01-08,2026-10-07,0.0068796,,,,,,,-49.489,636.04,-36.639,475.45,-12.851,160.58,-53.509
dt,EURCAD,forex,False,ny_fx,M15,15,k=0.5,0.5,False,False,M15,3042,891,0.2929,-0.024821,-1.9802,0.42985,-0.0047251,0.020096,673,-0.022528,218,-0.031903,2016,-0.13378,0.25,-0.019913,-0.015004,False,False,15:+0.047(73.0) 16:-0.134(82.0) 17:+0.054(81.0) 18:-0.046(68.0) 19:-0.027(85.0) 20:-0.025(71.0) 21:-0.014(64.0) 22:-0.097(69.0) 23:+0.037(80.0) 24:-0.037(77.0) 25:-0.005(83.0) 26:-0.064(58.0),2015-01-12,2026-10-01,0.0011223,,,,,,,-22.116,125.15,-15.161,90.761,-6.9548,34.385,-17.742
dt,EURCAD,forex,False,ny_fx,M15,15,k=0.7,0.7,False,False,M15,3042,402,0.13215,-0.020729,-1.4272,0.43035,-0.0054733,0.015256,299,-0.017746,103,-0.02939,2018,-0.076941,0.41667,-0.016268,-0.011806,False,False,15:+0.043(38.0) 16:-0.066(30.0) 17:+0.025(40.0) 18:-0.077(34.0) 19:+0.000(33.0) 20:-0.031(30.0) 21:-0.035(30.0) 22:-0.058(25.0) 23:+0.002(39.0) 24:-0.049(37.0) 25:+0.002(39.0) 26:-0.048(27.0),2015-01-12,2026-10-01,0.0024876,,,,,,,-8.3331,34.181,-5.306,24.26,-3.0272,9.9205,-6.5396
rb,EURCAD,forex,False,ny_fx,M15,15,RB,0,False,False,M15,3042,1291,0.42439,-0.06674,-3.47,0.44462,-0.0244,0.04234,1002,-0.045495,289,-0.1404,2024,-0.20597,0.41667,-0.047069,-0.027398,False,False,15:-0.177(115.0) 16:-0.086(111.0) 17:+0.018(112.0) 18:+0.013(105.0) 19:-0.150(112.0) 20:+0.012(116.0) 21:+0.075(97.0) 22:-0.118(126.0) 23:+0.037(108.0) 24:-0.206(112.0) 25:-0.095(98.0) 26:-0.104(79.0),2015-01-05,2026-10-06,,685,-0.054584,602,-0.073622,4,-1.1128,-86.162,621.83,-45.586,503.82,-40.576,118.01,-60.766
dt,EURCAD,forex,False,ny_fx,M30,30,k=0.3,0.3,False,False,M15,3042,2035,0.66897,-0.024619,-1.9848,0.44717,0.0050623,0.029682,1551,-0.02393,484,-0.02683,2022,-0.09318,0.33333,-0.026196,-0.027773,True,False,15:+0.031(154.0) 16:-0.066(176.0) 17:+0.066(167.0) 18:-0.041(172.0) 19:-0.054(178.0) 20:-0.076(178.0) 21:-0.027(182.0) 22:-0.093(167.0) 23:+0.053(177.0) 24:-0.030(177.0) 25:+0.006(176.0) 26:-0.068(131.0),2015-01-08,2026-10-07,0.0088452,,,,,,,-50.101,638.11,-37.115,477.5,-12.986,160.61,-53.31
dt,EURCAD,forex,False,ny_fx,M30,30,k=0.5,0.5,False,False,M15,3042,891,0.2929,-0.025064,-1.9971,0.42985,-0.0048969,0.020167,673,-0.022874,218,-0.031826,2016,-0.13393,0.25,-0.019984,-0.014903,False,False,15:+0.046(73.0) 16:-0.134(82.0) 17:+0.054(81.0) 18:-0.046(68.0) 19:-0.028(85.0) 20:-0.029(71.0) 21:-0.012(64.0) 22:-0.098(69.0) 23:+0.037(80.0) 24:-0.037(77.0) 25:-0.005(83.0) 26:-0.064(58.0),2015-01-12,2026-10-01,0.0022447,,,,,,,-22.332,125.46,-15.394,91.073,-6.938,34.391,-17.805
dt,EURCAD,forex,False,ny_fx,M30,30,k=0.7,0.7,False,False,M15,3042,402,0.13215,-0.021276,-1.4607,0.43035,-0.005519,0.015757,299,-0.018501,103,-0.029332,2018,-0.077224,0.33333,-0.016769,-0.012262,False,False,15:+0.043(38.0) 16:-0.066(30.0) 17:+0.025(40.0) 18:-0.077(34.0) 19:-0.001(33.0) 20:-0.038(30.0) 21:-0.034(30.0) 22:-0.058(25.0) 23:+0.002(39.0) 24:-0.049(37.0) 25:+0.002(39.0) 26:-0.048(27.0),2015-01-12,2026-10-01,0.0049751,,,,,,,-8.553,34.384,-5.5318,24.459,-3.0212,9.9252,-6.7411
rb,EURCAD,forex,False,ny_fx,M30,30,RB,0,False,False,M15,3042,1281,0.4211,-0.081985,-4.3418,0.4395,-0.04008,0.041904,997,-0.064189,284,-0.14446,2024,-0.17873,0.16667,-0.047657,-0.01333,False,False,15:-0.171(114.0) 16:-0.124(111.0) 17:-0.011(110.0) 18:-0.008(105.0) 19:-0.171(111.0) 20:-0.014(115.0) 21:+0.061(97.0) 22:-0.145(126.0) 23:+0.038(108.0) 24:-0.179(108.0) 25:-0.124(98.0) 26:-0.123(78.0),2015-01-05,2026-10-06,,680,-0.054791,592,-0.097268,9,-1.1313,-105.02,593.25,-63.997,476.39,-41.026,116.86,-61.049
dt,EURCAD,forex,False,ny_fx,H1,60,k=0.3,0.3,False,False,M15,3042,2031,0.66765,-0.022575,-1.8239,0.4451,0.0069553,0.02953,1549,-0.022294,482,-0.02348,2022,-0.09391,0.33333,-0.026793,-0.03101,True,False,15:+0.031(154.0) 16:-0.066(176.0) 17:+0.064(167.0) 18:-0.034(171.0) 19:-0.052(178.0) 20:-0.069(177.0) 21:-0.026(182.0) 22:-0.094(167.0) 23:+0.053(177.0) 24:-0.027(176.0) 25:+0.007(176.0) 26:-0.060(130.0),2015-01-08,2026-10-07,0.014771,,,,,,,-45.85,632.67,-34.533,474.32,-11.317,158.35,-54.416
dt,EURCAD,forex,False,ny_fx,H1,60,k=0.5,0.5,False,False,M15,3042,890,0.29257,-0.023958,-1.9101,0.43258,-0.0038444,0.020114,672,-0.021422,218,-0.031775,2016,-0.13385,0.25,-0.01993,-0.015902,False,False,15:+0.046(73.0) 16:-0.134(82.0) 17:+0.054(81.0) 18:-0.036(67.0) 19:-0.025(85.0) 20:-0.028(71.0) 21:-0.012(64.0) 22:-0.098(69.0) 23:+0.036(80.0) 24:-0.037(77.0) 25:-0.005(83.0) 26:-0.064(58.0),2015-01-12,2026-10-01,0.0033708,,,,,,,-21.323,124.99,-14.396,90.618,-6.927,34.368,-17.738
dt,EURCAD,forex,False,ny_fx,H1,60,k=0.7,0.7,False,False,M15,3042,402,0.13215,-0.021222,-1.4578,0.43035,-0.005519,0.015703,299,-0.018424,103,-0.029345,2018,-0.077215,0.33333,-0.016715,-0.012208,False,False,15:+0.042(38.0) 16:-0.066(30.0) 17:+0.025(40.0) 18:-0.077(34.0) 19:-0.001(33.0) 20:-0.036(30.0) 21:-0.034(30.0) 22:-0.058(25.0) 23:+0.002(39.0) 24:-0.049(37.0) 25:+0.002(39.0) 26:-0.048(27.0),2015-01-12,2026-10-01,0.0049751,,,,,,,-8.5313,34.342,-5.5088,24.416,-3.0225,9.926,-6.7194
rb,EURCAD,forex,False,ny_fx,H1,60,RB,0,False,False,M15,3042,1266,0.41617,-0.092422,-4.9708,0.43602,-0.051511,0.04091,985,-0.070871,281,-0.16796,2026,-0.19322,0.16667,-0.0458,0.00082232,False,False,15:-0.174(111.0) 16:-0.101(109.0) 17:-0.073(111.0) 18:-0.017(102.0) 19:-0.173(111.0) 20:-0.044(115.0) 21:+0.064(96.0) 22:-0.125(123.0) 23:+0.036(107.0) 24:-0.169(105.0) 25:-0.147(97.0) 26:-0.193(79.0),2015-01-05,2026-10-06,,680,-0.077417,576,-0.091628,10,-1.1584,-117.01,564.45,-69.808,450.47,-47.198,113.98,-57.982
dt,EURCHF,forex,False,london24,M15,15,k=0.3,0.3,False,False,M15,3034,2517,0.8296,-0.073793,-6.0861,0.42749,-0.032099,0.041695,1937,-0.075439,580,-0.068296,2016,-0.15297,0,-0.041463,-0.009133,False,False,15:-0.001(184.0) 16:-0.153(227.0) 17:-0.118(220.0) 18:-0.011(214.0) 19:-0.069(208.0) 20:-0.150(236.0) 21:-0.081(226.0) 22:-0.042(214.0) 23:-0.028(208.0) 24:-0.013(195.0) 25:-0.149(227.0) 26:-0.020(158.0),2015-01-23,2026-10-07,0.0043703,,,,,,,-185.74,944.7,-146.13,727.05,-39.611,217.65,-104.36
dt,EURCHF,forex,False,london24,M15,15,k=0.5,0.5,False,False,M15,3034,1146,0.37772,-0.029845,-2.6549,0.4171,-0.0029995,0.026846,874,-0.033017,272,-0.019652,2016,-0.12688,0.41667,-0.027264,-0.024683,False,False,15:+0.001(93.0) 16:-0.127(100.0) 17:-0.052(101.0) 18:+0.012(101.0) 19:-0.003(93.0) 20:-0.074(109.0) 21:-0.043(93.0) 22:-0.016(93.0) 23:+0.018(91.0) 24:+0.016(95.0) 25:-0.080(98.0) 26:+0.012(79.0),2015-01-26,2026-10-02,0.0008726,,,,,,,-34.202,166.84,-28.857,130.31,-5.3454,36.529,-31.244
dt,EURCHF,forex,False,london24,M15,15,k=0.7,0.7,False,False,M15,3034,528,0.17403,-0.019256,-1.5359,0.43561,0.0018159,0.021072,401,-0.022621,127,-0.0086331,2020,-0.093037,0.5,-0.024996,-0.030735,True,False,15:-0.040(47.0) 16:+0.008(39.0) 17:-0.069(44.0) 18:+0.002(54.0) 19:-0.028(50.0) 20:-0.093(48.0) 21:-0.038(41.0) 22:+0.035(34.0) 23:+0.038(44.0) 24:+0.001(44.0) 25:-0.036(47.0) 26:+0.016(36.0),2015-01-26,2026-10-01,0,,,,,,,-10.167,43.937,-9.071,35.336,-1.0964,8.6009,-13.198
rb,EURCHF,forex,False,london24,M15,15,RB,0,False,False,M15,3034,859,0.28312,-0.068619,-2.6819,0.39697,-0.012973,0.055646,650,-0.052638,209,-0.11832,2024,-0.25918,0.16667,-0.057977,-0.047335,False,False,15:-0.093(79.0) 16:-0.158(76.0) 17:-0.121(75.0) 18:-0.117(76.0) 19:-0.012(65.0) 20:-0.111(87.0) 21:-0.122(60.0) 22:+0.176(73.0) 23:+0.135(59.0) 24:-0.259(74.0) 25:-0.069(76.0) 26:-0.005(59.0),2015-01-21,2026-10-01,,379,-0.075058,479,-0.061226,1,-1.1691,-58.943,486.54,-34.215,378.43,-24.729,108.11,-49.802
dt,EURCHF,forex,False,london24,M30,30,k=0.3,0.3,False,False,M15,3034,2516,0.82927,-0.073625,-6.0711,0.42727,-0.03187,0.041755,1936,-0.075099,580,-0.068705,2016,-0.15283,0,-0.041201,-0.0087759,False,False,15:-0.001(184.0) 16:-0.153(227.0) 17:-0.118(220.0) 18:-0.011(214.0) 19:-0.069(208.0) 20:-0.149(235.0) 21:-0.081(226.0) 22:-0.042(214.0) 23:-0.026(208.0) 24:-0.013(195.0) 25:-0.150(227.0) 26:-0.020(158.0),2015-01-23,2026-10-07,0.0063593,,,,,,,-185.24,944.25,-145.39,726.86,-39.849,217.4,-103.66
dt,EURCHF,forex,False,london24,M30,30,k=0.5,0.5,False,False,M15,3034,1146,0.37772,-0.029624,-2.6365,0.41798,-0.0030483,0.026576,874,-0.032669,272,-0.01984,2016,-0.12684,0.41667,-0.026994,-0.024364,False,False,15:+0.001(93.0) 16:-0.127(100.0) 17:-0.052(101.0) 18:+0.012(101.0) 19:-0.004(93.0) 20:-0.074(109.0) 21:-0.039(93.0) 22:-0.016(93.0) 23:+0.018(91.0) 24:+0.016(95.0) 25:-0.080(98.0) 26:+0.012(79.0),2015-01-26,2026-10-02,0.0017452,,,,,,,-33.949,166.67,-28.553,130.14,-5.3966,36.53,-30.935
dt,EURCHF,forex,False,london24,M30,30,k=0.7,0.7,False,False,M15,3034,528,0.17403,-0.019176,-1.5296,0.43182,0.0018159,0.020991,401,-0.022525,127,-0.0086006,2020,-0.093243,0.5,-0.024915,-0.030654,True,False,15:-0.040(47.0) 16:+0.008(39.0) 17:-0.069(44.0) 18:+0.002(54.0) 19:-0.029(50.0) 20:-0.093(48.0) 21:-0.035(41.0) 22:+0.035(34.0) 23:+0.037(44.0) 24:+0.001(44.0) 25:-0.036(47.0) 26:+0.016(36.0),2015-01-26,2026-10-01,0,,,,,,,-10.125,43.922,-9.0324,35.325,-1.0923,8.597,-13.155
rb,EURCHF,forex,False,london24,M30,30,RB,0,False,False,M15,3034,856,0.28214,-0.07898,-3.0851,0.39019,-0.022863,0.056117,648,-0.063616,208,-0.12684,2024,-0.25713,0.16667,-0.058385,-0.03779,False,False,15:-0.094(79.0) 16:-0.166(76.0) 17:-0.127(74.0) 18:-0.118(76.0) 19:-0.020(65.0) 20:-0.116(86.0) 21:-0.114(60.0) 22:+0.127(73.0) 23:+0.102(59.0) 24:-0.257(73.0) 25:-0.067(76.0) 26:-0.043(59.0),2015-01-21,2026-10-01,,379,-0.078871,476,-0.076776,1,-1.1691,-67.607,485,-41.223,377.17,-26.383,107.83,-49.977
dt,EURCHF,forex,False,london24,H1,60,k=0.3,0.3,False,True,M15,3034,2464,0.81213,-0.073559,-6.033,0.43547,-0.031849,0.04171,1892,-0.075931,572,-0.065716,2025,-0.14947,0,-0.040217,-0.0068751,False,False,15:-0.012(178.0) 16:-0.134(221.0) 17:-0.117(215.0) 18:-0.020(210.0) 19:-0.084(202.0) 20:-0.142(232.0) 21:-0.063(221.0) 22:-0.053(209.0) 23:-0.037(204.0) 24:-0.011(193.0) 25:-0.149(223.0) 26:-0.014(156.0),2015-01-23,2026-10-07,0.0093344,,,,,,,-181.25,915.57,-143.66,699.33,-37.589,216.24,-99.095
dt,EURCHF,forex,False,london24,H1,60,k=0.5,0.5,False,True,M15,3034,1096,0.36124,-0.025109,-2.196,0.44891,0.0014059,0.026515,834,-0.030031,262,-0.0094399,2016,-0.096907,0.25,-0.026802,-0.028496,True,False,15:-0.009(86.0) 16:-0.097(95.0) 17:-0.049(98.0) 18:-0.006(99.0) 19:-0.015(89.0) 20:-0.054(102.0) 21:-0.015(89.0) 22:-0.021(86.0) 23:+0.003(90.0) 24:+0.019(91.0) 25:-0.070(97.0) 26:+0.035(74.0),2015-01-26,2026-10-02,0.0027372,,,,,,,-27.519,157.58,-25.046,122.38,-2.4732,35.196,-29.375
dt,EURCHF,forex,False,london24,H1,60,k=0.7,0.7,False,True,M15,3034,486,0.16018,-0.011309,-0.86614,0.46296,0.009607,0.020916,371,-0.018857,115,0.013042,2020,-0.077473,0.41667,-0.024268,-0.037228,True,False,15:-0.051(43.0) 16:+0.055(35.0) 17:-0.065(39.0) 18:-0.004(48.0) 19:-0.042(47.0) 20:-0.077(45.0) 21:-0.015(40.0) 22:+0.032(32.0) 23:+0.024(42.0) 24:+0.008(40.0) 25:-0.020(43.0) 26:+0.063(32.0),2015-01-26,2026-10-01,0,,,,,,,-5.496,40.243,-6.9958,32.341,1.4998,7.902,-11.794
rb,EURCHF,forex,False,london24,H1,60,RB,0,False,True,M15,3034,802,0.26434,-0.094731,-3.7731,0.41397,-0.038673,0.056057,602,-0.061946,200,-0.19341,2025,-0.25597,0.25,-0.065072,-0.035414,False,False,15:-0.106(73.0) 16:-0.063(68.0) 17:-0.179(72.0) 18:-0.169(73.0) 19:+0.007(59.0) 20:-0.101(79.0) 21:-0.103(54.0) 22:+0.105(68.0) 23:+0.105(56.0) 24:-0.247(70.0) 25:-0.256(74.0) 26:-0.043(56.0),2015-01-21,2026-10-01,,360,-0.062906,438,-0.11184,4,-1.0858,-75.974,412.15,-37.291,323.53,-38.683,88.62,-52.188
dt,EURCHF,forex,False,ny_fx,M15,15,k=0.3,0.3,False,False,M15,3029,1911,0.6309,-0.078873,-6.0531,0.40555,-0.031203,0.04767,1445,-0.07469,466,-0.091846,2016,-0.21134,0,-0.046514,-0.014155,False,False,15:-0.034(156.0) 16:-0.211(166.0) 17:-0.101(164.0) 18:-0.080(166.0) 19:-0.110(164.0) 20:-0.034(171.0) 21:-0.051(164.0) 22:-0.035(137.0) 23:-0.004(157.0) 24:-0.122(161.0) 25:-0.077(179.0) 26:-0.074(126.0),2015-01-26,2026-10-02,0.0068027,,,,,,,-150.73,631.61,-107.93,493.17,-42.8,138.44,-88.888
dt,EURCHF,forex,False,ny_fx,M15,15,k=0.5,0.5,False,False,M15,3029,763,0.2519,-0.048677,-3.3456,0.40105,-0.017374,0.031302,578,-0.046972,185,-0.054003,2019,-0.12158,0.25,-0.028595,-0.0085123,False,False,15:+0.007(56.0) 16:-0.110(60.0) 17:-0.094(64.0) 18:-0.011(67.0) 19:-0.122(64.0) 20:+0.012(73.0) 21:-0.032(64.0) 22:-0.085(66.0) 23:+0.005(64.0) 24:-0.059(54.0) 25:-0.054(78.0) 26:-0.048(53.0),2015-02-12,2026-10-01,0,,,,,,,-37.14,124.89,-27.15,100.88,-9.9905,24.006,-21.818
dt,EURCHF,forex,False,ny_fx,M15,15,k=0.7,0.7,False,False,M15,3029,317,0.10466,-0.042127,-2.1398,0.3817,-0.017795,0.024333,245,-0.043656,72,-0.036925,2016,-0.12123,0.083333,-0.020428,0.0012704,False,False,15:-0.055(31.0) 16:-0.121(33.0) 17:-0.047(22.0) 18:-0.047(33.0) 19:-0.084(24.0) 20:-0.014(36.0) 21:-0.009(18.0) 22:-0.041(24.0) 23:+0.052(24.0) 24:-0.063(17.0) 25:-0.041(34.0) 26:-0.009(21.0),2015-02-12,2026-10-01,0,,,,,,,-13.354,39.39,-10.696,33.745,-2.6586,5.6454,-6.4758
rb,EURCHF,forex,False,ny_fx,M15,15,RB,0,False,False,M15,3029,1403,0.46319,-0.11609,-5.9834,0.39273,-0.052419,0.063674,1087,-0.10378,316,-0.15844,2024,-0.2306,0,-0.064178,-0.012263,False,False,15:-0.140(104.0) 16:-0.174(123.0) 17:-0.070(114.0) 18:-0.151(119.0) 19:-0.130(122.0) 20:-0.043(128.0) 21:-0.029(116.0) 22:-0.126(133.0) 23:-0.074(128.0) 24:-0.231(126.0) 25:-0.107(107.0) 26:-0.115(83.0),2015-01-21,2026-10-07,,777,-0.050609,623,-0.19296,3,-1.114,-162.88,759.41,-112.81,602.32,-50.068,157.09,-90.042
dt,EURCHF,forex,False,ny_fx,M30,30,k=0.3,0.3,False,False,M15,3029,1907,0.62958,-0.07793,-5.9954,0.40587,-0.030099,0.047831,1441,-0.073506,466,-0.09161,2016,-0.20823,0,-0.046164,-0.014398,False,False,15:-0.034(156.0) 16:-0.208(165.0) 17:-0.107(164.0) 18:-0.069(164.0) 19:-0.110(164.0) 20:-0.038(171.0) 21:-0.046(163.0) 22:-0.035(137.0) 23:-0.004(157.0) 24:-0.122(161.0) 25:-0.077(179.0) 26:-0.074(126.0),2015-01-26,2026-10-02,0.011012,,,,,,,-148.61,625.7,-105.92,487.17,-42.69,138.53,-88.035
dt,EURCHF,forex,False,ny_fx,M30,30,k=0.5,0.5,False,False,M15,3029,763,0.2519,-0.048781,-3.352,0.39843,-0.017374,0.031406,578,-0.047163,185,-0.053834,2019,-0.12226,0.25,-0.028699,-0.0086164,False,False,15:+0.007(56.0) 16:-0.111(60.0) 17:-0.094(64.0) 18:-0.012(67.0) 19:-0.122(64.0) 20:+0.013(73.0) 21:-0.032(64.0) 22:-0.085(66.0) 23:+0.005(64.0) 24:-0.059(54.0) 25:-0.054(78.0) 26:-0.048(53.0),2015-02-12,2026-10-01,0,,,,,,,-37.22,124.95,-27.26,100.96,-9.9593,23.984,-21.897
dt,EURCHF,forex,False,ny_fx,M30,30,k=0.7,0.7,False,False,M15,3029,317,0.10466,-0.04212,-2.1408,0.3817,-0.017795,0.024325,245,-0.043688,72,-0.036784,2016,-0.12149,0.083333,-0.020421,0.0012777,False,False,15:-0.055(31.0) 16:-0.121(33.0) 17:-0.047(22.0) 18:-0.047(33.0) 19:-0.084(24.0) 20:-0.015(36.0) 21:-0.005(18.0) 22:-0.041(24.0) 23:+0.052(24.0) 24:-0.063(17.0) 25:-0.041(34.0) 26:-0.009(21.0),2015-02-12,2026-10-01,0,,,,,,,-13.352,39.34,-10.704,33.691,-2.6484,5.6487,-6.4735
rb,EURCHF,forex,False,ny_fx,M30,30,RB,0,False,False,M15,3029,1397,0.46121,-0.12709,-6.7679,0.39084,-0.063967,0.063121,1081,-0.11318,316,-0.17465,2024,-0.21864,0,-0.064202,-0.0013144,False,False,15:-0.131(103.0) 16:-0.199(122.0) 17:-0.117(113.0) 18:-0.150(119.0) 19:-0.113(121.0) 20:-0.085(127.0) 21:-0.026(116.0) 22:-0.120(132.0) 23:-0.079(128.0) 24:-0.219(126.0) 25:-0.153(107.0) 26:-0.136(83.0),2015-01-21,2026-10-07,,776,-0.056125,618,-0.2108,3,-1.2376,-177.54,710.24,-122.35,565.74,-55.191,144.5,-89.69
dt,EURCHF,forex,False,ny_fx,H1,60,k=0.3,0.3,False,False,M15,3029,1903,0.62826,-0.076681,-5.8992,0.40725,-0.029145,0.047535,1437,-0.071685,466,-0.092085,2016,-0.20077,0,-0.045298,-0.013915,False,False,15:-0.035(156.0) 16:-0.201(162.0) 17:-0.107(164.0) 18:-0.070(164.0) 19:-0.111(164.0) 20:-0.037(171.0) 21:-0.044(163.0) 22:-0.028(136.0) 23:-0.004(157.0) 24:-0.123(161.0) 25:-0.076(179.0) 26:-0.074(126.0),2015-01-26,2026-10-02,0.017867,,,,,,,-145.92,622.74,-103.01,484.28,-42.912,138.46,-86.202
dt,EURCHF,forex,False,ny_fx,H1,60,k=0.5,0.5,False,False,M15,3029,763,0.2519,-0.048668,-3.3467,0.39843,-0.017312,0.031355,578,-0.04711,185,-0.053534,2019,-0.12258,0.25,-0.028647,-0.0086272,False,False,15:+0.007(56.0) 16:-0.110(60.0) 17:-0.094(64.0) 18:-0.012(67.0) 19:-0.123(64.0) 20:+0.013(73.0) 21:-0.031(64.0) 22:-0.085(66.0) 23:+0.005(64.0) 24:-0.059(54.0) 25:-0.054(78.0) 26:-0.048(53.0),2015-02-12,2026-10-01,0.0013106,,,,,,,-37.133,124.76,-27.23,100.78,-9.9038,23.974,-21.858
dt,EURCHF,forex,False,ny_fx,H1,60,k=0.7,0.7,False,False,M15,3029,317,0.10466,-0.041766,-2.1245,0.3817,-0.017795,0.023971,245,-0.043277,72,-0.036622,2016,-0.12144,0.083333,-0.020067,0.0016322,False,False,15:-0.055(31.0) 16:-0.121(33.0) 17:-0.047(22.0) 18:-0.048(33.0) 19:-0.084(24.0) 20:-0.013(36.0) 21:-0.002(18.0) 22:-0.041(24.0) 23:+0.052(24.0) 24:-0.063(17.0) 25:-0.040(34.0) 26:-0.009(21.0),2015-02-12,2026-10-01,0,,,,,,,-13.24,39.267,-10.603,33.62,-2.6368,5.6468,-6.3612
rb,EURCHF,forex,False,ny_fx,H1,60,RB,0,False,False,M15,3029,1379,0.45527,-0.13888,-7.7492,0.38506,-0.079078,0.059801,1068,-0.13123,311,-0.16515,2016,-0.21923,0,-0.062961,0.012956,False,False,15:-0.138(102.0) 16:-0.219(119.0) 17:-0.138(113.0) 18:-0.130(116.0) 19:-0.139(120.0) 20:-0.123(127.0) 21:-0.064(115.0) 22:-0.109(128.0) 23:-0.124(128.0) 24:-0.200(125.0) 25:-0.140(104.0) 26:-0.144(82.0),2015-01-21,2026-10-07,,775,-0.055068,598,-0.23734,6,-1.151,-191.51,636.93,-140.15,498.55,-51.362,138.38,-86.824
dt,EURGBP,forex,False,london24,M15,15,k=0.3,0.3,False,False,M15,3046,2356,0.77347,-0.021375,-1.66,0.4584,0.012526,0.033901,1796,-0.017736,560,-0.033045,2021,-0.11182,0.41667,-0.035158,-0.048941,True,False,15:+0.034(196.0) 16:+0.049(182.0) 17:-0.028(188.0) 18:-0.052(211.0) 19:+0.015(197.0) 20:+0.003(211.0) 21:-0.112(203.0) 22:+0.029(195.0) 23:-0.083(213.0) 24:-0.055(214.0) 25:-0.009(197.0) 26:-0.033(149.0),2015-01-09,2026-10-07,0.0072156,,,,,,,-50.359,920.99,-31.854,685.79,-18.505,235.2,-82.832
dt,EURGBP,forex,False,london24,M15,15,k=0.5,0.5,False,False,M15,3046,1152,0.3782,-0.02469,-2.0374,0.44531,-0.0010012,0.023689,866,-0.022345,286,-0.031793,2021,-0.10524,0.33333,-0.022646,-0.020601,False,False,15:-0.005(99.0) 16:-0.017(90.0) 17:-0.019(83.0) 18:-0.005(96.0) 19:+0.014(99.0) 20:+0.019(100.0) 21:-0.105(104.0) 22:+0.003(96.0) 23:-0.079(99.0) 24:-0.058(110.0) 25:-0.040(104.0) 26:+0.020(72.0),2015-01-09,2026-10-07,0.0034722,,,,,,,-28.443,195.42,-19.351,144.79,-9.0927,50.631,-26.088
dt,EURGBP,forex,False,london24,M15,15,k=0.7,0.7,False,False,M15,3046,565,0.18549,-0.018725,-1.4012,0.45133,-0.0015423,0.017183,426,-0.023955,139,-0.0026994,2021,-0.10109,0.33333,-0.017236,-0.015747,False,False,15:+0.031(43.0) 16:-0.014(52.0) 17:-0.070(40.0) 18:-0.020(53.0) 19:+0.017(51.0) 20:+0.017(46.0) 21:-0.101(47.0) 22:-0.039(50.0) 23:-0.044(44.0) 24:-0.031(57.0) 25:-0.025(49.0) 26:+0.079(33.0),2015-01-13,2026-09-30,0,,,,,,,-10.58,57.109,-10.205,43.779,-0.37521,13.33,-9.7384
rb,EURGBP,forex,False,london24,M15,15,RB,0,False,False,M15,3046,875,0.28726,-0.038757,-1.4587,0.41829,0.010712,0.04947,658,-0.039332,217,-0.037016,2021,-0.22981,0.25,-0.044204,-0.049651,True,False,15:-0.134(68.0) 16:-0.003(78.0) 17:+0.145(70.0) 18:-0.021(76.0) 19:-0.026(75.0) 20:-0.028(76.0) 21:-0.230(82.0) 22:+0.099(65.0) 23:-0.126(68.0) 24:+0.031(72.0) 25:-0.043(86.0) 26:-0.111(59.0),2015-01-15,2026-10-07,,436,-0.05636,436,-0.013782,3,-1.1104,-33.913,541.21,-25.88,408.72,-8.0325,132.49,-38.679
dt,EURGBP,forex,False,london24,M30,30,k=0.3,0.3,False,False,M15,3046,2354,0.77282,-0.021043,-1.6391,0.45837,0.013004,0.034048,1794,-0.017161,560,-0.033483,2021,-0.11172,0.41667,-0.03561,-0.050177,True,False,15:+0.040(195.0) 16:+0.058(182.0) 17:-0.030(188.0) 18:-0.053(211.0) 19:+0.016(196.0) 20:+0.002(211.0) 21:-0.112(203.0) 22:+0.024(195.0) 23:-0.083(213.0) 24:-0.054(214.0) 25:-0.011(197.0) 26:-0.033(149.0),2015-01-09,2026-10-07,0.008921,,,,,,,-49.536,914.02,-30.786,678.14,-18.75,235.88,-83.826
dt,EURGBP,forex,False,london24,M30,30,k=0.5,0.5,False,False,M15,3046,1151,0.37787,-0.022763,-1.8911,0.4457,0.00033281,0.023096,865,-0.019785,286,-0.031771,2021,-0.099946,0.33333,-0.022155,-0.021547,False,False,15:+0.005(98.0) 16:-0.007(90.0) 17:-0.019(83.0) 18:-0.005(96.0) 19:+0.013(99.0) 20:+0.021(100.0) 21:-0.100(104.0) 22:-0.001(96.0) 23:-0.079(99.0) 24:-0.058(110.0) 25:-0.040(104.0) 26:+0.020(72.0),2015-01-09,2026-10-07,0.0034752,,,,,,,-26.2,192.37,-17.114,141.75,-9.0865,50.624,-25.5
dt,EURGBP,forex,False,london24,M30,30,k=0.7,0.7,False,False,M15,3046,565,0.18549,-0.018679,-1.3993,0.45133,-0.0015423,0.017137,426,-0.023921,139,-0.0026151,2021,-0.1006,0.33333,-0.01719,-0.0157,False,False,15:+0.031(43.0) 16:-0.014(52.0) 17:-0.070(40.0) 18:-0.020(53.0) 19:+0.016(51.0) 20:+0.018(46.0) 21:-0.101(47.0) 22:-0.039(50.0) 23:-0.044(44.0) 24:-0.031(57.0) 25:-0.025(49.0) 26:+0.079(33.0),2015-01-13,2026-09-30,0,,,,,,,-10.554,56.983,-10.19,43.65,-0.36351,13.333,-9.7122
rb,EURGBP,forex,False,london24,M30,30,RB,0,False,False,M15,3046,870,0.28562,-0.055238,-2.1155,0.41264,-0.0066865,0.048552,654,-0.057897,216,-0.047189,2021,-0.22,0.25,-0.047196,-0.039154,False,False,15:-0.132(67.0) 16:-0.006(78.0) 17:+0.006(70.0) 18:-0.055(76.0) 19:-0.015(74.0) 20:-0.036(74.0) 21:-0.220(82.0) 22:+0.084(65.0) 23:-0.123(68.0) 24:+0.026(71.0) 25:-0.061(86.0) 26:-0.115(59.0),2015-01-15,2026-10-07,,434,-0.067602,431,-0.03089,5,-1.0809,-48.057,518.13,-37.864,385.1,-10.193,133.02,-41.061
dt,EURGBP,forex,False,london24,H1,60,k=0.3,0.3,False,True,M15,3046,2294,0.75312,-0.0095943,-0.74241,0.47428,0.023927,0.033522,1751,-0.0070401,543,-0.017831,2021,-0.10068,0.5,-0.03339,-0.057187,True,False,15:+0.062(188.0) 16:+0.060(179.0) 17:-0.038(186.0) 18:-0.044(205.0) 19:+0.041(191.0) 20:+0.014(208.0) 21:-0.101(197.0) 22:+0.030(189.0) 23:-0.072(208.0) 24:-0.044(208.0) 25:+0.005(188.0) 26:-0.010(147.0),2015-01-09,2026-10-07,0.013949,,,,,,,-22.009,878.71,-12.327,650.13,-9.682,228.58,-76.598
dt,EURGBP,forex,False,london24,H1,60,k=0.5,0.5,False,True,M15,3046,1113,0.3654,-0.013432,-1.0981,0.45463,0.0096494,0.023081,840,-0.012643,273,-0.015859,2021,-0.097051,0.41667,-0.021883,-0.030334,True,False,15:+0.010(98.0) 16:-0.005(88.0) 17:-0.036(81.0) 18:-0.008(93.0) 19:+0.039(95.0) 20:+0.035(96.0) 21:-0.097(102.0) 22:+0.021(91.0) 23:-0.068(96.0) 24:-0.047(106.0) 25:-0.018(97.0) 26:+0.034(70.0),2015-01-09,2026-10-07,0.0044924,,,,,,,-14.949,185.37,-10.62,136.63,-4.3294,48.74,-24.356
dt,EURGBP,forex,False,london24,H1,60,k=0.7,0.7,False,True,M15,3046,546,0.17925,-0.0078415,-0.57901,0.45055,0.0092026,0.017044,410,-0.01464,136,0.012654,2021,-0.078022,0.33333,-0.016852,-0.025862,True,False,15:+0.036(40.0) 16:-0.016(51.0) 17:-0.075(39.0) 18:-0.019(52.0) 19:+0.036(49.0) 20:+0.033(44.0) 21:-0.078(47.0) 22:-0.027(47.0) 23:-0.026(41.0) 24:-0.015(55.0) 25:-0.015(48.0) 26:+0.099(33.0),2015-01-13,2026-09-30,0,,,,,,,-4.2815,54.612,-6.0024,41.938,1.7209,12.673,-9.2011
rb,EURGBP,forex,False,london24,H1,60,RB,0,False,True,M15,3046,811,0.26625,-0.084321,-3.1328,0.4106,-0.036872,0.04745,609,-0.063437,202,-0.14729,2021,-0.23196,0.16667,-0.046278,-0.0082346,False,False,15:-0.139(66.0) 16:-0.026(71.0) 17:+0.063(67.0) 18:-0.010(71.0) 19:-0.063(66.0) 20:-0.047(71.0) 21:-0.232(74.0) 22:+0.039(62.0) 23:-0.146(61.0) 24:-0.117(66.0) 25:-0.188(82.0) 26:-0.123(54.0),2015-01-15,2026-10-07,,412,-0.0705,393,-0.083714,6,-1.0732,-68.385,481.66,-38.633,366.62,-29.752,115.05,-37.531
dt,EURGBP,forex,False,ny_fx,M15,15,k=0.3,0.3,False,False,M15,3043,1744,0.57312,-0.050993,-3.9018,0.42259,-0.0095619,0.041432,1316,-0.038394,428,-0.089732,2024,-0.10069,0.16667,-0.03783,-0.024667,False,False,15:-0.012(130.0) 16:-0.043(141.0) 17:+0.010(135.0) 18:+0.021(148.0) 19:-0.058(161.0) 20:-0.063(150.0) 21:-0.095(144.0) 22:-0.007(142.0) 23:-0.084(165.0) 24:-0.101(154.0) 25:-0.078(155.0) 26:-0.091(119.0),2015-01-09,2026-10-01,0.0045872,,,,,,,-88.933,523.75,-50.527,379.02,-38.405,144.72,-65.976
dt,EURGBP,forex,False,ny_fx,M15,15,k=0.5,0.5,False,False,M15,3043,704,0.23135,-0.030025,-2.1446,0.40767,-0.0026631,0.027362,531,-0.018189,173,-0.066353,2024,-0.089906,0.25,-0.026074,-0.022124,False,False,15:-0.024(49.0) 16:-0.069(58.0) 17:+0.036(51.0) 18:+0.012(69.0) 19:-0.007(66.0) 20:-0.011(51.0) 21:-0.084(58.0) 22:+0.039(58.0) 23:-0.050(71.0) 24:-0.090(61.0) 25:-0.048(60.0) 26:-0.060(52.0),2015-01-15,2026-09-17,0,,,,,,,-21.137,97.636,-9.6582,67.6,-11.479,30.036,-18.356
dt,EURGBP,forex,False,ny_fx,M15,15,k=0.7,0.7,False,False,M15,3043,295,0.096944,-0.011947,-0.67438,0.4339,0.010184,0.022132,220,-0.0004499,75,-0.045673,2021,-0.088889,0.41667,-0.022691,-0.033435,True,False,15:+0.033(22.0) 16:-0.028(24.0) 17:+0.059(21.0) 18:-0.052(34.0) 19:+0.027(31.0) 20:+0.039(16.0) 21:-0.089(23.0) 22:+0.118(22.0) 23:-0.061(27.0) 24:-0.057(30.0) 25:-0.060(24.0) 26:-0.012(21.0),2015-01-15,2026-09-17,0,,,,,,,-3.5245,27.263,-0.098979,18.021,-3.4255,9.2416,-6.6938
rb,EURGBP,forex,False,ny_fx,M15,15,RB,0,False,False,M15,3043,1515,0.49786,-0.085207,-4.9448,0.41452,-0.03126,0.053947,1187,-0.075418,328,-0.12063,2021,-0.24117,0.16667,-0.059244,-0.033282,False,False,15:-0.043(132.0) 16:-0.148(142.0) 17:+0.112(130.0) 18:-0.142(129.0) 19:-0.009(141.0) 20:-0.101(142.0) 21:-0.241(131.0) 22:+0.045(118.0) 23:-0.140(122.0) 24:-0.100(108.0) 25:-0.125(128.0) 26:-0.139(92.0),2015-01-06,2026-10-07,,893,-0.051268,620,-0.13091,2,-1.0695,-129.09,692.06,-89.521,571.17,-39.567,120.89,-89.755
dt,EURGBP,forex,False,ny_fx,M30,30,k=0.3,0.3,False,False,M15,3043,1741,0.57213,-0.04967,-3.8058,0.42275,-0.0084182,0.041252,1315,-0.038219,426,-0.085017,2024,-0.10056,0.16667,-0.037419,-0.025169,False,False,15:-0.012(130.0) 16:-0.049(141.0) 17:+0.009(135.0) 18:+0.020(148.0) 19:-0.059(161.0) 20:-0.062(150.0) 21:-0.094(144.0) 22:-0.007(142.0) 23:-0.078(164.0) 24:-0.101(154.0) 25:-0.071(154.0) 26:-0.083(118.0),2015-01-09,2026-10-01,0.0086157,,,,,,,-86.475,520.28,-50.258,377.79,-36.217,142.5,-65.147
dt,EURGBP,forex,False,ny_fx,M30,30,k=0.5,0.5,False,False,M15,3043,704,0.23135,-0.030063,-2.1483,0.40767,-0.0026482,0.027414,531,-0.018265,173,-0.066273,2024,-0.089733,0.25,-0.026127,-0.022192,False,False,15:-0.024(49.0) 16:-0.069(58.0) 17:+0.036(51.0) 18:+0.012(69.0) 19:-0.007(66.0) 20:-0.011(51.0) 21:-0.084(58.0) 22:+0.039(58.0) 23:-0.050(71.0) 24:-0.090(61.0) 25:-0.048(60.0) 26:-0.060(52.0),2015-01-15,2026-09-17,0,,,,,,,-21.164,97.549,-9.6989,67.491,-11.465,30.058,-18.394
dt,EURGBP,forex,False,ny_fx,M30,30,k=0.7,0.7,False,False,M15,3043,295,0.096944,-0.012056,-0.68075,0.4339,0.010184,0.02224,220,-0.00061698,75,-0.045609,2021,-0.090142,0.41667,-0.022799,-0.033543,True,False,15:+0.033(22.0) 16:-0.028(24.0) 17:+0.059(21.0) 18:-0.052(34.0) 19:+0.027(31.0) 20:+0.039(16.0) 21:-0.090(23.0) 22:+0.118(22.0) 23:-0.061(27.0) 24:-0.057(30.0) 25:-0.060(24.0) 26:-0.012(21.0),2015-01-15,2026-09-17,0,,,,,,,-3.5564,27.243,-0.13573,17.987,-3.4207,9.2559,-6.7258
rb,EURGBP,forex,False,ny_fx,M30,30,RB,0,False,False,M15,3043,1510,0.49622,-0.089671,-5.2193,0.41192,-0.036174,0.053497,1183,-0.080898,327,-0.12141,2021,-0.23406,0.16667,-0.057129,-0.024586,False,False,15:-0.051(131.0) 16:-0.162(142.0) 17:+0.110(130.0) 18:-0.154(129.0) 19:-0.043(141.0) 20:-0.115(141.0) 21:-0.234(131.0) 22:+0.054(117.0) 23:-0.115(121.0) 24:-0.103(108.0) 25:-0.125(127.0) 26:-0.138(92.0),2015-01-06,2026-10-07,,893,-0.054343,613,-0.13489,4,-1.0463,-135.4,684.72,-95.702,564.93,-39.701,119.79,-86.264
dt,EURGBP,forex,False,ny_fx,H1,60,k=0.3,0.3,False,False,M15,3043,1741,0.57213,-0.049754,-3.8135,0.42045,-0.0087573,0.040996,1315,-0.038379,426,-0.084866,2024,-0.10038,0.16667,-0.037741,-0.025729,False,False,15:-0.013(130.0) 16:-0.049(141.0) 17:+0.009(135.0) 18:+0.020(148.0) 19:-0.059(161.0) 20:-0.061(150.0) 21:-0.091(144.0) 22:-0.007(142.0) 23:-0.080(164.0) 24:-0.100(154.0) 25:-0.071(154.0) 26:-0.082(118.0),2015-01-09,2026-10-01,0.012636,,,,,,,-86.621,519.96,-50.468,377.55,-36.153,142.41,-65.708
dt,EURGBP,forex,False,ny_fx,H1,60,k=0.5,0.5,False,False,M15,3043,704,0.23135,-0.030285,-2.1641,0.40625,-0.0029884,0.027297,531,-0.018589,173,-0.066184,2024,-0.089452,0.25,-0.02601,-0.021734,False,False,15:-0.024(49.0) 16:-0.073(58.0) 17:+0.036(51.0) 18:+0.012(69.0) 19:-0.008(66.0) 20:-0.011(51.0) 21:-0.083(58.0) 22:+0.039(58.0) 23:-0.049(71.0) 24:-0.089(61.0) 25:-0.048(60.0) 26:-0.060(52.0),2015-01-15,2026-09-17,0.0014205,,,,,,,-21.321,97.572,-9.8709,67.497,-11.45,30.075,-18.311
dt,EURGBP,forex,False,ny_fx,H1,60,k=0.7,0.7,False,False,M15,3043,295,0.096944,-0.011924,-0.67349,0.4339,0.010184,0.022109,220,-0.00046828,75,-0.045529,2021,-0.087641,0.41667,-0.022668,-0.033412,True,False,15:+0.033(22.0) 16:-0.028(24.0) 17:+0.059(21.0) 18:-0.052(34.0) 19:+0.027(31.0) 20:+0.038(16.0) 21:-0.088(23.0) 22:+0.118(22.0) 23:-0.061(27.0) 24:-0.057(30.0) 25:-0.060(24.0) 26:-0.012(21.0),2015-01-15,2026-09-17,0,,,,,,,-3.5177,27.23,-0.10302,17.975,-3.4146,9.2553,-6.687
rb,EURGBP,forex,False,ny_fx,H1,60,RB,0,False,False,M15,3043,1491,0.48998,-0.089344,-5.2845,0.40912,-0.037006,0.052338,1166,-0.072495,325,-0.14979,2021,-0.26345,0.16667,-0.056503,-0.023663,False,False,15:-0.005(129.0) 16:-0.147(140.0) 17:+0.087(129.0) 18:-0.155(126.0) 19:-0.043(139.0) 20:-0.091(138.0) 21:-0.263(131.0) 22:+0.055(115.0) 23:-0.069(119.0) 24:-0.125(109.0) 25:-0.177(126.0) 26:-0.141(90.0),2015-01-06,2026-10-07,,893,-0.06353,595,-0.12318,3,-1.0617,-133.21,646.91,-84.529,536.6,-48.682,110.31,-84.246
dt,EURJPY,forex,False,london24,M15,15,k=0.3,0.3,False,False,M15,3045,2246,0.7376,0.0099184,0.69433,0.4724,0.036961,0.027042,1701,0.017836,545,-0.014794,2025,-0.055969,0.58333,-0.022165,-0.054248,True,False,15:+0.056(189.0) 16:-0.038(188.0) 17:+0.077(172.0) 18:+0.014(201.0) 19:-0.035(192.0) 20:+0.009(193.0) 21:-0.054(204.0) 22:+0.110(178.0) 23:+0.039(184.0) 24:-0.047(198.0) 25:-0.056(202.0) 26:+0.087(145.0),2015-01-09,2026-10-07,0.0066785,,,,,,,22.277,1029.1,30.339,682.49,-8.0627,346.63,-49.783
dt,EURJPY,forex,False,london24,M15,15,k=0.5,0.5,False,False,M15,3045,1050,0.34483,0.012182,0.83333,0.49619,0.030002,0.01782,806,0.01421,244,0.0054823,2025,-0.054265,0.5,-0.014949,-0.04208,True,False,15:+0.041(88.0) 16:-0.015(87.0) 17:+0.049(87.0) 18:+0.030(94.0) 19:-0.034(94.0) 20:+0.021(87.0) 21:-0.015(86.0) 22:+0.052(93.0) 23:-0.000(90.0) 24:-0.018(83.0) 25:-0.054(91.0) 26:+0.111(70.0),2015-01-14,2026-10-07,0.0038095,,,,,,,12.791,235.53,11.453,145.16,1.3377,90.375,-15.697
dt,EURJPY,forex,False,london24,M15,15,k=0.7,0.7,False,False,M15,3045,532,0.17471,0.020018,1.2272,0.48872,0.034196,0.014178,414,0.015602,118,0.035509,2025,-0.078028,0.66667,-0.0098344,-0.039686,True,False,15:+0.040(46.0) 16:-0.012(52.0) 17:+0.044(42.0) 18:+0.019(40.0) 19:+0.026(47.0) 20:-0.018(50.0) 21:-0.046(46.0) 22:+0.068(46.0) 23:+0.028(45.0) 24:+0.021(38.0) 25:-0.078(46.0) 26:+0.206(34.0),2015-01-14,2026-10-07,0.0018797,,,,,,,10.649,75.381,6.4593,40.706,4.1901,34.674,-5.2319
rb,EURJPY,forex,False,london24,M15,15,RB,0,False,False,M15,3045,938,0.30805,-0.0046566,-0.16171,0.4403,0.030342,0.034998,725,0.029656,213,-0.12145,2024,-0.21763,0.66667,-0.020583,-0.03651,True,False,15:-0.099(81.0) 16:+0.016(96.0) 17:+0.032(86.0) 18:+0.010(73.0) 19:+0.030(97.0) 20:+0.018(81.0) 21:-0.042(63.0) 22:+0.217(75.0) 23:+0.090(73.0) 24:-0.218(82.0) 25:-0.142(76.0) 26:+0.050(55.0),2015-01-13,2026-09-30,,482,-0.0077603,455,0.00092122,1,-1.0466,-4.3679,728.81,21.5,596.1,-25.868,132.71,-19.307
dt,EURJPY,forex,False,london24,M30,30,k=0.3,0.3,False,False,M15,3045,2245,0.73727,0.010562,0.73971,0.47394,0.037261,0.026699,1700,0.018728,545,-0.014908,2025,-0.055779,0.58333,-0.021963,-0.054488,True,False,15:+0.061(188.0) 16:-0.037(188.0) 17:+0.077(172.0) 18:+0.015(201.0) 19:-0.035(192.0) 20:+0.012(193.0) 21:-0.053(204.0) 22:+0.107(178.0) 23:+0.039(184.0) 24:-0.047(198.0) 25:-0.056(202.0) 26:+0.086(145.0),2015-01-09,2026-10-07,0.0089087,,,,,,,23.712,1027.4,31.838,680.52,-8.125,346.9,-49.307
dt,EURJPY,forex,False,london24,M30,30,k=0.5,0.5,False,False,M15,3045,1049,0.3445,0.012971,0.88902,0.49666,0.030852,0.017881,805,0.01522,244,0.0055507,2025,-0.054201,0.5,-0.015139,-0.043249,True,False,15:+0.053(87.0) 16:-0.015(87.0) 17:+0.049(87.0) 18:+0.030(94.0) 19:-0.034(94.0) 20:+0.019(87.0) 21:-0.015(86.0) 22:+0.050(93.0) 23:-0.000(90.0) 24:-0.018(83.0) 25:-0.054(91.0) 26:+0.112(70.0),2015-01-14,2026-10-07,0.0047664,,,,,,,13.607,234.21,12.252,143.8,1.3544,90.409,-15.881
dt,EURJPY,forex,False,london24,M30,30,k=0.7,0.7,False,False,M15,3045,532,0.17471,0.020265,1.2429,0.4906,0.034196,0.013931,414,0.015912,118,0.035539,2025,-0.078022,0.66667,-0.0095866,-0.039438,True,False,15:+0.040(46.0) 16:-0.012(52.0) 17:+0.044(42.0) 18:+0.019(40.0) 19:+0.026(47.0) 20:-0.015(50.0) 21:-0.045(46.0) 22:+0.068(46.0) 23:+0.028(45.0) 24:+0.021(38.0) 25:-0.078(46.0) 26:+0.206(34.0),2015-01-14,2026-10-07,0.0037594,,,,,,,10.781,75.319,6.5876,40.652,4.1936,34.667,-5.1001
rb,EURJPY,forex,False,london24,M30,30,RB,0,False,False,M15,3045,937,0.30772,-0.012684,-0.44534,0.43863,0.022335,0.035018,724,0.019314,213,-0.12144,2024,-0.21779,0.58333,-0.023911,-0.035139,True,False,15:-0.104(80.0) 16:+0.016(96.0) 17:+0.005(86.0) 18:-0.021(73.0) 19:+0.029(97.0) 20:+0.007(81.0) 21:-0.046(63.0) 22:+0.217(75.0) 23:+0.070(73.0) 24:-0.218(82.0) 25:-0.142(76.0) 26:+0.051(55.0),2015-01-13,2026-09-30,,482,-0.011064,454,-0.012126,1,-1.0466,-11.885,711.55,13.983,578.8,-25.868,132.75,-22.405
dt,EURJPY,forex,False,london24,H1,60,k=0.3,0.3,False,True,M15,3045,2194,0.72053,0.015092,1.034,0.47174,0.041577,0.026485,1663,0.020746,531,-0.0026157,2025,-0.04266,0.58333,-0.019909,-0.05491,True,False,15:+0.052(184.0) 16:-0.016(181.0) 17:+0.069(169.0) 18:+0.013(197.0) 19:-0.037(190.0) 20:+0.006(190.0) 21:-0.034(200.0) 22:+0.109(171.0) 23:+0.041(181.0) 24:-0.039(193.0) 25:-0.043(197.0) 26:+0.102(141.0),2015-01-09,2026-10-07,0.013674,,,,,,,33.111,1025.5,34.5,652.14,-1.389,373.36,-43.681
dt,EURJPY,forex,False,london24,H1,60,k=0.5,0.5,False,True,M15,3045,1021,0.3353,0.018217,1.2073,0.4907,0.035997,0.01778,783,0.018642,238,0.016818,2025,-0.046246,0.75,-0.014244,-0.046706,True,False,15:+0.040(83.0) 16:+0.002(85.0) 17:+0.031(84.0) 18:+0.025(89.0) 19:-0.030(91.0) 20:+0.029(87.0) 21:+0.006(86.0) 22:+0.059(88.0) 23:+0.010(90.0) 24:-0.006(82.0) 25:-0.046(89.0) 26:+0.128(67.0),2015-01-14,2026-10-07,0.0048972,,,,,,,18.6,237.46,14.597,137.38,4.0027,100.09,-14.543
dt,EURJPY,forex,False,london24,H1,60,k=0.7,0.7,False,True,M15,3045,508,0.16683,0.030407,1.7676,0.51181,0.044255,0.013848,397,0.022763,111,0.05775,2025,-0.066969,0.75,-0.0091754,-0.048758,True,False,15:+0.024(46.0) 16:+0.006(52.0) 17:+0.024(39.0) 18:+0.031(38.0) 19:+0.053(44.0) 20:-0.003(47.0) 21:-0.029(44.0) 22:+0.074(43.0) 23:+0.032(44.0) 24:+0.041(37.0) 25:-0.067(45.0) 26:+0.273(29.0),2015-01-14,2026-10-07,0.003937,,,,,,,15.447,76.688,9.0368,37.596,6.4102,39.093,-4.6611
rb,EURJPY,forex,False,london24,H1,60,RB,0,False,True,M15,3045,893,0.29327,-0.032171,-1.0998,0.44233,0.0024523,0.034623,693,-0.00090095,200,-0.14052,2024,-0.22435,0.33333,-0.026607,-0.021044,False,False,15:-0.091(78.0) 16:+0.032(91.0) 17:-0.058(83.0) 18:-0.025(71.0) 19:+0.034(89.0) 20:-0.033(79.0) 21:-0.029(59.0) 22:+0.119(72.0) 23:+0.040(71.0) 24:-0.224(78.0) 25:-0.145(68.0) 26:-0.014(54.0),2015-01-13,2026-09-30,,460,-0.021152,430,-0.037002,3,-1.0294,-28.729,682.53,-0.62436,554.1,-28.105,128.43,-23.76
dt,EURJPY,forex,False,ny_fx,M15,15,k=0.3,0.3,False,False,M15,3043,1559,0.51232,-0.026539,-1.9026,0.44516,0.0077056,0.034245,1215,-0.036215,344,0.0076367,2021,-0.093553,0.33333,-0.032976,-0.039412,True,False,15:-0.023(146.0) 16:-0.049(127.0) 17:+0.020(127.0) 18:-0.069(138.0) 19:+0.018(142.0) 20:-0.041(140.0) 21:-0.094(136.0) 22:-0.021(123.0) 23:-0.065(136.0) 24:+0.004(134.0) 25:-0.029(129.0) 26:+0.071(81.0),2015-01-09,2026-10-08,0.0044901,,,,,,,-41.374,473.71,-44.001,344.88,2.627,128.84,-51.409
dt,EURJPY,forex,False,ny_fx,M15,15,k=0.5,0.5,False,False,M15,3043,607,0.19947,-0.0083437,-0.53699,0.4514,0.015648,0.023991,486,-0.029556,121,0.076856,2021,-0.094057,0.41667,-0.022431,-0.036519,True,False,15:+0.016(57.0) 16:-0.020(45.0) 17:-0.000(51.0) 18:-0.088(55.0) 19:-0.022(69.0) 20:-0.026(58.0) 21:-0.094(60.0) 22:-0.043(50.0) 23:+0.030(41.0) 24:+0.103(37.0) 25:+0.009(48.0) 26:+0.141(36.0),2015-01-12,2026-10-01,0,,,,,,,-5.0646,88.85,-14.364,63.724,9.2996,25.126,-13.616
dt,EURJPY,forex,False,ny_fx,M15,15,k=0.7,0.7,False,False,M15,3043,260,0.085442,0.0072035,0.38,0.44615,0.024458,0.017255,199,-0.013135,61,0.073555,2022,-0.072955,0.5,-0.017329,-0.041862,True,False,15:+0.040(23.0) 16:-0.061(18.0) 17:+0.046(17.0) 18:+0.025(17.0) 19:+0.013(28.0) 20:-0.008(25.0) 21:-0.057(26.0) 22:-0.073(25.0) 23:-0.025(20.0) 24:+0.113(19.0) 25:-0.023(20.0) 26:+0.127(22.0),2015-01-13,2026-10-01,0,,,,,,,1.8729,24.212,-2.614,16.066,4.4869,8.1468,-4.5056
rb,EURJPY,forex,False,ny_fx,M15,15,RB,0,False,False,M15,3043,1583,0.52021,-0.061925,-3.8832,0.43209,-0.016792,0.045132,1199,-0.046166,384,-0.11113,2025,-0.15151,0.083333,-0.048611,-0.035297,False,False,15:-0.063(120.0) 16:-0.071(138.0) 17:+0.027(133.0) 18:-0.095(145.0) 19:-0.013(144.0) 20:-0.017(127.0) 21:-0.060(120.0) 22:-0.012(144.0) 23:-0.114(128.0) 24:-0.084(145.0) 25:-0.152(132.0) 26:-0.098(107.0),2015-01-05,2026-10-08,,998,-0.022378,584,-0.12779,1,-1.0624,-98.027,642.92,-55.353,515.08,-42.673,127.84,-76.951
dt,EURJPY,forex,False,ny_fx,M30,30,k=0.3,0.3,False,False,M15,3043,1558,0.51199,-0.025535,-1.8316,0.44544,0.0085242,0.034059,1214,-0.034945,344,0.007672,2021,-0.092856,0.33333,-0.032789,-0.040044,True,False,15:-0.021(146.0) 16:-0.041(126.0) 17:+0.020(127.0) 18:-0.069(138.0) 19:+0.018(142.0) 20:-0.039(140.0) 21:-0.093(136.0) 22:-0.021(123.0) 23:-0.065(136.0) 24:+0.005(134.0) 25:-0.029(129.0) 26:+0.071(81.0),2015-01-09,2026-10-08,0.0064185,,,,,,,-39.784,472.52,-42.423,343.7,2.6392,128.82,-51.086
dt,EURJPY,forex,False,ny_fx,M30,30,k=0.5,0.5,False,False,M15,3043,607,0.19947,-0.0083677,-0.53923,0.44975,0.015648,0.024016,486,-0.029596,121,0.076894,2021,-0.094196,0.41667,-0.022455,-0.036543,True,False,15:+0.016(57.0) 16:-0.020(45.0) 17:-0.000(51.0) 18:-0.088(55.0) 19:-0.022(69.0) 20:-0.026(58.0) 21:-0.094(60.0) 22:-0.043(50.0) 23:+0.030(41.0) 24:+0.103(37.0) 25:+0.009(48.0) 26:+0.141(36.0),2015-01-12,2026-10-01,0,,,,,,,-5.0792,88.62,-14.383,63.508,9.3042,25.113,-13.63
dt,EURJPY,forex,False,ny_fx,M30,30,k=0.7,0.7,False,False,M15,3043,260,0.085442,0.0072895,0.38474,0.44615,0.024458,0.017169,199,-0.013018,61,0.073537,2022,-0.072955,0.5,-0.017243,-0.041776,True,False,15:+0.040(23.0) 16:-0.061(18.0) 17:+0.046(17.0) 18:+0.025(17.0) 19:+0.013(28.0) 20:-0.008(25.0) 21:-0.056(26.0) 22:-0.073(25.0) 23:-0.025(20.0) 24:+0.113(19.0) 25:-0.023(20.0) 26:+0.127(22.0),2015-01-13,2026-10-01,0,,,,,,,1.8953,24.187,-2.5905,16.046,4.4858,8.141,-4.4833
rb,EURJPY,forex,False,ny_fx,M30,30,RB,0,False,False,M15,3043,1577,0.51824,-0.067583,-3.9489,0.42866,-0.023196,0.044387,1193,-0.058119,384,-0.096986,2025,-0.17056,0.083333,-0.048047,-0.02851,False,False,15:-0.081(119.0) 16:-0.065(136.0) 17:+0.030(132.0) 18:-0.120(144.0) 19:-0.050(143.0) 20:-0.022(127.0) 21:-0.067(120.0) 22:-0.022(144.0) 23:-0.129(128.0) 24:-0.014(145.0) 25:-0.171(132.0) 26:-0.119(107.0),2015-01-05,2026-10-08,,997,-0.025291,579,-0.13869,1,-1.0624,-106.58,735.19,-69.336,495.37,-37.243,239.82,-75.77
dt,EURJPY,forex,False,ny_fx,H1,60,k=0.3,0.3,False,False,M15,3043,1556,0.51134,-0.025907,-1.879,0.44473,0.0076363,0.033543,1213,-0.035423,343,0.007747,2021,-0.09901,0.25,-0.032919,-0.039931,True,False,15:-0.022(146.0) 16:-0.034(125.0) 17:+0.020(127.0) 18:-0.067(138.0) 19:+0.009(142.0) 20:-0.036(140.0) 21:-0.099(136.0) 22:-0.022(123.0) 23:-0.066(136.0) 24:-0.000(134.0) 25:-0.029(129.0) 26:+0.080(80.0),2015-01-09,2026-10-08,0.014139,,,,,,,-40.311,461,-42.969,335.44,2.6572,125.56,-51.222
dt,EURJPY,forex,False,ny_fx,H1,60,k=0.5,0.5,False,False,M15,3043,607,0.19947,-0.0080394,-0.51792,0.4514,0.015648,0.023687,486,-0.02921,121,0.076994,2021,-0.091737,0.41667,-0.022127,-0.036215,True,False,15:+0.016(57.0) 16:-0.020(45.0) 17:-0.000(51.0) 18:-0.088(55.0) 19:-0.022(69.0) 20:-0.025(58.0) 21:-0.092(60.0) 22:-0.043(50.0) 23:+0.030(41.0) 24:+0.103(37.0) 25:+0.009(48.0) 26:+0.141(36.0),2015-01-12,2026-10-01,0,,,,,,,-4.8799,88.669,-14.196,63.559,9.3163,25.111,-13.431
dt,EURJPY,forex,False,ny_fx,H1,60,k=0.7,0.7,False,False,M15,3043,260,0.085442,0.0077844,0.41074,0.44615,0.024458,0.016674,199,-0.012385,61,0.073583,2022,-0.072961,0.5,-0.016748,-0.041281,True,False,15:+0.040(23.0) 16:-0.061(18.0) 17:+0.046(17.0) 18:+0.025(17.0) 19:+0.013(28.0) 20:-0.007(25.0) 21:-0.053(26.0) 22:-0.073(25.0) 23:-0.025(20.0) 24:+0.113(19.0) 25:-0.023(20.0) 26:+0.127(22.0),2015-01-13,2026-10-01,0,,,,,,,2.024,24.204,-2.4646,16.064,4.4886,8.1397,-4.3546
rb,EURJPY,forex,False,ny_fx,H1,60,RB,0,False,False,M15,3043,1558,0.51199,-0.075381,-4.7837,0.42875,-0.032426,0.042955,1179,-0.062385,379,-0.11581,2025,-0.15778,0,-0.05047,-0.025559,False,False,15:-0.116(115.0) 16:-0.071(134.0) 17:-0.007(131.0) 18:-0.097(142.0) 19:-0.039(141.0) 20:-0.041(126.0) 21:-0.049(119.0) 22:-0.031(143.0) 23:-0.118(128.0) 24:-0.094(144.0) 25:-0.158(129.0) 26:-0.095(106.0),2015-01-05,2026-10-08,,997,-0.039104,558,-0.13465,3,-1.1082,-117.44,611.22,-73.552,479.37,-43.892,131.84,-78.632
dt,EURNZD,forex,False,london24,M15,15,k=0.3,0.3,False,False,M15,3046,2350,0.7715,-0.033374,-2.7145,0.45021,0.0078788,0.041253,1795,-0.036697,555,-0.022626,2016,-0.12405,0.33333,-0.04503,-0.056686,True,False,15:-0.026(192.0) 16:-0.124(202.0) 17:+0.009(184.0) 18:-0.048(193.0) 19:-0.083(199.0) 20:+0.019(199.0) 21:+0.032(195.0) 22:-0.053(215.0) 23:-0.048(216.0) 24:+0.010(192.0) 25:-0.039(200.0) 26:-0.041(163.0),2015-01-14,2026-10-07,0.0046809,,,,,,,-78.429,837.07,-65.871,630.98,-12.558,206.08,-105.82
dt,EURNZD,forex,False,london24,M15,15,k=0.5,0.5,False,False,M15,3046,1108,0.36376,-0.027861,-2.4032,0.43592,-0.0017364,0.026125,827,-0.024049,281,-0.039081,2016,-0.065875,0.16667,-0.027812,-0.027762,False,False,15:+0.004(84.0) 16:-0.066(87.0) 17:-0.035(93.0) 18:-0.051(94.0) 19:-0.045(81.0) 20:-0.002(93.0) 21:+0.046(95.0) 22:-0.055(101.0) 23:-0.015(99.0) 24:-0.016(98.0) 25:-0.050(100.0) 26:-0.054(83.0),2015-01-14,2026-10-07,0,,,,,,,-30.87,165.71,-19.889,120.31,-10.982,45.401,-30.815
dt,EURNZD,forex,False,london24,M15,15,k=0.7,0.7,False,False,M15,3046,508,0.16678,-0.023077,-1.6581,0.42913,-0.0018712,0.021205,394,-0.029273,114,-0.0016608,2016,-0.099939,0.16667,-0.024615,-0.026153,True,False,15:+0.061(38.0) 16:-0.100(46.0) 17:-0.002(39.0) 18:-0.049(44.0) 19:-0.033(43.0) 20:-0.046(44.0) 21:-0.003(54.0) 22:-0.045(42.0) 23:-0.035(44.0) 24:-0.001(42.0) 25:-0.008(43.0) 26:+0.007(29.0),2015-01-15,2026-10-02,0,,,,,,,-11.723,50.156,-11.534,37.493,-0.18934,12.663,-12.504
rb,EURNZD,forex,False,london24,M15,15,RB,0,False,False,M15,3046,907,0.29777,-0.044663,-1.6959,0.40794,0.015292,0.059954,688,-0.033648,219,-0.079267,2024,-0.21896,0.41667,-0.048035,-0.051407,True,False,15:-0.184(95.0) 16:-0.201(100.0) 17:-0.115(74.0) 18:+0.050(66.0) 19:-0.136(67.0) 20:+0.243(78.0) 21:+0.060(67.0) 22:-0.023(70.0) 23:+0.103(71.0) 24:-0.219(82.0) 25:-0.065(84.0) 26:+0.114(53.0),2015-01-08,2026-10-07,,445,-0.077315,461,-0.010963,1,-1.0499,-40.509,571.77,-23.15,431.83,-17.36,139.95,-43.567
dt,EURNZD,forex,False,london24,M30,30,k=0.3,0.3,False,False,M15,3046,2348,0.77085,-0.033139,-2.6967,0.4506,0.0084132,0.041553,1793,-0.036123,555,-0.023499,2016,-0.12013,0.33333,-0.045104,-0.057069,True,False,15:-0.027(192.0) 16:-0.120(201.0) 17:+0.008(184.0) 18:-0.049(193.0) 19:-0.084(199.0) 20:+0.023(198.0) 21:+0.033(195.0) 22:-0.053(215.0) 23:-0.048(216.0) 24:+0.010(192.0) 25:-0.039(200.0) 26:-0.044(163.0),2015-01-14,2026-10-07,0.0068143,,,,,,,-77.811,834.79,-64.769,629.27,-13.042,205.52,-105.9
dt,EURNZD,forex,False,london24,M30,30,k=0.5,0.5,False,False,M15,3046,1108,0.36376,-0.027926,-2.4093,0.43592,-0.0016934,0.026232,827,-0.02416,281,-0.039009,2016,-0.066537,0.16667,-0.027919,-0.027912,False,False,15:+0.004(84.0) 16:-0.067(87.0) 17:-0.035(93.0) 18:-0.052(94.0) 19:-0.046(81.0) 20:-0.001(93.0) 21:+0.046(95.0) 22:-0.055(101.0) 23:-0.015(99.0) 24:-0.015(98.0) 25:-0.050(100.0) 26:-0.054(83.0),2015-01-14,2026-10-07,0.00090253,,,,,,,-30.942,165.65,-19.98,120.23,-10.962,45.417,-30.934
dt,EURNZD,forex,False,london24,M30,30,k=0.7,0.7,False,False,M15,3046,508,0.16678,-0.023126,-1.6617,0.42913,-0.0018712,0.021254,394,-0.029359,114,-0.0015829,2016,-0.099971,0.16667,-0.024664,-0.026202,True,False,15:+0.061(38.0) 16:-0.100(46.0) 17:-0.002(39.0) 18:-0.049(44.0) 19:-0.033(43.0) 20:-0.046(44.0) 21:-0.003(54.0) 22:-0.045(42.0) 23:-0.035(44.0) 24:-0.000(42.0) 25:-0.008(43.0) 26:+0.007(29.0),2015-01-15,2026-10-02,0,,,,,,,-11.748,50.152,-11.567,37.479,-0.18045,12.674,-12.529
rb,EURNZD,forex,False,london24,M30,30,RB,0,False,False,M15,3046,904,0.29678,-0.050184,-1.9248,0.40597,0.010133,0.060317,686,-0.039593,218,-0.08351,2024,-0.22019,0.41667,-0.052387,-0.05459,True,False,15:-0.187(94.0) 16:-0.195(100.0) 17:-0.124(74.0) 18:+0.006(65.0) 19:-0.137(67.0) 20:+0.240(78.0) 21:+0.055(67.0) 22:-0.025(70.0) 23:+0.103(71.0) 24:-0.220(82.0) 25:-0.078(84.0) 26:+0.123(52.0),2015-01-08,2026-10-07,,444,-0.077014,458,-0.019738,2,-1.0658,-45.366,557.15,-27.161,421.62,-18.205,135.53,-47.358
dt,EURNZD,forex,False,london24,H1,60,k=0.3,0.3,False,True,M15,3046,2298,0.75443,-0.036796,-2.9522,0.44952,0.0049831,0.04178,1755,-0.03834,543,-0.031806,2016,-0.10445,0.33333,-0.045272,-0.053748,True,False,15:-0.023(188.0) 16:-0.104(190.0) 17:+0.011(180.0) 18:-0.067(192.0) 19:-0.094(194.0) 20:+0.003(196.0) 21:+0.031(193.0) 22:-0.058(209.0) 23:-0.040(213.0) 24:+0.006(189.0) 25:-0.058(194.0) 26:-0.045(160.0),2015-01-14,2026-10-07,0.010009,,,,,,,-84.558,823.13,-67.287,630.81,-17.271,192.32,-104.04
dt,EURNZD,forex,False,london24,H1,60,k=0.5,0.5,False,True,M15,3046,1079,0.35424,-0.027313,-2.3657,0.42261,-0.00074916,0.026564,805,-0.021839,274,-0.043396,2025,-0.0649,0.25,-0.027933,-0.028554,True,False,15:+0.007(82.0) 16:-0.048(86.0) 17:-0.030(91.0) 18:-0.061(90.0) 19:-0.053(80.0) 20:+0.007(90.0) 21:+0.039(95.0) 22:-0.052(95.0) 23:-0.011(96.0) 24:-0.009(97.0) 25:-0.065(97.0) 26:-0.059(80.0),2015-01-14,2026-10-07,0.00092678,,,,,,,-29.471,155.85,-17.58,114.32,-11.89,41.525,-30.14
dt,EURNZD,forex,False,london24,H1,60,k=0.7,0.7,False,True,M15,3046,498,0.16349,-0.022593,-1.655,0.41566,-0.0011505,0.021443,388,-0.02637,110,-0.0092711,2016,-0.083496,0.25,-0.025272,-0.02795,True,False,15:+0.063(38.0) 16:-0.083(45.0) 17:-0.001(38.0) 18:-0.061(42.0) 19:-0.047(43.0) 20:-0.042(44.0) 21:-0.002(54.0) 22:-0.038(42.0) 23:-0.017(42.0) 24:+0.000(40.0) 25:-0.028(41.0) 26:+0.004(29.0),2015-01-15,2026-10-02,0,,,,,,,-11.251,46.379,-10.232,34.848,-1.0198,11.531,-12.585
rb,EURNZD,forex,False,london24,H1,60,RB,0,False,True,M15,3046,875,0.28726,-0.054145,-2.0591,0.40914,0.0056771,0.059822,664,-0.047106,211,-0.076297,2024,-0.22598,0.41667,-0.05302,-0.051895,False,False,15:-0.181(86.0) 16:-0.165(96.0) 17:-0.187(72.0) 18:+0.026(64.0) 19:-0.146(66.0) 20:+0.222(76.0) 21:+0.076(65.0) 22:-0.081(68.0) 23:+0.074(71.0) 24:-0.226(78.0) 25:-0.101(83.0) 26:+0.197(50.0),2015-01-08,2026-10-07,,435,-0.076452,438,-0.027264,2,-1.0894,-47.377,531.34,-31.279,400.82,-16.099,130.53,-46.393
dt,EURNZD,forex,False,ny_fx,M15,15,k=0.3,0.3,False,False,M15,3042,1583,0.52038,-0.088602,-6.9025,0.37966,-0.038233,0.050369,1193,-0.082062,390,-0.10861,2016,-0.16722,0,-0.047757,-0.0069107,False,False,15:-0.064(126.0) 16:-0.167(144.0) 17:-0.113(117.0) 18:-0.135(129.0) 19:-0.092(118.0) 20:-0.080(129.0) 21:-0.040(159.0) 22:-0.009(140.0) 23:-0.048(131.0) 24:-0.118(141.0) 25:-0.072(140.0) 26:-0.143(109.0),2015-01-13,2026-10-02,0.012003,,,,,,,-140.26,425.06,-97.9,332.63,-42.357,92.43,-75.599
dt,EURNZD,forex,False,ny_fx,M15,15,k=0.5,0.5,False,False,M15,3042,583,0.19165,-0.056969,-3.8265,0.37736,-0.024687,0.032282,452,-0.056951,131,-0.057033,2017,-0.12375,0.16667,-0.032685,-0.008401,False,False,15:-0.051(56.0) 16:-0.048(47.0) 17:-0.124(44.0) 18:-0.095(44.0) 19:-0.037(41.0) 20:-0.096(50.0) 21:-0.041(57.0) 22:+0.019(59.0) 23:-0.063(54.0) 24:+0.003(43.0) 25:-0.082(53.0) 26:-0.093(35.0),2015-01-21,2026-10-02,0.0051458,,,,,,,-33.213,77.103,-25.742,63.826,-7.4713,13.278,-19.055
dt,EURNZD,forex,False,ny_fx,M15,15,k=0.7,0.7,False,False,M15,3042,205,0.06739,-0.0057998,-0.28934,0.44878,0.020176,0.025976,154,0.0081578,51,-0.047946,2026,-0.12422,0.33333,-0.026231,-0.046662,True,False,15:+0.051(17.0) 16:+0.086(15.0) 17:-0.036(10.0) 18:-0.055(17.0) 19:-0.021(21.0) 20:-0.085(14.0) 21:+0.036(22.0) 22:+0.091(21.0) 23:-0.039(17.0) 24:-0.019(20.0) 25:-0.012(16.0) 26:-0.124(15.0),2015-01-21,2026-10-02,0,,,,,,,-1.189,16.81,1.2563,13.334,-2.4453,3.4763,-5.3773
rb,EURNZD,forex,False,ny_fx,M15,15,RB,0,False,False,M15,3042,1630,0.53583,-0.10949,-7.2361,0.39448,-0.041677,0.067809,1250,-0.12014,380,-0.074429,2019,-0.21665,0.083333,-0.072264,-0.035041,False,False,15:-0.066(133.0) 16:-0.202(146.0) 17:-0.129(143.0) 18:-0.213(143.0) 19:-0.217(138.0) 20:-0.066(138.0) 21:+0.005(119.0) 22:-0.127(149.0) 23:-0.040(141.0) 24:-0.040(140.0) 25:-0.095(142.0) 26:-0.093(98.0),2015-01-05,2026-10-02,,1037,-0.071399,585,-0.16156,8,-1.2385,-178.46,627.42,-150.18,476.53,-28.283,150.9,-117.79
dt,EURNZD,forex,False,ny_fx,M30,30,k=0.3,0.3,False,False,M15,3042,1582,0.52005,-0.088944,-6.9295,0.38116,-0.038324,0.05062,1192,-0.082158,390,-0.10968,2016,-0.16772,0,-0.048142,-0.0073399,False,False,15:-0.066(126.0) 16:-0.168(144.0) 17:-0.113(117.0) 18:-0.137(129.0) 19:-0.094(118.0) 20:-0.071(128.0) 21:-0.042(159.0) 22:-0.009(140.0) 23:-0.049(131.0) 24:-0.121(141.0) 25:-0.072(140.0) 26:-0.143(109.0),2015-01-13,2026-10-02,0.015171,,,,,,,-140.71,424.58,-97.932,333.07,-42.777,91.503,-76.16
dt,EURNZD,forex,False,ny_fx,M30,30,k=0.5,0.5,False,False,M15,3042,582,0.19132,-0.057441,-3.8449,0.37801,-0.024529,0.032912,451,-0.057549,131,-0.05707,2017,-0.12366,0.16667,-0.033315,-0.0091901,False,False,15:-0.049(55.0) 16:-0.049(47.0) 17:-0.124(44.0) 18:-0.098(44.0) 19:-0.039(41.0) 20:-0.099(50.0) 21:-0.043(57.0) 22:+0.019(59.0) 23:-0.063(54.0) 24:+0.003(43.0) 25:-0.082(53.0) 26:-0.093(35.0),2015-01-21,2026-10-02,0.0068729,,,,,,,-33.431,77.391,-25.954,64.119,-7.4762,13.272,-19.39
dt,EURNZD,forex,False,ny_fx,M30,30,k=0.7,0.7,False,False,M15,3042,205,0.06739,-0.0060459,-0.30138,0.44878,0.020176,0.026222,154,0.0077937,51,-0.047836,2026,-0.12425,0.33333,-0.026477,-0.046908,True,False,15:+0.050(17.0) 16:+0.086(15.0) 17:-0.036(10.0) 18:-0.057(17.0) 19:-0.021(21.0) 20:-0.085(14.0) 21:+0.036(22.0) 22:+0.091(21.0) 23:-0.039(17.0) 24:-0.019(20.0) 25:-0.012(16.0) 26:-0.124(15.0),2015-01-21,2026-10-02,0,,,,,,,-1.2394,16.837,1.2002,13.357,-2.4396,3.4806,-5.4278
rb,EURNZD,forex,False,ny_fx,M30,30,RB,0,False,False,M15,3042,1625,0.53419,-0.11889,-7.9721,0.39446,-0.051667,0.067219,1246,-0.13152,379,-0.077347,2019,-0.24655,0,-0.071926,-0.024967,False,False,15:-0.095(133.0) 16:-0.223(146.0) 17:-0.134(142.0) 18:-0.235(143.0) 19:-0.247(138.0) 20:-0.062(137.0) 21:-0.018(119.0) 22:-0.115(148.0) 23:-0.030(140.0) 24:-0.056(140.0) 25:-0.086(141.0) 26:-0.095(98.0),2015-01-05,2026-10-02,,1034,-0.073758,581,-0.18109,10,-1.1712,-193.19,609.84,-163.87,471.5,-29.315,138.34,-116.88
dt,EURNZD,forex,False,ny_fx,H1,60,k=0.3,0.3,False,False,M15,3042,1578,0.51874,-0.089282,-6.9695,0.37706,-0.038434,0.050848,1190,-0.083054,388,-0.10838,2016,-0.16906,0,-0.048359,-0.0074354,False,False,15:-0.067(124.0) 16:-0.169(144.0) 17:-0.113(117.0) 18:-0.138(129.0) 19:-0.094(118.0) 20:-0.070(128.0) 21:-0.043(159.0) 22:-0.012(140.0) 23:-0.050(131.0) 24:-0.115(140.0) 25:-0.072(140.0) 26:-0.147(108.0),2015-01-13,2026-10-02,0.020279,,,,,,,-140.89,420.96,-98.834,331.46,-42.053,89.498,-76.31
dt,EURNZD,forex,False,ny_fx,H1,60,k=0.5,0.5,False,False,M15,3042,581,0.19099,-0.055637,-3.7493,0.37866,-0.022778,0.03286,450,-0.055236,131,-0.057016,2017,-0.12371,0.16667,-0.033264,-0.01089,False,False,15:-0.050(55.0) 16:-0.049(47.0) 17:-0.124(44.0) 18:-0.098(44.0) 19:-0.011(40.0) 20:-0.099(50.0) 21:-0.042(57.0) 22:+0.019(59.0) 23:-0.063(54.0) 24:+0.003(43.0) 25:-0.082(53.0) 26:-0.093(35.0),2015-01-21,2026-10-02,0.0068847,,,,,,,-32.325,76.005,-24.856,62.723,-7.4691,13.282,-19.326
dt,EURNZD,forex,False,ny_fx,H1,60,k=0.7,0.7,False,False,M15,3042,205,0.06739,-0.0062366,-0.3109,0.45854,0.020176,0.026413,154,0.0074862,51,-0.047674,2026,-0.12377,0.33333,-0.026668,-0.047099,True,False,15:+0.049(17.0) 16:+0.086(15.0) 17:-0.036(10.0) 18:-0.058(17.0) 19:-0.022(21.0) 20:-0.085(14.0) 21:+0.036(22.0) 22:+0.090(21.0) 23:-0.039(17.0) 24:-0.019(20.0) 25:-0.012(16.0) 26:-0.124(15.0),2015-01-21,2026-10-02,0,,,,,,,-1.2785,16.836,1.1529,13.36,-2.4314,3.4761,-5.4669
rb,EURNZD,forex,False,ny_fx,H1,60,RB,0,False,False,M15,3042,1600,0.52597,-0.12178,-8.2157,0.39,-0.056859,0.064917,1227,-0.13512,373,-0.077868,2016,-0.25027,0,-0.071498,-0.02122,False,False,15:-0.073(130.0) 16:-0.250(146.0) 17:-0.121(142.0) 18:-0.211(140.0) 19:-0.225(135.0) 20:-0.075(137.0) 21:-0.020(116.0) 22:-0.125(142.0) 23:-0.088(139.0) 24:-0.054(138.0) 25:-0.094(140.0) 26:-0.088(95.0),2015-01-05,2026-10-02,,1032,-0.082418,563,-0.18474,5,-1.1558,-194.84,585.82,-165.8,456.17,-29.045,129.64,-114.4
dt,EURUSD,forex,False,london24,M15,15,k=0.3,0.3,False,False,M15,3045,2276,0.74745,-0.024487,-1.8463,0.46046,0.0040217,0.028508,1728,-0.03316,548,0.0028631,2020,-0.12079,0.33333,-0.027607,-0.030727,True,False,15:+0.046(189.0) 16:-0.067(187.0) 17:+0.027(174.0) 18:-0.052(206.0) 19:-0.005(173.0) 20:-0.121(210.0) 21:-0.067(183.0) 22:-0.034(210.0) 23:-0.008(196.0) 24:+0.008(198.0) 25:-0.012(204.0) 26:+0.016(146.0),2015-01-09,2026-10-07,0.0092267,,,,,,,-55.732,912.16,-57.301,696.08,1.569,216.08,-62.833
dt,EURUSD,forex,False,london24,M15,15,k=0.5,0.5,False,False,M15,3045,1068,0.35074,-0.025048,-1.861,0.45599,-0.0053828,0.019665,803,-0.023708,265,-0.029108,2021,-0.11634,0.33333,-0.018744,-0.01244,False,False,15:+0.117(77.0) 16:-0.077(92.0) 17:+0.005(86.0) 18:-0.058(89.0) 19:-0.019(82.0) 20:-0.073(92.0) 21:-0.116(104.0) 22:+0.023(89.0) 23:+0.023(92.0) 24:-0.030(103.0) 25:-0.005(89.0) 26:-0.057(73.0),2015-01-13,2026-10-07,0.0065543,,,,,,,-26.751,207.1,-19.038,154.22,-7.7136,52.884,-20.019
dt,EURUSD,forex,False,london24,M15,15,k=0.7,0.7,False,False,M15,3045,488,0.16026,-0.0056544,-0.35111,0.48361,0.0096751,0.01533,377,-0.013376,111,0.020572,2016,-0.11021,0.5,-0.015664,-0.025674,True,False,15:+0.092(41.0) 16:-0.110(51.0) 17:-0.013(43.0) 18:+0.041(30.0) 19:-0.032(43.0) 20:-0.088(43.0) 21:-0.069(48.0) 22:+0.044(39.0) 23:+0.074(39.0) 24:+0.015(46.0) 25:+0.072(34.0) 26:-0.027(31.0),2015-01-13,2026-10-07,0.0061475,,,,,,,-2.7593,61.651,-5.0428,47.286,2.2835,14.365,-7.6441
rb,EURUSD,forex,False,london24,M15,15,RB,0,False,False,M15,3045,962,0.31593,-0.018066,-0.74811,0.45946,0.020266,0.038333,734,-0.015347,228,-0.02682,2021,-0.17452,0.41667,-0.042921,-0.067776,True,False,15:-0.049(88.0) 16:+0.057(89.0) 17:-0.081(88.0) 18:+0.019(68.0) 19:+0.012(96.0) 20:-0.059(68.0) 21:-0.175(84.0) 22:+0.209(73.0) 23:-0.049(80.0) 24:-0.089(91.0) 25:-0.065(76.0) 26:+0.113(61.0),2015-01-15,2026-10-01,,483,-0.028011,476,-0.001551,3,-1.0373,-17.38,539.44,-11.265,410.24,-6.115,129.2,-41.29
dt,EURUSD,forex,False,london24,M30,30,k=0.3,0.3,False,False,M15,3045,2267,0.7445,-0.02169,-1.6372,0.46096,0.0068056,0.028496,1721,-0.03033,546,0.0055421,2020,-0.12087,0.33333,-0.027102,-0.032514,True,False,15:+0.050(188.0) 16:-0.051(184.0) 17:+0.030(173.0) 18:-0.052(206.0) 19:-0.006(173.0) 20:-0.121(209.0) 21:-0.069(183.0) 22:-0.030(209.0) 23:-0.008(196.0) 24:+0.012(197.0) 25:-0.012(204.0) 26:+0.021(145.0),2015-01-09,2026-10-07,0.014557,,,,,,,-49.171,902.66,-52.197,689.17,3.026,213.49,-61.44
dt,EURUSD,forex,False,london24,M30,30,k=0.5,0.5,False,False,M15,3045,1066,0.35008,-0.023672,-1.7656,0.45685,-0.0040499,0.019622,801,-0.021612,265,-0.029896,2021,-0.11592,0.33333,-0.019637,-0.015602,False,False,15:+0.132(76.0) 16:-0.080(92.0) 17:+0.016(85.0) 18:-0.058(89.0) 19:-0.019(82.0) 20:-0.073(92.0) 21:-0.116(104.0) 22:+0.023(89.0) 23:+0.023(92.0) 24:-0.032(103.0) 25:-0.005(89.0) 26:-0.057(73.0),2015-01-13,2026-10-07,0.0065666,,,,,,,-25.234,204.66,-17.312,151.75,-7.9224,52.914,-20.933
dt,EURUSD,forex,False,london24,M30,30,k=0.7,0.7,False,False,M15,3045,487,0.15993,-0.0040459,-0.25329,0.4846,0.011289,0.015335,376,-0.011321,111,0.020597,2016,-0.11459,0.5,-0.015671,-0.027295,True,False,15:+0.119(40.0) 16:-0.115(51.0) 17:-0.013(43.0) 18:+0.041(30.0) 19:-0.032(43.0) 20:-0.088(43.0) 21:-0.069(48.0) 22:+0.044(39.0) 23:+0.074(39.0) 24:+0.015(46.0) 25:+0.072(34.0) 26:-0.027(31.0),2015-01-13,2026-10-07,0.0041068,,,,,,,-1.9704,60.398,-4.2567,46.033,2.2863,14.365,-7.6316
rb,EURUSD,forex,False,london24,M30,30,RB,0,False,False,M15,3045,960,0.31527,-0.035326,-1.4594,0.44792,0.0030209,0.038347,732,-0.030295,228,-0.051478,2021,-0.1731,0.33333,-0.046007,-0.056688,True,False,15:-0.039(86.0) 16:+0.000(89.0) 17:-0.102(88.0) 18:+0.019(68.0) 19:-0.016(96.0) 20:-0.061(68.0) 21:-0.173(84.0) 22:+0.184(73.0) 23:-0.055(80.0) 24:-0.117(91.0) 25:-0.075(76.0) 26:+0.074(61.0),2015-01-15,2026-10-01,,484,-0.040162,471,-0.019738,5,-1.0356,-33.913,540.65,-22.176,409.36,-11.737,131.3,-44.167
dt,EURUSD,forex,False,london24,H1,60,k=0.3,0.3,False,True,M15,3045,2198,0.72184,-0.022667,-1.7188,0.46542,0.0059272,0.028594,1667,-0.032468,531,0.0081044,2020,-0.11058,0.41667,-0.028625,-0.034583,True,False,15:+0.046(182.0) 16:-0.046(179.0) 17:+0.040(170.0) 18:-0.062(203.0) 19:-0.049(164.0) 20:-0.111(202.0) 21:-0.055(179.0) 22:-0.045(197.0) 23:+0.003(191.0) 24:+0.018(192.0) 25:-0.008(197.0) 26:+0.016(142.0),2015-01-12,2026-10-07,0.021838,,,,,,,-49.822,840.96,-54.125,633.44,4.3034,207.52,-62.917
dt,EURUSD,forex,False,london24,H1,60,k=0.5,0.5,False,True,M15,3045,1017,0.33399,-0.026392,-1.9492,0.46411,-0.0065888,0.019804,767,-0.025806,250,-0.02819,2021,-0.12131,0.33333,-0.020223,-0.014055,False,False,15:+0.126(71.0) 16:-0.069(86.0) 17:+0.018(82.0) 18:-0.063(87.0) 19:-0.070(79.0) 20:-0.061(89.0) 21:-0.121(101.0) 22:+0.022(82.0) 23:+0.029(90.0) 24:-0.017(98.0) 25:-0.005(82.0) 26:-0.071(70.0),2015-01-13,2026-10-07,0.0088496,,,,,,,-26.841,190.14,-19.793,137.01,-7.0476,53.137,-20.567
dt,EURUSD,forex,False,london24,H1,60,k=0.7,0.7,False,True,M15,3045,462,0.15172,-0.0077144,-0.47805,0.4632,0.0078108,0.015525,358,-0.016749,104,0.023385,2016,-0.11148,0.5,-0.015805,-0.023895,True,False,15:+0.104(39.0) 16:-0.111(49.0) 17:-0.009(40.0) 18:+0.025(30.0) 19:-0.077(40.0) 20:-0.073(39.0) 21:-0.072(48.0) 22:+0.042(36.0) 23:+0.078(37.0) 24:+0.026(42.0) 25:+0.089(31.0) 26:-0.045(31.0),2015-01-13,2026-10-07,0.0064935,,,,,,,-3.564,55.49,-5.9961,40.391,2.4321,15.099,-7.3017
rb,EURUSD,forex,False,london24,H1,60,RB,0,False,True,M15,3045,891,0.29261,-0.061196,-2.5064,0.44444,-0.024013,0.037183,680,-0.063227,211,-0.054648,2023,-0.17807,0.33333,-0.045666,-0.030136,False,False,15:-0.058(82.0) 16:+0.043(80.0) 17:-0.169(85.0) 18:+0.038(61.0) 19:-0.035(86.0) 20:-0.107(61.0) 21:-0.172(76.0) 22:+0.101(70.0) 23:-0.178(79.0) 24:-0.143(86.0) 25:-0.080(69.0) 26:+0.113(56.0),2015-01-15,2026-10-01,,462,-0.065542,422,-0.040137,7,-1.0439,-54.525,476.08,-42.995,346.94,-11.531,129.13,-40.688
dt,EURUSD,forex,False,ny_fx,M15,15,k=0.3,0.3,False,False,M15,3042,1808,0.59435,-0.012214,-0.81727,0.44469,0.018786,0.031,1364,-0.010376,444,-0.017863,2020,-0.10724,0.41667,-0.028142,-0.044071,True,False,15:+0.096(150.0) 16:-0.043(151.0) 17:-0.004(145.0) 18:+0.041(147.0) 19:+0.044(152.0) 20:-0.107(153.0) 21:-0.089(154.0) 22:-0.059(154.0) 23:+0.031(158.0) 24:-0.030(161.0) 25:+0.006(154.0) 26:-0.031(129.0),2015-01-09,2026-10-08,0.011062,,,,,,,-22.084,730.01,-14.152,567.69,-7.9314,162.33,-50.882
dt,EURUSD,forex,False,ny_fx,M15,15,k=0.5,0.5,False,False,M15,3042,763,0.25082,0.00070375,0.041295,0.46003,0.021747,0.021044,581,-0.0012964,182,0.007089,2020,-0.10455,0.58333,-0.016918,-0.034539,True,False,15:+0.142(60.0) 16:-0.044(69.0) 17:+0.061(56.0) 18:+0.050(56.0) 19:+0.014(76.0) 20:-0.105(60.0) 21:-0.089(73.0) 22:-0.065(69.0) 23:+0.060(62.0) 24:+0.014(69.0) 25:-0.001(63.0) 26:+0.007(50.0),2015-01-14,2026-10-08,0.0026212,,,,,,,0.53696,168.86,-0.75324,134.47,1.2902,34.388,-12.908
dt,EURUSD,forex,False,ny_fx,M15,15,k=0.7,0.7,False,False,M15,3042,374,0.12295,0.0081594,0.40944,0.46257,0.024715,0.016555,290,-0.0034523,84,0.048247,2020,-0.11123,0.66667,-0.014092,-0.036343,True,False,15:+0.168(30.0) 16:-0.010(35.0) 17:+0.000(32.0) 18:+0.010(29.0) 19:+0.059(33.0) 20:-0.111(25.0) 21:-0.095(38.0) 22:-0.102(32.0) 23:+0.047(36.0) 24:+0.072(31.0) 25:+0.028(29.0) 26:+0.042(24.0),2015-01-14,2026-10-01,0.0026738,,,,,,,3.0516,55.425,-1.0012,46.896,4.0528,8.529,-5.2704
rb,EURUSD,forex,False,ny_fx,M15,15,RB,0,False,False,M15,3042,1461,0.48028,-0.032801,-1.5909,0.44422,0.013715,0.046516,1118,-0.029774,343,-0.042666,2021,-0.14928,0.41667,-0.033876,-0.034951,True,False,15:-0.072(120.0) 16:+0.007(127.0) 17:+0.052(133.0) 18:-0.103(136.0) 19:+0.012(115.0) 20:-0.032(126.0) 21:-0.149(130.0) 22:+0.076(112.0) 23:-0.040(119.0) 24:+0.058(118.0) 25:-0.109(123.0) 26:-0.079(102.0),2015-01-05,2026-10-07,,848,-0.054161,610,0.0019254,3,-1.056,-47.922,908.33,-33.287,708.34,-14.634,199.99,-49.493
dt,EURUSD,forex,False,ny_fx,M30,30,k=0.3,0.3,False,False,M15,3042,1804,0.59303,-0.011709,-0.78565,0.44457,0.019315,0.031024,1361,-0.0097097,443,-0.017852,2020,-0.10754,0.41667,-0.028332,-0.044955,True,False,15:+0.093(150.0) 16:-0.033(149.0) 17:-0.002(144.0) 18:+0.041(147.0) 19:+0.044(152.0) 20:-0.108(153.0) 21:-0.092(154.0) 22:-0.059(154.0) 23:+0.031(158.0) 24:-0.026(160.0) 25:+0.005(154.0) 26:-0.035(129.0),2015-01-09,2026-10-08,0.01663,,,,,,,-21.123,722.73,-13.215,562.89,-7.9086,159.84,-51.111
dt,EURUSD,forex,False,ny_fx,M30,30,k=0.5,0.5,False,False,M15,3042,762,0.25049,0.0013517,0.079599,0.45932,0.022476,0.021124,580,-0.00045786,182,0.0071183,2020,-0.10455,0.58333,-0.018305,-0.037962,True,False,15:+0.142(60.0) 16:-0.035(68.0) 17:+0.061(56.0) 18:+0.050(56.0) 19:+0.014(76.0) 20:-0.105(60.0) 21:-0.091(73.0) 22:-0.065(69.0) 23:+0.060(62.0) 24:+0.014(69.0) 25:-0.001(63.0) 26:+0.007(50.0),2015-01-14,2026-10-08,0.003937,,,,,,,1.03,167.21,-0.26556,132.83,1.2955,34.386,-13.948
dt,EURUSD,forex,False,ny_fx,M30,30,k=0.7,0.7,False,False,M15,3042,374,0.12295,0.0075413,0.37947,0.46257,0.024099,0.016558,290,-0.0042614,84,0.048289,2020,-0.11123,0.66667,-0.014095,-0.035731,True,False,15:+0.168(30.0) 16:-0.016(35.0) 17:+0.000(32.0) 18:+0.010(29.0) 19:+0.059(33.0) 20:-0.111(25.0) 21:-0.095(38.0) 22:-0.102(32.0) 23:+0.047(36.0) 24:+0.072(31.0) 25:+0.028(29.0) 26:+0.042(24.0),2015-01-14,2026-10-01,0.0053476,,,,,,,2.8204,55.116,-1.2358,46.589,4.0562,8.5271,-5.2715
rb,EURUSD,forex,False,ny_fx,M30,30,RB,0,False,False,M15,3042,1458,0.47929,-0.058961,-2.9579,0.43553,-0.012434,0.046527,1115,-0.061486,343,-0.050751,2021,-0.1664,0.16667,-0.04083,-0.0227,False,False,15:-0.077(119.0) 16:-0.013(127.0) 17:+0.019(132.0) 18:-0.101(136.0) 19:-0.042(115.0) 20:-0.038(126.0) 21:-0.166(129.0) 22:-0.045(112.0) 23:-0.087(119.0) 24:+0.057(118.0) 25:-0.104(123.0) 26:-0.111(102.0),2015-01-05,2026-10-07,,845,-0.070851,602,-0.023856,11,-1.0668,-85.964,849.13,-68.557,650.19,-17.408,198.94,-59.531
dt,EURUSD,forex,False,ny_fx,H1,60,k=0.3,0.3,False,False,M15,3042,1798,0.59106,-0.010079,-0.6771,0.44605,0.02089,0.030968,1356,-0.0085692,442,-0.014709,2020,-0.10484,0.41667,-0.028096,-0.046114,True,False,15:+0.090(150.0) 16:-0.033(149.0) 17:-0.003(144.0) 18:+0.048(146.0) 19:+0.039(151.0) 20:-0.105(152.0) 21:-0.084(153.0) 22:-0.059(153.0) 23:+0.031(158.0) 24:-0.021(159.0) 25:+0.003(154.0) 26:-0.029(129.0),2015-01-09,2026-10-08,0.024472,,,,,,,-18.121,716.05,-11.62,555.91,-6.5014,160.14,-50.517
dt,EURUSD,forex,False,ny_fx,H1,60,k=0.5,0.5,False,False,M15,3042,762,0.25049,0.0011941,0.070318,0.45932,0.022321,0.021126,580,-0.00067132,182,0.0071388,2020,-0.10455,0.58333,-0.018307,-0.037809,True,False,15:+0.140(60.0) 16:-0.035(68.0) 17:+0.061(56.0) 18:+0.050(56.0) 19:+0.014(76.0) 20:-0.105(60.0) 21:-0.090(73.0) 22:-0.066(69.0) 23:+0.060(62.0) 24:+0.014(69.0) 25:-0.001(63.0) 26:+0.007(50.0),2015-01-14,2026-10-08,0.0065617,,,,,,,0.90991,167.22,-0.38936,132.84,1.2993,34.383,-13.95
dt,EURUSD,forex,False,ny_fx,H1,60,k=0.7,0.7,False,False,M15,3042,374,0.12295,0.0075414,0.37949,0.46257,0.024105,0.016563,290,-0.0042725,84,0.048328,2020,-0.11123,0.66667,-0.0141,-0.035742,True,False,15:+0.168(30.0) 16:-0.016(35.0) 17:+0.000(32.0) 18:+0.010(29.0) 19:+0.059(33.0) 20:-0.111(25.0) 21:-0.095(38.0) 22:-0.102(32.0) 23:+0.047(36.0) 24:+0.072(31.0) 25:+0.028(29.0) 26:+0.042(24.0),2015-01-14,2026-10-01,0.0053476,,,,,,,2.8205,55.113,-1.239,46.586,4.0595,8.5268,-5.2734
rb,EURUSD,forex,False,ny_fx,H1,60,RB,0,False,False,M15,3042,1435,0.47173,-0.099691,-5.2731,0.423,-0.054292,0.045398,1097,-0.099735,338,-0.099547,2021,-0.22541,0,-0.046995,0.0057009,False,False,15:-0.086(118.0) 16:-0.091(124.0) 17:-0.021(129.0) 18:-0.066(134.0) 19:-0.060(110.0) 20:-0.115(124.0) 21:-0.225(129.0) 22:-0.084(112.0) 23:-0.144(117.0) 24:-0.036(116.0) 25:-0.131(122.0) 26:-0.135(100.0),2015-01-05,2026-10-07,,845,-0.10652,578,-0.068919,12,-1.1013,-143.06,749.76,-109.41,569.15,-33.647,180.61,-67.438
dt,FRA40.cash,index,False,eu_cash,M5,5,k=0.3,0.3,False,False,M5,1293,886,0.68523,-0.02222,-1.193,0.48081,-0.004,0.01822,392,-0.016906,494,-0.026437,2025,-0.091303,0.5,-0.019438,-0.016656,False,False,21:+0.016(40.0) 22:+0.034(176.0) 23:-0.076(176.0) 24:-0.031(182.0) 25:-0.091(186.0) 26:+0.077(126.0),2021-09-20,2026-10-08,0.0011287,,,,,,,-19.687,272.45,-6.6273,111.33,-13.06,161.12,-17.222
dt,FRA40.cash,index,False,eu_cash,M5,5,k=0.5,0.5,False,False,M5,1293,368,0.28461,-8.7965e-05,-0.0047691,0.47283,0.011445,0.011533,166,-0.019971,202,0.016252,2021,-0.07673,0.5,-0.011251,-0.022415,True,False,21:-0.077(24.0) 22:+0.038(73.0) 23:-0.062(69.0) 24:+0.011(76.0) 25:-0.025(63.0) 26:+0.063(63.0),2021-09-20,2026-10-07,0,,,,,,,-0.032371,45.947,-3.3152,20.606,3.2828,25.341,-4.1405
dt,FRA40.cash,index,False,eu_cash,M5,5,k=0.7,0.7,False,False,M5,1293,181,0.13998,-0.016512,-0.86075,0.48619,-0.0078409,0.0086712,79,-0.026764,102,-0.0085715,2023,-0.045551,0.2,-0.0095192,-0.0025263,False,False,21:+0.072(5.0) 22:-0.025(44.0) 23:-0.046(30.0) 24:-0.029(39.0) 25:-0.024(28.0) 26:+0.027(35.0),2021-09-28,2026-09-30,0,,,,,,,-2.9887,12.039,-2.1144,4.7376,-0.87429,7.3013,-1.723
rb,FRA40.cash,index,False,eu_cash,M5,5,RB,0,False,False,M5,1293,474,0.36659,-0.053675,-1.8654,0.44515,-0.029669,0.024007,201,-0.062472,273,-0.047198,2023,-0.16154,0.33333,-0.038679,-0.023684,False,False,21:+0.011(26.0) 22:+0.034(79.0) 23:-0.162(96.0) 24:-0.043(105.0) 25:-0.078(97.0) 26:-0.011(71.0),2021-09-17,2026-10-08,,242,-0.0096682,232,-0.099579,0,,-25.442,186.99,-12.557,82.43,-12.885,104.56,-18.334
dt,FRA40.cash,index,False,eu_cash,M15,15,k=0.3,0.3,False,False,M5,1293,886,0.68523,-0.022494,-1.206,0.48081,-0.0042692,0.018225,392,-0.017538,494,-0.026427,2025,-0.091296,0.5,-0.019443,-0.016392,False,False,21:+0.016(40.0) 22:+0.033(176.0) 23:-0.075(176.0) 24:-0.031(182.0) 25:-0.091(186.0) 26:+0.077(126.0),2021-09-20,2026-10-08,0.0011287,,,,,,,-19.93,273.23,-6.8747,112.11,-13.055,161.12,-17.227
dt,FRA40.cash,index,False,eu_cash,M15,15,k=0.5,0.5,False,False,M5,1293,368,0.28461,-5.6617e-05,-0.0030699,0.47283,0.011471,0.011527,166,-0.019903,202,0.016253,2021,-0.07673,0.5,-0.011245,-0.022434,True,False,21:-0.077(24.0) 22:+0.038(73.0) 23:-0.062(69.0) 24:+0.011(76.0) 25:-0.025(63.0) 26:+0.063(63.0),2021-09-20,2026-10-07,0,,,,,,,-0.020835,45.936,-3.304,20.597,3.2831,25.34,-4.1383
dt,FRA40.cash,index,False,eu_cash,M15,15,k=0.7,0.7,False,False,M5,1293,181,0.13998,-0.016509,-0.8606,0.48619,-0.0078283,0.0086803,79,-0.026736,102,-0.0085876,2023,-0.045475,0.2,-0.0095283,-0.0025479,False,False,21:+0.072(5.0) 22:-0.025(44.0) 23:-0.045(30.0) 24:-0.029(39.0) 25:-0.024(28.0) 26:+0.027(35.0),2021-09-28,2026-09-30,0,,,,,,,-2.9881,12.038,-2.1121,4.7369,-0.87593,7.3011,-1.7246
rb,FRA40.cash,index,False,eu_cash,M15,15,RB,0,False,False,M5,1293,473,0.36582,-0.045414,-1.5909,0.44609,-0.02176,0.023654,200,-0.063345,273,-0.032278,2023,-0.15533,0.16667,-0.037436,-0.029458,False,False,21:-0.011(26.0) 22:+0.030(79.0) 23:-0.155(95.0) 24:-0.021(105.0) 25:-0.061(97.0) 26:-0.011(71.0),2021-09-17,2026-10-08,,241,-0.0075495,232,-0.084748,0,,-21.481,182.9,-12.669,79.353,-8.8118,103.55,-17.707
dt,FRA40.cash,index,False,eu_cash,M30,30,k=0.3,0.3,False,False,M5,1293,886,0.68523,-0.022344,-1.1992,0.48081,-0.0041827,0.018161,392,-0.017145,494,-0.026469,2025,-0.091044,0.5,-0.019379,-0.016415,False,False,21:+0.016(40.0) 22:+0.034(176.0) 23:-0.075(176.0) 24:-0.031(182.0) 25:-0.091(186.0) 26:+0.076(126.0),2021-09-20,2026-10-08,0.0045147,,,,,,,-19.797,272.64,-6.7209,111.7,-13.076,160.94,-17.17
dt,FRA40.cash,index,False,eu_cash,M30,30,k=0.5,0.5,False,False,M5,1293,368,0.28461,-4.0504e-05,-0.0021962,0.47283,0.011471,0.011511,166,-0.019909,202,0.016287,2021,-0.07673,0.5,-0.011229,-0.022418,True,False,21:-0.077(24.0) 22:+0.038(73.0) 23:-0.062(69.0) 24:+0.011(76.0) 25:-0.025(63.0) 26:+0.063(63.0),2021-09-20,2026-10-07,0,,,,,,,-0.014905,45.936,-3.3049,20.596,3.2899,25.34,-4.1324
dt,FRA40.cash,index,False,eu_cash,M30,30,k=0.7,0.7,False,False,M5,1293,181,0.13998,-0.016516,-0.86097,0.48619,-0.0078283,0.0086874,79,-0.026736,102,-0.0086002,2023,-0.045475,0.2,-0.0095354,-0.002555,False,False,21:+0.072(5.0) 22:-0.025(44.0) 23:-0.045(30.0) 24:-0.029(39.0) 25:-0.024(28.0) 26:+0.027(35.0),2021-09-28,2026-09-30,0,,,,,,,-2.9893,12.038,-2.1121,4.7369,-0.87722,7.3011,-1.7259
rb,FRA40.cash,index,False,eu_cash,M30,30,RB,0,False,False,M5,1293,468,0.36195,-0.039487,-1.3557,0.44444,-0.016322,0.023165,197,-0.05363,271,-0.029206,2023,-0.14623,0.33333,-0.029664,-0.01984,False,False,21:+0.003(26.0) 22:+0.040(77.0) 23:-0.146(94.0) 24:-0.016(104.0) 25:-0.046(97.0) 26:-0.026(70.0),2021-09-17,2026-10-08,,241,-0.0089595,227,-0.071897,0,,-18.48,186.15,-10.565,76.769,-7.9148,109.38,-13.883
dt,FRA40.cash,index,False,eu_cash,H1,60,k=0.3,0.3,False,True,M5,1293,841,0.65043,-0.022779,-1.2069,0.46136,-0.004685,0.018094,371,-0.020925,470,-0.024242,2025,-0.0948,0.33333,-0.018325,-0.013871,False,False,21:-0.010(40.0) 22:+0.009(168.0) 23:-0.055(163.0) 24:-0.041(174.0) 25:-0.095(174.0) 26:+0.100(122.0),2021-09-20,2026-10-08,0.011891,,,,,,,-19.157,252.09,-7.7633,99.368,-11.394,152.72,-15.411
dt,FRA40.cash,index,False,eu_cash,H1,60,k=0.5,0.5,False,True,M5,1293,352,0.27224,-0.00066201,-0.035593,0.48011,0.010937,0.011599,161,-0.029951,191,0.024026,2021,-0.10292,0.5,-0.011222,-0.021783,True,False,21:-0.103(23.0) 22:+0.019(69.0) 23:-0.054(69.0) 24:+0.004(72.0) 25:-0.031(59.0) 26:+0.103(60.0),2021-09-20,2026-10-07,0.0028409,,,,,,,-0.23303,42.742,-4.8221,18.4,4.5891,24.342,-3.9503
dt,FRA40.cash,index,False,eu_cash,H1,60,k=0.7,0.7,False,True,M5,1293,170,0.13148,-0.0073782,-0.38772,0.5,0.0013053,0.0086835,74,-0.025401,96,0.0065142,2023,-0.033724,0.2,-0.0101,-0.012823,True,False,21:+0.032(5.0) 22:-0.027(42.0) 23:-0.034(27.0) 24:-0.031(38.0) 25:-0.005(26.0) 26:+0.060(32.0),2021-09-28,2026-09-30,0,,,,,,,-1.2543,10.414,-1.8797,3.4,0.62536,7.0135,-1.7171
rb,FRA40.cash,index,False,eu_cash,H1,60,RB,0,False,True,M5,1293,445,0.34416,-0.045113,-1.5379,0.45393,-0.022057,0.023056,189,-0.076621,256,-0.021851,2023,-0.16414,0.33333,-0.026062,-0.0070119,False,False,21:+0.034(25.0) 22:-0.008(74.0) 23:-0.164(90.0) 24:-0.020(97.0) 25:-0.082(92.0) 26:+0.058(67.0),2021-09-17,2026-10-08,,228,-0.013917,217,-0.07789,0,,-20.075,170.92,-14.481,71.221,-5.594,99.703,-11.598
dt,GBPAUD,forex,False,london24,M15,15,k=0.3,0.3,False,False,M15,3036,2400,0.79051,-0.019262,-1.5095,0.46708,0.0061758,0.025438,1812,-0.014789,588,-0.033046,2021,-0.093679,0.41667,-0.022863,-0.026465,True,False,15:+0.012(189.0) 16:+0.003(200.0) 17:-0.026(200.0) 18:-0.005(202.0) 19:+0.029(180.0) 20:-0.052(201.0) 21:-0.094(229.0) 22:+0.015(205.0) 23:+0.001(206.0) 24:-0.032(210.0) 25:-0.029(208.0) 26:-0.040(170.0),2015-01-12,2026-10-08,0.0033333,,,,,,,-46.228,938.42,-26.797,716.42,-19.431,222,-54.872
dt,GBPAUD,forex,False,london24,M15,15,k=0.5,0.5,False,False,M15,3036,1123,0.36989,-0.017449,-1.3891,0.46661,-0.00041162,0.017038,855,-0.020115,268,-0.0089466,2021,-0.088894,0.41667,-0.01734,-0.017231,False,False,15:-0.004(87.0) 16:+0.008(97.0) 17:+0.029(86.0) 18:+0.000(92.0) 19:-0.020(98.0) 20:-0.086(98.0) 21:-0.089(101.0) 22:+0.009(95.0) 23:-0.017(101.0) 24:-0.021(96.0) 25:-0.021(101.0) 26:+0.025(71.0),2015-01-14,2026-09-30,0,,,,,,,-19.596,199.15,-17.198,157.01,-2.3977,42.139,-19.473
dt,GBPAUD,forex,False,london24,M15,15,k=0.7,0.7,False,False,M15,3036,545,0.17951,-0.011515,-0.82267,0.46239,0.0012845,0.012799,412,-0.0037789,133,-0.03548,2020,-0.076912,0.25,-0.014678,-0.017841,True,False,15:-0.008(49.0) 16:+0.115(46.0) 17:+0.035(46.0) 18:-0.022(45.0) 19:-0.029(51.0) 20:-0.077(36.0) 21:-0.021(41.0) 22:+0.006(44.0) 23:-0.042(54.0) 24:-0.040(47.0) 25:-0.033(44.0) 26:-0.032(42.0),2015-01-14,2026-09-30,0,,,,,,,-6.2757,58.158,-1.5569,44.213,-4.7188,13.945,-7.9995
rb,GBPAUD,forex,False,london24,M15,15,RB,0,False,False,M15,3036,917,0.30204,-0.062607,-2.6585,0.43402,-0.024574,0.038033,691,-0.06027,226,-0.069751,2021,-0.22536,0.25,-0.044119,-0.02563,False,False,15:-0.072(82.0) 16:-0.030(85.0) 17:+0.032(87.0) 18:+0.072(72.0) 19:-0.087(78.0) 20:-0.084(69.0) 21:-0.225(60.0) 22:-0.090(80.0) 23:-0.102(78.0) 24:-0.136(77.0) 25:+0.067(84.0) 26:-0.167(65.0),2015-01-08,2026-09-30,,437,-0.040564,479,-0.080667,1,-1.0442,-57.41,469.43,-41.647,356.14,-15.764,113.29,-40.457
dt,GBPAUD,forex,False,london24,M30,30,k=0.3,0.3,False,False,M15,3036,2399,0.79018,-0.019186,-1.5032,0.46728,0.006355,0.025541,1812,-0.015091,587,-0.031827,2021,-0.093361,0.41667,-0.022964,-0.026743,True,False,15:+0.011(189.0) 16:+0.002(200.0) 17:-0.027(200.0) 18:-0.006(202.0) 19:+0.029(180.0) 20:-0.052(201.0) 21:-0.093(229.0) 22:+0.015(205.0) 23:+0.000(206.0) 24:-0.027(209.0) 25:-0.028(208.0) 26:-0.043(170.0),2015-01-12,2026-10-08,0.0050021,,,,,,,-46.028,938.12,-27.345,716.5,-18.683,221.62,-55.092
dt,GBPAUD,forex,False,london24,M30,30,k=0.5,0.5,False,False,M15,3036,1123,0.36989,-0.017526,-1.3954,0.46661,-0.00049637,0.01703,855,-0.020099,268,-0.0093188,2021,-0.088378,0.33333,-0.017332,-0.017138,False,False,15:-0.004(87.0) 16:+0.008(97.0) 17:+0.028(86.0) 18:-0.000(92.0) 19:-0.020(98.0) 20:-0.084(98.0) 21:-0.088(101.0) 22:+0.009(95.0) 23:-0.017(101.0) 24:-0.021(96.0) 25:-0.021(101.0) 26:+0.024(71.0),2015-01-14,2026-09-30,0.0017809,,,,,,,-19.682,199.12,-17.185,156.94,-2.4974,42.173,-19.464
dt,GBPAUD,forex,False,london24,M30,30,k=0.7,0.7,False,False,M15,3036,545,0.17951,-0.011589,-0.82795,0.46239,0.0012845,0.012874,412,-0.0038754,133,-0.035485,2020,-0.076962,0.25,-0.014752,-0.017915,True,False,15:-0.008(49.0) 16:+0.115(46.0) 17:+0.035(46.0) 18:-0.022(45.0) 19:-0.029(51.0) 20:-0.077(36.0) 21:-0.021(41.0) 22:+0.005(44.0) 23:-0.042(54.0) 24:-0.040(47.0) 25:-0.033(44.0) 26:-0.032(42.0),2015-01-14,2026-09-30,0,,,,,,,-6.3161,58.163,-1.5967,44.22,-4.7195,13.943,-8.04
rb,GBPAUD,forex,False,london24,M30,30,RB,0,False,False,M15,3036,916,0.30171,-0.075626,-3.2507,0.42904,-0.037232,0.038394,690,-0.074432,226,-0.079269,2021,-0.24992,0.16667,-0.044788,-0.013951,False,False,15:-0.076(82.0) 16:-0.030(85.0) 17:-0.024(87.0) 18:+0.072(72.0) 19:-0.111(77.0) 20:-0.084(69.0) 21:-0.250(60.0) 22:-0.104(80.0) 23:-0.103(78.0) 24:-0.138(77.0) 25:+0.042(84.0) 26:-0.167(65.0),2015-01-08,2026-09-30,,437,-0.040958,477,-0.10337,2,-1.0326,-69.273,458.88,-51.358,352.58,-17.915,106.3,-41.026
dt,GBPAUD,forex,False,london24,H1,60,k=0.3,0.3,False,True,M15,3036,2336,0.76943,-0.015702,-1.2039,0.45976,0.009917,0.025619,1762,-0.0089486,574,-0.036431,2021,-0.093765,0.41667,-0.022449,-0.029197,True,False,15:+0.023(183.0) 16:+0.023(193.0) 17:-0.021(195.0) 18:-0.007(198.0) 19:+0.036(174.0) 20:-0.041(194.0) 21:-0.094(222.0) 22:+0.017(197.0) 23:+0.001(206.0) 24:-0.033(203.0) 25:-0.037(204.0) 26:-0.040(167.0),2015-01-12,2026-10-08,0.0089897,,,,,,,-36.679,928.38,-15.767,727.3,-20.911,201.09,-52.442
dt,GBPAUD,forex,False,london24,H1,60,k=0.5,0.5,False,True,M15,3036,1087,0.35804,-0.010824,-0.83956,0.4747,0.006275,0.017099,832,-0.010718,255,-0.011169,2021,-0.081085,0.5,-0.017036,-0.023249,True,False,15:+0.022(86.0) 16:+0.023(96.0) 17:+0.035(84.0) 18:+0.001(87.0) 19:-0.005(94.0) 20:-0.079(96.0) 21:-0.081(98.0) 22:+0.014(92.0) 23:-0.014(99.0) 24:-0.026(94.0) 25:-0.033(95.0) 26:+0.041(66.0),2015-01-14,2026-09-30,0.0018399,,,,,,,-11.766,196.34,-8.9174,160.03,-2.8482,36.31,-18.518
dt,GBPAUD,forex,False,london24,H1,60,k=0.7,0.7,False,True,M15,3036,530,0.17457,-0.0059771,-0.41279,0.46981,0.0071305,0.013108,402,0.0042127,128,-0.03798,2020,-0.076059,0.33333,-0.014974,-0.023971,True,False,15:+0.006(49.0) 16:+0.134(44.0) 17:+0.040(46.0) 18:-0.020(43.0) 19:-0.015(50.0) 20:-0.076(36.0) 21:-0.018(39.0) 22:+0.012(43.0) 23:-0.035(52.0) 24:-0.034(45.0) 25:-0.055(42.0) 26:-0.025(41.0),2015-01-14,2026-09-30,0,,,,,,,-3.1679,58.802,1.6935,46.919,-4.8614,11.884,-7.9363
rb,GBPAUD,forex,False,london24,H1,60,RB,0,False,True,M15,3036,860,0.28327,-0.10469,-4.4731,0.42791,-0.066398,0.038295,648,-0.094082,212,-0.13712,2021,-0.26611,0.083333,-0.051192,0.0023093,False,False,15:-0.079(74.0) 16:-0.043(79.0) 17:-0.110(83.0) 18:+0.065(66.0) 19:-0.139(74.0) 20:-0.083(63.0) 21:-0.266(53.0) 22:-0.125(79.0) 23:-0.096(77.0) 24:-0.178(74.0) 25:-0.073(79.0) 26:-0.171(59.0),2015-01-08,2026-09-30,,415,-0.036311,441,-0.16044,4,-1.0535,-90.036,414.11,-60.965,324.79,-29.07,89.314,-44.025
dt,GBPAUD,forex,False,ny_fx,M15,15,k=0.3,0.3,False,False,M15,3033,1607,0.52984,-0.034383,-2.7433,0.45053,-0.003288,0.031095,1209,-0.036873,398,-0.026821,2020,-0.13686,0.083333,-0.02881,-0.023237,False,False,15:-0.081(121.0) 16:-0.018(134.0) 17:-0.012(120.0) 18:-0.022(146.0) 19:-0.068(127.0) 20:-0.137(141.0) 21:+0.015(151.0) 22:-0.002(142.0) 23:-0.013(127.0) 24:-0.031(142.0) 25:-0.011(145.0) 26:-0.041(111.0),2015-01-09,2026-10-08,0.0037337,,,,,,,-55.254,407.32,-44.579,303.7,-10.675,103.61,-46.298
dt,GBPAUD,forex,False,ny_fx,M15,15,k=0.5,0.5,False,False,M15,3033,634,0.20903,-0.033263,-2.4591,0.41325,-0.011028,0.022235,482,-0.037642,152,-0.019376,2020,-0.16286,0.16667,-0.022157,-0.011051,False,False,15:-0.069(44.0) 16:+0.002(54.0) 17:-0.038(52.0) 18:-0.042(60.0) 19:-0.045(46.0) 20:-0.163(55.0) 21:+0.026(61.0) 22:-0.013(59.0) 23:-0.010(51.0) 24:-0.024(53.0) 25:-0.015(56.0) 26:-0.019(43.0),2015-01-15,2026-09-23,0,,,,,,,-21.089,74.129,-18.144,55.424,-2.9452,18.705,-14.048
dt,GBPAUD,forex,False,ny_fx,M15,15,k=0.7,0.7,False,False,M15,3033,251,0.082756,-0.030661,-1.7121,0.38645,-0.011129,0.019533,187,-0.032766,64,-0.024511,2020,-0.19764,0.25,-0.01961,-0.0085587,False,False,15:+0.024(13.0) 16:-0.016(23.0) 17:-0.020(24.0) 18:-0.032(17.0) 19:-0.063(24.0) 20:-0.198(17.0) 21:-0.005(26.0) 22:+0.034(20.0) 23:-0.032(23.0) 24:-0.057(24.0) 25:+0.063(19.0) 26:-0.066(21.0),2015-01-21,2026-09-23,0,,,,,,,-7.696,20.36,-6.1273,15.118,-1.5687,5.2429,-4.9221
rb,GBPAUD,forex,False,ny_fx,M15,15,RB,0,False,False,M15,3033,1587,0.52324,-0.066349,-4.0859,0.42974,-0.025757,0.040592,1218,-0.067071,369,-0.063966,2016,-0.2313,0.16667,-0.039099,-0.011849,False,False,15:-0.116(148.0) 16:-0.231(129.0) 17:+0.017(130.0) 18:-0.007(136.0) 19:-0.080(134.0) 20:-0.081(142.0) 21:-0.011(128.0) 22:-0.036(135.0) 23:-0.054(136.0) 24:-0.103(140.0) 25:-0.084(129.0) 26:+0.018(100.0),2015-01-06,2026-10-06,,1003,-0.035916,581,-0.11366,3,-1.0782,-105.3,670.68,-81.692,508.21,-23.603,162.47,-62.05
dt,GBPAUD,forex,False,ny_fx,M30,30,k=0.3,0.3,False,False,M15,3033,1605,0.52918,-0.03429,-2.7455,0.45109,-0.0032706,0.031019,1209,-0.03827,396,-0.022138,2020,-0.13396,0.083333,-0.028927,-0.023563,False,False,15:-0.081(121.0) 16:-0.028(134.0) 17:-0.017(120.0) 18:-0.022(146.0) 19:-0.069(127.0) 20:-0.134(141.0) 21:+0.015(151.0) 22:-0.003(142.0) 23:-0.014(127.0) 24:-0.018(140.0) 25:-0.011(145.0) 26:-0.041(111.0),2015-01-09,2026-10-08,0.0068536,,,,,,,-55.036,403.46,-46.269,302.41,-8.7668,101.05,-46.427
dt,GBPAUD,forex,False,ny_fx,M30,30,k=0.5,0.5,False,False,M15,3033,634,0.20903,-0.033245,-2.4595,0.41325,-0.011183,0.022062,482,-0.03763,152,-0.01934,2020,-0.16436,0.16667,-0.021707,-0.01017,False,False,15:-0.069(44.0) 16:+0.002(54.0) 17:-0.040(52.0) 18:-0.042(60.0) 19:-0.045(46.0) 20:-0.164(55.0) 21:+0.030(61.0) 22:-0.013(59.0) 23:-0.010(51.0) 24:-0.024(53.0) 25:-0.015(56.0) 26:-0.019(43.0),2015-01-15,2026-09-23,0.0015773,,,,,,,-21.077,74.025,-18.138,55.327,-2.9396,18.698,-13.763
dt,GBPAUD,forex,False,ny_fx,M30,30,k=0.7,0.7,False,False,M15,3033,251,0.082756,-0.030408,-1.7008,0.38247,-0.011129,0.019279,187,-0.032464,64,-0.024399,2020,-0.1972,0.25,-0.019357,-0.0083052,False,False,15:+0.025(13.0) 16:-0.017(23.0) 17:-0.020(24.0) 18:-0.032(17.0) 19:-0.063(24.0) 20:-0.197(17.0) 21:-0.002(26.0) 22:+0.034(20.0) 23:-0.033(23.0) 24:-0.057(24.0) 25:+0.063(19.0) 26:-0.066(21.0),2015-01-21,2026-09-23,0,,,,,,,-7.6324,20.29,-6.0708,15.049,-1.5616,5.2412,-4.8585
rb,GBPAUD,forex,False,ny_fx,M30,30,RB,0,False,False,M15,3033,1579,0.52061,-0.066321,-4.0818,0.42939,-0.026106,0.040216,1211,-0.06998,368,-0.054281,2016,-0.2221,0.16667,-0.039257,-0.012192,False,False,15:-0.131(147.0) 16:-0.222(128.0) 17:+0.018(130.0) 18:-0.030(136.0) 19:-0.052(131.0) 20:-0.098(141.0) 21:-0.013(128.0) 22:-0.045(134.0) 23:-0.052(136.0) 24:-0.093(139.0) 25:-0.062(129.0) 26:+0.010(100.0),2015-01-06,2026-10-06,,1000,-0.038601,575,-0.10762,4,-1.0604,-104.72,664.74,-84.746,503.2,-19.975,161.54,-61.986
dt,GBPAUD,forex,False,ny_fx,H1,60,k=0.3,0.3,False,False,M15,3033,1604,0.52885,-0.033716,-2.7022,0.45137,-0.0029032,0.030812,1208,-0.037564,396,-0.021975,2020,-0.13294,0.083333,-0.028709,-0.023703,False,False,15:-0.075(120.0) 16:-0.028(134.0) 17:-0.017(120.0) 18:-0.022(146.0) 19:-0.070(127.0) 20:-0.133(141.0) 21:+0.017(151.0) 22:-0.003(142.0) 23:-0.014(127.0) 24:-0.018(140.0) 25:-0.011(145.0) 26:-0.041(111.0),2015-01-09,2026-10-08,0.010599,,,,,,,-54.08,402.11,-45.378,301.08,-8.7022,101.02,-46.05
dt,GBPAUD,forex,False,ny_fx,H1,60,k=0.5,0.5,False,False,M15,3033,634,0.20903,-0.032731,-2.4246,0.41167,-0.010987,0.021744,482,-0.037001,152,-0.01919,2020,-0.16247,0.16667,-0.021389,-0.010047,False,False,15:-0.067(44.0) 16:+0.002(54.0) 17:-0.040(52.0) 18:-0.042(60.0) 19:-0.045(46.0) 20:-0.162(55.0) 21:+0.031(61.0) 22:-0.013(59.0) 23:-0.010(51.0) 24:-0.024(53.0) 25:-0.015(56.0) 26:-0.019(43.0),2015-01-15,2026-09-23,0.0015773,,,,,,,-20.752,73.818,-17.835,55.121,-2.917,18.697,-13.561
dt,GBPAUD,forex,False,ny_fx,H1,60,k=0.7,0.7,False,False,M15,3033,251,0.082756,-0.029955,-1.6768,0.38645,-0.011129,0.018827,187,-0.031921,64,-0.024212,2020,-0.19435,0.33333,-0.018904,-0.0078524,False,False,15:+0.024(13.0) 16:-0.016(23.0) 17:-0.020(24.0) 18:-0.032(17.0) 19:-0.063(24.0) 20:-0.194(17.0) 21:+0.001(26.0) 22:+0.034(20.0) 23:-0.033(23.0) 24:-0.057(24.0) 25:+0.063(19.0) 26:-0.066(21.0),2015-01-21,2026-09-23,0,,,,,,,-7.5187,20.251,-5.9692,15.006,-1.5496,5.2447,-4.7448
rb,GBPAUD,forex,False,ny_fx,H1,60,RB,0,False,False,M15,3033,1572,0.5183,-0.07903,-4.9848,0.42366,-0.039609,0.039421,1210,-0.080364,362,-0.074569,2016,-0.2405,0,-0.037431,0.0041677,False,False,15:-0.138(147.0) 16:-0.240(127.0) 17:-0.022(130.0) 18:-0.031(136.0) 19:-0.068(130.0) 20:-0.084(141.0) 21:-0.009(128.0) 22:-0.061(134.0) 23:-0.069(137.0) 24:-0.079(136.0) 25:-0.078(126.0) 26:-0.064(100.0),2015-01-06,2026-10-06,,1002,-0.04787,565,-0.12548,5,-1.0748,-124.23,630.56,-97.241,492.11,-26.994,138.45,-58.842
dt,GBPCAD,forex,False,london24,M15,15,k=0.3,0.3,False,False,M15,3039,2342,0.77065,-0.013892,-1.0811,0.47011,0.015277,0.029169,1778,-0.013995,564,-0.013567,2016,-0.042736,0.16667,-0.027969,-0.042047,True,False,15:-0.040(205.0) 16:-0.043(193.0) 17:-0.008(180.0) 18:-0.010(199.0) 19:-0.006(187.0) 20:+0.045(200.0) 21:-0.037(211.0) 22:-0.012(191.0) 23:-0.014(212.0) 24:+0.012(200.0) 25:-0.030(205.0) 26:-0.024(159.0),2015-01-09,2026-10-07,0.0046968,,,,,,,-32.534,905.7,-24.882,709.03,-7.652,196.67,-65.504
dt,GBPCAD,forex,False,london24,M15,15,k=0.5,0.5,False,False,M15,3039,1141,0.37545,-0.01836,-1.5286,0.45486,0.00058587,0.018946,865,-0.013442,276,-0.033775,2026,-0.091991,0.25,-0.018343,-0.018327,False,False,15:-0.012(103.0) 16:-0.010(92.0) 17:+0.002(86.0) 18:-0.039(96.0) 19:+0.038(82.0) 20:+0.027(99.0) 21:-0.051(110.0) 22:-0.042(95.0) 23:-0.021(102.0) 24:-0.009(100.0) 25:-0.012(98.0) 26:-0.092(78.0),2015-01-09,2026-10-07,0.0017528,,,,,,,-20.949,188.04,-11.627,145.79,-9.3219,42.249,-20.93
dt,GBPCAD,forex,False,london24,M15,15,k=0.7,0.7,False,False,M15,3039,542,0.17835,-0.013421,-0.99571,0.4262,0.0014808,0.014902,399,-0.0036327,143,-0.040734,2026,-0.051878,0.33333,-0.014143,-0.014864,True,False,15:+0.010(46.0) 16:-0.003(44.0) 17:+0.028(38.0) 18:-0.018(49.0) 19:+0.009(39.0) 20:-0.041(50.0) 21:-0.016(51.0) 22:-0.014(39.0) 23:+0.025(43.0) 24:-0.029(53.0) 25:-0.044(49.0) 26:-0.052(41.0),2015-01-09,2026-10-06,0,,,,,,,-7.2743,53.372,-1.4494,42.593,-5.8249,10.779,-7.6654
rb,GBPCAD,forex,False,london24,M15,15,RB,0,False,False,M15,3039,933,0.30701,-0.01629,-0.64935,0.44266,0.026152,0.042442,710,-0.023452,223,0.0065125,2018,-0.17682,0.41667,-0.036821,-0.057351,True,False,15:-0.165(73.0) 16:-0.037(82.0) 17:+0.103(85.0) 18:-0.177(82.0) 19:-0.025(72.0) 20:+0.087(79.0) 21:+0.065(77.0) 22:+0.007(91.0) 23:-0.094(69.0) 24:-0.046(85.0) 25:+0.086(82.0) 26:-0.030(56.0),2015-01-08,2026-10-07,,438,-0.01518,493,-0.013089,2,-1.0484,-15.198,547.48,-16.651,428.78,1.4523,118.7,-34.354
dt,GBPCAD,forex,False,london24,M30,30,k=0.3,0.3,False,False,M15,3039,2340,0.76999,-0.013277,-1.0341,0.47094,0.016114,0.02939,1777,-0.013771,563,-0.011717,2015,-0.040568,0.16667,-0.028296,-0.043315,True,False,15:-0.041(205.0) 16:-0.038(192.0) 17:-0.008(180.0) 18:-0.009(199.0) 19:-0.008(187.0) 20:+0.045(200.0) 21:-0.037(211.0) 22:-0.012(191.0) 23:-0.014(212.0) 24:+0.012(200.0) 25:-0.025(204.0) 26:-0.024(159.0),2015-01-09,2026-10-07,0.007265,,,,,,,-31.067,902.6,-24.471,707.05,-6.5967,195.55,-66.212
dt,GBPCAD,forex,False,london24,M30,30,k=0.5,0.5,False,False,M15,3039,1141,0.37545,-0.018385,-1.5306,0.45311,0.00066748,0.019052,865,-0.013529,276,-0.033602,2026,-0.091994,0.25,-0.018449,-0.018514,True,False,15:-0.012(103.0) 16:-0.010(92.0) 17:+0.002(86.0) 18:-0.039(96.0) 19:+0.038(82.0) 20:+0.027(99.0) 21:-0.050(110.0) 22:-0.042(95.0) 23:-0.021(102.0) 24:-0.009(100.0) 25:-0.012(98.0) 26:-0.092(78.0),2015-01-09,2026-10-07,0.0017528,,,,,,,-20.977,188.04,-11.703,145.8,-9.274,42.241,-21.051
dt,GBPCAD,forex,False,london24,M30,30,k=0.7,0.7,False,False,M15,3039,542,0.17835,-0.013255,-0.98318,0.4262,0.0014808,0.014735,399,-0.0034301,143,-0.040667,2026,-0.051764,0.33333,-0.013976,-0.014698,True,False,15:+0.010(46.0) 16:-0.003(44.0) 17:+0.028(38.0) 18:-0.018(49.0) 19:+0.009(39.0) 20:-0.039(50.0) 21:-0.016(51.0) 22:-0.014(39.0) 23:+0.025(43.0) 24:-0.029(53.0) 25:-0.044(49.0) 26:-0.052(41.0),2015-01-09,2026-10-06,0,,,,,,,-7.184,53.388,-1.3686,42.603,-5.8154,10.785,-7.5751
rb,GBPCAD,forex,False,london24,M30,30,RB,0,False,False,M15,3039,927,0.30503,-0.020431,-0.81226,0.44337,0.021803,0.042233,707,-0.031938,220,0.016548,2018,-0.187,0.33333,-0.036219,-0.052007,True,False,15:-0.165(73.0) 16:-0.037(82.0) 17:+0.076(85.0) 18:-0.187(82.0) 19:-0.029(70.0) 20:+0.090(79.0) 21:+0.069(76.0) 22:-0.004(91.0) 23:-0.123(69.0) 24:-0.030(83.0) 25:+0.097(81.0) 26:-0.030(56.0),2015-01-08,2026-10-07,,437,-0.019644,487,-0.014778,3,-1.0526,-18.939,543.47,-22.58,427.66,3.6407,115.81,-33.575
dt,GBPCAD,forex,False,london24,H1,60,k=0.3,0.3,False,True,M15,3039,2265,0.74531,-0.0085083,-0.64916,0.4755,0.02116,0.029669,1717,-0.0063531,548,-0.015261,2015,-0.059123,0.25,-0.027259,-0.046009,True,False,15:-0.059(196.0) 16:-0.034(181.0) 17:-0.003(174.0) 18:+0.000(189.0) 19:-0.010(181.0) 20:+0.066(190.0) 21:-0.002(209.0) 22:-0.002(187.0) 23:-0.013(210.0) 24:+0.004(199.0) 25:-0.025(196.0) 26:-0.029(153.0),2015-01-09,2026-10-07,0.013687,,,,,,,-19.271,881.07,-10.908,695.05,-8.363,186.02,-61.741
dt,GBPCAD,forex,False,london24,H1,60,k=0.5,0.5,False,True,M15,3039,1087,0.35768,-0.010285,-0.82421,0.46642,0.0089512,0.019236,823,-0.00090004,264,-0.039541,2026,-0.086327,0.25,-0.018146,-0.026008,True,False,15:-0.024(95.0) 16:-0.004(85.0) 17:+0.004(85.0) 18:-0.017(93.0) 19:+0.054(76.0) 20:+0.044(95.0) 21:-0.011(106.0) 22:-0.026(92.0) 23:-0.015(96.0) 24:-0.019(96.0) 25:-0.023(93.0) 26:-0.086(75.0),2015-01-09,2026-10-07,0.0018399,,,,,,,-11.18,183.93,-0.74073,143.23,-10.439,40.696,-19.725
dt,GBPCAD,forex,False,london24,H1,60,k=0.7,0.7,False,True,M15,3039,515,0.16946,-0.0054392,-0.38356,0.44272,0.0094637,0.014903,381,0.0096649,134,-0.048384,2025,-0.059409,0.5,-0.013415,-0.021391,True,False,15:+0.010(40.0) 16:-0.003(43.0) 17:+0.035(38.0) 18:-0.004(47.0) 19:+0.020(39.0) 20:-0.029(45.0) 21:+0.028(50.0) 22:+0.012(38.0) 23:+0.024(41.0) 24:-0.043(48.0) 25:-0.059(47.0) 26:-0.042(39.0),2015-01-20,2026-10-06,0,,,,,,,-2.8012,53.248,3.6823,42.285,-6.4835,10.963,-6.9087
rb,GBPCAD,forex,False,london24,H1,60,RB,0,False,True,M15,3039,860,0.28299,-0.044827,-1.6969,0.43721,-0.0030885,0.041739,654,-0.050515,206,-0.026771,2015,-0.23339,0.41667,-0.036421,-0.028014,False,False,15:-0.233(65.0) 16:-0.108(74.0) 17:+0.096(81.0) 18:-0.210(76.0) 19:-0.030(65.0) 20:+0.064(72.0) 21:+0.081(72.0) 22:+0.030(85.0) 23:-0.199(64.0) 24:-0.079(80.0) 25:+0.029(76.0) 26:-0.027(50.0),2015-01-08,2026-10-07,,411,-0.016613,445,-0.061581,4,-1.08,-38.552,517.29,-33.037,413.07,-5.5149,104.21,-31.322
dt,GBPCAD,forex,False,ny_fx,M15,15,k=0.3,0.3,False,False,M15,3035,1934,0.63723,-0.030912,-2.6408,0.45553,0.0013059,0.032218,1487,-0.033191,447,-0.023333,2016,-0.11575,0.25,-0.034597,-0.038282,True,False,15:-0.082(180.0) 16:-0.116(169.0) 17:-0.027(160.0) 18:-0.030(172.0) 19:-0.059(154.0) 20:+0.024(155.0) 21:+0.000(174.0) 22:-0.019(157.0) 23:+0.016(166.0) 24:-0.025(157.0) 25:-0.003(153.0) 26:-0.043(137.0),2015-01-08,2026-10-06,0.0062048,,,,,,,-59.785,514.11,-49.355,386.18,-10.43,127.93,-66.912
dt,GBPCAD,forex,False,ny_fx,M15,15,k=0.5,0.5,False,False,M15,3035,840,0.27677,-0.036609,-3.1942,0.45238,-0.015584,0.021025,644,-0.038427,196,-0.030633,2019,-0.06584,0,-0.023563,-0.010517,False,False,15:-0.053(77.0) 16:-0.062(64.0) 17:-0.001(69.0) 18:-0.064(70.0) 19:-0.066(69.0) 20:-0.021(72.0) 21:-0.025(76.0) 22:-0.041(65.0) 23:-0.019(82.0) 24:-0.032(75.0) 25:-0.027(66.0) 26:-0.034(55.0),2015-01-09,2026-10-06,0.0035714,,,,,,,-30.751,93.7,-24.747,67.796,-6.0041,25.904,-19.793
dt,GBPCAD,forex,False,ny_fx,M15,15,k=0.7,0.7,False,False,M15,3035,375,0.12356,-0.045158,-3.5477,0.39467,-0.027683,0.017476,286,-0.049156,89,-0.032311,2015,-0.10429,0.16667,-0.018952,0.0072543,False,False,15:-0.104(41.0) 16:-0.084(27.0) 17:-0.007(30.0) 18:-0.016(25.0) 19:-0.095(30.0) 20:-0.063(35.0) 21:-0.048(37.0) 22:-0.003(28.0) 23:+0.001(33.0) 24:-0.044(37.0) 25:-0.069(31.0) 26:+0.041(21.0),2015-01-09,2026-09-11,0,,,,,,,-16.934,23.488,-14.059,17.167,-2.8757,6.3213,-7.107
rb,GBPCAD,forex,False,ny_fx,M15,15,RB,0,False,False,M15,3035,1276,0.42043,-0.05512,-2.9453,0.42633,-0.013949,0.041172,964,-0.041047,312,-0.098605,2016,-0.15216,0.16667,-0.043857,-0.032593,False,False,15:-0.036(98.0) 16:-0.152(116.0) 17:-0.033(107.0) 18:-0.099(112.0) 19:+0.043(101.0) 20:-0.006(117.0) 21:-0.086(105.0) 22:-0.031(111.0) 23:+0.052(97.0) 24:-0.117(114.0) 25:-0.090(112.0) 26:-0.086(86.0),2015-01-05,2026-10-07,,718,-0.039426,554,-0.068246,4,-1.0544,-70.334,573.69,-39.569,440.35,-30.765,133.33,-55.961
dt,GBPCAD,forex,False,ny_fx,M30,30,k=0.3,0.3,False,False,M15,3035,1933,0.6369,-0.031375,-2.6828,0.45525,0.00075324,0.032128,1487,-0.033711,446,-0.023586,2016,-0.11582,0.25,-0.034422,-0.037469,True,False,15:-0.082(180.0) 16:-0.116(169.0) 17:-0.027(160.0) 18:-0.036(172.0) 19:-0.059(154.0) 20:+0.026(155.0) 21:+0.001(174.0) 22:-0.019(157.0) 23:+0.015(166.0) 24:-0.030(157.0) 25:-0.003(153.0) 26:-0.039(136.0),2015-01-08,2026-10-06,0.00776,,,,,,,-60.648,512.67,-50.128,385.93,-10.519,126.74,-66.538
dt,GBPCAD,forex,False,ny_fx,M30,30,k=0.5,0.5,False,False,M15,3035,839,0.27644,-0.037099,-3.2369,0.45173,-0.015661,0.021438,643,-0.039161,196,-0.030331,2018,-0.067232,0,-0.023979,-0.010859,False,False,15:-0.054(77.0) 16:-0.062(64.0) 17:-0.001(69.0) 18:-0.067(69.0) 19:-0.066(69.0) 20:-0.025(72.0) 21:-0.024(76.0) 22:-0.041(65.0) 23:-0.019(82.0) 24:-0.031(75.0) 25:-0.027(66.0) 26:-0.033(55.0),2015-01-09,2026-10-06,0.0047676,,,,,,,-31.126,93.508,-25.181,67.57,-5.9449,25.938,-20.118
dt,GBPCAD,forex,False,ny_fx,M30,30,k=0.7,0.7,False,False,M15,3035,375,0.12356,-0.045039,-3.5365,0.39733,-0.027683,0.017356,286,-0.049037,89,-0.032191,2015,-0.1045,0.16667,-0.018833,0.0073738,False,False,15:-0.105(41.0) 16:-0.084(27.0) 17:-0.007(30.0) 18:-0.016(25.0) 19:-0.095(30.0) 20:-0.062(35.0) 21:-0.048(37.0) 22:-0.003(28.0) 23:+0.000(33.0) 24:-0.044(37.0) 25:-0.069(31.0) 26:+0.042(21.0),2015-01-09,2026-09-11,0,,,,,,,-16.89,23.508,-14.025,17.184,-2.865,6.3242,-7.0622
rb,GBPCAD,forex,False,ny_fx,M30,30,RB,0,False,False,M15,3035,1271,0.41878,-0.065626,-3.5397,0.4225,-0.024615,0.041011,961,-0.052286,310,-0.10698,2016,-0.15714,0.25,-0.044905,-0.024184,False,False,15:-0.047(98.0) 16:-0.157(116.0) 17:-0.077(107.0) 18:-0.132(111.0) 19:+0.019(100.0) 20:+0.004(117.0) 21:-0.077(104.0) 22:-0.035(111.0) 23:+0.051(97.0) 24:-0.134(113.0) 25:-0.097(112.0) 26:-0.085(85.0),2015-01-05,2026-10-07,,716,-0.044536,549,-0.082322,6,-1.0548,-83.411,560.31,-50.247,427.17,-33.164,133.14,-57.075
dt,GBPCAD,forex,False,ny_fx,H1,60,k=0.3,0.3,False,False,M15,3035,1929,0.63558,-0.029282,-2.5181,0.45723,0.0028714,0.032154,1483,-0.030935,446,-0.023787,2016,-0.11442,0.25,-0.034681,-0.04008,True,False,15:-0.065(178.0) 16:-0.114(168.0) 17:-0.033(160.0) 18:-0.034(172.0) 19:-0.055(153.0) 20:+0.027(155.0) 21:+0.004(174.0) 22:-0.019(157.0) 23:+0.015(166.0) 24:-0.031(157.0) 25:-0.003(153.0) 26:-0.039(136.0),2015-01-08,2026-10-06,0.013997,,,,,,,-56.486,504.59,-45.877,377.92,-10.609,126.67,-66.9
dt,GBPCAD,forex,False,ny_fx,H1,60,k=0.5,0.5,False,False,M15,3035,839,0.27644,-0.036068,-3.1622,0.45054,-0.01477,0.021298,643,-0.037832,196,-0.030282,2018,-0.068043,0,-0.023839,-0.01161,False,False,15:-0.048(77.0) 16:-0.062(64.0) 17:-0.001(69.0) 18:-0.068(69.0) 19:-0.066(69.0) 20:-0.022(72.0) 21:-0.019(76.0) 22:-0.041(65.0) 23:-0.019(82.0) 24:-0.031(75.0) 25:-0.027(66.0) 26:-0.033(55.0),2015-01-09,2026-10-06,0.0047676,,,,,,,-30.261,92.563,-24.326,66.62,-5.9352,25.943,-20.001
dt,GBPCAD,forex,False,ny_fx,H1,60,k=0.7,0.7,False,False,M15,3035,375,0.12356,-0.04436,-3.5002,0.4,-0.027199,0.017161,286,-0.048275,89,-0.031781,2015,-0.10099,0.16667,-0.018637,0.0070861,False,False,15:-0.101(41.0) 16:-0.084(27.0) 17:-0.007(30.0) 18:-0.016(25.0) 19:-0.095(30.0) 20:-0.059(35.0) 21:-0.048(37.0) 22:-0.003(28.0) 23:+0.000(33.0) 24:-0.043(37.0) 25:-0.068(31.0) 26:+0.042(21.0),2015-01-09,2026-09-11,0,,,,,,,-16.635,23.265,-13.807,16.927,-2.8285,6.3384,-6.9889
rb,GBPCAD,forex,False,ny_fx,H1,60,RB,0,False,False,M15,3035,1250,0.41186,-0.074314,-4.1076,0.42,-0.034243,0.04007,942,-0.063873,308,-0.10625,2016,-0.17994,0.083333,-0.045233,-0.016151,False,False,15:-0.090(97.0) 16:-0.180(114.0) 17:-0.039(102.0) 18:-0.144(108.0) 19:-0.011(98.0) 20:-0.005(116.0) 21:-0.068(103.0) 22:-0.059(109.0) 23:+0.039(95.0) 24:-0.106(112.0) 25:-0.119(112.0) 26:-0.090(84.0),2015-01-05,2026-10-07,,714,-0.04599,530,-0.10145,6,-1.0474,-92.892,517.91,-60.169,391.34,-32.724,126.56,-56.541
dt,GBPCHF,forex,False,london24,M15,15,k=0.3,0.3,False,False,M15,3046,2393,0.78562,-0.027135,-1.7648,0.4509,0.0060276,0.033162,1831,-0.028996,562,-0.021071,2023,-0.085794,0.25,-0.029716,-0.032296,True,False,15:+0.035(196.0) 16:+0.027(187.0) 17:-0.047(195.0) 18:-0.084(219.0) 19:-0.003(194.0) 20:-0.030(219.0) 21:-0.049(206.0) 22:-0.008(198.0) 23:-0.086(217.0) 24:+0.042(187.0) 25:-0.082(220.0) 26:-0.012(155.0),2015-01-09,2026-10-07,0.0033431,,,,,,,-64.934,1355,-53.092,1125.3,-11.842,229.71,-71.109
dt,GBPCHF,forex,False,london24,M15,15,k=0.5,0.5,False,False,M15,3046,1118,0.36704,0.0051905,0.3244,0.46869,0.026335,0.021145,849,0.0045893,269,0.0070882,2017,-0.059315,0.5,-0.014101,-0.033392,True,False,15:+0.085(89.0) 16:+0.033(86.0) 17:-0.059(97.0) 18:-0.045(108.0) 19:+0.072(88.0) 20:-0.005(99.0) 21:-0.028(95.0) 22:+0.043(90.0) 23:-0.030(97.0) 24:+0.023(91.0) 25:-0.028(105.0) 26:+0.038(73.0),2015-01-09,2026-10-02,0.00089445,,,,,,,5.803,319.74,3.8963,279.15,1.9067,40.592,-15.765
dt,GBPCHF,forex,False,london24,M15,15,k=0.7,0.7,False,False,M15,3046,571,0.18746,-0.00067068,-0.034466,0.43082,0.015744,0.016415,426,0.0018393,145,-0.0080447,2018,-0.059346,0.58333,-0.010088,-0.019505,True,False,15:+0.177(44.0) 16:+0.014(45.0) 17:-0.042(38.0) 18:-0.059(55.0) 19:+0.003(57.0) 20:+0.001(46.0) 21:-0.018(43.0) 22:+0.002(49.0) 23:-0.047(49.0) 24:+0.030(45.0) 25:-0.046(59.0) 26:+0.004(41.0),2015-01-13,2026-10-01,0,,,,,,,-0.38296,123.24,0.78353,112.31,-1.1665,10.937,-5.7602
rb,GBPCHF,forex,False,london24,M15,15,RB,0,False,False,M15,3046,901,0.2958,-0.060285,-2.5845,0.4384,-0.012297,0.047988,692,-0.063419,209,-0.049909,2015,-0.15133,0.25,-0.062858,-0.065431,True,False,15:-0.151(74.0) 16:-0.015(69.0) 17:-0.132(83.0) 18:-0.118(76.0) 19:-0.065(76.0) 20:+0.009(77.0) 21:+0.015(80.0) 22:-0.048(79.0) 23:-0.063(78.0) 24:-0.087(71.0) 25:-0.080(75.0) 26:+0.027(63.0),2015-01-15,2026-10-06,,447,-0.033312,452,-0.082625,2,-1.0398,-54.317,444.47,-43.886,323.08,-10.431,121.39,-56.635
dt,GBPCHF,forex,False,london24,M30,30,k=0.3,0.3,False,False,M15,3046,2393,0.78562,-0.027576,-1.7949,0.45048,0.0058522,0.033428,1831,-0.029598,562,-0.020987,2023,-0.086306,0.25,-0.029748,-0.03192,True,False,15:+0.035(196.0) 16:+0.027(187.0) 17:-0.047(195.0) 18:-0.085(219.0) 19:-0.004(194.0) 20:-0.030(219.0) 21:-0.049(206.0) 22:-0.011(198.0) 23:-0.086(217.0) 24:+0.042(187.0) 25:-0.082(220.0) 26:-0.012(155.0),2015-01-09,2026-10-07,0.0058504,,,,,,,-65.989,1352.9,-54.194,1123.2,-11.795,229.72,-71.187
dt,GBPCHF,forex,False,london24,M30,30,k=0.5,0.5,False,False,M15,3046,1118,0.36704,0.0047757,0.29884,0.46869,0.026119,0.021344,849,0.0039811,269,0.0072836,2017,-0.059032,0.5,-0.014299,-0.033375,True,False,15:+0.085(89.0) 16:+0.032(86.0) 17:-0.059(97.0) 18:-0.046(108.0) 19:+0.071(88.0) 20:-0.005(99.0) 21:-0.029(95.0) 22:+0.040(90.0) 23:-0.030(97.0) 24:+0.023(91.0) 25:-0.027(105.0) 26:+0.038(73.0),2015-01-09,2026-10-02,0.00089445,,,,,,,5.3392,318.95,3.38,278.35,1.9593,40.598,-15.987
dt,GBPCHF,forex,False,london24,M30,30,k=0.7,0.7,False,False,M15,3046,571,0.18746,-0.00061394,-0.031586,0.43082,0.015744,0.016358,426,0.001917,145,-0.0080497,2018,-0.059273,0.58333,-0.010031,-0.019449,True,False,15:+0.177(44.0) 16:+0.013(45.0) 17:-0.043(38.0) 18:-0.059(55.0) 19:+0.003(57.0) 20:+0.001(46.0) 21:-0.016(43.0) 22:+0.002(49.0) 23:-0.047(49.0) 24:+0.030(45.0) 25:-0.046(59.0) 26:+0.004(41.0),2015-01-13,2026-10-01,0,,,,,,,-0.35056,122.96,0.81665,112.02,-1.1672,10.947,-5.7278
rb,GBPCHF,forex,False,london24,M30,30,RB,0,False,False,M15,3046,897,0.29448,-0.066324,-2.8932,0.43813,-0.018395,0.04793,689,-0.072091,208,-0.047224,2017,-0.21911,0.25,-0.064638,-0.062952,False,False,15:-0.147(74.0) 16:-0.016(69.0) 17:-0.219(83.0) 18:-0.123(75.0) 19:-0.074(76.0) 20:+0.003(76.0) 21:+0.011(80.0) 22:-0.009(78.0) 23:-0.064(78.0) 24:-0.081(70.0) 25:-0.078(75.0) 26:+0.027(63.0),2015-01-15,2026-10-06,,445,-0.037062,449,-0.088813,3,-1.0411,-59.493,426.31,-49.67,305.06,-9.8227,121.25,-57.981
dt,GBPCHF,forex,False,london24,H1,60,k=0.3,0.3,False,True,M15,3046,2332,0.76559,-0.021236,-1.3922,0.44597,0.012543,0.033779,1781,-0.023512,551,-0.01388,2023,-0.092038,0.41667,-0.029706,-0.038176,True,False,15:+0.030(192.0) 16:+0.036(181.0) 17:-0.051(191.0) 18:-0.088(213.0) 19:+0.006(189.0) 20:-0.015(213.0) 21:-0.032(197.0) 22:+0.010(194.0) 23:-0.092(211.0) 24:+0.037(183.0) 25:-0.059(217.0) 26:-0.011(151.0),2015-01-09,2026-10-07,0.011578,,,,,,,-49.523,1265.8,-41.875,1044.3,-7.6479,221.49,-69.275
dt,GBPCHF,forex,False,london24,H1,60,k=0.5,0.5,False,True,M15,3046,1075,0.35292,0.0085927,0.53708,0.46605,0.030097,0.021504,813,0.0076814,262,0.01142,2017,-0.055099,0.58333,-0.014251,-0.037096,True,False,15:+0.078(84.0) 16:+0.032(84.0) 17:-0.055(92.0) 18:-0.052(103.0) 19:+0.067(84.0) 20:+0.014(95.0) 21:-0.015(93.0) 22:+0.064(85.0) 23:-0.038(93.0) 24:+0.022(86.0) 25:-0.015(103.0) 26:+0.035(73.0),2015-01-09,2026-10-02,0.00093023,,,,,,,9.2371,295.6,6.245,256.25,2.9921,39.353,-15.32
dt,GBPCHF,forex,False,london24,H1,60,k=0.7,0.7,False,True,M15,3046,545,0.17892,0.0047718,0.2463,0.45505,0.020905,0.016133,407,0.0059719,138,0.0012324,2018,-0.070799,0.58333,-0.010198,-0.025169,True,False,15:+0.162(41.0) 16:+0.019(43.0) 17:-0.035(38.0) 18:-0.071(52.0) 19:+0.006(53.0) 20:+0.011(43.0) 21:-0.009(43.0) 22:+0.032(47.0) 23:-0.042(47.0) 24:+0.042(41.0) 25:-0.035(57.0) 26:+0.011(40.0),2015-01-13,2026-10-01,0,,,,,,,2.6006,111.3,2.4306,100.83,0.17007,10.463,-5.5581
rb,GBPCHF,forex,False,london24,H1,60,RB,0,False,True,M15,3046,839,0.27544,-0.080392,-3.3329,0.43862,-0.032312,0.048079,641,-0.081601,198,-0.076476,2015,-0.17217,0.25,-0.064954,-0.049515,False,False,15:-0.172(72.0) 16:+0.040(64.0) 17:-0.143(82.0) 18:-0.150(66.0) 19:-0.059(69.0) 20:+0.005(71.0) 21:-0.017(73.0) 22:-0.104(73.0) 23:-0.117(71.0) 24:-0.072(67.0) 25:-0.163(69.0) 26:+0.014(62.0),2015-01-15,2026-10-06,,418,-0.044159,417,-0.10742,4,-1.0493,-67.449,414.48,-52.306,298.97,-15.142,115.51,-54.496
dt,GBPCHF,forex,False,ny_fx,M15,15,k=0.3,0.3,False,False,M15,3043,1734,0.56983,-0.057959,-4.5345,0.43137,-0.019629,0.03833,1294,-0.044191,440,-0.098451,2026,-0.12162,0,-0.039734,-0.02151,False,False,15:-0.069(141.0) 16:-0.108(120.0) 17:-0.014(141.0) 18:-0.084(157.0) 19:-0.006(144.0) 20:-0.058(137.0) 21:-0.008(151.0) 22:-0.040(145.0) 23:-0.022(158.0) 24:-0.080(150.0) 25:-0.097(164.0) 26:-0.122(126.0),2015-01-09,2026-10-02,0.0063437,,,,,,,-100.5,496.76,-57.183,353.68,-43.318,143.08,-68.899
dt,GBPCHF,forex,False,ny_fx,M15,15,k=0.5,0.5,False,False,M15,3043,669,0.21985,-0.029325,-2.1237,0.42152,-0.0031655,0.026159,500,-0.022546,169,-0.049379,2018,-0.092609,0.25,-0.025953,-0.022581,False,False,15:-0.030(62.0) 16:-0.061(40.0) 17:+0.042(45.0) 18:-0.093(59.0) 19:-0.050(70.0) 20:-0.039(50.0) 21:+0.031(54.0) 22:-0.025(58.0) 23:+0.029(62.0) 24:-0.072(57.0) 25:-0.054(63.0) 26:-0.018(49.0),2015-01-15,2026-10-01,0.0014948,,,,,,,-19.618,85.783,-11.273,60.639,-8.3451,25.144,-17.362
dt,GBPCHF,forex,False,ny_fx,M15,15,k=0.7,0.7,False,False,M15,3043,278,0.091357,-0.015737,-0.92823,0.42446,0.0051978,0.020935,210,-0.022759,68,0.0059471,2016,-0.14111,0.33333,-0.023781,-0.031824,True,False,15:-0.031(28.0) 16:-0.141(25.0) 17:+0.154(16.0) 18:-0.052(22.0) 19:+0.017(25.0) 20:-0.034(17.0) 21:-0.016(23.0) 22:-0.025(26.0) 23:-0.020(28.0) 24:-0.041(22.0) 25:+0.013(24.0) 26:+0.045(22.0),2015-01-15,2026-10-01,0,,,,,,,-4.3749,22.203,-4.7793,16.676,0.4044,5.5272,-6.6111
rb,GBPCHF,forex,False,ny_fx,M15,15,RB,0,False,False,M15,3043,1473,0.48406,-0.086561,-5.1745,0.40665,-0.035082,0.051479,1144,-0.072164,329,-0.13662,2015,-0.225,0.16667,-0.051274,-0.015987,False,False,15:-0.225(121.0) 16:-0.116(147.0) 17:-0.023(142.0) 18:-0.101(135.0) 19:-0.035(118.0) 20:-0.083(135.0) 21:+0.031(113.0) 22:+0.037(116.0) 23:-0.118(117.0) 24:-0.107(122.0) 25:-0.189(120.0) 26:-0.105(87.0),2015-01-06,2026-10-07,,884,-0.026872,588,-0.17463,1,-1.0691,-127.5,617.8,-82.556,474.77,-44.948,143.03,-75.527
dt,GBPCHF,forex,False,ny_fx,M30,30,k=0.3,0.3,False,False,M15,3043,1734,0.56983,-0.059801,-4.6962,0.43022,-0.021216,0.038586,1294,-0.046896,440,-0.097755,2026,-0.11956,0,-0.040629,-0.021458,False,False,15:-0.074(141.0) 16:-0.114(120.0) 17:-0.023(141.0) 18:-0.085(157.0) 19:-0.007(144.0) 20:-0.057(137.0) 21:-0.009(151.0) 22:-0.040(145.0) 23:-0.025(158.0) 24:-0.080(150.0) 25:-0.097(164.0) 26:-0.120(126.0),2015-01-09,2026-10-02,0.0092272,,,,,,,-103.7,493.48,-60.683,350.07,-43.012,143.42,-70.451
dt,GBPCHF,forex,False,ny_fx,M30,30,k=0.5,0.5,False,False,M15,3043,669,0.21985,-0.030013,-2.1838,0.42152,-0.0039081,0.026105,500,-0.023501,169,-0.049278,2018,-0.09283,0.25,-0.025956,-0.0219,False,False,15:-0.030(62.0) 16:-0.061(40.0) 17:+0.030(45.0) 18:-0.093(59.0) 19:-0.050(70.0) 20:-0.039(50.0) 21:+0.034(54.0) 22:-0.025(58.0) 23:+0.029(62.0) 24:-0.072(57.0) 25:-0.054(63.0) 26:-0.017(49.0),2015-01-15,2026-10-01,0.0029895,,,,,,,-20.079,85.01,-11.751,59.856,-8.3279,25.154,-17.365
dt,GBPCHF,forex,False,ny_fx,M30,30,k=0.7,0.7,False,False,M15,3043,278,0.091357,-0.015448,-0.91169,0.42806,0.0051978,0.020646,210,-0.022485,68,0.0062826,2016,-0.14118,0.33333,-0.023492,-0.031536,True,False,15:-0.031(28.0) 16:-0.141(25.0) 17:+0.155(16.0) 18:-0.052(22.0) 19:+0.016(25.0) 20:-0.034(17.0) 21:-0.012(23.0) 22:-0.025(26.0) 23:-0.020(28.0) 24:-0.041(22.0) 25:+0.013(24.0) 26:+0.046(22.0),2015-01-15,2026-10-01,0,,,,,,,-4.2947,22.177,-4.7219,16.656,0.42722,5.5211,-6.5308
rb,GBPCHF,forex,False,ny_fx,M30,30,RB,0,False,False,M15,3043,1468,0.48242,-0.089786,-5.4441,0.40736,-0.039012,0.050774,1140,-0.080891,328,-0.1207,2015,-0.20404,0.16667,-0.051155,-0.012524,False,False,15:-0.204(119.0) 16:-0.123(146.0) 17:-0.062(142.0) 18:-0.150(135.0) 19:-0.029(118.0) 20:-0.072(134.0) 21:+0.056(113.0) 22:+0.022(116.0) 23:-0.142(117.0) 24:-0.093(122.0) 25:-0.156(119.0) 26:-0.112(87.0),2015-01-06,2026-10-07,,881,-0.026518,585,-0.18177,2,-1.054,-131.81,597.6,-92.215,449.59,-39.59,148.01,-75.095
dt,GBPCHF,forex,False,ny_fx,H1,60,k=0.3,0.3,False,False,M15,3043,1731,0.56885,-0.059571,-4.6645,0.43154,-0.020983,0.038587,1291,-0.045957,440,-0.099513,2026,-0.12603,0.083333,-0.041876,-0.024182,False,False,15:-0.078(140.0) 16:-0.116(120.0) 17:-0.023(141.0) 18:-0.085(157.0) 19:+0.007(142.0) 20:-0.056(137.0) 21:-0.009(151.0) 22:-0.040(145.0) 23:-0.025(158.0) 24:-0.080(150.0) 25:-0.097(164.0) 26:-0.126(126.0),2015-01-09,2026-10-02,0.011554,,,,,,,-103.12,494.57,-59.331,351.71,-43.786,142.86,-72.488
dt,GBPCHF,forex,False,ny_fx,H1,60,k=0.5,0.5,False,False,M15,3043,668,0.21952,-0.028986,-2.1071,0.42066,-0.003004,0.025982,499,-0.022154,169,-0.04916,2018,-0.093068,0.25,-0.026398,-0.023811,False,False,15:-0.020(61.0) 16:-0.062(40.0) 17:+0.030(45.0) 18:-0.093(59.0) 19:-0.050(70.0) 20:-0.039(50.0) 21:+0.035(54.0) 22:-0.025(58.0) 23:+0.029(62.0) 24:-0.072(57.0) 25:-0.054(63.0) 26:-0.017(49.0),2015-01-15,2026-10-01,0.005988,,,,,,,-19.363,84.874,-11.055,59.723,-8.308,25.151,-17.634
dt,GBPCHF,forex,False,ny_fx,H1,60,k=0.7,0.7,False,False,M15,3043,278,0.091357,-0.015386,-0.9079,0.42806,0.0051978,0.020584,210,-0.022492,68,0.0065603,2016,-0.14114,0.33333,-0.023429,-0.031473,True,False,15:-0.031(28.0) 16:-0.141(25.0) 17:+0.154(16.0) 18:-0.052(22.0) 19:+0.016(25.0) 20:-0.034(17.0) 21:-0.011(23.0) 22:-0.025(26.0) 23:-0.020(28.0) 24:-0.041(22.0) 25:+0.013(24.0) 26:+0.047(22.0),2015-01-15,2026-10-01,0,,,,,,,-4.2773,22.181,-4.7234,16.664,0.4461,5.5171,-6.5134
rb,GBPCHF,forex,False,ny_fx,H1,60,RB,0,False,False,M15,3043,1456,0.47848,-0.096612,-6.082,0.40385,-0.046855,0.049757,1129,-0.090711,327,-0.11699,2015,-0.18173,0.16667,-0.051232,-0.0058509,False,False,15:-0.182(118.0) 16:-0.129(146.0) 17:-0.068(140.0) 18:-0.143(133.0) 19:-0.119(118.0) 20:-0.080(134.0) 21:+0.027(113.0) 22:+0.017(115.0) 23:-0.124(112.0) 24:-0.063(122.0) 25:-0.177(119.0) 26:-0.111(86.0),2015-01-06,2026-10-07,,880,-0.035204,566,-0.17447,10,-1.094,-140.67,548.16,-102.41,409.58,-38.255,138.58,-74.593
dt,GBPJPY,forex,False,london24,M15,15,k=0.3,0.3,False,False,M15,3045,2259,0.74187,0.0090794,0.65401,0.47278,0.037209,0.02813,1726,0.012085,533,-0.00065464,2019,-0.073559,0.58333,-0.021527,-0.052133,True,False,15:-0.006(203.0) 16:+0.092(163.0) 17:-0.020(200.0) 18:+0.028(198.0) 19:-0.074(206.0) 20:+0.039(196.0) 21:-0.026(194.0) 22:+0.093(175.0) 23:+0.010(191.0) 24:+0.010(186.0) 25:-0.037(201.0) 26:+0.036(146.0),2015-01-12,2026-10-07,0.0070828,,,,,,,20.51,983.25,20.859,725.91,-0.34892,257.34,-48.629
dt,GBPJPY,forex,False,london24,M15,15,k=0.5,0.5,False,False,M15,3045,1053,0.34581,0.013275,0.95712,0.49478,0.033287,0.020012,802,0.016558,251,0.0027852,2025,-0.060279,0.75,-0.015817,-0.04491,True,False,15:+0.011(97.0) 16:+0.044(84.0) 17:+0.005(90.0) 18:+0.018(95.0) 19:-0.039(95.0) 20:+0.066(88.0) 21:-0.058(83.0) 22:+0.064(85.0) 23:+0.043(85.0) 24:+0.038(82.0) 25:-0.060(97.0) 26:+0.047(72.0),2015-01-13,2026-10-07,0.002849,,,,,,,13.979,213.29,13.28,152.04,0.69907,61.252,-16.656
dt,GBPJPY,forex,False,london24,M15,15,k=0.7,0.7,False,False,M15,3045,517,0.16979,0.020824,1.3618,0.46422,0.037908,0.017085,401,0.018317,116,0.029489,2025,-0.073343,0.75,-0.014935,-0.050693,True,False,15:-0.015(46.0) 16:+0.010(46.0) 17:+0.024(43.0) 18:+0.114(36.0) 19:-0.029(52.0) 20:+0.011(46.0) 21:+0.008(38.0) 22:+0.051(45.0) 23:+0.016(49.0) 24:+0.017(43.0) 25:-0.073(46.0) 26:+0.224(27.0),2015-01-14,2026-09-25,0,,,,,,,10.766,62.597,7.3451,42.733,3.4207,19.864,-7.7214
rb,GBPJPY,forex,False,london24,M15,15,RB,0,False,False,M15,3045,937,0.30772,-0.020209,-0.80876,0.45571,0.022994,0.043203,711,0.0037272,226,-0.095513,2024,-0.13526,0.41667,-0.047864,-0.07552,True,False,15:-0.083(63.0) 16:+0.061(91.0) 17:-0.050(77.0) 18:+0.075(77.0) 19:+0.030(78.0) 20:+0.036(86.0) 21:+0.004(80.0) 22:-0.007(80.0) 23:-0.060(79.0) 24:-0.135(86.0) 25:-0.087(80.0) 26:-0.050(60.0),2015-01-14,2026-09-30,,488,0.021575,448,-0.063424,1,-1.0508,-18.936,547.98,2.6501,410.27,-21.586,137.71,-44.849
dt,GBPJPY,forex,False,london24,M30,30,k=0.3,0.3,False,False,M15,3045,2256,0.74089,0.010699,0.77402,0.4734,0.03867,0.027971,1726,0.012411,530,0.0051219,2019,-0.075216,0.58333,-0.021697,-0.054094,True,False,15:-0.006(203.0) 16:+0.093(163.0) 17:-0.021(200.0) 18:+0.028(198.0) 19:-0.075(206.0) 20:+0.041(196.0) 21:-0.026(194.0) 22:+0.091(175.0) 23:+0.014(191.0) 24:+0.010(186.0) 25:-0.032(200.0) 26:+0.050(144.0),2015-01-12,2026-10-07,0.0088652,,,,,,,24.137,972.24,21.422,717.95,2.7146,254.29,-48.949
dt,GBPJPY,forex,False,london24,M30,30,k=0.5,0.5,False,False,M15,3045,1053,0.34581,0.014038,1.0166,0.49573,0.033738,0.0197,802,0.017515,251,0.0029287,2025,-0.060106,0.75,-0.015505,-0.045048,True,False,15:+0.010(97.0) 16:+0.044(84.0) 17:+0.004(90.0) 18:+0.018(95.0) 19:-0.039(95.0) 20:+0.066(88.0) 21:-0.054(83.0) 22:+0.064(85.0) 23:+0.049(85.0) 24:+0.038(82.0) 25:-0.060(97.0) 26:+0.047(72.0),2015-01-13,2026-10-07,0.0047483,,,,,,,14.782,211.45,14.047,150.18,0.7351,61.268,-16.327
dt,GBPJPY,forex,False,london24,M30,30,k=0.7,0.7,False,False,M15,3045,517,0.16979,0.021568,1.4119,0.46422,0.037908,0.016341,401,0.01926,116,0.029546,2025,-0.073335,0.75,-0.014191,-0.049949,True,False,15:-0.015(46.0) 16:+0.010(46.0) 17:+0.023(43.0) 18:+0.114(36.0) 19:-0.029(52.0) 20:+0.017(46.0) 21:+0.012(38.0) 22:+0.051(45.0) 23:+0.016(49.0) 24:+0.017(43.0) 25:-0.073(46.0) 26:+0.225(27.0),2015-01-14,2026-09-25,0.0019342,,,,,,,11.15,62.493,7.7232,42.624,3.4273,19.87,-7.3367
rb,GBPJPY,forex,False,london24,M30,30,RB,0,False,False,M15,3045,937,0.30772,-0.022249,-0.89058,0.45784,0.019907,0.042156,711,0.00096295,226,-0.095276,2024,-0.13306,0.33333,-0.047588,-0.072927,True,False,15:-0.103(63.0) 16:+0.061(91.0) 17:-0.063(77.0) 18:+0.080(77.0) 19:+0.029(78.0) 20:+0.044(86.0) 21:-0.005(80.0) 22:-0.007(80.0) 23:-0.059(79.0) 24:-0.133(86.0) 25:-0.085(80.0) 26:-0.054(60.0),2015-01-14,2026-09-30,,488,0.022032,448,-0.0682,1,-1.0456,-20.848,547.87,0.68466,409.98,-21.532,137.89,-44.59
dt,GBPJPY,forex,False,london24,H1,60,k=0.3,0.3,False,True,M15,3045,2212,0.72644,0.020374,1.4574,0.48463,0.048186,0.027812,1694,0.022597,518,0.013103,2019,-0.071353,0.66667,-0.019805,-0.059984,True,False,15:-0.015(200.0) 16:+0.115(160.0) 17:-0.019(196.0) 18:+0.039(194.0) 19:-0.071(204.0) 20:+0.048(191.0) 21:+0.000(189.0) 22:+0.114(171.0) 23:+0.027(189.0) 24:+0.021(181.0) 25:-0.020(196.0) 26:+0.049(141.0),2015-01-12,2026-10-07,0.01311,,,,,,,45.067,956.74,38.279,697.46,6.7874,259.28,-43.809
dt,GBPJPY,forex,False,london24,H1,60,k=0.5,0.5,False,True,M15,3045,1024,0.33629,0.02165,1.5304,0.51172,0.040934,0.019284,780,0.024424,244,0.012781,2025,-0.04435,0.66667,-0.012888,-0.047426,True,False,15:-0.007(94.0) 16:+0.057(81.0) 17:+0.005(88.0) 18:+0.027(94.0) 19:-0.038(93.0) 20:+0.075(85.0) 21:-0.021(79.0) 22:+0.079(83.0) 23:+0.053(83.0) 24:+0.047(79.0) 25:-0.044(94.0) 26:+0.050(71.0),2015-01-13,2026-10-07,0.0048828,,,,,,,22.169,210.12,19.051,147.13,3.1186,62.985,-13.198
dt,GBPJPY,forex,False,london24,H1,60,k=0.7,0.7,False,True,M15,3045,494,0.16223,0.032225,2.0114,0.48785,0.047526,0.015301,382,0.028749,112,0.044082,2025,-0.056327,0.75,-0.011976,-0.056177,True,False,15:-0.021(44.0) 16:+0.019(43.0) 17:+0.017(41.0) 18:+0.125(34.0) 19:-0.025(47.0) 20:+0.032(44.0) 21:+0.053(38.0) 22:+0.064(44.0) 23:+0.023(47.0) 24:+0.024(42.0) 25:-0.056(44.0) 26:+0.247(26.0),2015-01-14,2026-09-25,0.0020243,,,,,,,15.919,63.028,10.982,42.257,4.9372,20.771,-5.9161
rb,GBPJPY,forex,False,london24,H1,60,RB,0,False,True,M15,3045,900,0.29557,-0.026307,-1.0383,0.46778,0.01453,0.040837,678,-0.010451,222,-0.074731,2015,-0.16765,0.41667,-0.046824,-0.067341,True,False,15:-0.168(60.0) 16:+0.049(90.0) 17:-0.101(74.0) 18:+0.044(73.0) 19:+0.023(74.0) 20:+0.051(80.0) 21:-0.002(75.0) 22:-0.004(75.0) 23:-0.032(77.0) 24:-0.153(86.0) 25:-0.079(77.0) 26:+0.044(59.0),2015-01-14,2026-09-30,,472,0.039539,424,-0.090027,4,-1.0417,-23.676,520.02,-7.0857,377.68,-16.59,142.34,-42.141
dt,GBPJPY,forex,False,ny_fx,M15,15,k=0.3,0.3,False,False,M15,3042,1592,0.52334,-0.025811,-1.8816,0.4397,0.011889,0.037699,1219,-0.036634,373,0.0095607,2020,-0.11328,0.41667,-0.034844,-0.043877,True,False,15:-0.031(143.0) 16:+0.009(107.0) 17:-0.074(147.0) 18:+0.013(129.0) 19:-0.041(152.0) 20:-0.113(146.0) 21:+0.046(129.0) 22:-0.084(130.0) 23:-0.032(136.0) 24:+0.016(133.0) 25:-0.025(142.0) 26:+0.051(98.0),2015-01-12,2026-10-05,0.004397,,,,,,,-41.091,477.68,-44.657,330.8,3.5661,146.88,-55.471
dt,GBPJPY,forex,False,ny_fx,M15,15,k=0.5,0.5,False,False,M15,3042,616,0.2025,-0.015085,-0.95876,0.43506,0.01145,0.026535,473,-0.037481,143,0.058995,2022,-0.12685,0.41667,-0.026933,-0.038782,True,False,15:-0.027(55.0) 16:+0.031(40.0) 17:-0.014(49.0) 18:+0.052(43.0) 19:-0.077(68.0) 20:-0.094(53.0) 21:-0.025(65.0) 22:-0.127(50.0) 23:-0.018(50.0) 24:+0.017(50.0) 25:+0.029(56.0) 26:+0.161(37.0),2015-01-12,2026-10-02,0,,,,,,,-9.2921,93.919,-17.728,64.214,8.4363,29.705,-16.591
dt,GBPJPY,forex,False,ny_fx,M15,15,k=0.7,0.7,False,False,M15,3042,262,0.086128,-0.0065367,-0.32008,0.42366,0.016104,0.022641,197,-0.038424,65,0.090107,2022,-0.19396,0.41667,-0.0203,-0.034063,True,False,15:-0.051(24.0) 16:-0.003(19.0) 17:-0.023(20.0) 18:+0.009(24.0) 19:-0.046(24.0) 20:-0.111(21.0) 21:-0.009(27.0) 22:-0.194(20.0) 23:+0.085(18.0) 24:+0.034(24.0) 25:+0.032(23.0) 26:+0.239(18.0),2015-01-12,2026-10-02,0,,,,,,,-1.7126,28.53,-7.5696,19.334,5.857,9.1957,-5.3185
rb,GBPJPY,forex,False,ny_fx,M15,15,RB,0,False,False,M15,3042,1584,0.52071,-0.046646,-2.7801,0.43371,0.0011777,0.047824,1186,-0.022204,398,-0.11948,2024,-0.1306,0.33333,-0.047091,-0.047536,True,False,15:-0.056(130.0) 16:-0.004(145.0) 17:-0.054(133.0) 18:-0.082(145.0) 19:+0.043(129.0) 20:-0.120(127.0) 21:+0.011(130.0) 22:+0.037(133.0) 23:+0.035(114.0) 24:-0.131(137.0) 25:-0.122(149.0) 26:-0.103(112.0),2015-01-05,2026-10-08,,992,-0.032537,592,-0.07029,0,,-73.888,709.37,-26.334,550.26,-47.554,159.11,-74.593
dt,GBPJPY,forex,False,ny_fx,M30,30,k=0.3,0.3,False,False,M15,3042,1592,0.52334,-0.026956,-1.9717,0.43844,0.011343,0.038299,1219,-0.038188,373,0.0097512,2020,-0.11532,0.41667,-0.03585,-0.044743,True,False,15:-0.031(143.0) 16:+0.009(107.0) 17:-0.077(147.0) 18:+0.013(129.0) 19:-0.041(152.0) 20:-0.115(146.0) 21:+0.042(129.0) 22:-0.086(130.0) 23:-0.033(136.0) 24:+0.016(133.0) 25:-0.025(142.0) 26:+0.051(98.0),2015-01-12,2026-10-05,0.0081658,,,,,,,-42.914,474.57,-46.551,327.72,3.6372,146.85,-57.073
dt,GBPJPY,forex,False,ny_fx,M30,30,k=0.5,0.5,False,False,M15,3042,616,0.2025,-0.014768,-0.94091,0.43506,0.011406,0.026174,473,-0.037104,143,0.059114,2022,-0.12679,0.41667,-0.026573,-0.038377,True,False,15:-0.026(55.0) 16:+0.031(40.0) 17:-0.015(49.0) 18:+0.051(43.0) 19:-0.077(68.0) 20:-0.087(53.0) 21:-0.027(65.0) 22:-0.127(50.0) 23:-0.018(50.0) 24:+0.017(50.0) 25:+0.029(56.0) 26:+0.161(37.0),2015-01-12,2026-10-02,0.0016234,,,,,,,-9.0969,93.457,-17.55,63.757,8.4534,29.7,-16.369
dt,GBPJPY,forex,False,ny_fx,M30,30,k=0.7,0.7,False,False,M15,3042,262,0.086128,-0.0054139,-0.26669,0.42748,0.016104,0.021518,197,-0.036957,65,0.090187,2022,-0.19399,0.41667,-0.019177,-0.03294,True,False,15:-0.051(24.0) 16:-0.004(19.0) 17:-0.023(20.0) 18:+0.010(24.0) 19:-0.047(24.0) 20:-0.106(21.0) 21:-0.002(27.0) 22:-0.194(20.0) 23:+0.085(18.0) 24:+0.035(24.0) 25:+0.032(23.0) 26:+0.239(18.0),2015-01-12,2026-10-02,0,,,,,,,-1.4184,28.189,-7.2806,18.995,5.8621,9.1932,-5.0244
rb,GBPJPY,forex,False,ny_fx,M30,30,RB,0,False,False,M15,3042,1578,0.51874,-0.058145,-3.5006,0.43156,-0.011043,0.047102,1183,-0.03591,395,-0.12474,2024,-0.13985,0.33333,-0.050022,-0.0419,False,False,15:-0.064(130.0) 16:+0.001(145.0) 17:-0.045(132.0) 18:-0.120(144.0) 19:+0.014(128.0) 20:-0.136(127.0) 21:-0.027(130.0) 22:+0.029(133.0) 23:+0.035(114.0) 24:-0.140(137.0) 25:-0.123(147.0) 26:-0.108(111.0),2015-01-05,2026-10-08,,987,-0.031101,584,-0.091646,7,-1.0765,-91.753,691.92,-42.481,535.1,-49.272,156.81,-78.935
dt,GBPJPY,forex,False,ny_fx,H1,60,k=0.3,0.3,False,False,M15,3042,1589,0.52235,-0.026347,-1.9355,0.43927,0.011264,0.037611,1217,-0.03751,372,0.010172,2020,-0.11176,0.41667,-0.034813,-0.043278,True,False,15:-0.028(142.0) 16:+0.009(107.0) 17:-0.077(147.0) 18:+0.013(129.0) 19:-0.043(152.0) 20:-0.112(146.0) 21:+0.046(129.0) 22:-0.088(129.0) 23:-0.035(136.0) 24:+0.016(133.0) 25:-0.024(141.0) 26:+0.051(98.0),2015-01-12,2026-10-05,0.012587,,,,,,,-41.866,468.7,-45.65,322.1,3.7839,146.6,-55.317
dt,GBPJPY,forex,False,ny_fx,H1,60,k=0.5,0.5,False,False,M15,3042,615,0.20217,-0.014563,-0.92701,0.4374,0.011627,0.02619,472,-0.036905,143,0.059179,2022,-0.12662,0.41667,-0.026589,-0.038615,True,False,15:-0.026(55.0) 16:+0.031(40.0) 17:-0.015(49.0) 18:+0.051(43.0) 19:-0.077(68.0) 20:-0.089(53.0) 21:-0.025(65.0) 22:-0.127(49.0) 23:-0.018(50.0) 24:+0.017(50.0) 25:+0.030(56.0) 26:+0.161(37.0),2015-01-12,2026-10-02,0.004878,,,,,,,-8.9564,93.325,-17.419,63.615,8.4626,29.71,-16.352
dt,GBPJPY,forex,False,ny_fx,H1,60,k=0.7,0.7,False,False,M15,3042,262,0.086128,-0.0047047,-0.23159,0.42748,0.016104,0.020809,197,-0.036005,65,0.090158,2022,-0.19399,0.5,-0.018468,-0.032231,True,False,15:-0.051(24.0) 16:-0.004(19.0) 17:-0.023(20.0) 18:+0.010(24.0) 19:-0.047(24.0) 20:-0.104(21.0) 21:+0.005(27.0) 22:-0.194(20.0) 23:+0.085(18.0) 24:+0.035(24.0) 25:+0.032(23.0) 26:+0.239(18.0),2015-01-12,2026-10-02,0,,,,,,,-1.2326,28.228,-7.0929,19.034,5.8603,9.1939,-4.8386
rb,GBPJPY,forex,False,ny_fx,H1,60,RB,0,False,False,M15,3042,1560,0.51282,-0.066737,-4.002,0.42564,-0.020018,0.046718,1172,-0.044389,388,-0.13424,2025,-0.1665,0.16667,-0.046318,-0.025899,False,False,15:-0.075(129.0) 16:-0.009(145.0) 17:-0.066(130.0) 18:-0.116(142.0) 19:-0.029(126.0) 20:-0.142(127.0) 21:-0.026(129.0) 22:+0.047(130.0) 23:+0.026(114.0) 24:-0.126(134.0) 25:-0.166(145.0) 26:-0.102(109.0),2015-01-05,2026-10-08,,980,-0.031585,571,-0.11038,9,-1.1256,-104.11,683.26,-52.024,530.23,-52.085,153.02,-72.256
dt,GBPNZD,forex,False,london24,M15,15,k=0.3,0.3,False,False,M15,3008,2327,0.7736,-0.02049,-1.6229,0.47013,0.0050949,0.025585,1768,-0.024521,559,-0.0077408,2022,-0.094149,0.33333,-0.028771,-0.037051,True,False,15:-0.013(184.0) 16:-0.061(206.0) 17:+0.046(182.0) 18:+0.006(195.0) 19:+0.043(165.0) 20:-0.014(205.0) 21:-0.068(209.0) 22:-0.094(216.0) 23:-0.038(206.0) 24:-0.008(194.0) 25:+0.015(199.0) 26:-0.036(166.0),2015-01-12,2026-10-05,0.0068758,,,,,,,-47.68,863.7,-43.352,669.91,-4.3271,193.79,-66.949
dt,GBPNZD,forex,False,london24,M15,15,k=0.5,0.5,False,False,M15,3008,1115,0.37068,-0.014952,-1.2819,0.4583,0.0013228,0.016274,840,-0.014135,275,-0.017445,2022,-0.082578,0.41667,-0.018077,-0.021202,True,False,15:-0.013(90.0) 16:+0.004(93.0) 17:+0.031(87.0) 18:-0.009(101.0) 19:+0.050(79.0) 20:-0.057(100.0) 21:+0.014(89.0) 22:-0.083(100.0) 23:-0.043(101.0) 24:+0.004(91.0) 25:-0.010(101.0) 26:-0.050(83.0),2015-01-15,2026-09-29,0.00089686,,,,,,,-16.671,169.23,-11.874,131.38,-4.7973,37.85,-20.155
dt,GBPNZD,forex,False,london24,M15,15,k=0.7,0.7,False,False,M15,3008,538,0.17886,-0.022932,-1.7328,0.40706,-0.010009,0.012924,408,-0.027884,130,-0.0073923,2022,-0.12927,0.41667,-0.015531,-0.0081295,False,False,15:+0.004(39.0) 16:+0.001(53.0) 17:-0.001(41.0) 18:-0.063(58.0) 19:+0.046(43.0) 20:-0.124(47.0) 21:+0.065(40.0) 22:-0.129(43.0) 23:-0.024(44.0) 24:+0.042(45.0) 25:-0.044(49.0) 26:-0.019(36.0),2015-01-15,2026-09-22,0,,,,,,,-12.338,50.886,-11.377,41.561,-0.96099,9.3253,-8.3556
rb,GBPNZD,forex,False,london24,M15,15,RB,0,False,False,M15,3008,854,0.28391,-0.030833,-1.3278,0.46136,0.0032446,0.034077,645,-0.039279,209,-0.0047653,2020,-0.15717,0.33333,-0.043671,-0.05651,True,False,15:+0.030(63.0) 16:-0.088(83.0) 17:-0.074(71.0) 18:+0.131(58.0) 19:-0.050(72.0) 20:-0.157(70.0) 21:-0.021(72.0) 22:-0.096(76.0) 23:+0.013(80.0) 24:-0.101(74.0) 25:+0.099(73.0) 26:-0.011(62.0),2015-01-08,2026-10-02,,414,-0.048926,440,-0.013809,0,,-26.331,393.58,-25.335,290.55,-0.99596,103.02,-37.295
dt,GBPNZD,forex,False,london24,M30,30,k=0.3,0.3,False,False,M15,3008,2327,0.7736,-0.020907,-1.6565,0.46798,0.0049909,0.025898,1768,-0.024962,559,-0.0080818,2022,-0.093375,0.33333,-0.028812,-0.036717,True,False,15:-0.013(184.0) 16:-0.062(206.0) 17:+0.045(182.0) 18:+0.004(195.0) 19:+0.042(165.0) 20:-0.013(205.0) 21:-0.068(209.0) 22:-0.093(216.0) 23:-0.038(206.0) 24:-0.007(194.0) 25:+0.016(199.0) 26:-0.038(166.0),2015-01-12,2026-10-05,0.0068758,,,,,,,-48.65,863.16,-44.132,669.36,-4.5177,193.8,-67.046
dt,GBPNZD,forex,False,london24,M30,30,k=0.5,0.5,False,False,M15,3008,1114,0.37035,-0.014511,-1.2445,0.45961,0.0019756,0.016486,839,-0.01357,275,-0.017382,2022,-0.082619,0.41667,-0.01829,-0.02207,True,False,15:-0.014(90.0) 16:+0.004(93.0) 17:+0.031(87.0) 18:-0.002(100.0) 19:+0.050(79.0) 20:-0.057(100.0) 21:+0.014(89.0) 22:-0.083(100.0) 23:-0.043(101.0) 24:+0.004(91.0) 25:-0.010(101.0) 26:-0.050(83.0),2015-01-15,2026-09-29,0.0017953,,,,,,,-16.165,168.81,-11.385,130.95,-4.78,37.855,-20.375
dt,GBPNZD,forex,False,london24,M30,30,k=0.7,0.7,False,False,M15,3008,538,0.17886,-0.023143,-1.7478,0.40706,-0.010009,0.013134,408,-0.028193,130,-0.0072933,2022,-0.12944,0.41667,-0.015741,-0.0083398,False,False,15:+0.004(39.0) 16:+0.000(53.0) 17:-0.002(41.0) 18:-0.063(58.0) 19:+0.046(43.0) 20:-0.125(47.0) 21:+0.065(40.0) 22:-0.129(43.0) 23:-0.024(44.0) 24:+0.042(45.0) 25:-0.044(49.0) 26:-0.019(36.0),2015-01-15,2026-09-22,0,,,,,,,-12.451,50.939,-11.503,41.612,-0.94812,9.3269,-8.4688
rb,GBPNZD,forex,False,london24,M30,30,RB,0,False,False,M15,3008,851,0.28291,-0.038659,-1.6479,0.45711,-0.0040779,0.034581,643,-0.05095,208,-0.00066094,2020,-0.14476,0.33333,-0.043287,-0.047915,True,False,15:+0.010(63.0) 16:-0.128(83.0) 17:-0.097(71.0) 18:+0.116(58.0) 19:-0.050(72.0) 20:-0.145(69.0) 21:-0.033(72.0) 22:-0.105(76.0) 23:+0.018(79.0) 24:-0.079(73.0) 25:+0.099(73.0) 26:-0.025(62.0),2015-01-08,2026-10-02,,413,-0.068332,438,-0.010679,0,,-32.899,399.37,-32.761,294.64,-0.13747,104.73,-36.837
dt,GBPNZD,forex,False,london24,H1,60,k=0.3,0.3,False,True,M15,3008,2282,0.75864,-0.019303,-1.5084,0.46976,0.0067961,0.026099,1740,-0.020599,542,-0.015145,2022,-0.10162,0.33333,-0.029142,-0.038981,True,False,15:-0.005(181.0) 16:-0.042(199.0) 17:+0.046(182.0) 18:+0.003(192.0) 19:+0.060(162.0) 20:-0.013(202.0) 21:-0.058(206.0) 22:-0.102(213.0) 23:-0.044(203.0) 24:-0.020(192.0) 25:+0.011(192.0) 26:-0.042(158.0),2015-01-12,2026-10-05,0.010517,,,,,,,-44.05,853.3,-35.842,668.2,-8.2088,185.1,-66.502
dt,GBPNZD,forex,False,london24,H1,60,k=0.5,0.5,False,True,M15,3008,1081,0.35938,-0.011721,-0.97787,0.46623,0.004989,0.01671,814,-0.0092487,267,-0.019258,2022,-0.092849,0.41667,-0.017964,-0.024207,True,False,15:-0.009(87.0) 16:+0.032(89.0) 17:+0.036(85.0) 18:-0.001(97.0) 19:+0.067(77.0) 20:-0.061(97.0) 21:+0.021(88.0) 22:-0.093(96.0) 23:-0.048(98.0) 24:+0.008(90.0) 25:-0.017(99.0) 26:-0.054(78.0),2015-01-15,2026-09-22,0.0027752,,,,,,,-12.67,167.88,-7.5284,132.15,-5.1419,35.725,-19.419
dt,GBPNZD,forex,False,london24,H1,60,k=0.7,0.7,False,True,M15,3008,515,0.17121,-0.023409,-1.6683,0.43107,-0.010085,0.013324,388,-0.027259,127,-0.01165,2022,-0.13212,0.5,-0.015811,-0.0082134,False,False,15:+0.005(34.0) 16:+0.012(51.0) 17:+0.000(39.0) 18:-0.075(54.0) 19:+0.059(42.0) 20:-0.123(46.0) 21:+0.066(37.0) 22:-0.132(41.0) 23:-0.027(44.0) 24:+0.029(43.0) 25:-0.046(48.0) 26:-0.015(36.0),2015-01-15,2026-09-22,0,,,,,,,-12.056,52.402,-10.576,43.75,-1.4795,8.6522,-8.1429
rb,GBPNZD,forex,False,london24,H1,60,RB,0,False,True,M15,3008,810,0.26928,-0.040884,-1.7147,0.45926,-0.0063333,0.034551,611,-0.049407,199,-0.014716,2020,-0.17058,0.33333,-0.044505,-0.048126,True,False,15:+0.031(57.0) 16:-0.109(75.0) 17:-0.102(65.0) 18:+0.120(55.0) 19:-0.068(72.0) 20:-0.171(64.0) 21:-0.041(70.0) 22:-0.086(76.0) 23:+0.019(77.0) 24:-0.101(71.0) 25:+0.092(70.0) 26:-0.038(58.0),2015-01-08,2026-10-02,,401,-0.060319,408,-0.01915,1,-1.1151,-33.116,373.87,-30.188,271.99,-2.9286,101.88,-36.049
dt,GBPNZD,forex,False,ny_fx,M15,15,k=0.3,0.3,False,False,M15,3006,1588,0.52828,-0.060431,-4.8762,0.40995,-0.030409,0.030022,1217,-0.052581,371,-0.086182,2026,-0.11783,0.083333,-0.031622,-0.0028137,False,False,15:-0.020(113.0) 16:-0.057(132.0) 17:-0.108(138.0) 18:-0.039(129.0) 19:-0.080(122.0) 20:-0.090(154.0) 21:-0.008(152.0) 22:+0.026(145.0) 23:-0.099(132.0) 24:-0.035(130.0) 25:-0.111(135.0) 26:-0.118(106.0),2015-01-13,2026-10-05,0.006927,,,,,,,-95.965,392.87,-63.991,308.3,-31.973,84.57,-50.216
dt,GBPNZD,forex,False,ny_fx,M15,15,k=0.5,0.5,False,False,M15,3006,589,0.19594,-0.047905,-3.3879,0.39219,-0.027686,0.020219,477,-0.053562,112,-0.023812,2019,-0.1295,0.16667,-0.021667,0.0045713,False,False,15:-0.096(56.0) 16:-0.001(49.0) 17:-0.068(45.0) 18:-0.070(49.0) 19:-0.129(48.0) 20:-0.123(65.0) 21:-0.044(63.0) 22:+0.060(59.0) 23:-0.005(43.0) 24:+0.054(40.0) 25:-0.022(36.0) 26:-0.112(36.0),2015-01-21,2026-09-28,0,,,,,,,-28.216,70.596,-25.549,59.887,-2.6669,10.709,-12.762
dt,GBPNZD,forex,False,ny_fx,M15,15,k=0.7,0.7,False,False,M15,3006,243,0.080838,-0.048317,-2.6899,0.39506,-0.03161,0.016707,199,-0.052454,44,-0.029605,2026,-0.16992,0.27273,-0.0188,0.010718,False,False,15:-0.125(21.0) 16:+0.025(25.0) 17:-0.009(19.0) 18:-0.064(19.0) 19:-0.103(21.0) 20:-0.129(23.0) 21:-0.078(21.0) 22:+0.021(30.0) 23:-0.045(20.0) 24:+0.028(17.0) 25:+0.143(9.0) 26:-0.170(18.0),2015-01-21,2026-09-01,0,,,,,,,-11.741,19.541,-10.438,16.412,-1.3026,3.1292,-4.5683
rb,GBPNZD,forex,False,ny_fx,M15,15,RB,0,False,False,M15,3006,1577,0.52462,-0.081156,-5.2014,0.42169,-0.042448,0.038709,1188,-0.0835,389,-0.073999,2026,-0.18895,0.16667,-0.045518,-0.0098805,False,False,15:-0.080(146.0) 16:-0.139(120.0) 17:-0.094(127.0) 18:+0.023(125.0) 19:-0.133(132.0) 20:-0.064(140.0) 21:-0.054(128.0) 22:-0.085(119.0) 23:-0.121(151.0) 24:+0.007(134.0) 25:-0.068(153.0) 26:-0.189(102.0),2015-01-06,2026-10-02,,988,-0.066414,587,-0.10253,2,-1.0908,-127.98,615.44,-99.198,433.65,-28.786,181.78,-71.782
dt,GBPNZD,forex,False,ny_fx,M30,30,k=0.3,0.3,False,False,M15,3006,1587,0.52794,-0.062028,-5.0252,0.40832,-0.031561,0.030466,1216,-0.054292,371,-0.087383,2026,-0.11799,0.083333,-0.032458,-0.0028877,False,False,15:-0.026(113.0) 16:-0.057(131.0) 17:-0.114(138.0) 18:-0.040(129.0) 19:-0.081(122.0) 20:-0.092(154.0) 21:-0.008(152.0) 22:+0.026(145.0) 23:-0.099(132.0) 24:-0.038(130.0) 25:-0.111(135.0) 26:-0.118(106.0),2015-01-13,2026-10-05,0.0094518,,,,,,,-98.438,389.59,-66.019,306.55,-32.419,83.035,-51.51
dt,GBPNZD,forex,False,ny_fx,M30,30,k=0.5,0.5,False,False,M15,3006,589,0.19594,-0.048378,-3.4208,0.39049,-0.027686,0.020692,477,-0.054176,112,-0.023685,2019,-0.12962,0.16667,-0.02214,0.0040981,False,False,15:-0.096(56.0) 16:-0.002(49.0) 17:-0.068(45.0) 18:-0.072(49.0) 19:-0.130(48.0) 20:-0.124(65.0) 21:-0.045(63.0) 22:+0.060(59.0) 23:-0.005(43.0) 24:+0.054(40.0) 25:-0.022(36.0) 26:-0.112(36.0),2015-01-21,2026-09-28,0,,,,,,,-28.495,70.647,-25.842,59.948,-2.6527,10.699,-13.04
dt,GBPNZD,forex,False,ny_fx,M30,30,k=0.7,0.7,False,False,M15,3006,243,0.080838,-0.048592,-2.7062,0.39506,-0.03161,0.016981,199,-0.052723,44,-0.029908,2026,-0.16985,0.27273,-0.019074,0.010444,False,False,15:-0.126(21.0) 16:+0.024(25.0) 17:-0.010(19.0) 18:-0.065(19.0) 19:-0.103(21.0) 20:-0.129(23.0) 21:-0.078(21.0) 22:+0.021(30.0) 23:-0.045(20.0) 24:+0.027(17.0) 25:+0.143(9.0) 26:-0.170(18.0),2015-01-21,2026-09-01,0,,,,,,,-11.808,19.533,-10.492,16.402,-1.316,3.1307,-4.635
rb,GBPNZD,forex,False,ny_fx,M30,30,RB,0,False,False,M15,3006,1574,0.52362,-0.088552,-5.7248,0.41804,-0.04952,0.039032,1186,-0.090447,388,-0.082763,2026,-0.19048,0.083333,-0.04747,-0.0063868,False,False,15:-0.090(146.0) 16:-0.177(119.0) 17:-0.094(127.0) 18:+0.017(125.0) 19:-0.144(132.0) 20:-0.066(140.0) 21:-0.044(127.0) 22:-0.086(120.0) 23:-0.127(150.0) 24:-0.017(133.0) 25:-0.068(153.0) 26:-0.190(102.0),2015-01-06,2026-10-02,,988,-0.07289,583,-0.10998,3,-1.082,-139.38,604.74,-107.27,435.97,-32.112,168.77,-74.717
dt,GBPNZD,forex,False,ny_fx,H1,60,k=0.3,0.3,False,False,M15,3006,1584,0.52695,-0.061893,-5.0185,0.41035,-0.031279,0.030614,1214,-0.054281,370,-0.086868,2026,-0.11728,0.083333,-0.032041,-0.0021891,False,False,15:-0.024(112.0) 16:-0.061(131.0) 17:-0.114(138.0) 18:-0.043(129.0) 19:-0.082(122.0) 20:-0.093(154.0) 21:-0.009(152.0) 22:+0.026(145.0) 23:-0.093(131.0) 24:-0.037(130.0) 25:-0.111(135.0) 26:-0.117(105.0),2015-01-13,2026-10-05,0.01452,,,,,,,-98.039,387.46,-65.897,304.74,-32.141,82.714,-50.753
dt,GBPNZD,forex,False,ny_fx,H1,60,k=0.5,0.5,False,False,M15,3006,589,0.19594,-0.049043,-3.4737,0.39049,-0.028124,0.020919,477,-0.055109,112,-0.023205,2019,-0.1296,0.16667,-0.022135,0.0047731,False,False,15:-0.097(56.0) 16:-0.003(49.0) 17:-0.074(45.0) 18:-0.073(49.0) 19:-0.130(48.0) 20:-0.124(65.0) 21:-0.046(63.0) 22:+0.060(59.0) 23:-0.005(43.0) 24:+0.054(40.0) 25:-0.022(36.0) 26:-0.111(36.0),2015-01-21,2026-09-28,0.0016978,,,,,,,-28.886,70.449,-26.287,59.754,-2.5989,10.695,-13.037
dt,GBPNZD,forex,False,ny_fx,H1,60,k=0.7,0.7,False,False,M15,3006,243,0.080838,-0.048847,-2.7203,0.39506,-0.03161,0.017237,199,-0.052897,44,-0.030531,2026,-0.16929,0.27273,-0.019329,0.010188,False,False,15:-0.126(21.0) 16:+0.024(25.0) 17:-0.011(19.0) 18:-0.065(19.0) 19:-0.103(21.0) 20:-0.129(23.0) 21:-0.078(21.0) 22:+0.021(30.0) 23:-0.045(20.0) 24:+0.025(17.0) 25:+0.143(9.0) 26:-0.169(18.0),2015-01-21,2026-09-01,0,,,,,,,-11.87,19.542,-10.526,16.396,-1.3434,3.1455,-4.6971
rb,GBPNZD,forex,False,ny_fx,H1,60,RB,0,False,False,M15,3006,1562,0.51963,-0.097916,-6.4046,0.41357,-0.059544,0.038372,1176,-0.098523,386,-0.096066,2023,-0.18198,0.083333,-0.041465,0.014985,False,False,15:-0.107(143.0) 16:-0.129(120.0) 17:-0.138(126.0) 18:+0.033(123.0) 19:-0.168(132.0) 20:-0.059(140.0) 21:-0.056(127.0) 22:-0.062(117.0) 23:-0.182(148.0) 24:-0.032(133.0) 25:-0.110(152.0) 26:-0.159(101.0),2015-01-06,2026-10-02,,988,-0.076739,567,-0.12282,7,-1.0692,-152.94,584.87,-115.86,408.56,-37.081,176.32,-64.769
dt,GBPUSD,forex,False,london24,M15,15,k=0.3,0.3,False,False,M15,3021,2278,0.75405,-0.0030753,-0.23647,0.47059,0.019276,0.022351,1724,-0.0020041,554,-0.0064087,2021,-0.10539,0.66667,-0.018478,-0.03388,True,False,15:-0.006(190.0) 16:+0.100(177.0) 17:+0.013(193.0) 18:-0.061(207.0) 19:+0.043(163.0) 20:+0.003(195.0) 21:-0.105(212.0) 22:+0.012(194.0) 23:+0.014(193.0) 24:-0.062(208.0) 25:+0.032(193.0) 26:+0.020(153.0),2015-01-09,2026-10-08,0.0052678,,,,,,,-7.0054,877.28,-3.455,673.2,-3.5504,204.08,-42.092
dt,GBPUSD,forex,False,london24,M15,15,k=0.5,0.5,False,False,M15,3021,1040,0.34426,0.0085839,0.68434,0.47308,0.024392,0.015808,783,0.010659,257,0.0022621,2021,-0.093516,0.66667,-0.016463,-0.041511,True,False,15:+0.040(89.0) 16:+0.067(84.0) 17:+0.040(89.0) 18:-0.053(95.0) 19:+0.115(70.0) 20:+0.034(75.0) 21:-0.094(99.0) 22:+0.038(79.0) 23:-0.036(103.0) 24:-0.045(95.0) 25:+0.034(92.0) 26:+0.024(70.0),2015-01-13,2026-10-07,0.0028846,,,,,,,8.9273,170.09,8.3459,130.9,0.58136,39.186,-17.122
dt,GBPUSD,forex,False,london24,M15,15,k=0.7,0.7,False,False,M15,3021,503,0.1665,0.0071063,0.50478,0.46322,0.01877,0.011664,371,0.015183,132,-0.015594,2021,-0.063571,0.58333,-0.011511,-0.030128,True,False,15:+0.013(45.0) 16:+0.018(48.0) 17:+0.051(41.0) 18:-0.063(42.0) 19:+0.052(41.0) 20:-0.019(39.0) 21:-0.064(40.0) 22:+0.137(34.0) 23:+0.030(41.0) 24:-0.044(46.0) 25:+0.024(45.0) 26:-0.028(41.0),2015-01-13,2026-10-07,0.0019881,,,,,,,3.5745,50.069,5.6328,38.836,-2.0584,11.232,-5.7899
rb,GBPUSD,forex,False,london24,M15,15,RB,0,False,False,M15,3021,901,0.29825,-0.0097818,-0.4105,0.44617,0.022398,0.03218,670,0.023428,231,-0.1061,2024,-0.1252,0.41667,-0.04314,-0.076498,True,False,15:-0.066(67.0) 16:+0.081(80.0) 17:-0.008(78.0) 18:-0.062(73.0) 19:+0.179(71.0) 20:-0.003(73.0) 21:+0.021(75.0) 22:+0.034(73.0) 23:+0.028(80.0) 24:-0.125(88.0) 25:-0.119(83.0) 26:-0.060(60.0),2015-01-09,2026-09-30,,476,-0.00083484,422,-0.012589,3,-1.0344,-8.8134,460.53,15.697,366.81,-24.51,93.726,-38.869
dt,GBPUSD,forex,False,london24,M30,30,k=0.3,0.3,False,False,M15,3021,2278,0.75405,-0.0035252,-0.2717,0.46927,0.01892,0.022445,1724,-0.0026943,554,-0.0061108,2021,-0.11096,0.66667,-0.018551,-0.033577,True,False,15:-0.004(190.0) 16:+0.100(177.0) 17:+0.012(193.0) 18:-0.060(207.0) 19:+0.043(163.0) 20:+0.002(195.0) 21:-0.111(212.0) 22:+0.012(194.0) 23:+0.013(193.0) 24:-0.061(208.0) 25:+0.032(193.0) 26:+0.020(153.0),2015-01-09,2026-10-08,0.0065847,,,,,,,-8.0303,873.21,-4.6449,669.9,-3.3854,203.31,-42.26
dt,GBPUSD,forex,False,london24,M30,30,k=0.5,0.5,False,False,M15,3021,1040,0.34426,0.0085149,0.67983,0.47212,0.024129,0.015615,783,0.010623,257,0.002093,2021,-0.096874,0.66667,-0.01627,-0.041055,True,False,15:+0.043(89.0) 16:+0.067(84.0) 17:+0.040(89.0) 18:-0.053(95.0) 19:+0.115(70.0) 20:+0.036(75.0) 21:-0.097(99.0) 22:+0.038(79.0) 23:-0.036(103.0) 24:-0.045(95.0) 25:+0.034(92.0) 26:+0.024(70.0),2015-01-13,2026-10-07,0.0038462,,,,,,,8.8555,169.59,8.3176,130.4,0.5379,39.195,-16.921
dt,GBPUSD,forex,False,london24,M30,30,k=0.7,0.7,False,False,M15,3021,503,0.1665,0.0074863,0.5327,0.46322,0.019073,0.011586,371,0.015684,132,-0.015554,2021,-0.063992,0.58333,-0.011433,-0.030353,True,False,15:+0.016(45.0) 16:+0.018(48.0) 17:+0.051(41.0) 18:-0.063(42.0) 19:+0.052(41.0) 20:-0.018(39.0) 21:-0.064(40.0) 22:+0.137(34.0) 23:+0.030(41.0) 24:-0.044(46.0) 25:+0.024(45.0) 26:-0.028(41.0),2015-01-13,2026-10-07,0.0019881,,,,,,,3.7656,49.9,5.8187,38.665,-2.0531,11.234,-5.7509
rb,GBPUSD,forex,False,london24,M30,30,RB,0,False,False,M15,3021,897,0.29692,-0.021147,-0.88566,0.44036,0.010776,0.031923,667,0.0077352,230,-0.1049,2025,-0.12296,0.41667,-0.045438,-0.06973,True,False,15:-0.068(66.0) 16:+0.048(79.0) 17:-0.060(78.0) 18:-0.076(73.0) 19:+0.177(71.0) 20:-0.017(73.0) 21:+0.020(75.0) 22:+0.009(73.0) 23:+0.034(79.0) 24:-0.116(88.0) 25:-0.123(83.0) 26:-0.063(59.0),2015-01-09,2026-09-30,,473,-0.0039374,419,-0.028451,5,-1.037,-18.968,458.59,5.1594,365.31,-24.128,93.279,-40.758
dt,GBPUSD,forex,False,london24,H1,60,k=0.3,0.3,False,True,M15,3021,2213,0.73254,0.0045878,0.34653,0.47899,0.027088,0.0225,1684,0.0084915,529,-0.0078389,2021,-0.10395,0.66667,-0.017502,-0.039591,True,False,15:-0.025(187.0) 16:+0.123(175.0) 17:+0.033(187.0) 18:-0.053(201.0) 19:+0.060(158.0) 20:+0.022(190.0) 21:-0.104(209.0) 22:+0.033(188.0) 23:+0.021(189.0) 24:-0.066(199.0) 25:+0.040(182.0) 26:+0.012(148.0),2015-01-09,2026-10-08,0.010393,,,,,,,10.153,858.04,14.3,664.54,-4.1468,193.5,-38.731
dt,GBPUSD,forex,False,london24,H1,60,k=0.5,0.5,False,True,M15,3021,1002,0.33168,0.015694,1.2165,0.47405,0.031215,0.01552,759,0.019475,243,0.0038834,2021,-0.089747,0.66667,-0.015042,-0.045778,True,False,15:+0.021(83.0) 16:+0.080(82.0) 17:+0.057(88.0) 18:-0.050(92.0) 19:+0.121(68.0) 20:+0.049(74.0) 21:-0.090(96.0) 22:+0.060(77.0) 23:-0.018(99.0) 24:-0.043(89.0) 25:+0.041(88.0) 26:+0.017(66.0),2015-01-13,2026-10-07,0.00499,,,,,,,15.726,167.19,14.782,130.23,0.94368,36.966,-15.072
dt,GBPUSD,forex,False,london24,H1,60,k=0.7,0.7,False,True,M15,3021,477,0.15789,0.015323,1.0348,0.50314,0.026766,0.011444,352,0.026367,125,-0.015779,2024,-0.059951,0.5,-0.010422,-0.036167,True,False,15:-0.001(41.0) 16:+0.041(43.0) 17:+0.075(38.0) 18:-0.058(42.0) 19:+0.068(40.0) 20:-0.007(36.0) 21:-0.060(38.0) 22:+0.149(34.0) 23:+0.047(40.0) 24:-0.060(43.0) 25:+0.039(44.0) 26:-0.029(38.0),2015-01-13,2026-10-07,0.0020964,,,,,,,7.3089,49.897,9.2812,38.922,-1.9723,10.975,-4.9713
rb,GBPUSD,forex,False,london24,H1,60,RB,0,False,True,M15,3021,849,0.28103,-0.015259,-0.63879,0.45112,0.017097,0.032356,631,0.014341,218,-0.10094,2025,-0.15948,0.5,-0.04141,-0.067561,True,False,15:-0.088(60.0) 16:+0.064(75.0) 17:-0.035(71.0) 18:-0.052(68.0) 19:+0.138(69.0) 20:+0.009(70.0) 21:+0.041(73.0) 22:+0.034(70.0) 23:+0.001(75.0) 24:-0.084(86.0) 25:-0.159(75.0) 26:-0.050(57.0),2015-01-09,2026-09-30,,447,0.00075886,395,-0.015178,7,-1.0427,-12.955,411.03,9.0489,326.84,-22.004,84.186,-35.157
dt,GBPUSD,forex,False,ny_fx,M15,15,k=0.3,0.3,False,False,M15,2991,1754,0.58643,-0.025439,-2.0173,0.45553,0.0020453,0.027485,1316,-0.027074,438,-0.020527,2020,-0.074606,0.25,-0.033613,-0.041787,True,False,15:-0.006(162.0) 16:-0.051(141.0) 17:+0.003(138.0) 18:-0.031(158.0) 19:-0.057(93.0) 20:-0.075(147.0) 21:-0.016(161.0) 22:-0.048(151.0) 23:+0.019(165.0) 24:-0.072(170.0) 25:-0.008(146.0) 26:+0.036(122.0),2015-01-12,2026-10-08,0.004561,,,,,,,-44.621,490.1,-35.63,347.77,-8.9907,142.33,-58.958
dt,GBPUSD,forex,False,ny_fx,M15,15,k=0.5,0.5,False,False,M15,2991,684,0.22869,-0.0089792,-0.66604,0.4576,0.0092976,0.018277,503,-0.0066834,181,-0.015359,2016,-0.074881,0.41667,-0.020337,-0.031694,True,False,15:+0.033(66.0) 16:-0.075(56.0) 17:+0.061(56.0) 18:+0.032(52.0) 19:-0.064(34.0) 20:-0.052(42.0) 21:-0.030(70.0) 22:-0.025(62.0) 23:+0.025(65.0) 24:-0.070(67.0) 25:-0.026(63.0) 26:+0.069(51.0),2015-01-14,2026-10-08,0,,,,,,,-6.1418,84.965,-3.3617,55.974,-2.78,28.992,-13.91
dt,GBPUSD,forex,False,ny_fx,M15,15,k=0.7,0.7,False,False,M15,2991,322,0.10766,-0.023188,-1.4689,0.45031,-0.010144,0.013044,228,-0.019886,94,-0.031198,2019,-0.10204,0.33333,-0.015592,-0.0079955,False,False,15:+0.005(31.0) 16:-0.074(25.0) 17:+0.049(25.0) 18:-0.001(27.0) 19:-0.102(19.0) 20:-0.046(16.0) 21:-0.036(28.0) 22:-0.086(30.0) 23:+0.082(27.0) 24:-0.090(40.0) 25:-0.026(29.0) 26:+0.056(25.0),2015-01-14,2026-10-01,0,,,,,,,-7.4666,25.932,-4.534,16.253,-2.9326,9.6792,-5.0206
rb,GBPUSD,forex,False,ny_fx,M15,15,RB,0,False,False,M15,2991,1421,0.47509,-0.022672,-1.1456,0.43772,0.015077,0.03775,1077,-0.0063317,344,-0.073831,2023,-0.12074,0.25,-0.033344,-0.044016,True,False,15:+0.092(102.0) 16:+0.056(128.0) 17:-0.098(133.0) 18:-0.004(134.0) 19:-0.071(109.0) 20:-0.071(134.0) 21:-0.007(108.0) 22:+0.204(110.0) 23:-0.121(119.0) 24:-0.104(120.0) 25:-0.088(130.0) 26:-0.016(94.0),2015-01-07,2026-10-08,,847,-0.040728,570,0.011369,4,-1.0504,-32.217,791.08,-6.8193,611.22,-25.398,179.86,-47.382
dt,GBPUSD,forex,False,ny_fx,M30,30,k=0.3,0.3,False,False,M15,2991,1754,0.58643,-0.026664,-2.111,0.45439,0.00053722,0.027202,1316,-0.028884,438,-0.019997,2020,-0.07227,0.16667,-0.03308,-0.039496,True,False,15:-0.006(162.0) 16:-0.050(141.0) 17:-0.000(138.0) 18:-0.031(158.0) 19:-0.057(93.0) 20:-0.072(147.0) 21:-0.029(161.0) 22:-0.049(151.0) 23:+0.019(165.0) 24:-0.070(170.0) 25:-0.008(146.0) 26:+0.035(122.0),2015-01-12,2026-10-08,0.0079818,,,,,,,-46.769,491.83,-38.011,350.35,-8.7585,141.48,-58.023
dt,GBPUSD,forex,False,ny_fx,M30,30,k=0.5,0.5,False,False,M15,2991,684,0.22869,-0.0089131,-0.66133,0.4576,0.0092976,0.018211,503,-0.0066053,181,-0.015327,2016,-0.074881,0.41667,-0.020271,-0.031628,True,False,15:+0.033(66.0) 16:-0.075(56.0) 17:+0.061(56.0) 18:+0.032(52.0) 19:-0.064(34.0) 20:-0.053(42.0) 21:-0.029(70.0) 22:-0.025(62.0) 23:+0.025(65.0) 24:-0.070(67.0) 25:-0.026(63.0) 26:+0.069(51.0),2015-01-14,2026-10-08,0,,,,,,,-6.0966,84.915,-3.3224,55.922,-2.7741,28.993,-13.865
dt,GBPUSD,forex,False,ny_fx,M30,30,k=0.7,0.7,False,False,M15,2991,322,0.10766,-0.023037,-1.459,0.45031,-0.010144,0.012893,228,-0.01967,94,-0.031205,2019,-0.1015,0.33333,-0.015441,-0.0078445,False,False,15:+0.005(31.0) 16:-0.074(25.0) 17:+0.049(25.0) 18:-0.001(27.0) 19:-0.102(19.0) 20:-0.045(16.0) 21:-0.035(28.0) 22:-0.086(30.0) 23:+0.082(27.0) 24:-0.090(40.0) 25:-0.026(29.0) 26:+0.056(25.0),2015-01-14,2026-10-01,0,,,,,,,-7.418,25.942,-4.4847,16.265,-2.9333,9.677,-4.972
rb,GBPUSD,forex,False,ny_fx,M30,30,RB,0,False,False,M15,2991,1417,0.47375,-0.030584,-1.552,0.43754,0.0065701,0.037154,1074,-0.017027,343,-0.073033,2023,-0.12081,0.33333,-0.035793,-0.041002,True,False,15:+0.090(102.0) 16:+0.042(128.0) 17:-0.101(133.0) 18:+0.004(133.0) 19:-0.077(108.0) 20:-0.071(134.0) 21:-0.034(108.0) 22:+0.144(110.0) 23:-0.121(118.0) 24:-0.094(120.0) 25:-0.087(130.0) 26:-0.026(93.0),2015-01-07,2026-10-08,,846,-0.042408,563,0.0017885,8,-1.0584,-43.337,780.51,-18.287,598.02,-25.05,182.49,-50.719
dt,GBPUSD,forex,False,ny_fx,H1,60,k=0.3,0.3,False,False,M15,2991,1750,0.58509,-0.026761,-2.1193,0.45371,0.00022109,0.026982,1313,-0.028927,437,-0.020251,2020,-0.07163,0.25,-0.033372,-0.039984,True,False,15:-0.011(162.0) 16:-0.036(139.0) 17:+0.001(137.0) 18:-0.035(158.0) 19:-0.069(93.0) 20:-0.072(147.0) 21:-0.028(161.0) 22:-0.049(151.0) 23:+0.019(165.0) 24:-0.071(169.0) 25:-0.008(146.0) 26:+0.035(122.0),2015-01-12,2026-10-08,0.018857,,,,,,,-46.831,489.26,-37.982,347.62,-8.8495,141.65,-58.402
dt,GBPUSD,forex,False,ny_fx,H1,60,k=0.5,0.5,False,False,M15,2991,684,0.22869,-0.0089156,-0.66135,0.45614,0.0092976,0.018213,503,-0.0066316,181,-0.015263,2016,-0.074881,0.41667,-0.020273,-0.031631,True,False,15:+0.033(66.0) 16:-0.075(56.0) 17:+0.061(56.0) 18:+0.032(52.0) 19:-0.064(34.0) 20:-0.052(42.0) 21:-0.029(70.0) 22:-0.026(62.0) 23:+0.025(65.0) 24:-0.070(67.0) 25:-0.026(63.0) 26:+0.069(51.0),2015-01-14,2026-10-08,0,,,,,,,-6.0983,84.956,-3.3357,55.963,-2.7625,28.993,-13.867
dt,GBPUSD,forex,False,ny_fx,H1,60,k=0.7,0.7,False,False,M15,2991,322,0.10766,-0.022888,-1.4498,0.45031,-0.010144,0.012744,228,-0.019502,94,-0.0311,2019,-0.10126,0.33333,-0.015291,-0.007695,False,False,15:+0.005(31.0) 16:-0.074(25.0) 17:+0.049(25.0) 18:-0.001(27.0) 19:-0.101(19.0) 20:-0.044(16.0) 21:-0.034(28.0) 22:-0.086(30.0) 23:+0.082(27.0) 24:-0.089(40.0) 25:-0.026(29.0) 26:+0.056(25.0),2015-01-14,2026-10-01,0,,,,,,,-7.3699,25.93,-4.4465,16.256,-2.9234,9.6739,-4.9238
rb,GBPUSD,forex,False,ny_fx,H1,60,RB,0,False,False,M15,2991,1406,0.47008,-0.051003,-2.7601,0.43385,-0.015266,0.035737,1066,-0.037219,340,-0.094219,2025,-0.13067,0.25,-0.034326,-0.017648,False,False,15:+0.085(100.0) 16:+0.048(128.0) 17:-0.098(131.0) 18:-0.016(133.0) 19:-0.102(107.0) 20:-0.095(133.0) 21:-0.055(107.0) 22:+0.032(109.0) 23:-0.112(118.0) 24:-0.108(119.0) 25:-0.131(128.0) 26:-0.026(93.0),2015-01-07,2026-10-08,,847,-0.047216,550,-0.040242,9,-1.065,-71.71,678.16,-39.675,510.4,-32.034,167.77,-48.262
dt,GER40.cash,index,False,eu_cash,M5,5,k=0.3,0.3,False,False,M5,1218,843,0.69212,-0.016835,-0.88566,0.46856,-0.010919,0.0059162,346,-0.013502,497,-0.019155,2026,-0.063111,0.4,-0.0066046,0.0036256,False,False,22:+0.039(168.0) 23:-0.063(178.0) 24:+0.007(183.0) 25:-0.012(173.0) 26:-0.063(141.0),2022-01-05,2026-10-07,0.0035587,,,,,,,-14.192,256.7,-4.6718,111.41,-9.52,145.29,-5.5677
dt,GER40.cash,index,False,eu_cash,M5,5,k=0.5,0.5,False,False,M5,1218,354,0.29064,-0.0082709,-0.42577,0.48305,-0.0041952,0.0040757,145,0.0041219,209,-0.016869,2026,-0.06025,0.4,-0.010056,-0.011842,True,False,22:+0.067(71.0) 23:-0.056(74.0) 24:-0.034(82.0) 25:+0.046(65.0) 26:-0.060(62.0),2022-01-10,2026-10-01,0,,,,,,,-2.9279,47.181,0.59767,19.522,-3.5256,27.659,-3.56
dt,GER40.cash,index,False,eu_cash,M5,5,k=0.7,0.7,False,False,M5,1218,154,0.12644,-0.002627,-0.1176,0.48701,0.00042775,0.0030547,69,0.006603,85,-0.01012,2024,-0.053877,0.6,-0.0044938,-0.0063607,True,False,22:+0.009(35.0) 23:+0.004(34.0) 24:-0.054(32.0) 25:+0.041(32.0) 26:-0.021(21.0),2022-01-18,2026-09-30,0,,,,,,,-0.40455,11.759,0.45561,4.2411,-0.86016,7.5177,-0.69205
rb,GER40.cash,index,False,eu_cash,M5,5,RB,0,False,False,M5,1218,494,0.40558,-0.055609,-1.83,0.46154,-0.047084,0.0085248,196,-0.046256,298,-0.06176,2023,-0.10382,0.4,-0.016567,0.022476,False,False,22:+0.012(97.0) 23:-0.104(99.0) 24:-0.077(120.0) 25:-0.093(101.0) 26:+0.003(77.0),2022-01-03,2026-10-08,,252,0.0081138,242,-0.12196,0,,-27.471,226.41,-9.0662,90.772,-18.404,135.63,-8.1839
dt,GER40.cash,index,False,eu_cash,M15,15,k=0.3,0.3,False,False,M5,1218,842,0.6913,-0.015648,-0.82384,0.46912,-0.0097235,0.0059241,345,-0.010594,497,-0.019155,2026,-0.063147,0.4,-0.0066133,0.0024209,False,False,22:+0.045(167.0) 23:-0.063(178.0) 24:+0.008(183.0) 25:-0.012(173.0) 26:-0.063(141.0),2022-01-05,2026-10-07,0.0035629,,,,,,,-13.175,255.66,-3.6551,110.38,-9.5202,145.28,-5.5684
dt,GER40.cash,index,False,eu_cash,M15,15,k=0.5,0.5,False,False,M5,1218,354,0.29064,-0.0078753,-0.40555,0.48305,-0.0037998,0.0040755,145,0.0041139,209,-0.016193,2026,-0.05795,0.4,-0.010056,-0.012237,True,False,22:+0.067(71.0) 23:-0.056(74.0) 24:-0.034(82.0) 25:+0.046(65.0) 26:-0.058(62.0),2022-01-10,2026-10-01,0,,,,,,,-2.7879,47.144,0.59652,19.52,-3.3844,27.625,-3.5599
dt,GER40.cash,index,False,eu_cash,M15,15,k=0.7,0.7,False,False,M5,1218,154,0.12644,-0.0026116,-0.11692,0.48701,0.00043825,0.0030498,69,0.0065989,85,-0.010088,2024,-0.053832,0.6,-0.004489,-0.0063663,True,False,22:+0.009(35.0) 23:+0.004(34.0) 24:-0.054(32.0) 25:+0.041(32.0) 26:-0.021(21.0),2022-01-18,2026-09-30,0,,,,,,,-0.40218,11.757,0.45532,4.2403,-0.85751,7.517,-0.6913
rb,GER40.cash,index,False,eu_cash,M15,15,RB,0,False,False,M5,1218,493,0.40476,-0.049109,-1.5969,0.4645,-0.040692,0.0084168,196,-0.050176,297,-0.048404,2023,-0.11119,0.4,-0.01427,0.020569,False,False,22:+0.012(97.0) 23:-0.111(99.0) 24:-0.075(119.0) 25:-0.056(101.0) 26:+0.003(77.0),2022-01-03,2026-10-08,,251,0.0092146,242,-0.1096,0,,-24.211,230.57,-9.8345,90.089,-14.376,140.48,-7.035
dt,GER40.cash,index,False,eu_cash,M30,30,k=0.3,0.3,False,False,M5,1218,841,0.69048,-0.015007,-0.7905,0.46849,-0.0090913,0.0059161,344,-0.0076996,497,-0.020066,2026,-0.063131,0.4,-0.0071568,0.00069388,False,False,22:+0.051(166.0) 23:-0.063(178.0) 24:+0.005(183.0) 25:-0.011(173.0) 26:-0.063(141.0),2022-01-05,2026-10-07,0.0059453,,,,,,,-12.621,254.8,-2.6487,109.36,-9.9726,145.44,-6.0189
dt,GER40.cash,index,False,eu_cash,M30,30,k=0.5,0.5,False,False,M5,1218,354,0.29064,-0.0078714,-0.40535,0.48305,-0.0037998,0.0040715,145,0.0041113,209,-0.016185,2026,-0.057938,0.4,-0.010052,-0.012233,True,False,22:+0.067(71.0) 23:-0.056(74.0) 24:-0.034(82.0) 25:+0.046(65.0) 26:-0.058(62.0),2022-01-10,2026-10-01,0,,,,,,,-2.7865,47.143,0.59614,19.52,-3.3826,27.624,-3.5585
dt,GER40.cash,index,False,eu_cash,M30,30,k=0.7,0.7,False,False,M5,1218,154,0.12644,-0.0026069,-0.11671,0.48701,0.00043825,0.0030452,69,0.0065911,85,-0.010074,2024,-0.053834,0.6,-0.0044843,-0.0063617,True,False,22:+0.009(35.0) 23:+0.004(34.0) 24:-0.054(32.0) 25:+0.041(32.0) 26:-0.021(21.0),2022-01-18,2026-09-30,0,,,,,,,-0.40146,11.757,0.45479,4.2403,-0.85625,7.5168,-0.69058
rb,GER40.cash,index,False,eu_cash,M30,30,RB,0,False,False,M5,1218,490,0.4023,-0.065959,-2.1684,0.45306,-0.057617,0.0083425,194,-0.062944,296,-0.067936,2023,-0.10173,0,-0.010226,0.045508,False,False,22:-0.023(96.0) 23:-0.102(98.0) 24:-0.079(119.0) 25:-0.093(101.0) 26:-0.017(76.0),2022-01-03,2026-10-08,,251,0.0022993,238,-0.13398,1,-1.0104,-32.32,223.83,-12.211,82.689,-20.109,141.14,-5.0105
dt,GER40.cash,index,False,eu_cash,H1,60,k=0.3,0.3,False,True,M5,1218,806,0.66174,-0.023438,-1.2414,0.4603,-0.017462,0.0059753,326,-0.023509,480,-0.023389,2023,-0.060158,0.2,-0.0077062,0.0080252,False,False,22:+0.016(156.0) 23:-0.060(170.0) 24:-0.015(178.0) 25:-0.010(169.0) 26:-0.052(133.0),2022-01-05,2026-10-07,0.0086849,,,,,,,-18.891,231.73,-7.6641,98.658,-11.227,133.07,-6.2112
dt,GER40.cash,index,False,eu_cash,H1,60,k=0.5,0.5,False,True,M5,1218,331,0.27176,-0.015967,-0.81205,0.48036,-0.011884,0.004083,136,-0.0036033,195,-0.02459,2024,-0.062068,0.4,-0.011163,-0.0063588,False,False,22:+0.028(68.0) 23:-0.036(68.0) 24:-0.062(77.0) 25:+0.044(62.0) 26:-0.049(56.0),2022-01-10,2026-10-01,0.0060423,,,,,,,-5.2851,42.314,-0.49005,16.668,-4.795,25.646,-3.6949
dt,GER40.cash,index,False,eu_cash,H1,60,k=0.7,0.7,False,True,M5,1218,142,0.11658,-0.010771,-0.46965,0.48592,-0.007733,0.0030377,65,-0.0067074,77,-0.014201,2024,-0.0766,0.4,-0.0051854,0.00039995,False,False,22:-0.029(32.0) 23:+0.015(33.0) 24:-0.077(28.0) 25:+0.036(30.0) 26:-0.002(19.0),2022-01-18,2026-09-09,0,,,,,,,-1.5294,10.547,-0.43598,3.4022,-1.0935,7.1447,-0.73632
rb,GER40.cash,index,False,eu_cash,H1,60,RB,0,False,True,M5,1218,454,0.37274,-0.060447,-1.9207,0.44273,-0.052238,0.0082084,179,-0.068112,275,-0.055457,2023,-0.11109,0,-0.015622,0.029203,False,False,22:-0.027(91.0) 23:-0.111(88.0) 24:-0.063(109.0) 25:-0.059(95.0) 26:-0.038(71.0),2022-01-03,2026-10-08,,235,-0.023544,218,-0.09578,1,-1.0301,-27.443,205.35,-12.192,73.661,-15.251,131.69,-7.0924
dt,GOOG,stock,False,us_cash,M5,5,k=0.3,0.3,False,False,M5,1288,823,0.63898,0.014061,0.71339,0.50182,0.027746,0.013684,412,0.025555,411,0.0025397,2021,-0.047284,0.5,-0.012462,-0.038986,True,False,21:-0.047(77.0) 22:+0.059(157.0) 23:+0.027(178.0) 24:-0.004(148.0) 25:-0.011(152.0) 26:+0.029(111.0),2021-08-09,2026-10-08,0.0012151,,,,,,,11.573,262.99,10.529,142.41,1.0438,120.58,-10.256
dt,GOOG,stock,False,us_cash,M5,5,k=0.5,0.5,False,False,M5,1288,372,0.28882,-0.0054799,-0.28382,0.47312,0.0036462,0.0091261,186,0.014145,186,-0.025105,2024,-0.037606,0.16667,-0.0072636,-0.0090474,True,False,21:-0.023(36.0) 22:+0.098(60.0) 23:-0.027(90.0) 24:-0.038(70.0) 25:-0.029(64.0) 26:-0.003(52.0),2021-08-12,2026-10-08,0,,,,,,,-2.0385,51.462,2.631,26.628,-4.6695,24.834,-2.7021
dt,GOOG,stock,False,us_cash,M5,5,k=0.7,0.7,False,False,M5,1288,159,0.12345,-0.012801,-0.51331,0.42767,-0.0054557,0.0073456,75,0.02618,84,-0.047606,2024,-0.083819,0.5,-0.0071538,-0.0015062,False,False,21:-0.078(13.0) 22:+0.074(29.0) 23:+0.025(33.0) 24:-0.084(34.0) 25:+0.044(22.0) 26:-0.075(28.0),2021-08-16,2026-10-08,0,,,,,,,-2.0354,15.65,1.9635,6.6662,-3.9989,8.984,-1.1375
rb,GOOG,stock,False,us_cash,M5,5,RB,0,False,False,M5,1288,511,0.39674,-0.020591,-0.67933,0.4501,0.0013717,0.021963,190,-0.00068899,321,-0.032371,2025,-0.087605,0.33333,-0.022038,-0.023485,True,False,21:-0.071(32.0) 22:+0.108(79.0) 23:-0.081(79.0) 24:+0.013(112.0) 25:-0.088(118.0) 26:-0.016(91.0),2021-08-16,2026-09-30,,275,-0.021266,236,-0.019805,0,,-10.522,239.66,-0.13091,93.128,-10.391,146.53,-11.261
dt,GOOG,stock,False,us_cash,M15,15,k=0.3,0.3,False,False,M5,1288,821,0.63742,0.015144,0.76794,0.50061,0.02887,0.013726,412,0.024596,409,0.0056232,2021,-0.048167,0.5,-0.012625,-0.040395,True,False,21:-0.048(77.0) 22:+0.059(157.0) 23:+0.026(178.0) 24:-0.002(147.0) 25:-0.004(151.0) 26:+0.029(111.0),2021-08-09,2026-10-08,0.0073082,,,,,,,12.434,262.01,10.134,142.59,2.2999,119.43,-10.365
dt,GOOG,stock,False,us_cash,M15,15,k=0.5,0.5,False,False,M5,1288,372,0.28882,-0.0055123,-0.28552,0.47043,0.0036542,0.0091666,186,0.014172,186,-0.025196,2024,-0.037629,0.16667,-0.0073041,-0.0090958,True,False,21:-0.023(36.0) 22:+0.098(60.0) 23:-0.027(90.0) 24:-0.038(70.0) 25:-0.029(64.0) 26:-0.003(52.0),2021-08-12,2026-10-08,0,,,,,,,-2.0506,51.452,2.6359,26.628,-4.6865,24.824,-2.7171
dt,GOOG,stock,False,us_cash,M15,15,k=0.7,0.7,False,False,M5,1288,159,0.12345,-0.012789,-0.51278,0.42767,-0.0054557,0.0073333,75,0.026127,84,-0.047536,2024,-0.083657,0.5,-0.0071415,-0.0014939,False,False,21:-0.078(13.0) 22:+0.074(29.0) 23:+0.025(33.0) 24:-0.084(34.0) 25:+0.044(22.0) 26:-0.075(28.0),2021-08-16,2026-10-08,0,,,,,,,-2.0335,15.653,1.9595,6.6659,-3.993,8.9868,-1.1355
rb,GOOG,stock,False,us_cash,M15,15,RB,0,False,False,M5,1288,508,0.39441,-0.024526,-0.80159,0.44882,-0.0027271,0.021799,189,0.0089784,319,-0.044377,2025,-0.11162,0.16667,-0.02241,-0.020293,False,False,21:-0.071(32.0) 22:+0.112(79.0) 23:-0.063(78.0) 24:-0.008(112.0) 25:-0.112(118.0) 26:-0.001(89.0),2021-08-16,2026-09-30,,275,-0.035407,231,-0.0029584,2,-1.0194,-12.459,241.42,1.6969,98.298,-14.156,143.12,-11.384
dt,GOOG,stock,False,us_cash,M30,30,k=0.3,0.3,False,False,M5,1288,820,0.63665,0.016268,0.82589,0.5,0.030084,0.013816,411,0.026972,409,0.0055119,2021,-0.037859,0.5,-0.012226,-0.04072,True,False,21:-0.038(76.0) 22:+0.059(157.0) 23:+0.026(178.0) 24:-0.002(147.0) 25:-0.004(151.0) 26:+0.029(111.0),2021-08-09,2026-10-08,0.010976,,,,,,,13.34,260.79,11.086,141.35,2.2544,119.44,-10.025
dt,GOOG,stock,False,us_cash,M30,30,k=0.5,0.5,False,False,M5,1288,372,0.28882,-0.0055344,-0.28668,0.47043,0.0036542,0.0091887,186,0.014144,186,-0.025213,2024,-0.037655,0.16667,-0.0073262,-0.0091179,True,False,21:-0.023(36.0) 22:+0.098(60.0) 23:-0.027(90.0) 24:-0.038(70.0) 25:-0.029(64.0) 26:-0.003(52.0),2021-08-12,2026-10-08,0.0026882,,,,,,,-2.0588,51.449,2.6308,26.63,-4.6896,24.819,-2.7253
dt,GOOG,stock,False,us_cash,M30,30,k=0.7,0.7,False,False,M5,1288,159,0.12345,-0.012769,-0.51197,0.42767,-0.0054557,0.0073135,75,0.026118,84,-0.04749,2024,-0.083644,0.5,-0.0071216,-0.0014741,False,False,21:-0.078(13.0) 22:+0.074(29.0) 23:+0.025(33.0) 24:-0.084(34.0) 25:+0.044(22.0) 26:-0.075(28.0),2021-08-16,2026-10-08,0,,,,,,,-2.0303,15.653,1.9588,6.6659,-3.9891,8.9873,-1.1323
rb,GOOG,stock,False,us_cash,M30,30,RB,0,False,False,M5,1288,508,0.39441,-0.037177,-1.294,0.44882,-0.015555,0.021623,189,-0.017431,319,-0.048877,2021,-0.15518,0.16667,-0.026385,-0.015593,False,False,21:-0.155(32.0) 22:+0.093(79.0) 23:-0.073(78.0) 24:-0.018(112.0) 25:-0.108(118.0) 26:-0.009(89.0),2021-08-16,2026-09-30,,275,-0.042864,232,-0.026277,1,-1.0022,-18.886,213.31,-3.2944,80.304,-15.592,133,-13.404
dt,GOOG,stock,False,us_cash,H1,60,k=0.3,0.3,False,True,M5,1288,780,0.60559,0.014544,0.74832,0.50385,0.028297,0.013753,395,0.023475,385,0.0053805,2021,-0.014075,0.66667,-0.012226,-0.038996,True,False,21:-0.014(72.0) 22:+0.043(146.0) 23:+0.022(177.0) 24:+0.003(141.0) 25:-0.007(138.0) 26:+0.024(106.0),2021-08-09,2026-10-08,0.021795,,,,,,,11.344,229.68,9.2727,126.09,2.0715,103.6,-9.5363
dt,GOOG,stock,False,us_cash,H1,60,k=0.5,0.5,False,True,M5,1288,341,0.26475,0.0004783,0.025257,0.48387,0.0098132,0.0093349,170,0.022238,171,-0.021154,2024,-0.029504,0.16667,-0.0078917,-0.016262,True,False,21:-0.004(31.0) 22:+0.080(55.0) 23:-0.006(84.0) 24:-0.030(65.0) 25:-0.028(58.0) 26:-0.001(48.0),2021-08-16,2026-10-08,0.0087977,,,,,,,0.1631,41.58,3.7805,21.171,-3.6174,20.409,-2.6911
dt,GOOG,stock,False,us_cash,H1,60,k=0.7,0.7,False,True,M5,1288,148,0.11491,-0.0073334,-0.31852,0.44595,8.2821e-05,0.0074162,68,0.04076,80,-0.048213,2026,-0.079369,0.5,-0.0059332,-0.0045331,False,False,21:-0.055(13.0) 22:+0.082(23.0) 23:+0.050(32.0) 24:-0.079(32.0) 25:+0.039(21.0) 26:-0.079(27.0),2021-08-16,2026-10-08,0.0067568,,,,,,,-1.0853,11.54,2.7717,4.5291,-3.857,7.0111,-0.87812
rb,GOOG,stock,False,us_cash,H1,60,RB,0,False,True,M5,1288,464,0.36025,-0.068569,-2.6658,0.42026,-0.047998,0.020571,172,-0.046055,292,-0.08183,2021,-0.15523,0.16667,-0.031996,0.0045765,False,False,21:-0.155(30.0) 22:+0.039(67.0) 23:-0.079(75.0) 24:-0.040(106.0) 25:-0.121(108.0) 26:-0.085(78.0),2021-08-16,2026-09-30,,255,-0.075335,206,-0.046203,3,-1.0292,-31.816,144.31,-7.9214,51.961,-23.894,92.348,-14.846
dt,HK50.cash,index,False,hk_cash,M5,5,k=0.3,0.3,False,False,M5,1232,769,0.62419,0.0043281,0.23274,0.48635,0.021846,0.017518,350,0.0015807,419,0.0066231,2026,-0.058153,0.33333,-0.013695,-0.031718,True,False,21:-0.003(42.0) 22:-0.004(150.0) 23:+0.008(158.0) 24:+0.065(150.0) 25:-0.001(152.0) 26:-0.058(117.0),2021-09-20,2026-10-09,0.0013004,,,,,,,3.3283,204.26,0.55324,86.977,2.7751,117.28,-10.531
dt,HK50.cash,index,False,hk_cash,M5,5,k=0.5,0.5,False,False,M5,1232,288,0.23377,0.017189,0.85289,0.49653,0.028909,0.01172,121,0.024532,167,0.011869,2021,-0.039563,0.66667,-0.010066,-0.037321,True,False,21:-0.040(17.0) 22:+0.071(46.0) 23:+0.007(58.0) 24:+0.038(69.0) 25:+0.006(54.0) 26:-0.022(44.0),2021-09-20,2026-10-08,0,,,,,,,4.9505,33.659,2.9683,13.596,1.9822,20.064,-2.899
dt,HK50.cash,index,False,hk_cash,M5,5,k=0.7,0.7,False,False,M5,1232,117,0.094968,0.034156,1.4605,0.47009,0.043526,0.00937,50,0.042363,67,0.028031,2025,-0.014175,0.8,-0.0092202,-0.052596,True,False,21:-0.053(8.0) 22:+0.077(21.0) 23:+0.044(21.0) 24:+0.061(32.0) 25:-0.014(21.0) 26:+0.015(14.0),2021-09-20,2026-09-21,0,,,,,,,3.9962,7.5592,2.1182,2.4711,1.878,5.088,-1.0788
rb,HK50.cash,index,False,hk_cash,M5,5,RB,0,False,False,M5,1232,516,0.41883,-0.023401,-0.87613,0.47868,-0.00018364,0.023217,253,-0.01013,263,-0.036167,2025,-0.11829,0.33333,-0.02428,-0.025158,True,False,21:-0.094(30.0) 22:-0.033(108.0) 23:+0.034(115.0) 24:+0.084(93.0) 25:-0.118(86.0) 26:-0.085(84.0),2021-09-20,2026-10-08,,300,-0.027444,216,-0.017785,0,,-12.075,189.86,-2.563,87.321,-9.5118,102.54,-12.528
dt,HK50.cash,index,False,hk_cash,M15,15,k=0.3,0.3,False,False,M5,1232,769,0.62419,0.0038937,0.21028,0.48895,0.021426,0.017532,350,0.00027009,419,0.0069205,2026,-0.057858,0.5,-0.014404,-0.032702,True,False,21:-0.003(42.0) 22:-0.004(150.0) 23:+0.005(158.0) 24:+0.064(150.0) 25:+0.000(152.0) 26:-0.058(117.0),2021-09-20,2026-10-09,0.0026008,,,,,,,2.9942,202.51,0.094532,85.38,2.8997,117.13,-11.077
dt,HK50.cash,index,False,hk_cash,M15,15,k=0.5,0.5,False,False,M5,1232,288,0.23377,0.017021,0.84576,0.49653,0.028742,0.011721,121,0.024138,167,0.011864,2021,-0.039563,0.66667,-0.010235,-0.03749,True,False,21:-0.040(17.0) 22:+0.071(46.0) 23:+0.006(58.0) 24:+0.038(69.0) 25:+0.006(54.0) 26:-0.022(44.0),2021-09-20,2026-10-08,0.0034722,,,,,,,4.902,33.56,2.9207,13.492,1.9813,20.068,-2.9475
dt,HK50.cash,index,False,hk_cash,M15,15,k=0.7,0.7,False,False,M5,1232,117,0.094968,0.034149,1.4602,0.47009,0.043526,0.009377,50,0.042363,67,0.028018,2025,-0.014168,0.8,-0.0092272,-0.052603,True,False,21:-0.053(8.0) 22:+0.077(21.0) 23:+0.044(21.0) 24:+0.061(32.0) 25:-0.014(21.0) 26:+0.015(14.0),2021-09-20,2026-09-21,0,,,,,,,3.9954,7.5593,2.1182,2.4711,1.8772,5.0882,-1.0796
rb,HK50.cash,index,False,hk_cash,M15,15,RB,0,False,False,M5,1232,514,0.41721,-0.013909,-0.51877,0.48054,0.009063,0.022972,252,-0.0051633,262,-0.02232,2025,-0.11821,0.33333,-0.022002,-0.030095,True,False,21:-0.093(30.0) 22:-0.026(107.0) 23:+0.037(115.0) 24:+0.091(92.0) 25:-0.118(86.0) 26:-0.048(84.0),2021-09-20,2026-10-08,,300,-0.028263,214,0.0062145,0,,-7.149,189.64,-1.3011,83.915,-5.8479,105.72,-11.309
dt,HK50.cash,index,False,hk_cash,M30,30,k=0.3,0.3,False,False,M5,1232,767,0.62256,0.0059623,0.32379,0.49022,0.023622,0.01766,350,-0.00059134,417,0.011463,2026,-0.04079,0.5,-0.014995,-0.035952,True,False,21:-0.003(42.0) 22:-0.004(150.0) 23:+0.003(158.0) 24:+0.063(150.0) 25:+0.000(152.0) 26:-0.041(115.0),2021-09-20,2026-10-09,0.0065189,,,,,,,4.5731,199.24,-0.20697,84.455,4.78,114.79,-11.501
dt,HK50.cash,index,False,hk_cash,M30,30,k=0.5,0.5,False,False,M5,1232,288,0.23377,0.016432,0.82055,0.49653,0.028397,0.011965,121,0.022704,167,0.011888,2021,-0.039529,0.66667,-0.010823,-0.038078,True,False,21:-0.040(17.0) 22:+0.071(46.0) 23:+0.003(58.0) 24:+0.038(69.0) 25:+0.006(54.0) 26:-0.022(44.0),2021-09-20,2026-10-08,0.0034722,,,,,,,4.7325,33.226,2.7472,13.156,1.9853,20.07,-3.117
dt,HK50.cash,index,False,hk_cash,M30,30,k=0.7,0.7,False,False,M5,1232,117,0.094968,0.034143,1.4602,0.47009,0.043526,0.0093824,50,0.042366,67,0.028007,2025,-0.014166,0.8,-0.0092326,-0.052608,True,False,21:-0.053(8.0) 22:+0.077(21.0) 23:+0.044(21.0) 24:+0.061(32.0) 25:-0.014(21.0) 26:+0.015(14.0),2021-09-20,2026-09-21,0,,,,,,,3.9948,7.5573,2.1183,2.4712,1.8764,5.0861,-1.0802
rb,HK50.cash,index,False,hk_cash,M30,30,RB,0,False,False,M5,1232,512,0.41558,-0.026712,-1.0322,0.47656,-0.0041548,0.022557,251,-0.0031886,261,-0.049334,2025,-0.12404,0.33333,-0.01996,-0.013208,False,False,21:-0.094(30.0) 22:-0.031(107.0) 23:+0.047(114.0) 24:+0.073(91.0) 25:-0.124(86.0) 26:-0.106(84.0),2021-09-20,2026-10-08,,300,-0.02829,212,-0.02448,0,,-13.677,175.59,-0.80035,84.251,-12.876,91.335,-10.22
dt,HK50.cash,index,False,hk_cash,H1,60,k=0.3,0.3,False,True,M5,1232,749,0.60795,-0.00083621,-0.046231,0.47664,0.01884,0.019676,343,-0.0051028,406,0.0027683,2026,-0.055779,0.5,-0.017629,-0.034422,True,False,21:+0.018(42.0) 22:-0.014(148.0) 23:-0.003(153.0) 24:+0.048(146.0) 25:+0.004(145.0) 26:-0.056(115.0),2021-09-20,2026-10-09,0.010681,,,,,,,-0.62632,183.29,-1.7502,80.718,1.1239,102.58,-13.204
dt,HK50.cash,index,False,hk_cash,H1,60,k=0.5,0.5,False,True,M5,1232,280,0.22727,0.013227,0.68481,0.46429,0.026757,0.013529,117,0.019545,163,0.0086922,2026,-0.037564,0.5,-0.013775,-0.040776,True,False,21:-0.004(17.0) 22:+0.057(45.0) 23:-0.004(55.0) 24:+0.039(67.0) 25:+0.007(54.0) 26:-0.038(42.0),2021-09-20,2026-10-08,0.0035714,,,,,,,3.7036,29.193,2.2868,12.634,1.4168,16.56,-3.8569
dt,HK50.cash,index,False,hk_cash,H1,60,k=0.7,0.7,False,True,M5,1232,110,0.089286,0.027633,1.2306,0.5,0.039267,0.011634,47,0.045148,63,0.014566,2025,-0.02155,0.6,-0.011634,-0.0509,True,False,21:-0.018(8.0) 22:+0.090(18.0) 23:+0.031(21.0) 24:+0.043(32.0) 25:-0.022(19.0) 26:-0.005(12.0),2021-09-20,2026-08-28,0,,,,,,,3.0396,6.1298,2.1219,2.1492,0.91766,3.9806,-1.2797
rb,HK50.cash,index,False,hk_cash,H1,60,RB,0,False,True,M5,1232,490,0.39773,-0.039741,-1.5789,0.47143,-0.014844,0.024897,239,-0.020277,251,-0.058275,2025,-0.13937,0.16667,-0.02306,-0.0063779,False,False,21:-0.008(27.0) 22:-0.037(104.0) 23:-0.007(108.0) 24:+0.053(86.0) 25:-0.139(84.0) 26:-0.092(81.0),2021-09-20,2026-10-08,,291,-0.049318,199,-0.025738,0,,-19.473,152.58,-4.8463,72.287,-14.627,80.296,-11.299
dt,INTC,stock,True,us_cash,M5,5,k=0.3,0.3,False,False,M5,1357,844,0.62196,0.016807,0.85103,0.51066,0.021724,0.004917,453,-0.0027021,391,0.03941,2021,-0.083595,0.66667,-0.0055196,-0.027846,True,False,20:+0.819(6.0) 21:-0.084(159.0) 22:+0.030(138.0) 23:+0.020(150.0) 24:+0.027(140.0) 25:+0.100(136.0) 26:-0.017(115.0),2020-12-14,2026-10-08,0,,,,,,,14.185,277.74,-1.224,158.54,15.409,119.2,-4.6586
dt,INTC,stock,True,us_cash,M5,5,k=0.5,0.5,False,False,M5,1357,365,0.26898,0.021135,1.098,0.51233,0.024297,0.0031621,191,0.011452,174,0.031765,2021,-0.037003,0.66667,-0.0058024,-0.03274,True,False,20:+0.980(3.0) 21:-0.037(69.0) 22:+0.000(62.0) 23:+0.031(57.0) 24:+0.083(58.0) 25:+0.033(68.0) 26:-0.032(48.0),2020-12-14,2026-10-02,0,,,,,,,7.7144,49.386,2.1873,27.541,5.527,21.845,-2.1179
dt,INTC,stock,True,us_cash,M5,5,k=0.7,0.7,False,False,M5,1357,165,0.12159,0.0054647,0.23689,0.51515,0.0077671,0.0023024,84,-0.0099954,81,0.021497,2021,-0.06779,0.33333,-0.0014981,-0.0084609,True,False,20:+1.052(2.0) 21:-0.068(33.0) 22:-0.027(25.0) 23:-0.001(24.0) 24:+0.048(31.0) 25:+0.032(31.0) 26:-0.038(19.0),2020-12-18,2026-10-02,0,,,,,,,0.90168,14.405,-0.83961,8.8034,1.7413,5.602,-0.24718
rb,INTC,stock,True,us_cash,M5,5,RB,0,False,False,M5,1357,550,0.40531,0.071838,2.393,0.50727,0.078927,0.0070893,265,0.074811,285,0.069074,2026,-0.012306,0.66667,0.0079973,-0.055843,True,True,20:-0.237(8.0) 21:-0.001(87.0) 22:+0.230(83.0) 23:+0.031(87.0) 24:+0.031(87.0) 25:+0.173(105.0) 26:-0.012(93.0),2020-12-14,2026-10-08,,320,0.020986,230,0.14259,0,,39.511,274.94,19.825,136.66,19.686,138.28,4.3985
dt,INTC,stock,True,us_cash,M15,15,k=0.3,0.3,False,False,M5,1357,842,0.62049,0.019009,0.96295,0.51188,0.023906,0.0048964,451,0.0012286,391,0.039518,2021,-0.079344,0.66667,-0.0054904,-0.02999,True,False,20:+0.819(6.0) 21:-0.079(158.0) 22:+0.038(137.0) 23:+0.020(150.0) 24:+0.027(140.0) 25:+0.100(136.0) 26:-0.017(115.0),2020-12-14,2026-10-08,0.0035629,,,,,,,16.006,276.25,0.5541,157.05,15.452,119.2,-4.6229
dt,INTC,stock,True,us_cash,M15,15,k=0.5,0.5,False,False,M5,1357,365,0.26898,0.021274,1.1056,0.51233,0.024406,0.0031321,191,0.011659,174,0.031828,2021,-0.036577,0.66667,-0.0057723,-0.032818,True,False,20:+0.980(3.0) 21:-0.037(69.0) 22:+0.000(62.0) 23:+0.031(57.0) 24:+0.083(58.0) 25:+0.033(68.0) 26:-0.032(48.0),2020-12-14,2026-10-02,0,,,,,,,7.7649,49.357,2.2269,27.516,5.538,21.842,-2.1069
dt,INTC,stock,True,us_cash,M15,15,k=0.7,0.7,False,False,M5,1357,165,0.12159,0.005585,0.2421,0.51515,0.0078886,0.0023037,84,-0.0099954,81,0.021742,2021,-0.06779,0.33333,-0.0014994,-0.0085838,True,False,20:+1.052(2.0) 21:-0.068(33.0) 22:-0.027(25.0) 23:-0.001(24.0) 24:+0.048(31.0) 25:+0.032(31.0) 26:-0.038(19.0),2020-12-18,2026-10-02,0,,,,,,,0.92152,14.405,-0.83961,8.8034,1.7611,5.602,-0.2474
rb,INTC,stock,True,us_cash,M15,15,RB,0,False,False,M5,1357,549,0.40457,0.062143,2.0745,0.50273,0.069171,0.0070281,265,0.072588,284,0.052396,2026,-0.048707,0.66667,0.0073716,-0.047399,True,True,20:-0.237(8.0) 21:-0.012(87.0) 22:+0.234(83.0) 23:+0.032(87.0) 24:+0.021(87.0) 25:+0.169(104.0) 26:-0.049(93.0),2020-12-14,2026-10-08,,320,0.020747,229,0.11999,0,,34.116,272.08,19.236,135.41,14.88,136.67,4.047
dt,INTC,stock,True,us_cash,M30,30,k=0.3,0.3,False,False,M5,1357,840,0.61901,0.021182,1.0754,0.5131,0.026077,0.0048955,450,0.0034443,390,0.041649,2021,-0.079344,0.66667,-0.00568,-0.032542,True,False,20:+0.819(6.0) 21:-0.079(158.0) 22:+0.045(136.0) 23:+0.020(150.0) 24:+0.026(140.0) 25:+0.109(135.0) 26:-0.017(115.0),2020-12-14,2026-10-08,0.011905,,,,,,,17.793,273.81,1.5499,156.05,16.243,117.76,-4.7712
dt,INTC,stock,True,us_cash,M30,30,k=0.5,0.5,False,False,M5,1357,365,0.26898,0.021298,1.1066,0.51233,0.024438,0.0031405,191,0.011659,174,0.031878,2021,-0.036577,0.66667,-0.0057807,-0.032859,True,False,20:+0.980(3.0) 21:-0.037(69.0) 22:+0.000(62.0) 23:+0.031(57.0) 24:+0.083(58.0) 25:+0.033(68.0) 26:-0.032(48.0),2020-12-14,2026-10-02,0,,,,,,,7.7738,49.377,2.2269,27.516,5.5468,21.862,-2.11
dt,INTC,stock,True,us_cash,M30,30,k=0.7,0.7,False,False,M5,1357,165,0.12159,0.0056728,0.2459,0.51515,0.0079778,0.002305,84,-0.0099954,81,0.021921,2021,-0.06779,0.33333,-0.0015007,-0.0086742,True,False,20:+1.052(2.0) 21:-0.068(33.0) 22:-0.027(25.0) 23:-0.001(24.0) 24:+0.048(31.0) 25:+0.032(31.0) 26:-0.038(19.0),2020-12-18,2026-10-02,0,,,,,,,0.93601,14.406,-0.83961,8.8034,1.7756,5.6029,-0.24762
rb,INTC,stock,True,us_cash,M30,30,RB,0,False,False,M5,1357,547,0.4031,0.067146,2.2633,0.50274,0.074087,0.0069412,265,0.080418,282,0.054674,2026,-0.044943,0.66667,0.0099613,-0.047224,True,True,20:-0.237(8.0) 21:-0.008(87.0) 22:+0.244(83.0) 23:+0.042(87.0) 24:+0.027(87.0) 25:+0.167(103.0) 26:-0.045(92.0),2020-12-14,2026-10-08,,320,0.015526,226,0.14497,1,-1.0026,36.729,265.33,21.311,133.8,15.418,131.53,5.4488
dt,INTC,stock,True,us_cash,H1,60,k=0.3,0.3,False,True,M5,1357,808,0.59543,0.0073056,0.37196,0.50619,0.012325,0.0050196,429,-0.012449,379,0.029667,2021,-0.095026,0.66667,-0.0082894,-0.023884,True,False,20:+1.007(6.0) 21:-0.095(150.0) 22:+0.005(128.0) 23:+0.015(145.0) 24:+0.009(137.0) 25:+0.094(128.0) 26:-0.018(114.0),2020-12-14,2026-10-08,0.019802,,,,,,,5.903,251.58,-5.3408,139.78,11.244,111.8,-6.6978
dt,INTC,stock,True,us_cash,H1,60,k=0.5,0.5,False,True,M5,1357,331,0.24392,0.025114,1.2462,0.49245,0.028447,0.0033337,169,0.016687,162,0.033904,2021,-0.031508,0.5,-0.0037173,-0.032548,True,False,20:+1.132(3.0) 21:-0.032(60.0) 22:-0.006(52.0) 23:+0.030(54.0) 24:+0.090(54.0) 25:+0.031(61.0) 26:-0.026(47.0),2020-12-14,2026-10-02,0,,,,,,,8.3126,44.566,2.8201,23.845,5.4925,20.721,-1.2304
dt,INTC,stock,True,us_cash,H1,60,k=0.7,0.7,False,True,M5,1357,150,0.11054,0.0083086,0.34037,0.48667,0.01044,0.0021318,77,-0.012465,73,0.03022,2021,-0.073719,0.33333,0.00010535,-0.0080978,True,False,20:+1.136(2.0) 21:-0.074(30.0) 22:-0.038(21.0) 23:-0.009(24.0) 24:+0.071(30.0) 25:+0.025(27.0) 26:-0.036(16.0),2020-12-18,2026-10-02,0,,,,,,,1.2463,13.328,-0.9598,7.9673,2.2061,5.3609,0.015803
rb,INTC,stock,True,us_cash,H1,60,RB,0,False,True,M5,1357,508,0.37436,0.035531,1.2289,0.49016,0.042138,0.0066067,244,0.036135,264,0.034973,2021,-0.083338,0.5,0.0061609,-0.023209,True,False,20:-0.159(8.0) 21:-0.083(84.0) 22:+0.227(74.0) 23:+0.004(78.0) 24:-0.023(82.0) 25:+0.136(96.0) 26:-0.023(86.0),2020-12-14,2026-10-08,,302,0.0028947,206,0.083376,0,,18.05,215.93,8.8169,97.458,9.2328,118.48,3.1297
dt,JNJ,stock,True,us_cash,M5,5,k=0.3,0.3,False,False,M5,1369,918,0.67056,-0.030061,-1.5882,0.45643,-0.022378,0.0076838,472,-0.021713,446,-0.038896,2026,-0.07218,0.14286,-0.010062,0.0099378,False,False,20:+0.040(16.0) 21:-0.065(141.0) 22:-0.004(170.0) 23:-0.007(145.0) 24:-0.000(161.0) 25:-0.051(156.0) 26:-0.072(129.0),2020-11-06,2026-10-08,0.0010893,,,,,,,-27.596,302.43,-10.249,167.66,-17.348,134.77,-9.2368
dt,JNJ,stock,True,us_cash,M5,5,k=0.5,0.5,False,False,M5,1369,392,0.28634,-0.0025425,-0.13655,0.48469,0.0020529,0.0045954,215,-0.009551,177,0.0059706,2022,-0.032176,0.33333,-0.0056551,-0.0087676,True,False,20:+0.096(8.0) 21:-0.014(58.0) 22:-0.032(86.0) 23:+0.012(63.0) 24:-0.007(71.0) 25:-0.004(63.0) 26:+0.041(43.0),2020-11-06,2026-10-08,0,,,,,,,-0.99667,53.144,-2.0535,33.095,1.0568,20.048,-2.2168
dt,JNJ,stock,True,us_cash,M5,5,k=0.7,0.7,False,False,M5,1369,185,0.13514,-0.011045,-0.52698,0.46486,-0.0074896,0.0035556,105,-0.013079,80,-0.0083762,2022,-0.070242,0.5,-0.0053254,0.00039438,False,False,20:+0.071(4.0) 21:+0.000(29.0) 22:-0.070(41.0) 23:+0.039(31.0) 24:-0.030(27.0) 25:-0.006(30.0) 26:+0.015(23.0),2020-11-06,2026-09-23,0,,,,,,,-2.0434,14.976,-1.3733,9.1372,-0.67009,5.8391,-0.9852
rb,JNJ,stock,True,us_cash,M5,5,RB,0,False,False,M5,1369,516,0.37692,-0.023791,-0.87409,0.48256,-0.012521,0.01127,265,0.012457,251,-0.062061,2026,-0.16194,0.57143,-0.022085,-0.020379,False,False,20:+0.076(16.0) 21:+0.055(73.0) 22:-0.048(81.0) 23:+0.021(95.0) 24:+0.057(78.0) 25:-0.075(92.0) 26:-0.162(81.0),2020-10-23,2026-10-08,,270,-0.01768,246,-0.030498,0,,-12.276,197.16,3.3012,109.63,-15.577,87.526,-11.396
dt,JNJ,stock,True,us_cash,M15,15,k=0.3,0.3,False,False,M5,1369,917,0.66983,-0.028907,-1.5273,0.45802,-0.021125,0.0077825,471,-0.01942,446,-0.038926,2026,-0.072856,0.28571,-0.010134,0.0086393,False,False,20:+0.040(16.0) 21:-0.064(141.0) 22:-0.004(170.0) 23:-0.001(144.0) 24:+0.000(161.0) 25:-0.051(156.0) 26:-0.073(129.0),2020-11-06,2026-10-08,0.0032715,,,,,,,-26.508,301.68,-9.1468,166.94,-17.361,134.75,-9.2928
dt,JNJ,stock,True,us_cash,M15,15,k=0.5,0.5,False,False,M5,1369,392,0.28634,-0.0025007,-0.1343,0.48469,0.0021341,0.0046347,215,-0.0094183,177,0.005902,2022,-0.032176,0.33333,-0.0056944,-0.0088881,True,False,20:+0.096(8.0) 21:-0.014(58.0) 22:-0.032(86.0) 23:+0.012(63.0) 24:-0.007(71.0) 25:-0.003(63.0) 26:+0.041(43.0),2020-11-06,2026-10-08,0,,,,,,,-0.98027,53.143,-2.0249,33.089,1.0447,20.054,-2.2322
dt,JNJ,stock,True,us_cash,M15,15,k=0.7,0.7,False,False,M5,1369,185,0.13514,-0.010988,-0.52421,0.46486,-0.0074066,0.0035811,105,-0.012952,80,-0.0084093,2022,-0.070035,0.5,-0.0053509,0.00028585,False,False,20:+0.071(4.0) 21:+0.000(29.0) 22:-0.070(41.0) 23:+0.039(31.0) 24:-0.030(27.0) 25:-0.006(30.0) 26:+0.015(23.0),2020-11-06,2026-09-23,0,,,,,,,-2.0327,14.978,-1.36,9.1339,-0.67274,5.8436,-0.98992
rb,JNJ,stock,True,us_cash,M15,15,RB,0,False,False,M5,1369,513,0.37473,-0.038683,-1.4686,0.47953,-0.027604,0.011079,264,-0.0072008,249,-0.072063,2026,-0.15068,0.42857,-0.023483,-0.0082817,False,False,20:+0.076(16.0) 21:+0.071(72.0) 22:-0.048(81.0) 23:-0.045(95.0) 24:+0.044(77.0) 25:-0.101(92.0) 26:-0.151(80.0),2020-10-23,2026-10-08,,269,-0.031744,243,-0.042069,1,-1.0825,-19.845,183,-1.901,99.474,-17.944,83.526,-12.047
dt,JNJ,stock,True,us_cash,M30,30,k=0.3,0.3,False,False,M5,1369,916,0.6691,-0.029106,-1.5384,0.45633,-0.02133,0.0077761,471,-0.021771,445,-0.03687,2026,-0.065507,0.14286,-0.010578,0.0079508,False,False,20:+0.040(16.0) 21:-0.065(141.0) 22:-0.004(170.0) 23:-0.008(144.0) 24:-0.001(161.0) 25:-0.051(156.0) 26:-0.066(128.0),2020-11-06,2026-10-08,0.0076419,,,,,,,-26.661,300.8,-10.254,167.46,-16.407,133.34,-9.6891
dt,JNJ,stock,True,us_cash,M30,30,k=0.5,0.5,False,False,M5,1369,392,0.28634,-0.0024653,-0.13239,0.48469,0.0021692,0.0046344,215,-0.0094183,177,0.0059805,2022,-0.032176,0.33333,-0.0056941,-0.0089229,True,False,20:+0.096(8.0) 21:-0.014(58.0) 22:-0.032(86.0) 23:+0.012(63.0) 24:-0.007(71.0) 25:-0.003(63.0) 26:+0.041(43.0),2020-11-06,2026-10-08,0,,,,,,,-0.96639,53.154,-2.0249,33.089,1.0585,20.064,-2.2321
dt,JNJ,stock,True,us_cash,M30,30,k=0.7,0.7,False,False,M5,1369,185,0.13514,-0.01096,-0.52288,0.46486,-0.0073908,0.0035692,105,-0.012952,80,-0.0083455,2022,-0.070035,0.5,-0.0053391,0.00028192,False,False,20:+0.071(4.0) 21:+0.000(29.0) 22:-0.070(41.0) 23:+0.039(31.0) 24:-0.030(27.0) 25:-0.006(30.0) 26:+0.015(23.0),2020-11-06,2026-09-23,0,,,,,,,-2.0276,14.978,-1.36,9.1339,-0.66764,5.8443,-0.98773
rb,JNJ,stock,True,us_cash,M30,30,RB,0,False,False,M5,1369,507,0.37034,-0.048293,-1.8929,0.4714,-0.038093,0.010201,261,-0.0088686,246,-0.090122,2026,-0.15182,0.14286,-0.027008,-0.0057233,False,False,20:-0.102(16.0) 21:+0.070(72.0) 22:-0.029(79.0) 23:-0.036(94.0) 24:-0.028(77.0) 25:-0.089(91.0) 26:-0.152(78.0),2020-10-23,2026-10-08,,269,-0.041264,237,-0.051786,1,-1.1115,-24.485,168.18,-2.3147,98.104,-22.17,70.072,-13.693
dt,JNJ,stock,True,us_cash,H1,60,k=0.3,0.3,False,True,M5,1369,867,0.63331,-0.033779,-1.8506,0.44983,-0.025918,0.0078612,442,-0.024458,425,-0.043474,2026,-0.077032,0.14286,-0.01178,0.010219,False,False,20:+0.084(14.0) 21:-0.054(133.0) 22:-0.028(157.0) 23:-0.003(138.0) 24:-0.025(154.0) 25:-0.036(150.0) 26:-0.077(121.0),2020-11-06,2026-10-08,0.016148,,,,,,,-29.287,251.14,-10.811,139.18,-18.476,111.96,-10.213
dt,JNJ,stock,True,us_cash,H1,60,k=0.5,0.5,False,True,M5,1369,354,0.25858,-0.015429,-0.81501,0.44633,-0.010592,0.0048364,190,-0.011831,164,-0.019597,2024,-0.053213,0.33333,-0.0063349,0.0027587,False,False,20:+0.028(8.0) 21:-0.017(51.0) 22:-0.041(74.0) 23:+0.025(57.0) 24:-0.053(61.0) 25:-0.004(62.0) 26:+0.006(41.0),2020-11-06,2026-10-08,0.0056497,,,,,,,-5.4617,44.866,-2.2479,26.617,-3.2138,18.249,-2.2426
dt,JNJ,stock,True,us_cash,H1,60,k=0.7,0.7,False,True,M5,1369,158,0.11541,-0.014547,-0.67626,0.43671,-0.010847,0.0036992,88,0.0024965,70,-0.035972,2024,-0.070776,0.16667,-0.0070002,0.00054633,False,False,20:+0.010(4.0) 21:-0.011(25.0) 22:-0.033(32.0) 23:+0.055(27.0) 24:-0.071(25.0) 25:-0.023(24.0) 26:-0.009(21.0),2020-11-06,2026-09-23,0,,,,,,,-2.2984,11.511,0.21969,6.0123,-2.5181,5.4988,-1.106
rb,JNJ,stock,True,us_cash,H1,60,RB,0,False,True,M5,1369,466,0.34039,-0.055028,-2.2468,0.45708,-0.044892,0.010136,240,-0.024166,226,-0.087803,2026,-0.14324,0.28571,-0.022263,0.010503,False,False,20:+0.066(15.0) 21:+0.075(66.0) 22:-0.068(73.0) 23:-0.079(86.0) 24:-0.038(69.0) 25:-0.080(83.0) 26:-0.143(74.0),2020-10-23,2026-10-08,,247,-0.063838,218,-0.040204,1,-1.1107,-25.643,131.4,-5.7998,75.315,-19.843,56.081,-10.374
dt,JP225.cash,index,False,jp_cash,M5,5,k=0.3,0.3,False,False,M5,1311,673,0.51335,0.01723,0.90839,0.49183,0.034371,0.01714,301,-0.010216,372,0.039438,2021,-0.069286,0.66667,-0.019654,-0.056537,True,False,21:-0.069(43.0) 22:-0.013(121.0) 23:+0.011(137.0) 24:+0.057(129.0) 25:+0.022(136.0) 26:+0.041(107.0),2021-09-20,2026-10-09,0,,,,,,,11.596,162.91,-3.0749,62.549,14.671,100.36,-13.227
dt,JP225.cash,index,False,jp_cash,M5,5,k=0.5,0.5,False,False,M5,1311,267,0.20366,3.7689e-05,0.0018472,0.50562,0.011696,0.011658,119,-0.049618,148,0.039963,2021,-0.1251,0.5,-0.013431,-0.0269,True,False,21:-0.125(22.0) 22:-0.000(40.0) 23:-0.055(57.0) 24:+0.085(54.0) 25:+0.010(53.0) 26:+0.019(41.0),2021-09-20,2026-10-01,0,,,,,,,0.010063,29.567,-5.9045,12.334,5.9146,17.232,-3.5861
dt,JP225.cash,index,False,jp_cash,M5,5,k=0.7,0.7,False,False,M5,1311,117,0.089245,-0.008358,-0.37103,0.48718,0.00027028,0.0086283,49,-0.077867,68,0.041729,2023,-0.11755,0.4,-0.0086283,-0.0088986,True,False,21:+0.000(8.0) 22:-0.055(16.0) 23:-0.118(25.0) 24:+0.106(24.0) 25:-0.017(24.0) 26:+0.035(20.0),2021-09-20,2026-10-01,0,,,,,,,-0.97789,6.8951,-3.8155,3.7958,2.8376,3.0993,-1.0095
rb,JP225.cash,index,False,jp_cash,M5,5,RB,0,False,False,M5,1311,690,0.52632,-0.0022185,-0.095041,0.48261,0.019787,0.022006,311,-0.039473,379,0.028352,2022,-0.066976,0.5,-0.027731,-0.053244,True,False,21:+0.112(33.0) 22:-0.067(147.0) 23:-0.047(131.0) 24:+0.036(133.0) 25:-0.024(135.0) 26:+0.082(111.0),2021-09-15,2026-10-09,,444,-0.01894,246,0.027962,0,,-1.5307,259.03,-12.276,104.35,10.745,154.69,-19.134
dt,JP225.cash,index,False,jp_cash,M15,15,k=0.3,0.3,False,False,M5,1311,673,0.51335,0.016448,0.86876,0.49183,0.033585,0.017138,301,-0.01028,372,0.038074,2021,-0.069943,0.66667,-0.019578,-0.055603,True,False,21:-0.070(43.0) 22:-0.013(121.0) 23:+0.011(137.0) 24:+0.057(129.0) 25:+0.022(136.0) 26:+0.037(107.0),2021-09-20,2026-10-09,0.0029718,,,,,,,11.069,162.29,-3.0942,62.577,14.164,99.711,-13.176
dt,JP225.cash,index,False,jp_cash,M15,15,k=0.5,0.5,False,False,M5,1311,267,0.20366,5.1102e-05,0.0025043,0.50562,0.011721,0.01167,119,-0.049591,148,0.039966,2021,-0.1251,0.5,-0.013443,-0.026938,True,False,21:-0.125(22.0) 22:-0.000(40.0) 23:-0.055(57.0) 24:+0.086(54.0) 25:+0.010(53.0) 26:+0.019(41.0),2021-09-20,2026-10-01,0,,,,,,,0.013644,29.572,-5.9014,12.334,5.915,17.238,-3.5894
dt,JP225.cash,index,False,jp_cash,M15,15,k=0.7,0.7,False,False,M5,1311,117,0.089245,-0.0083323,-0.36987,0.48718,0.0003112,0.0086435,49,-0.077775,68,0.041707,2023,-0.11737,0.4,-0.0086435,-0.0089547,True,False,21:+0.000(8.0) 22:-0.055(16.0) 23:-0.117(25.0) 24:+0.106(24.0) 25:-0.017(24.0) 26:+0.035(20.0),2021-09-20,2026-10-01,0,,,,,,,-0.97488,6.8957,-3.811,3.7958,2.8361,3.0999,-1.0113
rb,JP225.cash,index,False,jp_cash,M15,15,RB,0,False,False,M5,1311,688,0.52479,-0.013349,-0.58995,0.47965,0.008117,0.021466,309,-0.041222,379,0.0093763,2022,-0.069197,0.5,-0.027321,-0.041293,True,False,21:+0.162(32.0) 22:-0.069(146.0) 23:-0.060(131.0) 24:+0.012(133.0) 25:-0.039(135.0) 26:+0.065(111.0),2021-09-15,2026-10-09,,444,-0.022497,244,0.0032975,0,,-9.184,242.11,-12.738,97.96,3.5536,144.15,-18.797
dt,JP225.cash,index,False,jp_cash,M30,30,k=0.3,0.3,False,False,M5,1311,673,0.51335,0.01681,0.88387,0.49183,0.033925,0.017115,301,-0.010068,372,0.038558,2021,-0.069286,0.66667,-0.019614,-0.056039,True,False,21:-0.069(43.0) 22:-0.013(121.0) 23:+0.011(137.0) 24:+0.057(129.0) 25:+0.022(136.0) 26:+0.038(107.0),2021-09-20,2026-10-09,0.0059435,,,,,,,11.313,163.77,-3.0304,62.536,14.344,101.24,-13.2
dt,JP225.cash,index,False,jp_cash,M30,30,k=0.5,0.5,False,False,M5,1311,267,0.20366,6.3449e-05,0.0031095,0.50562,0.011752,0.011688,119,-0.049591,148,0.039988,2021,-0.1251,0.5,-0.013461,-0.026986,True,False,21:-0.125(22.0) 22:-0.000(40.0) 23:-0.055(57.0) 24:+0.086(54.0) 25:+0.009(53.0) 26:+0.019(41.0),2021-09-20,2026-10-01,0,,,,,,,0.016941,29.571,-5.9014,12.334,5.9183,17.237,-3.5942
dt,JP225.cash,index,False,jp_cash,M30,30,k=0.7,0.7,False,False,M5,1311,117,0.089245,-0.008317,-0.36918,0.48718,0.0003112,0.0086282,49,-0.077775,68,0.041733,2023,-0.11737,0.4,-0.0086282,-0.0089394,True,False,21:+0.000(8.0) 22:-0.055(16.0) 23:-0.117(25.0) 24:+0.106(24.0) 25:-0.017(24.0) 26:+0.035(20.0),2021-09-20,2026-10-01,0,,,,,,,-0.97309,6.8963,-3.811,3.7958,2.8379,3.1004,-1.0095
rb,JP225.cash,index,False,jp_cash,M30,30,RB,0,False,False,M5,1311,686,0.52326,-0.020211,-0.88895,0.47668,0.00099597,0.021207,309,-0.051773,377,0.0056587,2022,-0.08638,0.33333,-0.026968,-0.033725,True,False,21:+0.147(32.0) 22:-0.086(146.0) 23:-0.062(131.0) 24:-0.003(132.0) 25:-0.053(135.0) 26:+0.088(110.0),2021-09-15,2026-10-09,,444,-0.026886,242,-0.0079625,0,,-13.864,243.17,-15.998,99.234,2.1333,143.94,-18.5
dt,JP225.cash,index,False,jp_cash,H1,60,k=0.3,0.3,False,False,M5,1311,672,0.51259,0.017542,0.92169,0.49256,0.034586,0.017044,300,-0.0085089,372,0.038551,2021,-0.058641,0.66667,-0.019546,-0.056635,True,False,21:-0.059(42.0) 22:-0.013(121.0) 23:+0.010(137.0) 24:+0.056(129.0) 25:+0.022(136.0) 26:+0.038(107.0),2021-09-20,2026-10-09,0.0089286,,,,,,,11.788,163.55,-2.5527,62.272,14.341,101.27,-13.135
dt,JP225.cash,index,False,jp_cash,H1,60,k=0.5,0.5,False,False,M5,1311,267,0.20366,9.494e-05,0.0046522,0.50562,0.011754,0.011659,119,-0.049586,148,0.040041,2021,-0.1251,0.5,-0.013432,-0.026959,True,False,21:-0.125(22.0) 22:-0.000(40.0) 23:-0.055(57.0) 24:+0.086(54.0) 25:+0.010(53.0) 26:+0.019(41.0),2021-09-20,2026-10-01,0,,,,,,,0.025349,29.578,-5.9008,12.334,5.9261,17.243,-3.5864
dt,JP225.cash,index,False,jp_cash,H1,60,k=0.7,0.7,False,False,M5,1311,117,0.089245,-0.0082832,-0.36767,0.48718,0.0003112,0.0085944,49,-0.077775,68,0.041791,2023,-0.11737,0.4,-0.0085944,-0.0089056,True,False,21:+0.000(8.0) 22:-0.055(16.0) 23:-0.117(25.0) 24:+0.106(24.0) 25:-0.017(24.0) 26:+0.035(20.0),2021-09-20,2026-10-01,0,,,,,,,-0.96913,6.8965,-3.811,3.7958,2.8418,3.1006,-1.0055
rb,JP225.cash,index,False,jp_cash,H1,60,RB,0,False,False,M5,1311,675,0.51487,-0.030423,-1.3292,0.46519,-0.0098952,0.020527,304,-0.056857,371,-0.0087625,2022,-0.12322,0.5,-0.023846,-0.017269,False,False,21:+0.109(32.0) 22:-0.123(144.0) 23:-0.024(128.0) 24:+0.016(129.0) 25:-0.105(135.0) 26:+0.083(107.0),2021-09-15,2026-10-09,,442,-0.026926,230,-0.023901,3,-1.0456,-20.535,238.94,-17.284,99.532,-3.2509,139.41,-16.096
dt,JP225.cash,index,False,us_cash,M5,5,k=0.3,0.3,False,False,M5,1259,553,0.43924,-0.025123,-1.2204,0.47378,-0.0059338,0.019189,251,-0.025799,302,-0.024561,2021,-0.15996,0.16667,-0.016744,-0.0083649,False,False,21:-0.160(26.0) 22:+0.007(127.0) 23:-0.033(98.0) 24:-0.041(110.0) 25:-0.008(106.0) 26:-0.024(86.0),2021-09-20,2026-10-08,0,,,,,,,-13.893,129.7,-6.4756,58.819,-7.4175,70.882,-9.2594
dt,JP225.cash,index,False,us_cash,M5,5,k=0.5,0.5,False,False,M5,1259,173,0.13741,0.00044575,0.017301,0.46243,0.013908,0.013462,76,0.0038235,97,-0.0022007,2026,-0.065671,0.6,-0.012793,-0.026031,True,False,21:-0.098(7.0) 22:-0.023(43.0) 23:+0.076(26.0) 24:+0.019(37.0) 25:+0.024(34.0) 26:-0.066(26.0),2021-09-20,2026-10-08,0,,,,,,,0.077115,19.751,0.29058,7.9279,-0.21347,11.824,-2.2131
dt,JP225.cash,index,False,us_cash,M5,5,k=0.7,0.7,False,False,M5,1259,69,0.054805,0.012391,0.40387,0.47826,0.022029,0.0096386,25,0.038739,44,-0.0025799,2025,-0.044784,0.75,-0.0096386,-0.031668,True,False,21:-0.078(3.0) 22:+0.058(12.0) 23:+0.051(10.0) 24:+0.083(16.0) 25:-0.045(19.0) 26:-0.065(9.0),2021-09-28,2026-08-18,0,,,,,,,0.85495,4.4268,0.96846,1.5559,-0.11351,2.871,-0.66506
rb,JP225.cash,index,False,us_cash,M5,5,RB,0,False,False,M5,1259,706,0.56076,0.017412,0.75624,0.517,0.041156,0.023744,299,0.019765,407,0.015684,2026,-0.08591,0.5,-0.026823,-0.071058,True,False,21:+0.142(37.0) 22:+0.033(116.0) 23:-0.021(146.0) 24:+0.120(147.0) 25:-0.010(147.0) 26:-0.086(113.0),2021-09-16,2026-10-08,,493,0.0053155,213,0.045411,0,,12.293,264.08,5.9098,128.19,6.3833,135.9,-18.937
dt,JP225.cash,index,False,us_cash,M15,15,k=0.3,0.3,False,False,M5,1259,553,0.43924,-0.026592,-1.3087,0.47378,-0.0074168,0.019175,251,-0.029066,302,-0.024535,2021,-0.15996,0.16667,-0.017688,-0.0087852,False,False,21:-0.160(26.0) 22:+0.007(127.0) 23:-0.042(98.0) 24:-0.041(110.0) 25:-0.008(106.0) 26:-0.024(86.0),2021-09-20,2026-10-08,0.0036166,,,,,,,-14.705,126.41,-7.2957,55.528,-7.4096,70.885,-9.7817
dt,JP225.cash,index,False,us_cash,M15,15,k=0.5,0.5,False,False,M5,1259,173,0.13741,0.00046495,0.018046,0.46243,0.013908,0.013443,76,0.0038235,97,-0.0021665,2026,-0.065671,0.6,-0.012773,-0.026012,True,False,21:-0.098(7.0) 22:-0.023(43.0) 23:+0.076(26.0) 24:+0.019(37.0) 25:+0.024(34.0) 26:-0.066(26.0),2021-09-20,2026-10-08,0,,,,,,,0.080437,19.752,0.29058,7.9279,-0.21015,11.824,-2.2098
dt,JP225.cash,index,False,us_cash,M15,15,k=0.7,0.7,False,False,M5,1259,69,0.054805,0.012462,0.40597,0.47826,0.022177,0.0097153,25,0.039147,44,-0.0027001,2025,-0.045039,0.75,-0.0097153,-0.031892,True,False,21:-0.078(3.0) 22:+0.058(12.0) 23:+0.052(10.0) 24:+0.083(16.0) 25:-0.045(19.0) 26:-0.065(9.0),2021-09-28,2026-08-18,0,,,,,,,0.85986,4.4318,0.97867,1.5575,-0.1188,2.8743,-0.67036
rb,JP225.cash,index,False,us_cash,M15,15,RB,0,False,False,M5,1259,705,0.55997,0.01155,0.50606,0.51348,0.035304,0.023753,299,0.01086,406,0.012059,2026,-0.089271,0.5,-0.026824,-0.065198,True,False,21:+0.142(37.0) 22:+0.009(116.0) 23:-0.021(146.0) 24:+0.124(146.0) 25:-0.022(147.0) 26:-0.089(113.0),2021-09-16,2026-10-08,,493,0.0047492,212,0.027366,0,,8.143,258.65,3.247,126.79,4.896,131.86,-18.911
dt,JP225.cash,index,False,us_cash,M30,30,k=0.3,0.3,False,False,M5,1259,553,0.43924,-0.027152,-1.3416,0.47378,-0.007998,0.019154,251,-0.030365,302,-0.024481,2021,-0.15996,0.16667,-0.018131,-0.0091106,False,False,21:-0.160(26.0) 22:+0.007(127.0) 23:-0.045(98.0) 24:-0.041(110.0) 25:-0.008(106.0) 26:-0.024(86.0),2021-09-20,2026-10-08,0.005425,,,,,,,-15.015,125.44,-7.6217,54.545,-7.3933,70.893,-10.027
dt,JP225.cash,index,False,us_cash,M30,30,k=0.5,0.5,False,False,M5,1259,173,0.13741,0.00047558,0.018459,0.46243,0.013908,0.013432,76,0.0038235,97,-0.0021475,2026,-0.06565,0.6,-0.012763,-0.026001,True,False,21:-0.098(7.0) 22:-0.023(43.0) 23:+0.076(26.0) 24:+0.019(37.0) 25:+0.024(34.0) 26:-0.066(26.0),2021-09-20,2026-10-08,0,,,,,,,0.082275,19.752,0.29058,7.9279,-0.20831,11.824,-2.208
dt,JP225.cash,index,False,us_cash,M30,30,k=0.7,0.7,False,False,M5,1259,69,0.054805,0.012451,0.4056,0.47826,0.022177,0.0097261,25,0.039147,44,-0.002717,2025,-0.04509,0.75,-0.0097261,-0.031903,True,False,21:-0.078(3.0) 22:+0.058(12.0) 23:+0.052(10.0) 24:+0.083(16.0) 25:-0.045(19.0) 26:-0.065(9.0),2021-09-28,2026-08-18,0,,,,,,,0.85912,4.4323,0.97867,1.5575,-0.11955,2.8748,-0.6711
rb,JP225.cash,index,False,us_cash,M30,30,RB,0,False,False,M5,1259,705,0.55997,0.0017364,0.076471,0.5078,0.025345,0.023609,299,0.004444,406,-0.00025772,2026,-0.094115,0.5,-0.025826,-0.053388,True,False,21:+0.142(37.0) 22:+0.010(116.0) 23:-0.035(146.0) 24:+0.110(146.0) 25:-0.037(147.0) 26:-0.094(113.0),2021-09-16,2026-10-08,,493,0.00034295,212,0.0049767,0,,1.2241,255.89,1.3288,126.9,-0.10463,128.99,-18.207
dt,JP225.cash,index,False,us_cash,H1,60,k=0.3,0.3,False,True,M5,1259,519,0.41223,-0.029564,-1.4759,0.47013,-0.010517,0.019047,230,-0.047228,289,-0.015507,2021,-0.15315,0.33333,-0.018387,-0.0072096,False,False,21:-0.153(25.0) 22:+0.007(112.0) 23:-0.085(93.0) 24:-0.040(106.0) 25:-0.002(100.0) 26:+0.000(83.0),2021-09-20,2026-10-08,0.017341,,,,,,,-15.344,108.33,-10.862,43.678,-4.4815,64.651,-9.5428
dt,JP225.cash,index,False,us_cash,H1,60,k=0.5,0.5,False,True,M5,1259,157,0.1247,0.0025651,0.10023,0.44586,0.016083,0.013518,64,0.0013513,93,0.0034004,2026,-0.044333,0.6,-0.013302,-0.029169,True,False,21:+0.002(7.0) 22:-0.024(36.0) 23:+0.044(21.0) 24:+0.000(36.0) 25:+0.044(32.0) 26:-0.044(25.0),2021-09-20,2026-10-08,0,,,,,,,0.40272,16.041,0.086483,5.494,0.31623,10.547,-2.0884
dt,JP225.cash,index,False,us_cash,H1,60,k=0.7,0.7,False,True,M5,1259,63,0.05004,0.0048629,0.15863,0.46032,0.014652,0.009789,22,0.022201,41,-0.0044406,2025,-0.042046,0.66667,-0.009789,-0.024441,True,False,21:-0.084(3.0) 22:+0.068(10.0) 23:+0.007(9.0) 24:+0.068(15.0) 25:-0.042(19.0) 26:-0.058(7.0),2021-09-28,2026-08-18,0,,,,,,,0.30636,3.6722,0.48843,1.1737,-0.18206,2.4985,-0.61671
rb,JP225.cash,index,False,us_cash,H1,60,RB,0,False,True,M5,1259,678,0.53852,-0.012145,-0.58745,0.49558,0.010611,0.022756,282,-0.02154,396,-0.0054541,2026,-0.089067,0.33333,-0.026864,-0.041583,True,False,21:+0.097(36.0) 22:-0.013(104.0) 23:-0.058(142.0) 24:+0.115(142.0) 25:-0.061(144.0) 26:-0.089(110.0),2021-09-16,2026-10-08,,482,-0.0048136,195,-0.024914,1,-1.0558,-8.2341,196.28,-6.0743,83.876,-2.1598,112.4,-18.214
dt,JPM,stock,True,us_cash,M5,5,k=0.3,0.3,False,False,M5,1372,929,0.67711,-0.041183,-2.1895,0.46071,-0.034701,0.0064821,474,-0.025223,455,-0.057809,2025,-0.11393,0.28571,-0.012423,0.016338,False,False,20:+0.097(20.0) 21:-0.054(146.0) 22:-0.022(149.0) 23:-0.017(159.0) 24:+0.002(151.0) 25:-0.114(166.0) 26:-0.055(138.0),2020-11-06,2026-10-08,0,,,,,,,-38.259,306.58,-11.956,140.14,-26.303,166.44,-11.541
dt,JPM,stock,True,us_cash,M5,5,k=0.5,0.5,False,False,M5,1372,400,0.29155,-0.03652,-1.8746,0.4525,-0.032531,0.0039894,210,-0.036307,190,-0.036756,2021,-0.087448,0,-0.0027002,0.03112,False,False,20:-0.045(10.0) 21:-0.087(62.0) 22:-0.026(64.0) 23:-0.002(74.0) 24:-0.023(69.0) 25:-0.054(65.0) 26:-0.034(56.0),2020-11-09,2026-10-08,0,,,,,,,-14.608,61.104,-7.6245,28.051,-6.9836,33.053,-1.0801
dt,JPM,stock,True,us_cash,M5,5,k=0.7,0.7,False,False,M5,1372,182,0.13265,-0.046793,-1.9491,0.41209,-0.043824,0.0029691,92,-0.045928,90,-0.047678,2025,-0.085181,0.16667,-0.0030558,0.040682,False,False,20:-0.178(7.0) 21:-0.064(21.0) 22:-0.063(29.0) 23:+0.005(35.0) 24:-0.037(33.0) 25:-0.085(31.0) 26:-0.016(26.0),2020-11-09,2026-10-08,0,,,,,,,-8.5164,19.386,-4.2254,8.3136,-4.291,11.072,-0.55615
rb,JPM,stock,True,us_cash,M5,5,RB,0,False,False,M5,1372,507,0.36953,0.020748,0.61608,0.4359,0.029213,0.0084653,259,0.017123,248,0.024534,2024,-0.063239,0.71429,-0.0046612,-0.03007,True,False,20:+0.014(18.0) 21:+0.004(80.0) 22:-0.007(86.0) 23:+0.059(75.0) 24:-0.063(82.0) 25:+0.084(86.0) 26:+0.050(80.0),2020-11-03,2026-10-07,,266,-0.023092,241,0.069136,0,,10.519,291.18,4.435,104.78,6.0843,186.41,-2.3632
dt,JPM,stock,True,us_cash,M15,15,k=0.3,0.3,False,False,M5,1372,927,0.67566,-0.039257,-2.0887,0.4617,-0.032724,0.0065327,472,-0.021257,455,-0.05793,2025,-0.11387,0.28571,-0.01189,0.015477,False,False,20:+0.098(20.0) 21:-0.053(146.0) 22:-0.022(149.0) 23:-0.006(157.0) 24:+0.002(151.0) 25:-0.114(166.0) 26:-0.056(138.0),2020-11-06,2026-10-08,0.004315,,,,,,,-36.391,304.65,-10.033,138.31,-26.358,166.34,-11.022
dt,JPM,stock,True,us_cash,M15,15,k=0.5,0.5,False,False,M5,1372,400,0.29155,-0.03642,-1.8698,0.4525,-0.032443,0.0039769,210,-0.036307,190,-0.036545,2021,-0.087448,0,-0.0026877,0.031045,False,False,20:-0.045(10.0) 21:-0.087(62.0) 22:-0.026(64.0) 23:-0.002(74.0) 24:-0.023(69.0) 25:-0.053(65.0) 26:-0.034(56.0),2020-11-09,2026-10-08,0,,,,,,,-14.568,61.085,-7.6245,28.051,-6.9435,33.034,-1.0751
dt,JPM,stock,True,us_cash,M15,15,k=0.7,0.7,False,False,M5,1372,182,0.13265,-0.046493,-1.9344,0.41209,-0.043484,0.0030096,92,-0.045255,90,-0.04776,2025,-0.085181,0.16667,-0.0030962,0.040301,False,False,20:-0.178(7.0) 21:-0.064(21.0) 22:-0.060(29.0) 23:+0.005(35.0) 24:-0.037(33.0) 25:-0.085(31.0) 26:-0.016(26.0),2020-11-09,2026-10-08,0,,,,,,,-8.4618,19.424,-4.1634,8.3461,-4.2984,11.078,-0.56352
rb,JPM,stock,True,us_cash,M15,15,RB,0,False,False,M5,1372,506,0.3688,0.0044401,0.13936,0.43281,0.012827,0.0083873,259,-0.0048688,247,0.014201,2024,-0.062955,0.57143,-0.011919,-0.028278,True,False,20:+0.014(18.0) 21:-0.028(80.0) 22:-0.009(86.0) 23:+0.020(75.0) 24:-0.063(82.0) 25:+0.076(85.0) 26:+0.028(80.0),2020-11-03,2026-10-07,,266,-0.02312,240,0.034986,0,,2.2467,259.39,-1.261,83.815,3.5077,175.58,-6.0309
dt,JPM,stock,True,us_cash,M30,30,k=0.3,0.3,False,False,M5,1372,926,0.67493,-0.038836,-2.0667,0.4622,-0.032281,0.0065552,472,-0.021453,454,-0.056909,2025,-0.11621,0.28571,-0.011589,0.015659,False,False,20:+0.098(20.0) 21:-0.052(146.0) 22:-0.022(149.0) 23:-0.007(157.0) 24:+0.009(150.0) 25:-0.116(166.0) 26:-0.057(138.0),2020-11-06,2026-10-08,0.011879,,,,,,,-35.962,303.86,-10.126,138.38,-25.837,165.48,-10.731
dt,JPM,stock,True,us_cash,M30,30,k=0.5,0.5,False,False,M5,1372,400,0.29155,-0.036426,-1.87,0.4525,-0.032443,0.0039824,210,-0.036307,190,-0.036556,2021,-0.087448,0,-0.0026933,0.031039,False,False,20:-0.045(10.0) 21:-0.087(62.0) 22:-0.026(64.0) 23:-0.002(74.0) 24:-0.023(69.0) 25:-0.053(65.0) 26:-0.034(56.0),2020-11-09,2026-10-08,0,,,,,,,-14.57,61.087,-7.6245,28.051,-6.9457,33.036,-1.0773
dt,JPM,stock,True,us_cash,M30,30,k=0.7,0.7,False,False,M5,1372,182,0.13265,-0.046514,-1.9353,0.41209,-0.043484,0.0030299,92,-0.045255,90,-0.047801,2025,-0.085181,0.16667,-0.0031165,0.040281,False,False,20:-0.178(7.0) 21:-0.064(21.0) 22:-0.060(29.0) 23:+0.005(35.0) 24:-0.037(33.0) 25:-0.085(31.0) 26:-0.016(26.0),2020-11-09,2026-10-08,0,,,,,,,-8.4655,19.422,-4.1634,8.3461,-4.302,11.076,-0.56721
rb,JPM,stock,True,us_cash,M30,30,RB,0,False,False,M5,1372,504,0.36735,-0.017052,-0.534,0.42063,-0.0090117,0.0080407,259,-0.030548,245,-0.0027855,2024,-0.077749,0.28571,-0.0065927,0.003867,False,False,20:+0.014(18.0) 21:-0.052(80.0) 22:-0.027(86.0) 23:-0.022(75.0) 24:-0.078(82.0) 25:+0.070(84.0) 26:-0.002(79.0),2020-11-03,2026-10-07,,265,-0.030004,238,0.0015183,1,-1.0048,-8.5944,258.66,-7.912,85.722,-0.68245,172.94,-3.3227
dt,JPM,stock,True,us_cash,H1,60,k=0.3,0.3,False,True,M5,1372,888,0.64723,-0.03519,-1.8912,0.44482,-0.028769,0.006421,452,-0.0082148,436,-0.063154,2025,-0.14254,0.42857,-0.011918,0.011353,False,False,20:+0.131(19.0) 21:-0.031(143.0) 22:-0.030(142.0) 23:+0.018(148.0) 24:+0.003(148.0) 25:-0.143(160.0) 26:-0.040(128.0),2020-11-06,2026-10-08,0.023649,,,,,,,-31.248,273.8,-3.7131,129.32,-27.535,144.47,-10.583
dt,JPM,stock,True,us_cash,H1,60,k=0.5,0.5,False,True,M5,1372,368,0.26822,-0.032403,-1.615,0.47011,-0.028226,0.0041772,193,-0.027496,175,-0.037814,2021,-0.081878,0.16667,-0.0038024,0.024798,False,False,20:-0.014(9.0) 21:-0.082(58.0) 22:-0.033(56.0) 23:+0.020(70.0) 24:-0.015(62.0) 25:-0.078(59.0) 26:-0.020(54.0),2020-11-09,2026-10-08,0,,,,,,,-11.924,54.754,-5.3068,27.509,-6.6175,27.244,-1.3993
dt,JPM,stock,True,us_cash,H1,60,k=0.7,0.7,False,True,M5,1372,164,0.11953,-0.03676,-1.4941,0.42683,-0.033714,0.0030465,82,-0.02806,82,-0.045461,2025,-0.11266,0.33333,-0.0031514,0.030457,False,False,20:-0.178(6.0) 21:-0.032(20.0) 22:-0.060(24.0) 23:+0.026(32.0) 24:-0.017(30.0) 25:-0.113(29.0) 26:+0.002(23.0),2020-11-09,2026-10-08,0,,,,,,,-6.0287,16.403,-2.3009,7.6037,-3.7278,8.7991,-0.51682
rb,JPM,stock,True,us_cash,H1,60,RB,0,False,True,M5,1372,472,0.34402,-0.045454,-1.5125,0.41737,-0.037421,0.0080332,241,-0.037061,231,-0.05421,2024,-0.13349,0.14286,-0.0040107,0.037432,False,False,20:-0.050(17.0) 21:-0.083(75.0) 22:-0.020(79.0) 23:-0.004(70.0) 24:-0.133(73.0) 25:+0.027(81.0) 26:-0.064(77.0),2020-11-03,2026-10-07,,253,-0.056038,219,-0.033227,0,,-21.454,201.74,-8.9317,62.243,-12.522,139.5,-1.8931
dt,KO,stock,True,us_cash,M5,5,k=0.3,0.3,False,False,M5,1373,943,0.68682,-0.012246,-0.62927,0.47296,0.0050098,0.017255,493,0.0066903,450,-0.032991,2026,-0.10166,0.42857,-0.012243,-0.012241,False,False,20:-0.062(23.0) 21:+0.046(140.0) 22:+0.011(166.0) 23:-0.022(164.0) 24:-0.015(164.0) 25:+0.011(149.0) 26:-0.102(137.0),2020-11-09,2026-10-08,0.0010604,,,,,,,-11.548,336.53,3.2983,193.48,-14.846,143.05,-11.545
dt,KO,stock,True,us_cash,M5,5,k=0.5,0.5,False,False,M5,1373,428,0.31173,0.0037371,0.20591,0.47664,0.014054,0.010317,227,0.024974,201,-0.020247,2026,-0.044489,0.66667,-0.013191,-0.030119,True,False,20:+0.007(9.0) 21:+0.019(68.0) 22:+0.038(78.0) 23:+0.018(72.0) 24:-0.033(70.0) 25:+0.013(71.0) 26:-0.044(60.0),2020-11-09,2026-10-08,0,,,,,,,1.5995,60.207,5.6691,35.415,-4.0696,24.792,-5.6456
dt,KO,stock,True,us_cash,M5,5,k=0.7,0.7,False,False,M5,1373,194,0.1413,0.020208,1.0667,0.52062,0.027079,0.0068712,104,0.049003,90,-0.013067,2026,-0.043682,0.66667,-0.0066572,-0.033522,True,False,20:+0.021(3.0) 21:+0.053(27.0) 22:+0.079(38.0) 23:+0.016(36.0) 24:+0.012(32.0) 25:-0.015(34.0) 26:-0.044(24.0),2020-11-09,2026-10-08,0,,,,,,,3.9203,13.517,5.0963,7.7737,-1.176,5.7435,-1.2915
rb,KO,stock,True,us_cash,M5,5,RB,0,False,False,M5,1373,482,0.35106,0.020365,0.58519,0.47095,0.041303,0.020937,263,0.081532,219,-0.053091,2026,-0.20418,0.57143,-0.0087143,-0.037794,True,False,20:-0.186(11.0) 21:+0.004(82.0) 22:+0.198(84.0) 23:+0.076(86.0) 24:+0.067(82.0) 25:-0.042(67.0) 26:-0.204(70.0),2020-11-03,2026-10-08,,234,-0.01456,248,0.05332,0,,9.8162,280.99,21.443,158.65,-11.627,122.34,-4.2003
dt,KO,stock,True,us_cash,M15,15,k=0.3,0.3,False,False,M5,1373,942,0.68609,-0.012318,-0.6338,0.4724,0.0049944,0.017312,492,0.0065102,450,-0.032903,2026,-0.10189,0.42857,-0.012439,-0.012559,True,False,20:-0.062(23.0) 21:+0.045(139.0) 22:+0.012(166.0) 23:-0.023(164.0) 24:-0.015(164.0) 25:+0.011(149.0) 26:-0.102(137.0),2020-11-09,2026-10-08,0.0042463,,,,,,,-11.603,334.97,3.203,192.01,-14.807,142.96,-11.717
dt,KO,stock,True,us_cash,M15,15,k=0.5,0.5,False,False,M5,1373,428,0.31173,0.0039521,0.2178,0.47664,0.014269,0.010317,227,0.025379,201,-0.020247,2026,-0.044489,0.66667,-0.013191,-0.030334,True,False,20:+0.007(9.0) 21:+0.020(68.0) 22:+0.038(78.0) 23:+0.019(72.0) 24:-0.033(70.0) 25:+0.013(71.0) 26:-0.044(60.0),2020-11-09,2026-10-08,0,,,,,,,1.6915,60.18,5.7611,35.388,-4.0696,24.792,-5.6456
dt,KO,stock,True,us_cash,M15,15,k=0.7,0.7,False,False,M5,1373,194,0.1413,0.020393,1.0764,0.52062,0.027264,0.0068712,104,0.049332,90,-0.013048,2026,-0.043682,0.66667,-0.0066572,-0.033707,True,False,20:+0.021(3.0) 21:+0.054(27.0) 22:+0.079(38.0) 23:+0.016(36.0) 24:+0.012(32.0) 25:-0.015(34.0) 26:-0.044(24.0),2020-11-09,2026-10-08,0,,,,,,,3.9562,13.521,5.1305,7.7771,-1.1743,5.7437,-1.2915
rb,KO,stock,True,us_cash,M15,15,RB,0,False,False,M5,1373,479,0.34887,0.0098885,0.29286,0.46764,0.03076,0.020872,261,0.064445,218,-0.055429,2026,-0.20332,0.42857,-0.011068,-0.032025,True,False,20:-0.186(11.0) 21:-0.030(81.0) 22:+0.173(84.0) 23:+0.080(85.0) 24:+0.054(82.0) 25:-0.034(66.0) 26:-0.203(70.0),2020-11-03,2026-10-08,,233,-0.01108,244,0.03827,2,-1.0097,4.7366,261.08,16.82,141.66,-12.084,119.42,-5.3017
dt,KO,stock,True,us_cash,M30,30,k=0.3,0.3,False,False,M5,1373,941,0.68536,-0.013286,-0.68349,0.4729,0.0040325,0.017318,491,0.004676,450,-0.032884,2026,-0.10183,0.42857,-0.012699,-0.012112,False,False,20:-0.077(22.0) 21:+0.043(139.0) 22:+0.012(166.0) 23:-0.024(164.0) 24:-0.015(164.0) 25:+0.011(149.0) 26:-0.102(137.0),2020-11-09,2026-10-08,0.0095643,,,,,,,-12.502,334.37,2.2959,191.48,-14.798,142.89,-11.95
dt,KO,stock,True,us_cash,M30,30,k=0.5,0.5,False,False,M5,1373,428,0.31173,0.0040202,0.22152,0.47664,0.014338,0.010317,227,0.025508,201,-0.020247,2026,-0.044489,0.66667,-0.013191,-0.030402,True,False,20:+0.007(9.0) 21:+0.020(68.0) 22:+0.038(78.0) 23:+0.019(72.0) 24:-0.033(70.0) 25:+0.013(71.0) 26:-0.044(60.0),2020-11-09,2026-10-08,0,,,,,,,1.7207,60.201,5.7903,35.409,-4.0696,24.792,-5.6456
dt,KO,stock,True,us_cash,M30,30,k=0.7,0.7,False,False,M5,1373,194,0.1413,0.020465,1.0799,0.52062,0.027336,0.0068712,104,0.049467,90,-0.013048,2026,-0.043682,0.66667,-0.0066572,-0.03378,True,False,20:+0.021(3.0) 21:+0.055(27.0) 22:+0.079(38.0) 23:+0.016(36.0) 24:+0.012(32.0) 25:-0.015(34.0) 26:-0.044(24.0),2020-11-09,2026-10-08,0,,,,,,,3.9702,13.528,5.1445,7.7843,-1.1743,5.7437,-1.2915
rb,KO,stock,True,us_cash,M30,30,RB,0,False,False,M5,1373,477,0.34741,-0.006429,-0.191,0.45702,0.014042,0.020471,260,0.030252,217,-0.050378,2020,-0.38751,0.42857,-0.010305,-0.014182,True,False,20:-0.388(11.0) 21:-0.024(80.0) 22:+0.103(84.0) 23:+0.063(85.0) 24:+0.028(82.0) 25:-0.007(66.0) 26:-0.185(69.0),2020-11-03,2026-10-08,,233,-0.014543,241,0.013901,3,-1.0094,-3.0666,257.27,7.8655,142.6,-10.932,114.67,-4.9156
dt,KO,stock,True,us_cash,H1,60,k=0.3,0.3,False,True,M5,1373,888,0.64676,-0.0052824,-0.2831,0.49662,0.012289,0.017571,466,0.012785,422,-0.025233,2026,-0.097092,0.42857,-0.015431,-0.02558,True,False,20:-0.041(21.0) 21:+0.053(131.0) 22:+0.004(157.0) 23:-0.005(157.0) 24:-0.016(156.0) 25:+0.035(134.0) 26:-0.097(132.0),2020-11-09,2026-10-08,0.011261,,,,,,,-4.6908,274.25,5.9576,153.18,-10.648,121.07,-13.703
dt,KO,stock,True,us_cash,H1,60,k=0.5,0.5,False,True,M5,1373,388,0.28259,0.0048585,0.27633,0.50515,0.015418,0.01056,203,0.018592,185,-0.010211,2026,-0.044948,0.66667,-0.0146,-0.034058,True,False,20:-0.017(8.0) 21:+0.013(64.0) 22:+0.008(71.0) 23:+0.042(60.0) 24:-0.006(64.0) 25:+0.015(66.0) 26:-0.045(55.0),2020-11-09,2026-10-08,0,,,,,,,1.8851,46.426,3.7741,27.669,-1.889,18.757,-5.6648
dt,KO,stock,True,us_cash,H1,60,k=0.7,0.7,False,True,M5,1373,171,0.12454,0.015636,0.87353,0.50292,0.022733,0.0070971,89,0.042232,82,-0.013231,2026,-0.049902,0.66667,-0.0070971,-0.02983,True,False,20:-0.192(2.0) 21:+0.054(24.0) 22:+0.053(33.0) 23:+0.036(30.0) 24:+0.041(28.0) 25:-0.036(32.0) 26:-0.050(22.0),2020-11-09,2026-10-08,0,,,,,,,2.6738,9.3562,3.7587,5.1329,-1.0849,4.2233,-1.2136
rb,KO,stock,True,us_cash,H1,60,RB,0,False,True,M5,1373,428,0.31173,-0.026898,-0.83079,0.46963,-0.0062566,0.020642,235,0.0035177,193,-0.063934,2026,-0.22197,0.28571,-0.0098861,0.0071263,False,False,20:-0.111(11.0) 21:-0.008(71.0) 22:+0.097(76.0) 23:-0.062(77.0) 24:+0.030(71.0) 25:-0.008(59.0) 26:-0.222(63.0),2020-11-03,2026-10-08,,214,-0.055301,212,0.011032,2,-1.0084,-11.513,191.89,0.82666,99.053,-12.339,92.834,-4.2312
dt,LTCUSD,crypto,False,us_cash,M5,5,k=0.3,0.3,False,False,M5,2235,999,0.44698,-0.48976,-13.303,0.29129,0.0026733,0.49243,640,-0.6585,359,-0.18893,2019,-1.8791,0.33333,-0.49995,-0.51014,True,False,18:-0.621(94.0) 19:-1.879(123.0) 20:-1.425(99.0) 21:+0.030(99.0) 22:+0.019(115.0) 23:+0.036(110.0) 24:-0.155(131.0) 25:-0.223(135.0) 26:-0.187(93.0),2018-03-06,2026-10-08,0.003003,,,,,,,-489.27,1591,-421.44,1474.6,-67.827,116.36,-499.45
dt,LTCUSD,crypto,False,us_cash,M5,5,k=0.5,0.5,False,False,M5,2235,415,0.18568,-0.31908,-8.9825,0.33253,0.0078117,0.32689,288,-0.41727,127,-0.096409,2019,-1.2034,0.33333,-0.34185,-0.36463,True,False,18:-0.443(43.0) 19:-1.203(47.0) 20:-0.938(51.0) 21:+0.011(37.0) 22:+0.029(53.0) 23:+0.023(57.0) 24:-0.047(45.0) 25:-0.129(48.0) 26:-0.115(34.0),2018-03-06,2026-10-08,0.0024096,,,,,,,-132.42,259.05,-120.17,240.4,-12.244,18.65,-141.87
dt,LTCUSD,crypto,False,us_cash,M5,5,k=0.7,0.7,False,False,M5,2235,225,0.10067,-0.32131,-7.7234,0.27111,-0.035181,0.28613,161,-0.41485,64,-0.085998,2019,-1.0403,0,-0.29535,-0.2694,False,False,18:-0.531(18.0) 19:-1.040(26.0) 20:-0.860(31.0) 21:-0.028(20.0) 22:-0.033(28.0) 23:-0.053(38.0) 24:-0.017(26.0) 25:-0.141(21.0) 26:-0.124(17.0),2018-03-07,2026-09-15,0,,,,,,,-72.295,110.46,-66.791,106.08,-5.5039,4.3769,-66.455
rb,LTCUSD,crypto,False,us_cash,M5,5,RB,0,False,False,M5,2235,1234,0.55213,-0.6545,-15.844,0.28444,-0.033693,0.62081,859,-0.84183,375,-0.2254,2019,-2.111,0,-0.62849,-0.60247,False,False,18:-0.841(121.0) 19:-2.111(151.0) 20:-1.638(154.0) 21:-0.121(153.0) 22:-0.139(144.0) 23:-0.086(136.0) 24:-0.160(142.0) 25:-0.319(131.0) 26:-0.197(102.0),2018-02-28,2026-10-08,,833,-0.47579,400,-1.0158,1,-4.9877,-807.66,3125,-723.13,2922.9,-84.526,202.06,-775.56
dt,LTCUSD,crypto,False,us_cash,M15,15,k=0.3,0.3,False,False,M5,2235,995,0.44519,-0.48467,-13.407,0.29146,0.0075523,0.49222,636,-0.65156,359,-0.18899,2019,-1.8295,0.33333,-0.50034,-0.516,True,False,18:-0.674(94.0) 19:-1.830(119.0) 20:-1.428(99.0) 21:+0.022(99.0) 22:+0.018(115.0) 23:+0.035(110.0) 24:-0.155(131.0) 25:-0.223(135.0) 26:-0.187(93.0),2018-03-06,2026-10-08,0.0060302,,,,,,,-482.24,1526.3,-414.4,1409.9,-67.847,116.35,-497.83
dt,LTCUSD,crypto,False,us_cash,M15,15,k=0.5,0.5,False,False,M5,2235,415,0.18568,-0.32006,-9.05,0.32771,0.0092843,0.32935,288,-0.41866,127,-0.096468,2019,-1.2058,0.33333,-0.34431,-0.36856,True,False,18:-0.439(43.0) 19:-1.206(47.0) 20:-0.940(51.0) 21:+0.003(37.0) 22:+0.028(53.0) 23:+0.023(57.0) 24:-0.047(45.0) 25:-0.129(48.0) 26:-0.115(34.0),2018-03-06,2026-10-08,0.0048193,,,,,,,-132.83,257.41,-120.57,238.77,-12.251,18.64,-142.89
dt,LTCUSD,crypto,False,us_cash,M15,15,k=0.7,0.7,False,False,M5,2235,225,0.10067,-0.32377,-7.8013,0.26667,-0.033876,0.2899,161,-0.41828,64,-0.086026,2019,-1.0462,0,-0.29912,-0.27447,False,False,18:-0.544(18.0) 19:-1.046(26.0) 20:-0.861(31.0) 21:-0.034(20.0) 22:-0.033(28.0) 23:-0.053(38.0) 24:-0.017(26.0) 25:-0.141(21.0) 26:-0.124(17.0),2018-03-07,2026-09-15,0,,,,,,,-72.849,110.4,-67.343,106.02,-5.5057,4.376,-67.303
rb,LTCUSD,crypto,False,us_cash,M15,15,RB,0,False,False,M5,2235,1228,0.54944,-0.65396,-15.808,0.28176,-0.035402,0.61856,853,-0.83854,375,-0.2341,2019,-2.0893,0,-0.62798,-0.60199,False,False,18:-0.878(121.0) 19:-2.089(146.0) 20:-1.647(154.0) 21:-0.127(153.0) 22:-0.131(143.0) 23:-0.090(136.0) 24:-0.172(142.0) 25:-0.319(131.0) 26:-0.210(102.0),2018-02-28,2026-10-08,,833,-0.47971,394,-1.0113,1,-5.0135,-803.06,3103.8,-715.28,2904,-87.789,199.78,-771.16
dt,LTCUSD,crypto,False,us_cash,M30,30,k=0.3,0.3,False,False,M5,2235,994,0.44474,-0.4857,-13.393,0.29175,0.0079048,0.4936,635,-0.65334,359,-0.18917,2019,-1.838,0.33333,-0.50164,-0.51758,True,False,18:-0.685(94.0) 19:-1.838(118.0) 20:-1.429(99.0) 21:+0.020(99.0) 22:+0.018(115.0) 23:+0.035(110.0) 24:-0.155(131.0) 25:-0.223(135.0) 26:-0.187(93.0),2018-03-06,2026-10-08,0.013078,,,,,,,-482.79,1532.6,-414.87,1416.2,-67.913,116.35,-498.63
dt,LTCUSD,crypto,False,us_cash,M30,30,k=0.5,0.5,False,False,M5,2235,415,0.18568,-0.32067,-9.0706,0.3253,0.0092843,0.32996,288,-0.41949,127,-0.096591,2019,-1.2037,0.33333,-0.34488,-0.3691,True,False,18:-0.446(43.0) 19:-1.204(47.0) 20:-0.940(51.0) 21:+0.002(37.0) 22:+0.028(53.0) 23:+0.023(57.0) 24:-0.047(45.0) 25:-0.129(48.0) 26:-0.115(34.0),2018-03-06,2026-10-08,0.0048193,,,,,,,-133.08,257.41,-120.81,238.76,-12.267,18.646,-143.13
dt,LTCUSD,crypto,False,us_cash,M30,30,k=0.7,0.7,False,False,M5,2235,224,0.10022,-0.31838,-7.6979,0.26786,-0.031748,0.28663,160,-0.41135,64,-0.085936,2019,-1.0277,0,-0.2959,-0.27342,False,False,18:-0.541(18.0) 19:-1.028(25.0) 20:-0.862(31.0) 21:-0.035(20.0) 22:-0.033(28.0) 23:-0.054(38.0) 24:-0.017(26.0) 25:-0.140(21.0) 26:-0.124(17.0),2018-03-07,2026-09-15,0.0044643,,,,,,,-71.316,108.15,-65.816,103.78,-5.4999,4.3704,-66.281
rb,LTCUSD,crypto,False,us_cash,M30,30,RB,0,False,False,M5,2235,1214,0.54318,-0.648,-16.079,0.27924,-0.044194,0.60381,842,-0.83162,372,-0.23239,2019,-2.0908,0,-0.61558,-0.58316,False,False,18:-0.905(119.0) 19:-2.091(146.0) 20:-1.570(152.0) 21:-0.100(148.0) 22:-0.130(141.0) 23:-0.114(136.0) 24:-0.180(141.0) 25:-0.300(130.0) 26:-0.218(101.0),2018-02-28,2026-10-08,,830,-0.48961,381,-0.96542,3,-4.1581,-786.67,2901.5,-700.22,2713.1,-86.447,188.42,-747.31
dt,LTCUSD,crypto,False,us_cash,H1,60,k=0.3,0.3,False,True,M5,2235,949,0.42461,-0.47887,-13.162,0.2824,-0.001787,0.47708,607,-0.64123,342,-0.19071,2019,-1.7685,0.22222,-0.48454,-0.49022,True,False,18:-0.713(89.0) 19:-1.769(109.0) 20:-1.413(96.0) 21:-0.004(95.0) 22:+0.015(111.0) 23:+0.012(107.0) 24:-0.178(124.0) 25:-0.234(129.0) 26:-0.146(89.0),2018-03-06,2026-10-08,0.020021,,,,,,,-454.45,1408.6,-389.23,1298.4,-65.222,110.2,-459.83
dt,LTCUSD,crypto,False,us_cash,H1,60,k=0.5,0.5,False,True,M5,2235,393,0.17584,-0.33066,-9.1872,0.31807,-0.0010909,0.32957,270,-0.43454,123,-0.10264,2019,-1.1589,0.22222,-0.34358,-0.35649,True,False,18:-0.498(39.0) 19:-1.159(45.0) 20:-0.937(51.0) 21:-0.015(32.0) 22:+0.047(48.0) 23:+0.004(55.0) 24:-0.094(43.0) 25:-0.120(46.0) 26:-0.091(34.0),2018-03-06,2026-10-08,0.0050891,,,,,,,-129.95,242.54,-117.33,224.3,-12.625,18.236,-135.03
dt,LTCUSD,crypto,False,us_cash,H1,60,k=0.7,0.7,False,True,M5,2235,212,0.094855,-0.31731,-7.6293,0.24528,-0.034319,0.28299,153,-0.40517,59,-0.089477,2019,-0.96449,0,-0.2913,-0.26529,False,False,18:-0.513(16.0) 19:-0.964(24.0) 20:-0.863(31.0) 21:-0.046(19.0) 22:-0.019(27.0) 23:-0.070(36.0) 24:-0.040(22.0) 25:-0.136(20.0) 26:-0.099(17.0),2018-03-07,2026-09-15,0.004717,,,,,,,-67.27,98.725,-61.991,94.111,-5.2792,4.6135,-61.756
rb,LTCUSD,crypto,False,us_cash,H1,60,RB,0,False,True,M5,2235,1163,0.52036,-0.64579,-15.929,0.27429,-0.04432,0.60147,811,-0.82304,352,-0.23741,2019,-2.0644,0,-0.61509,-0.5844,False,False,18:-0.852(113.0) 19:-2.064(137.0) 20:-1.577(150.0) 21:-0.109(145.0) 22:-0.136(132.0) 23:-0.135(134.0) 24:-0.168(129.0) 25:-0.342(126.0) 26:-0.194(97.0),2018-02-28,2026-10-08,,810,-0.49194,350,-0.9717,3,-4.1612,-751.05,2706.2,-667.48,2550.2,-83.567,155.98,-715.35
dt,LTCUSD,crypto,False,london24,M5,5,k=0.3,0.3,False,False,M5,2713,1821,0.67121,-0.32695,-15.832,0.31192,0.0046846,0.33163,1183,-0.41089,638,-0.1713,2019,-1.142,0.11111,-0.3317,-0.33645,True,False,18:-0.366(176.0) 19:-1.142(171.0) 20:-1.068(186.0) 21:+0.010(190.0) 22:-0.115(242.0) 23:-0.008(218.0) 24:-0.183(233.0) 25:-0.247(234.0) 26:-0.052(171.0),2018-02-28,2026-10-08,0.0054915,,,,,,,-595.38,1608.1,-486.09,1287.9,-109.29,320.22,-604.03
dt,LTCUSD,crypto,False,london24,M5,5,k=0.5,0.5,False,False,M5,2713,824,0.30372,-0.19861,-9.5173,0.33252,0.023108,0.22172,547,-0.27211,277,-0.053482,2019,-0.7153,0.11111,-0.21872,-0.23883,True,False,18:-0.306(80.0) 19:-0.715(81.0) 20:-0.699(85.0) 21:-0.031(89.0) 22:-0.070(106.0) 23:+0.030(106.0) 24:-0.040(97.0) 25:-0.101(101.0) 26:-0.010(79.0),2018-03-06,2026-10-08,0,,,,,,,-163.66,327.83,-148.84,273.6,-14.815,54.239,-180.23
dt,LTCUSD,crypto,False,london24,M5,5,k=0.7,0.7,False,False,M5,2713,422,0.15555,-0.15879,-6.8208,0.33886,0.012122,0.17092,271,-0.20572,151,-0.074576,2019,-0.54292,0.11111,-0.1723,-0.18582,True,False,18:-0.217(36.0) 19:-0.543(43.0) 20:-0.512(41.0) 21:-0.070(46.0) 22:-0.047(47.0) 23:+0.032(58.0) 24:-0.076(54.0) 25:-0.109(54.0) 26:-0.030(43.0),2018-03-06,2026-10-07,0,,,,,,,-67.011,106.93,-55.75,86.232,-11.261,20.703,-72.713
rb,LTCUSD,crypto,False,london24,M5,5,RB,0,False,False,M5,2713,1059,0.39034,-0.42905,-12.354,0.31161,0.013089,0.44214,694,-0.52572,365,-0.24524,2019,-1.3827,0,-0.44867,-0.4683,True,False,18:-0.533(113.0) 19:-1.383(110.0) 20:-1.356(94.0) 21:-0.024(98.0) 22:-0.066(133.0) 23:-0.095(146.0) 24:-0.206(139.0) 25:-0.311(136.0) 26:-0.208(90.0),2018-02-26,2026-10-07,,561,-0.2813,498,-0.59549,0,,-454.37,1546.4,-364.85,1257.3,-89.513,289.08,-475.15
dt,LTCUSD,crypto,False,london24,M15,15,k=0.3,0.3,False,False,M5,2713,1820,0.67084,-0.32945,-16.02,0.31099,0.0062543,0.3357,1182,-0.41475,638,-0.17142,2019,-1.146,0.11111,-0.33564,-0.34184,True,False,18:-0.376(175.0) 19:-1.146(171.0) 20:-1.070(186.0) 21:+0.000(190.0) 22:-0.115(242.0) 23:-0.008(218.0) 24:-0.183(233.0) 25:-0.247(234.0) 26:-0.052(171.0),2018-02-28,2026-10-08,0.006044,,,,,,,-599.6,1597.7,-490.24,1277.5,-109.36,320.25,-610.87
dt,LTCUSD,crypto,False,london24,M15,15,k=0.5,0.5,False,False,M5,2713,823,0.30335,-0.19904,-9.6035,0.33414,0.024255,0.22329,546,-0.27288,277,-0.053485,2019,-0.70156,0.11111,-0.22045,-0.24186,True,False,18:-0.323(80.0) 19:-0.702(80.0) 20:-0.700(85.0) 21:-0.034(89.0) 22:-0.070(106.0) 23:+0.028(106.0) 24:-0.040(97.0) 25:-0.101(101.0) 26:-0.010(79.0),2018-03-06,2026-10-08,0.0048603,,,,,,,-163.81,323.2,-148.99,268.94,-14.815,54.262,-181.43
dt,LTCUSD,crypto,False,london24,M15,15,k=0.7,0.7,False,False,M5,2713,422,0.15555,-0.16109,-6.9303,0.33649,0.012309,0.1734,271,-0.20926,151,-0.074646,2019,-0.54306,0.11111,-0.17479,-0.18849,True,False,18:-0.237(36.0) 19:-0.543(43.0) 20:-0.514(41.0) 21:-0.073(46.0) 22:-0.048(47.0) 23:+0.032(58.0) 24:-0.076(54.0) 25:-0.109(54.0) 26:-0.030(43.0),2018-03-06,2026-10-07,0,,,,,,,-67.981,106.94,-56.709,86.237,-11.271,20.707,-73.761
rb,LTCUSD,crypto,False,london24,M15,15,RB,0,False,False,M5,2713,1055,0.38887,-0.4372,-12.724,0.30806,0.0059033,0.4431,692,-0.53576,363,-0.24931,2020,-1.3775,0,-0.45142,-0.46565,True,False,18:-0.530(112.0) 19:-1.374(110.0) 20:-1.378(94.0) 21:-0.065(97.0) 22:-0.066(133.0) 23:-0.107(146.0) 24:-0.203(138.0) 25:-0.322(135.0) 26:-0.210(90.0),2018-02-26,2026-10-07,,561,-0.28719,493,-0.59627,1,-6.1689,-461.25,1514.4,-370.75,1226.1,-90.498,288.31,-476.25
dt,LTCUSD,crypto,False,london24,M30,30,k=0.3,0.3,False,False,M5,2713,1817,0.66974,-0.32769,-15.962,0.30985,0.0075081,0.3352,1179,-0.41223,638,-0.17147,2019,-1.146,0.11111,-0.33514,-0.34259,True,False,18:-0.373(175.0) 19:-1.146(171.0) 20:-1.061(185.0) 21:+0.003(189.0) 22:-0.114(242.0) 23:-0.007(217.0) 24:-0.183(233.0) 25:-0.247(234.0) 26:-0.052(171.0),2018-02-28,2026-10-08,0.007705,,,,,,,-595.42,1585.9,-486.02,1265.7,-109.4,320.17,-608.95
dt,LTCUSD,crypto,False,london24,M30,30,k=0.5,0.5,False,False,M5,2713,822,0.30299,-0.19941,-9.63,0.33455,0.024514,0.22393,545,-0.27357,277,-0.05352,2019,-0.70076,0.11111,-0.22108,-0.24275,True,False,18:-0.328(80.0) 19:-0.701(80.0) 20:-0.700(85.0) 21:-0.034(89.0) 22:-0.070(106.0) 23:+0.031(105.0) 24:-0.040(97.0) 25:-0.101(101.0) 26:-0.010(79.0),2018-03-06,2026-10-08,0.0048662,,,,,,,-163.92,322.07,-149.09,267.81,-14.825,54.263,-181.73
dt,LTCUSD,crypto,False,london24,M30,30,k=0.7,0.7,False,False,M5,2713,422,0.15555,-0.16058,-6.9298,0.33886,0.012309,0.17289,271,-0.20846,151,-0.074665,2019,-0.54288,0.11111,-0.17428,-0.18798,True,False,18:-0.230(36.0) 19:-0.543(43.0) 20:-0.514(41.0) 21:-0.074(46.0) 22:-0.048(47.0) 23:+0.032(58.0) 24:-0.076(54.0) 25:-0.109(54.0) 26:-0.030(43.0),2018-03-06,2026-10-07,0,,,,,,,-67.766,106.28,-56.492,85.576,-11.274,20.707,-73.547
rb,LTCUSD,crypto,False,london24,M30,30,RB,0,False,False,M5,2713,1048,0.38629,-0.42424,-12.595,0.30916,0.006212,0.43045,687,-0.51863,361,-0.2446,2020,-1.3844,0,-0.43736,-0.45048,True,False,18:-0.480(112.0) 19:-1.321(108.0) 20:-1.384(94.0) 21:-0.040(95.0) 22:-0.068(133.0) 23:-0.116(145.0) 24:-0.200(137.0) 25:-0.324(135.0) 26:-0.194(89.0),2018-02-26,2026-10-07,,560,-0.2876,486,-0.56841,2,-3.6488,-444.6,1433.5,-356.3,1146.8,-88.299,286.69,-458.35
dt,LTCUSD,crypto,False,london24,H1,60,k=0.3,0.3,False,True,M5,2713,1741,0.64173,-0.3334,-16.025,0.29753,-0.0011551,0.33224,1131,-0.42043,610,-0.17204,2019,-1.159,0,-0.3321,-0.33079,False,False,18:-0.369(168.0) 19:-1.159(166.0) 20:-1.073(174.0) 21:-0.019(179.0) 22:-0.114(232.0) 23:-0.022(212.0) 24:-0.189(227.0) 25:-0.243(219.0) 26:-0.054(164.0),2018-02-28,2026-10-08,0.010913,,,,,,,-580.45,1504.7,-475.5,1215,-104.95,289.7,-578.18
dt,LTCUSD,crypto,False,london24,H1,60,k=0.5,0.5,False,True,M5,2713,784,0.28898,-0.20758,-9.7904,0.30102,0.015833,0.22341,520,-0.28232,264,-0.060363,2019,-0.72773,0.11111,-0.2202,-0.23282,True,False,18:-0.328(75.0) 19:-0.728(78.0) 20:-0.712(80.0) 21:-0.049(85.0) 22:-0.069(102.0) 23:+0.026(100.0) 24:-0.041(92.0) 25:-0.110(98.0) 26:-0.019(74.0),2018-03-06,2026-10-07,0.0038265,,,,,,,-162.74,309.73,-146.8,260.93,-15.936,48.801,-172.64
dt,LTCUSD,crypto,False,london24,H1,60,k=0.7,0.7,False,True,M5,2713,395,0.1456,-0.16812,-6.9368,0.28861,0.010407,0.17853,253,-0.22431,142,-0.068016,2019,-0.56099,0.11111,-0.17905,-0.18998,True,False,18:-0.251(35.0) 19:-0.561(42.0) 20:-0.560(38.0) 21:-0.102(43.0) 22:-0.033(42.0) 23:+0.049(53.0) 24:-0.067(52.0) 25:-0.098(49.0) 26:-0.034(41.0),2018-03-06,2026-10-07,0,,,,,,,-66.408,102.58,-56.749,84.923,-9.6583,17.656,-70.724
rb,LTCUSD,crypto,False,london24,H1,60,RB,0,False,True,M5,2713,984,0.3627,-0.43035,-12.592,0.30386,-0.0079422,0.42241,639,-0.52487,345,-0.25528,2020,-1.3835,0,-0.43387,-0.43738,True,False,18:-0.449(106.0) 19:-1.286(103.0) 20:-1.384(86.0) 21:-0.050(88.0) 22:-0.115(124.0) 23:-0.134(132.0) 24:-0.206(132.0) 25:-0.346(129.0) 26:-0.193(84.0),2018-02-26,2026-10-07,,527,-0.29677,454,-0.56473,3,-3.5604,-423.47,1312.1,-335.39,1055.6,-88.072,256.5,-426.92
dt,MCD,stock,False,us_cash,M5,5,k=0.3,0.3,False,False,M5,640,458,0.71562,-0.027872,-0.99055,0.4476,-0.013562,0.01431,0,,458,-0.027872,2026,-0.045442,0,-0.010489,0.0068933,False,False,24:-0.024(142.0) 25:-0.017(175.0) 26:-0.045(141.0),2024-03-19,2026-10-08,0,,,,,,,-12.765,166.07,0,0,-12.765,166.07,-4.8041
dt,MCD,stock,False,us_cash,M5,5,k=0.5,0.5,False,False,M5,640,191,0.29844,0.017695,0.61571,0.5445,0.02643,0.0087349,0,,191,0.017695,2025,0.0062053,1,-0.010866,-0.039427,True,False,24:+0.020(57.0) 25:+0.006(77.0) 26:+0.031(57.0),2024-04-04,2026-10-08,0,,,,,,,3.3797,30.032,0,0,3.3797,30.032,-2.0754
dt,MCD,stock,False,us_cash,M5,5,k=0.7,0.7,False,False,M5,640,83,0.12969,0.058668,2.0508,0.55422,0.064883,0.0062141,0,,83,0.058668,2025,0.044374,1,-0.0064107,-0.07149,True,False,24:+0.075(26.0) 25:+0.044(32.0) 26:+0.060(25.0),2024-04-17,2026-10-08,0,,,,,,,4.8695,5.8556,0,0,4.8695,5.8556,-0.53209
rb,MCD,stock,False,us_cash,M5,5,RB,0,False,False,M5,640,229,0.35781,0.046235,0.99885,0.53712,0.068524,0.022289,0,,229,0.046235,2025,0.0043114,1,-0.02044,-0.087114,True,False,24:+0.137(65.0) 25:+0.004(87.0) 26:+0.017(77.0),2024-03-13,2026-10-08,,114,0.067801,115,0.024856,0,,10.588,112.36,0,0,10.588,112.36,-4.6806
dt,MCD,stock,False,us_cash,M15,15,k=0.3,0.3,False,False,M5,640,457,0.71406,-0.025897,-0.92084,0.44858,-0.011288,0.014609,0,,457,-0.025897,2026,-0.046347,0,-0.010765,0.0043662,False,False,24:-0.017(141.0) 25:-0.017(175.0) 26:-0.046(141.0),2024-03-19,2026-10-08,0.0021882,,,,,,,-11.835,165.12,0,0,-11.835,165.12,-4.9197
dt,MCD,stock,False,us_cash,M15,15,k=0.5,0.5,False,False,M5,640,191,0.29844,0.017718,0.61701,0.5445,0.026567,0.0088497,0,,191,0.017718,2025,0.0065471,1,-0.010981,-0.039679,True,False,24:+0.020(57.0) 25:+0.007(77.0) 26:+0.031(57.0),2024-04-04,2026-10-08,0,,,,,,,3.3841,29.983,0,0,3.3841,29.983,-2.0973
dt,MCD,stock,False,us_cash,M15,15,k=0.7,0.7,False,False,M5,640,83,0.12969,0.058384,2.0422,0.56627,0.064883,0.0064985,0,,83,0.058384,2025,0.044374,1,-0.0066952,-0.071774,True,False,24:+0.075(26.0) 25:+0.044(32.0) 26:+0.059(25.0),2024-04-17,2026-10-08,0,,,,,,,4.8459,5.8453,0,0,4.8459,5.8453,-0.5557
rb,MCD,stock,False,us_cash,M15,15,RB,0,False,False,M5,640,229,0.35781,0.035343,0.76367,0.53275,0.057081,0.021738,0,,229,0.035343,2025,0.0062595,1,-0.019009,-0.073361,True,False,24:+0.097(65.0) 25:+0.006(87.0) 26:+0.016(77.0),2024-03-13,2026-10-08,,114,0.065737,115,0.0052137,0,,8.0936,112.12,0,0,8.0936,112.12,-4.3531
dt,MCD,stock,False,us_cash,M30,30,k=0.3,0.3,False,False,M5,640,456,0.7125,-0.025137,-0.89755,0.44956,-0.01064,0.014497,0,,456,-0.025137,2026,-0.039065,0,-0.012939,-0.00074197,False,False,24:-0.022(141.0) 25:-0.016(175.0) 26:-0.039(140.0),2024-03-19,2026-10-08,0.0065789,,,,,,,-11.462,163.02,0,0,-11.462,163.02,-5.9003
dt,MCD,stock,False,us_cash,M30,30,k=0.5,0.5,False,False,M5,640,191,0.29844,0.017695,0.61618,0.5445,0.026567,0.0088723,0,,191,0.017695,2025,0.0065471,1,-0.011003,-0.039702,True,False,24:+0.020(57.0) 25:+0.007(77.0) 26:+0.031(57.0),2024-04-04,2026-10-08,0,,,,,,,3.3798,29.988,0,0,3.3798,29.988,-2.1016
dt,MCD,stock,False,us_cash,M30,30,k=0.7,0.7,False,False,M5,640,83,0.12969,0.058257,2.0379,0.56627,0.064883,0.006625,0,,83,0.058257,2025,0.044374,1,-0.0068217,-0.071901,True,False,24:+0.075(26.0) 25:+0.044(32.0) 26:+0.058(25.0),2024-04-17,2026-10-08,0,,,,,,,4.8354,5.8439,0,0,4.8354,5.8439,-0.5662
rb,MCD,stock,False,us_cash,M30,30,RB,0,False,False,M5,640,228,0.35625,0.017535,0.38068,0.51316,0.038146,0.020611,0,,228,0.017535,2026,-0.034563,0.33333,-0.01696,-0.051454,True,False,24:+0.120(65.0) 25:-0.013(86.0) 26:-0.035(77.0),2024-03-13,2026-10-08,,114,0.051216,114,-0.016147,0,,3.9979,109.88,0,0,3.9979,109.88,-3.8669
dt,MCD,stock,False,us_cash,H1,60,k=0.3,0.3,False,True,M5,640,438,0.68437,-0.031946,-1.1751,0.41553,-0.017714,0.014232,0,,438,-0.031946,2025,-0.038849,0,-0.015178,0.0015904,False,False,24:-0.018(137.0) 25:-0.039(169.0) 26:-0.038(132.0),2024-03-19,2026-10-08,0.011416,,,,,,,-13.992,141.92,0,0,-13.992,141.92,-6.6479
dt,MCD,stock,False,us_cash,H1,60,k=0.5,0.5,False,True,M5,640,181,0.28281,0.011686,0.4177,0.53039,0.020408,0.0087218,0,,181,0.011686,2025,-0.012356,0.66667,-0.01078,-0.033245,True,False,24:+0.036(55.0) 25:-0.012(74.0) 26:+0.021(52.0),2024-04-04,2026-10-08,0,,,,,,,2.1152,25.526,0,0,2.1152,25.526,-1.9511
dt,MCD,stock,False,us_cash,H1,60,k=0.7,0.7,False,True,M5,640,73,0.11406,0.045318,1.4407,0.54795,0.052266,0.0069481,0,,73,0.045318,2025,0.020293,1,-0.0062309,-0.05778,True,False,24:+0.084(21.0) 25:+0.020(29.0) 26:+0.042(23.0),2024-04-17,2026-10-08,0,,,,,,,3.3082,5.3501,0,0,3.3082,5.3501,-0.45485
rb,MCD,stock,False,us_cash,H1,60,RB,0,False,True,M5,640,200,0.3125,-0.020153,-0.44669,0.5,-0.00066426,0.019489,0,,200,-0.020153,2026,-0.10618,0.33333,-0.02318,-0.026207,True,False,24:+0.070(57.0) 25:-0.010(75.0) 26:-0.106(68.0),2024-03-13,2026-10-08,,103,0.01525,97,-0.057745,0,,-4.0306,81.091,0,0,-4.0306,81.091,-4.636
dt,META,stock,False,us_cash,M5,5,k=0.3,0.3,False,False,M5,1282,862,0.67239,0.00065324,0.034333,0.4826,0.0094224,0.0087692,405,0.05877,457,-0.050851,2025,-0.075306,0.5,-0.010595,-0.021842,True,False,21:+0.018(74.0) 22:+0.071(153.0) 23:+0.065(178.0) 24:-0.027(169.0) 25:-0.075(173.0) 26:-0.049(115.0),2021-08-11,2026-10-08,0,,,,,,,0.56309,268.69,23.802,127.5,-23.239,141.18,-9.1326
dt,META,stock,False,us_cash,M5,5,k=0.5,0.5,False,False,M5,1282,369,0.28783,0.0081371,0.43297,0.49864,0.013733,0.005596,182,0.04782,187,-0.030485,2025,-0.052161,0.33333,-0.0063034,-0.020744,True,False,21:-0.006(38.0) 22:+0.077(61.0) 23:+0.051(83.0) 24:-0.027(82.0) 25:-0.052(63.0) 26:-0.004(42.0),2021-08-11,2026-10-07,0,,,,,,,3.0026,47.986,8.7032,21.228,-5.7006,26.758,-2.326
dt,META,stock,False,us_cash,M5,5,k=0.7,0.7,False,False,M5,1282,179,0.13963,-0.0091373,-0.43785,0.49162,-0.0051354,0.0040018,94,-0.0028663,85,-0.016072,2026,-0.040508,0.33333,-0.0068363,-0.0045353,False,False,21:-0.040(21.0) 22:+0.086(27.0) 23:-0.038(46.0) 24:+0.012(36.0) 25:-0.032(24.0) 26:-0.041(25.0),2021-08-16,2026-09-21,0,,,,,,,-1.6356,13.891,-0.26943,6.7597,-1.3661,7.1312,-1.2237
rb,META,stock,False,us_cash,M5,5,RB,0,False,False,M5,1282,495,0.38612,-0.033176,-1.1788,0.45455,-0.020862,0.012314,205,-0.031524,290,-0.034344,2021,-0.22333,0.33333,-0.015585,0.0020071,False,False,21:-0.223(39.0) 22:+0.026(90.0) 23:-0.001(76.0) 24:-0.025(100.0) 25:-0.075(113.0) 26:+0.013(77.0),2021-08-04,2026-10-08,,272,-0.044123,223,-0.019824,0,,-16.422,194.25,-6.4624,90.521,-9.9598,103.73,-7.7144
dt,META,stock,False,us_cash,M15,15,k=0.3,0.3,False,False,M5,1282,862,0.67239,-0.0012234,-0.064242,0.4826,0.0078619,0.0090854,405,0.057185,457,-0.052986,2025,-0.076405,0.5,-0.0097714,-0.018319,True,False,21:+0.016(74.0) 22:+0.071(153.0) 23:+0.062(178.0) 24:-0.031(169.0) 25:-0.076(173.0) 26:-0.050(115.0),2021-08-11,2026-10-08,0.0058005,,,,,,,-1.0546,269.17,23.16,128.48,-24.214,140.68,-8.4229
dt,META,stock,False,us_cash,M15,15,k=0.5,0.5,False,False,M5,1282,369,0.28783,0.0081809,0.43525,0.50136,0.013845,0.005664,182,0.04802,187,-0.030593,2025,-0.052232,0.33333,-0.0063714,-0.020924,True,False,21:-0.005(38.0) 22:+0.077(61.0) 23:+0.051(83.0) 24:-0.027(82.0) 25:-0.052(63.0) 26:-0.004(42.0),2021-08-11,2026-10-07,0,,,,,,,3.0187,47.998,8.7396,21.226,-5.7208,26.772,-2.3511
dt,META,stock,False,us_cash,M15,15,k=0.7,0.7,False,False,M5,1282,179,0.13963,-0.0092379,-0.44278,0.49162,-0.0051354,0.0041025,94,-0.0029214,85,-0.016223,2026,-0.040824,0.33333,-0.0069369,-0.004636,False,False,21:-0.040(21.0) 22:+0.086(27.0) 23:-0.038(46.0) 24:+0.012(36.0) 25:-0.032(24.0) 26:-0.041(25.0),2021-08-16,2026-09-21,0,,,,,,,-1.6536,13.884,-0.27461,6.7567,-1.379,7.1274,-1.2417
rb,META,stock,False,us_cash,M15,15,RB,0,False,False,M5,1282,491,0.383,-0.035028,-1.2518,0.45418,-0.022676,0.012352,203,-0.024689,288,-0.042315,2021,-0.21288,0.33333,-0.014792,0.0054433,False,False,21:-0.213(39.0) 22:+0.040(88.0) 23:-0.003(76.0) 24:-0.025(100.0) 25:-0.088(112.0) 26:+0.002(76.0),2021-08-04,2026-10-08,,270,-0.046947,221,-0.020466,0,,-17.199,188.96,-5.0119,86.316,-12.187,102.65,-7.2629
dt,META,stock,False,us_cash,M30,30,k=0.3,0.3,False,False,M5,1282,862,0.67239,-0.0031597,-0.16558,0.48028,0.006079,0.0092386,405,0.057161,457,-0.056617,2025,-0.076613,0.5,-0.010647,-0.018134,True,False,21:+0.018(74.0) 22:+0.070(153.0) 23:+0.062(178.0) 24:-0.035(169.0) 25:-0.077(173.0) 26:-0.059(115.0),2021-08-11,2026-10-08,0.0081206,,,,,,,-2.7236,270.28,23.15,128.68,-25.874,141.61,-9.1775
dt,META,stock,False,us_cash,M30,30,k=0.5,0.5,False,False,M5,1282,369,0.28783,0.007902,0.41995,0.50136,0.013634,0.0057316,182,0.047582,187,-0.030717,2025,-0.052376,0.33333,-0.0064391,-0.02078,True,False,21:-0.005(38.0) 22:+0.077(61.0) 23:+0.050(83.0) 24:-0.028(82.0) 25:-0.052(63.0) 26:-0.004(42.0),2021-08-11,2026-10-07,0.00271,,,,,,,2.9158,48.102,8.66,21.319,-5.7442,26.783,-2.376
dt,META,stock,False,us_cash,M30,30,k=0.7,0.7,False,False,M5,1282,178,0.13885,-0.0062971,-0.30323,0.49438,-0.0021486,0.0041485,93,0.0028144,85,-0.016266,2026,-0.040781,0.33333,-0.0069988,-0.0077006,True,False,21:-0.040(21.0) 22:+0.086(27.0) 23:-0.027(45.0) 24:+0.011(36.0) 25:-0.032(24.0) 26:-0.041(25.0),2021-08-16,2026-09-21,0.005618,,,,,,,-1.1209,13.594,0.26174,6.4633,-1.3826,7.131,-1.2458
rb,META,stock,False,us_cash,M30,30,RB,0,False,False,M5,1282,488,0.38066,-0.049236,-1.8217,0.45287,-0.037144,0.012092,203,-0.043302,285,-0.053463,2021,-0.22071,0.33333,-0.018226,0.012784,False,False,21:-0.221(39.0) 22:+0.055(88.0) 23:-0.066(76.0) 24:-0.035(99.0) 25:-0.109(111.0) 26:+0.004(75.0),2021-08-04,2026-10-08,,269,-0.057226,219,-0.039422,0,,-24.027,174.78,-8.7904,80.597,-15.237,94.184,-8.8943
dt,META,stock,False,us_cash,H1,60,k=0.3,0.3,False,True,M5,1282,821,0.64041,-0.0062987,-0.32829,0.46529,0.0030541,0.0093528,388,0.042575,433,-0.050093,2025,-0.076716,0.5,-0.010734,-0.015169,True,False,21:+0.004(71.0) 22:+0.041(146.0) 23:+0.060(171.0) 24:-0.021(162.0) 25:-0.077(163.0) 26:-0.054(108.0),2021-08-11,2026-10-08,0.020706,,,,,,,-5.1713,247.85,16.519,120.86,-21.69,126.99,-8.8123
dt,META,stock,False,us_cash,H1,60,k=0.5,0.5,False,True,M5,1282,348,0.27145,0.0089158,0.46308,0.49138,0.014776,0.0058601,174,0.046511,174,-0.02868,2025,-0.060664,0.33333,-0.0069374,-0.022791,True,False,21:-0.004(36.0) 22:+0.050(58.0) 23:+0.067(80.0) 24:-0.019(77.0) 25:-0.061(58.0) 26:-0.000(39.0),2021-08-11,2026-10-07,0.0057471,,,,,,,3.1027,44.79,8.093,19.752,-4.9902,25.039,-2.4142
dt,META,stock,False,us_cash,H1,60,k=0.7,0.7,False,True,M5,1282,162,0.12637,-0.0035248,-0.16062,0.5,0.00088808,0.0044129,84,0.0084328,78,-0.016402,2025,-0.039746,0.33333,-0.0071409,-0.010757,True,False,21:-0.032(19.0) 22:+0.082(21.0) 23:-0.009(44.0) 24:+0.008(34.0) 25:-0.040(20.0) 26:-0.032(24.0),2021-08-16,2026-09-21,0.0061728,,,,,,,-0.57103,12.564,0.70835,6.0092,-1.2794,6.5544,-1.1568
rb,META,stock,False,us_cash,H1,60,RB,0,False,True,M5,1282,450,0.35101,-0.057983,-2.2471,0.48222,-0.04614,0.011842,184,-0.061311,266,-0.05568,2021,-0.19574,0.16667,-0.019205,0.019572,False,False,21:-0.196(33.0) 22:+0.044(81.0) 23:-0.120(70.0) 24:-0.037(93.0) 25:-0.105(104.0) 26:-0.007(69.0),2021-08-04,2026-10-08,,250,-0.066722,199,-0.042247,1,-1.0046,-26.092,136.04,-11.281,62.765,-14.811,73.277,-8.6424
dt,MSFT,stock,False,us_cash,M5,5,k=0.3,0.3,False,False,M5,2460,1757,0.71423,-0.0010986,-0.081138,0.47297,0.0060769,0.0071755,1309,-0.0051887,448,0.010852,2017,-0.082711,0.63636,-0.0078629,-0.014627,True,False,15:-0.067(191.0) 16:-0.037(188.0) 17:-0.083(212.0) 18:+0.071(186.0) 19:+0.020(119.0) 21:+0.010(71.0) 22:+0.084(162.0) 23:+0.004(180.0) 24:-0.035(179.0) 25:+0.017(166.0) 26:+0.081(103.0),2015-01-08,2026-10-08,0.0017075,,,,,,,-1.9303,565.67,-6.7919,416.7,4.8616,148.97,-13.815
dt,MSFT,stock,False,us_cash,M5,5,k=0.5,0.5,False,False,M5,2460,783,0.31829,-0.015639,-1.1414,0.48659,-0.010974,0.0046646,584,-0.020986,199,5.1933e-05,2016,-0.08462,0.45455,-0.0071963,0.0012466,False,False,15:-0.028(75.0) 16:-0.085(92.0) 17:-0.084(95.0) 18:+0.028(93.0) 19:+0.003(51.0) 21:+0.033(32.0) 22:+0.048(68.0) 23:-0.020(78.0) 24:-0.030(77.0) 25:+0.052(69.0) 26:-0.024(53.0),2015-01-08,2026-10-08,0.0025543,,,,,,,-12.245,115.15,-12.256,83.881,0.010335,31.271,-5.6347
dt,MSFT,stock,False,us_cash,M5,5,k=0.7,0.7,False,False,M5,2460,343,0.13943,0.0033445,0.21411,0.48105,0.0073555,0.0040109,249,-0.0028694,94,0.019805,2016,-0.072783,0.63636,-0.0085446,-0.020434,True,False,15:+0.025(31.0) 16:-0.073(39.0) 17:-0.025(42.0) 18:+0.017(40.0) 19:+0.055(21.0) 21:+0.053(14.0) 22:+0.013(31.0) 23:-0.018(31.0) 24:-0.035(32.0) 25:+0.071(38.0) 26:+0.012(24.0),2015-02-12,2026-10-08,0,,,,,,,1.1472,28.628,-0.71448,20.306,1.8617,8.322,-2.9308
rb,MSFT,stock,False,us_cash,M5,5,RB,0,False,False,M5,2460,901,0.36626,-0.019903,-0.88937,0.46948,-0.0092111,0.010692,618,-0.022876,283,-0.013411,2015,-0.17004,0.45455,-0.014863,-0.0098226,False,False,15:-0.170(86.0) 16:-0.000(97.0) 17:+0.024(81.0) 18:-0.035(86.0) 19:+0.003(70.0) 21:-0.020(28.0) 22:+0.159(78.0) 23:-0.113(92.0) 24:+0.013(102.0) 25:-0.128(95.0) 26:+0.082(86.0),2015-01-06,2026-10-08,,474,-0.021504,426,-0.015817,1,-1.0022,-17.933,406.48,-14.138,300.14,-3.7953,106.34,-13.392
dt,MSFT,stock,False,us_cash,M15,15,k=0.3,0.3,False,False,M5,2460,1755,0.71341,-0.00049549,-0.036737,0.47293,0.0067552,0.0072507,1307,-0.0037996,448,0.009144,2017,-0.071363,0.63636,-0.0080052,-0.015515,True,False,15:-0.067(191.0) 16:-0.037(188.0) 17:-0.071(210.0) 18:+0.071(186.0) 19:+0.016(119.0) 21:+0.010(71.0) 22:+0.084(162.0) 23:+0.002(180.0) 24:-0.039(179.0) 25:+0.017(166.0) 26:+0.081(103.0),2015-01-08,2026-10-08,0.0051282,,,,,,,-0.86959,559.98,-4.9661,411.02,4.0965,148.97,-14.049
dt,MSFT,stock,False,us_cash,M15,15,k=0.5,0.5,False,False,M5,2460,782,0.31789,-0.014582,-1.0712,0.48593,-0.0098296,0.0047521,583,-0.018795,199,-0.0022376,2016,-0.08462,0.45455,-0.0067793,0.0010232,False,False,15:-0.028(75.0) 16:-0.085(92.0) 17:-0.071(94.0) 18:+0.028(93.0) 19:+0.003(51.0) 21:+0.033(32.0) 22:+0.048(68.0) 23:-0.020(78.0) 24:-0.035(77.0) 25:+0.051(69.0) 26:-0.024(53.0),2015-01-08,2026-10-08,0.0025575,,,,,,,-11.403,113.34,-10.958,82.074,-0.44528,31.264,-5.3014
dt,MSFT,stock,False,us_cash,M15,15,k=0.7,0.7,False,False,M5,2460,343,0.13943,0.0025838,0.16534,0.47813,0.0066297,0.0040459,249,-0.0028506,94,0.016979,2016,-0.072783,0.63636,-0.0085795,-0.019743,True,False,15:+0.025(31.0) 16:-0.073(39.0) 17:-0.025(42.0) 18:+0.017(40.0) 19:+0.055(21.0) 21:+0.053(14.0) 22:+0.013(31.0) 23:-0.018(31.0) 24:-0.043(32.0) 25:+0.070(38.0) 26:+0.012(24.0),2015-02-12,2026-10-08,0.0029155,,,,,,,0.88624,28.648,-0.70979,20.309,1.596,8.3394,-2.9428
rb,MSFT,stock,False,us_cash,M15,15,RB,0,False,False,M5,2460,897,0.36463,-0.027957,-1.2806,0.47046,-0.01726,0.010698,614,-0.030542,283,-0.02235,2015,-0.17227,0.27273,-0.01601,-0.0040622,False,False,15:-0.172(86.0) 16:-0.010(97.0) 17:+0.030(80.0) 18:-0.046(86.0) 19:-0.026(69.0) 21:-0.011(27.0) 22:+0.171(77.0) 23:-0.135(92.0) 24:-0.018(102.0) 25:-0.128(95.0) 26:+0.089(86.0),2015-01-06,2026-10-08,,473,-0.030979,423,-0.022276,1,-1.0022,-25.078,383.74,-18.753,290.56,-6.325,93.174,-14.361
dt,MSFT,stock,False,us_cash,M30,30,k=0.3,0.3,False,False,M5,2460,1752,0.7122,-0.0026463,-0.19458,0.4726,0.0046542,0.0073005,1304,-0.0057553,448,0.006403,2017,-0.084576,0.63636,-0.0080318,-0.013417,True,False,15:-0.064(190.0) 16:-0.040(188.0) 17:-0.085(209.0) 18:+0.077(185.0) 19:+0.015(119.0) 21:+0.010(71.0) 22:+0.081(162.0) 23:+0.001(180.0) 24:-0.046(179.0) 25:+0.017(166.0) 26:+0.081(103.0),2015-01-08,2026-10-08,0.011416,,,,,,,-4.6363,567.43,-7.5049,416.17,2.8686,151.26,-14.072
dt,MSFT,stock,False,us_cash,M30,30,k=0.5,0.5,False,False,M5,2460,782,0.31789,-0.016714,-1.209,0.48593,-0.011925,0.0047897,583,-0.020383,199,-0.0059663,2016,-0.08462,0.45455,-0.0067342,0.0032461,False,False,15:-0.028(75.0) 16:-0.085(92.0) 17:-0.081(94.0) 18:+0.028(93.0) 19:+0.003(51.0) 21:+0.033(32.0) 22:+0.048(68.0) 23:-0.020(78.0) 24:-0.045(77.0) 25:+0.051(69.0) 26:-0.024(53.0),2015-01-08,2026-10-08,0.0025575,,,,,,,-13.071,116.94,-11.883,84.874,-1.1873,32.07,-5.2661
dt,MSFT,stock,False,us_cash,M30,30,k=0.7,0.7,False,False,M5,2460,343,0.13943,-0.00056699,-0.035167,0.47813,0.0034996,0.0040666,249,-0.005094,94,0.011425,2016,-0.072783,0.63636,-0.0086002,-0.016633,True,False,15:+0.025(31.0) 16:-0.073(39.0) 17:-0.038(42.0) 18:+0.017(40.0) 19:+0.055(21.0) 21:+0.053(14.0) 22:+0.013(31.0) 23:-0.018(31.0) 24:-0.059(32.0) 25:+0.070(38.0) 26:+0.012(24.0),2015-02-12,2026-10-08,0.0058309,,,,,,,-0.19448,30.492,-1.2684,21.741,1.0739,8.7509,-2.9499
rb,MSFT,stock,False,us_cash,M30,30,RB,0,False,False,M5,2460,891,0.3622,-0.02822,-1.3195,0.47026,-0.017687,0.010533,610,-0.031843,281,-0.020355,2015,-0.16569,0.36364,-0.0094734,0.0092733,False,False,15:-0.166(85.0) 16:-0.012(97.0) 17:+0.013(80.0) 18:-0.050(85.0) 19:-0.022(69.0) 21:+0.055(25.0) 22:+0.145(77.0) 23:-0.130(92.0) 24:-0.028(102.0) 25:-0.129(95.0) 26:+0.111(84.0),2015-01-06,2026-10-08,,471,-0.032014,419,-0.021631,1,-1.0022,-25.144,363.43,-19.424,273.61,-5.7198,89.817,-8.4408
dt,MSFT,stock,False,us_cash,H1,60,k=0.3,0.3,False,True,M5,2460,1666,0.67724,0.0014218,0.10568,0.46999,0.0087911,0.0073694,1241,-0.0033983,425,0.015497,2017,-0.058052,0.54545,-0.0070146,-0.015451,True,False,15:-0.056(181.0) 16:-0.036(183.0) 17:-0.058(201.0) 18:+0.050(175.0) 19:+0.023(113.0) 21:+0.021(66.0) 22:+0.082(147.0) 23:-0.003(175.0) 24:-0.049(168.0) 25:+0.032(157.0) 26:+0.099(100.0),2015-01-08,2026-10-08,0.022209,,,,,,,2.3687,502.06,-4.2173,363.52,6.586,138.54,-11.686
dt,MSFT,stock,False,us_cash,H1,60,k=0.5,0.5,False,True,M5,2460,721,0.29309,-0.0093525,-0.67577,0.47295,-0.0044338,0.0049187,542,-0.016099,179,0.011075,2016,-0.080321,0.45455,-0.0060911,-0.0028297,False,False,15:-0.016(70.0) 16:-0.080(88.0) 17:-0.051(87.0) 18:+0.002(85.0) 19:+0.001(46.0) 21:+0.070(28.0) 22:+0.045(62.0) 23:-0.014(76.0) 24:-0.039(68.0) 25:+0.075(62.0) 26:-0.000(49.0),2015-01-08,2026-10-08,0.0069348,,,,,,,-6.7432,99.495,-8.7256,70.577,1.9824,28.918,-4.3917
dt,MSFT,stock,False,us_cash,H1,60,k=0.7,0.7,False,True,M5,2460,309,0.12561,0.0097411,0.6081,0.52104,0.013858,0.0041172,229,0.0034343,80,0.027794,2024,-0.072802,0.54545,-0.0088481,-0.027437,True,False,15:+0.042(28.0) 16:-0.053(37.0) 17:-0.004(40.0) 18:-0.005(35.0) 19:+0.041(20.0) 21:+0.105(13.0) 22:+0.005(27.0) 23:-0.013(29.0) 24:-0.073(26.0) 25:+0.092(33.0) 26:+0.052(21.0),2015-02-12,2026-10-08,0.0064725,,,,,,,3.01,24.451,0.78646,16.125,2.2235,8.3259,-2.7341
rb,MSFT,stock,False,us_cash,H1,60,RB,0,False,True,M5,2460,807,0.32805,-0.053215,-2.6125,0.45973,-0.042998,0.010218,553,-0.060474,254,-0.037412,2023,-0.13779,0.27273,-0.014276,0.024663,False,False,15:-0.121(77.0) 16:-0.014(90.0) 17:-0.032(72.0) 18:-0.069(75.0) 19:-0.102(63.0) 21:+0.092(24.0) 22:+0.001(70.0) 23:-0.138(82.0) 24:-0.081(92.0) 25:-0.100(84.0) 26:+0.082(78.0),2015-01-06,2026-10-08,,433,-0.052483,371,-0.046374,3,-1.0049,-42.945,272.16,-33.442,199.73,-9.5027,72.423,-11.521
dt,MSTR,stock,True,us_cash,M5,5,k=0.3,0.3,False,False,M5,1101,666,0.6049,0.053743,2.3515,0.52252,0.057848,0.0041043,246,0.072214,420,0.042925,2026,-0.028104,0.83333,0.0049478,-0.043848,True,True,20:-0.247(4.0) 21:+0.090(13.0) 22:+0.105(116.0) 23:+0.048(113.0) 24:+0.132(138.0) 25:+0.023(151.0) 26:-0.028(131.0),2020-12-14,2026-10-07,0,,,,,,,35.793,233.27,17.765,92.332,18.028,140.94,3.2952
dt,MSTR,stock,True,us_cash,M5,5,k=0.5,0.5,False,False,M5,1101,296,0.26885,0.058875,2.7823,0.53041,0.061405,0.0025294,110,0.088629,186,0.041279,2026,-0.029468,0.8,-0.0026807,-0.064237,True,True,20:+0.090(1.0) 21:-0.063(8.0) 22:+0.102(50.0) 23:+0.099(51.0) 24:+0.100(66.0) 25:+0.040(67.0) 26:-0.029(53.0),2020-12-14,2026-10-02,0,,,,,,,17.427,40.125,9.7492,15.011,7.678,25.114,-0.79349
dt,MSTR,stock,True,us_cash,M5,5,k=0.7,0.7,False,False,M5,1101,141,0.12807,0.06316,3.1984,0.56028,0.064832,0.0016719,54,0.085582,87,0.049242,2025,0.011623,1,-0.0016719,-0.066504,True,False,20:-0.078(1.0) 21:+0.086(4.0) 22:+0.087(24.0) 23:+0.090(25.0) 24:+0.095(32.0) 25:+0.012(34.0) 26:+0.041(21.0),2020-12-14,2026-10-02,0,,,,,,,8.9055,8.2603,4.6214,3.1926,4.2841,5.0676,-0.23574
rb,MSTR,stock,True,us_cash,M5,5,RB,0,False,False,M5,1101,435,0.3951,0.039972,1.1576,0.50115,0.044869,0.0048968,178,0.089625,257,0.0055828,2026,-0.12409,0.83333,0.0067895,-0.026393,True,False,20:+0.165(2.0) 21:+0.209(15.0) 22:+0.109(85.0) 23:+0.042(76.0) 24:+0.109(99.0) 25:+0.017(73.0) 26:-0.124(85.0),2020-12-16,2026-10-08,,240,0.031834,195,0.049989,0,,17.388,225.81,15.953,100.06,1.4348,125.75,2.9534
dt,MSTR,stock,True,us_cash,M15,15,k=0.3,0.3,False,False,M5,1101,666,0.6049,0.055445,2.4245,0.52252,0.059594,0.0041491,246,0.075846,420,0.043496,2026,-0.028246,0.83333,0.0054355,-0.044574,True,True,20:-0.247(4.0) 21:+0.090(13.0) 22:+0.106(116.0) 23:+0.054(113.0) 24:+0.133(138.0) 25:+0.024(151.0) 26:-0.028(131.0),2020-12-14,2026-10-07,0,,,,,,,36.926,233.66,18.658,92.831,18.268,140.83,3.62
dt,MSTR,stock,True,us_cash,M15,15,k=0.5,0.5,False,False,M5,1101,296,0.26885,0.058992,2.7876,0.53041,0.06155,0.0025586,110,0.089002,186,0.041243,2026,-0.029631,0.8,-0.0027099,-0.064411,True,True,20:+0.090(1.0) 21:-0.063(8.0) 22:+0.102(50.0) 23:+0.100(51.0) 24:+0.100(66.0) 25:+0.040(67.0) 26:-0.030(53.0),2020-12-14,2026-10-02,0,,,,,,,17.461,40.136,9.7902,15.031,7.6713,25.105,-0.80214
dt,MSTR,stock,True,us_cash,M15,15,k=0.7,0.7,False,False,M5,1101,141,0.12807,0.063556,3.2183,0.56028,0.065296,0.0017403,54,0.086795,87,0.049131,2025,0.011623,1,-0.0017403,-0.067036,True,False,20:-0.078(1.0) 21:+0.086(4.0) 22:+0.087(24.0) 23:+0.093(25.0) 24:+0.095(32.0) 25:+0.012(34.0) 26:+0.040(21.0),2020-12-14,2026-10-02,0,,,,,,,8.9614,8.2681,4.6869,3.2004,4.2744,5.0677,-0.24539
rb,MSTR,stock,True,us_cash,M15,15,RB,0,False,False,M5,1101,434,0.39419,0.028565,0.8217,0.49309,0.033429,0.0048639,177,0.08707,257,-0.011729,2026,-0.15124,0.66667,0.0085467,-0.011472,True,False,20:+0.165(2.0) 21:+0.259(14.0) 22:+0.109(85.0) 23:+0.029(76.0) 24:+0.103(99.0) 25:-0.005(73.0) 26:-0.151(85.0),2020-12-16,2026-10-08,,240,0.02621,194,0.031479,0,,12.397,227.45,15.411,101.71,-3.0143,125.74,3.7093
dt,MSTR,stock,True,us_cash,M30,30,k=0.3,0.3,False,False,M5,1101,666,0.6049,0.055508,2.4271,0.52252,0.059715,0.0042071,246,0.076176,420,0.043402,2026,-0.028541,0.83333,0.0053774,-0.044753,True,True,20:-0.247(4.0) 21:+0.090(13.0) 22:+0.106(116.0) 23:+0.055(113.0) 24:+0.133(138.0) 25:+0.024(151.0) 26:-0.029(131.0),2020-12-14,2026-10-07,0.003003,,,,,,,36.968,233.7,18.739,92.83,18.229,140.87,3.5814
dt,MSTR,stock,True,us_cash,M30,30,k=0.5,0.5,False,False,M5,1101,296,0.26885,0.059111,2.7933,0.53041,0.061697,0.0025855,110,0.089397,186,0.0412,2026,-0.029782,0.8,-0.0027369,-0.064585,True,True,20:+0.090(1.0) 21:-0.063(8.0) 22:+0.102(50.0) 23:+0.101(51.0) 24:+0.100(66.0) 25:+0.040(67.0) 26:-0.030(53.0),2020-12-14,2026-10-02,0,,,,,,,17.497,40.139,9.8337,15.031,7.6633,25.108,-0.81012
dt,MSTR,stock,True,us_cash,M30,30,k=0.7,0.7,False,False,M5,1101,141,0.12807,0.063534,3.2171,0.56028,0.065296,0.0017618,54,0.086795,87,0.049097,2025,0.011623,1,-0.0017618,-0.067058,True,False,20:-0.078(1.0) 21:+0.086(4.0) 22:+0.087(24.0) 23:+0.093(25.0) 24:+0.095(32.0) 25:+0.012(34.0) 26:+0.040(21.0),2020-12-14,2026-10-02,0,,,,,,,8.9583,8.2682,4.6869,3.2004,4.2714,5.0678,-0.24842
rb,MSTR,stock,True,us_cash,M30,30,RB,0,False,False,M5,1101,432,0.39237,0.031569,0.91934,0.49769,0.036433,0.0048648,176,0.095051,256,-0.012075,2026,-0.11935,0.66667,0.012099,-0.0073697,True,False,20:+0.165(2.0) 21:+0.190(14.0) 22:+0.116(84.0) 23:+0.053(76.0) 24:+0.090(99.0) 25:-0.027(73.0) 26:-0.119(84.0),2020-12-16,2026-10-08,,240,0.024162,191,0.046301,1,-1.0046,13.638,219.97,16.729,101.14,-3.0913,118.84,5.227
dt,MSTR,stock,True,us_cash,H1,60,k=0.3,0.3,False,True,M5,1101,635,0.57675,0.048771,2.1541,0.51811,0.053002,0.0042315,234,0.072694,401,0.034811,2026,-0.022647,0.83333,0.0045168,-0.039737,True,False,20:-0.359(4.0) 21:+0.039(13.0) 22:+0.111(108.0) 23:+0.054(109.0) 24:+0.090(132.0) 25:+0.034(144.0) 26:-0.023(125.0),2020-12-14,2026-10-07,0.011024,,,,,,,30.97,207.89,17.01,82.164,13.959,125.72,2.8682
dt,MSTR,stock,True,us_cash,H1,60,k=0.5,0.5,False,True,M5,1101,277,0.25159,0.055241,2.5996,0.51986,0.057979,0.0027381,100,0.091163,177,0.034947,2026,-0.027879,0.8,-0.0028514,-0.060944,True,True,20:+0.072(1.0) 21:-0.096(8.0) 22:+0.123(44.0) 23:+0.093(47.0) 24:+0.068(62.0) 25:+0.053(64.0) 26:-0.028(51.0),2020-12-14,2026-10-02,0,,,,,,,15.302,35.368,9.1163,13.104,6.1855,22.264,-0.78984
dt,MSTR,stock,True,us_cash,H1,60,k=0.7,0.7,False,True,M5,1101,129,0.11717,0.06136,3.0728,0.5814,0.063281,0.0019212,51,0.086469,78,0.044943,2025,0.019032,1,-0.0019212,-0.065203,True,False,20:-0.092(1.0) 21:+0.056(4.0) 22:+0.095(23.0) 23:+0.091(23.0) 24:+0.079(27.0) 25:+0.019(30.0) 26:+0.038(21.0),2020-12-14,2026-10-02,0,,,,,,,7.9155,7.0698,4.4099,2.4674,3.5055,4.6024,-0.24784
rb,MSTR,stock,True,us_cash,H1,60,RB,0,False,True,M5,1101,407,0.36966,-0.014309,-0.45914,0.45455,-0.0094063,0.0049023,165,0.046433,242,-0.055723,2026,-0.10272,0.66667,-0.0036081,0.0070923,False,False,20:+0.225(2.0) 21:+0.215(14.0) 22:+0.051(79.0) 23:+0.003(70.0) 24:+0.007(91.0) 25:-0.083(70.0) 26:-0.103(81.0),2020-12-16,2026-10-08,,229,-0.031289,178,0.0075366,0,,-5.8236,160.56,7.6614,72.841,-13.485,87.723,-1.4685
dt,N25.cash,index,False,eu_cash,M5,5,k=0.3,0.3,False,False,M5,924,602,0.65152,-0.065127,-2.746,0.4402,0.017982,0.083109,217,-0.041037,385,-0.078705,2023,-0.14782,0.16667,-0.082697,-0.10027,True,False,20:+0.050(1.0) 21:-0.033(116.0) 22:+0.028(55.0) 23:-0.148(45.0) 24:-0.040(88.0) 25:-0.148(160.0) 26:-0.023(137.0),2020-12-21,2026-10-08,0,,,,,,,-39.207,206.07,-8.905,74.141,-30.301,131.93,-49.783
dt,N25.cash,index,False,eu_cash,M5,5,k=0.5,0.5,False,False,M5,924,276,0.2987,-0.046189,-2.1032,0.3913,0.0051593,0.051348,99,-0.044553,177,-0.047104,2023,-0.10673,0,-0.053166,-0.060143,True,False,20:-0.170(1.0) 21:-0.032(52.0) 22:-0.009(24.0) 23:-0.107(22.0) 24:-0.031(39.0) 25:-0.091(70.0) 26:-0.011(68.0),2020-12-21,2026-10-08,0,,,,,,,-12.748,37.194,-4.4107,14.656,-8.3374,22.538,-14.674
dt,N25.cash,index,False,eu_cash,M5,5,k=0.7,0.7,False,False,M5,924,120,0.12987,-0.035956,-1.3126,0.38333,0.0041476,0.040104,40,-0.017667,80,-0.045101,2025,-0.095993,0.25,-0.040236,-0.044516,True,False,20:-0.264(1.0) 21:-0.022(23.0) 22:+0.031(9.0) 23:-0.030(7.0) 24:+0.060(17.0) 25:-0.096(32.0) 26:-0.050(31.0),2020-12-21,2026-10-01,0,,,,,,,-4.3147,10.871,-0.70667,4.2911,-3.6081,6.5796,-4.8283
rb,N25.cash,index,False,eu_cash,M5,5,RB,0,False,False,M5,924,348,0.37662,-0.11557,-3.1059,0.4023,0.00075878,0.11633,142,-0.053654,206,-0.15825,2025,-0.30632,0.16667,-0.1241,-0.13263,True,False,20:-0.286(8.0) 21:-0.016(74.0) 22:-0.150(39.0) 23:+0.081(21.0) 24:-0.010(40.0) 25:-0.306(100.0) 26:-0.024(66.0),2020-12-16,2026-10-08,,188,-0.09565,160,-0.13898,0,,-40.219,171.86,-7.6189,69.875,-32.6,101.98,-43.187
dt,N25.cash,index,False,eu_cash,M15,15,k=0.3,0.3,False,False,M5,924,602,0.65152,-0.065048,-2.7427,0.4402,0.018066,0.083114,217,-0.040945,385,-0.078634,2023,-0.14782,0.16667,-0.0827,-0.10035,True,False,20:+0.050(1.0) 21:-0.033(116.0) 22:+0.029(55.0) 23:-0.148(45.0) 24:-0.039(88.0) 25:-0.148(160.0) 26:-0.023(137.0),2020-12-21,2026-10-08,0,,,,,,,-39.159,206.06,-8.885,74.138,-30.274,131.92,-49.785
dt,N25.cash,index,False,eu_cash,M15,15,k=0.5,0.5,False,False,M5,924,276,0.2987,-0.046189,-2.1032,0.3913,0.0051593,0.051348,99,-0.044553,177,-0.047104,2023,-0.10673,0,-0.053166,-0.060143,True,False,20:-0.170(1.0) 21:-0.032(52.0) 22:-0.009(24.0) 23:-0.107(22.0) 24:-0.031(39.0) 25:-0.091(70.0) 26:-0.011(68.0),2020-12-21,2026-10-08,0,,,,,,,-12.748,37.194,-4.4107,14.656,-8.3374,22.538,-14.674
dt,N25.cash,index,False,eu_cash,M15,15,k=0.7,0.7,False,False,M5,924,120,0.12987,-0.035956,-1.3126,0.38333,0.0041476,0.040104,40,-0.017667,80,-0.045101,2025,-0.095993,0.25,-0.040236,-0.044516,True,False,20:-0.264(1.0) 21:-0.022(23.0) 22:+0.031(9.0) 23:-0.030(7.0) 24:+0.060(17.0) 25:-0.096(32.0) 26:-0.050(31.0),2020-12-21,2026-10-01,0,,,,,,,-4.3147,10.871,-0.70667,4.2911,-3.6081,6.5796,-4.8283
rb,N25.cash,index,False,eu_cash,M15,15,RB,0,False,False,M5,924,346,0.37446,-0.10873,-2.9379,0.40462,0.0054972,0.11422,142,-0.054216,204,-0.14667,2025,-0.2833,0.16667,-0.11915,-0.12956,True,False,20:-0.286(8.0) 21:-0.016(74.0) 22:-0.152(39.0) 23:+0.080(21.0) 24:-0.010(40.0) 25:-0.283(98.0) 26:-0.027(66.0),2020-12-16,2026-10-08,,188,-0.097108,158,-0.12255,0,,-37.619,167.58,-7.6987,69.999,-29.92,97.583,-41.224
dt,N25.cash,index,False,eu_cash,M30,30,k=0.3,0.3,False,False,M5,924,602,0.65152,-0.065058,-2.7431,0.4402,0.018072,0.08313,217,-0.040973,385,-0.078633,2023,-0.14782,0.16667,-0.082716,-0.10037,True,False,20:+0.050(1.0) 21:-0.033(116.0) 22:+0.029(55.0) 23:-0.148(45.0) 24:-0.039(88.0) 25:-0.148(160.0) 26:-0.023(137.0),2020-12-21,2026-10-08,0.0016611,,,,,,,-39.165,206.06,-8.8911,74.136,-30.274,131.92,-49.795
dt,N25.cash,index,False,eu_cash,M30,30,k=0.5,0.5,False,False,M5,924,276,0.2987,-0.046248,-2.106,0.3913,0.0051593,0.051408,99,-0.044553,177,-0.047197,2023,-0.10673,0,-0.053226,-0.060203,True,False,20:-0.170(1.0) 21:-0.032(52.0) 22:-0.009(24.0) 23:-0.107(22.0) 24:-0.031(39.0) 25:-0.092(70.0) 26:-0.011(68.0),2020-12-21,2026-10-08,0,,,,,,,-12.765,37.195,-4.4107,14.656,-8.3538,22.539,-14.69
dt,N25.cash,index,False,eu_cash,M30,30,k=0.7,0.7,False,False,M5,924,120,0.12987,-0.035956,-1.3126,0.38333,0.0041476,0.040103,40,-0.017667,80,-0.0451,2025,-0.095992,0.25,-0.040236,-0.044516,True,False,20:-0.264(1.0) 21:-0.022(23.0) 22:+0.031(9.0) 23:-0.030(7.0) 24:+0.060(17.0) 25:-0.096(32.0) 26:-0.050(31.0),2020-12-21,2026-10-01,0,,,,,,,-4.3147,10.871,-0.70667,4.2911,-3.608,6.5794,-4.8283
rb,N25.cash,index,False,eu_cash,M30,30,RB,0,False,False,M5,924,343,0.37121,-0.10126,-2.751,0.40816,0.009797,0.11106,142,-0.064666,201,-0.12712,2025,-0.271,0.33333,-0.11607,-0.13088,True,False,20:-0.286(8.0) 21:-0.037(74.0) 22:-0.150(39.0) 23:+0.080(21.0) 24:-0.010(40.0) 25:-0.271(96.0) 26:+0.013(65.0),2020-12-16,2026-10-08,,188,-0.09583,155,-0.10785,0,,-34.733,162.46,-9.1826,70.48,-25.551,91.983,-39.813
dt,N25.cash,index,False,eu_cash,H1,60,k=0.3,0.3,False,True,M5,924,591,0.63961,-0.070294,-3.0138,0.43147,0.013255,0.083548,212,-0.047017,379,-0.083314,2025,-0.16777,0.16667,-0.083899,-0.097504,True,False,20:+0.180(1.0) 21:-0.040(113.0) 22:+0.001(55.0) 23:-0.132(43.0) 24:-0.047(85.0) 25:-0.168(157.0) 26:-0.009(137.0),2020-12-21,2026-10-08,0.0033841,,,,,,,-41.544,192.61,-9.9676,70.76,-31.576,121.85,-49.584
dt,N25.cash,index,False,eu_cash,H1,60,k=0.5,0.5,False,True,M5,924,260,0.28139,-0.051247,-2.278,0.38846,0.0011934,0.05244,93,-0.048872,167,-0.052569,2025,-0.10726,0.16667,-0.054476,-0.057705,True,False,20:-0.092(1.0) 21:-0.047(49.0) 22:-0.026(22.0) 23:-0.074(21.0) 24:-0.062(38.0) 25:-0.107(65.0) 26:+0.009(64.0),2020-12-21,2026-10-08,0,,,,,,,-13.324,34.764,-4.5451,14.092,-8.7791,20.672,-14.164
dt,N25.cash,index,False,eu_cash,H1,60,k=0.7,0.7,False,True,M5,924,108,0.11688,-0.041603,-1.4382,0.43519,-0.0014999,0.040103,39,-0.027513,69,-0.049566,2025,-0.10678,0,-0.039686,-0.03777,False,False,20:-0.209(1.0) 21:-0.027(22.0) 22:+0.004(9.0) 23:-0.045(7.0) 24:-0.004(14.0) 25:-0.107(28.0) 26:-0.014(27.0),2020-12-21,2026-10-01,0,,,,,,,-4.4931,9.857,-1.073,4.1174,-3.4201,5.7396,-4.2861
rb,N25.cash,index,False,eu_cash,H1,60,RB,0,False,True,M5,924,323,0.34957,-0.13771,-3.8099,0.40557,-0.028362,0.10935,136,-0.087707,187,-0.17407,2025,-0.31304,0,-0.12476,-0.11182,False,False,20:-0.300(8.0) 21:-0.085(73.0) 22:-0.083(36.0) 23:-0.018(19.0) 24:-0.082(35.0) 25:-0.313(93.0) 26:-0.010(59.0),2020-12-16,2026-10-08,,178,-0.12064,145,-0.15866,0,,-44.48,142,-11.928,59.82,-32.552,82.184,-40.299
dt,NATGAS.cash,energy,False,nymex,M5,5,k=0.3,0.3,False,False,M5,501,282,0.56287,-0.50657,-14.7,0.14184,0.026554,0.53312,0,,282,-0.50657,2026,-0.76635,0,-0.52997,-0.55337,True,False,24:-0.434(26.0) 25:-0.330(148.0) 26:-0.766(108.0),2024-10-31,2026-10-08,0,,,,,,,-142.85,166.46,0,0,-142.85,166.46,-149.45
dt,NATGAS.cash,energy,False,nymex,M5,5,k=0.5,0.5,False,False,M5,501,113,0.22555,-0.34315,-9.6873,0.15044,0.0081936,0.35134,0,,113,-0.34315,2026,-0.49786,0,-0.35083,-0.35851,True,False,24:-0.455(11.0) 25:-0.183(54.0) 26:-0.498(48.0),2024-11-04,2026-10-08,0,,,,,,,-38.776,29.186,0,0,-38.776,29.186,-39.644
dt,NATGAS.cash,energy,False,nymex,M5,5,k=0.7,0.7,False,False,M5,501,43,0.085828,-0.28167,-5.86,0.2093,0.012301,0.29398,0,,43,-0.28167,2026,-0.38738,0,-0.29398,-0.30628,True,False,24:-0.376(3.0) 25:-0.122(17.0) 26:-0.387(23.0),2024-11-04,2026-09-24,0,,,,,,,-12.112,7.5843,0,0,-12.112,7.5843,-12.641
rb,NATGAS.cash,energy,False,nymex,M5,5,RB,0,False,False,M5,501,223,0.44511,-0.59265,-11.495,0.17489,0.063762,0.65641,0,,223,-0.59265,2026,-0.92088,0,-0.65767,-0.72268,True,False,24:-0.399(28.0) 25:-0.373(107.0) 26:-0.921(88.0),2024-10-24,2026-10-07,,145,-0.40223,78,-0.94664,0,,-132.16,209.92,0,0,-132.16,209.92,-146.66
dt,NATGAS.cash,energy,False,nymex,M15,15,k=0.3,0.3,False,False,M5,501,282,0.56287,-0.50686,-14.706,0.14184,0.026554,0.53341,0,,282,-0.50686,2026,-0.7666,0,-0.53026,-0.55367,True,False,24:-0.434(26.0) 25:-0.330(148.0) 26:-0.767(108.0),2024-10-31,2026-10-08,0,,,,,,,-142.93,166.59,0,0,-142.93,166.59,-149.53
dt,NATGAS.cash,energy,False,nymex,M15,15,k=0.5,0.5,False,False,M5,501,113,0.22555,-0.34332,-9.6899,0.15044,0.0082587,0.35157,0,,113,-0.34332,2026,-0.49796,0,-0.35106,-0.35881,True,False,24:-0.455(11.0) 25:-0.183(54.0) 26:-0.498(48.0),2024-11-04,2026-10-08,0,,,,,,,-38.795,29.206,0,0,-38.795,29.206,-39.67
dt,NATGAS.cash,energy,False,nymex,M15,15,k=0.7,0.7,False,False,M5,501,43,0.085828,-0.2816,-5.8496,0.2093,0.012327,0.29393,0,,43,-0.2816,2026,-0.38719,0,-0.29393,-0.30626,True,False,24:-0.376(3.0) 25:-0.122(17.0) 26:-0.387(23.0),2024-11-04,2026-09-24,0,,,,,,,-12.109,7.5953,0,0,-12.109,7.5953,-12.639
rb,NATGAS.cash,energy,False,nymex,M15,15,RB,0,False,False,M5,501,222,0.44311,-0.59425,-11.544,0.17568,0.061169,0.65542,0,,222,-0.59425,2026,-0.91766,0,-0.65641,-0.71856,True,False,24:-0.399(28.0) 25:-0.377(106.0) 26:-0.918(88.0),2024-10-24,2026-10-07,,144,-0.40521,78,-0.94325,0,,-131.92,208.41,0,0,-131.92,208.41,-145.72
dt,NATGAS.cash,energy,False,nymex,M30,30,k=0.3,0.3,False,False,M5,501,282,0.56287,-0.50622,-14.695,0.14539,0.026554,0.53277,0,,282,-0.50622,2026,-0.76531,0,-0.52962,-0.55302,True,False,24:-0.434(26.0) 25:-0.330(148.0) 26:-0.765(108.0),2024-10-31,2026-10-08,0,,,,,,,-142.75,166.3,0,0,-142.75,166.3,-149.35
dt,NATGAS.cash,energy,False,nymex,M30,30,k=0.5,0.5,False,False,M5,501,113,0.22555,-0.34293,-9.6867,0.15044,0.0082587,0.35119,0,,113,-0.34293,2026,-0.49737,0,-0.35068,-0.35842,True,False,24:-0.454(11.0) 25:-0.183(54.0) 26:-0.497(48.0),2024-11-04,2026-10-08,0,,,,,,,-38.751,29.151,0,0,-38.751,29.151,-39.626
dt,NATGAS.cash,energy,False,nymex,M30,30,k=0.7,0.7,False,False,M5,501,43,0.085828,-0.28167,-5.852,0.2093,0.012327,0.294,0,,43,-0.28167,2026,-0.38731,0,-0.294,-0.30633,True,False,24:-0.376(3.0) 25:-0.122(17.0) 26:-0.387(23.0),2024-11-04,2026-09-24,0,,,,,,,-12.112,7.5956,0,0,-12.112,7.5956,-12.642
rb,NATGAS.cash,energy,False,nymex,M30,30,RB,0,False,False,M5,501,222,0.44311,-0.61457,-11.573,0.17117,0.037683,0.65225,0,,222,-0.61457,2026,-0.96547,0,-0.6549,-0.69524,True,False,24:-0.398(28.0) 25:-0.380(106.0) 26:-0.965(88.0),2024-10-24,2026-10-07,,144,-0.4185,78,-0.97653,0,,-136.43,222.19,0,0,-136.43,222.19,-145.39
dt,NATGAS.cash,energy,False,nymex,H1,60,k=0.3,0.3,False,True,M5,501,270,0.53892,-0.47639,-13.759,0.14815,0.057203,0.53359,0,,270,-0.47639,2026,-0.73381,0,-0.53004,-0.58369,True,False,24:-0.419(26.0) 25:-0.296(140.0) 26:-0.734(104.0),2024-10-31,2026-10-08,0.0074074,,,,,,,-128.62,148.34,0,0,-128.62,148.34,-143.11
dt,NATGAS.cash,energy,False,nymex,H1,60,k=0.5,0.5,False,True,M5,501,98,0.19561,-0.30956,-8.1991,0.16327,0.057214,0.36677,0,,98,-0.30956,2026,-0.47545,0,-0.36562,-0.42168,True,False,24:-0.399(10.0) 25:-0.139(46.0) 26:-0.475(42.0),2024-11-04,2026-10-08,0,,,,,,,-30.337,22.941,0,0,-30.337,22.941,-35.83
dt,NATGAS.cash,energy,False,nymex,H1,60,k=0.7,0.7,False,True,M5,501,39,0.077844,-0.26389,-5.3864,0.17949,0.031861,0.29575,0,,39,-0.26389,2026,-0.37816,0,-0.29575,-0.32762,True,False,24:-0.413(3.0) 25:-0.093(16.0) 26:-0.378(20.0),2024-11-04,2026-09-24,0,,,,,,,-10.292,6.2732,0,0,-10.292,6.2732,-11.534
rb,NATGAS.cash,energy,False,nymex,H1,60,RB,0,False,True,M5,501,203,0.40519,-0.60209,-11.244,0.15764,0.025552,0.62764,0,,203,-0.60209,2026,-0.88538,0,-0.62725,-0.65242,True,False,24:-0.444(27.0) 25:-0.400(94.0) 26:-0.885(82.0),2024-10-24,2026-10-07,,136,-0.41275,67,-0.98641,0,,-122.22,191.17,0,0,-122.22,191.17,-127.33
dt,NFLX,stock,False,us_cash,M5,5,k=0.3,0.3,False,False,M5,1285,883,0.68716,-0.015569,-0.78187,0.46659,0.015827,0.031395,407,0.035531,476,-0.059261,2026,-0.085792,0.33333,-0.028079,-0.040589,True,False,21:+0.023(71.0) 22:+0.082(159.0) 23:-0.002(177.0) 24:-0.063(176.0) 25:-0.036(171.0) 26:-0.086(129.0),2021-08-10,2026-10-08,0.002265,,,,,,,-13.747,309,14.461,151.31,-28.208,157.69,-24.794
dt,NFLX,stock,False,us_cash,M5,5,k=0.5,0.5,False,False,M5,1285,412,0.32062,-0.0087061,-0.47176,0.44903,0.0092698,0.017976,194,0.040418,218,-0.052422,2024,-0.082461,0.5,-0.022393,-0.036079,True,False,21:+0.044(37.0) 22:+0.069(73.0) 23:+0.014(84.0) 24:-0.082(87.0) 25:-0.053(73.0) 26:-0.006(58.0),2021-08-13,2026-10-01,0,,,,,,,-3.5869,57.702,7.8411,27.124,-11.428,30.578,-9.2258
dt,NFLX,stock,False,us_cash,M5,5,k=0.7,0.7,False,False,M5,1285,201,0.15642,-0.0087313,-0.46726,0.45771,0.004732,0.013463,100,0.022773,101,-0.039923,2024,-0.067075,0.5,-0.013709,-0.018687,True,False,21:-0.001(24.0) 22:+0.033(37.0) 23:+0.028(39.0) 24:-0.067(43.0) 25:-0.052(32.0) 26:+0.020(26.0),2021-08-13,2026-09-28,0,,,,,,,-1.755,14.052,2.2773,6.8634,-4.0323,7.1886,-2.7556
rb,NFLX,stock,False,us_cash,M5,5,RB,0,False,False,M5,1285,438,0.34086,-0.049398,-1.4949,0.4589,-0.00060287,0.048795,174,0.012383,264,-0.090117,2026,-0.17046,0.33333,-0.058962,-0.068527,True,False,21:+0.097(29.0) 22:+0.008(67.0) 23:-0.015(78.0) 24:-0.058(99.0) 25:-0.056(88.0) 26:-0.170(77.0),2021-08-03,2026-10-06,,237,-0.019548,201,-0.084594,0,,-21.636,210.06,2.1546,84.061,-23.791,126,-25.825
dt,NFLX,stock,False,us_cash,M15,15,k=0.3,0.3,False,False,M5,1285,882,0.68638,-0.015601,-0.78512,0.46372,0.016189,0.031791,407,0.035002,475,-0.058961,2026,-0.088828,0.33333,-0.028745,-0.041889,True,False,21:+0.025(71.0) 22:+0.082(159.0) 23:-0.003(177.0) 24:-0.059(175.0) 25:-0.036(171.0) 26:-0.089(129.0),2021-08-10,2026-10-08,0.0079365,,,,,,,-13.76,307.05,14.246,151.38,-28.006,155.67,-25.353
dt,NFLX,stock,False,us_cash,M15,15,k=0.5,0.5,False,False,M5,1285,412,0.32062,-0.009379,-0.50814,0.44903,0.0092698,0.018649,194,0.039624,218,-0.052987,2024,-0.083586,0.5,-0.023065,-0.036752,True,False,21:+0.043(37.0) 22:+0.069(73.0) 23:+0.013(84.0) 24:-0.084(87.0) 25:-0.054(73.0) 26:-0.006(58.0),2021-08-13,2026-10-01,0,,,,,,,-3.8641,57.723,7.687,27.14,-11.551,30.583,-9.503
dt,NFLX,stock,False,us_cash,M15,15,k=0.7,0.7,False,False,M5,1285,201,0.15642,-0.0089352,-0.4779,0.45771,0.004732,0.013667,100,0.022453,101,-0.040012,2024,-0.06679,0.5,-0.013913,-0.018891,True,False,21:-0.002(24.0) 22:+0.033(37.0) 23:+0.027(39.0) 24:-0.067(43.0) 25:-0.053(32.0) 26:+0.020(26.0),2021-08-13,2026-09-28,0,,,,,,,-1.796,14.068,2.2453,6.8785,-4.0412,7.1899,-2.7966
rb,NFLX,stock,False,us_cash,M15,15,RB,0,False,False,M5,1285,437,0.34008,-0.060737,-1.8889,0.45538,-0.012132,0.048605,174,-0.0010984,263,-0.10019,2026,-0.17158,0.16667,-0.059372,-0.058007,False,False,21:+0.108(29.0) 22:-0.003(67.0) 23:-0.040(78.0) 24:-0.071(99.0) 25:-0.070(87.0) 26:-0.172(77.0),2021-08-03,2026-10-06,,237,-0.023918,200,-0.10437,0,,-26.542,198.62,-0.19112,78.342,-26.351,120.28,-25.946
dt,NFLX,stock,False,us_cash,M30,30,k=0.3,0.3,False,False,M5,1285,880,0.68482,-0.01337,-0.6758,0.46364,0.018172,0.031542,407,0.03529,473,-0.055241,2026,-0.079443,0.33333,-0.029024,-0.044678,True,False,21:+0.025(71.0) 22:+0.082(159.0) 23:-0.002(177.0) 24:-0.062(175.0) 25:-0.030(170.0) 26:-0.079(128.0),2021-08-10,2026-10-08,0.019318,,,,,,,-11.766,302.93,14.363,151.09,-26.129,151.84,-25.541
dt,NFLX,stock,False,us_cash,M30,30,k=0.5,0.5,False,False,M5,1285,412,0.32062,-0.0097324,-0.52698,0.44903,0.0092698,0.019002,194,0.039364,218,-0.053423,2024,-0.08415,0.5,-0.023419,-0.037105,True,False,21:+0.043(37.0) 22:+0.069(73.0) 23:+0.012(84.0) 24:-0.084(87.0) 25:-0.054(73.0) 26:-0.006(58.0),2021-08-13,2026-10-01,0,,,,,,,-4.0097,57.795,7.6366,27.155,-11.646,30.64,-9.6486
dt,NFLX,stock,False,us_cash,M30,30,k=0.7,0.7,False,False,M5,1285,201,0.15642,-0.0091847,-0.49122,0.45771,0.004732,0.013917,100,0.022182,101,-0.040241,2024,-0.067344,0.5,-0.014163,-0.019141,True,False,21:-0.002(24.0) 22:+0.032(37.0) 23:+0.027(39.0) 24:-0.067(43.0) 25:-0.053(32.0) 26:+0.020(26.0),2021-08-13,2026-09-28,0,,,,,,,-1.8461,14.071,2.2182,6.8794,-4.0644,7.1918,-2.8467
rb,NFLX,stock,False,us_cash,M30,30,RB,0,False,False,M5,1285,427,0.3323,-0.049955,-1.637,0.46838,-0.0039367,0.046018,173,0.01581,254,-0.094748,2026,-0.14756,0.33333,-0.055214,-0.060472,True,False,21:+0.158(29.0) 22:+0.019(67.0) 23:-0.041(77.0) 24:-0.062(95.0) 25:-0.084(83.0) 26:-0.148(76.0),2021-08-03,2026-10-06,,236,-0.021995,191,-0.084502,0,,-21.331,170.47,2.7352,73.227,-24.066,97.238,-23.576
dt,NFLX,stock,False,us_cash,H1,60,k=0.3,0.3,False,True,M5,1285,851,0.66226,-0.0013238,-0.066614,0.48296,0.03009,0.031414,395,0.05196,456,-0.047479,2026,-0.10091,0.33333,-0.027695,-0.054066,True,False,21:+0.062(69.0) 22:+0.108(152.0) 23:-0.001(174.0) 24:-0.028(172.0) 25:-0.028(163.0) 26:-0.101(121.0),2021-08-10,2026-10-08,0.031727,,,,,,,-1.1266,285.68,20.524,144.64,-21.651,141.04,-23.568
dt,NFLX,stock,False,us_cash,H1,60,k=0.5,0.5,False,True,M5,1285,398,0.30973,-0.00046933,-0.025191,0.46734,0.019161,0.01963,186,0.050252,212,-0.04497,2025,-0.054687,0.5,-0.022977,-0.045485,True,False,21:+0.074(36.0) 22:+0.085(71.0) 23:+0.009(79.0) 24:-0.051(86.0) 25:-0.055(68.0) 26:-0.024(58.0),2021-08-13,2026-10-01,0.0075377,,,,,,,-0.18679,54.846,9.3469,26.472,-9.5337,28.374,-9.145
dt,NFLX,stock,False,us_cash,H1,60,k=0.7,0.7,False,True,M5,1285,187,0.14553,0.0030696,0.15808,0.4385,0.01697,0.0139,91,0.036908,96,-0.029007,2025,-0.062247,0.66667,-0.013577,-0.030224,True,False,21:+0.045(22.0) 22:+0.046(34.0) 23:+0.023(35.0) 24:-0.027(42.0) 25:-0.062(31.0) 26:+0.013(23.0),2021-08-13,2026-09-28,0,,,,,,,0.57402,13.117,3.3586,7.1077,-2.7846,6.0092,-2.5389
rb,NFLX,stock,False,us_cash,H1,60,RB,0,False,True,M5,1285,402,0.31284,-0.046163,-1.5437,0.48756,-0.0019648,0.044198,162,-0.002599,240,-0.075568,2026,-0.11387,0.16667,-0.043887,-0.041612,False,False,21:+0.102(27.0) 22:-0.001(64.0) 23:-0.044(71.0) 24:-0.078(88.0) 25:-0.040(81.0) 26:-0.114(71.0),2021-08-03,2026-10-01,,226,-0.024943,176,-0.073411,0,,-18.557,145.02,-0.42104,64.236,-18.136,80.781,-17.643
dt,NKE,stock,True,us_cash,M5,5,k=0.3,0.3,False,False,M5,1370,831,0.60657,0.015591,0.83011,0.52347,0.031992,0.016402,436,-0.001624,395,0.034593,2020,-0.087987,0.42857,-0.01616,-0.04791,True,False,20:-0.088(27.0) 21:-0.003(128.0) 22:+0.080(133.0) 23:-0.058(148.0) 24:+0.115(131.0) 25:+0.033(136.0) 26:-0.046(128.0),2020-11-09,2026-10-08,0.0024067,,,,,,,12.956,243.5,-0.70807,125.44,13.664,118.06,-13.429
dt,NKE,stock,True,us_cash,M5,5,k=0.5,0.5,False,False,M5,1370,364,0.26569,0.0026839,0.14737,0.51374,0.015264,0.01258,179,0.0047226,185,0.00071134,2020,-0.13193,0.57143,-0.012387,-0.027457,True,False,20:-0.132(12.0) 21:-0.037(61.0) 22:+0.066(56.0) 23:+0.020(50.0) 24:+0.042(61.0) 25:+0.028(60.0) 26:-0.064(64.0),2020-11-09,2026-10-02,0,,,,,,,0.97695,43.826,0.84535,21.623,0.1316,22.203,-4.5088
dt,NKE,stock,True,us_cash,M5,5,k=0.7,0.7,False,False,M5,1370,170,0.12409,-0.022601,-1.0869,0.48824,-0.014214,0.0083876,81,-0.019378,89,-0.025535,2025,-0.047964,0.16667,-0.0086677,0.0052658,False,False,20:-0.127(6.0) 21:-0.041(25.0) 22:-0.007(29.0) 23:+0.020(21.0) 24:-0.008(34.0) 25:-0.048(32.0) 26:-0.020(23.0),2020-11-09,2026-09-28,0,,,,,,,-3.8422,12.511,-1.5696,6.0342,-2.2726,6.4764,-1.4735
rb,NKE,stock,True,us_cash,M5,5,RB,0,False,False,M5,1370,534,0.38978,-0.013005,-0.4594,0.47753,0.0045979,0.017603,289,-0.041864,245,0.021036,2020,-0.1037,0.42857,-0.013918,-0.01483,True,False,20:-0.104(11.0) 21:-0.066(78.0) 22:+0.024(103.0) 23:-0.085(97.0) 24:+0.008(88.0) 25:+0.107(95.0) 26:-0.092(62.0),2020-11-04,2026-10-02,,309,-0.0016969,225,-0.028535,0,,-6.9448,228.19,-12.099,103.76,5.1537,124.43,-7.432
dt,NKE,stock,True,us_cash,M15,15,k=0.3,0.3,False,False,M5,1370,830,0.60584,0.016573,0.88213,0.5241,0.033051,0.016478,436,-0.0014568,394,0.036524,2020,-0.087987,0.42857,-0.016187,-0.048946,True,False,20:-0.088(27.0) 21:-0.002(128.0) 22:+0.080(133.0) 23:-0.059(148.0) 24:+0.115(131.0) 25:+0.033(136.0) 26:-0.041(127.0),2020-11-09,2026-10-08,0.0048193,,,,,,,13.755,243.08,-0.63514,125.65,14.39,117.43,-13.435
dt,NKE,stock,True,us_cash,M15,15,k=0.5,0.5,False,False,M5,1370,364,0.26569,0.0028714,0.15769,0.51374,0.015397,0.012525,179,0.0049802,185,0.00083099,2020,-0.13193,0.57143,-0.012332,-0.027536,True,False,20:-0.132(12.0) 21:-0.036(61.0) 22:+0.066(56.0) 23:+0.020(50.0) 24:+0.042(61.0) 25:+0.028(60.0) 26:-0.064(64.0),2020-11-09,2026-10-02,0,,,,,,,1.0452,43.817,0.89145,21.622,0.15373,22.195,-4.489
dt,NKE,stock,True,us_cash,M15,15,k=0.7,0.7,False,False,M5,1370,170,0.12409,-0.022719,-1.0928,0.48824,-0.014209,0.0085098,81,-0.019378,89,-0.025759,2025,-0.047939,0.16667,-0.0087899,0.0051387,False,False,20:-0.127(6.0) 21:-0.041(25.0) 22:-0.007(29.0) 23:+0.020(21.0) 24:-0.008(34.0) 25:-0.048(32.0) 26:-0.021(23.0),2020-11-09,2026-09-28,0,,,,,,,-3.8622,12.506,-1.5696,6.0342,-2.2926,6.4713,-1.4943
rb,NKE,stock,True,us_cash,M15,15,RB,0,False,False,M5,1370,533,0.38905,-0.021479,-0.79101,0.47655,-0.0041169,0.017363,288,-0.046146,245,0.0075168,2026,-0.13446,0.42857,-0.018945,-0.016411,False,False,20:-0.104(11.0) 21:-0.064(78.0) 22:+0.017(102.0) 23:-0.091(97.0) 24:+0.001(88.0) 25:+0.107(95.0) 26:-0.134(62.0),2020-11-04,2026-10-02,,308,1.7537e-06,225,-0.050885,0,,-11.449,209.33,-13.29,97.369,1.8416,111.96,-10.098
dt,NKE,stock,True,us_cash,M30,30,k=0.3,0.3,False,False,M5,1370,828,0.60438,0.018036,0.96585,0.52536,0.034522,0.016487,434,0.0034647,394,0.034086,2020,-0.087987,0.42857,-0.016654,-0.051343,True,False,20:-0.088(27.0) 21:-0.001(128.0) 22:+0.080(133.0) 23:-0.045(146.0) 24:+0.113(131.0) 25:+0.033(136.0) 26:-0.045(127.0),2020-11-09,2026-10-08,0.0096618,,,,,,,14.934,239.04,1.5037,123.41,13.43,115.64,-13.789
dt,NKE,stock,True,us_cash,M30,30,k=0.5,0.5,False,False,M5,1370,364,0.26569,0.0028922,0.15884,0.51374,0.015407,0.012515,179,0.0050007,185,0.00085204,2020,-0.13193,0.57143,-0.012322,-0.027536,True,False,20:-0.132(12.0) 21:-0.036(61.0) 22:+0.066(56.0) 23:+0.020(50.0) 24:+0.042(61.0) 25:+0.028(60.0) 26:-0.063(64.0),2020-11-09,2026-10-02,0,,,,,,,1.0528,43.81,0.89513,21.623,0.15763,22.188,-4.4851
dt,NKE,stock,True,us_cash,M30,30,k=0.7,0.7,False,False,M5,1370,170,0.12409,-0.022749,-1.0943,0.48824,-0.014209,0.0085404,81,-0.019378,89,-0.025817,2025,-0.047939,0.16667,-0.0088205,0.0051081,False,False,20:-0.127(6.0) 21:-0.041(25.0) 22:-0.007(29.0) 23:+0.020(21.0) 24:-0.008(34.0) 25:-0.048(32.0) 26:-0.021(23.0),2020-11-09,2026-09-28,0,,,,,,,-3.8673,12.504,-1.5696,6.0342,-2.2978,6.4702,-1.4995
rb,NKE,stock,True,us_cash,M30,30,RB,0,False,False,M5,1370,528,0.3854,-0.0093273,-0.34707,0.48295,0.0073174,0.016645,284,-0.031472,244,0.016448,2020,-0.15242,0.42857,-0.015198,-0.021069,True,False,20:-0.152(11.0) 21:-0.059(77.0) 22:+0.013(101.0) 23:-0.042(95.0) 24:+0.005(88.0) 25:+0.120(95.0) 26:-0.129(61.0),2020-11-04,2026-10-02,,308,0.0017426,219,-0.020318,1,-1.0118,-4.9248,201.02,-8.9381,93.605,4.0133,107.41,-8.0247
dt,NKE,stock,True,us_cash,H1,60,k=0.3,0.3,False,True,M5,1370,791,0.57737,0.018836,1.0039,0.50569,0.035364,0.016528,414,0.010704,377,0.027767,2020,-0.15651,0.57143,-0.015196,-0.049227,True,False,20:-0.157(26.0) 21:+0.031(122.0) 22:+0.070(123.0) 23:-0.028(143.0) 24:+0.083(126.0) 25:+0.064(130.0) 26:-0.068(121.0),2020-11-09,2026-10-08,0.015171,,,,,,,14.899,220.26,4.4314,118.51,10.468,101.75,-12.02
dt,NKE,stock,True,us_cash,H1,60,k=0.5,0.5,False,True,M5,1370,341,0.24891,0.0070832,0.38343,0.50733,0.019404,0.012321,166,0.017753,175,-0.0030382,2020,-0.18482,0.57143,-0.012242,-0.031567,True,False,20:-0.185(10.0) 21:-0.017(59.0) 22:+0.066(48.0) 23:+0.054(49.0) 24:+0.020(57.0) 25:+0.045(59.0) 26:-0.073(59.0),2020-11-09,2026-10-02,0.0058651,,,,,,,2.4154,39.583,2.9471,20.812,-0.53169,18.771,-4.1744
dt,NKE,stock,True,us_cash,H1,60,k=0.7,0.7,False,True,M5,1370,151,0.11022,-0.012034,-0.55923,0.47682,-0.002583,0.0094514,74,0.0016106,77,-0.025148,2026,-0.042775,0.5,-0.010366,-0.0086985,False,False,20:-0.178(5.0) 21:-0.002(24.0) 22:+0.008(26.0) 23:+0.044(19.0) 24:+0.002(28.0) 25:-0.039(26.0) 26:-0.043(23.0),2020-12-03,2026-09-28,0.0066225,,,,,,,-1.8172,10.511,0.11918,5.5309,-1.9364,4.9799,-1.5653
rb,NKE,stock,True,us_cash,H1,60,RB,0,False,True,M5,1370,485,0.35401,-0.00794,-0.30622,0.50928,0.0070528,0.014993,265,-0.023492,220,0.010794,2020,-0.21403,0.28571,-0.01413,-0.02032,True,False,20:-0.214(10.0) 21:-0.034(75.0) 22:-0.039(94.0) 23:+0.025(86.0) 24:-0.017(82.0) 25:+0.124(87.0) 26:-0.138(51.0),2020-11-04,2026-10-02,,290,0.0038801,194,-0.020488,1,-1.0014,-3.8509,157.85,-6.2255,76.639,2.3746,81.214,-6.853
dt,NVDA,stock,False,us_cash,M5,5,k=0.3,0.3,False,False,M5,1284,800,0.62305,0.030096,1.5978,0.53375,0.040518,0.010422,374,0.08056,426,-0.014208,2025,-0.046916,0.66667,-0.017257,-0.064611,True,False,21:+0.050(67.0) 22:+0.112(148.0) 23:+0.064(159.0) 24:+0.037(155.0) 25:-0.047(148.0) 26:-0.040(123.0),2021-08-10,2026-10-08,0.00125,,,,,,,24.077,227.51,30.129,107.65,-6.0524,119.86,-13.806
dt,NVDA,stock,False,us_cash,M5,5,k=0.5,0.5,False,False,M5,1284,365,0.28427,0.0038538,0.22139,0.51233,0.010735,0.0068807,177,0.023839,188,-0.014962,2026,-0.083252,0.5,-0.0077431,-0.01934,True,False,21:-0.032(30.0) 22:+0.059(71.0) 23:+0.013(76.0) 24:+0.062(66.0) 25:-0.031(63.0) 26:-0.083(59.0),2021-08-10,2026-10-08,0,,,,,,,1.4067,40.264,4.2195,20.901,-2.8128,19.363,-2.8262
dt,NVDA,stock,False,us_cash,M5,5,k=0.7,0.7,False,False,M5,1284,162,0.12617,-0.0017946,-0.099043,0.54321,0.0026744,0.004469,89,0.00042272,73,-0.0044979,2025,-0.04855,0.5,-0.0056662,-0.0095377,True,False,21:+0.007(16.0) 22:-0.008(39.0) 23:+0.007(34.0) 24:+0.046(31.0) 25:-0.049(24.0) 26:-0.033(18.0),2021-08-16,2026-08-27,0,,,,,,,-0.29072,8.5635,0.037622,3.7864,-0.32835,4.7771,-0.91792
rb,NVDA,stock,False,us_cash,M5,5,RB,0,False,False,M5,1284,511,0.39798,-0.0051854,-0.18476,0.48728,0.010856,0.016041,200,-0.022196,311,0.0057538,2023,-0.090738,0.5,-0.02182,-0.038454,True,False,21:+0.207(31.0) 22:-0.035(80.0) 23:-0.091(89.0) 24:+0.066(106.0) 25:+0.005(120.0) 26:-0.068(85.0),2021-08-05,2026-10-08,,284,0.013528,227,-0.028598,0,,-2.6497,205.29,-4.4391,75.975,1.7894,129.32,-11.15
dt,NVDA,stock,False,us_cash,M15,15,k=0.3,0.3,False,False,M5,1284,800,0.62305,0.029392,1.5596,0.53375,0.039807,0.010415,374,0.078915,426,-0.014086,2025,-0.04652,0.66667,-0.017065,-0.063523,True,False,21:+0.041(67.0) 22:+0.112(148.0) 23:+0.064(159.0) 24:+0.037(155.0) 25:-0.047(148.0) 26:-0.040(123.0),2021-08-10,2026-10-08,0.0025,,,,,,,23.514,227.71,29.514,107.89,-6.0004,119.82,-13.652
dt,NVDA,stock,False,us_cash,M15,15,k=0.5,0.5,False,False,M5,1284,365,0.28427,0.0038748,0.22259,0.51233,0.010735,0.0068597,177,0.023839,188,-0.014921,2026,-0.083269,0.5,-0.0077222,-0.019319,True,False,21:-0.032(30.0) 22:+0.059(71.0) 23:+0.013(76.0) 24:+0.062(66.0) 25:-0.031(63.0) 26:-0.083(59.0),2021-08-10,2026-10-08,0.0027397,,,,,,,1.4143,40.266,4.2195,20.901,-2.8052,19.365,-2.8186
dt,NVDA,stock,False,us_cash,M15,15,k=0.7,0.7,False,False,M5,1284,162,0.12617,-0.001799,-0.09929,0.54321,0.0026744,0.0044733,89,0.00042272,73,-0.0045076,2025,-0.048566,0.5,-0.0056705,-0.0095421,True,False,21:+0.007(16.0) 22:-0.008(39.0) 23:+0.007(34.0) 24:+0.046(31.0) 25:-0.049(24.0) 26:-0.033(18.0),2021-08-16,2026-08-27,0,,,,,,,-0.29143,8.5627,0.037622,3.7864,-0.32906,4.7763,-0.91863
rb,NVDA,stock,False,us_cash,M15,15,RB,0,False,False,M5,1284,510,0.3972,-0.0065018,-0.23441,0.48824,0.0093927,0.015894,199,-0.0068174,311,-0.0062997,2026,-0.09027,0.33333,-0.020148,-0.033794,True,False,21:+0.162(31.0) 22:-0.016(79.0) 23:-0.058(89.0) 24:+0.065(106.0) 25:-0.010(120.0) 26:-0.090(85.0),2021-08-05,2026-10-08,,284,0.011199,226,-0.028745,0,,-3.3159,199.73,-1.3567,72.195,-1.9592,127.54,-10.275
dt,NVDA,stock,False,us_cash,M30,30,k=0.3,0.3,False,False,M5,1284,800,0.62305,0.028811,1.5276,0.53375,0.039233,0.010422,374,0.07793,426,-0.014313,2025,-0.046496,0.66667,-0.017072,-0.062955,True,False,21:+0.035(67.0) 22:+0.112(148.0) 23:+0.064(159.0) 24:+0.037(155.0) 25:-0.046(148.0) 26:-0.041(123.0),2021-08-10,2026-10-08,0.00625,,,,,,,23.049,228.02,29.146,108.14,-6.0973,119.89,-13.658
dt,NVDA,stock,False,us_cash,M30,30,k=0.5,0.5,False,False,M5,1284,365,0.28427,0.003774,0.21657,0.51233,0.010625,0.0068509,177,0.023613,188,-0.014904,2026,-0.083281,0.5,-0.0077133,-0.019201,True,False,21:-0.034(30.0) 22:+0.059(71.0) 23:+0.013(76.0) 24:+0.062(66.0) 25:-0.031(63.0) 26:-0.083(59.0),2021-08-10,2026-10-08,0.0027397,,,,,,,1.3775,40.351,4.1795,20.983,-2.802,19.368,-2.8154
dt,NVDA,stock,False,us_cash,M30,30,k=0.7,0.7,False,False,M5,1284,162,0.12617,-0.0017889,-0.098718,0.54321,0.0026744,0.0044632,89,0.00042272,73,-0.0044852,2025,-0.048451,0.5,-0.0056604,-0.009532,True,False,21:+0.007(16.0) 22:-0.008(39.0) 23:+0.007(34.0) 24:+0.046(31.0) 25:-0.048(24.0) 26:-0.033(18.0),2021-08-16,2026-08-27,0,,,,,,,-0.28979,8.5649,0.037622,3.7864,-0.32742,4.7785,-0.91699
rb,NVDA,stock,False,us_cash,M30,30,RB,0,False,False,M5,1284,507,0.39486,-0.026774,-0.98933,0.47732,-0.010932,0.015842,199,-0.020505,308,-0.030824,2026,-0.099846,0.33333,-0.021975,-0.017177,False,False,21:+0.145(31.0) 22:-0.028(79.0) 23:-0.072(89.0) 24:+0.014(105.0) 25:-0.021(118.0) 26:-0.100(85.0),2021-08-05,2026-10-08,,284,-0.0026375,222,-0.052855,1,-1.0915,-13.574,188.25,-4.0804,67.673,-9.4939,120.58,-11.141
dt,NVDA,stock,False,us_cash,H1,60,k=0.3,0.3,False,True,M5,1284,765,0.59579,0.025628,1.386,0.5098,0.0362,0.010572,355,0.077657,410,-0.019422,2025,-0.066765,0.66667,-0.017075,-0.059777,True,False,21:+0.055(65.0) 22:+0.107(140.0) 23:+0.060(150.0) 24:+0.019(150.0) 25:-0.067(144.0) 26:-0.010(116.0),2021-08-10,2026-10-08,0.014379,,,,,,,19.605,200.33,27.568,95.384,-7.9629,104.94,-13.062
dt,NVDA,stock,False,us_cash,H1,60,k=0.5,0.5,False,True,M5,1284,335,0.2609,0.00095375,0.054203,0.51045,0.0078923,0.0069385,163,0.031082,172,-0.027598,2025,-0.070556,0.66667,-0.0069998,-0.014953,True,False,21:+0.014(27.0) 22:+0.061(64.0) 23:+0.011(72.0) 24:+0.041(61.0) 25:-0.071(58.0) 26:-0.059(53.0),2021-08-10,2026-10-08,0.0029851,,,,,,,0.31951,34.643,5.0664,17.309,-4.7469,17.334,-2.3449
dt,NVDA,stock,False,us_cash,H1,60,k=0.7,0.7,False,True,M5,1284,146,0.11371,-0.0076987,-0.40853,0.49315,-0.00319,0.0045088,79,0.00412,67,-0.021634,2025,-0.088848,0.5,-0.0054966,-0.0032944,False,False,21:+0.046(14.0) 22:+0.003(33.0) 23:-0.014(32.0) 24:+0.016(31.0) 25:-0.089(20.0) 26:-0.010(16.0),2021-08-16,2026-08-27,0,,,,,,,-1.124,7.527,0.32548,3.1863,-1.4495,4.3407,-0.8025
rb,NVDA,stock,False,us_cash,H1,60,RB,0,False,True,M5,1284,465,0.36215,-0.061641,-2.3518,0.46667,-0.046459,0.015182,182,-0.057745,283,-0.064147,2026,-0.1351,0.16667,-0.020858,0.019925,False,False,21:+0.004(29.0) 22:-0.039(72.0) 23:-0.096(81.0) 24:-0.023(96.0) 25:-0.049(108.0) 26:-0.135(79.0),2021-08-05,2026-10-08,,272,-0.044892,192,-0.080471,1,-1.0023,-28.663,149.99,-10.51,64.065,-18.154,85.926,-9.6991
dt,NZDCAD,forex,False,london24,M15,15,k=0.3,0.3,False,False,M15,3041,2318,0.76225,-0.024555,-1.9934,0.45643,0.014916,0.039471,1756,-0.029736,562,-0.0083673,2017,-0.083839,0.25,-0.040345,-0.056135,True,False,15:-0.025(184.0) 16:-0.051(187.0) 17:-0.084(197.0) 18:-0.014(191.0) 19:-0.080(187.0) 20:-0.033(204.0) 21:+0.062(191.0) 22:+0.012(206.0) 23:-0.055(209.0) 24:-0.037(201.0) 25:-0.006(203.0) 26:+0.026(158.0),2015-01-08,2026-10-09,0.0038827,,,,,,,-56.918,816.37,-52.216,602.94,-4.7024,213.43,-93.519
dt,NZDCAD,forex,False,london24,M15,15,k=0.5,0.5,False,False,M15,3041,1061,0.3489,-0.021084,-1.7359,0.45335,0.0042456,0.02533,787,-0.021955,274,-0.018582,2020,-0.069487,0.25,-0.026934,-0.032784,True,False,15:-0.001(83.0) 16:+0.011(83.0) 17:-0.052(78.0) 18:-0.017(91.0) 19:-0.045(75.0) 20:-0.069(100.0) 21:+0.055(86.0) 22:-0.009(88.0) 23:-0.058(103.0) 24:-0.055(101.0) 25:-0.010(102.0) 26:+0.020(71.0),2015-01-13,2026-10-09,0,,,,,,,-22.37,166.38,-17.279,120.72,-5.0913,45.662,-28.577
dt,NZDCAD,forex,False,london24,M15,15,k=0.7,0.7,False,False,M15,3041,503,0.16541,-0.0087837,-0.68571,0.44135,0.010559,0.019343,369,-0.0014316,134,-0.029029,2019,-0.078844,0.25,-0.018934,-0.029085,True,False,15:+0.034(39.0) 16:-0.020(47.0) 17:-0.006(32.0) 18:-0.024(42.0) 19:-0.079(36.0) 20:-0.053(40.0) 21:+0.096(40.0) 22:+0.050(43.0) 23:-0.016(50.0) 24:-0.016(50.0) 25:-0.052(50.0) 26:-0.015(34.0),2015-01-15,2026-10-09,0,,,,,,,-4.4182,41.471,-0.52825,27.632,-3.8899,13.84,-9.5239
rb,NZDCAD,forex,False,london24,M15,15,RB,0,False,False,M15,3041,918,0.30187,-0.02882,-1.1376,0.44771,0.028177,0.056997,705,-0.0035202,213,-0.11256,2024,-0.21294,0.33333,-0.049828,-0.070836,True,False,15:-0.069(78.0) 16:-0.082(95.0) 17:+0.117(77.0) 18:-0.006(80.0) 19:-0.111(72.0) 20:+0.032(77.0) 21:+0.074(75.0) 22:+0.104(78.0) 23:-0.082(73.0) 24:-0.213(76.0) 25:-0.029(72.0) 26:-0.088(65.0),2015-01-15,2026-10-09,,445,-0.035723,472,-0.019952,1,-1.1425,-26.456,541.02,-2.4817,441.59,-23.975,99.434,-45.742
dt,NZDCAD,forex,False,london24,M30,30,k=0.3,0.3,False,False,M15,3041,2317,0.76192,-0.024875,-2.0184,0.45533,0.014915,0.03979,1756,-0.030393,561,-0.0076035,2017,-0.08444,0.25,-0.040665,-0.056455,True,False,15:-0.025(184.0) 16:-0.052(187.0) 17:-0.084(197.0) 18:-0.015(191.0) 19:-0.080(187.0) 20:-0.034(204.0) 21:+0.060(191.0) 22:+0.012(206.0) 23:-0.056(209.0) 24:-0.036(200.0) 25:-0.006(203.0) 26:+0.026(158.0),2015-01-08,2026-10-09,0.0051791,,,,,,,-57.636,816.49,-53.371,603.27,-4.2656,213.22,-94.221
dt,NZDCAD,forex,False,london24,M30,30,k=0.5,0.5,False,False,M15,3041,1061,0.3489,-0.021252,-1.7495,0.4524,0.0042456,0.025498,787,-0.022187,274,-0.018567,2020,-0.069749,0.25,-0.027102,-0.032952,True,False,15:-0.001(83.0) 16:+0.011(83.0) 17:-0.053(78.0) 18:-0.017(91.0) 19:-0.046(75.0) 20:-0.070(100.0) 21:+0.055(86.0) 22:-0.010(88.0) 23:-0.059(103.0) 24:-0.055(101.0) 25:-0.010(102.0) 26:+0.020(71.0),2015-01-13,2026-10-09,0,,,,,,,-22.548,166.43,-17.461,120.77,-5.0874,45.655,-28.755
dt,NZDCAD,forex,False,london24,M30,30,k=0.7,0.7,False,False,M15,3041,503,0.16541,-0.0089022,-0.69503,0.44135,0.010559,0.019461,369,-0.0016723,134,-0.028811,2019,-0.078981,0.25,-0.019053,-0.029203,True,False,15:+0.034(39.0) 16:-0.020(47.0) 17:-0.006(32.0) 18:-0.024(42.0) 19:-0.079(36.0) 20:-0.053(40.0) 21:+0.096(40.0) 22:+0.050(43.0) 23:-0.016(50.0) 24:-0.015(50.0) 25:-0.052(50.0) 26:-0.015(34.0),2015-01-15,2026-10-09,0,,,,,,,-4.4778,41.465,-0.61708,27.637,-3.8607,13.828,-9.5835
rb,NZDCAD,forex,False,london24,M30,30,RB,0,False,False,M15,3041,915,0.30089,-0.030986,-1.22,0.44809,0.025957,0.056943,705,-0.0091855,210,-0.10417,2024,-0.20904,0.33333,-0.048263,-0.065541,True,False,15:-0.065(78.0) 16:-0.084(95.0) 17:+0.115(77.0) 18:-0.007(80.0) 19:-0.127(72.0) 20:+0.031(77.0) 21:+0.047(75.0) 22:+0.101(78.0) 23:-0.089(73.0) 24:-0.209(74.0) 25:-0.010(71.0) 26:-0.087(65.0),2015-01-15,2026-10-09,,444,-0.042325,470,-0.017919,1,-1.1379,-28.352,540.34,-6.4758,442.31,-21.876,98.032,-44.161
dt,NZDCAD,forex,False,london24,H1,60,k=0.3,0.3,False,True,M15,3041,2265,0.74482,-0.031389,-2.578,0.45916,0.0086257,0.040015,1717,-0.034674,548,-0.021097,2019,-0.084366,0.083333,-0.041869,-0.052348,True,False,15:-0.042(178.0) 16:-0.050(181.0) 17:-0.082(191.0) 18:-0.019(189.0) 19:-0.084(184.0) 20:-0.020(200.0) 21:+0.069(185.0) 22:-0.019(202.0) 23:-0.063(207.0) 24:-0.052(194.0) 25:-0.006(196.0) 26:-0.001(158.0),2015-01-12,2026-10-09,0.009713,,,,,,,-71.097,762.49,-59.536,565.82,-11.561,196.67,-94.833
dt,NZDCAD,forex,False,london24,H1,60,k=0.5,0.5,False,True,M15,3041,1036,0.34068,-0.026418,-2.2105,0.43919,-0.00074442,0.025673,765,-0.025495,271,-0.029023,2023,-0.071928,0.16667,-0.027989,-0.029559,True,False,15:-0.005(79.0) 16:+0.005(81.0) 17:-0.058(78.0) 18:-0.019(87.0) 19:-0.049(74.0) 20:-0.060(99.0) 21:+0.061(84.0) 22:-0.021(83.0) 23:-0.072(100.0) 24:-0.062(99.0) 25:-0.012(102.0) 26:-0.008(70.0),2015-01-13,2026-10-09,0.00096525,,,,,,,-27.369,153.88,-19.504,111.89,-7.8652,41.989,-28.996
dt,NZDCAD,forex,False,london24,H1,60,k=0.7,0.7,False,True,M15,3041,485,0.15949,-0.015172,-1.1989,0.41856,0.0044771,0.019649,355,-0.0094614,130,-0.030768,2019,-0.081874,0.25,-0.019678,-0.024183,True,False,15:+0.019(37.0) 16:-0.032(43.0) 17:-0.003(29.0) 18:-0.035(42.0) 19:-0.082(36.0) 20:-0.059(39.0) 21:+0.107(40.0) 22:+0.039(41.0) 23:-0.037(48.0) 24:-0.014(48.0) 25:-0.049(48.0) 26:-0.028(34.0),2015-01-15,2026-10-09,0,,,,,,,-7.3586,37.707,-3.3588,25.771,-3.9998,11.936,-9.5436
rb,NZDCAD,forex,False,london24,H1,60,RB,0,False,True,M15,3041,866,0.28477,-0.047114,-1.8147,0.43418,0.0099793,0.057093,668,-0.026992,198,-0.115,2024,-0.21478,0.33333,-0.050449,-0.053784,True,False,15:-0.113(74.0) 16:-0.047(92.0) 17:+0.114(74.0) 18:-0.017(74.0) 19:-0.114(65.0) 20:+0.013(69.0) 21:+0.040(73.0) 22:+0.029(76.0) 23:-0.156(71.0) 24:-0.215(70.0) 25:-0.038(67.0) 26:-0.085(61.0),2015-01-15,2026-10-09,,422,-0.05358,444,-0.040968,0,,-40.801,506.83,-18.031,418.81,-22.77,88.028,-43.689
dt,NZDCAD,forex,False,ny_fx,M15,15,k=0.3,0.3,False,False,M15,3035,1772,0.58386,-0.06785,-5.6419,0.40463,-0.023714,0.044136,1379,-0.054503,393,-0.11468,2026,-0.14991,0,-0.047855,-0.027861,False,False,15:-0.058(151.0) 16:-0.090(165.0) 17:-0.063(149.0) 18:-0.024(147.0) 19:-0.068(147.0) 20:-0.079(163.0) 21:-0.012(146.0) 22:-0.055(149.0) 23:-0.037(162.0) 24:-0.114(150.0) 25:-0.087(135.0) 26:-0.150(108.0),2015-01-09,2026-10-07,0.0090293,,,,,,,-120.23,462.02,-75.16,360.78,-45.069,101.24,-84.8
dt,NZDCAD,forex,False,ny_fx,M15,15,k=0.5,0.5,False,False,M15,3035,693,0.22834,-0.058103,-4.4123,0.39683,-0.029242,0.028861,543,-0.043932,150,-0.1094,2026,-0.17143,0.083333,-0.029163,-0.00022218,False,False,15:-0.049(64.0) 16:-0.001(56.0) 17:-0.053(61.0) 18:-0.072(68.0) 19:-0.008(50.0) 20:-0.105(69.0) 21:-0.062(62.0) 22:+0.015(45.0) 23:-0.024(68.0) 24:-0.102(59.0) 25:-0.053(44.0) 26:-0.171(47.0),2015-01-12,2026-10-01,0.005772,,,,,,,-40.265,85.499,-23.855,65.619,-16.41,19.881,-20.21
dt,NZDCAD,forex,False,ny_fx,M15,15,k=0.7,0.7,False,False,M15,3035,270,0.088962,-0.030244,-1.8677,0.44074,-0.0068733,0.023371,217,-0.029336,53,-0.03396,2015,-0.086744,0.33333,-0.022401,-0.014558,False,False,15:-0.087(29.0) 16:+0.004(28.0) 17:-0.045(23.0) 18:-0.048(26.0) 19:+0.020(18.0) 20:-0.071(22.0) 21:-0.051(21.0) 22:+0.026(21.0) 23:+0.002(29.0) 24:-0.042(23.0) 25:-0.008(17.0) 26:-0.053(13.0),2015-01-21,2026-09-16,0,,,,,,,-8.1659,19.292,-6.366,17.313,-1.7999,1.9792,-6.0483
rb,NZDCAD,forex,False,ny_fx,M15,15,RB,0,False,False,M15,3035,1478,0.48699,-0.10444,-5.9953,0.39378,-0.042291,0.062145,1118,-0.11703,360,-0.065307,2015,-0.20772,0.083333,-0.073488,-0.04254,False,False,15:-0.208(121.0) 16:-0.133(113.0) 17:-0.086(116.0) 18:-0.193(129.0) 19:-0.169(147.0) 20:-0.115(124.0) 21:-0.105(121.0) 22:-0.080(120.0) 23:+0.045(127.0) 24:-0.023(129.0) 25:-0.140(128.0) 26:-0.025(103.0),2015-01-06,2026-10-07,,885,-0.089142,584,-0.11248,9,-1.0863,-154.36,678.54,-130.85,514.09,-23.511,164.45,-108.61
dt,NZDCAD,forex,False,ny_fx,M30,30,k=0.3,0.3,False,False,M15,3035,1768,0.58254,-0.066298,-5.5351,0.40328,-0.02192,0.044378,1377,-0.054103,391,-0.10925,2026,-0.14935,0,-0.047961,-0.029623,False,False,15:-0.055(151.0) 16:-0.087(164.0) 17:-0.066(149.0) 18:-0.025(147.0) 19:-0.064(146.0) 20:-0.079(163.0) 21:-0.012(146.0) 22:-0.055(149.0) 23:-0.038(162.0) 24:-0.100(148.0) 25:-0.087(135.0) 26:-0.149(108.0),2015-01-09,2026-10-07,0.013575,,,,,,,-117.22,455.98,-74.5,357.61,-42.715,98.369,-84.795
dt,NZDCAD,forex,False,ny_fx,M30,30,k=0.5,0.5,False,False,M15,3035,693,0.22834,-0.057705,-4.3905,0.39683,-0.028685,0.02902,543,-0.043593,150,-0.10879,2026,-0.17129,0.083333,-0.029322,-0.0009389,False,False,15:-0.049(64.0) 16:-0.001(56.0) 17:-0.053(61.0) 18:-0.073(68.0) 19:-0.008(50.0) 20:-0.106(69.0) 21:-0.062(62.0) 22:+0.021(45.0) 23:-0.025(68.0) 24:-0.101(59.0) 25:-0.053(44.0) 26:-0.171(47.0),2015-01-12,2026-10-01,0.007215,,,,,,,-39.989,85.146,-23.671,65.481,-16.319,19.665,-20.32
dt,NZDCAD,forex,False,ny_fx,M30,30,k=0.7,0.7,False,False,M15,3035,270,0.088962,-0.030395,-1.877,0.44074,-0.0068733,0.023522,217,-0.029489,53,-0.034106,2015,-0.086928,0.33333,-0.022552,-0.014709,False,False,15:-0.087(29.0) 16:+0.004(28.0) 17:-0.046(23.0) 18:-0.048(26.0) 19:+0.019(18.0) 20:-0.071(22.0) 21:-0.051(21.0) 22:+0.026(21.0) 23:+0.002(29.0) 24:-0.042(23.0) 25:-0.009(17.0) 26:-0.053(13.0),2015-01-21,2026-09-16,0,,,,,,,-8.2066,19.295,-6.399,17.314,-1.8076,1.9808,-6.089
rb,NZDCAD,forex,False,ny_fx,M30,30,RB,0,False,False,M15,3035,1472,0.48501,-0.11121,-6.2809,0.38655,-0.049397,0.061816,1115,-0.12401,357,-0.071241,2018,-0.21846,0.083333,-0.071584,-0.031954,False,False,15:-0.217(121.0) 16:-0.127(113.0) 17:-0.108(116.0) 18:-0.218(129.0) 19:-0.131(146.0) 20:-0.132(124.0) 21:-0.105(119.0) 22:-0.086(120.0) 23:+0.010(127.0) 24:-0.015(128.0) 25:-0.161(127.0) 26:-0.029(102.0),2015-01-06,2026-10-07,,883,-0.092907,579,-0.1222,10,-1.0913,-163.71,697.07,-138.27,518.32,-25.433,178.75,-105.37
dt,NZDCAD,forex,False,ny_fx,H1,60,k=0.3,0.3,False,False,M15,3035,1765,0.58155,-0.066045,-5.5229,0.4051,-0.021538,0.044507,1376,-0.054664,389,-0.1063,2026,-0.15326,0,-0.048096,-0.030147,False,False,15:-0.056(151.0) 16:-0.090(164.0) 17:-0.066(149.0) 18:-0.025(147.0) 19:-0.068(146.0) 20:-0.080(163.0) 21:-0.014(146.0) 22:-0.048(148.0) 23:-0.040(162.0) 24:-0.096(147.0) 25:-0.080(134.0) 26:-0.153(108.0),2015-01-09,2026-10-07,0.01813,,,,,,,-116.57,452.93,-75.218,355.52,-41.35,97.413,-84.889
dt,NZDCAD,forex,False,ny_fx,H1,60,k=0.5,0.5,False,False,M15,3035,693,0.22834,-0.057927,-4.4064,0.39538,-0.028828,0.029098,543,-0.043945,150,-0.10854,2026,-0.17108,0.083333,-0.0294,-0.00087322,False,False,15:-0.049(64.0) 16:-0.001(56.0) 17:-0.053(61.0) 18:-0.073(68.0) 19:-0.011(50.0) 20:-0.106(69.0) 21:-0.062(62.0) 22:+0.021(45.0) 23:-0.025(68.0) 24:-0.101(59.0) 25:-0.052(44.0) 26:-0.171(47.0),2015-01-12,2026-10-01,0.011544,,,,,,,-40.143,85.2,-23.862,65.543,-16.281,19.657,-20.374
dt,NZDCAD,forex,False,ny_fx,H1,60,k=0.7,0.7,False,False,M15,3035,270,0.088962,-0.030383,-1.8769,0.44074,-0.0068733,0.02351,217,-0.0295,53,-0.033998,2015,-0.086225,0.33333,-0.02254,-0.014697,False,False,15:-0.086(29.0) 16:+0.004(28.0) 17:-0.046(23.0) 18:-0.049(26.0) 19:+0.019(18.0) 20:-0.071(22.0) 21:-0.049(21.0) 22:+0.026(21.0) 23:+0.002(29.0) 24:-0.042(23.0) 25:-0.009(17.0) 26:-0.053(13.0),2015-01-21,2026-09-16,0.0037037,,,,,,,-8.2034,19.282,-6.4015,17.304,-1.8019,1.9781,-6.0858
rb,NZDCAD,forex,False,ny_fx,H1,60,RB,0,False,False,M15,3035,1451,0.47809,-0.12126,-7.3764,0.38456,-0.061351,0.059913,1098,-0.1299,353,-0.094414,2015,-0.2266,0,-0.069199,-0.017135,False,False,15:-0.227(120.0) 16:-0.115(111.0) 17:-0.107(114.0) 18:-0.197(127.0) 19:-0.119(139.0) 20:-0.120(122.0) 21:-0.126(119.0) 22:-0.103(119.0) 23:-0.054(127.0) 24:-0.093(126.0) 25:-0.147(126.0) 26:-0.030(101.0),2015-01-06,2026-10-07,,883,-0.10151,558,-0.13503,10,-1.0974,-175.95,589.95,-142.63,448.01,-33.328,141.94,-100.41
dt,NZDCHF,forex,False,london24,M15,15,k=0.3,0.3,False,False,M15,3040,2388,0.78553,-0.054196,-4.1926,0.42965,0.0057848,0.059981,1820,-0.057044,568,-0.04507,2015,-0.16127,0.33333,-0.060164,-0.066133,True,False,15:-0.161(205.0) 16:-0.110(202.0) 17:-0.048(187.0) 18:+0.069(194.0) 19:-0.097(208.0) 20:+0.012(193.0) 21:+0.016(197.0) 22:-0.085(223.0) 23:-0.090(211.0) 24:+0.002(192.0) 25:-0.065(199.0) 26:-0.074(177.0),2015-01-14,2026-10-09,0.0062814,,,,,,,-129.42,959.49,-103.82,761.04,-25.6,198.46,-143.67
dt,NZDCHF,forex,False,london24,M15,15,k=0.5,0.5,False,False,M15,3040,1098,0.36118,-0.019665,-1.4715,0.43807,0.019076,0.038741,823,-0.014064,275,-0.036426,2022,-0.089931,0.41667,-0.036497,-0.053328,True,False,15:+0.010(85.0) 16:-0.047(79.0) 17:-0.025(87.0) 18:+0.081(92.0) 19:-0.027(98.0) 20:+0.018(91.0) 21:+0.026(93.0) 22:-0.090(110.0) 23:-0.061(88.0) 24:+0.003(94.0) 25:-0.072(94.0) 26:-0.040(87.0),2015-01-14,2026-10-01,0,,,,,,,-21.592,215.52,-11.575,175.18,-10.017,40.341,-40.073
dt,NZDCHF,forex,False,london24,M15,15,k=0.7,0.7,False,False,M15,3040,514,0.16908,-0.0094451,-0.57452,0.43385,0.021192,0.030637,390,-0.0051057,124,-0.023093,2023,-0.080509,0.41667,-0.029707,-0.04997,True,False,15:+0.069(43.0) 16:-0.035(38.0) 17:-0.036(41.0) 18:+0.042(52.0) 19:+0.018(41.0) 20:-0.031(46.0) 21:+0.028(42.0) 22:-0.022(37.0) 23:-0.081(50.0) 24:-0.017(45.0) 25:-0.058(45.0) 26:+0.014(34.0),2015-01-15,2026-10-01,0,,,,,,,-4.8548,71.312,-1.9912,60.405,-2.8636,10.907,-15.27
rb,NZDCHF,forex,False,london24,M15,15,RB,0,False,False,M15,3040,867,0.2852,-0.088666,-3.6101,0.4233,-0.0026165,0.08605,656,-0.09831,211,-0.058684,2016,-0.30964,0.33333,-0.083319,-0.077972,False,False,15:-0.098(74.0) 16:-0.310(87.0) 17:-0.180(73.0) 18:+0.069(67.0) 19:-0.209(70.0) 20:+0.105(79.0) 21:+0.064(69.0) 22:-0.138(71.0) 23:-0.153(66.0) 24:-0.130(77.0) 25:+0.029(82.0) 26:-0.092(52.0),2015-01-08,2026-10-01,,422,-0.064319,443,-0.10705,2,-1.1544,-76.874,459.73,-64.491,351.55,-12.382,108.18,-72.238
dt,NZDCHF,forex,False,london24,M30,30,k=0.3,0.3,False,False,M15,3040,2386,0.78487,-0.052336,-4.1513,0.42917,0.0079139,0.06025,1819,-0.054768,567,-0.044531,2015,-0.14171,0.33333,-0.060169,-0.068003,True,False,15:-0.142(205.0) 16:-0.110(202.0) 17:-0.048(187.0) 18:+0.073(193.0) 19:-0.098(208.0) 20:+0.011(193.0) 21:+0.015(197.0) 22:-0.086(223.0) 23:-0.091(211.0) 24:+0.002(192.0) 25:-0.064(199.0) 26:-0.073(176.0),2015-01-14,2026-10-09,0.0067058,,,,,,,-124.87,911,-99.624,714.12,-25.249,196.87,-143.56
dt,NZDCHF,forex,False,london24,M30,30,k=0.5,0.5,False,False,M15,3040,1098,0.36118,-0.019768,-1.4797,0.43625,0.019076,0.038844,823,-0.014259,275,-0.036255,2022,-0.090057,0.41667,-0.0366,-0.053431,True,False,15:+0.009(85.0) 16:-0.047(79.0) 17:-0.025(87.0) 18:+0.081(92.0) 19:-0.027(98.0) 20:+0.017(91.0) 21:+0.026(93.0) 22:-0.090(110.0) 23:-0.062(88.0) 24:+0.003(94.0) 25:-0.072(94.0) 26:-0.040(87.0),2015-01-14,2026-10-01,0,,,,,,,-21.705,215.41,-11.735,175.05,-9.9701,40.36,-40.186
dt,NZDCHF,forex,False,london24,M30,30,k=0.7,0.7,False,False,M15,3040,514,0.16908,-0.0095625,-0.58199,0.43385,0.021192,0.030755,390,-0.005319,124,-0.022909,2023,-0.080726,0.41667,-0.029825,-0.050087,True,False,15:+0.069(43.0) 16:-0.036(38.0) 17:-0.036(41.0) 18:+0.042(52.0) 19:+0.018(41.0) 20:-0.032(46.0) 21:+0.028(42.0) 22:-0.022(37.0) 23:-0.081(50.0) 24:-0.016(45.0) 25:-0.058(45.0) 26:+0.014(34.0),2015-01-15,2026-10-01,0,,,,,,,-4.9151,71.232,-2.0744,60.328,-2.8407,10.904,-15.33
rb,NZDCHF,forex,False,london24,M30,30,RB,0,False,False,M15,3040,867,0.2852,-0.09984,-4.0378,0.41638,-0.01323,0.08661,656,-0.10778,211,-0.07515,2016,-0.30952,0.33333,-0.082849,-0.065857,False,False,15:-0.099(74.0) 16:-0.310(87.0) 17:-0.228(73.0) 18:+0.039(67.0) 19:-0.207(70.0) 20:+0.082(79.0) 21:+0.063(69.0) 22:-0.123(71.0) 23:-0.153(66.0) 24:-0.142(77.0) 25:+0.029(82.0) 26:-0.141(52.0),2015-01-08,2026-10-01,,422,-0.066721,443,-0.12657,2,-1.1684,-86.561,467.68,-70.705,355.64,-15.857,112.04,-71.83
dt,NZDCHF,forex,False,london24,H1,60,k=0.3,0.3,False,True,M15,3040,2347,0.77204,-0.058063,-4.607,0.42352,0.0026991,0.060762,1791,-0.059331,556,-0.053981,2015,-0.14707,0.25,-0.060505,-0.062946,True,False,15:-0.147(204.0) 16:-0.102(197.0) 17:-0.034(185.0) 18:+0.045(189.0) 19:-0.110(208.0) 20:+0.007(187.0) 21:+0.011(192.0) 22:-0.086(219.0) 23:-0.095(210.0) 24:-0.016(189.0) 25:-0.068(192.0) 26:-0.080(175.0),2015-01-14,2026-10-09,0.0089476,,,,,,,-136.27,882.52,-106.26,698.19,-30.014,184.33,-142.01
dt,NZDCHF,forex,False,london24,H1,60,k=0.5,0.5,False,True,M15,3040,1061,0.34901,-0.024629,-1.8395,0.42601,0.014479,0.039107,797,-0.017589,264,-0.045881,2022,-0.087774,0.33333,-0.036776,-0.048924,True,False,15:+0.005(82.0) 16:-0.043(78.0) 17:-0.005(85.0) 18:+0.056(87.0) 19:-0.040(95.0) 20:+0.023(88.0) 21:+0.024(92.0) 22:-0.088(104.0) 23:-0.080(86.0) 24:-0.009(91.0) 25:-0.086(90.0) 26:-0.043(83.0),2015-01-14,2026-10-01,0.00094251,,,,,,,-26.131,202.24,-14.018,164.38,-12.113,37.865,-39.02
dt,NZDCHF,forex,False,london24,H1,60,k=0.7,0.7,False,True,M15,3040,498,0.16382,-0.012072,-0.74009,0.40361,0.018569,0.030641,379,-0.0085048,119,-0.023434,2023,-0.09503,0.41667,-0.029901,-0.04773,True,False,15:+0.062(41.0) 16:-0.037(38.0) 17:-0.013(38.0) 18:+0.011(52.0) 19:+0.010(39.0) 20:-0.029(44.0) 21:+0.024(42.0) 22:-0.001(37.0) 23:-0.095(48.0) 24:-0.020(43.0) 25:-0.066(44.0) 26:+0.030(32.0),2015-01-15,2026-10-01,0,,,,,,,-6.012,65.929,-3.2233,56.468,-2.7887,9.4609,-14.891
rb,NZDCHF,forex,False,london24,H1,60,RB,0,False,True,M15,3040,833,0.27401,-0.11476,-4.6756,0.41417,-0.028737,0.086024,629,-0.12038,204,-0.097428,2016,-0.31222,0.33333,-0.090281,-0.065801,False,False,15:-0.125(71.0) 16:-0.312(86.0) 17:-0.234(69.0) 18:+0.033(62.0) 19:-0.245(69.0) 20:+0.088(77.0) 21:+0.047(67.0) 22:-0.173(67.0) 23:-0.120(61.0) 24:-0.167(74.0) 25:+0.029(79.0) 26:-0.192(51.0),2015-01-08,2026-10-01,,407,-0.077397,424,-0.14585,2,-1.1267,-95.596,428.5,-75.721,324.81,-19.875,103.68,-75.204
dt,NZDCHF,forex,False,ny_fx,M15,15,k=0.3,0.3,False,False,M15,3035,1647,0.54267,-0.11919,-9.7303,0.37583,-0.046226,0.072964,1231,-0.11371,416,-0.13541,2016,-0.21355,0.083333,-0.075382,-0.031574,False,False,15:-0.196(142.0) 16:-0.214(132.0) 17:-0.199(123.0) 18:-0.007(136.0) 19:-0.164(131.0) 20:-0.120(135.0) 21:+0.000(140.0) 22:-0.079(155.0) 23:-0.063(137.0) 24:-0.100(133.0) 25:-0.141(159.0) 26:-0.167(124.0),2015-01-13,2026-10-08,0.010929,,,,,,,-196.31,430.17,-139.97,318.91,-56.332,111.26,-124.15
dt,NZDCHF,forex,False,ny_fx,M15,15,k=0.5,0.5,False,False,M15,3035,585,0.19275,-0.065614,-4.8626,0.36239,-0.017767,0.047847,432,-0.061648,153,-0.076812,2017,-0.16918,0.25,-0.051915,-0.038217,False,False,15:-0.106(50.0) 16:-0.098(44.0) 17:-0.169(43.0) 18:+0.022(50.0) 19:-0.100(46.0) 20:-0.036(41.0) 21:+0.017(53.0) 22:-0.110(58.0) 23:+0.017(47.0) 24:-0.080(55.0) 25:-0.055(61.0) 26:-0.108(37.0),2015-01-15,2026-10-01,0.0051282,,,,,,,-38.384,64.723,-26.632,48.927,-11.752,15.796,-30.37
dt,NZDCHF,forex,False,ny_fx,M15,15,k=0.7,0.7,False,False,M15,3035,219,0.072158,-0.051366,-2.8455,0.40183,-0.016345,0.035021,173,-0.049326,46,-0.05904,2022,-0.17544,0.25,-0.041453,-0.03154,False,False,15:-0.089(21.0) 16:+0.059(13.0) 17:-0.161(14.0) 18:+0.004(24.0) 19:-0.074(19.0) 20:-0.070(18.0) 21:-0.005(25.0) 22:-0.175(20.0) 23:+0.054(19.0) 24:-0.051(18.0) 25:-0.042(16.0) 26:-0.093(12.0),2015-01-15,2026-10-01,0,,,,,,,-11.249,16.135,-8.5333,11.393,-2.7158,4.7418,-9.0783
rb,NZDCHF,forex,False,ny_fx,M15,15,RB,0,False,False,M15,3035,1550,0.51071,-0.14063,-8.9722,0.38516,-0.045248,0.095387,1199,-0.13894,351,-0.14642,2016,-0.28908,0,-0.10403,-0.067425,False,False,15:-0.176(138.0) 16:-0.289(147.0) 17:-0.225(132.0) 18:-0.082(131.0) 19:-0.232(147.0) 20:-0.061(124.0) 21:-0.022(127.0) 22:-0.054(129.0) 23:-0.064(124.0) 24:-0.208(129.0) 25:-0.161(133.0) 26:-0.036(89.0),2015-01-05,2026-10-07,,975,-0.081601,569,-0.23137,6,-1.1284,-217.98,620.54,-166.59,504.74,-51.393,115.81,-161.25
dt,NZDCHF,forex,False,ny_fx,M30,30,k=0.3,0.3,False,False,M15,3035,1644,0.54168,-0.11853,-9.6781,0.37348,-0.045616,0.072912,1230,-0.11437,414,-0.13087,2016,-0.21567,0.083333,-0.075313,-0.032099,False,False,15:-0.201(141.0) 16:-0.216(132.0) 17:-0.199(123.0) 18:-0.007(136.0) 19:-0.164(131.0) 20:-0.120(135.0) 21:+0.002(140.0) 22:-0.079(155.0) 23:-0.063(137.0) 24:-0.094(132.0) 25:-0.134(158.0) 26:-0.166(124.0),2015-01-13,2026-10-08,0.012774,,,,,,,-194.86,428.23,-140.68,318.94,-54.182,109.29,-123.82
dt,NZDCHF,forex,False,ny_fx,M30,30,k=0.5,0.5,False,False,M15,3035,585,0.19275,-0.065731,-4.8723,0.36239,-0.017765,0.047966,432,-0.061967,153,-0.076359,2017,-0.16958,0.25,-0.052034,-0.038337,False,False,15:-0.107(50.0) 16:-0.098(44.0) 17:-0.170(43.0) 18:+0.021(50.0) 19:-0.100(46.0) 20:-0.037(41.0) 21:+0.017(53.0) 22:-0.111(58.0) 23:+0.016(47.0) 24:-0.080(55.0) 25:-0.055(61.0) 26:-0.107(37.0),2015-01-15,2026-10-01,0.0051282,,,,,,,-38.453,64.707,-26.77,48.97,-11.683,15.737,-30.44
dt,NZDCHF,forex,False,ny_fx,M30,30,k=0.7,0.7,False,False,M15,3035,219,0.072158,-0.051495,-2.8546,0.39726,-0.016345,0.03515,173,-0.049682,46,-0.058312,2022,-0.17585,0.25,-0.041582,-0.031669,False,False,15:-0.090(21.0) 16:+0.059(13.0) 17:-0.161(14.0) 18:+0.003(24.0) 19:-0.074(19.0) 20:-0.070(18.0) 21:-0.005(25.0) 22:-0.176(20.0) 23:+0.054(19.0) 24:-0.051(18.0) 25:-0.042(16.0) 26:-0.091(12.0),2015-01-15,2026-10-01,0,,,,,,,-11.277,16.117,-8.595,11.412,-2.6824,4.7054,-9.1064
rb,NZDCHF,forex,False,ny_fx,M30,30,RB,0,False,False,M15,3035,1547,0.50972,-0.14208,-9.1191,0.38526,-0.046953,0.095124,1196,-0.13758,351,-0.1574,2016,-0.28903,0,-0.10102,-0.059959,False,False,15:-0.150(137.0) 16:-0.289(146.0) 17:-0.218(132.0) 18:-0.090(131.0) 19:-0.235(147.0) 20:-0.062(124.0) 21:-0.011(126.0) 22:-0.061(129.0) 23:-0.078(124.0) 24:-0.224(129.0) 25:-0.174(133.0) 26:-0.037(89.0),2015-01-05,2026-10-07,,974,-0.081097,566,-0.23481,7,-1.1285,-219.79,611.78,-164.55,494.35,-55.248,117.43,-156.28
dt,NZDCHF,forex,False,ny_fx,H1,60,k=0.3,0.3,False,False,M15,3035,1636,0.53904,-0.11701,-9.5599,0.37408,-0.044035,0.072972,1223,-0.11299,413,-0.12891,2016,-0.21257,0,-0.075214,-0.033421,False,False,15:-0.210(138.0) 16:-0.213(131.0) 17:-0.189(122.0) 18:-0.008(136.0) 19:-0.158(130.0) 20:-0.121(135.0) 21:-0.002(140.0) 22:-0.074(154.0) 23:-0.064(137.0) 24:-0.093(132.0) 25:-0.130(157.0) 26:-0.166(124.0),2015-01-13,2026-10-08,0.01956,,,,,,,-191.42,423.09,-138.18,314.87,-53.24,108.22,-123.05
dt,NZDCHF,forex,False,ny_fx,H1,60,k=0.5,0.5,False,False,M15,3035,585,0.19275,-0.065787,-4.877,0.36239,-0.017765,0.048022,432,-0.062155,153,-0.07604,2017,-0.16971,0.25,-0.05209,-0.038393,False,False,15:-0.108(50.0) 16:-0.098(44.0) 17:-0.170(43.0) 18:+0.021(50.0) 19:-0.101(46.0) 20:-0.037(41.0) 21:+0.017(53.0) 22:-0.111(58.0) 23:+0.017(47.0) 24:-0.079(55.0) 25:-0.054(61.0) 26:-0.107(37.0),2015-01-15,2026-10-01,0.0051282,,,,,,,-38.485,64.697,-26.851,48.982,-11.634,15.714,-30.472
dt,NZDCHF,forex,False,ny_fx,H1,60,k=0.7,0.7,False,False,M15,3035,219,0.072158,-0.05155,-2.8579,0.39726,-0.016345,0.035205,173,-0.049804,46,-0.058115,2022,-0.17638,0.25,-0.041637,-0.031724,False,False,15:-0.090(21.0) 16:+0.059(13.0) 17:-0.161(14.0) 18:+0.003(24.0) 19:-0.074(19.0) 20:-0.070(18.0) 21:-0.005(25.0) 22:-0.176(20.0) 23:+0.054(19.0) 24:-0.051(18.0) 25:-0.042(16.0) 26:-0.090(12.0),2015-01-15,2026-10-01,0,,,,,,,-11.289,16.116,-8.6162,11.424,-2.6733,4.6917,-9.1186
rb,NZDCHF,forex,False,ny_fx,H1,60,RB,0,False,False,M15,3035,1532,0.50478,-0.13547,-8.8896,0.38708,-0.042325,0.093145,1185,-0.1383,347,-0.1258,2016,-0.2652,0,-0.097512,-0.059554,False,False,15:-0.159(136.0) 16:-0.265(144.0) 17:-0.220(130.0) 18:-0.117(130.0) 19:-0.220(145.0) 20:-0.053(124.0) 21:-0.030(126.0) 22:-0.030(126.0) 23:-0.113(124.0) 24:-0.186(128.0) 25:-0.138(131.0) 26:-0.020(88.0),2015-01-05,2026-10-07,,972,-0.08468,554,-0.21352,6,-1.157,-207.54,572.81,-163.89,472.81,-43.653,100,-149.39
dt,NZDJPY,forex,False,london24,M15,15,k=0.3,0.3,False,False,M15,3047,2278,0.74762,-0.015225,-1.0929,0.45083,0.014284,0.029509,1723,-0.0053009,555,-0.046034,2024,-0.10272,0.5,-0.023216,-0.031207,True,False,15:-0.035(193.0) 16:-0.025(197.0) 17:-0.086(198.0) 18:+0.030(181.0) 19:-0.029(189.0) 20:+0.019(188.0) 21:+0.032(193.0) 22:+0.050(192.0) 23:+0.001(192.0) 24:-0.103(208.0) 25:-0.039(187.0) 26:+0.020(160.0),2015-01-09,2026-10-09,0.0070237,,,,,,,-34.682,1007.1,-9.1334,773.88,-25.549,233.24,-52.886
dt,NZDJPY,forex,False,london24,M15,15,k=0.5,0.5,False,False,M15,3047,1046,0.34329,-0.0056246,-0.38595,0.45698,0.014052,0.019676,793,-0.0034227,253,-0.012526,2025,-0.078866,0.41667,-0.015133,-0.024642,True,False,15:-0.036(83.0) 16:-0.040(90.0) 17:-0.002(76.0) 18:+0.004(89.0) 19:-0.040(99.0) 20:+0.083(78.0) 21:+0.041(91.0) 22:+0.013(91.0) 23:-0.040(96.0) 24:-0.012(89.0) 25:-0.079(93.0) 26:+0.074(71.0),2015-01-12,2026-10-09,0.0038241,,,,,,,-5.8833,232.18,-2.7142,181.22,-3.1691,50.967,-15.829
dt,NZDJPY,forex,False,london24,M15,15,k=0.7,0.7,False,False,M15,3047,481,0.15786,0.016361,0.89782,0.47609,0.031334,0.014973,368,0.013073,113,0.027071,2023,-0.086457,0.66667,-0.013065,-0.042492,True,False,15:+0.041(35.0) 16:+0.009(36.0) 17:-0.040(43.0) 18:-0.011(43.0) 19:+0.006(45.0) 20:+0.046(37.0) 21:+0.071(44.0) 22:+0.117(37.0) 23:-0.086(48.0) 24:-0.055(49.0) 25:+0.034(34.0) 26:+0.153(30.0),2015-01-21,2026-10-07,0.002079,,,,,,,7.8699,76.804,4.8108,60.979,3.059,15.826,-6.2844
rb,NZDJPY,forex,False,london24,M15,15,RB,0,False,False,M15,3047,966,0.31703,-0.044918,-1.9206,0.4234,-0.0046314,0.040287,743,-0.043776,223,-0.048723,2023,-0.17533,0.25,-0.048326,-0.051734,True,False,15:-0.052(84.0) 16:-0.114(88.0) 17:-0.129(91.0) 18:+0.071(77.0) 19:-0.116(85.0) 20:-0.050(87.0) 21:+0.234(75.0) 22:-0.010(74.0) 23:-0.175(82.0) 24:-0.040(85.0) 25:-0.157(90.0) 26:+0.139(48.0),2015-01-08,2026-09-30,,495,-0.025246,470,-0.063547,1,-1.0273,-43.391,511.82,-32.526,400.72,-10.865,111.09,-46.683
dt,NZDJPY,forex,False,london24,M30,30,k=0.3,0.3,False,False,M15,3047,2277,0.74729,-0.015755,-1.1337,0.45103,0.013939,0.029695,1722,-0.0051897,555,-0.048538,2024,-0.105,0.5,-0.023451,-0.031146,True,False,15:-0.035(193.0) 16:-0.019(196.0) 17:-0.086(198.0) 18:+0.029(181.0) 19:-0.030(189.0) 20:+0.019(188.0) 21:+0.032(193.0) 22:+0.048(192.0) 23:+0.001(192.0) 24:-0.105(208.0) 25:-0.039(187.0) 26:+0.014(160.0),2015-01-09,2026-10-09,0.0079051,,,,,,,-35.875,1001.5,-8.9366,771.46,-26.939,229.99,-53.398
dt,NZDJPY,forex,False,london24,M30,30,k=0.5,0.5,False,False,M15,3047,1046,0.34329,-0.0061833,-0.42521,0.45698,0.013518,0.019701,793,-0.0034342,253,-0.0148,2025,-0.078768,0.41667,-0.014936,-0.023688,True,False,15:-0.036(83.0) 16:-0.040(90.0) 17:-0.002(76.0) 18:+0.003(89.0) 19:-0.040(99.0) 20:+0.083(78.0) 21:+0.043(91.0) 22:+0.013(91.0) 23:-0.040(96.0) 24:-0.012(89.0) 25:-0.079(93.0) 26:+0.065(71.0),2015-01-12,2026-10-09,0.0047801,,,,,,,-6.4678,231.18,-2.7233,181.18,-3.7445,49.998,-15.623
dt,NZDJPY,forex,False,london24,M30,30,k=0.7,0.7,False,False,M15,3047,481,0.15786,0.016235,0.89081,0.47609,0.03134,0.015105,368,0.012896,113,0.027109,2023,-0.086663,0.66667,-0.013198,-0.042631,True,False,15:+0.040(35.0) 16:+0.009(36.0) 17:-0.040(43.0) 18:-0.011(43.0) 19:+0.006(45.0) 20:+0.046(37.0) 21:+0.071(44.0) 22:+0.117(37.0) 23:-0.087(48.0) 24:-0.055(49.0) 25:+0.034(34.0) 26:+0.153(30.0),2015-01-21,2026-10-07,0.002079,,,,,,,7.8092,76.817,4.7459,60.972,3.0633,15.845,-6.3481
rb,NZDJPY,forex,False,london24,M30,30,RB,0,False,False,M15,3047,964,0.31638,-0.051175,-2.1867,0.4222,-0.010853,0.040322,741,-0.045867,223,-0.068814,2023,-0.16208,0.25,-0.047799,-0.044424,False,False,15:-0.052(84.0) 16:-0.108(87.0) 17:-0.130(91.0) 18:+0.071(77.0) 19:-0.127(84.0) 20:-0.051(87.0) 21:+0.229(75.0) 22:-0.037(74.0) 23:-0.162(82.0) 24:-0.064(85.0) 25:-0.157(90.0) 26:+0.088(48.0),2015-01-08,2026-09-30,,496,-0.039128,467,-0.061873,1,-1.0305,-49.333,510.95,-33.987,399.05,-15.345,111.9,-46.079
dt,NZDJPY,forex,False,london24,H1,60,k=0.3,0.3,False,True,M15,3047,2230,0.73187,-0.0089728,-0.63984,0.45516,0.020994,0.029967,1690,0.00058139,540,-0.038874,2024,-0.097813,0.58333,-0.021072,-0.033172,True,False,15:-0.050(193.0) 16:+0.006(190.0) 17:-0.066(193.0) 18:+0.025(176.0) 19:-0.029(188.0) 20:+0.010(186.0) 21:+0.046(192.0) 22:+0.055(187.0) 23:+0.012(185.0) 24:-0.098(204.0) 25:-0.033(185.0) 26:+0.034(151.0),2015-01-09,2026-10-09,0.011211,,,,,,,-20.009,977.7,0.98256,750.73,-20.992,226.97,-46.991
dt,NZDJPY,forex,False,london24,H1,60,k=0.5,0.5,False,True,M15,3047,1015,0.33311,0.00158,0.10705,0.467,0.021511,0.019931,767,0.0041086,248,-0.0062406,2025,-0.078959,0.58333,-0.014066,-0.029711,True,False,15:-0.047(83.0) 16:-0.030(86.0) 17:+0.012(73.0) 18:+0.007(86.0) 19:-0.032(96.0) 20:+0.086(71.0) 21:+0.058(88.0) 22:+0.028(90.0) 23:-0.026(94.0) 24:+0.003(88.0) 25:-0.079(91.0) 26:+0.078(69.0),2015-01-12,2026-10-09,0.0059113,,,,,,,1.6037,224.18,3.1513,174.61,-1.5477,49.573,-14.277
dt,NZDJPY,forex,False,london24,H1,60,k=0.7,0.7,False,True,M15,3047,456,0.14966,0.027095,1.4322,0.49561,0.042299,0.015204,349,0.023937,107,0.037395,2023,-0.058591,0.66667,-0.012475,-0.052045,True,False,15:+0.015(33.0) 16:+0.031(32.0) 17:-0.039(41.0) 18:-0.009(41.0) 19:+0.016(43.0) 20:+0.064(36.0) 21:+0.091(41.0) 22:+0.133(36.0) 23:-0.059(46.0) 24:-0.050(48.0) 25:+0.040(29.0) 26:+0.175(30.0),2015-01-21,2026-10-07,0.004386,,,,,,,12.355,74.593,8.3541,58.223,4.0013,16.37,-5.6885
rb,NZDJPY,forex,False,london24,H1,60,RB,0,False,True,M15,3047,926,0.30391,-0.058792,-2.4558,0.44492,-0.018246,0.040546,713,-0.052399,213,-0.080191,2019,-0.17374,0.25,-0.049116,-0.039441,False,False,15:-0.051(81.0) 16:-0.101(85.0) 17:-0.130(84.0) 18:+0.056(74.0) 19:-0.174(82.0) 20:-0.065(85.0) 21:+0.208(72.0) 22:-0.002(71.0) 23:-0.163(79.0) 24:-0.096(83.0) 25:-0.152(83.0) 26:+0.075(47.0),2015-01-08,2026-09-30,,483,-0.030053,441,-0.085824,2,-1.0385,-54.441,494.09,-37.36,387.98,-17.081,106.11,-45.482
dt,NZDJPY,forex,False,ny_fx,M15,15,k=0.3,0.3,False,False,M15,3042,1484,0.48784,-0.062864,-4.6542,0.4124,-0.026676,0.036188,1134,-0.075414,350,-0.022203,2015,-0.1748,0.16667,-0.035831,-0.0087981,False,False,15:-0.175(133.0) 16:-0.086(117.0) 17:-0.060(120.0) 18:-0.107(133.0) 19:-0.098(124.0) 20:-0.051(126.0) 21:+0.037(126.0) 22:-0.072(129.0) 23:-0.061(126.0) 24:+0.026(133.0) 25:-0.056(131.0) 26:-0.045(86.0),2015-01-08,2026-10-08,0.0060647,,,,,,,-93.29,407.37,-85.519,299.58,-7.7711,107.78,-53.173
dt,NZDJPY,forex,False,ny_fx,M15,15,k=0.5,0.5,False,False,M15,3042,554,0.18212,-0.045477,-2.9121,0.38448,-0.021569,0.023908,428,-0.062515,126,0.012399,2016,-0.12176,0.25,-0.022002,0.0014733,False,False,15:-0.082(38.0) 16:-0.122(45.0) 17:-0.072(52.0) 18:-0.094(50.0) 19:-0.083(50.0) 20:-0.067(45.0) 21:-0.011(56.0) 22:-0.063(43.0) 23:+0.016(49.0) 24:+0.055(49.0) 25:-0.029(47.0) 26:+0.008(30.0),2015-01-13,2026-10-01,0.0018051,,,,,,,-25.194,75.858,-26.756,56.181,1.5623,19.677,-12.189
dt,NZDJPY,forex,False,ny_fx,M15,15,k=0.7,0.7,False,False,M15,3042,225,0.073964,-0.043032,-2.0327,0.40889,-0.02351,0.019522,170,-0.051289,55,-0.017509,2018,-0.17835,0.25,-0.018488,0.0060563,False,False,15:-0.050(20.0) 16:-0.130(16.0) 17:-0.056(23.0) 18:-0.178(15.0) 19:-0.006(17.0) 20:-0.069(21.0) 21:+0.025(22.0) 22:-0.064(19.0) 23:+0.032(17.0) 24:+0.056(20.0) 25:-0.041(18.0) 26:-0.080(17.0),2015-01-21,2026-10-01,0,,,,,,,-9.6822,23.004,-8.7192,15.85,-0.963,7.1532,-4.1597
rb,NZDJPY,forex,False,ny_fx,M15,15,RB,0,False,False,M15,3042,1674,0.5503,-0.099394,-6.5037,0.39606,-0.050708,0.048686,1288,-0.10099,386,-0.094071,2016,-0.17912,0.16667,-0.051838,-0.0042814,False,False,15:-0.140(147.0) 16:-0.179(165.0) 17:-0.067(135.0) 18:-0.101(152.0) 19:-0.175(139.0) 20:+0.003(136.0) 21:-0.010(128.0) 22:-0.152(139.0) 23:-0.063(147.0) 24:-0.141(138.0) 25:-0.147(140.0) 26:+0.034(108.0),2015-01-05,2026-10-08,,1081,-0.072886,588,-0.13963,5,-1.0987,-166.39,670.65,-130.07,544.39,-36.311,126.26,-86.776
dt,NZDJPY,forex,False,ny_fx,M30,30,k=0.3,0.3,False,False,M15,3042,1483,0.48751,-0.063087,-4.6729,0.41335,-0.026965,0.036121,1133,-0.075723,350,-0.022181,2015,-0.17661,0.16667,-0.035764,-0.0084422,False,False,15:-0.177(132.0) 16:-0.088(117.0) 17:-0.061(120.0) 18:-0.107(133.0) 19:-0.099(124.0) 20:-0.051(126.0) 21:+0.039(126.0) 22:-0.072(129.0) 23:-0.061(126.0) 24:+0.026(133.0) 25:-0.056(131.0) 26:-0.045(86.0),2015-01-08,2026-10-08,0.010789,,,,,,,-93.557,406.48,-85.794,298.55,-7.7633,107.93,-53.039
dt,NZDJPY,forex,False,ny_fx,M30,30,k=0.5,0.5,False,False,M15,3042,554,0.18212,-0.045535,-2.9177,0.38267,-0.021569,0.023967,428,-0.062636,126,0.012552,2016,-0.12214,0.25,-0.022061,0.0014144,False,False,15:-0.082(38.0) 16:-0.122(45.0) 17:-0.072(52.0) 18:-0.094(50.0) 19:-0.084(50.0) 20:-0.067(45.0) 21:-0.011(56.0) 22:-0.064(43.0) 23:+0.016(49.0) 24:+0.055(49.0) 25:-0.029(47.0) 26:+0.008(30.0),2015-01-13,2026-10-01,0.0018051,,,,,,,-25.227,75.769,-26.808,56.105,1.5816,19.664,-12.222
dt,NZDJPY,forex,False,ny_fx,M30,30,k=0.7,0.7,False,False,M15,3042,225,0.073964,-0.042752,-2.0219,0.40889,-0.023483,0.019269,170,-0.050936,55,-0.017458,2018,-0.17836,0.25,-0.018235,0.0062817,False,False,15:-0.051(20.0) 16:-0.130(16.0) 17:-0.057(23.0) 18:-0.178(15.0) 19:-0.006(17.0) 20:-0.068(21.0) 21:+0.029(22.0) 22:-0.064(19.0) 23:+0.032(17.0) 24:+0.056(20.0) 25:-0.041(18.0) 26:-0.080(17.0),2015-01-21,2026-10-01,0,,,,,,,-9.6193,22.946,-8.6591,15.795,-0.96018,7.1508,-4.103
rb,NZDJPY,forex,False,ny_fx,M30,30,RB,0,False,False,M15,3042,1663,0.54668,-0.10153,-6.6054,0.39567,-0.053208,0.048324,1282,-0.10662,381,-0.084416,2016,-0.18227,0.16667,-0.051627,-0.0017222,False,False,15:-0.169(145.0) 16:-0.182(164.0) 17:-0.076(135.0) 18:-0.094(151.0) 19:-0.178(138.0) 20:+0.011(135.0) 21:-0.037(128.0) 22:-0.164(139.0) 23:-0.049(147.0) 24:-0.127(135.0) 25:-0.147(140.0) 26:+0.052(106.0),2015-01-05,2026-10-08,,1078,-0.074155,580,-0.14382,5,-1.0994,-168.85,670.19,-136.69,550.81,-32.163,119.38,-85.856
dt,NZDJPY,forex,False,ny_fx,H1,60,k=0.3,0.3,False,False,M15,3042,1477,0.48554,-0.0621,-4.5995,0.413,-0.025899,0.036201,1127,-0.074553,350,-0.022,2015,-0.18389,0.16667,-0.035885,-0.009671,False,False,15:-0.184(129.0) 16:-0.088(116.0) 17:-0.061(120.0) 18:-0.107(133.0) 19:-0.089(123.0) 20:-0.043(125.0) 21:+0.039(126.0) 22:-0.072(129.0) 23:-0.062(126.0) 24:+0.026(133.0) 25:-0.056(131.0) 26:-0.044(86.0),2015-01-08,2026-10-08,0.015572,,,,,,,-91.721,403.09,-84.021,295.1,-7.6999,107.99,-53.003
dt,NZDJPY,forex,False,ny_fx,H1,60,k=0.5,0.5,False,False,M15,3042,554,0.18212,-0.04579,-2.9346,0.38267,-0.021569,0.024221,428,-0.062977,126,0.012592,2016,-0.12205,0.25,-0.022315,0.00116,False,False,15:-0.083(38.0) 16:-0.122(45.0) 17:-0.072(52.0) 18:-0.095(50.0) 19:-0.084(50.0) 20:-0.067(45.0) 21:-0.012(56.0) 22:-0.064(43.0) 23:+0.016(49.0) 24:+0.055(49.0) 25:-0.029(47.0) 26:+0.008(30.0),2015-01-13,2026-10-01,0.0018051,,,,,,,-25.368,75.749,-26.954,56.067,1.5866,19.683,-12.362
dt,NZDJPY,forex,False,ny_fx,H1,60,k=0.7,0.7,False,False,M15,3042,225,0.073964,-0.042732,-2.0217,0.40889,-0.023483,0.019249,170,-0.050961,55,-0.0173,2018,-0.17948,0.25,-0.018215,0.0063018,False,False,15:-0.052(20.0) 16:-0.130(16.0) 17:-0.056(23.0) 18:-0.179(15.0) 19:-0.006(17.0) 20:-0.068(21.0) 21:+0.031(22.0) 22:-0.064(19.0) 23:+0.031(17.0) 24:+0.057(20.0) 25:-0.041(18.0) 26:-0.079(17.0),2015-01-21,2026-10-01,0,,,,,,,-9.6148,22.929,-8.6633,15.776,-0.95149,7.1527,-4.0985
rb,NZDJPY,forex,False,ny_fx,H1,60,RB,0,False,False,M15,3042,1642,0.53978,-0.11069,-7.3996,0.39403,-0.062926,0.047769,1269,-0.11523,373,-0.095278,2015,-0.21039,0.16667,-0.053457,0.0037803,False,False,15:-0.210(144.0) 16:-0.174(163.0) 17:-0.087(135.0) 18:-0.096(151.0) 19:-0.201(135.0) 20:+0.019(133.0) 21:-0.030(127.0) 22:-0.204(136.0) 23:-0.036(145.0) 24:-0.102(132.0) 25:-0.185(139.0) 26:+0.036(102.0),2015-01-05,2026-10-08,,1075,-0.073659,557,-0.16347,10,-1.1524,-181.76,623.12,-146.22,508.98,-35.539,114.14,-87.777
dt,NZDUSD,forex,False,london24,M15,15,k=0.3,0.3,False,False,M15,3046,2275,0.74688,-0.0052096,-0.41856,0.47824,0.026533,0.031743,1732,-0.0073957,543,0.0017636,2017,-0.044446,0.41667,-0.030207,-0.055204,True,False,15:-0.019(191.0) 16:+0.030(187.0) 17:-0.044(207.0) 18:-0.002(188.0) 19:-0.038(186.0) 20:+0.006(183.0) 21:-0.002(201.0) 22:+0.043(185.0) 23:-0.034(204.0) 24:+0.017(191.0) 25:-0.038(195.0) 26:+0.032(157.0),2015-01-12,2026-10-08,0.0021978,,,,,,,-11.852,801.48,-12.809,597.98,0.95761,203.5,-68.721
dt,NZDUSD,forex,False,london24,M15,15,k=0.5,0.5,False,False,M15,3046,1022,0.33552,0.012368,1.0574,0.49609,0.033198,0.02083,775,0.012794,247,0.011029,2016,-0.011665,0.83333,-0.021855,-0.056077,True,False,15:+0.004(87.0) 16:-0.012(84.0) 17:+0.003(86.0) 18:+0.051(82.0) 19:+0.019(83.0) 20:+0.005(82.0) 21:+0.022(88.0) 22:+0.014(92.0) 23:+0.010(91.0) 24:+0.024(92.0) 25:-0.009(84.0) 26:+0.018(71.0),2015-01-12,2026-10-07,0,,,,,,,12.64,142.91,9.9157,103.34,2.7242,39.571,-22.335
dt,NZDUSD,forex,False,london24,M15,15,k=0.7,0.7,False,False,M15,3046,486,0.15955,-0.0020647,-0.15705,0.46914,0.015336,0.017401,354,-0.00098818,132,-0.0049517,2015,-0.037965,0.5,-0.020214,-0.038364,True,False,15:-0.038(41.0) 16:-0.037(43.0) 17:+0.000(41.0) 18:+0.038(35.0) 19:+0.131(29.0) 20:-0.022(37.0) 21:+0.004(44.0) 22:+0.002(35.0) 23:-0.036(49.0) 24:+0.021(44.0) 25:-0.016(49.0) 26:-0.021(39.0),2015-01-15,2026-10-07,0,,,,,,,-1.0034,40.739,-0.34982,29.939,-0.65362,10.8,-9.8242
rb,NZDUSD,forex,False,london24,M15,15,RB,0,False,False,M15,3046,941,0.30893,-0.072582,-3.2537,0.42295,-0.028145,0.044437,711,-0.051566,230,-0.13755,2024,-0.246,0.25,-0.051936,-0.03129,False,False,15:-0.129(87.0) 16:+0.003(84.0) 17:-0.016(80.0) 18:+0.009(68.0) 19:-0.242(81.0) 20:-0.018(86.0) 21:-0.047(72.0) 22:+0.008(86.0) 23:-0.018(67.0) 24:-0.246(90.0) 25:-0.034(74.0) 26:-0.106(66.0),2015-01-08,2026-10-01,,492,-0.05005,448,-0.095106,1,-1.0673,-68.299,445.13,-36.664,346.32,-31.636,98.81,-48.872
dt,NZDUSD,forex,False,london24,M30,30,k=0.3,0.3,False,False,M15,3046,2272,0.7459,-0.0037312,-0.30018,0.47887,0.027863,0.031594,1730,-0.0058523,542,0.0030391,2017,-0.044438,0.58333,-0.030248,-0.056766,True,False,15:-0.019(191.0) 16:+0.030(187.0) 17:-0.044(207.0) 18:+0.003(187.0) 19:-0.037(186.0) 20:+0.008(183.0) 21:+0.004(200.0) 22:+0.043(185.0) 23:-0.034(204.0) 24:+0.018(191.0) 25:-0.035(194.0) 26:+0.032(157.0),2015-01-12,2026-10-08,0.0035211,,,,,,,-8.4773,797.19,-10.124,595.2,1.6472,202,-68.724
dt,NZDUSD,forex,False,london24,M30,30,k=0.5,0.5,False,False,M15,3046,1022,0.33552,0.012455,1.0645,0.49511,0.033198,0.020743,775,0.01289,247,0.011087,2016,-0.011769,0.83333,-0.021768,-0.05599,True,False,15:+0.004(87.0) 16:-0.012(84.0) 17:+0.003(86.0) 18:+0.051(82.0) 19:+0.018(83.0) 20:+0.004(82.0) 21:+0.024(88.0) 22:+0.014(92.0) 23:+0.010(91.0) 24:+0.024(92.0) 25:-0.009(84.0) 26:+0.018(71.0),2015-01-12,2026-10-07,0,,,,,,,12.729,143.01,9.9901,103.43,2.7385,39.575,-22.247
dt,NZDUSD,forex,False,london24,M30,30,k=0.7,0.7,False,False,M15,3046,486,0.15955,-0.0015345,-0.11678,0.46502,0.015341,0.016875,354,-0.00025384,132,-0.004969,2015,-0.038095,0.5,-0.019688,-0.037842,True,False,15:-0.038(41.0) 16:-0.037(43.0) 17:+0.000(41.0) 18:+0.038(35.0) 19:+0.131(29.0) 20:-0.020(37.0) 21:+0.008(44.0) 22:+0.002(35.0) 23:-0.036(49.0) 24:+0.021(44.0) 25:-0.016(49.0) 26:-0.021(39.0),2015-01-15,2026-10-07,0,,,,,,,-0.74576,40.702,-0.089858,29.904,-0.65591,10.798,-9.5686
rb,NZDUSD,forex,False,london24,M30,30,RB,0,False,False,M15,3046,936,0.30729,-0.083262,-3.7736,0.41774,-0.038293,0.044969,706,-0.062019,230,-0.14847,2024,-0.26345,0.16667,-0.054744,-0.026226,False,False,15:-0.134(87.0) 16:+0.009(82.0) 17:-0.021(80.0) 18:+0.008(68.0) 19:-0.243(80.0) 20:-0.017(86.0) 21:-0.056(71.0) 22:-0.027(85.0) 23:-0.069(67.0) 24:-0.263(90.0) 25:-0.034(74.0) 26:-0.120(66.0),2015-01-08,2026-10-01,,488,-0.058191,445,-0.10349,3,-1.1605,-77.933,432.55,-43.785,332.69,-34.148,99.864,-51.241
dt,NZDUSD,forex,False,london24,H1,60,k=0.3,0.3,False,True,M15,3046,2214,0.72685,-0.0098153,-0.78908,0.47335,0.021588,0.031403,1685,-0.011103,529,-0.0057134,2019,-0.060222,0.5,-0.0301,-0.050384,True,False,15:-0.043(188.0) 16:+0.037(180.0) 17:-0.044(200.0) 18:-0.017(184.0) 19:-0.060(180.0) 20:+0.019(176.0) 21:+0.011(197.0) 22:+0.045(180.0) 23:-0.041(200.0) 24:+0.008(187.0) 25:-0.036(192.0) 26:+0.015(150.0),2015-01-12,2026-10-08,0.0058717,,,,,,,-21.731,758.3,-18.709,573.15,-3.0224,185.16,-66.641
dt,NZDUSD,forex,False,london24,H1,60,k=0.5,0.5,False,True,M15,3046,994,0.32633,0.0091649,0.78437,0.49296,0.029991,0.020826,758,0.0094094,236,0.0083799,2019,-0.01342,0.66667,-0.022015,-0.053196,True,False,15:-0.009(82.0) 16:+0.006(82.0) 17:+0.008(84.0) 18:+0.043(79.0) 19:-0.013(83.0) 20:+0.002(80.0) 21:+0.031(87.0) 22:+0.018(90.0) 23:-0.001(91.0) 24:+0.013(88.0) 25:-0.002(82.0) 26:+0.015(66.0),2015-01-12,2026-10-07,0,,,,,,,9.11,134.84,7.1323,99.727,1.9776,35.113,-21.883
dt,NZDUSD,forex,False,london24,H1,60,k=0.7,0.7,False,True,M15,3046,467,0.15332,-0.0059569,-0.44821,0.46253,0.010925,0.016881,341,-0.0025452,126,-0.01519,2023,-0.049232,0.5,-0.020081,-0.034206,True,False,15:-0.048(38.0) 16:-0.021(42.0) 17:+0.006(40.0) 18:+0.032(34.0) 19:+0.100(27.0) 20:-0.017(37.0) 21:+0.012(42.0) 22:+0.006(34.0) 23:-0.049(47.0) 24:+0.007(40.0) 25:-0.017(49.0) 26:-0.037(37.0),2015-01-15,2026-10-07,0,,,,,,,-2.7819,38.455,-0.86792,28.715,-1.9139,9.7406,-9.378
rb,NZDUSD,forex,False,london24,H1,60,RB,0,False,True,M15,3046,898,0.29481,-0.094452,-4.2007,0.40646,-0.049424,0.045028,679,-0.077331,219,-0.14754,2019,-0.2822,0.16667,-0.055627,-0.016801,False,False,15:-0.146(85.0) 16:+0.022(78.0) 17:+0.014(77.0) 18:-0.019(64.0) 19:-0.282(79.0) 20:-0.032(85.0) 21:-0.117(64.0) 22:-0.034(81.0) 23:-0.097(66.0) 24:-0.254(85.0) 25:-0.054(69.0) 26:-0.108(65.0),2015-01-08,2026-10-01,,469,-0.069152,424,-0.11107,5,-1.058,-84.818,415.24,-52.508,315.85,-32.31,99.396,-49.953
dt,NZDUSD,forex,False,ny_fx,M15,15,k=0.3,0.3,False,False,M15,3042,1619,0.53222,-0.039698,-3.0061,0.43051,-0.0018549,0.037843,1231,-0.039376,388,-0.040721,2017,-0.10966,0.083333,-0.040608,-0.041518,True,False,15:-0.056(136.0) 16:-0.065(130.0) 17:-0.110(150.0) 18:-0.024(130.0) 19:-0.007(119.0) 20:-0.021(131.0) 21:-0.041(152.0) 22:+0.002(136.0) 23:-0.022(147.0) 24:-0.001(136.0) 25:-0.075(142.0) 26:-0.045(110.0),2015-01-08,2026-10-08,0.009265,,,,,,,-64.271,459.39,-48.471,347.61,-15.8,111.78,-65.744
dt,NZDUSD,forex,False,ny_fx,M15,15,k=0.5,0.5,False,False,M15,3042,644,0.2117,-0.023613,-1.676,0.44876,0.0038217,0.027434,475,-0.015546,169,-0.046286,2026,-0.080767,0.25,-0.028954,-0.034296,True,False,15:-0.002(54.0) 16:-0.010(52.0) 17:-0.056(49.0) 18:-0.024(53.0) 19:+0.014(48.0) 20:-0.051(53.0) 21:-0.061(57.0) 22:+0.036(49.0) 23:+0.016(60.0) 24:-0.017(61.0) 25:-0.049(62.0) 26:-0.081(46.0),2015-01-14,2026-10-08,0,,,,,,,-15.207,82.555,-7.3842,60.416,-7.8223,22.139,-18.647
dt,NZDUSD,forex,False,ny_fx,M15,15,k=0.7,0.7,False,False,M15,3042,296,0.097304,-0.022106,-1.3993,0.41892,-0.0015715,0.020535,218,-0.01458,78,-0.043139,2020,-0.078215,0.16667,-0.022465,-0.022825,True,False,15:-0.014(25.0) 16:+0.009(26.0) 17:-0.000(25.0) 18:-0.068(26.0) 19:-0.014(23.0) 20:-0.078(21.0) 21:-0.073(27.0) 22:-0.001(22.0) 23:+0.115(23.0) 24:-0.023(31.0) 25:-0.058(24.0) 26:-0.055(23.0),2015-01-15,2026-09-29,0,,,,,,,-6.5434,21.938,-3.1785,16.593,-3.3649,5.3459,-6.6497
rb,NZDUSD,forex,False,ny_fx,M15,15,RB,0,False,False,M15,3042,1565,0.51446,-0.090125,-5.3107,0.40895,-0.035912,0.054213,1226,-0.096017,339,-0.068816,2016,-0.14738,0.083333,-0.059287,-0.028448,False,False,15:-0.058(144.0) 16:-0.147(146.0) 17:-0.106(134.0) 18:-0.135(146.0) 19:-0.133(137.0) 20:+0.029(129.0) 21:-0.082(133.0) 22:-0.095(133.0) 23:-0.129(124.0) 24:-0.139(121.0) 25:-0.042(121.0) 26:-0.015(97.0),2015-01-05,2026-10-07,,984,-0.06855,573,-0.11289,8,-1.1132,-141.05,717.62,-117.72,569.43,-23.329,148.19,-92.784
dt,NZDUSD,forex,False,ny_fx,M30,30,k=0.3,0.3,False,False,M15,3042,1616,0.53123,-0.038347,-2.9117,0.43131,-0.0011437,0.037204,1230,-0.039154,386,-0.035777,2017,-0.10976,0.083333,-0.03987,-0.041392,True,False,15:-0.062(136.0) 16:-0.066(130.0) 17:-0.110(150.0) 18:-0.025(130.0) 19:-0.008(119.0) 20:-0.019(131.0) 21:-0.029(151.0) 22:-0.002(136.0) 23:-0.023(147.0) 24:+0.008(135.0) 25:-0.070(141.0) 26:-0.046(110.0),2015-01-08,2026-10-08,0.014851,,,,,,,-61.969,455.07,-48.16,345.95,-13.81,109.12,-64.429
dt,NZDUSD,forex,False,ny_fx,M30,30,k=0.5,0.5,False,False,M15,3042,644,0.2117,-0.023171,-1.6462,0.44876,0.0038217,0.026992,475,-0.014978,169,-0.046198,2026,-0.080577,0.25,-0.028512,-0.033854,True,False,15:-0.002(54.0) 16:-0.010(52.0) 17:-0.056(49.0) 18:-0.023(53.0) 19:+0.014(48.0) 20:-0.050(53.0) 21:-0.057(57.0) 22:+0.036(49.0) 23:+0.016(60.0) 24:-0.017(61.0) 25:-0.049(62.0) 26:-0.081(46.0),2015-01-14,2026-10-08,0,,,,,,,-14.922,82.386,-7.1144,60.266,-7.8075,22.119,-18.362
dt,NZDUSD,forex,False,ny_fx,M30,30,k=0.7,0.7,False,False,M15,3042,296,0.097304,-0.021342,-1.3501,0.4223,-0.0015715,0.01977,218,-0.013578,78,-0.043042,2020,-0.075954,0.16667,-0.021701,-0.022061,True,False,15:-0.014(25.0) 16:+0.009(26.0) 17:-0.000(25.0) 18:-0.068(26.0) 19:-0.014(23.0) 20:-0.076(21.0) 21:-0.066(27.0) 22:-0.001(22.0) 23:+0.115(23.0) 24:-0.023(31.0) 25:-0.058(24.0) 26:-0.055(23.0),2015-01-15,2026-09-29,0,,,,,,,-6.3172,21.954,-2.9599,16.614,-3.3573,5.34,-6.4236
rb,NZDUSD,forex,False,ny_fx,M30,30,RB,0,False,False,M15,3042,1558,0.51216,-0.097696,-5.8009,0.40436,-0.043925,0.05377,1221,-0.10374,337,-0.075789,2019,-0.16017,0.083333,-0.064049,-0.030403,False,False,15:-0.079(144.0) 16:-0.141(144.0) 17:-0.123(134.0) 18:-0.136(145.0) 19:-0.160(137.0) 20:+0.029(129.0) 21:-0.070(133.0) 22:-0.100(132.0) 23:-0.145(123.0) 24:-0.140(121.0) 25:-0.037(119.0) 26:-0.043(97.0),2015-01-05,2026-10-07,,982,-0.07721,563,-0.1104,13,-1.0948,-152.21,702.9,-126.67,558.29,-25.541,144.61,-99.789
dt,NZDUSD,forex,False,ny_fx,H1,60,k=0.3,0.3,False,False,M15,3042,1610,0.52926,-0.037816,-2.8723,0.43292,-0.0013359,0.03648,1227,-0.039122,383,-0.033632,2017,-0.1099,0.16667,-0.040608,-0.0434,True,False,15:-0.083(135.0) 16:-0.061(129.0) 17:-0.110(150.0) 18:-0.025(130.0) 19:-0.007(119.0) 20:-0.019(131.0) 21:-0.022(151.0) 22:+0.005(135.0) 23:-0.023(147.0) 24:+0.011(134.0) 25:-0.072(140.0) 26:-0.038(109.0),2015-01-08,2026-10-08,0.021118,,,,,,,-60.884,451.33,-48.003,342.39,-12.881,108.94,-65.379
dt,NZDUSD,forex,False,ny_fx,H1,60,k=0.5,0.5,False,False,M15,3042,644,0.2117,-0.022548,-1.6014,0.45031,0.0033008,0.025849,475,-0.014177,169,-0.046075,2026,-0.080477,0.25,-0.027368,-0.032189,True,False,15:-0.009(54.0) 16:-0.010(52.0) 17:-0.056(49.0) 18:-0.023(53.0) 19:+0.014(48.0) 20:-0.048(53.0) 21:-0.046(57.0) 22:+0.036(49.0) 23:+0.016(60.0) 24:-0.017(61.0) 25:-0.049(62.0) 26:-0.080(46.0),2015-01-14,2026-10-08,0.0015528,,,,,,,-14.521,82.417,-6.7341,60.3,-7.7867,22.116,-17.625
dt,NZDUSD,forex,False,ny_fx,H1,60,k=0.7,0.7,False,False,M15,3042,296,0.097304,-0.021527,-1.3636,0.4223,-0.0015715,0.019955,218,-0.013874,78,-0.042917,2020,-0.074814,0.16667,-0.021886,-0.022245,True,False,15:-0.015(25.0) 16:+0.009(26.0) 17:-0.000(25.0) 18:-0.067(26.0) 19:-0.014(23.0) 20:-0.075(21.0) 21:-0.068(27.0) 22:-0.002(22.0) 23:+0.115(23.0) 24:-0.023(31.0) 25:-0.058(24.0) 26:-0.055(23.0),2015-01-15,2026-09-29,0,,,,,,,-6.372,21.898,-3.0244,16.56,-3.3475,5.3379,-6.4783
rb,NZDUSD,forex,False,ny_fx,H1,60,RB,0,False,False,M15,3042,1536,0.50493,-0.11541,-6.8782,0.39518,-0.06303,0.052377,1203,-0.12056,333,-0.096806,2024,-0.16937,0,-0.059107,-0.0028067,False,False,15:-0.080(142.0) 16:-0.140(143.0) 17:-0.155(133.0) 18:-0.134(142.0) 19:-0.154(136.0) 20:-0.031(129.0) 21:-0.108(130.0) 22:-0.126(127.0) 23:-0.157(121.0) 24:-0.169(122.0) 25:-0.067(117.0) 26:-0.040(94.0),2015-01-05,2026-10-07,,977,-0.096324,551,-0.13481,8,-1.1093,-177.27,684.21,-145.03,542.99,-32.236,141.22,-90.788
dt,PFE,stock,False,us_cash,M5,5,k=0.3,0.3,False,False,M5,1288,910,0.70652,-0.13724,-6.7531,0.37033,-0.022395,0.11484,433,-0.065375,477,-0.20247,2026,-0.35689,0,-0.12048,-0.10373,False,False,21:-0.116(85.0) 22:-0.079(178.0) 23:-0.025(170.0) 24:-0.097(164.0) 25:-0.180(175.0) 26:-0.357(138.0),2021-08-03,2026-10-08,0.0032967,,,,,,,-124.89,358.75,-28.307,148.31,-96.578,210.44,-109.64
dt,PFE,stock,False,us_cash,M5,5,k=0.5,0.5,False,False,M5,1288,409,0.31755,-0.11389,-5.3322,0.3643,-0.035469,0.078421,202,-0.08109,207,-0.1459,2026,-0.27846,0,-0.076858,-0.039827,False,False,21:-0.096(34.0) 22:-0.097(81.0) 23:-0.061(87.0) 24:-0.078(70.0) 25:-0.084(69.0) 26:-0.278(68.0),2021-08-03,2026-10-02,0.002445,,,,,,,-46.581,81.433,-16.38,33.916,-30.201,47.517,-31.435
dt,PFE,stock,False,us_cash,M5,5,k=0.7,0.7,False,False,M5,1288,194,0.15062,-0.091903,-3.6928,0.37629,-0.030458,0.061444,96,-0.091522,98,-0.092276,2026,-0.22742,0,-0.0582,-0.024498,False,False,21:-0.070(16.0) 22:-0.069(33.0) 23:-0.115(47.0) 24:-0.039(31.0) 25:-0.022(36.0) 26:-0.227(31.0),2021-08-03,2026-10-02,0.0051546,,,,,,,-17.829,24.828,-8.7861,11.637,-9.043,13.191,-11.291
rb,PFE,stock,False,us_cash,M5,5,RB,0,False,False,M5,1288,456,0.35404,-0.20753,-6.1915,0.3114,-0.043823,0.16371,186,-0.11082,270,-0.27415,2026,-0.46621,0,-0.15639,-0.10525,False,False,21:-0.007(36.0) 22:-0.183(75.0) 23:-0.088(75.0) 24:-0.137(102.0) 25:-0.267(92.0) 26:-0.466(76.0),2021-08-02,2026-09-24,,241,-0.11372,215,-0.31268,0,,-94.634,252.74,-20.613,97.352,-74.021,155.39,-71.315
dt,PFE,stock,False,us_cash,M15,15,k=0.3,0.3,False,False,M5,1288,909,0.70575,-0.13763,-6.7396,0.36964,-0.022072,0.11555,432,-0.065882,477,-0.2026,2026,-0.35591,0,-0.12116,-0.10469,False,False,21:-0.119(85.0) 22:-0.073(177.0) 23:-0.031(170.0) 24:-0.099(164.0) 25:-0.179(175.0) 26:-0.356(138.0),2021-08-03,2026-10-08,0.0055006,,,,,,,-125.1,361.4,-28.461,150.82,-96.642,210.58,-110.13
dt,PFE,stock,False,us_cash,M15,15,k=0.5,0.5,False,False,M5,1288,409,0.31755,-0.11535,-5.3495,0.3643,-0.036703,0.078651,202,-0.083939,207,-0.14601,2026,-0.27836,0,-0.077088,-0.038822,False,False,21:-0.096(34.0) 22:-0.097(81.0) 23:-0.067(87.0) 24:-0.077(70.0) 25:-0.085(69.0) 26:-0.278(68.0),2021-08-03,2026-10-02,0.00489,,,,,,,-47.18,83.035,-16.956,35.497,-30.224,47.538,-31.529
dt,PFE,stock,False,us_cash,M15,15,k=0.7,0.7,False,False,M5,1288,194,0.15062,-0.093312,-3.682,0.37113,-0.031768,0.061544,96,-0.094897,98,-0.091759,2026,-0.22742,0,-0.058032,-0.022752,False,False,21:-0.070(16.0) 22:-0.069(33.0) 23:-0.121(47.0) 24:-0.038(31.0) 25:-0.021(36.0) 26:-0.227(31.0),2021-08-03,2026-10-02,0.0051546,,,,,,,-18.102,25.736,-9.1101,12.391,-8.9923,13.345,-11.258
rb,PFE,stock,False,us_cash,M15,15,RB,0,False,False,M5,1288,455,0.35326,-0.20813,-6.3575,0.32088,-0.045956,0.16218,185,-0.111,270,-0.27469,2026,-0.43063,0,-0.15804,-0.10795,False,False,21:-0.031(36.0) 22:-0.180(74.0) 23:-0.081(75.0) 24:-0.144(102.0) 25:-0.291(92.0) 26:-0.431(76.0),2021-08-02,2026-09-24,,241,-0.13457,212,-0.28345,2,-1.0893,-94.701,241.11,-20.535,89.264,-74.166,151.84,-71.909
dt,PFE,stock,False,us_cash,M30,30,k=0.3,0.3,False,False,M5,1288,907,0.70419,-0.13532,-6.688,0.37045,-0.019471,0.11585,431,-0.061713,476,-0.20197,2026,-0.3558,0,-0.12186,-0.1084,False,False,21:-0.107(84.0) 22:-0.074(177.0) 23:-0.027(170.0) 24:-0.096(163.0) 25:-0.179(175.0) 26:-0.356(138.0),2021-08-03,2026-10-08,0.0088203,,,,,,,-122.74,353.01,-26.598,145.86,-96.137,207.15,-110.53
dt,PFE,stock,False,us_cash,M30,30,k=0.5,0.5,False,False,M5,1288,408,0.31677,-0.11313,-5.2825,0.3652,-0.034349,0.078781,202,-0.081659,206,-0.14399,2026,-0.27836,0,-0.077214,-0.041298,False,False,21:-0.096(34.0) 22:-0.097(81.0) 23:-0.062(87.0) 24:-0.071(69.0) 25:-0.085(69.0) 26:-0.278(68.0),2021-08-03,2026-10-02,0.0073529,,,,,,,-46.157,81.381,-16.495,34.03,-29.662,47.351,-31.503
dt,PFE,stock,False,us_cash,M30,30,k=0.7,0.7,False,False,M5,1288,194,0.15062,-0.091704,-3.6724,0.37113,-0.030124,0.06158,96,-0.091707,98,-0.091701,2026,-0.22742,0,-0.058068,-0.024431,False,False,21:-0.071(16.0) 22:-0.069(33.0) 23:-0.114(47.0) 24:-0.038(31.0) 25:-0.021(36.0) 26:-0.227(31.0),2021-08-03,2026-10-02,0.0051546,,,,,,,-17.791,24.979,-8.8039,11.634,-8.9867,13.345,-11.265
rb,PFE,stock,False,us_cash,M30,30,RB,0,False,False,M5,1288,450,0.34938,-0.21823,-6.8081,0.32,-0.058664,0.15956,182,-0.12872,268,-0.27901,2026,-0.42676,0.16667,-0.16428,-0.11034,False,False,21:+0.030(34.0) 22:-0.187(74.0) 23:-0.143(74.0) 24:-0.144(101.0) 25:-0.307(92.0) 26:-0.427(75.0),2021-08-02,2026-09-24,,241,-0.14952,206,-0.28599,3,-1.0845,-98.201,229.02,-23.427,85.235,-74.775,143.79,-73.926
dt,PFE,stock,False,us_cash,H1,60,k=0.3,0.3,False,True,M5,1288,870,0.67547,-0.13121,-6.45,0.36437,-0.014804,0.11641,413,-0.058947,457,-0.19652,2026,-0.34441,0,-0.121,-0.1108,False,False,21:-0.123(82.0) 22:-0.055(166.0) 23:-0.031(165.0) 24:-0.120(157.0) 25:-0.150(166.0) 26:-0.344(134.0),2021-08-03,2026-10-08,0.021839,,,,,,,-114.15,327.85,-24.345,131.02,-89.81,196.83,-105.27
dt,PFE,stock,False,us_cash,H1,60,k=0.5,0.5,False,True,M5,1288,390,0.3028,-0.10996,-5.047,0.3641,-0.030291,0.079672,194,-0.082961,196,-0.13669,2026,-0.27781,0,-0.077395,-0.044827,False,False,21:-0.115(32.0) 22:-0.090(80.0) 23:-0.063(82.0) 24:-0.078(65.0) 25:-0.052(65.0) 26:-0.278(66.0),2021-08-03,2026-10-02,0.0076923,,,,,,,-42.885,76.734,-16.094,30.772,-26.791,45.962,-30.184
dt,PFE,stock,False,us_cash,H1,60,k=0.7,0.7,False,True,M5,1288,176,0.13665,-0.091149,-3.35,0.34659,-0.027641,0.063508,86,-0.10111,90,-0.081634,2026,-0.24215,0.16667,-0.059429,-0.027709,False,False,21:-0.106(12.0) 22:-0.072(30.0) 23:-0.120(44.0) 24:-0.029(29.0) 25:+0.008(33.0) 26:-0.242(28.0),2021-08-10,2026-10-02,0.0056818,,,,,,,-16.042,24.264,-8.6951,11.005,-7.347,13.259,-10.459
rb,PFE,stock,False,us_cash,H1,60,RB,0,False,True,M5,1288,416,0.32298,-0.20339,-6.3801,0.33654,-0.045511,0.15788,166,-0.079123,250,-0.28591,2026,-0.46047,0.16667,-0.15983,-0.11628,False,False,21:+0.046(30.0) 22:-0.133(67.0) 23:-0.081(69.0) 24:-0.181(94.0) 25:-0.261(87.0) 26:-0.460(69.0),2021-08-02,2026-09-24,,227,-0.18054,184,-0.20417,5,-1.2121,-84.612,192.66,-13.134,58.678,-71.477,133.99,-66.491
dt,PLTR,stock,True,us_cash,M5,5,k=0.3,0.3,False,False,M5,1357,855,0.63007,0.045076,2.2087,0.52515,0.048727,0.0036512,442,0.058244,413,0.030983,2020,-0.0057362,0.71429,0.0014578,-0.04216,True,False,20:-0.006(10.0) 21:+0.048(140.0) 22:-0.003(151.0) 23:+0.138(141.0) 24:+0.034(156.0) 25:+0.012(141.0) 26:+0.049(116.0),2020-12-14,2026-10-08,0,,,,,,,38.54,305.84,25.744,149.7,12.796,156.14,1.2464
dt,PLTR,stock,True,us_cash,M5,5,k=0.5,0.5,False,False,M5,1357,387,0.28519,0.028067,1.4016,0.52455,0.030504,0.0024366,203,0.019262,184,0.037782,2021,-0.013485,0.83333,-0.0049471,-0.037961,True,False,20:-0.178(5.0) 21:-0.013(67.0) 22:+0.024(55.0) 23:+0.058(76.0) 24:+0.021(68.0) 25:+0.025(62.0) 26:+0.074(54.0),2020-12-15,2026-10-08,0,,,,,,,10.862,60.21,3.9102,31.087,6.9518,29.123,-1.9145
dt,PLTR,stock,True,us_cash,M5,5,k=0.7,0.7,False,False,M5,1357,189,0.13928,0.021477,0.9779,0.51852,0.023465,0.0019881,94,0.0077888,95,0.03502,2021,-0.0094538,0.66667,-0.0012008,-0.023878,True,False,20:-0.325(4.0) 21:-0.009(27.0) 22:+0.014(23.0) 23:+0.049(40.0) 24:+0.049(35.0) 25:-0.006(31.0) 26:+0.062(29.0),2020-12-15,2026-10-08,0,,,,,,,4.0591,17.225,0.73215,9.5931,3.3269,7.632,-0.22695
rb,PLTR,stock,True,us_cash,M5,5,RB,0,False,False,M5,1357,544,0.40088,0.015306,0.49552,0.4761,0.01992,0.0046138,276,0.0062023,268,0.024682,2025,-0.059193,0.66667,-0.0039769,-0.02326,True,False,20:+0.063(4.0) 21:-0.025(93.0) 22:+0.019(90.0) 23:+0.024(89.0) 24:+0.127(85.0) 25:-0.059(98.0) 26:+0.019(85.0),2020-12-17,2026-10-08,,289,0.00059674,255,0.031977,0,,8.3266,281.97,1.7118,128.11,6.6147,153.85,-2.1634
dt,PLTR,stock,True,us_cash,M15,15,k=0.3,0.3,False,False,M5,1357,855,0.63007,0.045389,2.2239,0.52515,0.049077,0.0036884,442,0.058905,413,0.030924,2020,-0.0057362,0.71429,0.0014538,-0.042481,True,False,20:-0.006(10.0) 21:+0.048(140.0) 22:-0.002(151.0) 23:+0.140(141.0) 24:+0.034(156.0) 25:+0.012(141.0) 26:+0.049(116.0),2020-12-14,2026-10-08,0,,,,,,,38.807,305.91,26.036,149.78,12.771,156.13,1.243
dt,PLTR,stock,True,us_cash,M15,15,k=0.5,0.5,False,False,M5,1357,387,0.28519,0.028344,1.4161,0.52455,0.030817,0.0024739,203,0.01986,184,0.037703,2021,-0.013485,0.83333,-0.0049845,-0.038312,True,False,20:-0.178(5.0) 21:-0.013(67.0) 22:+0.026(55.0) 23:+0.058(76.0) 24:+0.021(68.0) 25:+0.025(62.0) 26:+0.073(54.0),2020-12-15,2026-10-08,0,,,,,,,10.969,60.157,4.0316,31.041,6.9374,29.116,-1.929
dt,PLTR,stock,True,us_cash,M15,15,k=0.7,0.7,False,False,M5,1357,189,0.13928,0.021495,0.97882,0.51852,0.0235,0.0020048,94,0.0078595,95,0.034987,2021,-0.0092077,0.66667,-0.0012175,-0.02393,True,False,20:-0.325(4.0) 21:-0.009(27.0) 22:+0.014(23.0) 23:+0.049(40.0) 24:+0.049(35.0) 25:-0.006(31.0) 26:+0.062(29.0),2020-12-15,2026-10-08,0,,,,,,,4.0626,17.223,0.73879,9.5937,3.3238,7.6289,-0.23011
rb,PLTR,stock,True,us_cash,M15,15,RB,0,False,False,M5,1357,544,0.40088,0.0066292,0.2211,0.47243,0.011227,0.0045983,276,0.0096577,268,0.0035104,2025,-0.10469,0.66667,-0.0065662,-0.019762,True,False,20:+0.063(4.0) 21:-0.001(93.0) 22:+0.004(90.0) 23:+0.025(89.0) 24:+0.130(85.0) 25:-0.105(98.0) 26:+0.002(85.0),2020-12-17,2026-10-08,,289,-0.0060736,255,0.021026,0,,3.6063,265.58,2.6655,126.44,0.94078,139.14,-3.572
dt,PLTR,stock,True,us_cash,M30,30,k=0.3,0.3,False,False,M5,1357,854,0.62933,0.045711,2.237,0.52576,0.049394,0.0036838,442,0.058985,412,0.031469,2020,-0.0053487,0.71429,0.0028968,-0.039917,True,False,20:-0.005(10.0) 21:+0.048(140.0) 22:-0.002(151.0) 23:+0.140(141.0) 24:+0.033(156.0) 25:+0.016(140.0) 26:+0.049(116.0),2020-12-14,2026-10-08,0.0058548,,,,,,,39.037,305.95,26.071,149.72,12.965,156.23,2.4739
dt,PLTR,stock,True,us_cash,M30,30,k=0.5,0.5,False,False,M5,1357,387,0.28519,0.028345,1.4162,0.52455,0.030817,0.002472,203,0.01986,184,0.037707,2021,-0.013485,0.83333,-0.0049825,-0.038311,True,False,20:-0.178(5.0) 21:-0.013(67.0) 22:+0.026(55.0) 23:+0.058(76.0) 24:+0.021(68.0) 25:+0.025(62.0) 26:+0.073(54.0),2020-12-15,2026-10-08,0.002584,,,,,,,10.97,60.157,4.0316,31.041,6.9381,29.116,-1.9282
dt,PLTR,stock,True,us_cash,M30,30,k=0.7,0.7,False,False,M5,1357,189,0.13928,0.021487,0.97845,0.51852,0.0235,0.0020128,94,0.0078595,95,0.034971,2021,-0.0092077,0.66667,-0.0012255,-0.023938,True,False,20:-0.325(4.0) 21:-0.009(27.0) 22:+0.014(23.0) 23:+0.049(40.0) 24:+0.049(35.0) 25:-0.006(31.0) 26:+0.062(29.0),2020-12-15,2026-10-08,0,,,,,,,4.061,17.223,0.73879,9.5937,3.3222,7.6288,-0.23162
rb,PLTR,stock,True,us_cash,M30,30,RB,0,False,False,M5,1357,533,0.39278,0.0038447,0.13474,0.4803,0.008315,0.0044703,269,0.014516,264,-0.0070293,2025,-0.12413,0.5,-0.0048655,-0.013576,True,False,20:+0.063(4.0) 21:-0.017(91.0) 22:+0.038(86.0) 23:+0.021(88.0) 24:+0.134(83.0) 25:-0.124(97.0) 26:-0.011(84.0),2020-12-17,2026-10-08,,288,-0.010729,244,0.025171,1,-1.0026,2.0492,230.89,3.9049,117.17,-1.8557,113.72,-2.5933
dt,PLTR,stock,True,us_cash,H1,60,k=0.3,0.3,False,True,M5,1357,830,0.61164,0.038248,1.8965,0.51807,0.042008,0.0037598,425,0.052627,405,0.023159,2022,-0.015529,0.85714,0.0008069,-0.036635,True,False,20:+0.024(10.0) 21:+0.033(136.0) 22:-0.016(141.0) 23:+0.144(138.0) 24:+0.013(150.0) 25:+0.006(139.0) 26:+0.058(116.0),2020-12-14,2026-10-08,0.016867,,,,,,,31.746,281.08,22.367,142.11,9.3794,138.97,0.66973
dt,PLTR,stock,True,us_cash,H1,60,k=0.5,0.5,False,True,M5,1357,373,0.27487,0.018564,0.92919,0.50402,0.021036,0.0024714,197,0.01687,176,0.02046,2021,-0.026055,0.5,-0.005091,-0.028746,True,False,20:-0.162(5.0) 21:-0.026(65.0) 22:+0.036(52.0) 23:+0.053(75.0) 24:-0.004(67.0) 25:-0.008(57.0) 26:+0.084(52.0),2020-12-15,2026-10-08,0.002681,,,,,,,6.9244,55.514,3.3234,29.989,3.601,25.524,-1.8989
dt,PLTR,stock,True,us_cash,H1,60,k=0.7,0.7,False,True,M5,1357,170,0.12528,0.010708,0.45172,0.51176,0.012693,0.0019854,85,0.0065794,85,0.014837,2025,-0.046658,0.66667,-0.00139,-0.013488,True,False,20:-0.581(2.0) 21:-0.026(26.0) 22:+0.011(21.0) 23:+0.060(36.0) 24:+0.016(31.0) 25:-0.047(28.0) 26:+0.080(26.0),2020-12-15,2026-10-08,0,,,,,,,1.8204,16.163,0.55925,9.5045,1.2611,6.6588,-0.2363
rb,PLTR,stock,True,us_cash,H1,60,RB,0,False,True,M5,1357,498,0.36699,-0.032484,-1.2249,0.46586,-0.028177,0.004307,253,-0.015957,245,-0.04955,2025,-0.18269,0.33333,-0.011341,0.0098018,False,False,20:+0.386(3.0) 21:-0.055(88.0) 22:-0.006(76.0) 23:+0.001(86.0) 24:+0.090(76.0) 25:-0.183(91.0) 26:-0.030(78.0),2020-12-17,2026-10-08,,277,-0.040056,220,-0.01854,1,-1.0026,-16.177,174.6,-4.0372,90.277,-12.14,84.325,-5.6478
dt,QCOM,stock,True,us_cash,M5,5,k=0.3,0.3,False,False,M5,1368,852,0.62281,0.046102,2.394,0.51761,0.051697,0.0055949,453,0.053435,399,0.037777,2020,-0.082801,0.71429,-0.0060175,-0.058137,True,False,20:-0.083(22.0) 21:+0.026(136.0) 22:+0.089(142.0) 23:+0.065(153.0) 24:+0.052(139.0) 25:+0.074(138.0) 26:-0.020(122.0),2020-11-11,2026-10-07,0.0023474,,,,,,,39.279,270.68,24.206,135.21,15.073,135.48,-5.1269
dt,QCOM,stock,True,us_cash,M5,5,k=0.5,0.5,False,False,M5,1368,375,0.27412,0.03479,1.8625,0.51733,0.038513,0.0037231,199,0.025232,176,0.045596,2026,-0.026069,0.83333,-0.0050437,-0.044877,True,False,20:-0.067(7.0) 21:+0.010(57.0) 22:+0.015(61.0) 23:+0.054(74.0) 24:+0.041(61.0) 25:+0.116(60.0) 26:-0.026(55.0),2020-11-18,2026-10-05,0,,,,,,,13.046,49.389,5.0213,24.567,8.025,24.822,-1.8914
dt,QCOM,stock,True,us_cash,M5,5,k=0.7,0.7,False,False,M5,1368,182,0.13304,0.0068242,0.32174,0.55495,0.0096751,0.002851,99,-0.0038025,83,0.019499,2026,-0.074164,0.66667,-0.0034208,-0.013666,True,False,20:+0.060(3.0) 21:+0.001(26.0) 22:-0.057(33.0) 23:+0.034(37.0) 24:+0.001(30.0) 25:+0.130(27.0) 26:-0.074(26.0),2020-12-04,2026-09-28,0,,,,,,,1.242,14.828,-0.37644,6.519,1.6184,8.3088,-0.62259
rb,QCOM,stock,True,us_cash,M5,5,RB,0,False,False,M5,1368,552,0.40351,-0.0019255,-0.064395,0.46196,0.0051243,0.0070499,276,-0.0014415,276,-0.0024095,2020,-0.13913,0.42857,0.0015705,0.0050665,False,False,20:-0.139(18.0) 21:+0.075(79.0) 22:+0.127(79.0) 23:-0.138(100.0) 24:-0.092(103.0) 25:+0.123(99.0) 26:-0.045(74.0),2020-11-04,2026-10-08,,296,0.017488,256,-0.024372,0,,-1.0629,271.94,-0.39786,141.67,-0.66502,130.28,0.86692
dt,QCOM,stock,True,us_cash,M15,15,k=0.3,0.3,False,False,M5,1368,852,0.62281,0.046285,2.4027,0.51526,0.051903,0.0056176,453,0.054164,399,0.03734,2020,-0.079352,0.71429,-0.0058553,-0.057996,True,False,20:-0.079(22.0) 21:+0.027(136.0) 22:+0.089(142.0) 23:+0.065(153.0) 24:+0.052(139.0) 25:+0.075(138.0) 26:-0.022(122.0),2020-11-11,2026-10-07,0.0046948,,,,,,,39.435,270.89,24.536,135.39,14.899,135.5,-4.9887
dt,QCOM,stock,True,us_cash,M15,15,k=0.5,0.5,False,False,M5,1368,375,0.27412,0.034922,1.8693,0.51467,0.038754,0.0038322,199,0.025481,176,0.045596,2026,-0.026813,0.83333,-0.0051528,-0.045227,True,False,20:-0.067(7.0) 21:+0.010(57.0) 22:+0.015(61.0) 23:+0.055(74.0) 24:+0.042(61.0) 25:+0.116(60.0) 26:-0.027(55.0),2020-11-18,2026-10-05,0,,,,,,,13.096,49.408,5.0708,24.579,8.0249,24.829,-1.9323
dt,QCOM,stock,True,us_cash,M15,15,k=0.7,0.7,False,False,M5,1368,182,0.13304,0.0069594,0.32812,0.55495,0.0098084,0.002849,99,-0.0035574,83,0.019504,2026,-0.07415,0.66667,-0.0034188,-0.013797,True,False,20:+0.060(3.0) 21:+0.002(26.0) 22:-0.057(33.0) 23:+0.034(37.0) 24:+0.001(30.0) 25:+0.130(27.0) 26:-0.074(26.0),2020-12-04,2026-09-28,0,,,,,,,1.2666,14.829,-0.35219,6.5172,1.6188,8.3114,-0.62222
rb,QCOM,stock,True,us_cash,M15,15,RB,0,False,False,M5,1368,551,0.40278,-0.0055849,-0.1882,0.46279,0.0012615,0.0068464,276,-0.017434,275,0.0063073,2023,-0.1392,0.42857,-0.00057221,0.0044404,False,False,20:-0.139(18.0) 21:+0.020(79.0) 22:+0.127(79.0) 23:-0.139(100.0) 24:-0.063(103.0) 25:+0.120(99.0) 26:-0.050(73.0),2020-11-04,2026-10-08,,296,0.016985,255,-0.031784,0,,-3.0773,266.88,-4.8118,137.19,1.7345,129.7,-0.31529
dt,QCOM,stock,True,us_cash,M30,30,k=0.3,0.3,False,False,M5,1368,852,0.62281,0.046571,2.4172,0.51761,0.052174,0.0056027,453,0.054166,399,0.037948,2020,-0.079352,0.71429,-0.0058404,-0.058252,True,False,20:-0.079(22.0) 21:+0.027(136.0) 22:+0.089(142.0) 23:+0.065(153.0) 24:+0.052(139.0) 25:+0.075(138.0) 26:-0.020(122.0),2020-11-11,2026-10-07,0.0058685,,,,,,,39.679,270.99,24.537,135.39,15.141,135.6,-4.976
dt,QCOM,stock,True,us_cash,M30,30,k=0.5,0.5,False,False,M5,1368,375,0.27412,0.0349,1.8682,0.51467,0.038754,0.0038545,199,0.025481,176,0.045549,2026,-0.026964,0.83333,-0.0051751,-0.04525,True,False,20:-0.067(7.0) 21:+0.010(57.0) 22:+0.015(61.0) 23:+0.055(74.0) 24:+0.042(61.0) 25:+0.116(60.0) 26:-0.027(55.0),2020-11-18,2026-10-05,0,,,,,,,13.087,49.399,5.0708,24.579,8.0166,24.819,-1.9406
dt,QCOM,stock,True,us_cash,M30,30,k=0.7,0.7,False,False,M5,1368,182,0.13304,0.0069637,0.32831,0.55495,0.0098084,0.0028447,99,-0.0035574,83,0.019513,2026,-0.07412,0.66667,-0.0034145,-0.013793,True,False,20:+0.060(3.0) 21:+0.002(26.0) 22:-0.057(33.0) 23:+0.034(37.0) 24:+0.001(30.0) 25:+0.130(27.0) 26:-0.074(26.0),2020-12-04,2026-09-28,0,,,,,,,1.2674,14.83,-0.35219,6.5172,1.6196,8.3127,-0.62144
rb,QCOM,stock,True,us_cash,M30,30,RB,0,False,False,M5,1368,541,0.39547,-0.00034334,-0.011609,0.4695,0.0062593,0.0066026,272,-0.0018437,269,0.0011738,2020,-0.14516,0.42857,-0.0017497,-0.003156,True,False,20:-0.145(17.0) 21:+0.058(78.0) 22:+0.128(78.0) 23:-0.127(99.0) 24:-0.053(101.0) 25:+0.134(96.0) 26:-0.100(72.0),2020-11-04,2026-10-08,,293,0.018458,246,-0.014573,2,-1.0045,-0.18575,255.53,-0.50149,136.74,0.31574,118.79,-0.94658
dt,QCOM,stock,True,us_cash,H1,60,k=0.3,0.3,False,True,M5,1368,818,0.59795,0.047736,2.4761,0.51467,0.053366,0.0056303,437,0.053454,381,0.041177,2020,-0.066978,0.71429,-0.0050307,-0.057797,True,False,20:-0.067(21.0) 21:+0.021(129.0) 22:+0.090(137.0) 23:+0.065(150.0) 24:+0.055(133.0) 25:+0.080(132.0) 26:-0.019(116.0),2020-11-11,2026-10-07,0.022005,,,,,,,39.048,250.26,23.359,121.04,15.689,129.22,-4.1151
dt,QCOM,stock,True,us_cash,H1,60,k=0.5,0.5,False,True,M5,1368,344,0.25146,0.04329,2.2798,0.52907,0.047082,0.0037921,183,0.031995,161,0.056128,2026,-0.023236,0.66667,-0.004027,-0.051344,True,False,20:-0.033(6.0) 21:-0.001(49.0) 22:+0.029(56.0) 23:+0.062(72.0) 24:+0.048(56.0) 25:+0.137(55.0) 26:-0.023(50.0),2020-11-18,2026-10-05,0,,,,,,,14.892,43.187,5.8551,20.381,9.0366,22.806,-1.3853
dt,QCOM,stock,True,us_cash,H1,60,k=0.7,0.7,False,True,M5,1368,167,0.12208,0.010612,0.4862,0.51497,0.01358,0.0029685,89,-0.0015981,78,0.024543,2026,-0.066766,0.5,-0.0031122,-0.016836,True,False,20:+0.071(3.0) 21:-0.017(23.0) 22:-0.061(29.0) 23:+0.053(34.0) 24:+0.008(30.0) 25:+0.136(24.0) 26:-0.067(24.0),2020-12-04,2026-09-28,0,,,,,,,1.7721,13.224,-0.14223,5.4598,1.9144,7.7644,-0.51974
rb,QCOM,stock,True,us_cash,H1,60,RB,0,False,True,M5,1368,494,0.36111,-0.02859,-1.003,0.45344,-0.022086,0.0065036,243,-0.020244,251,-0.036669,2020,-0.22991,0.42857,-0.0044464,0.019697,False,False,20:-0.230(15.0) 21:+0.091(68.0) 22:+0.073(71.0) 23:-0.145(89.0) 24:-0.090(95.0) 25:+0.069(89.0) 26:-0.101(67.0),2020-11-04,2026-10-08,,272,0.0041527,221,-0.064465,1,-1.006,-14.123,198.28,-4.9193,97.83,-9.2039,100.45,-2.1965
dt,SOLUSD,crypto,False,us_cash,M5,5,k=0.3,0.3,False,False,M5,379,191,0.50396,0.019204,0.52986,0.50262,0.044699,0.025495,0,,191,0.019204,2026,0.0093832,1,-0.021086,-0.061376,True,False,25:+0.030(93.0) 26:+0.009(98.0),2025-05-05,2026-10-08,0,,,,,,,3.6679,47.739,0,0,3.6679,47.739,-4.0275
dt,SOLUSD,crypto,False,us_cash,M5,5,k=0.5,0.5,False,False,M5,379,76,0.20053,0.0023423,0.059217,0.5,0.01971,0.017368,0,,76,0.0023423,2026,-0.010912,0.5,-0.015763,-0.033868,True,False,25:+0.016(37.0) 26:-0.011(39.0),2025-05-08,2026-10-08,0,,,,,,,0.17801,8.9182,0,0,0.17801,8.9182,-1.198
dt,SOLUSD,crypto,False,us_cash,M5,5,k=0.7,0.7,False,False,M5,379,33,0.087071,0.016905,0.41008,0.51515,0.030934,0.014029,0,,33,0.016905,2025,0.010489,1,-0.014029,-0.044962,True,False,25:+0.010(16.0) 26:+0.023(17.0),2025-05-08,2026-10-08,0,,,,,,,0.55786,1.804,0,0,0.55786,1.804,-0.46294
rb,SOLUSD,crypto,False,us_cash,M5,5,RB,0,False,False,M5,379,195,0.51451,-0.013202,-0.31182,0.45641,0.018446,0.031649,0,,195,-0.013202,2026,-0.017466,0,-0.039674,-0.066145,True,False,25:-0.009(95.0) 26:-0.017(100.0),2025-04-30,2026-10-08,,133,0.062512,62,-0.17562,0,,-2.5745,67.851,0,0,-2.5745,67.851,-7.7364
dt,SOLUSD,crypto,False,us_cash,M15,15,k=0.3,0.3,False,False,M5,379,191,0.50396,0.019226,0.53042,0.50262,0.044699,0.025473,0,,191,0.019226,2026,0.009428,1,-0.021064,-0.061354,True,False,25:+0.030(93.0) 26:+0.009(98.0),2025-05-05,2026-10-08,0,,,,,,,3.6721,47.749,0,0,3.6721,47.749,-4.0233
dt,SOLUSD,crypto,False,us_cash,M15,15,k=0.5,0.5,False,False,M5,379,76,0.20053,0.0023084,0.058381,0.5,0.019718,0.01741,0,,76,0.0023084,2026,-0.010978,0.5,-0.015804,-0.033917,True,False,25:+0.016(37.0) 26:-0.011(39.0),2025-05-08,2026-10-08,0,,,,,,,0.17544,8.9118,0,0,0.17544,8.9118,-1.2011
dt,SOLUSD,crypto,False,us_cash,M15,15,k=0.7,0.7,False,False,M5,379,33,0.087071,0.016837,0.4087,0.51515,0.030934,0.014097,0,,33,0.016837,2025,0.010489,1,-0.014097,-0.045031,True,False,25:+0.010(16.0) 26:+0.023(17.0),2025-05-08,2026-10-08,0,,,,,,,0.55561,1.8014,0,0,0.55561,1.8014,-0.4652
rb,SOLUSD,crypto,False,us_cash,M15,15,RB,0,False,False,M5,379,195,0.51451,-0.019004,-0.46349,0.45128,0.012535,0.031539,0,,195,-0.019004,2025,-0.020735,0,-0.041473,-0.063942,True,False,25:-0.021(95.0) 26:-0.017(100.0),2025-04-30,2026-10-08,,133,0.059518,62,-0.18745,0,,-3.7057,63.666,0,0,-3.7057,63.666,-8.0872
dt,SOLUSD,crypto,False,us_cash,M30,30,k=0.3,0.3,False,False,M5,379,191,0.50396,0.019214,0.53012,0.50262,0.044699,0.025485,0,,191,0.019214,2026,0.0094218,1,-0.021076,-0.061366,True,False,25:+0.030(93.0) 26:+0.009(98.0),2025-05-05,2026-10-08,0.0052356,,,,,,,3.6698,47.742,0,0,3.6698,47.742,-4.0256
dt,SOLUSD,crypto,False,us_cash,M30,30,k=0.5,0.5,False,False,M5,379,76,0.20053,0.002298,0.058123,0.5,0.019718,0.01742,0,,76,0.002298,2026,-0.010998,0.5,-0.015815,-0.033927,True,False,25:+0.016(37.0) 26:-0.011(39.0),2025-05-08,2026-10-08,0,,,,,,,0.17465,8.9102,0,0,0.17465,8.9102,-1.2019
dt,SOLUSD,crypto,False,us_cash,M30,30,k=0.7,0.7,False,False,M5,379,33,0.087071,0.016828,0.40857,0.51515,0.030934,0.014105,0,,33,0.016828,2025,0.010489,1,-0.014105,-0.045039,True,False,25:+0.010(16.0) 26:+0.023(17.0),2025-05-08,2026-10-08,0,,,,,,,0.55534,1.8008,0,0,0.55534,1.8008,-0.46547
rb,SOLUSD,crypto,False,us_cash,M30,30,RB,0,False,False,M5,379,194,0.51187,-0.033855,-0.83967,0.43814,-0.0026652,0.03119,0,,194,-0.033855,2025,-0.050875,0,-0.037446,-0.041036,True,False,25:-0.051(95.0) 26:-0.018(99.0),2025-04-30,2026-10-08,,132,0.045088,62,-0.20193,0,,-6.5679,61.091,0,0,-6.5679,61.091,-7.2644
dt,SOLUSD,crypto,False,us_cash,H1,60,k=0.3,0.3,False,True,M5,379,187,0.4934,0.016121,0.45369,0.47594,0.041773,0.025653,0,,187,0.016121,2025,0.013379,1,-0.022163,-0.060446,True,False,25:+0.013(90.0) 26:+0.019(97.0),2025-05-05,2026-10-08,0.0053476,,,,,,,3.0145,43.961,0,0,3.0145,43.961,-4.1444
dt,SOLUSD,crypto,False,us_cash,H1,60,k=0.5,0.5,False,True,M5,379,74,0.19525,0.0027734,0.071167,0.48649,0.020275,0.017502,0,,74,0.0027734,2026,-0.0034605,0.5,-0.01679,-0.036353,True,False,25:+0.009(36.0) 26:-0.003(38.0),2025-05-08,2026-10-08,0,,,,,,,0.20523,8.2044,0,0,0.20523,8.2044,-1.2425
dt,SOLUSD,crypto,False,us_cash,H1,60,k=0.7,0.7,False,True,M5,379,30,0.079156,0.023758,0.56379,0.6,0.037796,0.014038,0,,30,0.023758,2025,0.0084448,1,-0.014038,-0.051833,True,False,25:+0.008(14.0) 26:+0.037(16.0),2025-05-08,2026-10-08,0,,,,,,,0.71274,1.5618,0,0,0.71274,1.5618,-0.42113
rb,SOLUSD,crypto,False,us_cash,H1,60,RB,0,False,True,M5,379,183,0.48285,-0.033088,-0.79353,0.42623,-0.0029851,0.030103,0,,183,-0.033088,2025,-0.066394,0,-0.034661,-0.036235,True,False,25:-0.066(87.0) 26:-0.003(96.0),2025-04-30,2026-10-08,,128,0.061213,53,-0.22195,2,-1.0634,-6.0551,58.107,0,0,-6.0551,58.107,-6.343
dt,SOLUSD,crypto,False,london24,M5,5,k=0.3,0.3,False,False,M5,489,325,0.66462,0.012382,0.37816,0.48,0.037698,0.025316,0,,325,0.012382,2025,-0.020893,0.5,-0.016834,-0.04605,True,False,25:-0.021(147.0) 26:+0.040(178.0),2025-05-05,2026-10-08,0,,,,,,,4.0242,112.94,0,0,4.0242,112.94,-5.4711
dt,SOLUSD,crypto,False,london24,M5,5,k=0.5,0.5,False,False,M5,489,139,0.28425,0.02366,0.69294,0.51079,0.041882,0.018222,0,,139,0.02366,2026,0.019807,1,-0.021451,-0.066561,True,False,25:+0.030(55.0) 26:+0.020(84.0),2025-05-06,2026-10-08,0,,,,,,,3.2887,22.441,0,0,3.2887,22.441,-2.9816
dt,SOLUSD,crypto,False,london24,M5,5,k=0.7,0.7,False,False,M5,489,62,0.12679,0.059897,1.6365,0.48387,0.074368,0.014471,0,,62,0.059897,2025,0.028333,1,-0.015915,-0.091727,True,False,25:+0.028(24.0) 26:+0.080(38.0),2025-05-06,2026-10-08,0,,,,,,,3.7136,5.2887,0,0,3.7136,5.2887,-0.98674
rb,SOLUSD,crypto,False,london24,M5,5,RB,0,False,False,M5,489,193,0.39468,-0.038337,-0.76733,0.43005,-0.0032553,0.035081,0,,193,-0.038337,2026,-0.085142,0.5,-0.060022,-0.081707,True,False,25:+0.007(98.0) 26:-0.085(95.0),2025-04-30,2026-10-07,,105,0.0011463,88,-0.085447,0,,-7.399,92.78,0,0,-7.399,92.78,-11.584
dt,SOLUSD,crypto,False,london24,M15,15,k=0.3,0.3,False,False,M5,489,325,0.66462,0.012406,0.3789,0.48,0.037698,0.025292,0,,325,0.012406,2025,-0.020901,0.5,-0.01681,-0.046026,True,False,25:-0.021(147.0) 26:+0.040(178.0),2025-05-05,2026-10-08,0,,,,,,,4.032,112.94,0,0,4.032,112.94,-5.4632
dt,SOLUSD,crypto,False,london24,M15,15,k=0.5,0.5,False,False,M5,489,139,0.28425,0.023664,0.69304,0.51079,0.041882,0.018218,0,,139,0.023664,2026,0.019814,1,-0.021447,-0.066557,True,False,25:+0.030(55.0) 26:+0.020(84.0),2025-05-06,2026-10-08,0,,,,,,,3.2893,22.442,0,0,3.2893,22.442,-2.9811
dt,SOLUSD,crypto,False,london24,M15,15,k=0.7,0.7,False,False,M5,489,62,0.12679,0.059942,1.6379,0.48387,0.074368,0.014426,0,,62,0.059942,2025,0.028333,1,-0.01587,-0.091683,True,False,25:+0.028(24.0) 26:+0.080(38.0),2025-05-06,2026-10-08,0,,,,,,,3.7164,5.2879,0,0,3.7164,5.2879,-0.98395
rb,SOLUSD,crypto,False,london24,M15,15,RB,0,False,False,M5,489,192,0.39264,-0.030286,-0.56735,0.43229,0.0048199,0.035106,0,,192,-0.030286,2026,-0.088478,0.5,-0.05537,-0.080453,True,False,25:+0.027(97.0) 26:-0.088(95.0),2025-04-30,2026-10-07,,105,-0.010604,87,-0.05404,0,,-5.8149,104.68,0,0,-5.8149,104.68,-10.631
dt,SOLUSD,crypto,False,london24,M30,30,k=0.3,0.3,False,False,M5,489,325,0.66462,0.012396,0.37859,0.48,0.037698,0.025302,0,,325,0.012396,2025,-0.020903,0.5,-0.01682,-0.046036,True,False,25:-0.021(147.0) 26:+0.040(178.0),2025-05-05,2026-10-08,0.0030769,,,,,,,4.0287,112.94,0,0,4.0287,112.94,-5.4666
dt,SOLUSD,crypto,False,london24,M30,30,k=0.5,0.5,False,False,M5,489,139,0.28425,0.023657,0.69283,0.51079,0.041882,0.018225,0,,139,0.023657,2026,0.019802,1,-0.021454,-0.066564,True,False,25:+0.030(55.0) 26:+0.020(84.0),2025-05-06,2026-10-08,0,,,,,,,3.2883,22.442,0,0,3.2883,22.442,-2.9821
dt,SOLUSD,crypto,False,london24,M30,30,k=0.7,0.7,False,False,M5,489,62,0.12679,0.059964,1.6384,0.48387,0.074368,0.014404,0,,62,0.059964,2025,0.028338,1,-0.015848,-0.091661,True,False,25:+0.028(24.0) 26:+0.080(38.0),2025-05-06,2026-10-08,0,,,,,,,3.7178,5.2887,0,0,3.7178,5.2887,-0.98259
rb,SOLUSD,crypto,False,london24,M30,30,RB,0,False,False,M5,489,192,0.39264,-0.034366,-0.64902,0.43229,0.00069336,0.03506,0,,192,-0.034366,2026,-0.092967,0.5,-0.056367,-0.078368,True,False,25:+0.023(97.0) 26:-0.093(95.0),2025-04-30,2026-10-07,,105,-0.010896,87,-0.062692,0,,-6.5983,103.05,0,0,-6.5983,103.05,-10.823
dt,SOLUSD,crypto,False,london24,H1,60,k=0.3,0.3,False,True,M5,489,313,0.64008,-0.0043019,-0.13944,0.45687,0.021239,0.025541,0,,313,-0.0043019,2025,-0.031808,0.5,-0.021627,-0.038952,True,False,25:-0.032(139.0) 26:+0.018(174.0),2025-05-05,2026-10-08,0.0031949,,,,,,,-1.3465,92.954,0,0,-1.3465,92.954,-6.7692
dt,SOLUSD,crypto,False,london24,H1,60,k=0.5,0.5,False,True,M5,489,132,0.26994,-0.0037466,-0.11529,0.46212,0.014617,0.018363,0,,132,-0.0037466,2026,-0.01149,0.5,-0.024393,-0.045039,True,False,25:+0.009(51.0) 26:-0.011(81.0),2025-05-06,2026-10-08,0,,,,,,,-0.49455,18.263,0,0,-0.49455,18.263,-3.2199
dt,SOLUSD,crypto,False,london24,H1,60,k=0.7,0.7,False,True,M5,489,54,0.11043,0.038772,1.0765,0.42593,0.053793,0.015021,0,,54,0.038772,2025,0.017078,1,-0.015021,-0.068814,True,False,25:+0.017(20.0) 26:+0.052(34.0),2025-05-06,2026-10-08,0,,,,,,,2.0937,3.7938,0,0,2.0937,3.7938,-0.81112
rb,SOLUSD,crypto,False,london24,H1,60,RB,0,False,True,M5,489,178,0.36401,-0.029658,-0.61187,0.48876,0.004628,0.034286,0,,178,-0.029658,2026,-0.091204,0.5,-0.065567,-0.10148,True,False,25:+0.033(88.0) 26:-0.091(90.0),2025-04-30,2026-10-07,,99,-0.0055384,79,-0.059883,0,,-5.2791,74.175,0,0,-5.2791,74.175,-11.671
dt,SPN35.cash,index,False,eu_cash,M5,5,k=0.3,0.3,False,False,M5,1301,877,0.6741,-0.031586,-1.7191,0.44698,0.025366,0.056953,417,-0.044835,460,-0.019576,2023,-0.07234,0,-0.060924,-0.090263,True,False,21:-0.017(61.0) 22:-0.028(183.0) 23:-0.072(173.0) 24:-0.017(171.0) 25:-0.004(155.0) 26:-0.042(134.0),2021-09-03,2026-10-08,0,,,,,,,-27.701,260.24,-18.696,120.11,-9.0051,140.13,-53.431
dt,SPN35.cash,index,False,eu_cash,M5,5,k=0.5,0.5,False,False,M5,1301,417,0.32052,-0.051438,-2.9776,0.43645,-0.013153,0.038285,188,-0.043434,229,-0.058009,2023,-0.082499,0,-0.044943,-0.038448,False,False,21:-0.001(27.0) 22:-0.018(80.0) 23:-0.082(81.0) 24:-0.073(89.0) 25:-0.030(69.0) 26:-0.067(71.0),2021-09-03,2026-10-07,0,,,,,,,-21.45,52.871,-8.1656,22.094,-13.284,30.777,-18.741
dt,SPN35.cash,index,False,eu_cash,M5,5,k=0.7,0.7,False,False,M5,1301,175,0.13451,-0.03657,-1.8613,0.43429,-0.0066818,0.029888,83,-0.014244,92,-0.056712,2025,-0.084231,0,-0.029987,-0.023403,False,False,21:+0.113(9.0) 22:-0.008(37.0) 23:-0.052(37.0) 24:-0.018(35.0) 25:-0.084(31.0) 26:-0.076(26.0),2021-09-10,2026-09-09,0,,,,,,,-6.3998,11.989,-1.1823,3.328,-5.2175,8.6607,-5.2477
rb,SPN35.cash,index,False,eu_cash,M5,5,RB,0,False,False,M5,1301,461,0.35434,-0.12417,-4.007,0.43601,-0.047202,0.076966,200,-0.14528,261,-0.10799,2021,-0.26862,0,-0.090774,-0.057381,False,False,21:-0.269(31.0) 22:-0.187(91.0) 23:-0.048(78.0) 24:-0.085(94.0) 25:-0.096(91.0) 26:-0.151(76.0),2021-09-01,2026-10-08,,242,-0.061333,219,-0.1936,0,,-57.241,210.73,-29.056,107.71,-28.186,103.02,-41.847
dt,SPN35.cash,index,False,eu_cash,M15,15,k=0.3,0.3,False,False,M5,1301,877,0.6741,-0.032102,-1.7509,0.44698,0.024956,0.057058,417,-0.045011,460,-0.0204,2023,-0.07234,0,-0.061424,-0.090746,True,False,21:-0.018(61.0) 22:-0.028(183.0) 23:-0.072(173.0) 24:-0.016(171.0) 25:-0.004(155.0) 26:-0.044(134.0),2021-09-03,2026-10-08,0.0034208,,,,,,,-28.154,259.16,-18.77,120.22,-9.384,138.94,-53.869
dt,SPN35.cash,index,False,eu_cash,M15,15,k=0.5,0.5,False,False,M5,1301,417,0.32052,-0.051379,-2.9757,0.43645,-0.013134,0.038245,188,-0.04331,229,-0.058004,2023,-0.082474,0,-0.044903,-0.038427,False,False,21:-0.000(27.0) 22:-0.018(80.0) 23:-0.082(81.0) 24:-0.073(89.0) 25:-0.030(69.0) 26:-0.067(71.0),2021-09-03,2026-10-07,0.0023981,,,,,,,-21.425,52.816,-8.1423,22.04,-13.283,30.776,-18.725
dt,SPN35.cash,index,False,eu_cash,M15,15,k=0.7,0.7,False,False,M5,1301,175,0.13451,-0.036598,-1.8628,0.43429,-0.0066735,0.029924,83,-0.0143,92,-0.056714,2025,-0.084231,0,-0.030023,-0.023448,False,False,21:+0.112(9.0) 22:-0.008(37.0) 23:-0.052(37.0) 24:-0.018(35.0) 25:-0.084(31.0) 26:-0.076(26.0),2021-09-10,2026-09-09,0,,,,,,,-6.4046,11.988,-1.1869,3.3275,-5.2177,8.6605,-5.254
rb,SPN35.cash,index,False,eu_cash,M15,15,RB,0,False,False,M5,1301,460,0.35357,-0.11603,-3.7348,0.4413,-0.039023,0.077002,199,-0.13233,261,-0.1036,2021,-0.27065,0,-0.09099,-0.065956,False,False,21:-0.271(31.0) 22:-0.181(90.0) 23:-0.022(78.0) 24:-0.090(94.0) 25:-0.070(91.0) 26:-0.161(76.0),2021-09-01,2026-10-08,,241,-0.061833,219,-0.17566,0,,-53.372,209.96,-26.333,106.76,-27.039,103.2,-41.856
dt,SPN35.cash,index,False,eu_cash,M30,30,k=0.3,0.3,False,False,M5,1301,877,0.6741,-0.032997,-1.7962,0.44698,0.024082,0.057079,417,-0.045055,460,-0.022066,2023,-0.07234,0,-0.06232,-0.091643,True,False,21:-0.019(61.0) 22:-0.028(183.0) 23:-0.072(173.0) 24:-0.016(171.0) 25:-0.009(155.0) 26:-0.044(134.0),2021-09-03,2026-10-08,0.0034208,,,,,,,-28.938,260.22,-18.788,120.27,-10.15,139.95,-54.654
dt,SPN35.cash,index,False,eu_cash,M30,30,k=0.5,0.5,False,False,M5,1301,417,0.32052,-0.052179,-3.0148,0.43645,-0.013912,0.038267,188,-0.043368,229,-0.059413,2023,-0.082474,0,-0.043526,-0.034872,False,False,21:-0.001(27.0) 22:-0.018(80.0) 23:-0.082(81.0) 24:-0.073(89.0) 25:-0.034(69.0) 26:-0.067(71.0),2021-09-03,2026-10-07,0.0047962,,,,,,,-21.759,53.1,-8.1532,22.062,-13.605,31.038,-18.15
dt,SPN35.cash,index,False,eu_cash,M30,30,k=0.7,0.7,False,False,M5,1301,175,0.13451,-0.036597,-1.8627,0.43429,-0.0066605,0.029937,83,-0.014281,92,-0.05673,2025,-0.084231,0,-0.030035,-0.023473,False,False,21:+0.112(9.0) 22:-0.008(37.0) 23:-0.051(37.0) 24:-0.018(35.0) 25:-0.084(31.0) 26:-0.076(26.0),2021-09-10,2026-09-09,0,,,,,,,-6.4045,11.989,-1.1853,3.3281,-5.2192,8.6607,-5.2562
rb,SPN35.cash,index,False,eu_cash,M30,30,RB,0,False,False,M5,1301,459,0.35281,-0.12195,-4.0182,0.43791,-0.046072,0.075881,198,-0.13187,261,-0.11443,2021,-0.23643,0,-0.085032,-0.048112,False,False,21:-0.236(30.0) 22:-0.172(90.0) 23:-0.045(78.0) 24:-0.088(94.0) 25:-0.104(91.0) 26:-0.160(76.0),2021-09-01,2026-10-08,,242,-0.068805,217,-0.18122,0,,-55.976,200.47,-26.11,95.331,-29.867,105.14,-39.03
dt,SPN35.cash,index,False,eu_cash,H1,60,k=0.3,0.3,False,True,M5,1301,862,0.66257,-0.03287,-1.8142,0.44316,0.024508,0.057378,410,-0.048194,452,-0.01897,2023,-0.070033,0,-0.061628,-0.090386,True,False,21:-0.032(58.0) 22:-0.033(181.0) 23:-0.070(171.0) 24:-0.014(167.0) 25:-0.016(153.0) 26:-0.028(132.0),2021-09-03,2026-10-08,0.0081206,,,,,,,-28.334,244.56,-19.759,109.91,-8.5745,134.65,-53.123
dt,SPN35.cash,index,False,eu_cash,H1,60,k=0.5,0.5,False,True,M5,1301,390,0.29977,-0.049255,-2.7573,0.41795,-0.010554,0.038701,180,-0.046687,210,-0.051456,2023,-0.07682,0,-0.042479,-0.035704,False,False,21:-0.016(26.0) 22:-0.026(76.0) 23:-0.077(78.0) 24:-0.066(83.0) 25:-0.035(64.0) 26:-0.049(63.0),2021-09-03,2026-10-07,0.0051282,,,,,,,-19.209,49.358,-8.4036,19.65,-10.806,29.708,-16.567
dt,SPN35.cash,index,False,eu_cash,H1,60,k=0.7,0.7,False,True,M5,1301,167,0.12836,-0.040533,-1.9436,0.41317,-0.010464,0.03007,79,-0.027119,88,-0.052576,2025,-0.088263,0,-0.029507,-0.01848,False,False,21:+0.081(9.0) 22:-0.019(36.0) 23:-0.064(34.0) 24:-0.029(34.0) 25:-0.088(29.0) 26:-0.044(25.0),2021-09-10,2026-09-09,0,,,,,,,-6.7691,12.331,-2.1424,3.1702,-4.6267,9.1612,-4.9276
rb,SPN35.cash,index,False,eu_cash,H1,60,RB,0,False,True,M5,1301,431,0.33128,-0.15319,-5.2034,0.39675,-0.078748,0.074447,187,-0.19466,244,-0.12141,2021,-0.31058,0,-0.086248,-0.019301,False,False,21:-0.311(28.0) 22:-0.210(84.0) 23:-0.135(75.0) 24:-0.129(87.0) 25:-0.129(86.0) 26:-0.103(71.0),2021-09-01,2026-10-08,,231,-0.088336,199,-0.22371,1,-1.1034,-66.027,170.76,-36.402,74.977,-29.625,95.782,-37.173
dt,T,stock,False,us_cash,M5,5,k=0.3,0.3,False,False,M5,1300,904,0.69538,-0.12899,-6.3969,0.34845,0.0094554,0.13845,438,-0.041269,466,-0.21145,2026,-0.3121,0.16667,-0.13697,-0.14495,True,False,21:+0.053(97.0) 22:-0.074(175.0) 23:-0.061(166.0) 24:-0.093(164.0) 25:-0.248(172.0) 26:-0.312(130.0),2021-06-24,2026-10-08,0.0033186,,,,,,,-116.61,346.98,-18.076,170.85,-98.534,176.13,-123.82
dt,T,stock,False,us_cash,M5,5,k=0.5,0.5,False,False,M5,1300,395,0.30385,-0.085231,-4.1247,0.34177,0.0046784,0.089909,201,-0.034742,194,-0.13754,2026,-0.26484,0,-0.087789,-0.090347,True,False,21:-0.020(50.0) 22:-0.032(76.0) 23:-0.047(75.0) 24:-0.046(73.0) 25:-0.140(70.0) 26:-0.265(51.0),2021-06-25,2026-10-08,0,,,,,,,-33.666,69.32,-6.9832,37.037,-26.683,32.283,-34.677
dt,T,stock,False,us_cash,M5,5,k=0.7,0.7,False,False,M5,1300,184,0.14154,-0.059832,-2.4677,0.38587,0.0078828,0.067715,99,-0.036499,85,-0.087009,2026,-0.20447,0,-0.06578,-0.071728,True,False,21:-0.069(27.0) 22:-0.027(34.0) 23:-0.022(38.0) 24:-0.050(36.0) 25:-0.041(27.0) 26:-0.204(22.0),2021-06-29,2026-09-16,0,,,,,,,-11.009,20.454,-3.6134,12.48,-7.3957,7.9737,-12.104
rb,T,stock,False,us_cash,M5,5,RB,0,False,False,M5,1300,443,0.34077,-0.20422,-6.0954,0.3544,-0.0098173,0.1944,185,-0.064315,258,-0.30453,2025,-0.44044,0,-0.19673,-0.18925,False,False,21:-0.018(38.0) 22:-0.130(79.0) 23:-0.013(68.0) 24:-0.100(90.0) 25:-0.440(96.0) 26:-0.379(72.0),2021-06-29,2026-10-07,,241,-0.10604,202,-0.32134,0,,-90.467,238.26,-11.898,85.9,-78.569,152.36,-87.153
dt,T,stock,False,us_cash,M15,15,k=0.3,0.3,False,False,M5,1300,903,0.69462,-0.12748,-6.329,0.34994,0.012224,0.1397,437,-0.038655,466,-0.21077,2026,-0.31084,0.16667,-0.13794,-0.14841,True,False,21:+0.051(97.0) 22:-0.076(175.0) 23:-0.052(165.0) 24:-0.092(164.0) 25:-0.249(172.0) 26:-0.311(130.0),2021-06-24,2026-10-08,0.0033223,,,,,,,-115.11,345.11,-16.892,169.01,-98.219,176.1,-124.56
dt,T,stock,False,us_cash,M15,15,k=0.5,0.5,False,False,M5,1300,395,0.30385,-0.085106,-4.1244,0.34177,0.0053789,0.090485,201,-0.035479,194,-0.13652,2026,-0.26353,0,-0.088364,-0.091623,True,False,21:-0.021(50.0) 22:-0.032(76.0) 23:-0.049(75.0) 24:-0.045(73.0) 25:-0.139(70.0) 26:-0.264(51.0),2021-06-25,2026-10-08,0.0025316,,,,,,,-33.617,69.126,-7.1313,37.003,-26.485,32.123,-34.904
dt,T,stock,False,us_cash,M15,15,k=0.7,0.7,False,False,M5,1300,184,0.14154,-0.059175,-2.4466,0.38587,0.0088663,0.068041,99,-0.035865,85,-0.086324,2026,-0.20462,0,-0.066106,-0.073038,True,False,21:-0.068(27.0) 22:-0.025(34.0) 23:-0.023(38.0) 24:-0.048(36.0) 25:-0.041(27.0) 26:-0.205(22.0),2021-06-29,2026-09-16,0,,,,,,,-10.888,20.342,-3.5507,12.368,-7.3375,7.9738,-12.164
rb,T,stock,False,us_cash,M15,15,RB,0,False,False,M5,1300,437,0.33615,-0.20044,-6.1136,0.35698,-0.0072858,0.19316,183,-0.066054,254,-0.29726,2025,-0.43,0,-0.19963,-0.19882,False,False,21:-0.020(38.0) 22:-0.132(78.0) 23:-0.016(67.0) 24:-0.089(88.0) 25:-0.430(94.0) 26:-0.378(72.0),2021-06-29,2026-10-07,,240,-0.10564,197,-0.31594,0,,-87.593,222.37,-12.088,78.993,-75.505,143.38,-87.238
dt,T,stock,False,us_cash,M30,30,k=0.3,0.3,False,False,M5,1300,901,0.69308,-0.12631,-6.2727,0.34961,0.013374,0.13969,436,-0.039133,465,-0.20806,2026,-0.30263,0.16667,-0.13746,-0.1486,True,False,21:+0.050(97.0) 22:-0.076(175.0) 23:-0.052(164.0) 24:-0.091(164.0) 25:-0.248(172.0) 26:-0.303(129.0),2021-06-24,2026-10-08,0.0077691,,,,,,,-113.81,343.2,-17.062,169.02,-96.747,174.17,-123.85
dt,T,stock,False,us_cash,M30,30,k=0.5,0.5,False,False,M5,1300,395,0.30385,-0.085619,-4.1502,0.34177,0.005105,0.090724,201,-0.036243,194,-0.13678,2026,-0.26353,0,-0.088604,-0.091588,True,False,21:-0.021(50.0) 22:-0.032(76.0) 23:-0.051(75.0) 24:-0.045(73.0) 25:-0.140(70.0) 26:-0.264(51.0),2021-06-25,2026-10-08,0.0025316,,,,,,,-33.82,69.133,-7.2849,36.995,-26.535,32.138,-34.998
dt,T,stock,False,us_cash,M30,30,k=0.7,0.7,False,False,M5,1300,184,0.14154,-0.058983,-2.4416,0.38587,0.0091737,0.068156,99,-0.035514,85,-0.086317,2026,-0.20473,0,-0.066222,-0.073461,True,False,21:-0.069(27.0) 22:-0.025(34.0) 23:-0.021(38.0) 24:-0.048(36.0) 25:-0.041(27.0) 26:-0.205(22.0),2021-06-29,2026-09-16,0,,,,,,,-10.853,20.29,-3.5159,12.317,-7.3369,7.9729,-12.185
rb,T,stock,False,us_cash,M30,30,RB,0,False,False,M5,1300,435,0.33462,-0.21655,-6.7046,0.34943,-0.025506,0.19104,182,-0.085926,253,-0.31051,2025,-0.4517,0,-0.19635,-0.17614,False,False,21:-0.020(38.0) 22:-0.156(78.0) 23:-0.041(66.0) 24:-0.100(87.0) 25:-0.452(94.0) 26:-0.380(72.0),2021-06-29,2026-10-07,,241,-0.13332,194,-0.31994,0,,-94.198,217.34,-15.638,79.061,-78.56,138.28,-85.41
dt,T,stock,False,us_cash,H1,60,k=0.3,0.3,False,True,M5,1300,850,0.65385,-0.1231,-6.0792,0.34824,0.017059,0.14016,413,-0.042674,437,-0.19911,2026,-0.28439,0.16667,-0.13931,-0.15553,True,False,21:+0.039(94.0) 22:-0.048(162.0) 23:-0.086(157.0) 24:-0.083(154.0) 25:-0.246(162.0) 26:-0.284(121.0),2021-06-24,2026-10-08,0.017647,,,,,,,-104.63,308.78,-17.624,155.37,-87.01,153.42,-118.42
dt,T,stock,False,us_cash,H1,60,k=0.5,0.5,False,True,M5,1300,365,0.28077,-0.088182,-4.1116,0.32603,0.0019807,0.090163,188,-0.042019,177,-0.13721,2026,-0.24964,0,-0.086785,-0.085387,False,False,21:-0.029(48.0) 22:-0.015(70.0) 23:-0.077(70.0) 24:-0.065(68.0) 25:-0.133(63.0) 26:-0.250(46.0),2021-06-25,2026-10-08,0.0027397,,,,,,,-32.187,63.951,-7.8996,34.678,-24.287,29.273,-31.676
dt,T,stock,False,us_cash,H1,60,k=0.7,0.7,False,True,M5,1300,176,0.13538,-0.070093,-2.8458,0.34659,-0.00080617,0.069287,96,-0.043783,80,-0.10167,2026,-0.20635,0.16667,-0.066227,-0.062361,False,False,21:-0.085(27.0) 22:+0.003(31.0) 23:-0.053(38.0) 24:-0.069(32.0) 25:-0.053(26.0) 26:-0.206(22.0),2021-06-29,2026-09-16,0,,,,,,,-12.336,19.55,-4.2032,12.01,-8.1332,7.5402,-11.656
rb,T,stock,False,us_cash,H1,60,RB,0,False,True,M5,1300,396,0.30462,-0.20873,-6.488,0.34091,-0.027053,0.18167,173,-0.084246,223,-0.3053,2025,-0.44181,0,-0.18711,-0.16549,False,False,21:-0.019(38.0) 22:-0.125(74.0) 23:-0.075(61.0) 24:-0.079(78.0) 25:-0.442(81.0) 26:-0.408(64.0),2021-06-29,2026-10-07,,226,-0.15189,170,-0.28429,0,,-82.656,179.14,-14.575,66.247,-68.081,112.9,-74.095
dt,TSLA,stock,False,us_cash,M5,5,k=0.3,0.3,False,False,M5,1285,853,0.66381,0.046179,2.4288,0.49472,0.052468,0.0062883,402,0.091998,451,0.0053387,2024,-0.012696,0.83333,0.00021061,-0.045758,True,False,21:+0.111(64.0) 22:+0.103(165.0) 23:+0.074(173.0) 24:-0.013(167.0) 25:+0.011(167.0) 26:+0.023(117.0),2021-08-06,2026-10-08,0,,,,,,,39.391,264.54,36.983,125.8,2.4078,138.73,0.17965
dt,TSLA,stock,False,us_cash,M5,5,k=0.5,0.5,False,False,M5,1285,358,0.2786,0.05413,2.941,0.54749,0.058254,0.0041238,170,0.0978,188,0.014642,2024,-0.015487,0.83333,-0.0048743,-0.063879,True,True,21:+0.052(37.0) 22:+0.125(68.0) 23:+0.095(65.0) 24:-0.015(71.0) 25:+0.048(65.0) 26:+0.014(52.0),2021-08-06,2026-10-05,0,,,,,,,19.379,44.344,16.626,18.768,2.7527,25.577,-1.745
dt,TSLA,stock,False,us_cash,M5,5,k=0.7,0.7,False,False,M5,1285,164,0.12763,0.051389,2.5933,0.57317,0.0546,0.0032105,79,0.07615,85,0.028376,2024,-0.0010277,0.83333,-0.0032105,-0.05781,True,False,21:+0.098(16.0) 22:+0.079(31.0) 23:+0.062(32.0) 24:-0.001(31.0) 25:+0.046(33.0) 26:+0.044(21.0),2021-08-06,2026-08-31,0,,,,,,,8.4279,10.93,6.0159,4.4523,2.412,6.4779,-0.52652
rb,TSLA,stock,False,us_cash,M5,5,RB,0,False,False,M5,1285,482,0.3751,0.053992,1.7151,0.51867,0.063515,0.0095223,198,0.12921,284,0.0015537,2026,-0.07178,0.66667,-0.0096593,-0.073311,True,False,21:+0.042(33.0) 22:+0.199(74.0) 23:+0.104(91.0) 24:-0.006(100.0) 25:+0.076(96.0) 26:-0.072(88.0),2021-08-06,2026-10-08,,275,0.053921,207,0.054086,0,,26.024,231.17,25.583,91.924,0.44126,139.25,-4.6558
dt,TSLA,stock,False,us_cash,M15,15,k=0.3,0.3,False,False,M5,1285,853,0.66381,0.046087,2.4238,0.49355,0.052468,0.0063806,402,0.091926,451,0.0052286,2024,-0.012769,0.83333,0.00011835,-0.04585,True,False,21:+0.111(64.0) 22:+0.103(165.0) 23:+0.074(173.0) 24:-0.013(167.0) 25:+0.011(167.0) 26:+0.023(117.0),2021-08-06,2026-10-08,0,,,,,,,39.312,264.56,36.954,125.83,2.3581,138.73,0.10095
dt,TSLA,stock,False,us_cash,M15,15,k=0.5,0.5,False,False,M5,1285,358,0.2786,0.054093,2.939,0.54749,0.058287,0.0041941,170,0.097721,188,0.014641,2024,-0.015335,0.83333,-0.0049445,-0.063982,True,True,21:+0.052(37.0) 22:+0.125(68.0) 23:+0.095(65.0) 24:-0.015(71.0) 25:+0.048(65.0) 26:+0.014(52.0),2021-08-06,2026-10-05,0,,,,,,,19.365,44.34,16.613,18.762,2.7525,25.578,-1.7701
dt,TSLA,stock,False,us_cash,M15,15,k=0.7,0.7,False,False,M5,1285,164,0.12763,0.051296,2.5894,0.57317,0.0546,0.0033039,79,0.076022,85,0.028315,2024,-0.00096315,0.83333,-0.0033039,-0.057904,True,False,21:+0.098(16.0) 22:+0.079(31.0) 23:+0.062(32.0) 24:-0.001(31.0) 25:+0.046(33.0) 26:+0.044(21.0),2021-08-06,2026-08-31,0,,,,,,,8.4125,10.922,6.0057,4.4475,2.4068,6.4743,-0.54183
rb,TSLA,stock,False,us_cash,M15,15,RB,0,False,False,M5,1285,480,0.37354,0.05575,1.7791,0.52292,0.065203,0.0094526,198,0.12911,282,0.0042408,2026,-0.042038,0.66667,-0.009527,-0.074804,True,False,21:+0.042(33.0) 22:+0.199(74.0) 23:+0.104(91.0) 24:-0.024(100.0) 25:+0.075(96.0) 26:-0.042(86.0),2021-08-06,2026-10-08,,275,0.052016,205,0.060759,0,,26.76,227.26,25.564,91.884,1.1959,135.37,-4.573
dt,TSLA,stock,False,us_cash,M30,30,k=0.3,0.3,False,False,M5,1285,853,0.66381,0.046047,2.4216,0.49355,0.052468,0.006421,402,0.091896,451,0.0051789,2024,-0.012793,0.83333,7.7905e-05,-0.045891,True,False,21:+0.111(64.0) 22:+0.103(165.0) 23:+0.074(173.0) 24:-0.013(167.0) 25:+0.011(167.0) 26:+0.023(117.0),2021-08-06,2026-10-08,0,,,,,,,39.278,264.58,36.942,125.85,2.3357,138.73,0.066453
dt,TSLA,stock,False,us_cash,M30,30,k=0.5,0.5,False,False,M5,1285,358,0.2786,0.054059,2.9373,0.54749,0.058287,0.0042275,170,0.097715,188,0.014583,2024,-0.015393,0.83333,-0.0049779,-0.064015,True,True,21:+0.052(37.0) 22:+0.125(68.0) 23:+0.095(65.0) 24:-0.015(71.0) 25:+0.048(65.0) 26:+0.014(52.0),2021-08-06,2026-10-05,0,,,,,,,19.353,44.336,16.612,18.761,2.7416,25.575,-1.7821
dt,TSLA,stock,False,us_cash,M30,30,k=0.7,0.7,False,False,M5,1285,164,0.12763,0.051277,2.5885,0.57317,0.0546,0.0033227,79,0.076009,85,0.028291,2024,-0.00098965,0.83333,-0.0033227,-0.057923,True,False,21:+0.098(16.0) 22:+0.079(31.0) 23:+0.062(32.0) 24:-0.001(31.0) 25:+0.046(33.0) 26:+0.044(21.0),2021-08-06,2026-08-31,0,,,,,,,8.4095,10.921,6.0047,4.4479,2.4047,6.4735,-0.54492
rb,TSLA,stock,False,us_cash,M30,30,RB,0,False,False,M5,1285,479,0.37276,0.031524,1.0803,0.51775,0.040769,0.0092451,198,0.095278,281,-0.013399,2024,-0.054014,0.5,-0.0087654,-0.049055,True,False,21:-0.002(33.0) 22:+0.145(74.0) 23:+0.090(91.0) 24:-0.054(99.0) 25:+0.051(96.0) 26:-0.039(86.0),2021-08-06,2026-10-08,,275,0.036961,204,0.024194,0,,15.1,195.44,18.865,82.635,-3.7652,112.81,-4.1986
dt,TSLA,stock,False,us_cash,H1,60,k=0.3,0.3,False,True,M5,1285,821,0.63891,0.045716,2.4439,0.51279,0.052182,0.0064667,384,0.0896,437,0.0071535,2024,-0.032168,0.83333,-0.00077044,-0.047257,True,False,21:+0.122(63.0) 22:+0.098(156.0) 23:+0.069(165.0) 24:-0.032(162.0) 25:+0.012(162.0) 26:+0.056(113.0),2021-08-06,2026-10-08,0.0060901,,,,,,,37.533,237.3,34.407,112.35,3.1261,124.94,-0.63253
dt,TSLA,stock,False,us_cash,H1,60,k=0.5,0.5,False,True,M5,1285,345,0.26848,0.048245,2.6881,0.50725,0.05256,0.0043153,164,0.090278,181,0.01016,2024,-0.035392,0.83333,-0.0057363,-0.059718,True,False,21:+0.060(35.0) 22:+0.113(65.0) 23:+0.084(64.0) 24:-0.035(67.0) 25:+0.043(63.0) 26:+0.030(51.0),2021-08-06,2026-10-05,0,,,,,,,16.645,39.031,14.806,16.583,1.8389,22.448,-1.979
dt,TSLA,stock,False,us_cash,H1,60,k=0.7,0.7,False,True,M5,1285,152,0.11829,0.050654,2.5972,0.58553,0.054061,0.0034064,72,0.078831,80,0.025296,2024,-0.034697,0.83333,-0.0034064,-0.057467,True,False,21:+0.082(15.0) 22:+0.091(27.0) 23:+0.067(30.0) 24:-0.035(29.0) 25:+0.047(32.0) 26:+0.080(19.0),2021-08-06,2026-08-31,0,,,,,,,7.6995,9.1205,5.6758,3.7722,2.0237,5.3483,-0.51777
rb,TSLA,stock,False,us_cash,H1,60,RB,0,False,True,M5,1285,445,0.3463,0.028881,1.0645,0.50337,0.037697,0.0088159,184,0.077375,261,-0.0053058,2026,-0.049707,0.5,-0.0092698,-0.047421,True,False,21:-0.046(28.0) 22:+0.107(69.0) 23:+0.093(87.0) 24:-0.016(89.0) 25:+0.046(89.0) 26:-0.050(83.0),2021-08-06,2026-10-08,,263,0.01729,182,0.045631,0,,12.852,145.8,14.237,65.041,-1.3848,80.763,-4.1251
dt,UK100.cash,index,False,uk_cash,M5,5,k=0.3,0.3,False,False,M5,1270,906,0.71339,-0.054468,-2.8461,0.45695,-0.039597,0.014871,392,-0.068126,514,-0.044052,2021,-0.11011,0,-0.016318,0.021833,False,False,21:-0.110(43.0) 22:-0.067(182.0) 23:-0.058(167.0) 24:-0.057(187.0) 25:-0.024(174.0) 26:-0.051(153.0),2021-09-20,2026-10-08,0,,,,,,,-49.348,302.99,-26.705,129.83,-22.643,173.16,-14.784
dt,UK100.cash,index,False,uk_cash,M5,5,k=0.5,0.5,False,False,M5,1270,411,0.32362,-0.04438,-2.4238,0.43309,-0.034641,0.009739,182,-0.060729,229,-0.031386,2022,-0.072385,0.16667,-0.0083856,0.027609,False,False,21:+0.045(13.0) 22:-0.072(85.0) 23:-0.065(84.0) 24:-0.035(80.0) 25:-0.049(82.0) 26:-0.005(67.0),2021-09-28,2026-10-08,0,,,,,,,-18.24,57.305,-11.053,24.33,-7.1874,32.975,-3.4465
dt,UK100.cash,index,False,uk_cash,M5,5,k=0.7,0.7,False,False,M5,1270,193,0.15197,-0.048926,-2.4392,0.41969,-0.04167,0.0072556,90,-0.050985,103,-0.047126,2025,-0.091498,0.2,-0.0075858,0.033754,False,False,21:-0.033(9.0) 22:-0.053(37.0) 23:-0.053(44.0) 24:+0.004(28.0) 25:-0.091(38.0) 26:-0.040(37.0),2021-09-29,2026-10-08,0,,,,,,,-9.4426,15.371,-4.5886,5.5235,-4.854,9.8472,-1.4641
rb,UK100.cash,index,False,uk_cash,M5,5,RB,0,False,False,M5,1270,455,0.35827,0.0039696,0.12083,0.4967,0.022657,0.018688,213,0.014658,242,-0.0054376,2026,-0.079634,0.33333,-0.022328,-0.048626,True,False,21:-0.076(27.0) 22:+0.061(101.0) 23:-0.011(85.0) 24:-0.041(98.0) 25:+0.102(78.0) 26:-0.080(66.0),2021-09-17,2026-10-08,,228,-0.035735,227,0.043849,0,,1.8062,222.98,3.1221,106.65,-1.3159,116.33,-10.159
dt,UK100.cash,index,False,uk_cash,M15,15,k=0.3,0.3,False,False,M5,1270,906,0.71339,-0.054515,-2.8485,0.45806,-0.039578,0.014937,392,-0.068171,514,-0.044101,2021,-0.11063,0,-0.016383,0.021749,False,False,21:-0.111(43.0) 22:-0.067(182.0) 23:-0.058(167.0) 24:-0.057(187.0) 25:-0.024(174.0) 26:-0.051(153.0),2021-09-20,2026-10-08,0,,,,,,,-49.391,303.01,-26.723,129.89,-22.668,173.12,-14.843
dt,UK100.cash,index,False,uk_cash,M15,15,k=0.5,0.5,False,False,M5,1270,411,0.32362,-0.044389,-2.4244,0.43309,-0.034641,0.009748,182,-0.060729,229,-0.031402,2022,-0.072385,0.16667,-0.0083946,0.0276,False,False,21:+0.045(13.0) 22:-0.072(85.0) 23:-0.065(84.0) 24:-0.035(80.0) 25:-0.049(82.0) 26:-0.005(67.0),2021-09-28,2026-10-08,0,,,,,,,-18.244,57.3,-11.053,24.33,-7.1911,32.97,-3.4502
dt,UK100.cash,index,False,uk_cash,M15,15,k=0.7,0.7,False,False,M5,1270,193,0.15197,-0.048914,-2.4386,0.41969,-0.04167,0.0072445,90,-0.050985,103,-0.047106,2025,-0.091414,0.2,-0.0075747,0.033765,False,False,21:-0.033(9.0) 22:-0.053(37.0) 23:-0.053(44.0) 24:+0.004(28.0) 25:-0.091(38.0) 26:-0.040(37.0),2021-09-29,2026-10-08,0,,,,,,,-9.4405,15.371,-4.5886,5.5235,-4.8519,9.8473,-1.4619
rb,UK100.cash,index,False,uk_cash,M15,15,RB,0,False,False,M5,1270,454,0.35748,0.0079136,0.24824,0.4978,0.026531,0.018617,212,0.028681,242,-0.010279,2026,-0.079528,0.5,-0.020887,-0.049687,True,False,21:-0.076(27.0) 22:+0.077(100.0) 23:+0.005(85.0) 24:-0.053(98.0) 25:+0.102(78.0) 26:-0.080(66.0),2021-09-17,2026-10-08,,228,-0.033396,226,0.049589,0,,3.5928,209.04,6.0803,102.65,-2.4875,106.39,-9.4826
dt,UK100.cash,index,False,uk_cash,M30,30,k=0.3,0.3,False,False,M5,1270,906,0.71339,-0.054797,-2.8645,0.45806,-0.03986,0.014937,392,-0.068834,514,-0.044092,2021,-0.11145,0,-0.016162,0.022473,False,False,21:-0.111(43.0) 22:-0.067(182.0) 23:-0.060(167.0) 24:-0.057(187.0) 25:-0.024(174.0) 26:-0.051(153.0),2021-09-20,2026-10-08,0.0033113,,,,,,,-49.646,302.77,-26.983,129.67,-22.663,173.1,-14.643
dt,UK100.cash,index,False,uk_cash,M30,30,k=0.5,0.5,False,False,M5,1270,411,0.32362,-0.044384,-2.424,0.43309,-0.034641,0.0097436,182,-0.060729,229,-0.031394,2022,-0.072385,0.16667,-0.0083902,0.027604,False,False,21:+0.045(13.0) 22:-0.072(85.0) 23:-0.065(84.0) 24:-0.035(80.0) 25:-0.049(82.0) 26:-0.005(67.0),2021-09-28,2026-10-08,0,,,,,,,-18.242,57.304,-11.053,24.33,-7.1893,32.975,-3.4484
dt,UK100.cash,index,False,uk_cash,M30,30,k=0.7,0.7,False,False,M5,1270,193,0.15197,-0.048908,-2.4385,0.41969,-0.04167,0.0072377,90,-0.050985,103,-0.047093,2025,-0.091375,0.2,-0.0075679,0.033772,False,False,21:-0.033(9.0) 22:-0.053(37.0) 23:-0.053(44.0) 24:+0.004(28.0) 25:-0.091(38.0) 26:-0.040(37.0),2021-09-29,2026-10-08,0,,,,,,,-9.4392,15.368,-4.5886,5.5235,-4.8506,9.8447,-1.4606
rb,UK100.cash,index,False,uk_cash,M30,30,RB,0,False,False,M5,1270,453,0.35669,0.0082231,0.25377,0.49669,0.026574,0.018351,212,0.021392,241,-0.0033611,2021,-0.090131,0.5,-0.016388,-0.040999,True,False,21:-0.090(27.0) 22:+0.065(100.0) 23:+0.005(85.0) 24:-0.041(98.0) 25:+0.102(77.0) 26:-0.070(66.0),2021-09-17,2026-10-08,,227,-0.030922,226,0.047542,0,,3.725,215.03,4.5351,100.31,-0.81003,114.72,-7.4237
dt,UK100.cash,index,False,uk_cash,H1,60,k=0.3,0.3,False,True,M5,1270,875,0.68898,-0.055712,-2.9293,0.44686,-0.040757,0.014955,378,-0.065174,497,-0.048515,2021,-0.10003,0,-0.016773,0.022167,False,False,21:-0.100(41.0) 22:-0.075(174.0) 23:-0.046(163.0) 24:-0.072(183.0) 25:-0.027(168.0) 26:-0.044(146.0),2021-09-20,2026-10-08,0.011429,,,,,,,-48.748,279.35,-24.636,116.19,-24.112,163.15,-14.676
dt,UK100.cash,index,False,uk_cash,H1,60,k=0.5,0.5,False,True,M5,1270,394,0.31024,-0.044365,-2.427,0.45939,-0.034658,0.009707,176,-0.054508,218,-0.036176,2022,-0.067768,0.16667,-0.0085418,0.027281,False,False,21:+0.048(12.0) 22:-0.068(82.0) 23:-0.056(82.0) 24:-0.051(74.0) 25:-0.050(80.0) 26:-0.002(64.0),2021-09-28,2026-10-08,0,,,,,,,-17.48,52.515,-9.5933,20.725,-7.8863,31.79,-3.3655
dt,UK100.cash,index,False,uk_cash,H1,60,k=0.7,0.7,False,True,M5,1270,181,0.14252,-0.05345,-2.6019,0.39779,-0.046069,0.0073803,86,-0.058306,95,-0.049053,2025,-0.086459,0,-0.0075175,0.038415,False,False,21:-0.024(8.0) 22:-0.072(35.0) 23:-0.054(43.0) 24:-0.021(26.0) 25:-0.086(36.0) 26:-0.030(33.0),2021-09-29,2026-10-08,0,,,,,,,-9.6744,14.266,-5.0143,4.7403,-4.66,9.5258,-1.3607
rb,UK100.cash,index,False,uk_cash,H1,60,RB,0,False,True,M5,1270,420,0.33071,-0.017847,-0.58929,0.50476,-0.00028075,0.017566,197,-0.048323,223,0.0090764,2021,-0.19896,0.16667,-0.022453,-0.027059,True,False,21:-0.199(26.0) 22:-0.017(95.0) 23:-0.037(76.0) 24:-0.045(89.0) 25:+0.114(71.0) 26:-0.033(63.0),2021-09-17,2026-10-08,,211,-0.046931,209,0.011516,0,,-7.4956,161.54,-9.5196,71.044,2.024,90.496,-9.4301
dt,UKOIL.cash,energy,False,nymex,M5,5,k=0.3,0.3,False,False,M5,1278,754,0.58998,0.0024841,0.1426,0.5,0.021892,0.019408,350,-0.0049562,404,0.00893,2021,-0.11963,0.83333,-0.02102,-0.044523,True,False,21:-0.120(47.0) 22:+0.026(150.0) 23:+0.000(153.0) 24:+0.007(164.0) 25:+0.015(148.0) 26:+0.003(92.0),2021-09-17,2026-10-08,0,,,,,,,1.873,172.29,-1.7347,91.831,3.6077,80.461,-15.849
dt,UKOIL.cash,energy,False,nymex,M5,5,k=0.5,0.5,False,False,M5,1278,280,0.21909,0.017916,1.0593,0.5,0.031106,0.013189,131,0.023395,149,0.0131,2026,-0.048768,0.66667,-0.016262,-0.05044,True,False,21:-0.043(14.0) 22:+0.029(56.0) 23:+0.034(61.0) 24:+0.035(58.0) 25:+0.025(59.0) 26:-0.049(32.0),2021-09-30,2026-10-06,0,,,,,,,5.0166,22.437,3.0647,12.541,1.9519,9.8969,-4.5533
dt,UKOIL.cash,energy,False,nymex,M5,5,k=0.7,0.7,False,False,M5,1278,114,0.089202,0.018212,1.126,0.54386,0.028396,0.010183,59,0.019384,55,0.016956,2026,-0.082868,0.8,-0.010183,-0.038579,True,False,21:-0.022(5.0) 22:+0.035(28.0) 23:+0.011(26.0) 24:+0.040(20.0) 25:+0.038(25.0) 26:-0.083(10.0),2021-09-30,2026-09-16,0,,,,,,,2.0762,3.4079,1.1436,2.0335,0.93256,1.3743,-1.1609
rb,UKOIL.cash,energy,False,nymex,M5,5,RB,0,False,False,M5,1278,559,0.4374,0.01366,0.48179,0.47585,0.040484,0.026824,239,0.0034025,320,0.021321,2024,-0.035671,0.66667,-0.013792,-0.041244,True,False,21:+0.055(32.0) 22:-0.024(113.0) 23:+0.018(94.0) 24:-0.036(95.0) 25:+0.082(111.0) 26:+0.010(114.0),2021-09-15,2026-10-08,,347,-0.0085068,212,0.049942,0,,7.6359,250.85,0.81319,116.2,6.8227,134.65,-7.7098
dt,UKOIL.cash,energy,False,nymex,M15,15,k=0.3,0.3,False,False,M5,1278,754,0.58998,0.0024649,0.14152,0.49867,0.021935,0.01947,350,-0.0049754,404,0.0089107,2021,-0.11948,0.83333,-0.02108,-0.044624,True,False,21:-0.119(47.0) 22:+0.026(150.0) 23:+0.000(153.0) 24:+0.007(164.0) 25:+0.015(148.0) 26:+0.003(92.0),2021-09-17,2026-10-08,0,,,,,,,1.8585,172.23,-1.7414,91.824,3.5999,80.41,-15.894
dt,UKOIL.cash,energy,False,nymex,M15,15,k=0.5,0.5,False,False,M5,1278,280,0.21909,0.017889,1.0574,0.5,0.031106,0.013216,131,0.023423,149,0.013024,2026,-0.048714,0.66667,-0.016289,-0.050467,True,False,21:-0.043(14.0) 22:+0.029(56.0) 23:+0.034(61.0) 24:+0.035(58.0) 25:+0.025(59.0) 26:-0.049(32.0),2021-09-30,2026-10-06,0,,,,,,,5.009,22.449,3.0684,12.547,1.9406,9.9021,-4.5608
dt,UKOIL.cash,energy,False,nymex,M15,15,k=0.7,0.7,False,False,M5,1278,114,0.089202,0.018217,1.1264,0.54386,0.028396,0.010178,59,0.019485,55,0.016857,2026,-0.083097,0.8,-0.010178,-0.038574,True,False,21:-0.022(5.0) 22:+0.035(28.0) 23:+0.011(26.0) 24:+0.040(20.0) 25:+0.038(25.0) 26:-0.083(10.0),2021-09-30,2026-09-16,0,,,,,,,2.0768,3.4075,1.1496,2.0347,0.92715,1.3728,-1.1603
rb,UKOIL.cash,energy,False,nymex,M15,15,RB,0,False,False,M5,1278,559,0.4374,0.010651,0.37723,0.47406,0.037479,0.026828,239,0.0080313,320,0.012608,2024,-0.036434,0.66667,-0.014142,-0.038935,True,False,21:+0.112(32.0) 22:-0.030(113.0) 23:+0.018(94.0) 24:-0.036(95.0) 25:+0.057(111.0) 26:+0.010(114.0),2021-09-15,2026-10-08,,347,-0.019921,212,0.060691,0,,5.9541,248.74,1.9195,118.44,4.0346,130.29,-7.9054
dt,UKOIL.cash,energy,False,nymex,M30,30,k=0.3,0.3,False,False,M5,1278,754,0.58998,0.0033011,0.18908,0.49867,0.022775,0.019474,350,-0.0050601,404,0.010545,2021,-0.11955,0.83333,-0.021077,-0.045455,True,False,21:-0.120(47.0) 22:+0.026(150.0) 23:+0.000(153.0) 24:+0.010(164.0) 25:+0.015(148.0) 26:+0.003(92.0),2021-09-17,2026-10-08,0,,,,,,,2.489,173.07,-1.771,91.796,4.26,81.272,-15.892
dt,UKOIL.cash,energy,False,nymex,M30,30,k=0.5,0.5,False,False,M5,1278,280,0.21909,0.018507,1.0915,0.5,0.031732,0.013224,131,0.023415,149,0.014193,2026,-0.048559,0.66667,-0.017358,-0.053223,True,False,21:-0.043(14.0) 22:+0.029(56.0) 23:+0.034(61.0) 24:+0.038(58.0) 25:+0.025(59.0) 26:-0.049(32.0),2021-09-30,2026-10-06,0,,,,,,,5.1821,22.557,3.0673,12.547,2.1148,10.01,-4.8602
dt,UKOIL.cash,energy,False,nymex,M30,30,k=0.7,0.7,False,False,M5,1278,114,0.089202,0.018216,1.1263,0.54386,0.028396,0.01018,59,0.01946,55,0.016881,2026,-0.082996,0.8,-0.01018,-0.038575,True,False,21:-0.022(5.0) 22:+0.035(28.0) 23:+0.011(26.0) 24:+0.040(20.0) 25:+0.038(25.0) 26:-0.083(10.0),2021-09-30,2026-09-16,0,,,,,,,2.0766,3.4077,1.1481,2.0356,0.92847,1.3721,-1.1605
rb,UKOIL.cash,energy,False,nymex,M30,30,RB,0,False,False,M5,1278,552,0.43192,-0.012272,-0.44087,0.46558,0.014221,0.026492,234,-0.028874,318,-5.5132e-05,2024,-0.076858,0.5,-0.016411,-0.02055,True,False,21:-0.006(32.0) 22:-0.063(110.0) 23:+0.004(92.0) 24:-0.077(95.0) 25:+0.053(110.0) 26:+0.012(113.0),2021-09-15,2026-10-08,,343,-0.021128,209,0.0022636,0,,-6.774,235.74,-6.7564,108.5,-0.017532,127.24,-9.0587
dt,UKOIL.cash,energy,False,nymex,H1,60,k=0.3,0.3,False,True,M5,1278,709,0.55477,0.0093544,0.53287,0.49929,0.028947,0.019592,331,-0.0035058,378,0.020616,2021,-0.10674,0.83333,-0.019856,-0.049066,True,False,21:-0.107(42.0) 22:+0.002(143.0) 23:+0.021(146.0) 24:+0.006(155.0) 25:+0.030(139.0) 26:+0.032(84.0),2021-09-17,2026-10-08,0.0028209,,,,,,,6.6323,154.76,-1.1604,81.778,7.7927,72.98,-14.078
dt,UKOIL.cash,energy,False,nymex,H1,60,k=0.5,0.5,False,True,M5,1278,257,0.2011,0.024704,1.441,0.51362,0.03796,0.013257,120,0.030713,137,0.01944,2026,-0.023913,0.66667,-0.017207,-0.059117,True,False,21:-0.005(14.0) 22:+0.016(49.0) 23:+0.052(57.0) 24:+0.026(54.0) 25:+0.035(55.0) 26:-0.024(28.0),2021-09-30,2026-10-06,0,,,,,,,6.3489,19.492,3.6855,10.371,2.6633,9.1202,-4.4221
dt,UKOIL.cash,energy,False,nymex,H1,60,k=0.7,0.7,False,True,M5,1278,100,0.078247,0.017696,0.99227,0.61,0.028233,0.010536,47,0.025861,53,0.010456,2024,0.015627,1,-0.010536,-0.038769,True,False,21:-0.010(5.0) 22:+0.021(24.0) 23:+0.043(18.0) 24:+0.016(20.0) 25:+0.044(24.0) 26:-0.092(9.0),2021-09-30,2026-09-16,0,,,,,,,1.7696,3.1801,1.2155,2.0256,0.55414,1.1545,-1.0536
rb,UKOIL.cash,energy,False,nymex,H1,60,RB,0,False,True,M5,1278,519,0.4061,-0.036554,-1.3753,0.48362,-0.010457,0.026097,216,-0.020942,303,-0.047684,2024,-0.14075,0.33333,-0.01869,-0.00082659,False,False,21:+0.060(29.0) 22:-0.110(100.0) 23:+0.055(87.0) 24:-0.141(89.0) 25:-0.016(108.0) 26:-0.002(106.0),2021-09-15,2026-10-08,,331,-0.029894,188,-0.048279,0,,-18.972,190.62,-4.5234,94.042,-14.448,96.575,-9.7003
dt,US100.cash,us_index,False,us_cash,M5,5,k=0.3,0.3,False,False,M5,1255,840,0.66932,0.038854,2.0115,0.525,0.043085,0.0042306,377,0.074319,463,0.009976,2021,-0.030711,0.66667,0.00056905,-0.037716,True,False,21:-0.031(48.0) 22:+0.117(159.0) 23:+0.064(170.0) 24:+0.020(170.0) 25:-0.005(174.0) 26:+0.018(119.0),2021-09-20,2026-10-08,0.0011905,,,,,,,32.637,264.22,28.018,117.44,4.6189,146.78,0.478
dt,US100.cash,us_index,False,us_cash,M5,5,k=0.5,0.5,True,False,M5,1255,333,0.26534,0.05958,3.1044,0.56757,0.062398,0.0028185,149,0.10981,184,0.018906,2026,-0.030303,0.83333,-0.0012318,-0.062043,True,True,21:+0.116(16.0) 22:+0.169(57.0) 23:+0.064(76.0) 24:+0.033(71.0) 25:+0.041(64.0) 26:-0.030(49.0),2021-09-20,2026-10-08,0,,,,,,,19.84,41.902,16.361,13.745,3.4787,28.157,-0.41018
dt,US100.cash,us_index,False,us_cash,M5,5,k=0.7,0.7,False,False,M5,1255,142,0.11315,0.042056,1.7338,0.57746,0.044309,0.0022528,68,0.062437,74,0.023327,2026,-0.08924,0.8,-0.00096001,-0.043976,True,False,21:+0.028(8.0) 22:+0.123(25.0) 23:+0.027(35.0) 24:+0.061(32.0) 25:+0.064(23.0) 26:-0.089(19.0),2021-09-20,2026-10-08,0,,,,,,,5.9719,12.032,4.2457,3.25,1.7262,8.7816,-0.13632
rb,US100.cash,us_index,False,us_cash,M5,5,RB,0,True,False,M5,1255,452,0.36016,0.029541,0.87314,0.51327,0.035686,0.0061451,177,-0.0051498,275,0.051869,2021,-0.026573,0.66667,-0.0044948,-0.03853,True,False,21:-0.027(20.0) 22:-0.007(79.0) 23:+0.002(78.0) 24:+0.073(101.0) 25:+0.048(97.0) 26:+0.030(77.0),2021-09-20,2026-10-08,,246,0.03406,206,0.024144,0,,13.352,233.73,-0.91152,106.47,14.264,127.26,-2.0317
dt,US100.cash,us_index,False,us_cash,M15,15,k=0.3,0.3,False,False,M5,1255,839,0.66853,0.040107,2.0784,0.52563,0.04433,0.0042227,376,0.077211,463,0.0099744,2021,-0.030711,0.66667,0.00058271,-0.038941,True,False,21:-0.031(48.0) 22:+0.124(158.0) 23:+0.064(170.0) 24:+0.020(170.0) 25:-0.005(174.0) 26:+0.018(119.0),2021-09-20,2026-10-08,0.0023838,,,,,,,33.65,263.17,29.031,116.4,4.6182,146.77,0.48889
dt,US100.cash,us_index,False,us_cash,M15,15,k=0.5,0.5,False,False,M5,1255,333,0.26534,0.059589,3.1052,0.56757,0.062399,0.0028096,149,0.10978,184,0.018944,2026,-0.030301,0.83333,-0.0012228,-0.062035,True,True,21:+0.116(16.0) 22:+0.169(57.0) 23:+0.064(76.0) 24:+0.033(71.0) 25:+0.041(64.0) 26:-0.030(49.0),2021-09-20,2026-10-08,0,,,,,,,19.843,41.896,16.358,13.74,3.4857,28.156,-0.40721
dt,US100.cash,us_index,False,us_cash,M15,15,k=0.7,0.7,False,False,M5,1255,142,0.11315,0.042111,1.7358,0.57746,0.044346,0.0022356,68,0.062572,74,0.023309,2026,-0.08924,0.8,-0.00094275,-0.043996,True,False,21:+0.028(8.0) 22:+0.123(25.0) 23:+0.027(35.0) 24:+0.061(32.0) 25:+0.064(23.0) 26:-0.089(19.0),2021-09-20,2026-10-08,0,,,,,,,5.9797,12.036,4.2549,3.2543,1.7249,8.782,-0.13387
rb,US100.cash,us_index,False,us_cash,M15,15,RB,0,False,False,M5,1255,451,0.35936,0.030556,0.90224,0.51441,0.03664,0.0060847,177,-0.010145,274,0.056848,2021,-0.070846,0.66667,-0.0023441,-0.035244,True,False,21:-0.071(20.0) 22:-0.007(79.0) 23:+0.002(78.0) 24:+0.073(101.0) 25:+0.063(96.0) 26:+0.028(77.0),2021-09-20,2026-10-08,,246,0.032042,205,0.028772,0,,13.781,233.19,-1.7956,107.48,15.576,125.72,-1.0572
dt,US100.cash,us_index,False,us_cash,M30,30,k=0.3,0.3,False,False,M5,1255,837,0.66693,0.042297,2.1983,0.52688,0.04651,0.0042127,375,0.07938,462,0.012198,2021,-0.030711,0.66667,0.00046947,-0.041358,True,False,21:-0.031(48.0) 22:+0.130(157.0) 23:+0.064(170.0) 24:+0.026(169.0) 25:-0.005(174.0) 26:+0.018(119.0),2021-09-20,2026-10-08,0.0059737,,,,,,,35.403,260.54,29.767,114.81,5.6354,145.73,0.39294
dt,US100.cash,us_index,False,us_cash,M30,30,k=0.5,0.5,False,False,M5,1255,333,0.26534,0.059592,3.1053,0.56757,0.062399,0.0028073,149,0.10979,184,0.018944,2026,-0.030302,0.83333,-0.0012205,-0.062033,True,True,21:+0.116(16.0) 22:+0.169(57.0) 23:+0.064(76.0) 24:+0.033(71.0) 25:+0.041(64.0) 26:-0.030(49.0),2021-09-20,2026-10-08,0,,,,,,,19.844,41.897,16.358,13.743,3.4857,28.153,-0.40644
dt,US100.cash,us_index,False,us_cash,M30,30,k=0.7,0.7,False,False,M5,1255,142,0.11315,0.04212,1.7361,0.57746,0.044346,0.002226,68,0.062585,74,0.023315,2026,-0.08924,0.8,-0.00093317,-0.043987,True,False,21:+0.028(8.0) 22:+0.123(25.0) 23:+0.027(35.0) 24:+0.061(32.0) 25:+0.064(23.0) 26:-0.089(19.0),2021-09-20,2026-10-08,0,,,,,,,5.9811,12.037,4.2558,3.2553,1.7253,8.7818,-0.13251
rb,US100.cash,us_index,False,us_cash,M30,30,RB,0,False,False,M5,1255,449,0.35777,0.0092367,0.27498,0.50111,0.015231,0.0059944,176,-0.024653,273,0.031085,2023,-0.03855,0.5,-0.00047579,-0.010188,True,False,21:-0.022(19.0) 22:-0.012(79.0) 23:-0.039(78.0) 24:+0.045(101.0) 25:+0.036(96.0) 26:+0.006(76.0),2021-09-20,2026-10-08,,246,0.017633,202,0.0040535,1,-1.0092,4.1473,227,-4.3389,103.99,8.4862,123.01,-0.21363
dt,US100.cash,us_index,False,us_cash,H1,60,k=0.3,0.3,False,True,M5,1255,789,0.62869,0.055712,2.9204,0.55133,0.059955,0.0042429,350,0.075536,439,0.039907,2021,-0.036985,0.83333,0.0010406,-0.053631,True,True,21:-0.037(44.0) 22:+0.119(141.0) 23:+0.068(165.0) 24:+0.048(157.0) 25:+0.026(168.0) 26:+0.049(114.0),2021-09-20,2026-10-08,0.012674,,,,,,,43.957,228.72,26.438,101.63,17.519,127.09,0.82107
dt,US100.cash,us_index,False,us_cash,H1,60,k=0.5,0.5,False,True,M5,1255,316,0.25179,0.059764,3.1881,0.56962,0.062595,0.0028315,142,0.1016,174,0.025624,2026,-0.0067595,0.83333,-0.0019477,-0.063659,True,True,21:+0.132(15.0) 22:+0.145(53.0) 23:+0.065(74.0) 24:+0.047(66.0) 25:+0.027(62.0) 26:-0.007(46.0),2021-09-20,2026-10-08,0,,,,,,,18.885,36.109,14.427,12,4.4586,24.109,-0.61549
dt,US100.cash,us_index,False,us_cash,H1,60,k=0.7,0.7,False,True,M5,1255,128,0.10199,0.04846,1.9976,0.57031,0.050741,0.0022806,60,0.067121,68,0.031996,2026,-0.062083,0.8,-0.0018679,-0.052196,True,False,21:+0.042(8.0) 22:+0.133(19.0) 23:+0.036(33.0) 24:+0.066(31.0) 25:+0.054(21.0) 26:-0.062(16.0),2021-09-20,2026-10-08,0,,,,,,,6.2029,9.8673,4.0272,2.7228,2.1757,7.1445,-0.23909
rb,US100.cash,us_index,False,us_cash,H1,60,RB,0,False,True,M5,1255,416,0.33147,-0.04181,-1.2489,0.46875,-0.03605,0.0057599,166,-0.088105,250,-0.01107,2021,-0.10621,0.16667,-0.0011645,0.039481,False,False,21:-0.106(18.0) 22:-0.104(72.0) 23:-0.069(76.0) 24:+0.057(93.0) 25:-0.064(90.0) 26:-0.034(67.0),2021-09-20,2026-10-08,,231,-0.039886,184,-0.038934,1,-1.0153,-17.393,194.2,-14.625,92.358,-2.7676,101.84,-0.48442
dt,US2000.cash,us_index,False,us_cash,M5,5,k=0.3,0.3,False,False,M5,2153,1530,0.71064,-0.0079757,-0.55844,0.49085,0.008604,0.01658,1034,0.0082672,496,-0.041837,2026,-0.06588,0.33333,-0.016315,-0.024654,True,False,18:-0.010(172.0) 19:+0.013(176.0) 20:-0.026(175.0) 21:-0.004(164.0) 22:+0.053(164.0) 23:+0.024(183.0) 24:-0.052(177.0) 25:-0.013(178.0) 26:-0.066(141.0),2018-01-29,2026-10-06,0.0013072,,,,,,,-12.203,477.27,8.5483,303.1,-20.751,174.18,-24.962
dt,US2000.cash,us_index,False,us_cash,M5,5,k=0.5,0.5,False,False,M5,2153,650,0.3019,-0.0043805,-0.31065,0.47692,0.0066599,0.01104,450,-0.007329,200,0.0022536,2021,-0.085704,0.55556,-0.0097157,-0.015051,True,False,18:-0.007(82.0) 19:+0.045(75.0) 20:-0.065(71.0) 21:-0.086(75.0) 22:+0.066(63.0) 23:+0.010(84.0) 24:+0.045(62.0) 25:+0.026(72.0) 26:-0.064(66.0),2018-01-30,2026-10-01,0.0015385,,,,,,,-2.8473,83.892,-3.2981,54.444,0.45072,29.448,-6.3152
dt,US2000.cash,us_index,False,us_cash,M5,5,k=0.7,0.7,False,False,M5,2153,281,0.13052,0.0036397,0.22419,0.46975,0.012391,0.0087513,194,-0.0019268,87,0.016053,2026,-0.077635,0.44444,-0.010261,-0.024163,True,False,18:-0.035(37.0) 19:+0.098(33.0) 20:-0.032(29.0) 21:-0.070(32.0) 22:+0.076(24.0) 23:-0.025(39.0) 24:+0.036(28.0) 25:+0.082(31.0) 26:-0.078(28.0),2018-02-02,2026-09-23,0,,,,,,,1.0228,20.741,-0.37381,12.279,1.3966,8.4627,-2.8835
rb,US2000.cash,us_index,False,us_cash,M5,5,RB,0,False,False,M5,2153,744,0.34556,-0.008467,-0.30358,0.46505,0.014473,0.02294,495,-0.0065511,249,-0.012276,2018,-0.11969,0.33333,-0.021401,-0.034335,True,False,18:-0.120(58.0) 19:-0.071(99.0) 20:-0.013(101.0) 21:-0.053(80.0) 22:+0.156(79.0) 23:+0.052(78.0) 24:-0.025(99.0) 25:+0.077(77.0) 26:-0.090(73.0),2018-01-30,2026-10-08,,361,-0.04689,383,0.027749,0,,-6.2994,430.05,-3.2428,309.43,-3.0566,120.63,-15.922
dt,US2000.cash,us_index,False,us_cash,M15,15,k=0.3,0.3,False,False,M5,2153,1530,0.71064,-0.0083099,-0.58344,0.4915,0.0082731,0.016583,1034,0.0077648,496,-0.04182,2026,-0.065869,0.33333,-0.016732,-0.025153,True,False,18:-0.010(172.0) 19:+0.010(176.0) 20:-0.026(175.0) 21:-0.003(164.0) 22:+0.053(164.0) 23:+0.024(183.0) 24:-0.052(177.0) 25:-0.013(178.0) 26:-0.066(141.0),2018-01-29,2026-10-06,0.0026144,,,,,,,-12.714,474.67,8.0288,300.5,-20.743,174.17,-25.599
dt,US2000.cash,us_index,False,us_cash,M15,15,k=0.5,0.5,False,False,M5,2153,650,0.3019,-0.0045803,-0.32513,0.47692,0.0064968,0.011077,450,-0.0076044,200,0.0022238,2021,-0.085769,0.55556,-0.0099178,-0.015255,True,False,18:-0.007(82.0) 19:+0.043(75.0) 20:-0.065(71.0) 21:-0.086(75.0) 22:+0.067(63.0) 23:+0.010(84.0) 24:+0.045(62.0) 25:+0.026(72.0) 26:-0.064(66.0),2018-01-30,2026-10-01,0.0015385,,,,,,,-2.9772,83.736,-3.422,54.298,0.44476,29.439,-6.4466
dt,US2000.cash,us_index,False,us_cash,M15,15,k=0.7,0.7,False,False,M5,2153,281,0.13052,0.0035963,0.22148,0.46975,0.012393,0.0087968,194,-0.0019863,87,0.016045,2026,-0.077658,0.44444,-0.010307,-0.02421,True,False,18:-0.035(37.0) 19:+0.098(33.0) 20:-0.033(29.0) 21:-0.070(32.0) 22:+0.076(24.0) 23:-0.025(39.0) 24:+0.036(28.0) 25:+0.082(31.0) 26:-0.078(28.0),2018-02-02,2026-09-23,0,,,,,,,1.0106,20.747,-0.38534,12.283,1.3959,8.4639,-2.8962
rb,US2000.cash,us_index,False,us_cash,M15,15,RB,0,False,False,M5,2153,738,0.34278,-0.01331,-0.47945,0.45799,0.0094192,0.022729,493,-0.018257,245,-0.003356,2018,-0.18288,0.33333,-0.016365,-0.019419,True,False,18:-0.183(58.0) 19:-0.080(99.0) 20:-0.017(99.0) 21:-0.055(80.0) 22:+0.147(79.0) 23:+0.052(78.0) 24:-0.011(99.0) 25:+0.115(74.0) 26:-0.115(72.0),2018-01-30,2026-10-08,,358,-0.043454,379,0.01788,1,-1.0429,-9.8228,419.31,-9.0006,303.65,-0.82221,115.67,-12.077
dt,US2000.cash,us_index,False,us_cash,M30,30,k=0.3,0.3,False,False,M5,2153,1526,0.70878,-0.0074027,-0.52274,0.49214,0.0092019,0.016605,1032,0.0077462,494,-0.03905,2026,-0.065875,0.33333,-0.017417,-0.027431,True,False,18:-0.010(172.0) 19:+0.002(176.0) 20:-0.028(175.0) 21:-0.003(164.0) 22:+0.064(162.0) 23:+0.024(183.0) 24:-0.047(176.0) 25:-0.010(177.0) 26:-0.066(141.0),2018-01-29,2026-10-06,0.0091743,,,,,,,-11.297,466.79,7.994,295.12,-19.291,171.67,-26.578
dt,US2000.cash,us_index,False,us_cash,M30,30,k=0.5,0.5,False,False,M5,2153,650,0.3019,-0.0055927,-0.39802,0.47538,0.0054988,0.011092,450,-0.0090681,200,0.0022269,2021,-0.085835,0.55556,-0.0095575,-0.013522,True,False,18:-0.007(82.0) 19:+0.034(75.0) 20:-0.065(71.0) 21:-0.086(75.0) 22:+0.067(63.0) 23:+0.010(84.0) 24:+0.045(62.0) 25:+0.026(72.0) 26:-0.064(66.0),2018-01-30,2026-10-01,0.0015385,,,,,,,-3.6353,83.31,-4.0807,53.875,0.44538,29.435,-6.2124
dt,US2000.cash,us_index,False,us_cash,M30,30,k=0.7,0.7,False,False,M5,2153,281,0.13052,0.0035991,0.22165,0.46975,0.012393,0.008794,194,-0.0019862,87,0.016054,2026,-0.077638,0.44444,-0.010304,-0.024207,True,False,18:-0.035(37.0) 19:+0.098(33.0) 20:-0.033(29.0) 21:-0.070(32.0) 22:+0.076(24.0) 23:-0.025(39.0) 24:+0.036(28.0) 25:+0.082(31.0) 26:-0.078(28.0),2018-02-02,2026-09-23,0,,,,,,,1.0113,20.748,-0.38532,12.283,1.3967,8.4644,-2.8954
rb,US2000.cash,us_index,False,us_cash,M30,30,RB,0,False,False,M5,2153,736,0.34185,-0.0272,-1.0106,0.4538,-0.0049855,0.022215,491,-0.030674,245,-0.020237,2018,-0.12335,0.33333,-0.014346,-0.0014914,False,False,18:-0.123(58.0) 19:-0.104(99.0) 20:-0.023(98.0) 21:-0.076(80.0) 22:+0.091(79.0) 23:+0.045(77.0) 24:-0.011(99.0) 25:+0.054(74.0) 26:-0.109(72.0),2018-01-30,2026-10-08,,358,-0.045958,377,-0.0067906,1,-1.0064,-20.019,392.45,-15.061,284.78,-4.9582,107.67,-10.558
dt,US2000.cash,us_index,False,us_cash,H1,60,k=0.3,0.3,False,True,M5,2153,1454,0.67534,-0.011681,-0.82978,0.49106,0.0050112,0.016693,980,-0.004113,474,-0.027329,2026,-0.058196,0.44444,-0.018681,-0.025681,True,False,18:-0.033(170.0) 19:+0.003(169.0) 20:-0.038(160.0) 21:-0.012(156.0) 22:+0.045(148.0) 23:+0.013(177.0) 24:-0.041(169.0) 25:+0.012(166.0) 26:-0.058(139.0),2018-01-29,2026-10-06,0.018569,,,,,,,-16.985,418.88,-4.0307,264.14,-12.954,154.75,-27.162
dt,US2000.cash,us_index,False,us_cash,H1,60,k=0.5,0.5,False,True,M5,2153,607,0.28193,-0.0065578,-0.45799,0.45799,0.0047884,0.011346,413,-0.018383,194,0.018617,2020,-0.087798,0.55556,-0.011913,-0.017269,True,False,18:-0.035(73.0) 19:+0.030(71.0) 20:-0.088(63.0) 21:-0.080(73.0) 22:+0.069(54.0) 23:+0.006(79.0) 24:+0.061(60.0) 25:+0.041(70.0) 26:-0.045(64.0),2018-01-30,2026-10-01,0.0065898,,,,,,,-3.9806,75.442,-7.5923,49.567,3.6117,25.876,-7.2313
dt,US2000.cash,us_index,False,us_cash,H1,60,k=0.7,0.7,False,True,M5,2153,246,0.11426,0.0094721,0.54217,0.44715,0.018633,0.0091612,166,-0.0029763,80,0.035303,2018,-0.076784,0.44444,-0.010243,-0.029957,True,False,18:-0.077(30.0) 19:+0.101(33.0) 20:-0.030(22.0) 21:-0.061(26.0) 22:+0.082(21.0) 23:-0.029(34.0) 24:+0.084(23.0) 25:+0.085(31.0) 26:-0.067(26.0),2018-02-02,2026-09-23,0,,,,,,,2.3301,18.418,-0.49407,11.602,2.8242,6.8156,-2.5197
rb,US2000.cash,us_index,False,us_cash,H1,60,RB,0,False,True,M5,2153,667,0.3098,-0.047252,-1.8996,0.44078,-0.025836,0.021416,447,-0.047132,220,-0.047495,2026,-0.15906,0.22222,-0.020982,0.0052883,False,False,18:-0.145(54.0) 19:-0.091(88.0) 20:-0.042(86.0) 21:-0.090(75.0) 22:+0.075(71.0) 23:-0.002(73.0) 24:-0.056(86.0) 25:+0.072(68.0) 26:-0.159(66.0),2018-01-30,2026-10-08,,331,-0.061307,333,-0.024381,3,-1.0351,-31.517,276.35,-21.068,194.89,-10.449,81.459,-13.995
dt,US30.cash,us_index,False,us_cash,M5,5,k=0.3,0.3,False,False,M5,1765,1207,0.68385,-0.01195,-0.71865,0.47142,-0.0080424,0.0039074,716,0.01647,491,-0.053394,2026,-0.10472,0.5,-0.0047372,0.0024755,False,False,19:+0.203(33.0) 20:+0.030(154.0) 21:-0.007(172.0) 22:+0.007(170.0) 23:+0.002(187.0) 24:-0.042(171.0) 25:-0.027(188.0) 26:-0.105(132.0),2019-02-22,2026-10-08,0,,,,,,,-14.423,402.65,11.793,241.23,-26.216,161.42,-5.7178
dt,US30.cash,us_index,False,us_cash,M5,5,k=0.5,0.5,False,False,M5,1765,514,0.29122,-0.012862,-0.74409,0.50973,-0.010234,0.0026282,290,0.011442,224,-0.044327,2026,-0.091914,0.625,-0.0033317,0.0061986,False,False,19:+0.147(17.0) 20:+0.012(59.0) 21:-0.062(75.0) 22:+0.034(59.0) 23:+0.035(80.0) 24:-0.074(90.0) 25:+0.031(74.0) 26:-0.092(60.0),2019-09-27,2026-10-01,0,,,,,,,-6.611,78.869,3.3183,49.595,-9.9293,29.274,-1.7125
dt,US30.cash,us_index,False,us_cash,M5,5,k=0.7,0.7,False,False,M5,1765,230,0.13031,-0.010496,-0.524,0.5087,-0.0084897,0.002006,131,0.018881,99,-0.049367,2024,-0.10399,0.28571,-0.0016553,0.0071852,False,False,19:+0.136(9.0) 20:-0.007(30.0) 21:-0.054(38.0) 22:+0.174(21.0) 23:-0.004(33.0) 24:-0.104(42.0) 25:+0.010(34.0) 26:-0.037(23.0),2019-09-27,2026-09-30,0,,,,,,,-2.414,21.156,2.4734,13.219,-4.8874,7.9378,-0.38071
rb,US30.cash,us_index,False,us_cash,M5,5,RB,0,False,False,M5,1765,650,0.36827,0.038343,1.1928,0.49385,0.043105,0.0047613,408,0.032769,242,0.047742,2020,-0.033522,0.75,0.0006893,-0.036965,True,False,19:+0.041(37.0) 20:-0.034(119.0) 21:-0.030(101.0) 22:+0.156(73.0) 23:+0.095(78.0) 24:+0.122(79.0) 25:+0.008(78.0) 26:+0.015(85.0),2019-02-12,2026-10-07,,338,-0.028832,312,0.11112,0,,24.923,436.87,13.37,249.39,11.554,187.48,0.44805
dt,US30.cash,us_index,False,us_cash,M15,15,k=0.3,0.3,False,False,M5,1765,1207,0.68385,-0.012323,-0.74091,0.47142,-0.0084169,0.0039058,716,0.016134,491,-0.05382,2026,-0.10631,0.5,-0.0047354,0.0028518,False,False,19:+0.203(33.0) 20:+0.030(154.0) 21:-0.008(172.0) 22:+0.007(170.0) 23:+0.002(187.0) 24:-0.042(171.0) 25:-0.027(188.0) 26:-0.106(132.0),2019-02-22,2026-10-08,0.003314,,,,,,,-14.873,402.84,11.552,241.78,-26.425,161.06,-5.7157
dt,US30.cash,us_index,False,us_cash,M15,15,k=0.5,0.5,False,False,M5,1765,514,0.29122,-0.012858,-0.74385,0.51167,-0.01023,0.0026279,290,0.011454,224,-0.044332,2026,-0.091914,0.625,-0.0033313,0.0061952,False,False,19:+0.147(17.0) 20:+0.012(59.0) 21:-0.062(75.0) 22:+0.034(59.0) 23:+0.035(80.0) 24:-0.074(90.0) 25:+0.031(74.0) 26:-0.092(60.0),2019-09-27,2026-10-01,0,,,,,,,-6.6089,78.869,3.3216,49.594,-9.9304,29.275,-1.7123
dt,US30.cash,us_index,False,us_cash,M15,15,k=0.7,0.7,False,False,M5,1765,230,0.13031,-0.010472,-0.52284,0.5087,-0.0084656,0.0020067,131,0.018911,99,-0.049354,2024,-0.10396,0.28571,-0.0016559,0.0071604,False,False,19:+0.136(9.0) 20:-0.007(30.0) 21:-0.054(38.0) 22:+0.174(21.0) 23:-0.004(33.0) 24:-0.104(42.0) 25:+0.010(34.0) 26:-0.037(23.0),2019-09-27,2026-09-30,0,,,,,,,-2.4086,21.156,2.4774,13.218,-4.886,7.9377,-0.38087
rb,US30.cash,us_index,False,us_cash,M15,15,RB,0,False,False,M5,1765,650,0.36827,0.010772,0.3622,0.48769,0.015476,0.0047032,408,-0.010453,242,0.046558,2020,-0.054898,0.5,-0.0069083,-0.024589,True,False,19:-0.043(37.0) 20:-0.055(119.0) 21:-0.045(101.0) 22:+0.156(73.0) 23:-0.038(78.0) 24:+0.122(79.0) 25:+0.008(78.0) 26:+0.011(85.0),2019-02-12,2026-10-07,,338,-0.033332,312,0.058553,0,,7.0021,373.23,-4.265,185.7,11.267,187.53,-4.4904
dt,US30.cash,us_index,False,us_cash,M30,30,k=0.3,0.3,False,False,M5,1765,1205,0.68272,-0.011112,-0.66893,0.4722,-0.0072178,0.0038945,715,0.017083,490,-0.052255,2026,-0.10717,0.5,-0.0050773,0.00095767,False,False,19:+0.203(33.0) 20:+0.030(154.0) 21:-0.004(171.0) 22:+0.006(170.0) 23:+0.002(187.0) 24:-0.042(171.0) 25:-0.023(187.0) 26:-0.107(132.0),2019-02-22,2026-10-08,0.0074689,,,,,,,-13.39,400.51,12.215,241.12,-25.605,159.39,-6.1182
dt,US30.cash,us_index,False,us_cash,M30,30,k=0.5,0.5,False,False,M5,1765,514,0.29122,-0.012854,-0.74365,0.51167,-0.01023,0.0026243,290,0.011454,224,-0.044324,2026,-0.091914,0.625,-0.0033278,0.0061987,False,False,19:+0.147(17.0) 20:+0.012(59.0) 21:-0.062(75.0) 22:+0.034(59.0) 23:+0.035(80.0) 24:-0.074(90.0) 25:+0.031(74.0) 26:-0.092(60.0),2019-09-27,2026-10-01,0.0019455,,,,,,,-6.6071,78.868,3.3216,49.594,-9.9286,29.274,-1.7105
dt,US30.cash,us_index,False,us_cash,M30,30,k=0.7,0.7,False,False,M5,1765,230,0.13031,-0.010472,-0.5228,0.50435,-0.0084656,0.0020061,131,0.018912,99,-0.049353,2024,-0.10397,0.28571,-0.0016553,0.007161,False,False,19:+0.136(9.0) 20:-0.007(30.0) 21:-0.054(38.0) 22:+0.174(21.0) 23:-0.004(33.0) 24:-0.104(42.0) 25:+0.010(34.0) 26:-0.037(23.0),2019-09-27,2026-09-30,0,,,,,,,-2.4085,21.156,2.4775,13.218,-4.886,7.938,-0.38073
rb,US30.cash,us_index,False,us_cash,M30,30,RB,0,False,False,M5,1765,646,0.36601,0.001183,0.039936,0.48452,0.0058043,0.0046214,406,-0.015838,240,0.029976,2019,-0.086593,0.25,-0.0093759,-0.019935,True,False,19:-0.087(37.0) 20:-0.033(119.0) 21:-0.055(101.0) 22:+0.159(72.0) 23:-0.068(77.0) 24:+0.109(79.0) 25:-0.004(77.0) 26:-0.013(84.0),2019-02-12,2026-10-07,,338,-0.037278,308,0.04339,0,,0.76421,365.61,-6.4301,179.11,7.1943,186.5,-6.0568
dt,US30.cash,us_index,False,us_cash,H1,60,k=0.3,0.3,False,True,M5,1765,1118,0.63343,-0.0057821,-0.34101,0.47406,-0.0017939,0.0039882,650,0.014856,468,-0.034446,2026,-0.10091,0.25,-0.0024911,0.00079985,False,False,19:+0.194(32.0) 20:+0.052(128.0) 21:-0.011(161.0) 22:-0.007(155.0) 23:-0.002(174.0) 24:-0.016(163.0) 25:-0.004(178.0) 26:-0.101(127.0),2019-02-22,2026-10-08,0.016995,,,,,,,-6.4644,359.07,9.6564,205.84,-16.121,153.23,-2.7851
dt,US30.cash,us_index,False,us_cash,H1,60,k=0.5,0.5,False,True,M5,1765,458,0.25949,-0.0067796,-0.36803,0.46943,-0.0040391,0.0027405,246,0.016587,212,-0.033893,2026,-0.092272,0.625,-0.0027505,0.0012787,False,False,19:+0.186(14.0) 20:+0.041(46.0) 21:-0.060(69.0) 22:+0.062(46.0) 23:+0.012(71.0) 24:-0.053(86.0) 25:+0.035(71.0) 26:-0.092(55.0),2019-09-27,2026-10-01,0.0043668,,,,,,,-3.1051,71.049,4.0803,42.361,-7.1854,28.687,-1.2597
dt,US30.cash,us_index,False,us_cash,H1,60,k=0.7,0.7,False,True,M5,1765,200,0.11331,0.0011226,0.049918,0.515,0.0031703,0.0020476,113,0.014296,87,-0.015988,2024,-0.06722,0.28571,-0.0011015,-0.0033256,True,False,19:+0.126(9.0) 20:-0.000(27.0) 21:-0.063(32.0) 22:+0.198(15.0) 23:-0.015(30.0) 24:-0.067(38.0) 25:+0.061(27.0) 26:-0.022(22.0),2019-09-27,2026-09-16,0,,,,,,,0.22453,20.13,1.6154,12.902,-1.3909,7.2284,-0.2203
rb,US30.cash,us_index,False,us_cash,H1,60,RB,0,False,True,M5,1765,581,0.32918,-0.035704,-1.3724,0.46127,-0.031331,0.0043732,358,-0.053816,223,-0.0066283,2019,-0.11967,0.25,-0.0066906,0.022323,False,False,19:-0.120(36.0) 20:-0.086(97.0) 21:-0.075(94.0) 22:+0.080(63.0) 23:-0.067(68.0) 24:+0.051(71.0) 25:-0.043(74.0) 26:-0.025(78.0),2019-02-12,2026-10-07,,313,-0.057161,268,-0.010645,0,,-20.744,228.83,-19.266,125.93,-1.4781,102.9,-3.8872
dt,US500.cash,us_index,False,us_cash,M5,5,k=0.3,0.3,False,False,M5,1255,855,0.68127,0.00056248,0.025102,0.50643,0.010541,0.0099787,377,0.047253,478,-0.036263,2021,-0.14652,0.33333,-0.0035139,-0.0075903,True,False,21:-0.147(51.0) 22:+0.106(155.0) 23:+0.052(171.0) 24:-0.033(172.0) 25:-0.020(177.0) 26:-0.063(129.0),2021-09-20,2026-10-08,0,,,,,,,0.48092,366.61,17.814,128.09,-17.333,238.53,-3.0044
dt,US500.cash,us_index,False,us_cash,M5,5,k=0.5,0.5,True,False,M5,1255,353,0.28127,0.032003,1.3251,0.50992,0.038617,0.0066144,156,0.06575,197,0.0052787,2021,-0.095737,0.5,0.00032759,-0.031348,True,False,21:-0.096(24.0) 22:+0.130(55.0) 23:+0.070(77.0) 24:-0.014(75.0) 25:+0.052(72.0) 26:-0.032(50.0),2021-09-20,2026-10-05,0,,,,,,,11.297,72.84,10.257,19.447,1.0399,53.393,0.11564
dt,US500.cash,us_index,False,us_cash,M5,5,k=0.7,0.7,False,False,M5,1255,151,0.12032,0.054161,1.713,0.54967,0.059577,0.005416,71,0.058786,80,0.050056,2026,-0.048329,0.8,0.0039754,-0.04621,True,False,21:-0.163(9.0) 22:+0.143(24.0) 23:+0.058(38.0) 24:+0.092(31.0) 25:+0.083(27.0) 26:-0.048(22.0),2021-09-20,2026-09-16,0,,,,,,,8.1783,23.086,4.1738,4.3515,4.0045,18.735,0.60029
rb,US500.cash,us_index,False,us_cash,M5,5,RB,0,True,False,M5,1255,468,0.37291,0.035536,0.68137,0.46368,0.049916,0.01438,203,0.016739,265,0.049936,2026,-0.1863,0.66667,0.0082275,-0.019081,True,False,21:-0.102(26.0) 22:+0.050(90.0) 23:+0.018(87.0) 24:+0.300(88.0) 25:+0.029(92.0) 26:-0.186(85.0),2021-09-20,2026-10-07,,246,0.0021982,222,0.072478,0,,16.631,595.06,3.3979,127.69,13.233,467.37,3.8505
dt,US500.cash,us_index,False,us_cash,M15,15,k=0.3,0.3,False,False,M5,1255,855,0.68127,-0.00085066,-0.038662,0.50643,0.0091135,0.0099641,377,0.046527,478,-0.038217,2021,-0.14652,0.33333,-0.0044502,-0.0080498,True,False,21:-0.147(51.0) 22:+0.106(155.0) 23:+0.050(171.0) 24:-0.039(172.0) 25:-0.020(177.0) 26:-0.063(129.0),2021-09-20,2026-10-08,0.0035088,,,,,,,-0.72732,353.49,17.54,127.74,-18.268,225.76,-3.8049
dt,US500.cash,us_index,False,us_cash,M15,15,k=0.5,0.5,False,False,M5,1255,353,0.28127,0.031956,1.3228,0.50992,0.038617,0.0066611,156,0.065778,197,0.0051733,2021,-0.095737,0.5,0.00028098,-0.031394,True,False,21:-0.096(24.0) 22:+0.130(55.0) 23:+0.070(77.0) 24:-0.014(75.0) 25:+0.052(72.0) 26:-0.032(50.0),2021-09-20,2026-10-05,0,,,,,,,11.28,72.877,10.261,19.449,1.0191,53.428,0.099185
dt,US500.cash,us_index,False,us_cash,M15,15,k=0.7,0.7,False,False,M5,1255,151,0.12032,0.054258,1.7161,0.54967,0.059645,0.0053866,71,0.058796,80,0.050231,2026,-0.047849,0.8,0.0040048,-0.046248,True,False,21:-0.163(9.0) 22:+0.143(24.0) 23:+0.058(38.0) 24:+0.092(31.0) 25:+0.083(27.0) 26:-0.048(22.0),2021-09-20,2026-09-16,0,,,,,,,8.193,23.086,4.1745,4.35,4.0185,18.736,0.60472
rb,US500.cash,us_index,False,us_cash,M15,15,RB,0,False,False,M5,1255,466,0.37131,0.033606,0.65167,0.46781,0.047871,0.014265,203,0.013808,263,0.048887,2026,-0.17585,0.66667,0.007045,-0.019516,True,False,21:-0.102(26.0) 22:+0.050(90.0) 23:+0.011(87.0) 24:+0.309(87.0) 25:+0.009(92.0) 26:-0.176(84.0),2021-09-20,2026-10-07,,245,-0.0020907,221,0.073179,0,,15.66,576.78,2.803,112.37,12.857,464.41,3.283
dt,US500.cash,us_index,False,us_cash,M30,30,k=0.3,0.3,False,False,M5,1255,854,0.68048,-0.0032176,-0.14745,0.50585,0.0067211,0.0099387,376,0.046446,478,-0.042284,2021,-0.14652,0.33333,-0.0048829,-0.0065482,True,False,21:-0.147(51.0) 22:+0.105(155.0) 23:+0.051(170.0) 24:-0.041(172.0) 25:-0.025(177.0) 26:-0.068(129.0),2021-09-20,2026-10-08,0.012881,,,,,,,-2.7478,346.89,17.464,127.64,-20.212,219.25,-4.17
dt,US500.cash,us_index,False,us_cash,M30,30,k=0.5,0.5,False,False,M5,1255,353,0.28127,0.032053,1.3271,0.50992,0.038631,0.0065772,156,0.065856,197,0.0052854,2021,-0.09554,0.5,0.00036479,-0.031324,True,False,21:-0.096(24.0) 22:+0.130(55.0) 23:+0.071(77.0) 24:-0.014(75.0) 25:+0.052(72.0) 26:-0.032(50.0),2021-09-20,2026-10-05,0,,,,,,,11.315,72.849,10.274,19.444,1.0412,53.404,0.12877
dt,US500.cash,us_index,False,us_cash,M30,30,k=0.7,0.7,False,False,M5,1255,151,0.12032,0.054316,1.7184,0.54967,0.059645,0.0053288,71,0.058781,80,0.050354,2026,-0.047853,0.8,0.0040626,-0.046191,True,False,21:-0.163(9.0) 22:+0.143(24.0) 23:+0.058(38.0) 24:+0.092(31.0) 25:+0.083(27.0) 26:-0.048(22.0),2021-09-20,2026-09-16,0,,,,,,,8.2017,23.076,4.1734,4.3495,4.0283,18.726,0.61346
rb,US500.cash,us_index,False,us_cash,M30,30,RB,0,False,False,M5,1255,460,0.36653,0.031218,0.60322,0.46522,0.045119,0.013901,200,0.010963,260,0.046798,2026,-0.18366,0.5,0.010551,-0.010116,True,False,21:-0.066(25.0) 22:+0.068(88.0) 23:-0.025(87.0) 24:+0.314(87.0) 25:+0.001(90.0) 26:-0.184(83.0),2021-09-20,2026-10-07,,242,-0.012702,218,0.079972,0,,14.36,565.93,2.1927,108.32,12.167,457.61,4.8533
dt,US500.cash,us_index,False,us_cash,H1,60,k=0.3,0.3,False,True,M5,1255,795,0.63347,0.010012,0.4888,0.51824,0.019898,0.0098859,349,0.032556,446,-0.0076284,2021,-0.15345,0.5,-0.0063608,-0.022734,True,False,21:-0.153(48.0) 22:+0.084(139.0) 23:+0.044(162.0) 24:-0.011(160.0) 25:+0.014(163.0) 26:-0.032(123.0),2021-09-20,2026-10-08,0.020126,,,,,,,7.9598,264.93,11.362,103.54,-3.4023,161.39,-5.0568
dt,US500.cash,us_index,False,us_cash,H1,60,k=0.5,0.5,False,True,M5,1255,318,0.25339,0.036034,1.6337,0.53145,0.042699,0.0066645,137,0.057525,181,0.019767,2021,-0.12649,0.5,-0.0025133,-0.041061,True,False,21:-0.126(21.0) 22:+0.121(44.0) 23:+0.072(72.0) 24:-0.003(70.0) 25:+0.066(66.0) 26:-0.012(45.0),2021-09-20,2026-10-05,0,,,,,,,11.459,49.454,7.8809,14.907,3.5779,34.547,-0.79923
dt,US500.cash,us_index,False,us_cash,H1,60,k=0.7,0.7,False,True,M5,1255,127,0.1012,0.056544,1.988,0.55906,0.061904,0.0053597,57,0.070418,70,0.045247,2026,-0.034538,0.8,-0.00065739,-0.057859,True,False,21:-0.165(5.0) 22:+0.109(20.0) 23:+0.083(32.0) 24:+0.062(27.0) 25:+0.085(25.0) 26:-0.035(18.0),2021-09-20,2026-09-16,0,,,,,,,7.1811,13.352,4.0138,2.5152,3.1673,10.836,-0.083488
rb,US500.cash,us_index,False,us_cash,H1,60,RB,0,False,True,M5,1255,410,0.32669,-0.0078523,-0.17618,0.46829,0.0053816,0.013234,179,-0.022325,231,0.003362,2026,-0.21431,0.16667,0.0016663,0.011185,False,False,21:-0.132(23.0) 22:-0.007(78.0) 23:-0.005(78.0) 24:+0.226(78.0) 25:-0.013(79.0) 26:-0.214(74.0),2021-09-20,2026-10-07,,217,-0.067014,192,0.06425,1,-1.0134,-3.2195,333.14,-3.9961,90.729,0.77663,242.41,0.68317
dt,USDCAD,forex,False,london24,M15,15,k=0.3,0.3,False,False,M15,3046,2186,0.71766,-0.0075046,-0.56877,0.4785,0.014205,0.021709,1657,-0.00036749,529,-0.02986,2024,-0.058654,0.25,-0.021477,-0.03545,True,False,15:-0.017(195.0) 16:+0.061(170.0) 17:-0.027(181.0) 18:-0.007(175.0) 19:-0.027(185.0) 20:+0.010(186.0) 21:+0.054(181.0) 22:-0.031(194.0) 23:-0.012(190.0) 24:-0.059(201.0) 25:-0.011(181.0) 26:-0.014(147.0),2015-01-09,2026-10-08,0.0059469,,,,,,,-16.405,831.66,-0.60893,630.59,-15.796,201.06,-46.95
dt,USDCAD,forex,False,london24,M15,15,k=0.5,0.5,False,False,M15,3046,1032,0.3388,-0.005328,-0.42214,0.4845,0.0087715,0.0141,790,0.00073962,242,-0.025136,2026,-0.061071,0.58333,-0.015108,-0.024887,True,False,15:-0.043(104.0) 16:+0.038(85.0) 17:+0.011(80.0) 18:-0.018(82.0) 19:+0.002(95.0) 20:+0.002(90.0) 21:+0.023(90.0) 22:+0.038(76.0) 23:-0.033(88.0) 24:+0.009(85.0) 25:-0.029(84.0) 26:-0.061(73.0),2015-01-12,2026-10-07,0,,,,,,,-5.4985,169.53,0.5843,124.72,-6.0828,44.809,-15.591
dt,USDCAD,forex,False,london24,M15,15,k=0.7,0.7,False,False,M15,3046,489,0.16054,-0.0034281,-0.24032,0.48671,0.0078854,0.011314,371,0.004486,118,-0.028311,2026,-0.093125,0.5,-0.012659,-0.02189,True,False,15:-0.015(40.0) 16:+0.076(37.0) 17:-0.032(39.0) 18:+0.005(43.0) 19:+0.026(45.0) 20:-0.038(47.0) 21:+0.018(41.0) 22:+0.049(37.0) 23:-0.034(42.0) 24:-0.041(46.0) 25:+0.048(37.0) 26:-0.093(35.0),2015-01-15,2026-10-07,0,,,,,,,-1.6763,48.564,1.6643,34.722,-3.3407,13.842,-6.1902
rb,USDCAD,forex,False,london24,M15,15,RB,0,False,False,M15,3046,1074,0.35259,-0.038176,-1.6343,0.44786,-0.0044771,0.033699,812,-0.014471,262,-0.11165,2024,-0.157,0.41667,-0.033595,-0.029014,False,False,15:-0.096(81.0) 16:-0.132(86.0) 17:+0.006(103.0) 18:-0.081(99.0) 19:+0.033(107.0) 20:-0.122(81.0) 21:+0.088(86.0) 22:+0.145(85.0) 23:+0.014(84.0) 24:-0.157(109.0) 25:-0.067(89.0) 26:-0.096(64.0),2015-01-06,2026-10-02,,501,-0.029388,572,-0.044081,1,-1.0638,-41.001,630.4,-11.75,456.92,-29.251,173.48,-36.081
dt,USDCAD,forex,False,london24,M30,30,k=0.3,0.3,False,False,M15,3046,2181,0.71602,-0.0062601,-0.47423,0.47914,0.015353,0.021613,1654,0.0011604,527,-0.02955,2024,-0.061278,0.25,-0.02131,-0.036359,True,False,15:-0.012(193.0) 16:+0.061(170.0) 17:-0.027(181.0) 18:-0.008(175.0) 19:-0.027(185.0) 20:+0.015(186.0) 21:+0.054(181.0) 22:-0.031(194.0) 23:-0.007(189.0) 24:-0.061(201.0) 25:-0.011(180.0) 26:-0.009(146.0),2015-01-09,2026-10-08,0.0082531,,,,,,,-13.653,828.61,1.9193,629.25,-15.573,199.36,-46.477
dt,USDCAD,forex,False,london24,M30,30,k=0.5,0.5,False,False,M15,3046,1032,0.3388,-0.0053887,-0.4262,0.4845,0.0084973,0.013886,790,0.00065537,242,-0.025119,2026,-0.060985,0.58333,-0.014894,-0.0244,True,False,15:-0.045(104.0) 16:+0.038(85.0) 17:+0.011(80.0) 18:-0.018(82.0) 19:+0.002(95.0) 20:+0.005(90.0) 21:+0.023(90.0) 22:+0.038(76.0) 23:-0.033(88.0) 24:+0.009(85.0) 25:-0.029(84.0) 26:-0.061(73.0),2015-01-12,2026-10-07,0.00096899,,,,,,,-5.5611,170.12,0.51774,125.32,-6.0788,44.801,-15.371
dt,USDCAD,forex,False,london24,M30,30,k=0.7,0.7,False,False,M15,3046,489,0.16054,-0.0033692,-0.23623,0.48671,0.0078854,0.011255,371,0.0045646,118,-0.028313,2026,-0.09319,0.5,-0.0126,-0.021831,True,False,15:-0.015(40.0) 16:+0.076(37.0) 17:-0.032(39.0) 18:+0.005(43.0) 19:+0.026(45.0) 20:-0.037(47.0) 21:+0.017(41.0) 22:+0.049(37.0) 23:-0.034(42.0) 24:-0.041(46.0) 25:+0.048(37.0) 26:-0.093(35.0),2015-01-15,2026-10-07,0,,,,,,,-1.6475,48.545,1.6935,34.703,-3.341,13.842,-6.1614
rb,USDCAD,forex,False,london24,M30,30,RB,0,False,False,M15,3046,1073,0.35227,-0.05044,-2.1613,0.43989,-0.016762,0.033678,812,-0.025235,261,-0.12885,2024,-0.19039,0.33333,-0.035938,-0.021436,False,False,15:-0.073(81.0) 16:-0.148(86.0) 17:-0.001(103.0) 18:-0.117(99.0) 19:+0.008(107.0) 20:-0.132(81.0) 21:+0.073(86.0) 22:+0.145(85.0) 23:+0.013(84.0) 24:-0.190(108.0) 25:-0.076(89.0) 26:-0.099(64.0),2015-01-06,2026-10-02,,500,-0.029442,571,-0.065321,2,-1.0513,-54.122,629.21,-20.491,455.35,-33.631,173.86,-38.561
dt,USDCAD,forex,False,london24,H1,60,k=0.3,0.3,False,True,M15,3046,2095,0.68779,-0.0096913,-0.75044,0.4716,0.011836,0.021528,1590,-0.0013389,505,-0.035989,2024,-0.072052,0.25,-0.023317,-0.036943,True,False,15:-0.024(185.0) 16:+0.085(159.0) 17:-0.021(174.0) 18:-0.032(165.0) 19:-0.060(177.0) 20:+0.002(180.0) 21:+0.078(177.0) 22:-0.008(190.0) 23:-0.023(183.0) 24:-0.072(194.0) 25:-0.002(171.0) 26:-0.028(140.0),2015-01-09,2026-10-08,0.017184,,,,,,,-20.303,731.82,-2.1288,557.05,-18.174,174.77,-48.85
dt,USDCAD,forex,False,london24,H1,60,k=0.5,0.5,False,True,M15,3046,976,0.32042,-0.01009,-0.80594,0.4918,0.0038633,0.013953,753,-0.0044108,223,-0.029265,2015,-0.064998,0.33333,-0.016167,-0.022244,True,False,15:-0.065(98.0) 16:+0.039(82.0) 17:+0.010(72.0) 18:-0.030(79.0) 19:-0.026(91.0) 20:-0.010(87.0) 21:+0.046(88.0) 22:+0.064(71.0) 23:-0.045(85.0) 24:-0.017(80.0) 25:-0.024(77.0) 26:-0.050(66.0),2015-01-12,2026-10-07,0.0020492,,,,,,,-9.8475,149.24,-3.3213,109.29,-6.5261,39.951,-15.779
dt,USDCAD,forex,False,london24,H1,60,k=0.7,0.7,False,True,M15,3046,458,0.15036,-0.013667,-0.9618,0.46943,-0.0027868,0.01088,347,-0.0058806,111,-0.038007,2026,-0.085364,0.33333,-0.013383,-0.0131,False,False,15:-0.047(34.0) 16:+0.056(35.0) 17:-0.053(38.0) 18:-0.009(42.0) 19:-0.017(41.0) 20:-0.050(42.0) 21:+0.059(38.0) 22:+0.071(35.0) 23:-0.046(42.0) 24:-0.073(42.0) 25:+0.051(35.0) 26:-0.085(34.0),2015-01-15,2026-10-07,0,,,,,,,-6.2593,42.346,-2.0406,29.585,-4.2187,12.761,-6.1295
rb,USDCAD,forex,False,london24,H1,60,RB,0,False,True,M15,3046,974,0.31976,-0.077005,-3.1116,0.43018,-0.04385,0.033155,729,-0.059831,245,-0.12811,2024,-0.20851,0.16667,-0.030276,0.016452,False,False,15:-0.116(76.0) 16:-0.174(73.0) 17:-0.067(92.0) 18:-0.151(87.0) 19:-0.045(102.0) 20:-0.121(70.0) 21:+0.078(80.0) 22:+0.074(74.0) 23:-0.022(75.0) 24:-0.209(103.0) 25:-0.058(81.0) 26:-0.086(61.0),2015-01-06,2026-10-02,,457,-0.046853,508,-0.085731,9,-1.1155,-75.003,586.2,-43.617,417.27,-31.386,168.93,-29.489
dt,USDCAD,forex,False,ny_fx,M15,15,k=0.3,0.3,False,False,M15,3043,2004,0.65856,0.00056849,0.042419,0.47405,0.023785,0.023217,1541,-0.0020228,463,0.009193,2020,-0.055236,0.41667,-0.021052,-0.042673,True,False,15:-0.019(181.0) 16:-0.006(171.0) 17:+0.033(167.0) 18:-0.004(174.0) 19:-0.006(178.0) 20:-0.055(164.0) 21:+0.000(171.0) 22:-0.028(169.0) 23:+0.068(166.0) 24:-0.007(186.0) 25:+0.022(169.0) 26:+0.017(108.0),2015-01-09,2026-10-08,0.006487,,,,,,,1.1393,720.95,-3.1171,548.27,4.2564,172.68,-42.189
dt,USDCAD,forex,False,ny_fx,M15,15,k=0.5,0.5,False,False,M15,3043,928,0.30496,-0.0049968,-0.38129,0.48922,0.01047,0.015467,717,-0.0052109,211,-0.0042694,2021,-0.062258,0.41667,-0.014404,-0.02381,True,False,15:+0.017(82.0) 16:-0.022(73.0) 17:+0.008(90.0) 18:-0.012(87.0) 19:+0.016(80.0) 20:-0.061(67.0) 21:-0.062(80.0) 22:-0.032(77.0) 23:+0.088(81.0) 24:-0.004(79.0) 25:-0.025(85.0) 26:+0.032(47.0),2015-01-09,2026-10-08,0.0032328,,,,,,,-4.637,147.77,-3.7362,110.17,-0.90085,37.596,-13.367
dt,USDCAD,forex,False,ny_fx,M15,15,k=0.7,0.7,False,False,M15,3043,432,0.14197,0.0011197,0.075594,0.47685,0.013196,0.012076,318,0.0041348,114,-0.0072909,2018,-0.054434,0.25,-0.012294,-0.025708,True,False,15:-0.002(45.0) 16:+0.014(29.0) 17:-0.003(43.0) 18:-0.054(43.0) 19:-0.015(42.0) 20:-0.008(27.0) 21:-0.033(29.0) 22:-0.015(29.0) 23:+0.184(31.0) 24:-0.004(45.0) 25:+0.009(39.0) 26:-0.032(30.0),2015-01-15,2026-10-08,0,,,,,,,0.48372,40.851,1.3149,30.031,-0.83117,10.819,-5.311
rb,USDCAD,forex,False,ny_fx,M15,15,RB,0,False,False,M15,3043,1277,0.41965,0.0061447,0.26817,0.45497,0.040254,0.034109,957,0.027586,320,-0.057978,2025,-0.11301,0.5,-0.031478,-0.069101,True,False,15:+0.020(112.0) 16:+0.047(104.0) 17:-0.033(116.0) 18:-0.062(106.0) 19:+0.074(108.0) 20:-0.062(113.0) 21:+0.147(95.0) 22:+0.017(103.0) 23:+0.129(100.0) 24:-0.033(110.0) 25:-0.113(113.0) 26:-0.022(97.0),2015-01-09,2026-10-07,,661,-0.045372,612,0.068942,4,-1.0887,7.8467,855.57,26.4,690.17,-18.553,165.4,-40.197
dt,USDCAD,forex,False,ny_fx,M30,30,k=0.3,0.3,False,False,M15,3043,2001,0.65757,0.00084872,0.063137,0.47476,0.02407,0.023221,1539,-0.0019606,462,0.010207,2020,-0.055774,0.41667,-0.020453,-0.041755,True,False,15:-0.019(180.0) 16:-0.006(171.0) 17:+0.033(167.0) 18:-0.003(173.0) 19:-0.006(178.0) 20:-0.056(164.0) 21:+0.001(171.0) 22:-0.028(169.0) 23:+0.067(166.0) 24:-0.004(185.0) 25:+0.022(169.0) 26:+0.017(108.0),2015-01-09,2026-10-08,0.011994,,,,,,,1.6983,723.17,-3.0173,550.69,4.7156,172.48,-40.926
dt,USDCAD,forex,False,ny_fx,M30,30,k=0.5,0.5,False,False,M15,3043,928,0.30496,-0.0048812,-0.3727,0.48815,0.01047,0.015351,717,-0.0050577,211,-0.0042812,2021,-0.061957,0.41667,-0.014288,-0.023695,True,False,15:+0.017(82.0) 16:-0.022(73.0) 17:+0.008(90.0) 18:-0.012(87.0) 19:+0.016(80.0) 20:-0.059(67.0) 21:-0.062(80.0) 22:-0.032(77.0) 23:+0.088(81.0) 24:-0.004(79.0) 25:-0.025(85.0) 26:+0.032(47.0),2015-01-09,2026-10-08,0.0032328,,,,,,,-4.5297,147.58,-3.6264,109.99,-0.90333,37.587,-13.259
dt,USDCAD,forex,False,ny_fx,M30,30,k=0.7,0.7,False,False,M15,3043,432,0.14197,0.0011542,0.077911,0.47685,0.013196,0.012042,318,0.0041779,114,-0.0072803,2018,-0.054265,0.25,-0.012259,-0.025673,True,False,15:-0.003(45.0) 16:+0.014(29.0) 17:-0.003(43.0) 18:-0.054(43.0) 19:-0.015(42.0) 20:-0.008(27.0) 21:-0.032(29.0) 22:-0.015(29.0) 23:+0.184(31.0) 24:-0.004(45.0) 25:+0.009(39.0) 26:-0.032(30.0),2015-01-15,2026-10-08,0,,,,,,,0.49862,40.864,1.3286,30.046,-0.82995,10.818,-5.2961
rb,USDCAD,forex,False,ny_fx,M30,30,RB,0,False,False,M15,3043,1270,0.41735,-0.026334,-1.1813,0.43858,0.0070669,0.033401,952,0.0075271,318,-0.1277,2025,-0.19724,0.41667,-0.032138,-0.037943,True,False,15:-0.016(112.0) 16:+0.024(104.0) 17:-0.065(115.0) 18:-0.087(104.0) 19:+0.053(108.0) 20:-0.060(113.0) 21:+0.103(95.0) 22:+0.008(102.0) 23:+0.136(99.0) 24:-0.153(110.0) 25:-0.197(112.0) 26:-0.018(96.0),2015-01-09,2026-10-07,,659,-0.06003,605,0.02068,6,-1.0658,-33.444,801.83,7.1658,641.38,-40.61,160.45,-40.816
dt,USDCAD,forex,False,ny_fx,H1,60,k=0.3,0.3,False,False,M15,3043,1997,0.65626,-0.00050676,-0.038026,0.47371,0.022643,0.02315,1536,-0.0027696,461,0.0070328,2020,-0.054785,0.5,-0.021459,-0.042412,True,False,15:-0.025(180.0) 16:+0.001(170.0) 17:+0.021(167.0) 18:+0.003(172.0) 19:-0.012(178.0) 20:-0.055(164.0) 21:-0.001(171.0) 22:-0.022(168.0) 23:+0.067(166.0) 24:-0.009(184.0) 25:+0.017(169.0) 26:+0.018(108.0),2015-01-09,2026-10-08,0.016024,,,,,,,-1.012,707.9,-4.2541,541.6,3.2421,166.3,-42.854
dt,USDCAD,forex,False,ny_fx,H1,60,k=0.5,0.5,False,False,M15,3043,927,0.30463,-0.0044774,-0.34401,0.48759,0.01086,0.015338,716,-0.0042133,211,-0.0053737,2021,-0.06226,0.41667,-0.014523,-0.024569,True,False,15:+0.012(82.0) 16:-0.009(72.0) 17:+0.008(90.0) 18:-0.012(87.0) 19:+0.015(80.0) 20:-0.058(67.0) 21:-0.062(80.0) 22:-0.032(77.0) 23:+0.088(81.0) 24:-0.004(79.0) 25:-0.027(85.0) 26:+0.033(47.0),2015-01-09,2026-10-08,0.0053937,,,,,,,-4.1506,145.43,-3.0167,108.85,-1.1339,36.578,-13.463
dt,USDCAD,forex,False,ny_fx,H1,60,k=0.7,0.7,False,False,M15,3043,432,0.14197,0.0011009,0.074275,0.47917,0.013196,0.012095,318,0.0040831,114,-0.0072176,2018,-0.054143,0.25,-0.012313,-0.025726,True,False,15:-0.002(45.0) 16:+0.014(29.0) 17:-0.003(43.0) 18:-0.054(43.0) 19:-0.015(42.0) 20:-0.009(27.0) 21:-0.032(29.0) 22:-0.015(29.0) 23:+0.184(31.0) 24:-0.004(45.0) 25:+0.009(39.0) 26:-0.032(30.0),2015-01-15,2026-10-08,0,,,,,,,0.4756,40.907,1.2984,30.084,-0.82281,10.823,-5.3191
rb,USDCAD,forex,False,ny_fx,H1,60,RB,0,False,False,M15,3043,1252,0.41144,-0.043866,-2.0621,0.4345,-0.011197,0.032669,941,-0.02035,311,-0.11502,2025,-0.18197,0.25,-0.031907,-0.019949,False,False,15:-0.029(111.0) 16:+0.009(103.0) 17:-0.079(113.0) 18:-0.087(103.0) 19:-0.039(108.0) 20:-0.036(110.0) 21:+0.054(94.0) 22:-0.037(100.0) 23:+0.077(99.0) 24:-0.124(106.0) 25:-0.182(112.0) 26:-0.024(93.0),2015-01-09,2026-10-07,,659,-0.081582,583,0.016809,10,-1.0957,-54.92,711.14,-19.149,561.87,-35.77,149.27,-39.948
dt,USDCHF,forex,False,london24,M15,15,k=0.3,0.3,False,False,M15,3046,2361,0.77511,-0.040325,-2.8609,0.44812,-0.015654,0.024672,1816,-0.060014,545,0.025279,2015,-0.13014,0.33333,-0.025777,-0.011228,False,False,15:-0.130(193.0) 16:-0.075(193.0) 17:-0.071(200.0) 18:-0.073(204.0) 19:+0.035(185.0) 20:-0.091(214.0) 21:-0.064(211.0) 22:+0.010(198.0) 23:-0.071(218.0) 24:+0.042(194.0) 25:-0.006(207.0) 26:+0.047(144.0),2015-01-08,2026-10-05,0.0050826,,,,,,,-95.208,1110.9,-108.99,864.08,13.777,246.8,-60.859
dt,USDCHF,forex,False,london24,M15,15,k=0.5,0.5,False,False,M15,3046,1062,0.34865,-5.2633e-05,-0.0029988,0.45951,0.016488,0.01654,812,-0.0096076,250,0.030982,2021,-0.067604,0.5,-0.012287,-0.024521,True,False,15:+0.136(82.0) 16:-0.049(94.0) 17:-0.037(83.0) 18:-0.031(88.0) 19:+0.026(85.0) 20:-0.038(98.0) 21:-0.068(108.0) 22:+0.009(83.0) 23:-0.006(91.0) 24:+0.030(91.0) 25:+0.014(94.0) 26:+0.057(65.0),2015-01-13,2026-10-02,0.00094162,,,,,,,-0.055896,347.11,-7.8014,291.21,7.7455,55.894,-13.049
dt,USDCHF,forex,False,london24,M15,15,k=0.7,0.7,False,False,M15,3046,514,0.16875,0.0043094,0.18909,0.46498,0.017506,0.013196,398,-0.012738,116,0.062799,2020,-0.10197,0.41667,-0.0068604,-0.01803,True,False,15:+0.241(38.0) 16:-0.051(49.0) 17:-0.036(40.0) 18:-0.049(44.0) 19:+0.006(39.0) 20:-0.102(55.0) 21:-0.043(51.0) 22:-0.009(40.0) 23:-0.005(42.0) 24:+0.047(45.0) 25:+0.052(41.0) 26:+0.101(30.0),2015-01-13,2026-10-02,0.0019455,,,,,,,2.215,136.97,-5.0696,121.19,7.2846,15.771,-3.5263
rb,USDCHF,forex,False,london24,M15,15,RB,0,False,False,M15,3046,959,0.31484,-0.056843,-2.4627,0.43379,-0.019134,0.03771,705,-0.077414,254,0.0002523,2016,-0.17287,0.33333,-0.039251,-0.021659,False,False,15:-0.113(82.0) 16:-0.173(92.0) 17:+0.006(90.0) 18:-0.147(65.0) 19:-0.137(72.0) 20:+0.115(75.0) 21:-0.112(72.0) 22:-0.089(78.0) 23:-0.052(79.0) 24:+0.024(99.0) 25:-0.031(89.0) 26:+0.007(66.0),2015-01-05,2026-10-07,,456,-0.025856,500,-0.079212,3,-1.0388,-54.513,492.58,-54.577,339.46,0.064084,153.12,-37.642
dt,USDCHF,forex,False,london24,M30,30,k=0.3,0.3,False,False,M15,3046,2357,0.7738,-0.038208,-2.7637,0.4493,-0.013171,0.025037,1812,-0.057256,545,0.025123,2015,-0.12299,0.33333,-0.025911,-0.013614,False,False,15:-0.123(193.0) 16:-0.065(191.0) 17:-0.066(199.0) 18:-0.073(204.0) 19:+0.034(185.0) 20:-0.085(213.0) 21:-0.065(211.0) 22:+0.007(198.0) 23:-0.071(218.0) 24:+0.042(194.0) 25:-0.006(207.0) 26:+0.046(144.0),2015-01-08,2026-10-05,0.0072126,,,,,,,-90.057,1064.8,-103.75,818.09,13.692,246.69,-61.073
dt,USDCHF,forex,False,london24,M30,30,k=0.5,0.5,False,False,M15,3046,1062,0.34865,-0.0003968,-0.02265,0.46045,0.016157,0.016554,812,-0.010091,250,0.031091,2021,-0.066519,0.5,-0.012301,-0.024205,True,False,15:+0.136(82.0) 16:-0.049(94.0) 17:-0.037(83.0) 18:-0.031(88.0) 19:+0.026(85.0) 20:-0.038(98.0) 21:-0.067(108.0) 22:+0.005(83.0) 23:-0.006(91.0) 24:+0.030(91.0) 25:+0.014(94.0) 26:+0.057(65.0),2015-01-13,2026-10-02,0.0018832,,,,,,,-0.4214,345.81,-8.1941,289.92,7.7727,55.887,-13.063
dt,USDCHF,forex,False,london24,M30,30,k=0.7,0.7,False,False,M15,3046,514,0.16875,0.003476,0.15285,0.46304,0.017018,0.013542,398,-0.013837,116,0.062878,2020,-0.10317,0.41667,-0.0072059,-0.017888,True,False,15:+0.240(38.0) 16:-0.051(49.0) 17:-0.036(40.0) 18:-0.049(44.0) 19:+0.006(39.0) 20:-0.103(55.0) 21:-0.044(51.0) 22:-0.015(40.0) 23:-0.005(42.0) 24:+0.047(45.0) 25:+0.052(41.0) 26:+0.101(30.0),2015-01-13,2026-10-02,0.0019455,,,,,,,1.7867,136.37,-5.5072,120.59,7.2939,15.777,-3.7038
rb,USDCHF,forex,False,london24,M30,30,RB,0,False,False,M15,3046,956,0.31385,-0.06088,-2.6231,0.43305,-0.023957,0.036924,703,-0.080875,253,-0.0053218,2016,-0.1896,0.33333,-0.039066,-0.017251,False,False,15:-0.111(82.0) 16:-0.190(93.0) 17:+0.005(89.0) 18:-0.137(65.0) 19:-0.138(72.0) 20:+0.123(73.0) 21:-0.111(72.0) 22:-0.107(78.0) 23:-0.055(79.0) 24:+0.017(99.0) 25:-0.039(88.0) 26:+0.006(66.0),2015-01-05,2026-10-07,,455,-0.028252,497,-0.082847,4,-1.043,-58.202,495.33,-56.855,338.46,-1.3464,156.87,-37.347
dt,USDCHF,forex,False,london24,H1,60,k=0.3,0.3,False,True,M15,3046,2292,0.75246,-0.033525,-2.3683,0.44764,-0.008873,0.024652,1766,-0.051885,526,0.028116,2015,-0.1281,0.33333,-0.025007,-0.016489,False,False,15:-0.128(190.0) 16:-0.057(187.0) 17:-0.055(195.0) 18:-0.081(200.0) 19:+0.012(180.0) 20:-0.067(208.0) 21:-0.047(204.0) 22:+0.024(192.0) 23:-0.061(210.0) 24:+0.045(186.0) 25:-0.011(201.0) 26:+0.062(139.0),2015-01-08,2026-10-05,0.010908,,,,,,,-76.84,1054.8,-91.629,813.42,14.789,241.38,-57.316
dt,USDCHF,forex,False,london24,H1,60,k=0.5,0.5,False,True,M15,3046,1014,0.3329,0.0040342,0.23238,0.46844,0.020566,0.016532,778,-0.0049323,236,0.033593,2021,-0.052507,0.5,-0.013233,-0.030499,True,False,15:+0.121(79.0) 16:-0.036(92.0) 17:-0.031(81.0) 18:-0.041(86.0) 19:+0.002(80.0) 20:-0.015(91.0) 21:-0.053(106.0) 22:+0.040(76.0) 23:-0.005(87.0) 24:+0.027(88.0) 25:+0.019(86.0) 26:+0.064(62.0),2015-01-13,2026-10-02,0.0019724,,,,,,,4.0907,309.58,-3.8373,254.53,7.928,55.051,-13.418
dt,USDCHF,forex,False,london24,H1,60,k=0.7,0.7,False,True,M15,3046,491,0.1612,0.0064653,0.28835,0.45825,0.02009,0.013624,378,-0.0093241,113,0.059283,2020,-0.086299,0.41667,-0.0072794,-0.021024,True,False,15:+0.226(36.0) 16:-0.040(46.0) 17:-0.038(37.0) 18:-0.057(43.0) 19:-0.005(35.0) 20:-0.086(52.0) 21:-0.032(50.0) 22:+0.013(38.0) 23:-0.005(41.0) 24:+0.036(45.0) 25:+0.054(40.0) 26:+0.105(28.0),2015-01-13,2026-10-02,0.0020367,,,,,,,3.1745,120.97,-3.5245,104.78,6.6989,16.188,-3.5742
rb,USDCHF,forex,False,london24,H1,60,RB,0,False,True,M15,3046,901,0.2958,-0.084908,-3.5704,0.43285,-0.048664,0.036244,662,-0.10985,239,-0.015822,2019,-0.19525,0.16667,-0.043801,-0.0026932,False,False,15:-0.159(78.0) 16:-0.171(86.0) 17:-0.026(84.0) 18:-0.185(61.0) 19:-0.195(69.0) 20:+0.055(71.0) 21:-0.151(68.0) 22:-0.119(70.0) 23:-0.053(75.0) 24:-0.000(95.0) 25:-0.055(79.0) 26:+0.009(65.0),2015-01-05,2026-10-07,,434,-0.036715,461,-0.11779,6,-1.0447,-76.502,465.1,-72.721,313.92,-3.7815,151.19,-39.464
dt,USDCHF,forex,False,ny_fx,M15,15,k=0.3,0.3,False,False,M15,3041,1840,0.60506,-0.013831,-1.017,0.4413,0.015631,0.029462,1416,-0.010955,424,-0.023435,2024,-0.10549,0.5,-0.026574,-0.039317,True,False,15:+0.081(147.0) 16:-0.099(156.0) 17:+0.003(156.0) 18:+0.026(156.0) 19:+0.002(164.0) 20:-0.060(155.0) 21:+0.028(162.0) 22:-0.040(151.0) 23:-0.034(169.0) 24:-0.105(161.0) 25:-0.017(156.0) 26:+0.091(107.0),2015-01-09,2026-10-02,0.0070652,,,,,,,-25.449,626.25,-15.513,494.28,-9.9365,131.97,-48.896
dt,USDCHF,forex,False,ny_fx,M15,15,k=0.5,0.5,False,False,M15,3041,799,0.26274,-0.017516,-1.199,0.44556,0.0027971,0.020313,619,-0.020435,180,-0.0074789,2020,-0.12034,0.41667,-0.019158,-0.0208,True,False,15:+0.069(71.0) 16:-0.046(67.0) 17:-0.055(68.0) 18:+0.001(64.0) 19:+0.039(64.0) 20:-0.120(75.0) 21:-0.004(75.0) 22:-0.056(63.0) 23:-0.006(72.0) 24:-0.078(65.0) 25:+0.001(70.0) 26:+0.082(45.0),2015-01-14,2026-10-02,0.0012516,,,,,,,-13.995,136.32,-12.649,110.4,-1.3462,25.915,-15.307
dt,USDCHF,forex,False,ny_fx,M15,15,k=0.7,0.7,False,False,M15,3041,356,0.11707,0.018281,1.1492,0.5,0.034203,0.015923,277,0.018797,79,0.016472,2020,-0.080675,0.5,-0.014718,-0.047717,True,False,15:+0.106(32.0) 16:-0.026(40.0) 17:-0.007(32.0) 18:+0.029(25.0) 19:+0.088(30.0) 20:-0.081(29.0) 21:+0.050(31.0) 22:-0.036(22.0) 23:+0.035(36.0) 24:-0.015(27.0) 25:-0.012(27.0) 26:+0.081(25.0),2015-01-14,2026-10-01,0,,,,,,,6.5079,32.1,5.2066,26.392,1.3013,5.7079,-5.2397
rb,USDCHF,forex,False,ny_fx,M15,15,RB,0,False,False,M15,3041,1412,0.46432,-0.041705,-2.2144,0.44263,-0.0006463,0.041058,1089,-0.056225,323,0.0072526,2022,-0.12883,0.33333,-0.043061,-0.044416,True,False,15:-0.123(113.0) 16:-0.097(116.0) 17:-0.021(127.0) 18:+0.036(120.0) 19:-0.017(115.0) 20:+0.054(127.0) 21:-0.109(125.0) 22:-0.129(124.0) 23:-0.107(122.0) 24:-0.083(118.0) 25:+0.062(118.0) 26:+0.056(87.0),2015-01-05,2026-10-08,,796,-0.04274,614,-0.037002,2,-1.0734,-58.887,709.12,-61.229,544.94,2.3426,164.18,-60.801
dt,USDCHF,forex,False,ny_fx,M30,30,k=0.3,0.3,False,False,M15,3041,1838,0.60441,-0.013335,-0.98263,0.4407,0.016448,0.029783,1414,-0.010216,424,-0.023736,2024,-0.10669,0.5,-0.026953,-0.04057,True,False,15:+0.081(147.0) 16:-0.083(154.0) 17:+0.003(156.0) 18:+0.026(156.0) 19:+0.000(164.0) 20:-0.061(155.0) 21:+0.023(162.0) 22:-0.043(151.0) 23:-0.035(169.0) 24:-0.107(161.0) 25:-0.017(156.0) 26:+0.091(107.0),2015-01-09,2026-10-02,0.0092492,,,,,,,-24.51,622.15,-14.446,490.48,-10.064,131.67,-49.539
dt,USDCHF,forex,False,ny_fx,M30,30,k=0.5,0.5,False,False,M15,3041,796,0.26176,-0.014086,-0.96839,0.44724,0.0059457,0.020032,616,-0.016038,180,-0.0074081,2020,-0.11895,0.5,-0.018873,-0.023659,True,False,15:+0.069(71.0) 16:-0.018(65.0) 17:-0.055(68.0) 18:+0.001(64.0) 19:+0.038(64.0) 20:-0.119(75.0) 21:-0.002(75.0) 22:-0.056(63.0) 23:+0.004(71.0) 24:-0.078(65.0) 25:+0.001(70.0) 26:+0.082(45.0),2015-01-14,2026-10-02,0.0050251,,,,,,,-11.213,134.06,-9.8794,108.14,-1.3335,25.921,-15.023
dt,USDCHF,forex,False,ny_fx,M30,30,k=0.7,0.7,False,False,M15,3041,356,0.11707,0.018569,1.1683,0.5,0.034203,0.015634,277,0.019155,79,0.016516,2020,-0.079516,0.5,-0.01443,-0.047429,True,False,15:+0.106(32.0) 16:-0.026(40.0) 17:-0.007(32.0) 18:+0.029(25.0) 19:+0.088(30.0) 20:-0.080(29.0) 21:+0.053(31.0) 22:-0.036(22.0) 23:+0.035(36.0) 24:-0.015(27.0) 25:-0.012(27.0) 26:+0.081(25.0),2015-01-14,2026-10-01,0,,,,,,,6.6106,32.048,5.3058,26.337,1.3048,5.7105,-5.137
rb,USDCHF,forex,False,ny_fx,M30,30,RB,0,False,False,M15,3041,1406,0.46235,-0.063452,-3.384,0.43314,-0.023566,0.039885,1084,-0.071948,322,-0.034848,2015,-0.16202,0.25,-0.042587,-0.021722,False,False,15:-0.162(112.0) 16:-0.119(116.0) 17:-0.042(127.0) 18:+0.039(119.0) 19:-0.020(115.0) 20:+0.032(127.0) 21:-0.106(125.0) 22:-0.150(122.0) 23:-0.129(121.0) 24:-0.111(118.0) 25:+0.034(118.0) 26:-0.025(86.0),2015-01-05,2026-10-08,,795,-0.0594,607,-0.062267,4,-1.0485,-89.213,700.17,-77.992,532.42,-11.221,167.75,-59.877
dt,USDCHF,forex,False,ny_fx,H1,60,k=0.3,0.3,False,False,M15,3041,1835,0.60342,-0.011958,-0.88295,0.44142,0.016762,0.02872,1411,-0.0081363,424,-0.024676,2024,-0.10977,0.5,-0.02675,-0.041543,True,False,15:+0.080(147.0) 16:-0.083(153.0) 17:+0.003(156.0) 18:+0.026(156.0) 19:+0.000(164.0) 20:-0.057(155.0) 21:+0.035(161.0) 22:-0.043(151.0) 23:-0.033(168.0) 24:-0.110(161.0) 25:-0.017(156.0) 26:+0.092(107.0),2015-01-09,2026-10-02,0.014714,,,,,,,-21.943,617.53,-11.48,486.21,-10.462,131.32,-49.087
dt,USDCHF,forex,False,ny_fx,H1,60,k=0.5,0.5,False,False,M15,3041,796,0.26176,-0.01342,-0.92228,0.44975,0.0059457,0.019366,616,-0.015219,180,-0.0072652,2020,-0.11611,0.58333,-0.018206,-0.022992,True,False,15:+0.069(71.0) 16:-0.019(65.0) 17:-0.055(68.0) 18:+0.001(64.0) 19:+0.038(64.0) 20:-0.116(75.0) 21:+0.002(75.0) 22:-0.056(63.0) 23:+0.004(71.0) 24:-0.078(65.0) 25:+0.001(70.0) 26:+0.083(45.0),2015-01-14,2026-10-02,0.0050251,,,,,,,-10.682,134.13,-9.3746,108.2,-1.3077,25.932,-14.492
dt,USDCHF,forex,False,ny_fx,H1,60,k=0.7,0.7,False,False,M15,3041,356,0.11707,0.019077,1.1987,0.50562,0.034203,0.015127,277,0.019762,79,0.016673,2020,-0.079687,0.5,-0.013922,-0.046921,True,False,15:+0.106(32.0) 16:-0.026(40.0) 17:-0.007(32.0) 18:+0.028(25.0) 19:+0.088(30.0) 20:-0.080(29.0) 21:+0.058(31.0) 22:-0.036(22.0) 23:+0.036(36.0) 24:-0.015(27.0) 25:-0.012(27.0) 26:+0.081(25.0),2015-01-14,2026-10-01,0,,,,,,,6.7913,32.139,5.4741,26.425,1.3172,5.7144,-4.9563
rb,USDCHF,forex,False,ny_fx,H1,60,RB,0,False,False,M15,3041,1390,0.45709,-0.088578,-4.7331,0.41871,-0.050964,0.037614,1072,-0.093396,318,-0.072336,2021,-0.18201,0.16667,-0.040098,0.0083822,False,False,15:-0.169(111.0) 16:-0.120(114.0) 17:-0.067(125.0) 18:+0.008(117.0) 19:-0.031(114.0) 20:-0.018(126.0) 21:-0.182(125.0) 22:-0.139(119.0) 23:-0.126(121.0) 24:-0.143(117.0) 25:+0.013(115.0) 26:-0.090(86.0),2015-01-05,2026-10-08,,797,-0.081778,588,-0.089191,5,-1.1005,-123.12,687.1,-100.12,531.12,-23.003,155.98,-55.736
dt,USDJPY,forex,False,london24,M15,15,k=0.3,0.3,False,False,M15,3046,2187,0.71799,0.021535,1.4549,0.47462,0.049772,0.028237,1680,0.010163,507,0.059221,2021,-0.075391,0.75,-0.020788,-0.063112,True,False,15:+0.036(187.0) 16:+0.052(169.0) 17:+0.017(177.0) 18:+0.054(186.0) 19:-0.019(196.0) 20:+0.009(191.0) 21:-0.075(194.0) 22:+0.081(183.0) 23:-0.049(197.0) 24:+0.051(180.0) 25:+0.029(194.0) 26:+0.114(133.0),2015-01-09,2026-10-08,0.010974,,,,,,,47.098,1048.5,17.073,706.16,30.025,342.3,-45.464
dt,USDJPY,forex,False,london24,M15,15,k=0.5,0.5,False,False,M15,3046,1013,0.33257,0.026473,1.7023,0.49161,0.045791,0.019318,773,0.018387,240,0.052518,2023,-0.056249,0.66667,-0.015396,-0.057265,True,False,15:+0.016(93.0) 16:+0.076(75.0) 17:-0.014(85.0) 18:+0.080(84.0) 19:+0.020(86.0) 20:+0.043(88.0) 21:-0.046(89.0) 22:+0.062(83.0) 23:-0.056(90.0) 24:+0.042(86.0) 25:-0.006(91.0) 26:+0.151(63.0),2015-01-09,2026-10-02,0.0078973,,,,,,,26.817,248.64,14.213,156.25,12.604,92.39,-15.596
dt,USDJPY,forex,False,london24,M15,15,k=0.7,0.7,False,False,M15,3046,494,0.16218,0.041071,2.2559,0.53846,0.057733,0.016662,385,0.031259,109,0.075728,2021,-0.057878,0.75,-0.013199,-0.067469,True,False,15:+0.073(45.0) 16:+0.090(43.0) 17:-0.057(41.0) 18:+0.028(49.0) 19:+0.108(35.0) 20:+0.030(46.0) 21:-0.058(42.0) 22:+0.054(45.0) 23:+0.017(39.0) 24:+0.029(41.0) 25:-0.006(37.0) 26:+0.235(31.0),2015-01-12,2026-10-02,0.0040486,,,,,,,20.289,81.56,12.035,44.413,8.2543,37.147,-6.5201
rb,USDJPY,forex,False,london24,M15,15,RB,0,False,False,M15,3046,1049,0.34439,0.017658,0.59234,0.44519,0.056357,0.038699,787,0.012807,262,0.03223,2021,-0.086358,0.58333,-0.033509,-0.084675,True,False,15:+0.047(85.0) 16:+0.126(94.0) 17:-0.049(101.0) 18:+0.059(87.0) 19:+0.129(96.0) 20:-0.079(83.0) 21:-0.086(73.0) 22:-0.017(92.0) 23:-0.050(76.0) 24:+0.064(99.0) 25:+0.018(83.0) 26:+0.008(80.0),2015-01-14,2026-10-07,,535,0.019437,511,0.021889,3,-1.0203,18.523,977.29,10.079,561.94,8.4442,415.35,-35.151
dt,USDJPY,forex,False,london24,M30,30,k=0.3,0.3,False,False,M15,3046,2186,0.71766,0.023246,1.5731,0.47484,0.051023,0.027777,1679,0.011806,507,0.061129,2021,-0.072741,0.75,-0.020629,-0.064503,True,False,15:+0.033(187.0) 16:+0.067(168.0) 17:+0.016(177.0) 18:+0.058(186.0) 19:-0.020(196.0) 20:+0.011(191.0) 21:-0.073(194.0) 22:+0.074(183.0) 23:-0.046(197.0) 24:+0.050(180.0) 25:+0.029(194.0) 26:+0.123(133.0),2015-01-09,2026-10-08,0.012809,,,,,,,50.816,1044.2,19.823,702.43,30.993,341.77,-45.094
dt,USDJPY,forex,False,london24,M30,30,k=0.5,0.5,False,False,M15,3046,1013,0.33257,0.026917,1.733,0.4926,0.045975,0.019058,773,0.018423,240,0.054276,2023,-0.056258,0.66667,-0.015504,-0.057925,True,False,15:+0.015(93.0) 16:+0.077(75.0) 17:-0.014(85.0) 18:+0.083(84.0) 19:+0.020(86.0) 20:+0.047(88.0) 21:-0.046(89.0) 22:+0.055(83.0) 23:-0.056(90.0) 24:+0.041(86.0) 25:-0.006(91.0) 26:+0.160(63.0),2015-01-09,2026-10-02,0.0098717,,,,,,,27.267,248.04,14.241,155.93,13.026,92.108,-15.706
dt,USDJPY,forex,False,london24,M30,30,k=0.7,0.7,False,False,M15,3046,494,0.16218,0.041624,2.2904,0.54049,0.057723,0.0161,385,0.031339,109,0.07795,2021,-0.057878,0.75,-0.012162,-0.065948,True,False,15:+0.073(45.0) 16:+0.090(43.0) 17:-0.057(41.0) 18:+0.028(49.0) 19:+0.108(35.0) 20:+0.036(46.0) 21:-0.058(42.0) 22:+0.049(45.0) 23:+0.018(39.0) 24:+0.029(41.0) 25:-0.006(37.0) 26:+0.243(31.0),2015-01-12,2026-10-02,0.0080972,,,,,,,20.562,81.287,12.065,44.185,8.4965,37.102,-6.0081
rb,USDJPY,forex,False,london24,M30,30,RB,0,False,False,M15,3046,1044,0.34274,0.01034,0.34775,0.44444,0.048089,0.037749,784,0.006216,260,0.022774,2021,-0.096935,0.58333,-0.033268,-0.076877,True,False,15:+0.039(84.0) 16:+0.124(94.0) 17:-0.065(101.0) 18:+0.059(87.0) 19:+0.105(95.0) 20:-0.054(83.0) 21:-0.097(73.0) 22:-0.015(91.0) 23:-0.075(76.0) 24:+0.032(99.0) 25:+0.022(82.0) 26:+0.012(79.0),2015-01-14,2026-10-07,,535,0.0091443,505,0.019803,4,-1.0245,10.795,962.76,4.8733,562.78,5.9213,399.98,-34.732
dt,USDJPY,forex,False,london24,H1,60,k=0.3,0.3,False,True,M15,3046,2129,0.69895,0.033883,2.26,0.49178,0.061341,0.027458,1631,0.021234,498,0.075311,2021,-0.061156,0.75,-0.01738,-0.068643,True,False,15:+0.027(179.0) 16:+0.109(162.0) 17:+0.023(170.0) 18:+0.073(181.0) 19:-0.029(186.0) 20:+0.019(190.0) 21:-0.061(190.0) 22:+0.079(181.0) 23:-0.030(192.0) 24:+0.062(178.0) 25:+0.048(188.0) 26:+0.133(132.0),2015-01-09,2026-10-08,0.01597,,,,,,,72.138,1020.8,34.633,673.75,37.505,347.05,-37.002
dt,USDJPY,forex,False,london24,H1,60,k=0.5,0.5,False,True,M15,3046,968,0.31779,0.034549,2.1428,0.50826,0.053416,0.018867,737,0.024517,231,0.066559,2023,-0.039176,0.75,-0.013683,-0.061915,True,False,15:+0.002(90.0) 16:+0.102(73.0) 17:-0.014(80.0) 18:+0.100(78.0) 19:+0.021(82.0) 20:+0.054(86.0) 21:-0.037(84.0) 22:+0.053(76.0) 23:-0.039(88.0) 24:+0.050(81.0) 25:+0.011(88.0) 26:+0.167(62.0),2015-01-09,2026-10-02,0.010331,,,,,,,33.444,244.49,18.069,150.11,15.375,94.386,-13.245
dt,USDJPY,forex,False,london24,H1,60,k=0.7,0.7,False,True,M15,3046,473,0.15529,0.049317,2.61,0.53911,0.065366,0.016049,369,0.037805,104,0.090164,2017,-0.05974,0.83333,-0.011904,-0.073125,True,False,15:+0.055(45.0) 16:+0.105(42.0) 17:-0.060(38.0) 18:+0.053(46.0) 19:+0.095(34.0) 20:+0.044(45.0) 21:-0.048(41.0) 22:+0.054(41.0) 23:+0.039(37.0) 24:+0.030(39.0) 25:+0.013(36.0) 26:+0.268(29.0),2015-01-12,2026-10-02,0.0084567,,,,,,,23.327,80.865,13.95,41.743,9.3771,39.122,-5.6306
rb,USDJPY,forex,False,london24,H1,60,RB,0,False,True,M15,3046,992,0.32567,-0.0035894,-0.11683,0.44556,0.034059,0.037649,746,-0.0080982,246,0.010084,2015,-0.070538,0.41667,-0.042966,-0.082343,True,False,15:-0.071(79.0) 16:+0.113(86.0) 17:-0.040(95.0) 18:+0.033(83.0) 19:+0.078(89.0) 20:-0.027(82.0) 21:-0.060(68.0) 22:-0.051(88.0) 23:-0.068(76.0) 24:-0.031(93.0) 25:+0.044(79.0) 26:+0.026(74.0),2015-01-14,2026-10-07,,507,0.0057898,477,0.0040915,8,-1.056,-3.5607,927.99,-6.0412,540.59,2.4805,387.4,-42.623
dt,USDJPY,forex,False,ny_fx,M15,15,k=0.3,0.3,False,False,M15,3043,1655,0.54387,0.007198,0.44749,0.45076,0.041725,0.034527,1277,0.0071573,378,0.0073355,2021,-0.058448,0.58333,-0.02616,-0.059518,True,False,15:+0.014(156.0) 16:-0.031(133.0) 17:-0.050(163.0) 18:-0.040(142.0) 19:+0.110(148.0) 20:+0.004(141.0) 21:-0.058(139.0) 22:+0.095(109.0) 23:+0.040(146.0) 24:-0.027(136.0) 25:+0.030(138.0) 26:+0.022(104.0),2015-01-09,2026-10-08,0.010876,,,,,,,11.913,708.33,9.1399,507.96,2.7728,200.37,-43.295
dt,USDJPY,forex,False,ny_fx,M15,15,k=0.5,0.5,False,False,M15,3043,698,0.22938,0.015015,0.81014,0.48424,0.039366,0.024351,544,0.013031,154,0.022023,2021,-0.066789,0.58333,-0.016121,-0.047257,True,False,15:+0.100(62.0) 16:-0.032(52.0) 17:-0.060(62.0) 18:-0.039(57.0) 19:+0.092(73.0) 20:+0.012(54.0) 21:-0.067(64.0) 22:+0.064(50.0) 23:+0.032(70.0) 24:-0.003(49.0) 25:+0.027(54.0) 26:+0.041(51.0),2015-01-12,2026-10-08,0.0014327,,,,,,,10.481,167.28,7.089,115.67,3.3916,51.604,-11.252
dt,USDJPY,forex,False,ny_fx,M15,15,k=0.7,0.7,False,False,M15,3043,336,0.11042,0.021425,0.95416,0.41667,0.042353,0.020929,262,0.019275,74,0.029034,2021,-0.088607,0.66667,-0.01535,-0.052124,True,False,15:+0.083(30.0) 16:+0.051(21.0) 17:-0.041(24.0) 18:-0.048(24.0) 19:+0.122(37.0) 20:-0.013(31.0) 21:-0.089(39.0) 22:+0.006(29.0) 23:+0.105(27.0) 24:+0.024(22.0) 25:+0.005(27.0) 26:+0.059(25.0),2015-02-06,2026-10-01,0,,,,,,,7.1987,56.904,5.0501,36.649,2.1485,20.255,-5.1575
rb,USDJPY,forex,False,ny_fx,M15,15,RB,0,False,False,M15,3043,1519,0.49918,-0.020196,-0.99595,0.4582,0.026622,0.046818,1138,-0.02298,381,-0.01188,2021,-0.14769,0.41667,-0.04249,-0.064784,True,False,15:-0.077(126.0) 16:+0.082(139.0) 17:+0.010(122.0) 18:-0.006(118.0) 19:+0.043(115.0) 20:-0.079(125.0) 21:-0.148(128.0) 22:-0.047(149.0) 23:+0.021(116.0) 24:+0.013(142.0) 25:-0.037(141.0) 26:-0.013(98.0),2015-01-06,2026-10-08,,925,-0.0066711,585,-0.025775,9,-1.0476,-30.677,948.76,-26.151,750.97,-4.5263,197.79,-64.542
dt,USDJPY,forex,False,ny_fx,M30,30,k=0.3,0.3,False,False,M15,3043,1654,0.54354,0.0071294,0.44296,0.44982,0.041241,0.034112,1277,0.0065289,377,0.0091634,2021,-0.05833,0.58333,-0.026208,-0.059546,True,False,15:+0.012(156.0) 16:-0.031(133.0) 17:-0.050(163.0) 18:-0.040(142.0) 19:+0.105(148.0) 20:+0.009(141.0) 21:-0.058(139.0) 22:+0.092(109.0) 23:+0.040(146.0) 24:-0.019(135.0) 25:+0.029(138.0) 26:+0.020(104.0),2015-01-09,2026-10-08,0.01451,,,,,,,11.792,708.33,8.3375,509.2,3.4546,199.13,-43.349
dt,USDJPY,forex,False,ny_fx,M30,30,k=0.5,0.5,False,False,M15,3043,697,0.22905,0.016249,0.87774,0.48494,0.040541,0.024293,543,0.01459,154,0.022098,2021,-0.067666,0.58333,-0.016051,-0.048351,True,False,15:+0.096(62.0) 16:-0.012(51.0) 17:-0.060(62.0) 18:-0.039(57.0) 19:+0.092(73.0) 20:+0.013(54.0) 21:-0.068(64.0) 22:+0.064(50.0) 23:+0.032(70.0) 24:-0.003(49.0) 25:+0.027(54.0) 26:+0.041(51.0),2015-01-12,2026-10-08,0.0043042,,,,,,,11.325,166.43,7.9224,114.83,3.4031,51.601,-11.188
dt,USDJPY,forex,False,ny_fx,M30,30,k=0.7,0.7,False,False,M15,3043,336,0.11042,0.021593,0.96202,0.41667,0.042353,0.020761,262,0.019479,74,0.029077,2021,-0.089439,0.66667,-0.015182,-0.051956,True,False,15:+0.083(30.0) 16:+0.051(21.0) 17:-0.041(24.0) 18:-0.048(24.0) 19:+0.122(37.0) 20:-0.011(31.0) 21:-0.089(39.0) 22:+0.006(29.0) 23:+0.104(27.0) 24:+0.024(22.0) 25:+0.005(27.0) 26:+0.059(25.0),2015-02-06,2026-10-01,0,,,,,,,7.2551,56.862,5.1034,36.608,2.1517,20.254,-5.1011
rb,USDJPY,forex,False,ny_fx,M30,30,RB,0,False,False,M15,3043,1503,0.49392,-0.025807,-1.2832,0.45709,0.020282,0.046089,1125,-0.026629,378,-0.023362,2021,-0.15025,0.33333,-0.045545,-0.065282,True,False,15:-0.086(125.0) 16:+0.072(138.0) 17:-0.003(122.0) 18:-0.036(117.0) 19:+0.009(113.0) 20:-0.084(123.0) 21:-0.150(127.0) 22:-0.025(148.0) 23:+0.067(112.0) 24:+0.025(139.0) 25:-0.074(141.0) 26:-0.020(98.0),2015-01-06,2026-10-08,,922,-0.016193,572,-0.025305,9,-1.0427,-38.789,914.1,-29.958,725.28,-8.8309,188.82,-68.454
dt,USDJPY,forex,False,ny_fx,H1,60,k=0.3,0.3,False,False,M15,3043,1651,0.54256,0.0080794,0.50231,0.45124,0.041929,0.03385,1274,0.0085116,377,0.0066192,2021,-0.058187,0.58333,-0.025244,-0.058568,True,False,15:+0.023(154.0) 16:-0.022(132.0) 17:-0.051(163.0) 18:-0.040(142.0) 19:+0.105(148.0) 20:+0.008(141.0) 21:-0.058(139.0) 22:+0.092(109.0) 23:+0.039(146.0) 24:-0.019(135.0) 25:+0.028(138.0) 26:+0.012(104.0),2015-01-09,2026-10-08,0.017565,,,,,,,13.339,704.89,10.844,505.15,2.4954,199.74,-41.678
dt,USDJPY,forex,False,ny_fx,H1,60,k=0.5,0.5,False,False,M15,3043,697,0.22905,0.016624,0.89797,0.48494,0.040311,0.023687,543,0.015062,154,0.022131,2021,-0.066728,0.58333,-0.015446,-0.047515,True,False,15:+0.093(62.0) 16:-0.012(51.0) 17:-0.060(62.0) 18:-0.039(57.0) 19:+0.092(73.0) 20:+0.020(54.0) 21:-0.067(64.0) 22:+0.064(50.0) 23:+0.032(70.0) 24:-0.003(49.0) 25:+0.027(54.0) 26:+0.041(51.0),2015-01-12,2026-10-08,0.0071736,,,,,,,11.587,166.45,8.1784,114.85,3.4083,51.599,-10.766
dt,USDJPY,forex,False,ny_fx,H1,60,k=0.7,0.7,False,False,M15,3043,336,0.11042,0.022453,1.0014,0.41964,0.042353,0.0199,262,0.020568,74,0.029129,2021,-0.090298,0.66667,-0.014321,-0.051095,True,False,15:+0.083(30.0) 16:+0.051(21.0) 17:-0.041(24.0) 18:-0.048(24.0) 19:+0.122(37.0) 20:-0.000(31.0) 21:-0.090(39.0) 22:+0.006(29.0) 23:+0.104(27.0) 24:+0.024(22.0) 25:+0.005(27.0) 26:+0.059(25.0),2015-02-06,2026-10-01,0.0029762,,,,,,,7.5444,56.764,5.3888,36.511,2.1555,20.254,-4.8118
rb,USDJPY,forex,False,ny_fx,H1,60,RB,0,False,False,M15,3043,1492,0.49031,-0.0524,-2.6726,0.44638,-0.0083246,0.044076,1115,-0.054023,377,-0.047601,2015,-0.15858,0.25,-0.042678,-0.032955,False,False,15:-0.159(123.0) 16:+0.058(137.0) 17:-0.024(120.0) 18:-0.017(118.0) 19:-0.042(114.0) 20:-0.134(123.0) 21:-0.149(126.0) 22:-0.059(144.0) 23:+0.044(110.0) 24:+0.013(138.0) 25:-0.088(141.0) 26:-0.075(98.0),2015-01-06,2026-10-08,,924,-0.037546,560,-0.062646,8,-1.0509,-78.181,859.25,-60.236,688.31,-17.946,170.94,-63.675
dt,USOIL.cash,energy,False,nymex,M5,5,k=0.3,0.3,False,False,M5,1466,879,0.59959,0.00027128,0.015919,0.47782,0.020748,0.020477,471,0.0032408,408,-0.0031567,2026,-0.049505,0.33333,-0.020535,-0.04134,True,False,21:-0.021(158.0) 22:+0.047(150.0) 23:-0.013(163.0) 24:+0.024(167.0) 25:-0.007(153.0) 26:-0.050(88.0),2021-01-13,2026-10-08,0,,,,,,,0.23846,224.12,1.5264,130.19,-1.2879,93.936,-18.05
dt,USOIL.cash,energy,False,nymex,M5,5,k=0.5,0.5,False,False,M5,1466,346,0.23602,0.015921,0.95187,0.5,0.029413,0.013492,181,0.031256,165,-0.00090089,2026,-0.069613,0.66667,-0.012872,-0.041665,True,False,21:-0.005(62.0) 22:+0.053(59.0) 23:+0.047(60.0) 24:+0.007(75.0) 25:+0.023(60.0) 26:-0.070(30.0),2021-01-14,2026-10-06,0,,,,,,,5.5087,33.483,5.6573,19.498,-0.14865,13.984,-4.4537
dt,USOIL.cash,energy,False,nymex,M5,5,k=0.7,0.7,False,False,M5,1466,154,0.10505,-0.0048138,-0.26272,0.45455,0.0055047,0.010319,87,0.0046942,67,-0.01716,2026,-0.19426,0.5,-0.011588,-0.018362,True,False,21:-0.026(29.0) 22:+0.018(30.0) 23:+0.021(28.0) 24:-0.017(30.0) 25:+0.067(25.0) 26:-0.194(12.0),2021-01-22,2026-07-13,0,,,,,,,-0.74133,7.9141,0.4084,4.878,-1.1497,3.0361,-1.7846
rb,USOIL.cash,energy,False,nymex,M5,5,RB,0,False,False,M5,1466,639,0.43588,0.017351,0.58299,0.46166,0.047517,0.030166,309,0.04165,330,-0.0054006,2026,-0.077178,0.83333,-0.013979,-0.045309,True,False,21:+0.085(91.0) 22:+0.011(111.0) 23:+0.036(107.0) 24:+0.036(100.0) 25:+0.031(114.0) 26:-0.077(116.0),2021-01-04,2026-10-08,,370,-0.028908,269,0.08098,0,,11.088,361.33,12.87,189.7,-1.7822,171.64,-8.9325
dt,USOIL.cash,energy,False,nymex,M15,15,k=0.3,0.3,False,False,M5,1466,879,0.59959,0.00023501,0.013792,0.47782,0.020754,0.020519,471,0.0032301,408,-0.0032225,2026,-0.049496,0.33333,-0.020577,-0.041389,True,False,21:-0.021(158.0) 22:+0.047(150.0) 23:-0.013(163.0) 24:+0.024(167.0) 25:-0.007(153.0) 26:-0.049(88.0),2021-01-13,2026-10-08,0,,,,,,,0.20658,224.09,1.5214,130.18,-1.3148,93.911,-18.087
dt,USOIL.cash,energy,False,nymex,M15,15,k=0.5,0.5,False,False,M5,1466,346,0.23602,0.015951,0.95354,0.5,0.029416,0.013465,181,0.031263,165,-0.00084541,2026,-0.069815,0.66667,-0.012845,-0.041641,True,False,21:-0.005(62.0) 22:+0.053(59.0) 23:+0.047(60.0) 24:+0.007(75.0) 25:+0.024(60.0) 26:-0.070(30.0),2021-01-14,2026-10-06,0,,,,,,,5.5191,33.492,5.6586,19.503,-0.13949,13.989,-4.4443
dt,USOIL.cash,energy,False,nymex,M15,15,k=0.7,0.7,False,False,M5,1466,154,0.10505,-0.0047633,-0.26,0.45455,0.0055047,0.010268,87,0.0047035,67,-0.017056,2026,-0.19401,0.5,-0.011538,-0.018312,True,False,21:-0.026(29.0) 22:+0.018(30.0) 23:+0.021(28.0) 24:-0.017(30.0) 25:+0.067(25.0) 26:-0.194(12.0),2021-01-22,2026-07-13,0,,,,,,,-0.73354,7.9116,0.4092,4.8754,-1.1427,3.0362,-1.7768
rb,USOIL.cash,energy,False,nymex,M15,15,RB,0,False,False,M5,1466,638,0.4352,0.006491,0.22082,0.45768,0.036527,0.030036,309,0.02345,329,-0.009437,2026,-0.077524,0.66667,-0.014437,-0.035364,True,False,21:+0.066(91.0) 22:-0.024(111.0) 23:+0.036(107.0) 24:+0.048(99.0) 25:+0.010(114.0) 26:-0.078(116.0),2021-01-04,2026-10-08,,370,-0.036673,268,0.066082,0,,4.1412,351.19,7.246,182.83,-3.1048,168.37,-9.2106
dt,USOIL.cash,energy,False,nymex,M30,30,k=0.3,0.3,False,False,M5,1466,879,0.59959,0.00021516,0.012626,0.47782,0.020754,0.020539,471,0.0032034,408,-0.0032345,2026,-0.049408,0.33333,-0.020597,-0.041408,True,False,21:-0.021(158.0) 22:+0.047(150.0) 23:-0.013(163.0) 24:+0.025(167.0) 25:-0.007(153.0) 26:-0.049(88.0),2021-01-13,2026-10-08,0,,,,,,,0.18913,224.11,1.5088,130.17,-1.3197,93.939,-18.104
dt,USOIL.cash,energy,False,nymex,M30,30,k=0.5,0.5,False,False,M5,1466,346,0.23602,0.015985,0.95563,0.5,0.029416,0.013431,181,0.031284,165,-0.00079747,2026,-0.069901,0.66667,-0.012811,-0.041607,True,False,21:-0.005(62.0) 22:+0.053(59.0) 23:+0.047(60.0) 24:+0.007(75.0) 25:+0.024(60.0) 26:-0.070(30.0),2021-01-14,2026-10-06,0,,,,,,,5.5308,33.488,5.6624,19.505,-0.13158,13.984,-4.4325
dt,USOIL.cash,energy,False,nymex,M30,30,k=0.7,0.7,False,False,M5,1466,154,0.10505,-0.0047786,-0.26085,0.45455,0.0055047,0.010283,87,0.0046985,67,-0.017085,2026,-0.19405,0.5,-0.011553,-0.018327,True,False,21:-0.026(29.0) 22:+0.018(30.0) 23:+0.022(28.0) 24:-0.016(30.0) 25:+0.067(25.0) 26:-0.194(12.0),2021-01-22,2026-07-13,0,,,,,,,-0.7359,7.9105,0.40877,4.875,-1.1447,3.0355,-1.7791
rb,USOIL.cash,energy,False,nymex,M30,30,RB,0,False,False,M5,1466,632,0.43111,-0.0113,-0.39537,0.45095,0.018257,0.029557,306,0.003963,326,-0.025627,2026,-0.078148,0.5,-0.018245,-0.025191,True,False,21:+0.035(91.0) 22:-0.046(110.0) 23:+0.030(105.0) 24:+0.028(99.0) 25:-0.019(112.0) 26:-0.078(115.0),2021-01-04,2026-10-08,,368,-0.042691,264,0.032457,0,,-7.1417,325.85,1.2127,167.21,-8.3544,158.64,-11.531
dt,USOIL.cash,energy,False,nymex,H1,60,k=0.3,0.3,False,True,M5,1466,838,0.57162,0.0079218,0.47227,0.49045,0.028478,0.020556,445,0.01203,393,0.0032701,2026,-0.013388,0.66667,-0.020375,-0.048671,True,False,21:-0.011(147.0) 22:+0.035(143.0) 23:+0.012(155.0) 24:+0.011(161.0) 25:+0.004(150.0) 26:-0.013(82.0),2021-01-13,2026-10-08,0.0047733,,,,,,,6.6385,197.4,5.3533,115.07,1.2851,82.331,-17.074
dt,USOIL.cash,energy,False,nymex,H1,60,k=0.5,0.5,False,True,M5,1466,318,0.21692,0.018636,1.1092,0.5,0.032167,0.013531,166,0.037412,152,-0.0018692,2026,-0.064892,0.66667,-0.014028,-0.046692,True,False,21:+0.001(59.0) 22:+0.049(52.0) 23:+0.065(55.0) 24:-0.004(68.0) 25:+0.035(55.0) 26:-0.065(29.0),2021-01-14,2026-10-06,0,,,,,,,5.9262,28.564,6.2103,16.392,-0.28412,12.171,-4.4609
dt,USOIL.cash,energy,False,nymex,H1,60,k=0.7,0.7,False,True,M5,1466,137,0.093452,-0.0033153,-0.17688,0.51825,0.0069084,0.010224,75,0.012056,62,-0.021909,2026,-0.23159,0.5,-0.01063,-0.017944,True,False,21:-0.029(26.0) 22:+0.023(27.0) 23:+0.047(22.0) 24:-0.024(28.0) 25:+0.068(24.0) 26:-0.232(10.0),2021-01-22,2026-07-08,0,,,,,,,-0.45419,6.5473,0.90417,4.2305,-1.3584,2.3167,-1.4563
rb,USOIL.cash,energy,False,nymex,H1,60,RB,0,False,True,M5,1466,600,0.40928,-0.038267,-1.407,0.46,-0.0094843,0.028782,290,0.0065886,310,-0.080228,2025,-0.091023,0.33333,-0.021397,-0.004527,False,False,21:+0.023(86.0) 22:-0.051(105.0) 23:+0.053(99.0) 24:-0.076(90.0) 25:-0.091(110.0) 26:-0.073(110.0),2021-01-04,2026-10-08,,354,-0.043227,245,-0.026906,1,-1.0654,-22.96,266.73,1.9107,145.71,-24.871,121.02,-12.838
dt,V,stock,False,us_cash,M5,5,k=0.3,0.3,False,False,M5,1243,914,0.73532,-0.043609,-2.1553,0.43982,-0.017681,0.025929,424,-0.047983,490,-0.039825,2025,-0.079625,0.16667,-0.030577,-0.017544,False,False,21:-0.054(40.0) 22:-0.039(176.0) 23:-0.054(208.0) 24:+0.007(173.0) 25:-0.080(174.0) 26:-0.048(143.0),2021-08-09,2026-10-08,0.0043764,,,,,,,-39.859,343.36,-20.345,153.11,-19.514,190.25,-27.947
dt,V,stock,False,us_cash,M5,5,k=0.5,0.5,False,False,M5,1243,413,0.33226,-0.028053,-1.3665,0.44068,-0.011894,0.016159,188,-0.020701,225,-0.034196,2026,-0.071395,0.33333,-0.024173,-0.020292,False,False,21:-0.027(17.0) 22:+0.005(70.0) 23:-0.037(101.0) 24:+0.008(82.0) 25:-0.048(77.0) 26:-0.071(66.0),2021-08-10,2026-10-05,0.0048426,,,,,,,-11.586,72.032,-3.8918,28.411,-7.6941,43.621,-9.9833
dt,V,stock,False,us_cash,M5,5,k=0.7,0.7,False,False,M5,1243,202,0.16251,-0.030372,-1.2704,0.43069,-0.01799,0.012382,83,-0.031473,119,-0.029604,2023,-0.075997,0.4,-0.022471,-0.01457,False,False,21:+0.044(5.0) 22:+0.015(34.0) 23:-0.076(44.0) 24:+0.001(45.0) 25:-0.055(41.0) 26:-0.039(33.0),2021-08-10,2026-10-05,0.009901,,,,,,,-6.1352,23.394,-2.6122,10.655,-3.5229,12.739,-4.5392
rb,V,stock,False,us_cash,M5,5,RB,0,False,False,M5,1243,395,0.31778,-0.028691,-0.75872,0.43291,0.0045165,0.033208,162,0.012495,233,-0.057327,2026,-0.18745,0.5,-0.027116,-0.02554,False,False,21:-0.084(16.0) 22:+0.002(78.0) 23:+0.047(68.0) 24:+0.031(70.0) 25:-0.017(88.0) 26:-0.187(75.0),2021-08-10,2026-10-08,,188,-0.055606,207,-0.0042477,0,,-11.333,222.88,2.0241,82.49,-13.357,140.39,-10.711
dt,V,stock,False,us_cash,M15,15,k=0.3,0.3,False,False,M5,1243,911,0.7329,-0.041978,-2.0924,0.44237,-0.016323,0.025655,423,-0.049249,488,-0.035675,2025,-0.079949,0.16667,-0.032226,-0.022475,False,False,21:-0.054(40.0) 22:-0.040(176.0) 23:-0.056(207.0) 24:+0.013(172.0) 25:-0.080(174.0) 26:-0.041(142.0),2021-08-09,2026-10-08,0.0098793,,,,,,,-38.242,335.29,-20.832,147.06,-17.41,188.23,-29.358
dt,V,stock,False,us_cash,M15,15,k=0.5,0.5,False,False,M5,1243,413,0.33226,-0.02951,-1.4514,0.44068,-0.013368,0.016142,188,-0.023653,225,-0.034403,2026,-0.070892,0.33333,-0.026263,-0.023016,False,False,21:-0.027(17.0) 22:+0.008(70.0) 23:-0.045(101.0) 24:+0.008(82.0) 25:-0.048(77.0) 26:-0.071(66.0),2021-08-10,2026-10-05,0.0048426,,,,,,,-12.188,70.704,-4.4468,27.089,-7.7408,43.615,-10.847
dt,V,stock,False,us_cash,M15,15,k=0.7,0.7,False,False,M5,1243,202,0.16251,-0.033537,-1.4221,0.43564,-0.020975,0.012563,83,-0.039158,119,-0.029617,2023,-0.090934,0.4,-0.022652,-0.011766,False,False,21:+0.044(5.0) 22:+0.016(34.0) 23:-0.091(44.0) 24:+0.001(45.0) 25:-0.055(41.0) 26:-0.039(33.0),2021-08-10,2026-10-05,0.009901,,,,,,,-6.7746,22.808,-3.2501,10.087,-3.5245,12.721,-4.5757
rb,V,stock,False,us_cash,M15,15,RB,0,False,False,M5,1243,393,0.31617,-0.064123,-1.7537,0.4173,-0.031989,0.032134,161,-0.0090596,232,-0.10233,2026,-0.18658,0.33333,-0.03151,0.0011023,False,False,21:-0.091(16.0) 22:-0.030(78.0) 23:+0.035(67.0) 24:+0.019(70.0) 25:-0.127(87.0) 26:-0.187(75.0),2021-08-10,2026-10-08,,187,-0.057088,205,-0.065901,1,-1.0152,-25.2,207.59,-1.4586,68.149,-23.742,139.44,-12.384
dt,V,stock,False,us_cash,M30,30,k=0.3,0.3,False,False,M5,1243,909,0.7313,-0.041116,-2.0453,0.44334,-0.016016,0.025099,423,-0.048842,486,-0.034391,2025,-0.072692,0.16667,-0.030034,-0.018952,False,False,21:-0.054(40.0) 22:-0.040(176.0) 23:-0.055(207.0) 24:+0.013(172.0) 25:-0.073(172.0) 26:-0.045(142.0),2021-08-09,2026-10-08,0.015402,,,,,,,-37.374,335.08,-20.66,149.02,-16.714,186.06,-27.301
dt,V,stock,False,us_cash,M30,30,k=0.5,0.5,False,False,M5,1243,413,0.33226,-0.03046,-1.4949,0.4431,-0.014297,0.016163,188,-0.024548,225,-0.035399,2026,-0.073787,0.33333,-0.024176,-0.017893,False,False,21:-0.027(17.0) 22:+0.005(70.0) 23:-0.044(101.0) 24:+0.008(82.0) 25:-0.049(77.0) 26:-0.074(66.0),2021-08-10,2026-10-05,0.0072639,,,,,,,-12.58,71.029,-4.615,27.529,-7.9649,43.499,-9.9849
dt,V,stock,False,us_cash,M30,30,k=0.7,0.7,False,False,M5,1243,202,0.16251,-0.03378,-1.4296,0.43564,-0.021287,0.012493,83,-0.039792,119,-0.029586,2023,-0.090091,0.4,-0.022582,-0.011385,False,False,21:+0.044(5.0) 22:+0.013(34.0) 23:-0.090(44.0) 24:+0.001(45.0) 25:-0.055(41.0) 26:-0.039(33.0),2021-08-10,2026-10-05,0.009901,,,,,,,-6.8235,22.9,-3.3028,10.219,-3.5208,12.681,-4.5616
rb,V,stock,False,us_cash,M30,30,RB,0,False,False,M5,1243,386,0.31054,-0.038277,-1.0358,0.43005,-0.0075056,0.030772,158,0.045689,228,-0.096464,2026,-0.1707,0.66667,-0.027583,-0.016889,False,False,21:+0.217(15.0) 22:+0.012(77.0) 23:+0.046(66.0) 24:+0.042(68.0) 25:-0.142(87.0) 26:-0.171(73.0),2021-08-10,2026-10-08,,186,-0.063449,198,-0.0045613,2,-1.0352,-14.775,203.52,7.2188,70.477,-21.994,133.05,-10.647
dt,V,stock,False,us_cash,H1,60,k=0.3,0.3,False,True,M5,1243,853,0.68624,-0.035207,-1.7825,0.46659,-0.010178,0.025028,401,-0.046003,452,-0.025629,2025,-0.065751,0.16667,-0.032294,-0.02938,False,False,21:-0.054(39.0) 22:-0.035(164.0) 23:-0.054(198.0) 24:+0.012(158.0) 25:-0.066(160.0) 26:-0.022(134.0),2021-08-09,2026-10-08,0.026964,,,,,,,-30.031,284.58,-18.447,128.89,-11.584,155.69,-27.546
dt,V,stock,False,us_cash,H1,60,k=0.5,0.5,False,True,M5,1243,381,0.30652,-0.030146,-1.5129,0.4357,-0.01357,0.016576,171,-0.026239,210,-0.033327,2021,-0.072645,0.16667,-0.026362,-0.022578,False,False,21:-0.073(16.0) 22:+0.008(62.0) 23:-0.041(93.0) 24:-0.010(78.0) 25:-0.031(71.0) 26:-0.066(61.0),2021-08-10,2026-10-05,0.007874,,,,,,,-11.486,57.832,-4.4869,23.135,-6.9986,34.697,-10.044
dt,V,stock,False,us_cash,H1,60,k=0.7,0.7,False,True,M5,1243,188,0.15125,-0.043305,-1.8753,0.42021,-0.03046,0.012845,78,-0.051167,110,-0.03773,2023,-0.090307,0,-0.023718,-0.0041317,False,False,21:-0.004(4.0) 22:-0.006(32.0) 23:-0.090(42.0) 24:-0.028(41.0) 25:-0.044(37.0) 26:-0.044(32.0),2021-08-10,2026-10-05,0.010638,,,,,,,-8.1413,19.098,-3.991,8.9349,-4.1502,10.164,-4.459
rb,V,stock,False,us_cash,H1,60,RB,0,False,True,M5,1243,356,0.2864,-0.028887,-0.86278,0.43539,-0.00033874,0.028548,147,0.031918,209,-0.071655,2026,-0.14504,0.5,-0.0219,-0.014912,False,False,21:+0.232(15.0) 22:+0.028(71.0) 23:-0.013(61.0) 24:+0.069(63.0) 25:-0.122(82.0) 26:-0.145(64.0),2021-08-10,2026-10-08,,177,-0.072383,178,0.019879,1,-1.0106,-10.284,141.97,4.692,56.036,-14.976,85.935,-7.7963
dt,WMT,stock,False,us_cash,M5,5,k=0.3,0.3,False,False,M5,1283,946,0.73733,-0.042777,-2.186,0.45137,-0.0048633,0.037914,451,-0.026815,495,-0.05732,2025,-0.11075,0.33333,-0.036895,-0.031013,False,False,21:+0.017(75.0) 22:-0.034(184.0) 23:-0.037(192.0) 24:+0.003(179.0) 25:-0.111(177.0) 26:-0.066(139.0),2021-08-10,2026-10-08,0.0021142,,,,,,,-40.467,344.05,-12.094,164.35,-28.373,179.7,-34.903
dt,WMT,stock,False,us_cash,M5,5,k=0.5,0.5,False,False,M5,1283,418,0.3258,-0.021889,-1.1223,0.4689,0.0017152,0.023604,206,-0.016899,212,-0.026737,2021,-0.11028,0.33333,-0.027745,-0.033601,True,False,21:-0.110(40.0) 22:-0.010(79.0) 23:+0.020(87.0) 24:+0.020(80.0) 25:-0.088(74.0) 26:-0.013(58.0),2021-08-10,2026-10-06,0,,,,,,,-9.1495,66.504,-3.4813,32.148,-5.6682,34.356,-11.597
dt,WMT,stock,False,us_cash,M5,5,k=0.7,0.7,False,False,M5,1283,200,0.15588,-0.0092681,-0.45228,0.435,0.0092331,0.018501,92,0.0018542,108,-0.018743,2021,-0.10046,0.5,-0.020973,-0.032678,True,False,21:-0.100(16.0) 22:-0.004(36.0) 23:+0.048(40.0) 24:+0.028(42.0) 25:-0.092(38.0) 26:+0.011(28.0),2021-08-10,2026-09-30,0,,,,,,,-1.8536,16.731,0.17059,7.8815,-2.0242,8.849,-4.1946
rb,WMT,stock,False,us_cash,M5,5,RB,0,False,False,M5,1283,372,0.28995,-0.066379,-1.8948,0.44624,-0.014854,0.051525,147,-0.024513,225,-0.093732,2021,-0.16936,0.16667,-0.062142,-0.057906,False,False,21:-0.169(27.0) 22:+0.042(61.0) 23:-0.027(59.0) 24:-0.099(78.0) 25:-0.146(83.0) 26:-0.020(64.0),2021-08-03,2026-10-08,,200,-0.0049837,172,-0.13777,0,,-24.693,171.01,-3.6034,93.599,-21.09,77.416,-23.117
dt,WMT,stock,False,us_cash,M15,15,k=0.3,0.3,False,False,M5,1283,943,0.735,-0.040409,-2.0661,0.45281,-0.0026564,0.037752,448,-0.021789,495,-0.05726,2025,-0.1108,0.33333,-0.036724,-0.03304,False,False,21:+0.030(74.0) 22:-0.034(184.0) 23:-0.030(190.0) 24:+0.003(179.0) 25:-0.111(177.0) 26:-0.066(139.0),2021-08-10,2026-10-08,0.0084836,,,,,,,-38.106,341.34,-9.7617,161.55,-28.344,179.79,-34.631
dt,WMT,stock,False,us_cash,M15,15,k=0.5,0.5,False,False,M5,1283,418,0.3258,-0.021879,-1.1216,0.4689,0.0017876,0.023667,206,-0.016986,212,-0.026635,2021,-0.11028,0.33333,-0.027808,-0.033737,True,False,21:-0.110(40.0) 22:-0.010(79.0) 23:+0.020(87.0) 24:+0.020(80.0) 25:-0.088(74.0) 26:-0.013(58.0),2021-08-10,2026-10-06,0,,,,,,,-9.1456,66.534,-3.499,32.175,-5.6465,34.359,-11.624
dt,WMT,stock,False,us_cash,M15,15,k=0.7,0.7,False,False,M5,1283,200,0.15588,-0.008856,-0.43248,0.435,0.0094191,0.018275,92,0.0021263,108,-0.018211,2021,-0.10066,0.5,-0.020747,-0.032638,True,False,21:-0.101(16.0) 22:-0.003(36.0) 23:+0.048(40.0) 24:+0.028(42.0) 25:-0.091(38.0) 26:+0.012(28.0),2021-08-10,2026-09-30,0,,,,,,,-1.7712,16.704,0.19562,7.8687,-1.9668,8.8354,-4.1494
rb,WMT,stock,False,us_cash,M15,15,RB,0,False,False,M5,1283,368,0.28683,-0.060369,-1.8213,0.45109,-0.0094351,0.050934,145,-0.029423,223,-0.080492,2025,-0.15632,0.33333,-0.061819,-0.063268,True,False,21:-0.135(26.0) 22:+0.013(61.0) 23:-0.026(58.0) 24:-0.077(78.0) 25:-0.156(83.0) 26:+0.016(62.0),2021-08-03,2026-10-08,,200,-0.0023906,168,-0.12939,0,,-22.216,149.72,-4.2663,78.41,-17.95,71.315,-22.749
dt,WMT,stock,False,us_cash,M30,30,k=0.3,0.3,False,False,M5,1283,942,0.73422,-0.039237,-2.0096,0.45329,-0.0019347,0.037302,448,-0.021489,494,-0.055331,2025,-0.11066,0.33333,-0.03638,-0.033524,False,False,21:+0.030(74.0) 22:-0.034(184.0) 23:-0.029(190.0) 24:+0.002(179.0) 25:-0.111(177.0) 26:-0.059(138.0),2021-08-10,2026-10-08,0.014862,,,,,,,-36.961,339.36,-9.6273,160.77,-27.334,178.6,-34.27
dt,WMT,stock,False,us_cash,M30,30,k=0.5,0.5,False,False,M5,1283,418,0.3258,-0.021716,-1.1135,0.4689,0.0018294,0.023545,206,-0.016812,212,-0.026481,2021,-0.11023,0.33333,-0.027686,-0.033657,True,False,21:-0.110(40.0) 22:-0.011(79.0) 23:+0.021(87.0) 24:+0.021(80.0) 25:-0.088(74.0) 26:-0.013(58.0),2021-08-10,2026-10-06,0,,,,,,,-9.0772,66.491,-3.4633,32.129,-5.6139,34.362,-11.573
dt,WMT,stock,False,us_cash,M30,30,k=0.7,0.7,False,False,M5,1283,200,0.15588,-0.0088299,-0.4313,0.435,0.0094191,0.018249,92,0.0022029,108,-0.018228,2021,-0.10056,0.5,-0.020721,-0.032612,True,False,21:-0.101(16.0) 22:-0.003(36.0) 23:+0.048(40.0) 24:+0.028(42.0) 25:-0.091(38.0) 26:+0.012(28.0),2021-08-10,2026-09-30,0,,,,,,,-1.766,16.697,0.20266,7.8645,-1.9686,8.8323,-4.1442
rb,WMT,stock,False,us_cash,M30,30,RB,0,False,False,M5,1283,365,0.28449,-0.076426,-2.2506,0.4411,-0.026804,0.049622,144,-0.055215,221,-0.090247,2021,-0.17335,0.16667,-0.053931,-0.031435,False,False,21:-0.173(26.0) 22:-0.006(60.0) 23:-0.053(58.0) 24:-0.113(78.0) 25:-0.149(81.0) 26:+0.015(62.0),2021-08-03,2026-10-08,,200,-0.028853,165,-0.13409,0,,-27.896,155.34,-7.951,84.989,-19.945,70.349,-19.685
dt,WMT,stock,False,us_cash,H1,60,k=0.3,0.3,False,True,M5,1283,888,0.69213,-0.040404,-2.0811,0.45721,-0.0033382,0.037066,427,-0.011608,461,-0.067077,2025,-0.12943,0.16667,-0.036437,-0.032469,False,False,21:+0.002(72.0) 22:-0.026(177.0) 23:-0.003(178.0) 24:-0.010(161.0) 25:-0.129(168.0) 26:-0.058(132.0),2021-08-10,2026-10-08,0.029279,,,,,,,-35.879,298.35,-4.9566,146.35,-30.922,152,-32.356
dt,WMT,stock,False,us_cash,H1,60,k=0.5,0.5,False,True,M5,1283,378,0.29462,-0.017184,-0.85656,0.50265,0.0066759,0.02386,189,7.8455e-05,189,-0.034446,2021,-0.12154,0.5,-0.028564,-0.039944,True,False,21:-0.122(38.0) 22:+0.016(71.0) 23:+0.044(80.0) 24:+0.009(70.0) 25:-0.104(67.0) 26:-0.004(52.0),2021-08-10,2026-10-06,0.0079365,,,,,,,-6.4955,57.466,0.014828,29.218,-6.5104,28.248,-10.797
dt,WMT,stock,False,us_cash,H1,60,k=0.7,0.7,False,True,M5,1283,178,0.13874,-0.011206,-0.52858,0.41011,0.0071497,0.018356,85,0.016335,93,-0.036378,2021,-0.11817,0.5,-0.0207,-0.030193,True,False,21:-0.118(15.0) 22:+0.025(32.0) 23:+0.062(38.0) 24:-0.014(37.0) 25:-0.107(34.0) 26:+0.035(22.0),2021-08-10,2026-09-22,0,,,,,,,-1.9947,14.183,1.3884,6.7184,-3.3831,7.4646,-3.6845
rb,WMT,stock,False,us_cash,H1,60,RB,0,False,True,M5,1283,324,0.25253,-0.081944,-2.7445,0.45988,-0.032864,0.04908,130,-0.10174,194,-0.068682,2021,-0.1527,0.16667,-0.056126,-0.030308,False,False,21:-0.153(24.0) 22:-0.074(54.0) 23:-0.107(52.0) 24:-0.114(65.0) 25:-0.150(73.0) 26:+0.090(56.0),2021-08-03,2026-10-08,,181,-0.04536,142,-0.11949,1,-1.3715,-26.55,95.472,-13.226,40.647,-13.324,54.825,-18.185
dt,XAGUSD,metal,False,london24,M5,5,k=0.3,0.3,False,False,M5,3023,2184,0.72246,-0.064883,-4.2554,0.40339,0.040535,0.10542,1666,-0.1028,518,0.057074,2019,-0.32329,0.33333,-0.09939,-0.1339,True,False,15:-0.083(183.0) 16:-0.009(165.0) 17:-0.242(181.0) 18:-0.178(198.0) 19:-0.323(196.0) 20:-0.060(185.0) 21:+0.068(198.0) 22:-0.065(191.0) 23:-0.012(169.0) 24:+0.042(185.0) 25:+0.061(192.0) 26:+0.072(141.0),2015-01-12,2026-10-08,0.003663,,,,,,,-141.7,1117.6,-171.27,901.83,29.565,215.76,-217.07
dt,XAGUSD,metal,False,london24,M5,5,k=0.5,0.5,False,False,M5,3023,1066,0.35263,-0.040876,-2.7138,0.4137,0.031984,0.07286,826,-0.075713,240,0.07902,2019,-0.25867,0.33333,-0.073074,-0.10527,True,False,15:-0.050(99.0) 16:-0.009(94.0) 17:-0.200(84.0) 18:-0.123(103.0) 19:-0.259(93.0) 20:-0.043(90.0) 21:+0.072(93.0) 22:-0.046(87.0) 23:-0.025(83.0) 24:+0.099(86.0) 25:+0.076(89.0) 26:+0.058(65.0),2015-01-13,2026-10-08,0.0075047,,,,,,,-43.574,259.34,-62.539,222.26,18.965,37.076,-77.896
dt,XAGUSD,metal,False,london24,M5,5,k=0.7,0.7,False,False,M5,3023,562,0.18591,-0.024648,-1.6284,0.4484,0.028742,0.05339,432,-0.045229,130,0.043742,2017,-0.18587,0.41667,-0.057602,-0.090556,True,False,15:-0.019(53.0) 16:+0.015(50.0) 17:-0.186(41.0) 18:-0.087(55.0) 19:-0.144(49.0) 20:-0.053(48.0) 21:+0.107(50.0) 22:-0.027(42.0) 23:-0.035(44.0) 24:+0.079(47.0) 25:+0.002(51.0) 26:+0.059(32.0),2015-01-13,2026-10-07,0.0088968,,,,,,,-13.852,72.576,-19.539,61.691,5.6864,10.885,-32.373
rb,XAGUSD,metal,False,london24,M5,5,RB,0,False,False,M5,3023,1041,0.34436,-0.17988,-7.7346,0.35543,-0.050605,0.12928,809,-0.19214,232,-0.13716,2017,-0.37172,0,-0.1255,-0.071114,False,False,15:-0.208(91.0) 16:-0.228(104.0) 17:-0.372(89.0) 18:-0.308(66.0) 19:-0.216(86.0) 20:-0.153(97.0) 21:-0.139(92.0) 22:-0.133(93.0) 23:-0.009(91.0) 24:-0.116(80.0) 25:-0.114(93.0) 26:-0.202(59.0),2015-01-13,2026-10-07,,522,-0.05648,519,-0.304,0,,-187.26,619.27,-155.44,504.99,-31.82,114.28,-130.64
dt,XAGUSD,metal,False,london24,M15,15,k=0.3,0.3,False,False,M5,3023,2178,0.72048,-0.06329,-4.1673,0.40266,0.044617,0.10791,1660,-0.10075,518,0.05674,2019,-0.29664,0.33333,-0.10179,-0.14029,True,False,15:-0.082(183.0) 16:-0.010(165.0) 17:-0.244(181.0) 18:-0.178(197.0) 19:-0.297(193.0) 20:-0.057(184.0) 21:+0.050(198.0) 22:-0.061(190.0) 23:-0.012(169.0) 24:+0.042(185.0) 25:+0.060(192.0) 26:+0.071(141.0),2015-01-12,2026-10-08,0.0055096,,,,,,,-137.85,1102.4,-167.24,885.95,29.391,216.42,-221.7
dt,XAGUSD,metal,False,london24,M15,15,k=0.5,0.5,False,False,M5,3023,1063,0.35164,-0.038169,-2.5678,0.41392,0.036556,0.074725,823,-0.072326,240,0.078963,2019,-0.21869,0.33333,-0.074939,-0.11171,True,False,15:-0.049(99.0) 16:-0.011(94.0) 17:-0.201(84.0) 18:-0.124(103.0) 19:-0.219(90.0) 20:-0.044(90.0) 21:+0.061(93.0) 22:-0.046(87.0) 23:-0.025(83.0) 24:+0.099(86.0) 25:+0.075(89.0) 26:+0.058(65.0),2015-01-13,2026-10-08,0.0047037,,,,,,,-40.573,250.98,-59.524,213.91,18.951,37.067,-79.66
dt,XAGUSD,metal,False,london24,M15,15,k=0.7,0.7,False,False,M5,3023,560,0.18525,-0.02215,-1.4619,0.45,0.033583,0.055732,430,-0.042105,130,0.043858,2017,-0.18644,0.41667,-0.059592,-0.097034,True,False,15:-0.017(53.0) 16:+0.014(50.0) 17:-0.186(41.0) 18:-0.087(55.0) 19:-0.109(47.0) 20:-0.054(48.0) 21:+0.099(50.0) 22:-0.027(42.0) 23:-0.035(44.0) 24:+0.079(47.0) 25:+0.002(51.0) 26:+0.059(32.0),2015-01-13,2026-10-07,0.0053571,,,,,,,-12.404,72.132,-18.105,61.205,5.7016,10.927,-33.372
rb,XAGUSD,metal,False,london24,M15,15,RB,0,False,False,M5,3023,1037,0.34304,-0.19376,-8.2596,0.35005,-0.060147,0.13361,806,-0.20025,231,-0.17112,2017,-0.37252,0,-0.12972,-0.065689,False,False,15:-0.229(90.0) 16:-0.231(104.0) 17:-0.373(89.0) 18:-0.299(66.0) 19:-0.254(86.0) 20:-0.157(97.0) 21:-0.118(90.0) 22:-0.145(93.0) 23:-0.030(91.0) 24:-0.131(79.0) 25:-0.173(93.0) 26:-0.223(59.0),2015-01-13,2026-10-07,,520,-0.069102,516,-0.31727,1,-1.2855,-200.93,630.16,-161.4,513.21,-39.529,116.95,-134.52
dt,XAGUSD,metal,False,london24,M30,30,k=0.3,0.3,False,False,M5,3023,2174,0.71915,-0.059241,-4.0312,0.40248,0.046336,0.10558,1656,-0.095865,518,0.057844,2019,-0.25658,0.33333,-0.09945,-0.13966,True,False,15:-0.075(182.0) 16:-0.011(165.0) 17:-0.248(181.0) 18:-0.178(197.0) 19:-0.257(191.0) 20:-0.058(184.0) 21:+0.046(198.0) 22:-0.056(189.0) 23:-0.012(169.0) 24:+0.042(185.0) 25:+0.062(192.0) 26:+0.073(141.0),2015-01-12,2026-10-08,0.01012,,,,,,,-128.79,1027.8,-158.75,811.96,29.963,215.88,-216.2
dt,XAGUSD,metal,False,london24,M30,30,k=0.5,0.5,False,False,M5,3023,1061,0.35098,-0.033892,-2.404,0.4147,0.037895,0.071787,822,-0.06747,239,0.081593,2017,-0.20328,0.33333,-0.072002,-0.11011,True,False,15:-0.049(99.0) 16:-0.011(94.0) 17:-0.203(84.0) 18:-0.124(103.0) 19:-0.169(89.0) 20:-0.044(90.0) 21:+0.059(93.0) 22:-0.046(87.0) 23:-0.025(83.0) 24:+0.099(86.0) 25:+0.076(89.0) 26:+0.067(64.0),2015-01-13,2026-10-08,0.0047125,,,,,,,-35.96,224.76,-55.461,187.87,19.501,36.892,-76.394
dt,XAGUSD,metal,False,london24,M30,30,k=0.7,0.7,False,False,M5,3023,560,0.18525,-0.024586,-1.6036,0.45179,0.032961,0.057547,430,-0.045369,130,0.044156,2017,-0.18663,0.41667,-0.060664,-0.096742,True,False,15:-0.016(53.0) 16:+0.014(50.0) 17:-0.187(41.0) 18:-0.088(55.0) 19:-0.136(47.0) 20:-0.054(48.0) 21:+0.097(50.0) 22:-0.027(42.0) 23:-0.036(44.0) 24:+0.080(47.0) 25:+0.002(51.0) 26:+0.059(32.0),2015-01-13,2026-10-07,0.0053571,,,,,,,-13.768,73.924,-19.508,62.98,5.7403,10.944,-33.972
rb,XAGUSD,metal,False,london24,M30,30,RB,0,False,False,M5,3023,1026,0.3394,-0.18847,-7.9701,0.35478,-0.055167,0.1333,796,-0.1947,230,-0.1669,2017,-0.38589,0,-0.13225,-0.076027,False,False,15:-0.241(88.0) 16:-0.224(103.0) 17:-0.386(89.0) 18:-0.304(66.0) 19:-0.254(85.0) 20:-0.160(96.0) 21:-0.053(87.0) 22:-0.146(93.0) 23:-0.015(89.0) 24:-0.139(78.0) 25:-0.153(93.0) 26:-0.225(59.0),2015-01-13,2026-10-07,,517,-0.071523,507,-0.30096,2,-1.903,-193.37,624.5,-154.98,505.5,-38.388,119,-135.69
dt,XAGUSD,metal,False,london24,H1,60,k=0.3,0.3,False,True,M5,3023,2095,0.69302,-0.067016,-4.6199,0.4105,0.037572,0.10459,1602,-0.10526,493,0.057262,2017,-0.28396,0.33333,-0.10126,-0.13551,True,False,15:-0.103(176.0) 16:-0.031(161.0) 17:-0.284(171.0) 18:-0.174(191.0) 19:-0.235(184.0) 20:-0.069(181.0) 21:+0.039(191.0) 22:-0.068(185.0) 23:-0.016(162.0) 24:+0.038(174.0) 25:+0.059(185.0) 26:+0.080(134.0),2015-01-12,2026-10-08,0.014797,,,,,,,-140.4,932.52,-168.63,736.17,28.23,196.35,-212.14
dt,XAGUSD,metal,False,london24,H1,60,k=0.5,0.5,False,True,M5,3023,1010,0.33411,-0.036258,-2.6227,0.40594,0.034327,0.070585,779,-0.069986,231,0.077482,2017,-0.22719,0.33333,-0.072384,-0.10851,True,False,15:-0.069(96.0) 16:-0.025(90.0) 17:-0.227(74.0) 18:-0.119(96.0) 19:-0.145(89.0) 20:-0.057(86.0) 21:+0.060(88.0) 22:-0.039(81.0) 23:-0.021(79.0) 24:+0.102(79.0) 25:+0.069(89.0) 26:+0.059(63.0),2015-01-13,2026-10-08,0.0049505,,,,,,,-36.621,196.1,-54.519,164.37,17.898,31.736,-73.108
dt,XAGUSD,metal,False,london24,H1,60,k=0.7,0.7,False,True,M5,3023,532,0.17598,-0.028322,-1.914,0.42481,0.027185,0.055506,410,-0.049859,122,0.044059,2017,-0.20885,0.33333,-0.062082,-0.095843,True,False,15:-0.042(51.0) 16:-0.009(49.0) 17:-0.209(37.0) 18:-0.097(54.0) 19:-0.091(44.0) 20:-0.059(45.0) 21:+0.080(48.0) 22:-0.018(40.0) 23:-0.031(42.0) 24:+0.073(43.0) 25:+0.007(49.0) 26:+0.064(30.0),2015-01-13,2026-10-07,0.0056391,,,,,,,-15.067,62.281,-20.442,53.203,5.3753,9.0781,-33.028
rb,XAGUSD,metal,False,london24,H1,60,RB,0,False,True,M5,3023,945,0.3126,-0.2203,-9.2032,0.33333,-0.084933,0.13537,737,-0.22771,208,-0.19406,2017,-0.3858,0.083333,-0.13742,-0.054541,False,False,15:-0.302(83.0) 16:-0.261(95.0) 17:-0.386(81.0) 18:-0.335(61.0) 19:-0.307(79.0) 20:-0.204(91.0) 21:+0.008(76.0) 22:-0.134(86.0) 23:-0.147(85.0) 24:-0.149(73.0) 25:-0.175(81.0) 26:-0.284(54.0),2015-01-13,2026-10-07,,478,-0.084314,463,-0.34924,4,-1.5463,-208.19,557.04,-167.82,452.99,-40.365,104.05,-129.86
dt,XAGUSD,metal,False,us_cash,M5,5,k=0.3,0.3,False,False,M5,2929,1525,0.52066,-0.093224,-6.2339,0.38492,0.027657,0.12088,1181,-0.11813,344,-0.0077311,2018,-0.34085,0.16667,-0.11727,-0.14132,True,False,15:-0.226(127.0) 16:-0.138(134.0) 17:-0.190(125.0) 18:-0.341(131.0) 19:-0.170(126.0) 20:-0.037(125.0) 21:-0.016(141.0) 22:-0.016(131.0) 23:+0.046(141.0) 24:-0.034(139.0) 25:-0.003(127.0) 26:+0.031(78.0),2015-01-09,2026-10-07,0.002623,,,,,,,-142.17,532.99,-139.51,433.61,-2.6595,99.38,-178.84
dt,XAGUSD,metal,False,us_cash,M5,5,k=0.5,0.5,False,False,M5,2929,655,0.22363,-0.067766,-4.2682,0.36947,0.014146,0.081912,516,-0.086674,139,0.0024244,2018,-0.24276,0.41667,-0.082486,-0.097206,True,False,15:-0.217(64.0) 16:-0.119(61.0) 17:-0.127(56.0) 18:-0.243(50.0) 19:-0.080(57.0) 20:+0.006(53.0) 21:+0.005(59.0) 22:+0.017(48.0) 23:-0.016(68.0) 24:-0.009(57.0) 25:+0.010(49.0) 26:+0.012(33.0),2015-01-13,2026-10-02,0,,,,,,,-44.387,110.99,-44.724,93.349,0.33699,17.643,-54.028
dt,XAGUSD,metal,False,us_cash,M5,5,k=0.7,0.7,False,False,M5,2929,293,0.10003,-0.045384,-2.366,0.3686,0.018683,0.064067,235,-0.05983,58,0.013152,2018,-0.20111,0.41667,-0.066757,-0.088131,True,False,15:-0.125(26.0) 16:-0.088(26.0) 17:-0.086(27.0) 18:-0.201(22.0) 19:-0.047(29.0) 20:+0.010(24.0) 21:-0.029(32.0) 22:+0.010(21.0) 23:+0.002(28.0) 24:+0.020(23.0) 25:+0.030(21.0) 26:-0.023(14.0),2015-01-16,2026-10-02,0,,,,,,,-13.297,32.082,-14.06,27.738,0.76279,4.3435,-19.56
rb,XAGUSD,metal,False,us_cash,M5,5,RB,0,False,False,M5,2929,1525,0.52066,-0.14417,-7.9102,0.3718,0.0034512,0.14762,1147,-0.19118,378,-0.0015005,2017,-0.41101,0.083333,-0.14669,-0.14921,True,False,15:-0.264(120.0) 16:-0.141(119.0) 17:-0.411(131.0) 18:-0.394(131.0) 19:-0.194(124.0) 20:-0.016(134.0) 21:-0.180(134.0) 22:-0.109(128.0) 23:-0.009(126.0) 24:+0.042(118.0) 25:-0.007(136.0) 26:-0.037(124.0),2015-01-13,2026-10-08,,969,-0.11046,556,-0.20291,0,,-219.85,803.68,-219.29,611.42,-0.56718,192.26,-223.7
dt,XAGUSD,metal,False,us_cash,M15,15,k=0.3,0.3,False,False,M5,2929,1523,0.51997,-0.094348,-6.3595,0.38411,0.027644,0.12199,1179,-0.11973,344,-0.0073421,2018,-0.34241,0.16667,-0.11917,-0.144,True,False,15:-0.239(127.0) 16:-0.141(134.0) 17:-0.192(125.0) 18:-0.342(131.0) 19:-0.158(125.0) 20:-0.037(125.0) 21:-0.022(140.0) 22:-0.016(131.0) 23:+0.046(141.0) 24:-0.033(139.0) 25:-0.003(127.0) 26:+0.032(78.0),2015-01-09,2026-10-07,0.0045962,,,,,,,-143.69,523.75,-141.17,424.42,-2.5257,99.33,-181.5
dt,XAGUSD,metal,False,us_cash,M15,15,k=0.5,0.5,False,False,M5,2929,655,0.22363,-0.068978,-4.3528,0.36947,0.014146,0.083124,516,-0.088302,139,0.0027576,2018,-0.24338,0.33333,-0.083698,-0.098418,True,False,15:-0.217(64.0) 16:-0.119(61.0) 17:-0.128(56.0) 18:-0.243(50.0) 19:-0.081(57.0) 20:+0.006(53.0) 21:-0.007(59.0) 22:+0.016(48.0) 23:-0.017(68.0) 24:-0.009(57.0) 25:+0.010(49.0) 26:+0.012(33.0),2015-01-13,2026-10-02,0,,,,,,,-45.18,110.69,-45.564,93.082,0.38331,17.608,-54.822
dt,XAGUSD,metal,False,us_cash,M15,15,k=0.7,0.7,False,False,M5,2929,293,0.10003,-0.046413,-2.4219,0.3686,0.018685,0.065097,235,-0.061206,58,0.013528,2018,-0.20244,0.41667,-0.067787,-0.089162,True,False,15:-0.124(26.0) 16:-0.088(26.0) 17:-0.087(27.0) 18:-0.202(22.0) 19:-0.045(29.0) 20:+0.010(24.0) 21:-0.039(32.0) 22:+0.010(21.0) 23:+0.001(28.0) 24:+0.020(23.0) 25:+0.031(21.0) 26:-0.022(14.0),2015-01-16,2026-10-02,0,,,,,,,-13.599,32.052,-14.383,27.706,0.78463,4.3459,-19.862
rb,XAGUSD,metal,False,us_cash,M15,15,RB,0,False,False,M5,2929,1517,0.51792,-0.14336,-7.9936,0.37245,0.0033631,0.14672,1141,-0.18542,376,-0.015735,2017,-0.40169,0.16667,-0.14623,-0.14909,True,False,15:-0.252(119.0) 16:-0.167(118.0) 17:-0.402(129.0) 18:-0.396(131.0) 19:-0.195(124.0) 20:-0.024(134.0) 21:-0.175(134.0) 22:-0.094(128.0) 23:+0.037(124.0) 24:+0.007(117.0) 25:-0.003(136.0) 26:-0.052(123.0),2015-01-13,2026-10-08,,966,-0.11137,548,-0.19402,3,-1.1906,-217.48,770.88,-211.56,598.61,-5.9163,172.27,-221.83
dt,XAGUSD,metal,False,us_cash,M30,30,k=0.3,0.3,False,False,M5,2929,1521,0.51929,-0.094828,-6.4066,0.3833,0.027548,0.12238,1178,-0.12111,343,-0.0045608,2018,-0.34255,0.25,-0.12026,-0.14569,True,False,15:-0.244(127.0) 16:-0.141(134.0) 17:-0.195(125.0) 18:-0.343(131.0) 19:-0.162(125.0) 20:-0.038(125.0) 21:-0.025(140.0) 22:-0.009(130.0) 23:+0.043(141.0) 24:-0.033(139.0) 25:+0.004(126.0) 26:+0.033(78.0),2015-01-09,2026-10-07,0.012492,,,,,,,-144.23,520.19,-142.67,421.8,-1.5644,98.391,-182.91
dt,XAGUSD,metal,False,us_cash,M30,30,k=0.5,0.5,False,False,M5,2929,655,0.22363,-0.06943,-4.3837,0.36641,0.014086,0.083516,516,-0.088933,139,0.0029703,2018,-0.24405,0.33333,-0.084149,-0.098869,True,False,15:-0.216(64.0) 16:-0.120(61.0) 17:-0.129(56.0) 18:-0.244(50.0) 19:-0.082(57.0) 20:+0.005(53.0) 21:-0.010(59.0) 22:+0.016(48.0) 23:-0.017(68.0) 24:-0.009(57.0) 25:+0.010(49.0) 26:+0.013(33.0),2015-01-13,2026-10-02,0.0015267,,,,,,,-45.476,110.61,-45.889,92.989,0.41287,17.623,-55.118
dt,XAGUSD,metal,False,us_cash,M30,30,k=0.7,0.7,False,False,M5,2929,293,0.10003,-0.046623,-2.4362,0.3686,0.018685,0.065308,235,-0.061556,58,0.013882,2018,-0.20286,0.41667,-0.067998,-0.089373,True,False,15:-0.123(26.0) 16:-0.088(26.0) 17:-0.087(27.0) 18:-0.203(22.0) 19:-0.044(29.0) 20:+0.009(24.0) 21:-0.042(32.0) 22:+0.010(21.0) 23:+0.001(28.0) 24:+0.020(23.0) 25:+0.031(21.0) 26:-0.022(14.0),2015-01-16,2026-10-02,0.003413,,,,,,,-13.661,31.972,-14.466,27.63,0.80513,4.3423,-19.923
rb,XAGUSD,metal,False,us_cash,M30,30,RB,0,False,False,M5,2929,1507,0.51451,-0.1484,-8.4336,0.36894,-0.0030079,0.14539,1133,-0.18696,374,-0.031601,2017,-0.43173,0.083333,-0.14421,-0.14003,False,False,15:-0.218(118.0) 16:-0.161(118.0) 17:-0.432(128.0) 18:-0.388(130.0) 19:-0.224(124.0) 20:-0.011(132.0) 21:-0.153(132.0) 22:-0.097(128.0) 23:+0.003(123.0) 24:-0.036(117.0) 25:-0.011(135.0) 26:-0.050(122.0),2015-01-13,2026-10-08,,965,-0.11501,536,-0.19448,6,-1.4013,-223.64,735.91,-211.82,594.99,-11.819,140.92,-217.33
dt,XAGUSD,metal,False,us_cash,H1,60,k=0.3,0.3,False,True,M5,2929,1491,0.50905,-0.093271,-6.2976,0.38296,0.029414,0.12269,1153,-0.12288,338,0.0077285,2018,-0.34143,0.25,-0.12105,-0.14884,True,False,15:-0.222(126.0) 16:-0.144(132.0) 17:-0.189(120.0) 18:-0.341(129.0) 19:-0.179(124.0) 20:-0.047(117.0) 21:-0.040(139.0) 22:-0.010(128.0) 23:+0.047(138.0) 24:-0.019(138.0) 25:+0.017(123.0) 26:+0.041(77.0),2015-01-09,2026-10-07,0.017438,,,,,,,-139.07,500.29,-141.68,406.1,2.6122,94.192,-180.49
dt,XAGUSD,metal,False,us_cash,H1,60,k=0.5,0.5,False,True,M5,2929,633,0.21611,-0.068036,-4.2353,0.36651,0.015913,0.083949,498,-0.090373,135,0.01436,2018,-0.23316,0.33333,-0.08365,-0.099264,True,False,15:-0.186(64.0) 16:-0.116(58.0) 17:-0.129(53.0) 18:-0.233(49.0) 19:-0.098(55.0) 20:-0.006(49.0) 21:-0.023(58.0) 22:+0.010(45.0) 23:-0.023(67.0) 24:+0.006(56.0) 25:+0.017(48.0) 26:+0.027(31.0),2015-01-13,2026-10-02,0.0031596,,,,,,,-43.067,106.17,-45.006,89.431,1.9386,16.735,-52.951
dt,XAGUSD,metal,False,us_cash,H1,60,k=0.7,0.7,False,True,M5,2929,282,0.096279,-0.045772,-2.3157,0.36879,0.021126,0.066898,228,-0.065581,54,0.037866,2018,-0.21762,0.41667,-0.06918,-0.092587,True,False,15:-0.085(26.0) 16:-0.068(24.0) 17:-0.094(27.0) 18:-0.218(22.0) 19:-0.064(28.0) 20:-0.013(23.0) 21:-0.057(32.0) 22:+0.006(18.0) 23:+0.000(28.0) 24:+0.051(21.0) 25:+0.032(20.0) 26:+0.026(13.0),2015-01-16,2026-10-02,0.0035461,,,,,,,-12.908,31.551,-14.953,27.764,2.0448,3.7872,-19.509
rb,XAGUSD,metal,False,us_cash,H1,60,RB,0,False,True,M5,2929,1457,0.49744,-0.15596,-9.2845,0.36033,-0.015004,0.14096,1102,-0.19679,355,-0.02923,2018,-0.40146,0,-0.14067,-0.12538,False,False,15:-0.225(116.0) 16:-0.216(117.0) 17:-0.349(125.0) 18:-0.401(128.0) 19:-0.253(119.0) 20:-0.078(127.0) 21:-0.163(128.0) 22:-0.067(123.0) 23:-0.011(119.0) 24:-0.006(111.0) 25:-0.047(131.0) 26:-0.032(113.0),2015-01-13,2026-10-08,,955,-0.1195,498,-0.21703,4,-1.2598,-227.24,634.06,-216.86,516.88,-10.377,117.18,-204.96
dt,XAUUSD,metal,False,london24,M5,5,k=0.3,0.3,False,False,M5,3025,2159,0.71372,0.027423,2.0099,0.48912,0.043555,0.016131,1642,0.021784,517,0.045335,2018,-0.027991,0.66667,-0.0081146,-0.043653,True,False,15:+0.045(179.0) 16:+0.093(165.0) 17:+0.002(167.0) 18:-0.028(195.0) 19:-0.013(195.0) 20:+0.018(189.0) 21:+0.072(188.0) 22:+0.039(184.0) 23:-0.021(180.0) 24:-0.000(197.0) 25:+0.061(185.0) 26:+0.091(135.0),2015-01-09,2026-10-08,0.0046318,,,,,,,59.207,869.01,35.769,682.28,23.438,186.73,-17.519
dt,XAUUSD,metal,False,london24,M5,5,k=0.5,0.5,False,False,M5,3025,1041,0.34413,0.0225,1.7669,0.47646,0.033222,0.010722,797,0.014268,244,0.049388,2017,-0.064994,0.83333,-0.0099022,-0.042304,True,False,15:+0.011(98.0) 16:+0.071(84.0) 17:-0.065(83.0) 18:+0.010(92.0) 19:+0.009(87.0) 20:+0.006(84.0) 21:+0.064(99.0) 22:+0.013(90.0) 23:-0.001(80.0) 24:+0.071(91.0) 25:+0.017(90.0) 26:+0.064(63.0),2015-01-12,2026-10-07,0.0019212,,,,,,,23.423,176.08,11.372,145.72,12.051,30.356,-10.308
dt,XAUUSD,metal,False,london24,M5,5,k=0.7,0.7,False,False,M5,3025,505,0.16694,0.026627,1.8884,0.52277,0.034792,0.0081649,391,0.01958,114,0.050796,2017,-0.081756,0.83333,-0.011647,-0.049921,True,False,15:+0.039(49.0) 16:+0.017(49.0) 17:-0.082(35.0) 18:+0.020(47.0) 19:+0.040(42.0) 20:+0.053(35.0) 21:+0.065(51.0) 22:-0.026(45.0) 23:+0.031(38.0) 24:+0.082(41.0) 25:+0.032(40.0) 26:+0.035(33.0),2015-01-15,2026-10-07,0,,,,,,,13.447,50.959,7.6559,44.101,5.7907,6.8579,-5.8818
rb,XAUUSD,metal,False,london24,M5,5,RB,0,False,False,M5,3025,1084,0.35835,0.015922,0.67082,0.45111,0.037631,0.021709,841,0.016845,243,0.012726,2021,-0.21664,0.5,-0.014376,-0.044673,True,False,15:-0.009(92.0) 16:-0.019(91.0) 17:-0.017(101.0) 18:+0.193(89.0) 19:+0.117(94.0) 20:+0.065(88.0) 21:-0.217(104.0) 22:+0.046(89.0) 23:+0.034(93.0) 24:-0.036(83.0) 25:+0.085(94.0) 26:-0.028(66.0),2015-01-08,2026-10-02,,549,0.021478,534,0.012117,1,-1.0026,17.259,661.63,14.167,540.69,3.0924,120.94,-15.583
dt,XAUUSD,metal,False,london24,M15,15,k=0.3,0.3,False,False,M5,3025,2157,0.71306,0.027468,2.0152,0.49003,0.043944,0.016476,1640,0.021908,517,0.045105,2018,-0.028941,0.66667,-0.0085172,-0.044502,True,False,15:+0.051(178.0) 16:+0.093(165.0) 17:+0.000(166.0) 18:-0.029(195.0) 19:-0.014(195.0) 20:+0.017(189.0) 21:+0.070(188.0) 22:+0.038(184.0) 23:-0.020(180.0) 24:-0.000(197.0) 25:+0.061(185.0) 26:+0.089(135.0),2015-01-09,2026-10-08,0.0078813,,,,,,,59.248,865.6,35.929,679.03,23.319,186.56,-18.372
dt,XAUUSD,metal,False,london24,M15,15,k=0.5,0.5,False,False,M5,3025,1041,0.34413,0.022469,1.7651,0.47743,0.033353,0.010885,797,0.014207,244,0.049455,2017,-0.065057,0.83333,-0.010065,-0.042599,True,False,15:+0.011(98.0) 16:+0.072(84.0) 17:-0.065(83.0) 18:+0.010(92.0) 19:+0.008(87.0) 20:+0.006(84.0) 21:+0.064(99.0) 22:+0.013(90.0) 23:-0.001(80.0) 24:+0.071(91.0) 25:+0.017(90.0) 26:+0.065(63.0),2015-01-12,2026-10-07,0.0019212,,,,,,,23.39,175.95,11.323,145.59,12.067,30.36,-10.478
dt,XAUUSD,metal,False,london24,M15,15,k=0.7,0.7,False,False,M5,3025,505,0.16694,0.026515,1.8806,0.52277,0.034792,0.0082771,391,0.019411,114,0.050879,2017,-0.081779,0.83333,-0.011759,-0.050033,True,False,15:+0.040(49.0) 16:+0.016(49.0) 17:-0.082(35.0) 18:+0.019(47.0) 19:+0.040(42.0) 20:+0.053(35.0) 21:+0.064(51.0) 22:-0.026(45.0) 23:+0.031(38.0) 24:+0.082(41.0) 25:+0.032(40.0) 26:+0.035(33.0),2015-01-15,2026-10-07,0,,,,,,,13.39,50.949,7.5897,44.088,5.8002,6.8614,-5.9384
rb,XAUUSD,metal,False,london24,M15,15,RB,0,False,False,M5,3025,1082,0.35769,0.010509,0.44709,0.45009,0.032809,0.0223,839,0.012583,243,0.0033478,2021,-0.22277,0.58333,-0.017216,-0.044942,True,False,15:+0.000(92.0) 16:-0.021(91.0) 17:-0.017(101.0) 18:+0.174(89.0) 19:+0.115(94.0) 20:+0.064(88.0) 21:-0.223(103.0) 22:+0.038(88.0) 23:+0.020(93.0) 24:-0.036(83.0) 25:+0.060(94.0) 26:-0.028(66.0),2015-01-08,2026-10-02,,548,0.01768,532,0.0070174,2,-1.0257,11.371,646.34,10.557,525.98,0.81352,120.36,-18.628
dt,XAUUSD,metal,False,london24,M30,30,k=0.3,0.3,False,False,M5,3025,2154,0.71207,0.026943,1.9777,0.48979,0.043526,0.016583,1637,0.021761,517,0.04335,2018,-0.029246,0.58333,-0.0085955,-0.044134,True,False,15:+0.053(177.0) 16:+0.099(164.0) 17:-0.008(166.0) 18:-0.029(195.0) 19:-0.015(195.0) 20:+0.016(189.0) 21:+0.070(188.0) 22:+0.040(183.0) 23:-0.020(180.0) 24:-0.002(197.0) 25:+0.061(185.0) 26:+0.085(135.0),2015-01-09,2026-10-08,0.012999,,,,,,,58.035,862.31,35.623,676.2,22.412,186.11,-18.515
dt,XAUUSD,metal,False,london24,M30,30,k=0.5,0.5,False,False,M5,3025,1040,0.3438,0.022681,1.7805,0.47885,0.033621,0.01094,796,0.014454,244,0.04952,2017,-0.065388,0.83333,-0.01012,-0.04292,True,False,15:+0.014(97.0) 16:+0.072(84.0) 17:-0.065(83.0) 18:+0.009(92.0) 19:+0.008(87.0) 20:+0.006(84.0) 21:+0.064(99.0) 22:+0.013(90.0) 23:-0.001(80.0) 24:+0.071(91.0) 25:+0.017(90.0) 26:+0.065(63.0),2015-01-12,2026-10-07,0.0038462,,,,,,,23.588,175.87,11.505,145.51,12.083,30.362,-10.524
dt,XAUUSD,metal,False,london24,M30,30,k=0.7,0.7,False,False,M5,3025,505,0.16694,0.026424,1.8741,0.52277,0.034792,0.0083676,391,0.01928,114,0.050926,2017,-0.081808,0.83333,-0.01185,-0.050124,True,False,15:+0.040(49.0) 16:+0.016(49.0) 17:-0.082(35.0) 18:+0.019(47.0) 19:+0.039(42.0) 20:+0.053(35.0) 21:+0.064(51.0) 22:-0.026(45.0) 23:+0.031(38.0) 24:+0.082(41.0) 25:+0.032(40.0) 26:+0.035(33.0),2015-01-15,2026-10-07,0,,,,,,,13.344,50.95,7.5386,44.086,5.8055,6.8642,-5.9841
rb,XAUUSD,metal,False,london24,M30,30,RB,0,False,False,M5,3025,1068,0.35306,0.012924,0.54579,0.45131,0.035455,0.022531,828,0.017713,240,-0.0036008,2021,-0.13772,0.5,-0.0175,-0.047924,True,False,15:-0.002(92.0) 16:-0.058(90.0) 17:-0.029(101.0) 18:+0.152(89.0) 19:+0.115(94.0) 20:+0.060(88.0) 21:-0.138(95.0) 22:+0.051(87.0) 23:+0.021(92.0) 24:-0.044(82.0) 25:+0.065(92.0) 26:-0.050(66.0),2015-01-08,2026-10-02,,545,0.016858,520,0.014904,3,-1.0451,13.802,639.11,14.667,518.65,-0.86419,120.45,-18.69
dt,XAUUSD,metal,False,london24,H1,60,k=0.3,0.3,False,True,M5,3025,2072,0.68496,0.023095,1.7048,0.47828,0.03978,0.016685,1569,0.016233,503,0.0445,2019,-0.033711,0.58333,-0.009782,-0.042659,True,False,15:+0.040(170.0) 16:+0.094(159.0) 17:-0.014(154.0) 18:-0.017(190.0) 19:-0.034(190.0) 20:+0.008(180.0) 21:+0.074(180.0) 22:+0.030(176.0) 23:-0.025(170.0) 24:-0.000(192.0) 25:+0.053(181.0) 26:+0.099(130.0),2015-01-09,2026-10-08,0.016409,,,,,,,47.853,788.6,25.47,613.39,22.383,175.21,-20.268
dt,XAUUSD,metal,False,london24,H1,60,k=0.5,0.5,False,True,M5,3025,987,0.32628,0.017325,1.3536,0.46707,0.02833,0.011005,759,0.0068518,228,0.05219,2017,-0.085683,0.66667,-0.010923,-0.039172,True,False,15:+0.001(93.0) 16:+0.059(80.0) 17:-0.086(77.0) 18:+0.020(87.0) 19:-0.010(83.0) 20:-0.008(82.0) 21:+0.069(95.0) 22:-0.002(85.0) 23:+0.004(77.0) 24:+0.071(87.0) 25:+0.012(83.0) 26:+0.082(58.0),2015-01-12,2026-10-07,0.010132,,,,,,,17.1,159.73,5.2005,131.02,11.899,28.707,-10.781
dt,XAUUSD,metal,False,london24,H1,60,k=0.7,0.7,False,True,M5,3025,474,0.15669,0.024714,1.7612,0.53376,0.033111,0.0083967,367,0.014799,107,0.058723,2017,-0.06738,0.83333,-0.012064,-0.048842,True,False,15:+0.017(49.0) 16:+0.016(44.0) 17:-0.067(29.0) 18:+0.012(47.0) 19:+0.038(38.0) 20:+0.033(34.0) 21:+0.065(49.0) 22:-0.042(42.0) 23:+0.037(35.0) 24:+0.111(37.0) 25:+0.020(38.0) 26:+0.044(32.0),2015-01-15,2026-10-07,0.0021097,,,,,,,11.714,44.436,5.4311,38.421,6.2833,6.0151,-5.7182
rb,XAUUSD,metal,False,london24,H1,60,RB,0,False,True,M5,3025,991,0.3276,0.0024029,0.10256,0.47225,0.025661,0.023258,772,0.0149,219,-0.04165,2026,-0.068598,0.58333,-0.026837,-0.056076,True,False,15:-0.028(87.0) 16:-0.043(87.0) 17:-0.062(97.0) 18:+0.168(82.0) 19:+0.051(90.0) 20:+0.001(81.0) 21:+0.012(81.0) 22:+0.020(81.0) 23:+0.030(86.0) 24:+0.003(74.0) 25:-0.061(82.0) 26:-0.069(63.0),2015-01-08,2026-10-02,,508,0.019748,477,-0.0028798,6,-1.0462,2.3813,538.5,11.503,431.39,-9.1214,107.11,-26.595
dt,XAUUSD,metal,False,us_cash,M5,5,k=0.3,0.3,False,False,M5,2937,1489,0.50698,0.0080638,0.56046,0.47146,0.027302,0.019238,1169,0.012079,320,-0.0066059,2018,-0.064841,0.58333,-0.015143,-0.038351,True,False,15:-0.044(135.0) 16:-0.033(131.0) 17:+0.038(121.0) 18:-0.065(132.0) 19:+0.022(131.0) 20:+0.043(125.0) 21:+0.012(131.0) 22:+0.079(126.0) 23:+0.063(137.0) 24:-0.033(138.0) 25:-0.004(104.0) 26:+0.037(78.0),2015-01-09,2026-10-07,0.0040296,,,,,,,12.007,458.76,14.121,380.17,-2.1139,78.582,-22.549
dt,XAUUSD,metal,False,us_cash,M5,5,k=0.5,0.5,False,False,M5,2937,604,0.20565,0.01447,0.92713,0.48675,0.027597,0.013127,491,0.020624,113,-0.012272,2018,-0.035384,0.5,-0.012109,-0.038688,True,False,15:-0.015(53.0) 16:+0.037(50.0) 17:-0.016(57.0) 18:-0.035(59.0) 19:+0.042(56.0) 20:+0.048(50.0) 21:-0.030(64.0) 22:+0.094(49.0) 23:+0.087(53.0) 24:-0.025(48.0) 25:+0.020(32.0) 26:-0.025(33.0),2015-01-12,2026-10-07,0,,,,,,,8.7397,88.84,10.126,73.261,-1.3867,15.579,-7.3141
dt,XAUUSD,metal,False,us_cash,M5,5,k=0.7,0.7,False,False,M5,2937,280,0.095335,0.014256,0.80423,0.48214,0.02479,0.010534,234,0.017277,46,-0.0011131,2026,-0.10093,0.66667,-0.0091826,-0.032621,True,False,15:+0.022(27.0) 16:+0.023(24.0) 17:-0.027(30.0) 18:+0.026(23.0) 19:+0.043(31.0) 20:-0.007(25.0) 21:-0.044(29.0) 22:+0.106(19.0) 23:+0.047(26.0) 24:+0.076(16.0) 25:+0.025(14.0) 26:-0.101(16.0),2015-01-12,2026-10-02,0,,,,,,,3.9916,24.603,4.0428,20.742,-0.051203,3.8616,-2.5711
rb,XAUUSD,metal,False,us_cash,M5,5,RB,0,False,False,M5,2937,1561,0.53149,-0.023203,-1.3203,0.4574,0.0017462,0.024949,1178,-0.035139,383,0.013509,2019,-0.086483,0.41667,-0.020681,-0.01816,False,False,15:-0.055(139.0) 16:-0.008(128.0) 17:+0.057(127.0) 18:-0.082(125.0) 19:-0.086(134.0) 20:+0.016(131.0) 21:-0.081(128.0) 22:-0.078(144.0) 23:+0.011(122.0) 24:+0.003(132.0) 25:+0.041(138.0) 26:-0.008(113.0),2015-01-12,2026-10-07,,997,-0.003631,564,-0.0578,0,,-36.219,752.93,-41.393,548.38,5.1738,204.55,-32.283
dt,XAUUSD,metal,False,us_cash,M15,15,k=0.3,0.3,False,False,M5,2937,1486,0.50596,0.0078855,0.54976,0.47174,0.027337,0.019452,1168,0.010761,318,-0.0026751,2018,-0.065596,0.66667,-0.016296,-0.040478,True,False,15:-0.044(135.0) 16:-0.041(131.0) 17:+0.038(121.0) 18:-0.066(132.0) 19:+0.026(130.0) 20:+0.043(125.0) 21:+0.008(131.0) 22:+0.078(126.0) 23:+0.061(137.0) 24:-0.033(138.0) 25:+0.008(102.0) 26:+0.037(78.0),2015-01-09,2026-10-07,0.0087483,,,,,,,11.718,454.09,12.568,376.59,-0.85069,77.498,-24.216
dt,XAUUSD,metal,False,us_cash,M15,15,k=0.5,0.5,False,False,M5,2937,604,0.20565,0.014249,0.91309,0.4851,0.027611,0.013363,491,0.020329,113,-0.012173,2018,-0.035811,0.5,-0.012345,-0.038938,True,False,15:-0.014(53.0) 16:+0.037(50.0) 17:-0.016(57.0) 18:-0.036(59.0) 19:+0.041(56.0) 20:+0.048(50.0) 21:-0.031(64.0) 22:+0.094(49.0) 23:+0.087(53.0) 24:-0.025(48.0) 25:+0.020(32.0) 26:-0.025(33.0),2015-01-12,2026-10-07,0,,,,,,,8.6062,88.812,9.9817,73.23,-1.3755,15.581,-7.4563
dt,XAUUSD,metal,False,us_cash,M15,15,k=0.7,0.7,False,False,M5,2937,280,0.095335,0.014007,0.79025,0.48214,0.02479,0.010783,234,0.016969,46,-0.0010612,2026,-0.10085,0.66667,-0.0094315,-0.03287,True,False,15:+0.022(27.0) 16:+0.023(24.0) 17:-0.027(30.0) 18:+0.025(23.0) 19:+0.042(31.0) 20:-0.007(25.0) 21:-0.045(29.0) 22:+0.106(19.0) 23:+0.047(26.0) 24:+0.076(16.0) 25:+0.025(14.0) 26:-0.101(16.0),2015-01-12,2026-10-02,0,,,,,,,3.9219,24.598,3.9708,20.737,-0.048817,3.8609,-2.6408
rb,XAUUSD,metal,False,us_cash,M15,15,RB,0,False,False,M5,2937,1552,0.52843,-0.033918,-1.9875,0.45812,-0.0091339,0.024784,1169,-0.039404,383,-0.017172,2019,-0.10396,0.33333,-0.025055,-0.016193,False,False,15:-0.065(138.0) 16:+0.004(126.0) 17:+0.052(126.0) 18:-0.078(125.0) 19:-0.104(134.0) 20:-0.002(130.0) 21:-0.062(125.0) 22:-0.100(144.0) 23:+0.016(121.0) 24:-0.023(132.0) 25:+0.004(138.0) 26:-0.037(113.0),2015-01-12,2026-10-07,,995,-0.0050538,555,-0.082116,2,-1.0187,-52.64,702.86,-46.064,517.56,-6.5768,185.3,-38.886
dt,XAUUSD,metal,False,us_cash,M30,30,k=0.3,0.3,False,False,M5,2937,1485,0.50562,0.0073447,0.51302,0.47205,0.026884,0.01954,1167,0.010578,318,-0.0045209,2018,-0.068284,0.66667,-0.016404,-0.040153,True,False,15:-0.044(135.0) 16:-0.038(131.0) 17:+0.038(121.0) 18:-0.068(132.0) 19:+0.025(130.0) 20:+0.043(125.0) 21:+0.008(131.0) 22:+0.086(125.0) 23:+0.053(137.0) 24:-0.035(138.0) 25:+0.008(102.0) 26:+0.032(78.0),2015-01-09,2026-10-07,0.012795,,,,,,,10.907,451.77,12.345,374.79,-1.4376,76.981,-24.36
dt,XAUUSD,metal,False,us_cash,M30,30,k=0.5,0.5,False,False,M5,2937,604,0.20565,0.013931,0.89387,0.4851,0.027343,0.013412,491,0.019917,113,-0.012079,2018,-0.035976,0.5,-0.012394,-0.03872,True,False,15:-0.014(53.0) 16:+0.037(50.0) 17:-0.016(57.0) 18:-0.036(59.0) 19:+0.041(56.0) 20:+0.048(50.0) 21:-0.031(64.0) 22:+0.094(49.0) 23:+0.084(53.0) 24:-0.024(48.0) 25:+0.020(32.0) 26:-0.025(33.0),2015-01-12,2026-10-07,0.0033113,,,,,,,8.4145,88.585,9.7794,73.006,-1.365,15.579,-7.4862
dt,XAUUSD,metal,False,us_cash,M30,30,k=0.7,0.7,False,False,M5,2937,280,0.095335,0.013916,0.78518,0.48214,0.02479,0.010874,234,0.016854,46,-0.0010279,2026,-0.10079,0.66667,-0.0095223,-0.032961,True,False,15:+0.022(27.0) 16:+0.022(24.0) 17:-0.027(30.0) 18:+0.025(23.0) 19:+0.042(31.0) 20:-0.008(25.0) 21:-0.045(29.0) 22:+0.106(19.0) 23:+0.047(26.0) 24:+0.076(16.0) 25:+0.025(14.0) 26:-0.101(16.0),2015-01-12,2026-10-02,0,,,,,,,3.8965,24.593,3.9438,20.731,-0.047283,3.8619,-2.6662
rb,XAUUSD,metal,False,us_cash,M30,30,RB,0,False,False,M5,2937,1541,0.52469,-0.036527,-2.1705,0.4549,-0.01182,0.024708,1160,-0.040591,381,-0.024155,2019,-0.1084,0.41667,-0.024575,-0.012623,False,False,15:-0.069(138.0) 16:+0.000(125.0) 17:+0.013(125.0) 18:-0.076(124.0) 19:-0.108(133.0) 20:+0.005(129.0) 21:-0.049(124.0) 22:-0.092(142.0) 23:+0.026(120.0) 24:-0.024(131.0) 25:+0.001(137.0) 26:-0.054(113.0),2015-01-12,2026-10-07,,992,-0.0037175,542,-0.08378,7,-1.0275,-56.289,674.17,-47.086,501.23,-9.2029,172.94,-37.87
dt,XAUUSD,metal,False,us_cash,H1,60,k=0.3,0.3,False,True,M5,2937,1447,0.49268,0.00286,0.19912,0.46026,0.022446,0.019586,1139,0.0018214,308,0.0067006,2018,-0.052794,0.5,-0.01704,-0.036941,True,False,15:-0.052(131.0) 16:-0.048(129.0) 17:+0.054(119.0) 18:-0.053(131.0) 19:+0.007(125.0) 20:+0.028(119.0) 21:-0.006(129.0) 22:+0.072(120.0) 23:+0.028(136.0) 24:-0.010(136.0) 25:-0.000(100.0) 26:+0.047(72.0),2015-01-09,2026-10-07,0.021424,,,,,,,4.1383,431.64,2.0746,354.69,2.0638,76.953,-24.657
dt,XAUUSD,metal,False,us_cash,H1,60,k=0.5,0.5,False,True,M5,2937,581,0.19782,0.0065307,0.4095,0.47676,0.020192,0.013661,476,0.0085923,105,-0.0028149,2021,-0.048938,0.5,-0.012044,-0.030619,True,False,15:-0.021(53.0) 16:+0.013(48.0) 17:-0.010(56.0) 18:-0.024(57.0) 19:+0.016(56.0) 20:+0.026(50.0) 21:-0.049(61.0) 22:+0.091(45.0) 23:+0.064(50.0) 24:-0.012(43.0) 25:+0.016(31.0) 26:-0.008(31.0),2015-01-12,2026-10-07,0.0068847,,,,,,,3.7944,85.731,4.0899,70.061,-0.29557,15.67,-6.9975
dt,XAUUSD,metal,False,us_cash,H1,60,k=0.7,0.7,False,True,M5,2937,273,0.092952,0.0064874,0.35707,0.43223,0.017378,0.010891,227,0.0043582,46,0.016994,2026,-0.079379,0.66667,-0.0079777,-0.022443,True,False,15:+0.011(27.0) 16:+0.019(20.0) 17:-0.022(29.0) 18:+0.032(23.0) 19:+0.008(31.0) 20:-0.037(25.0) 21:-0.060(29.0) 22:+0.108(19.0) 23:+0.024(24.0) 24:+0.121(16.0) 25:+0.009(14.0) 26:-0.079(16.0),2015-01-12,2026-10-02,0,,,,,,,1.7711,24.522,0.98932,20.451,0.78174,4.0715,-2.1779
rb,XAUUSD,metal,False,us_cash,H1,60,RB,0,False,True,M5,2937,1475,0.50221,-0.062401,-4.0218,0.44407,-0.038673,0.023728,1114,-0.061464,361,-0.065293,2026,-0.17222,0.083333,-0.030891,0.00061864,False,False,15:-0.088(131.0) 16:-0.028(122.0) 17:+0.000(121.0) 18:-0.035(117.0) 19:-0.120(131.0) 20:-0.006(121.0) 21:-0.081(124.0) 22:-0.126(132.0) 23:-0.056(115.0) 24:-0.019(127.0) 25:-0.023(128.0) 26:-0.172(106.0),2015-01-12,2026-10-07,,974,-0.038582,491,-0.08963,10,-1.0455,-92.042,529.14,-68.471,428.22,-23.571,100.91,-45.565
dt,XAUUSD,metal,False,server_day,M5,5,k=0.3,0.3,False,False,M5,2924,2323,0.79446,0.017432,1.3115,0.47266,0.032346,0.014914,1768,0.0094723,555,0.042787,2018,-0.069025,0.75,-0.009316,-0.036064,True,False,15:-0.004(190.0) 16:+0.077(181.0) 17:+0.015(191.0) 18:-0.069(212.0) 19:+0.020(199.0) 20:+0.026(199.0) 21:+0.030(193.0) 22:+0.058(192.0) 23:-0.051(211.0) 24:+0.040(201.0) 25:+0.023(203.0) 26:+0.073(151.0),2015-01-09,2026-10-07,0.0034438,,,,,,,40.494,953.68,16.747,740.45,23.747,213.23,-21.641
dt,XAUUSD,metal,False,server_day,M5,5,k=0.5,0.5,True,False,M5,2924,1128,0.38577,0.019867,1.6175,0.50709,0.029626,0.0097589,866,0.0085698,262,0.057208,2017,-0.041863,0.58333,-0.011287,-0.04244,True,False,15:-0.018(100.0) 16:+0.058(94.0) 17:-0.042(93.0) 18:+0.009(100.0) 19:-0.027(103.0) 20:+0.061(88.0) 21:+0.058(100.0) 22:-0.001(97.0) 23:-0.018(91.0) 24:+0.052(99.0) 25:+0.077(85.0) 26:+0.042(78.0),2015-01-12,2026-10-07,0.001773,,,,,,,22.41,192.22,7.4214,155.81,14.988,36.404,-12.731
dt,XAUUSD,metal,False,server_day,M5,5,k=0.7,0.7,False,False,M5,2924,567,0.19391,0.023245,1.8094,0.51323,0.030786,0.0075408,434,0.016062,133,0.046685,2017,-0.0158,0.75,-0.0079417,-0.039129,True,False,15:+0.004(52.0) 16:+0.002(53.0) 17:-0.016(39.0) 18:+0.038(54.0) 19:+0.040(47.0) 20:+0.053(47.0) 21:+0.029(50.0) 22:-0.004(50.0) 23:-0.010(42.0) 24:+0.031(52.0) 25:+0.048(43.0) 26:+0.066(38.0),2015-01-15,2026-10-07,0,,,,,,,13.18,53.271,6.971,44.418,6.2091,8.8529,-4.5029
rb,XAUUSD,metal,False,server_day,M5,5,RB,0,True,False,M5,2924,831,0.2842,0.00030253,0.011041,0.46811,0.020006,0.019704,648,-0.0059095,183,0.022299,2021,-0.27774,0.58333,-0.010347,-0.020997,True,False,15:+0.003(67.0) 16:-0.052(77.0) 17:+0.125(71.0) 18:+0.163(69.0) 19:-0.027(73.0) 20:+0.043(70.0) 21:-0.278(80.0) 22:-0.041(74.0) 23:+0.060(67.0) 24:+0.007(65.0) 25:+0.080(64.0) 26:-0.028(54.0),2015-01-15,2026-10-07,,421,-0.011087,409,0.01453,1,-1.0238,0.2514,517.81,-3.8294,439.99,4.0808,77.821,-8.5987
dt,XAUUSD,metal,False,server_day,M15,15,k=0.3,0.3,False,True,M5,2924,2322,0.79412,0.017172,1.2951,0.46899,0.032395,0.015223,1767,0.0097804,555,0.040706,2018,-0.067807,0.83333,-0.0097155,-0.036603,True,False,15:+0.005(189.0) 16:+0.075(181.0) 17:+0.006(191.0) 18:-0.068(212.0) 19:+0.018(199.0) 20:+0.029(199.0) 21:+0.033(193.0) 22:+0.057(192.0) 23:-0.051(211.0) 24:+0.039(201.0) 25:+0.020(203.0) 26:+0.072(151.0),2015-01-09,2026-10-07,0.0068906,,,,,,,39.874,948.19,17.282,736.27,22.592,211.92,-22.56
dt,XAUUSD,metal,False,server_day,M15,15,k=0.5,0.5,False,True,M5,2924,1125,0.38475,0.019168,1.5603,0.50667,0.029169,0.010001,864,0.0080171,261,0.05608,2017,-0.046655,0.58333,-0.011435,-0.042038,True,False,15:-0.017(100.0) 16:+0.056(94.0) 17:-0.047(92.0) 18:+0.008(100.0) 19:-0.030(103.0) 20:+0.065(88.0) 21:+0.060(100.0) 22:-0.002(97.0) 23:-0.018(90.0) 24:+0.051(99.0) 25:+0.075(85.0) 26:+0.042(77.0),2015-01-12,2026-10-07,0.0017778,,,,,,,21.564,191.24,6.9267,155.1,14.637,36.142,-12.864
dt,XAUUSD,metal,False,server_day,M15,15,k=0.7,0.7,False,True,M5,2924,566,0.19357,0.021953,1.7084,0.5212,0.029568,0.0076149,434,0.014883,132,0.0452,2017,-0.020728,0.66667,-0.0080572,-0.038067,True,False,15:+0.003(52.0) 16:-0.002(53.0) 17:-0.021(39.0) 18:+0.037(54.0) 19:+0.037(47.0) 20:+0.053(47.0) 21:+0.031(50.0) 22:-0.004(50.0) 23:-0.009(42.0) 24:+0.029(52.0) 25:+0.045(43.0) 26:+0.068(37.0),2015-01-15,2026-10-07,0,,,,,,,12.425,53.08,6.4591,44.258,5.9664,8.8216,-4.5604
rb,XAUUSD,metal,False,server_day,M15,15,RB,0,False,True,M5,2924,823,0.28146,-0.0030042,-0.11087,0.47023,0.017128,0.020132,642,-0.011845,181,0.028354,2021,-0.24079,0.58333,-0.013189,-0.023373,True,False,15:+0.028(67.0) 16:-0.063(77.0) 17:+0.138(70.0) 18:+0.125(69.0) 19:-0.047(73.0) 20:+0.042(70.0) 21:-0.241(75.0) 22:-0.111(74.0) 23:+0.057(67.0) 24:+0.022(63.0) 25:+0.081(64.0) 26:-0.027(54.0),2015-01-15,2026-10-07,,420,-0.017079,400,0.019439,3,-1.025,-2.4725,496.75,-7.6045,420.93,5.132,75.82,-10.854
dt,XAUUSD,metal,False,server_day,M30,30,k=0.3,0.3,False,True,M5,2924,2314,0.79138,0.01426,1.0794,0.47105,0.029572,0.015312,1760,0.0066512,554,0.038433,2018,-0.070361,0.75,-0.010324,-0.034909,True,False,15:+0.001(189.0) 16:+0.072(179.0) 17:-0.001(190.0) 18:-0.070(210.0) 19:+0.016(199.0) 20:+0.021(199.0) 21:+0.034(192.0) 22:+0.060(191.0) 23:-0.055(211.0) 24:+0.030(201.0) 25:+0.022(202.0) 26:+0.072(151.0),2015-01-09,2026-10-07,0.0099395,,,,,,,32.998,934.61,11.706,727.81,21.292,206.8,-23.891
dt,XAUUSD,metal,False,server_day,M30,30,k=0.5,0.5,False,True,M5,2924,1123,0.38406,0.015937,1.3022,0.49777,0.026,0.010063,863,0.0051189,260,0.051847,2017,-0.052655,0.66667,-0.01162,-0.039178,True,False,15:-0.021(100.0) 16:+0.051(94.0) 17:-0.053(92.0) 18:+0.005(100.0) 19:-0.031(102.0) 20:+0.060(88.0) 21:+0.056(100.0) 22:+0.002(97.0) 23:-0.020(90.0) 24:+0.042(98.0) 25:+0.073(85.0) 26:+0.041(77.0),2015-01-12,2026-10-07,0.0026714,,,,,,,17.898,189.02,4.4176,153.79,13.48,35.232,-13.05
dt,XAUUSD,metal,False,server_day,M30,30,k=0.7,0.7,False,True,M5,2924,562,0.1922,0.018984,1.4707,0.50534,0.026644,0.0076599,432,0.01203,130,0.042092,2017,-0.025068,0.58333,-0.0080806,-0.035145,True,False,15:-0.004(52.0) 16:-0.003(53.0) 17:-0.025(38.0) 18:+0.033(53.0) 19:+0.037(47.0) 20:+0.049(47.0) 21:+0.025(50.0) 22:-0.001(50.0) 23:-0.012(42.0) 24:+0.022(50.0) 25:+0.041(43.0) 26:+0.070(37.0),2015-01-15,2026-10-07,0,,,,,,,10.669,52.736,5.1969,44.134,5.4719,8.6025,-4.5413
rb,XAUUSD,metal,False,server_day,M30,30,RB,0,False,True,M5,2924,816,0.27907,-0.014532,-0.55192,0.45221,0.0056705,0.020202,637,-0.016492,179,-0.0075574,2021,-0.18044,0.5,-0.017959,-0.021385,True,False,15:+0.008(67.0) 16:-0.099(77.0) 17:+0.120(69.0) 18:+0.125(68.0) 19:-0.045(73.0) 20:+0.036(70.0) 21:-0.180(72.0) 22:-0.096(74.0) 23:+0.009(67.0) 24:-0.071(63.0) 25:+0.077(63.0) 26:-0.033(53.0),2015-01-15,2026-10-07,,417,-0.022526,393,0.0095211,6,-1.0344,-11.858,461.22,-10.505,389.74,-1.3528,71.476,-14.654
dt,XAUUSD,metal,False,server_day,H1,60,k=0.3,0.3,False,True,M5,2924,2301,0.78694,0.017507,1.319,0.47371,0.032918,0.015411,1750,0.0099024,551,0.041658,2018,-0.071598,0.66667,-0.010171,-0.037848,True,False,15:-0.002(189.0) 16:+0.088(177.0) 17:-0.008(189.0) 18:-0.072(209.0) 19:+0.018(198.0) 20:+0.025(198.0) 21:+0.040(190.0) 22:+0.069(189.0) 23:-0.051(211.0) 24:+0.026(201.0) 25:+0.029(200.0) 26:+0.081(150.0),2015-01-09,2026-10-07,0.014342,,,,,,,40.283,933.05,17.329,725.53,22.953,207.52,-23.403
dt,XAUUSD,metal,False,server_day,H1,60,k=0.5,0.5,False,True,M5,2924,1121,0.38338,0.017207,1.3996,0.50401,0.02732,0.010114,861,0.0063552,260,0.053142,2017,-0.056315,0.66667,-0.011793,-0.040792,True,False,15:-0.021(100.0) 16:+0.057(93.0) 17:-0.056(91.0) 18:+0.002(100.0) 19:-0.030(102.0) 20:+0.057(88.0) 21:+0.057(100.0) 22:+0.009(97.0) 23:-0.015(90.0) 24:+0.036(98.0) 25:+0.079(85.0) 26:+0.047(77.0),2015-01-12,2026-10-07,0.0044603,,,,,,,19.289,190.09,5.4719,154.71,13.817,35.382,-13.219
dt,XAUUSD,metal,False,server_day,H1,60,k=0.7,0.7,False,True,M5,2924,556,0.19015,0.022989,1.7791,0.51079,0.03071,0.0077212,427,0.01613,129,0.045694,2023,-0.0086605,0.75,-0.008276,-0.039541,True,False,15:-0.001(51.0) 16:+0.003(53.0) 17:-0.003(37.0) 18:+0.032(53.0) 19:+0.041(46.0) 20:+0.050(47.0) 21:+0.023(48.0) 22:+0.005(50.0) 23:-0.009(42.0) 24:+0.022(50.0) 25:+0.049(43.0) 26:+0.075(36.0),2015-01-15,2026-10-07,0.0035971,,,,,,,12.782,51.818,6.8874,43.395,5.8945,8.4237,-4.6014
rb,XAUUSD,metal,False,server_day,H1,60,RB,0,False,True,M5,2924,792,0.27086,-0.0023255,-0.084555,0.46465,0.017681,0.020006,620,-0.0053056,172,0.008417,2016,-0.075552,0.5,-0.015647,-0.028969,True,False,15:-0.032(66.0) 16:-0.076(74.0) 17:+0.039(68.0) 18:+0.065(67.0) 19:-0.050(72.0) 20:+0.045(69.0) 21:-0.035(66.0) 22:-0.038(72.0) 23:+0.044(66.0) 24:-0.030(60.0) 25:+0.046(61.0) 26:+0.008(51.0),2015-01-15,2026-10-07,,413,-0.029679,375,0.03886,4,-1.0393,-1.8418,473.85,-3.2895,386.73,1.4477,87.116,-12.393
dt,XCUUSD,metal,False,london24,M5,5,k=0.3,0.3,False,False,M5,476,343,0.72059,-0.015099,-0.45411,0.46356,0.042906,0.058005,0,,343,-0.015099,2024,-0.14963,0.33333,-0.058122,-0.10115,True,False,24:-0.150(15.0) 25:-0.019(187.0) 26:+0.005(141.0),2024-12-09,2026-10-08,0,,,,,,,-5.1789,129.77,0,0,-5.1789,129.77,-19.936
dt,XCUUSD,metal,False,london24,M5,5,k=0.5,0.5,False,False,M5,476,166,0.34874,-0.0526,-1.5007,0.41566,-0.014516,0.038084,0,,166,-0.0526,2025,-0.08302,0.5,-0.035524,-0.018447,False,False,24:-0.174(6.0) 25:-0.083(100.0) 26:+0.010(60.0),2024-12-09,2026-10-08,0,,,,,,,-8.7316,34.107,0,0,-8.7316,34.107,-5.8969
dt,XCUUSD,metal,False,london24,M5,5,k=0.7,0.7,False,False,M5,476,89,0.18697,-0.043885,-1.2035,0.4382,-0.013796,0.030089,0,,89,-0.043885,2025,-0.071383,0,-0.032149,-0.020412,False,False,24:+0.006(4.0) 25:-0.071(50.0) 26:-0.010(35.0),2024-12-09,2026-10-08,0,,,,,,,-3.9058,10.585,0,0,-3.9058,10.585,-2.8612
rb,XCUUSD,metal,False,london24,M5,5,RB,0,False,False,M5,476,151,0.31723,0.046829,0.51697,0.46358,0.12412,0.077287,0,,151,0.046829,2026,-0.042018,0.5,-0.039305,-0.12544,True,False,24:-0.253(2.0) 25:+0.129(81.0) 26:-0.042(68.0),2024-12-11,2026-10-08,,72,-0.08442,79,0.16645,0,,7.0712,186.18,0,0,7.0712,186.18,-5.9351
dt,XCUUSD,metal,False,london24,M15,15,k=0.3,0.3,False,False,M5,476,343,0.72059,-0.020047,-0.63008,0.46356,0.038119,0.058166,0,,343,-0.020047,2024,-0.15045,0.33333,-0.063071,-0.10609,True,False,24:-0.150(15.0) 25:-0.028(187.0) 26:+0.005(141.0),2024-12-09,2026-10-08,0.0029155,,,,,,,-6.8763,118.89,0,0,-6.8763,118.89,-21.633
dt,XCUUSD,metal,False,london24,M15,15,k=0.5,0.5,False,False,M5,476,166,0.34874,-0.052855,-1.5085,0.42169,-0.014516,0.038339,0,,166,-0.052855,2025,-0.083235,0.5,-0.035779,-0.018703,False,False,24:-0.176(6.0) 25:-0.083(100.0) 26:+0.010(60.0),2024-12-09,2026-10-08,0,,,,,,,-8.774,34.09,0,0,-8.774,34.09,-5.9393
dt,XCUUSD,metal,False,london24,M15,15,k=0.7,0.7,False,False,M5,476,89,0.18697,-0.043741,-1.1987,0.4382,-0.013796,0.029945,0,,89,-0.043741,2025,-0.071596,0,-0.032004,-0.020267,False,False,24:+0.009(4.0) 25:-0.072(50.0) 26:-0.010(35.0),2024-12-09,2026-10-08,0,,,,,,,-3.8929,10.599,0,0,-3.8929,10.599,-2.8484
rb,XCUUSD,metal,False,london24,M15,15,RB,0,False,False,M5,476,151,0.31723,0.036557,0.42968,0.4702,0.11395,0.077389,0,,151,0.036557,2026,-0.04203,0.5,-0.044659,-0.12587,True,False,24:-0.260(2.0) 25:+0.110(81.0) 26:-0.042(68.0),2024-12-11,2026-10-08,,72,-0.084458,79,0.14685,0,,5.5201,164.15,0,0,5.5201,164.15,-6.7435
dt,XCUUSD,metal,False,london24,M30,30,k=0.3,0.3,False,False,M5,476,343,0.72059,-0.019704,-0.61938,0.46356,0.038119,0.057823,0,,343,-0.019704,2024,-0.15222,0.33333,-0.062727,-0.10575,True,False,24:-0.152(15.0) 25:-0.028(187.0) 26:+0.005(141.0),2024-12-09,2026-10-08,0.0029155,,,,,,,-6.7585,118.85,0,0,-6.7585,118.85,-21.515
dt,XCUUSD,metal,False,london24,M30,30,k=0.5,0.5,False,False,M5,476,166,0.34874,-0.057295,-1.7153,0.42771,-0.019247,0.038049,0,,166,-0.057295,2025,-0.090994,0.5,-0.039572,-0.021849,False,False,24:-0.171(6.0) 25:-0.091(100.0) 26:+0.010(60.0),2024-12-09,2026-10-08,0.0060241,,,,,,,-9.511,31.105,0,0,-9.511,31.105,-6.569
dt,XCUUSD,metal,False,london24,M30,30,k=0.7,0.7,False,False,M5,476,89,0.18697,-0.048324,-1.3993,0.4382,-0.018493,0.029831,0,,89,-0.048324,2025,-0.079931,0,-0.034923,-0.021522,False,False,24:+0.010(4.0) 25:-0.080(50.0) 26:-0.010(35.0),2024-12-09,2026-10-08,0.011236,,,,,,,-4.3008,9.548,0,0,-4.3008,9.548,-3.1081
rb,XCUUSD,metal,False,london24,M30,30,RB,0,False,False,M5,476,151,0.31723,-0.038683,-0.66092,0.46358,0.036837,0.07552,0,,151,-0.038683,2026,-0.042839,0,-0.073264,-0.10785,True,False,24:-0.258(2.0) 25:-0.030(81.0) 26:-0.043(68.0),2024-12-11,2026-10-08,,73,-0.098766,78,0.017549,0,,-5.8411,77.816,0,0,-5.8411,77.816,-11.063
dt,XCUUSD,metal,False,london24,H1,60,k=0.3,0.3,False,True,M5,476,337,0.70798,-0.020021,-0.63455,0.44807,0.037594,0.057614,0,,337,-0.020021,2024,-0.13158,0.33333,-0.062642,-0.10526,True,False,24:-0.132(15.0) 25:-0.031(183.0) 26:+0.006(139.0),2024-12-09,2026-10-08,0.011869,,,,,,,-6.7469,112.85,0,0,-6.7469,112.85,-21.11
dt,XCUUSD,metal,False,london24,H1,60,k=0.5,0.5,False,True,M5,476,158,0.33193,-0.05695,-1.6784,0.44937,-0.018988,0.037962,0,,158,-0.05695,2025,-0.09105,0.5,-0.039843,-0.022736,False,False,24:-0.192(6.0) 25:-0.091(93.0) 26:+0.011(59.0),2024-12-09,2026-10-08,0.0063291,,,,,,,-8.9981,29.072,0,0,-8.9981,29.072,-6.2952
dt,XCUUSD,metal,False,london24,H1,60,k=0.7,0.7,False,True,M5,476,87,0.18277,-0.045688,-1.3726,0.37931,-0.016078,0.029611,0,,87,-0.045688,2025,-0.068459,0,-0.035841,-0.025995,False,False,24:+0.004(4.0) 25:-0.068(49.0) 26:-0.019(34.0),2024-12-09,2026-10-08,0.011494,,,,,,,-3.9749,8.4709,0,0,-3.9749,8.4709,-3.1182
rb,XCUUSD,metal,False,london24,H1,60,RB,0,False,True,M5,476,145,0.30462,-0.078859,-1.3074,0.38621,-0.0043282,0.074531,0,,145,-0.078859,2026,-0.085118,0,-0.073849,-0.068839,False,False,24:-0.194(2.0) 25:-0.071(79.0) 26:-0.085(64.0),2024-12-11,2026-10-08,,69,-0.09231,76,-0.066646,0,,-11.435,76.87,0,0,-11.435,76.87,-10.708
dt,XCUUSD,metal,False,us_cash,M5,5,k=0.3,0.3,False,False,M5,461,200,0.43384,-7.5661e-05,-0.0016769,0.43,0.077512,0.077587,0,,200,-7.5661e-05,2026,-0.027689,0.5,-0.062444,-0.12481,True,False,24:-0.188(7.0) 25:+0.028(120.0) 26:-0.028(73.0),2024-12-09,2026-10-08,0.005,,,,,,,-0.015132,81.02,0,0,-0.015132,81.02,-12.489
dt,XCUUSD,metal,False,us_cash,M5,5,k=0.5,0.5,False,False,M5,461,75,0.16269,0.096267,1.6966,0.46667,0.14786,0.051591,0,,75,0.096267,2026,0.078386,1,-0.041988,-0.18024,True,False,24:+0.034(3.0) 25:+0.108(49.0) 26:+0.078(23.0),2024-12-09,2026-08-28,0,,,,,,,7.2201,18.565,0,0,7.2201,18.565,-3.1491
dt,XCUUSD,metal,False,us_cash,M5,5,k=0.7,0.7,False,False,M5,461,33,0.071584,0.13128,1.7301,0.54545,0.17114,0.039865,0,,33,0.13128,2026,0.024174,1,-0.029632,-0.19054,True,False,24:-0.026(1.0) 25:+0.195(21.0) 26:+0.024(11.0),2024-12-09,2026-08-18,0,,,,,,,4.3321,6.6485,0,0,4.3321,6.6485,-0.97787
rb,XCUUSD,metal,False,us_cash,M5,5,RB,0,False,False,M5,461,244,0.52928,-0.11685,-3.0964,0.42213,-0.020901,0.095951,0,,244,-0.11685,2025,-0.14833,0,-0.11243,-0.10801,False,False,24:-0.379(9.0) 25:-0.148(135.0) 26:-0.051(100.0),2024-12-09,2026-10-01,,170,-0.049763,73,-0.25973,1,-1.0916,-28.512,87.772,0,0,-28.512,87.772,-27.433
dt,XCUUSD,metal,False,us_cash,M15,15,k=0.3,0.3,False,False,M5,461,200,0.43384,-0.007548,-0.17075,0.43,0.069907,0.077455,0,,200,-0.007548,2026,-0.027294,0.5,-0.062312,-0.11708,True,False,24:-0.187(7.0) 25:+0.015(120.0) 26:-0.027(73.0),2024-12-09,2026-10-08,0.01,,,,,,,-1.5096,77.783,0,0,-1.5096,77.783,-12.462
dt,XCUUSD,metal,False,us_cash,M15,15,k=0.5,0.5,False,False,M5,461,75,0.16269,0.096308,1.6977,0.48,0.14786,0.05155,0,,75,0.096308,2026,0.078069,1,-0.041948,-0.1802,True,False,24:+0.036(3.0) 25:+0.109(49.0) 26:+0.078(23.0),2024-12-09,2026-08-28,0,,,,,,,7.2231,18.556,0,0,7.2231,18.556,-3.1461
dt,XCUUSD,metal,False,us_cash,M15,15,k=0.7,0.7,False,False,M5,461,33,0.071584,0.13132,1.731,0.54545,0.17114,0.039824,0,,33,0.13132,2026,0.024086,1,-0.029592,-0.1905,True,False,24:-0.026(1.0) 25:+0.195(21.0) 26:+0.024(11.0),2024-12-09,2026-08-18,0,,,,,,,4.3335,6.6464,0,0,4.3335,6.6464,-0.97654
rb,XCUUSD,metal,False,us_cash,M15,15,RB,0,False,False,M5,461,243,0.52711,-0.1073,-2.7591,0.41975,-0.013439,0.093861,0,,243,-0.1073,2025,-0.16461,0,-0.11168,-0.11605,True,False,24:+0.046(8.0) 25:-0.165(135.0) 26:-0.042(100.0),2024-12-09,2026-10-01,,170,-0.049765,72,-0.22948,1,-1.0916,-26.074,91.733,0,0,-26.074,91.733,-27.138
dt,XCUUSD,metal,False,us_cash,M30,30,k=0.3,0.3,False,False,M5,461,200,0.43384,-0.0075495,-0.1707,0.435,0.069642,0.077191,0,,200,-0.0075495,2026,-0.027064,0.5,-0.062048,-0.11655,True,False,24:-0.184(7.0) 25:+0.015(120.0) 26:-0.027(73.0),2024-12-09,2026-10-08,0.01,,,,,,,-1.5099,77.863,0,0,-1.5099,77.863,-12.41
dt,XCUUSD,metal,False,us_cash,M30,30,k=0.5,0.5,False,False,M5,461,75,0.16269,0.096426,1.7001,0.46667,0.14786,0.051432,0,,75,0.096426,2026,0.07787,1,-0.04183,-0.18009,True,False,24:+0.037(3.0) 25:+0.109(49.0) 26:+0.078(23.0),2024-12-09,2026-08-28,0,,,,,,,7.2319,18.552,0,0,7.2319,18.552,-3.1372
dt,XCUUSD,metal,False,us_cash,M30,30,k=0.7,0.7,False,False,M5,461,33,0.071584,0.13121,1.7296,0.54545,0.17114,0.039927,0,,33,0.13121,2026,0.023412,1,-0.029695,-0.1906,True,False,24:-0.026(1.0) 25:+0.195(21.0) 26:+0.023(11.0),2024-12-09,2026-08-18,0,,,,,,,4.3301,6.6456,0,0,4.3301,6.6456,-0.97993
rb,XCUUSD,metal,False,us_cash,M30,30,RB,0,False,False,M5,461,242,0.52495,-0.11235,-2.9443,0.41322,-0.020618,0.091729,0,,242,-0.11235,2025,-0.17777,0,-0.11078,-0.10921,False,False,24:+0.058(8.0) 25:-0.178(135.0) 26:-0.037(99.0),2024-12-09,2026-10-01,,169,-0.046058,70,-0.22863,3,-1.1335,-27.188,87.975,0,0,-27.188,87.975,-26.808
dt,XCUUSD,metal,False,us_cash,H1,60,k=0.3,0.3,False,True,M5,461,196,0.42516,-0.0025657,-0.055614,0.41327,0.074414,0.07698,0,,196,-0.0025657,2026,-0.022868,0.5,-0.056712,-0.11086,True,False,24:-0.174(7.0) 25:+0.020(117.0) 26:-0.023(72.0),2024-12-09,2026-10-08,0.010204,,,,,,,-0.50287,81.346,0,0,-0.50287,81.346,-11.115
dt,XCUUSD,metal,False,us_cash,H1,60,k=0.5,0.5,False,True,M5,461,74,0.16052,0.10295,1.7308,0.43243,0.15419,0.051243,0,,74,0.10295,2026,0.077821,1,-0.038843,-0.18063,True,False,24:+0.053(3.0) 25:+0.118(48.0) 26:+0.078(23.0),2024-12-09,2026-08-28,0,,,,,,,7.618,19.895,0,0,7.618,19.895,-2.8744
dt,XCUUSD,metal,False,us_cash,H1,60,k=0.7,0.7,False,True,M5,461,29,0.062907,0.17845,2.0284,0.51724,0.2182,0.039748,0,,29,0.17845,2025,0.20725,1,-0.022452,-0.22335,True,False,24:+0.008(1.0) 25:+0.207(21.0) 26:+0.116(7.0),2024-12-09,2026-08-18,0,,,,,,,5.175,7.208,0,0,5.175,7.208,-0.6511
rb,XCUUSD,metal,False,us_cash,H1,60,RB,0,False,True,M5,461,234,0.50759,-0.10331,-2.8193,0.41453,-0.016769,0.08654,0,,234,-0.10331,2025,-0.13974,0,-0.095821,-0.088333,False,False,24:+0.148(8.0) 25:-0.140(129.0) 26:-0.076(97.0),2024-12-09,2026-10-01,,166,-0.07659,66,-0.13906,2,-1.1412,-24.174,75.704,0,0,-24.174,75.704,-22.422
dt,XOM,stock,True,us_cash,M5,5,k=0.3,0.3,False,False,M5,1380,841,0.60942,0.025363,1.4033,0.52081,0.032876,0.0075121,427,0.054934,414,-0.0051351,2026,-0.082105,0.85714,-0.0050455,-0.035454,True,False,20:+0.090(19.0) 21:+0.017(133.0) 22:+0.065(136.0) 23:+0.077(139.0) 24:+0.003(155.0) 25:+0.051(141.0) 26:-0.082(118.0),2020-11-06,2026-10-08,0,,,,,,,21.331,231.33,23.457,114.95,-2.1259,116.38,-4.2433
dt,XOM,stock,True,us_cash,M5,5,k=0.5,0.5,False,False,M5,1380,379,0.27464,-0.0030421,-0.17577,0.46966,0.0018796,0.0049217,190,0.018552,189,-0.024751,2026,-0.05873,0.33333,-0.005616,-0.0081898,True,False,20:+0.049(7.0) 21:-0.015(58.0) 22:+0.043(57.0) 23:+0.023(68.0) 24:-0.010(64.0) 25:-0.010(67.0) 26:-0.059(58.0),2020-11-09,2026-10-08,0,,,,,,,-1.153,42.916,3.5249,21.06,-4.6779,21.855,-2.1284
dt,XOM,stock,True,us_cash,M5,5,k=0.7,0.7,False,False,M5,1380,155,0.11232,-0.013857,-0.60789,0.45806,-0.0097578,0.004099,77,0.033003,78,-0.060116,2026,-0.12038,0.33333,-0.0073904,-0.00092384,False,False,20:+0.046(3.0) 21:-0.031(22.0) 22:+0.062(24.0) 23:+0.058(28.0) 24:-0.062(29.0) 25:-0.004(26.0) 26:-0.120(23.0),2020-11-09,2026-10-07,0,,,,,,,-2.1478,12.433,2.5412,4.6443,-4.689,7.7886,-1.1455
rb,XOM,stock,True,us_cash,M5,5,RB,0,False,False,M5,1380,539,0.39058,-0.013878,-0.50678,0.46382,-0.0046218,0.0092561,285,0.007947,254,-0.038366,2026,-0.054123,0.42857,-0.014912,-0.015945,True,False,20:+0.041(14.0) 21:+0.014(101.0) 22:-0.023(92.0) 23:+0.031(78.0) 24:-0.018(79.0) 25:-0.042(93.0) 26:-0.054(82.0),2020-11-06,2026-10-08,,311,-0.008988,228,-0.020548,0,,-7.4802,217.56,2.2649,120.63,-9.7451,96.934,-8.0374
dt,XOM,stock,True,us_cash,M15,15,k=0.3,0.3,False,False,M5,1380,841,0.60942,0.025778,1.4262,0.52081,0.033312,0.0075337,427,0.055613,414,-0.004993,2026,-0.082243,0.85714,-0.0053314,-0.036441,True,False,20:+0.090(19.0) 21:+0.018(133.0) 22:+0.068(136.0) 23:+0.075(139.0) 24:+0.003(155.0) 25:+0.051(141.0) 26:-0.082(118.0),2020-11-06,2026-10-08,0.0023781,,,,,,,21.679,231.36,23.747,115.02,-2.0671,116.34,-4.4837
dt,XOM,stock,True,us_cash,M15,15,k=0.5,0.5,False,False,M5,1380,379,0.27464,-0.0029852,-0.17248,0.46966,0.0019953,0.0049805,190,0.018763,189,-0.024848,2026,-0.059114,0.33333,-0.0056747,-0.0083642,True,False,20:+0.049(7.0) 21:-0.015(58.0) 22:+0.044(57.0) 23:+0.023(68.0) 24:-0.010(64.0) 25:-0.010(67.0) 26:-0.059(58.0),2020-11-09,2026-10-08,0,,,,,,,-1.1314,42.92,3.5649,21.064,-4.6963,21.857,-2.1507
dt,XOM,stock,True,us_cash,M15,15,k=0.7,0.7,False,False,M5,1380,155,0.11232,-0.013908,-0.61012,0.45806,-0.0097578,0.0041498,77,0.033003,78,-0.060217,2026,-0.12072,0.33333,-0.0074411,-0.00097461,False,False,20:+0.046(3.0) 21:-0.031(22.0) 22:+0.062(24.0) 23:+0.058(28.0) 24:-0.062(29.0) 25:-0.004(26.0) 26:-0.121(23.0),2020-11-09,2026-10-07,0,,,,,,,-2.1557,12.433,2.5412,4.6443,-4.6969,7.7887,-1.1534
rb,XOM,stock,True,us_cash,M15,15,RB,0,False,False,M5,1380,536,0.38841,-0.015676,-0.59687,0.45896,-0.0067169,0.0089588,285,-0.00013846,251,-0.033318,2025,-0.049528,0.42857,-0.014646,-0.013616,False,False,20:+0.041(14.0) 21:-0.014(101.0) 22:-0.018(92.0) 23:+0.031(78.0) 24:+0.002(78.0) 25:-0.050(92.0) 26:-0.049(81.0),2020-11-06,2026-10-08,,311,-0.0046506,225,-0.030915,0,,-8.4022,197.92,-0.03946,106.77,-8.3627,91.153,-7.85
dt,XOM,stock,True,us_cash,M30,30,k=0.3,0.3,False,False,M5,1380,840,0.6087,0.026997,1.4953,0.52143,0.03454,0.0075428,427,0.055613,413,-0.0025892,2026,-0.08238,0.85714,-0.0053379,-0.037673,True,False,20:+0.090(19.0) 21:+0.018(133.0) 22:+0.068(136.0) 23:+0.075(139.0) 24:+0.009(154.0) 25:+0.051(141.0) 26:-0.082(118.0),2020-11-06,2026-10-08,0.0035714,,,,,,,22.677,230.34,23.747,115.02,-1.0693,115.31,-4.4838
dt,XOM,stock,True,us_cash,M30,30,k=0.5,0.5,False,False,M5,1380,379,0.27464,-0.0029869,-0.17262,0.46966,0.0019953,0.0049822,190,0.018763,189,-0.024852,2026,-0.059125,0.33333,-0.0056764,-0.0083659,True,False,20:+0.049(7.0) 21:-0.015(58.0) 22:+0.044(57.0) 23:+0.023(68.0) 24:-0.010(64.0) 25:-0.010(67.0) 26:-0.059(58.0),2020-11-09,2026-10-08,0,,,,,,,-1.132,42.897,3.5649,21.064,-4.6969,21.833,-2.1514
dt,XOM,stock,True,us_cash,M30,30,k=0.7,0.7,False,False,M5,1380,155,0.11232,-0.013933,-0.61091,0.45806,-0.0097578,0.0041756,77,0.033003,78,-0.060268,2026,-0.12089,0.33333,-0.0074669,-0.0010004,False,False,20:+0.046(3.0) 21:-0.031(22.0) 22:+0.062(24.0) 23:+0.058(28.0) 24:-0.062(29.0) 25:-0.004(26.0) 26:-0.121(23.0),2020-11-09,2026-10-07,0,,,,,,,-2.1597,12.447,2.5412,4.6443,-4.7009,7.8026,-1.1574
rb,XOM,stock,True,us_cash,M30,30,RB,0,False,False,M5,1380,532,0.38551,-0.029167,-1.1675,0.45489,-0.020284,0.008883,283,-0.016195,249,-0.043909,2025,-0.059714,0.28571,-0.018809,-0.0084505,False,False,20:+0.041(14.0) 21:-0.036(100.0) 22:-0.030(92.0) 23:+0.015(77.0) 24:-0.010(78.0) 25:-0.060(90.0) 26:-0.059(81.0),2020-11-06,2026-10-08,,311,-0.0052768,221,-0.062785,0,,-15.517,176.76,-4.5833,98.058,-10.933,78.698,-10.006
dt,XOM,stock,True,us_cash,H1,60,k=0.3,0.3,False,True,M5,1380,804,0.58261,0.031787,1.7315,0.52363,0.039354,0.0075669,413,0.057957,391,0.0041456,2026,-0.065236,0.85714,-0.0041774,-0.040142,True,False,20:+0.049(18.0) 21:+0.006(125.0) 22:+0.059(135.0) 23:+0.106(135.0) 24:+0.013(144.0) 25:+0.055(133.0) 26:-0.065(114.0),2020-11-06,2026-10-08,0.013682,,,,,,,25.557,218.4,23.936,110.46,1.6209,107.94,-3.3587
dt,XOM,stock,True,us_cash,H1,60,k=0.5,0.5,False,True,M5,1380,355,0.25725,0.0048168,0.26905,0.47042,0.0099431,0.0051264,180,0.029612,175,-0.020687,2026,-0.059729,0.5,-0.0042245,-0.013266,True,False,20:-0.009(7.0) 21:-0.014(54.0) 22:+0.058(54.0) 23:+0.047(65.0) 24:-0.008(62.0) 25:+0.004(57.0) 26:-0.060(56.0),2020-11-09,2026-10-08,0,,,,,,,1.7099,40.286,5.3302,19.454,-3.6203,20.832,-1.4997
dt,XOM,stock,True,us_cash,H1,60,k=0.7,0.7,False,True,M5,1380,144,0.10435,-0.0056941,-0.23626,0.44444,-0.0012769,0.0044172,70,0.044038,74,-0.052738,2026,-0.12697,0.5,-0.0069641,-0.0082341,True,False,20:-0.064(3.0) 21:-0.027(21.0) 22:+0.098(20.0) 23:+0.073(26.0) 24:-0.049(27.0) 25:+0.015(24.0) 26:-0.127(23.0),2020-11-09,2026-10-07,0,,,,,,,-0.81995,11.965,3.0827,4.6405,-3.9026,7.3248,-1.0028
rb,XOM,stock,True,us_cash,H1,60,RB,0,False,True,M5,1380,496,0.35942,-0.03444,-1.4353,0.47177,-0.026136,0.008304,268,-0.031274,228,-0.038161,2022,-0.075579,0.14286,-0.015741,0.0029574,False,False,20:+0.067(13.0) 21:-0.017(94.0) 22:-0.076(89.0) 23:-0.013(72.0) 24:-0.051(73.0) 25:-0.032(83.0) 26:-0.032(72.0),2020-11-09,2026-10-08,,300,-0.00015602,195,-0.082226,1,-1.0013,-17.082,141.96,-8.3814,78.971,-8.7008,62.985,-7.8077
dt,XPDUSD,metal,False,london24,M5,5,k=0.3,0.3,False,False,M5,2375,1915,0.80632,-0.19565,-13.611,0.33159,-0.012033,0.18362,1302,-0.18268,613,-0.2232,2023,-0.30085,0,-0.18125,-0.16685,False,False,17:-0.129(129.0) 18:-0.034(147.0) 19:-0.137(198.0) 20:-0.221(183.0) 21:-0.176(217.0) 22:-0.210(201.0) 23:-0.301(227.0) 24:-0.186(228.0) 25:-0.295(232.0) 26:-0.170(153.0),2017-03-30,2026-10-08,0.0046997,,,,,,,-374.67,830.66,-237.85,586.33,-136.82,244.33,-347.09
dt,XPDUSD,metal,False,london24,M5,5,k=0.5,0.5,False,False,M5,2375,886,0.37305,-0.11352,-8.276,0.31264,-0.0022031,0.11132,616,-0.10951,270,-0.12268,2023,-0.21101,0,-0.10997,-0.10641,False,False,17:-0.092(57.0) 18:-0.010(75.0) 19:-0.073(92.0) 20:-0.125(85.0) 21:-0.112(102.0) 22:-0.106(101.0) 23:-0.211(104.0) 24:-0.104(99.0) 25:-0.154(102.0) 26:-0.103(69.0),2017-03-30,2026-10-07,0,,,,,,,-100.58,158.96,-67.459,120.75,-33.124,38.214,-97.429
dt,XPDUSD,metal,False,london24,M5,5,k=0.7,0.7,False,False,M5,2375,386,0.16253,-0.068621,-4.2424,0.34715,0.017106,0.085727,277,-0.062406,109,-0.084416,2025,-0.14029,0.1,-0.085769,-0.10292,True,False,17:-0.044(20.0) 18:+0.037(30.0) 19:-0.004(38.0) 20:-0.084(43.0) 21:-0.088(51.0) 22:-0.063(49.0) 23:-0.135(46.0) 24:-0.049(38.0) 25:-0.140(44.0) 26:-0.044(27.0),2017-04-10,2026-10-07,0,,,,,,,-26.488,40.699,-17.286,30.9,-9.2013,9.7985,-33.107
rb,XPDUSD,metal,False,london24,M5,5,RB,0,False,False,M5,2375,706,0.29726,-0.36944,-12.468,0.26912,-0.08738,0.28206,521,-0.36427,185,-0.384,2021,-0.52053,0,-0.29497,-0.2205,False,False,17:-0.174(56.0) 18:-0.300(71.0) 19:-0.338(73.0) 20:-0.276(79.0) 21:-0.521(98.0) 22:-0.352(70.0) 23:-0.495(74.0) 24:-0.375(58.0) 25:-0.369(65.0) 26:-0.408(62.0),2017-03-24,2026-10-07,,319,-0.12597,387,-0.57013,0,,-260.83,533.37,-189.79,427.49,-71.039,105.88,-208.25
dt,XPDUSD,metal,False,london24,M15,15,k=0.3,0.3,False,False,M5,2375,1912,0.80505,-0.20754,-14.44,0.3227,-0.010748,0.1968,1300,-0.20116,612,-0.2211,2023,-0.30789,0,-0.1943,-0.18105,False,False,17:-0.134(129.0) 18:-0.038(147.0) 19:-0.142(197.0) 20:-0.224(182.0) 21:-0.265(217.0) 22:-0.211(201.0) 23:-0.308(227.0) 24:-0.186(228.0) 25:-0.289(231.0) 26:-0.170(153.0),2017-03-30,2026-10-08,0.0078452,,,,,,,-396.83,837.12,-261.51,594.71,-135.31,242.42,-371.5
dt,XPDUSD,metal,False,london24,M15,15,k=0.5,0.5,False,False,M5,2375,886,0.37305,-0.12211,-8.9306,0.30587,-0.0021787,0.11993,616,-0.12278,270,-0.12058,2023,-0.21499,0,-0.11857,-0.11504,False,False,17:-0.094(57.0) 18:-0.011(75.0) 19:-0.083(92.0) 20:-0.133(85.0) 21:-0.169(102.0) 22:-0.108(101.0) 23:-0.215(104.0) 24:-0.104(99.0) 25:-0.149(102.0) 26:-0.103(69.0),2017-03-30,2026-10-07,0,,,,,,,-108.19,159.81,-75.633,122.15,-32.556,37.655,-105.06
dt,XPDUSD,metal,False,london24,M15,15,k=0.7,0.7,False,False,M5,2375,386,0.16253,-0.075648,-4.7112,0.32902,0.017564,0.093212,277,-0.073318,109,-0.08157,2021,-0.13861,0.1,-0.093254,-0.11086,True,False,17:-0.043(20.0) 18:+0.036(30.0) 19:-0.007(38.0) 20:-0.091(43.0) 21:-0.139(51.0) 22:-0.064(49.0) 23:-0.134(46.0) 24:-0.050(38.0) 25:-0.133(44.0) 26:-0.043(27.0),2017-04-10,2026-10-07,0,,,,,,,-29.2,40.526,-20.309,31.147,-8.8912,9.3782,-35.996
rb,XPDUSD,metal,False,london24,M15,15,RB,0,False,False,M5,2375,701,0.29516,-0.36544,-12.239,0.26534,-0.07408,0.29136,516,-0.35945,185,-0.38216,2023,-0.51266,0,-0.30369,-0.24193,False,False,17:-0.177(55.0) 18:-0.306(71.0) 19:-0.366(73.0) 20:-0.247(79.0) 21:-0.480(95.0) 22:-0.354(70.0) 23:-0.513(73.0) 24:-0.378(58.0) 25:-0.363(65.0) 26:-0.407(62.0),2017-03-24,2026-10-07,,316,-0.12901,384,-0.55658,1,-1.682,-256.17,531.07,-185.48,426.36,-70.699,104.71,-212.88
dt,XPDUSD,metal,False,london24,M30,30,k=0.3,0.3,False,False,M5,2375,1911,0.80463,-0.21172,-14.717,0.32077,-0.010679,0.20104,1299,-0.20811,612,-0.21937,2023,-0.30782,0,-0.19802,-0.18432,False,False,17:-0.136(129.0) 18:-0.041(147.0) 19:-0.145(197.0) 20:-0.231(182.0) 21:-0.293(216.0) 22:-0.214(201.0) 23:-0.308(227.0) 24:-0.186(228.0) 25:-0.286(231.0) 26:-0.170(153.0),2017-03-30,2026-10-08,0.0088959,,,,,,,-404.59,841.08,-270.33,600.22,-134.25,240.86,-378.41
dt,XPDUSD,metal,False,london24,M30,30,k=0.5,0.5,False,False,M5,2375,886,0.37305,-0.12522,-9.1669,0.30474,-0.0021787,0.12304,616,-0.12757,270,-0.11984,2023,-0.21568,0,-0.12168,-0.11815,False,False,17:-0.094(57.0) 18:-0.014(75.0) 19:-0.086(92.0) 20:-0.141(85.0) 21:-0.184(102.0) 22:-0.110(101.0) 23:-0.216(104.0) 24:-0.105(99.0) 25:-0.146(102.0) 26:-0.102(69.0),2017-03-30,2026-10-07,0,,,,,,,-110.94,160.2,-78.584,122.8,-32.358,37.399,-107.81
dt,XPDUSD,metal,False,london24,M30,30,k=0.7,0.7,False,False,M5,2375,386,0.16253,-0.079253,-4.9191,0.32124,0.017564,0.096817,277,-0.078054,109,-0.082301,2021,-0.15135,0.1,-0.096859,-0.11447,True,False,17:-0.044(20.0) 18:+0.036(30.0) 19:-0.010(38.0) 20:-0.101(43.0) 21:-0.151(51.0) 22:-0.067(49.0) 23:-0.133(46.0) 24:-0.052(38.0) 25:-0.133(44.0) 26:-0.042(27.0),2017-04-10,2026-10-07,0,,,,,,,-30.592,41.001,-21.621,31.487,-8.9708,9.5136,-37.388
rb,XPDUSD,metal,False,london24,M30,30,RB,0,False,False,M5,2375,693,0.29179,-0.36645,-12.184,0.26118,-0.073284,0.29316,509,-0.35658,184,-0.39375,2023,-0.51909,0,-0.30556,-0.24467,False,False,17:-0.163(54.0) 18:-0.301(71.0) 19:-0.383(73.0) 20:-0.226(78.0) 21:-0.474(90.0) 22:-0.360(70.0) 23:-0.519(73.0) 24:-0.370(57.0) 25:-0.386(65.0) 26:-0.423(62.0),2017-03-24,2026-10-07,,315,-0.12744,376,-0.56059,2,-1.5099,-253.95,526.88,-181.5,420.55,-72.449,106.33,-211.75
dt,XPDUSD,metal,False,london24,H1,60,k=0.3,0.3,False,True,M5,2375,1839,0.77432,-0.2158,-15.031,0.29962,-0.011507,0.20429,1248,-0.2155,591,-0.21642,2021,-0.3112,0,-0.2007,-0.1856,False,False,17:-0.157(122.0) 18:-0.039(143.0) 19:-0.166(191.0) 20:-0.233(179.0) 21:-0.311(203.0) 22:-0.233(195.0) 23:-0.289(215.0) 24:-0.196(219.0) 25:-0.272(224.0) 26:-0.162(148.0),2017-03-30,2026-10-08,0.0092442,,,,,,,-396.85,782.37,-268.95,565.91,-127.9,216.46,-369.08
dt,XPDUSD,metal,False,london24,H1,60,k=0.5,0.5,False,True,M5,2375,833,0.35074,-0.12944,-9.3234,0.28691,-0.003361,0.12607,579,-0.13087,254,-0.12617,2021,-0.20441,0,-0.12431,-0.11918,False,False,17:-0.123(53.0) 18:-0.016(69.0) 19:-0.097(88.0) 20:-0.126(78.0) 21:-0.204(98.0) 22:-0.113(96.0) 23:-0.194(97.0) 24:-0.120(92.0) 25:-0.143(99.0) 26:-0.109(63.0),2017-03-30,2026-10-07,0.0012005,,,,,,,-107.82,147.53,-75.771,113.68,-32.048,33.846,-103.55
dt,XPDUSD,metal,False,london24,H1,60,k=0.7,0.7,False,True,M5,2375,357,0.15032,-0.081673,-4.9258,0.32773,0.018102,0.099775,260,-0.081734,97,-0.081511,2021,-0.16318,0.1,-0.099385,-0.1171,True,False,17:-0.062(18.0) 18:+0.039(28.0) 19:-0.011(36.0) 20:-0.098(42.0) 21:-0.163(49.0) 22:-0.083(46.0) 23:-0.120(41.0) 24:-0.044(31.0) 25:-0.136(41.0) 26:-0.038(25.0),2017-04-10,2026-10-07,0,,,,,,,-29.157,37.321,-21.251,29.221,-7.9065,8.1001,-35.481
rb,XPDUSD,metal,False,london24,H1,60,RB,0,False,True,M5,2375,621,0.26147,-0.36344,-11.577,0.26087,-0.070657,0.29279,455,-0.35406,166,-0.38917,2023,-0.4959,0,-0.30316,-0.24287,False,False,17:-0.155(47.0) 18:-0.302(66.0) 19:-0.416(66.0) 20:-0.238(72.0) 21:-0.412(76.0) 22:-0.406(61.0) 23:-0.496(67.0) 24:-0.404(50.0) 25:-0.302(59.0) 26:-0.466(57.0),2017-03-24,2026-10-07,,292,-0.11682,327,-0.57681,2,-1.4846,-225.7,461.51,-161.1,364.57,-64.602,96.94,-188.26
dt,XPDUSD,metal,False,us_cash,M5,5,k=0.3,0.3,False,False,M5,2365,1306,0.55222,-0.23359,-15.696,0.26953,-0.019875,0.21372,924,-0.21973,382,-0.26713,2025,-0.32192,0,-0.21753,-0.20147,False,False,17:-0.078(92.0) 18:-0.207(130.0) 19:-0.177(132.0) 20:-0.244(132.0) 21:-0.208(144.0) 22:-0.237(124.0) 23:-0.317(170.0) 24:-0.251(137.0) 25:-0.322(148.0) 26:-0.206(97.0),2017-03-28,2026-10-07,0.0015314,,,,,,,-305.07,448.76,-203.03,326.6,-102.04,122.16,-284.09
dt,XPDUSD,metal,False,us_cash,M5,5,k=0.5,0.5,False,False,M5,2365,528,0.22326,-0.14182,-9.664,0.25,-0.0043208,0.1375,384,-0.13457,144,-0.16115,2023,-0.25131,0.1,-0.1422,-0.14258,True,False,17:+0.080(34.0) 18:-0.155(53.0) 19:-0.102(59.0) 20:-0.184(57.0) 21:-0.102(64.0) 22:-0.106(43.0) 23:-0.251(74.0) 24:-0.201(56.0) 25:-0.165(52.0) 26:-0.094(36.0),2017-04-05,2026-09-21,0,,,,,,,-74.882,70.546,-51.676,55.434,-23.206,15.112,-75.083
dt,XPDUSD,metal,False,us_cash,M5,5,k=0.7,0.7,False,False,M5,2365,231,0.097674,-0.13326,-7.04,0.26407,-0.024704,0.10856,172,-0.12396,59,-0.16039,2024,-0.24186,0.1,-0.10844,-0.083612,False,False,17:+0.073(17.0) 18:-0.168(20.0) 19:-0.074(24.0) 20:-0.178(28.0) 21:-0.067(30.0) 22:-0.166(24.0) 23:-0.223(29.0) 24:-0.242(19.0) 25:-0.128(24.0) 26:-0.112(16.0),2017-04-18,2026-09-16,0,,,,,,,-30.784,23.14,-21.321,18.439,-9.463,4.7012,-25.049
rb,XPDUSD,metal,False,us_cash,M5,5,RB,0,False,False,M5,2365,1230,0.52008,-0.32749,-17.399,0.25285,-0.045858,0.28163,871,-0.32428,359,-0.33526,2021,-0.43405,0,-0.28435,-0.24121,False,False,17:-0.015(89.0) 18:-0.315(127.0) 19:-0.270(122.0) 20:-0.313(138.0) 21:-0.434(136.0) 22:-0.401(143.0) 23:-0.420(116.0) 24:-0.348(140.0) 25:-0.363(119.0) 26:-0.285(100.0),2017-03-23,2026-10-07,,756,-0.20816,474,-0.51781,0,,-402.81,667.46,-282.45,506.75,-120.36,160.71,-349.75
dt,XPDUSD,metal,False,us_cash,M15,15,k=0.3,0.3,False,False,M5,2365,1306,0.55222,-0.24432,-16.45,0.26263,-0.019642,0.22467,924,-0.23509,382,-0.26664,2025,-0.32106,0,-0.22843,-0.21254,False,False,17:-0.079(92.0) 18:-0.209(130.0) 19:-0.189(132.0) 20:-0.254(132.0) 21:-0.279(144.0) 22:-0.241(124.0) 23:-0.319(170.0) 24:-0.252(137.0) 25:-0.321(148.0) 26:-0.204(97.0),2017-03-28,2026-10-07,0.0053599,,,,,,,-319.08,453.92,-217.22,333.46,-101.86,120.45,-298.32
dt,XPDUSD,metal,False,us_cash,M15,15,k=0.5,0.5,False,False,M5,2365,528,0.22326,-0.14979,-10.221,0.24053,-0.0040465,0.14575,384,-0.14609,144,-0.15968,2023,-0.24997,0.1,-0.15009,-0.15038,True,False,17:+0.078(34.0) 18:-0.157(53.0) 19:-0.109(59.0) 20:-0.191(57.0) 21:-0.155(64.0) 22:-0.109(43.0) 23:-0.250(74.0) 24:-0.199(56.0) 25:-0.165(52.0) 26:-0.092(36.0),2017-04-05,2026-09-21,0,,,,,,,-79.091,71.609,-56.097,56.541,-22.994,15.067,-79.246
dt,XPDUSD,metal,False,us_cash,M15,15,k=0.7,0.7,False,False,M5,2365,231,0.097674,-0.14044,-7.4621,0.25108,-0.024704,0.11574,172,-0.13397,59,-0.15932,2024,-0.2434,0.1,-0.11562,-0.09079,False,False,17:+0.070(17.0) 18:-0.171(20.0) 19:-0.084(24.0) 20:-0.185(28.0) 21:-0.102(30.0) 22:-0.167(24.0) 23:-0.225(29.0) 24:-0.243(19.0) 25:-0.125(24.0) 26:-0.111(16.0),2017-04-18,2026-09-16,0,,,,,,,-32.442,23.376,-23.042,18.672,-9.3997,4.7037,-26.707
rb,XPDUSD,metal,False,us_cash,M15,15,RB,0,False,False,M5,2365,1228,0.51924,-0.34118,-18.228,0.24593,-0.05191,0.28927,869,-0.34014,359,-0.3437,2021,-0.45713,0,-0.29008,-0.23897,False,False,17:-0.021(89.0) 18:-0.321(127.0) 19:-0.263(121.0) 20:-0.337(138.0) 21:-0.457(135.0) 22:-0.424(143.0) 23:-0.451(116.0) 24:-0.378(140.0) 25:-0.356(119.0) 26:-0.281(100.0),2017-03-23,2026-10-07,,757,-0.21741,471,-0.54011,0,,-418.97,670.83,-295.58,508.83,-123.39,162,-356.21
dt,XPDUSD,metal,False,us_cash,M30,30,k=0.3,0.3,False,False,M5,2365,1305,0.5518,-0.24609,-16.602,0.25824,-0.018804,0.22729,923,-0.23903,382,-0.26317,2023,-0.31955,0,-0.23105,-0.216,False,False,17:-0.081(92.0) 18:-0.211(130.0) 19:-0.192(132.0) 20:-0.258(132.0) 21:-0.293(143.0) 22:-0.244(124.0) 23:-0.320(170.0) 24:-0.250(137.0) 25:-0.314(148.0) 26:-0.205(97.0),2017-03-28,2026-10-07,0.0076628,,,,,,,-321.15,452.94,-220.62,333.88,-100.53,119.07,-301.51
dt,XPDUSD,metal,False,us_cash,M30,30,k=0.5,0.5,False,False,M5,2365,528,0.22326,-0.15391,-10.472,0.23106,-0.0040177,0.14989,384,-0.15047,144,-0.16308,2023,-0.24939,0.1,-0.15422,-0.15454,True,False,17:+0.075(34.0) 18:-0.158(53.0) 19:-0.113(59.0) 20:-0.198(57.0) 21:-0.168(64.0) 22:-0.111(43.0) 23:-0.249(74.0) 24:-0.203(56.0) 25:-0.170(52.0) 26:-0.091(36.0),2017-04-05,2026-09-21,0,,,,,,,-81.263,72.607,-57.78,57.213,-23.483,15.394,-81.431
dt,XPDUSD,metal,False,us_cash,M30,30,k=0.7,0.7,False,False,M5,2365,231,0.097674,-0.14334,-7.5869,0.25108,-0.024704,0.11864,172,-0.13737,59,-0.16076,2024,-0.24906,0.1,-0.11852,-0.093692,False,False,17:+0.067(17.0) 18:-0.171(20.0) 19:-0.085(24.0) 20:-0.191(28.0) 21:-0.110(30.0) 22:-0.171(24.0) 23:-0.226(29.0) 24:-0.249(19.0) 25:-0.124(24.0) 26:-0.111(16.0),2017-04-18,2026-09-16,0,,,,,,,-33.112,23.712,-23.627,18.827,-9.485,4.8856,-27.378
rb,XPDUSD,metal,False,us_cash,M30,30,RB,0,False,False,M5,2365,1219,0.51543,-0.34213,-18.487,0.24282,-0.053436,0.28869,863,-0.34769,356,-0.32863,2023,-0.45203,0,-0.28972,-0.23731,False,False,17:-0.041(89.0) 18:-0.308(126.0) 19:-0.280(121.0) 20:-0.368(138.0) 21:-0.451(130.0) 22:-0.432(143.0) 23:-0.452(116.0) 24:-0.372(139.0) 25:-0.334(117.0) 26:-0.263(100.0),2017-03-23,2026-10-07,,756,-0.22203,462,-0.53627,1,-1.4387,-417.05,651.18,-300.06,495.78,-116.99,155.4,-353.17
dt,XPDUSD,metal,False,us_cash,H1,60,k=0.3,0.3,False,True,M5,2365,1294,0.54715,-0.24857,-17.221,0.24034,-0.01938,0.22919,916,-0.23877,378,-0.27231,2025,-0.32459,0,-0.23457,-0.22057,False,False,17:-0.084(92.0) 18:-0.218(129.0) 19:-0.190(131.0) 20:-0.289(129.0) 21:-0.275(143.0) 22:-0.246(123.0) 23:-0.302(169.0) 24:-0.261(137.0) 25:-0.325(146.0) 26:-0.209(95.0),2017-03-28,2026-10-07,0.018547,,,,,,,-321.65,428.51,-218.71,312.14,-102.93,116.37,-303.53
dt,XPDUSD,metal,False,us_cash,H1,60,k=0.5,0.5,False,True,M5,2365,516,0.21818,-0.16127,-10.714,0.22674,-0.0081839,0.15308,380,-0.15682,136,-0.17368,2023,-0.24871,0.1,-0.15665,-0.15204,False,False,17:+0.072(33.0) 18:-0.175(51.0) 19:-0.108(59.0) 20:-0.229(57.0) 21:-0.154(64.0) 22:-0.126(42.0) 23:-0.249(74.0) 24:-0.213(53.0) 25:-0.185(50.0) 26:-0.092(33.0),2017-04-05,2026-09-21,0.003876,,,,,,,-83.214,73.628,-59.593,57.82,-23.621,15.808,-80.832
dt,XPDUSD,metal,False,us_cash,H1,60,k=0.7,0.7,False,True,M5,2365,227,0.095983,-0.1472,-7.617,0.23789,-0.026381,0.12082,170,-0.13925,57,-0.17093,2024,-0.24401,0.1,-0.12002,-0.092842,False,False,17:+0.059(17.0) 18:-0.187(20.0) 19:-0.086(24.0) 20:-0.206(27.0) 21:-0.089(30.0) 22:-0.183(24.0) 23:-0.223(28.0) 24:-0.244(19.0) 25:-0.134(23.0) 26:-0.135(15.0),2017-04-18,2026-09-16,0,,,,,,,-33.415,24.079,-23.672,19.062,-9.7431,5.0166,-27.245
rb,XPDUSD,metal,False,us_cash,H1,60,RB,0,False,True,M5,2365,1179,0.49852,-0.339,-19.085,0.22986,-0.061567,0.27744,839,-0.34548,340,-0.32301,2021,-0.43371,0,-0.28031,-0.22162,False,False,17:-0.055(88.0) 18:-0.303(123.0) 19:-0.344(116.0) 20:-0.398(135.0) 21:-0.434(127.0) 22:-0.398(137.0) 23:-0.395(113.0) 24:-0.354(132.0) 25:-0.303(110.0) 26:-0.305(98.0),2017-03-23,2026-10-07,,745,-0.24285,430,-0.49381,4,-1.6055,-399.68,573.69,-289.86,443.39,-109.82,130.3,-330.49
dt,XPTUSD,metal,False,london24,M5,5,k=0.3,0.3,False,False,M5,2444,1953,0.7991,-0.14953,-10.745,0.37583,-0.014457,0.13507,1345,-0.13848,608,-0.17397,2025,-0.29864,0,-0.13293,-0.11634,False,False,17:-0.121(142.0) 18:-0.143(200.0) 19:-0.099(186.0) 20:-0.251(219.0) 21:-0.055(199.0) 22:-0.149(198.0) 23:-0.131(201.0) 24:-0.055(199.0) 25:-0.299(254.0) 26:-0.122(155.0),2017-04-11,2026-10-08,0.0025602,,,,,,,-292.03,781.93,-186.26,541.04,-105.77,240.89,-259.62
dt,XPTUSD,metal,False,london24,M5,5,k=0.5,0.5,False,False,M5,2444,897,0.36702,-0.079643,-6.2523,0.35674,0.0024914,0.082134,627,-0.075602,270,-0.089027,2025,-0.15822,0.1,-0.080935,-0.082227,True,False,17:-0.089(70.0) 18:-0.107(93.0) 19:+0.017(75.0) 20:-0.122(107.0) 21:-0.025(88.0) 22:-0.119(103.0) 23:-0.055(91.0) 24:-0.040(95.0) 25:-0.158(100.0) 26:-0.059(75.0),2017-04-11,2026-10-07,0,,,,,,,-71.44,136.1,-47.403,97.552,-24.037,38.55,-72.599
dt,XPTUSD,metal,False,london24,M5,5,k=0.7,0.7,False,False,M5,2444,406,0.16612,-0.062975,-4.1801,0.37192,0.0015382,0.064513,291,-0.065056,115,-0.05771,2022,-0.15975,0.1,-0.064999,-0.067023,True,False,17:-0.103(36.0) 18:-0.035(44.0) 19:+0.108(31.0) 20:-0.072(49.0) 21:-0.084(46.0) 22:-0.160(42.0) 23:-0.068(43.0) 24:-0.035(40.0) 25:-0.081(43.0) 26:-0.056(32.0),2017-04-20,2026-10-07,0,,,,,,,-25.568,38.931,-18.931,28.344,-6.6366,10.587,-26.39
rb,XPTUSD,metal,False,london24,M5,5,RB,0,False,False,M5,2444,683,0.27946,-0.21159,-7.2756,0.32064,-0.029357,0.18223,498,-0.18512,185,-0.28285,2026,-0.42491,0,-0.18388,-0.15618,False,False,17:-0.166(69.0) 18:-0.097(55.0) 19:-0.035(77.0) 20:-0.136(68.0) 21:-0.381(95.0) 22:-0.262(71.0) 23:-0.137(63.0) 24:-0.201(66.0) 25:-0.223(57.0) 26:-0.425(62.0),2017-04-07,2026-10-07,,288,-0.065083,394,-0.31668,1,-1.0009,-144.52,424.54,-92.188,295.72,-52.328,128.82,-125.59
dt,XPTUSD,metal,False,london24,M15,15,k=0.3,0.3,False,False,M5,2444,1951,0.79828,-0.15639,-11.241,0.37109,-0.01334,0.14305,1343,-0.14874,608,-0.17328,2025,-0.29718,0,-0.14075,-0.12512,False,False,17:-0.126(142.0) 18:-0.144(200.0) 19:-0.101(186.0) 20:-0.254(218.0) 21:-0.114(198.0) 22:-0.150(198.0) 23:-0.132(201.0) 24:-0.055(199.0) 25:-0.297(254.0) 26:-0.122(155.0),2017-04-11,2026-10-08,0.0035879,,,,,,,-305.11,784.12,-199.76,542.66,-105.35,241.46,-274.61
dt,XPTUSD,metal,False,london24,M15,15,k=0.5,0.5,False,False,M5,2444,897,0.36702,-0.08466,-6.6571,0.35674,0.0024976,0.087157,627,-0.08313,270,-0.088213,2025,-0.15562,0.1,-0.085958,-0.087257,True,False,17:-0.093(70.0) 18:-0.108(93.0) 19:+0.014(75.0) 20:-0.130(107.0) 21:-0.061(88.0) 22:-0.121(103.0) 23:-0.055(91.0) 24:-0.041(95.0) 25:-0.156(100.0) 26:-0.058(75.0),2017-04-11,2026-10-07,0,,,,,,,-75.94,136.41,-52.122,98.097,-23.818,38.313,-77.104
dt,XPTUSD,metal,False,london24,M15,15,k=0.7,0.7,False,False,M5,2444,406,0.16612,-0.067183,-4.4951,0.36453,0.0015382,0.068721,291,-0.071134,115,-0.057184,2022,-0.16128,0.1,-0.069207,-0.071231,True,False,17:-0.103(36.0) 18:-0.037(44.0) 19:+0.108(31.0) 20:-0.074(49.0) 21:-0.114(46.0) 22:-0.161(42.0) 23:-0.072(43.0) 24:-0.034(40.0) 25:-0.080(43.0) 26:-0.055(32.0),2017-04-20,2026-10-07,0,,,,,,,-27.276,38.562,-20.7,28.367,-6.5762,10.195,-28.098
rb,XPTUSD,metal,False,london24,M15,15,RB,0,False,False,M5,2444,681,0.27864,-0.22826,-7.8401,0.31278,-0.033763,0.19449,496,-0.2068,185,-0.28579,2021,-0.44809,0,-0.19683,-0.1654,False,False,17:-0.172(69.0) 18:-0.120(54.0) 19:-0.041(77.0) 20:-0.155(68.0) 21:-0.448(94.0) 22:-0.262(71.0) 23:-0.155(63.0) 24:-0.216(66.0) 25:-0.219(57.0) 26:-0.421(62.0),2017-04-07,2026-10-07,,287,-0.07231,392,-0.33744,2,-1.2071,-155.44,428,-102.57,298.53,-52.871,129.47,-134.04
dt,XPTUSD,metal,False,london24,M30,30,k=0.3,0.3,False,False,M5,2444,1947,0.79664,-0.15666,-11.268,0.37031,-0.011703,0.14495,1341,-0.15124,606,-0.16864,2025,-0.28732,0,-0.14292,-0.12918,False,False,17:-0.132(142.0) 18:-0.145(200.0) 19:-0.102(186.0) 20:-0.253(217.0) 21:-0.125(197.0) 22:-0.149(198.0) 23:-0.134(201.0) 24:-0.056(199.0) 25:-0.287(252.0) 26:-0.120(155.0),2017-04-11,2026-10-08,0.0046225,,,,,,,-305.01,780.16,-202.81,542.2,-102.19,237.96,-278.26
dt,XPTUSD,metal,False,london24,M30,30,k=0.5,0.5,False,False,M5,2444,897,0.36702,-0.085949,-6.7642,0.35452,0.0025734,0.088523,627,-0.085696,270,-0.086537,2025,-0.15218,0.1,-0.087324,-0.088698,True,False,17:-0.094(70.0) 18:-0.108(93.0) 19:+0.012(75.0) 20:-0.135(107.0) 21:-0.071(88.0) 22:-0.120(103.0) 23:-0.056(91.0) 24:-0.041(95.0) 25:-0.152(100.0) 26:-0.057(75.0),2017-04-11,2026-10-07,0,,,,,,,-77.097,136.39,-53.732,98.403,-23.365,37.985,-78.329
dt,XPTUSD,metal,False,london24,M30,30,k=0.7,0.7,False,False,M5,2444,406,0.16612,-0.067878,-4.5406,0.36207,0.0015382,0.069416,291,-0.072933,115,-0.055087,2022,-0.1622,0.1,-0.069902,-0.071926,True,False,17:-0.103(36.0) 18:-0.036(44.0) 19:+0.107(31.0) 20:-0.077(49.0) 21:-0.121(46.0) 22:-0.162(42.0) 23:-0.072(43.0) 24:-0.035(40.0) 25:-0.075(43.0) 26:-0.054(32.0),2017-04-20,2026-10-07,0,,,,,,,-27.558,38.616,-21.223,28.468,-6.335,10.149,-28.38
rb,XPTUSD,metal,False,london24,M30,30,RB,0,False,False,M5,2444,676,0.2766,-0.24032,-8.2153,0.31213,-0.044187,0.19613,491,-0.21471,185,-0.30827,2021,-0.45028,0,-0.19894,-0.15757,False,False,17:-0.176(69.0) 18:-0.122(54.0) 19:-0.080(77.0) 20:-0.159(68.0) 21:-0.450(90.0) 22:-0.253(70.0) 23:-0.182(63.0) 24:-0.261(66.0) 25:-0.218(57.0) 26:-0.442(62.0),2017-04-07,2026-10-07,,286,-0.072256,387,-0.357,3,-1.2092,-162.45,429.49,-105.42,299.6,-57.03,129.89,-134.49
dt,XPTUSD,metal,False,london24,H1,60,k=0.3,0.3,False,True,M5,2444,1890,0.77332,-0.15608,-11.466,0.36561,-0.0095976,0.14648,1297,-0.15076,593,-0.16771,2025,-0.28313,0,-0.14491,-0.13375,False,False,17:-0.118(135.0) 18:-0.141(196.0) 19:-0.102(176.0) 20:-0.266(211.0) 21:-0.122(191.0) 22:-0.145(193.0) 23:-0.136(195.0) 24:-0.071(196.0) 25:-0.283(245.0) 26:-0.106(152.0),2017-04-11,2026-10-08,0.0074074,,,,,,,-294.99,707.62,-195.53,489.97,-99.45,217.65,-273.88
dt,XPTUSD,metal,False,london24,H1,60,k=0.5,0.5,False,True,M5,2444,860,0.35188,-0.089203,-7.1116,0.35,0.00092086,0.090124,600,-0.089637,260,-0.088203,2025,-0.15903,0.1,-0.088957,-0.088711,False,False,17:-0.107(68.0) 18:-0.109(90.0) 19:+0.007(69.0) 20:-0.156(102.0) 21:-0.067(85.0) 22:-0.112(98.0) 23:-0.052(88.0) 24:-0.047(90.0) 25:-0.159(98.0) 26:-0.043(72.0),2017-04-11,2026-10-07,0.0023256,,,,,,,-76.715,123.07,-53.782,88.986,-22.933,34.088,-76.503
dt,XPTUSD,metal,False,london24,H1,60,k=0.7,0.7,False,True,M5,2444,375,0.15344,-0.074256,-4.8901,0.336,-0.0026549,0.071602,272,-0.077696,103,-0.065174,2022,-0.1479,0.1,-0.072162,-0.070067,False,False,17:-0.113(32.0) 18:-0.054(43.0) 19:+0.083(28.0) 20:-0.088(47.0) 21:-0.114(43.0) 22:-0.148(40.0) 23:-0.064(39.0) 24:-0.042(32.0) 25:-0.101(40.0) 26:-0.043(31.0),2017-04-20,2026-10-07,0,,,,,,,-27.846,34.408,-21.133,25.087,-6.7129,9.3205,-27.061
rb,XPTUSD,metal,False,london24,H1,60,RB,0,False,True,M5,2444,615,0.25164,-0.27615,-9.1416,0.30407,-0.076062,0.20009,443,-0.25868,172,-0.32116,2026,-0.41969,0,-0.20071,-0.12527,False,False,17:-0.319(63.0) 18:-0.111(53.0) 19:-0.173(64.0) 20:-0.230(60.0) 21:-0.378(79.0) 22:-0.315(64.0) 23:-0.228(60.0) 24:-0.313(59.0) 25:-0.219(53.0) 26:-0.420(60.0),2017-04-07,2026-10-07,,260,-0.088296,353,-0.40913,2,-1.2268,-169.83,391.48,-114.59,273.11,-55.239,118.37,-123.44
dt,XPTUSD,metal,False,us_cash,M5,5,k=0.3,0.3,False,False,M5,2365,1260,0.53277,-0.15737,-11.259,0.32222,-0.0112,0.14617,923,-0.17405,337,-0.11169,2020,-0.31591,0,-0.1495,-0.14164,False,False,17:-0.178(111.0) 18:-0.172(135.0) 19:-0.000(128.0) 20:-0.316(149.0) 21:-0.110(140.0) 22:-0.272(129.0) 23:-0.152(131.0) 24:-0.095(114.0) 25:-0.115(133.0) 26:-0.129(90.0),2017-04-11,2026-10-07,0.0015873,,,,,,,-198.28,341.09,-160.65,256.61,-37.638,84.479,-188.37
dt,XPTUSD,metal,False,us_cash,M5,5,k=0.5,0.5,False,False,M5,2365,458,0.19366,-0.091206,-6.2101,0.34279,0.0086125,0.099818,339,-0.10097,119,-0.063398,2020,-0.20942,0.1,-0.099586,-0.10797,True,False,17:-0.138(40.0) 18:-0.066(48.0) 19:+0.047(52.0) 20:-0.209(52.0) 21:-0.083(50.0) 22:-0.154(48.0) 23:-0.113(49.0) 24:-0.080(39.0) 25:-0.066(50.0) 26:-0.037(30.0),2017-04-11,2026-10-07,0,,,,,,,-41.772,48.957,-34.228,36.421,-7.5443,12.536,-45.61
dt,XPTUSD,metal,False,us_cash,M5,5,k=0.7,0.7,False,False,M5,2365,188,0.079493,-0.078058,-4.2254,0.32447,-0.0043552,0.073703,132,-0.081924,56,-0.068946,2017,-0.21211,0.1,-0.074141,-0.070223,False,False,17:-0.212(17.0) 18:-0.024(16.0) 19:+0.052(24.0) 20:-0.144(18.0) 21:-0.098(24.0) 22:-0.091(14.0) 23:-0.098(19.0) 24:-0.089(13.0) 25:-0.058(28.0) 26:-0.072(15.0),2017-05-01,2026-10-02,0,,,,,,,-14.675,13.143,-10.814,9.5743,-3.861,3.5689,-13.938
rb,XPTUSD,metal,False,us_cash,M5,5,RB,0,False,False,M5,2365,1273,0.53827,-0.2453,-13.838,0.32207,-0.056256,0.18905,885,-0.24851,388,-0.23798,2020,-0.34876,0,-0.1926,-0.1399,False,False,17:-0.151(89.0) 18:-0.276(130.0) 19:-0.080(130.0) 20:-0.349(130.0) 21:-0.310(150.0) 22:-0.306(128.0) 23:-0.228(128.0) 24:-0.304(154.0) 25:-0.262(126.0) 26:-0.115(108.0),2017-04-05,2026-10-07,,770,-0.12903,502,-0.42215,1,-1.0014,-312.27,585.43,-219.93,410.67,-92.337,174.76,-245.18
dt,XPTUSD,metal,False,us_cash,M15,15,k=0.3,0.3,False,False,M5,2365,1257,0.5315,-0.1629,-11.779,0.30708,-0.0088393,0.15406,921,-0.18282,336,-0.1083,2020,-0.31923,0,-0.1574,-0.15191,False,False,17:-0.180(111.0) 18:-0.175(135.0) 19:-0.007(128.0) 20:-0.319(149.0) 21:-0.158(139.0) 22:-0.276(129.0) 23:-0.145(130.0) 24:-0.095(114.0) 25:-0.106(132.0) 26:-0.129(90.0),2017-04-11,2026-10-07,0.0047733,,,,,,,-204.77,335.34,-168.38,254.63,-36.388,80.708,-197.86
dt,XPTUSD,metal,False,us_cash,M15,15,k=0.5,0.5,False,False,M5,2365,458,0.19366,-0.096188,-6.5655,0.32969,0.0086133,0.1048,339,-0.10811,119,-0.062237,2020,-0.20739,0.1,-0.10457,-0.11295,True,False,17:-0.142(40.0) 18:-0.066(48.0) 19:+0.043(52.0) 20:-0.207(52.0) 21:-0.124(50.0) 22:-0.154(48.0) 23:-0.115(49.0) 24:-0.081(39.0) 25:-0.064(50.0) 26:-0.035(30.0),2017-04-11,2026-10-07,0,,,,,,,-44.054,49.163,-36.648,36.522,-7.4062,12.641,-47.892
dt,XPTUSD,metal,False,us_cash,M15,15,k=0.7,0.7,False,False,M5,2365,188,0.079493,-0.081973,-4.4535,0.31383,-0.0043552,0.077618,132,-0.087827,56,-0.068175,2017,-0.21499,0.1,-0.078055,-0.074138,False,False,17:-0.215(17.0) 18:-0.027(16.0) 19:+0.052(24.0) 20:-0.147(18.0) 21:-0.123(24.0) 22:-0.091(14.0) 23:-0.098(19.0) 24:-0.091(13.0) 25:-0.057(28.0) 26:-0.069(15.0),2017-05-01,2026-10-02,0,,,,,,,-15.411,13.174,-11.593,9.6488,-3.8178,3.5253,-14.674
rb,XPTUSD,metal,False,us_cash,M15,15,RB,0,False,False,M5,2365,1269,0.53658,-0.25538,-14.639,0.31206,-0.060769,0.19461,882,-0.25401,387,-0.25849,2020,-0.35563,0,-0.19811,-0.14085,False,False,17:-0.154(89.0) 18:-0.282(130.0) 19:-0.070(130.0) 20:-0.356(129.0) 21:-0.351(149.0) 22:-0.305(128.0) 23:-0.216(127.0) 24:-0.329(154.0) 25:-0.269(125.0) 26:-0.146(108.0),2017-04-05,2026-10-07,,769,-0.14002,499,-0.43111,1,-1.2776,-324.07,572.43,-224.04,399.72,-100.03,172.7,-251.41
dt,XPTUSD,metal,False,us_cash,M30,30,k=0.3,0.3,False,False,M5,2365,1256,0.53108,-0.16351,-11.832,0.30971,-0.0081266,0.15539,920,-0.18426,336,-0.10672,2020,-0.31976,0,-0.15886,-0.1542,False,False,17:-0.181(111.0) 18:-0.175(135.0) 19:-0.008(128.0) 20:-0.320(149.0) 21:-0.174(139.0) 22:-0.267(128.0) 23:-0.144(130.0) 24:-0.095(114.0) 25:-0.103(132.0) 26:-0.127(90.0),2017-04-11,2026-10-07,0.0055732,,,,,,,-205.37,334.61,-169.51,253.81,-35.858,80.8,-199.52
dt,XPTUSD,metal,False,us_cash,M30,30,k=0.5,0.5,False,False,M5,2365,458,0.19366,-0.098362,-6.7049,0.32969,0.0086169,0.10698,339,-0.11147,119,-0.061026,2020,-0.21308,0.1,-0.10675,-0.11513,True,False,17:-0.143(40.0) 18:-0.066(48.0) 19:+0.040(52.0) 20:-0.213(52.0) 21:-0.136(50.0) 22:-0.154(48.0) 23:-0.116(49.0) 24:-0.081(39.0) 25:-0.062(50.0) 26:-0.033(30.0),2017-04-11,2026-10-07,0,,,,,,,-45.05,49.477,-37.788,36.9,-7.2621,12.577,-48.89
dt,XPTUSD,metal,False,us_cash,M30,30,k=0.7,0.7,False,False,M5,2365,188,0.079493,-0.083511,-4.5409,0.30851,-0.004319,0.079192,132,-0.090224,56,-0.067687,2017,-0.21427,0.1,-0.079629,-0.075748,False,False,17:-0.214(17.0) 18:-0.027(16.0) 19:+0.049(24.0) 20:-0.145(18.0) 21:-0.130(24.0) 22:-0.096(14.0) 23:-0.102(19.0) 24:-0.091(13.0) 25:-0.057(28.0) 26:-0.068(15.0),2017-05-01,2026-10-02,0,,,,,,,-15.7,13.201,-11.91,9.6581,-3.7904,3.5433,-14.97
rb,XPTUSD,metal,False,us_cash,M30,30,RB,0,False,False,M5,2365,1252,0.52939,-0.24403,-14.242,0.3147,-0.051108,0.19292,872,-0.25134,380,-0.22726,2021,-0.33785,0,-0.19823,-0.15242,False,False,17:-0.165(88.0) 18:-0.304(130.0) 19:-0.087(129.0) 20:-0.336(127.0) 21:-0.338(145.0) 22:-0.307(128.0) 23:-0.184(125.0) 24:-0.305(151.0) 25:-0.255(123.0) 26:-0.084(106.0),2017-04-05,2026-10-07,,766,-0.13596,482,-0.40617,4,-1.4024,-305.53,534.38,-219.17,380.65,-86.359,153.74,-248.18
dt,XPTUSD,metal,False,us_cash,H1,60,k=0.3,0.3,False,True,M5,2365,1243,0.52558,-0.16502,-12.03,0.31295,-0.0092955,0.15573,914,-0.18551,329,-0.10811,2020,-0.31653,0,-0.15902,-0.15301,False,False,17:-0.196(111.0) 18:-0.174(134.0) 19:-0.004(128.0) 20:-0.317(146.0) 21:-0.176(139.0) 22:-0.260(127.0) 23:-0.156(129.0) 24:-0.089(112.0) 25:-0.116(131.0) 26:-0.121(86.0),2017-04-11,2026-10-07,0.010459,,,,,,,-205.12,324.34,-169.56,248.45,-35.569,75.89,-197.66
dt,XPTUSD,metal,False,us_cash,H1,60,k=0.5,0.5,False,True,M5,2365,451,0.1907,-0.10168,-6.9123,0.32151,0.0062328,0.10792,336,-0.11347,115,-0.067245,2020,-0.21513,0.1,-0.10731,-0.11294,True,False,17:-0.150(39.0) 18:-0.072(47.0) 19:+0.054(51.0) 20:-0.215(52.0) 21:-0.141(50.0) 22:-0.157(48.0) 23:-0.120(49.0) 24:-0.087(36.0) 25:-0.077(50.0) 26:-0.026(29.0),2017-04-11,2026-10-07,0,,,,,,,-45.859,48.582,-38.126,36.652,-7.7331,11.93,-48.398
dt,XPTUSD,metal,False,us_cash,H1,60,k=0.7,0.7,False,True,M5,2365,183,0.077378,-0.085801,-4.6109,0.28962,-0.0058652,0.079936,130,-0.092459,53,-0.069472,2017,-0.22741,0.1,-0.080315,-0.074829,False,False,17:-0.227(17.0) 18:-0.028(16.0) 19:+0.056(24.0) 20:-0.152(17.0) 21:-0.139(23.0) 22:-0.088(14.0) 23:-0.107(19.0) 24:-0.096(13.0) 25:-0.070(27.0) 26:-0.043(13.0),2017-05-01,2026-10-02,0,,,,,,,-15.702,12.88,-12.02,9.6674,-3.682,3.2126,-14.698
rb,XPTUSD,metal,False,us_cash,H1,60,RB,0,False,True,M5,2365,1203,0.50867,-0.22411,-13.999,0.32086,-0.04112,0.18299,842,-0.2321,361,-0.20548,2018,-0.34385,0,-0.18734,-0.15056,False,False,17:-0.123(85.0) 18:-0.344(126.0) 19:-0.093(124.0) 20:-0.319(124.0) 21:-0.273(138.0) 22:-0.259(124.0) 23:-0.172(121.0) 24:-0.273(143.0) 25:-0.218(116.0) 26:-0.096(102.0),2017-04-05,2026-10-07,,760,-0.15163,440,-0.34218,3,-1.2691,-269.61,431,-195.43,310.86,-74.178,120.14,-225.37
dt,XRPUSD,crypto,False,us_cash,M5,5,k=0.3,0.3,False,False,M5,2235,1024,0.45817,-0.90582,-11.352,0.26367,-0.0065453,0.89928,666,-1.3588,358,-0.063065,2019,-4.6127,0.22222,-0.88523,-0.86463,False,False,18:-1.990(118.0) 19:-4.613(95.0) 20:-1.970(115.0) 21:-0.071(95.0) 22:-0.082(118.0) 23:+0.088(125.0) 24:-0.118(133.0) 25:-0.078(130.0) 26:+0.034(95.0),2018-03-01,2026-10-08,0.038086,,,,,,,-927.56,7510.2,-904.99,7363.6,-22.577,146.6,-906.47
dt,XRPUSD,crypto,False,us_cash,M5,5,k=0.5,0.5,False,False,M5,2235,451,0.20179,-0.68078,-7.4215,0.22395,-0.036844,0.64393,297,-1.0137,154,-0.03872,2019,-3.2234,0.22222,-0.6251,-0.56941,False,False,18:-1.339(66.0) 19:-3.223(50.0) 20:-1.344(47.0) 21:-0.054(34.0) 22:-0.033(50.0) 23:+0.304(50.0) 24:-0.088(64.0) 25:-0.014(48.0) 26:+0.008(42.0),2018-03-01,2026-10-08,0.070953,,,,,,,-307.03,1916.8,-301.07,1882.5,-5.9629,34.305,-281.92
dt,XRPUSD,crypto,False,us_cash,M5,5,k=0.7,0.7,False,False,M5,2235,223,0.099776,-0.60824,-5.2169,0.20179,0.042777,0.65101,151,-0.88728,72,-0.023017,2019,-2.6171,0.22222,-0.61805,-0.62787,True,False,18:-1.283(23.0) 19:-2.617(32.0) 20:-1.239(24.0) 21:-0.050(18.0) 22:-0.066(25.0) 23:+0.399(29.0) 24:-0.084(33.0) 25:-0.019(19.0) 26:+0.073(20.0),2018-03-01,2026-10-02,0,,,,,,,-135.64,755.44,-133.98,743.9,-1.6572,11.537,-137.83
rb,XRPUSD,crypto,False,us_cash,M5,5,RB,0,False,False,M5,2235,1242,0.5557,-1.4192,-12.569,0.2649,0.018352,1.4375,851,-2.0317,391,-0.086002,2019,-5.5206,0.11111,-1.4359,-1.4526,True,False,18:-3.502(114.0) 19:-5.521(169.0) 20:-2.196(152.0) 21:-0.171(147.0) 22:-0.149(127.0) 23:-0.134(142.0) 24:-0.206(142.0) 25:+0.004(135.0) 26:-0.044(114.0),2018-02-28,2026-10-08,,844,-0.87637,398,-2.5702,0,,-1762.6,22151,-1729,21932,-33.627,218.88,-1783.3
dt,XRPUSD,crypto,False,us_cash,M15,15,k=0.3,0.3,False,False,M5,2235,1010,0.4519,-0.89401,-11.087,0.26733,0.019695,0.9137,652,-1.3502,358,-0.063148,2019,-4.6333,0.22222,-0.89847,-0.90292,True,False,18:-1.980(105.0) 19:-4.633(95.0) 20:-1.974(115.0) 21:-0.082(95.0) 22:-0.083(118.0) 23:+0.100(124.0) 24:-0.118(133.0) 25:-0.078(130.0) 26:+0.034(95.0),2018-03-01,2026-10-08,0.026733,,,,,,,-902.95,7433.9,-880.34,7287.3,-22.607,146.56,-907.45
dt,XRPUSD,crypto,False,us_cash,M15,15,k=0.5,0.5,False,False,M5,2235,437,0.19553,-0.66329,-7.0333,0.23341,0.0025321,0.66582,284,-1.001,153,-0.036465,2019,-3.2496,0.22222,-0.64409,-0.6249,False,False,18:-1.318(53.0) 19:-3.250(50.0) 20:-1.346(47.0) 21:-0.058(34.0) 22:-0.034(50.0) 23:+0.300(50.0) 24:-0.083(63.0) 25:-0.014(48.0) 26:+0.008(42.0),2018-03-01,2026-10-08,0.048055,,,,,,,-289.86,1886.8,-284.28,1852.6,-5.5791,34.168,-281.47
dt,XRPUSD,crypto,False,us_cash,M15,15,k=0.7,0.7,False,False,M5,2235,223,0.099776,-0.61382,-5.2371,0.20179,0.043667,0.65749,151,-0.89553,72,-0.023019,2019,-2.6536,0.22222,-0.62453,-0.63523,True,False,18:-1.279(23.0) 19:-2.654(32.0) 20:-1.244(24.0) 21:-0.048(18.0) 22:-0.067(25.0) 23:+0.396(29.0) 24:-0.084(33.0) 25:-0.019(19.0) 26:+0.073(20.0),2018-03-01,2026-10-02,0.0044843,,,,,,,-136.88,764.11,-135.23,752.58,-1.6574,11.537,-139.27
rb,XRPUSD,crypto,False,us_cash,M15,15,RB,0,False,False,M5,2235,1237,0.55347,-1.3697,-13.086,0.26597,0.018765,1.3885,847,-1.9535,390,-0.1017,2019,-5.2159,0,-1.3855,-1.4012,True,False,18:-3.486(114.0) 19:-5.216(168.0) 20:-2.173(151.0) 21:-0.160(146.0) 22:-0.132(126.0) 23:-0.091(142.0) 24:-0.222(141.0) 25:-0.025(135.0) 26:-0.044(114.0),2018-02-28,2026-10-08,,841,-0.87721,394,-2.4213,2,-1.2972,-1694.3,19072,-1654.6,18876,-39.665,195.77,-1713.8
dt,XRPUSD,crypto,False,us_cash,M30,30,k=0.3,0.3,False,False,M5,2235,999,0.44698,-0.88476,-10.909,0.27027,0.036435,0.9212,641,-1.3426,358,-0.065054,2019,-4.6258,0.22222,-0.90632,-0.92788,True,False,18:-1.983(95.0) 19:-4.626(95.0) 20:-1.986(115.0) 21:-0.073(94.0) 22:-0.083(118.0) 23:+0.099(124.0) 24:-0.118(133.0) 25:-0.078(130.0) 26:+0.027(95.0),2018-03-01,2026-10-08,0.021021,,,,,,,-883.88,7340.2,-860.59,7199.2,-23.289,141.02,-905.41
dt,XRPUSD,crypto,False,us_cash,M30,30,k=0.5,0.5,False,False,M5,2235,428,0.1915,-0.64368,-6.7388,0.23832,0.032811,0.67649,275,-0.98149,153,-0.036497,2019,-3.2401,0.22222,-0.6543,-0.66493,True,False,18:-1.272(44.0) 19:-3.240(50.0) 20:-1.346(47.0) 21:-0.059(34.0) 22:-0.034(50.0) 23:+0.300(50.0) 24:-0.083(63.0) 25:-0.014(48.0) 26:+0.008(42.0),2018-03-01,2026-10-08,0.028037,,,,,,,-275.49,1844.7,-269.91,1810.5,-5.5841,34.166,-280.04
dt,XRPUSD,crypto,False,us_cash,M30,30,k=0.7,0.7,False,False,M5,2235,223,0.099776,-0.61207,-5.2364,0.20179,0.043667,0.65574,151,-0.89292,72,-0.023064,2019,-2.6442,0.22222,-0.62277,-0.63348,True,False,18:-1.276(23.0) 19:-2.644(32.0) 20:-1.242(24.0) 21:-0.049(18.0) 22:-0.067(25.0) 23:+0.396(29.0) 24:-0.084(33.0) 25:-0.019(19.0) 26:+0.073(20.0),2018-03-01,2026-10-02,0.0044843,,,,,,,-136.49,759.92,-134.83,748.38,-1.6606,11.539,-138.88
rb,XRPUSD,crypto,False,us_cash,M30,30,RB,0,False,False,M5,2235,1225,0.5481,-1.3369,-13.276,0.26612,0.019023,1.3559,838,-1.907,387,-0.10243,2019,-5.0196,0,-1.3542,-1.3715,True,False,18:-3.520(113.0) 19:-5.020(165.0) 20:-2.125(150.0) 21:-0.150(145.0) 22:-0.132(125.0) 23:-0.107(140.0) 24:-0.228(140.0) 25:-0.016(135.0) 26:-0.050(112.0),2018-02-28,2026-10-08,,838,-0.86789,383,-2.273,4,-9.9594,-1637.7,17395,-1598.1,17181,-39.641,214.68,-1658.9
dt,XRPUSD,crypto,False,us_cash,H1,60,k=0.3,0.3,False,True,M5,2235,942,0.42148,-0.88974,-10.608,0.26539,0.045171,0.93491,603,-1.3531,339,-0.065545,2019,-4.7356,0.22222,-0.91926,-0.94878,True,False,18:-1.964(82.0) 19:-4.736(92.0) 20:-1.955(110.0) 21:-0.083(92.0) 22:-0.080(114.0) 23:+0.112(113.0) 24:-0.101(124.0) 25:-0.087(121.0) 26:+0.008(94.0),2018-03-01,2026-10-08,0.02017,,,,,,,-838.13,6981.4,-815.91,6855.8,-22.22,125.57,-865.94
dt,XRPUSD,crypto,False,us_cash,H1,60,k=0.5,0.5,False,True,M5,2235,397,0.17763,-0.61337,-6.2796,0.23426,0.048457,0.66183,251,-0.95155,146,-0.031977,2019,-3.1648,0.22222,-0.63949,-0.66562,True,False,18:-1.201(38.0) 19:-3.165(46.0) 20:-1.326(44.0) 21:-0.075(33.0) 22:-0.011(43.0) 23:+0.290(47.0) 24:-0.081(60.0) 25:-0.022(45.0) 26:+0.029(41.0),2018-03-01,2026-10-08,0.020151,,,,,,,-243.51,1649.3,-238.84,1614.4,-4.6687,34.831,-253.88
dt,XRPUSD,crypto,False,us_cash,H1,60,k=0.7,0.7,False,True,M5,2235,207,0.092617,-0.61121,-5.0893,0.20773,0.053824,0.66503,138,-0.91531,69,-0.0030043,2019,-2.6627,0.22222,-0.63508,-0.65896,True,False,18:-1.222(23.0) 19:-2.663(29.0) 20:-1.248(24.0) 21:-0.044(14.0) 22:-0.050(23.0) 23:+0.430(25.0) 24:-0.069(31.0) 25:-0.008(19.0) 26:+0.109(19.0),2018-03-01,2026-10-02,0.0048309,,,,,,,-126.52,692.37,-126.31,680.83,-0.2073,11.541,-131.46
rb,XRPUSD,crypto,False,us_cash,H1,60,RB,0,False,True,M5,2235,1183,0.52931,-1.3127,-13.848,0.26374,-0.0033112,1.3094,814,-1.8459,369,-0.13653,2019,-5.0095,0,-1.3116,-1.3104,False,False,18:-3.249(111.0) 19:-5.009(160.0) 20:-1.961(145.0) 21:-0.155(142.0) 22:-0.149(121.0) 23:-0.119(135.0) 24:-0.232(135.0) 25:-0.116(126.0) 26:-0.041(108.0),2018-02-28,2026-10-08,,821,-0.87773,355,-2.2665,7,-3.9638,-1553,14605,-1502.6,14441,-50.379,163.37,-1551.6
dt,XRPUSD,crypto,False,london24,M5,5,k=0.3,0.3,False,False,M5,2671,1754,0.65668,-0.61638,-16.955,0.28164,-0.010239,0.60614,1140,-0.89623,614,-0.096802,2019,-3.0769,0,-0.6054,-0.59442,False,False,18:-1.326(166.0) 19:-3.077(160.0) 20:-1.300(175.0) 21:-0.046(193.0) 22:-0.167(217.0) 23:-0.161(229.0) 24:-0.154(218.0) 25:-0.115(212.0) 26:-0.008(184.0),2018-02-27,2026-10-08,0.026796,,,,,,,-1081.1,4730,-1021.7,4382.8,-59.437,347.24,-1061.9
dt,XRPUSD,crypto,False,london24,M5,5,k=0.5,0.5,False,False,M5,2671,829,0.31037,-0.41976,-11.392,0.2883,0.0080158,0.42777,535,-0.62043,294,-0.05459,2019,-2.1076,0.22222,-0.43355,-0.44733,True,False,18:-0.997(63.0) 19:-2.108(77.0) 20:-0.894(84.0) 21:+0.011(88.0) 22:-0.152(104.0) 23:-0.142(119.0) 24:-0.134(118.0) 25:-0.032(86.0) 26:+0.028(90.0),2018-02-28,2026-10-08,0.0012063,,,,,,,-347.98,1078,-331.93,994.27,-16.049,83.744,-359.41
dt,XRPUSD,crypto,False,london24,M5,5,k=0.7,0.7,False,False,M5,2671,437,0.16361,-0.3219,-8.0399,0.2746,0.016391,0.33829,277,-0.47975,160,-0.048617,2019,-1.5368,0.11111,-0.34883,-0.37576,True,False,18:-0.812(34.0) 19:-1.537(43.0) 20:-0.702(40.0) 21:-0.022(48.0) 22:-0.098(46.0) 23:-0.084(66.0) 24:-0.142(70.0) 25:-0.016(48.0) 26:+0.070(42.0),2018-03-01,2026-10-07,0.0022883,,,,,,,-140.67,350.7,-132.89,319.72,-7.7787,30.987,-152.44
rb,XRPUSD,crypto,False,london24,M5,5,RB,0,False,False,M5,2671,1130,0.42306,-0.85763,-12.59,0.26726,0.0082161,0.86584,734,-1.2338,396,-0.16043,2019,-4.1796,0,-0.86784,-0.87805,True,False,18:-1.837(96.0) 19:-4.180(117.0) 20:-1.607(98.0) 21:-0.126(111.0) 22:-0.170(147.0) 23:-0.265(165.0) 24:-0.262(160.0) 25:-0.033(127.0) 26:-0.160(109.0),2018-03-05,2026-10-07,,631,-0.60613,499,-1.1756,0,,-969.12,6751.5,-905.59,6467.4,-63.531,284.17,-980.65
dt,XRPUSD,crypto,False,london24,M15,15,k=0.3,0.3,False,False,M5,2671,1731,0.64807,-0.6091,-16.569,0.28538,0.0043793,0.61347,1119,-0.89049,612,-0.094584,2019,-3.0755,0,-0.61342,-0.61774,True,False,18:-1.335(149.0) 19:-3.076(158.0) 20:-1.303(175.0) 21:-0.055(192.0) 22:-0.170(217.0) 23:-0.158(228.0) 24:-0.148(216.0) 25:-0.115(212.0) 26:-0.008(184.0),2018-02-27,2026-10-08,0.021375,,,,,,,-1054.3,4689.3,-996.46,4343.3,-57.886,346.03,-1061.8
dt,XRPUSD,crypto,False,london24,M15,15,k=0.5,0.5,False,False,M5,2671,828,0.31,-0.41898,-11.384,0.28744,0.0087895,0.42777,534,-0.61958,294,-0.054625,2019,-2.1026,0.22222,-0.43467,-0.45035,True,False,18:-1.001(63.0) 19:-2.103(76.0) 20:-0.896(84.0) 21:+0.001(88.0) 22:-0.153(104.0) 23:-0.142(119.0) 24:-0.135(118.0) 25:-0.032(86.0) 26:+0.028(90.0),2018-02-28,2026-10-08,0.0024155,,,,,,,-346.91,1072.9,-330.86,989.18,-16.06,83.736,-359.9
dt,XRPUSD,crypto,False,london24,M15,15,k=0.7,0.7,False,False,M5,2671,437,0.16361,-0.32399,-8.0774,0.27689,0.016318,0.34031,277,-0.48306,160,-0.048614,2019,-1.5502,0.11111,-0.35085,-0.37771,True,False,18:-0.811(34.0) 19:-1.550(43.0) 20:-0.702(40.0) 21:-0.029(48.0) 22:-0.098(46.0) 23:-0.085(66.0) 24:-0.142(70.0) 25:-0.016(48.0) 26:+0.070(42.0),2018-03-01,2026-10-07,0.0045767,,,,,,,-141.58,352.42,-133.81,321.42,-7.7782,30.991,-153.32
rb,XRPUSD,crypto,False,london24,M15,15,RB,0,False,False,M5,2671,1125,0.42119,-0.85408,-12.853,0.26578,0.0043891,0.85847,730,-1.2243,395,-0.16993,2019,-4.0942,0,-0.86169,-0.8693,True,False,18:-1.832(96.0) 19:-4.094(117.0) 20:-1.626(98.0) 21:-0.093(109.0) 22:-0.172(147.0) 23:-0.271(163.0) 24:-0.289(160.0) 25:-0.032(127.0) 26:-0.156(108.0),2018-03-05,2026-10-07,,628,-0.61049,497,-1.1619,0,,-960.84,6404.3,-893.71,6120.1,-67.124,284.27,-969.4
dt,XRPUSD,crypto,False,london24,M30,30,k=0.3,0.3,False,False,M5,2671,1718,0.6432,-0.60718,-16.341,0.28696,0.011157,0.61833,1110,-0.88949,608,-0.09176,2019,-3.0862,0,-0.61746,-0.62774,True,False,18:-1.347(142.0) 19:-3.086(158.0) 20:-1.303(175.0) 21:-0.042(190.0) 22:-0.169(217.0) 23:-0.157(228.0) 24:-0.149(215.0) 25:-0.112(211.0) 26:-0.000(182.0),2018-02-27,2026-10-08,0.022701,,,,,,,-1043.1,4706,-987.34,4361.7,-55.79,344.31,-1060.8
dt,XRPUSD,crypto,False,london24,M30,30,k=0.5,0.5,False,False,M5,2671,827,0.30962,-0.4203,-11.338,0.28779,0.0091996,0.4295,534,-0.62104,293,-0.054435,2019,-2.1157,0.22222,-0.43659,-0.45289,True,False,18:-1.002(63.0) 19:-2.116(76.0) 20:-0.896(84.0) 21:+0.004(88.0) 22:-0.153(104.0) 23:-0.142(119.0) 24:-0.135(117.0) 25:-0.032(86.0) 26:+0.028(90.0),2018-02-28,2026-10-08,0.0036276,,,,,,,-347.59,1084.8,-331.64,1001.1,-15.95,83.723,-361.06
dt,XRPUSD,crypto,False,london24,M30,30,k=0.7,0.7,False,False,M5,2671,437,0.16361,-0.32358,-8.0682,0.2746,0.016842,0.34042,277,-0.48241,160,-0.048598,2019,-1.5497,0.11111,-0.35096,-0.37834,True,False,18:-0.810(34.0) 19:-1.550(43.0) 20:-0.704(40.0) 21:-0.024(48.0) 22:-0.098(46.0) 23:-0.085(66.0) 24:-0.142(70.0) 25:-0.016(48.0) 26:+0.070(42.0),2018-03-01,2026-10-07,0.0045767,,,,,,,-141.4,352.22,-133.63,321.23,-7.7757,30.992,-153.37
rb,XRPUSD,crypto,False,london24,M30,30,RB,0,False,False,M5,2671,1124,0.42082,-0.84598,-12.728,0.26335,-0.0010624,0.84491,729,-1.2108,395,-0.1726,2019,-4.051,0,-0.85085,-0.85572,True,False,18:-1.833(96.0) 19:-4.051(117.0) 20:-1.587(98.0) 21:-0.072(108.0) 22:-0.172(147.0) 23:-0.271(163.0) 24:-0.299(160.0) 25:-0.032(127.0) 26:-0.150(108.0),2018-03-05,2026-10-07,,629,-0.62104,493,-1.131,2,-1.3282,-950.88,6381.1,-882.7,6099,-68.175,282.11,-956.35
dt,XRPUSD,crypto,False,london24,H1,60,k=0.3,0.3,False,True,M5,2671,1649,0.61737,-0.6287,-16.867,0.28563,-0.0058391,0.62286,1065,-0.91456,584,-0.10739,2019,-3.1147,0,-0.62577,-0.62283,False,False,18:-1.386(130.0) 19:-3.115(155.0) 20:-1.300(166.0) 21:-0.076(184.0) 22:-0.172(212.0) 23:-0.206(218.0) 24:-0.176(210.0) 25:-0.116(202.0) 26:-0.013(172.0),2018-02-27,2026-10-07,0.022438,,,,,,,-1036.7,4427.5,-974.01,4164.5,-62.718,263.07,-1031.9
dt,XRPUSD,crypto,False,london24,H1,60,k=0.5,0.5,False,True,M5,2671,781,0.2924,-0.4501,-12.049,0.26248,-0.013081,0.43702,505,-0.65619,276,-0.073029,2019,-2.173,0.11111,-0.45113,-0.45216,True,False,18:-1.009(61.0) 19:-2.173(72.0) 20:-0.949(79.0) 21:-0.018(82.0) 22:-0.162(98.0) 23:-0.186(113.0) 24:-0.152(112.0) 25:-0.043(83.0) 26:+0.005(81.0),2018-02-28,2026-10-07,0.0051216,,,,,,,-351.53,1008.3,-331.38,950.32,-20.156,57.994,-352.34
dt,XRPUSD,crypto,False,london24,H1,60,k=0.7,0.7,False,True,M5,2671,404,0.15125,-0.35966,-8.8362,0.28713,-0.0087038,0.35096,254,-0.52986,150,-0.071466,2019,-1.6207,0.11111,-0.36754,-0.37541,True,False,18:-0.859(34.0) 19:-1.621(39.0) 20:-0.756(36.0) 21:-0.048(43.0) 22:-0.101(41.0) 23:-0.144(61.0) 24:-0.166(63.0) 25:-0.023(47.0) 26:+0.020(40.0),2018-03-01,2026-10-07,0.0049505,,,,,,,-145.3,322,-134.58,301.91,-10.72,20.093,-148.48
rb,XRPUSD,crypto,False,london24,H1,60,RB,0,False,True,M5,2671,1072,0.40135,-0.85475,-13.452,0.26026,-0.023201,0.83155,699,-1.2055,373,-0.19746,2019,-3.9028,0,-0.84498,-0.8352,False,False,18:-1.914(92.0) 19:-3.903(110.0) 20:-1.629(96.0) 21:-0.066(106.0) 22:-0.183(139.0) 23:-0.310(156.0) 24:-0.332(155.0) 25:-0.011(117.0) 26:-0.208(101.0),2018-03-05,2026-10-07,,605,-0.66186,463,-1.101,4,-1.5319,-916.3,5418.8,-842.64,5196.9,-73.651,221.9,-905.81
dt,ZM,stock,False,us_cash,M5,5,k=0.3,0.3,False,False,M5,1285,925,0.71984,-0.041929,-2.1394,0.46054,-0.0011015,0.040828,460,-0.040228,465,-0.043612,2025,-0.085247,0.16667,-0.039454,-0.036979,False,False,21:-0.040(72.0) 22:-0.063(190.0) 23:-0.018(198.0) 24:+0.008(168.0) 25:-0.085(166.0) 26:-0.057(131.0),2021-08-06,2026-10-08,0.0021622,,,,,,,-38.785,329.93,-18.505,141.32,-20.28,188.61,-36.495
dt,ZM,stock,False,us_cash,M5,5,k=0.5,0.5,False,False,M5,1285,438,0.34086,-0.026415,-1.4582,0.47489,-0.0017039,0.024712,220,-0.036659,218,-0.016078,2022,-0.072839,0.33333,-0.023483,-0.020551,False,False,21:-0.053(34.0) 22:-0.073(89.0) 23:+0.002(97.0) 24:-0.003(76.0) 25:-0.043(81.0) 26:+0.004(61.0),2021-08-10,2026-10-08,0,,,,,,,-11.57,63.116,-8.065,24.069,-3.5049,39.047,-10.286
dt,ZM,stock,False,us_cash,M5,5,k=0.7,0.7,False,False,M5,1285,205,0.15953,-0.031395,-1.5113,0.41463,-0.012696,0.018699,92,-0.037151,113,-0.02671,2022,-0.059574,0.33333,-0.01752,-0.0036438,False,False,21:+0.029(11.0) 22:-0.060(37.0) 23:-0.035(44.0) 24:-0.056(44.0) 25:-0.040(41.0) 26:+0.038(28.0),2021-08-26,2026-10-08,0,,,,,,,-6.4361,18.249,-3.4179,5.1475,-3.0182,13.102,-3.5915
rb,ZM,stock,False,us_cash,M5,5,RB,0,False,False,M5,1285,421,0.32763,-0.00079255,-0.020688,0.47031,0.054811,0.055604,177,0.068903,244,-0.051351,2026,-0.17379,0.66667,-0.040923,-0.081054,True,False,21:+0.095(34.0) 22:+0.099(70.0) 23:+0.028(73.0) 24:+0.124(88.0) 25:-0.131(85.0) 26:-0.174(71.0),2021-08-04,2026-10-08,,196,-0.05002,225,0.04209,0,,-0.33367,259.5,12.196,125.47,-12.53,134.03,-17.229
dt,ZM,stock,False,us_cash,M15,15,k=0.3,0.3,False,False,M5,1285,924,0.71907,-0.041834,-2.1265,0.46212,-0.00067446,0.04116,459,-0.037889,465,-0.045728,2025,-0.085524,0.16667,-0.038642,-0.035449,False,False,21:-0.041(72.0) 22:-0.065(190.0) 23:-0.011(197.0) 24:+0.003(168.0) 25:-0.086(166.0) 26:-0.058(131.0),2021-08-06,2026-10-08,0.0054113,,,,,,,-38.655,331.68,-17.391,140.44,-21.263,191.25,-35.705
dt,ZM,stock,False,us_cash,M15,15,k=0.5,0.5,False,False,M5,1285,438,0.34086,-0.026776,-1.478,0.47489,-0.0017039,0.025072,220,-0.036747,218,-0.016713,2022,-0.073059,0.33333,-0.023844,-0.020912,False,False,21:-0.053(34.0) 22:-0.073(89.0) 23:+0.002(97.0) 24:-0.003(76.0) 25:-0.045(81.0) 26:+0.003(61.0),2021-08-10,2026-10-08,0,,,,,,,-11.728,63.134,-8.0844,24.117,-3.6435,39.018,-10.444
dt,ZM,stock,False,us_cash,M15,15,k=0.7,0.7,False,False,M5,1285,205,0.15953,-0.031594,-1.5225,0.40976,-0.012621,0.018973,92,-0.037512,113,-0.026776,2022,-0.059783,0.33333,-0.017794,-0.0039929,False,False,21:+0.028(11.0) 22:-0.060(37.0) 23:-0.035(44.0) 24:-0.055(44.0) 25:-0.040(41.0) 26:+0.038(28.0),2021-08-26,2026-10-08,0,,,,,,,-6.4768,18.214,-3.4511,5.1522,-3.0257,13.062,-3.6477
rb,ZM,stock,False,us_cash,M15,15,RB,0,False,False,M5,1285,416,0.32374,-0.013652,-0.36434,0.46394,0.039058,0.052709,175,0.061795,241,-0.068436,2025,-0.17103,0.66667,-0.033878,-0.054104,True,False,21:+0.091(34.0) 22:+0.083(70.0) 23:+0.027(71.0) 24:+0.076(88.0) 25:-0.171(84.0) 26:-0.127(69.0),2021-08-04,2026-10-08,,195,-0.053469,220,0.026195,1,-1.0156,-5.6791,242.46,10.814,117.95,-16.493,124.51,-14.093
dt,ZM,stock,False,us_cash,M30,30,k=0.3,0.3,False,False,M5,1285,924,0.71907,-0.043727,-2.2181,0.46212,-0.0031026,0.040624,459,-0.039959,465,-0.047446,2025,-0.085779,0.16667,-0.038767,-0.033807,False,False,21:-0.041(72.0) 22:-0.067(190.0) 23:-0.014(197.0) 24:+0.000(168.0) 25:-0.086(166.0) 26:-0.060(131.0),2021-08-06,2026-10-08,0.011905,,,,,,,-40.404,333.2,-18.341,140.78,-22.063,192.42,-35.821
dt,ZM,stock,False,us_cash,M30,30,k=0.5,0.5,False,False,M5,1285,438,0.34086,-0.026915,-1.4863,0.47032,-0.001929,0.024986,220,-0.036414,218,-0.017329,2022,-0.072694,0.33333,-0.023758,-0.020601,False,False,21:-0.053(34.0) 22:-0.073(89.0) 23:+0.003(97.0) 24:-0.003(76.0) 25:-0.045(81.0) 26:+0.001(61.0),2021-08-10,2026-10-08,0.0022831,,,,,,,-11.789,63.082,-8.0111,24.111,-3.7778,38.972,-10.406
dt,ZM,stock,False,us_cash,M30,30,k=0.7,0.7,False,False,M5,1285,205,0.15953,-0.031426,-1.513,0.40488,-0.012603,0.018824,92,-0.03737,113,-0.026587,2022,-0.05979,0.33333,-0.017644,-0.0038616,False,False,21:+0.028(11.0) 22:-0.060(37.0) 23:-0.035(44.0) 24:-0.055(44.0) 25:-0.040(41.0) 26:+0.038(28.0),2021-08-26,2026-10-08,0,,,,,,,-6.4424,18.244,-3.438,5.165,-3.0043,13.079,-3.617
rb,ZM,stock,False,us_cash,M30,30,RB,0,False,False,M5,1285,413,0.3214,-0.042727,-1.2371,0.46247,0.006457,0.049184,175,-0.0056857,238,-0.069963,2025,-0.13326,0.5,-0.048815,-0.054903,True,False,21:+0.016(34.0) 22:+0.037(70.0) 23:-0.058(71.0) 24:+0.035(87.0) 25:-0.133(83.0) 26:-0.127(68.0),2021-08-04,2026-10-08,,196,-0.060969,217,-0.02625,0,,-17.646,203.74,-0.995,98.554,-16.651,105.19,-20.16
dt,ZM,stock,False,us_cash,H1,60,k=0.3,0.3,False,True,M5,1285,884,0.68794,-0.023129,-1.1662,0.46267,0.016434,0.039563,443,-0.03271,441,-0.013504,2022,-0.072406,0.33333,-0.037211,-0.051293,True,False,21:-0.024(69.0) 22:-0.072(182.0) 23:+0.002(192.0) 24:+0.043(154.0) 25:-0.047(158.0) 26:-0.040(129.0),2021-08-06,2026-10-08,0.027149,,,,,,,-20.446,307.52,-14.491,121.76,-5.9551,185.76,-32.894
dt,ZM,stock,False,us_cash,H1,60,k=0.5,0.5,False,True,M5,1285,407,0.31673,-0.0091333,-0.48242,0.48403,0.016206,0.02534,205,-0.032741,202,0.014825,2022,-0.074663,0.5,-0.022729,-0.036324,True,False,21:-0.014(29.0) 22:-0.075(85.0) 23:+0.001(91.0) 24:+0.042(69.0) 25:-0.012(76.0) 26:+0.018(57.0),2021-08-11,2026-10-08,0.004914,,,,,,,-3.7172,59.262,-6.7119,20.565,2.9947,38.697,-9.2506
dt,ZM,stock,False,us_cash,H1,60,k=0.7,0.7,False,True,M5,1285,185,0.14397,-0.01563,-0.69317,0.43784,0.00393,0.01956,81,-0.042941,104,0.0056412,2022,-0.092603,0.33333,-0.017808,-0.019985,True,False,21:+0.061(11.0) 22:-0.093(29.0) 23:-0.036(41.0) 24:-0.011(40.0) 25:-0.014(39.0) 26:+0.063(25.0),2021-08-26,2026-10-08,0,,,,,,,-2.8916,17.353,-3.4782,4.6581,0.58668,12.695,-3.2944
rb,ZM,stock,False,us_cash,H1,60,RB,0,False,True,M5,1285,385,0.29961,-0.032681,-1.0264,0.44416,0.012748,0.045429,169,-0.011655,216,-0.049132,2026,-0.085156,0.5,-0.043728,-0.054775,True,False,21:+0.042(34.0) 22:+0.002(67.0) 23:-0.052(68.0) 24:+0.012(80.0) 25:-0.085(76.0) 26:-0.085(60.0),2021-08-04,2026-10-08,,188,-0.061548,197,-0.0051326,0,,-12.582,150.3,-1.9697,77.019,-10.613,73.281,-16.835
