symbol,group,day,side,R,base,rule,edge,bias,agree,seas_valid,family
UKOIL.cash,energy,2018-02-09,1,-1.001,0.75571,VAL_dxy,-1.7567,0,neutral,False,VAL_dxy
UKOIL.cash,energy,2018-10-24,1,-0.74362,0.23771,VAL_dxy,-0.98133,-1,against,False,VAL_dxy
UKOIL.cash,energy,2018-11-05,1,-0.8552,0.55761,VAL_dxy,-1.4128,-1,against,False,VAL_dxy
UKOIL.cash,energy,2018-11-12,1,-0.98593,0.89082,VAL_dxy,-1.8768,0,neutral,False,VAL_dxy
UKOIL.cash,energy,2018-11-21,1,-0.87372,0.12509,VAL_dxy,-0.99881,-1,against,False,VAL_dxy
UKOIL.cash,energy,2018-11-26,1,-0.6352,0.58098,VAL_dxy,-1.2162,-1,against,False,VAL_dxy
UKOIL.cash,energy,2018-12-03,1,-0.7803,0.10644,VAL_dxy,-0.88673,0,neutral,False,VAL_dxy
UKOIL.cash,energy,2018-12-24,1,1.8763,0.19768,VAL_dxy,1.6786,0,neutral,False,VAL_dxy
UKOIL.cash,energy,2018-12-31,1,1.5269,0.58958,VAL_dxy,0.93732,0,neutral,False,VAL_dxy
UKOIL.cash,energy,2019-01-09,-1,-2.3905,-2.6434,VAL_dxy,0.25285,0,neutral,False,VAL_dxy
UKOIL.cash,energy,2019-06-03,1,1.2775,0.90465,VAL_dxy,0.37281,1,agree,False,VAL_dxy
UKOIL.cash,energy,2019-06-13,1,2.2262,0.93113,VAL_dxy,1.2951,1,agree,False,VAL_dxy
UKOIL.cash,energy,2019-10-01,1,0.81908,0.50694,VAL_dxy,0.31215,0,neutral,False,VAL_dxy
UKOIL.cash,energy,2020-02-03,1,-0.46612,0.12065,VAL_dxy,-0.58677,1,agree,False,VAL_dxy
UKOIL.cash,energy,2020-03-02,1,-0.93528,0.66544,VAL_dxy,-1.6007,0,neutral,False,VAL_dxy
UKOIL.cash,energy,2020-03-09,1,-0.86607,0.77091,VAL_dxy,-1.637,0,neutral,False,VAL_dxy
UKOIL.cash,energy,2020-03-13,1,-0.92993,0.72022,VAL_dxy,-1.6501,0,neutral,False,VAL_dxy
UKOIL.cash,energy,2020-04-06,-1,-0.61362,-1.5123,VAL_dxy,0.89864,1,against,False,VAL_dxy
UKOIL.cash,energy,2020-04-09,-1,-0.61817,-1.5158,VAL_dxy,0.89765,1,against,False,VAL_dxy
UKOIL.cash,energy,2020-04-14,-1,-0.86893,-1.5651,VAL_dxy,0.6962,0,neutral,False,VAL_dxy
UKOIL.cash,energy,2020-05-06,-1,-2.3167,-1.6396,VAL_dxy,-0.67713,0,neutral,False,VAL_dxy
UKOIL.cash,energy,2020-05-12,-1,-1.4657,-1.7038,VAL_dxy,0.2381,0,neutral,False,VAL_dxy
UKOIL.cash,energy,2022-03-09,-1,1.0644,-0.61597,VAL_dxy,1.6804,-1,agree,False,VAL_dxy
UKOIL.cash,energy,2022-03-16,1,0.57748,0.18975,VAL_dxy,0.38773,-1,against,False,VAL_dxy
UKOIL.cash,energy,2022-03-23,1,-0.15742,0.32688,VAL_dxy,-0.4843,0,neutral,False,VAL_dxy
UKOIL.cash,energy,2022-04-07,1,0.79976,0.60511,VAL_dxy,0.19465,0,neutral,False,VAL_dxy
UKOIL.cash,energy,2022-06-23,1,-0.88351,-0.015146,VAL_dxy,-0.86836,0,neutral,False,VAL_dxy
UKOIL.cash,energy,2022-07-06,1,-0.94265,0.48135,VAL_dxy,-1.424,0,neutral,False,VAL_dxy
UKOIL.cash,energy,2022-07-13,1,0.10199,0.11212,VAL_dxy,-0.010135,0,neutral,False,VAL_dxy
UKOIL.cash,energy,2022-09-08,1,0.95017,0.30985,VAL_dxy,0.64033,0,neutral,False,VAL_dxy
UKOIL.cash,energy,2022-09-27,1,1.3292,-0.12988,VAL_dxy,1.4591,0,neutral,False,VAL_dxy
UKOIL.cash,energy,2023-03-16,1,2.5379,-0.12779,VAL_dxy,2.6657,0,neutral,False,VAL_dxy
UKOIL.cash,energy,2023-03-20,1,2.3677,0.30329,VAL_dxy,2.0644,0,neutral,False,VAL_dxy
UKOIL.cash,energy,2023-05-04,1,0.58071,-0.21226,VAL_dxy,0.79297,0,neutral,False,VAL_dxy
UKOIL.cash,energy,2024-09-10,1,2.5325,0.3551,VAL_dxy,2.1774,0,neutral,False,VAL_dxy
UKOIL.cash,energy,2025-04-08,1,-0.99124,0.026463,VAL_dxy,-1.0177,-1,against,False,VAL_dxy
UKOIL.cash,energy,2025-04-23,-1,-1.3647,-2.0286,VAL_dxy,0.66382,0,neutral,False,VAL_dxy
UKOIL.cash,energy,2025-06-13,-1,-1.0078,-1.8576,VAL_dxy,0.84979,-1,agree,False,VAL_dxy
UKOIL.cash,energy,2025-06-18,-1,-0.44973,-2.2639,VAL_dxy,1.8142,-1,agree,False,VAL_dxy
UKOIL.cash,energy,2026-03-04,-1,-1.1244,-0.91516,VAL_dxy,-0.20925,1,against,False,VAL_dxy
UKOIL.cash,energy,2026-03-09,-1,-1.0125,-0.97015,VAL_dxy,-0.042391,0,neutral,False,VAL_dxy
UKOIL.cash,energy,2026-03-11,-1,-1.0323,-0.98759,VAL_dxy,-0.044724,0,neutral,False,VAL_dxy
UKOIL.cash,energy,2026-04-13,1,-0.98972,1.0508,VAL_dxy,-2.0405,0,neutral,False,VAL_dxy
UKOIL.cash,energy,2026-04-17,1,0.77661,1.9069,VAL_dxy,-1.1303,0,neutral,False,VAL_dxy
UKOIL.cash,energy,2026-05-26,1,-0.94922,2.2396,VAL_dxy,-3.1888,0,neutral,False,VAL_dxy
UKOIL.cash,energy,2026-06-05,1,-0.94966,1.0301,VAL_dxy,-1.9797,0,neutral,False,VAL_dxy
UKOIL.cash,energy,2026-06-16,1,-0.94565,0.44862,VAL_dxy,-1.3943,0,neutral,False,VAL_dxy
UKOIL.cash,energy,2018-02-16,-1,-2.2662,-1.413,VAL_dxy_level,-0.85319,0,neutral,False,VAL_dxy_level
UKOIL.cash,energy,2018-03-12,-1,-1.9864,-2.1814,VAL_dxy_level,0.19498,0,neutral,False,VAL_dxy_level
UKOIL.cash,energy,2018-03-19,-1,-1.1928,-1.8565,VAL_dxy_level,0.6637,0,neutral,False,VAL_dxy_level
UKOIL.cash,energy,2018-07-25,-1,-2.1519,-1.7231,VAL_dxy_level,-0.42874,-1,agree,False,VAL_dxy_level
UKOIL.cash,energy,2018-08-28,-1,-4.0804,-1.5181,VAL_dxy_level,-2.5622,-1,agree,False,VAL_dxy_level
UKOIL.cash,energy,2019-10-09,1,1.4925,0.96582,VAL_dxy_level,0.52671,0,neutral,False,VAL_dxy_level
UKOIL.cash,energy,2020-02-05,1,-0.50028,0.75181,VAL_dxy_level,-1.2521,1,agree,False,VAL_dxy_level
UKOIL.cash,energy,2021-02-15,-1,-2.1846,-1.9816,VAL_dxy_level,-0.20305,0,neutral,False,VAL_dxy_level
UKOIL.cash,energy,2021-12-08,-1,-2.1018,-1.8272,VAL_dxy_level,-0.27457,-1,agree,False,VAL_dxy_level
UKOIL.cash,energy,2021-12-23,-1,-1.6624,-2.0626,VAL_dxy_level,0.40015,0,neutral,False,VAL_dxy_level
UKOIL.cash,energy,2023-03-16,1,2.5379,0.33846,VAL_dxy_level,2.1995,0,neutral,False,VAL_dxy_level
UKOIL.cash,energy,2023-05-04,1,0.58071,0.58896,VAL_dxy_level,-0.0082507,0,neutral,False,VAL_dxy_level
UKOIL.cash,energy,2023-12-07,1,1.1963,0.36519,VAL_dxy_level,0.83107,0,neutral,False,VAL_dxy_level
UKOIL.cash,energy,2024-01-03,1,1.8748,0.4755,VAL_dxy_level,1.3993,0,neutral,False,VAL_dxy_level
UKOIL.cash,energy,2024-09-10,1,2.5325,0.43212,VAL_dxy_level,2.1004,0,neutral,False,VAL_dxy_level
UKOIL.cash,energy,2024-10-18,1,-0.010616,0.31692,VAL_dxy_level,-0.32753,0,neutral,False,VAL_dxy_level
UKOIL.cash,energy,2025-02-26,1,-0.82706,-0.14803,VAL_dxy_level,-0.67903,0,neutral,False,VAL_dxy_level
UKOIL.cash,energy,2025-04-07,1,-0.97363,0.090029,VAL_dxy_level,-1.0637,-1,against,False,VAL_dxy_level
UKOIL.cash,energy,2025-10-15,1,1.6715,-0.10944,VAL_dxy_level,1.7809,0,neutral,False,VAL_dxy_level
UKOIL.cash,energy,2026-03-09,-1,-1.0125,-1.051,VAL_dxy_level,0.03844,0,neutral,False,VAL_dxy_level
UKOIL.cash,energy,2026-04-24,-1,-1.1671,-1.1776,VAL_dxy_level,0.010473,0,neutral,False,VAL_dxy_level
UKOIL.cash,energy,2018-10-24,1,-0.74362,-0.0080639,VAL_gold,-0.73556,-1,against,False,VAL_gold
UKOIL.cash,energy,2018-11-14,1,-0.85305,0.51793,VAL_gold,-1.371,0,neutral,False,VAL_gold
UKOIL.cash,energy,2018-11-21,1,-0.87372,0.82065,VAL_gold,-1.6944,-1,against,False,VAL_gold
UKOIL.cash,energy,2018-12-24,1,1.8763,0.056598,VAL_gold,1.8197,0,neutral,False,VAL_gold
UKOIL.cash,energy,2018-12-31,1,1.5269,0.68537,VAL_gold,0.84153,0,neutral,False,VAL_gold
UKOIL.cash,energy,2019-01-10,-1,-2.1472,-2.2034,VAL_gold,0.056227,0,neutral,False,VAL_gold
UKOIL.cash,energy,2019-06-03,1,1.2775,0.47986,VAL_gold,0.7976,1,agree,False,VAL_gold
UKOIL.cash,energy,2019-06-13,1,2.2262,0.69138,VAL_gold,1.5349,1,agree,False,VAL_gold
UKOIL.cash,energy,2019-08-08,1,1.3197,0.61593,VAL_gold,0.70372,0,neutral,False,VAL_gold
UKOIL.cash,energy,2019-08-13,1,1.5887,0.67974,VAL_gold,0.90898,0,neutral,False,VAL_gold
UKOIL.cash,energy,2019-08-15,1,0.99525,0.52508,VAL_gold,0.47017,0,neutral,False,VAL_gold
UKOIL.cash,energy,2019-09-17,-1,-0.36361,-2.7264,VAL_gold,2.3628,0,neutral,False,VAL_gold
UKOIL.cash,energy,2020-02-03,1,-0.46612,0.74558,VAL_gold,-1.2117,1,agree,False,VAL_gold
UKOIL.cash,energy,2020-03-06,1,-1.0005,0.73744,VAL_gold,-1.738,0,neutral,False,VAL_gold
UKOIL.cash,energy,2020-03-17,1,0.46626,0.35735,VAL_gold,0.10892,0,neutral,False,VAL_gold
UKOIL.cash,energy,2020-04-06,-1,-0.61362,-1.6599,VAL_gold,1.0462,1,against,False,VAL_gold
UKOIL.cash,energy,2020-04-09,-1,-0.61817,-1.9353,VAL_gold,1.3172,1,against,False,VAL_gold
UKOIL.cash,energy,2020-04-14,-1,-0.86893,-1.3199,VAL_gold,0.45097,0,neutral,False,VAL_gold
UKOIL.cash,energy,2020-04-22,1,2.0139,0.90552,VAL_gold,1.1083,0,neutral,False,VAL_gold
UKOIL.cash,energy,2020-04-24,1,1.8359,-0.43861,VAL_gold,2.2745,0,neutral,False,VAL_gold
UKOIL.cash,energy,2020-05-06,-1,-2.3167,-1.4778,VAL_gold,-0.83895,0,neutral,False,VAL_gold
UKOIL.cash,energy,2020-05-12,-1,-1.4657,-2.6317,VAL_gold,1.166,0,neutral,False,VAL_gold
UKOIL.cash,energy,2022-03-17,1,0.81305,0.24566,VAL_gold,0.56738,-1,against,False,VAL_gold
UKOIL.cash,energy,2022-04-07,1,0.79976,0.3954,VAL_gold,0.40436,0,neutral,False,VAL_gold
UKOIL.cash,energy,2022-06-23,1,-0.88351,-0.11324,VAL_gold,-0.77027,0,neutral,False,VAL_gold
UKOIL.cash,energy,2022-08-04,1,-0.019354,0.18833,VAL_gold,-0.20769,0,neutral,False,VAL_gold
UKOIL.cash,energy,2022-09-08,1,0.95017,0.05089,VAL_gold,0.89928,0,neutral,False,VAL_gold
UKOIL.cash,energy,2022-11-17,1,-0.99765,0.055351,VAL_gold,-1.053,0,neutral,False,VAL_gold
UKOIL.cash,energy,2022-11-24,1,-0.85252,0.23026,VAL_gold,-1.0828,0,neutral,False,VAL_gold
UKOIL.cash,energy,2022-12-07,1,0.15096,0.68971,VAL_gold,-0.53875,0,neutral,False,VAL_gold
UKOIL.cash,energy,2023-01-11,1,1.1126,0.4037,VAL_gold,0.70888,0,neutral,False,VAL_gold
UKOIL.cash,energy,2023-03-15,1,-1.0055,0.20045,VAL_gold,-1.206,0,neutral,False,VAL_gold
UKOIL.cash,energy,2023-03-23,1,1.1385,0.010533,VAL_gold,1.128,0,neutral,False,VAL_gold
UKOIL.cash,energy,2024-10-11,-1,-1.1444,-1.5616,VAL_gold,0.41719,0,neutral,False,VAL_gold
UKOIL.cash,energy,2025-04-07,1,-0.97363,-0.23308,VAL_gold,-0.74055,-1,against,False,VAL_gold
UKOIL.cash,energy,2025-05-15,-1,-3.2691,-2.2243,VAL_gold,-1.0448,-1,agree,False,VAL_gold
UKOIL.cash,energy,2025-05-20,-1,-2.8789,-2.1911,VAL_gold,-0.68786,-1,agree,False,VAL_gold
UKOIL.cash,energy,2025-06-16,-1,-1.0319,-2.1685,VAL_gold,1.1365,-1,agree,False,VAL_gold
UKOIL.cash,energy,2025-10-13,1,-0.925,-0.13238,VAL_gold,-0.79262,0,neutral,False,VAL_gold
UKOIL.cash,energy,2025-10-15,1,1.6715,0.53428,VAL_gold,1.1372,0,neutral,False,VAL_gold
UKOIL.cash,energy,2025-11-04,-1,-2.594,-2.1367,VAL_gold,-0.45732,0,neutral,False,VAL_gold
UKOIL.cash,energy,2026-03-04,-1,-1.1244,-0.39363,VAL_gold,-0.73078,1,against,False,VAL_gold
UKOIL.cash,energy,2026-03-06,-1,-1.0144,-0.69851,VAL_gold,-0.31591,1,against,False,VAL_gold
UKOIL.cash,energy,2026-03-19,-1,0.12573,-0.95726,VAL_gold,1.083,0,neutral,False,VAL_gold
UKOIL.cash,energy,2026-04-13,1,-0.98972,1.928,VAL_gold,-2.9177,0,neutral,False,VAL_gold
UKOIL.cash,energy,2026-04-20,1,1.0411,1.2877,VAL_gold,-0.24666,0,neutral,False,VAL_gold
UKOIL.cash,energy,2026-06-01,1,-0.90812,0.91888,VAL_gold,-1.827,0,neutral,False,VAL_gold
UKOIL.cash,energy,2026-06-17,1,-0.89231,1.7276,VAL_gold,-2.6199,0,neutral,False,VAL_gold
UKOIL.cash,energy,2026-06-23,1,1.4511,0.63164,VAL_gold,0.81943,0,neutral,False,VAL_gold
UKOIL.cash,energy,2026-06-29,1,2.9408,0.6156,VAL_gold,2.3252,0,neutral,False,VAL_gold
UKOIL.cash,energy,2026-08-06,1,1.9386,0.33099,VAL_gold,1.6077,0,neutral,False,VAL_gold
UKOIL.cash,energy,2017-10-31,-1,-1.9662,-2.8255,VAL_gold_level,0.85939,0,neutral,False,VAL_gold_level
UKOIL.cash,energy,2018-02-26,-1,-3.5858,-1.2804,VAL_gold_level,-2.3054,0,neutral,False,VAL_gold_level
UKOIL.cash,energy,2019-08-02,1,-0.87805,0.5008,VAL_gold_level,-1.3788,0,neutral,False,VAL_gold_level
UKOIL.cash,energy,2019-09-25,1,-0.87115,0.61506,VAL_gold_level,-1.4862,0,neutral,False,VAL_gold_level
UKOIL.cash,energy,2020-01-23,1,-0.87487,0.66796,VAL_gold_level,-1.5428,0,neutral,False,VAL_gold_level
UKOIL.cash,energy,2021-06-17,-1,-2.7487,-2.3318,VAL_gold_level,-0.41688,0,neutral,False,VAL_gold_level
UKOIL.cash,energy,2021-08-26,-1,-2.6944,-2.3685,VAL_gold_level,-0.32595,0,neutral,False,VAL_gold_level
UKOIL.cash,energy,2022-08-30,-1,1.3114,-0.90629,VAL_gold_level,2.2176,0,neutral,False,VAL_gold_level
UKOIL.cash,energy,2023-04-28,1,-0.90665,0.30236,VAL_gold_level,-1.209,1,agree,False,VAL_gold_level
UKOIL.cash,energy,2023-12-04,1,-0.97007,0.11509,VAL_gold_level,-1.0852,0,neutral,False,VAL_gold_level
UKOIL.cash,energy,2024-03-06,1,2.7693,0.54023,VAL_gold_level,2.229,0,neutral,False,VAL_gold_level
UKOIL.cash,energy,2024-07-12,1,-0.82107,0.41429,VAL_gold_level,-1.2354,-1,against,False,VAL_gold_level
UKOIL.cash,energy,2025-01-27,1,-0.45175,0.41583,VAL_gold_level,-0.86758,0,neutral,False,VAL_gold_level
UKOIL.cash,energy,2025-06-26,1,0.55123,0.21717,VAL_gold_level,0.33406,-1,against,False,VAL_gold_level
UKOIL.cash,energy,2016-05-24,1,0.75445,-0.11865,SEAS10,0.8731,0,neutral,False,SEAS (bernd_bias bug)
UKOIL.cash,energy,2016-06-07,1,-0.7571,0.15156,SEAS10,-0.90865,0,neutral,False,SEAS (bernd_bias bug)
UKOIL.cash,energy,2016-06-21,1,-0.93154,0.61353,SEAS10,-1.5451,0,neutral,False,SEAS (bernd_bias bug)
UKOIL.cash,energy,2016-07-05,1,-0.96283,-0.1374,SEAS10,-0.82544,0,neutral,False,SEAS (bernd_bias bug)
UKOIL.cash,energy,2016-07-19,1,-0.81602,0.15269,SEAS10,-0.96871,0,neutral,False,SEAS (bernd_bias bug)
UKOIL.cash,energy,2016-08-02,1,2.2782,0.075837,SEAS10,2.2023,0,neutral,False,SEAS (bernd_bias bug)
UKOIL.cash,energy,2016-08-16,1,0.75265,0.36768,SEAS10,0.38497,0,neutral,False,SEAS (bernd_bias bug)
UKOIL.cash,energy,2016-08-30,1,-0.95949,0.38556,SEAS10,-1.3451,0,neutral,False,SEAS (bernd_bias bug)
UKOIL.cash,energy,2016-09-13,1,0.00055373,0.22932,SEAS10,-0.22876,0,neutral,False,SEAS (bernd_bias bug)
UKOIL.cash,energy,2016-09-27,1,2.0335,0.39621,SEAS10,1.6373,0,neutral,False,SEAS (bernd_bias bug)
UKOIL.cash,energy,2016-10-11,1,-0.056936,0.40644,SEAS10,-0.46337,0,neutral,False,SEAS (bernd_bias bug)
UKOIL.cash,energy,2016-10-25,1,-0.8271,0.26154,SEAS10,-1.0886,0,neutral,False,SEAS (bernd_bias bug)
UKOIL.cash,energy,2016-11-08,1,1.6163,0.46844,SEAS10,1.1479,-1,against,False,SEAS (bernd_bias bug)
UKOIL.cash,energy,2016-11-22,1,1.8174,0.09732,SEAS10,1.7201,0,neutral,False,SEAS (bernd_bias bug)
UKOIL.cash,energy,2016-12-06,1,0.61474,0.42947,SEAS10,0.18527,0,neutral,False,SEAS (bernd_bias bug)
UKOIL.cash,energy,2016-12-20,1,0.64031,0.35544,SEAS10,0.28487,0,neutral,False,SEAS (bernd_bias bug)
UKOIL.cash,energy,2017-01-05,1,-0.2938,-0.37405,SEAS10,0.08025,0,neutral,False,SEAS (bernd_bias bug)
UKOIL.cash,energy,2017-01-19,1,1.2195,0.67122,SEAS10,0.54832,0,neutral,False,SEAS (bernd_bias bug)
UKOIL.cash,energy,2017-02-02,1,0.06627,0.61499,SEAS10,-0.54872,0,neutral,False,SEAS (bernd_bias bug)
UKOIL.cash,energy,2017-02-16,1,0.558,0.90944,SEAS10,-0.35145,0,neutral,False,SEAS (bernd_bias bug)
UKOIL.cash,energy,2017-03-02,1,-0.76846,0.6219,SEAS10,-1.3904,0,neutral,False,SEAS (bernd_bias bug)
UKOIL.cash,energy,2017-03-16,1,0.69759,0.63442,SEAS10,0.063163,0,neutral,False,SEAS (bernd_bias bug)
UKOIL.cash,energy,2017-03-30,1,1.6572,0.75185,SEAS10,0.90534,0,neutral,False,SEAS (bernd_bias bug)
UKOIL.cash,energy,2017-04-13,1,-0.82829,0.61792,SEAS10,-1.4462,0,neutral,False,SEAS (bernd_bias bug)
UKOIL.cash,energy,2017-04-28,1,-0.788,0.88242,SEAS10,-1.6704,0,neutral,False,SEAS (bernd_bias bug)
UKOIL.cash,energy,2017-05-12,1,0.61647,0.61067,SEAS10,0.0058064,0,neutral,False,SEAS (bernd_bias bug)
UKOIL.cash,energy,2017-05-26,1,-0.68054,0.42206,SEAS10,-1.1026,0,neutral,False,SEAS (bernd_bias bug)
UKOIL.cash,energy,2017-06-09,1,-0.66615,0.50112,SEAS10,-1.1673,0,neutral,False,SEAS (bernd_bias bug)
UKOIL.cash,energy,2017-06-23,1,1.3243,0.55899,SEAS10,0.7653,-1,against,False,SEAS (bernd_bias bug)
UKOIL.cash,energy,2017-07-07,1,1.0065,0.44192,SEAS10,0.56462,0,neutral,False,SEAS (bernd_bias bug)
UKOIL.cash,energy,2017-07-21,1,1.557,0.43976,SEAS10,1.1172,0,neutral,False,SEAS (bernd_bias bug)
UKOIL.cash,energy,2017-08-04,1,-0.062368,0.6354,SEAS10,-0.69777,0,neutral,False,SEAS (bernd_bias bug)
UKOIL.cash,energy,2017-08-18,1,1.1396,0.6831,SEAS10,0.45646,0,neutral,False,SEAS (bernd_bias bug)
UKOIL.cash,energy,2017-09-01,1,1.3182,0.5398,SEAS10,0.7784,0,neutral,False,SEAS (bernd_bias bug)
UKOIL.cash,energy,2017-09-15,1,1.3792,0.3454,SEAS10,1.0338,0,neutral,False,SEAS (bernd_bias bug)
UKOIL.cash,energy,2017-09-29,1,-0.77002,0.73768,SEAS10,-1.5077,0,neutral,False,SEAS (bernd_bias bug)
UKOIL.cash,energy,2017-10-13,1,1.6131,0.38108,SEAS10,1.232,0,neutral,False,SEAS (bernd_bias bug)
UKOIL.cash,energy,2017-10-27,1,2.505,0.22965,SEAS10,2.2753,0,neutral,False,SEAS (bernd_bias bug)
UKOIL.cash,energy,2017-11-10,1,-0.85426,0.14914,SEAS10,-1.0034,0,neutral,False,SEAS (bernd_bias bug)
UKOIL.cash,energy,2017-11-24,1,-0.030543,0.49896,SEAS10,-0.52951,0,neutral,False,SEAS (bernd_bias bug)
UKOIL.cash,energy,2017-12-08,1,1.4856,0.22094,SEAS10,1.2646,-1,against,False,SEAS (bernd_bias bug)
UKOIL.cash,energy,2017-12-22,1,2.0105,0.53609,SEAS10,1.4744,-1,against,False,SEAS (bernd_bias bug)
UKOIL.cash,energy,2018-01-09,1,0.92825,0.39975,SEAS10,0.5285,0,neutral,False,SEAS (bernd_bias bug)
UKOIL.cash,energy,2018-01-23,1,-0.48868,0.32214,SEAS10,-0.81081,0,neutral,False,SEAS (bernd_bias bug)
UKOIL.cash,energy,2018-02-06,1,-0.94911,0.40278,SEAS10,-1.3519,0,neutral,False,SEAS (bernd_bias bug)
UKOIL.cash,energy,2018-02-20,1,0.38198,0.25558,SEAS10,0.1264,0,neutral,False,SEAS (bernd_bias bug)
UKOIL.cash,energy,2018-03-06,1,0.38982,-0.065317,SEAS10,0.45514,0,neutral,False,SEAS (bernd_bias bug)
UKOIL.cash,energy,2018-03-20,1,1.0621,-0.17455,SEAS10,1.2367,0,neutral,False,SEAS (bernd_bias bug)
UKOIL.cash,energy,2018-04-04,1,1.4353,0.29706,SEAS10,1.1382,0,neutral,False,SEAS (bernd_bias bug)
UKOIL.cash,energy,2018-04-18,1,0.86618,0.40502,SEAS10,0.46117,0,neutral,False,SEAS (bernd_bias bug)
UKOIL.cash,energy,2018-05-02,1,1.7866,0.30968,SEAS10,1.4769,0,neutral,False,SEAS (bernd_bias bug)
UKOIL.cash,energy,2018-05-16,1,-0.69821,0.089852,SEAS10,-0.78807,0,neutral,False,SEAS (bernd_bias bug)
UKOIL.cash,energy,2018-05-30,1,0.27897,0.20955,SEAS10,0.069421,0,neutral,False,SEAS (bernd_bias bug)
UKOIL.cash,energy,2018-06-13,1,0.59917,0.69754,SEAS10,-0.09837,0,neutral,False,SEAS (bernd_bias bug)
UKOIL.cash,energy,2018-06-27,1,0.91005,0.076438,SEAS10,0.83361,0,neutral,False,SEAS (bernd_bias bug)
UKOIL.cash,energy,2018-07-11,1,-1.0009,0.15369,SEAS10,-1.1546,0,neutral,False,SEAS (bernd_bias bug)
UKOIL.cash,energy,2018-07-25,1,0.37938,-0.07624,SEAS10,0.45562,-1,against,False,SEAS (bernd_bias bug)
UKOIL.cash,energy,2018-08-08,1,-0.85771,0.55779,SEAS10,-1.4155,-1,against,False,SEAS (bernd_bias bug)
UKOIL.cash,energy,2018-08-22,1,1.9242,0.38053,SEAS10,1.5436,-1,against,False,SEAS (bernd_bias bug)
UKOIL.cash,energy,2018-09-05,1,0.59118,0.27661,SEAS10,0.31457,-1,against,False,SEAS (bernd_bias bug)
UKOIL.cash,energy,2018-09-19,1,2.426,0.40351,SEAS10,2.0225,-1,against,False,SEAS (bernd_bias bug)
UKOIL.cash,energy,2018-10-03,1,-0.81057,0.54914,SEAS10,-1.3597,-1,against,False,SEAS (bernd_bias bug)
UKOIL.cash,energy,2018-10-17,1,-0.86978,0.38732,SEAS10,-1.2571,-1,against,False,SEAS (bernd_bias bug)
UKOIL.cash,energy,2018-10-31,1,-0.88399,0.23854,SEAS10,-1.1225,-1,against,False,SEAS (bernd_bias bug)
UKOIL.cash,energy,2018-11-14,1,-0.85305,-0.023422,SEAS10,-0.82963,0,neutral,False,SEAS (bernd_bias bug)
UKOIL.cash,energy,2018-11-28,1,0.19149,0.11083,SEAS10,0.080655,0,neutral,False,SEAS (bernd_bias bug)
UKOIL.cash,energy,2018-12-12,1,-0.88934,0.15389,SEAS10,-1.0432,0,neutral,False,SEAS (bernd_bias bug)
UKOIL.cash,energy,2018-12-27,1,1.4095,0.42366,SEAS10,0.98586,0,neutral,False,SEAS (bernd_bias bug)
UKOIL.cash,energy,2019-01-11,1,0.18133,0.26129,SEAS10,-0.079962,0,neutral,False,SEAS (bernd_bias bug)
UKOIL.cash,energy,2019-01-25,1,0.35406,0.46453,SEAS10,-0.11048,0,neutral,False,SEAS (bernd_bias bug)
UKOIL.cash,energy,2019-02-08,1,1.8003,0.68392,SEAS10,1.1164,0,neutral,False,SEAS (bernd_bias bug)
UKOIL.cash,energy,2019-02-22,1,-0.020606,0.35559,SEAS10,-0.37619,0,neutral,False,SEAS (bernd_bias bug)
UKOIL.cash,energy,2019-03-08,1,0.88878,0.42407,SEAS10,0.46472,0,neutral,False,SEAS (bernd_bias bug)
UKOIL.cash,energy,2019-03-22,1,0.96264,0.40871,SEAS10,0.55393,0,neutral,False,SEAS (bernd_bias bug)
UKOIL.cash,energy,2019-04-05,1,1.4357,0.40315,SEAS10,1.0326,0,neutral,False,SEAS (bernd_bias bug)
UKOIL.cash,energy,2019-04-22,1,-0.67188,0.33475,SEAS10,-1.0066,1,agree,False,SEAS (bernd_bias bug)
UKOIL.cash,energy,2019-05-06,1,1.1459,0.35341,SEAS10,0.79247,1,agree,False,SEAS (bernd_bias bug)
UKOIL.cash,energy,2019-05-20,1,-0.9472,0.46167,SEAS10,-1.4089,1,agree,False,SEAS (bernd_bias bug)
UKOIL.cash,energy,2019-06-03,1,0.24282,0.41866,SEAS10,-0.17584,1,agree,False,SEAS (bernd_bias bug)
UKOIL.cash,energy,2019-06-17,1,0.86108,0.093327,SEAS10,0.76775,1,agree,False,SEAS (bernd_bias bug)
UKOIL.cash,energy,2019-07-01,1,-0.96831,0.46828,SEAS10,-1.4366,1,agree,False,SEAS (bernd_bias bug)
UKOIL.cash,energy,2019-07-15,1,-0.96525,0.42021,SEAS10,-1.3855,1,agree,False,SEAS (bernd_bias bug)
UKOIL.cash,energy,2019-07-29,1,-0.84622,0.39686,SEAS10,-1.2431,0,neutral,False,SEAS (bernd_bias bug)
UKOIL.cash,energy,2019-08-12,1,0.35165,0.57557,SEAS10,-0.22392,0,neutral,False,SEAS (bernd_bias bug)
UKOIL.cash,energy,2019-08-26,1,1.088,0.7304,SEAS10,0.35761,1,agree,False,SEAS (bernd_bias bug)
UKOIL.cash,energy,2019-09-09,1,0.86447,-0.02946,SEAS10,0.89393,0,neutral,False,SEAS (bernd_bias bug)
UKOIL.cash,energy,2019-09-23,1,-0.88321,0.70747,SEAS10,-1.5907,0,neutral,False,SEAS (bernd_bias bug)
UKOIL.cash,energy,2019-10-07,1,0.39789,0.41615,SEAS10,-0.018259,0,neutral,False,SEAS (bernd_bias bug)
UKOIL.cash,energy,2019-10-21,1,1.0157,0.43275,SEAS10,0.58295,0,neutral,False,SEAS (bernd_bias bug)
UKOIL.cash,energy,2019-11-04,1,0.75395,0.51418,SEAS10,0.23977,0,neutral,False,SEAS (bernd_bias bug)
UKOIL.cash,energy,2019-11-18,1,-0.95958,0.29338,SEAS10,-1.253,0,neutral,False,SEAS (bernd_bias bug)
UKOIL.cash,energy,2019-12-02,1,1.3471,0.15806,SEAS10,1.189,1,agree,False,SEAS (bernd_bias bug)
UKOIL.cash,energy,2019-12-16,1,1.1562,0.38034,SEAS10,0.77587,1,agree,False,SEAS (bernd_bias bug)
UKOIL.cash,energy,2019-12-31,1,-0.54101,0.46377,SEAS10,-1.0048,1,agree,False,SEAS (bernd_bias bug)
UKOIL.cash,energy,2020-01-15,1,-0.7805,0.20869,SEAS10,-0.98918,1,agree,False,SEAS (bernd_bias bug)
UKOIL.cash,energy,2020-01-29,1,-0.96325,0.40875,SEAS10,-1.372,1,agree,False,SEAS (bernd_bias bug)
UKOIL.cash,energy,2020-02-12,1,0.15112,0.14766,SEAS10,0.0034591,1,agree,False,SEAS (bernd_bias bug)
UKOIL.cash,energy,2020-02-26,1,-0.98382,0.27302,SEAS10,-1.2568,0,neutral,False,SEAS (bernd_bias bug)
UKOIL.cash,energy,2020-03-11,1,-0.92527,0.033339,SEAS10,-0.95861,0,neutral,False,SEAS (bernd_bias bug)
UKOIL.cash,energy,2020-03-25,1,0.56757,0.56868,SEAS10,-0.0011056,0,neutral,False,SEAS (bernd_bias bug)
UKOIL.cash,energy,2020-04-08,1,-0.86892,0.61856,SEAS10,-1.4875,1,agree,False,SEAS (bernd_bias bug)
UKOIL.cash,energy,2020-04-23,1,0.99642,0.29029,SEAS10,0.70613,0,neutral,False,SEAS (bernd_bias bug)
UKOIL.cash,energy,2020-05-07,1,1.106,0.23938,SEAS10,0.86666,0,neutral,False,SEAS (bernd_bias bug)
UKOIL.cash,energy,2020-05-21,-1,-1.6739,-0.9546,SEAS10,-0.71931,0,neutral,False,SEAS (bernd_bias bug)
UKOIL.cash,energy,2020-06-04,1,0.46883,0.49954,SEAS10,-0.030711,0,neutral,False,SEAS (bernd_bias bug)
UKOIL.cash,energy,2020-06-18,1,0.65876,0.43083,SEAS10,0.22793,0,neutral,False,SEAS (bernd_bias bug)
UKOIL.cash,energy,2020-07-02,1,0.71478,0.26002,SEAS10,0.45476,0,neutral,False,SEAS (bernd_bias bug)
UKOIL.cash,energy,2020-07-16,1,0.47181,0.38247,SEAS10,0.089333,0,neutral,False,SEAS (bernd_bias bug)
UKOIL.cash,energy,2020-07-30,1,1.0902,0.18389,SEAS10,0.90631,0,neutral,False,SEAS (bernd_bias bug)
UKOIL.cash,energy,2020-08-13,1,0.67133,0.5642,SEAS10,0.10713,0,neutral,False,SEAS (bernd_bias bug)
UKOIL.cash,energy,2020-08-27,1,-0.75251,0.66051,SEAS10,-1.413,0,neutral,False,SEAS (bernd_bias bug)
UKOIL.cash,energy,2020-09-10,1,0.88871,0.10665,SEAS10,0.78205,0,neutral,False,SEAS (bernd_bias bug)
UKOIL.cash,energy,2020-09-24,1,-0.79187,0.22025,SEAS10,-1.0121,0,neutral,False,SEAS (bernd_bias bug)
UKOIL.cash,energy,2020-10-08,1,0.20722,0.34177,SEAS10,-0.13455,0,neutral,False,SEAS (bernd_bias bug)
UKOIL.cash,energy,2020-10-22,1,-0.81039,0.55155,SEAS10,-1.3619,-1,against,False,SEAS (bernd_bias bug)
UKOIL.cash,energy,2020-11-05,1,1.3526,0.13645,SEAS10,1.2161,0,neutral,False,SEAS (bernd_bias bug)
UKOIL.cash,energy,2020-11-19,1,1.378,0.41948,SEAS10,0.95855,0,neutral,False,SEAS (bernd_bias bug)
UKOIL.cash,energy,2020-12-03,1,1.3437,0.53008,SEAS10,0.8136,0,neutral,False,SEAS (bernd_bias bug)
UKOIL.cash,energy,2020-12-17,1,0.60386,0.33461,SEAS10,0.26925,0,neutral,False,SEAS (bernd_bias bug)
UKOIL.cash,energy,2021-01-04,1,1.5025,0.47143,SEAS10,1.031,0,neutral,False,SEAS (bernd_bias bug)
UKOIL.cash,energy,2021-01-18,1,0.23494,0.62575,SEAS10,-0.39081,0,neutral,False,SEAS (bernd_bias bug)
UKOIL.cash,energy,2021-02-01,1,2.8748,0.55472,SEAS10,2.32,0,neutral,False,SEAS (bernd_bias bug)
UKOIL.cash,energy,2021-02-15,1,0.96817,0.27263,SEAS10,0.69554,0,neutral,False,SEAS (bernd_bias bug)
UKOIL.cash,energy,2021-03-01,-1,-1.3615,-1.2552,SEAS10,-0.10627,0,neutral,False,SEAS (bernd_bias bug)
UKOIL.cash,energy,2021-03-15,1,-0.96792,0.39745,SEAS10,-1.3654,0,neutral,False,SEAS (bernd_bias bug)
UKOIL.cash,energy,2021-03-29,1,-0.069653,0.49158,SEAS10,-0.56123,0,neutral,False,SEAS (bernd_bias bug)
UKOIL.cash,energy,2021-04-13,-1,-1.3278,-1.325,SEAS10,-0.0028218,0,neutral,False,SEAS (bernd_bias bug)
UKOIL.cash,energy,2021-04-27,1,1.1206,0.52245,SEAS10,0.59812,0,neutral,False,SEAS (bernd_bias bug)
UKOIL.cash,energy,2021-05-11,1,-0.79964,0.12723,SEAS10,-0.92687,0,neutral,False,SEAS (bernd_bias bug)
UKOIL.cash,energy,2021-05-25,1,1.0162,0.61967,SEAS10,0.39656,-1,against,False,SEAS (bernd_bias bug)
UKOIL.cash,energy,2021-06-08,1,1.1208,0.18099,SEAS10,0.9398,0,neutral,False,SEAS (bernd_bias bug)
UKOIL.cash,energy,2021-06-22,1,1.3265,0.68244,SEAS10,0.64409,0,neutral,False,SEAS (bernd_bias bug)
UKOIL.cash,energy,2021-07-06,1,-0.99457,0.49025,SEAS10,-1.4848,0,neutral,False,SEAS (bernd_bias bug)
UKOIL.cash,energy,2021-07-20,1,1.343,0.40235,SEAS10,0.94068,0,neutral,False,SEAS (bernd_bias bug)
UKOIL.cash,energy,2021-08-03,1,-0.89878,0.22313,SEAS10,-1.1219,0,neutral,False,SEAS (bernd_bias bug)
UKOIL.cash,energy,2021-08-17,1,-0.98047,0.28413,SEAS10,-1.2646,0,neutral,False,SEAS (bernd_bias bug)
UKOIL.cash,energy,2021-08-31,1,0.56766,0.41733,SEAS10,0.15033,0,neutral,False,SEAS (bernd_bias bug)
UKOIL.cash,energy,2021-09-14,1,1.7416,0.81679,SEAS10,0.92481,0,neutral,False,SEAS (bernd_bias bug)
UKOIL.cash,energy,2021-09-28,1,1.7245,0.67032,SEAS10,1.0541,0,neutral,False,SEAS (bernd_bias bug)
UKOIL.cash,energy,2021-10-12,1,0.73147,0.28835,SEAS10,0.44312,0,neutral,False,SEAS (bernd_bias bug)
UKOIL.cash,energy,2021-10-26,1,-0.86153,0.57957,SEAS10,-1.4411,0,neutral,False,SEAS (bernd_bias bug)
UKOIL.cash,energy,2021-11-09,1,-0.84075,0.47341,SEAS10,-1.3142,-1,against,False,SEAS (bernd_bias bug)
UKOIL.cash,energy,2021-11-23,1,-0.96909,0.41237,SEAS10,-1.3815,-1,against,False,SEAS (bernd_bias bug)
UKOIL.cash,energy,2021-12-07,1,-0.033657,1.2009,SEAS10,-1.2346,-1,against,False,SEAS (bernd_bias bug)
UKOIL.cash,energy,2021-12-21,1,1.3599,0.11078,SEAS10,1.2491,0,neutral,False,SEAS (bernd_bias bug)
UKOIL.cash,energy,2022-01-05,1,1.98,0.14254,SEAS10,1.8375,-1,against,False,SEAS (bernd_bias bug)
UKOIL.cash,energy,2022-01-19,1,0.4717,-0.035413,SEAS10,0.50711,-1,against,False,SEAS (bernd_bias bug)
UKOIL.cash,energy,2022-02-02,1,0.8011,0.21789,SEAS10,0.58321,0,neutral,False,SEAS (bernd_bias bug)
UKOIL.cash,energy,2022-02-16,1,3.099,0.15386,SEAS10,2.9451,0,neutral,False,SEAS (bernd_bias bug)
UKOIL.cash,energy,2022-03-02,-1,-1.0397,-0.66387,SEAS10,-0.37585,0,neutral,False,SEAS (bernd_bias bug)
UKOIL.cash,energy,2022-03-16,1,0.75108,-0.09204,SEAS10,0.84312,-1,against,False,SEAS (bernd_bias bug)
UKOIL.cash,energy,2022-03-30,1,-0.16962,0.25743,SEAS10,-0.42706,0,neutral,False,SEAS (bernd_bias bug)
UKOIL.cash,energy,2022-04-13,-1,-0.31953,-0.45922,SEAS10,0.13969,0,neutral,False,SEAS (bernd_bias bug)
UKOIL.cash,energy,2022-04-28,1,0.33017,0.27565,SEAS10,0.05452,0,neutral,False,SEAS (bernd_bias bug)
UKOIL.cash,energy,2022-05-12,1,0.6019,0.25096,SEAS10,0.35094,0,neutral,False,SEAS (bernd_bias bug)
UKOIL.cash,energy,2022-05-26,1,1.3371,0.87463,SEAS10,0.46247,0,neutral,False,SEAS (bernd_bias bug)
UKOIL.cash,energy,2022-06-09,1,-0.93586,-0.062936,SEAS10,-0.87292,0,neutral,False,SEAS (bernd_bias bug)
UKOIL.cash,energy,2022-06-23,1,-0.88351,-0.094609,SEAS10,-0.7889,0,neutral,False,SEAS (bernd_bias bug)
UKOIL.cash,energy,2022-07-07,-1,-0.91832,-0.57981,SEAS10,-0.33851,0,neutral,False,SEAS (bernd_bias bug)
UKOIL.cash,energy,2022-07-21,1,-0.48934,0.33732,SEAS10,-0.82667,0,neutral,False,SEAS (bernd_bias bug)
UKOIL.cash,energy,2022-08-04,1,-0.34532,0.19663,SEAS10,-0.54195,0,neutral,False,SEAS (bernd_bias bug)
UKOIL.cash,energy,2022-08-18,1,0.34829,0.33433,SEAS10,0.013959,0,neutral,False,SEAS (bernd_bias bug)
UKOIL.cash,energy,2022-09-01,1,-0.93642,0.1165,SEAS10,-1.0529,0,neutral,False,SEAS (bernd_bias bug)
UKOIL.cash,energy,2022-09-15,1,-0.92998,0.073637,SEAS10,-1.0036,0,neutral,False,SEAS (bernd_bias bug)
UKOIL.cash,energy,2022-09-29,1,0.6362,0.69467,SEAS10,-0.058472,0,neutral,False,SEAS (bernd_bias bug)
UKOIL.cash,energy,2022-10-13,1,0.4858,0.4203,SEAS10,0.065499,0,neutral,False,SEAS (bernd_bias bug)
UKOIL.cash,energy,2022-10-27,1,-0.17149,0.54617,SEAS10,-0.71766,0,neutral,False,SEAS (bernd_bias bug)
UKOIL.cash,energy,2022-11-10,1,-0.8534,-0.20522,SEAS10,-0.64818,0,neutral,False,SEAS (bernd_bias bug)
UKOIL.cash,energy,2022-11-24,1,-0.85252,0.33342,SEAS10,-1.1859,0,neutral,False,SEAS (bernd_bias bug)
UKOIL.cash,energy,2022-12-08,1,0.7734,0.26733,SEAS10,0.50607,0,neutral,False,SEAS (bernd_bias bug)
UKOIL.cash,energy,2022-12-22,1,-0.47048,-0.18965,SEAS10,-0.28083,0,neutral,False,SEAS (bernd_bias bug)
UKOIL.cash,energy,2023-01-09,1,1.5643,0.28186,SEAS10,1.2825,0,neutral,False,SEAS (bernd_bias bug)
UKOIL.cash,energy,2023-01-23,1,-0.8748,-0.10126,SEAS10,-0.77354,0,neutral,False,SEAS (bernd_bias bug)
UKOIL.cash,energy,2023-02-06,1,0.74289,0.19432,SEAS10,0.54856,0,neutral,False,SEAS (bernd_bias bug)
UKOIL.cash,energy,2023-02-20,1,0.81069,0.01715,SEAS10,0.79354,0,neutral,False,SEAS (bernd_bias bug)
UKOIL.cash,energy,2023-03-06,-1,2.1926,-0.65598,SEAS10,2.8486,0,neutral,False,SEAS (bernd_bias bug)
UKOIL.cash,energy,2023-03-20,1,1.3304,0.33174,SEAS10,0.99871,0,neutral,False,SEAS (bernd_bias bug)
UKOIL.cash,energy,2023-04-03,1,0.10984,0.1567,SEAS10,-0.04686,1,agree,False,SEAS (bernd_bias bug)
UKOIL.cash,energy,2023-04-18,-1,0.13025,-0.78276,SEAS10,0.913,0,neutral,False,SEAS (bernd_bias bug)
UKOIL.cash,energy,2023-05-02,1,-0.99234,-0.045146,SEAS10,-0.9472,0,neutral,False,SEAS (bernd_bias bug)
UKOIL.cash,energy,2023-05-16,1,0.51891,0.24981,SEAS10,0.2691,0,neutral,False,SEAS (bernd_bias bug)
UKOIL.cash,energy,2023-05-30,-1,0.096267,-0.73748,SEAS10,0.83375,1,against,False,SEAS (bernd_bias bug)
UKOIL.cash,energy,2023-06-13,1,0.65144,0.058776,SEAS10,0.59266,1,agree,False,SEAS (bernd_bias bug)
UKOIL.cash,energy,2023-06-27,1,0.89261,0.15725,SEAS10,0.73536,1,agree,False,SEAS (bernd_bias bug)
UKOIL.cash,energy,2023-07-11,-1,-2.1058,-0.68046,SEAS10,-1.4253,0,neutral,False,SEAS (bernd_bias bug)
UKOIL.cash,energy,2023-07-25,-1,-1.8662,-1.2033,SEAS10,-0.66293,0,neutral,False,SEAS (bernd_bias bug)
UKOIL.cash,energy,2023-08-08,1,-0.077744,0.32302,SEAS10,-0.40076,0,neutral,False,SEAS (bernd_bias bug)
UKOIL.cash,energy,2023-08-22,1,1.5625,0.25338,SEAS10,1.3091,0,neutral,False,SEAS (bernd_bias bug)
UKOIL.cash,energy,2023-09-05,1,1.8808,0.059909,SEAS10,1.8209,1,agree,False,SEAS (bernd_bias bug)
UKOIL.cash,energy,2023-09-19,1,-0.69807,0.2613,SEAS10,-0.95937,1,agree,False,SEAS (bernd_bias bug)
UKOIL.cash,energy,2023-10-03,1,-0.99155,0.38146,SEAS10,-1.373,0,neutral,False,SEAS (bernd_bias bug)
UKOIL.cash,energy,2023-10-17,-1,-0.41595,-0.65413,SEAS10,0.23817,0,neutral,False,SEAS (bernd_bias bug)
UKOIL.cash,energy,2023-10-31,1,-0.90027,0.24978,SEAS10,-1.15,0,neutral,False,SEAS (bernd_bias bug)
UKOIL.cash,energy,2023-11-14,1,-0.98245,0.054733,SEAS10,-1.0372,0,neutral,False,SEAS (bernd_bias bug)
UKOIL.cash,energy,2023-11-28,1,-0.8859,-0.0084555,SEAS10,-0.87744,0,neutral,False,SEAS (bernd_bias bug)
UKOIL.cash,energy,2023-12-12,1,1.0536,0.27274,SEAS10,0.78091,0,neutral,False,SEAS (bernd_bias bug)
UKOIL.cash,energy,2023-12-27,1,-0.89558,0.0081891,SEAS10,-0.90377,0,neutral,False,SEAS (bernd_bias bug)
UKOIL.cash,energy,2024-01-11,1,0.83741,-0.019228,SEAS10,0.85664,0,neutral,False,SEAS (bernd_bias bug)
UKOIL.cash,energy,2024-01-25,1,0.064001,0.057394,SEAS10,0.0066069,0,neutral,False,SEAS (bernd_bias bug)
UKOIL.cash,energy,2024-02-08,1,1.1372,0.47246,SEAS10,0.66476,0,neutral,False,SEAS (bernd_bias bug)
UKOIL.cash,energy,2024-02-22,1,0.34944,0.14799,SEAS10,0.20145,0,neutral,False,SEAS (bernd_bias bug)
UKOIL.cash,energy,2024-03-07,-1,-2.1969,-1.2155,SEAS10,-0.98138,0,neutral,False,SEAS (bernd_bias bug)
UKOIL.cash,energy,2024-03-21,1,1.7647,0.081539,SEAS10,1.6832,-1,against,False,SEAS (bernd_bias bug)
UKOIL.cash,energy,2024-04-05,-1,-0.052131,-1.449,SEAS10,1.3969,0,neutral,False,SEAS (bernd_bias bug)
UKOIL.cash,energy,2024-04-19,-1,-1.0081,-1.1091,SEAS10,0.10097,0,neutral,False,SEAS (bernd_bias bug)
UKOIL.cash,energy,2024-05-03,1,0.01364,0.10141,SEAS10,-0.087772,0,neutral,False,SEAS (bernd_bias bug)
UKOIL.cash,energy,2024-05-17,1,-0.14711,0.14636,SEAS10,-0.29347,0,neutral,False,SEAS (bernd_bias bug)
UKOIL.cash,energy,2024-05-31,1,-0.90805,0.25802,SEAS10,-1.1661,0,neutral,False,SEAS (bernd_bias bug)
UKOIL.cash,energy,2024-06-14,1,1.5352,0.32872,SEAS10,1.2065,-1,against,False,SEAS (bernd_bias bug)
UKOIL.cash,energy,2024-06-28,1,0.28858,0.26961,SEAS10,0.018962,0,neutral,False,SEAS (bernd_bias bug)
UKOIL.cash,energy,2024-07-12,1,-0.82107,-0.19191,SEAS10,-0.62916,-1,against,False,SEAS (bernd_bias bug)
UKOIL.cash,energy,2024-07-26,-1,-0.56155,-1.055,SEAS10,0.49342,0,neutral,False,SEAS (bernd_bias bug)
UKOIL.cash,energy,2024-08-09,1,-0.31832,0.10498,SEAS10,-0.4233,0,neutral,False,SEAS (bernd_bias bug)
UKOIL.cash,energy,2024-08-23,1,-0.67993,0.087655,SEAS10,-0.76759,0,neutral,False,SEAS (bernd_bias bug)
UKOIL.cash,energy,2024-09-06,1,0.5503,-0.20378,SEAS10,0.75408,0,neutral,False,SEAS (bernd_bias bug)
UKOIL.cash,energy,2024-09-20,1,0.96524,0.099357,SEAS10,0.86588,0,neutral,False,SEAS (bernd_bias bug)
UKOIL.cash,energy,2024-10-04,1,-0.50112,0.40612,SEAS10,-0.90724,0,neutral,False,SEAS (bernd_bias bug)
UKOIL.cash,energy,2024-10-18,-1,-0.82677,-1.1842,SEAS10,0.35739,0,neutral,False,SEAS (bernd_bias bug)
UKOIL.cash,energy,2024-11-01,-1,-0.57281,-1.0081,SEAS10,0.43532,0,neutral,False,SEAS (bernd_bias bug)
UKOIL.cash,energy,2024-11-15,-1,-1.2564,-0.96642,SEAS10,-0.29003,0,neutral,False,SEAS (bernd_bias bug)
UKOIL.cash,energy,2024-11-29,1,0.50469,-0.006226,SEAS10,0.51092,0,neutral,False,SEAS (bernd_bias bug)
UKOIL.cash,energy,2024-12-13,1,0.4237,0.15372,SEAS10,0.26999,0,neutral,False,SEAS (bernd_bias bug)
UKOIL.cash,energy,2024-12-30,1,2.9158,0.17417,SEAS10,2.7416,0,neutral,False,SEAS (bernd_bias bug)
UKOIL.cash,energy,2025-01-14,1,-0.78199,-0.0053352,SEAS10,-0.77666,0,neutral,False,SEAS (bernd_bias bug)
UKOIL.cash,energy,2025-01-28,1,0.1356,0.14828,SEAS10,-0.012686,0,neutral,False,SEAS (bernd_bias bug)
UKOIL.cash,energy,2025-02-11,1,-0.17952,0.25378,SEAS10,-0.4333,0,neutral,False,SEAS (bernd_bias bug)
UKOIL.cash,energy,2025-02-25,-1,0.25027,-0.9168,SEAS10,1.1671,0,neutral,False,SEAS (bernd_bias bug)
UKOIL.cash,energy,2025-03-11,-1,-1.9623,-1.2077,SEAS10,-0.75466,-1,agree,False,SEAS (bernd_bias bug)
UKOIL.cash,energy,2025-03-25,1,-0.78333,-0.0067158,SEAS10,-0.77661,-1,against,False,SEAS (bernd_bias bug)
UKOIL.cash,energy,2025-04-08,-1,-1.7271,-1.069,SEAS10,-0.65815,-1,agree,False,SEAS (bernd_bias bug)
UKOIL.cash,energy,2025-04-23,1,-0.90344,0.11766,SEAS10,-1.0211,0,neutral,False,SEAS (bernd_bias bug)
UKOIL.cash,energy,2025-05-07,1,0.70406,-0.030823,SEAS10,0.73488,0,neutral,False,SEAS (bernd_bias bug)
UKOIL.cash,energy,2025-05-21,-1,-1.0745,-1.2615,SEAS10,0.18691,-1,agree,False,SEAS (bernd_bias bug)
UKOIL.cash,energy,2025-06-04,1,3.3719,0.086134,SEAS10,3.2858,-1,against,False,SEAS (bernd_bias bug)
UKOIL.cash,energy,2025-06-18,1,-0.91635,0.20902,SEAS10,-1.1254,-1,against,False,SEAS (bernd_bias bug)
UKOIL.cash,energy,2025-07-02,-1,-1.0168,-1.2175,SEAS10,0.20072,0,neutral,False,SEAS (bernd_bias bug)
UKOIL.cash,energy,2025-07-16,1,0.90959,-0.027749,SEAS10,0.93734,0,neutral,False,SEAS (bernd_bias bug)
UKOIL.cash,energy,2025-07-30,-1,0.38457,-1.0011,SEAS10,1.3857,0,neutral,False,SEAS (bernd_bias bug)
UKOIL.cash,energy,2025-08-13,1,0.55237,0.43047,SEAS10,0.12189,0,neutral,False,SEAS (bernd_bias bug)
UKOIL.cash,energy,2025-08-27,-1,-1.3465,-1.0174,SEAS10,-0.32915,0,neutral,False,SEAS (bernd_bias bug)
UKOIL.cash,energy,2025-09-10,1,0.70482,0.12204,SEAS10,0.58278,0,neutral,False,SEAS (bernd_bias bug)
UKOIL.cash,energy,2025-09-24,1,-0.78901,0.24971,SEAS10,-1.0387,0,neutral,False,SEAS (bernd_bias bug)
UKOIL.cash,energy,2025-10-08,-1,-0.10059,-0.79524,SEAS10,0.69466,0,neutral,False,SEAS (bernd_bias bug)
UKOIL.cash,energy,2025-10-22,-1,-1.0982,-1.0696,SEAS10,-0.0286,0,neutral,False,SEAS (bernd_bias bug)
UKOIL.cash,energy,2025-11-05,-1,-1.5693,-0.65399,SEAS10,-0.91534,0,neutral,False,SEAS (bernd_bias bug)
UKOIL.cash,energy,2025-11-19,-1,-0.94897,-0.65742,SEAS10,-0.29155,0,neutral,False,SEAS (bernd_bias bug)
UKOIL.cash,energy,2025-12-03,1,-0.64988,-0.075086,SEAS10,-0.5748,0,neutral,False,SEAS (bernd_bias bug)
UKOIL.cash,energy,2025-12-17,1,1.0117,0.40985,SEAS10,0.60183,0,neutral,False,SEAS (bernd_bias bug)
UKOIL.cash,energy,2026-01-02,1,1.3884,0.55314,SEAS10,0.8353,0,neutral,False,SEAS (bernd_bias bug)
UKOIL.cash,energy,2026-01-16,1,2.1676,0.25724,SEAS10,1.9104,0,neutral,False,SEAS (bernd_bias bug)
UKOIL.cash,energy,2026-01-30,1,-0.94003,0.6665,SEAS10,-1.6065,0,neutral,False,SEAS (bernd_bias bug)
UKOIL.cash,energy,2026-02-13,1,1.094,0.73861,SEAS10,0.35539,0,neutral,False,SEAS (bernd_bias bug)
UKOIL.cash,energy,2026-02-27,-1,-1.8775,-0.49842,SEAS10,-1.3791,0,neutral,False,SEAS (bernd_bias bug)
UKOIL.cash,energy,2026-03-13,-1,-1.1887,-0.90724,SEAS10,-0.28142,0,neutral,False,SEAS (bernd_bias bug)
UKOIL.cash,energy,2026-03-27,1,-0.3532,0.43128,SEAS10,-0.78449,0,neutral,False,SEAS (bernd_bias bug)
UKOIL.cash,energy,2026-04-13,-1,-0.31192,-0.62721,SEAS10,0.31529,0,neutral,False,SEAS (bernd_bias bug)
UKOIL.cash,energy,2026-04-27,1,-0.19288,0.3845,SEAS10,-0.57739,0,neutral,False,SEAS (bernd_bias bug)
UKOIL.cash,energy,2026-05-11,1,-0.2087,0.867,SEAS10,-1.0757,0,neutral,False,SEAS (bernd_bias bug)
UKOIL.cash,energy,2026-05-25,1,-0.30542,0.24632,SEAS10,-0.55175,0,neutral,False,SEAS (bernd_bias bug)
UKOIL.cash,energy,2026-06-08,1,-0.98232,1.1168,SEAS10,-2.0991,0,neutral,False,SEAS (bernd_bias bug)
UKOIL.cash,energy,2026-06-22,1,-0.9885,0.25035,SEAS10,-1.2388,0,neutral,False,SEAS (bernd_bias bug)
UKOIL.cash,energy,2026-07-06,-1,-1.0876,-0.79879,SEAS10,-0.28886,0,neutral,False,SEAS (bernd_bias bug)
UKOIL.cash,energy,2026-07-20,1,-0.91957,1.086,SEAS10,-2.0056,0,neutral,False,SEAS (bernd_bias bug)
UKOIL.cash,energy,2026-08-03,-1,-0.84689,-0.83621,SEAS10,-0.01068,0,neutral,False,SEAS (bernd_bias bug)
UKOIL.cash,energy,2026-08-17,1,0.14482,1.0681,SEAS10,-0.92325,0,neutral,False,SEAS (bernd_bias bug)
UKOIL.cash,energy,2026-08-31,-1,-1.091,-0.48682,SEAS10,-0.6042,0,neutral,False,SEAS (bernd_bias bug)
UKOIL.cash,energy,2026-09-14,1,-0.93286,-0.052634,SEAS10,-0.88022,1,agree,False,SEAS (bernd_bias bug)
UKOIL.cash,energy,2026-09-28,1,0.33018,0.35651,SEAS10,-0.026328,1,agree,False,SEAS (bernd_bias bug)
UKOIL.cash,energy,2016-05-24,1,1.1167,0.40217,SEAS20,0.7145,0,neutral,False,SEAS (bernd_bias bug)
UKOIL.cash,energy,2016-06-21,1,-0.93154,1.1886,SEAS20,-2.1202,0,neutral,False,SEAS (bernd_bias bug)
UKOIL.cash,energy,2016-07-19,1,-0.81602,1.1365,SEAS20,-1.9525,0,neutral,False,SEAS (bernd_bias bug)
UKOIL.cash,energy,2016-08-16,1,-0.59096,0.34724,SEAS20,-0.9382,0,neutral,False,SEAS (bernd_bias bug)
UKOIL.cash,energy,2016-09-13,1,2.0989,0.31012,SEAS20,1.7888,0,neutral,False,SEAS (bernd_bias bug)
UKOIL.cash,energy,2016-10-11,1,-0.58023,0.2056,SEAS20,-0.78583,0,neutral,False,SEAS (bernd_bias bug)
UKOIL.cash,energy,2016-11-08,1,3.8479,0.63173,SEAS20,3.2162,-1,against,False,SEAS (bernd_bias bug)
UKOIL.cash,energy,2016-12-06,1,1.2518,0.36534,SEAS20,0.8865,0,neutral,False,SEAS (bernd_bias bug)
UKOIL.cash,energy,2017-01-05,1,0.93731,0.77379,SEAS20,0.16352,0,neutral,False,SEAS (bernd_bias bug)
UKOIL.cash,energy,2017-02-02,1,0.5548,1.0896,SEAS20,-0.53482,0,neutral,False,SEAS (bernd_bias bug)
UKOIL.cash,energy,2017-03-02,1,-0.76846,1.1884,SEAS20,-1.9569,0,neutral,False,SEAS (bernd_bias bug)
UKOIL.cash,energy,2017-03-30,1,0.50613,1.2498,SEAS20,-0.74371,0,neutral,False,SEAS (bernd_bias bug)
UKOIL.cash,energy,2017-04-28,1,-0.788,0.79439,SEAS20,-1.5824,0,neutral,False,SEAS (bernd_bias bug)
UKOIL.cash,energy,2017-05-26,1,-0.68054,1.3675,SEAS20,-2.0481,0,neutral,False,SEAS (bernd_bias bug)
UKOIL.cash,energy,2017-06-23,1,2.2901,0.61404,SEAS20,1.676,-1,against,False,SEAS (bernd_bias bug)
UKOIL.cash,energy,2017-07-21,1,1.5158,0.94089,SEAS20,0.57488,0,neutral,False,SEAS (bernd_bias bug)
UKOIL.cash,energy,2017-08-18,1,2.4457,0.93667,SEAS20,1.509,0,neutral,False,SEAS (bernd_bias bug)
UKOIL.cash,energy,2017-09-15,1,1.2907,1.5728,SEAS20,-0.28204,0,neutral,False,SEAS (bernd_bias bug)
UKOIL.cash,energy,2017-10-13,1,3.8941,1.069,SEAS20,2.8252,0,neutral,False,SEAS (bernd_bias bug)
UKOIL.cash,energy,2017-11-10,1,-0.85426,0.86086,SEAS20,-1.7151,0,neutral,False,SEAS (bernd_bias bug)
UKOIL.cash,energy,2017-12-08,1,3.6406,1.1095,SEAS20,2.5311,-1,against,False,SEAS (bernd_bias bug)
UKOIL.cash,energy,2018-01-09,1,0.48636,0.68486,SEAS20,-0.1985,0,neutral,False,SEAS (bernd_bias bug)
UKOIL.cash,energy,2018-02-06,1,-0.94911,1.2252,SEAS20,-2.1743,0,neutral,False,SEAS (bernd_bias bug)
UKOIL.cash,energy,2018-03-06,1,1.344,0.49471,SEAS20,0.84929,0,neutral,False,SEAS (bernd_bias bug)
UKOIL.cash,energy,2018-04-04,1,2.482,0.1717,SEAS20,2.3103,0,neutral,False,SEAS (bernd_bias bug)
UKOIL.cash,energy,2018-05-02,1,1.3697,0.53945,SEAS20,0.8302,0,neutral,False,SEAS (bernd_bias bug)
UKOIL.cash,energy,2018-05-30,1,-0.52922,0.57273,SEAS20,-1.102,0,neutral,False,SEAS (bernd_bias bug)
UKOIL.cash,energy,2018-06-27,1,-0.60847,0.0030587,SEAS20,-0.61153,0,neutral,False,SEAS (bernd_bias bug)
UKOIL.cash,energy,2018-07-25,1,0.24606,-0.12867,SEAS20,0.37472,-1,against,False,SEAS (bernd_bias bug)
UKOIL.cash,energy,2018-08-22,1,2.5458,0.76434,SEAS20,1.7815,-1,against,False,SEAS (bernd_bias bug)
UKOIL.cash,energy,2018-09-19,1,1.7087,0.69233,SEAS20,1.0164,-1,against,False,SEAS (bernd_bias bug)
UKOIL.cash,energy,2018-10-17,1,-0.86978,0.29636,SEAS20,-1.1661,-1,against,False,SEAS (bernd_bias bug)
UKOIL.cash,energy,2018-11-14,1,-0.85305,-0.17645,SEAS20,-0.6766,0,neutral,False,SEAS (bernd_bias bug)
UKOIL.cash,energy,2018-12-12,1,-0.88934,0.60404,SEAS20,-1.4934,0,neutral,False,SEAS (bernd_bias bug)
UKOIL.cash,energy,2019-01-11,1,0.47797,1.0418,SEAS20,-0.56388,0,neutral,False,SEAS (bernd_bias bug)
UKOIL.cash,energy,2019-02-08,1,1.8123,0.47818,SEAS20,1.3341,0,neutral,False,SEAS (bernd_bias bug)
UKOIL.cash,energy,2019-03-08,1,1.8506,0.68809,SEAS20,1.1625,0,neutral,False,SEAS (bernd_bias bug)
UKOIL.cash,energy,2019-04-05,1,1.4778,0.24322,SEAS20,1.2345,0,neutral,False,SEAS (bernd_bias bug)
UKOIL.cash,energy,2019-05-06,1,-0.51609,0.50296,SEAS20,-1.019,1,agree,False,SEAS (bernd_bias bug)
UKOIL.cash,energy,2019-06-03,1,1.2775,0.66578,SEAS20,0.61167,1,agree,False,SEAS (bernd_bias bug)
UKOIL.cash,energy,2019-07-01,1,-0.96831,0.65082,SEAS20,-1.6191,1,agree,False,SEAS (bernd_bias bug)
UKOIL.cash,energy,2019-07-29,1,-0.84622,0.68818,SEAS20,-1.5344,0,neutral,False,SEAS (bernd_bias bug)
UKOIL.cash,energy,2019-08-26,1,2.0142,0.35408,SEAS20,1.6601,1,agree,False,SEAS (bernd_bias bug)
UKOIL.cash,energy,2019-09-23,1,-0.88321,0.29304,SEAS20,-1.1762,0,neutral,False,SEAS (bernd_bias bug)
UKOIL.cash,energy,2019-10-21,1,1.7226,0.90465,SEAS20,0.81793,0,neutral,False,SEAS (bernd_bias bug)
UKOIL.cash,energy,2019-11-18,1,-0.95958,0.29108,SEAS20,-1.2507,0,neutral,False,SEAS (bernd_bias bug)
UKOIL.cash,energy,2019-12-16,1,0.67252,0.54217,SEAS20,0.13035,1,agree,False,SEAS (bernd_bias bug)
UKOIL.cash,energy,2020-01-15,1,-0.7805,0.93217,SEAS20,-1.7127,1,agree,False,SEAS (bernd_bias bug)
UKOIL.cash,energy,2020-02-12,1,-0.65009,0.78741,SEAS20,-1.4375,1,agree,False,SEAS (bernd_bias bug)
UKOIL.cash,energy,2020-03-11,1,-0.92527,1.1102,SEAS20,-2.0354,0,neutral,False,SEAS (bernd_bias bug)
UKOIL.cash,energy,2020-04-08,1,-0.86892,0.80587,SEAS20,-1.6748,1,agree,False,SEAS (bernd_bias bug)
UKOIL.cash,energy,2020-05-07,1,1.836,0.22407,SEAS20,1.6119,0,neutral,False,SEAS (bernd_bias bug)
UKOIL.cash,energy,2020-06-04,1,1.1173,0.092009,SEAS20,1.0253,0,neutral,False,SEAS (bernd_bias bug)
UKOIL.cash,energy,2020-07-02,1,1.0993,0.026391,SEAS20,1.0729,0,neutral,False,SEAS (bernd_bias bug)
UKOIL.cash,energy,2020-07-30,1,1.8583,0.62656,SEAS20,1.2318,0,neutral,False,SEAS (bernd_bias bug)
UKOIL.cash,energy,2020-08-27,1,-0.75251,0.61555,SEAS20,-1.3681,0,neutral,False,SEAS (bernd_bias bug)
UKOIL.cash,energy,2020-09-24,1,-0.79187,0.42288,SEAS20,-1.2148,0,neutral,False,SEAS (bernd_bias bug)
UKOIL.cash,energy,2020-10-22,1,-0.81039,0.65166,SEAS20,-1.4621,-1,against,False,SEAS (bernd_bias bug)
UKOIL.cash,energy,2020-11-19,1,2.5818,0.52165,SEAS20,2.0602,0,neutral,False,SEAS (bernd_bias bug)
UKOIL.cash,energy,2020-12-17,1,2.1982,0.45395,SEAS20,1.7442,0,neutral,False,SEAS (bernd_bias bug)
UKOIL.cash,energy,2021-01-18,1,2.9434,0.63098,SEAS20,2.3125,0,neutral,False,SEAS (bernd_bias bug)
UKOIL.cash,energy,2021-02-15,1,3.3273,0.57071,SEAS20,2.7566,0,neutral,False,SEAS (bernd_bias bug)
UKOIL.cash,energy,2021-03-15,1,-0.96792,0.85095,SEAS20,-1.8189,0,neutral,False,SEAS (bernd_bias bug)
UKOIL.cash,energy,2021-04-13,1,1.4042,0.89666,SEAS20,0.50756,0,neutral,False,SEAS (bernd_bias bug)
UKOIL.cash,energy,2021-05-11,1,-0.79964,0.84486,SEAS20,-1.6445,0,neutral,False,SEAS (bernd_bias bug)
UKOIL.cash,energy,2021-06-08,1,2.1795,1.2159,SEAS20,0.96355,0,neutral,False,SEAS (bernd_bias bug)
UKOIL.cash,energy,2021-07-06,1,-0.99457,1.2497,SEAS20,-2.2443,0,neutral,False,SEAS (bernd_bias bug)
UKOIL.cash,energy,2021-08-03,1,-0.89878,0.96844,SEAS20,-1.8672,0,neutral,False,SEAS (bernd_bias bug)
UKOIL.cash,energy,2021-08-31,1,2.1145,0.89627,SEAS20,1.2183,0,neutral,False,SEAS (bernd_bias bug)
UKOIL.cash,energy,2021-09-28,1,2.6263,1.1927,SEAS20,1.4336,0,neutral,False,SEAS (bernd_bias bug)
UKOIL.cash,energy,2021-10-26,1,-0.86153,1.016,SEAS20,-1.8775,0,neutral,False,SEAS (bernd_bias bug)
UKOIL.cash,energy,2021-11-23,1,-0.96909,0.80653,SEAS20,-1.7756,-1,against,False,SEAS (bernd_bias bug)
UKOIL.cash,energy,2021-12-21,1,2.7155,1.3494,SEAS20,1.366,0,neutral,False,SEAS (bernd_bias bug)
UKOIL.cash,energy,2022-01-19,1,1.3567,0.33425,SEAS20,1.0225,-1,against,False,SEAS (bernd_bias bug)
UKOIL.cash,energy,2022-02-16,1,1.4764,0.24822,SEAS20,1.2282,0,neutral,False,SEAS (bernd_bias bug)
UKOIL.cash,energy,2022-03-16,1,0.57748,0.43367,SEAS20,0.14381,-1,against,False,SEAS (bernd_bias bug)
UKOIL.cash,energy,2022-04-13,1,0.28494,0.21053,SEAS20,0.07441,0,neutral,False,SEAS (bernd_bias bug)
UKOIL.cash,energy,2022-05-12,1,1.876,0.21903,SEAS20,1.657,0,neutral,False,SEAS (bernd_bias bug)
UKOIL.cash,energy,2022-06-09,1,-0.93586,0.15645,SEAS20,-1.0923,0,neutral,False,SEAS (bernd_bias bug)
UKOIL.cash,energy,2022-07-07,1,0.042729,-0.11904,SEAS20,0.16177,0,neutral,False,SEAS (bernd_bias bug)
UKOIL.cash,energy,2022-08-04,1,-0.019354,0.16808,SEAS20,-0.18743,0,neutral,False,SEAS (bernd_bias bug)
UKOIL.cash,energy,2022-09-01,1,-0.93642,1.1415,SEAS20,-2.0779,0,neutral,False,SEAS (bernd_bias bug)
UKOIL.cash,energy,2022-09-29,1,1.1077,0.11894,SEAS20,0.98877,0,neutral,False,SEAS (bernd_bias bug)
UKOIL.cash,energy,2022-10-27,1,-0.74625,-0.05286,SEAS20,-0.69339,0,neutral,False,SEAS (bernd_bias bug)
UKOIL.cash,energy,2022-11-24,1,-0.85252,0.4601,SEAS20,-1.3126,0,neutral,False,SEAS (bernd_bias bug)
UKOIL.cash,energy,2022-12-22,1,1.1687,0.52265,SEAS20,0.64607,0,neutral,False,SEAS (bernd_bias bug)
UKOIL.cash,energy,2023-01-23,1,-0.8748,-0.12066,SEAS20,-0.75414,0,neutral,False,SEAS (bernd_bias bug)
UKOIL.cash,energy,2023-02-20,1,-0.66861,0.0068292,SEAS20,-0.67544,0,neutral,False,SEAS (bernd_bias bug)
UKOIL.cash,energy,2023-03-20,1,2.3677,0.082125,SEAS20,2.2856,0,neutral,False,SEAS (bernd_bias bug)
UKOIL.cash,energy,2023-04-18,1,-0.8741,-0.21847,SEAS20,-0.65564,0,neutral,False,SEAS (bernd_bias bug)
UKOIL.cash,energy,2023-05-16,1,-0.29873,0.18053,SEAS20,-0.47926,0,neutral,False,SEAS (bernd_bias bug)
UKOIL.cash,energy,2023-06-13,1,1.5832,0.4583,SEAS20,1.1249,1,agree,False,SEAS (bernd_bias bug)
UKOIL.cash,energy,2023-07-11,1,2.4535,0.010299,SEAS20,2.4432,0,neutral,False,SEAS (bernd_bias bug)
UKOIL.cash,energy,2023-08-08,1,-0.69855,0.070874,SEAS20,-0.76942,0,neutral,False,SEAS (bernd_bias bug)
UKOIL.cash,energy,2023-09-05,1,1.2547,0.20056,SEAS20,1.0542,1,agree,False,SEAS (bernd_bias bug)
UKOIL.cash,energy,2023-10-03,1,-0.99155,0.29259,SEAS20,-1.2841,0,neutral,False,SEAS (bernd_bias bug)
UKOIL.cash,energy,2023-10-31,1,-0.90027,0.15042,SEAS20,-1.0507,0,neutral,False,SEAS (bernd_bias bug)
UKOIL.cash,energy,2023-11-28,1,-0.8859,0.36301,SEAS20,-1.2489,0,neutral,False,SEAS (bernd_bias bug)
UKOIL.cash,energy,2023-12-27,1,-0.89558,0.29039,SEAS20,-1.186,0,neutral,False,SEAS (bernd_bias bug)
UKOIL.cash,energy,2024-01-25,1,1.0874,0.84443,SEAS20,0.24297,0,neutral,False,SEAS (bernd_bias bug)
UKOIL.cash,energy,2024-02-22,1,1.3956,0.56015,SEAS20,0.83542,0,neutral,False,SEAS (bernd_bias bug)
UKOIL.cash,energy,2024-03-21,1,0.7827,0.45507,SEAS20,0.32764,-1,against,False,SEAS (bernd_bias bug)
UKOIL.cash,energy,2024-04-19,1,-0.68542,0.48996,SEAS20,-1.1754,0,neutral,False,SEAS (bernd_bias bug)
UKOIL.cash,energy,2024-05-17,1,-0.61365,0.34648,SEAS20,-0.96013,0,neutral,False,SEAS (bernd_bias bug)
UKOIL.cash,energy,2024-06-14,1,1.8693,0.86725,SEAS20,1.0021,-1,against,False,SEAS (bernd_bias bug)
UKOIL.cash,energy,2024-07-12,1,-0.82107,0.75678,SEAS20,-1.5778,-1,against,False,SEAS (bernd_bias bug)
UKOIL.cash,energy,2024-08-09,1,-0.52609,0.35031,SEAS20,-0.87641,0,neutral,False,SEAS (bernd_bias bug)
UKOIL.cash,energy,2024-09-06,1,1.5493,0.58301,SEAS20,0.96624,0,neutral,False,SEAS (bernd_bias bug)
UKOIL.cash,energy,2024-10-04,1,-0.77125,0.83189,SEAS20,-1.6031,0,neutral,False,SEAS (bernd_bias bug)
UKOIL.cash,energy,2024-11-01,1,0.16603,0.63392,SEAS20,-0.46789,0,neutral,False,SEAS (bernd_bias bug)
UKOIL.cash,energy,2024-11-29,1,0.87433,0.62401,SEAS20,0.25032,0,neutral,False,SEAS (bernd_bias bug)
UKOIL.cash,energy,2024-12-30,1,1.8824,0.24916,SEAS20,1.6332,0,neutral,False,SEAS (bernd_bias bug)
UKOIL.cash,energy,2025-01-28,1,-0.033713,-0.31939,SEAS20,0.28567,0,neutral,False,SEAS (bernd_bias bug)
UKOIL.cash,energy,2025-02-25,1,-0.84046,0.13043,SEAS20,-0.97089,0,neutral,False,SEAS (bernd_bias bug)
UKOIL.cash,energy,2025-03-25,1,-0.78333,0.19591,SEAS20,-0.97924,-1,against,False,SEAS (bernd_bias bug)
UKOIL.cash,energy,2025-04-23,1,-0.90344,-0.11677,SEAS20,-0.78667,0,neutral,False,SEAS (bernd_bias bug)
UKOIL.cash,energy,2025-05-21,1,3.0906,0.024539,SEAS20,3.066,-1,against,False,SEAS (bernd_bias bug)
UKOIL.cash,energy,2025-06-18,1,-0.91635,0.06939,SEAS20,-0.98574,-1,against,False,SEAS (bernd_bias bug)
UKOIL.cash,energy,2025-07-16,1,-0.16767,0.16364,SEAS20,-0.3313,0,neutral,False,SEAS (bernd_bias bug)
UKOIL.cash,energy,2025-08-13,1,0.71668,-0.034994,SEAS20,0.75167,0,neutral,False,SEAS (bernd_bias bug)
UKOIL.cash,energy,2025-09-10,1,0.47948,-0.17179,SEAS20,0.65126,0,neutral,False,SEAS (bernd_bias bug)
UKOIL.cash,energy,2025-10-08,1,-0.96711,0.22629,SEAS20,-1.1934,0,neutral,False,SEAS (bernd_bias bug)
UKOIL.cash,energy,2025-11-05,1,0.12818,-0.29483,SEAS20,0.42301,0,neutral,False,SEAS (bernd_bias bug)
UKOIL.cash,energy,2025-12-03,1,-0.64988,0.28943,SEAS20,-0.93931,0,neutral,False,SEAS (bernd_bias bug)
UKOIL.cash,energy,2026-01-02,1,4.2442,0.94371,SEAS20,3.3005,0,neutral,False,SEAS (bernd_bias bug)
UKOIL.cash,energy,2026-01-30,1,-0.94003,1.8837,SEAS20,-2.8238,0,neutral,False,SEAS (bernd_bias bug)
UKOIL.cash,energy,2026-02-27,-1,-1.8775,-1.3034,SEAS20,-0.57407,0,neutral,False,SEAS (bernd_bias bug)
UKOIL.cash,energy,2026-03-27,1,0.23318,1.2749,SEAS20,-1.0417,0,neutral,False,SEAS (bernd_bias bug)
UKOIL.cash,energy,2026-04-27,1,-0.070821,0.61691,SEAS20,-0.68773,0,neutral,False,SEAS (bernd_bias bug)
UKOIL.cash,energy,2026-05-25,1,-0.88978,1.1852,SEAS20,-2.075,0,neutral,False,SEAS (bernd_bias bug)
UKOIL.cash,energy,2026-06-22,1,-0.9885,1.6615,SEAS20,-2.65,0,neutral,False,SEAS (bernd_bias bug)
UKOIL.cash,energy,2026-07-20,1,-0.91957,1.4112,SEAS20,-2.3308,0,neutral,False,SEAS (bernd_bias bug)
UKOIL.cash,energy,2026-08-17,1,2.0423,2.4584,SEAS20,-0.41608,0,neutral,False,SEAS (bernd_bias bug)
UKOIL.cash,energy,2026-09-14,1,-0.93286,2.1749,SEAS20,-3.1078,1,agree,False,SEAS (bernd_bias bug)
UKOIL.cash,energy,2016-06-07,1,-0.7571,0.89068,SEAS30,-1.6478,0,neutral,False,SEAS (bernd_bias bug)
UKOIL.cash,energy,2016-07-19,1,-0.81602,0.886,SEAS30,-1.702,0,neutral,False,SEAS (bernd_bias bug)
UKOIL.cash,energy,2016-08-30,1,-0.95949,-0.047334,SEAS30,-0.91216,0,neutral,False,SEAS (bernd_bias bug)
UKOIL.cash,energy,2016-10-11,1,-0.58023,1.2939,SEAS30,-1.8741,0,neutral,False,SEAS (bernd_bias bug)
UKOIL.cash,energy,2016-11-22,1,3.3743,0.56918,SEAS30,2.8051,0,neutral,False,SEAS (bernd_bias bug)
UKOIL.cash,energy,2017-01-05,1,1.0424,1.2196,SEAS30,-0.17724,0,neutral,False,SEAS (bernd_bias bug)
UKOIL.cash,energy,2017-02-16,1,-0.30948,1.9103,SEAS30,-2.2197,0,neutral,False,SEAS (bernd_bias bug)
UKOIL.cash,energy,2017-03-30,1,0.014553,1.0941,SEAS30,-1.0796,0,neutral,False,SEAS (bernd_bias bug)
UKOIL.cash,energy,2017-05-12,1,-0.24826,0.89919,SEAS30,-1.1474,0,neutral,False,SEAS (bernd_bias bug)
UKOIL.cash,energy,2017-06-23,1,3.7724,0.82237,SEAS30,2.9501,-1,against,False,SEAS (bernd_bias bug)
UKOIL.cash,energy,2017-08-04,1,2.3717,1.9009,SEAS30,0.47082,0,neutral,False,SEAS (bernd_bias bug)
UKOIL.cash,energy,2017-09-15,1,2.9543,0.62311,SEAS30,2.3311,0,neutral,False,SEAS (bernd_bias bug)
UKOIL.cash,energy,2017-10-27,1,2.6985,1.2592,SEAS30,1.4393,0,neutral,False,SEAS (bernd_bias bug)
UKOIL.cash,energy,2017-12-08,1,4.6899,0.6611,SEAS30,4.0288,-1,against,False,SEAS (bernd_bias bug)
UKOIL.cash,energy,2018-01-23,1,-0.48868,1.5767,SEAS30,-2.0653,0,neutral,False,SEAS (bernd_bias bug)
UKOIL.cash,energy,2018-03-06,1,2.6475,0.55141,SEAS30,2.0961,0,neutral,False,SEAS (bernd_bias bug)
UKOIL.cash,energy,2018-04-18,1,2.223,1.1088,SEAS30,1.1142,0,neutral,False,SEAS (bernd_bias bug)
UKOIL.cash,energy,2018-05-30,1,-0.52922,0.23705,SEAS30,-0.76628,0,neutral,False,SEAS (bernd_bias bug)
UKOIL.cash,energy,2018-07-11,1,-1.0009,1.5764,SEAS30,-2.5772,0,neutral,False,SEAS (bernd_bias bug)
UKOIL.cash,energy,2018-08-22,1,4.9221,0.91359,SEAS30,4.0085,-1,against,False,SEAS (bernd_bias bug)
UKOIL.cash,energy,2018-10-03,1,-0.81057,1.1218,SEAS30,-1.9323,-1,against,False,SEAS (bernd_bias bug)
UKOIL.cash,energy,2018-11-14,1,-0.85305,0.59344,SEAS30,-1.4465,0,neutral,False,SEAS (bernd_bias bug)
UKOIL.cash,energy,2018-12-27,1,1.8571,0.99121,SEAS30,0.86585,0,neutral,False,SEAS (bernd_bias bug)
UKOIL.cash,energy,2019-02-08,1,2.5454,0.97819,SEAS30,1.5672,0,neutral,False,SEAS (bernd_bias bug)
UKOIL.cash,energy,2019-03-22,1,2.2854,1.2442,SEAS30,1.0412,0,neutral,False,SEAS (bernd_bias bug)
UKOIL.cash,energy,2019-05-06,1,-0.51609,1.0511,SEAS30,-1.5672,1,agree,False,SEAS (bernd_bias bug)
UKOIL.cash,energy,2019-06-17,1,1.1105,1.0252,SEAS30,0.08531,1,agree,False,SEAS (bernd_bias bug)
UKOIL.cash,energy,2019-07-29,1,-0.84622,0.83457,SEAS30,-1.6808,0,neutral,False,SEAS (bernd_bias bug)
UKOIL.cash,energy,2019-09-09,1,-0.50047,0.33394,SEAS30,-0.83441,0,neutral,False,SEAS (bernd_bias bug)
UKOIL.cash,energy,2019-10-21,1,1.3474,0.61147,SEAS30,0.73598,0,neutral,False,SEAS (bernd_bias bug)
UKOIL.cash,energy,2019-12-02,1,2.1144,0.70206,SEAS30,1.4124,1,agree,False,SEAS (bernd_bias bug)
UKOIL.cash,energy,2020-01-15,1,-0.7805,1.5156,SEAS30,-2.2961,1,agree,False,SEAS (bernd_bias bug)
UKOIL.cash,energy,2020-02-26,1,-0.98382,1.2554,SEAS30,-2.2393,0,neutral,False,SEAS (bernd_bias bug)
UKOIL.cash,energy,2020-04-08,1,-0.86892,1.4729,SEAS30,-2.3419,1,agree,False,SEAS (bernd_bias bug)
UKOIL.cash,energy,2020-05-21,1,1.9013,0.84009,SEAS30,1.0612,0,neutral,False,SEAS (bernd_bias bug)
UKOIL.cash,energy,2020-07-02,1,1.7413,0.97361,SEAS30,0.76768,0,neutral,False,SEAS (bernd_bias bug)
UKOIL.cash,energy,2020-08-13,1,-0.28291,0.99465,SEAS30,-1.2776,0,neutral,False,SEAS (bernd_bias bug)
UKOIL.cash,energy,2020-09-24,1,-0.79187,0.47233,SEAS30,-1.2642,0,neutral,False,SEAS (bernd_bias bug)
UKOIL.cash,energy,2020-11-05,1,4.3043,0.36952,SEAS30,3.9348,0,neutral,False,SEAS (bernd_bias bug)
UKOIL.cash,energy,2020-12-17,1,2.6786,0.98005,SEAS30,1.6986,0,neutral,False,SEAS (bernd_bias bug)
UKOIL.cash,energy,2021-02-01,1,5.9519,1.0637,SEAS30,4.8882,0,neutral,False,SEAS (bernd_bias bug)
UKOIL.cash,energy,2021-03-15,1,-0.96792,1.6882,SEAS30,-2.6561,0,neutral,False,SEAS (bernd_bias bug)
UKOIL.cash,energy,2021-04-27,1,2.6266,1.6405,SEAS30,0.98612,0,neutral,False,SEAS (bernd_bias bug)
UKOIL.cash,energy,2021-06-08,1,-0.088445,1.1066,SEAS30,-1.195,0,neutral,False,SEAS (bernd_bias bug)
UKOIL.cash,energy,2021-07-20,1,1.6621,1.8473,SEAS30,-0.18516,0,neutral,False,SEAS (bernd_bias bug)
UKOIL.cash,energy,2021-08-31,1,3.4924,1.0529,SEAS30,2.4395,0,neutral,False,SEAS (bernd_bias bug)
UKOIL.cash,energy,2021-10-12,1,-0.30488,0.88302,SEAS30,-1.1879,0,neutral,False,SEAS (bernd_bias bug)
UKOIL.cash,energy,2021-11-23,1,-0.96909,0.8154,SEAS30,-1.7845,-1,against,False,SEAS (bernd_bias bug)
UKOIL.cash,energy,2022-01-05,1,3.2587,0.21982,SEAS30,3.0389,-1,against,False,SEAS (bernd_bias bug)
UKOIL.cash,energy,2022-02-16,1,3.9126,0.19175,SEAS30,3.7208,0,neutral,False,SEAS (bernd_bias bug)
UKOIL.cash,energy,2022-03-30,1,0.050346,0.50336,SEAS30,-0.45302,0,neutral,False,SEAS (bernd_bias bug)
UKOIL.cash,energy,2022-05-12,1,0.34997,0.33548,SEAS30,0.01449,0,neutral,False,SEAS (bernd_bias bug)
UKOIL.cash,energy,2022-06-23,1,-0.88351,0.058073,SEAS30,-0.94158,0,neutral,False,SEAS (bernd_bias bug)
UKOIL.cash,energy,2022-08-04,1,-0.71131,0.52228,SEAS30,-1.2336,0,neutral,False,SEAS (bernd_bias bug)
UKOIL.cash,energy,2022-09-15,1,-0.92998,0.81564,SEAS30,-1.7456,0,neutral,False,SEAS (bernd_bias bug)
UKOIL.cash,energy,2022-10-27,1,-0.74625,-0.040961,SEAS30,-0.70529,0,neutral,False,SEAS (bernd_bias bug)
UKOIL.cash,energy,2022-12-08,1,1.8007,0.27989,SEAS30,1.5208,0,neutral,False,SEAS (bernd_bias bug)
UKOIL.cash,energy,2023-01-23,1,-0.8748,0.35929,SEAS30,-1.2341,0,neutral,False,SEAS (bernd_bias bug)
UKOIL.cash,energy,2023-03-06,1,-0.9506,-0.064069,SEAS30,-0.88653,0,neutral,False,SEAS (bernd_bias bug)
UKOIL.cash,energy,2023-04-18,1,-0.8741,0.24018,SEAS30,-1.1143,0,neutral,False,SEAS (bernd_bias bug)
UKOIL.cash,energy,2023-05-30,1,-0.99298,0.48046,SEAS30,-1.4734,1,agree,False,SEAS (bernd_bias bug)
UKOIL.cash,energy,2023-07-11,1,2.3711,-0.040374,SEAS30,2.4115,0,neutral,False,SEAS (bernd_bias bug)
UKOIL.cash,energy,2023-08-22,1,2.725,0.14719,SEAS30,2.5778,0,neutral,False,SEAS (bernd_bias bug)
UKOIL.cash,energy,2023-10-03,1,-0.99155,0.54215,SEAS30,-1.5337,0,neutral,False,SEAS (bernd_bias bug)
UKOIL.cash,energy,2023-11-14,1,-0.98245,0.20226,SEAS30,-1.1847,0,neutral,False,SEAS (bernd_bias bug)
UKOIL.cash,energy,2023-12-27,1,-0.89558,-0.071115,SEAS30,-0.82447,0,neutral,False,SEAS (bernd_bias bug)
UKOIL.cash,energy,2024-02-08,1,2.4727,0.29688,SEAS30,2.1758,0,neutral,False,SEAS (bernd_bias bug)
UKOIL.cash,energy,2024-03-21,1,0.36408,0.57624,SEAS30,-0.21216,-1,against,False,SEAS (bernd_bias bug)
UKOIL.cash,energy,2024-05-03,1,-0.36707,0.91092,SEAS30,-1.278,0,neutral,False,SEAS (bernd_bias bug)
UKOIL.cash,energy,2024-06-14,1,1.0788,0.53707,SEAS30,0.54177,-1,against,False,SEAS (bernd_bias bug)
UKOIL.cash,energy,2024-07-26,1,-0.89384,1.0496,SEAS30,-1.9434,0,neutral,False,SEAS (bernd_bias bug)
UKOIL.cash,energy,2024-09-06,1,1.0622,0.28444,SEAS30,0.77773,0,neutral,False,SEAS (bernd_bias bug)
UKOIL.cash,energy,2024-10-18,1,0.31159,0.35891,SEAS30,-0.047323,0,neutral,False,SEAS (bernd_bias bug)
UKOIL.cash,energy,2024-11-29,1,3.2345,0.014263,SEAS30,3.2202,0,neutral,False,SEAS (bernd_bias bug)
UKOIL.cash,energy,2025-01-14,1,-0.78199,0.12754,SEAS30,-0.90954,0,neutral,False,SEAS (bernd_bias bug)
UKOIL.cash,energy,2025-02-25,1,-0.84046,0.36948,SEAS30,-1.2099,0,neutral,False,SEAS (bernd_bias bug)
UKOIL.cash,energy,2025-04-08,1,-0.99124,0.13975,SEAS30,-1.131,-1,against,False,SEAS (bernd_bias bug)
UKOIL.cash,energy,2025-05-21,1,1.2144,-0.065118,SEAS30,1.2795,-1,against,False,SEAS (bernd_bias bug)
UKOIL.cash,energy,2025-07-02,1,0.2795,-0.20582,SEAS30,0.48533,0,neutral,False,SEAS (bernd_bias bug)
UKOIL.cash,energy,2025-08-13,1,1.3724,0.50707,SEAS30,0.86533,0,neutral,False,SEAS (bernd_bias bug)
UKOIL.cash,energy,2025-09-24,1,-0.78901,0.16673,SEAS30,-0.95574,0,neutral,False,SEAS (bernd_bias bug)
UKOIL.cash,energy,2025-11-05,1,-0.1308,0.63785,SEAS30,-0.76865,0,neutral,False,SEAS (bernd_bias bug)
UKOIL.cash,energy,2025-12-17,1,5.0968,0.49099,SEAS30,4.6058,0,neutral,False,SEAS (bernd_bias bug)
UKOIL.cash,energy,2026-01-30,1,-0.94003,1.2351,SEAS30,-2.1752,0,neutral,False,SEAS (bernd_bias bug)
UKOIL.cash,energy,2026-03-13,1,-0.79015,2.0846,SEAS30,-2.8747,0,neutral,False,SEAS (bernd_bias bug)
UKOIL.cash,energy,2026-04-27,1,-0.83033,1.6491,SEAS30,-2.4795,0,neutral,False,SEAS (bernd_bias bug)
UKOIL.cash,energy,2026-06-08,1,-0.98232,1.2952,SEAS30,-2.2776,0,neutral,False,SEAS (bernd_bias bug)
UKOIL.cash,energy,2026-07-20,1,-0.91957,0.70856,SEAS30,-1.6281,0,neutral,False,SEAS (bernd_bias bug)
UKOIL.cash,energy,2026-08-31,1,2.6848,1.6326,SEAS30,1.0521,0,neutral,False,SEAS (bernd_bias bug)
US100.cash,us_index,2020-02-28,1,-1.2363,0.026058,VAL_dxy,-1.2624,0,neutral,False,VAL_dxy
US100.cash,us_index,2020-03-13,1,1.0436,0.055161,VAL_dxy,0.98847,0,neutral,False,VAL_dxy
US100.cash,us_index,2020-03-17,1,1.4434,-0.034199,VAL_dxy,1.4776,0,neutral,False,VAL_dxy
US100.cash,us_index,2020-03-19,1,1.212,0.078593,VAL_dxy,1.1334,0,neutral,False,VAL_dxy
US100.cash,us_index,2020-03-31,-1,-0.70657,-0.82855,VAL_dxy,0.12198,0,neutral,False,VAL_dxy
US100.cash,us_index,2020-04-06,-1,-0.99748,-0.54462,VAL_dxy,-0.45286,0,neutral,False,VAL_dxy
US100.cash,us_index,2020-04-15,-1,-0.37007,-0.83644,VAL_dxy,0.46637,0,neutral,False,VAL_dxy
US100.cash,us_index,2022-01-26,1,-0.40731,-0.36554,VAL_dxy,-0.041765,0,neutral,False,VAL_dxy
US100.cash,us_index,2022-02-24,1,0.81648,-0.76133,VAL_dxy,1.5778,0,neutral,False,VAL_dxy
US100.cash,us_index,2022-03-15,1,0.6828,-0.41746,VAL_dxy,1.1003,0,neutral,False,VAL_dxy
US100.cash,us_index,2022-03-22,-1,0.29988,0.10179,VAL_dxy,0.19809,0,neutral,False,VAL_dxy
US100.cash,us_index,2022-03-28,-1,1.4278,0.78404,VAL_dxy,0.64375,0,neutral,False,VAL_dxy
US100.cash,us_index,2022-04-13,1,-1.1406,-0.93727,VAL_dxy,-0.2033,0,neutral,False,VAL_dxy
US100.cash,us_index,2022-04-19,1,-1.0326,-0.56351,VAL_dxy,-0.46906,0,neutral,False,VAL_dxy
US100.cash,us_index,2022-04-27,1,-1.1533,-0.66405,VAL_dxy,-0.48928,0,neutral,False,VAL_dxy
US100.cash,us_index,2022-05-02,1,-1.0918,-0.63393,VAL_dxy,-0.45785,0,neutral,False,VAL_dxy
US100.cash,us_index,2022-05-10,1,0.13708,-0.28878,VAL_dxy,0.42586,0,neutral,False,VAL_dxy
US100.cash,us_index,2022-05-12,1,0.38372,-0.59018,VAL_dxy,0.9739,0,neutral,False,VAL_dxy
US100.cash,us_index,2022-05-19,1,-0.52244,-0.72128,VAL_dxy,0.19884,0,neutral,False,VAL_dxy
US100.cash,us_index,2022-06-14,1,0.33978,-0.60105,VAL_dxy,0.94083,0,neutral,False,VAL_dxy
US100.cash,us_index,2022-06-17,1,0.41563,-0.75815,VAL_dxy,1.1738,0,neutral,False,VAL_dxy
US100.cash,us_index,2022-07-29,-1,-0.99182,0.28332,VAL_dxy,-1.2751,0,neutral,False,VAL_dxy
US100.cash,us_index,2022-09-26,1,-1.2348,-0.75981,VAL_dxy,-0.47503,0,neutral,False,VAL_dxy
US100.cash,us_index,2022-11-17,-1,-0.023713,0.34222,VAL_dxy,-0.36594,0,neutral,False,VAL_dxy
US100.cash,us_index,2022-11-24,-1,0.89756,0.076679,VAL_dxy,0.82089,0,neutral,False,VAL_dxy
US100.cash,us_index,2023-02-03,-1,1.1757,-0.52472,VAL_dxy,1.7004,0,neutral,False,VAL_dxy
US100.cash,us_index,2023-11-15,-1,-0.97928,-0.47516,VAL_dxy,-0.50412,0,neutral,False,VAL_dxy
US100.cash,us_index,2024-08-06,1,1.3181,0.4101,VAL_dxy,0.90798,0,neutral,False,VAL_dxy
US100.cash,us_index,2024-08-22,-1,0.45439,0.40272,VAL_dxy,0.051677,0,neutral,False,VAL_dxy
US100.cash,us_index,2024-09-09,1,1.8959,-0.091668,VAL_dxy,1.9876,0,neutral,False,VAL_dxy
US100.cash,us_index,2025-01-02,1,0.16255,-0.37717,VAL_dxy,0.53972,-1,against,False,VAL_dxy
US100.cash,us_index,2025-01-13,1,0.56126,0.12017,VAL_dxy,0.44109,0,neutral,False,VAL_dxy
US100.cash,us_index,2025-02-28,1,-1.0894,-0.33122,VAL_dxy,-0.75816,0,neutral,False,VAL_dxy
US100.cash,us_index,2025-03-07,1,-1.0442,-0.026721,VAL_dxy,-1.0175,0,neutral,False,VAL_dxy
US100.cash,us_index,2025-03-11,1,-1.228,0.012357,VAL_dxy,-1.2404,0,neutral,False,VAL_dxy
US100.cash,us_index,2025-04-07,1,2.931,0.21529,VAL_dxy,2.7157,0,neutral,False,VAL_dxy
US100.cash,us_index,2025-04-23,-1,-1.0101,-0.50619,VAL_dxy,-0.50393,-1,agree,False,VAL_dxy
US100.cash,us_index,2025-05-06,-1,-0.99476,-0.63246,VAL_dxy,-0.36229,-1,agree,False,VAL_dxy
US100.cash,us_index,2026-04-13,-1,-1.001,-0.10018,VAL_dxy,-0.90083,0,neutral,False,VAL_dxy
US100.cash,us_index,2026-08-13,-1,0.22319,-0.52763,VAL_dxy,0.75083,1,against,False,VAL_dxy
US100.cash,us_index,2019-09-13,-1,0.6274,-0.64165,VAL_dxy_level,1.2691,0,neutral,False,VAL_dxy_level
US100.cash,us_index,2019-10-17,-1,-0.96918,-0.47628,VAL_dxy_level,-0.49289,0,neutral,False,VAL_dxy_level
US100.cash,us_index,2020-05-21,-1,-0.98155,-0.050536,VAL_dxy_level,-0.93101,0,neutral,False,VAL_dxy_level
US100.cash,us_index,2022-06-10,1,-1.044,-0.3829,VAL_dxy_level,-0.66115,0,neutral,False,VAL_dxy_level
US100.cash,us_index,2022-09-05,1,-1.2513,-0.46071,VAL_dxy_level,-0.79064,-1,against,False,VAL_dxy_level
US100.cash,us_index,2023-01-06,1,2.898,0.53864,VAL_dxy_level,2.3593,0,neutral,False,VAL_dxy_level
US100.cash,us_index,2023-11-24,-1,-0.9833,-0.63849,VAL_dxy_level,-0.34481,0,neutral,False,VAL_dxy_level
US100.cash,us_index,2025-05-07,-1,-0.9988,-0.61159,VAL_dxy_level,-0.38722,-1,agree,False,VAL_dxy_level
US100.cash,us_index,2026-04-16,-1,-0.99838,-0.57666,VAL_dxy_level,-0.42173,0,neutral,False,VAL_dxy_level
US100.cash,us_index,2026-08-05,-1,0.43085,-0.45671,VAL_dxy_level,0.88755,0,neutral,False,VAL_dxy_level
US100.cash,us_index,2019-08-13,1,0.068974,0.0075594,VAL_gold,0.061415,0,neutral,False,VAL_gold
US100.cash,us_index,2019-08-15,1,0.52523,-0.45778,VAL_gold,0.98301,0,neutral,False,VAL_gold
US100.cash,us_index,2020-02-26,1,-1.0194,-0.07147,VAL_gold,-0.94798,0,neutral,False,VAL_gold
US100.cash,us_index,2020-03-17,1,1.4434,0.096334,VAL_gold,1.3471,0,neutral,False,VAL_gold
US100.cash,us_index,2020-03-27,-1,-0.71871,-0.72652,VAL_gold,0.0078094,0,neutral,False,VAL_gold
US100.cash,us_index,2020-04-07,-1,-0.99142,-0.73915,VAL_gold,-0.25227,0,neutral,False,VAL_gold
US100.cash,us_index,2020-04-09,-1,-0.84516,-0.83579,VAL_gold,-0.0093641,0,neutral,False,VAL_gold
US100.cash,us_index,2020-04-17,-1,-0.17067,-0.23113,VAL_gold,0.060457,0,neutral,False,VAL_gold
US100.cash,us_index,2020-07-13,-1,-0.57492,-0.46605,VAL_gold,-0.10887,0,neutral,False,VAL_gold
US100.cash,us_index,2020-08-21,-1,-0.99434,-0.72299,VAL_gold,-0.27135,0,neutral,False,VAL_gold
US100.cash,us_index,2020-08-28,-1,-0.99379,-0.88749,VAL_gold,-0.1063,0,neutral,False,VAL_gold
US100.cash,us_index,2020-09-01,-1,1.8722,0.2335,VAL_gold,1.6387,0,neutral,False,VAL_gold
US100.cash,us_index,2020-11-17,-1,-0.63476,-0.84935,VAL_gold,0.2146,0,neutral,False,VAL_gold
US100.cash,us_index,2020-11-25,-1,-0.98354,-0.83405,VAL_gold,-0.14948,0,neutral,False,VAL_gold
US100.cash,us_index,2020-11-30,-1,-0.9763,-0.21152,VAL_gold,-0.76477,0,neutral,False,VAL_gold
US100.cash,us_index,2021-02-15,-1,1.8059,-0.74133,VAL_gold,2.5473,0,neutral,False,VAL_gold
US100.cash,us_index,2021-06-18,-1,-0.98681,-0.46931,VAL_gold,-0.5175,0,neutral,False,VAL_gold
US100.cash,us_index,2021-06-30,-1,-0.98502,0.23714,VAL_gold,-1.2222,0,neutral,False,VAL_gold
US100.cash,us_index,2022-01-21,1,-1.0549,-0.056063,VAL_gold,-0.99885,0,neutral,False,VAL_gold
US100.cash,us_index,2022-02-22,1,0.56888,-0.46492,VAL_gold,1.0338,0,neutral,False,VAL_gold
US100.cash,us_index,2022-02-24,1,0.81648,-0.75475,VAL_gold,1.5712,0,neutral,False,VAL_gold
US100.cash,us_index,2022-03-09,1,1.4609,-0.60368,VAL_gold,2.0646,0,neutral,False,VAL_gold
US100.cash,us_index,2022-03-22,-1,0.29988,0.42679,VAL_gold,-0.12691,0,neutral,False,VAL_gold
US100.cash,us_index,2022-03-29,-1,2.5348,0.40606,VAL_gold,2.1287,0,neutral,False,VAL_gold
US100.cash,us_index,2022-04-13,1,-1.1406,-0.72352,VAL_gold,-0.41704,0,neutral,False,VAL_gold
US100.cash,us_index,2022-06-17,1,0.41563,-0.88181,VAL_gold,1.2974,0,neutral,False,VAL_gold
US100.cash,us_index,2023-10-23,1,1.872,0.22725,VAL_gold,1.6448,0,neutral,False,VAL_gold
US100.cash,us_index,2023-10-26,1,2.5724,0.18873,VAL_gold,2.3837,0,neutral,False,VAL_gold
US100.cash,us_index,2024-11-14,-1,-0.98336,-0.673,VAL_gold,-0.31036,0,neutral,False,VAL_gold
US100.cash,us_index,2025-03-14,1,-1.2003,0.20013,VAL_gold,-1.4004,0,neutral,False,VAL_gold
US100.cash,us_index,2025-04-07,1,2.931,-0.57062,VAL_gold,3.5016,0,neutral,False,VAL_gold
US100.cash,us_index,2025-04-11,1,0.91219,-0.11264,VAL_gold,1.0248,0,neutral,False,VAL_gold
US100.cash,us_index,2025-05-02,-1,-0.99756,-0.37554,VAL_gold,-0.62202,-1,agree,False,VAL_gold
US100.cash,us_index,2025-05-15,-1,-0.55947,-0.2108,VAL_gold,-0.34867,-1,agree,False,VAL_gold
US100.cash,us_index,2025-05-21,-1,-0.41697,-0.5509,VAL_gold,0.13393,0,neutral,False,VAL_gold
US100.cash,us_index,2025-10-17,1,0.12909,-0.38428,VAL_gold,0.51337,0,neutral,False,VAL_gold
US100.cash,us_index,2025-10-30,-1,0.96757,-0.1596,VAL_gold,1.1272,0,neutral,False,VAL_gold
US100.cash,us_index,2025-11-04,-1,0.71705,-0.066579,VAL_gold,0.78363,0,neutral,False,VAL_gold
US100.cash,us_index,2026-01-26,1,-1.1301,-0.088445,VAL_gold,-1.0416,0,neutral,False,VAL_gold
US100.cash,us_index,2026-01-28,1,-1.0725,-0.79966,VAL_gold,-0.27289,0,neutral,False,VAL_gold
US100.cash,us_index,2026-03-24,-1,-0.99327,-0.079505,VAL_gold,-0.91377,0,neutral,False,VAL_gold
US100.cash,us_index,2019-08-27,1,0.058612,-0.33006,VAL_gold_level,0.38867,0,neutral,False,VAL_gold_level
US100.cash,us_index,2020-03-13,1,1.0436,0.10156,VAL_gold_level,0.94207,0,neutral,False,VAL_gold_level
US100.cash,us_index,2020-08-27,-1,-0.99321,-0.4789,VAL_gold_level,-0.51432,0,neutral,False,VAL_gold_level
US100.cash,us_index,2020-10-02,-1,0.45952,-0.14622,VAL_gold_level,0.60574,0,neutral,False,VAL_gold_level
US100.cash,us_index,2021-06-17,-1,-0.99396,-0.23164,VAL_gold_level,-0.76232,0,neutral,False,VAL_gold_level
US100.cash,us_index,2022-10-17,1,1.1725,-0.44968,VAL_gold_level,1.6221,0,neutral,False,VAL_gold_level
US100.cash,us_index,2022-11-10,1,0.55437,-0.45022,VAL_gold_level,1.0046,0,neutral,False,VAL_gold_level
US100.cash,us_index,2022-12-09,1,-1.1964,-0.29443,VAL_gold_level,-0.902,-1,against,False,VAL_gold_level
US100.cash,us_index,2023-12-01,-1,-0.99065,-0.015471,VAL_gold_level,-0.97518,0,neutral,False,VAL_gold_level
US100.cash,us_index,2024-03-25,-1,2.2302,-0.77083,VAL_gold_level,3.0011,0,neutral,False,VAL_gold_level
US100.cash,us_index,2024-06-20,-1,-0.98598,-0.51832,VAL_gold_level,-0.46766,0,neutral,False,VAL_gold_level
US100.cash,us_index,2025-03-18,1,-1.1194,0.25131,VAL_gold_level,-1.3707,0,neutral,False,VAL_gold_level
US100.cash,us_index,2025-12-18,1,0.61642,-0.026616,VAL_gold_level,0.64303,0,neutral,False,VAL_gold_level
US100.cash,us_index,2026-03-31,1,3.649,0.19553,VAL_gold_level,3.4535,0,neutral,False,VAL_gold_level
US100.cash,us_index,2018-01-31,1,-1.0976,-0.62044,SEAS10,-0.47719,0,neutral,False,SEAS (bernd_bias bug)
US100.cash,us_index,2018-02-14,1,0.75917,-0.30463,SEAS10,1.0638,0,neutral,False,SEAS (bernd_bias bug)
US100.cash,us_index,2018-02-28,1,0.029364,-0.34445,SEAS10,0.37382,0,neutral,False,SEAS (bernd_bias bug)
US100.cash,us_index,2018-03-14,1,-1.2699,-0.39465,SEAS10,-0.8753,0,neutral,False,SEAS (bernd_bias bug)
US100.cash,us_index,2018-03-28,1,-0.23191,-0.65799,SEAS10,0.42609,0,neutral,False,SEAS (bernd_bias bug)
US100.cash,us_index,2018-04-12,1,-0.4161,-0.15207,SEAS10,-0.26403,0,neutral,False,SEAS (bernd_bias bug)
US100.cash,us_index,2018-04-26,1,0.61446,-0.31219,SEAS10,0.92666,0,neutral,False,SEAS (bernd_bias bug)
US100.cash,us_index,2018-05-10,1,-0.23012,-0.91557,SEAS10,0.68545,0,neutral,False,SEAS (bernd_bias bug)
US100.cash,us_index,2018-05-24,1,0.67258,-0.41868,SEAS10,1.0913,0,neutral,False,SEAS (bernd_bias bug)
US100.cash,us_index,2018-06-07,1,-0.13777,-0.19605,SEAS10,0.058284,0,neutral,False,SEAS (bernd_bias bug)
US100.cash,us_index,2018-06-21,1,-1.2531,-0.6571,SEAS10,-0.59601,0,neutral,False,SEAS (bernd_bias bug)
US100.cash,us_index,2018-07-05,1,1.1341,-0.563,SEAS10,1.6971,0,neutral,False,SEAS (bernd_bias bug)
US100.cash,us_index,2018-07-19,1,-1.4894,-0.32244,SEAS10,-1.167,0,neutral,False,SEAS (bernd_bias bug)
US100.cash,us_index,2018-08-02,1,-0.13389,-0.42074,SEAS10,0.28685,0,neutral,False,SEAS (bernd_bias bug)
US100.cash,us_index,2018-08-16,1,0.88494,-0.37873,SEAS10,1.2637,0,neutral,False,SEAS (bernd_bias bug)
US100.cash,us_index,2018-08-30,1,-1.3575,-0.41056,SEAS10,-0.9469,0,neutral,False,SEAS (bernd_bias bug)
US100.cash,us_index,2018-09-13,1,-0.065813,-0.27128,SEAS10,0.20547,0,neutral,False,SEAS (bernd_bias bug)
US100.cash,us_index,2018-09-27,1,-1.3675,-0.58303,SEAS10,-0.78448,0,neutral,False,SEAS (bernd_bias bug)
US100.cash,us_index,2018-10-11,1,-1.0392,-0.41967,SEAS10,-0.61951,0,neutral,False,SEAS (bernd_bias bug)
US100.cash,us_index,2018-10-25,1,0.62973,-0.26789,SEAS10,0.89761,0,neutral,False,SEAS (bernd_bias bug)
US100.cash,us_index,2018-11-08,1,-1.1315,-0.33278,SEAS10,-0.79877,0,neutral,False,SEAS (bernd_bias bug)
US100.cash,us_index,2018-11-22,1,0.33113,-0.53996,SEAS10,0.87109,0,neutral,False,SEAS (bernd_bias bug)
US100.cash,us_index,2018-12-06,1,-1.3217,-0.6882,SEAS10,-0.63348,0,neutral,False,SEAS (bernd_bias bug)
US100.cash,us_index,2018-12-20,1,-1.1261,-0.37843,SEAS10,-0.74763,0,neutral,False,SEAS (bernd_bias bug)
US100.cash,us_index,2019-01-07,1,0.58667,0.022908,SEAS10,0.56377,0,neutral,False,SEAS (bernd_bias bug)
US100.cash,us_index,2019-01-21,1,0.012827,-0.0016943,SEAS10,0.014522,0,neutral,False,SEAS (bernd_bias bug)
US100.cash,us_index,2019-02-04,1,0.47834,0.13121,SEAS10,0.34713,0,neutral,False,SEAS (bernd_bias bug)
US100.cash,us_index,2019-02-18,1,0.016921,-0.0095544,SEAS10,0.026475,0,neutral,False,SEAS (bernd_bias bug)
US100.cash,us_index,2019-03-04,1,-1.1258,-0.22987,SEAS10,-0.89589,0,neutral,False,SEAS (bernd_bias bug)
US100.cash,us_index,2019-03-18,1,-0.073656,-0.12509,SEAS10,0.051431,0,neutral,False,SEAS (bernd_bias bug)
US100.cash,us_index,2019-04-01,1,0.66316,-0.32833,SEAS10,0.99149,0,neutral,False,SEAS (bernd_bias bug)
US100.cash,us_index,2019-04-15,1,0.2765,-0.30052,SEAS10,0.57702,0,neutral,False,SEAS (bernd_bias bug)
US100.cash,us_index,2019-04-30,1,-1.456,-0.095438,SEAS10,-1.3605,0,neutral,False,SEAS (bernd_bias bug)
US100.cash,us_index,2019-05-14,1,-0.45309,-0.11851,SEAS10,-0.33458,0,neutral,False,SEAS (bernd_bias bug)
US100.cash,us_index,2019-05-28,1,-1.187,0.026283,SEAS10,-1.2133,0,neutral,False,SEAS (bernd_bias bug)
US100.cash,us_index,2019-06-11,1,0.36312,0.02693,SEAS10,0.33619,0,neutral,False,SEAS (bernd_bias bug)
US100.cash,us_index,2019-06-25,1,-0.29629,-0.3095,SEAS10,0.013216,0,neutral,False,SEAS (bernd_bias bug)
US100.cash,us_index,2019-07-09,1,0.087723,-0.23013,SEAS10,0.31786,0,neutral,False,SEAS (bernd_bias bug)
US100.cash,us_index,2019-07-23,1,-1.4411,-0.13524,SEAS10,-1.3059,0,neutral,False,SEAS (bernd_bias bug)
US100.cash,us_index,2019-08-06,1,1.0211,0.0039928,SEAS10,1.0172,0,neutral,False,SEAS (bernd_bias bug)
US100.cash,us_index,2019-08-20,1,-0.62858,-0.53661,SEAS10,-0.091975,0,neutral,False,SEAS (bernd_bias bug)
US100.cash,us_index,2019-09-03,1,0.31636,-0.30801,SEAS10,0.62437,0,neutral,False,SEAS (bernd_bias bug)
US100.cash,us_index,2019-09-17,1,-0.87052,0.16892,SEAS10,-1.0394,0,neutral,False,SEAS (bernd_bias bug)
US100.cash,us_index,2019-10-01,1,-1.0306,-0.16837,SEAS10,-0.8622,0,neutral,False,SEAS (bernd_bias bug)
US100.cash,us_index,2019-10-15,1,0.45775,-0.15736,SEAS10,0.61511,0,neutral,False,SEAS (bernd_bias bug)
US100.cash,us_index,2019-10-29,1,0.11353,-0.23023,SEAS10,0.34376,0,neutral,False,SEAS (bernd_bias bug)
US100.cash,us_index,2019-11-12,1,0.056945,0.027395,SEAS10,0.02955,0,neutral,False,SEAS (bernd_bias bug)
US100.cash,us_index,2019-11-26,1,-1.4101,0.0043678,SEAS10,-1.4145,0,neutral,False,SEAS (bernd_bias bug)
US100.cash,us_index,2019-12-10,1,1.422,-0.11267,SEAS10,1.5347,0,neutral,False,SEAS (bernd_bias bug)
US100.cash,us_index,2019-12-24,1,-0.0092135,-0.16598,SEAS10,0.15677,0,neutral,False,SEAS (bernd_bias bug)
US100.cash,us_index,2020-01-08,1,1.3846,0.30235,SEAS10,1.0823,0,neutral,False,SEAS (bernd_bias bug)
US100.cash,us_index,2020-01-22,1,-1.2594,0.25989,SEAS10,-1.5193,0,neutral,False,SEAS (bernd_bias bug)
US100.cash,us_index,2020-02-05,1,0.58241,-0.021033,SEAS10,0.60344,0,neutral,False,SEAS (bernd_bias bug)
US100.cash,us_index,2020-02-19,1,-1.1655,-0.050475,SEAS10,-1.115,0,neutral,False,SEAS (bernd_bias bug)
US100.cash,us_index,2020-03-04,1,-1.0989,0.011752,SEAS10,-1.1107,0,neutral,False,SEAS (bernd_bias bug)
US100.cash,us_index,2020-03-18,1,0.37426,-0.03775,SEAS10,0.41201,0,neutral,False,SEAS (bernd_bias bug)
US100.cash,us_index,2020-04-01,1,0.59635,-0.1127,SEAS10,0.70905,0,neutral,False,SEAS (bernd_bias bug)
US100.cash,us_index,2020-04-16,1,0.49986,0.16464,SEAS10,0.33522,0,neutral,False,SEAS (bernd_bias bug)
US100.cash,us_index,2020-04-30,1,-0.34934,0.090926,SEAS10,-0.44027,0,neutral,False,SEAS (bernd_bias bug)
US100.cash,us_index,2020-05-14,1,0.58291,0.17766,SEAS10,0.40525,0,neutral,False,SEAS (bernd_bias bug)
US100.cash,us_index,2020-05-28,1,1.1927,-0.001148,SEAS10,1.1938,0,neutral,False,SEAS (bernd_bias bug)
US100.cash,us_index,2020-06-11,1,-1,0.037252,SEAS10,-1.0373,0,neutral,False,SEAS (bernd_bias bug)
US100.cash,us_index,2020-06-25,1,1.1371,0.11077,SEAS10,1.0263,0,neutral,False,SEAS (bernd_bias bug)
US100.cash,us_index,2020-07-09,1,0.087545,0.4475,SEAS10,-0.35996,0,neutral,False,SEAS (bernd_bias bug)
US100.cash,us_index,2020-07-23,1,-1.0144,0.22388,SEAS10,-1.2383,0,neutral,False,SEAS (bernd_bias bug)
US100.cash,us_index,2020-08-06,1,0.20075,0.26491,SEAS10,-0.064163,0,neutral,False,SEAS (bernd_bias bug)
US100.cash,us_index,2020-08-20,1,2.1496,0.059187,SEAS10,2.0904,0,neutral,False,SEAS (bernd_bias bug)
US100.cash,us_index,2020-09-03,1,-1,0.070218,SEAS10,-1.0702,0,neutral,False,SEAS (bernd_bias bug)
US100.cash,us_index,2020-09-17,1,-0.032641,-0.15506,SEAS10,0.12242,0,neutral,False,SEAS (bernd_bias bug)
US100.cash,us_index,2020-10-01,1,0.56003,-0.00053267,SEAS10,0.56056,0,neutral,False,SEAS (bernd_bias bug)
US100.cash,us_index,2020-10-15,1,-1.1925,-0.041447,SEAS10,-1.1511,0,neutral,False,SEAS (bernd_bias bug)
US100.cash,us_index,2020-10-29,1,1.105,-0.21176,SEAS10,1.3168,0,neutral,False,SEAS (bernd_bias bug)
US100.cash,us_index,2020-11-12,1,0.24092,0.25104,SEAS10,-0.010122,0,neutral,False,SEAS (bernd_bias bug)
US100.cash,us_index,2020-11-26,1,0.095453,0.28174,SEAS10,-0.18628,0,neutral,False,SEAS (bernd_bias bug)
US100.cash,us_index,2020-12-10,1,0.59062,0.11533,SEAS10,0.47529,0,neutral,False,SEAS (bernd_bias bug)
US100.cash,us_index,2020-12-24,1,1.0304,0.0069669,SEAS10,1.0234,0,neutral,False,SEAS (bernd_bias bug)
US100.cash,us_index,2021-01-11,1,0.45382,-0.10996,SEAS10,0.56379,0,neutral,False,SEAS (bernd_bias bug)
US100.cash,us_index,2021-01-25,1,-1.0378,0.15374,SEAS10,-1.1915,0,neutral,False,SEAS (bernd_bias bug)
US100.cash,us_index,2021-02-08,1,-0.28188,-0.3627,SEAS10,0.08082,0,neutral,False,SEAS (bernd_bias bug)
US100.cash,us_index,2021-02-22,1,-1.015,-0.21809,SEAS10,-0.79686,0,neutral,False,SEAS (bernd_bias bug)
US100.cash,us_index,2021-03-08,1,0.04493,0.09892,SEAS10,-0.05399,0,neutral,False,SEAS (bernd_bias bug)
US100.cash,us_index,2021-03-22,1,0.54579,-0.15908,SEAS10,0.70487,0,neutral,False,SEAS (bernd_bias bug)
US100.cash,us_index,2021-04-05,1,0.99071,-0.15272,SEAS10,1.1434,0,neutral,False,SEAS (bernd_bias bug)
US100.cash,us_index,2021-04-19,1,-0.45592,-0.19381,SEAS10,-0.26211,0,neutral,False,SEAS (bernd_bias bug)
US100.cash,us_index,2021-05-03,1,-1.0203,-0.11189,SEAS10,-0.90841,0,neutral,False,SEAS (bernd_bias bug)
US100.cash,us_index,2021-05-17,1,0.41957,0.11394,SEAS10,0.30563,0,neutral,False,SEAS (bernd_bias bug)
US100.cash,us_index,2021-05-31,1,0.39337,-0.063905,SEAS10,0.45728,0,neutral,False,SEAS (bernd_bias bug)
US100.cash,us_index,2021-06-14,1,0.68008,0.083099,SEAS10,0.59698,0,neutral,False,SEAS (bernd_bias bug)
US100.cash,us_index,2021-06-28,1,1.0825,0.14934,SEAS10,0.93314,0,neutral,False,SEAS (bernd_bias bug)
US100.cash,us_index,2021-07-12,1,-1.1867,-0.16622,SEAS10,-1.0205,0,neutral,False,SEAS (bernd_bias bug)
US100.cash,us_index,2021-07-26,1,-0.28633,-0.094292,SEAS10,-0.19204,0,neutral,False,SEAS (bernd_bias bug)
US100.cash,us_index,2021-08-09,1,-1.2379,-0.11798,SEAS10,-1.12,0,neutral,False,SEAS (bernd_bias bug)
US100.cash,us_index,2021-08-23,1,1.2815,-0.063604,SEAS10,1.3451,0,neutral,False,SEAS (bernd_bias bug)
US100.cash,us_index,2021-09-06,1,-1.2354,-0.093446,SEAS10,-1.1419,0,neutral,False,SEAS (bernd_bias bug)
US100.cash,us_index,2021-09-20,1,-1.0023,0.028394,SEAS10,-1.0307,0,neutral,False,SEAS (bernd_bias bug)
US100.cash,us_index,2021-10-04,1,0.60034,-0.30248,SEAS10,0.90282,0,neutral,False,SEAS (bernd_bias bug)
US100.cash,us_index,2021-10-18,1,1.111,0.36407,SEAS10,0.74693,0,neutral,False,SEAS (bernd_bias bug)
US100.cash,us_index,2021-11-01,1,0.48127,-0.12209,SEAS10,0.60336,0,neutral,False,SEAS (bernd_bias bug)
US100.cash,us_index,2021-11-15,1,-0.67327,-0.28366,SEAS10,-0.38961,0,neutral,False,SEAS (bernd_bias bug)
US100.cash,us_index,2021-11-29,1,-1.068,0.026664,SEAS10,-1.0946,0,neutral,False,SEAS (bernd_bias bug)
US100.cash,us_index,2021-12-13,1,-1.0126,-0.085034,SEAS10,-0.92756,0,neutral,False,SEAS (bernd_bias bug)
US100.cash,us_index,2021-12-28,1,-1.0928,-0.1317,SEAS10,-0.96111,0,neutral,False,SEAS (bernd_bias bug)
US100.cash,us_index,2022-01-11,1,-1.1148,-0.17767,SEAS10,-0.93712,0,neutral,False,SEAS (bernd_bias bug)
US100.cash,us_index,2022-01-25,1,0.013619,-0.17388,SEAS10,0.18749,0,neutral,False,SEAS (bernd_bias bug)
US100.cash,us_index,2022-02-08,1,-1.05,-0.38698,SEAS10,-0.66299,0,neutral,False,SEAS (bernd_bias bug)
US100.cash,us_index,2022-02-22,1,-0.52158,-0.26748,SEAS10,-0.25411,0,neutral,False,SEAS (bernd_bias bug)
US100.cash,us_index,2022-03-08,1,1.0877,-0.5995,SEAS10,1.6872,0,neutral,False,SEAS (bernd_bias bug)
US100.cash,us_index,2022-03-22,1,0.65936,-0.18156,SEAS10,0.84092,0,neutral,False,SEAS (bernd_bias bug)
US100.cash,us_index,2022-04-05,1,-1.0188,-0.35938,SEAS10,-0.6594,0,neutral,False,SEAS (bernd_bias bug)
US100.cash,us_index,2022-04-20,1,-1.0217,-0.59296,SEAS10,-0.42869,0,neutral,False,SEAS (bernd_bias bug)
US100.cash,us_index,2022-05-04,1,-1.0588,-0.62112,SEAS10,-0.43771,0,neutral,False,SEAS (bernd_bias bug)
US100.cash,us_index,2022-05-18,1,-1.015,0.010158,SEAS10,-1.0251,0,neutral,False,SEAS (bernd_bias bug)
US100.cash,us_index,2022-06-01,1,-1.1201,-0.37351,SEAS10,-0.74659,0,neutral,False,SEAS (bernd_bias bug)
US100.cash,us_index,2022-06-15,1,0.20907,-0.49159,SEAS10,0.70066,0,neutral,False,SEAS (bernd_bias bug)
US100.cash,us_index,2022-06-29,1,-0.030928,-0.23373,SEAS10,0.2028,0,neutral,False,SEAS (bernd_bias bug)
US100.cash,us_index,2022-07-13,1,0.43947,-0.68636,SEAS10,1.1258,0,neutral,False,SEAS (bernd_bias bug)
US100.cash,us_index,2022-07-27,1,1.149,-0.75583,SEAS10,1.9048,0,neutral,False,SEAS (bernd_bias bug)
US100.cash,us_index,2022-08-10,1,-0.42458,-0.38985,SEAS10,-0.034727,-1,against,False,SEAS (bernd_bias bug)
US100.cash,us_index,2022-08-24,1,-1.0948,-0.23107,SEAS10,-0.86375,0,neutral,False,SEAS (bernd_bias bug)
US100.cash,us_index,2022-09-07,1,-0.53032,-0.60219,SEAS10,0.07187,-1,against,False,SEAS (bernd_bias bug)
US100.cash,us_index,2022-09-21,1,-1.0237,-0.51022,SEAS10,-0.51347,-1,against,False,SEAS (bernd_bias bug)
US100.cash,us_index,2022-10-05,1,-1.0706,0.043727,SEAS10,-1.1143,0,neutral,False,SEAS (bernd_bias bug)
US100.cash,us_index,2022-10-19,1,-0.15161,-0.38693,SEAS10,0.23532,0,neutral,False,SEAS (bernd_bias bug)
US100.cash,us_index,2022-11-02,1,0.59556,-0.23172,SEAS10,0.82728,0,neutral,False,SEAS (bernd_bias bug)
US100.cash,us_index,2022-11-16,1,-0.59243,-0.31154,SEAS10,-0.28089,0,neutral,False,SEAS (bernd_bias bug)
US100.cash,us_index,2022-11-30,1,0.36894,-0.35261,SEAS10,0.72155,0,neutral,False,SEAS (bernd_bias bug)
US100.cash,us_index,2022-12-14,1,-1.0151,-0.26559,SEAS10,-0.74953,-1,against,False,SEAS (bernd_bias bug)
US100.cash,us_index,2022-12-29,1,1.0315,-0.31741,SEAS10,1.3489,0,neutral,False,SEAS (bernd_bias bug)
US100.cash,us_index,2023-01-13,1,0.76792,-0.14833,SEAS10,0.91625,0,neutral,False,SEAS (bernd_bias bug)
US100.cash,us_index,2023-01-27,1,0.56772,0.34092,SEAS10,0.22681,0,neutral,False,SEAS (bernd_bias bug)
US100.cash,us_index,2023-02-10,1,-0.61222,0.26621,SEAS10,-0.87843,0,neutral,False,SEAS (bernd_bias bug)
US100.cash,us_index,2023-02-24,1,-0.50223,0.75354,SEAS10,-1.2558,0,neutral,False,SEAS (bernd_bias bug)
US100.cash,us_index,2023-03-10,1,1.4587,-0.15028,SEAS10,1.609,0,neutral,False,SEAS (bernd_bias bug)
US100.cash,us_index,2023-03-24,1,0.33462,0.54271,SEAS10,-0.2081,0,neutral,False,SEAS (bernd_bias bug)
US100.cash,us_index,2023-04-07,1,-0.3257,0.10149,SEAS10,-0.42719,0,neutral,False,SEAS (bernd_bias bug)
US100.cash,us_index,2023-04-21,1,-0.35382,0.40637,SEAS10,-0.76019,0,neutral,False,SEAS (bernd_bias bug)
US100.cash,us_index,2023-05-05,1,1.9086,0.29644,SEAS10,1.6122,0,neutral,False,SEAS (bernd_bias bug)
US100.cash,us_index,2023-05-19,1,1.2959,0.30873,SEAS10,0.98716,-1,against,False,SEAS (bernd_bias bug)
US100.cash,us_index,2023-06-02,1,1.4697,0.37387,SEAS10,1.0958,-1,against,False,SEAS (bernd_bias bug)
US100.cash,us_index,2023-06-16,1,-1.2137,-0.09238,SEAS10,-1.1214,0,neutral,False,SEAS (bernd_bias bug)
US100.cash,us_index,2023-06-30,1,1.0723,-0.1142,SEAS10,1.1865,-1,against,False,SEAS (bernd_bias bug)
US100.cash,us_index,2023-07-14,1,-0.5025,-0.030995,SEAS10,-0.47151,0,neutral,False,SEAS (bernd_bias bug)
US100.cash,us_index,2023-07-28,1,-1.0676,0.33859,SEAS10,-1.4062,0,neutral,False,SEAS (bernd_bias bug)
US100.cash,us_index,2023-08-11,1,-1.1333,0.14284,SEAS10,-1.2762,0,neutral,False,SEAS (bernd_bias bug)
US100.cash,us_index,2023-08-25,1,0.62764,0.28027,SEAS10,0.34736,-1,against,False,SEAS (bernd_bias bug)
US100.cash,us_index,2023-09-08,1,-1.2442,0.14275,SEAS10,-1.387,-1,against,False,SEAS (bernd_bias bug)
US100.cash,us_index,2023-09-22,1,-0.218,0.30082,SEAS10,-0.51882,-1,against,False,SEAS (bernd_bias bug)
US100.cash,us_index,2023-10-06,1,-0.2005,0.42961,SEAS10,-0.6301,0,neutral,False,SEAS (bernd_bias bug)
US100.cash,us_index,2023-10-20,1,-1.1083,0.57944,SEAS10,-1.6877,-1,against,False,SEAS (bernd_bias bug)
US100.cash,us_index,2023-11-03,1,1.5549,0.41948,SEAS10,1.1355,0,neutral,False,SEAS (bernd_bias bug)
US100.cash,us_index,2023-11-17,1,-0.045367,0.27568,SEAS10,-0.32105,0,neutral,False,SEAS (bernd_bias bug)
US100.cash,us_index,2023-12-01,1,1.2493,0.247,SEAS10,1.0023,0,neutral,False,SEAS (bernd_bias bug)
US100.cash,us_index,2023-12-15,1,0.41323,-0.038149,SEAS10,0.45138,0,neutral,False,SEAS (bernd_bias bug)
US100.cash,us_index,2024-01-02,1,-1.0225,-0.051107,SEAS10,-0.97135,-1,against,False,SEAS (bernd_bias bug)
US100.cash,us_index,2024-01-16,1,1.6363,-0.070146,SEAS10,1.7064,-1,against,False,SEAS (bernd_bias bug)
US100.cash,us_index,2024-01-30,1,-1.0187,-0.18936,SEAS10,-0.82935,-1,against,False,SEAS (bernd_bias bug)
US100.cash,us_index,2024-02-13,1,-1.1529,0.062774,SEAS10,-1.2157,-1,against,False,SEAS (bernd_bias bug)
US100.cash,us_index,2024-02-27,1,-0.091783,0.15162,SEAS10,-0.2434,0,neutral,False,SEAS (bernd_bias bug)
US100.cash,us_index,2024-03-12,1,0.32045,0.26135,SEAS10,0.059097,0,neutral,False,SEAS (bernd_bias bug)
US100.cash,us_index,2024-03-26,1,-0.44802,0.047139,SEAS10,-0.49516,0,neutral,False,SEAS (bernd_bias bug)
US100.cash,us_index,2024-04-10,1,-1.1041,0.0092525,SEAS10,-1.1134,0,neutral,False,SEAS (bernd_bias bug)
US100.cash,us_index,2024-04-24,1,0.72022,-0.19047,SEAS10,0.91069,0,neutral,False,SEAS (bernd_bias bug)
US100.cash,us_index,2024-05-08,1,0.76638,-0.098927,SEAS10,0.86531,0,neutral,False,SEAS (bernd_bias bug)
US100.cash,us_index,2024-05-22,1,-1.1654,0.023301,SEAS10,-1.1887,0,neutral,False,SEAS (bernd_bias bug)
US100.cash,us_index,2024-06-05,1,2.684,0.16384,SEAS10,2.5202,0,neutral,False,SEAS (bernd_bias bug)
US100.cash,us_index,2024-06-19,1,-0.10469,-0.28734,SEAS10,0.18265,0,neutral,False,SEAS (bernd_bias bug)
US100.cash,us_index,2024-07-03,1,0.57204,-0.20361,SEAS10,0.77565,0,neutral,False,SEAS (bernd_bias bug)
US100.cash,us_index,2024-07-17,1,-1.0035,0.090254,SEAS10,-1.0938,0,neutral,False,SEAS (bernd_bias bug)
US100.cash,us_index,2024-07-31,1,-1.0737,0.49767,SEAS10,-1.5714,0,neutral,False,SEAS (bernd_bias bug)
US100.cash,us_index,2024-08-14,1,0.39159,0.21542,SEAS10,0.17618,0,neutral,False,SEAS (bernd_bias bug)
US100.cash,us_index,2024-08-28,1,-1.0828,0.050965,SEAS10,-1.1338,0,neutral,False,SEAS (bernd_bias bug)
US100.cash,us_index,2024-09-11,1,1.4339,0.093478,SEAS10,1.3404,0,neutral,False,SEAS (bernd_bias bug)
US100.cash,us_index,2024-09-25,1,0.023182,0.020251,SEAS10,0.0029317,0,neutral,False,SEAS (bernd_bias bug)
US100.cash,us_index,2024-10-09,1,0.24502,-0.16969,SEAS10,0.41471,0,neutral,False,SEAS (bernd_bias bug)
US100.cash,us_index,2024-10-23,1,-0.40535,0.099511,SEAS10,-0.50486,0,neutral,False,SEAS (bernd_bias bug)
US100.cash,us_index,2024-11-06,1,0.55064,0.21375,SEAS10,0.33689,0,neutral,False,SEAS (bernd_bias bug)
US100.cash,us_index,2024-11-20,1,0.74018,0.10805,SEAS10,0.63213,0,neutral,False,SEAS (bernd_bias bug)
US100.cash,us_index,2024-12-04,1,1.0145,0.32145,SEAS10,0.69307,0,neutral,False,SEAS (bernd_bias bug)
US100.cash,us_index,2024-12-18,1,-1.0034,0.24388,SEAS10,-1.2473,-1,against,False,SEAS (bernd_bias bug)
US100.cash,us_index,2025-01-03,1,-0.04553,-0.23695,SEAS10,0.19142,-1,against,False,SEAS (bernd_bias bug)
US100.cash,us_index,2025-01-17,1,0.34887,-0.19319,SEAS10,0.54206,0,neutral,False,SEAS (bernd_bias bug)
US100.cash,us_index,2025-01-31,1,0.35435,0.025845,SEAS10,0.3285,0,neutral,False,SEAS (bernd_bias bug)
US100.cash,us_index,2025-02-14,1,-1.1361,-0.02976,SEAS10,-1.1064,0,neutral,False,SEAS (bernd_bias bug)
US100.cash,us_index,2025-02-28,1,-1.0894,-0.20625,SEAS10,-0.88314,0,neutral,False,SEAS (bernd_bias bug)
US100.cash,us_index,2025-03-14,1,0.43416,-0.052421,SEAS10,0.48658,0,neutral,False,SEAS (bernd_bias bug)
US100.cash,us_index,2025-03-28,1,-1.037,-0.068262,SEAS10,-0.96875,0,neutral,False,SEAS (bernd_bias bug)
US100.cash,us_index,2025-04-11,1,0.60424,-0.31692,SEAS10,0.92116,0,neutral,False,SEAS (bernd_bias bug)
US100.cash,us_index,2025-04-28,1,0.32563,0.34091,SEAS10,-0.015285,-1,against,False,SEAS (bernd_bias bug)
US100.cash,us_index,2025-05-12,1,0.43425,0.023914,SEAS10,0.41034,-1,against,False,SEAS (bernd_bias bug)
US100.cash,us_index,2025-05-26,1,0.92858,-0.10264,SEAS10,1.0312,0,neutral,False,SEAS (bernd_bias bug)
US100.cash,us_index,2025-06-09,1,-0.27467,-0.30085,SEAS10,0.02618,0,neutral,False,SEAS (bernd_bias bug)
US100.cash,us_index,2025-06-23,1,1.6856,-0.0027275,SEAS10,1.6884,0,neutral,False,SEAS (bernd_bias bug)
US100.cash,us_index,2025-07-07,1,0.29193,0.14189,SEAS10,0.15003,0,neutral,False,SEAS (bernd_bias bug)
US100.cash,us_index,2025-07-21,1,-0.80097,0.062502,SEAS10,-0.86348,-1,against,False,SEAS (bernd_bias bug)
US100.cash,us_index,2025-08-04,1,1.6959,-0.13837,SEAS10,1.8343,-1,against,False,SEAS (bernd_bias bug)
US100.cash,us_index,2025-08-18,1,-1.0271,0.18883,SEAS10,-1.2159,-1,against,False,SEAS (bernd_bias bug)
US100.cash,us_index,2025-09-01,1,0.90011,0.0030696,SEAS10,0.89704,-1,against,False,SEAS (bernd_bias bug)
US100.cash,us_index,2025-09-15,1,0.56457,-0.091929,SEAS10,0.6565,0,neutral,False,SEAS (bernd_bias bug)
US100.cash,us_index,2025-09-29,1,-0.68302,-0.13621,SEAS10,-0.54681,0,neutral,False,SEAS (bernd_bias bug)
US100.cash,us_index,2025-10-13,1,1.2486,-0.31361,SEAS10,1.5622,0,neutral,False,SEAS (bernd_bias bug)
US100.cash,us_index,2025-10-27,1,-1.1167,0.12071,SEAS10,-1.2374,0,neutral,False,SEAS (bernd_bias bug)
US100.cash,us_index,2025-11-10,1,-1.0773,-0.082205,SEAS10,-0.99509,0,neutral,False,SEAS (bernd_bias bug)
US100.cash,us_index,2025-11-24,1,1.0818,-0.29984,SEAS10,1.3817,0,neutral,False,SEAS (bernd_bias bug)
US100.cash,us_index,2025-12-08,1,-1.0834,-0.12939,SEAS10,-0.95403,0,neutral,False,SEAS (bernd_bias bug)
US100.cash,us_index,2025-12-22,1,0.1225,-0.020619,SEAS10,0.14312,0,neutral,False,SEAS (bernd_bias bug)
US100.cash,us_index,2026-01-07,1,-1.1823,-0.17633,SEAS10,-1.0059,0,neutral,False,SEAS (bernd_bias bug)
US100.cash,us_index,2026-01-21,1,0.26199,0.53192,SEAS10,-0.26993,0,neutral,False,SEAS (bernd_bias bug)
US100.cash,us_index,2026-02-04,1,-1.0103,-0.11112,SEAS10,-0.89917,0,neutral,False,SEAS (bernd_bias bug)
US100.cash,us_index,2026-02-18,1,-0.12643,0.015774,SEAS10,-0.1422,0,neutral,False,SEAS (bernd_bias bug)
US100.cash,us_index,2026-03-04,1,0.018029,0.17483,SEAS10,-0.1568,0,neutral,False,SEAS (bernd_bias bug)
US100.cash,us_index,2026-03-18,1,-1.016,0.18504,SEAS10,-1.2011,0,neutral,False,SEAS (bernd_bias bug)
US100.cash,us_index,2026-04-01,1,1.7032,-0.13414,SEAS10,1.8373,0,neutral,False,SEAS (bernd_bias bug)
US100.cash,us_index,2026-04-15,1,1.0085,-0.27565,SEAS10,1.2841,0,neutral,False,SEAS (bernd_bias bug)
US100.cash,us_index,2026-04-29,1,2.128,0.50114,SEAS10,1.6269,0,neutral,False,SEAS (bernd_bias bug)
US100.cash,us_index,2026-05-13,1,0.90521,0.090061,SEAS10,0.81515,1,agree,False,SEAS (bernd_bias bug)
US100.cash,us_index,2026-05-27,1,-1.0825,-0.30615,SEAS10,-0.77639,1,agree,False,SEAS (bernd_bias bug)
US100.cash,us_index,2026-06-10,1,0.21417,-0.068631,SEAS10,0.2828,1,agree,False,SEAS (bernd_bias bug)
US100.cash,us_index,2026-06-24,1,-0.25347,0.21231,SEAS10,-0.46578,1,agree,False,SEAS (bernd_bias bug)
US100.cash,us_index,2026-07-08,1,-0.090135,-0.325,SEAS10,0.23487,1,agree,False,SEAS (bernd_bias bug)
US100.cash,us_index,2026-07-22,1,-1.043,-0.034681,SEAS10,-1.0083,0,neutral,False,SEAS (bernd_bias bug)
US100.cash,us_index,2026-08-05,1,-0.24497,-0.42727,SEAS10,0.18231,0,neutral,False,SEAS (bernd_bias bug)
US100.cash,us_index,2026-08-19,1,-0.4359,0.12913,SEAS10,-0.56503,1,agree,False,SEAS (bernd_bias bug)
US100.cash,us_index,2026-09-02,1,-0.27391,0.20857,SEAS10,-0.48247,0,neutral,False,SEAS (bernd_bias bug)
US100.cash,us_index,2026-09-16,1,1.6614,-0.35134,SEAS10,2.0127,0,neutral,False,SEAS (bernd_bias bug)
US100.cash,us_index,2026-09-30,1,0.58678,0.43101,SEAS10,0.15577,-1,against,False,SEAS (bernd_bias bug)
US100.cash,us_index,2018-01-31,1,-1.0976,-0.55658,SEAS20,-0.54106,0,neutral,False,SEAS (bernd_bias bug)
US100.cash,us_index,2018-02-28,1,-1.5689,-0.69249,SEAS20,-0.87642,0,neutral,False,SEAS (bernd_bias bug)
US100.cash,us_index,2018-03-28,1,-0.73923,-0.74145,SEAS20,0.0022294,0,neutral,False,SEAS (bernd_bias bug)
US100.cash,us_index,2018-04-26,1,0.40106,-0.73788,SEAS20,1.1389,0,neutral,False,SEAS (bernd_bias bug)
US100.cash,us_index,2018-05-24,1,0.53245,-0.71323,SEAS20,1.2457,0,neutral,False,SEAS (bernd_bias bug)
US100.cash,us_index,2018-06-21,1,-1.2531,-0.72999,SEAS20,-0.52311,0,neutral,False,SEAS (bernd_bias bug)
US100.cash,us_index,2018-07-19,1,-1.4894,-0.71787,SEAS20,-0.77153,0,neutral,False,SEAS (bernd_bias bug)
US100.cash,us_index,2018-08-16,1,-0.72686,-1.0081,SEAS20,0.28123,0,neutral,False,SEAS (bernd_bias bug)
US100.cash,us_index,2018-09-13,1,-2.3881,-0.63805,SEAS20,-1.7501,0,neutral,False,SEAS (bernd_bias bug)
US100.cash,us_index,2018-10-11,1,-1.5466,-1.0678,SEAS20,-0.47878,0,neutral,False,SEAS (bernd_bias bug)
US100.cash,us_index,2018-11-08,1,-1.1315,-0.83312,SEAS20,-0.29842,0,neutral,False,SEAS (bernd_bias bug)
US100.cash,us_index,2018-12-06,1,-1.3217,-0.53825,SEAS20,-0.78342,0,neutral,False,SEAS (bernd_bias bug)
US100.cash,us_index,2019-01-07,1,0.48384,-0.20441,SEAS20,0.68825,0,neutral,False,SEAS (bernd_bias bug)
US100.cash,us_index,2019-02-04,1,0.34495,0.18746,SEAS20,0.15749,0,neutral,False,SEAS (bernd_bias bug)
US100.cash,us_index,2019-03-04,1,-1.1258,0.038443,SEAS20,-1.1642,0,neutral,False,SEAS (bernd_bias bug)
US100.cash,us_index,2019-04-01,1,0.73227,-0.073889,SEAS20,0.80616,0,neutral,False,SEAS (bernd_bias bug)
US100.cash,us_index,2019-04-30,1,-1.456,-0.024023,SEAS20,-1.4319,0,neutral,False,SEAS (bernd_bias bug)
US100.cash,us_index,2019-05-28,1,-1.187,0.091825,SEAS20,-1.2788,0,neutral,False,SEAS (bernd_bias bug)
US100.cash,us_index,2019-06-25,1,-0.26565,-0.42475,SEAS20,0.1591,0,neutral,False,SEAS (bernd_bias bug)
US100.cash,us_index,2019-07-23,1,-1.4411,-0.16616,SEAS20,-1.275,0,neutral,False,SEAS (bernd_bias bug)
US100.cash,us_index,2019-08-20,1,-0.25899,-0.69248,SEAS20,0.43349,0,neutral,False,SEAS (bernd_bias bug)
US100.cash,us_index,2019-09-17,1,-1.5249,-0.13912,SEAS20,-1.3858,0,neutral,False,SEAS (bernd_bias bug)
US100.cash,us_index,2019-10-15,1,0.52334,-0.073853,SEAS20,0.59719,0,neutral,False,SEAS (bernd_bias bug)
US100.cash,us_index,2019-11-12,1,-0.79318,-0.8562,SEAS20,0.063014,0,neutral,False,SEAS (bernd_bias bug)
US100.cash,us_index,2019-12-10,1,1.3669,-0.19973,SEAS20,1.5666,0,neutral,False,SEAS (bernd_bias bug)
US100.cash,us_index,2020-01-08,1,1.7855,0.15831,SEAS20,1.6272,0,neutral,False,SEAS (bernd_bias bug)
US100.cash,us_index,2020-02-05,1,-1.6206,-0.0025538,SEAS20,-1.6181,0,neutral,False,SEAS (bernd_bias bug)
US100.cash,us_index,2020-03-04,1,-1.0989,0.047191,SEAS20,-1.1461,0,neutral,False,SEAS (bernd_bias bug)
US100.cash,us_index,2020-04-01,1,0.95718,0.022685,SEAS20,0.93449,0,neutral,False,SEAS (bernd_bias bug)
US100.cash,us_index,2020-04-30,1,0.14409,0.23623,SEAS20,-0.092136,0,neutral,False,SEAS (bernd_bias bug)
US100.cash,us_index,2020-05-28,1,0.77196,0.029958,SEAS20,0.742,0,neutral,False,SEAS (bernd_bias bug)
US100.cash,us_index,2020-06-25,1,1.2372,-0.058194,SEAS20,1.2954,0,neutral,False,SEAS (bernd_bias bug)
US100.cash,us_index,2020-07-23,1,-1.0144,0.33988,SEAS20,-1.3543,0,neutral,False,SEAS (bernd_bias bug)
US100.cash,us_index,2020-08-20,1,-0.65863,0.26705,SEAS20,-0.92568,0,neutral,False,SEAS (bernd_bias bug)
US100.cash,us_index,2020-09-17,1,0.66184,0.014003,SEAS20,0.64784,0,neutral,False,SEAS (bernd_bias bug)
US100.cash,us_index,2020-10-15,1,-1.1925,0.33437,SEAS20,-1.5269,0,neutral,False,SEAS (bernd_bias bug)
US100.cash,us_index,2020-11-12,1,0.32408,0.058567,SEAS20,0.26552,0,neutral,False,SEAS (bernd_bias bug)
US100.cash,us_index,2020-12-10,1,1.6309,-0.057602,SEAS20,1.6885,0,neutral,False,SEAS (bernd_bias bug)
US100.cash,us_index,2021-01-11,1,0.76195,-0.16248,SEAS20,0.92443,0,neutral,False,SEAS (bernd_bias bug)
US100.cash,us_index,2021-02-08,1,-1.2524,-0.63103,SEAS20,-0.62142,0,neutral,False,SEAS (bernd_bias bug)
US100.cash,us_index,2021-03-08,1,0.67647,0.14068,SEAS20,0.53579,0,neutral,False,SEAS (bernd_bias bug)
US100.cash,us_index,2021-04-05,1,0.52391,-0.44503,SEAS20,0.96893,0,neutral,False,SEAS (bernd_bias bug)
US100.cash,us_index,2021-05-03,1,-1.0203,-0.25376,SEAS20,-0.76653,0,neutral,False,SEAS (bernd_bias bug)
US100.cash,us_index,2021-05-31,1,0.83448,0.10356,SEAS20,0.73091,0,neutral,False,SEAS (bernd_bias bug)
US100.cash,us_index,2021-06-28,1,1.5081,-0.16973,SEAS20,1.6778,0,neutral,False,SEAS (bernd_bias bug)
US100.cash,us_index,2021-07-26,1,-1.6036,-0.64263,SEAS20,-0.961,0,neutral,False,SEAS (bernd_bias bug)
US100.cash,us_index,2021-08-23,1,-0.069141,-0.22455,SEAS20,0.15541,0,neutral,False,SEAS (bernd_bias bug)
US100.cash,us_index,2021-09-20,1,-1.0023,-0.020327,SEAS20,-0.98199,0,neutral,False,SEAS (bernd_bias bug)
US100.cash,us_index,2021-10-18,1,1.4992,-0.60131,SEAS20,2.1005,0,neutral,False,SEAS (bernd_bias bug)
US100.cash,us_index,2021-11-15,1,-1.3753,-0.40799,SEAS20,-0.96732,0,neutral,False,SEAS (bernd_bias bug)
US100.cash,us_index,2021-12-13,1,-1.0126,-0.42747,SEAS20,-0.58513,0,neutral,False,SEAS (bernd_bias bug)
US100.cash,us_index,2022-01-11,1,-1.1148,-0.65777,SEAS20,-0.45702,0,neutral,False,SEAS (bernd_bias bug)
US100.cash,us_index,2022-02-08,1,-1.1628,-0.57641,SEAS20,-0.58642,0,neutral,False,SEAS (bernd_bias bug)
US100.cash,us_index,2022-03-08,1,1.7766,-0.0017031,SEAS20,1.7783,0,neutral,False,SEAS (bernd_bias bug)
US100.cash,us_index,2022-04-05,1,-1.0188,-0.22586,SEAS20,-0.79292,0,neutral,False,SEAS (bernd_bias bug)
US100.cash,us_index,2022-05-04,1,-1.0588,-0.42828,SEAS20,-0.63054,0,neutral,False,SEAS (bernd_bias bug)
US100.cash,us_index,2022-06-01,1,-1.1201,-0.48349,SEAS20,-0.63661,0,neutral,False,SEAS (bernd_bias bug)
US100.cash,us_index,2022-06-29,1,0.33027,-0.48472,SEAS20,0.81499,0,neutral,False,SEAS (bernd_bias bug)
US100.cash,us_index,2022-07-27,1,0.67413,-0.53687,SEAS20,1.211,0,neutral,False,SEAS (bernd_bias bug)
US100.cash,us_index,2022-08-24,1,-1.0948,-0.5207,SEAS20,-0.57412,0,neutral,False,SEAS (bernd_bias bug)
US100.cash,us_index,2022-09-21,1,-1.0237,-0.58567,SEAS20,-0.43802,-1,against,False,SEAS (bernd_bias bug)
US100.cash,us_index,2022-10-19,1,0.4422,-0.59682,SEAS20,1.039,0,neutral,False,SEAS (bernd_bias bug)
US100.cash,us_index,2022-11-16,1,-0.3168,-0.33166,SEAS20,0.014859,0,neutral,False,SEAS (bernd_bias bug)
US100.cash,us_index,2022-12-14,1,-1.0151,-0.64974,SEAS20,-0.36538,-1,against,False,SEAS (bernd_bias bug)
US100.cash,us_index,2023-01-13,1,1.2462,0.14439,SEAS20,1.1018,0,neutral,False,SEAS (bernd_bias bug)
US100.cash,us_index,2023-02-10,1,-1.3227,0.33796,SEAS20,-1.6607,0,neutral,False,SEAS (bernd_bias bug)
US100.cash,us_index,2023-03-10,1,1.8199,0.12581,SEAS20,1.694,0,neutral,False,SEAS (bernd_bias bug)
US100.cash,us_index,2023-04-07,1,-0.61399,-0.27155,SEAS20,-0.34244,0,neutral,False,SEAS (bernd_bias bug)
US100.cash,us_index,2023-05-05,1,3.1542,0.54782,SEAS20,2.6064,0,neutral,False,SEAS (bernd_bias bug)
US100.cash,us_index,2023-06-02,1,0.60837,0.19169,SEAS20,0.41669,-1,against,False,SEAS (bernd_bias bug)
US100.cash,us_index,2023-06-30,1,0.6388,-0.10636,SEAS20,0.74515,-1,against,False,SEAS (bernd_bias bug)
US100.cash,us_index,2023-07-28,1,-1.3043,0.36681,SEAS20,-1.6711,0,neutral,False,SEAS (bernd_bias bug)
US100.cash,us_index,2023-08-25,1,-0.69579,0.076202,SEAS20,-0.77199,-1,against,False,SEAS (bernd_bias bug)
US100.cash,us_index,2023-09-22,1,-0.44923,0.19212,SEAS20,-0.64135,-1,against,False,SEAS (bernd_bias bug)
US100.cash,us_index,2023-10-20,1,-1.1083,0.42754,SEAS20,-1.5358,-1,against,False,SEAS (bernd_bias bug)
US100.cash,us_index,2023-11-17,1,0.92983,0.25772,SEAS20,0.67212,0,neutral,False,SEAS (bernd_bias bug)
US100.cash,us_index,2023-12-15,1,0.02126,0.53101,SEAS20,-0.50975,0,neutral,False,SEAS (bernd_bias bug)
US100.cash,us_index,2024-01-16,1,1.9529,0.36998,SEAS20,1.5829,-1,against,False,SEAS (bernd_bias bug)
US100.cash,us_index,2024-02-13,1,-1.1529,0.035431,SEAS20,-1.1884,-1,against,False,SEAS (bernd_bias bug)
US100.cash,us_index,2024-03-12,1,-0.091441,0.20069,SEAS20,-0.29213,0,neutral,False,SEAS (bernd_bias bug)
US100.cash,us_index,2024-04-10,1,-1.1041,0.14677,SEAS20,-1.2509,0,neutral,False,SEAS (bernd_bias bug)
US100.cash,us_index,2024-05-08,1,0.48481,0.51676,SEAS20,-0.031959,0,neutral,False,SEAS (bernd_bias bug)
US100.cash,us_index,2024-06-05,1,2.5655,-0.28529,SEAS20,2.8507,0,neutral,False,SEAS (bernd_bias bug)
US100.cash,us_index,2024-07-03,1,-1.2872,-0.11878,SEAS20,-1.1684,0,neutral,False,SEAS (bernd_bias bug)
US100.cash,us_index,2024-07-31,1,-1.0737,0.56579,SEAS20,-1.6395,0,neutral,False,SEAS (bernd_bias bug)
US100.cash,us_index,2024-08-28,1,-1.0828,-0.54176,SEAS20,-0.54105,0,neutral,False,SEAS (bernd_bias bug)
US100.cash,us_index,2024-09-25,1,0.22355,-0.25356,SEAS20,0.47711,0,neutral,False,SEAS (bernd_bias bug)
US100.cash,us_index,2024-10-23,1,0.13729,-0.33745,SEAS20,0.47474,0,neutral,False,SEAS (bernd_bias bug)
US100.cash,us_index,2024-11-20,1,1.6476,0.31393,SEAS20,1.3337,0,neutral,False,SEAS (bernd_bias bug)
US100.cash,us_index,2024-12-18,1,-1.0034,-0.32372,SEAS20,-0.67972,-1,against,False,SEAS (bernd_bias bug)
US100.cash,us_index,2025-01-17,1,0.77497,-0.19775,SEAS20,0.97272,0,neutral,False,SEAS (bernd_bias bug)
US100.cash,us_index,2025-02-14,1,-1.1361,-0.0086013,SEAS20,-1.1275,0,neutral,False,SEAS (bernd_bias bug)
US100.cash,us_index,2025-03-14,1,-1.2003,-0.25539,SEAS20,-0.94486,0,neutral,False,SEAS (bernd_bias bug)
US100.cash,us_index,2025-04-11,1,0.91219,0.035031,SEAS20,0.87716,0,neutral,False,SEAS (bernd_bias bug)
US100.cash,us_index,2025-05-12,1,1.1839,0.023087,SEAS20,1.1608,-1,against,False,SEAS (bernd_bias bug)
US100.cash,us_index,2025-06-09,1,0.93363,-0.12309,SEAS20,1.0567,0,neutral,False,SEAS (bernd_bias bug)
US100.cash,us_index,2025-07-07,1,-0.44111,-0.15959,SEAS20,-0.28152,0,neutral,False,SEAS (bernd_bias bug)
US100.cash,us_index,2025-08-04,1,0.8574,0.19362,SEAS20,0.66379,-1,against,False,SEAS (bernd_bias bug)
US100.cash,us_index,2025-09-01,1,1.3639,-0.065594,SEAS20,1.4295,-1,against,False,SEAS (bernd_bias bug)
US100.cash,us_index,2025-09-29,1,1.2113,-0.21562,SEAS20,1.427,0,neutral,False,SEAS (bernd_bias bug)
US100.cash,us_index,2025-10-27,1,-1.1167,-0.033815,SEAS20,-1.0829,0,neutral,False,SEAS (bernd_bias bug)
US100.cash,us_index,2025-11-24,1,0.65297,-0.01947,SEAS20,0.67244,0,neutral,False,SEAS (bernd_bias bug)
US100.cash,us_index,2025-12-22,1,-0.92212,-0.21286,SEAS20,-0.70925,0,neutral,False,SEAS (bernd_bias bug)
US100.cash,us_index,2026-01-21,1,-1.2268,-0.10013,SEAS20,-1.1267,0,neutral,False,SEAS (bernd_bias bug)
US100.cash,us_index,2026-02-18,1,-0.13894,-0.23196,SEAS20,0.093016,0,neutral,False,SEAS (bernd_bias bug)
US100.cash,us_index,2026-03-18,1,-1.016,-0.035538,SEAS20,-0.98048,0,neutral,False,SEAS (bernd_bias bug)
US100.cash,us_index,2026-04-15,1,2.6911,-0.014798,SEAS20,2.7059,0,neutral,False,SEAS (bernd_bias bug)
US100.cash,us_index,2026-05-13,1,-1.2849,-0.073358,SEAS20,-1.2116,1,agree,False,SEAS (bernd_bias bug)
US100.cash,us_index,2026-06-10,1,-0.076556,0.11015,SEAS20,-0.1867,1,agree,False,SEAS (bernd_bias bug)
US100.cash,us_index,2026-07-08,1,-1.1236,-0.14151,SEAS20,-0.98206,1,agree,False,SEAS (bernd_bias bug)
US100.cash,us_index,2026-08-05,1,-0.60046,-0.21878,SEAS20,-0.38168,0,neutral,False,SEAS (bernd_bias bug)
US100.cash,us_index,2026-09-02,1,1.3461,-0.17406,SEAS20,1.5201,0,neutral,False,SEAS (bernd_bias bug)
US100.cash,us_index,2026-09-30,1,0.58678,-0.24989,SEAS20,0.83667,-1,against,False,SEAS (bernd_bias bug)
US100.cash,us_index,2018-02-14,1,-1.2237,-0.97582,SEAS30,-0.24786,0,neutral,False,SEAS (bernd_bias bug)
US100.cash,us_index,2018-03-28,1,-0.063446,-0.99038,SEAS30,0.92694,0,neutral,False,SEAS (bernd_bias bug)
US100.cash,us_index,2018-05-10,1,0.18125,-1.2046,SEAS30,1.3859,0,neutral,False,SEAS (bernd_bias bug)
US100.cash,us_index,2018-06-21,1,-1.2531,-0.92636,SEAS30,-0.32675,0,neutral,False,SEAS (bernd_bias bug)
US100.cash,us_index,2018-08-02,1,-0.85327,-1.0317,SEAS30,0.17845,0,neutral,False,SEAS (bernd_bias bug)
US100.cash,us_index,2018-09-13,1,-2.3881,-0.8803,SEAS30,-1.5078,0,neutral,False,SEAS (bernd_bias bug)
US100.cash,us_index,2018-10-25,1,-1.6725,-1.1594,SEAS30,-0.51313,0,neutral,False,SEAS (bernd_bias bug)
US100.cash,us_index,2018-12-06,1,-1.3217,-0.91626,SEAS30,-0.40542,0,neutral,False,SEAS (bernd_bias bug)
US100.cash,us_index,2019-01-21,1,0.092701,-0.45561,SEAS30,0.54831,0,neutral,False,SEAS (bernd_bias bug)
US100.cash,us_index,2019-03-04,1,-1.1258,-0.046417,SEAS30,-1.0793,0,neutral,False,SEAS (bernd_bias bug)
US100.cash,us_index,2019-04-15,1,-2.1621,-0.0051279,SEAS30,-2.157,0,neutral,False,SEAS (bernd_bias bug)
US100.cash,us_index,2019-05-28,1,-1.187,0.056301,SEAS30,-1.2433,0,neutral,False,SEAS (bernd_bias bug)
US100.cash,us_index,2019-07-09,1,-2.3237,-0.48318,SEAS30,-1.8405,0,neutral,False,SEAS (bernd_bias bug)
US100.cash,us_index,2019-08-20,1,-0.89422,-0.11647,SEAS30,-0.77775,0,neutral,False,SEAS (bernd_bias bug)
US100.cash,us_index,2019-10-01,1,-1.0306,-0.56363,SEAS30,-0.46694,0,neutral,False,SEAS (bernd_bias bug)
US100.cash,us_index,2019-11-12,1,0.53025,-0.58807,SEAS30,1.1183,0,neutral,False,SEAS (bernd_bias bug)
US100.cash,us_index,2019-12-24,1,1.6943,-0.51085,SEAS30,2.2052,0,neutral,False,SEAS (bernd_bias bug)
US100.cash,us_index,2020-02-05,1,-1.6206,0.36561,SEAS30,-1.9863,0,neutral,False,SEAS (bernd_bias bug)
US100.cash,us_index,2020-03-18,1,1.4523,0.36137,SEAS30,1.0909,0,neutral,False,SEAS (bernd_bias bug)
US100.cash,us_index,2020-04-30,1,0.99951,0.097777,SEAS30,0.90173,0,neutral,False,SEAS (bernd_bias bug)
US100.cash,us_index,2020-06-11,1,-1,-0.028712,SEAS30,-0.97129,0,neutral,False,SEAS (bernd_bias bug)
US100.cash,us_index,2020-07-23,1,-1.0144,-0.15271,SEAS30,-0.86171,0,neutral,False,SEAS (bernd_bias bug)
US100.cash,us_index,2020-09-03,1,-1,0.19903,SEAS30,-1.199,0,neutral,False,SEAS (bernd_bias bug)
US100.cash,us_index,2020-10-15,1,-1.1925,0.52547,SEAS30,-1.718,0,neutral,False,SEAS (bernd_bias bug)
US100.cash,us_index,2020-11-26,1,1.09,0.030758,SEAS30,1.0593,0,neutral,False,SEAS (bernd_bias bug)
US100.cash,us_index,2021-01-11,1,0.34349,-0.29826,SEAS30,0.64175,0,neutral,False,SEAS (bernd_bias bug)
US100.cash,us_index,2021-02-22,1,-1.015,-0.23989,SEAS30,-0.77506,0,neutral,False,SEAS (bernd_bias bug)
US100.cash,us_index,2021-04-05,1,-0.47371,-0.0034324,SEAS30,-0.47027,0,neutral,False,SEAS (bernd_bias bug)
US100.cash,us_index,2021-05-17,1,1.2205,-0.3486,SEAS30,1.5691,0,neutral,False,SEAS (bernd_bias bug)
US100.cash,us_index,2021-06-28,1,1.1429,-0.75078,SEAS30,1.8937,0,neutral,False,SEAS (bernd_bias bug)
US100.cash,us_index,2021-08-09,1,-1.2379,-0.00050011,SEAS30,-1.2374,0,neutral,False,SEAS (bernd_bias bug)
US100.cash,us_index,2021-09-20,1,-1.0023,-0.15436,SEAS30,-0.84795,0,neutral,False,SEAS (bernd_bias bug)
US100.cash,us_index,2021-11-01,1,0.21583,-0.079188,SEAS30,0.29502,0,neutral,False,SEAS (bernd_bias bug)
US100.cash,us_index,2021-12-13,1,-1.0126,-0.30956,SEAS30,-0.70303,0,neutral,False,SEAS (bernd_bias bug)
US100.cash,us_index,2022-01-25,1,-1.335,-0.76377,SEAS30,-0.57126,0,neutral,False,SEAS (bernd_bias bug)
US100.cash,us_index,2022-03-08,1,0.49031,-0.64773,SEAS30,1.138,0,neutral,False,SEAS (bernd_bias bug)
US100.cash,us_index,2022-04-20,1,-1.0217,-0.33666,SEAS30,-0.68499,0,neutral,False,SEAS (bernd_bias bug)
US100.cash,us_index,2022-06-01,1,-1.1201,-0.37837,SEAS30,-0.74173,0,neutral,False,SEAS (bernd_bias bug)
US100.cash,us_index,2022-07-13,1,1.1354,-0.64415,SEAS30,1.7795,0,neutral,False,SEAS (bernd_bias bug)
US100.cash,us_index,2022-08-24,1,-1.0948,-0.23515,SEAS30,-0.85967,0,neutral,False,SEAS (bernd_bias bug)
US100.cash,us_index,2022-10-05,1,-1.0706,-0.96233,SEAS30,-0.10824,0,neutral,False,SEAS (bernd_bias bug)
US100.cash,us_index,2022-11-16,1,-1.4026,-0.69591,SEAS30,-0.70667,0,neutral,False,SEAS (bernd_bias bug)
US100.cash,us_index,2022-12-29,1,2.1824,-0.93228,SEAS30,3.1147,0,neutral,False,SEAS (bernd_bias bug)
US100.cash,us_index,2023-02-10,-1,-0.60418,-0.60123,SEAS30,-0.002955,0,neutral,False,SEAS (bernd_bias bug)
US100.cash,us_index,2023-03-24,1,-0.2554,-0.37404,SEAS30,0.11865,0,neutral,False,SEAS (bernd_bias bug)
US100.cash,us_index,2023-05-05,1,4.6721,0.14788,SEAS30,4.5242,0,neutral,False,SEAS (bernd_bias bug)
US100.cash,us_index,2023-06-16,1,-1.2137,0.61196,SEAS30,-1.8257,0,neutral,False,SEAS (bernd_bias bug)
US100.cash,us_index,2023-07-28,1,-1.3043,0.087935,SEAS30,-1.3922,0,neutral,False,SEAS (bernd_bias bug)
US100.cash,us_index,2023-09-08,1,-1.2442,0.25416,SEAS30,-1.4984,-1,against,False,SEAS (bernd_bias bug)
US100.cash,us_index,2023-10-20,1,-1.1083,0.73722,SEAS30,-1.8455,-1,against,False,SEAS (bernd_bias bug)
US100.cash,us_index,2023-12-01,1,1.2525,0.76764,SEAS30,0.48489,0,neutral,False,SEAS (bernd_bias bug)
US100.cash,us_index,2024-01-16,1,1.7982,-0.11406,SEAS30,1.9123,-1,against,False,SEAS (bernd_bias bug)
US100.cash,us_index,2024-02-27,1,-0.1616,0.19792,SEAS30,-0.35952,0,neutral,False,SEAS (bernd_bias bug)
US100.cash,us_index,2024-04-10,1,-1.1041,-0.026862,SEAS30,-1.0773,0,neutral,False,SEAS (bernd_bias bug)
US100.cash,us_index,2024-05-22,1,-1.1654,0.13995,SEAS30,-1.3054,0,neutral,False,SEAS (bernd_bias bug)
US100.cash,us_index,2024-07-03,1,-1.2872,0.22134,SEAS30,-1.5085,0,neutral,False,SEAS (bernd_bias bug)
US100.cash,us_index,2024-08-14,-1,-0.86007,-0.70743,SEAS30,-0.15264,0,neutral,False,SEAS (bernd_bias bug)
US100.cash,us_index,2024-09-25,1,-0.12146,0.19673,SEAS30,-0.31818,0,neutral,False,SEAS (bernd_bias bug)
US100.cash,us_index,2024-11-06,1,2.3989,0.024271,SEAS30,2.3746,0,neutral,False,SEAS (bernd_bias bug)
US100.cash,us_index,2024-12-18,1,-1.0034,-0.038065,SEAS30,-0.96537,-1,against,False,SEAS (bernd_bias bug)
US100.cash,us_index,2025-01-31,-1,2.9148,-0.53594,SEAS30,3.4507,0,neutral,False,SEAS (bernd_bias bug)
US100.cash,us_index,2025-03-14,1,-1.2003,-0.22808,SEAS30,-0.97218,0,neutral,False,SEAS (bernd_bias bug)
US100.cash,us_index,2025-04-28,1,1.1424,0.063188,SEAS30,1.0792,-1,against,False,SEAS (bernd_bias bug)
US100.cash,us_index,2025-06-09,1,1.2173,0.30269,SEAS30,0.91462,0,neutral,False,SEAS (bernd_bias bug)
US100.cash,us_index,2025-07-21,1,0.014627,-0.21798,SEAS30,0.23261,-1,against,False,SEAS (bernd_bias bug)
US100.cash,us_index,2025-09-01,-1,-0.99546,-0.1186,SEAS30,-0.87685,-1,agree,False,SEAS (bernd_bias bug)
US100.cash,us_index,2025-10-13,1,-1.5679,0.32219,SEAS30,-1.8901,0,neutral,False,SEAS (bernd_bias bug)
US100.cash,us_index,2025-11-24,1,0.76371,-0.32043,SEAS30,1.0841,0,neutral,False,SEAS (bernd_bias bug)
US100.cash,us_index,2026-01-07,1,-1.1823,0.08627,SEAS30,-1.2685,0,neutral,False,SEAS (bernd_bias bug)
US100.cash,us_index,2026-02-18,-1,0.93566,-0.35412,SEAS30,1.2898,0,neutral,False,SEAS (bernd_bias bug)
US100.cash,us_index,2026-04-01,1,4.2532,0.0033254,SEAS30,4.2499,0,neutral,False,SEAS (bernd_bias bug)
US100.cash,us_index,2026-05-13,1,-1.2849,0.71971,SEAS30,-2.0046,1,agree,False,SEAS (bernd_bias bug)
US100.cash,us_index,2026-06-24,1,-1.2035,0.30498,SEAS30,-1.5085,1,agree,False,SEAS (bernd_bias bug)
US100.cash,us_index,2026-08-05,1,-0.7737,-0.27215,SEAS30,-0.50155,0,neutral,False,SEAS (bernd_bias bug)
US100.cash,us_index,2026-09-16,1,2.3478,-0.031947,SEAS30,2.3798,0,neutral,False,SEAS (bernd_bias bug)
US500.cash,us_index,2020-02-27,1,-1,0.1606,VAL_dxy,-1.1606,0,neutral,False,VAL_dxy
US500.cash,us_index,2020-03-04,1,-1.0891,0.13321,VAL_dxy,-1.2224,0,neutral,False,VAL_dxy
US500.cash,us_index,2020-03-10,1,-1.0181,-0.37845,VAL_dxy,-0.63961,0,neutral,False,VAL_dxy
US500.cash,us_index,2020-03-13,1,-1.0981,-0.11194,VAL_dxy,-0.9862,0,neutral,False,VAL_dxy
US500.cash,us_index,2020-03-17,1,1.1683,-0.10088,VAL_dxy,1.2691,0,neutral,False,VAL_dxy
US500.cash,us_index,2020-03-31,-1,-0.59649,0.10599,VAL_dxy,-0.70248,0,neutral,False,VAL_dxy
US500.cash,us_index,2020-04-03,-1,-0.99291,0.53967,VAL_dxy,-1.5326,0,neutral,False,VAL_dxy
US500.cash,us_index,2020-04-20,-1,0.046862,-0.42742,VAL_dxy,0.47428,1,against,False,VAL_dxy
US500.cash,us_index,2022-01-28,1,-1.3408,-0.20728,VAL_dxy,-1.1335,-1,against,False,VAL_dxy
US500.cash,us_index,2022-02-24,1,0.91339,-0.43616,VAL_dxy,1.3496,-1,against,False,VAL_dxy
US500.cash,us_index,2022-03-23,-1,0.16367,0.28853,VAL_dxy,-0.12486,0,neutral,False,VAL_dxy
US500.cash,us_index,2022-03-29,-1,2.1937,0.28213,VAL_dxy,1.9116,0,neutral,False,VAL_dxy
US500.cash,us_index,2022-04-27,1,-1.1748,-0.026171,VAL_dxy,-1.1486,0,neutral,False,VAL_dxy
US500.cash,us_index,2022-05-02,1,-1.0998,-0.27217,VAL_dxy,-0.82763,0,neutral,False,VAL_dxy
US500.cash,us_index,2022-05-06,1,-1.0616,-0.37359,VAL_dxy,-0.68798,0,neutral,False,VAL_dxy
US500.cash,us_index,2022-05-10,1,0.26735,-0.21365,VAL_dxy,0.481,0,neutral,False,VAL_dxy
US500.cash,us_index,2022-05-12,1,0.48625,-0.67605,VAL_dxy,1.1623,0,neutral,False,VAL_dxy
US500.cash,us_index,2022-05-19,1,-0.73168,-0.59255,VAL_dxy,-0.13913,0,neutral,False,VAL_dxy
US500.cash,us_index,2022-06-13,1,-1.0294,-0.19603,VAL_dxy,-0.83339,0,neutral,False,VAL_dxy
US500.cash,us_index,2022-06-17,1,0.23373,-0.51644,VAL_dxy,0.75018,0,neutral,False,VAL_dxy
US500.cash,us_index,2022-07-29,-1,-0.99319,0.27697,VAL_dxy,-1.2702,1,against,False,VAL_dxy
US500.cash,us_index,2022-09-26,1,-1.2207,-0.56106,VAL_dxy,-0.65962,1,agree,False,VAL_dxy
US500.cash,us_index,2022-10-26,-1,-0.99097,-0.076392,VAL_dxy,-0.91458,1,against,False,VAL_dxy
US500.cash,us_index,2022-10-31,-1,-0.63351,0.015027,VAL_dxy,-0.64854,1,against,False,VAL_dxy
US500.cash,us_index,2022-11-17,-1,-0.18183,0.27363,VAL_dxy,-0.45545,0,neutral,False,VAL_dxy
US500.cash,us_index,2022-11-24,-1,0.89709,0.43531,VAL_dxy,0.46179,1,against,False,VAL_dxy
US500.cash,us_index,2023-11-15,-1,-0.97767,-0.12506,VAL_dxy,-0.85262,0,neutral,False,VAL_dxy
US500.cash,us_index,2024-08-22,-1,-0.02766,-0.81049,VAL_dxy,0.78283,0,neutral,False,VAL_dxy
US500.cash,us_index,2024-09-09,1,2.0413,0.014724,VAL_dxy,2.0265,0,neutral,False,VAL_dxy
US500.cash,us_index,2024-12-19,1,0.53847,0.55674,VAL_dxy,-0.018267,0,neutral,False,VAL_dxy
US500.cash,us_index,2025-01-03,1,0.88767,-0.13209,VAL_dxy,1.0198,0,neutral,False,VAL_dxy
US500.cash,us_index,2025-01-13,1,0.90288,-0.4057,VAL_dxy,1.3086,0,neutral,False,VAL_dxy
US500.cash,us_index,2025-04-07,1,2.8919,-0.11307,VAL_dxy,3.0049,0,neutral,False,VAL_dxy
US500.cash,us_index,2025-04-23,-1,-0.99594,0.077634,VAL_dxy,-1.0736,0,neutral,False,VAL_dxy
US500.cash,us_index,2025-05-06,-1,-0.74548,-0.5451,VAL_dxy,-0.20037,0,neutral,False,VAL_dxy
US500.cash,us_index,2025-07-04,-1,-1.1193,-0.37138,VAL_dxy,-0.74796,0,neutral,False,VAL_dxy
US500.cash,us_index,2026-04-13,-1,-1.002,-0.051562,VAL_dxy,-0.95043,0,neutral,False,VAL_dxy
US500.cash,us_index,2019-07-05,-1,1.082,-0.4352,VAL_dxy_level,1.5172,0,neutral,False,VAL_dxy_level
US500.cash,us_index,2019-10-25,-1,-0.9837,-0.21842,VAL_dxy_level,-0.76528,0,neutral,False,VAL_dxy_level
US500.cash,us_index,2020-03-20,1,1.3146,0.13164,VAL_dxy_level,1.183,0,neutral,False,VAL_dxy_level
US500.cash,us_index,2020-07-16,-1,-0.97776,0.43421,VAL_dxy_level,-1.412,0,neutral,False,VAL_dxy_level
US500.cash,us_index,2020-10-06,-1,0.61276,-0.26358,VAL_dxy_level,0.87635,0,neutral,False,VAL_dxy_level
US500.cash,us_index,2022-06-22,1,0.59894,-0.57048,VAL_dxy_level,1.1694,0,neutral,False,VAL_dxy_level
US500.cash,us_index,2022-07-01,1,1.3418,-0.64276,VAL_dxy_level,1.9846,0,neutral,False,VAL_dxy_level
US500.cash,us_index,2022-09-06,1,-1.2448,-0.8145,VAL_dxy_level,-0.43026,1,agree,False,VAL_dxy_level
US500.cash,us_index,2022-11-03,1,1.3632,-0.48119,VAL_dxy_level,1.8444,1,agree,False,VAL_dxy_level
US500.cash,us_index,2023-12-15,-1,-0.98427,-0.082601,VAL_dxy_level,-0.90167,0,neutral,False,VAL_dxy_level
US500.cash,us_index,2025-03-18,-1,1.2839,-0.53701,VAL_dxy_level,1.821,0,neutral,False,VAL_dxy_level
US500.cash,us_index,2025-05-01,-1,-0.69908,-0.58602,VAL_dxy_level,-0.11306,0,neutral,False,VAL_dxy_level
US500.cash,us_index,2026-04-16,-1,-0.99577,-0.058195,VAL_dxy_level,-0.93757,0,neutral,False,VAL_dxy_level
US500.cash,us_index,2019-08-15,1,1.0098,-0.52312,VAL_gold,1.5329,0,neutral,False,VAL_gold
US500.cash,us_index,2019-09-09,-1,0.3706,-0.34703,VAL_gold,0.71763,0,neutral,False,VAL_gold
US500.cash,us_index,2019-09-11,-1,0.93473,-0.45408,VAL_gold,1.3888,0,neutral,False,VAL_gold
US500.cash,us_index,2019-09-18,-1,0.17174,-0.4694,VAL_gold,0.64113,0,neutral,False,VAL_gold
US500.cash,us_index,2020-02-26,1,-1.0181,-0.39538,VAL_gold,-0.62272,0,neutral,False,VAL_gold
US500.cash,us_index,2020-03-10,1,-1.0181,0.16579,VAL_gold,-1.1839,0,neutral,False,VAL_gold
US500.cash,us_index,2020-03-17,1,1.1683,0.15585,VAL_gold,1.0124,0,neutral,False,VAL_gold
US500.cash,us_index,2020-04-07,-1,-0.55716,0.0085608,VAL_gold,-0.56572,0,neutral,False,VAL_gold
US500.cash,us_index,2020-04-09,-1,-0.38272,0.092855,VAL_gold,-0.47557,0,neutral,False,VAL_gold
US500.cash,us_index,2020-04-20,-1,0.046862,0.27289,VAL_gold,-0.22602,1,against,False,VAL_gold
US500.cash,us_index,2020-06-08,-1,0.55031,-0.50052,VAL_gold,1.0508,1,against,False,VAL_gold
US500.cash,us_index,2020-11-12,-1,-0.61201,0.4235,VAL_gold,-1.0355,0,neutral,False,VAL_gold
US500.cash,us_index,2020-11-17,-1,-0.13764,-0.59109,VAL_gold,0.45345,0,neutral,False,VAL_gold
US500.cash,us_index,2022-02-18,1,-1.0703,-0.45853,VAL_gold,-0.61172,-1,against,False,VAL_gold
US500.cash,us_index,2022-03-09,1,1.3908,-0.56619,VAL_gold,1.957,-1,against,False,VAL_gold
US500.cash,us_index,2022-03-22,-1,0.077719,0.31174,VAL_gold,-0.23402,0,neutral,False,VAL_gold
US500.cash,us_index,2022-06-17,1,0.23373,-0.75292,VAL_gold,0.98665,0,neutral,False,VAL_gold
US500.cash,us_index,2023-03-20,1,1.1749,-0.27342,VAL_gold,1.4483,0,neutral,False,VAL_gold
US500.cash,us_index,2023-03-23,1,0.94614,0.29687,VAL_gold,0.64928,0,neutral,False,VAL_gold
US500.cash,us_index,2023-10-23,1,1.7327,0.1144,VAL_gold,1.6183,0,neutral,False,VAL_gold
US500.cash,us_index,2023-10-26,1,2.4498,0.13788,VAL_gold,2.3119,0,neutral,False,VAL_gold
US500.cash,us_index,2023-10-31,1,2.4794,0.03887,VAL_gold,2.4406,0,neutral,False,VAL_gold
US500.cash,us_index,2024-04-12,1,-1.085,-0.17986,VAL_gold,-0.90512,0,neutral,False,VAL_gold
US500.cash,us_index,2024-04-16,1,-1.049,0.71702,VAL_gold,-1.766,0,neutral,False,VAL_gold
US500.cash,us_index,2024-11-13,-1,-0.46364,-0.45864,VAL_gold,-0.0049937,-1,agree,False,VAL_gold
US500.cash,us_index,2025-03-14,1,-1.2372,-0.048515,VAL_gold,-1.1887,0,neutral,False,VAL_gold
US500.cash,us_index,2025-04-07,1,2.8919,-0.38557,VAL_gold,3.2774,0,neutral,False,VAL_gold
US500.cash,us_index,2025-04-11,1,0.85019,0.1504,VAL_gold,0.69978,0,neutral,False,VAL_gold
US500.cash,us_index,2025-04-17,1,1.4557,0.2652,VAL_gold,1.1905,0,neutral,False,VAL_gold
US500.cash,us_index,2025-04-22,1,1.8323,-0.047678,VAL_gold,1.88,0,neutral,False,VAL_gold
US500.cash,us_index,2025-05-02,-1,-0.75955,0.061818,VAL_gold,-0.82136,0,neutral,False,VAL_gold
US500.cash,us_index,2025-05-13,-1,-0.65634,-0.044281,VAL_gold,-0.61206,0,neutral,False,VAL_gold
US500.cash,us_index,2025-05-21,-1,-0.217,0.047861,VAL_gold,-0.26486,0,neutral,False,VAL_gold
US500.cash,us_index,2025-10-17,1,0.37533,-0.035104,VAL_gold,0.41043,0,neutral,False,VAL_gold
US500.cash,us_index,2025-10-30,-1,0.38074,-0.59395,VAL_gold,0.97469,0,neutral,False,VAL_gold
US500.cash,us_index,2025-11-04,-1,0.23303,-0.49489,VAL_gold,0.72792,0,neutral,False,VAL_gold
US500.cash,us_index,2026-01-23,1,-1.2495,-0.12503,VAL_gold,-1.1245,0,neutral,False,VAL_gold
US500.cash,us_index,2026-01-28,1,-1.0994,-0.16171,VAL_gold,-0.93764,0,neutral,False,VAL_gold
US500.cash,us_index,2026-03-23,-1,-0.99526,-0.10922,VAL_gold,-0.88604,0,neutral,False,VAL_gold
US500.cash,us_index,2019-08-09,1,-1.1468,-0.11086,VAL_gold_level,-1.036,0,neutral,False,VAL_gold_level
US500.cash,us_index,2019-10-09,1,1.5968,-0.20042,VAL_gold_level,1.7972,0,neutral,False,VAL_gold_level
US500.cash,us_index,2020-03-02,1,-1.1308,0.0031077,VAL_gold_level,-1.1339,0,neutral,False,VAL_gold_level
US500.cash,us_index,2020-08-07,1,0.50095,-0.3037,VAL_gold_level,0.80465,0,neutral,False,VAL_gold_level
US500.cash,us_index,2021-03-02,-1,-0.58415,-0.13091,VAL_gold_level,-0.45324,0,neutral,False,VAL_gold_level
US500.cash,us_index,2021-06-15,-1,-0.98149,-0.32299,VAL_gold_level,-0.6585,0,neutral,False,VAL_gold_level
US500.cash,us_index,2022-02-02,-1,1.1966,-0.11095,VAL_gold_level,1.3076,-1,agree,False,VAL_gold_level
US500.cash,us_index,2023-01-04,1,1.1736,0.48132,VAL_gold_level,0.69227,0,neutral,False,VAL_gold_level
US500.cash,us_index,2023-03-15,1,1.0113,-0.53314,VAL_gold_level,1.5445,1,agree,False,VAL_gold_level
US500.cash,us_index,2024-01-19,-1,-1.0079,-0.64529,VAL_gold_level,-0.36265,0,neutral,False,VAL_gold_level
US500.cash,us_index,2025-02-24,1,-1.0409,-0.25167,VAL_gold_level,-0.78927,0,neutral,False,VAL_gold_level
US500.cash,us_index,2025-10-13,1,0.53967,-0.21317,VAL_gold_level,0.75283,0,neutral,False,VAL_gold_level
US500.cash,us_index,2025-11-10,1,-1.0988,0.079251,VAL_gold_level,-1.1781,0,neutral,False,VAL_gold_level
US500.cash,us_index,2026-04-01,1,2.055,-0.05127,VAL_gold_level,2.1062,0,neutral,False,VAL_gold_level
US500.cash,us_index,2018-01-31,1,-1.0754,-0.14436,SEAS10,-0.93104,0,neutral,False,SEAS (bernd_bias bug)
US500.cash,us_index,2018-02-14,1,0.49033,-0.54988,SEAS10,1.0402,-1,against,False,SEAS (bernd_bias bug)
US500.cash,us_index,2018-02-28,1,-0.10189,-0.65775,SEAS10,0.55586,0,neutral,False,SEAS (bernd_bias bug)
US500.cash,us_index,2018-03-14,1,-1.1977,-0.3267,SEAS10,-0.87095,0,neutral,False,SEAS (bernd_bias bug)
US500.cash,us_index,2018-03-28,1,0.017737,-0.24998,SEAS10,0.26771,0,neutral,False,SEAS (bernd_bias bug)
US500.cash,us_index,2018-04-12,1,-0.25107,-0.13948,SEAS10,-0.11159,-1,against,False,SEAS (bernd_bias bug)
US500.cash,us_index,2018-04-26,1,0.19134,-0.6633,SEAS10,0.85464,-1,against,False,SEAS (bernd_bias bug)
US500.cash,us_index,2018-05-10,1,0.049121,-0.28009,SEAS10,0.32922,-1,against,False,SEAS (bernd_bias bug)
US500.cash,us_index,2018-05-24,1,0.23893,-0.032838,SEAS10,0.27177,-1,against,False,SEAS (bernd_bias bug)
US500.cash,us_index,2018-06-07,1,-0.63935,-0.16003,SEAS10,-0.47932,0,neutral,False,SEAS (bernd_bias bug)
US500.cash,us_index,2018-06-21,1,-1.2093,-0.55357,SEAS10,-0.65571,0,neutral,False,SEAS (bernd_bias bug)
US500.cash,us_index,2018-07-05,1,1.1595,-0.10595,SEAS10,1.2654,-1,against,False,SEAS (bernd_bias bug)
US500.cash,us_index,2018-07-19,1,-0.58075,-0.44517,SEAS10,-0.13559,0,neutral,False,SEAS (bernd_bias bug)
US500.cash,us_index,2018-08-02,1,-0.4775,-0.28584,SEAS10,-0.19165,-1,against,False,SEAS (bernd_bias bug)
US500.cash,us_index,2018-08-16,1,1.4077,-0.34949,SEAS10,1.7572,0,neutral,False,SEAS (bernd_bias bug)
US500.cash,us_index,2018-08-30,1,-1.3806,-0.23776,SEAS10,-1.1428,0,neutral,False,SEAS (bernd_bias bug)
US500.cash,us_index,2018-09-13,1,-0.12921,-0.46895,SEAS10,0.33974,0,neutral,False,SEAS (bernd_bias bug)
US500.cash,us_index,2018-09-27,1,-1.6696,-0.27761,SEAS10,-1.392,0,neutral,False,SEAS (bernd_bias bug)
US500.cash,us_index,2018-10-11,1,-1,-0.28299,SEAS10,-0.71701,-1,against,False,SEAS (bernd_bias bug)
US500.cash,us_index,2018-10-25,1,1.2062,-0.6478,SEAS10,1.854,-1,against,False,SEAS (bernd_bias bug)
US500.cash,us_index,2018-11-08,1,-1.1234,-0.57354,SEAS10,-0.54989,-1,against,False,SEAS (bernd_bias bug)
US500.cash,us_index,2018-11-22,1,0.30869,-0.26625,SEAS10,0.57494,-1,against,False,SEAS (bernd_bias bug)
US500.cash,us_index,2018-12-06,1,-1.1128,-0.33375,SEAS10,-0.77905,-1,against,False,SEAS (bernd_bias bug)
US500.cash,us_index,2018-12-20,1,-1.0973,-0.37918,SEAS10,-0.71814,0,neutral,False,SEAS (bernd_bias bug)
US500.cash,us_index,2019-01-07,1,0.77575,0.025644,SEAS10,0.75011,-1,against,False,SEAS (bernd_bias bug)
US500.cash,us_index,2019-01-21,1,0.094281,-0.35785,SEAS10,0.45213,-1,against,False,SEAS (bernd_bias bug)
US500.cash,us_index,2019-02-04,1,0.78282,-0.17481,SEAS10,0.95763,-1,against,False,SEAS (bernd_bias bug)
US500.cash,us_index,2019-02-18,1,0.053004,-0.18254,SEAS10,0.23555,-1,against,False,SEAS (bernd_bias bug)
US500.cash,us_index,2019-03-04,1,-1.1056,0.058009,SEAS10,-1.1636,-1,against,False,SEAS (bernd_bias bug)
US500.cash,us_index,2019-03-18,1,-0.17303,0.10914,SEAS10,-0.28218,0,neutral,False,SEAS (bernd_bias bug)
US500.cash,us_index,2019-04-01,1,0.6951,0.03096,SEAS10,0.66414,0,neutral,False,SEAS (bernd_bias bug)
US500.cash,us_index,2019-04-15,1,0.089703,-0.21685,SEAS10,0.30655,0,neutral,False,SEAS (bernd_bias bug)
US500.cash,us_index,2019-04-30,1,-1.0915,-0.21179,SEAS10,-0.87971,0,neutral,False,SEAS (bernd_bias bug)
US500.cash,us_index,2019-05-14,1,-0.074321,0.049545,SEAS10,-0.12387,0,neutral,False,SEAS (bernd_bias bug)
US500.cash,us_index,2019-05-28,1,-1.1748,-0.584,SEAS10,-0.59077,0,neutral,False,SEAS (bernd_bias bug)
US500.cash,us_index,2019-06-11,1,0.37919,-0.25842,SEAS10,0.6376,0,neutral,False,SEAS (bernd_bias bug)
US500.cash,us_index,2019-06-25,1,-0.039528,0.15945,SEAS10,-0.19898,0,neutral,False,SEAS (bernd_bias bug)
US500.cash,us_index,2019-07-09,1,-0.3402,-0.17619,SEAS10,-0.16401,0,neutral,False,SEAS (bernd_bias bug)
US500.cash,us_index,2019-07-23,1,-1.4351,-0.055781,SEAS10,-1.3793,0,neutral,False,SEAS (bernd_bias bug)
US500.cash,us_index,2019-08-06,1,1.1026,-0.1416,SEAS10,1.2442,0,neutral,False,SEAS (bernd_bias bug)
US500.cash,us_index,2019-08-20,1,-0.48044,-0.047883,SEAS10,-0.43256,0,neutral,False,SEAS (bernd_bias bug)
US500.cash,us_index,2019-09-03,1,0.56634,-0.4092,SEAS10,0.97554,0,neutral,False,SEAS (bernd_bias bug)
US500.cash,us_index,2019-09-17,1,-0.64394,-0.17016,SEAS10,-0.47377,0,neutral,False,SEAS (bernd_bias bug)
US500.cash,us_index,2019-10-01,1,-1.0294,-0.42374,SEAS10,-0.60569,0,neutral,False,SEAS (bernd_bias bug)
US500.cash,us_index,2019-10-15,1,0.45572,-0.12292,SEAS10,0.57864,0,neutral,False,SEAS (bernd_bias bug)
US500.cash,us_index,2019-10-29,1,0.26028,0.037937,SEAS10,0.22234,0,neutral,False,SEAS (bernd_bias bug)
US500.cash,us_index,2019-11-12,1,0.35273,-0.41807,SEAS10,0.77079,0,neutral,False,SEAS (bernd_bias bug)
US500.cash,us_index,2019-11-26,1,-1.3685,-0.31374,SEAS10,-1.0547,0,neutral,False,SEAS (bernd_bias bug)
US500.cash,us_index,2019-12-10,1,1.338,-0.05183,SEAS10,1.3898,0,neutral,False,SEAS (bernd_bias bug)
US500.cash,us_index,2019-12-24,1,-0.53919,-0.061795,SEAS10,-0.4774,0,neutral,False,SEAS (bernd_bias bug)
US500.cash,us_index,2020-01-08,1,-1,0.13495,SEAS10,-1.1349,0,neutral,False,SEAS (bernd_bias bug)
US500.cash,us_index,2020-01-22,1,-1.2376,0.069497,SEAS10,-1.3071,0,neutral,False,SEAS (bernd_bias bug)
US500.cash,us_index,2020-02-05,1,0.51393,-0.49907,SEAS10,1.013,0,neutral,False,SEAS (bernd_bias bug)
US500.cash,us_index,2020-02-19,1,-1.1552,0.070767,SEAS10,-1.226,0,neutral,False,SEAS (bernd_bias bug)
US500.cash,us_index,2020-03-04,1,-1.0891,-0.061183,SEAS10,-1.028,0,neutral,False,SEAS (bernd_bias bug)
US500.cash,us_index,2020-03-18,1,0.25139,-0.1561,SEAS10,0.40749,0,neutral,False,SEAS (bernd_bias bug)
US500.cash,us_index,2020-04-01,1,0.44478,-0.14544,SEAS10,0.59022,0,neutral,False,SEAS (bernd_bias bug)
US500.cash,us_index,2020-04-16,1,0.53039,0.36386,SEAS10,0.16653,1,agree,False,SEAS (bernd_bias bug)
US500.cash,us_index,2020-04-30,1,-0.86866,-0.20022,SEAS10,-0.66843,1,agree,False,SEAS (bernd_bias bug)
US500.cash,us_index,2020-05-14,1,1.2165,0.15161,SEAS10,1.0648,1,agree,False,SEAS (bernd_bias bug)
US500.cash,us_index,2020-05-28,1,0.86513,-0.25661,SEAS10,1.1217,1,agree,False,SEAS (bernd_bias bug)
US500.cash,us_index,2020-06-11,1,-1,-0.03361,SEAS10,-0.96639,1,agree,False,SEAS (bernd_bias bug)
US500.cash,us_index,2020-06-25,1,0.54955,0.018094,SEAS10,0.53146,1,agree,False,SEAS (bernd_bias bug)
US500.cash,us_index,2020-07-09,1,0.43113,0.015298,SEAS10,0.41584,0,neutral,False,SEAS (bernd_bias bug)
US500.cash,us_index,2020-07-23,1,0.16906,-0.097779,SEAS10,0.26684,0,neutral,False,SEAS (bernd_bias bug)
US500.cash,us_index,2020-08-06,1,0.18223,0.18589,SEAS10,-0.0036634,0,neutral,False,SEAS (bernd_bias bug)
US500.cash,us_index,2020-08-20,1,2.1356,0.1367,SEAS10,1.9989,0,neutral,False,SEAS (bernd_bias bug)
US500.cash,us_index,2020-09-03,1,-1,-0.41607,SEAS10,-0.58393,0,neutral,False,SEAS (bernd_bias bug)
US500.cash,us_index,2020-09-17,1,-1.0811,0.015475,SEAS10,-1.0965,0,neutral,False,SEAS (bernd_bias bug)
US500.cash,us_index,2020-10-01,1,0.61153,-0.27968,SEAS10,0.89121,0,neutral,False,SEAS (bernd_bias bug)
US500.cash,us_index,2020-10-15,1,-1.2177,0.1709,SEAS10,-1.3886,0,neutral,False,SEAS (bernd_bias bug)
US500.cash,us_index,2020-10-29,1,2.2004,-0.20173,SEAS10,2.4021,0,neutral,False,SEAS (bernd_bias bug)
US500.cash,us_index,2020-11-12,1,0.16421,-0.52119,SEAS10,0.6854,0,neutral,False,SEAS (bernd_bias bug)
US500.cash,us_index,2020-11-26,1,0.049753,-0.20486,SEAS10,0.25461,0,neutral,False,SEAS (bernd_bias bug)
US500.cash,us_index,2020-12-10,1,-0.080083,0.12064,SEAS10,-0.20072,0,neutral,False,SEAS (bernd_bias bug)
US500.cash,us_index,2020-12-24,1,1.2257,0.091173,SEAS10,1.1345,0,neutral,False,SEAS (bernd_bias bug)
US500.cash,us_index,2021-01-11,1,-0.083882,-0.5635,SEAS10,0.47962,0,neutral,False,SEAS (bernd_bias bug)
US500.cash,us_index,2021-01-25,1,-1.0434,-0.41468,SEAS10,-0.62869,0,neutral,False,SEAS (bernd_bias bug)
US500.cash,us_index,2021-02-08,1,-0.14754,-0.46203,SEAS10,0.31449,0,neutral,False,SEAS (bernd_bias bug)
US500.cash,us_index,2021-02-22,1,-1.066,-0.37544,SEAS10,-0.69057,0,neutral,False,SEAS (bernd_bias bug)
US500.cash,us_index,2021-03-08,1,0.21087,-0.2754,SEAS10,0.48627,0,neutral,False,SEAS (bernd_bias bug)
US500.cash,us_index,2021-03-22,1,0.76677,-0.4647,SEAS10,1.2315,0,neutral,False,SEAS (bernd_bias bug)
US500.cash,us_index,2021-04-05,1,1.123,0.15078,SEAS10,0.97218,0,neutral,False,SEAS (bernd_bias bug)
US500.cash,us_index,2021-04-19,1,-0.090967,-0.46082,SEAS10,0.36986,0,neutral,False,SEAS (bernd_bias bug)
US500.cash,us_index,2021-05-03,1,-1.2505,-0.36111,SEAS10,-0.8894,0,neutral,False,SEAS (bernd_bias bug)
US500.cash,us_index,2021-05-17,1,-1.0391,-0.44752,SEAS10,-0.59155,0,neutral,False,SEAS (bernd_bias bug)
US500.cash,us_index,2021-05-31,1,0.12903,-0.063996,SEAS10,0.19303,0,neutral,False,SEAS (bernd_bias bug)
US500.cash,us_index,2021-06-14,1,-1.097,0.0020998,SEAS10,-1.0991,0,neutral,False,SEAS (bernd_bias bug)
US500.cash,us_index,2021-06-28,1,0.83064,0.071357,SEAS10,0.75928,0,neutral,False,SEAS (bernd_bias bug)
US500.cash,us_index,2021-07-12,1,-1.2109,-0.37346,SEAS10,-0.83743,0,neutral,False,SEAS (bernd_bias bug)
US500.cash,us_index,2021-07-26,1,0.053098,-0.2919,SEAS10,0.34499,0,neutral,False,SEAS (bernd_bias bug)
US500.cash,us_index,2021-08-09,1,-0.2196,-0.46023,SEAS10,0.24063,0,neutral,False,SEAS (bernd_bias bug)
US500.cash,us_index,2021-08-23,1,0.91154,-0.24264,SEAS10,1.1542,0,neutral,False,SEAS (bernd_bias bug)
US500.cash,us_index,2021-09-06,1,-1.1063,-0.51077,SEAS10,-0.59552,0,neutral,False,SEAS (bernd_bias bug)
US500.cash,us_index,2021-09-20,1,-1.0062,-0.20793,SEAS10,-0.79823,0,neutral,False,SEAS (bernd_bias bug)
US500.cash,us_index,2021-10-04,1,0.75631,0.16565,SEAS10,0.59066,0,neutral,False,SEAS (bernd_bias bug)
US500.cash,us_index,2021-10-18,1,0.76181,-0.23963,SEAS10,1.0014,0,neutral,False,SEAS (bernd_bias bug)
US500.cash,us_index,2021-11-01,1,0.47914,-0.16529,SEAS10,0.64443,0,neutral,False,SEAS (bernd_bias bug)
US500.cash,us_index,2021-11-15,1,-1.3162,0.36974,SEAS10,-1.6859,-1,against,False,SEAS (bernd_bias bug)
US500.cash,us_index,2021-11-29,1,-1.0481,-0.20205,SEAS10,-0.84606,0,neutral,False,SEAS (bernd_bias bug)
US500.cash,us_index,2021-12-13,1,-1.1219,-0.54909,SEAS10,-0.57277,-1,against,False,SEAS (bernd_bias bug)
US500.cash,us_index,2021-12-28,1,-1.1831,-0.61229,SEAS10,-0.57082,-1,against,False,SEAS (bernd_bias bug)
US500.cash,us_index,2022-01-11,1,-1.1393,-0.1703,SEAS10,-0.96899,-1,against,False,SEAS (bernd_bias bug)
US500.cash,us_index,2022-01-25,1,0.35476,-0.30465,SEAS10,0.65942,-1,against,False,SEAS (bernd_bias bug)
US500.cash,us_index,2022-02-08,1,-1.123,-0.0039797,SEAS10,-1.1191,-1,against,False,SEAS (bernd_bias bug)
US500.cash,us_index,2022-02-22,1,-0.5443,-0.34717,SEAS10,-0.19713,-1,against,False,SEAS (bernd_bias bug)
US500.cash,us_index,2022-03-08,1,1.1488,-0.3173,SEAS10,1.4661,-1,against,False,SEAS (bernd_bias bug)
US500.cash,us_index,2022-03-22,1,0.38456,-0.5299,SEAS10,0.91445,0,neutral,False,SEAS (bernd_bias bug)
US500.cash,us_index,2022-04-05,1,-1.0948,-0.37055,SEAS10,-0.72424,0,neutral,False,SEAS (bernd_bias bug)
US500.cash,us_index,2022-04-20,1,-1.0289,-0.21979,SEAS10,-0.80908,0,neutral,False,SEAS (bernd_bias bug)
US500.cash,us_index,2022-05-04,1,-1.068,-0.13505,SEAS10,-0.93296,0,neutral,False,SEAS (bernd_bias bug)
US500.cash,us_index,2022-05-18,1,-1.0094,-0.15579,SEAS10,-0.85363,0,neutral,False,SEAS (bernd_bias bug)
US500.cash,us_index,2022-06-01,1,-1.0881,-0.30429,SEAS10,-0.78377,0,neutral,False,SEAS (bernd_bias bug)
US500.cash,us_index,2022-06-15,1,0.23224,-0.15288,SEAS10,0.38512,0,neutral,False,SEAS (bernd_bias bug)
US500.cash,us_index,2022-06-29,1,-0.18066,-0.11751,SEAS10,-0.063142,0,neutral,False,SEAS (bernd_bias bug)
US500.cash,us_index,2022-07-13,1,0.48558,-0.29939,SEAS10,0.78497,0,neutral,False,SEAS (bernd_bias bug)
US500.cash,us_index,2022-07-27,1,1.0358,-0.1009,SEAS10,1.1367,1,agree,False,SEAS (bernd_bias bug)
US500.cash,us_index,2022-08-10,1,-0.21316,-0.33884,SEAS10,0.12568,1,agree,False,SEAS (bernd_bias bug)
US500.cash,us_index,2022-08-24,1,-1.1108,-0.055637,SEAS10,-1.0551,1,agree,False,SEAS (bernd_bias bug)
US500.cash,us_index,2022-09-07,1,-0.655,-0.14128,SEAS10,-0.51373,1,agree,False,SEAS (bernd_bias bug)
US500.cash,us_index,2022-09-21,1,-1.0241,0.14185,SEAS10,-1.1659,1,agree,False,SEAS (bernd_bias bug)
US500.cash,us_index,2022-10-05,1,-1.0653,-0.48046,SEAS10,-0.58479,0,neutral,False,SEAS (bernd_bias bug)
US500.cash,us_index,2022-10-19,1,0.36755,-0.32582,SEAS10,0.69337,0,neutral,False,SEAS (bernd_bias bug)
US500.cash,us_index,2022-11-02,1,0.51627,-0.32524,SEAS10,0.84151,1,agree,False,SEAS (bernd_bias bug)
US500.cash,us_index,2022-11-16,1,-0.25578,-0.4503,SEAS10,0.19452,0,neutral,False,SEAS (bernd_bias bug)
US500.cash,us_index,2022-11-30,1,0.22757,-0.38991,SEAS10,0.61748,0,neutral,False,SEAS (bernd_bias bug)
US500.cash,us_index,2022-12-14,1,-1.0168,-0.31533,SEAS10,-0.70149,1,agree,False,SEAS (bernd_bias bug)
US500.cash,us_index,2022-12-29,1,0.98124,-0.23442,SEAS10,1.2157,0,neutral,False,SEAS (bernd_bias bug)
US500.cash,us_index,2023-01-13,1,0.27698,-0.091879,SEAS10,0.36885,0,neutral,False,SEAS (bernd_bias bug)
US500.cash,us_index,2023-01-27,1,0.06378,-0.44676,SEAS10,0.51054,1,agree,False,SEAS (bernd_bias bug)
US500.cash,us_index,2023-02-10,1,-0.81131,-0.044248,SEAS10,-0.76706,1,agree,False,SEAS (bernd_bias bug)
US500.cash,us_index,2023-02-24,1,-0.96069,-0.13376,SEAS10,-0.82694,1,agree,False,SEAS (bernd_bias bug)
US500.cash,us_index,2023-03-10,1,0.20788,-0.047003,SEAS10,0.25488,1,agree,False,SEAS (bernd_bias bug)
US500.cash,us_index,2023-03-24,1,0.75536,0.0090833,SEAS10,0.74628,0,neutral,False,SEAS (bernd_bias bug)
US500.cash,us_index,2023-04-07,1,-0.01966,0.13004,SEAS10,-0.1497,1,agree,False,SEAS (bernd_bias bug)
US500.cash,us_index,2023-04-21,1,-1.1461,0.23944,SEAS10,-1.3855,1,agree,False,SEAS (bernd_bias bug)
US500.cash,us_index,2023-05-05,1,1.1092,0.13391,SEAS10,0.97533,1,agree,False,SEAS (bernd_bias bug)
US500.cash,us_index,2023-05-19,1,-0.083249,0.35412,SEAS10,-0.43736,1,agree,False,SEAS (bernd_bias bug)
US500.cash,us_index,2023-06-02,1,1.7629,-0.17217,SEAS10,1.9351,1,agree,False,SEAS (bernd_bias bug)
US500.cash,us_index,2023-06-16,1,-0.55608,0.20659,SEAS10,-0.76266,1,agree,False,SEAS (bernd_bias bug)
US500.cash,us_index,2023-06-30,1,0.94456,-0.10534,SEAS10,1.0499,0,neutral,False,SEAS (bernd_bias bug)
US500.cash,us_index,2023-07-14,1,0.063255,-0.1939,SEAS10,0.25715,0,neutral,False,SEAS (bernd_bias bug)
US500.cash,us_index,2023-07-28,1,-1.3693,-0.23245,SEAS10,-1.1368,0,neutral,False,SEAS (bernd_bias bug)
US500.cash,us_index,2023-08-11,1,-1.1605,0.2524,SEAS10,-1.4129,0,neutral,False,SEAS (bernd_bias bug)
US500.cash,us_index,2023-08-25,1,0.42017,0.11248,SEAS10,0.30769,0,neutral,False,SEAS (bernd_bias bug)
US500.cash,us_index,2023-09-08,1,-1.3107,0.018575,SEAS10,-1.3293,0,neutral,False,SEAS (bernd_bias bug)
US500.cash,us_index,2023-09-22,1,-1.1468,0.29044,SEAS10,-1.4372,0,neutral,False,SEAS (bernd_bias bug)
US500.cash,us_index,2023-10-06,1,-0.14039,-0.18994,SEAS10,0.049555,0,neutral,False,SEAS (bernd_bias bug)
US500.cash,us_index,2023-10-20,1,-1.1137,-0.037644,SEAS10,-1.076,0,neutral,False,SEAS (bernd_bias bug)
US500.cash,us_index,2023-11-03,1,1.3096,0.097397,SEAS10,1.2122,0,neutral,False,SEAS (bernd_bias bug)
US500.cash,us_index,2023-11-17,1,0.19496,-0.16098,SEAS10,0.35594,0,neutral,False,SEAS (bernd_bias bug)
US500.cash,us_index,2023-12-01,1,1.5842,-0.16956,SEAS10,1.7538,0,neutral,False,SEAS (bernd_bias bug)
US500.cash,us_index,2023-12-15,1,0.28699,0.050617,SEAS10,0.23638,0,neutral,False,SEAS (bernd_bias bug)
US500.cash,us_index,2024-01-02,1,-1.049,0.14023,SEAS10,-1.1892,0,neutral,False,SEAS (bernd_bias bug)
US500.cash,us_index,2024-01-16,1,1.3377,0.13152,SEAS10,1.2062,0,neutral,False,SEAS (bernd_bias bug)
US500.cash,us_index,2024-01-30,1,0.63187,-0.086002,SEAS10,0.71788,0,neutral,False,SEAS (bernd_bias bug)
US500.cash,us_index,2024-02-13,1,-1.0062,0.06858,SEAS10,-1.0748,0,neutral,False,SEAS (bernd_bias bug)
US500.cash,us_index,2024-02-27,1,0.27209,-0.29056,SEAS10,0.56265,0,neutral,False,SEAS (bernd_bias bug)
US500.cash,us_index,2024-03-12,1,0.60248,0.53341,SEAS10,0.069076,0,neutral,False,SEAS (bernd_bias bug)
US500.cash,us_index,2024-03-26,1,-0.37674,0.030677,SEAS10,-0.40742,0,neutral,False,SEAS (bernd_bias bug)
US500.cash,us_index,2024-04-10,1,-1.0402,0.2757,SEAS10,-1.3159,0,neutral,False,SEAS (bernd_bias bug)
US500.cash,us_index,2024-04-24,1,0.56916,0.11078,SEAS10,0.45838,0,neutral,False,SEAS (bernd_bias bug)
US500.cash,us_index,2024-05-08,1,0.73651,-0.035771,SEAS10,0.77228,0,neutral,False,SEAS (bernd_bias bug)
US500.cash,us_index,2024-05-22,1,-1.1969,0.34464,SEAS10,-1.5415,0,neutral,False,SEAS (bernd_bias bug)
US500.cash,us_index,2024-06-05,1,1.7958,0.22216,SEAS10,1.5736,0,neutral,False,SEAS (bernd_bias bug)
US500.cash,us_index,2024-06-19,1,-0.18162,0.22978,SEAS10,-0.4114,0,neutral,False,SEAS (bernd_bias bug)
US500.cash,us_index,2024-07-03,1,1.4296,0.080303,SEAS10,1.3493,0,neutral,False,SEAS (bernd_bias bug)
US500.cash,us_index,2024-07-17,1,-1.0262,0.14922,SEAS10,-1.1754,0,neutral,False,SEAS (bernd_bias bug)
US500.cash,us_index,2024-07-31,1,-1.0319,0.078345,SEAS10,-1.1102,0,neutral,False,SEAS (bernd_bias bug)
US500.cash,us_index,2024-08-14,1,0.74193,0.058332,SEAS10,0.6836,0,neutral,False,SEAS (bernd_bias bug)
US500.cash,us_index,2024-08-28,1,-1.1058,-0.23977,SEAS10,-0.86602,0,neutral,False,SEAS (bernd_bias bug)
US500.cash,us_index,2024-09-11,1,1.5198,0.35334,SEAS10,1.1664,0,neutral,False,SEAS (bernd_bias bug)
US500.cash,us_index,2024-09-25,1,-0.096926,0.076338,SEAS10,-0.17326,0,neutral,False,SEAS (bernd_bias bug)
US500.cash,us_index,2024-10-09,1,0.55332,0.052859,SEAS10,0.50046,0,neutral,False,SEAS (bernd_bias bug)
US500.cash,us_index,2024-10-23,1,-1.1672,0.20916,SEAS10,-1.3764,0,neutral,False,SEAS (bernd_bias bug)
US500.cash,us_index,2024-11-06,1,0.79256,0.3107,SEAS10,0.48187,0,neutral,False,SEAS (bernd_bias bug)
US500.cash,us_index,2024-11-20,1,0.7948,0.19685,SEAS10,0.59795,0,neutral,False,SEAS (bernd_bias bug)
US500.cash,us_index,2024-12-04,1,-0.29334,0.16005,SEAS10,-0.45339,0,neutral,False,SEAS (bernd_bias bug)
US500.cash,us_index,2024-12-18,1,-1.0062,-0.1582,SEAS10,-0.84804,0,neutral,False,SEAS (bernd_bias bug)
US500.cash,us_index,2025-01-03,1,0.2086,-0.0065687,SEAS10,0.21516,0,neutral,False,SEAS (bernd_bias bug)
US500.cash,us_index,2025-01-17,1,0.5213,-0.022987,SEAS10,0.54429,0,neutral,False,SEAS (bernd_bias bug)
US500.cash,us_index,2025-01-31,1,-1.0596,0.31636,SEAS10,-1.376,0,neutral,False,SEAS (bernd_bias bug)
US500.cash,us_index,2025-02-14,1,-1.178,0.0014709,SEAS10,-1.1795,0,neutral,False,SEAS (bernd_bias bug)
US500.cash,us_index,2025-02-28,1,-1.1033,-0.064239,SEAS10,-1.0391,0,neutral,False,SEAS (bernd_bias bug)
US500.cash,us_index,2025-03-14,1,0.63416,0.14392,SEAS10,0.49024,0,neutral,False,SEAS (bernd_bias bug)
US500.cash,us_index,2025-03-28,1,-1.066,-0.0058504,SEAS10,-1.0602,0,neutral,False,SEAS (bernd_bias bug)
US500.cash,us_index,2025-04-11,1,0.58465,0.1633,SEAS10,0.42135,0,neutral,False,SEAS (bernd_bias bug)
US500.cash,us_index,2025-04-28,1,0.2819,0.15791,SEAS10,0.12398,0,neutral,False,SEAS (bernd_bias bug)
US500.cash,us_index,2025-05-12,1,0.18231,-0.093637,SEAS10,0.27594,0,neutral,False,SEAS (bernd_bias bug)
US500.cash,us_index,2025-05-26,1,0.94106,0.045075,SEAS10,0.89598,0,neutral,False,SEAS (bernd_bias bug)
US500.cash,us_index,2025-06-09,1,-0.32289,0.07908,SEAS10,-0.40197,0,neutral,False,SEAS (bernd_bias bug)
US500.cash,us_index,2025-06-23,1,1.8365,0.11489,SEAS10,1.7216,0,neutral,False,SEAS (bernd_bias bug)
US500.cash,us_index,2025-07-07,1,0.12031,0.10927,SEAS10,0.011036,0,neutral,False,SEAS (bernd_bias bug)
US500.cash,us_index,2025-07-21,1,-0.73805,-0.083458,SEAS10,-0.65459,0,neutral,False,SEAS (bernd_bias bug)
US500.cash,us_index,2025-08-04,1,1.6323,0.13391,SEAS10,1.4984,0,neutral,False,SEAS (bernd_bias bug)
US500.cash,us_index,2025-08-18,1,-0.12271,-0.011931,SEAS10,-0.11078,0,neutral,False,SEAS (bernd_bias bug)
US500.cash,us_index,2025-09-01,1,0.76038,-0.16579,SEAS10,0.92616,0,neutral,False,SEAS (bernd_bias bug)
US500.cash,us_index,2025-09-15,1,0.34475,0.098771,SEAS10,0.24598,0,neutral,False,SEAS (bernd_bias bug)
US500.cash,us_index,2025-09-29,1,-1.0241,0.26949,SEAS10,-1.2936,0,neutral,False,SEAS (bernd_bias bug)
US500.cash,us_index,2025-10-13,1,1.2252,0.061935,SEAS10,1.1632,0,neutral,False,SEAS (bernd_bias bug)
US500.cash,us_index,2025-10-27,1,-1.143,-0.064992,SEAS10,-1.078,0,neutral,False,SEAS (bernd_bias bug)
US500.cash,us_index,2025-11-10,1,-1.0988,-0.0001978,SEAS10,-1.0986,0,neutral,False,SEAS (bernd_bias bug)
US500.cash,us_index,2025-11-24,1,0.9949,-0.10201,SEAS10,1.0969,0,neutral,False,SEAS (bernd_bias bug)
US500.cash,us_index,2025-12-08,1,-0.31022,-0.070048,SEAS10,-0.24018,0,neutral,False,SEAS (bernd_bias bug)
US500.cash,us_index,2025-12-22,1,0.43973,0.10571,SEAS10,0.33401,0,neutral,False,SEAS (bernd_bias bug)
US500.cash,us_index,2026-01-07,1,-1.24,-0.42747,SEAS10,-0.81251,0,neutral,False,SEAS (bernd_bias bug)
US500.cash,us_index,2026-01-21,1,0.61857,0.070692,SEAS10,0.54788,0,neutral,False,SEAS (bernd_bias bug)
US500.cash,us_index,2026-02-04,1,-1.0263,0.18241,SEAS10,-1.2087,0,neutral,False,SEAS (bernd_bias bug)
US500.cash,us_index,2026-02-18,1,-0.33963,-0.20924,SEAS10,-0.1304,0,neutral,False,SEAS (bernd_bias bug)
US500.cash,us_index,2026-03-04,1,-1.0644,0.10444,SEAS10,-1.1688,0,neutral,False,SEAS (bernd_bias bug)
US500.cash,us_index,2026-03-18,1,-1.0194,-0.11597,SEAS10,-0.90339,0,neutral,False,SEAS (bernd_bias bug)
US500.cash,us_index,2026-04-01,1,1.5271,-0.26759,SEAS10,1.7947,0,neutral,False,SEAS (bernd_bias bug)
US500.cash,us_index,2026-04-15,1,0.56931,0.22229,SEAS10,0.34702,0,neutral,False,SEAS (bernd_bias bug)
US500.cash,us_index,2026-04-29,1,1.2665,-0.057081,SEAS10,1.3236,0,neutral,False,SEAS (bernd_bias bug)
US500.cash,us_index,2026-05-13,1,0.57045,-0.33904,SEAS10,0.90949,0,neutral,False,SEAS (bernd_bias bug)
US500.cash,us_index,2026-05-27,1,-1.127,0.10655,SEAS10,-1.2336,0,neutral,False,SEAS (bernd_bias bug)
US500.cash,us_index,2026-06-10,1,-0.14891,-0.47633,SEAS10,0.32742,0,neutral,False,SEAS (bernd_bias bug)
US500.cash,us_index,2026-06-24,1,0.41004,-0.0045376,SEAS10,0.41458,0,neutral,False,SEAS (bernd_bias bug)
US500.cash,us_index,2026-07-08,1,-0.11336,0.038172,SEAS10,-0.15153,0,neutral,False,SEAS (bernd_bias bug)
US500.cash,us_index,2026-07-22,1,-1.0998,-0.15581,SEAS10,-0.94398,0,neutral,False,SEAS (bernd_bias bug)
US500.cash,us_index,2026-08-05,1,-0.43765,-0.13638,SEAS10,-0.30127,0,neutral,False,SEAS (bernd_bias bug)
US500.cash,us_index,2026-08-19,1,-0.51883,-0.20773,SEAS10,-0.3111,0,neutral,False,SEAS (bernd_bias bug)
US500.cash,us_index,2026-09-02,1,-0.60937,-0.10219,SEAS10,-0.50718,0,neutral,False,SEAS (bernd_bias bug)
US500.cash,us_index,2026-09-16,1,0.45145,0.083269,SEAS10,0.36818,0,neutral,False,SEAS (bernd_bias bug)
US500.cash,us_index,2026-09-30,1,0.62324,-0.37788,SEAS10,1.0011,0,neutral,False,SEAS (bernd_bias bug)
US500.cash,us_index,2018-01-31,1,-1.0754,-0.87779,SEAS20,-0.19761,0,neutral,False,SEAS (bernd_bias bug)
US500.cash,us_index,2018-02-28,1,-1.4008,-0.69307,SEAS20,-0.70771,0,neutral,False,SEAS (bernd_bias bug)
US500.cash,us_index,2018-03-28,1,-0.28454,-0.73116,SEAS20,0.44663,0,neutral,False,SEAS (bernd_bias bug)
US500.cash,us_index,2018-04-26,1,0.21709,-0.48718,SEAS20,0.70427,-1,against,False,SEAS (bernd_bias bug)
US500.cash,us_index,2018-05-24,1,-0.36313,-0.98228,SEAS20,0.61915,-1,against,False,SEAS (bernd_bias bug)
US500.cash,us_index,2018-06-21,1,-1.2093,-0.73596,SEAS20,-0.47332,0,neutral,False,SEAS (bernd_bias bug)
US500.cash,us_index,2018-07-19,1,-1.0161,-0.82766,SEAS20,-0.18843,0,neutral,False,SEAS (bernd_bias bug)
US500.cash,us_index,2018-08-16,1,0.067218,-0.70061,SEAS20,0.76783,0,neutral,False,SEAS (bernd_bias bug)
US500.cash,us_index,2018-09-13,1,-2.5682,-0.90464,SEAS20,-1.6636,0,neutral,False,SEAS (bernd_bias bug)
US500.cash,us_index,2018-10-11,1,-1,-0.85889,SEAS20,-0.14111,-1,against,False,SEAS (bernd_bias bug)
US500.cash,us_index,2018-11-08,1,-1.1234,-0.8266,SEAS20,-0.29683,-1,against,False,SEAS (bernd_bias bug)
US500.cash,us_index,2018-12-06,1,-1.1128,-0.86414,SEAS20,-0.24865,-1,against,False,SEAS (bernd_bias bug)
US500.cash,us_index,2019-01-07,1,0.75671,0.27557,SEAS20,0.48114,-1,against,False,SEAS (bernd_bias bug)
US500.cash,us_index,2019-02-04,1,0.74466,-0.36728,SEAS20,1.1119,-1,against,False,SEAS (bernd_bias bug)
US500.cash,us_index,2019-03-04,1,-1.1056,-0.11585,SEAS20,-0.98971,-1,against,False,SEAS (bernd_bias bug)
US500.cash,us_index,2019-04-01,1,0.63717,-0.064657,SEAS20,0.70183,0,neutral,False,SEAS (bernd_bias bug)
US500.cash,us_index,2019-04-30,1,-1.0915,-0.098326,SEAS20,-0.99317,0,neutral,False,SEAS (bernd_bias bug)
US500.cash,us_index,2019-05-28,1,-1.1748,0.20693,SEAS20,-1.3817,0,neutral,False,SEAS (bernd_bias bug)
US500.cash,us_index,2019-06-25,1,-0.35578,-0.26506,SEAS20,-0.090719,0,neutral,False,SEAS (bernd_bias bug)
US500.cash,us_index,2019-07-23,1,-1.4351,-0.37361,SEAS20,-1.0615,0,neutral,False,SEAS (bernd_bias bug)
US500.cash,us_index,2019-08-20,1,0.17614,-0.66569,SEAS20,0.84183,0,neutral,False,SEAS (bernd_bias bug)
US500.cash,us_index,2019-09-17,1,-1.4404,-0.14891,SEAS20,-1.2915,0,neutral,False,SEAS (bernd_bias bug)
US500.cash,us_index,2019-10-15,1,0.66958,-0.37286,SEAS20,1.0424,0,neutral,False,SEAS (bernd_bias bug)
US500.cash,us_index,2019-11-12,1,-0.32315,-0.26641,SEAS20,-0.05674,0,neutral,False,SEAS (bernd_bias bug)
US500.cash,us_index,2019-12-10,1,0.76827,-0.24249,SEAS20,1.0108,0,neutral,False,SEAS (bernd_bias bug)
US500.cash,us_index,2020-01-08,1,-1,-0.22668,SEAS20,-0.77332,0,neutral,False,SEAS (bernd_bias bug)
US500.cash,us_index,2020-02-05,1,-1.5798,-0.23735,SEAS20,-1.3425,0,neutral,False,SEAS (bernd_bias bug)
US500.cash,us_index,2020-03-04,1,-1.0891,-0.21696,SEAS20,-0.87219,0,neutral,False,SEAS (bernd_bias bug)
US500.cash,us_index,2020-04-01,1,0.84274,-0.26215,SEAS20,1.1049,0,neutral,False,SEAS (bernd_bias bug)
US500.cash,us_index,2020-04-30,1,-1.1635,-0.45604,SEAS20,-0.70748,1,agree,False,SEAS (bernd_bias bug)
US500.cash,us_index,2020-05-28,1,-0.28029,0.24227,SEAS20,-0.52256,1,agree,False,SEAS (bernd_bias bug)
US500.cash,us_index,2020-06-25,1,0.99505,-0.10213,SEAS20,1.0972,1,agree,False,SEAS (bernd_bias bug)
US500.cash,us_index,2020-07-23,1,0.30715,0.1757,SEAS20,0.13145,0,neutral,False,SEAS (bernd_bias bug)
US500.cash,us_index,2020-08-20,1,-0.53237,-0.16728,SEAS20,-0.36509,0,neutral,False,SEAS (bernd_bias bug)
US500.cash,us_index,2020-09-17,1,-1.0811,-0.39446,SEAS20,-0.68661,0,neutral,False,SEAS (bernd_bias bug)
US500.cash,us_index,2020-10-15,1,-1.2177,-0.21437,SEAS20,-1.0033,0,neutral,False,SEAS (bernd_bias bug)
US500.cash,us_index,2020-11-12,1,0.21822,0.33626,SEAS20,-0.11805,0,neutral,False,SEAS (bernd_bias bug)
US500.cash,us_index,2020-12-10,1,1.0867,0.29029,SEAS20,0.79644,0,neutral,False,SEAS (bernd_bias bug)
US500.cash,us_index,2021-01-11,1,-1.3484,-0.6606,SEAS20,-0.68778,0,neutral,False,SEAS (bernd_bias bug)
US500.cash,us_index,2021-02-08,1,-1.46,-0.56009,SEAS20,-0.89991,0,neutral,False,SEAS (bernd_bias bug)
US500.cash,us_index,2021-03-08,1,0.98839,0.43426,SEAS20,0.55414,0,neutral,False,SEAS (bernd_bias bug)
US500.cash,us_index,2021-04-05,1,0.90077,-0.3342,SEAS20,1.235,0,neutral,False,SEAS (bernd_bias bug)
US500.cash,us_index,2021-05-03,1,-1.2505,-0.63964,SEAS20,-0.61088,0,neutral,False,SEAS (bernd_bias bug)
US500.cash,us_index,2021-05-31,1,0.17999,-0.16069,SEAS20,0.34068,0,neutral,False,SEAS (bernd_bias bug)
US500.cash,us_index,2021-06-28,1,0.87869,-0.41866,SEAS20,1.2973,0,neutral,False,SEAS (bernd_bias bug)
US500.cash,us_index,2021-07-26,1,-0.27301,-0.31263,SEAS20,0.039623,0,neutral,False,SEAS (bernd_bias bug)
US500.cash,us_index,2021-08-23,1,-1.0076,-0.030168,SEAS20,-0.97744,0,neutral,False,SEAS (bernd_bias bug)
US500.cash,us_index,2021-09-20,1,-1.0062,-0.3549,SEAS20,-0.65126,0,neutral,False,SEAS (bernd_bias bug)
US500.cash,us_index,2021-10-18,1,1.103,-0.50549,SEAS20,1.6084,0,neutral,False,SEAS (bernd_bias bug)
US500.cash,us_index,2021-11-15,1,-1.3162,-0.5644,SEAS20,-0.75178,-1,against,False,SEAS (bernd_bias bug)
US500.cash,us_index,2021-12-13,1,-1.1219,-0.42401,SEAS20,-0.69785,-1,against,False,SEAS (bernd_bias bug)
US500.cash,us_index,2022-01-11,1,-1.1393,-0.10599,SEAS20,-1.0333,-1,against,False,SEAS (bernd_bias bug)
US500.cash,us_index,2022-02-08,1,-1.2515,-0.40068,SEAS20,-0.85077,-1,against,False,SEAS (bernd_bias bug)
US500.cash,us_index,2022-03-08,1,1.5407,-0.62911,SEAS20,2.1698,-1,against,False,SEAS (bernd_bias bug)
US500.cash,us_index,2022-04-05,1,-1.0948,-0.33468,SEAS20,-0.76012,0,neutral,False,SEAS (bernd_bias bug)
US500.cash,us_index,2022-05-04,1,-1.068,-0.12364,SEAS20,-0.94437,0,neutral,False,SEAS (bernd_bias bug)
US500.cash,us_index,2022-06-01,1,-1.0881,-0.2613,SEAS20,-0.82676,0,neutral,False,SEAS (bernd_bias bug)
US500.cash,us_index,2022-06-29,1,0.21933,-0.72571,SEAS20,0.94504,0,neutral,False,SEAS (bernd_bias bug)
US500.cash,us_index,2022-07-27,1,0.8089,-0.81141,SEAS20,1.6203,1,agree,False,SEAS (bernd_bias bug)
US500.cash,us_index,2022-08-24,1,-1.1108,-0.31933,SEAS20,-0.79143,1,agree,False,SEAS (bernd_bias bug)
US500.cash,us_index,2022-09-21,1,-1.0241,-0.43688,SEAS20,-0.58718,1,agree,False,SEAS (bernd_bias bug)
US500.cash,us_index,2022-10-19,1,0.84932,-0.36385,SEAS20,1.2132,0,neutral,False,SEAS (bernd_bias bug)
US500.cash,us_index,2022-11-16,1,-0.09738,-0.30997,SEAS20,0.21259,0,neutral,False,SEAS (bernd_bias bug)
US500.cash,us_index,2022-12-14,1,-1.0168,-0.57619,SEAS20,-0.44063,1,agree,False,SEAS (bernd_bias bug)
US500.cash,us_index,2023-01-13,1,0.28577,0.23123,SEAS20,0.054541,0,neutral,False,SEAS (bernd_bias bug)
US500.cash,us_index,2023-02-10,1,-1.2468,-0.13661,SEAS20,-1.1102,1,agree,False,SEAS (bernd_bias bug)
US500.cash,us_index,2023-03-10,1,1.1692,-0.13139,SEAS20,1.3006,1,agree,False,SEAS (bernd_bias bug)
US500.cash,us_index,2023-04-07,1,-0.75345,0.51815,SEAS20,-1.2716,1,agree,False,SEAS (bernd_bias bug)
US500.cash,us_index,2023-05-05,1,1.0066,0.095418,SEAS20,0.91116,1,agree,False,SEAS (bernd_bias bug)
US500.cash,us_index,2023-06-02,1,1.1746,-0.036739,SEAS20,1.2113,1,agree,False,SEAS (bernd_bias bug)
US500.cash,us_index,2023-06-30,1,1.0022,0.15534,SEAS20,0.84685,0,neutral,False,SEAS (bernd_bias bug)
US500.cash,us_index,2023-07-28,1,-1.3693,0.15658,SEAS20,-1.5258,0,neutral,False,SEAS (bernd_bias bug)
US500.cash,us_index,2023-08-25,1,-1.045,-0.12812,SEAS20,-0.91692,0,neutral,False,SEAS (bernd_bias bug)
US500.cash,us_index,2023-09-22,1,-1.1468,0.07622,SEAS20,-1.223,0,neutral,False,SEAS (bernd_bias bug)
US500.cash,us_index,2023-10-20,1,-1.1137,0.28565,SEAS20,-1.3993,0,neutral,False,SEAS (bernd_bias bug)
US500.cash,us_index,2023-11-17,1,1.2824,0.20906,SEAS20,1.0734,0,neutral,False,SEAS (bernd_bias bug)
US500.cash,us_index,2023-12-15,1,-0.11339,0.30107,SEAS20,-0.41446,0,neutral,False,SEAS (bernd_bias bug)
US500.cash,us_index,2024-01-16,1,1.9908,0.34271,SEAS20,1.6481,0,neutral,False,SEAS (bernd_bias bug)
US500.cash,us_index,2024-02-13,1,-1.0062,0.023379,SEAS20,-1.0296,0,neutral,False,SEAS (bernd_bias bug)
US500.cash,us_index,2024-03-12,1,0.27313,0.242,SEAS20,0.031134,0,neutral,False,SEAS (bernd_bias bug)
US500.cash,us_index,2024-04-10,1,-1.0402,0.30801,SEAS20,-1.3483,0,neutral,False,SEAS (bernd_bias bug)
US500.cash,us_index,2024-05-08,1,0.31908,0.020674,SEAS20,0.2984,0,neutral,False,SEAS (bernd_bias bug)
US500.cash,us_index,2024-06-05,1,1.5947,-0.20919,SEAS20,1.8039,0,neutral,False,SEAS (bernd_bias bug)
US500.cash,us_index,2024-07-03,1,-1.5449,0.11194,SEAS20,-1.6569,0,neutral,False,SEAS (bernd_bias bug)
US500.cash,us_index,2024-07-31,1,-1.0319,-0.0091357,SEAS20,-1.0227,0,neutral,False,SEAS (bernd_bias bug)
US500.cash,us_index,2024-08-28,1,-1.1058,-0.0026085,SEAS20,-1.1032,0,neutral,False,SEAS (bernd_bias bug)
US500.cash,us_index,2024-09-25,1,0.33795,0.45889,SEAS20,-0.12094,0,neutral,False,SEAS (bernd_bias bug)
US500.cash,us_index,2024-10-23,1,-1.1672,0.42687,SEAS20,-1.5941,0,neutral,False,SEAS (bernd_bias bug)
US500.cash,us_index,2024-11-20,1,0.49866,0.40836,SEAS20,0.090297,0,neutral,False,SEAS (bernd_bias bug)
US500.cash,us_index,2024-12-18,1,-1.0062,0.017834,SEAS20,-1.0241,0,neutral,False,SEAS (bernd_bias bug)
US500.cash,us_index,2025-01-17,1,0.62673,0.23,SEAS20,0.39673,0,neutral,False,SEAS (bernd_bias bug)
US500.cash,us_index,2025-02-14,1,-1.178,-0.38368,SEAS20,-0.79436,0,neutral,False,SEAS (bernd_bias bug)
US500.cash,us_index,2025-03-14,1,-1.2372,0.0066907,SEAS20,-1.2439,0,neutral,False,SEAS (bernd_bias bug)
US500.cash,us_index,2025-04-11,1,0.85019,-0.38426,SEAS20,1.2345,0,neutral,False,SEAS (bernd_bias bug)
US500.cash,us_index,2025-05-12,1,0.91569,0.0045056,SEAS20,0.91119,0,neutral,False,SEAS (bernd_bias bug)
US500.cash,us_index,2025-06-09,1,1.0452,0.080078,SEAS20,0.96513,0,neutral,False,SEAS (bernd_bias bug)
US500.cash,us_index,2025-07-07,1,-0.58833,-0.033427,SEAS20,-0.5549,0,neutral,False,SEAS (bernd_bias bug)
US500.cash,us_index,2025-08-04,1,1.5005,-0.10902,SEAS20,1.6095,0,neutral,False,SEAS (bernd_bias bug)
US500.cash,us_index,2025-09-01,1,0.99536,-0.29903,SEAS20,1.2944,0,neutral,False,SEAS (bernd_bias bug)
US500.cash,us_index,2025-09-29,1,-1.3576,-0.12862,SEAS20,-1.2289,0,neutral,False,SEAS (bernd_bias bug)
US500.cash,us_index,2025-10-27,1,-1.143,-0.33562,SEAS20,-0.80735,0,neutral,False,SEAS (bernd_bias bug)
US500.cash,us_index,2025-11-24,1,0.68671,0.50464,SEAS20,0.18207,0,neutral,False,SEAS (bernd_bias bug)
US500.cash,us_index,2025-12-22,1,-0.79833,-0.051048,SEAS20,-0.74728,0,neutral,False,SEAS (bernd_bias bug)
US500.cash,us_index,2026-01-21,1,-0.22505,-0.34978,SEAS20,0.12473,0,neutral,False,SEAS (bernd_bias bug)
US500.cash,us_index,2026-02-18,1,-1.2369,-0.2071,SEAS20,-1.0298,0,neutral,False,SEAS (bernd_bias bug)
US500.cash,us_index,2026-03-18,1,-1.0194,-0.77282,SEAS20,-0.24654,0,neutral,False,SEAS (bernd_bias bug)
US500.cash,us_index,2026-04-15,1,1.457,-0.37828,SEAS20,1.8353,0,neutral,False,SEAS (bernd_bias bug)
US500.cash,us_index,2026-05-13,1,-1.4197,-0.35547,SEAS20,-1.0642,0,neutral,False,SEAS (bernd_bias bug)
US500.cash,us_index,2026-06-10,1,0.36281,-0.2964,SEAS20,0.6592,0,neutral,False,SEAS (bernd_bias bug)
US500.cash,us_index,2026-07-08,1,-1.2437,-0.36641,SEAS20,-0.87725,0,neutral,False,SEAS (bernd_bias bug)
US500.cash,us_index,2026-08-05,1,-0.88269,-0.28221,SEAS20,-0.60048,0,neutral,False,SEAS (bernd_bias bug)
US500.cash,us_index,2026-09-02,1,-1.2831,-0.54508,SEAS20,-0.73804,0,neutral,False,SEAS (bernd_bias bug)
US500.cash,us_index,2026-09-30,1,0.62324,-0.42106,SEAS20,1.0443,0,neutral,False,SEAS (bernd_bias bug)
US500.cash,us_index,2018-02-14,-1,-0.98706,0.47415,SEAS30,-1.4612,-1,agree,False,SEAS (bernd_bias bug)
US500.cash,us_index,2018-03-28,-1,-0.97713,-0.045888,SEAS30,-0.93124,0,neutral,False,SEAS (bernd_bias bug)
US500.cash,us_index,2018-05-10,-1,-0.9547,0.092959,SEAS30,-1.0477,-1,agree,False,SEAS (bernd_bias bug)
US500.cash,us_index,2018-06-21,-1,-0.92429,0.40337,SEAS30,-1.3277,0,neutral,False,SEAS (bernd_bias bug)
US500.cash,us_index,2018-08-02,-1,-0.98601,-0.21877,SEAS30,-0.76724,-1,agree,False,SEAS (bernd_bias bug)
US500.cash,us_index,2018-09-13,-1,-0.97964,-0.13538,SEAS30,-0.84426,0,neutral,False,SEAS (bernd_bias bug)
US500.cash,us_index,2018-10-25,-1,-0.98374,0.31582,SEAS30,-1.2996,-1,agree,False,SEAS (bernd_bias bug)
US500.cash,us_index,2018-12-06,-1,0.44528,-0.30094,SEAS30,0.74621,-1,agree,False,SEAS (bernd_bias bug)
US500.cash,us_index,2019-01-21,-1,-0.97172,-0.65655,SEAS30,-0.31516,-1,agree,False,SEAS (bernd_bias bug)
US500.cash,us_index,2019-03-04,-1,-0.93606,-0.62277,SEAS30,-0.31328,-1,agree,False,SEAS (bernd_bias bug)
US500.cash,us_index,2019-04-15,-1,1.5537,-0.76433,SEAS30,2.318,0,neutral,False,SEAS (bernd_bias bug)
US500.cash,us_index,2019-05-28,-1,-0.97208,-0.53982,SEAS30,-0.43225,0,neutral,False,SEAS (bernd_bias bug)
US500.cash,us_index,2019-07-09,-1,-0.96337,-0.52511,SEAS30,-0.43826,0,neutral,False,SEAS (bernd_bias bug)
US500.cash,us_index,2019-08-20,-1,-0.53004,-0.7937,SEAS30,0.26366,0,neutral,False,SEAS (bernd_bias bug)
US500.cash,us_index,2019-10-01,-1,-0.94799,-0.64404,SEAS30,-0.30395,0,neutral,False,SEAS (bernd_bias bug)
US500.cash,us_index,2019-11-12,-1,-0.98247,-0.65631,SEAS30,-0.32617,0,neutral,False,SEAS (bernd_bias bug)
US500.cash,us_index,2019-12-24,1,-0.41659,-0.62812,SEAS30,0.21153,0,neutral,False,SEAS (bernd_bias bug)
US500.cash,us_index,2020-02-05,1,-1.5798,-0.46631,SEAS30,-1.1135,0,neutral,False,SEAS (bernd_bias bug)
US500.cash,us_index,2020-03-18,-1,-0.99234,-0.82506,SEAS30,-0.16728,0,neutral,False,SEAS (bernd_bias bug)
US500.cash,us_index,2020-04-30,-1,-0.97891,-0.78707,SEAS30,-0.19183,1,against,False,SEAS (bernd_bias bug)
US500.cash,us_index,2020-06-11,-1,-0.74076,0.25473,SEAS30,-0.99549,1,against,False,SEAS (bernd_bias bug)
US500.cash,us_index,2020-07-23,-1,-0.97364,-0.63423,SEAS30,-0.33941,0,neutral,False,SEAS (bernd_bias bug)
US500.cash,us_index,2020-09-03,-1,1.2908,0.94758,SEAS30,0.34325,0,neutral,False,SEAS (bernd_bias bug)
US500.cash,us_index,2020-10-15,-1,-0.97867,-0.40381,SEAS30,-0.57486,0,neutral,False,SEAS (bernd_bias bug)
US500.cash,us_index,2020-11-26,-1,-0.97032,-0.45911,SEAS30,-0.5112,0,neutral,False,SEAS (bernd_bias bug)
US500.cash,us_index,2021-01-11,1,-1.3484,-0.028646,SEAS30,-1.3197,0,neutral,False,SEAS (bernd_bias bug)
US500.cash,us_index,2021-02-22,-1,-0.9658,-0.83548,SEAS30,-0.13033,0,neutral,False,SEAS (bernd_bias bug)
US500.cash,us_index,2021-04-05,1,0.50208,-0.33691,SEAS30,0.83899,0,neutral,False,SEAS (bernd_bias bug)
US500.cash,us_index,2021-05-17,1,-1.0391,-0.087112,SEAS30,-0.95196,0,neutral,False,SEAS (bernd_bias bug)
US500.cash,us_index,2021-06-28,1,0.8517,-0.33259,SEAS30,1.1843,0,neutral,False,SEAS (bernd_bias bug)
US500.cash,us_index,2021-08-09,-1,-0.97668,-0.84433,SEAS30,-0.13235,0,neutral,False,SEAS (bernd_bias bug)
US500.cash,us_index,2021-09-20,-1,-0.96261,-0.86483,SEAS30,-0.097786,0,neutral,False,SEAS (bernd_bias bug)
US500.cash,us_index,2021-11-01,1,-1.6632,-0.65974,SEAS30,-1.0035,0,neutral,False,SEAS (bernd_bias bug)
US500.cash,us_index,2021-12-13,1,-1.1219,-0.45437,SEAS30,-0.66749,-1,against,False,SEAS (bernd_bias bug)
US500.cash,us_index,2022-01-25,-1,-0.99764,0.36942,SEAS30,-1.3671,-1,agree,False,SEAS (bernd_bias bug)
US500.cash,us_index,2022-03-08,1,0.76663,-0.59759,SEAS30,1.3642,-1,against,False,SEAS (bernd_bias bug)
US500.cash,us_index,2022-04-20,-1,2.2766,0.81359,SEAS30,1.463,0,neutral,False,SEAS (bernd_bias bug)
US500.cash,us_index,2022-06-01,1,-1.0881,-0.5095,SEAS30,-0.57857,0,neutral,False,SEAS (bernd_bias bug)
US500.cash,us_index,2022-07-13,1,1.2306,-0.72006,SEAS30,1.9507,0,neutral,False,SEAS (bernd_bias bug)
US500.cash,us_index,2022-08-24,-1,2.5948,0.78552,SEAS30,1.8093,1,against,False,SEAS (bernd_bias bug)
US500.cash,us_index,2022-10-05,1,-1.0653,-0.92672,SEAS30,-0.13854,0,neutral,False,SEAS (bernd_bias bug)
US500.cash,us_index,2022-11-16,-1,1.0248,0.72765,SEAS30,0.29714,0,neutral,False,SEAS (bernd_bias bug)
US500.cash,us_index,2022-12-29,1,1.2245,-0.46455,SEAS30,1.689,0,neutral,False,SEAS (bernd_bias bug)
US500.cash,us_index,2023-02-10,-1,0.99362,-0.22196,SEAS30,1.2156,1,against,False,SEAS (bernd_bias bug)
US500.cash,us_index,2023-03-24,1,0.065239,-0.45641,SEAS30,0.52165,0,neutral,False,SEAS (bernd_bias bug)
US500.cash,us_index,2023-05-05,-1,-0.98888,-0.17274,SEAS30,-0.81614,1,against,False,SEAS (bernd_bias bug)
US500.cash,us_index,2023-06-16,1,0.28691,-0.22474,SEAS30,0.51166,1,agree,False,SEAS (bernd_bias bug)
US500.cash,us_index,2023-07-28,1,-1.3693,-0.22276,SEAS30,-1.1465,0,neutral,False,SEAS (bernd_bias bug)
US500.cash,us_index,2023-09-08,-1,1.9079,-0.51723,SEAS30,2.4251,0,neutral,False,SEAS (bernd_bias bug)
US500.cash,us_index,2023-10-20,1,-1.1137,-0.053255,SEAS30,-1.0604,0,neutral,False,SEAS (bernd_bias bug)
US500.cash,us_index,2023-12-01,-1,-0.98729,-0.653,SEAS30,-0.33429,0,neutral,False,SEAS (bernd_bias bug)
US500.cash,us_index,2024-01-16,-1,-0.99816,-0.82807,SEAS30,-0.17009,0,neutral,False,SEAS (bernd_bias bug)
US500.cash,us_index,2024-02-27,-1,-0.99564,-0.67018,SEAS30,-0.32547,0,neutral,False,SEAS (bernd_bias bug)
US500.cash,us_index,2024-04-10,-1,-0.965,-0.74961,SEAS30,-0.21539,0,neutral,False,SEAS (bernd_bias bug)
US500.cash,us_index,2024-05-22,1,-1.1969,0.078233,SEAS30,-1.2751,0,neutral,False,SEAS (bernd_bias bug)
US500.cash,us_index,2024-07-03,1,-1.5449,0.30018,SEAS30,-1.8451,0,neutral,False,SEAS (bernd_bias bug)
US500.cash,us_index,2024-08-14,-1,-0.9959,-0.80706,SEAS30,-0.18884,0,neutral,False,SEAS (bernd_bias bug)
US500.cash,us_index,2024-09-25,1,-0.26706,0.17151,SEAS30,-0.43857,0,neutral,False,SEAS (bernd_bias bug)
US500.cash,us_index,2024-11-06,1,1.3651,0.21281,SEAS30,1.1523,0,neutral,False,SEAS (bernd_bias bug)
US500.cash,us_index,2024-12-18,1,-1.0062,0.24478,SEAS30,-1.251,0,neutral,False,SEAS (bernd_bias bug)
US500.cash,us_index,2025-01-31,-1,3.5055,-0.24686,SEAS30,3.7523,0,neutral,False,SEAS (bernd_bias bug)
US500.cash,us_index,2025-03-14,1,-1.2372,0.003522,SEAS30,-1.2407,0,neutral,False,SEAS (bernd_bias bug)
US500.cash,us_index,2025-04-28,1,0.91367,0.092759,SEAS30,0.82092,0,neutral,False,SEAS (bernd_bias bug)
US500.cash,us_index,2025-06-09,1,1.1936,0.29121,SEAS30,0.90239,0,neutral,False,SEAS (bernd_bias bug)
US500.cash,us_index,2025-07-21,1,0.7435,0.089487,SEAS30,0.65401,0,neutral,False,SEAS (bernd_bias bug)
US500.cash,us_index,2025-09-01,-1,-0.99576,-0.16371,SEAS30,-0.83206,0,neutral,False,SEAS (bernd_bias bug)
US500.cash,us_index,2025-10-13,1,-0.76566,0.014228,SEAS30,-0.77989,0,neutral,False,SEAS (bernd_bias bug)
US500.cash,us_index,2025-11-24,1,0.99446,-0.11542,SEAS30,1.1099,0,neutral,False,SEAS (bernd_bias bug)
US500.cash,us_index,2026-01-07,1,-1.24,0.0027477,SEAS30,-1.2427,0,neutral,False,SEAS (bernd_bias bug)
US500.cash,us_index,2026-02-18,-1,1.6043,-0.1376,SEAS30,1.7419,0,neutral,False,SEAS (bernd_bias bug)
US500.cash,us_index,2026-04-01,1,2.8829,-0.49932,SEAS30,3.3823,0,neutral,False,SEAS (bernd_bias bug)
US500.cash,us_index,2026-05-13,1,-1.4197,-0.46122,SEAS30,-0.95844,0,neutral,False,SEAS (bernd_bias bug)
US500.cash,us_index,2026-06-24,1,1.2421,-0.16253,SEAS30,1.4047,0,neutral,False,SEAS (bernd_bias bug)
US500.cash,us_index,2026-08-05,1,-1.2603,0.41748,SEAS30,-1.6778,0,neutral,False,SEAS (bernd_bias bug)
US500.cash,us_index,2026-09-16,-1,-1.0004,-0.59764,SEAS30,-0.40273,0,neutral,False,SEAS (bernd_bias bug)
USOIL.cash,energy,2022-07-12,1,-0.99614,-0.015765,VAL_dxy,-0.98038,1,agree,False,VAL_dxy
USOIL.cash,energy,2022-09-08,1,0.89321,-0.12421,VAL_dxy,1.0174,1,agree,False,VAL_dxy
USOIL.cash,energy,2022-09-27,1,1.208,0.20201,VAL_dxy,1.006,1,agree,False,VAL_dxy
USOIL.cash,energy,2023-03-20,1,2.7488,0.18954,VAL_dxy,2.5593,1,agree,False,VAL_dxy
USOIL.cash,energy,2023-05-04,1,0.85014,0.38206,VAL_dxy,0.46808,0,neutral,False,VAL_dxy
USOIL.cash,energy,2024-09-10,1,2.1947,0.070316,VAL_dxy,2.1244,1,agree,False,VAL_dxy
USOIL.cash,energy,2025-04-08,1,-0.99435,0.080139,VAL_dxy,-1.0745,1,agree,False,VAL_dxy
USOIL.cash,energy,2025-04-23,-1,-1.0703,-1.7204,VAL_dxy,0.65016,1,against,False,VAL_dxy
USOIL.cash,energy,2025-06-12,-1,-1.0666,-1.7713,VAL_dxy,0.70465,1,against,False,VAL_dxy
USOIL.cash,energy,2025-06-18,-1,0.051197,-1.568,VAL_dxy,1.6192,0,neutral,False,VAL_dxy
USOIL.cash,energy,2025-10-13,1,-0.94376,0.19047,VAL_dxy,-1.1342,1,agree,False,VAL_dxy
USOIL.cash,energy,2026-03-04,-1,-1.0616,-0.96702,VAL_dxy,-0.094585,0,neutral,False,VAL_dxy
USOIL.cash,energy,2026-03-09,-1,-1.0125,-0.87861,VAL_dxy,-0.1339,0,neutral,False,VAL_dxy
USOIL.cash,energy,2026-03-11,-1,-1.2484,-1.059,VAL_dxy,-0.18938,0,neutral,False,VAL_dxy
USOIL.cash,energy,2026-04-15,1,0.68048,1.0966,VAL_dxy,-0.4161,0,neutral,False,VAL_dxy
USOIL.cash,energy,2026-04-17,1,0.64693,0.42933,VAL_dxy,0.2176,0,neutral,False,VAL_dxy
USOIL.cash,energy,2026-06-01,1,-0.92813,1.71,VAL_dxy,-2.6381,0,neutral,False,VAL_dxy
USOIL.cash,energy,2026-06-16,1,-0.95959,0.46193,VAL_dxy,-1.4215,0,neutral,False,VAL_dxy
USOIL.cash,energy,2023-03-09,1,-0.92967,0.28997,VAL_dxy_level,-1.2196,1,agree,False,VAL_dxy_level
USOIL.cash,energy,2023-05-05,1,0.65057,-0.22586,VAL_dxy_level,0.87643,0,neutral,False,VAL_dxy_level
USOIL.cash,energy,2023-12-07,1,1.1896,-0.38548,VAL_dxy_level,1.5751,1,agree,False,VAL_dxy_level
USOIL.cash,energy,2024-02-06,1,1.7035,0.063778,VAL_dxy_level,1.6397,1,agree,False,VAL_dxy_level
USOIL.cash,energy,2024-09-11,1,1.92,0.41154,VAL_dxy_level,1.5084,1,agree,False,VAL_dxy_level
USOIL.cash,energy,2024-10-01,1,0.24825,0.67727,VAL_dxy_level,-0.42902,1,agree,False,VAL_dxy_level
USOIL.cash,energy,2024-10-21,1,-0.15363,0.5673,VAL_dxy_level,-0.72093,1,agree,False,VAL_dxy_level
USOIL.cash,energy,2025-02-25,1,-0.87192,-0.024135,VAL_dxy_level,-0.84778,0,neutral,False,VAL_dxy_level
USOIL.cash,energy,2025-04-07,1,-0.98084,-0.44247,VAL_dxy_level,-0.53837,1,agree,False,VAL_dxy_level
USOIL.cash,energy,2025-10-14,1,-0.88023,0.24411,VAL_dxy_level,-1.1243,1,agree,False,VAL_dxy_level
USOIL.cash,energy,2026-03-10,-1,-1.0727,-1.063,VAL_dxy_level,-0.0097672,0,neutral,False,VAL_dxy_level
USOIL.cash,energy,2026-04-29,-1,-0.21234,-0.56866,VAL_dxy_level,0.35631,0,neutral,False,VAL_dxy_level
USOIL.cash,energy,2026-09-16,-1,0.94369,-0.70373,VAL_dxy_level,1.6474,0,neutral,False,VAL_dxy_level
USOIL.cash,energy,2022-07-13,1,-0.037401,-0.11683,VAL_gold,0.079424,1,agree,False,VAL_gold
USOIL.cash,energy,2022-08-03,1,0.069007,0.079136,VAL_gold,-0.010128,1,agree,False,VAL_gold
USOIL.cash,energy,2022-08-11,1,-0.81289,-0.11414,VAL_gold,-0.69875,1,agree,False,VAL_gold
USOIL.cash,energy,2022-09-08,1,0.89321,-0.33651,VAL_gold,1.2297,1,agree,False,VAL_gold
USOIL.cash,energy,2022-11-17,1,-1.001,0.57652,VAL_gold,-1.5775,1,agree,False,VAL_gold
USOIL.cash,energy,2022-11-24,1,-0.87405,0.57912,VAL_gold,-1.4532,1,agree,False,VAL_gold
USOIL.cash,energy,2022-12-12,1,0.62157,-0.038808,VAL_gold,0.66038,1,agree,False,VAL_gold
USOIL.cash,energy,2023-03-15,1,-1.0053,0.09095,VAL_gold,-1.0962,1,agree,False,VAL_gold
USOIL.cash,energy,2025-04-08,1,-0.99435,0.054875,VAL_gold,-1.0492,1,agree,False,VAL_gold
USOIL.cash,energy,2025-05-15,-1,-2.7893,-1.5441,VAL_gold,-1.2452,1,against,False,VAL_gold
USOIL.cash,energy,2025-05-20,-1,-2.4698,-1.6282,VAL_gold,-0.84165,1,against,False,VAL_gold
USOIL.cash,energy,2025-06-13,-1,-1.0071,-1.772,VAL_gold,0.76486,1,against,False,VAL_gold
USOIL.cash,energy,2025-10-13,1,-0.94376,-0.21478,VAL_gold,-0.72898,1,agree,False,VAL_gold
USOIL.cash,energy,2025-10-17,1,0.91431,0.097208,VAL_gold,0.8171,1,agree,False,VAL_gold
USOIL.cash,energy,2025-11-04,-1,-1.9471,-1.9292,VAL_gold,-0.017842,1,against,False,VAL_gold
USOIL.cash,energy,2026-03-04,-1,-1.0616,-1.3074,VAL_gold,0.24574,0,neutral,False,VAL_gold
USOIL.cash,energy,2026-03-11,-1,-1.2484,-1.3102,VAL_gold,0.061817,0,neutral,False,VAL_gold
USOIL.cash,energy,2026-04-15,1,0.68048,1.4534,VAL_gold,-0.77287,0,neutral,False,VAL_gold
USOIL.cash,energy,2026-04-20,1,0.90917,0.70752,VAL_gold,0.20165,0,neutral,False,VAL_gold
USOIL.cash,energy,2026-06-18,1,0.58654,1.1412,VAL_gold,-0.55467,0,neutral,False,VAL_gold
USOIL.cash,energy,2026-06-25,1,2.046,1.4917,VAL_gold,0.55422,0,neutral,False,VAL_gold
USOIL.cash,energy,2026-08-07,1,1.6316,1.7363,VAL_gold,-0.10462,0,neutral,False,VAL_gold
USOIL.cash,energy,2022-07-20,-1,0.45538,-0.75299,VAL_gold_level,1.2084,1,against,False,VAL_gold_level
USOIL.cash,energy,2023-03-21,1,2.4653,0.15497,VAL_gold_level,2.3103,1,agree,False,VAL_gold_level
USOIL.cash,energy,2023-05-02,1,-0.99494,0.04955,VAL_gold_level,-1.0445,0,neutral,False,VAL_gold_level
USOIL.cash,energy,2023-11-29,1,-0.91853,-0.23401,VAL_gold_level,-0.68452,1,agree,False,VAL_gold_level
USOIL.cash,energy,2024-03-07,1,2.45,0.42982,VAL_gold_level,2.0202,1,agree,False,VAL_gold_level
USOIL.cash,energy,2024-07-17,1,-0.87322,0.82667,VAL_gold_level,-1.6999,0,neutral,False,VAL_gold_level
USOIL.cash,energy,2025-01-29,1,-0.76633,-0.25038,VAL_gold_level,-0.51594,0,neutral,False,VAL_gold_level
USOIL.cash,energy,2025-07-02,1,0.87369,0.33666,VAL_gold_level,0.53702,0,neutral,False,VAL_gold_level
USOIL.cash,energy,2025-07-17,1,-0.44078,-0.35473,VAL_gold_level,-0.086051,0,neutral,False,VAL_gold_level
USOIL.cash,energy,2025-08-06,1,0.61485,-0.2692,VAL_gold_level,0.88404,1,agree,False,VAL_gold_level
USOIL.cash,energy,2021-02-02,1,2.6843,-0.067875,SEAS10,2.7522,0,neutral,False,SEAS (bernd_bias bug)
USOIL.cash,energy,2021-02-16,1,0.28197,0.69494,SEAS10,-0.41297,0,neutral,False,SEAS (bernd_bias bug)
USOIL.cash,energy,2021-03-02,1,1.7047,0.37059,SEAS10,1.3341,0,neutral,False,SEAS (bernd_bias bug)
USOIL.cash,energy,2021-03-16,1,-0.98335,0.35872,SEAS10,-1.3421,0,neutral,False,SEAS (bernd_bias bug)
USOIL.cash,energy,2021-03-30,1,-0.24608,0.36775,SEAS10,-0.61383,0,neutral,False,SEAS (bernd_bias bug)
USOIL.cash,energy,2021-04-13,1,0.59738,0.81418,SEAS10,-0.21679,0,neutral,False,SEAS (bernd_bias bug)
USOIL.cash,energy,2021-04-27,1,1.0839,0.19306,SEAS10,0.89081,0,neutral,False,SEAS (bernd_bias bug)
USOIL.cash,energy,2021-05-11,1,-0.83933,0.39454,SEAS10,-1.2339,0,neutral,False,SEAS (bernd_bias bug)
USOIL.cash,energy,2021-05-25,1,0.98343,0.26851,SEAS10,0.71492,0,neutral,False,SEAS (bernd_bias bug)
USOIL.cash,energy,2021-06-08,1,1.2728,0.60677,SEAS10,0.66607,0,neutral,False,SEAS (bernd_bias bug)
USOIL.cash,energy,2021-06-22,1,1.2196,0.56965,SEAS10,0.64996,0,neutral,False,SEAS (bernd_bias bug)
USOIL.cash,energy,2021-07-06,1,-1.0076,-0.10024,SEAS10,-0.90735,0,neutral,False,SEAS (bernd_bias bug)
USOIL.cash,energy,2021-07-20,1,1.2624,0.44795,SEAS10,0.81444,0,neutral,False,SEAS (bernd_bias bug)
USOIL.cash,energy,2021-08-03,1,-0.92085,0.6293,SEAS10,-1.5502,0,neutral,False,SEAS (bernd_bias bug)
USOIL.cash,energy,2021-08-17,1,-0.98197,-0.14937,SEAS10,-0.8326,0,neutral,False,SEAS (bernd_bias bug)
USOIL.cash,energy,2021-08-31,1,0.51096,0.16368,SEAS10,0.34728,0,neutral,False,SEAS (bernd_bias bug)
USOIL.cash,energy,2021-09-14,1,1.4658,0.40511,SEAS10,1.0607,0,neutral,False,SEAS (bernd_bias bug)
USOIL.cash,energy,2021-09-28,1,1.5778,0.44463,SEAS10,1.1331,0,neutral,False,SEAS (bernd_bias bug)
USOIL.cash,energy,2021-10-12,1,1.0265,0.6033,SEAS10,0.42321,0,neutral,False,SEAS (bernd_bias bug)
USOIL.cash,energy,2021-10-26,1,-0.88279,0.20502,SEAS10,-1.0878,0,neutral,False,SEAS (bernd_bias bug)
USOIL.cash,energy,2021-11-09,1,-0.88295,0.28322,SEAS10,-1.1662,0,neutral,False,SEAS (bernd_bias bug)
USOIL.cash,energy,2021-11-23,1,-0.97487,0.018126,SEAS10,-0.993,0,neutral,False,SEAS (bernd_bias bug)
USOIL.cash,energy,2021-12-07,1,0.024356,-0.061087,SEAS10,0.085443,0,neutral,False,SEAS (bernd_bias bug)
USOIL.cash,energy,2021-12-21,1,1.2322,0.6181,SEAS10,0.6141,0,neutral,False,SEAS (bernd_bias bug)
USOIL.cash,energy,2022-01-05,1,2.0828,0.21572,SEAS10,1.8671,0,neutral,False,SEAS (bernd_bias bug)
USOIL.cash,energy,2022-01-19,1,0.57587,0.087532,SEAS10,0.48834,0,neutral,False,SEAS (bernd_bias bug)
USOIL.cash,energy,2022-02-02,1,0.74871,0.23847,SEAS10,0.51023,0,neutral,False,SEAS (bernd_bias bug)
USOIL.cash,energy,2022-02-16,1,2.666,-0.27629,SEAS10,2.9423,0,neutral,False,SEAS (bernd_bias bug)
USOIL.cash,energy,2022-03-02,1,-0.90863,-0.16406,SEAS10,-0.74458,1,agree,False,SEAS (bernd_bias bug)
USOIL.cash,energy,2022-03-16,1,0.69364,-0.1135,SEAS10,0.80714,0,neutral,False,SEAS (bernd_bias bug)
USOIL.cash,energy,2022-03-30,1,-0.1487,0.12475,SEAS10,-0.27345,1,agree,False,SEAS (bernd_bias bug)
USOIL.cash,energy,2022-04-13,1,0.13761,0.53326,SEAS10,-0.39564,1,agree,False,SEAS (bernd_bias bug)
USOIL.cash,energy,2022-04-28,1,0.37826,0.31333,SEAS10,0.064933,1,agree,False,SEAS (bernd_bias bug)
USOIL.cash,energy,2022-05-12,1,0.66738,0.208,SEAS10,0.45939,1,agree,False,SEAS (bernd_bias bug)
USOIL.cash,energy,2022-05-26,1,1.1867,0.25987,SEAS10,0.92678,1,agree,False,SEAS (bernd_bias bug)
USOIL.cash,energy,2022-06-09,1,-0.95307,0.15073,SEAS10,-1.1038,1,agree,False,SEAS (bernd_bias bug)
USOIL.cash,energy,2022-06-23,1,-0.91211,0.41157,SEAS10,-1.3237,1,agree,False,SEAS (bernd_bias bug)
USOIL.cash,energy,2022-07-07,1,0.39944,0.29108,SEAS10,0.10837,1,agree,False,SEAS (bernd_bias bug)
USOIL.cash,energy,2022-07-21,1,-0.75013,0.15184,SEAS10,-0.90197,1,agree,False,SEAS (bernd_bias bug)
USOIL.cash,energy,2022-08-04,1,-0.25684,-0.030511,SEAS10,-0.22633,1,agree,False,SEAS (bernd_bias bug)
USOIL.cash,energy,2022-08-18,1,0.28086,0.1138,SEAS10,0.16706,1,agree,False,SEAS (bernd_bias bug)
USOIL.cash,energy,2022-09-01,1,0.097107,0.12658,SEAS10,-0.029469,1,agree,False,SEAS (bernd_bias bug)
USOIL.cash,energy,2022-09-15,1,-0.94501,0.1882,SEAS10,-1.1332,1,agree,False,SEAS (bernd_bias bug)
USOIL.cash,energy,2022-09-29,1,0.67476,-0.021929,SEAS10,0.69669,1,agree,False,SEAS (bernd_bias bug)
USOIL.cash,energy,2022-10-13,1,0.35483,0.13324,SEAS10,0.2216,1,agree,False,SEAS (bernd_bias bug)
USOIL.cash,energy,2022-10-27,1,-0.29835,0.47751,SEAS10,-0.77586,1,agree,False,SEAS (bernd_bias bug)
USOIL.cash,energy,2022-11-10,1,-0.93158,-0.031072,SEAS10,-0.90051,1,agree,False,SEAS (bernd_bias bug)
USOIL.cash,energy,2022-11-24,1,-0.65826,-0.0011316,SEAS10,-0.65713,1,agree,False,SEAS (bernd_bias bug)
USOIL.cash,energy,2022-12-08,1,0.894,-0.059749,SEAS10,0.95375,1,agree,False,SEAS (bernd_bias bug)
USOIL.cash,energy,2022-12-22,1,-0.58684,0.15878,SEAS10,-0.74562,1,agree,False,SEAS (bernd_bias bug)
USOIL.cash,energy,2023-01-09,1,1.3609,0.18317,SEAS10,1.1777,1,agree,False,SEAS (bernd_bias bug)
USOIL.cash,energy,2023-01-23,1,-0.90392,0.097941,SEAS10,-1.0019,1,agree,False,SEAS (bernd_bias bug)
USOIL.cash,energy,2023-02-06,1,0.68447,-0.27736,SEAS10,0.96183,1,agree,False,SEAS (bernd_bias bug)
USOIL.cash,energy,2023-02-20,1,0.77764,0.15435,SEAS10,0.62329,1,agree,False,SEAS (bernd_bias bug)
USOIL.cash,energy,2023-03-06,1,-0.96159,0.089323,SEAS10,-1.0509,1,agree,False,SEAS (bernd_bias bug)
USOIL.cash,energy,2023-03-20,1,1.6494,0.22083,SEAS10,1.4286,1,agree,False,SEAS (bernd_bias bug)
USOIL.cash,energy,2023-04-03,1,0.12129,-0.26635,SEAS10,0.38764,1,agree,False,SEAS (bernd_bias bug)
USOIL.cash,energy,2023-04-18,1,-0.90157,-0.044826,SEAS10,-0.85674,1,agree,False,SEAS (bernd_bias bug)
USOIL.cash,energy,2023-05-02,1,-0.99494,0.19617,SEAS10,-1.1911,0,neutral,False,SEAS (bernd_bias bug)
USOIL.cash,energy,2023-05-16,1,0.4315,0.45503,SEAS10,-0.023529,1,agree,False,SEAS (bernd_bias bug)
USOIL.cash,energy,2023-05-30,1,-0.99554,-0.21596,SEAS10,-0.77958,1,agree,False,SEAS (bernd_bias bug)
USOIL.cash,energy,2023-06-13,1,0.59932,0.015929,SEAS10,0.58339,1,agree,False,SEAS (bernd_bias bug)
USOIL.cash,energy,2023-06-27,1,0.88496,0.13986,SEAS10,0.7451,1,agree,False,SEAS (bernd_bias bug)
USOIL.cash,energy,2023-07-11,1,1.5461,-0.070113,SEAS10,1.6162,1,agree,False,SEAS (bernd_bias bug)
USOIL.cash,energy,2023-07-25,1,1.1038,0.31686,SEAS10,0.78694,1,agree,False,SEAS (bernd_bias bug)
USOIL.cash,energy,2023-08-08,1,-0.29344,-0.13556,SEAS10,-0.15788,0,neutral,False,SEAS (bernd_bias bug)
USOIL.cash,energy,2023-08-22,1,1.5895,0.2173,SEAS10,1.3722,0,neutral,False,SEAS (bernd_bias bug)
USOIL.cash,energy,2023-09-05,1,1.6924,0.19219,SEAS10,1.5002,0,neutral,False,SEAS (bernd_bias bug)
USOIL.cash,energy,2023-09-19,1,-0.51275,0.44644,SEAS10,-0.95919,0,neutral,False,SEAS (bernd_bias bug)
USOIL.cash,energy,2023-10-03,1,-0.98411,0.52932,SEAS10,-1.5134,0,neutral,False,SEAS (bernd_bias bug)
USOIL.cash,energy,2023-10-17,1,-0.49926,-0.093406,SEAS10,-0.40585,0,neutral,False,SEAS (bernd_bias bug)
USOIL.cash,energy,2023-10-31,1,-0.92274,0.42779,SEAS10,-1.3505,0,neutral,False,SEAS (bernd_bias bug)
USOIL.cash,energy,2023-11-14,1,-0.98712,-0.051653,SEAS10,-0.93547,0,neutral,False,SEAS (bernd_bias bug)
USOIL.cash,energy,2023-11-28,1,-0.90933,-0.090505,SEAS10,-0.81883,1,agree,False,SEAS (bernd_bias bug)
USOIL.cash,energy,2023-12-12,1,0.88844,-0.069512,SEAS10,0.95795,1,agree,False,SEAS (bernd_bias bug)
USOIL.cash,energy,2023-12-27,1,-0.92639,0.29114,SEAS10,-1.2175,1,agree,False,SEAS (bernd_bias bug)
USOIL.cash,energy,2024-01-11,1,0.91975,0.33311,SEAS10,0.58664,1,agree,False,SEAS (bernd_bias bug)
USOIL.cash,energy,2024-01-25,1,-0.081912,0.46402,SEAS10,-0.54594,1,agree,False,SEAS (bernd_bias bug)
USOIL.cash,energy,2024-02-08,1,1.1535,0.13975,SEAS10,1.0138,1,agree,False,SEAS (bernd_bias bug)
USOIL.cash,energy,2024-02-22,1,0.42912,-0.017011,SEAS10,0.44613,1,agree,False,SEAS (bernd_bias bug)
USOIL.cash,energy,2024-03-07,1,0.94613,0.36136,SEAS10,0.58477,1,agree,False,SEAS (bernd_bias bug)
USOIL.cash,energy,2024-03-21,1,1.5534,0.31451,SEAS10,1.2389,0,neutral,False,SEAS (bernd_bias bug)
USOIL.cash,energy,2024-04-05,1,-0.76833,0.33268,SEAS10,-1.101,0,neutral,False,SEAS (bernd_bias bug)
USOIL.cash,energy,2024-04-19,1,-0.76906,-0.043115,SEAS10,-0.72594,0,neutral,False,SEAS (bernd_bias bug)
USOIL.cash,energy,2024-05-03,1,0.20274,0.1713,SEAS10,0.031448,0,neutral,False,SEAS (bernd_bias bug)
USOIL.cash,energy,2024-05-17,1,-0.1043,0.018828,SEAS10,-0.12313,0,neutral,False,SEAS (bernd_bias bug)
USOIL.cash,energy,2024-05-31,1,-0.9316,0.00098249,SEAS10,-0.93258,0,neutral,False,SEAS (bernd_bias bug)
USOIL.cash,energy,2024-06-14,1,1.5456,0.077499,SEAS10,1.4681,0,neutral,False,SEAS (bernd_bias bug)
USOIL.cash,energy,2024-06-28,1,0.53185,0.30227,SEAS10,0.22958,0,neutral,False,SEAS (bernd_bias bug)
USOIL.cash,energy,2024-07-12,1,-0.86142,0.28352,SEAS10,-1.1449,0,neutral,False,SEAS (bernd_bias bug)
USOIL.cash,energy,2024-07-26,1,-0.92067,0.44782,SEAS10,-1.3685,0,neutral,False,SEAS (bernd_bias bug)
USOIL.cash,energy,2024-08-09,1,-0.30756,0.16225,SEAS10,-0.46981,0,neutral,False,SEAS (bernd_bias bug)
USOIL.cash,energy,2024-08-23,1,-0.68491,0.1905,SEAS10,-0.87541,0,neutral,False,SEAS (bernd_bias bug)
USOIL.cash,energy,2024-09-06,1,0.70167,0.35795,SEAS10,0.34373,0,neutral,False,SEAS (bernd_bias bug)
USOIL.cash,energy,2024-09-20,1,-0.8529,-0.10387,SEAS10,-0.74903,1,agree,False,SEAS (bernd_bias bug)
USOIL.cash,energy,2024-10-04,1,-0.55882,0.12215,SEAS10,-0.68097,1,agree,False,SEAS (bernd_bias bug)
USOIL.cash,energy,2024-10-18,1,0.13532,-0.17166,SEAS10,0.30699,1,agree,False,SEAS (bernd_bias bug)
USOIL.cash,energy,2024-11-01,1,-0.25805,0.33382,SEAS10,-0.59187,1,agree,False,SEAS (bernd_bias bug)
USOIL.cash,energy,2024-11-15,1,0.2671,-0.3559,SEAS10,0.623,1,agree,False,SEAS (bernd_bias bug)
USOIL.cash,energy,2024-11-29,1,0.49019,0.42419,SEAS10,0.066002,1,agree,False,SEAS (bernd_bias bug)
USOIL.cash,energy,2024-12-13,1,0.39362,0.2495,SEAS10,0.14412,1,agree,False,SEAS (bernd_bias bug)
USOIL.cash,energy,2024-12-30,1,3.0478,0.12815,SEAS10,2.9196,0,neutral,False,SEAS (bernd_bias bug)
USOIL.cash,energy,2025-01-14,1,-0.841,-0.25579,SEAS10,-0.58521,0,neutral,False,SEAS (bernd_bias bug)
USOIL.cash,energy,2025-01-28,1,-0.11027,0.11783,SEAS10,-0.22811,0,neutral,False,SEAS (bernd_bias bug)
USOIL.cash,energy,2025-02-11,1,-0.24961,0.083607,SEAS10,-0.33321,0,neutral,False,SEAS (bernd_bias bug)
USOIL.cash,energy,2025-02-25,1,-0.87192,0.14882,SEAS10,-1.0207,0,neutral,False,SEAS (bernd_bias bug)
USOIL.cash,energy,2025-03-11,1,1.2703,-0.16648,SEAS10,1.4367,1,agree,False,SEAS (bernd_bias bug)
USOIL.cash,energy,2025-03-25,1,-0.83245,0.45974,SEAS10,-1.2922,1,agree,False,SEAS (bernd_bias bug)
USOIL.cash,energy,2025-04-08,1,-0.99435,0.027142,SEAS10,-1.0215,1,agree,False,SEAS (bernd_bias bug)
USOIL.cash,energy,2025-04-23,1,-0.9257,0.056566,SEAS10,-0.98226,1,agree,False,SEAS (bernd_bias bug)
USOIL.cash,energy,2025-05-07,1,0.74801,0.11022,SEAS10,0.63779,1,agree,False,SEAS (bernd_bias bug)
USOIL.cash,energy,2025-05-21,1,0.3807,-0.16904,SEAS10,0.54974,1,agree,False,SEAS (bernd_bias bug)
USOIL.cash,energy,2025-06-04,1,3.2131,0.098907,SEAS10,3.1142,1,agree,False,SEAS (bernd_bias bug)
USOIL.cash,energy,2025-06-18,1,-0.93982,-0.064923,SEAS10,-0.8749,0,neutral,False,SEAS (bernd_bias bug)
USOIL.cash,energy,2025-07-02,1,0.23054,-0.29012,SEAS10,0.52066,0,neutral,False,SEAS (bernd_bias bug)
USOIL.cash,energy,2025-07-16,1,0.84505,-0.077888,SEAS10,0.92294,0,neutral,False,SEAS (bernd_bias bug)
USOIL.cash,energy,2025-07-30,1,-0.90539,0.17192,SEAS10,-1.0773,1,agree,False,SEAS (bernd_bias bug)
USOIL.cash,energy,2025-08-13,1,0.46296,-0.044048,SEAS10,0.50701,1,agree,False,SEAS (bernd_bias bug)
USOIL.cash,energy,2025-08-27,1,-0.069001,-0.084414,SEAS10,0.015412,1,agree,False,SEAS (bernd_bias bug)
USOIL.cash,energy,2025-09-10,1,0.66829,0.18605,SEAS10,0.48223,1,agree,False,SEAS (bernd_bias bug)
USOIL.cash,energy,2025-09-24,1,-0.83619,0.14817,SEAS10,-0.98435,1,agree,False,SEAS (bernd_bias bug)
USOIL.cash,energy,2025-10-08,1,-0.97596,-0.053991,SEAS10,-0.92197,1,agree,False,SEAS (bernd_bias bug)
USOIL.cash,energy,2025-10-22,1,1.0733,-0.10604,SEAS10,1.1793,1,agree,False,SEAS (bernd_bias bug)
USOIL.cash,energy,2025-11-05,1,0.31212,0.55257,SEAS10,-0.24046,1,agree,False,SEAS (bernd_bias bug)
USOIL.cash,energy,2025-11-19,1,-0.97678,0.1153,SEAS10,-1.0921,1,agree,False,SEAS (bernd_bias bug)
USOIL.cash,energy,2025-12-03,1,-0.72737,0.020329,SEAS10,-0.74769,1,agree,False,SEAS (bernd_bias bug)
USOIL.cash,energy,2025-12-17,1,1.1014,-0.10816,SEAS10,1.2096,1,agree,False,SEAS (bernd_bias bug)
USOIL.cash,energy,2026-01-02,1,0.94747,0.061338,SEAS10,0.88613,1,agree,False,SEAS (bernd_bias bug)
USOIL.cash,energy,2026-01-16,1,2.1068,0.6157,SEAS10,1.4911,1,agree,False,SEAS (bernd_bias bug)
USOIL.cash,energy,2026-01-30,1,-0.95735,0.92408,SEAS10,-1.8814,1,agree,False,SEAS (bernd_bias bug)
USOIL.cash,energy,2026-02-13,1,0.80947,1.3003,SEAS10,-0.49088,0,neutral,False,SEAS (bernd_bias bug)
USOIL.cash,energy,2026-02-27,1,7.2657,0.76703,SEAS10,6.4987,0,neutral,False,SEAS (bernd_bias bug)
USOIL.cash,energy,2026-03-13,1,-0.18909,-0.002099,SEAS10,-0.18699,0,neutral,False,SEAS (bernd_bias bug)
USOIL.cash,energy,2026-03-27,1,0.14385,0.61057,SEAS10,-0.46672,0,neutral,False,SEAS (bernd_bias bug)
USOIL.cash,energy,2026-04-13,1,-0.99918,0.44928,SEAS10,-1.4485,0,neutral,False,SEAS (bernd_bias bug)
USOIL.cash,energy,2026-04-27,1,-0.16225,0.25597,SEAS10,-0.41821,0,neutral,False,SEAS (bernd_bias bug)
USOIL.cash,energy,2026-05-11,1,0.1581,0.71047,SEAS10,-0.55237,0,neutral,False,SEAS (bernd_bias bug)
USOIL.cash,energy,2026-05-25,1,-0.2249,0.12252,SEAS10,-0.34742,0,neutral,False,SEAS (bernd_bias bug)
USOIL.cash,energy,2026-06-08,1,-0.98833,0.84051,SEAS10,-1.8288,0,neutral,False,SEAS (bernd_bias bug)
USOIL.cash,energy,2026-06-22,1,-0.95224,-0.078838,SEAS10,-0.87341,0,neutral,False,SEAS (bernd_bias bug)
USOIL.cash,energy,2026-07-06,1,1.8819,0.8761,SEAS10,1.0058,0,neutral,False,SEAS (bernd_bias bug)
USOIL.cash,energy,2026-07-20,1,-0.93269,0.23355,SEAS10,-1.1662,1,agree,False,SEAS (bernd_bias bug)
USOIL.cash,energy,2026-08-03,1,0.36605,0.31319,SEAS10,0.052861,0,neutral,False,SEAS (bernd_bias bug)
USOIL.cash,energy,2026-08-17,1,0.18181,0.2761,SEAS10,-0.094285,0,neutral,False,SEAS (bernd_bias bug)
USOIL.cash,energy,2026-08-31,1,2.2375,0.53304,SEAS10,1.7044,0,neutral,False,SEAS (bernd_bias bug)
USOIL.cash,energy,2026-09-14,1,-0.9486,-0.13178,SEAS10,-0.81682,0,neutral,False,SEAS (bernd_bias bug)
USOIL.cash,energy,2026-09-28,1,-0.46886,0.30939,SEAS10,-0.77825,0,neutral,False,SEAS (bernd_bias bug)
USOIL.cash,energy,2021-02-02,1,3.0259,0.41623,SEAS20,2.6096,0,neutral,False,SEAS (bernd_bias bug)
USOIL.cash,energy,2021-03-02,1,0.89429,1.0526,SEAS20,-0.15832,0,neutral,False,SEAS (bernd_bias bug)
USOIL.cash,energy,2021-03-30,1,0.33218,0.32322,SEAS20,0.0089596,0,neutral,False,SEAS (bernd_bias bug)
USOIL.cash,energy,2021-04-27,1,1.6531,0.89752,SEAS20,0.75558,0,neutral,False,SEAS (bernd_bias bug)
USOIL.cash,energy,2021-05-25,1,2.1689,0.70305,SEAS20,1.4658,0,neutral,False,SEAS (bernd_bias bug)
USOIL.cash,energy,2021-06-22,1,-0.42902,0.98103,SEAS20,-1.4101,0,neutral,False,SEAS (bernd_bias bug)
USOIL.cash,energy,2021-07-20,1,0.56003,0.87857,SEAS20,-0.31855,0,neutral,False,SEAS (bernd_bias bug)
USOIL.cash,energy,2021-08-17,1,-0.98197,0.60127,SEAS20,-1.5832,0,neutral,False,SEAS (bernd_bias bug)
USOIL.cash,energy,2021-09-14,1,2.8842,0.80218,SEAS20,2.0821,0,neutral,False,SEAS (bernd_bias bug)
USOIL.cash,energy,2021-10-12,1,0.74331,0.49897,SEAS20,0.24434,0,neutral,False,SEAS (bernd_bias bug)
USOIL.cash,energy,2021-11-09,1,-0.88295,0.54876,SEAS20,-1.4317,0,neutral,False,SEAS (bernd_bias bug)
USOIL.cash,energy,2021-12-07,1,1.2805,0.69796,SEAS20,0.5825,0,neutral,False,SEAS (bernd_bias bug)
USOIL.cash,energy,2022-01-05,1,2.6004,0.53075,SEAS20,2.0697,0,neutral,False,SEAS (bernd_bias bug)
USOIL.cash,energy,2022-02-02,1,4.0841,-0.095454,SEAS20,4.1795,0,neutral,False,SEAS (bernd_bias bug)
USOIL.cash,energy,2022-03-02,1,-0.90863,0.26612,SEAS20,-1.1748,1,agree,False,SEAS (bernd_bias bug)
USOIL.cash,energy,2022-03-30,1,-0.043598,0.20403,SEAS20,-0.24763,1,agree,False,SEAS (bernd_bias bug)
USOIL.cash,energy,2022-04-28,1,1.0462,0.59316,SEAS20,0.45304,1,agree,False,SEAS (bernd_bias bug)
USOIL.cash,energy,2022-05-26,1,-0.46486,-0.27595,SEAS20,-0.18892,1,agree,False,SEAS (bernd_bias bug)
USOIL.cash,energy,2022-06-23,1,-0.91211,0.50402,SEAS20,-1.4161,1,agree,False,SEAS (bernd_bias bug)
USOIL.cash,energy,2022-07-21,1,-0.92196,-0.17346,SEAS20,-0.7485,1,agree,False,SEAS (bernd_bias bug)
USOIL.cash,energy,2022-08-18,1,0.38817,-0.16337,SEAS20,0.55154,1,agree,False,SEAS (bernd_bias bug)
USOIL.cash,energy,2022-09-15,1,-0.94501,-0.12599,SEAS20,-0.81901,1,agree,False,SEAS (bernd_bias bug)
USOIL.cash,energy,2022-10-13,1,0.088089,-0.14943,SEAS20,0.23752,1,agree,False,SEAS (bernd_bias bug)
USOIL.cash,energy,2022-11-10,1,-0.93158,0.31793,SEAS20,-1.2495,1,agree,False,SEAS (bernd_bias bug)
USOIL.cash,energy,2022-12-08,1,0.39465,0.69012,SEAS20,-0.29547,1,agree,False,SEAS (bernd_bias bug)
USOIL.cash,energy,2023-01-09,1,0.08806,0.23772,SEAS20,-0.14966,1,agree,False,SEAS (bernd_bias bug)
USOIL.cash,energy,2023-02-06,1,1.495,-0.016467,SEAS20,1.5115,1,agree,False,SEAS (bernd_bias bug)
USOIL.cash,energy,2023-03-06,1,-0.96159,0.519,SEAS20,-1.4806,1,agree,False,SEAS (bernd_bias bug)
USOIL.cash,energy,2023-04-03,1,-0.79153,0.19623,SEAS20,-0.98776,1,agree,False,SEAS (bernd_bias bug)
USOIL.cash,energy,2023-05-02,1,-0.99494,-0.29107,SEAS20,-0.70387,0,neutral,False,SEAS (bernd_bias bug)
USOIL.cash,energy,2023-05-30,1,-0.99554,0.2696,SEAS20,-1.2651,1,agree,False,SEAS (bernd_bias bug)
USOIL.cash,energy,2023-06-27,1,2.1686,-0.18057,SEAS20,2.3492,1,agree,False,SEAS (bernd_bias bug)
USOIL.cash,energy,2023-07-25,1,0.82078,0.66027,SEAS20,0.1605,1,agree,False,SEAS (bernd_bias bug)
USOIL.cash,energy,2023-08-22,1,3.1652,0.16834,SEAS20,2.9968,0,neutral,False,SEAS (bernd_bias bug)
USOIL.cash,energy,2023-09-19,1,-0.74394,0.28547,SEAS20,-1.0294,0,neutral,False,SEAS (bernd_bias bug)
USOIL.cash,energy,2023-10-17,1,-0.8414,0.16421,SEAS20,-1.0056,0,neutral,False,SEAS (bernd_bias bug)
USOIL.cash,energy,2023-11-14,1,-0.98712,0.12083,SEAS20,-1.108,0,neutral,False,SEAS (bernd_bias bug)
USOIL.cash,energy,2023-12-12,1,0.32413,0.10197,SEAS20,0.22215,1,agree,False,SEAS (bernd_bias bug)
USOIL.cash,energy,2024-01-11,1,0.86189,0.82376,SEAS20,0.038137,1,agree,False,SEAS (bernd_bias bug)
USOIL.cash,energy,2024-02-08,1,1.5883,0.44376,SEAS20,1.1446,1,agree,False,SEAS (bernd_bias bug)
USOIL.cash,energy,2024-03-07,1,2.45,0.45934,SEAS20,1.9907,1,agree,False,SEAS (bernd_bias bug)
USOIL.cash,energy,2024-04-05,1,-0.76833,-0.20445,SEAS20,-0.56387,0,neutral,False,SEAS (bernd_bias bug)
USOIL.cash,energy,2024-05-03,1,0.12232,0.67902,SEAS20,-0.5567,0,neutral,False,SEAS (bernd_bias bug)
USOIL.cash,energy,2024-05-31,1,-0.9316,-0.047229,SEAS20,-0.88437,0,neutral,False,SEAS (bernd_bias bug)
USOIL.cash,energy,2024-06-28,1,-0.52126,0.13835,SEAS20,-0.65961,0,neutral,False,SEAS (bernd_bias bug)
USOIL.cash,energy,2024-07-26,1,-0.92067,0.44973,SEAS20,-1.3704,0,neutral,False,SEAS (bernd_bias bug)
USOIL.cash,energy,2024-08-23,1,-0.82055,0.14756,SEAS20,-0.96811,0,neutral,False,SEAS (bernd_bias bug)
USOIL.cash,energy,2024-09-20,1,-0.8529,0.35432,SEAS20,-1.2072,1,agree,False,SEAS (bernd_bias bug)
USOIL.cash,energy,2024-10-18,1,-0.075472,0.84225,SEAS20,-0.91772,1,agree,False,SEAS (bernd_bias bug)
USOIL.cash,energy,2024-11-15,1,0.70204,0.17341,SEAS20,0.52862,1,agree,False,SEAS (bernd_bias bug)
USOIL.cash,energy,2024-12-13,1,3.0956,0.45578,SEAS20,2.6398,1,agree,False,SEAS (bernd_bias bug)
USOIL.cash,energy,2025-01-14,1,-0.841,0.086963,SEAS20,-0.92797,0,neutral,False,SEAS (bernd_bias bug)
USOIL.cash,energy,2025-02-11,1,-0.77271,-0.15425,SEAS20,-0.61846,0,neutral,False,SEAS (bernd_bias bug)
USOIL.cash,energy,2025-03-11,1,-0.56871,-0.24767,SEAS20,-0.32104,1,agree,False,SEAS (bernd_bias bug)
USOIL.cash,energy,2025-04-08,1,-0.99435,-0.24743,SEAS20,-0.74692,1,agree,False,SEAS (bernd_bias bug)
USOIL.cash,energy,2025-05-07,1,1.0927,-0.11756,SEAS20,1.2102,1,agree,False,SEAS (bernd_bias bug)
USOIL.cash,energy,2025-06-04,1,1.1749,0.23572,SEAS20,0.9392,1,agree,False,SEAS (bernd_bias bug)
USOIL.cash,energy,2025-07-02,1,0.87369,-0.24135,SEAS20,1.115,0,neutral,False,SEAS (bernd_bias bug)
USOIL.cash,energy,2025-07-30,1,-0.90539,-0.085384,SEAS20,-0.82,1,agree,False,SEAS (bernd_bias bug)
USOIL.cash,energy,2025-08-27,1,0.52538,0.20948,SEAS20,0.3159,1,agree,False,SEAS (bernd_bias bug)
USOIL.cash,energy,2025-09-24,1,-0.83619,-0.36688,SEAS20,-0.46931,1,agree,False,SEAS (bernd_bias bug)
USOIL.cash,energy,2025-10-22,1,1.3928,0.063005,SEAS20,1.3298,1,agree,False,SEAS (bernd_bias bug)
USOIL.cash,energy,2025-11-19,1,-0.97678,0.33603,SEAS20,-1.3128,1,agree,False,SEAS (bernd_bias bug)
USOIL.cash,energy,2025-12-17,1,2.0743,-0.11098,SEAS20,2.1852,1,agree,False,SEAS (bernd_bias bug)
USOIL.cash,energy,2026-01-16,1,1.6057,1.5517,SEAS20,0.053948,1,agree,False,SEAS (bernd_bias bug)
USOIL.cash,energy,2026-02-13,1,8.278,0.68282,SEAS20,7.5952,0,neutral,False,SEAS (bernd_bias bug)
USOIL.cash,energy,2026-03-13,1,0.017059,0.5341,SEAS20,-0.51704,0,neutral,False,SEAS (bernd_bias bug)
USOIL.cash,energy,2026-04-13,1,-0.99918,0.97776,SEAS20,-1.9769,0,neutral,False,SEAS (bernd_bias bug)
USOIL.cash,energy,2026-05-11,1,-0.37826,1.6399,SEAS20,-2.0182,0,neutral,False,SEAS (bernd_bias bug)
USOIL.cash,energy,2026-06-08,1,-0.98833,1.7619,SEAS20,-2.7502,0,neutral,False,SEAS (bernd_bias bug)
USOIL.cash,energy,2026-07-06,1,2.3478,0.14471,SEAS20,2.2031,0,neutral,False,SEAS (bernd_bias bug)
USOIL.cash,energy,2026-08-03,1,0.61835,0.57756,SEAS20,0.040783,0,neutral,False,SEAS (bernd_bias bug)
USOIL.cash,energy,2026-08-31,1,1.7114,1.2981,SEAS20,0.41336,0,neutral,False,SEAS (bernd_bias bug)
USOIL.cash,energy,2026-09-28,1,-0.46886,1.7089,SEAS20,-2.1778,0,neutral,False,SEAS (bernd_bias bug)
USOIL.cash,energy,2021-02-16,1,-0.13818,1.1785,SEAS30,-1.3167,0,neutral,False,SEAS (bernd_bias bug)
USOIL.cash,energy,2021-03-30,1,1.0343,1.124,SEAS30,-0.089768,0,neutral,False,SEAS (bernd_bias bug)
USOIL.cash,energy,2021-05-11,1,-0.83933,0.9198,SEAS30,-1.7591,0,neutral,False,SEAS (bernd_bias bug)
USOIL.cash,energy,2021-06-22,1,-0.42902,0.85421,SEAS30,-1.2832,0,neutral,False,SEAS (bernd_bias bug)
USOIL.cash,energy,2021-08-03,1,-0.92085,0.54321,SEAS30,-1.4641,0,neutral,False,SEAS (bernd_bias bug)
USOIL.cash,energy,2021-09-14,1,3.964,1.3207,SEAS30,2.6433,0,neutral,False,SEAS (bernd_bias bug)
USOIL.cash,energy,2021-10-26,1,-0.88279,1.7384,SEAS30,-2.6212,0,neutral,False,SEAS (bernd_bias bug)
USOIL.cash,energy,2021-12-07,1,2.6936,0.55593,SEAS30,2.1376,0,neutral,False,SEAS (bernd_bias bug)
USOIL.cash,energy,2022-01-19,1,5.0769,0.13487,SEAS30,4.942,0,neutral,False,SEAS (bernd_bias bug)
USOIL.cash,energy,2022-03-02,1,-0.90863,-0.00039891,SEAS30,-0.90823,1,agree,False,SEAS (bernd_bias bug)
USOIL.cash,energy,2022-04-13,1,0.96918,0.52991,SEAS30,0.43928,1,agree,False,SEAS (bernd_bias bug)
USOIL.cash,energy,2022-05-26,1,-0.74153,0.1327,SEAS30,-0.87423,1,agree,False,SEAS (bernd_bias bug)
USOIL.cash,energy,2022-07-07,1,-0.56791,0.39627,SEAS30,-0.96418,1,agree,False,SEAS (bernd_bias bug)
USOIL.cash,energy,2022-08-18,1,-0.73974,-0.22907,SEAS30,-0.51067,1,agree,False,SEAS (bernd_bias bug)
USOIL.cash,energy,2022-09-29,1,0.76414,0.98187,SEAS30,-0.21773,1,agree,False,SEAS (bernd_bias bug)
USOIL.cash,energy,2022-11-10,1,-0.93158,0.83843,SEAS30,-1.77,1,agree,False,SEAS (bernd_bias bug)
USOIL.cash,energy,2022-12-22,1,-0.40504,0.49682,SEAS30,-0.90185,1,agree,False,SEAS (bernd_bias bug)
USOIL.cash,energy,2023-02-06,1,-0.56521,0.52821,SEAS30,-1.0934,1,agree,False,SEAS (bernd_bias bug)
USOIL.cash,energy,2023-03-20,1,2.0107,0.26653,SEAS30,1.7441,1,agree,False,SEAS (bernd_bias bug)
USOIL.cash,energy,2023-05-02,1,-0.99494,-0.012208,SEAS30,-0.98273,0,neutral,False,SEAS (bernd_bias bug)
USOIL.cash,energy,2023-06-13,1,2.8914,0.21674,SEAS30,2.6747,1,agree,False,SEAS (bernd_bias bug)
USOIL.cash,energy,2023-07-25,1,2.458,0.63738,SEAS30,1.8206,1,agree,False,SEAS (bernd_bias bug)
USOIL.cash,energy,2023-09-05,1,-0.49817,-0.17868,SEAS30,-0.31948,0,neutral,False,SEAS (bernd_bias bug)
USOIL.cash,energy,2023-10-17,1,-0.8414,0.47126,SEAS30,-1.3127,0,neutral,False,SEAS (bernd_bias bug)
USOIL.cash,energy,2023-11-28,1,-0.90933,0.23312,SEAS30,-1.1425,1,agree,False,SEAS (bernd_bias bug)
USOIL.cash,energy,2024-01-11,1,1.8313,0.55701,SEAS30,1.2743,1,agree,False,SEAS (bernd_bias bug)
USOIL.cash,energy,2024-02-22,1,2.7538,0.76879,SEAS30,1.985,1,agree,False,SEAS (bernd_bias bug)
USOIL.cash,energy,2024-04-05,1,-0.76833,0.19399,SEAS30,-0.96232,0,neutral,False,SEAS (bernd_bias bug)
USOIL.cash,energy,2024-05-17,1,-0.70325,0.10685,SEAS30,-0.81011,0,neutral,False,SEAS (bernd_bias bug)
USOIL.cash,energy,2024-06-28,1,-0.52126,0.478,SEAS30,-0.99926,0,neutral,False,SEAS (bernd_bias bug)
USOIL.cash,energy,2024-08-09,1,-0.64361,0.83453,SEAS30,-1.4781,0,neutral,False,SEAS (bernd_bias bug)
USOIL.cash,energy,2024-09-20,1,-0.8529,0.049162,SEAS30,-0.90206,1,agree,False,SEAS (bernd_bias bug)
USOIL.cash,energy,2024-11-01,1,0.34504,0.32508,SEAS30,0.01996,1,agree,False,SEAS (bernd_bias bug)
USOIL.cash,energy,2024-12-13,1,1.9745,0.44131,SEAS30,1.5332,1,agree,False,SEAS (bernd_bias bug)
USOIL.cash,energy,2025-01-28,1,-0.56389,-0.15348,SEAS30,-0.4104,0,neutral,False,SEAS (bernd_bias bug)
USOIL.cash,energy,2025-03-11,1,-0.56871,0.18088,SEAS30,-0.74959,1,agree,False,SEAS (bernd_bias bug)
USOIL.cash,energy,2025-04-23,1,-0.9257,-0.24065,SEAS30,-0.68504,1,agree,False,SEAS (bernd_bias bug)
USOIL.cash,energy,2025-06-04,1,1.553,-0.049591,SEAS30,1.6026,1,agree,False,SEAS (bernd_bias bug)
USOIL.cash,energy,2025-07-16,1,-0.6234,0.073809,SEAS30,-0.69721,0,neutral,False,SEAS (bernd_bias bug)
USOIL.cash,energy,2025-08-27,1,-0.29331,-0.23373,SEAS30,-0.059577,1,agree,False,SEAS (bernd_bias bug)
USOIL.cash,energy,2025-10-08,1,-0.97596,0.54606,SEAS30,-1.522,1,agree,False,SEAS (bernd_bias bug)
USOIL.cash,energy,2025-11-19,1,-0.97678,0.31922,SEAS30,-1.296,1,agree,False,SEAS (bernd_bias bug)
USOIL.cash,energy,2026-01-02,1,3.0085,1.5628,SEAS30,1.4457,1,agree,False,SEAS (bernd_bias bug)
USOIL.cash,energy,2026-02-13,1,7.9209,2.4171,SEAS30,5.5039,0,neutral,False,SEAS (bernd_bias bug)
USOIL.cash,energy,2026-03-27,1,0.2034,2.0156,SEAS30,-1.8122,0,neutral,False,SEAS (bernd_bias bug)
USOIL.cash,energy,2026-05-11,1,-0.86261,1.5346,SEAS30,-2.3973,0,neutral,False,SEAS (bernd_bias bug)
USOIL.cash,energy,2026-06-22,1,-0.95224,1.96,SEAS30,-2.9123,0,neutral,False,SEAS (bernd_bias bug)
USOIL.cash,energy,2026-08-03,1,2.5891,2.0251,SEAS30,0.56396,0,neutral,False,SEAS (bernd_bias bug)
USOIL.cash,energy,2026-09-14,1,-0.9486,1.8837,SEAS30,-2.8323,0,neutral,False,SEAS (bernd_bias bug)
XAGUSD,metal,2010-11-05,-1,-1.0242,-0.37961,VAL_dxy,-0.64463,0,neutral,False,VAL_dxy
XAGUSD,metal,2010-11-11,-1,-1.029,-0.59351,VAL_dxy,-0.4355,0,neutral,False,VAL_dxy
XAGUSD,metal,2011-02-22,-1,-1.1235,-0.149,VAL_dxy,-0.97448,0,neutral,False,VAL_dxy
XAGUSD,metal,2011-03-02,-1,-1.0415,-0.53115,VAL_dxy,-0.51039,0,neutral,False,VAL_dxy
XAGUSD,metal,2011-04-18,-1,-1.0395,-0.097372,VAL_dxy,-0.94216,0,neutral,False,VAL_dxy
XAGUSD,metal,2011-04-21,-1,-1.0373,-0.45659,VAL_dxy,-0.58067,0,neutral,False,VAL_dxy
XAGUSD,metal,2011-04-28,-1,3.6404,-0.3165,VAL_dxy,3.9569,0,neutral,False,VAL_dxy
XAGUSD,metal,2011-05-05,1,-1.0185,0.66329,VAL_dxy,-1.6818,0,neutral,False,VAL_dxy
XAGUSD,metal,2011-05-12,1,0.18702,0.12355,VAL_dxy,0.063473,0,neutral,False,VAL_dxy
XAGUSD,metal,2011-05-31,-1,0.88435,-0.16761,VAL_dxy,1.052,0,neutral,False,VAL_dxy
XAGUSD,metal,2011-07-18,-1,-1.0243,-0.16563,VAL_dxy,-0.85867,0,neutral,False,VAL_dxy
XAGUSD,metal,2011-07-26,-1,-1.1591,-0.16011,VAL_dxy,-0.99898,0,neutral,False,VAL_dxy
XAGUSD,metal,2011-09-26,1,-1.0279,-0.19051,VAL_dxy,-0.8374,0,neutral,False,VAL_dxy
XAGUSD,metal,2011-09-29,1,0.64647,-0.12254,VAL_dxy,0.76901,0,neutral,False,VAL_dxy
XAGUSD,metal,2012-01-30,-1,-0.82167,0.37355,VAL_dxy,-1.1952,0,neutral,False,VAL_dxy
XAGUSD,metal,2012-02-03,-1,-1.0522,-0.30162,VAL_dxy,-0.7506,0,neutral,False,VAL_dxy
XAGUSD,metal,2012-09-03,-1,-0.99996,0.37371,VAL_dxy,-1.3737,0,neutral,False,VAL_dxy
XAGUSD,metal,2012-09-14,-1,0.33801,-0.32838,VAL_dxy,0.66639,0,neutral,False,VAL_dxy
XAGUSD,metal,2013-08-16,-1,-0.99935,0.36769,VAL_dxy,-1.367,1,against,False,VAL_dxy
XAGUSD,metal,2013-08-26,-1,1.5359,0.36528,VAL_dxy,1.1707,0,neutral,False,VAL_dxy
XAGUSD,metal,2013-08-28,-1,1.8373,0.24449,VAL_dxy,1.5928,0,neutral,False,VAL_dxy
XAGUSD,metal,2014-02-18,-1,0.63898,0.21887,VAL_dxy,0.42011,0,neutral,False,VAL_dxy
XAGUSD,metal,2015-10-15,-1,2.07,-0.36586,VAL_dxy,2.4358,0,neutral,False,VAL_dxy
XAGUSD,metal,2015-11-10,1,-1.4881,-0.91288,VAL_dxy,-0.57527,-1,against,False,VAL_dxy
XAGUSD,metal,2016-02-09,-1,-0.56833,-0.41635,VAL_dxy,-0.15198,0,neutral,False,VAL_dxy
XAGUSD,metal,2016-02-12,-1,0.17613,-0.60194,VAL_dxy,0.77807,0,neutral,False,VAL_dxy
XAGUSD,metal,2016-04-20,-1,-1.0504,-0.50194,VAL_dxy,-0.54846,-1,agree,False,VAL_dxy
XAGUSD,metal,2016-05-02,-1,1.9048,-0.50328,VAL_dxy,2.408,-1,agree,False,VAL_dxy
XAGUSD,metal,2016-06-16,-1,-1.0592,-0.081609,VAL_dxy,-0.97757,0,neutral,False,VAL_dxy
XAGUSD,metal,2016-07-04,-1,-1.0403,-0.38042,VAL_dxy,-0.65983,-1,agree,False,VAL_dxy
XAGUSD,metal,2016-07-11,-1,0.43588,-0.49784,VAL_dxy,0.93372,-1,agree,False,VAL_dxy
XAGUSD,metal,2016-10-06,1,0.18175,-0.25155,VAL_dxy,0.43331,-1,against,False,VAL_dxy
XAGUSD,metal,2016-10-17,1,-0.65238,-0.39105,VAL_dxy,-0.26133,0,neutral,False,VAL_dxy
XAGUSD,metal,2016-11-17,1,-0.73176,0.3614,VAL_dxy,-1.0932,0,neutral,False,VAL_dxy
XAGUSD,metal,2019-01-02,-1,-1.0844,-0.39361,VAL_dxy,-0.69081,0,neutral,False,VAL_dxy
XAGUSD,metal,2019-01-04,-1,-0.76856,-0.40909,VAL_dxy,-0.35947,0,neutral,False,VAL_dxy
XAGUSD,metal,2019-01-09,-1,-1.0855,-0.41213,VAL_dxy,-0.67339,0,neutral,False,VAL_dxy
XAGUSD,metal,2019-07-19,-1,-1.0776,-0.36195,VAL_dxy,-0.71568,0,neutral,False,VAL_dxy
XAGUSD,metal,2019-08-28,-1,-1.0515,-0.17913,VAL_dxy,-0.87237,0,neutral,False,VAL_dxy
XAGUSD,metal,2019-09-03,-1,-1.0517,-0.6649,VAL_dxy,-0.38683,0,neutral,False,VAL_dxy
XAGUSD,metal,2019-09-19,1,-0.85985,-0.8443,VAL_dxy,-0.01554,0,neutral,False,VAL_dxy
XAGUSD,metal,2019-10-08,1,0.033937,-0.6419,VAL_dxy,0.67583,0,neutral,False,VAL_dxy
XAGUSD,metal,2019-11-11,1,-1.1023,-0.51236,VAL_dxy,-0.58996,0,neutral,False,VAL_dxy
XAGUSD,metal,2019-11-15,1,-1.0162,-0.44069,VAL_dxy,-0.57549,0,neutral,False,VAL_dxy
XAGUSD,metal,2020-03-13,1,-1.0322,0.79732,VAL_dxy,-1.8295,0,neutral,False,VAL_dxy
XAGUSD,metal,2020-03-31,-1,-0.62478,-0.15217,VAL_dxy,-0.47262,0,neutral,False,VAL_dxy
XAGUSD,metal,2020-05-20,-1,-1.0351,0.047975,VAL_dxy,-1.0831,0,neutral,False,VAL_dxy
XAGUSD,metal,2020-07-22,-1,-1.0353,-0.16117,VAL_dxy,-0.87411,0,neutral,False,VAL_dxy
XAGUSD,metal,2020-08-07,-1,0.91357,0.17446,VAL_dxy,0.73912,0,neutral,False,VAL_dxy
XAGUSD,metal,2022-04-28,1,-1.0662,-0.28986,VAL_dxy,-0.77639,0,neutral,True,VAL_dxy
XAGUSD,metal,2022-05-11,1,0.26012,-0.055415,VAL_dxy,0.31554,0,neutral,True,VAL_dxy
XAGUSD,metal,2022-05-13,1,0.2752,-0.46903,VAL_dxy,0.74424,0,neutral,True,VAL_dxy
XAGUSD,metal,2022-07-06,1,0.13775,0.062666,VAL_dxy,0.075087,1,agree,True,VAL_dxy
XAGUSD,metal,2022-07-12,1,0.91679,-0.32286,VAL_dxy,1.2396,1,agree,True,VAL_dxy
XAGUSD,metal,2022-08-09,-1,2.1942,-0.16115,VAL_dxy,2.3554,1,against,True,VAL_dxy
XAGUSD,metal,2022-08-29,1,-1.0907,-0.36663,VAL_dxy,-0.72412,1,agree,True,VAL_dxy
XAGUSD,metal,2022-09-27,1,0.24095,-0.38727,VAL_dxy,0.62821,1,agree,True,VAL_dxy
XAGUSD,metal,2022-10-19,1,1.5227,-0.561,VAL_dxy,2.0837,1,agree,True,VAL_dxy
XAGUSD,metal,2022-11-11,-1,-1.0065,-0.04703,VAL_dxy,-0.95948,1,against,True,VAL_dxy
XAGUSD,metal,2022-11-17,-1,-1.0068,0.00053464,VAL_dxy,-1.0073,0,neutral,True,VAL_dxy
XAGUSD,metal,2023-02-16,1,-1.2968,0.062706,VAL_dxy,-1.3595,0,neutral,True,VAL_dxy
XAGUSD,metal,2023-03-23,-1,-1.0123,0.14889,VAL_dxy,-1.1612,1,against,True,VAL_dxy
XAGUSD,metal,2023-05-19,1,-0.17423,-0.15745,VAL_dxy,-0.016776,0,neutral,True,VAL_dxy
XAGUSD,metal,2023-05-25,1,-0.81092,-0.62652,VAL_dxy,-0.1844,0,neutral,True,VAL_dxy
XAGUSD,metal,2023-10-03,1,1.5733,-0.80451,VAL_dxy,2.3778,0,neutral,True,VAL_dxy
XAGUSD,metal,2023-10-05,1,1.2146,-0.23505,VAL_dxy,1.4497,0,neutral,True,VAL_dxy
XAGUSD,metal,2024-04-10,-1,-1.01,0.07072,VAL_dxy,-1.0807,-1,agree,True,VAL_dxy
XAGUSD,metal,2024-05-20,-1,1.2499,-0.74288,VAL_dxy,1.9928,-1,agree,True,VAL_dxy
XAGUSD,metal,2024-06-12,1,0.38953,0.056785,VAL_dxy,0.33274,-1,against,True,VAL_dxy
XAGUSD,metal,2024-07-26,1,0.32258,-0.33232,VAL_dxy,0.6549,-1,against,True,VAL_dxy
XAGUSD,metal,2024-11-12,1,0.26046,0.085512,VAL_dxy,0.17495,-1,against,True,VAL_dxy
XAGUSD,metal,2024-12-20,1,0.56255,0.32699,VAL_dxy,0.23556,0,neutral,True,VAL_dxy
XAGUSD,metal,2024-12-24,1,0.38754,-0.45245,VAL_dxy,0.83999,0,neutral,True,VAL_dxy
XAGUSD,metal,2025-04-07,1,1.5789,1.0552,VAL_dxy,0.52361,-1,against,True,VAL_dxy
XAGUSD,metal,2025-04-09,1,1.065,1.5151,VAL_dxy,-0.45006,-1,against,True,VAL_dxy
XAGUSD,metal,2025-10-17,-1,0.50023,-0.61933,VAL_dxy,1.1196,-1,agree,True,VAL_dxy
XAGUSD,metal,2025-10-28,1,0.86179,1.2207,VAL_dxy,-0.35891,-1,against,True,VAL_dxy
XAGUSD,metal,2025-10-30,1,1.1663,1.6911,VAL_dxy,-0.52482,-1,against,True,VAL_dxy
XAGUSD,metal,2025-11-04,1,2.1052,1.5216,VAL_dxy,0.58364,-1,against,True,VAL_dxy
XAGUSD,metal,2025-12-02,-1,-1.0049,-0.92866,VAL_dxy,-0.076269,-1,agree,True,VAL_dxy
XAGUSD,metal,2025-12-08,-1,-1.0046,-0.69804,VAL_dxy,-0.30661,-1,agree,True,VAL_dxy
XAGUSD,metal,2025-12-10,-1,-1.0044,-0.78679,VAL_dxy,-0.21764,-1,agree,True,VAL_dxy
XAGUSD,metal,2025-12-23,-1,-1.0042,-0.4301,VAL_dxy,-0.57411,-1,agree,True,VAL_dxy
XAGUSD,metal,2026-01-07,-1,-1.0075,0.026897,VAL_dxy,-1.0344,0,neutral,True,VAL_dxy
XAGUSD,metal,2026-01-15,-1,-1.006,0.10634,VAL_dxy,-1.1123,0,neutral,True,VAL_dxy
XAGUSD,metal,2026-01-23,-1,-1.0052,0.087199,VAL_dxy,-1.0924,0,neutral,True,VAL_dxy
XAGUSD,metal,2026-01-28,-1,1.8883,0.040469,VAL_dxy,1.8479,0,neutral,True,VAL_dxy
XAGUSD,metal,2026-02-03,1,0.42638,-0.47744,VAL_dxy,0.90382,0,neutral,True,VAL_dxy
XAGUSD,metal,2026-02-06,1,0.48539,-0.10331,VAL_dxy,0.5887,0,neutral,True,VAL_dxy
XAGUSD,metal,2010-08-11,-1,-0.99769,-0.52834,VAL_dxy_level,-0.46935,0,neutral,False,VAL_dxy_level
XAGUSD,metal,2010-08-31,-1,-0.99969,-0.3912,VAL_dxy_level,-0.60849,0,neutral,False,VAL_dxy_level
XAGUSD,metal,2011-08-04,-1,0.039606,-0.20363,VAL_dxy_level,0.24324,0,neutral,False,VAL_dxy_level
XAGUSD,metal,2011-08-22,-1,0.92991,-0.047872,VAL_dxy_level,0.97778,0,neutral,False,VAL_dxy_level
XAGUSD,metal,2013-03-21,1,-1.1902,-0.31059,VAL_dxy_level,-0.87958,0,neutral,False,VAL_dxy_level
XAGUSD,metal,2013-03-26,1,-1.1239,-0.36109,VAL_dxy_level,-0.76285,0,neutral,False,VAL_dxy_level
XAGUSD,metal,2013-11-26,1,-1.1296,-0.426,VAL_dxy_level,-0.70363,0,neutral,False,VAL_dxy_level
XAGUSD,metal,2014-04-01,1,-0.88921,-0.572,VAL_dxy_level,-0.3172,0,neutral,False,VAL_dxy_level
XAGUSD,metal,2014-08-06,1,-1.4731,-0.83332,VAL_dxy_level,-0.63976,-1,against,False,VAL_dxy_level
XAGUSD,metal,2015-06-08,1,-1.0772,-1.1078,VAL_dxy_level,0.030596,-1,against,False,VAL_dxy_level
XAGUSD,metal,2015-11-04,1,-1.2212,-1.0166,VAL_dxy_level,-0.2046,-1,against,False,VAL_dxy_level
XAGUSD,metal,2016-08-01,-1,1.2915,-0.22328,VAL_dxy_level,1.5148,-1,agree,False,VAL_dxy_level
XAGUSD,metal,2016-09-07,-1,2.3646,-0.051614,VAL_dxy_level,2.4162,-1,agree,False,VAL_dxy_level
XAGUSD,metal,2016-09-22,-1,2.2824,-0.25108,VAL_dxy_level,2.5335,-1,agree,False,VAL_dxy_level
XAGUSD,metal,2018-08-15,1,-1.0973,-0.95236,VAL_dxy_level,-0.14492,1,agree,False,VAL_dxy_level
XAGUSD,metal,2019-05-16,1,-1.1548,-0.72393,VAL_dxy_level,-0.43087,0,neutral,False,VAL_dxy_level
XAGUSD,metal,2019-09-05,-1,2.2122,-0.48534,VAL_dxy_level,2.6976,0,neutral,False,VAL_dxy_level
XAGUSD,metal,2019-09-25,-1,0.97422,-0.24574,VAL_dxy_level,1.22,0,neutral,False,VAL_dxy_level
XAGUSD,metal,2020-01-06,-1,-1.0667,-0.70033,VAL_dxy_level,-0.36635,0,neutral,False,VAL_dxy_level
XAGUSD,metal,2020-02-24,-1,9.623,0.26838,VAL_dxy_level,9.3547,-1,agree,False,VAL_dxy_level
XAGUSD,metal,2020-03-19,1,1.6776,-0.060342,VAL_dxy_level,1.738,0,neutral,False,VAL_dxy_level
XAGUSD,metal,2020-06-11,-1,-0.75695,-0.17094,VAL_dxy_level,-0.58601,0,neutral,False,VAL_dxy_level
XAGUSD,metal,2020-06-23,-1,-1.0346,0.0095919,VAL_dxy_level,-1.0442,0,neutral,False,VAL_dxy_level
XAGUSD,metal,2020-12-18,-1,-1.0223,-0.080014,VAL_dxy_level,-0.9423,0,neutral,True,VAL_dxy_level
XAGUSD,metal,2021-04-19,-1,-1.0141,-0.063233,VAL_dxy_level,-0.95082,0,neutral,True,VAL_dxy_level
XAGUSD,metal,2022-05-24,1,-0.57748,-0.25668,VAL_dxy_level,-0.3208,0,neutral,True,VAL_dxy_level
XAGUSD,metal,2022-08-22,1,-1.2141,-0.27757,VAL_dxy_level,-0.93649,1,agree,True,VAL_dxy_level
XAGUSD,metal,2024-03-21,-1,-1.012,-0.26968,VAL_dxy_level,-0.74236,0,neutral,True,VAL_dxy_level
XAGUSD,metal,2024-04-03,-1,-1.0118,-0.044844,VAL_dxy_level,-0.96697,-1,agree,True,VAL_dxy_level
XAGUSD,metal,2024-08-21,-1,-0.66032,-0.49226,VAL_dxy_level,-0.16806,0,neutral,True,VAL_dxy_level
XAGUSD,metal,2025-03-10,-1,-1.0133,-0.76097,VAL_dxy_level,-0.25235,-1,agree,True,VAL_dxy_level
XAGUSD,metal,2025-04-14,-1,-0.20554,-0.63377,VAL_dxy_level,0.42823,0,neutral,True,VAL_dxy_level
XAGUSD,metal,2008-12-09,-1,-0.99936,-0.38386,SEAS10,-0.6155,0,neutral,False,SEAS (bernd_bias bug)
XAGUSD,metal,2008-12-23,-1,-0.18807,-0.62762,SEAS10,0.43956,0,neutral,False,SEAS (bernd_bias bug)
XAGUSD,metal,2009-01-08,-1,-0.24291,-0.27307,SEAS10,0.030164,0,neutral,False,SEAS (bernd_bias bug)
XAGUSD,metal,2009-01-22,-1,-0.99925,-0.27705,SEAS10,-0.7222,0,neutral,False,SEAS (bernd_bias bug)
XAGUSD,metal,2009-02-05,-1,-0.99956,-0.36678,SEAS10,-0.63278,0,neutral,False,SEAS (bernd_bias bug)
XAGUSD,metal,2009-02-19,-1,1.6086,-0.76325,SEAS10,2.3719,0,neutral,False,SEAS (bernd_bias bug)
XAGUSD,metal,2009-03-05,-1,0.12307,-0.051238,SEAS10,0.17431,0,neutral,False,SEAS (bernd_bias bug)
XAGUSD,metal,2009-03-19,-1,-0.13275,0.16741,SEAS10,-0.30016,0,neutral,False,SEAS (bernd_bias bug)
XAGUSD,metal,2009-04-02,-1,0.79649,-0.38882,SEAS10,1.1853,0,neutral,False,SEAS (bernd_bias bug)
XAGUSD,metal,2009-04-17,-1,-0.9989,-0.36362,SEAS10,-0.63528,0,neutral,False,SEAS (bernd_bias bug)
XAGUSD,metal,2009-05-01,-1,-0.99975,0.040536,SEAS10,-1.0403,0,neutral,False,SEAS (bernd_bias bug)
XAGUSD,metal,2009-05-15,-1,-0.99875,-0.034174,SEAS10,-0.96457,0,neutral,False,SEAS (bernd_bias bug)
XAGUSD,metal,2009-05-29,-1,-0.9997,-0.32388,SEAS10,-0.67583,0,neutral,False,SEAS (bernd_bias bug)
XAGUSD,metal,2009-06-12,-1,1.2377,-0.36031,SEAS10,1.598,0,neutral,False,SEAS (bernd_bias bug)
XAGUSD,metal,2009-06-26,-1,1.1239,-0.045023,SEAS10,1.1689,0,neutral,False,SEAS (bernd_bias bug)
XAGUSD,metal,2009-07-10,-1,-0.9987,-0.27171,SEAS10,-0.72699,0,neutral,False,SEAS (bernd_bias bug)
XAGUSD,metal,2009-07-24,-1,-0.99856,-0.0052273,SEAS10,-0.99333,0,neutral,False,SEAS (bernd_bias bug)
XAGUSD,metal,2009-08-07,-1,0.78874,-0.38597,SEAS10,1.1747,0,neutral,False,SEAS (bernd_bias bug)
XAGUSD,metal,2009-08-21,-1,-0.99898,-0.063114,SEAS10,-0.93587,0,neutral,False,SEAS (bernd_bias bug)
XAGUSD,metal,2009-09-04,-1,-0.99881,-0.35057,SEAS10,-0.64825,0,neutral,False,SEAS (bernd_bias bug)
XAGUSD,metal,2009-09-18,-1,1.1217,-0.27444,SEAS10,1.3961,0,neutral,False,SEAS (bernd_bias bug)
XAGUSD,metal,2009-10-05,-1,-1.0001,-0.17444,SEAS10,-0.82569,0,neutral,False,SEAS (bernd_bias bug)
XAGUSD,metal,2009-10-19,-1,1.1879,-0.41649,SEAS10,1.6044,-1,agree,False,SEAS (bernd_bias bug)
XAGUSD,metal,2009-11-02,-1,-1,-0.16737,SEAS10,-0.83266,0,neutral,False,SEAS (bernd_bias bug)
XAGUSD,metal,2009-11-16,-1,-1.0001,-0.12981,SEAS10,-0.87024,0,neutral,False,SEAS (bernd_bias bug)
XAGUSD,metal,2009-11-30,-1,-1.0001,-0.50803,SEAS10,-0.49203,0,neutral,False,SEAS (bernd_bias bug)
XAGUSD,metal,2009-12-14,-1,-0.30532,-0.34311,SEAS10,0.037789,0,neutral,False,SEAS (bernd_bias bug)
XAGUSD,metal,2009-12-29,-1,-0.99888,-0.32075,SEAS10,-0.67813,0,neutral,False,SEAS (bernd_bias bug)
XAGUSD,metal,2010-01-13,-1,1.6646,-0.39183,SEAS10,2.0564,0,neutral,False,SEAS (bernd_bias bug)
XAGUSD,metal,2010-01-27,-1,1.3728,-0.1695,SEAS10,1.5423,0,neutral,False,SEAS (bernd_bias bug)
XAGUSD,metal,2010-02-10,-1,-0.29591,-0.47259,SEAS10,0.17668,0,neutral,False,SEAS (bernd_bias bug)
XAGUSD,metal,2010-02-24,-1,-0.9995,-0.44798,SEAS10,-0.55152,0,neutral,False,SEAS (bernd_bias bug)
XAGUSD,metal,2010-03-10,-1,0.7272,-0.48926,SEAS10,1.2165,0,neutral,False,SEAS (bernd_bias bug)
XAGUSD,metal,2010-03-25,-1,-0.9997,-0.53504,SEAS10,-0.46466,0,neutral,False,SEAS (bernd_bias bug)
XAGUSD,metal,2010-04-08,-1,0.068056,-0.29376,SEAS10,0.36182,0,neutral,False,SEAS (bernd_bias bug)
XAGUSD,metal,2010-04-22,-1,-0.99859,-0.31183,SEAS10,-0.68676,0,neutral,False,SEAS (bernd_bias bug)
XAGUSD,metal,2010-05-06,-1,-1.0002,-0.11748,SEAS10,-0.88269,0,neutral,False,SEAS (bernd_bias bug)
XAGUSD,metal,2010-05-20,-1,-0.099128,-0.47283,SEAS10,0.37371,0,neutral,False,SEAS (bernd_bias bug)
XAGUSD,metal,2010-06-03,-1,-0.058767,-0.43547,SEAS10,0.3767,0,neutral,False,SEAS (bernd_bias bug)
XAGUSD,metal,2010-06-17,-1,-0.99986,-0.47346,SEAS10,-0.5264,0,neutral,False,SEAS (bernd_bias bug)
XAGUSD,metal,2010-07-01,-1,0.29446,-0.072301,SEAS10,0.36676,0,neutral,False,SEAS (bernd_bias bug)
XAGUSD,metal,2010-07-15,-1,0.77969,-0.4426,SEAS10,1.2223,0,neutral,False,SEAS (bernd_bias bug)
XAGUSD,metal,2010-07-29,-1,-0.99983,-0.31388,SEAS10,-0.68595,0,neutral,False,SEAS (bernd_bias bug)
XAGUSD,metal,2010-08-12,-1,-0.99847,-0.44545,SEAS10,-0.55302,0,neutral,False,SEAS (bernd_bias bug)
XAGUSD,metal,2010-08-26,-1,-0.99907,-0.33116,SEAS10,-0.66791,0,neutral,False,SEAS (bernd_bias bug)
XAGUSD,metal,2010-09-09,-1,-0.99918,-0.25006,SEAS10,-0.74913,0,neutral,False,SEAS (bernd_bias bug)
XAGUSD,metal,2010-09-23,-1,-0.99959,-0.12246,SEAS10,-0.87713,0,neutral,False,SEAS (bernd_bias bug)
XAGUSD,metal,2010-10-07,-1,-0.99968,-0.75765,SEAS10,-0.24203,-1,agree,False,SEAS (bernd_bias bug)
XAGUSD,metal,2010-10-22,-1,-0.99958,-0.22582,SEAS10,-0.77376,0,neutral,False,SEAS (bernd_bias bug)
XAGUSD,metal,2010-11-05,-1,-1.0242,-0.034508,SEAS10,-0.98974,0,neutral,False,SEAS (bernd_bias bug)
XAGUSD,metal,2010-11-22,-1,-0.786,-0.3184,SEAS10,-0.4676,0,neutral,False,SEAS (bernd_bias bug)
XAGUSD,metal,2010-12-06,-1,0.069096,-0.50186,SEAS10,0.57095,0,neutral,False,SEAS (bernd_bias bug)
XAGUSD,metal,2010-12-21,-1,-0.99932,-0.15502,SEAS10,-0.8443,0,neutral,False,SEAS (bernd_bias bug)
XAGUSD,metal,2011-01-04,-1,1.5213,0.035658,SEAS10,1.4857,0,neutral,False,SEAS (bernd_bias bug)
XAGUSD,metal,2011-01-18,-1,0.19993,0.17906,SEAS10,0.020874,0,neutral,False,SEAS (bernd_bias bug)
XAGUSD,metal,2011-02-01,-1,-1.0323,0.044163,SEAS10,-1.0765,0,neutral,False,SEAS (bernd_bias bug)
XAGUSD,metal,2011-02-15,-1,-1.0358,0.17789,SEAS10,-1.2137,0,neutral,False,SEAS (bernd_bias bug)
XAGUSD,metal,2011-03-01,-1,-1.0958,-0.19186,SEAS10,-0.90394,0,neutral,False,SEAS (bernd_bias bug)
XAGUSD,metal,2011-03-15,-1,-0.58873,-0.38044,SEAS10,-0.2083,0,neutral,False,SEAS (bernd_bias bug)
XAGUSD,metal,2011-03-29,-1,-1.0345,-0.2186,SEAS10,-0.81592,0,neutral,False,SEAS (bernd_bias bug)
XAGUSD,metal,2011-04-12,-1,-1.0375,-0.18316,SEAS10,-0.85437,0,neutral,False,SEAS (bernd_bias bug)
XAGUSD,metal,2011-04-26,-1,-1.0308,-0.37617,SEAS10,-0.65464,0,neutral,False,SEAS (bernd_bias bug)
XAGUSD,metal,2011-05-11,-1,0.34866,0.22804,SEAS10,0.12061,0,neutral,False,SEAS (bernd_bias bug)
XAGUSD,metal,2011-05-25,-1,-0.10642,-0.22678,SEAS10,0.12036,0,neutral,False,SEAS (bernd_bias bug)
XAGUSD,metal,2011-06-08,-1,0.2181,-0.31482,SEAS10,0.53292,0,neutral,False,SEAS (bernd_bias bug)
XAGUSD,metal,2011-06-22,-1,0.19342,0.15636,SEAS10,0.037067,0,neutral,False,SEAS (bernd_bias bug)
XAGUSD,metal,2011-07-07,-1,-0.99996,0.36939,SEAS10,-1.3693,1,against,False,SEAS (bernd_bias bug)
XAGUSD,metal,2011-07-21,-1,-0.62489,0.12364,SEAS10,-0.74853,0,neutral,False,SEAS (bernd_bias bug)
XAGUSD,metal,2011-08-04,-1,0.46062,0.12058,SEAS10,0.34004,0,neutral,False,SEAS (bernd_bias bug)
XAGUSD,metal,2011-08-18,-1,-1.0605,-0.016432,SEAS10,-1.044,0,neutral,False,SEAS (bernd_bias bug)
XAGUSD,metal,2011-09-01,-1,0.19915,-0.29378,SEAS10,0.49293,0,neutral,False,SEAS (bernd_bias bug)
XAGUSD,metal,2011-09-15,-1,3.367,0.51047,SEAS10,2.8566,0,neutral,False,SEAS (bernd_bias bug)
XAGUSD,metal,2011-09-29,-1,-0.62759,-0.011488,SEAS10,-0.6161,0,neutral,False,SEAS (bernd_bias bug)
XAGUSD,metal,2011-10-13,-1,-0.16724,0.31401,SEAS10,-0.48125,1,against,False,SEAS (bernd_bias bug)
XAGUSD,metal,2011-10-27,-1,-0.22077,-0.2884,SEAS10,0.067628,1,against,False,SEAS (bernd_bias bug)
XAGUSD,metal,2011-11-10,-1,0.79517,-0.021486,SEAS10,0.81666,1,against,False,SEAS (bernd_bias bug)
XAGUSD,metal,2011-11-24,-1,-0.27111,0.21331,SEAS10,-0.48442,1,against,False,SEAS (bernd_bias bug)
XAGUSD,metal,2011-12-08,-1,1.1931,-0.1965,SEAS10,1.3896,1,against,False,SEAS (bernd_bias bug)
XAGUSD,metal,2011-12-22,-1,0.20782,-0.16152,SEAS10,0.36934,1,against,False,SEAS (bernd_bias bug)
XAGUSD,metal,2012-01-09,-1,-1.0411,-0.015087,SEAS10,-1.026,1,against,False,SEAS (bernd_bias bug)
XAGUSD,metal,2012-01-23,-1,-1.05,0.059187,SEAS10,-1.1091,1,against,False,SEAS (bernd_bias bug)
XAGUSD,metal,2012-02-06,-1,0.15439,-0.1999,SEAS10,0.35429,0,neutral,False,SEAS (bernd_bias bug)
XAGUSD,metal,2012-02-20,-1,-1.0556,0.46962,SEAS10,-1.5253,0,neutral,False,SEAS (bernd_bias bug)
XAGUSD,metal,2012-03-06,-1,0.53251,-0.12318,SEAS10,0.6557,0,neutral,False,SEAS (bernd_bias bug)
XAGUSD,metal,2012-03-20,-1,-0.02848,-0.30333,SEAS10,0.27485,0,neutral,False,SEAS (bernd_bias bug)
XAGUSD,metal,2012-04-03,-1,0.66407,0.058347,SEAS10,0.60572,0,neutral,False,SEAS (bernd_bias bug)
XAGUSD,metal,2012-04-18,-1,0.40907,0.11217,SEAS10,0.29691,0,neutral,False,SEAS (bernd_bias bug)
XAGUSD,metal,2012-05-02,-1,2.1408,-0.11035,SEAS10,2.2511,1,against,False,SEAS (bernd_bias bug)
XAGUSD,metal,2012-05-16,-1,-0.12202,0.026684,SEAS10,-0.1487,1,against,False,SEAS (bernd_bias bug)
XAGUSD,metal,2012-05-30,-1,-1.0179,-0.24835,SEAS10,-0.76952,1,against,False,SEAS (bernd_bias bug)
XAGUSD,metal,2012-06-13,-1,1.0092,0.21767,SEAS10,0.7915,1,against,False,SEAS (bernd_bias bug)
XAGUSD,metal,2012-06-27,-1,0.17852,-0.1464,SEAS10,0.32491,1,against,False,SEAS (bernd_bias bug)
XAGUSD,metal,2012-07-11,-1,-0.093997,-0.21469,SEAS10,0.12069,1,against,False,SEAS (bernd_bias bug)
XAGUSD,metal,2012-07-25,-1,-0.79402,-0.15922,SEAS10,-0.6348,1,against,False,SEAS (bernd_bias bug)
XAGUSD,metal,2012-08-08,-1,-0.999,-0.051573,SEAS10,-0.94743,1,against,False,SEAS (bernd_bias bug)
XAGUSD,metal,2012-08-22,-1,-1.0001,-0.15635,SEAS10,-0.84374,0,neutral,False,SEAS (bernd_bias bug)
XAGUSD,metal,2012-09-05,-1,-1,-0.25078,SEAS10,-0.74926,0,neutral,False,SEAS (bernd_bias bug)
XAGUSD,metal,2012-09-19,-1,0.071635,0.027199,SEAS10,0.044435,0,neutral,False,SEAS (bernd_bias bug)
XAGUSD,metal,2012-10-03,-1,0.8474,-0.1685,SEAS10,1.0159,0,neutral,False,SEAS (bernd_bias bug)
XAGUSD,metal,2012-10-17,-1,0.83316,0.098038,SEAS10,0.73512,-1,agree,False,SEAS (bernd_bias bug)
XAGUSD,metal,2012-10-31,-1,-0.99938,-0.13738,SEAS10,-0.862,-1,agree,False,SEAS (bernd_bias bug)
XAGUSD,metal,2012-11-14,-1,-0.84893,-0.033274,SEAS10,-0.81566,0,neutral,False,SEAS (bernd_bias bug)
XAGUSD,metal,2012-11-28,-1,0.62123,0.016602,SEAS10,0.60462,-1,agree,False,SEAS (bernd_bias bug)
XAGUSD,metal,2012-12-12,-1,2.2706,0.0038377,SEAS10,2.2668,-1,agree,False,SEAS (bernd_bias bug)
XAGUSD,metal,2012-12-26,-1,-0.9997,-0.22287,SEAS10,-0.77683,-1,agree,False,SEAS (bernd_bias bug)
XAGUSD,metal,2013-01-10,-1,-0.9997,-0.24014,SEAS10,-0.75955,0,neutral,False,SEAS (bernd_bias bug)
XAGUSD,metal,2013-01-24,-1,0.29108,0.077556,SEAS10,0.21353,0,neutral,False,SEAS (bernd_bias bug)
XAGUSD,metal,2013-02-07,-1,2.5282,0.3651,SEAS10,2.1631,0,neutral,False,SEAS (bernd_bias bug)
XAGUSD,metal,2013-02-21,-1,-0.35572,0.20589,SEAS10,-0.56161,0,neutral,False,SEAS (bernd_bias bug)
XAGUSD,metal,2013-03-07,-1,0.15211,0.44407,SEAS10,-0.29196,0,neutral,False,SEAS (bernd_bias bug)
XAGUSD,metal,2013-03-21,-1,1.5334,0.59043,SEAS10,0.94297,0,neutral,False,SEAS (bernd_bias bug)
XAGUSD,metal,2013-04-04,-1,-0.99989,0.49455,SEAS10,-1.4944,0,neutral,False,SEAS (bernd_bias bug)
XAGUSD,metal,2013-04-18,-1,-0.18054,0.44041,SEAS10,-0.62095,1,against,False,SEAS (bernd_bias bug)
XAGUSD,metal,2013-05-02,-1,0.4885,0.37722,SEAS10,0.11128,1,against,False,SEAS (bernd_bias bug)
XAGUSD,metal,2013-05-16,-1,0.038933,-0.18812,SEAS10,0.22705,1,against,False,SEAS (bernd_bias bug)
XAGUSD,metal,2013-05-30,-1,0.4275,0.40135,SEAS10,0.026154,1,against,False,SEAS (bernd_bias bug)
XAGUSD,metal,2013-06-13,-1,2.0202,0.51134,SEAS10,1.5088,1,against,False,SEAS (bernd_bias bug)
XAGUSD,metal,2013-06-27,-1,-0.99991,0.75872,SEAS10,-1.7586,1,against,False,SEAS (bernd_bias bug)
XAGUSD,metal,2013-07-11,-1,-0.54142,0.19343,SEAS10,-0.73485,1,against,False,SEAS (bernd_bias bug)
XAGUSD,metal,2013-07-25,-1,0.4137,0.054666,SEAS10,0.35904,1,against,False,SEAS (bernd_bias bug)
XAGUSD,metal,2013-08-08,-1,-0.9999,0.46188,SEAS10,-1.4618,1,against,False,SEAS (bernd_bias bug)
XAGUSD,metal,2013-08-22,-1,-0.99995,0.19862,SEAS10,-1.1986,0,neutral,False,SEAS (bernd_bias bug)
XAGUSD,metal,2013-09-05,-1,0.29377,0.57469,SEAS10,-0.28092,0,neutral,False,SEAS (bernd_bias bug)
XAGUSD,metal,2013-09-19,-1,0.67162,0.26025,SEAS10,0.41136,0,neutral,False,SEAS (bernd_bias bug)
XAGUSD,metal,2013-10-03,-1,0.16407,0.20543,SEAS10,-0.041351,0,neutral,False,SEAS (bernd_bias bug)
XAGUSD,metal,2013-10-17,-1,-0.99987,0.2027,SEAS10,-1.2026,0,neutral,False,SEAS (bernd_bias bug)
XAGUSD,metal,2013-10-31,-1,1.8364,0.36289,SEAS10,1.4735,0,neutral,False,SEAS (bernd_bias bug)
XAGUSD,metal,2013-11-14,-1,0.88187,-0.057267,SEAS10,0.93914,0,neutral,False,SEAS (bernd_bias bug)
XAGUSD,metal,2013-11-28,-1,-0.66001,0.24784,SEAS10,-0.90785,0,neutral,False,SEAS (bernd_bias bug)
XAGUSD,metal,2013-12-12,-1,0.49275,-0.012352,SEAS10,0.5051,1,against,False,SEAS (bernd_bias bug)
XAGUSD,metal,2013-12-27,-1,-0.31739,0.42332,SEAS10,-0.74071,0,neutral,False,SEAS (bernd_bias bug)
XAGUSD,metal,2014-01-13,-1,0.18608,0.22547,SEAS10,-0.039393,0,neutral,False,SEAS (bernd_bias bug)
XAGUSD,metal,2014-01-27,-1,-0.091041,0.49683,SEAS10,-0.58787,0,neutral,False,SEAS (bernd_bias bug)
XAGUSD,metal,2014-02-10,-1,-0.99967,0.095906,SEAS10,-1.0956,1,against,False,SEAS (bernd_bias bug)
XAGUSD,metal,2014-02-24,-1,0.89339,0.17936,SEAS10,0.71403,0,neutral,False,SEAS (bernd_bias bug)
XAGUSD,metal,2014-03-10,-1,0.50338,0.11553,SEAS10,0.38785,0,neutral,False,SEAS (bernd_bias bug)
XAGUSD,metal,2014-03-24,-1,0.25468,0.096449,SEAS10,0.15823,0,neutral,False,SEAS (bernd_bias bug)
XAGUSD,metal,2014-04-07,-1,0.54628,0.18726,SEAS10,0.35902,0,neutral,False,SEAS (bernd_bias bug)
XAGUSD,metal,2014-04-22,-1,-0.25585,0.062895,SEAS10,-0.31874,0,neutral,False,SEAS (bernd_bias bug)
XAGUSD,metal,2014-05-06,-1,0.26332,0.49149,SEAS10,-0.22817,0,neutral,False,SEAS (bernd_bias bug)
XAGUSD,metal,2014-05-20,-1,0.67538,0.4849,SEAS10,0.19048,0,neutral,False,SEAS (bernd_bias bug)
XAGUSD,metal,2014-06-03,-1,-0.99851,0.082214,SEAS10,-1.0807,1,against,False,SEAS (bernd_bias bug)
XAGUSD,metal,2014-06-17,-1,-0.9998,0.13768,SEAS10,-1.1375,1,against,False,SEAS (bernd_bias bug)
XAGUSD,metal,2014-07-01,-1,0.092103,0.17874,SEAS10,-0.086636,0,neutral,False,SEAS (bernd_bias bug)
XAGUSD,metal,2014-07-15,-1,0.4192,0.10857,SEAS10,0.31063,-1,agree,False,SEAS (bernd_bias bug)
XAGUSD,metal,2014-07-29,-1,0.77966,0.37113,SEAS10,0.40852,-1,agree,False,SEAS (bernd_bias bug)
XAGUSD,metal,2014-08-12,-1,0.84024,0.12251,SEAS10,0.71773,0,neutral,False,SEAS (bernd_bias bug)
XAGUSD,metal,2014-08-26,-1,0.53891,0.48186,SEAS10,0.05705,0,neutral,False,SEAS (bernd_bias bug)
XAGUSD,metal,2014-09-09,-1,2.2832,0.10371,SEAS10,2.1795,0,neutral,False,SEAS (bernd_bias bug)
XAGUSD,metal,2014-09-23,-1,0.61433,0.040847,SEAS10,0.57348,0,neutral,False,SEAS (bernd_bias bug)
XAGUSD,metal,2014-10-07,-1,-0.11697,-0.012218,SEAS10,-0.10475,0,neutral,False,SEAS (bernd_bias bug)
XAGUSD,metal,2014-10-21,-1,1.5161,0.47586,SEAS10,1.0403,0,neutral,False,SEAS (bernd_bias bug)
XAGUSD,metal,2014-11-04,-1,-0.034576,0.26971,SEAS10,-0.30429,1,against,False,SEAS (bernd_bias bug)
XAGUSD,metal,2014-11-18,-1,-0.31318,0.3056,SEAS10,-0.61878,0,neutral,False,SEAS (bernd_bias bug)
XAGUSD,metal,2014-12-02,-1,0.28,0.76688,SEAS10,-0.48688,0,neutral,False,SEAS (bernd_bias bug)
XAGUSD,metal,2014-12-16,-1,-0.10311,0.47145,SEAS10,-0.57455,0,neutral,False,SEAS (bernd_bias bug)
XAGUSD,metal,2014-12-31,-1,-0.62354,0.064661,SEAS10,-0.6882,0,neutral,False,SEAS (bernd_bias bug)
XAGUSD,metal,2015-01-15,-1,-1.0386,0.30329,SEAS10,-1.3419,0,neutral,False,SEAS (bernd_bias bug)
XAGUSD,metal,2015-01-29,-1,1.0918,0.29901,SEAS10,0.79282,-1,agree,False,SEAS (bernd_bias bug)
XAGUSD,metal,2015-02-12,-1,0.19545,0.017198,SEAS10,0.17825,-1,agree,False,SEAS (bernd_bias bug)
XAGUSD,metal,2015-02-26,-1,0.90447,0.082181,SEAS10,0.82229,0,neutral,False,SEAS (bernd_bias bug)
XAGUSD,metal,2015-03-12,-1,-1.0469,0.0048836,SEAS10,-1.0518,0,neutral,False,SEAS (bernd_bias bug)
XAGUSD,metal,2015-03-26,-1,0.56032,0.13586,SEAS10,0.42447,0,neutral,False,SEAS (bernd_bias bug)
XAGUSD,metal,2015-04-09,-1,0.84773,0.26882,SEAS10,0.57891,0,neutral,False,SEAS (bernd_bias bug)
XAGUSD,metal,2015-04-23,-1,-1.052,0.16705,SEAS10,-1.2191,0,neutral,False,SEAS (bernd_bias bug)
XAGUSD,metal,2015-05-07,-1,-1.0473,-0.12802,SEAS10,-0.91927,0,neutral,False,SEAS (bernd_bias bug)
XAGUSD,metal,2015-05-21,-1,0.54376,-0.046269,SEAS10,0.59002,0,neutral,False,SEAS (bernd_bias bug)
XAGUSD,metal,2015-06-04,-1,0.38265,-0.059544,SEAS10,0.4422,-1,agree,False,SEAS (bernd_bias bug)
XAGUSD,metal,2015-06-18,-1,0.78557,0.063677,SEAS10,0.72189,0,neutral,False,SEAS (bernd_bias bug)
XAGUSD,metal,2015-07-02,-1,0.66307,0.15063,SEAS10,0.51244,0,neutral,False,SEAS (bernd_bias bug)
XAGUSD,metal,2015-07-16,-1,0.29752,-0.054529,SEAS10,0.35205,1,against,False,SEAS (bernd_bias bug)
XAGUSD,metal,2015-07-30,-1,-1.0512,0.027714,SEAS10,-1.079,1,against,False,SEAS (bernd_bias bug)
XAGUSD,metal,2015-08-13,-1,1.9189,-0.078987,SEAS10,1.9979,1,against,False,SEAS (bernd_bias bug)
XAGUSD,metal,2015-08-27,-1,-0.58417,-0.078132,SEAS10,-0.50604,0,neutral,False,SEAS (bernd_bias bug)
XAGUSD,metal,2015-09-10,-1,-0.27278,0.088828,SEAS10,-0.3616,0,neutral,False,SEAS (bernd_bias bug)
XAGUSD,metal,2015-09-24,-1,-1.054,-0.071241,SEAS10,-0.98277,0,neutral,False,SEAS (bernd_bias bug)
XAGUSD,metal,2015-10-08,-1,0.38017,0.032554,SEAS10,0.34762,0,neutral,False,SEAS (bernd_bias bug)
XAGUSD,metal,2015-10-22,-1,0.71094,0.1156,SEAS10,0.59534,-1,agree,False,SEAS (bernd_bias bug)
XAGUSD,metal,2015-11-05,-1,1.2334,-0.0011006,SEAS10,1.2345,-1,agree,False,SEAS (bernd_bias bug)
XAGUSD,metal,2015-11-19,-1,0.19997,0.015387,SEAS10,0.18458,0,neutral,False,SEAS (bernd_bias bug)
XAGUSD,metal,2015-12-03,-1,-1.0743,0.2284,SEAS10,-1.3027,0,neutral,False,SEAS (bernd_bias bug)
XAGUSD,metal,2015-12-17,-1,0.49013,0.2601,SEAS10,0.23003,0,neutral,False,SEAS (bernd_bias bug)
XAGUSD,metal,2016-01-04,-1,-0.20903,-0.21191,SEAS10,0.0028805,0,neutral,False,SEAS (bernd_bias bug)
XAGUSD,metal,2016-01-18,-1,-1.0583,0.19567,SEAS10,-1.254,0,neutral,False,SEAS (bernd_bias bug)
XAGUSD,metal,2016-02-01,-1,-1.0601,0.17853,SEAS10,-1.2386,0,neutral,False,SEAS (bernd_bias bug)
XAGUSD,metal,2016-02-15,-1,1.4178,-0.40101,SEAS10,1.8188,-1,agree,False,SEAS (bernd_bias bug)
XAGUSD,metal,2016-02-29,-1,-1.0532,-0.020954,SEAS10,-1.0323,-1,agree,False,SEAS (bernd_bias bug)
XAGUSD,metal,2016-03-14,-1,0.2907,-0.28615,SEAS10,0.57686,-1,agree,False,SEAS (bernd_bias bug)
XAGUSD,metal,2016-03-29,-1,-0.98356,0.088864,SEAS10,-1.0724,-1,agree,False,SEAS (bernd_bias bug)
XAGUSD,metal,2016-04-12,-1,-1.051,-0.50424,SEAS10,-0.54677,0,neutral,False,SEAS (bernd_bias bug)
XAGUSD,metal,2016-04-26,-1,-1.0453,-0.068169,SEAS10,-0.97712,-1,agree,False,SEAS (bernd_bias bug)
XAGUSD,metal,2016-05-10,-1,0.65409,-0.04446,SEAS10,0.69855,-1,agree,False,SEAS (bernd_bias bug)
XAGUSD,metal,2016-05-24,-1,-0.15543,-0.19178,SEAS10,0.036353,-1,agree,False,SEAS (bernd_bias bug)
XAGUSD,metal,2016-06-07,-1,-1.0567,-0.04339,SEAS10,-1.0133,-1,agree,False,SEAS (bernd_bias bug)
XAGUSD,metal,2016-06-21,-1,-1.0574,-0.21842,SEAS10,-0.83898,-1,agree,False,SEAS (bernd_bias bug)
XAGUSD,metal,2016-07-05,-1,0.17911,0.16127,SEAS10,0.017841,-1,agree,False,SEAS (bernd_bias bug)
XAGUSD,metal,2016-07-19,-1,-0.29667,0.50406,SEAS10,-0.80072,-1,agree,False,SEAS (bernd_bias bug)
XAGUSD,metal,2016-08-02,-1,0.50023,-0.081412,SEAS10,0.58164,-1,agree,False,SEAS (bernd_bias bug)
XAGUSD,metal,2016-08-16,-1,0.93426,0.48342,SEAS10,0.45083,-1,agree,False,SEAS (bernd_bias bug)
XAGUSD,metal,2016-08-30,-1,-1.0405,-0.39292,SEAS10,-0.64757,-1,agree,False,SEAS (bernd_bias bug)
XAGUSD,metal,2016-09-13,-1,-1.0411,0.0096086,SEAS10,-1.0507,-1,agree,False,SEAS (bernd_bias bug)
XAGUSD,metal,2016-09-27,-1,1.9185,-0.3811,SEAS10,2.2996,-1,agree,False,SEAS (bernd_bias bug)
XAGUSD,metal,2016-10-11,-1,-0.022623,-0.26899,SEAS10,0.24637,-1,agree,False,SEAS (bernd_bias bug)
XAGUSD,metal,2016-10-25,-1,-1.044,-0.45386,SEAS10,-0.59019,0,neutral,False,SEAS (bernd_bias bug)
XAGUSD,metal,2016-11-08,-1,-1.0586,-0.65816,SEAS10,-0.40047,0,neutral,False,SEAS (bernd_bias bug)
XAGUSD,metal,2016-11-22,-1,-0.19705,-0.51958,SEAS10,0.32253,0,neutral,False,SEAS (bernd_bias bug)
XAGUSD,metal,2016-12-06,-1,0.69539,0.14018,SEAS10,0.5552,0,neutral,False,SEAS (bernd_bias bug)
XAGUSD,metal,2016-12-20,-1,-0.57042,0.044154,SEAS10,-0.61457,0,neutral,False,SEAS (bernd_bias bug)
XAGUSD,metal,2017-01-05,-1,-1.0617,-0.33241,SEAS10,-0.72926,0,neutral,False,SEAS (bernd_bias bug)
XAGUSD,metal,2017-01-19,-1,-0.84192,-0.26858,SEAS10,-0.57334,0,neutral,False,SEAS (bernd_bias bug)
XAGUSD,metal,2017-02-02,-1,-0.71824,0.43888,SEAS10,-1.1571,0,neutral,False,SEAS (bernd_bias bug)
XAGUSD,metal,2017-02-16,-1,-0.75341,0.025643,SEAS10,-0.77905,-1,agree,False,SEAS (bernd_bias bug)
XAGUSD,metal,2017-03-02,-1,2.0474,-0.42247,SEAS10,2.4699,-1,agree,False,SEAS (bernd_bias bug)
XAGUSD,metal,2017-03-16,-1,-1.0861,-0.1943,SEAS10,-0.8918,-1,agree,False,SEAS (bernd_bias bug)
XAGUSD,metal,2017-03-30,-1,-0.54587,-0.28203,SEAS10,-0.26385,-1,agree,False,SEAS (bernd_bias bug)
XAGUSD,metal,2017-04-13,-1,2.2587,-0.17924,SEAS10,2.438,-1,agree,False,SEAS (bernd_bias bug)
XAGUSD,metal,2017-04-28,-1,1.4882,-0.24537,SEAS10,1.7335,-1,agree,False,SEAS (bernd_bias bug)
XAGUSD,metal,2017-05-12,-1,-1.0818,0.21552,SEAS10,-1.2973,0,neutral,False,SEAS (bernd_bias bug)
XAGUSD,metal,2017-05-26,-1,-0.5381,-0.31926,SEAS10,-0.21885,0,neutral,False,SEAS (bernd_bias bug)
XAGUSD,metal,2017-06-09,-1,1.4554,0.021611,SEAS10,1.4338,0,neutral,False,SEAS (bernd_bias bug)
XAGUSD,metal,2017-06-23,-1,0.84207,0.133,SEAS10,0.70907,0,neutral,False,SEAS (bernd_bias bug)
XAGUSD,metal,2017-07-07,-1,-0.58273,-0.52907,SEAS10,-0.053658,0,neutral,False,SEAS (bernd_bias bug)
XAGUSD,metal,2017-07-21,-1,-0.48521,-0.20435,SEAS10,-0.28086,1,against,False,SEAS (bernd_bias bug)
XAGUSD,metal,2017-08-04,-1,-0.50405,0.17063,SEAS10,-0.67468,1,against,False,SEAS (bernd_bias bug)
XAGUSD,metal,2017-08-18,-1,-0.87689,-0.01818,SEAS10,-0.85871,0,neutral,False,SEAS (bernd_bias bug)
XAGUSD,metal,2017-09-01,-1,-0.37303,-0.27552,SEAS10,-0.097507,0,neutral,False,SEAS (bernd_bias bug)
XAGUSD,metal,2017-09-15,-1,1.4955,-0.062117,SEAS10,1.5576,0,neutral,False,SEAS (bernd_bias bug)
XAGUSD,metal,2017-09-29,-1,-0.73663,0.39082,SEAS10,-1.1274,0,neutral,False,SEAS (bernd_bias bug)
XAGUSD,metal,2017-10-13,-1,0.70394,-0.10494,SEAS10,0.80888,0,neutral,False,SEAS (bernd_bias bug)
XAGUSD,metal,2017-10-27,-1,-0.44942,-0.042591,SEAS10,-0.40683,0,neutral,False,SEAS (bernd_bias bug)
XAGUSD,metal,2017-11-10,-1,-0.21467,-0.32094,SEAS10,0.10626,0,neutral,False,SEAS (bernd_bias bug)
XAGUSD,metal,2017-11-24,-1,2.2779,0.12702,SEAS10,2.1509,0,neutral,False,SEAS (bernd_bias bug)
XAGUSD,metal,2017-12-08,-1,-0.74852,0.27483,SEAS10,-1.0233,0,neutral,False,SEAS (bernd_bias bug)
XAGUSD,metal,2017-12-22,-1,-1.095,0.23924,SEAS10,-1.3342,1,against,False,SEAS (bernd_bias bug)
XAGUSD,metal,2018-01-09,-1,0.13421,-0.16221,SEAS10,0.29642,0,neutral,False,SEAS (bernd_bias bug)
XAGUSD,metal,2018-01-23,-1,-1.0841,-0.20922,SEAS10,-0.87488,0,neutral,False,SEAS (bernd_bias bug)
XAGUSD,metal,2018-02-06,1,-0.55507,-0.60825,SEAS10,0.053178,0,neutral,False,SEAS (bernd_bias bug)
XAGUSD,metal,2018-02-20,-1,0.22243,-0.30736,SEAS10,0.52979,1,against,False,SEAS (bernd_bias bug)
XAGUSD,metal,2018-03-06,-1,0.082771,0.095355,SEAS10,-0.012583,1,against,False,SEAS (bernd_bias bug)
XAGUSD,metal,2018-03-20,-1,-0.2785,0.29132,SEAS10,-0.56982,1,against,False,SEAS (bernd_bias bug)
XAGUSD,metal,2018-04-04,-1,-0.71185,-0.20372,SEAS10,-0.50813,1,against,False,SEAS (bernd_bias bug)
XAGUSD,metal,2018-04-18,-1,-1.0827,-0.18202,SEAS10,-0.90071,1,against,False,SEAS (bernd_bias bug)
XAGUSD,metal,2018-05-02,-1,-1.0798,-0.090069,SEAS10,-0.98977,0,neutral,False,SEAS (bernd_bias bug)
XAGUSD,metal,2018-05-16,-1,-0.28915,-0.18854,SEAS10,-0.10061,1,against,False,SEAS (bernd_bias bug)
XAGUSD,metal,2018-05-30,-1,-1.0968,0.17529,SEAS10,-1.2721,0,neutral,False,SEAS (bernd_bias bug)
XAGUSD,metal,2018-06-13,-1,-1.1079,-0.19428,SEAS10,-0.91358,0,neutral,False,SEAS (bernd_bias bug)
XAGUSD,metal,2018-06-27,-1,0.3302,-0.35243,SEAS10,0.68263,0,neutral,False,SEAS (bernd_bias bug)
XAGUSD,metal,2018-07-11,-1,1.028,-0.081492,SEAS10,1.1095,0,neutral,False,SEAS (bernd_bias bug)
XAGUSD,metal,2018-07-25,-1,0.080799,0.021372,SEAS10,0.059428,1,against,False,SEAS (bernd_bias bug)
XAGUSD,metal,2018-08-08,1,-1.3828,-0.57839,SEAS10,-0.8044,1,agree,False,SEAS (bernd_bias bug)
XAGUSD,metal,2018-08-22,1,-1.626,-0.62445,SEAS10,-1.0016,1,agree,False,SEAS (bernd_bias bug)
XAGUSD,metal,2018-09-05,-1,-0.060943,-0.25875,SEAS10,0.1978,1,against,False,SEAS (bernd_bias bug)
XAGUSD,metal,2018-09-19,-1,-1.091,-0.1093,SEAS10,-0.98166,1,against,False,SEAS (bernd_bias bug)
XAGUSD,metal,2018-10-03,-1,-0.029387,-0.22578,SEAS10,0.19639,1,against,False,SEAS (bernd_bias bug)
XAGUSD,metal,2018-10-17,-1,0.24122,0.007264,SEAS10,0.23395,1,against,False,SEAS (bernd_bias bug)
XAGUSD,metal,2018-10-31,-1,0.96676,0.0062204,SEAS10,0.96054,0,neutral,False,SEAS (bernd_bias bug)
XAGUSD,metal,2018-11-14,-1,-1.0908,-0.33782,SEAS10,-0.75299,0,neutral,False,SEAS (bernd_bias bug)
XAGUSD,metal,2018-11-28,-1,-1.0877,-0.30742,SEAS10,-0.78027,1,against,False,SEAS (bernd_bias bug)
XAGUSD,metal,2018-12-12,-1,-1.0937,0.0017875,SEAS10,-1.0954,0,neutral,False,SEAS (bernd_bias bug)
XAGUSD,metal,2018-12-27,1,0.3747,-0.65436,SEAS10,1.0291,0,neutral,False,SEAS (bernd_bias bug)
XAGUSD,metal,2019-01-11,1,-1.2439,-0.32769,SEAS10,-0.9162,0,neutral,False,SEAS (bernd_bias bug)
XAGUSD,metal,2019-01-25,-1,-1.1036,-0.73153,SEAS10,-0.37209,0,neutral,False,SEAS (bernd_bias bug)
XAGUSD,metal,2019-02-08,1,-0.61376,-0.2436,SEAS10,-0.37016,0,neutral,False,SEAS (bernd_bias bug)
XAGUSD,metal,2019-02-22,-1,-1.0924,-0.20561,SEAS10,-0.8868,0,neutral,False,SEAS (bernd_bias bug)
XAGUSD,metal,2019-03-08,-1,-1.0765,-0.48746,SEAS10,-0.589,0,neutral,False,SEAS (bernd_bias bug)
XAGUSD,metal,2019-03-22,-1,0.50125,-0.40661,SEAS10,0.90786,0,neutral,False,SEAS (bernd_bias bug)
XAGUSD,metal,2019-04-05,-1,0.17141,-0.41456,SEAS10,0.58597,0,neutral,False,SEAS (bernd_bias bug)
XAGUSD,metal,2019-04-22,-1,0.2037,-0.20944,SEAS10,0.41314,0,neutral,False,SEAS (bernd_bias bug)
XAGUSD,metal,2019-05-06,-1,1.2066,-0.26073,SEAS10,1.4673,0,neutral,False,SEAS (bernd_bias bug)
XAGUSD,metal,2019-05-20,-1,-0.50186,-0.21601,SEAS10,-0.28585,0,neutral,False,SEAS (bernd_bias bug)
XAGUSD,metal,2019-06-03,-1,-1.1267,-0.45122,SEAS10,-0.67548,1,against,False,SEAS (bernd_bias bug)
XAGUSD,metal,2019-06-17,-1,-1.1018,-0.47048,SEAS10,-0.63135,0,neutral,False,SEAS (bernd_bias bug)
XAGUSD,metal,2019-07-01,-1,0.020489,-0.48156,SEAS10,0.50205,0,neutral,False,SEAS (bernd_bias bug)
XAGUSD,metal,2019-07-15,-1,-1.0899,-0.50455,SEAS10,-0.58537,0,neutral,False,SEAS (bernd_bias bug)
XAGUSD,metal,2019-07-29,-1,-1.0704,-0.19638,SEAS10,-0.87406,0,neutral,False,SEAS (bernd_bias bug)
XAGUSD,metal,2019-08-12,-1,-0.67872,-0.43271,SEAS10,-0.24601,0,neutral,False,SEAS (bernd_bias bug)
XAGUSD,metal,2019-08-26,1,0.2692,-0.23151,SEAS10,0.5007,0,neutral,False,SEAS (bernd_bias bug)
XAGUSD,metal,2019-09-09,-1,0.15087,-0.3649,SEAS10,0.51577,0,neutral,False,SEAS (bernd_bias bug)
XAGUSD,metal,2019-09-23,-1,0.37147,-0.48399,SEAS10,0.85546,0,neutral,False,SEAS (bernd_bias bug)
XAGUSD,metal,2019-10-07,-1,-0.025066,-0.28863,SEAS10,0.26357,0,neutral,False,SEAS (bernd_bias bug)
XAGUSD,metal,2019-10-21,-1,-0.65364,-0.060693,SEAS10,-0.59295,0,neutral,False,SEAS (bernd_bias bug)
XAGUSD,metal,2019-11-04,-1,1.5838,-0.28178,SEAS10,1.8656,0,neutral,False,SEAS (bernd_bias bug)
XAGUSD,metal,2019-11-18,-1,-0.090337,-0.66951,SEAS10,0.57918,0,neutral,False,SEAS (bernd_bias bug)
XAGUSD,metal,2019-12-02,-1,0.035179,-0.48986,SEAS10,0.52504,0,neutral,False,SEAS (bernd_bias bug)
XAGUSD,metal,2019-12-16,-1,-1.0824,-0.26091,SEAS10,-0.82153,0,neutral,False,SEAS (bernd_bias bug)
XAGUSD,metal,2019-12-31,1,-0.75349,-0.19977,SEAS10,-0.55372,0,neutral,False,SEAS (bernd_bias bug)
XAGUSD,metal,2020-01-15,-1,0.43246,0.096259,SEAS10,0.3362,-1,agree,False,SEAS (bernd_bias bug)
XAGUSD,metal,2020-01-29,1,-0.17975,-0.058721,SEAS10,-0.12103,-1,against,False,SEAS (bernd_bias bug)
XAGUSD,metal,2020-02-12,1,0.086506,0.32686,SEAS10,-0.24035,-1,against,False,SEAS (bernd_bias bug)
XAGUSD,metal,2020-02-26,-1,1.6036,0.03402,SEAS10,1.5696,-1,agree,False,SEAS (bernd_bias bug)
XAGUSD,metal,2020-03-11,-1,2.6497,0.32373,SEAS10,2.3259,0,neutral,False,SEAS (bernd_bias bug)
XAGUSD,metal,2020-03-25,-1,-0.40318,-0.035115,SEAS10,-0.36806,0,neutral,False,SEAS (bernd_bias bug)
XAGUSD,metal,2020-04-08,-1,-0.083461,-0.55708,SEAS10,0.47362,0,neutral,False,SEAS (bernd_bias bug)
XAGUSD,metal,2020-04-23,-1,0.11894,0.1092,SEAS10,0.0097437,0,neutral,False,SEAS (bernd_bias bug)
XAGUSD,metal,2020-05-07,-1,-1.0377,-0.064228,SEAS10,-0.9735,0,neutral,False,SEAS (bernd_bias bug)
XAGUSD,metal,2020-05-21,-1,-0.12589,0.1671,SEAS10,-0.29299,0,neutral,False,SEAS (bernd_bias bug)
XAGUSD,metal,2020-06-04,-1,0.088542,-0.40284,SEAS10,0.49138,0,neutral,False,SEAS (bernd_bias bug)
XAGUSD,metal,2020-06-18,-1,-0.55325,-0.15609,SEAS10,-0.39716,0,neutral,False,SEAS (bernd_bias bug)
XAGUSD,metal,2020-07-02,1,1.1989,-0.12393,SEAS10,1.3228,0,neutral,False,SEAS (bernd_bias bug)
XAGUSD,metal,2020-07-16,-1,-1.0398,-0.27359,SEAS10,-0.76619,0,neutral,False,SEAS (bernd_bias bug)
XAGUSD,metal,2020-07-30,1,0.51878,-0.13793,SEAS10,0.65672,0,neutral,False,SEAS (bernd_bias bug)
XAGUSD,metal,2020-08-13,1,0.45395,0.53297,SEAS10,-0.079023,0,neutral,False,SEAS (bernd_bias bug)
XAGUSD,metal,2020-08-27,1,-0.2071,-0.40096,SEAS10,0.19386,0,neutral,False,SEAS (bernd_bias bug)
XAGUSD,metal,2020-09-10,-1,1.6503,-0.30573,SEAS10,1.956,0,neutral,False,SEAS (bernd_bias bug)
XAGUSD,metal,2020-09-24,-1,-0.50374,-0.32912,SEAS10,-0.17462,0,neutral,False,SEAS (bernd_bias bug)
XAGUSD,metal,2020-10-08,-1,-0.56505,0.012532,SEAS10,-0.57758,0,neutral,False,SEAS (bernd_bias bug)
XAGUSD,metal,2020-10-22,-1,0.57548,-0.34218,SEAS10,0.91767,0,neutral,False,SEAS (bernd_bias bug)
XAGUSD,metal,2020-11-05,-1,-1.0226,-0.26183,SEAS10,-0.7608,0,neutral,False,SEAS (bernd_bias bug)
XAGUSD,metal,2020-11-19,-1,0.11887,0.095586,SEAS10,0.023284,0,neutral,True,SEAS (valid seasonal)
XAGUSD,metal,2020-12-03,-1,-0.77705,-0.13277,SEAS10,-0.64429,0,neutral,True,SEAS (valid seasonal)
XAGUSD,metal,2020-12-17,-1,-1.0238,-0.34639,SEAS10,-0.67741,0,neutral,True,SEAS (valid seasonal)
XAGUSD,metal,2021-01-01,1,-1.0992,-0.26984,SEAS10,-0.82934,0,neutral,True,SEAS (valid seasonal)
XAGUSD,metal,2021-01-15,1,0.34623,-0.38957,SEAS10,0.7358,0,neutral,True,SEAS (valid seasonal)
XAGUSD,metal,2021-01-29,1,0.091331,-0.35705,SEAS10,0.44838,0,neutral,True,SEAS (valid seasonal)
XAGUSD,metal,2021-02-12,1,0.062447,-0.63079,SEAS10,0.69323,0,neutral,True,SEAS (valid seasonal)
XAGUSD,metal,2021-02-26,-1,0.60715,0.12138,SEAS10,0.48577,0,neutral,True,SEAS (valid seasonal)
XAGUSD,metal,2021-03-12,-1,0.56823,0.58641,SEAS10,-0.018174,0,neutral,True,SEAS (valid seasonal)
XAGUSD,metal,2021-03-26,-1,-0.11387,-0.0078303,SEAS10,-0.10604,0,neutral,True,SEAS (valid seasonal)
XAGUSD,metal,2021-04-12,-1,-1.0146,0.011144,SEAS10,-1.0257,0,neutral,True,SEAS (valid seasonal)
XAGUSD,metal,2021-04-26,-1,-1.015,0.24602,SEAS10,-1.2611,0,neutral,True,SEAS (valid seasonal)
XAGUSD,metal,2021-05-10,-1,-0.035317,-0.26193,SEAS10,0.22662,0,neutral,True,SEAS (valid seasonal)
XAGUSD,metal,2021-05-24,-1,-0.16945,-0.069405,SEAS10,-0.10004,0,neutral,True,SEAS (valid seasonal)
XAGUSD,metal,2021-06-07,-1,1.4785,0.22606,SEAS10,1.2524,0,neutral,True,SEAS (valid seasonal)
XAGUSD,metal,2021-06-21,-1,-0.54534,-0.091258,SEAS10,-0.45408,0,neutral,True,SEAS (valid seasonal)
XAGUSD,metal,2021-07-05,-1,0.69096,0.24347,SEAS10,0.44749,0,neutral,True,SEAS (valid seasonal)
XAGUSD,metal,2021-07-19,1,-1.1877,-0.28907,SEAS10,-0.89864,0,neutral,True,SEAS (valid seasonal)
XAGUSD,metal,2021-08-02,1,-1.1134,-0.24313,SEAS10,-0.87025,0,neutral,True,SEAS (valid seasonal)
XAGUSD,metal,2021-08-16,1,0.030751,-0.23833,SEAS10,0.26908,0,neutral,True,SEAS (valid seasonal)
XAGUSD,metal,2021-08-30,1,-0.4781,-0.27322,SEAS10,-0.20489,0,neutral,True,SEAS (valid seasonal)
XAGUSD,metal,2021-09-13,-1,1.3515,0.029921,SEAS10,1.3216,0,neutral,True,SEAS (valid seasonal)
XAGUSD,metal,2021-09-27,1,-0.057305,-0.47671,SEAS10,0.41941,0,neutral,True,SEAS (valid seasonal)
XAGUSD,metal,2021-10-11,-1,-1.0153,0.31531,SEAS10,-1.3306,0,neutral,True,SEAS (valid seasonal)
XAGUSD,metal,2021-10-25,-1,0.13169,-0.13431,SEAS10,0.266,0,neutral,True,SEAS (valid seasonal)
XAGUSD,metal,2021-11-08,-1,-1.0172,0.16052,SEAS10,-1.1778,0,neutral,True,SEAS (valid seasonal)
XAGUSD,metal,2021-11-22,1,-1.0337,-0.36851,SEAS10,-0.6652,0,neutral,True,SEAS (valid seasonal)
XAGUSD,metal,2021-12-06,-1,0.13379,-0.027773,SEAS10,0.16156,0,neutral,True,SEAS (valid seasonal)
XAGUSD,metal,2021-12-20,1,0.17217,-0.41559,SEAS10,0.58776,0,neutral,True,SEAS (valid seasonal)
XAGUSD,metal,2022-01-04,1,-1.0995,-0.080459,SEAS10,-1.0191,0,neutral,True,SEAS (valid seasonal)
XAGUSD,metal,2022-01-18,1,-0.90818,-0.26641,SEAS10,-0.64177,0,neutral,True,SEAS (valid seasonal)
XAGUSD,metal,2022-02-01,1,0.99385,-0.14406,SEAS10,1.1379,0,neutral,True,SEAS (valid seasonal)
XAGUSD,metal,2022-02-15,-1,-1.0093,0.2831,SEAS10,-1.2924,0,neutral,True,SEAS (valid seasonal)
XAGUSD,metal,2022-03-01,-1,-1.01,0.11554,SEAS10,-1.1255,0,neutral,True,SEAS (valid seasonal)
XAGUSD,metal,2022-03-15,1,-0.32728,-0.18271,SEAS10,-0.14456,0,neutral,True,SEAS (valid seasonal)
XAGUSD,metal,2022-03-29,1,-0.029244,0.31359,SEAS10,-0.34284,0,neutral,True,SEAS (valid seasonal)
XAGUSD,metal,2022-04-12,-1,1.2943,0.29748,SEAS10,0.9968,0,neutral,True,SEAS (valid seasonal)
XAGUSD,metal,2022-04-27,-1,1.8401,-0.062052,SEAS10,1.9022,0,neutral,True,SEAS (valid seasonal)
XAGUSD,metal,2022-05-11,1,0.38791,-0.25688,SEAS10,0.64479,0,neutral,True,SEAS (valid seasonal)
XAGUSD,metal,2022-05-25,-1,-0.10627,0.047886,SEAS10,-0.15415,0,neutral,True,SEAS (valid seasonal)
XAGUSD,metal,2022-06-08,-1,0.47216,-0.22897,SEAS10,0.70113,1,against,True,SEAS (valid seasonal)
XAGUSD,metal,2022-06-22,-1,2.2595,-0.1463,SEAS10,2.4058,1,against,True,SEAS (valid seasonal)
XAGUSD,metal,2022-07-06,1,-0.67164,-0.17377,SEAS10,-0.49787,1,agree,True,SEAS (valid seasonal)
XAGUSD,metal,2022-07-20,1,0.86158,-0.13529,SEAS10,0.99687,1,agree,True,SEAS (valid seasonal)
XAGUSD,metal,2022-08-03,1,-0.13972,-0.34063,SEAS10,0.2009,1,agree,True,SEAS (valid seasonal)
XAGUSD,metal,2022-08-17,1,-1.0694,0.007629,SEAS10,-1.0771,1,agree,True,SEAS (valid seasonal)
XAGUSD,metal,2022-08-31,-1,-1.0106,-0.30984,SEAS10,-0.70076,1,against,True,SEAS (valid seasonal)
XAGUSD,metal,2022-09-14,-1,0.86514,0.081178,SEAS10,0.78396,1,against,True,SEAS (valid seasonal)
XAGUSD,metal,2022-09-28,1,0.40037,-0.35386,SEAS10,0.75422,1,agree,True,SEAS (valid seasonal)
XAGUSD,metal,2022-10-12,-1,-0.1448,0.12924,SEAS10,-0.27404,0,neutral,True,SEAS (valid seasonal)
XAGUSD,metal,2022-10-26,-1,-1.0073,0.24995,SEAS10,-1.2573,1,against,True,SEAS (valid seasonal)
XAGUSD,metal,2022-11-09,-1,0.17105,0.15035,SEAS10,0.020693,1,against,True,SEAS (valid seasonal)
XAGUSD,metal,2022-11-23,-1,-1.0077,-0.11213,SEAS10,-0.8956,0,neutral,True,SEAS (valid seasonal)
XAGUSD,metal,2022-12-07,-1,-1.0086,-0.018318,SEAS10,-0.99024,0,neutral,True,SEAS (valid seasonal)
XAGUSD,metal,2022-12-21,1,-0.83501,-0.37356,SEAS10,-0.46144,0,neutral,True,SEAS (valid seasonal)
XAGUSD,metal,2023-01-06,1,0.23819,-0.048381,SEAS10,0.28657,0,neutral,True,SEAS (valid seasonal)
XAGUSD,metal,2023-01-20,-1,0.28431,-0.13873,SEAS10,0.42304,0,neutral,True,SEAS (valid seasonal)
XAGUSD,metal,2023-02-03,1,-1.0568,-0.52114,SEAS10,-0.53564,0,neutral,True,SEAS (valid seasonal)
XAGUSD,metal,2023-02-17,-1,0.5081,-0.076894,SEAS10,0.58499,0,neutral,True,SEAS (valid seasonal)
XAGUSD,metal,2023-03-03,-1,-1.015,0.17971,SEAS10,-1.1948,0,neutral,True,SEAS (valid seasonal)
XAGUSD,metal,2023-03-17,1,1.7033,-0.15078,SEAS10,1.8541,0,neutral,True,SEAS (valid seasonal)
XAGUSD,metal,2023-03-31,1,0.93036,-0.29752,SEAS10,1.2279,0,neutral,True,SEAS (valid seasonal)
XAGUSD,metal,2023-04-17,-1,0.24273,0.58889,SEAS10,-0.34615,0,neutral,True,SEAS (valid seasonal)
XAGUSD,metal,2023-05-01,-1,0.94034,-0.012662,SEAS10,0.953,0,neutral,True,SEAS (valid seasonal)
XAGUSD,metal,2023-05-15,1,-0.69037,-0.2731,SEAS10,-0.41727,0,neutral,True,SEAS (valid seasonal)
XAGUSD,metal,2023-05-29,1,0.64035,-0.13652,SEAS10,0.77687,0,neutral,True,SEAS (valid seasonal)
XAGUSD,metal,2023-06-12,-1,1.8668,-0.32181,SEAS10,2.1886,0,neutral,True,SEAS (valid seasonal)
XAGUSD,metal,2023-06-26,-1,-0.61699,-0.17656,SEAS10,-0.44043,0,neutral,True,SEAS (valid seasonal)
XAGUSD,metal,2023-07-10,1,1.2253,-0.06436,SEAS10,1.2897,0,neutral,True,SEAS (valid seasonal)
XAGUSD,metal,2023-07-24,1,-1.2003,-0.08135,SEAS10,-1.119,0,neutral,True,SEAS (valid seasonal)
XAGUSD,metal,2023-08-07,1,-1.1471,-0.29443,SEAS10,-0.85265,0,neutral,True,SEAS (valid seasonal)
XAGUSD,metal,2023-08-21,1,1.1339,-0.028824,SEAS10,1.1627,0,neutral,True,SEAS (valid seasonal)
XAGUSD,metal,2023-09-04,-1,1.2386,-0.24612,SEAS10,1.4848,0,neutral,True,SEAS (valid seasonal)
XAGUSD,metal,2023-09-18,-1,0.89438,0.20734,SEAS10,0.68704,0,neutral,True,SEAS (valid seasonal)
XAGUSD,metal,2023-10-02,1,-1.0161,-0.28227,SEAS10,-0.73387,0,neutral,True,SEAS (valid seasonal)
XAGUSD,metal,2023-10-16,1,0.12083,-0.15605,SEAS10,0.27688,0,neutral,True,SEAS (valid seasonal)
XAGUSD,metal,2023-10-30,-1,0.69799,0.018037,SEAS10,0.67995,0,neutral,True,SEAS (valid seasonal)
XAGUSD,metal,2023-11-13,-1,-1.0144,0.31815,SEAS10,-1.3326,0,neutral,True,SEAS (valid seasonal)
XAGUSD,metal,2023-11-27,-1,-1.0136,0.10573,SEAS10,-1.1193,0,neutral,True,SEAS (valid seasonal)
XAGUSD,metal,2023-12-11,-1,-1.0126,0.22893,SEAS10,-1.2415,0,neutral,True,SEAS (valid seasonal)
XAGUSD,metal,2023-12-26,1,-1.1509,-0.043283,SEAS10,-1.1076,0,neutral,True,SEAS (valid seasonal)
XAGUSD,metal,2024-01-10,1,-1.2586,0.22744,SEAS10,-1.486,0,neutral,True,SEAS (valid seasonal)
XAGUSD,metal,2024-01-24,1,-0.31752,-0.23586,SEAS10,-0.081662,0,neutral,True,SEAS (valid seasonal)
XAGUSD,metal,2024-02-07,1,0.28408,-0.010188,SEAS10,0.29427,0,neutral,True,SEAS (valid seasonal)
XAGUSD,metal,2024-02-21,-1,-1.0127,-0.29315,SEAS10,-0.71955,0,neutral,True,SEAS (valid seasonal)
XAGUSD,metal,2024-03-06,-1,-1.0133,0.26633,SEAS10,-1.2796,0,neutral,True,SEAS (valid seasonal)
XAGUSD,metal,2024-03-20,1,1.808,-0.085514,SEAS10,1.8935,0,neutral,True,SEAS (valid seasonal)
XAGUSD,metal,2024-04-04,1,0.66957,0.2863,SEAS10,0.38327,-1,against,True,SEAS (valid seasonal)
XAGUSD,metal,2024-04-18,-1,0.86834,-0.084777,SEAS10,0.95312,-1,agree,True,SEAS (valid seasonal)
XAGUSD,metal,2024-05-02,-1,-1.0077,-0.0583,SEAS10,-0.94936,-1,agree,True,SEAS (valid seasonal)
XAGUSD,metal,2024-05-16,1,1.3114,0.26933,SEAS10,1.0421,-1,against,True,SEAS (valid seasonal)
XAGUSD,metal,2024-05-30,-1,1.1508,-0.2265,SEAS10,1.3773,-1,agree,True,SEAS (valid seasonal)
XAGUSD,metal,2024-06-13,-1,0.38726,-0.34851,SEAS10,0.73577,-1,agree,True,SEAS (valid seasonal)
XAGUSD,metal,2024-06-27,-1,-1.0069,-0.25558,SEAS10,-0.75135,-1,agree,True,SEAS (valid seasonal)
XAGUSD,metal,2024-07-11,1,-1.1137,0.21272,SEAS10,-1.3264,-1,against,True,SEAS (valid seasonal)
XAGUSD,metal,2024-07-25,1,-1.1375,-0.36376,SEAS10,-0.77372,-1,against,True,SEAS (valid seasonal)
XAGUSD,metal,2024-08-08,1,1.4935,-0.23909,SEAS10,1.7326,-1,against,True,SEAS (valid seasonal)
XAGUSD,metal,2024-08-22,1,-0.84717,-0.36359,SEAS10,-0.48358,0,neutral,True,SEAS (valid seasonal)
XAGUSD,metal,2024-09-05,-1,-1.0091,-0.25819,SEAS10,-0.75089,-1,agree,True,SEAS (valid seasonal)
XAGUSD,metal,2024-09-19,-1,-1.0086,-0.22099,SEAS10,-0.78759,0,neutral,True,SEAS (valid seasonal)
XAGUSD,metal,2024-10-03,1,-0.20956,-0.28824,SEAS10,0.078682,-1,against,True,SEAS (valid seasonal)
XAGUSD,metal,2024-10-17,1,0.94282,0.10131,SEAS10,0.84151,-1,against,True,SEAS (valid seasonal)
XAGUSD,metal,2024-10-31,-1,1.6831,-0.3698,SEAS10,2.0529,-1,agree,True,SEAS (valid seasonal)
XAGUSD,metal,2024-11-14,-1,0.11282,-0.25667,SEAS10,0.36949,-1,agree,True,SEAS (valid seasonal)
XAGUSD,metal,2024-11-28,1,0.85632,0.18842,SEAS10,0.6679,0,neutral,True,SEAS (valid seasonal)
XAGUSD,metal,2024-12-12,1,-1.0204,0.418,SEAS10,-1.4384,0,neutral,True,SEAS (valid seasonal)
XAGUSD,metal,2024-12-27,1,0.31163,-0.13053,SEAS10,0.44216,0,neutral,True,SEAS (valid seasonal)
XAGUSD,metal,2025-01-13,1,-0.061757,0.62873,SEAS10,-0.69049,0,neutral,True,SEAS (valid seasonal)
XAGUSD,metal,2025-01-27,-1,-1.0148,-0.62847,SEAS10,-0.38633,0,neutral,True,SEAS (valid seasonal)
XAGUSD,metal,2025-02-10,1,0.39154,0.83465,SEAS10,-0.44311,-1,against,True,SEAS (valid seasonal)
XAGUSD,metal,2025-02-24,-1,0.079419,-0.48397,SEAS10,0.56339,-1,agree,True,SEAS (valid seasonal)
XAGUSD,metal,2025-03-10,-1,-1.0133,-0.3843,SEAS10,-0.62902,-1,agree,True,SEAS (valid seasonal)
XAGUSD,metal,2025-03-24,1,-1.1801,0.68267,SEAS10,-1.8628,-1,against,True,SEAS (valid seasonal)
XAGUSD,metal,2025-04-07,1,1.8801,0.58636,SEAS10,1.2938,-1,against,True,SEAS (valid seasonal)
XAGUSD,metal,2025-04-22,-1,0.1137,-0.61705,SEAS10,0.73075,0,neutral,True,SEAS (valid seasonal)
XAGUSD,metal,2025-05-06,1,-0.23092,0.82222,SEAS10,-1.0531,-1,against,True,SEAS (valid seasonal)
XAGUSD,metal,2025-05-20,1,1.2719,1.0367,SEAS10,0.23523,0,neutral,True,SEAS (valid seasonal)
XAGUSD,metal,2025-06-03,-1,-1.0116,-0.43393,SEAS10,-0.5777,-1,agree,True,SEAS (valid seasonal)
XAGUSD,metal,2025-06-17,-1,0.14451,-0.32139,SEAS10,0.4659,-1,agree,True,SEAS (valid seasonal)
XAGUSD,metal,2025-07-01,1,1.0958,0.28303,SEAS10,0.81274,-1,against,True,SEAS (valid seasonal)
XAGUSD,metal,2025-07-15,1,-0.16541,0.67532,SEAS10,-0.84073,-1,against,True,SEAS (valid seasonal)
XAGUSD,metal,2025-07-29,-1,0.36109,-0.60811,SEAS10,0.96919,-1,agree,True,SEAS (valid seasonal)
XAGUSD,metal,2025-08-12,1,0.46991,0.61703,SEAS10,-0.14712,-1,against,True,SEAS (valid seasonal)
XAGUSD,metal,2025-08-26,1,1.6537,0.34094,SEAS10,1.3128,0,neutral,True,SEAS (valid seasonal)
XAGUSD,metal,2025-09-09,-1,-1.0118,-0.45172,SEAS10,-0.56006,-1,agree,True,SEAS (valid seasonal)
XAGUSD,metal,2025-09-23,-1,-1.0107,-0.1458,SEAS10,-0.86491,-1,agree,True,SEAS (valid seasonal)
XAGUSD,metal,2025-10-07,1,1.5313,0.36066,SEAS10,1.1706,-1,against,True,SEAS (valid seasonal)
XAGUSD,metal,2025-10-21,-1,1.1287,-0.8201,SEAS10,1.9488,-1,agree,True,SEAS (valid seasonal)
XAGUSD,metal,2025-11-04,-1,-1.0043,-0.57123,SEAS10,-0.43305,-1,agree,True,SEAS (valid seasonal)
XAGUSD,metal,2025-11-18,1,1.9589,0.45001,SEAS10,1.5089,-1,against,True,SEAS (valid seasonal)
XAGUSD,metal,2025-12-02,-1,-1.0049,-0.70823,SEAS10,-0.29669,-1,agree,True,SEAS (valid seasonal)
XAGUSD,metal,2025-12-16,1,2.7481,0.40116,SEAS10,2.347,-1,against,True,SEAS (valid seasonal)
XAGUSD,metal,2025-12-31,1,2.3897,0.32516,SEAS10,2.0645,0,neutral,True,SEAS (valid seasonal)
XAGUSD,metal,2026-01-15,1,2.3255,0.027997,SEAS10,2.2975,0,neutral,True,SEAS (valid seasonal)
XAGUSD,metal,2026-01-29,1,-1.0061,-0.21778,SEAS10,-0.78829,0,neutral,True,SEAS (valid seasonal)
XAGUSD,metal,2026-02-12,1,0.20181,-0.3595,SEAS10,0.56131,0,neutral,True,SEAS (valid seasonal)
XAGUSD,metal,2026-02-26,-1,0.17087,0.22449,SEAS10,-0.053614,0,neutral,True,SEAS (valid seasonal)
XAGUSD,metal,2026-03-12,1,-1.0176,0.17552,SEAS10,-1.1931,0,neutral,True,SEAS (valid seasonal)
XAGUSD,metal,2026-03-26,1,0.29163,-0.1005,SEAS10,0.39213,0,neutral,True,SEAS (valid seasonal)
XAGUSD,metal,2026-04-10,-1,0.001527,-0.095539,SEAS10,0.097066,0,neutral,True,SEAS (valid seasonal)
XAGUSD,metal,2026-04-24,-1,-0.45622,-0.16007,SEAS10,-0.29615,0,neutral,True,SEAS (valid seasonal)
XAGUSD,metal,2026-05-08,1,-0.34255,-0.14126,SEAS10,-0.20128,0,neutral,True,SEAS (valid seasonal)
XAGUSD,metal,2026-05-22,1,-0.38906,-0.60786,SEAS10,0.2188,0,neutral,True,SEAS (valid seasonal)
XAGUSD,metal,2026-06-05,-1,1.0517,0.014128,SEAS10,1.0376,0,neutral,True,SEAS (valid seasonal)
XAGUSD,metal,2026-06-19,-1,0.69205,0.00071475,SEAS10,0.69134,0,neutral,True,SEAS (valid seasonal)
XAGUSD,metal,2026-07-03,1,-0.76947,-0.20595,SEAS10,-0.56351,0,neutral,True,SEAS (valid seasonal)
XAGUSD,metal,2026-07-17,1,0.48767,-0.17345,SEAS10,0.66112,0,neutral,True,SEAS (valid seasonal)
XAGUSD,metal,2026-07-31,1,1.0512,-0.25377,SEAS10,1.305,0,neutral,True,SEAS (valid seasonal)
XAGUSD,metal,2026-08-14,1,0.98511,0.13786,SEAS10,0.84725,0,neutral,True,SEAS (valid seasonal)
XAGUSD,metal,2026-08-28,-1,1.1025,-0.14485,SEAS10,1.2474,0,neutral,True,SEAS (valid seasonal)
XAGUSD,metal,2026-09-11,-1,-0.053201,0.081375,SEAS10,-0.13458,0,neutral,True,SEAS (valid seasonal)
XAGUSD,metal,2026-09-25,1,-1.0659,-0.073177,SEAS10,-0.99276,0,neutral,True,SEAS (valid seasonal)
XAGUSD,metal,2008-12-09,-1,-0.99936,-0.85515,SEAS20,-0.14421,0,neutral,False,SEAS (bernd_bias bug)
XAGUSD,metal,2009-01-08,-1,-0.99816,-0.35996,SEAS20,-0.6382,0,neutral,False,SEAS (bernd_bias bug)
XAGUSD,metal,2009-02-05,-1,-0.99956,0.028334,SEAS20,-1.0279,0,neutral,False,SEAS (bernd_bias bug)
XAGUSD,metal,2009-03-05,-1,0.012294,-0.78586,SEAS20,0.79816,0,neutral,False,SEAS (bernd_bias bug)
XAGUSD,metal,2009-04-02,-1,0.68049,-0.72752,SEAS20,1.408,0,neutral,False,SEAS (bernd_bias bug)
XAGUSD,metal,2009-05-01,-1,-0.99975,-0.57184,SEAS20,-0.42791,0,neutral,False,SEAS (bernd_bias bug)
XAGUSD,metal,2009-05-29,-1,-0.9997,-0.44421,SEAS20,-0.5555,0,neutral,False,SEAS (bernd_bias bug)
XAGUSD,metal,2009-06-26,-1,0.30919,-0.087174,SEAS20,0.39636,0,neutral,False,SEAS (bernd_bias bug)
XAGUSD,metal,2009-07-24,-1,-0.99856,-0.50819,SEAS20,-0.49037,0,neutral,False,SEAS (bernd_bias bug)
XAGUSD,metal,2009-08-21,-1,-0.99898,-0.49415,SEAS20,-0.50483,0,neutral,False,SEAS (bernd_bias bug)
XAGUSD,metal,2009-09-18,-1,-0.17825,-0.55893,SEAS20,0.38068,0,neutral,False,SEAS (bernd_bias bug)
XAGUSD,metal,2009-10-19,-1,0.053809,-0.68203,SEAS20,0.73584,-1,agree,False,SEAS (bernd_bias bug)
XAGUSD,metal,2009-11-16,-1,-1.0001,-0.31199,SEAS20,-0.68806,0,neutral,False,SEAS (bernd_bias bug)
XAGUSD,metal,2009-12-14,-1,-0.99749,-0.73601,SEAS20,-0.26148,0,neutral,False,SEAS (bernd_bias bug)
XAGUSD,metal,2010-01-13,-1,3.1327,-0.5574,SEAS20,3.6901,0,neutral,False,SEAS (bernd_bias bug)
XAGUSD,metal,2010-02-10,-1,-1.0207,-0.61391,SEAS20,-0.40683,0,neutral,False,SEAS (bernd_bias bug)
XAGUSD,metal,2010-03-10,-1,-0.87142,-0.68301,SEAS20,-0.18841,0,neutral,False,SEAS (bernd_bias bug)
XAGUSD,metal,2010-04-08,-1,0.89383,-0.36328,SEAS20,1.2571,0,neutral,False,SEAS (bernd_bias bug)
XAGUSD,metal,2010-05-06,-1,-1.0002,-0.39664,SEAS20,-0.60353,0,neutral,False,SEAS (bernd_bias bug)
XAGUSD,metal,2010-06-03,-1,-0.17689,-0.20341,SEAS20,0.026521,0,neutral,False,SEAS (bernd_bias bug)
XAGUSD,metal,2010-07-01,-1,1.0625,-0.50293,SEAS20,1.5654,0,neutral,False,SEAS (bernd_bias bug)
XAGUSD,metal,2010-07-29,-1,-0.99983,-0.48191,SEAS20,-0.51792,0,neutral,False,SEAS (bernd_bias bug)
XAGUSD,metal,2010-08-26,-1,-0.99907,-0.83921,SEAS20,-0.15987,0,neutral,False,SEAS (bernd_bias bug)
XAGUSD,metal,2010-09-23,-1,-0.99959,-0.78389,SEAS20,-0.21571,0,neutral,False,SEAS (bernd_bias bug)
XAGUSD,metal,2010-10-22,-1,-0.99958,0.025817,SEAS20,-1.0254,0,neutral,False,SEAS (bernd_bias bug)
XAGUSD,metal,2010-11-22,-1,-1.0181,-0.29671,SEAS20,-0.72136,0,neutral,False,SEAS (bernd_bias bug)
XAGUSD,metal,2010-12-21,-1,-0.99932,-0.63059,SEAS20,-0.36873,0,neutral,False,SEAS (bernd_bias bug)
XAGUSD,metal,2011-01-18,-1,-0.99837,-0.17316,SEAS20,-0.82521,0,neutral,False,SEAS (bernd_bias bug)
XAGUSD,metal,2011-02-15,-1,-1.0358,-0.29739,SEAS20,-0.73839,0,neutral,False,SEAS (bernd_bias bug)
XAGUSD,metal,2011-03-15,-1,-1.0333,-0.72487,SEAS20,-0.3084,0,neutral,False,SEAS (bernd_bias bug)
XAGUSD,metal,2011-04-12,-1,-1.0375,-0.097688,SEAS20,-0.93984,0,neutral,False,SEAS (bernd_bias bug)
XAGUSD,metal,2011-05-11,-1,0.24468,-0.27559,SEAS20,0.52027,0,neutral,False,SEAS (bernd_bias bug)
XAGUSD,metal,2011-06-08,-1,0.35619,-0.4243,SEAS20,0.78048,0,neutral,False,SEAS (bernd_bias bug)
XAGUSD,metal,2011-07-07,-1,-0.99996,-0.28738,SEAS20,-0.71258,1,against,False,SEAS (bernd_bias bug)
XAGUSD,metal,2011-08-04,-1,0.039606,0.28512,SEAS20,-0.24551,0,neutral,False,SEAS (bernd_bias bug)
XAGUSD,metal,2011-09-01,-1,3.1997,-0.090044,SEAS20,3.2897,0,neutral,False,SEAS (bernd_bias bug)
XAGUSD,metal,2011-09-29,-1,-0.81078,0.009628,SEAS20,-0.8204,0,neutral,False,SEAS (bernd_bias bug)
XAGUSD,metal,2011-10-27,-1,0.51259,0.43149,SEAS20,0.081094,1,against,False,SEAS (bernd_bias bug)
XAGUSD,metal,2011-11-24,-1,0.7984,-0.29947,SEAS20,1.0979,1,against,False,SEAS (bernd_bias bug)
XAGUSD,metal,2011-12-22,-1,-1.0409,-0.39822,SEAS20,-0.64268,1,against,False,SEAS (bernd_bias bug)
XAGUSD,metal,2012-01-23,-1,-1.05,0.60697,SEAS20,-1.6569,1,against,False,SEAS (bernd_bias bug)
XAGUSD,metal,2012-02-20,-1,-1.0556,0.086543,SEAS20,-1.1422,0,neutral,False,SEAS (bernd_bias bug)
XAGUSD,metal,2012-03-20,-1,0.52627,0.18399,SEAS20,0.34227,0,neutral,False,SEAS (bernd_bias bug)
XAGUSD,metal,2012-04-18,-1,2.3343,-0.39554,SEAS20,2.7299,0,neutral,False,SEAS (bernd_bias bug)
XAGUSD,metal,2012-05-16,-1,-1.0195,-0.11189,SEAS20,-0.90756,1,against,False,SEAS (bernd_bias bug)
XAGUSD,metal,2012-06-13,-1,1.1917,0.21773,SEAS20,0.97401,1,against,False,SEAS (bernd_bias bug)
XAGUSD,metal,2012-07-11,-1,-0.99857,-0.019967,SEAS20,-0.9786,1,against,False,SEAS (bernd_bias bug)
XAGUSD,metal,2012-08-08,-1,-0.999,0.015295,SEAS20,-1.0143,1,against,False,SEAS (bernd_bias bug)
XAGUSD,metal,2012-09-05,-1,-1,0.24234,SEAS20,-1.2424,0,neutral,False,SEAS (bernd_bias bug)
XAGUSD,metal,2012-10-03,-1,1.4957,0.21141,SEAS20,1.2842,0,neutral,False,SEAS (bernd_bias bug)
XAGUSD,metal,2012-10-31,-1,-0.99938,0.082866,SEAS20,-1.0822,-1,agree,False,SEAS (bernd_bias bug)
XAGUSD,metal,2012-11-28,-1,2.4419,-0.25514,SEAS20,2.697,-1,agree,False,SEAS (bernd_bias bug)
XAGUSD,metal,2012-12-26,-1,-0.9997,0.15679,SEAS20,-1.1565,-1,agree,False,SEAS (bernd_bias bug)
XAGUSD,metal,2013-01-24,-1,2.7312,0.16861,SEAS20,2.5626,0,neutral,False,SEAS (bernd_bias bug)
XAGUSD,metal,2013-02-21,-1,-0.17726,0.40622,SEAS20,-0.58348,0,neutral,False,SEAS (bernd_bias bug)
XAGUSD,metal,2013-03-21,-1,4.6567,0.28839,SEAS20,4.3683,0,neutral,False,SEAS (bernd_bias bug)
XAGUSD,metal,2013-04-18,-1,0.41164,0.22719,SEAS20,0.18445,1,against,False,SEAS (bernd_bias bug)
XAGUSD,metal,2013-05-16,-1,0.48246,1.0484,SEAS20,-0.56596,1,against,False,SEAS (bernd_bias bug)
XAGUSD,metal,2013-06-13,-1,1.538,1.0888,SEAS20,0.44924,1,against,False,SEAS (bernd_bias bug)
XAGUSD,metal,2013-07-11,-1,-0.14853,0.43142,SEAS20,-0.57995,1,against,False,SEAS (bernd_bias bug)
XAGUSD,metal,2013-08-08,-1,-0.9999,0.44044,SEAS20,-1.4403,1,against,False,SEAS (bernd_bias bug)
XAGUSD,metal,2013-09-05,-1,1.0239,0.28309,SEAS20,0.74085,0,neutral,False,SEAS (bernd_bias bug)
XAGUSD,metal,2013-10-03,-1,-0.59592,0.68936,SEAS20,-1.2853,0,neutral,False,SEAS (bernd_bias bug)
XAGUSD,metal,2013-10-31,-1,2.5801,0.92905,SEAS20,1.6511,0,neutral,False,SEAS (bernd_bias bug)
XAGUSD,metal,2013-11-28,-1,-0.12684,0.62154,SEAS20,-0.74838,0,neutral,False,SEAS (bernd_bias bug)
XAGUSD,metal,2013-12-27,-1,-0.10928,0.77537,SEAS20,-0.88466,0,neutral,False,SEAS (bernd_bias bug)
XAGUSD,metal,2014-01-27,-1,-0.99805,0.46435,SEAS20,-1.4624,0,neutral,False,SEAS (bernd_bias bug)
XAGUSD,metal,2014-02-24,-1,1.4858,0.25391,SEAS20,1.2319,0,neutral,False,SEAS (bernd_bias bug)
XAGUSD,metal,2014-03-24,-1,0.72661,0.27108,SEAS20,0.45553,0,neutral,False,SEAS (bernd_bias bug)
XAGUSD,metal,2014-04-22,-1,0.068403,0.56858,SEAS20,-0.50017,0,neutral,False,SEAS (bernd_bias bug)
XAGUSD,metal,2014-05-20,-1,-0.42288,0.7166,SEAS20,-1.1395,0,neutral,False,SEAS (bernd_bias bug)
XAGUSD,metal,2014-06-17,-1,-0.9998,0.86488,SEAS20,-1.8647,1,against,False,SEAS (bernd_bias bug)
XAGUSD,metal,2014-07-15,-1,1.1965,0.5322,SEAS20,0.66429,-1,agree,False,SEAS (bernd_bias bug)
XAGUSD,metal,2014-08-12,1,-1.5763,-0.41897,SEAS20,-1.1574,0,neutral,False,SEAS (bernd_bias bug)
XAGUSD,metal,2014-09-09,-1,3.0443,0.39575,SEAS20,2.6486,0,neutral,False,SEAS (bernd_bias bug)
XAGUSD,metal,2014-10-07,-1,1.4923,0.50565,SEAS20,0.9867,0,neutral,False,SEAS (bernd_bias bug)
XAGUSD,metal,2014-11-04,-1,-0.38026,0.47289,SEAS20,-0.85316,1,against,False,SEAS (bernd_bias bug)
XAGUSD,metal,2014-12-02,-1,0.13624,0.54056,SEAS20,-0.40432,0,neutral,False,SEAS (bernd_bias bug)
XAGUSD,metal,2014-12-31,-1,-0.99801,0.81272,SEAS20,-1.8107,0,neutral,False,SEAS (bernd_bias bug)
XAGUSD,metal,2015-01-29,-1,1.3185,0.086528,SEAS20,1.2319,-1,agree,False,SEAS (bernd_bias bug)
XAGUSD,metal,2015-02-26,-1,-0.4397,0.2969,SEAS20,-0.73661,0,neutral,False,SEAS (bernd_bias bug)
XAGUSD,metal,2015-03-26,-1,1.474,0.5235,SEAS20,0.95048,0,neutral,False,SEAS (bernd_bias bug)
XAGUSD,metal,2015-04-23,-1,-1.052,0.082361,SEAS20,-1.1344,0,neutral,False,SEAS (bernd_bias bug)
XAGUSD,metal,2015-05-21,-1,0.9305,-0.227,SEAS20,1.1575,0,neutral,False,SEAS (bernd_bias bug)
XAGUSD,metal,2015-06-18,-1,1.5273,0.26287,SEAS20,1.2645,0,neutral,False,SEAS (bernd_bias bug)
XAGUSD,metal,2015-07-16,-1,-0.63213,0.12987,SEAS20,-0.76201,1,against,False,SEAS (bernd_bias bug)
XAGUSD,metal,2015-08-13,1,-1.1748,-0.54084,SEAS20,-0.63394,1,agree,False,SEAS (bernd_bias bug)
XAGUSD,metal,2015-09-10,-1,-1.0441,0.14,SEAS20,-1.1841,0,neutral,False,SEAS (bernd_bias bug)
XAGUSD,metal,2015-10-08,-1,1.1307,0.25929,SEAS20,0.87137,0,neutral,False,SEAS (bernd_bias bug)
XAGUSD,metal,2015-11-05,-1,1.486,0.079135,SEAS20,1.4068,-1,agree,False,SEAS (bernd_bias bug)
XAGUSD,metal,2015-12-03,-1,-1.0743,0.16514,SEAS20,-1.2395,0,neutral,False,SEAS (bernd_bias bug)
XAGUSD,metal,2016-01-04,-1,-1.0554,-0.54242,SEAS20,-0.51296,0,neutral,False,SEAS (bernd_bias bug)
XAGUSD,metal,2016-02-01,-1,-1.0601,-0.20456,SEAS20,-0.85554,0,neutral,False,SEAS (bernd_bias bug)
XAGUSD,metal,2016-02-29,-1,-1.0532,-0.33968,SEAS20,-0.71353,-1,agree,False,SEAS (bernd_bias bug)
XAGUSD,metal,2016-03-29,-1,-1.0477,-0.27901,SEAS20,-0.7687,-1,agree,False,SEAS (bernd_bias bug)
XAGUSD,metal,2016-04-26,-1,-1.0453,-0.2013,SEAS20,-0.84398,-1,agree,False,SEAS (bernd_bias bug)
XAGUSD,metal,2016-05-24,-1,-1.0439,-0.044397,SEAS20,-0.99953,-1,agree,False,SEAS (bernd_bias bug)
XAGUSD,metal,2016-06-21,-1,-1.0574,-0.0623,SEAS20,-0.9951,-1,agree,False,SEAS (bernd_bias bug)
XAGUSD,metal,2016-07-19,-1,0.15151,-0.37016,SEAS20,0.52167,-1,agree,False,SEAS (bernd_bias bug)
XAGUSD,metal,2016-08-16,-1,0.70329,-0.62722,SEAS20,1.3305,-1,agree,False,SEAS (bernd_bias bug)
XAGUSD,metal,2016-09-13,-1,-1.0411,-0.19131,SEAS20,-0.84976,-1,agree,False,SEAS (bernd_bias bug)
XAGUSD,metal,2016-10-11,-1,-1.0353,-0.36221,SEAS20,-0.67314,-1,agree,False,SEAS (bernd_bias bug)
XAGUSD,metal,2016-11-08,-1,-1.0586,-0.60818,SEAS20,-0.45044,0,neutral,False,SEAS (bernd_bias bug)
XAGUSD,metal,2016-12-06,-1,0.26274,-0.34731,SEAS20,0.61005,0,neutral,False,SEAS (bernd_bias bug)
XAGUSD,metal,2017-01-05,-1,-1.0617,0.022281,SEAS20,-1.0839,0,neutral,False,SEAS (bernd_bias bug)
XAGUSD,metal,2017-02-02,-1,-1.0716,0.041793,SEAS20,-1.1134,0,neutral,False,SEAS (bernd_bias bug)
XAGUSD,metal,2017-03-02,-1,0.23603,-0.10071,SEAS20,0.33674,-1,agree,False,SEAS (bernd_bias bug)
XAGUSD,metal,2017-03-30,-1,1.5337,-0.46661,SEAS20,2.0003,-1,agree,False,SEAS (bernd_bias bug)
XAGUSD,metal,2017-04-28,-1,0.072557,0.1693,SEAS20,-0.09674,-1,agree,False,SEAS (bernd_bias bug)
XAGUSD,metal,2017-05-26,-1,0.84101,-0.28902,SEAS20,1.13,0,neutral,False,SEAS (bernd_bias bug)
XAGUSD,metal,2017-06-23,-1,0.30434,-0.11508,SEAS20,0.41942,0,neutral,False,SEAS (bernd_bias bug)
XAGUSD,metal,2017-07-21,-1,-1.0609,-0.37736,SEAS20,-0.6835,1,against,False,SEAS (bernd_bias bug)
XAGUSD,metal,2017-08-18,-1,-1.0744,-0.24244,SEAS20,-0.83193,0,neutral,False,SEAS (bernd_bias bug)
XAGUSD,metal,2017-09-15,-1,0.87697,-0.10807,SEAS20,0.98504,0,neutral,False,SEAS (bernd_bias bug)
XAGUSD,metal,2017-10-13,-1,0.35942,0.18067,SEAS20,0.17875,0,neutral,False,SEAS (bernd_bias bug)
XAGUSD,metal,2017-11-10,-1,2.0222,-0.13636,SEAS20,2.1586,0,neutral,False,SEAS (bernd_bias bug)
XAGUSD,metal,2017-12-08,-1,-1.0877,-0.28646,SEAS20,-0.80119,0,neutral,False,SEAS (bernd_bias bug)
XAGUSD,metal,2018-01-09,1,-2.1184,-1.0872,SEAS20,-1.0312,0,neutral,False,SEAS (bernd_bias bug)
XAGUSD,metal,2018-02-06,-1,0.37764,0.38207,SEAS20,-0.0044367,0,neutral,False,SEAS (bernd_bias bug)
XAGUSD,metal,2018-03-06,-1,-0.065456,-0.22982,SEAS20,0.16436,1,against,False,SEAS (bernd_bias bug)
XAGUSD,metal,2018-04-04,-1,-1.0783,0.0074188,SEAS20,-1.0858,1,against,False,SEAS (bernd_bias bug)
XAGUSD,metal,2018-05-02,-1,-1.0798,-0.35186,SEAS20,-0.72798,0,neutral,False,SEAS (bernd_bias bug)
XAGUSD,metal,2018-05-30,-1,-1.0968,-0.33911,SEAS20,-0.75771,0,neutral,False,SEAS (bernd_bias bug)
XAGUSD,metal,2018-06-27,-1,1.51,-0.23204,SEAS20,1.742,0,neutral,False,SEAS (bernd_bias bug)
XAGUSD,metal,2018-07-25,-1,1.2286,0.030397,SEAS20,1.1982,1,against,False,SEAS (bernd_bias bug)
XAGUSD,metal,2018-08-22,1,-1.626,-1.0724,SEAS20,-0.55368,1,agree,False,SEAS (bernd_bias bug)
XAGUSD,metal,2018-09-19,-1,-1.091,-0.30199,SEAS20,-0.78897,1,against,False,SEAS (bernd_bias bug)
XAGUSD,metal,2018-10-17,-1,1.1059,-0.069946,SEAS20,1.1758,1,against,False,SEAS (bernd_bias bug)
XAGUSD,metal,2018-11-14,-1,-1.0908,0.20712,SEAS20,-1.2979,0,neutral,False,SEAS (bernd_bias bug)
XAGUSD,metal,2018-12-12,-1,-1.0937,-0.41343,SEAS20,-0.68022,0,neutral,False,SEAS (bernd_bias bug)
XAGUSD,metal,2019-01-11,1,-0.96304,-0.4875,SEAS20,-0.47554,0,neutral,False,SEAS (bernd_bias bug)
XAGUSD,metal,2019-02-08,-1,-1.1011,-0.46633,SEAS20,-0.63478,0,neutral,False,SEAS (bernd_bias bug)
XAGUSD,metal,2019-03-08,-1,-1.0765,-0.55022,SEAS20,-0.52624,0,neutral,False,SEAS (bernd_bias bug)
XAGUSD,metal,2019-04-05,-1,0.40628,0.078607,SEAS20,0.32767,0,neutral,False,SEAS (bernd_bias bug)
XAGUSD,metal,2019-05-06,-1,0.8088,-0.67487,SEAS20,1.4837,0,neutral,False,SEAS (bernd_bias bug)
XAGUSD,metal,2019-06-03,-1,-1.1267,-0.29705,SEAS20,-0.82966,1,against,False,SEAS (bernd_bias bug)
XAGUSD,metal,2019-07-01,-1,-1.0841,-0.26042,SEAS20,-0.82371,0,neutral,False,SEAS (bernd_bias bug)
XAGUSD,metal,2019-07-29,-1,-1.0704,-0.34143,SEAS20,-0.72901,0,neutral,False,SEAS (bernd_bias bug)
XAGUSD,metal,2019-08-26,-1,-1.0563,-0.38043,SEAS20,-0.67586,0,neutral,False,SEAS (bernd_bias bug)
XAGUSD,metal,2019-09-23,-1,0.38165,-0.38985,SEAS20,0.7715,0,neutral,False,SEAS (bernd_bias bug)
XAGUSD,metal,2019-10-21,-1,0.61908,-0.57434,SEAS20,1.1934,0,neutral,False,SEAS (bernd_bias bug)
XAGUSD,metal,2019-11-18,-1,0.022768,-0.49117,SEAS20,0.51394,0,neutral,False,SEAS (bernd_bias bug)
XAGUSD,metal,2019-12-16,-1,-1.0824,-0.48881,SEAS20,-0.59363,0,neutral,False,SEAS (bernd_bias bug)
XAGUSD,metal,2020-01-15,1,-1.1414,-0.13331,SEAS20,-1.0081,-1,against,False,SEAS (bernd_bias bug)
XAGUSD,metal,2020-02-12,-1,-1.0545,-0.41366,SEAS20,-0.64086,-1,agree,False,SEAS (bernd_bias bug)
XAGUSD,metal,2020-03-11,-1,1.9286,0.20974,SEAS20,1.7189,0,neutral,False,SEAS (bernd_bias bug)
XAGUSD,metal,2020-04-08,-1,0.062778,-0.6804,SEAS20,0.74318,0,neutral,False,SEAS (bernd_bias bug)
XAGUSD,metal,2020-05-07,-1,-1.0377,-0.1903,SEAS20,-0.84743,0,neutral,False,SEAS (bernd_bias bug)
XAGUSD,metal,2020-06-04,-1,-0.37231,-0.10854,SEAS20,-0.26377,0,neutral,False,SEAS (bernd_bias bug)
XAGUSD,metal,2020-07-02,-1,-1.0373,-0.45291,SEAS20,-0.58437,0,neutral,False,SEAS (bernd_bias bug)
XAGUSD,metal,2020-07-30,1,1.3937,0.23198,SEAS20,1.1617,0,neutral,False,SEAS (bernd_bias bug)
XAGUSD,metal,2020-08-27,-1,1.2804,-0.28789,SEAS20,1.5683,0,neutral,False,SEAS (bernd_bias bug)
XAGUSD,metal,2020-09-24,-1,-1.016,-0.34338,SEAS20,-0.67258,0,neutral,False,SEAS (bernd_bias bug)
XAGUSD,metal,2020-10-22,-1,0.36917,-0.073117,SEAS20,0.44229,0,neutral,False,SEAS (bernd_bias bug)
XAGUSD,metal,2020-11-19,-1,-0.63094,0.050948,SEAS20,-0.68189,0,neutral,True,SEAS (valid seasonal)
XAGUSD,metal,2020-12-17,1,-0.26179,0.30027,SEAS20,-0.56205,0,neutral,True,SEAS (valid seasonal)
XAGUSD,metal,2021-01-15,1,0.46397,-0.50735,SEAS20,0.97132,0,neutral,True,SEAS (valid seasonal)
XAGUSD,metal,2021-02-12,-1,0.3817,-0.13128,SEAS20,0.51299,0,neutral,True,SEAS (valid seasonal)
XAGUSD,metal,2021-03-12,-1,0.46908,0.023023,SEAS20,0.44606,0,neutral,True,SEAS (valid seasonal)
XAGUSD,metal,2021-04-12,-1,-1.0146,0.23907,SEAS20,-1.2536,0,neutral,True,SEAS (valid seasonal)
XAGUSD,metal,2021-05-10,-1,-0.21709,0.011563,SEAS20,-0.22866,0,neutral,True,SEAS (valid seasonal)
XAGUSD,metal,2021-06-07,-1,0.97588,-0.44768,SEAS20,1.4236,0,neutral,True,SEAS (valid seasonal)
XAGUSD,metal,2021-07-05,1,-1.2627,-0.54995,SEAS20,-0.71277,0,neutral,True,SEAS (valid seasonal)
XAGUSD,metal,2021-08-02,1,-1.1134,-0.73033,SEAS20,-0.38304,0,neutral,True,SEAS (valid seasonal)
XAGUSD,metal,2021-08-30,-1,1.3631,0.22382,SEAS20,1.1393,0,neutral,True,SEAS (valid seasonal)
XAGUSD,metal,2021-09-27,-1,-1.0154,-0.025293,SEAS20,-0.99008,0,neutral,True,SEAS (valid seasonal)
XAGUSD,metal,2021-10-25,-1,-0.24293,-0.047568,SEAS20,-0.19536,0,neutral,True,SEAS (valid seasonal)
XAGUSD,metal,2021-11-22,-1,2.0812,-0.030881,SEAS20,2.1121,0,neutral,True,SEAS (valid seasonal)
XAGUSD,metal,2021-12-20,1,0.02798,-0.47516,SEAS20,0.50314,0,neutral,True,SEAS (valid seasonal)
XAGUSD,metal,2022-01-18,1,-1.3958,-0.65975,SEAS20,-0.73602,0,neutral,True,SEAS (valid seasonal)
XAGUSD,metal,2022-02-15,-1,-1.0093,0.25492,SEAS20,-1.2642,0,neutral,True,SEAS (valid seasonal)
XAGUSD,metal,2022-03-15,1,-0.33153,0.14553,SEAS20,-0.47706,0,neutral,True,SEAS (valid seasonal)
XAGUSD,metal,2022-04-12,-1,3.1678,-0.044479,SEAS20,3.2122,0,neutral,True,SEAS (valid seasonal)
XAGUSD,metal,2022-05-11,1,0.26012,-0.36233,SEAS20,0.62245,0,neutral,True,SEAS (valid seasonal)
XAGUSD,metal,2022-06-08,-1,2.6764,-0.36391,SEAS20,3.0404,1,against,True,SEAS (valid seasonal)
XAGUSD,metal,2022-07-06,1,0.13775,-0.41873,SEAS20,0.55648,1,agree,True,SEAS (valid seasonal)
XAGUSD,metal,2022-08-03,1,-1.3942,-0.22282,SEAS20,-1.1714,1,agree,True,SEAS (valid seasonal)
XAGUSD,metal,2022-08-31,-1,-1.0106,-0.23346,SEAS20,-0.77714,1,against,True,SEAS (valid seasonal)
XAGUSD,metal,2022-09-28,1,0.3186,-0.40308,SEAS20,0.72167,1,agree,True,SEAS (valid seasonal)
XAGUSD,metal,2022-10-26,-1,-1.0073,-0.32672,SEAS20,-0.68061,1,against,True,SEAS (valid seasonal)
XAGUSD,metal,2022-11-23,-1,-1.0077,-0.30744,SEAS20,-0.7003,0,neutral,True,SEAS (valid seasonal)
XAGUSD,metal,2022-12-21,1,-0.63505,-0.20198,SEAS20,-0.43307,0,neutral,True,SEAS (valid seasonal)
XAGUSD,metal,2023-01-20,1,-1.2328,-0.96511,SEAS20,-0.26767,0,neutral,True,SEAS (valid seasonal)
XAGUSD,metal,2023-02-17,-1,-0.12798,-0.16808,SEAS20,0.0401,0,neutral,True,SEAS (valid seasonal)
XAGUSD,metal,2023-03-17,1,2.7277,-0.82095,SEAS20,3.5486,0,neutral,True,SEAS (valid seasonal)
XAGUSD,metal,2023-04-17,-1,1.1498,-0.019365,SEAS20,1.1692,0,neutral,True,SEAS (valid seasonal)
XAGUSD,metal,2023-05-15,1,-0.15701,-0.23973,SEAS20,0.082719,0,neutral,True,SEAS (valid seasonal)
XAGUSD,metal,2023-06-12,-1,1.1883,0.0095491,SEAS20,1.1788,0,neutral,True,SEAS (valid seasonal)
XAGUSD,metal,2023-07-10,1,0.026315,-0.83805,SEAS20,0.86437,0,neutral,True,SEAS (valid seasonal)
XAGUSD,metal,2023-08-07,1,-1.1471,-0.75664,SEAS20,-0.39044,0,neutral,True,SEAS (valid seasonal)
XAGUSD,metal,2023-09-04,-1,2.1301,0.04964,SEAS20,2.0805,0,neutral,True,SEAS (valid seasonal)
XAGUSD,metal,2023-10-02,1,-1.0161,0.10638,SEAS20,-1.1225,0,neutral,True,SEAS (valid seasonal)
XAGUSD,metal,2023-10-30,-1,-1.0105,-0.084938,SEAS20,-0.92559,0,neutral,True,SEAS (valid seasonal)
XAGUSD,metal,2023-11-27,-1,-1.0136,0.12821,SEAS20,-1.1418,0,neutral,True,SEAS (valid seasonal)
XAGUSD,metal,2023-12-26,1,-1.1509,-0.71445,SEAS20,-0.43643,0,neutral,True,SEAS (valid seasonal)
XAGUSD,metal,2024-01-24,1,-0.041428,-0.47732,SEAS20,0.43589,0,neutral,True,SEAS (valid seasonal)
XAGUSD,metal,2024-02-21,-1,-1.0127,-0.18373,SEAS20,-0.82897,0,neutral,True,SEAS (valid seasonal)
XAGUSD,metal,2024-03-20,1,2.6357,-0.41496,SEAS20,3.0507,0,neutral,True,SEAS (valid seasonal)
XAGUSD,metal,2024-04-18,-1,-0.83022,-0.2147,SEAS20,-0.61551,-1,agree,True,SEAS (valid seasonal)
XAGUSD,metal,2024-05-16,1,-0.33965,0.031143,SEAS20,-0.37079,-1,against,True,SEAS (valid seasonal)
XAGUSD,metal,2024-06-13,-1,-0.46042,-0.26603,SEAS20,-0.19439,-1,agree,True,SEAS (valid seasonal)
XAGUSD,metal,2024-07-11,1,-1.1137,-0.0032868,SEAS20,-1.1104,-1,against,True,SEAS (valid seasonal)
XAGUSD,metal,2024-08-08,1,0.63743,-0.076669,SEAS20,0.7141,-1,against,True,SEAS (valid seasonal)
XAGUSD,metal,2024-09-05,-1,-1.0091,-0.4081,SEAS20,-0.60098,-1,agree,True,SEAS (valid seasonal)
XAGUSD,metal,2024-10-03,1,0.71934,-0.17425,SEAS20,0.89359,-1,against,True,SEAS (valid seasonal)
XAGUSD,metal,2024-10-31,-1,1.8067,0.34572,SEAS20,1.4609,-1,agree,True,SEAS (valid seasonal)
XAGUSD,metal,2024-11-28,1,-0.48577,-0.047574,SEAS20,-0.4382,0,neutral,True,SEAS (valid seasonal)
XAGUSD,metal,2024-12-27,1,0.25516,-0.41134,SEAS20,0.6665,0,neutral,True,SEAS (valid seasonal)
XAGUSD,metal,2025-01-27,1,1.1877,0.80294,SEAS20,0.38475,0,neutral,True,SEAS (valid seasonal)
XAGUSD,metal,2025-02-24,-1,-1.011,-0.66533,SEAS20,-0.34566,-1,agree,True,SEAS (valid seasonal)
XAGUSD,metal,2025-03-24,1,-1.1801,1.1602,SEAS20,-2.3403,-1,against,True,SEAS (valid seasonal)
XAGUSD,metal,2025-04-22,-1,0.15878,-0.79201,SEAS20,0.95079,0,neutral,True,SEAS (valid seasonal)
XAGUSD,metal,2025-05-20,-1,-1.0108,-0.67457,SEAS20,-0.33623,0,neutral,True,SEAS (valid seasonal)
XAGUSD,metal,2025-06-17,1,0.76615,1.2015,SEAS20,-0.43533,-1,against,True,SEAS (valid seasonal)
XAGUSD,metal,2025-07-15,1,-1.2323,0.8306,SEAS20,-2.0629,-1,against,True,SEAS (valid seasonal)
XAGUSD,metal,2025-08-12,1,2.2151,1.8165,SEAS20,0.39859,-1,against,True,SEAS (valid seasonal)
XAGUSD,metal,2025-09-09,-1,-1.0118,-0.58473,SEAS20,-0.42704,-1,agree,True,SEAS (valid seasonal)
XAGUSD,metal,2025-10-07,1,-1.1902,1.8856,SEAS20,-3.0757,-1,against,True,SEAS (valid seasonal)
XAGUSD,metal,2025-11-04,-1,-1.0043,-0.72716,SEAS20,-0.27712,-1,agree,True,SEAS (valid seasonal)
XAGUSD,metal,2025-12-02,-1,-1.0049,-0.32075,SEAS20,-0.68417,-1,agree,True,SEAS (valid seasonal)
XAGUSD,metal,2025-12-31,1,5.812,0.85862,SEAS20,4.9534,0,neutral,True,SEAS (valid seasonal)
XAGUSD,metal,2026-01-29,1,-1.0061,-0.3471,SEAS20,-0.65897,0,neutral,True,SEAS (valid seasonal)
XAGUSD,metal,2026-02-26,-1,0.89686,0.20809,SEAS20,0.68877,0,neutral,True,SEAS (valid seasonal)
XAGUSD,metal,2026-03-26,1,0.27115,-0.090063,SEAS20,0.36121,0,neutral,True,SEAS (valid seasonal)
XAGUSD,metal,2026-04-24,-1,-1.0072,-0.34115,SEAS20,-0.66605,0,neutral,True,SEAS (valid seasonal)
XAGUSD,metal,2026-05-22,-1,1.3311,0.01823,SEAS20,1.3129,0,neutral,True,SEAS (valid seasonal)
XAGUSD,metal,2026-06-19,1,-1.0204,-0.012694,SEAS20,-1.0077,0,neutral,True,SEAS (valid seasonal)
XAGUSD,metal,2026-07-17,1,1.3386,-0.007612,SEAS20,1.3462,0,neutral,True,SEAS (valid seasonal)
XAGUSD,metal,2026-08-14,1,-0.29666,-0.08239,SEAS20,-0.21427,0,neutral,True,SEAS (valid seasonal)
XAGUSD,metal,2026-09-11,-1,0.82645,0.34027,SEAS20,0.48617,0,neutral,True,SEAS (valid seasonal)
XAGUSD,metal,2008-12-23,1,0.80014,0.74998,SEAS30,0.050152,0,neutral,False,SEAS (bernd_bias bug)
XAGUSD,metal,2009-02-05,1,-0.46,-0.37166,SEAS30,-0.088337,0,neutral,False,SEAS (bernd_bias bug)
XAGUSD,metal,2009-03-19,1,-1.2438,-0.32474,SEAS30,-0.91909,0,neutral,False,SEAS (bernd_bias bug)
XAGUSD,metal,2009-05-01,1,2.509,0.093997,SEAS30,2.415,0,neutral,False,SEAS (bernd_bias bug)
XAGUSD,metal,2009-06-12,1,-1.0438,0.12357,SEAS30,-1.1673,0,neutral,False,SEAS (bernd_bias bug)
XAGUSD,metal,2009-07-24,1,2.2311,-0.32944,SEAS30,2.5605,0,neutral,False,SEAS (bernd_bias bug)
XAGUSD,metal,2009-09-04,1,0.37281,0.048079,SEAS30,0.32473,0,neutral,False,SEAS (bernd_bias bug)
XAGUSD,metal,2009-10-19,1,-1.1623,-0.28442,SEAS30,-0.87789,-1,against,False,SEAS (bernd_bias bug)
XAGUSD,metal,2009-11-30,1,-1.1689,-0.33615,SEAS30,-0.83278,0,neutral,False,SEAS (bernd_bias bug)
XAGUSD,metal,2010-01-13,1,-1.2101,0.55368,SEAS30,-1.7638,0,neutral,False,SEAS (bernd_bias bug)
XAGUSD,metal,2010-02-24,1,1.2353,0.58886,SEAS30,0.64639,0,neutral,False,SEAS (bernd_bias bug)
XAGUSD,metal,2010-04-08,1,-1.7006,0.25229,SEAS30,-1.9529,0,neutral,False,SEAS (bernd_bias bug)
XAGUSD,metal,2010-05-20,1,-0.35496,0.77799,SEAS30,-1.1329,0,neutral,False,SEAS (bernd_bias bug)
XAGUSD,metal,2010-07-01,1,-1.0909,0.46933,SEAS30,-1.5603,0,neutral,False,SEAS (bernd_bias bug)
XAGUSD,metal,2010-08-12,1,2.9456,0.35029,SEAS30,2.5953,0,neutral,False,SEAS (bernd_bias bug)
XAGUSD,metal,2010-09-23,1,5.8165,-0.22748,SEAS30,6.044,0,neutral,False,SEAS (bernd_bias bug)
XAGUSD,metal,2010-11-05,1,1.3455,0.44205,SEAS30,0.90346,0,neutral,False,SEAS (bernd_bias bug)
XAGUSD,metal,2010-12-21,1,-1.3502,0.67338,SEAS30,-2.0236,0,neutral,False,SEAS (bernd_bias bug)
XAGUSD,metal,2011-02-01,1,3.7277,-0.032773,SEAS30,3.7604,0,neutral,False,SEAS (bernd_bias bug)
XAGUSD,metal,2011-03-15,1,4.3051,-0.098998,SEAS30,4.4041,0,neutral,False,SEAS (bernd_bias bug)
XAGUSD,metal,2011-04-26,1,-1.4466,0.70544,SEAS30,-2.1521,0,neutral,False,SEAS (bernd_bias bug)
XAGUSD,metal,2011-06-08,1,-1.1375,-0.65496,SEAS30,-0.48258,0,neutral,False,SEAS (bernd_bias bug)
XAGUSD,metal,2011-07-21,1,-1.1658,0.30489,SEAS30,-1.4707,0,neutral,False,SEAS (bernd_bias bug)
XAGUSD,metal,2011-09-01,1,-1.1525,0.15578,SEAS30,-1.3083,0,neutral,False,SEAS (bernd_bias bug)
XAGUSD,metal,2011-10-13,1,-0.35051,-0.28125,SEAS30,-0.06926,1,agree,False,SEAS (bernd_bias bug)
XAGUSD,metal,2011-11-24,1,-1.1642,-0.38149,SEAS30,-0.78272,1,agree,False,SEAS (bernd_bias bug)
XAGUSD,metal,2012-01-09,1,1.5142,-0.75396,SEAS30,2.2681,1,agree,False,SEAS (bernd_bias bug)
XAGUSD,metal,2012-02-20,1,-1.3138,0.43829,SEAS30,-1.7521,0,neutral,False,SEAS (bernd_bias bug)
XAGUSD,metal,2012-04-03,1,-1.0298,-0.049093,SEAS30,-0.98071,0,neutral,False,SEAS (bernd_bias bug)
XAGUSD,metal,2012-05-16,1,-1.0308,-0.078496,SEAS30,-0.95229,1,agree,False,SEAS (bernd_bias bug)
XAGUSD,metal,2012-06-27,1,0.090201,-0.36653,SEAS30,0.45673,1,agree,False,SEAS (bernd_bias bug)
XAGUSD,metal,2012-08-08,1,4.5035,0.053526,SEAS30,4.45,1,agree,False,SEAS (bernd_bias bug)
XAGUSD,metal,2012-09-19,1,-1.3015,-0.37065,SEAS30,-0.93082,0,neutral,False,SEAS (bernd_bias bug)
XAGUSD,metal,2012-10-31,1,0.5119,-0.40246,SEAS30,0.91436,-1,against,False,SEAS (bernd_bias bug)
XAGUSD,metal,2012-12-12,1,-1.0945,0.31945,SEAS30,-1.4139,-1,against,False,SEAS (bernd_bias bug)
XAGUSD,metal,2013-01-24,1,-1.048,-0.94244,SEAS30,-0.10559,0,neutral,False,SEAS (bernd_bias bug)
XAGUSD,metal,2013-03-07,1,-1.3636,-0.92454,SEAS30,-0.43905,0,neutral,False,SEAS (bernd_bias bug)
XAGUSD,metal,2013-04-18,1,-1.3703,-0.62474,SEAS30,-0.74552,1,agree,False,SEAS (bernd_bias bug)
XAGUSD,metal,2013-05-30,1,-1.2702,-0.79095,SEAS30,-0.47922,1,agree,False,SEAS (bernd_bias bug)
XAGUSD,metal,2013-07-11,1,1.7924,-1.1515,SEAS30,2.9439,1,agree,False,SEAS (bernd_bias bug)
XAGUSD,metal,2013-08-22,1,-1.3218,-0.92777,SEAS30,-0.39408,0,neutral,False,SEAS (bernd_bias bug)
XAGUSD,metal,2013-10-03,1,-1.11,-0.62478,SEAS30,-0.48523,0,neutral,False,SEAS (bernd_bias bug)
XAGUSD,metal,2013-11-14,1,-1.3276,-0.97054,SEAS30,-0.35703,0,neutral,False,SEAS (bernd_bias bug)
XAGUSD,metal,2013-12-27,1,-1.0562,0.014017,SEAS30,-1.0702,0,neutral,False,SEAS (bernd_bias bug)
XAGUSD,metal,2014-02-10,1,-0.48653,-1.0974,SEAS30,0.61086,1,agree,False,SEAS (bernd_bias bug)
XAGUSD,metal,2014-03-24,1,-1.5936,-1.1078,SEAS30,-0.48581,0,neutral,False,SEAS (bernd_bias bug)
XAGUSD,metal,2014-05-06,1,-1.5847,-0.89343,SEAS30,-0.69122,0,neutral,False,SEAS (bernd_bias bug)
XAGUSD,metal,2014-06-17,1,0.14073,-0.98039,SEAS30,1.1211,1,agree,False,SEAS (bernd_bias bug)
XAGUSD,metal,2014-07-29,1,-1.1926,-0.74062,SEAS30,-0.45195,-1,against,False,SEAS (bernd_bias bug)
XAGUSD,metal,2014-09-09,1,-1.1429,-0.66103,SEAS30,-0.48191,0,neutral,False,SEAS (bernd_bias bug)
XAGUSD,metal,2014-10-21,1,-1.2494,-0.56143,SEAS30,-0.68794,0,neutral,False,SEAS (bernd_bias bug)
XAGUSD,metal,2014-12-02,1,-0.4208,-0.84677,SEAS30,0.42597,0,neutral,False,SEAS (bernd_bias bug)
XAGUSD,metal,2015-01-15,1,-1.0846,-0.96094,SEAS30,-0.12367,0,neutral,False,SEAS (bernd_bias bug)
XAGUSD,metal,2015-02-26,1,-1.2606,-1.0736,SEAS30,-0.18693,0,neutral,False,SEAS (bernd_bias bug)
XAGUSD,metal,2015-04-09,1,-1.3523,-1.4205,SEAS30,0.068136,0,neutral,False,SEAS (bernd_bias bug)
XAGUSD,metal,2015-05-21,1,-1.3411,-0.8837,SEAS30,-0.45737,0,neutral,False,SEAS (bernd_bias bug)
XAGUSD,metal,2015-07-02,1,-1.1934,-1.0773,SEAS30,-0.11611,0,neutral,False,SEAS (bernd_bias bug)
XAGUSD,metal,2015-08-13,1,-1.1748,-0.95313,SEAS30,-0.22164,1,agree,False,SEAS (bernd_bias bug)
XAGUSD,metal,2015-09-24,1,-0.76032,-1.1307,SEAS30,0.37037,0,neutral,False,SEAS (bernd_bias bug)
XAGUSD,metal,2015-11-05,1,-1.1747,-1.2479,SEAS30,0.073143,-1,against,False,SEAS (bernd_bias bug)
XAGUSD,metal,2015-12-17,1,-1.3502,-1.1258,SEAS30,-0.22434,0,neutral,False,SEAS (bernd_bias bug)
XAGUSD,metal,2016-02-01,1,0.60317,-0.40549,SEAS30,1.0087,0,neutral,False,SEAS (bernd_bias bug)
XAGUSD,metal,2016-03-14,1,0.79702,0.36124,SEAS30,0.43578,-1,against,False,SEAS (bernd_bias bug)
XAGUSD,metal,2016-04-26,1,-1.8237,-0.51585,SEAS30,-1.3079,-1,against,False,SEAS (bernd_bias bug)
XAGUSD,metal,2016-06-07,1,4.014,-0.3839,SEAS30,4.3979,-1,against,False,SEAS (bernd_bias bug)
XAGUSD,metal,2016-07-19,1,-1.5668,-0.068586,SEAS30,-1.4982,-1,against,False,SEAS (bernd_bias bug)
XAGUSD,metal,2016-08-30,1,-1.8123,0.023686,SEAS30,-1.836,-1,against,False,SEAS (bernd_bias bug)
XAGUSD,metal,2016-10-11,1,-1.8101,-0.84555,SEAS30,-0.96453,-1,against,False,SEAS (bernd_bias bug)
XAGUSD,metal,2016-11-22,1,-1.0946,-0.32922,SEAS30,-0.76538,0,neutral,False,SEAS (bernd_bias bug)
XAGUSD,metal,2017-01-05,1,0.85514,-1.2432,SEAS30,2.0984,0,neutral,False,SEAS (bernd_bias bug)
XAGUSD,metal,2017-02-16,1,-1.6715,-1.2648,SEAS30,-0.40664,-1,against,False,SEAS (bernd_bias bug)
XAGUSD,metal,2017-03-30,1,-1.9493,-1.3808,SEAS30,-0.56853,-1,against,False,SEAS (bernd_bias bug)
XAGUSD,metal,2017-05-12,1,-1.0709,-0.99327,SEAS30,-0.077631,0,neutral,False,SEAS (bernd_bias bug)
XAGUSD,metal,2017-06-23,1,-1.4802,-1.3039,SEAS30,-0.17632,0,neutral,False,SEAS (bernd_bias bug)
XAGUSD,metal,2017-08-04,1,0.26339,-1.2624,SEAS30,1.5258,1,agree,False,SEAS (bernd_bias bug)
XAGUSD,metal,2017-09-15,1,-1.1702,-1.1066,SEAS30,-0.063634,0,neutral,False,SEAS (bernd_bias bug)
XAGUSD,metal,2017-10-27,1,-2.4124,-1.1452,SEAS30,-1.2672,0,neutral,False,SEAS (bernd_bias bug)
XAGUSD,metal,2017-12-08,1,0.51797,-1.0815,SEAS30,1.5994,0,neutral,False,SEAS (bernd_bias bug)
XAGUSD,metal,2018-01-23,1,-1.6425,-1.3297,SEAS30,-0.31284,0,neutral,False,SEAS (bernd_bias bug)
XAGUSD,metal,2018-03-06,1,-0.88961,-1.328,SEAS30,0.43836,1,agree,False,SEAS (bernd_bias bug)
XAGUSD,metal,2018-04-18,1,-1.5477,-1.146,SEAS30,-0.40171,1,agree,False,SEAS (bernd_bias bug)
XAGUSD,metal,2018-05-30,1,-2.5899,-1.3793,SEAS30,-1.2107,0,neutral,False,SEAS (bernd_bias bug)
XAGUSD,metal,2018-07-11,1,-1.3591,-1.1903,SEAS30,-0.16883,0,neutral,False,SEAS (bernd_bias bug)
XAGUSD,metal,2018-08-22,1,-1.626,-1.5122,SEAS30,-0.11384,1,agree,False,SEAS (bernd_bias bug)
XAGUSD,metal,2018-10-03,1,-2.6125,-1.2731,SEAS30,-1.3394,1,agree,False,SEAS (bernd_bias bug)
XAGUSD,metal,2018-11-14,1,0.24476,-1.5275,SEAS30,1.7722,0,neutral,False,SEAS (bernd_bias bug)
XAGUSD,metal,2018-12-27,1,-0.46324,-1.2863,SEAS30,0.82302,0,neutral,False,SEAS (bernd_bias bug)
XAGUSD,metal,2019-02-08,1,-1.9888,-0.23057,SEAS30,-1.7583,0,neutral,False,SEAS (bernd_bias bug)
XAGUSD,metal,2019-03-22,1,-1.5737,-1.205,SEAS30,-0.36872,0,neutral,False,SEAS (bernd_bias bug)
XAGUSD,metal,2019-05-06,1,-1.6432,-0.28228,SEAS30,-1.3609,0,neutral,False,SEAS (bernd_bias bug)
XAGUSD,metal,2019-06-17,1,1.5225,-0.66315,SEAS30,2.1857,0,neutral,False,SEAS (bernd_bias bug)
XAGUSD,metal,2019-07-29,1,1.4735,-0.59702,SEAS30,2.0705,0,neutral,False,SEAS (bernd_bias bug)
XAGUSD,metal,2019-09-09,1,-1.4712,-1.0248,SEAS30,-0.44641,0,neutral,False,SEAS (bernd_bias bug)
XAGUSD,metal,2019-10-21,1,-1.528,-0.70825,SEAS30,-0.81971,0,neutral,False,SEAS (bernd_bias bug)
XAGUSD,metal,2019-12-02,1,-0.10244,-1.2154,SEAS30,1.1129,0,neutral,False,SEAS (bernd_bias bug)
XAGUSD,metal,2020-01-15,1,-1.0247,0.54072,SEAS30,-1.5655,-1,against,False,SEAS (bernd_bias bug)
XAGUSD,metal,2020-02-26,1,-1.1526,0.73777,SEAS30,-1.8904,-1,against,False,SEAS (bernd_bias bug)
XAGUSD,metal,2020-04-08,1,0.89704,0.43163,SEAS30,0.46541,0,neutral,False,SEAS (bernd_bias bug)
XAGUSD,metal,2020-05-21,1,-0.40741,0.51785,SEAS30,-0.92527,0,neutral,False,SEAS (bernd_bias bug)
XAGUSD,metal,2020-07-02,1,7.0347,0.64864,SEAS30,6.3861,0,neutral,False,SEAS (bernd_bias bug)
XAGUSD,metal,2020-08-13,1,-1.0201,0.55656,SEAS30,-1.5767,0,neutral,False,SEAS (bernd_bias bug)
XAGUSD,metal,2020-09-24,1,0.13937,0.8006,SEAS30,-0.66123,0,neutral,False,SEAS (bernd_bias bug)
XAGUSD,metal,2020-11-05,-1,-1.0226,-0.52425,SEAS30,-0.49838,0,neutral,False,SEAS (bernd_bias bug)
XAGUSD,metal,2020-12-17,1,0.15531,0.78288,SEAS30,-0.62757,0,neutral,True,SEAS (valid seasonal)
XAGUSD,metal,2021-01-29,1,-0.67768,-0.86692,SEAS30,0.18924,0,neutral,True,SEAS (valid seasonal)
XAGUSD,metal,2021-03-12,1,-1.2043,-0.46315,SEAS30,-0.74116,0,neutral,True,SEAS (valid seasonal)
XAGUSD,metal,2021-04-26,1,0.81404,-0.7437,SEAS30,1.5577,0,neutral,True,SEAS (valid seasonal)
XAGUSD,metal,2021-06-07,1,-1.1847,-0.78006,SEAS30,-0.40461,0,neutral,True,SEAS (valid seasonal)
XAGUSD,metal,2021-07-19,1,-1.1877,-0.41661,SEAS30,-0.7711,0,neutral,True,SEAS (valid seasonal)
XAGUSD,metal,2021-08-30,1,-1.3245,-0.8054,SEAS30,-0.51913,0,neutral,True,SEAS (valid seasonal)
XAGUSD,metal,2021-10-11,1,0.89076,-0.96658,SEAS30,1.8573,0,neutral,True,SEAS (valid seasonal)
XAGUSD,metal,2021-11-22,1,-1.0337,-0.90538,SEAS30,-0.12833,0,neutral,True,SEAS (valid seasonal)
XAGUSD,metal,2022-01-04,1,-1.0995,-0.63847,SEAS30,-0.46106,0,neutral,True,SEAS (valid seasonal)
XAGUSD,metal,2022-02-15,-1,-1.0093,-0.27752,SEAS30,-0.73181,0,neutral,True,SEAS (valid seasonal)
XAGUSD,metal,2022-03-29,1,-1.3922,-0.58384,SEAS30,-0.80833,0,neutral,True,SEAS (valid seasonal)
XAGUSD,metal,2022-05-11,1,-0.35083,-0.48122,SEAS30,0.13039,0,neutral,True,SEAS (valid seasonal)
XAGUSD,metal,2022-06-22,1,-1.1892,-0.41915,SEAS30,-0.77009,1,agree,True,SEAS (valid seasonal)
XAGUSD,metal,2022-08-03,1,-1.3942,-0.39192,SEAS30,-1.0023,1,agree,True,SEAS (valid seasonal)
XAGUSD,metal,2022-09-14,-1,-1.0095,0.24476,SEAS30,-1.2542,1,against,True,SEAS (valid seasonal)
XAGUSD,metal,2022-10-26,-1,-1.0073,-0.028089,SEAS30,-0.97924,1,against,True,SEAS (valid seasonal)
XAGUSD,metal,2022-12-07,1,0.52823,-0.32349,SEAS30,0.85172,0,neutral,True,SEAS (valid seasonal)
XAGUSD,metal,2023-01-20,1,-1.2328,-0.61389,SEAS30,-0.61889,0,neutral,True,SEAS (valid seasonal)
XAGUSD,metal,2023-03-03,-1,-1.015,0.45036,SEAS30,-1.4654,0,neutral,True,SEAS (valid seasonal)
XAGUSD,metal,2023-04-17,-1,1.696,-0.28769,SEAS30,1.9837,0,neutral,True,SEAS (valid seasonal)
XAGUSD,metal,2023-05-29,-1,-1.0122,0.47903,SEAS30,-1.4912,0,neutral,True,SEAS (valid seasonal)
XAGUSD,metal,2023-07-10,1,-1.0854,-0.73197,SEAS30,-0.35343,0,neutral,True,SEAS (valid seasonal)
XAGUSD,metal,2023-08-21,-1,-1.0153,-0.51224,SEAS30,-0.50306,0,neutral,True,SEAS (valid seasonal)
XAGUSD,metal,2023-10-02,1,-1.0161,-0.50525,SEAS30,-0.51089,0,neutral,True,SEAS (valid seasonal)
XAGUSD,metal,2023-11-13,-1,-1.0144,0.008084,SEAS30,-1.0225,0,neutral,True,SEAS (valid seasonal)
XAGUSD,metal,2023-12-26,1,-1.1509,-0.63652,SEAS30,-0.51436,0,neutral,True,SEAS (valid seasonal)
XAGUSD,metal,2024-02-07,-1,-1.0139,-0.63166,SEAS30,-0.38222,0,neutral,True,SEAS (valid seasonal)
XAGUSD,metal,2024-03-20,1,0.86088,-0.71924,SEAS30,1.5801,0,neutral,True,SEAS (valid seasonal)
XAGUSD,metal,2024-05-02,-1,-1.0077,-0.28634,SEAS30,-0.72132,-1,agree,True,SEAS (valid seasonal)
XAGUSD,metal,2024-06-13,1,-0.66899,0.45111,SEAS30,-1.1201,-1,against,True,SEAS (valid seasonal)
XAGUSD,metal,2024-07-25,1,-1.1375,-0.14198,SEAS30,-0.9955,-1,against,True,SEAS (valid seasonal)
XAGUSD,metal,2024-09-05,-1,-1.0091,-0.43714,SEAS30,-0.57195,-1,agree,True,SEAS (valid seasonal)
XAGUSD,metal,2024-10-17,-1,-1.0076,-0.32691,SEAS30,-0.68072,-1,agree,True,SEAS (valid seasonal)
XAGUSD,metal,2024-11-28,1,-0.29153,-0.2528,SEAS30,-0.038733,0,neutral,True,SEAS (valid seasonal)
XAGUSD,metal,2025-01-13,1,0.9791,2.0004,SEAS30,-1.0213,0,neutral,True,SEAS (valid seasonal)
XAGUSD,metal,2025-02-24,-1,-1.011,-0.77426,SEAS30,-0.23673,-1,agree,True,SEAS (valid seasonal)
XAGUSD,metal,2025-04-07,-1,-1.0109,-0.98032,SEAS30,-0.03061,-1,agree,True,SEAS (valid seasonal)
XAGUSD,metal,2025-05-20,-1,-1.0108,-1.0107,SEAS30,-0.00010778,0,neutral,True,SEAS (valid seasonal)
XAGUSD,metal,2025-07-01,1,0.4066,0.69481,SEAS30,-0.28821,-1,against,True,SEAS (valid seasonal)
XAGUSD,metal,2025-08-12,1,3.9504,1.6839,SEAS30,2.2665,-1,against,True,SEAS (valid seasonal)
XAGUSD,metal,2025-09-23,-1,-1.0107,-1.0094,SEAS30,-0.0013037,-1,agree,True,SEAS (valid seasonal)
XAGUSD,metal,2025-11-04,-1,-1.0043,-1.0095,SEAS30,0.00523,-1,agree,True,SEAS (valid seasonal)
XAGUSD,metal,2025-12-16,1,11.763,1.4021,SEAS30,10.361,-1,against,True,SEAS (valid seasonal)
XAGUSD,metal,2026-01-29,1,-1.0061,-0.57168,SEAS30,-0.43439,0,neutral,True,SEAS (valid seasonal)
XAGUSD,metal,2026-03-12,1,-1.0176,-0.63081,SEAS30,-0.38677,0,neutral,True,SEAS (valid seasonal)
XAGUSD,metal,2026-04-24,-1,-1.0072,0.31052,SEAS30,-1.3177,0,neutral,True,SEAS (valid seasonal)
XAGUSD,metal,2026-06-05,1,-1.0141,-0.40687,SEAS30,-0.60724,0,neutral,True,SEAS (valid seasonal)
XAGUSD,metal,2026-07-17,1,2.1034,-0.36956,SEAS30,2.473,0,neutral,True,SEAS (valid seasonal)
XAGUSD,metal,2026-08-28,-1,1.9745,0.68199,SEAS30,1.2926,0,neutral,True,SEAS (valid seasonal)
XAUUSD,metal,2006-01-04,-1,-1.0287,-0.059891,VAL_dxy,-0.96885,0,neutral,False,VAL_dxy
XAUUSD,metal,2006-01-09,-1,-1.0206,-0.069255,VAL_dxy,-0.95133,0,neutral,False,VAL_dxy
XAUUSD,metal,2006-01-17,-1,0.81892,-0.11473,VAL_dxy,0.93365,0,neutral,False,VAL_dxy
XAUUSD,metal,2006-02-14,1,-0.51377,-0.84988,VAL_dxy,0.33611,0,neutral,False,VAL_dxy
XAUUSD,metal,2006-02-16,1,-0.33677,-0.42209,VAL_dxy,0.085325,0,neutral,False,VAL_dxy
XAUUSD,metal,2006-04-07,-1,-1.0262,-0.021049,VAL_dxy,-1.0052,0,neutral,False,VAL_dxy
XAUUSD,metal,2006-04-20,-1,-1.0264,-0.26063,VAL_dxy,-0.76575,0,neutral,False,VAL_dxy
XAUUSD,metal,2006-04-24,-1,-1.0156,-0.20559,VAL_dxy,-0.80999,0,neutral,False,VAL_dxy
XAUUSD,metal,2006-04-26,-1,-1.0105,-0.058625,VAL_dxy,-0.95183,0,neutral,False,VAL_dxy
XAUUSD,metal,2006-05-05,-1,-1.0106,0.726,VAL_dxy,-1.7366,0,neutral,False,VAL_dxy
XAUUSD,metal,2006-05-09,-1,-1.0054,-0.27003,VAL_dxy,-0.73538,0,neutral,False,VAL_dxy
XAUUSD,metal,2006-05-25,1,-1.3612,-0.46853,VAL_dxy,-0.89267,0,neutral,False,VAL_dxy
XAUUSD,metal,2006-06-02,1,-1.2026,-0.62875,VAL_dxy,-0.57383,0,neutral,False,VAL_dxy
XAUUSD,metal,2006-06-09,1,-1.0632,0.13774,VAL_dxy,-1.201,0,neutral,False,VAL_dxy
XAUUSD,metal,2006-06-20,1,1.3254,-0.76013,VAL_dxy,2.0856,0,neutral,False,VAL_dxy
XAUUSD,metal,2006-07-12,-1,-1.0097,-0.26243,VAL_dxy,-0.74731,0,neutral,False,VAL_dxy
XAUUSD,metal,2008-03-04,-1,-1.0206,0.47471,VAL_dxy,-1.4953,0,neutral,False,VAL_dxy
XAUUSD,metal,2008-05-01,1,0.063631,-0.45516,VAL_dxy,0.51879,0,neutral,False,VAL_dxy
XAUUSD,metal,2008-05-22,-1,0.92521,-0.16671,VAL_dxy,1.0919,0,neutral,False,VAL_dxy
XAUUSD,metal,2008-06-30,-1,-1.0192,-0.34464,VAL_dxy,-0.67459,0,neutral,False,VAL_dxy
XAUUSD,metal,2008-08-05,1,-1.0858,-0.31019,VAL_dxy,-0.77558,0,neutral,False,VAL_dxy
XAUUSD,metal,2008-08-11,1,-1.0003,-0.59415,VAL_dxy,-0.40614,0,neutral,False,VAL_dxy
XAUUSD,metal,2008-08-15,1,-1.506,-0.45096,VAL_dxy,-1.055,0,neutral,False,VAL_dxy
XAUUSD,metal,2008-09-19,-1,-1.0026,-0.2156,VAL_dxy,-0.78697,0,neutral,False,VAL_dxy
XAUUSD,metal,2008-10-22,1,-1.0321,-0.56685,VAL_dxy,-0.46527,0,neutral,False,VAL_dxy
XAUUSD,metal,2008-11-27,-1,-1.0173,-0.16272,VAL_dxy,-0.85458,0,neutral,False,VAL_dxy
XAUUSD,metal,2008-12-17,-1,0.63529,-0.15804,VAL_dxy,0.79333,0,neutral,False,VAL_dxy
XAUUSD,metal,2011-08-11,-1,-1.0267,-0.03386,VAL_dxy,-0.99285,-1,agree,False,VAL_dxy
XAUUSD,metal,2011-08-16,-1,-1.0211,0.13269,VAL_dxy,-1.1538,0,neutral,False,VAL_dxy
XAUUSD,metal,2011-09-26,1,-1.0129,0.31207,VAL_dxy,-1.325,0,neutral,False,VAL_dxy
XAUUSD,metal,2011-10-05,1,0.52901,0.091367,VAL_dxy,0.43764,0,neutral,False,VAL_dxy
XAUUSD,metal,2011-11-04,-1,0.16855,-0.30665,VAL_dxy,0.4752,0,neutral,False,VAL_dxy
XAUUSD,metal,2011-12-15,1,0.44581,-0.29571,VAL_dxy,0.74152,0,neutral,False,VAL_dxy
XAUUSD,metal,2012-01-30,-1,-0.73147,-0.42227,VAL_dxy,-0.3092,1,against,False,VAL_dxy
XAUUSD,metal,2012-09-14,-1,-0.099026,0.032173,VAL_dxy,-0.1312,0,neutral,False,VAL_dxy
XAUUSD,metal,2013-04-16,1,1.0309,-0.79076,VAL_dxy,1.8217,1,agree,False,VAL_dxy
XAUUSD,metal,2013-04-30,-1,0.94908,0.86902,VAL_dxy,0.080059,1,against,False,VAL_dxy
XAUUSD,metal,2013-06-27,1,1.2608,-0.75109,VAL_dxy,2.0119,1,agree,False,VAL_dxy
XAUUSD,metal,2013-07-12,-1,-0.44443,0.93522,VAL_dxy,-1.3797,1,against,False,VAL_dxy
XAUUSD,metal,2013-07-22,-1,-1.0233,0.67698,VAL_dxy,-1.7003,1,against,False,VAL_dxy
XAUUSD,metal,2013-08-21,-1,-1.0068,0.90765,VAL_dxy,-1.9145,1,against,False,VAL_dxy
XAUUSD,metal,2013-08-28,-1,1.742,0.4526,VAL_dxy,1.2894,1,against,False,VAL_dxy
XAUUSD,metal,2013-10-28,-1,2.002,0.71251,VAL_dxy,1.2895,1,against,False,VAL_dxy
XAUUSD,metal,2014-02-17,-1,-1.0331,-0.34251,VAL_dxy,-0.69058,1,against,False,VAL_dxy
XAUUSD,metal,2015-07-21,1,-0.20948,-0.72875,VAL_dxy,0.51927,1,agree,False,VAL_dxy
XAUUSD,metal,2015-08-20,-1,-1.017,-0.15465,VAL_dxy,-0.86231,1,against,False,VAL_dxy
XAUUSD,metal,2015-10-15,-1,2.8254,0.19519,VAL_dxy,2.6302,0,neutral,False,VAL_dxy
XAUUSD,metal,2015-11-05,1,-1.2112,-1.0985,VAL_dxy,-0.11274,0,neutral,False,VAL_dxy
XAUUSD,metal,2015-11-09,1,-1.5408,-0.57424,VAL_dxy,-0.96653,0,neutral,False,VAL_dxy
XAUUSD,metal,2016-02-05,-1,-1.0161,-0.31354,VAL_dxy,-0.70261,0,neutral,False,VAL_dxy
XAUUSD,metal,2016-10-07,1,0.75332,-0.59505,VAL_dxy,1.3484,-1,against,True,VAL_dxy
XAUUSD,metal,2016-11-16,1,-1.1607,-0.51334,VAL_dxy,-0.64739,0,neutral,True,VAL_dxy
XAUUSD,metal,2016-11-24,1,-1.3776,-0.33278,VAL_dxy,-1.0448,0,neutral,True,VAL_dxy
XAUUSD,metal,2018-01-02,-1,-1.039,-0.054946,VAL_dxy,-0.98402,0,neutral,True,VAL_dxy
XAUUSD,metal,2018-01-25,-1,1.2094,0.35122,VAL_dxy,0.85818,0,neutral,True,VAL_dxy
XAUUSD,metal,2019-06-25,-1,-0.20843,-0.3379,VAL_dxy,0.12948,0,neutral,True,VAL_dxy
XAUUSD,metal,2019-07-01,-1,-1.0096,-0.28277,VAL_dxy,-0.72686,0,neutral,True,VAL_dxy
XAUUSD,metal,2019-07-03,-1,-0.26563,-0.73785,VAL_dxy,0.47223,0,neutral,True,VAL_dxy
XAUUSD,metal,2019-08-09,-1,-1.0269,-0.35429,VAL_dxy,-0.67258,-1,agree,True,VAL_dxy
XAUUSD,metal,2019-08-15,-1,0.37387,-0.38079,VAL_dxy,0.75466,-1,agree,True,VAL_dxy
XAUUSD,metal,2020-01-07,-1,-1.0073,-0.77658,VAL_dxy,-0.23069,-1,agree,True,VAL_dxy
XAUUSD,metal,2020-03-06,-1,1.0785,-0.39321,VAL_dxy,1.4717,-1,agree,True,VAL_dxy
XAUUSD,metal,2020-03-16,1,-1.0018,-0.038866,VAL_dxy,-0.96297,-1,against,True,VAL_dxy
XAUUSD,metal,2020-03-30,-1,-1.0083,-0.4899,VAL_dxy,-0.5184,-1,agree,True,VAL_dxy
XAUUSD,metal,2020-04-02,-1,-1.0062,-0.40023,VAL_dxy,-0.60597,-1,agree,True,VAL_dxy
XAUUSD,metal,2020-04-15,-1,0.25519,-0.55775,VAL_dxy,0.81294,0,neutral,True,VAL_dxy
XAUUSD,metal,2020-07-28,-1,-1.0111,-0.79883,VAL_dxy,-0.21225,-1,agree,True,VAL_dxy
XAUUSD,metal,2022-04-28,1,-1.1985,0.10469,VAL_dxy,-1.3032,0,neutral,True,VAL_dxy
XAUUSD,metal,2022-05-03,1,-1.1898,-0.12745,VAL_dxy,-1.0623,0,neutral,True,VAL_dxy
XAUUSD,metal,2022-07-07,1,-1.2331,-0.17953,VAL_dxy,-1.0536,1,agree,True,VAL_dxy
XAUUSD,metal,2022-07-12,1,-1.1988,-0.017849,VAL_dxy,-1.1809,1,agree,True,VAL_dxy
XAUUSD,metal,2022-07-15,1,1.1884,-0.14754,VAL_dxy,1.3359,1,agree,True,VAL_dxy
XAUUSD,metal,2022-07-29,-1,-1.0142,0.2511,VAL_dxy,-1.2653,1,against,True,VAL_dxy
XAUUSD,metal,2022-08-04,-1,1.2019,-0.053455,VAL_dxy,1.2554,1,against,True,VAL_dxy
XAUUSD,metal,2022-08-10,-1,1.914,-0.14804,VAL_dxy,2.062,1,against,True,VAL_dxy
XAUUSD,metal,2022-09-26,1,-0.19345,-0.64925,VAL_dxy,0.4558,1,agree,True,VAL_dxy
XAUUSD,metal,2022-11-09,-1,-1.005,-0.25191,VAL_dxy,-0.75304,1,against,True,VAL_dxy
XAUUSD,metal,2022-11-11,-1,-0.65466,-0.43433,VAL_dxy,-0.22032,1,against,True,VAL_dxy
XAUUSD,metal,2023-02-16,1,1.0827,0.011655,VAL_dxy,1.0711,0,neutral,True,VAL_dxy
XAUUSD,metal,2023-03-23,-1,-1.0122,-0.37429,VAL_dxy,-0.63787,0,neutral,True,VAL_dxy
XAUUSD,metal,2024-11-13,1,0.94415,0.95626,VAL_dxy,-0.012104,0,neutral,True,VAL_dxy
XAUUSD,metal,2025-03-14,-1,-1.013,-0.87186,VAL_dxy,-0.1411,0,neutral,True,VAL_dxy
XAUUSD,metal,2025-04-11,-1,-1.0048,-0.77832,VAL_dxy,-0.22651,0,neutral,True,VAL_dxy
XAUUSD,metal,2025-10-30,1,0.94793,1.1142,VAL_dxy,-0.16632,-1,against,True,VAL_dxy
XAUUSD,metal,2026-01-28,-1,-1.003,0.08847,VAL_dxy,-1.0914,0,neutral,True,VAL_dxy
XAUUSD,metal,2026-02-12,1,0.12816,0.019605,VAL_dxy,0.10856,0,neutral,True,VAL_dxy
XAUUSD,metal,2026-03-16,1,-1.0151,-0.51563,VAL_dxy,-0.49947,0,neutral,True,VAL_dxy
XAUUSD,metal,2026-03-19,1,-1.0022,-0.45741,VAL_dxy,-0.54475,0,neutral,True,VAL_dxy
XAUUSD,metal,2026-03-31,1,0.1381,-0.51266,VAL_dxy,0.65076,0,neutral,True,VAL_dxy
XAUUSD,metal,2006-12-04,-1,0.25178,-0.66563,VAL_dxy_level,0.9174,0,neutral,False,VAL_dxy_level
XAUUSD,metal,2007-02-02,-1,-1.0485,-0.53555,VAL_dxy_level,-0.51292,0,neutral,False,VAL_dxy_level
XAUUSD,metal,2008-05-26,-1,1.0722,-0.21106,VAL_dxy_level,1.2833,0,neutral,False,VAL_dxy_level
XAUUSD,metal,2008-07-02,-1,-1.0179,-0.12787,VAL_dxy_level,-0.89005,0,neutral,False,VAL_dxy_level
XAUUSD,metal,2009-09-15,-1,-1.0406,-0.56413,VAL_dxy_level,-0.47649,-1,agree,False,VAL_dxy_level
XAUUSD,metal,2010-01-15,-1,1.1586,-0.45423,VAL_dxy_level,1.6128,-1,agree,False,VAL_dxy_level
XAUUSD,metal,2010-08-09,-1,-1.0259,-0.27931,VAL_dxy_level,-0.74658,0,neutral,False,VAL_dxy_level
XAUUSD,metal,2013-03-04,1,-0.065845,-0.98482,VAL_dxy_level,0.91898,1,agree,False,VAL_dxy_level
XAUUSD,metal,2013-11-22,1,-1.6172,-0.70193,VAL_dxy_level,-0.91529,1,agree,False,VAL_dxy_level
XAUUSD,metal,2014-06-04,1,2.0171,-0.43419,VAL_dxy_level,2.4513,0,neutral,False,VAL_dxy_level
XAUUSD,metal,2014-09-01,1,-1.0289,-0.61503,VAL_dxy_level,-0.41386,0,neutral,False,VAL_dxy_level
XAUUSD,metal,2015-06-08,1,-0.87615,-0.50542,VAL_dxy_level,-0.37073,0,neutral,False,VAL_dxy_level
XAUUSD,metal,2015-07-02,1,-1.4298,-0.83797,VAL_dxy_level,-0.5918,0,neutral,False,VAL_dxy_level
XAUUSD,metal,2015-09-07,1,-0.23562,-0.77984,VAL_dxy_level,0.54422,0,neutral,False,VAL_dxy_level
XAUUSD,metal,2015-09-30,1,0.50852,-0.76234,VAL_dxy_level,1.2709,1,agree,False,VAL_dxy_level
XAUUSD,metal,2015-11-05,1,-1.2112,-0.71728,VAL_dxy_level,-0.49391,0,neutral,False,VAL_dxy_level
XAUUSD,metal,2016-08-03,-1,1.2956,-0.0021168,VAL_dxy_level,1.2977,-1,agree,True,VAL_dxy_level
XAUUSD,metal,2017-08-22,-1,-1.0272,-0.18329,VAL_dxy_level,-0.84392,0,neutral,True,VAL_dxy_level
XAUUSD,metal,2018-01-05,-1,-1.0338,0.2342,VAL_dxy_level,-1.268,0,neutral,True,VAL_dxy_level
XAUUSD,metal,2019-07-19,-1,-1.0267,-0.61258,VAL_dxy_level,-0.41409,-1,agree,True,VAL_dxy_level
XAUUSD,metal,2019-07-31,-1,-1.0155,-0.44924,VAL_dxy_level,-0.56626,-1,agree,True,VAL_dxy_level
XAUUSD,metal,2019-08-05,-1,-1.0088,-0.35748,VAL_dxy_level,-0.65129,-1,agree,True,VAL_dxy_level
XAUUSD,metal,2019-12-24,-1,-1.0155,-0.36224,VAL_dxy_level,-0.65324,-1,agree,True,VAL_dxy_level
XAUUSD,metal,2020-04-13,-1,-0.15876,-0.48365,VAL_dxy_level,0.32489,0,neutral,True,VAL_dxy_level
XAUUSD,metal,2020-12-09,-1,-1.0299,-0.51243,VAL_dxy_level,-0.51745,0,neutral,True,VAL_dxy_level
XAUUSD,metal,2021-05-21,-1,2.1782,0.11458,VAL_dxy_level,2.0636,0,neutral,True,VAL_dxy_level
XAUUSD,metal,2022-05-06,1,-1.104,-0.14478,VAL_dxy_level,-0.95917,0,neutral,True,VAL_dxy_level
XAUUSD,metal,2022-06-06,1,-1.4583,-0.22636,VAL_dxy_level,-1.2319,1,agree,True,VAL_dxy_level
XAUUSD,metal,2022-08-22,1,-1.2381,-0.40827,VAL_dxy_level,-0.82986,1,agree,True,VAL_dxy_level
XAUUSD,metal,2023-04-20,-1,-1.0938,-0.63947,VAL_dxy_level,-0.45435,0,neutral,True,VAL_dxy_level
XAUUSD,metal,2023-07-19,-1,1.949,-0.51389,VAL_dxy_level,2.4629,0,neutral,True,VAL_dxy_level
XAUUSD,metal,2023-11-29,-1,-1.0095,0.1047,VAL_dxy_level,-1.1142,0,neutral,True,VAL_dxy_level
XAUUSD,metal,2024-02-21,-1,-1.0187,-0.252,VAL_dxy_level,-0.76673,0,neutral,True,VAL_dxy_level
XAUUSD,metal,2024-12-12,-1,0.34847,-0.75537,VAL_dxy_level,1.1038,-1,agree,True,VAL_dxy_level
XAUUSD,metal,2025-01-24,-1,-1.0122,-0.59631,VAL_dxy_level,-0.41585,-1,agree,True,VAL_dxy_level
XAUUSD,metal,2026-04-14,-1,0.020852,0.53739,VAL_dxy_level,-0.51653,0,neutral,True,VAL_dxy_level
XAUUSD,metal,2026-05-11,-1,1.7693,0.53424,VAL_dxy_level,1.235,0,neutral,True,VAL_dxy_level
XAUUSD,metal,2004-07-14,1,-1.6673,-0.73916,SEAS10,-0.9281,0,neutral,False,SEAS (bernd_bias bug)
XAUUSD,metal,2004-07-28,1,0.092646,-0.65926,SEAS10,0.75191,0,neutral,False,SEAS (bernd_bias bug)
XAUUSD,metal,2004-08-11,1,-0.76296,-1.129,SEAS10,0.36603,0,neutral,False,SEAS (bernd_bias bug)
XAUUSD,metal,2004-08-25,1,-1.4021,-0.95663,SEAS10,-0.44545,0,neutral,False,SEAS (bernd_bias bug)
XAUUSD,metal,2004-09-09,1,-0.20919,-0.77049,SEAS10,0.56131,0,neutral,False,SEAS (bernd_bias bug)
XAUUSD,metal,2004-09-23,1,0.060132,-0.93716,SEAS10,0.99729,0,neutral,False,SEAS (bernd_bias bug)
XAUUSD,metal,2004-10-07,1,-0.55147,-0.62773,SEAS10,0.076258,0,neutral,False,SEAS (bernd_bias bug)
XAUUSD,metal,2004-10-21,1,-0.68379,-0.83343,SEAS10,0.14965,0,neutral,False,SEAS (bernd_bias bug)
XAUUSD,metal,2004-11-04,1,0.64137,-0.53207,SEAS10,1.1734,0,neutral,False,SEAS (bernd_bias bug)
XAUUSD,metal,2004-11-18,1,-0.76739,-0.82351,SEAS10,0.05612,0,neutral,False,SEAS (bernd_bias bug)
XAUUSD,metal,2004-12-06,1,-1.1265,-0.56975,SEAS10,-0.55674,0,neutral,False,SEAS (bernd_bias bug)
XAUUSD,metal,2004-12-20,1,-1.982,-0.61804,SEAS10,-1.3639,0,neutral,False,SEAS (bernd_bias bug)
XAUUSD,metal,2005-01-05,1,-1.1653,-0.15546,SEAS10,-1.0099,0,neutral,False,SEAS (bernd_bias bug)
XAUUSD,metal,2005-01-19,1,-1.4485,-0.95471,SEAS10,-0.49383,0,neutral,False,SEAS (bernd_bias bug)
XAUUSD,metal,2005-02-02,1,-1.5944,-0.51573,SEAS10,-1.0787,0,neutral,False,SEAS (bernd_bias bug)
XAUUSD,metal,2005-02-16,1,-0.49272,-0.55162,SEAS10,0.058898,0,neutral,False,SEAS (bernd_bias bug)
XAUUSD,metal,2005-03-03,1,0.055161,-0.75701,SEAS10,0.81218,0,neutral,False,SEAS (bernd_bias bug)
XAUUSD,metal,2005-03-17,1,-1.2985,-0.62491,SEAS10,-0.6736,0,neutral,False,SEAS (bernd_bias bug)
XAUUSD,metal,2005-04-01,1,-1.6822,-0.57338,SEAS10,-1.1089,0,neutral,False,SEAS (bernd_bias bug)
XAUUSD,metal,2005-04-15,1,-0.46751,-0.4743,SEAS10,0.0067989,0,neutral,False,SEAS (bernd_bias bug)
XAUUSD,metal,2005-04-29,1,-2.4346,-0.42047,SEAS10,-2.0142,0,neutral,False,SEAS (bernd_bias bug)
XAUUSD,metal,2005-05-13,1,-1.7683,-0.51875,SEAS10,-1.2495,0,neutral,False,SEAS (bernd_bias bug)
XAUUSD,metal,2005-05-27,1,-0.37654,-0.76908,SEAS10,0.39254,0,neutral,False,SEAS (bernd_bias bug)
XAUUSD,metal,2005-06-13,1,0.39124,-0.67915,SEAS10,1.0704,0,neutral,False,SEAS (bernd_bias bug)
XAUUSD,metal,2005-06-27,1,-1.4417,-0.54479,SEAS10,-0.89694,0,neutral,False,SEAS (bernd_bias bug)
XAUUSD,metal,2005-07-11,1,-1.0092,-0.11482,SEAS10,-0.89434,0,neutral,False,SEAS (bernd_bias bug)
XAUUSD,metal,2005-07-25,1,0.22278,-0.33906,SEAS10,0.56184,0,neutral,False,SEAS (bernd_bias bug)
XAUUSD,metal,2005-08-08,1,-1.618,-0.64043,SEAS10,-0.97757,0,neutral,False,SEAS (bernd_bias bug)
XAUUSD,metal,2005-08-22,1,-0.3013,-0.82166,SEAS10,0.52035,0,neutral,False,SEAS (bernd_bias bug)
XAUUSD,metal,2005-09-06,1,0.74987,-0.76967,SEAS10,1.5195,0,neutral,False,SEAS (bernd_bias bug)
XAUUSD,metal,2005-09-20,1,-0.96727,-0.42891,SEAS10,-0.53836,0,neutral,False,SEAS (bernd_bias bug)
XAUUSD,metal,2005-10-04,1,-0.25108,-0.88518,SEAS10,0.6341,0,neutral,False,SEAS (bernd_bias bug)
XAUUSD,metal,2005-10-18,1,-1.1966,-0.60114,SEAS10,-0.5955,0,neutral,False,SEAS (bernd_bias bug)
XAUUSD,metal,2005-11-01,1,-0.80403,-0.60877,SEAS10,-0.19526,0,neutral,False,SEAS (bernd_bias bug)
XAUUSD,metal,2005-11-15,1,1.8744,-0.34704,SEAS10,2.2215,0,neutral,False,SEAS (bernd_bias bug)
XAUUSD,metal,2005-12-02,1,-1.0981,-0.54448,SEAS10,-0.55364,0,neutral,False,SEAS (bernd_bias bug)
XAUUSD,metal,2005-12-16,1,0.36325,-0.68328,SEAS10,1.0465,0,neutral,False,SEAS (bernd_bias bug)
XAUUSD,metal,2006-01-02,1,1.577,-0.56516,SEAS10,2.1421,0,neutral,False,SEAS (bernd_bias bug)
XAUUSD,metal,2006-01-17,1,-0.092085,-0.22731,SEAS10,0.13522,0,neutral,False,SEAS (bernd_bias bug)
XAUUSD,metal,2006-01-31,1,-1.3051,0.35844,SEAS10,-1.6636,0,neutral,False,SEAS (bernd_bias bug)
XAUUSD,metal,2006-02-14,1,0.50906,-0.068992,SEAS10,0.57805,0,neutral,False,SEAS (bernd_bias bug)
XAUUSD,metal,2006-03-01,1,-1.2838,-0.27261,SEAS10,-1.0112,0,neutral,False,SEAS (bernd_bias bug)
XAUUSD,metal,2006-03-15,1,0.058639,-0.57258,SEAS10,0.63122,0,neutral,False,SEAS (bernd_bias bug)
XAUUSD,metal,2006-03-29,1,0.96757,-0.18566,SEAS10,1.1532,0,neutral,False,SEAS (bernd_bias bug)
XAUUSD,metal,2006-04-12,1,1.6394,-0.23712,SEAS10,1.8766,0,neutral,False,SEAS (bernd_bias bug)
XAUUSD,metal,2006-04-27,1,1.9859,-0.42561,SEAS10,2.4115,0,neutral,False,SEAS (bernd_bias bug)
XAUUSD,metal,2006-05-11,1,-1.2015,-0.57696,SEAS10,-0.62452,0,neutral,False,SEAS (bernd_bias bug)
XAUUSD,metal,2006-05-25,1,-0.93776,-0.11016,SEAS10,-0.8276,0,neutral,False,SEAS (bernd_bias bug)
XAUUSD,metal,2006-06-09,1,-1.0632,-0.47117,SEAS10,-0.59204,0,neutral,False,SEAS (bernd_bias bug)
XAUUSD,metal,2006-06-23,1,1.084,-0.47756,SEAS10,1.5616,0,neutral,False,SEAS (bernd_bias bug)
XAUUSD,metal,2006-07-07,1,-0.48624,-0.10444,SEAS10,-0.3818,0,neutral,False,SEAS (bernd_bias bug)
XAUUSD,metal,2006-07-21,1,0.10545,-0.2498,SEAS10,0.35525,0,neutral,False,SEAS (bernd_bias bug)
XAUUSD,metal,2006-08-04,1,-1.3044,-0.050976,SEAS10,-1.2535,0,neutral,False,SEAS (bernd_bias bug)
XAUUSD,metal,2006-08-18,1,-0.068606,-0.23175,SEAS10,0.16314,0,neutral,False,SEAS (bernd_bias bug)
XAUUSD,metal,2006-09-01,1,-1.3712,-0.14026,SEAS10,-1.2309,0,neutral,False,SEAS (bernd_bias bug)
XAUUSD,metal,2006-09-18,1,0.056089,-0.26234,SEAS10,0.31843,0,neutral,False,SEAS (bernd_bias bug)
XAUUSD,metal,2006-10-03,1,-1.0247,-0.50893,SEAS10,-0.51579,0,neutral,False,SEAS (bernd_bias bug)
XAUUSD,metal,2006-10-17,1,-0.18531,-0.66788,SEAS10,0.48257,0,neutral,False,SEAS (bernd_bias bug)
XAUUSD,metal,2006-10-31,1,0.37985,-0.5331,SEAS10,0.91294,0,neutral,False,SEAS (bernd_bias bug)
XAUUSD,metal,2006-11-14,1,-0.1311,-0.18931,SEAS10,0.058209,0,neutral,False,SEAS (bernd_bias bug)
XAUUSD,metal,2006-11-30,1,-0.86246,-0.33238,SEAS10,-0.53008,0,neutral,False,SEAS (bernd_bias bug)
XAUUSD,metal,2006-12-14,1,-0.36379,-0.48111,SEAS10,0.11732,0,neutral,False,SEAS (bernd_bias bug)
XAUUSD,metal,2006-12-29,1,-1.3792,-0.21854,SEAS10,-1.1606,0,neutral,False,SEAS (bernd_bias bug)
XAUUSD,metal,2007-01-15,1,0.51288,-0.02811,SEAS10,0.54099,0,neutral,False,SEAS (bernd_bias bug)
XAUUSD,metal,2007-01-29,1,0.42455,0.042087,SEAS10,0.38246,0,neutral,False,SEAS (bernd_bias bug)
XAUUSD,metal,2007-02-12,1,0.26153,-0.16855,SEAS10,0.43008,0,neutral,False,SEAS (bernd_bias bug)
XAUUSD,metal,2007-02-26,1,-1.0338,-0.020622,SEAS10,-1.0132,0,neutral,False,SEAS (bernd_bias bug)
XAUUSD,metal,2007-03-12,1,-0.14093,0.21632,SEAS10,-0.35725,0,neutral,False,SEAS (bernd_bias bug)
XAUUSD,metal,2007-03-26,1,0.27841,-0.31562,SEAS10,0.59403,0,neutral,False,SEAS (bernd_bias bug)
XAUUSD,metal,2007-04-09,1,0.69945,-0.43743,SEAS10,1.1369,0,neutral,False,SEAS (bernd_bias bug)
XAUUSD,metal,2007-04-23,1,-1.2269,-0.036954,SEAS10,-1.19,0,neutral,False,SEAS (bernd_bias bug)
XAUUSD,metal,2007-05-07,1,-1.1995,-0.14971,SEAS10,-1.0498,0,neutral,False,SEAS (bernd_bias bug)
XAUUSD,metal,2007-05-22,1,-0.2042,-0.033632,SEAS10,-0.17057,0,neutral,False,SEAS (bernd_bias bug)
XAUUSD,metal,2007-06-05,1,-1.2107,0.025914,SEAS10,-1.2366,0,neutral,False,SEAS (bernd_bias bug)
XAUUSD,metal,2007-06-19,1,-1.3998,-0.25959,SEAS10,-1.1402,0,neutral,False,SEAS (bernd_bias bug)
XAUUSD,metal,2007-07-03,1,-0.22546,-0.0054899,SEAS10,-0.21997,0,neutral,False,SEAS (bernd_bias bug)
XAUUSD,metal,2007-07-17,1,-0.82133,-0.11789,SEAS10,-0.70344,0,neutral,False,SEAS (bernd_bias bug)
XAUUSD,metal,2007-07-31,1,-0.47895,-0.59403,SEAS10,0.11507,0,neutral,False,SEAS (bernd_bias bug)
XAUUSD,metal,2007-08-14,1,-1.1601,-0.39295,SEAS10,-0.76715,0,neutral,False,SEAS (bernd_bias bug)
XAUUSD,metal,2007-08-28,1,1.3354,0.040205,SEAS10,1.2952,0,neutral,False,SEAS (bernd_bias bug)
XAUUSD,metal,2007-09-11,1,0.82672,-0.09374,SEAS10,0.92046,0,neutral,False,SEAS (bernd_bias bug)
XAUUSD,metal,2007-09-25,1,-0.3744,-0.53563,SEAS10,0.16123,0,neutral,False,SEAS (bernd_bias bug)
XAUUSD,metal,2007-10-09,1,0.36072,0.056632,SEAS10,0.30409,0,neutral,False,SEAS (bernd_bias bug)
XAUUSD,metal,2007-10-23,1,1.542,-0.15035,SEAS10,1.6924,0,neutral,False,SEAS (bernd_bias bug)
XAUUSD,metal,2007-11-06,1,-1.4443,-0.64214,SEAS10,-0.80219,0,neutral,False,SEAS (bernd_bias bug)
XAUUSD,metal,2007-11-20,1,0.10318,-0.42414,SEAS10,0.52732,0,neutral,False,SEAS (bernd_bias bug)
XAUUSD,metal,2007-12-04,1,-0.20288,0.32109,SEAS10,-0.52397,0,neutral,False,SEAS (bernd_bias bug)
XAUUSD,metal,2007-12-18,1,1.4332,-0.5187,SEAS10,1.9518,0,neutral,False,SEAS (bernd_bias bug)
XAUUSD,metal,2008-01-04,1,0.038026,-0.34883,SEAS10,0.38685,0,neutral,False,SEAS (bernd_bias bug)
XAUUSD,metal,2008-01-18,1,0.97282,-0.47963,SEAS10,1.4525,0,neutral,False,SEAS (bernd_bias bug)
XAUUSD,metal,2008-02-01,1,-0.70826,-0.11371,SEAS10,-0.59454,0,neutral,False,SEAS (bernd_bias bug)
XAUUSD,metal,2008-02-15,1,1.2425,-0.32024,SEAS10,1.5627,0,neutral,False,SEAS (bernd_bias bug)
XAUUSD,metal,2008-02-29,1,0.34238,-0.00030573,SEAS10,0.34268,0,neutral,False,SEAS (bernd_bias bug)
XAUUSD,metal,2008-03-14,1,-1.0859,-0.18956,SEAS10,-0.89636,0,neutral,False,SEAS (bernd_bias bug)
XAUUSD,metal,2008-03-28,1,-1.0565,-0.10723,SEAS10,-0.94923,0,neutral,False,SEAS (bernd_bias bug)
XAUUSD,metal,2008-04-11,1,-0.98089,-0.51344,SEAS10,-0.46745,0,neutral,False,SEAS (bernd_bias bug)
XAUUSD,metal,2008-04-25,1,-0.36632,-0.10118,SEAS10,-0.26514,0,neutral,False,SEAS (bernd_bias bug)
XAUUSD,metal,2008-05-09,1,0.67575,-0.17433,SEAS10,0.85007,0,neutral,False,SEAS (bernd_bias bug)
XAUUSD,metal,2008-05-23,1,-1.1509,-0.078919,SEAS10,-1.072,0,neutral,False,SEAS (bernd_bias bug)
XAUUSD,metal,2008-06-06,1,0.32383,-0.48399,SEAS10,0.80782,0,neutral,False,SEAS (bernd_bias bug)
XAUUSD,metal,2008-06-23,1,0.51147,-0.12447,SEAS10,0.63595,0,neutral,False,SEAS (bernd_bias bug)
XAUUSD,metal,2008-07-07,1,0.30309,-0.27654,SEAS10,0.57963,0,neutral,False,SEAS (bernd_bias bug)
XAUUSD,metal,2008-07-21,1,-1.1737,-0.31018,SEAS10,-0.86348,0,neutral,False,SEAS (bernd_bias bug)
XAUUSD,metal,2008-08-04,1,-1.0175,-0.15647,SEAS10,-0.86104,0,neutral,False,SEAS (bernd_bias bug)
XAUUSD,metal,2008-08-18,1,0.59547,-0.43996,SEAS10,1.0354,0,neutral,False,SEAS (bernd_bias bug)
XAUUSD,metal,2008-09-01,1,-1.1549,0.076967,SEAS10,-1.2319,0,neutral,False,SEAS (bernd_bias bug)
XAUUSD,metal,2008-09-15,1,2.0656,-0.52911,SEAS10,2.5947,0,neutral,False,SEAS (bernd_bias bug)
XAUUSD,metal,2008-09-29,1,-0.47395,-0.034529,SEAS10,-0.43942,0,neutral,False,SEAS (bernd_bias bug)
XAUUSD,metal,2008-10-13,1,-1.0745,-0.1903,SEAS10,-0.8842,0,neutral,False,SEAS (bernd_bias bug)
XAUUSD,metal,2008-10-27,1,-0.12295,-0.1985,SEAS10,0.07555,0,neutral,False,SEAS (bernd_bias bug)
XAUUSD,metal,2008-11-10,1,0.52253,-0.040287,SEAS10,0.56282,0,neutral,False,SEAS (bernd_bias bug)
XAUUSD,metal,2008-11-24,1,-0.68988,-0.44636,SEAS10,-0.24352,0,neutral,False,SEAS (bernd_bias bug)
XAUUSD,metal,2008-12-09,1,1.1345,-0.25893,SEAS10,1.3934,0,neutral,False,SEAS (bernd_bias bug)
XAUUSD,metal,2008-12-23,1,-0.32168,-0.23043,SEAS10,-0.091252,0,neutral,False,SEAS (bernd_bias bug)
XAUUSD,metal,2009-01-08,1,0.12274,-0.11378,SEAS10,0.23651,0,neutral,False,SEAS (bernd_bias bug)
XAUUSD,metal,2009-01-22,1,0.88693,-0.17379,SEAS10,1.0607,0,neutral,False,SEAS (bernd_bias bug)
XAUUSD,metal,2009-02-05,1,1.3647,0.24685,SEAS10,1.1179,0,neutral,False,SEAS (bernd_bias bug)
XAUUSD,metal,2009-02-19,1,-1.1308,-0.278,SEAS10,-0.85277,0,neutral,False,SEAS (bernd_bias bug)
XAUUSD,metal,2009-03-05,1,0.32706,-0.17003,SEAS10,0.49708,0,neutral,False,SEAS (bernd_bias bug)
XAUUSD,metal,2009-03-19,1,-0.34853,0.27193,SEAS10,-0.62046,0,neutral,False,SEAS (bernd_bias bug)
XAUUSD,metal,2009-04-02,1,-1.0588,0.47115,SEAS10,-1.53,0,neutral,False,SEAS (bernd_bias bug)
XAUUSD,metal,2009-04-16,1,-0.065964,0.016388,SEAS10,-0.082352,0,neutral,False,SEAS (bernd_bias bug)
XAUUSD,metal,2009-04-30,1,0.59011,-0.039877,SEAS10,0.62998,0,neutral,False,SEAS (bernd_bias bug)
XAUUSD,metal,2009-05-14,1,0.58426,0.28207,SEAS10,0.30219,0,neutral,False,SEAS (bernd_bias bug)
XAUUSD,metal,2009-05-29,1,-0.60018,0.20567,SEAS10,-0.80585,0,neutral,False,SEAS (bernd_bias bug)
XAUUSD,metal,2009-06-12,1,-1.2378,0.00099052,SEAS10,-1.2388,0,neutral,False,SEAS (bernd_bias bug)
XAUUSD,metal,2009-06-26,1,-1.1415,0.48989,SEAS10,-1.6314,0,neutral,False,SEAS (bernd_bias bug)
XAUUSD,metal,2009-07-10,1,0.83083,-0.17181,SEAS10,1.0026,0,neutral,False,SEAS (bernd_bias bug)
XAUUSD,metal,2009-07-24,1,0.12071,-0.10875,SEAS10,0.22945,0,neutral,False,SEAS (bernd_bias bug)
XAUUSD,metal,2009-08-07,1,-1.3264,0.043168,SEAS10,-1.3696,0,neutral,False,SEAS (bernd_bias bug)
XAUUSD,metal,2009-08-21,1,1.487,-0.16077,SEAS10,1.6477,-1,against,False,SEAS (bernd_bias bug)
XAUUSD,metal,2009-09-04,1,0.26099,0.068124,SEAS10,0.19287,0,neutral,False,SEAS (bernd_bias bug)
XAUUSD,metal,2009-09-18,1,-0.8676,0.11727,SEAS10,-0.98488,-1,against,False,SEAS (bernd_bias bug)
XAUUSD,metal,2009-10-02,1,1.2929,0.018148,SEAS10,1.2747,-1,against,False,SEAS (bernd_bias bug)
XAUUSD,metal,2009-10-16,1,-0.53096,-0.14207,SEAS10,-0.38889,-1,against,False,SEAS (bernd_bias bug)
XAUUSD,metal,2009-10-30,1,1.8456,-0.11223,SEAS10,1.9579,-1,against,False,SEAS (bernd_bias bug)
XAUUSD,metal,2009-11-16,1,1.2752,0.30048,SEAS10,0.97472,-1,against,False,SEAS (bernd_bias bug)
XAUUSD,metal,2009-11-30,1,-1.1746,-0.3388,SEAS10,-0.83585,-1,against,False,SEAS (bernd_bias bug)
XAUUSD,metal,2009-12-14,1,-0.33606,0.20715,SEAS10,-0.54321,-1,against,False,SEAS (bernd_bias bug)
XAUUSD,metal,2009-12-29,1,0.20236,-0.11763,SEAS10,0.31999,-1,against,False,SEAS (bernd_bias bug)
XAUUSD,metal,2010-01-13,1,-1.205,-0.22236,SEAS10,-0.98266,-1,against,False,SEAS (bernd_bias bug)
XAUUSD,metal,2010-01-27,1,-1.223,-0.239,SEAS10,-0.98404,-1,against,False,SEAS (bernd_bias bug)
XAUUSD,metal,2010-02-10,1,0.33138,-0.22931,SEAS10,0.56069,0,neutral,False,SEAS (bernd_bias bug)
XAUUSD,metal,2010-02-24,1,0.0868,0.057706,SEAS10,0.029094,0,neutral,False,SEAS (bernd_bias bug)
XAUUSD,metal,2010-03-10,1,-0.77541,0.029397,SEAS10,-0.80481,0,neutral,False,SEAS (bernd_bias bug)
XAUUSD,metal,2010-03-24,1,0.58809,0.13582,SEAS10,0.45227,0,neutral,False,SEAS (bernd_bias bug)
XAUUSD,metal,2010-04-07,1,-0.23248,-0.22297,SEAS10,-0.0095168,0,neutral,False,SEAS (bernd_bias bug)
XAUUSD,metal,2010-04-21,1,0.76842,-0.25406,SEAS10,1.0225,-1,against,False,SEAS (bernd_bias bug)
XAUUSD,metal,2010-05-06,1,0.21837,-0.077809,SEAS10,0.29618,-1,against,False,SEAS (bernd_bias bug)
XAUUSD,metal,2010-05-20,1,0.43819,-0.17115,SEAS10,0.60934,-1,against,False,SEAS (bernd_bias bug)
XAUUSD,metal,2010-06-03,1,-0.11579,0.21923,SEAS10,-0.33503,-1,against,False,SEAS (bernd_bias bug)
XAUUSD,metal,2010-06-17,1,0.049231,-0.054436,SEAS10,0.10367,-1,against,False,SEAS (bernd_bias bug)
XAUUSD,metal,2010-07-01,1,-1.0004,-0.24298,SEAS10,-0.75745,-1,against,False,SEAS (bernd_bias bug)
XAUUSD,metal,2010-07-15,1,-1.2373,0.061644,SEAS10,-1.2989,0,neutral,False,SEAS (bernd_bias bug)
XAUUSD,metal,2010-07-29,1,0.62214,-0.22775,SEAS10,0.84989,0,neutral,False,SEAS (bernd_bias bug)
XAUUSD,metal,2010-08-12,1,0.91602,0.18699,SEAS10,0.72903,0,neutral,False,SEAS (bernd_bias bug)
XAUUSD,metal,2010-08-26,1,0.19137,-0.46837,SEAS10,0.65975,0,neutral,False,SEAS (bernd_bias bug)
XAUUSD,metal,2010-09-09,1,1.0794,0.034333,SEAS10,1.0451,-1,against,False,SEAS (bernd_bias bug)
XAUUSD,metal,2010-09-23,1,1.9751,-0.23886,SEAS10,2.2139,-1,against,False,SEAS (bernd_bias bug)
XAUUSD,metal,2010-10-08,1,-0.78319,-0.041383,SEAS10,-0.74181,-1,against,False,SEAS (bernd_bias bug)
XAUUSD,metal,2010-10-22,1,1.5236,-0.10966,SEAS10,1.6333,-1,against,False,SEAS (bernd_bias bug)
XAUUSD,metal,2010-11-05,1,-1.2049,-0.21921,SEAS10,-0.98572,-1,against,False,SEAS (bernd_bias bug)
XAUUSD,metal,2010-11-22,1,0.86196,-0.47583,SEAS10,1.3378,-1,against,False,SEAS (bernd_bias bug)
XAUUSD,metal,2010-12-06,1,-1.2063,-0.002095,SEAS10,-1.2042,-1,against,False,SEAS (bernd_bias bug)
XAUUSD,metal,2010-12-21,1,0.46127,0.0039585,SEAS10,0.45731,-1,against,False,SEAS (bernd_bias bug)
XAUUSD,metal,2011-01-04,1,-1.0006,-0.030922,SEAS10,-0.96966,0,neutral,False,SEAS (bernd_bias bug)
XAUUSD,metal,2011-01-18,1,-1.1976,0.049456,SEAS10,-1.2471,0,neutral,False,SEAS (bernd_bias bug)
XAUUSD,metal,2011-02-01,1,0.39316,-0.010593,SEAS10,0.40375,0,neutral,False,SEAS (bernd_bias bug)
XAUUSD,metal,2011-02-15,1,0.98437,0.42872,SEAS10,0.55564,0,neutral,False,SEAS (bernd_bias bug)
XAUUSD,metal,2011-03-01,1,0.0070106,0.303,SEAS10,-0.29599,0,neutral,False,SEAS (bernd_bias bug)
XAUUSD,metal,2011-03-15,1,-1.0299,0.11756,SEAS10,-1.1475,0,neutral,False,SEAS (bernd_bias bug)
XAUUSD,metal,2011-03-29,1,0.77152,-0.19637,SEAS10,0.96789,0,neutral,False,SEAS (bernd_bias bug)
XAUUSD,metal,2011-04-12,1,0.81119,-0.19554,SEAS10,1.0067,0,neutral,False,SEAS (bernd_bias bug)
XAUUSD,metal,2011-04-27,1,-1.2954,0.11382,SEAS10,-1.4093,-1,against,False,SEAS (bernd_bias bug)
XAUUSD,metal,2011-05-12,1,0.28873,0.14394,SEAS10,0.14478,0,neutral,False,SEAS (bernd_bias bug)
XAUUSD,metal,2011-05-26,1,-0.012636,-0.014661,SEAS10,0.0020254,0,neutral,False,SEAS (bernd_bias bug)
XAUUSD,metal,2011-06-09,1,-0.011584,0.063249,SEAS10,-0.074833,0,neutral,False,SEAS (bernd_bias bug)
XAUUSD,metal,2011-06-23,1,-1.0319,0.0037362,SEAS10,-1.0356,0,neutral,False,SEAS (bernd_bias bug)
XAUUSD,metal,2011-07-08,1,1.2764,0.26889,SEAS10,1.0075,0,neutral,False,SEAS (bernd_bias bug)
XAUUSD,metal,2011-07-22,1,0.89727,-0.43876,SEAS10,1.336,0,neutral,False,SEAS (bernd_bias bug)
XAUUSD,metal,2011-08-05,1,2.9796,-0.094557,SEAS10,3.0742,-1,against,False,SEAS (bernd_bias bug)
XAUUSD,metal,2011-08-19,1,-1.0671,-0.48391,SEAS10,-0.58321,0,neutral,False,SEAS (bernd_bias bug)
XAUUSD,metal,2011-09-02,1,-0.48462,0.30031,SEAS10,-0.78493,0,neutral,False,SEAS (bernd_bias bug)
XAUUSD,metal,2011-09-16,1,-1.0665,-0.173,SEAS10,-0.8935,0,neutral,False,SEAS (bernd_bias bug)
XAUUSD,metal,2011-09-30,1,0.32101,-0.18061,SEAS10,0.50162,0,neutral,False,SEAS (bernd_bias bug)
XAUUSD,metal,2011-10-14,1,0.58796,0.33424,SEAS10,0.25372,0,neutral,False,SEAS (bernd_bias bug)
XAUUSD,metal,2011-10-28,1,0.0017035,0.25726,SEAS10,-0.25555,0,neutral,False,SEAS (bernd_bias bug)
XAUUSD,metal,2011-11-11,1,-1.1365,-0.14133,SEAS10,-0.99514,0,neutral,False,SEAS (bernd_bias bug)
XAUUSD,metal,2011-11-25,1,0.019583,0.096651,SEAS10,-0.077067,0,neutral,False,SEAS (bernd_bias bug)
XAUUSD,metal,2011-12-09,1,-1.0717,-0.23525,SEAS10,-0.83642,0,neutral,False,SEAS (bernd_bias bug)
XAUUSD,metal,2011-12-23,1,-1.0936,0.0088826,SEAS10,-1.1025,0,neutral,False,SEAS (bernd_bias bug)
XAUUSD,metal,2012-01-10,1,0.80409,-0.1031,SEAS10,0.90719,1,agree,False,SEAS (bernd_bias bug)
XAUUSD,metal,2012-01-24,1,0.62532,-0.10551,SEAS10,0.73083,0,neutral,False,SEAS (bernd_bias bug)
XAUUSD,metal,2012-02-07,1,0.026097,-0.024465,SEAS10,0.050561,0,neutral,False,SEAS (bernd_bias bug)
XAUUSD,metal,2012-02-21,1,-1.2562,-0.14801,SEAS10,-1.1082,0,neutral,False,SEAS (bernd_bias bug)
XAUUSD,metal,2012-03-07,1,-0.6263,-0.20794,SEAS10,-0.41837,0,neutral,False,SEAS (bernd_bias bug)
XAUUSD,metal,2012-03-21,1,-0.26934,-0.0088702,SEAS10,-0.26047,0,neutral,False,SEAS (bernd_bias bug)
XAUUSD,metal,2012-04-04,1,-0.32185,-0.095035,SEAS10,-0.22681,0,neutral,False,SEAS (bernd_bias bug)
XAUUSD,metal,2012-04-19,1,-0.010123,-0.29663,SEAS10,0.28651,1,agree,False,SEAS (bernd_bias bug)
XAUUSD,metal,2012-05-03,1,-1.1066,-0.24272,SEAS10,-0.86389,1,agree,False,SEAS (bernd_bias bug)
XAUUSD,metal,2012-05-17,1,0.29729,-0.33028,SEAS10,0.62757,1,agree,False,SEAS (bernd_bias bug)
XAUUSD,metal,2012-05-31,1,0.81812,0.038418,SEAS10,0.7797,1,agree,False,SEAS (bernd_bias bug)
XAUUSD,metal,2012-06-14,1,-0.9022,-0.17554,SEAS10,-0.72667,1,agree,False,SEAS (bernd_bias bug)
XAUUSD,metal,2012-06-28,1,-0.15606,-0.24195,SEAS10,0.085882,1,agree,False,SEAS (bernd_bias bug)
XAUUSD,metal,2012-07-12,1,0.36111,-0.40557,SEAS10,0.76668,0,neutral,False,SEAS (bernd_bias bug)
XAUUSD,metal,2012-07-26,1,-0.051801,-0.43914,SEAS10,0.38734,1,agree,False,SEAS (bernd_bias bug)
XAUUSD,metal,2012-08-09,1,0.7825,-0.26908,SEAS10,1.0516,1,agree,False,SEAS (bernd_bias bug)
XAUUSD,metal,2012-08-23,1,0.82841,-0.14822,SEAS10,0.97663,1,agree,False,SEAS (bernd_bias bug)
XAUUSD,metal,2012-09-06,1,1.9159,-0.29006,SEAS10,2.206,0,neutral,False,SEAS (bernd_bias bug)
XAUUSD,metal,2012-09-20,1,-0.066013,-0.041395,SEAS10,-0.024618,0,neutral,False,SEAS (bernd_bias bug)
XAUUSD,metal,2012-10-04,1,-1.1978,-0.3948,SEAS10,-0.80304,0,neutral,False,SEAS (bernd_bias bug)
XAUUSD,metal,2012-10-18,1,-1.0934,-0.17453,SEAS10,-0.91891,0,neutral,False,SEAS (bernd_bias bug)
XAUUSD,metal,2012-11-01,1,-1.0206,-0.3984,SEAS10,-0.62222,0,neutral,False,SEAS (bernd_bias bug)
XAUUSD,metal,2012-11-15,1,-0.4571,-0.27903,SEAS10,-0.17807,0,neutral,False,SEAS (bernd_bias bug)
XAUUSD,metal,2012-11-29,1,-0.48052,-0.011515,SEAS10,-0.46901,0,neutral,False,SEAS (bernd_bias bug)
XAUUSD,metal,2012-12-13,1,-1.1012,-0.48841,SEAS10,-0.61279,0,neutral,False,SEAS (bernd_bias bug)
XAUUSD,metal,2012-12-27,1,0.072043,-0.28423,SEAS10,0.35627,0,neutral,False,SEAS (bernd_bias bug)
XAUUSD,metal,2013-01-11,1,-0.46337,-0.67058,SEAS10,0.20722,0,neutral,False,SEAS (bernd_bias bug)
XAUUSD,metal,2013-01-25,1,-0.21227,-0.22881,SEAS10,0.016536,0,neutral,False,SEAS (bernd_bias bug)
XAUUSD,metal,2013-02-08,1,-1.1663,-0.33293,SEAS10,-0.8334,0,neutral,False,SEAS (bernd_bias bug)
XAUUSD,metal,2013-02-22,1,-0.22327,-0.6939,SEAS10,0.47062,1,agree,False,SEAS (bernd_bias bug)
XAUUSD,metal,2013-03-08,1,0.5534,-0.34952,SEAS10,0.90291,1,agree,False,SEAS (bernd_bias bug)
XAUUSD,metal,2013-03-22,1,-1.2499,-0.45084,SEAS10,-0.79902,1,agree,False,SEAS (bernd_bias bug)
XAUUSD,metal,2013-04-05,1,-1.1943,-0.23435,SEAS10,-0.95994,1,agree,False,SEAS (bernd_bias bug)
XAUUSD,metal,2013-04-19,1,0.91947,-0.18093,SEAS10,1.1004,1,agree,False,SEAS (bernd_bias bug)
XAUUSD,metal,2013-05-03,1,-1.1398,-0.24955,SEAS10,-0.8902,1,agree,False,SEAS (bernd_bias bug)
XAUUSD,metal,2013-05-17,1,0.27763,-0.43305,SEAS10,0.71067,1,agree,False,SEAS (bernd_bias bug)
XAUUSD,metal,2013-05-31,1,-0.63932,-0.60777,SEAS10,-0.031549,1,agree,False,SEAS (bernd_bias bug)
XAUUSD,metal,2013-06-14,1,-1.0919,-0.56872,SEAS10,-0.52322,1,agree,False,SEAS (bernd_bias bug)
XAUUSD,metal,2013-06-28,1,1.2334,-0.4712,SEAS10,1.7046,1,agree,False,SEAS (bernd_bias bug)
XAUUSD,metal,2013-07-12,1,0.56361,-0.7026,SEAS10,1.2662,1,agree,False,SEAS (bernd_bias bug)
XAUUSD,metal,2013-07-26,1,-1.1723,-0.13544,SEAS10,-1.0369,1,agree,False,SEAS (bernd_bias bug)
XAUUSD,metal,2013-08-09,1,1.0099,-0.53388,SEAS10,1.5438,1,agree,False,SEAS (bernd_bias bug)
XAUUSD,metal,2013-08-23,1,-0.39734,-0.4928,SEAS10,0.095466,1,agree,False,SEAS (bernd_bias bug)
XAUUSD,metal,2013-09-06,1,-1.1228,-0.40114,SEAS10,-0.7217,0,neutral,False,SEAS (bernd_bias bug)
XAUUSD,metal,2013-09-20,1,-1.0496,-0.48882,SEAS10,-0.5608,0,neutral,False,SEAS (bernd_bias bug)
XAUUSD,metal,2013-10-04,1,-1.1476,-0.30204,SEAS10,-0.84558,1,agree,False,SEAS (bernd_bias bug)
XAUUSD,metal,2013-10-18,1,-0.16066,-0.50382,SEAS10,0.34316,1,agree,False,SEAS (bernd_bias bug)
XAUUSD,metal,2013-11-01,1,-1.1885,-0.48868,SEAS10,-0.69987,1,agree,False,SEAS (bernd_bias bug)
XAUUSD,metal,2013-11-15,1,-1.0869,-0.28362,SEAS10,-0.80325,1,agree,False,SEAS (bernd_bias bug)
XAUUSD,metal,2013-11-29,1,-0.77178,-0.090381,SEAS10,-0.6814,1,agree,False,SEAS (bernd_bias bug)
XAUUSD,metal,2013-12-13,1,-0.54352,-0.39062,SEAS10,-0.1529,1,agree,False,SEAS (bernd_bias bug)
XAUUSD,metal,2013-12-30,1,0.64015,-0.51809,SEAS10,1.1582,1,agree,False,SEAS (bernd_bias bug)
XAUUSD,metal,2014-01-14,1,-0.19575,-0.3564,SEAS10,0.16064,1,agree,False,SEAS (bernd_bias bug)
XAUUSD,metal,2014-01-28,1,0.21128,0.10961,SEAS10,0.10168,1,agree,False,SEAS (bernd_bias bug)
XAUUSD,metal,2014-02-11,1,1.4351,-0.4057,SEAS10,1.8408,1,agree,False,SEAS (bernd_bias bug)
XAUUSD,metal,2014-02-25,1,-0.23916,-0.53282,SEAS10,0.29367,0,neutral,False,SEAS (bernd_bias bug)
XAUUSD,metal,2014-03-11,1,-1.2032,-0.64347,SEAS10,-0.55972,0,neutral,False,SEAS (bernd_bias bug)
XAUUSD,metal,2014-03-25,1,-0.59476,-0.26086,SEAS10,-0.3339,0,neutral,False,SEAS (bernd_bias bug)
XAUUSD,metal,2014-04-08,1,-0.71144,-0.38499,SEAS10,-0.32645,0,neutral,False,SEAS (bernd_bias bug)
XAUUSD,metal,2014-04-23,1,0.40521,-0.39046,SEAS10,0.79567,0,neutral,False,SEAS (bernd_bias bug)
XAUUSD,metal,2014-05-07,1,-0.74375,-0.2757,SEAS10,-0.46805,0,neutral,False,SEAS (bernd_bias bug)
XAUUSD,metal,2014-05-21,1,-1.1923,-0.5104,SEAS10,-0.68189,0,neutral,False,SEAS (bernd_bias bug)
XAUUSD,metal,2014-06-04,1,0.49033,-0.057726,SEAS10,0.54805,0,neutral,False,SEAS (bernd_bias bug)
XAUUSD,metal,2014-06-18,1,1.7896,-0.23928,SEAS10,2.0288,1,agree,False,SEAS (bernd_bias bug)
XAUUSD,metal,2014-07-02,1,-1.429,-0.42857,SEAS10,-1.0005,0,neutral,False,SEAS (bernd_bias bug)
XAUUSD,metal,2014-07-16,1,-0.22985,-0.034097,SEAS10,-0.19575,0,neutral,False,SEAS (bernd_bias bug)
XAUUSD,metal,2014-07-30,1,-0.069727,-0.71007,SEAS10,0.64035,0,neutral,False,SEAS (bernd_bias bug)
XAUUSD,metal,2014-08-13,1,-1.2822,-0.57746,SEAS10,-0.70474,0,neutral,False,SEAS (bernd_bias bug)
XAUUSD,metal,2014-08-27,1,-1.4198,-0.45505,SEAS10,-0.9648,0,neutral,False,SEAS (bernd_bias bug)
XAUUSD,metal,2014-09-10,1,-1.1084,-0.56345,SEAS10,-0.54499,0,neutral,False,SEAS (bernd_bias bug)
XAUUSD,metal,2014-09-24,1,-1.3181,-0.43341,SEAS10,-0.88468,0,neutral,False,SEAS (bernd_bias bug)
XAUUSD,metal,2014-10-08,1,0.90354,-0.37249,SEAS10,1.276,1,agree,False,SEAS (bernd_bias bug)
XAUUSD,metal,2014-10-22,1,-1.2098,-0.25666,SEAS10,-0.95313,0,neutral,False,SEAS (bernd_bias bug)
XAUUSD,metal,2014-11-05,1,-1.0005,-0.44346,SEAS10,-0.55708,0,neutral,False,SEAS (bernd_bias bug)
XAUUSD,metal,2014-11-19,1,-1.2675,-0.47906,SEAS10,-0.78841,1,agree,False,SEAS (bernd_bias bug)
XAUUSD,metal,2014-12-03,1,-0.25625,-0.065837,SEAS10,-0.19041,1,agree,False,SEAS (bernd_bias bug)
XAUUSD,metal,2014-12-17,1,-0.41124,-0.5297,SEAS10,0.11846,0,neutral,False,SEAS (bernd_bias bug)
XAUUSD,metal,2015-01-02,1,1.4944,-0.22991,SEAS10,1.7243,0,neutral,False,SEAS (bernd_bias bug)
XAUUSD,metal,2015-01-16,1,-0.41942,-0.5681,SEAS10,0.14868,0,neutral,False,SEAS (bernd_bias bug)
XAUUSD,metal,2015-01-30,1,-1.1004,-0.4162,SEAS10,-0.68415,0,neutral,False,SEAS (bernd_bias bug)
XAUUSD,metal,2015-02-13,1,-0.59933,-0.64839,SEAS10,0.049062,0,neutral,False,SEAS (bernd_bias bug)
XAUUSD,metal,2015-02-27,1,-1.1773,-0.2254,SEAS10,-0.95191,0,neutral,False,SEAS (bernd_bias bug)
XAUUSD,metal,2015-03-13,1,1.1388,-0.73755,SEAS10,1.8763,0,neutral,False,SEAS (bernd_bias bug)
XAUUSD,metal,2015-03-27,1,-0.63576,-0.734,SEAS10,0.098238,1,agree,False,SEAS (bernd_bias bug)
XAUUSD,metal,2015-04-10,1,-0.40182,-0.43616,SEAS10,0.034344,0,neutral,False,SEAS (bernd_bias bug)
XAUUSD,metal,2015-04-24,1,-0.73373,-0.36108,SEAS10,-0.37264,0,neutral,False,SEAS (bernd_bias bug)
XAUUSD,metal,2015-05-08,1,0.28585,-0.61924,SEAS10,0.90509,0,neutral,False,SEAS (bernd_bias bug)
XAUUSD,metal,2015-05-22,1,-1.3731,-0.3051,SEAS10,-1.068,0,neutral,False,SEAS (bernd_bias bug)
XAUUSD,metal,2015-06-05,1,0.45677,-0.52529,SEAS10,0.98205,0,neutral,False,SEAS (bernd_bias bug)
XAUUSD,metal,2015-06-19,1,-1.1471,-0.54903,SEAS10,-0.5981,0,neutral,False,SEAS (bernd_bias bug)
XAUUSD,metal,2015-07-03,1,-1.3188,-0.63052,SEAS10,-0.68824,0,neutral,False,SEAS (bernd_bias bug)
XAUUSD,metal,2015-07-17,1,-1.1099,-0.54353,SEAS10,-0.56642,1,agree,False,SEAS (bernd_bias bug)
XAUUSD,metal,2015-07-31,1,0.44457,-0.29252,SEAS10,0.73709,1,agree,False,SEAS (bernd_bias bug)
XAUUSD,metal,2015-08-14,1,-0.072085,-0.49304,SEAS10,0.42096,1,agree,False,SEAS (bernd_bias bug)
XAUUSD,metal,2015-08-28,1,-0.79533,-0.55937,SEAS10,-0.23596,1,agree,False,SEAS (bernd_bias bug)
XAUUSD,metal,2015-09-11,1,0.98673,-0.42563,SEAS10,1.4124,0,neutral,False,SEAS (bernd_bias bug)
XAUUSD,metal,2015-09-25,1,-1.1398,-0.21133,SEAS10,-0.92847,1,agree,False,SEAS (bernd_bias bug)
XAUUSD,metal,2015-10-09,-1,-1.0228,0.20997,SEAS10,-1.2328,0,neutral,False,SEAS (bernd_bias bug)
XAUUSD,metal,2015-10-23,1,-1.2777,-0.49074,SEAS10,-0.787,0,neutral,False,SEAS (bernd_bias bug)
XAUUSD,metal,2015-11-06,1,-1.3039,-0.22375,SEAS10,-1.0801,0,neutral,False,SEAS (bernd_bias bug)
XAUUSD,metal,2015-11-20,1,-1.3387,-0.40874,SEAS10,-0.92997,0,neutral,False,SEAS (bernd_bias bug)
XAUUSD,metal,2015-12-04,-1,0.35113,0.10993,SEAS10,0.24119,1,against,False,SEAS (bernd_bias bug)
XAUUSD,metal,2015-12-18,1,0.22774,-0.33306,SEAS10,0.5608,1,agree,False,SEAS (bernd_bias bug)
XAUUSD,metal,2016-01-05,1,0.099047,-0.029424,SEAS10,0.12847,1,agree,False,SEAS (bernd_bias bug)
XAUUSD,metal,2016-01-19,1,0.94668,-0.022333,SEAS10,0.96902,0,neutral,False,SEAS (bernd_bias bug)
XAUUSD,metal,2016-02-02,1,2.2612,-0.068822,SEAS10,2.33,0,neutral,False,SEAS (bernd_bias bug)
XAUUSD,metal,2016-02-16,1,0.44321,0.011203,SEAS10,0.43201,0,neutral,False,SEAS (bernd_bias bug)
XAUUSD,metal,2016-03-01,1,-0.29322,-0.040922,SEAS10,-0.2523,0,neutral,False,SEAS (bernd_bias bug)
XAUUSD,metal,2016-03-15,1,-0.15404,-0.06575,SEAS10,-0.088294,-1,against,False,SEAS (bernd_bias bug)
XAUUSD,metal,2016-03-30,1,0.052621,-0.27993,SEAS10,0.33255,-1,against,False,SEAS (bernd_bias bug)
XAUUSD,metal,2016-04-13,1,-0.62006,0.35976,SEAS10,-0.97982,-1,against,False,SEAS (bernd_bias bug)
XAUUSD,metal,2016-04-27,1,0.28111,-0.13809,SEAS10,0.4192,-1,against,False,SEAS (bernd_bias bug)
XAUUSD,metal,2016-05-11,1,-1.3082,-0.32841,SEAS10,-0.97979,-1,against,False,SEAS (bernd_bias bug)
XAUUSD,metal,2016-05-25,1,0.13381,-0.015717,SEAS10,0.14953,-1,against,False,SEAS (bernd_bias bug)
XAUUSD,metal,2016-06-08,1,0.3404,0.23305,SEAS10,0.10735,0,neutral,False,SEAS (bernd_bias bug)
XAUUSD,metal,2016-06-22,1,2.0928,0.026578,SEAS10,2.0663,-1,against,True,SEAS (valid seasonal)
XAUUSD,metal,2016-07-06,1,-0.73526,-0.28348,SEAS10,-0.45179,-1,against,True,SEAS (valid seasonal)
XAUUSD,metal,2016-07-20,1,0.41728,0.12487,SEAS10,0.29241,-1,against,True,SEAS (valid seasonal)
XAUUSD,metal,2016-08-03,1,-0.73653,-0.19627,SEAS10,-0.54026,-1,against,True,SEAS (valid seasonal)
XAUUSD,metal,2016-08-17,1,-1.351,0.14963,SEAS10,-1.5007,-1,against,True,SEAS (valid seasonal)
XAUUSD,metal,2016-08-31,1,-0.19525,-0.025088,SEAS10,-0.17016,-1,against,True,SEAS (valid seasonal)
XAUUSD,metal,2016-09-14,1,-0.16164,-0.26556,SEAS10,0.10392,-1,against,True,SEAS (valid seasonal)
XAUUSD,metal,2016-09-28,1,-1.2102,-0.2493,SEAS10,-0.96086,-1,against,True,SEAS (valid seasonal)
XAUUSD,metal,2016-10-12,1,0.3111,-0.28071,SEAS10,0.5918,0,neutral,True,SEAS (valid seasonal)
XAUUSD,metal,2016-10-26,1,-0.3513,-0.26943,SEAS10,-0.081868,0,neutral,True,SEAS (valid seasonal)
XAUUSD,metal,2016-11-09,1,-1.1158,-0.011002,SEAS10,-1.1048,0,neutral,True,SEAS (valid seasonal)
XAUUSD,metal,2016-11-23,1,-1.154,-0.047535,SEAS10,-1.1065,0,neutral,True,SEAS (valid seasonal)
XAUUSD,metal,2016-12-07,-1,0.81068,-0.26822,SEAS10,1.0789,0,neutral,True,SEAS (valid seasonal)
XAUUSD,metal,2016-12-21,1,0.99033,-0.044474,SEAS10,1.0348,0,neutral,True,SEAS (valid seasonal)
XAUUSD,metal,2017-01-06,1,0.43682,0.023349,SEAS10,0.41347,0,neutral,True,SEAS (valid seasonal)
XAUUSD,metal,2017-01-20,1,-0.043375,-0.16931,SEAS10,0.12593,0,neutral,True,SEAS (valid seasonal)
XAUUSD,metal,2017-02-03,1,0.38982,-0.32042,SEAS10,0.71024,0,neutral,True,SEAS (valid seasonal)
XAUUSD,metal,2017-02-17,1,-0.5708,0.081409,SEAS10,-0.65221,0,neutral,True,SEAS (valid seasonal)
XAUUSD,metal,2017-03-03,1,-1.1416,-0.0038735,SEAS10,-1.1378,0,neutral,True,SEAS (valid seasonal)
XAUUSD,metal,2017-03-17,1,0.20686,-0.066158,SEAS10,0.27302,0,neutral,True,SEAS (valid seasonal)
XAUUSD,metal,2017-03-31,1,1.3798,-0.092304,SEAS10,1.4721,0,neutral,True,SEAS (valid seasonal)
XAUUSD,metal,2017-04-17,1,-1.2788,-0.20658,SEAS10,-1.0722,0,neutral,True,SEAS (valid seasonal)
XAUUSD,metal,2017-05-01,1,-1.0686,-0.21731,SEAS10,-0.85128,0,neutral,True,SEAS (valid seasonal)
XAUUSD,metal,2017-05-15,1,1.1371,-0.17094,SEAS10,1.308,0,neutral,True,SEAS (valid seasonal)
XAUUSD,metal,2017-05-29,1,-0.40873,0.022473,SEAS10,-0.4312,0,neutral,True,SEAS (valid seasonal)
XAUUSD,metal,2017-06-12,1,-1.3056,-0.14236,SEAS10,-1.1633,0,neutral,True,SEAS (valid seasonal)
XAUUSD,metal,2017-06-26,1,-1.2801,0.029172,SEAS10,-1.3093,0,neutral,True,SEAS (valid seasonal)
XAUUSD,metal,2017-07-10,1,1.2624,0.050762,SEAS10,1.2116,0,neutral,True,SEAS (valid seasonal)
XAUUSD,metal,2017-07-24,1,-0.26451,-0.16346,SEAS10,-0.10105,0,neutral,True,SEAS (valid seasonal)
XAUUSD,metal,2017-08-07,1,0.65356,-0.3292,SEAS10,0.98276,0,neutral,True,SEAS (valid seasonal)
XAUUSD,metal,2017-08-21,1,1.2343,-0.20986,SEAS10,1.4442,0,neutral,True,SEAS (valid seasonal)
XAUUSD,metal,2017-09-04,1,-0.89226,-0.062596,SEAS10,-0.82966,0,neutral,True,SEAS (valid seasonal)
XAUUSD,metal,2017-09-18,1,-1.127,-0.11996,SEAS10,-1.007,0,neutral,True,SEAS (valid seasonal)
XAUUSD,metal,2017-10-02,1,0.44305,-0.38521,SEAS10,0.82826,0,neutral,True,SEAS (valid seasonal)
XAUUSD,metal,2017-10-16,1,-1.0659,-0.26823,SEAS10,-0.79764,0,neutral,True,SEAS (valid seasonal)
XAUUSD,metal,2017-10-30,1,-0.30571,-0.1379,SEAS10,-0.16781,0,neutral,True,SEAS (valid seasonal)
XAUUSD,metal,2017-11-13,1,0.10976,-0.3068,SEAS10,0.41656,0,neutral,True,SEAS (valid seasonal)
XAUUSD,metal,2017-11-27,-1,1.6623,-0.15342,SEAS10,1.8157,0,neutral,True,SEAS (valid seasonal)
XAUUSD,metal,2017-12-11,-1,-1.0383,0.043089,SEAS10,-1.0814,0,neutral,True,SEAS (valid seasonal)
XAUUSD,metal,2017-12-26,1,0.94172,0.074582,SEAS10,0.86714,0,neutral,True,SEAS (valid seasonal)
XAUUSD,metal,2018-01-10,1,0.79119,-0.44035,SEAS10,1.2315,0,neutral,True,SEAS (valid seasonal)
XAUUSD,metal,2018-01-24,1,-1.1809,-0.31686,SEAS10,-0.86406,0,neutral,True,SEAS (valid seasonal)
XAUUSD,metal,2018-02-07,1,-0.012126,-0.54744,SEAS10,0.53531,0,neutral,True,SEAS (valid seasonal)
XAUUSD,metal,2018-02-21,1,-0.18652,-0.48559,SEAS10,0.29907,0,neutral,True,SEAS (valid seasonal)
XAUUSD,metal,2018-03-07,-1,0.82527,0.16095,SEAS10,0.66431,0,neutral,True,SEAS (valid seasonal)
XAUUSD,metal,2018-03-21,1,0.38802,-0.37091,SEAS10,0.75893,0,neutral,True,SEAS (valid seasonal)
XAUUSD,metal,2018-04-05,1,0.197,-0.63648,SEAS10,0.83349,0,neutral,True,SEAS (valid seasonal)
XAUUSD,metal,2018-04-19,1,-1.2053,0.00029277,SEAS10,-1.2056,0,neutral,True,SEAS (valid seasonal)
XAUUSD,metal,2018-05-03,1,-0.90748,-0.52485,SEAS10,-0.38263,0,neutral,True,SEAS (valid seasonal)
XAUUSD,metal,2018-05-17,1,0.032703,-0.44114,SEAS10,0.47384,0,neutral,True,SEAS (valid seasonal)
XAUUSD,metal,2018-05-31,-1,0.03659,0.042082,SEAS10,-0.0054921,0,neutral,True,SEAS (valid seasonal)
XAUUSD,metal,2018-06-14,1,-1.0482,-0.46553,SEAS10,-0.58262,0,neutral,True,SEAS (valid seasonal)
XAUUSD,metal,2018-06-28,1,-0.97395,-0.61182,SEAS10,-0.36213,0,neutral,True,SEAS (valid seasonal)
XAUUSD,metal,2018-07-12,-1,0.40787,0.11232,SEAS10,0.29555,0,neutral,True,SEAS (valid seasonal)
XAUUSD,metal,2018-07-26,1,-1.2723,-0.38236,SEAS10,-0.88994,0,neutral,True,SEAS (valid seasonal)
XAUUSD,metal,2018-08-09,1,-1.1785,-0.31205,SEAS10,-0.86645,1,agree,True,SEAS (valid seasonal)
XAUUSD,metal,2018-08-23,1,-0.37578,-0.4295,SEAS10,0.053719,1,agree,True,SEAS (valid seasonal)
XAUUSD,metal,2018-09-06,1,-0.12573,-0.57677,SEAS10,0.45105,1,agree,True,SEAS (valid seasonal)
XAUUSD,metal,2018-09-20,-1,0.24258,-0.17669,SEAS10,0.41927,1,against,True,SEAS (valid seasonal)
XAUUSD,metal,2018-10-04,1,0.58662,-0.71897,SEAS10,1.3056,1,agree,True,SEAS (valid seasonal)
XAUUSD,metal,2018-10-18,-1,0.24058,0.029566,SEAS10,0.21102,1,against,True,SEAS (valid seasonal)
XAUUSD,metal,2018-11-01,1,-0.53598,-0.36674,SEAS10,-0.16924,1,agree,True,SEAS (valid seasonal)
XAUUSD,metal,2018-11-15,1,-0.016497,-0.45206,SEAS10,0.43556,1,agree,True,SEAS (valid seasonal)
XAUUSD,metal,2018-11-29,1,0.61741,-0.48413,SEAS10,1.1015,1,agree,True,SEAS (valid seasonal)
XAUUSD,metal,2018-12-13,-1,-1.03,-0.026704,SEAS10,-1.0033,0,neutral,True,SEAS (valid seasonal)
XAUUSD,metal,2018-12-28,1,-0.021977,-0.33016,SEAS10,0.30818,0,neutral,True,SEAS (valid seasonal)
XAUUSD,metal,2019-01-14,1,0.18971,-0.23161,SEAS10,0.42132,0,neutral,True,SEAS (valid seasonal)
XAUUSD,metal,2019-01-28,1,0.023271,-0.11398,SEAS10,0.13725,0,neutral,True,SEAS (valid seasonal)
XAUUSD,metal,2019-02-11,1,0.14887,-0.11516,SEAS10,0.26403,0,neutral,True,SEAS (valid seasonal)
XAUUSD,metal,2019-02-25,-1,1.3447,-0.17825,SEAS10,1.523,0,neutral,True,SEAS (valid seasonal)
XAUUSD,metal,2019-03-11,-1,-0.65312,-0.25033,SEAS10,-0.4028,0,neutral,True,SEAS (valid seasonal)
XAUUSD,metal,2019-03-25,1,-1.1542,0.07969,SEAS10,-1.2339,0,neutral,True,SEAS (valid seasonal)
XAUUSD,metal,2019-04-08,1,-1.2358,0.16619,SEAS10,-1.402,0,neutral,True,SEAS (valid seasonal)
XAUUSD,metal,2019-04-23,1,-0.29841,-0.076936,SEAS10,-0.22148,0,neutral,True,SEAS (valid seasonal)
XAUUSD,metal,2019-05-07,-1,-1.0308,0.047295,SEAS10,-1.0781,0,neutral,True,SEAS (valid seasonal)
XAUUSD,metal,2019-05-21,1,1.7087,-0.051399,SEAS10,1.7601,0,neutral,True,SEAS (valid seasonal)
XAUUSD,metal,2019-06-04,-1,-1.0224,-0.54556,SEAS10,-0.47681,0,neutral,True,SEAS (valid seasonal)
XAUUSD,metal,2019-06-18,-1,-1.0177,-0.18916,SEAS10,-0.82856,0,neutral,True,SEAS (valid seasonal)
XAUUSD,metal,2019-07-02,1,0.47802,0.099469,SEAS10,0.37856,0,neutral,True,SEAS (valid seasonal)
XAUUSD,metal,2019-07-16,-1,-0.28937,-0.36015,SEAS10,0.070777,-1,agree,True,SEAS (valid seasonal)
XAUUSD,metal,2019-07-30,1,1.7447,-0.23139,SEAS10,1.9761,-1,against,True,SEAS (valid seasonal)
XAUUSD,metal,2019-08-13,1,0.094992,-0.1021,SEAS10,0.19709,-1,against,True,SEAS (valid seasonal)
XAUUSD,metal,2019-08-27,1,-0.78883,-0.076437,SEAS10,-0.71239,-1,against,True,SEAS (valid seasonal)
XAUUSD,metal,2019-09-10,1,0.23525,-0.31576,SEAS10,0.55101,-1,against,True,SEAS (valid seasonal)
XAUUSD,metal,2019-09-24,-1,0.64089,-0.36933,SEAS10,1.0102,-1,agree,True,SEAS (valid seasonal)
XAUUSD,metal,2019-10-08,-1,0.16548,-0.3758,SEAS10,0.54128,-1,agree,True,SEAS (valid seasonal)
XAUUSD,metal,2019-10-22,1,0.31929,-0.15488,SEAS10,0.47417,-1,against,True,SEAS (valid seasonal)
XAUUSD,metal,2019-11-05,-1,1.1851,-0.25373,SEAS10,1.4388,-1,agree,True,SEAS (valid seasonal)
XAUUSD,metal,2019-11-19,1,-0.66521,0.034875,SEAS10,-0.70009,-1,against,True,SEAS (valid seasonal)
XAUUSD,metal,2019-12-03,-1,-0.5202,-0.085771,SEAS10,-0.43443,-1,agree,True,SEAS (valid seasonal)
XAUUSD,metal,2019-12-17,1,1.3173,0.41855,SEAS10,0.8988,-1,against,True,SEAS (valid seasonal)
XAUUSD,metal,2020-01-02,1,1.1802,0.25509,SEAS10,0.92512,-1,against,True,SEAS (valid seasonal)
XAUUSD,metal,2020-01-16,1,0.31155,0.32252,SEAS10,-0.01097,-1,against,True,SEAS (valid seasonal)
XAUUSD,metal,2020-01-30,1,-0.56601,-0.15319,SEAS10,-0.41282,-1,against,True,SEAS (valid seasonal)
XAUUSD,metal,2020-02-13,1,2.0727,0.046731,SEAS10,2.026,-1,against,True,SEAS (valid seasonal)
XAUUSD,metal,2020-02-27,-1,-1.0146,-0.3209,SEAS10,-0.69365,-1,agree,True,SEAS (valid seasonal)
XAUUSD,metal,2020-03-12,1,-1.0023,0.29452,SEAS10,-1.2968,-1,against,True,SEAS (valid seasonal)
XAUUSD,metal,2020-03-26,1,0.1718,0.089557,SEAS10,0.082239,0,neutral,True,SEAS (valid seasonal)
XAUUSD,metal,2020-04-09,-1,-0.81527,-0.60008,SEAS10,-0.21519,0,neutral,True,SEAS (valid seasonal)
XAUUSD,metal,2020-04-24,1,-0.3805,-0.074304,SEAS10,-0.30619,0,neutral,True,SEAS (valid seasonal)
XAUUSD,metal,2020-05-08,-1,-0.19534,-0.58384,SEAS10,0.38849,0,neutral,True,SEAS (valid seasonal)
XAUUSD,metal,2020-05-22,1,-0.48405,0.21066,SEAS10,-0.69471,0,neutral,True,SEAS (valid seasonal)
XAUUSD,metal,2020-06-05,-1,-0.2116,-0.71307,SEAS10,0.50147,0,neutral,True,SEAS (valid seasonal)
XAUUSD,metal,2020-06-19,1,0.90213,0.088017,SEAS10,0.81411,0,neutral,True,SEAS (valid seasonal)
XAUUSD,metal,2020-07-03,1,0.19584,-0.26968,SEAS10,0.46551,0,neutral,True,SEAS (valid seasonal)
XAUUSD,metal,2020-07-17,-1,-1.0083,-0.5467,SEAS10,-0.46162,0,neutral,True,SEAS (valid seasonal)
XAUUSD,metal,2020-07-31,1,-1.1761,-0.29814,SEAS10,-0.87799,-1,against,True,SEAS (valid seasonal)
XAUUSD,metal,2020-08-14,1,-0.40473,0.005653,SEAS10,-0.41038,0,neutral,True,SEAS (valid seasonal)
XAUUSD,metal,2020-08-28,-1,-0.16834,-0.48331,SEAS10,0.31497,0,neutral,True,SEAS (valid seasonal)
XAUUSD,metal,2020-09-11,1,-1.1261,0.16945,SEAS10,-1.2956,0,neutral,True,SEAS (valid seasonal)
XAUUSD,metal,2020-09-25,1,0.20929,0.14204,SEAS10,0.067245,0,neutral,True,SEAS (valid seasonal)
XAUUSD,metal,2020-10-09,-1,-0.18058,-0.69401,SEAS10,0.51343,0,neutral,True,SEAS (valid seasonal)
XAUUSD,metal,2020-10-23,1,0.63081,0.6124,SEAS10,0.018415,0,neutral,True,SEAS (valid seasonal)
XAUUSD,metal,2020-11-06,-1,1.524,-0.24204,SEAS10,1.766,0,neutral,True,SEAS (valid seasonal)
XAUUSD,metal,2020-11-20,1,-1.048,0.31304,SEAS10,-1.361,0,neutral,True,SEAS (valid seasonal)
XAUUSD,metal,2020-12-04,-1,-0.74014,-0.25521,SEAS10,-0.48493,0,neutral,True,SEAS (valid seasonal)
XAUUSD,metal,2020-12-18,1,-0.0066232,0.56354,SEAS10,-0.57017,0,neutral,True,SEAS (valid seasonal)
XAUUSD,metal,2021-01-04,1,-1.0873,-0.46089,SEAS10,-0.62643,-1,against,True,SEAS (valid seasonal)
XAUUSD,metal,2021-01-18,1,0.15843,-0.062617,SEAS10,0.22105,0,neutral,True,SEAS (valid seasonal)
XAUUSD,metal,2021-02-01,1,-1.0553,-0.228,SEAS10,-0.82725,0,neutral,True,SEAS (valid seasonal)
XAUUSD,metal,2021-02-15,1,-1.0283,-0.33536,SEAS10,-0.69293,0,neutral,True,SEAS (valid seasonal)
XAUUSD,metal,2021-03-01,-1,0.096396,-0.15862,SEAS10,0.25502,0,neutral,True,SEAS (valid seasonal)
XAUUSD,metal,2021-03-15,1,-0.10263,-0.14879,SEAS10,0.046165,0,neutral,True,SEAS (valid seasonal)
XAUUSD,metal,2021-03-29,1,-1.0292,-0.032164,SEAS10,-0.99706,0,neutral,True,SEAS (valid seasonal)
XAUUSD,metal,2021-04-13,1,0.87986,0.073103,SEAS10,0.80676,0,neutral,True,SEAS (valid seasonal)
XAUUSD,metal,2021-04-27,1,0.92022,-0.010701,SEAS10,0.93092,0,neutral,True,SEAS (valid seasonal)
XAUUSD,metal,2021-05-11,-1,-1.0115,-0.01984,SEAS10,-0.99169,0,neutral,True,SEAS (valid seasonal)
XAUUSD,metal,2021-05-25,-1,-0.41779,-0.0036357,SEAS10,-0.41415,0,neutral,True,SEAS (valid seasonal)
XAUUSD,metal,2021-06-08,-1,2.4349,0.12753,SEAS10,2.3073,0,neutral,True,SEAS (valid seasonal)
XAUUSD,metal,2021-06-22,1,-0.048317,-0.37404,SEAS10,0.32572,0,neutral,True,SEAS (valid seasonal)
XAUUSD,metal,2021-07-06,1,0.1911,0.083942,SEAS10,0.10715,0,neutral,True,SEAS (valid seasonal)
XAUUSD,metal,2021-07-20,1,-0.29545,-0.28304,SEAS10,-0.012408,0,neutral,True,SEAS (valid seasonal)
XAUUSD,metal,2021-08-03,1,-1.0932,-0.3225,SEAS10,-0.7707,0,neutral,True,SEAS (valid seasonal)
XAUUSD,metal,2021-08-17,1,0.23581,-0.24403,SEAS10,0.47983,0,neutral,True,SEAS (valid seasonal)
XAUUSD,metal,2021-08-31,-1,0.33092,-0.15929,SEAS10,0.49021,0,neutral,True,SEAS (valid seasonal)
XAUUSD,metal,2021-09-14,1,-1.0787,-0.19237,SEAS10,-0.88635,0,neutral,True,SEAS (valid seasonal)
XAUUSD,metal,2021-09-28,-1,-0.096585,0.16208,SEAS10,-0.25867,0,neutral,True,SEAS (valid seasonal)
XAUUSD,metal,2021-10-12,-1,-1.0145,0.28825,SEAS10,-1.3027,0,neutral,True,SEAS (valid seasonal)
XAUUSD,metal,2021-10-26,1,-1.1587,-0.027151,SEAS10,-1.1316,0,neutral,True,SEAS (valid seasonal)
XAUUSD,metal,2021-11-09,-1,-1.0034,0.22171,SEAS10,-1.2252,0,neutral,True,SEAS (valid seasonal)
XAUUSD,metal,2021-11-23,-1,0.61421,0.28043,SEAS10,0.33378,0,neutral,True,SEAS (valid seasonal)
XAUUSD,metal,2021-12-07,-1,-0.2333,0.12118,SEAS10,-0.35448,0,neutral,True,SEAS (valid seasonal)
XAUUSD,metal,2021-12-21,1,0.27399,-0.15979,SEAS10,0.43378,0,neutral,True,SEAS (valid seasonal)
XAUUSD,metal,2022-01-05,1,-0.337,0.036291,SEAS10,-0.37329,0,neutral,True,SEAS (valid seasonal)
XAUUSD,metal,2022-01-19,1,-0.72017,-0.37502,SEAS10,-0.34515,0,neutral,True,SEAS (valid seasonal)
XAUUSD,metal,2022-02-02,1,1.0771,0.12719,SEAS10,0.94991,0,neutral,True,SEAS (valid seasonal)
XAUUSD,metal,2022-02-16,1,1.8227,-0.46731,SEAS10,2.2901,0,neutral,True,SEAS (valid seasonal)
XAUUSD,metal,2022-03-02,-1,-1.007,-0.11701,SEAS10,-0.89002,0,neutral,True,SEAS (valid seasonal)
XAUUSD,metal,2022-03-16,-1,0.0072198,-0.0094098,SEAS10,0.01663,0,neutral,True,SEAS (valid seasonal)
XAUUSD,metal,2022-03-30,1,0.43312,-0.41739,SEAS10,0.85051,0,neutral,True,SEAS (valid seasonal)
XAUUSD,metal,2022-04-13,-1,1.4976,0.12601,SEAS10,1.3715,0,neutral,True,SEAS (valid seasonal)
XAUUSD,metal,2022-04-28,-1,0.65704,0.091996,SEAS10,0.56504,0,neutral,True,SEAS (valid seasonal)
XAUUSD,metal,2022-05-12,1,-1.0511,0.21266,SEAS10,-1.2638,0,neutral,True,SEAS (valid seasonal)
XAUUSD,metal,2022-05-26,-1,-0.009852,-0.028011,SEAS10,0.01816,0,neutral,True,SEAS (valid seasonal)
XAUUSD,metal,2022-06-09,-1,0.3102,-0.068955,SEAS10,0.37916,1,against,True,SEAS (valid seasonal)
XAUUSD,metal,2022-06-23,1,-1.1427,-0.15383,SEAS10,-0.98885,1,agree,True,SEAS (valid seasonal)
XAUUSD,metal,2022-07-07,1,-1.0096,-0.032659,SEAS10,-0.97696,1,agree,True,SEAS (valid seasonal)
XAUUSD,metal,2022-07-21,1,1.2947,-0.16111,SEAS10,1.4558,1,agree,True,SEAS (valid seasonal)
XAUUSD,metal,2022-08-04,1,-0.25876,-0.23193,SEAS10,-0.026831,1,agree,True,SEAS (valid seasonal)
XAUUSD,metal,2022-08-18,1,-1.235,0.22548,SEAS10,-1.4605,1,agree,True,SEAS (valid seasonal)
XAUUSD,metal,2022-09-01,-1,0.3399,0.2814,SEAS10,0.058505,1,against,True,SEAS (valid seasonal)
XAUUSD,metal,2022-09-15,-1,0.89115,-0.0057039,SEAS10,0.89685,1,against,True,SEAS (valid seasonal)
XAUUSD,metal,2022-09-29,1,0.069245,-0.20536,SEAS10,0.2746,1,agree,True,SEAS (valid seasonal)
XAUUSD,metal,2022-10-13,-1,0.15285,0.30659,SEAS10,-0.15374,1,against,True,SEAS (valid seasonal)
XAUUSD,metal,2022-10-27,1,0.58903,-0.28707,SEAS10,0.8761,1,agree,True,SEAS (valid seasonal)
XAUUSD,metal,2022-11-10,-1,-1.0027,0.030561,SEAS10,-1.0332,1,against,True,SEAS (valid seasonal)
XAUUSD,metal,2022-11-24,-1,-1.0093,0.15253,SEAS10,-1.1619,0,neutral,True,SEAS (valid seasonal)
XAUUSD,metal,2022-12-08,-1,-0.60949,0.023506,SEAS10,-0.633,1,against,True,SEAS (valid seasonal)
XAUUSD,metal,2022-12-22,1,0.83556,0.23877,SEAS10,0.59679,0,neutral,True,SEAS (valid seasonal)
XAUUSD,metal,2023-01-09,1,1.0261,0.082409,SEAS10,0.94372,0,neutral,True,SEAS (valid seasonal)
XAUUSD,metal,2023-01-23,1,-1.2192,-0.19763,SEAS10,-1.0216,0,neutral,True,SEAS (valid seasonal)
XAUUSD,metal,2023-02-06,1,-0.61679,-0.42948,SEAS10,-0.18731,0,neutral,True,SEAS (valid seasonal)
XAUUSD,metal,2023-02-20,1,0.063044,0.070307,SEAS10,-0.0072626,0,neutral,True,SEAS (valid seasonal)
XAUUSD,metal,2023-03-06,-1,-1.0124,0.21215,SEAS10,-1.2245,0,neutral,True,SEAS (valid seasonal)
XAUUSD,metal,2023-03-20,-1,0.30287,0.21081,SEAS10,0.092057,0,neutral,True,SEAS (valid seasonal)
XAUUSD,metal,2023-04-03,1,0.23582,0.50594,SEAS10,-0.27012,0,neutral,True,SEAS (valid seasonal)
XAUUSD,metal,2023-04-18,-1,0.18293,-0.19552,SEAS10,0.37845,0,neutral,True,SEAS (valid seasonal)
XAUUSD,metal,2023-05-02,1,0.38063,-0.19181,SEAS10,0.57243,0,neutral,True,SEAS (valid seasonal)
XAUUSD,metal,2023-05-16,1,-1.0528,0.02339,SEAS10,-1.0762,0,neutral,True,SEAS (valid seasonal)
XAUUSD,metal,2023-05-30,1,0.037814,-0.11236,SEAS10,0.15018,0,neutral,True,SEAS (valid seasonal)
XAUUSD,metal,2023-06-13,-1,0.67433,-0.21356,SEAS10,0.88789,0,neutral,True,SEAS (valid seasonal)
XAUUSD,metal,2023-06-27,1,-0.21727,-0.14522,SEAS10,-0.072045,0,neutral,True,SEAS (valid seasonal)
XAUUSD,metal,2023-07-11,1,0.42103,0.14563,SEAS10,0.2754,0,neutral,True,SEAS (valid seasonal)
XAUUSD,metal,2023-07-25,1,-0.83278,0.0072557,SEAS10,-0.84003,0,neutral,True,SEAS (valid seasonal)
XAUUSD,metal,2023-08-08,1,-1.1677,-0.23962,SEAS10,-0.92812,0,neutral,True,SEAS (valid seasonal)
XAUUSD,metal,2023-08-22,1,0.90424,0.65487,SEAS10,0.24938,0,neutral,True,SEAS (valid seasonal)
XAUUSD,metal,2023-09-05,-1,0.15214,-0.3636,SEAS10,0.51574,0,neutral,True,SEAS (valid seasonal)
XAUUSD,metal,2023-09-19,-1,3.6285,-0.21879,SEAS10,3.8472,0,neutral,True,SEAS (valid seasonal)
XAUUSD,metal,2023-10-03,-1,-1.0137,-0.13686,SEAS10,-0.87683,0,neutral,True,SEAS (valid seasonal)
XAUUSD,metal,2023-10-17,-1,-1.0065,0.23212,SEAS10,-1.2386,1,against,True,SEAS (valid seasonal)
XAUUSD,metal,2023-10-31,1,-1.1851,-0.15741,SEAS10,-1.0277,0,neutral,True,SEAS (valid seasonal)
XAUUSD,metal,2023-11-14,-1,-1.0102,0.16288,SEAS10,-1.1731,0,neutral,True,SEAS (valid seasonal)
XAUUSD,metal,2023-11-28,1,-1.0308,0.095012,SEAS10,-1.1258,0,neutral,True,SEAS (valid seasonal)
XAUUSD,metal,2023-12-12,1,1.2546,-0.24501,SEAS10,1.4996,0,neutral,True,SEAS (valid seasonal)
XAUUSD,metal,2023-12-27,1,-0.92195,-0.14117,SEAS10,-0.78078,0,neutral,True,SEAS (valid seasonal)
XAUUSD,metal,2024-01-11,1,-0.47574,0.31108,SEAS10,-0.78682,0,neutral,True,SEAS (valid seasonal)
XAUUSD,metal,2024-01-25,1,0.16829,0.058655,SEAS10,0.10963,0,neutral,True,SEAS (valid seasonal)
XAUUSD,metal,2024-02-08,1,-1.0828,0.42918,SEAS10,-1.512,0,neutral,True,SEAS (valid seasonal)
XAUUSD,metal,2024-02-22,-1,-1.0162,-0.41427,SEAS10,-0.6019,0,neutral,True,SEAS (valid seasonal)
XAUUSD,metal,2024-03-07,-1,-1.0061,-0.4204,SEAS10,-0.58573,0,neutral,True,SEAS (valid seasonal)
XAUUSD,metal,2024-03-21,1,1.8047,0.1204,SEAS10,1.6843,0,neutral,True,SEAS (valid seasonal)
XAUUSD,metal,2024-04-05,1,1.2483,0.41887,SEAS10,0.82944,0,neutral,True,SEAS (valid seasonal)
XAUUSD,metal,2024-04-19,1,-1.0359,0.34778,SEAS10,-1.3837,0,neutral,True,SEAS (valid seasonal)
XAUUSD,metal,2024-05-03,-1,-1.0104,-0.23616,SEAS10,-0.77421,0,neutral,True,SEAS (valid seasonal)
XAUUSD,metal,2024-05-17,1,-0.66017,0.084424,SEAS10,-0.74459,0,neutral,True,SEAS (valid seasonal)
XAUUSD,metal,2024-05-31,1,-0.76815,0.20315,SEAS10,-0.97129,-1,against,True,SEAS (valid seasonal)
XAUUSD,metal,2024-06-14,-1,-0.33169,-0.4755,SEAS10,0.14381,-1,agree,True,SEAS (valid seasonal)
XAUUSD,metal,2024-06-28,1,1.1155,0.36553,SEAS10,0.75,-1,against,True,SEAS (valid seasonal)
XAUUSD,metal,2024-07-12,1,-1.2076,0.3881,SEAS10,-1.5957,-1,against,True,SEAS (valid seasonal)
XAUUSD,metal,2024-07-26,1,0.74978,0.21309,SEAS10,0.53669,-1,against,True,SEAS (valid seasonal)
XAUUSD,metal,2024-08-09,1,0.55311,0.20143,SEAS10,0.35167,-1,against,True,SEAS (valid seasonal)
XAUUSD,metal,2024-08-23,1,0.23697,0.36366,SEAS10,-0.12669,-1,against,True,SEAS (valid seasonal)
XAUUSD,metal,2024-09-06,-1,-1.0096,-0.51569,SEAS10,-0.49395,-1,agree,True,SEAS (valid seasonal)
XAUUSD,metal,2024-09-20,-1,-1.0066,-0.45064,SEAS10,-0.55594,-1,agree,True,SEAS (valid seasonal)
XAUUSD,metal,2024-10-04,1,0.37436,-0.18415,SEAS10,0.55851,-1,against,True,SEAS (valid seasonal)
XAUUSD,metal,2024-10-18,-1,-1.0072,-0.25307,SEAS10,-0.75415,-1,agree,True,SEAS (valid seasonal)
XAUUSD,metal,2024-11-01,1,-1.0595,0.054906,SEAS10,-1.1144,-1,against,True,SEAS (valid seasonal)
XAUUSD,metal,2024-11-15,-1,-1.0055,-0.22397,SEAS10,-0.78155,0,neutral,True,SEAS (valid seasonal)
XAUUSD,metal,2024-11-29,-1,-0.49227,-0.38791,SEAS10,-0.10437,0,neutral,True,SEAS (valid seasonal)
XAUUSD,metal,2024-12-13,1,-1.048,0.40538,SEAS10,-1.4534,-1,against,True,SEAS (valid seasonal)
XAUUSD,metal,2024-12-30,1,0.43044,0.014864,SEAS10,0.41557,-1,against,True,SEAS (valid seasonal)
XAUUSD,metal,2025-01-14,1,1.0184,0.51736,SEAS10,0.50102,0,neutral,True,SEAS (valid seasonal)
XAUUSD,metal,2025-01-28,1,2.6016,0.76058,SEAS10,1.8411,-1,against,True,SEAS (valid seasonal)
XAUUSD,metal,2025-02-11,1,0.41091,0.42149,SEAS10,-0.010575,-1,against,True,SEAS (valid seasonal)
XAUUSD,metal,2025-02-25,-1,0.81717,-0.69275,SEAS10,1.5099,-1,agree,True,SEAS (valid seasonal)
XAUUSD,metal,2025-03-11,1,1.3507,0.75933,SEAS10,0.59142,0,neutral,True,SEAS (valid seasonal)
XAUUSD,metal,2025-03-25,1,-0.50521,0.71979,SEAS10,-1.225,-1,against,True,SEAS (valid seasonal)
XAUUSD,metal,2025-04-08,-1,-1.0038,-0.77766,SEAS10,-0.22614,0,neutral,True,SEAS (valid seasonal)
XAUUSD,metal,2025-04-23,1,0.62973,0.25386,SEAS10,0.37587,0,neutral,True,SEAS (valid seasonal)
XAUUSD,metal,2025-05-07,-1,0.74012,-0.54924,SEAS10,1.2894,0,neutral,True,SEAS (valid seasonal)
XAUUSD,metal,2025-05-21,-1,-0.35738,-0.20252,SEAS10,-0.15486,0,neutral,True,SEAS (valid seasonal)
XAUUSD,metal,2025-06-04,-1,-0.22913,-0.50042,SEAS10,0.27128,0,neutral,True,SEAS (valid seasonal)
XAUUSD,metal,2025-06-18,-1,0.47904,-0.584,SEAS10,1.063,0,neutral,True,SEAS (valid seasonal)
XAUUSD,metal,2025-07-02,1,-0.25695,0.54887,SEAS10,-0.80583,0,neutral,True,SEAS (valid seasonal)
XAUUSD,metal,2025-07-16,1,-0.14435,0.64139,SEAS10,-0.78574,0,neutral,True,SEAS (valid seasonal)
XAUUSD,metal,2025-07-30,1,0.11263,0.32114,SEAS10,-0.20852,0,neutral,True,SEAS (valid seasonal)
XAUUSD,metal,2025-08-13,1,0.32099,0.59103,SEAS10,-0.27004,0,neutral,True,SEAS (valid seasonal)
XAUUSD,metal,2025-08-27,-1,-1.0078,-0.4549,SEAS10,-0.55295,0,neutral,True,SEAS (valid seasonal)
XAUUSD,metal,2025-09-10,-1,-1.0118,-0.43928,SEAS10,-0.57249,0,neutral,True,SEAS (valid seasonal)
XAUUSD,metal,2025-09-24,-1,-1.0068,-0.75088,SEAS10,-0.2559,-1,agree,True,SEAS (valid seasonal)
XAUUSD,metal,2025-10-08,1,1.1986,0.51312,SEAS10,0.68544,-1,against,True,SEAS (valid seasonal)
XAUUSD,metal,2025-10-22,1,-1.0305,0.36248,SEAS10,-1.393,-1,against,True,SEAS (valid seasonal)
XAUUSD,metal,2025-11-05,-1,-1.003,-0.3249,SEAS10,-0.67809,-1,agree,True,SEAS (valid seasonal)
XAUUSD,metal,2025-11-19,-1,-1.0051,-0.42988,SEAS10,-0.57522,-1,agree,True,SEAS (valid seasonal)
XAUUSD,metal,2025-12-03,-1,-0.64339,-0.45331,SEAS10,-0.19008,-1,agree,True,SEAS (valid seasonal)
XAUUSD,metal,2025-12-17,1,-0.015429,0.42212,SEAS10,-0.43755,-1,against,True,SEAS (valid seasonal)
XAUUSD,metal,2026-01-02,1,1.8024,-0.38778,SEAS10,2.1902,0,neutral,True,SEAS (valid seasonal)
XAUUSD,metal,2026-01-16,1,4.5024,0.2023,SEAS10,4.3002,0,neutral,True,SEAS (valid seasonal)
XAUUSD,metal,2026-01-30,1,-1.0023,-0.094327,SEAS10,-0.90798,0,neutral,True,SEAS (valid seasonal)
XAUUSD,metal,2026-02-13,1,0.6081,-0.10661,SEAS10,0.71471,0,neutral,True,SEAS (valid seasonal)
XAUUSD,metal,2026-02-27,1,-0.2756,-0.25655,SEAS10,-0.019058,0,neutral,True,SEAS (valid seasonal)
XAUUSD,metal,2026-03-13,1,-1.0149,-0.36016,SEAS10,-0.65473,0,neutral,True,SEAS (valid seasonal)
XAUUSD,metal,2026-03-27,1,0.98225,-0.049929,SEAS10,1.0322,0,neutral,True,SEAS (valid seasonal)
XAUUSD,metal,2026-04-13,-1,-0.11016,-0.13398,SEAS10,0.023824,0,neutral,True,SEAS (valid seasonal)
XAUUSD,metal,2026-04-27,-1,-0.079083,0.19868,SEAS10,-0.27776,0,neutral,True,SEAS (valid seasonal)
XAUUSD,metal,2026-05-11,-1,0.88462,-0.10616,SEAS10,0.99078,0,neutral,True,SEAS (valid seasonal)
XAUUSD,metal,2026-05-25,1,-1.054,-0.19655,SEAS10,-0.85747,0,neutral,True,SEAS (valid seasonal)
XAUUSD,metal,2026-06-08,1,-1.0095,-0.061803,SEAS10,-0.94771,0,neutral,True,SEAS (valid seasonal)
XAUUSD,metal,2026-06-22,-1,-0.083819,0.37579,SEAS10,-0.45961,0,neutral,True,SEAS (valid seasonal)
XAUUSD,metal,2026-07-06,1,-0.74619,0.068909,SEAS10,-0.8151,0,neutral,True,SEAS (valid seasonal)
XAUUSD,metal,2026-07-20,1,0.22061,0.094219,SEAS10,0.12639,0,neutral,True,SEAS (valid seasonal)
XAUUSD,metal,2026-08-03,1,1.6812,0.12231,SEAS10,1.5589,0,neutral,True,SEAS (valid seasonal)
XAUUSD,metal,2026-08-17,1,0.41459,-0.36763,SEAS10,0.78222,0,neutral,True,SEAS (valid seasonal)
XAUUSD,metal,2026-08-31,-1,0.46552,0.32002,SEAS10,0.14551,0,neutral,True,SEAS (valid seasonal)
XAUUSD,metal,2026-09-14,-1,0.23921,0.11647,SEAS10,0.12275,0,neutral,True,SEAS (valid seasonal)
XAUUSD,metal,2026-09-28,1,-1.0431,0.0036941,SEAS10,-1.0468,0,neutral,True,SEAS (valid seasonal)
XAUUSD,metal,2004-07-14,1,-1.6673,-1.5877,SEAS20,-0.07961,0,neutral,False,SEAS (bernd_bias bug)
XAUUSD,metal,2004-08-11,1,-2.206,-1.2829,SEAS20,-0.92312,0,neutral,False,SEAS (bernd_bias bug)
XAUUSD,metal,2004-09-09,1,-0.33726,-1.2642,SEAS20,0.92692,0,neutral,False,SEAS (bernd_bias bug)
XAUUSD,metal,2004-10-07,1,-1.4988,-1.218,SEAS20,-0.28085,0,neutral,False,SEAS (bernd_bias bug)
XAUUSD,metal,2004-11-04,1,-0.29207,-1.4752,SEAS20,1.1831,0,neutral,False,SEAS (bernd_bias bug)
XAUUSD,metal,2004-12-06,1,-1.1265,-1.4753,SEAS20,0.34878,0,neutral,False,SEAS (bernd_bias bug)
XAUUSD,metal,2005-01-05,1,-2.3216,-1.4891,SEAS20,-0.83249,0,neutral,False,SEAS (bernd_bias bug)
XAUUSD,metal,2005-02-02,1,-1.5944,-1.8868,SEAS20,0.29241,0,neutral,False,SEAS (bernd_bias bug)
XAUUSD,metal,2005-03-03,1,-3.1521,-1.506,SEAS20,-1.646,0,neutral,False,SEAS (bernd_bias bug)
XAUUSD,metal,2005-04-01,1,-2.2901,-1.0737,SEAS20,-1.2164,0,neutral,False,SEAS (bernd_bias bug)
XAUUSD,metal,2005-04-29,1,-2.4346,-1.703,SEAS20,-0.73164,0,neutral,False,SEAS (bernd_bias bug)
XAUUSD,metal,2005-05-27,1,-0.34677,-0.88991,SEAS20,0.54314,0,neutral,False,SEAS (bernd_bias bug)
XAUUSD,metal,2005-06-27,1,-1.4417,-1.4076,SEAS20,-0.03409,0,neutral,False,SEAS (bernd_bias bug)
XAUUSD,metal,2005-07-25,1,-1.5351,-1.7584,SEAS20,0.22335,0,neutral,False,SEAS (bernd_bias bug)
XAUUSD,metal,2005-08-22,1,0.30914,-1.3313,SEAS20,1.6405,0,neutral,False,SEAS (bernd_bias bug)
XAUUSD,metal,2005-09-20,1,-1.367,-1.2491,SEAS20,-0.1179,0,neutral,False,SEAS (bernd_bias bug)
XAUUSD,metal,2005-10-18,1,-1.1966,-1.641,SEAS20,0.44436,0,neutral,False,SEAS (bernd_bias bug)
XAUUSD,metal,2005-11-15,1,0.62734,-1.581,SEAS20,2.2083,0,neutral,False,SEAS (bernd_bias bug)
XAUUSD,metal,2005-12-16,1,1.9554,-1.1331,SEAS20,3.0885,0,neutral,False,SEAS (bernd_bias bug)
XAUUSD,metal,2006-01-17,1,-2.0786,-0.21138,SEAS20,-1.8672,0,neutral,False,SEAS (bernd_bias bug)
XAUUSD,metal,2006-02-14,1,-0.51377,-0.70366,SEAS20,0.18989,0,neutral,False,SEAS (bernd_bias bug)
XAUUSD,metal,2006-03-15,1,0.88243,-0.62027,SEAS20,1.5027,0,neutral,False,SEAS (bernd_bias bug)
XAUUSD,metal,2006-04-12,1,4.5394,-0.81759,SEAS20,5.3569,0,neutral,False,SEAS (bernd_bias bug)
XAUUSD,metal,2006-05-11,1,-1.2015,-0.25201,SEAS20,-0.94946,0,neutral,False,SEAS (bernd_bias bug)
XAUUSD,metal,2006-06-09,1,-1.0632,-0.25182,SEAS20,-0.81139,0,neutral,False,SEAS (bernd_bias bug)
XAUUSD,metal,2006-07-07,1,-0.37835,-0.2677,SEAS20,-0.11065,0,neutral,False,SEAS (bernd_bias bug)
XAUUSD,metal,2006-08-04,1,-1.3634,-0.34198,SEAS20,-1.0214,0,neutral,False,SEAS (bernd_bias bug)
XAUUSD,metal,2006-09-01,1,-1.3712,-0.34973,SEAS20,-1.0215,0,neutral,False,SEAS (bernd_bias bug)
XAUUSD,metal,2006-10-03,1,-1.0247,-0.24263,SEAS20,-0.78208,0,neutral,False,SEAS (bernd_bias bug)
XAUUSD,metal,2006-10-31,1,0.30362,-0.63099,SEAS20,0.93461,0,neutral,False,SEAS (bernd_bias bug)
XAUUSD,metal,2006-11-30,1,-1.6173,-0.87408,SEAS20,-0.74319,0,neutral,False,SEAS (bernd_bias bug)
XAUUSD,metal,2006-12-29,1,-1.3792,-0.24693,SEAS20,-1.1322,0,neutral,False,SEAS (bernd_bias bug)
XAUUSD,metal,2007-01-29,1,0.58723,-0.13316,SEAS20,0.72039,0,neutral,False,SEAS (bernd_bias bug)
XAUUSD,metal,2007-02-26,1,-1.0338,-0.86448,SEAS20,-0.16935,0,neutral,False,SEAS (bernd_bias bug)
XAUUSD,metal,2007-03-26,1,0.49638,-0.35206,SEAS20,0.84844,0,neutral,False,SEAS (bernd_bias bug)
XAUUSD,metal,2007-04-23,1,-1.2269,-0.30633,SEAS20,-0.9206,0,neutral,False,SEAS (bernd_bias bug)
XAUUSD,metal,2007-05-22,1,-1.8605,-0.49396,SEAS20,-1.3665,0,neutral,False,SEAS (bernd_bias bug)
XAUUSD,metal,2007-06-19,1,-1.3998,-0.42657,SEAS20,-0.97328,0,neutral,False,SEAS (bernd_bias bug)
XAUUSD,metal,2007-07-17,1,-1.3628,-0.30439,SEAS20,-1.0584,0,neutral,False,SEAS (bernd_bias bug)
XAUUSD,metal,2007-08-14,1,-1.1601,-0.3559,SEAS20,-0.80419,0,neutral,False,SEAS (bernd_bias bug)
XAUUSD,metal,2007-09-11,1,0.32245,-0.34763,SEAS20,0.67008,0,neutral,False,SEAS (bernd_bias bug)
XAUUSD,metal,2007-10-09,1,1.9681,-0.1053,SEAS20,2.0734,0,neutral,False,SEAS (bernd_bias bug)
XAUUSD,metal,2007-11-06,1,-1.4443,-0.40838,SEAS20,-1.036,0,neutral,False,SEAS (bernd_bias bug)
XAUUSD,metal,2007-12-04,1,1.1214,-0.11825,SEAS20,1.2397,0,neutral,False,SEAS (bernd_bias bug)
XAUUSD,metal,2008-01-04,1,1.128,-0.20547,SEAS20,1.3334,0,neutral,False,SEAS (bernd_bias bug)
XAUUSD,metal,2008-02-01,1,0.52649,-0.32121,SEAS20,0.8477,0,neutral,False,SEAS (bernd_bias bug)
XAUUSD,metal,2008-02-29,1,-1.474,-0.31919,SEAS20,-1.1548,0,neutral,False,SEAS (bernd_bias bug)
XAUUSD,metal,2008-03-28,1,-1.0565,-0.21344,SEAS20,-0.84302,0,neutral,False,SEAS (bernd_bias bug)
XAUUSD,metal,2008-04-25,1,0.19751,-0.2427,SEAS20,0.44021,0,neutral,False,SEAS (bernd_bias bug)
XAUUSD,metal,2008-05-23,1,-1.1509,-0.56571,SEAS20,-0.58518,0,neutral,False,SEAS (bernd_bias bug)
XAUUSD,metal,2008-06-23,1,0.73159,-0.55783,SEAS20,1.2894,0,neutral,False,SEAS (bernd_bias bug)
XAUUSD,metal,2008-07-21,1,-1.1737,-0.30573,SEAS20,-0.86794,0,neutral,False,SEAS (bernd_bias bug)
XAUUSD,metal,2008-08-18,1,-1.4853,0.33962,SEAS20,-1.825,0,neutral,False,SEAS (bernd_bias bug)
XAUUSD,metal,2008-09-15,1,1.1197,-0.19068,SEAS20,1.3104,0,neutral,False,SEAS (bernd_bias bug)
XAUUSD,metal,2008-10-13,1,-1.0745,-0.60606,SEAS20,-0.46845,0,neutral,False,SEAS (bernd_bias bug)
XAUUSD,metal,2008-11-10,1,-0.048776,-0.30518,SEAS20,0.2564,0,neutral,False,SEAS (bernd_bias bug)
XAUUSD,metal,2008-12-09,1,0.79404,-0.29561,SEAS20,1.0897,0,neutral,False,SEAS (bernd_bias bug)
XAUUSD,metal,2009-01-08,1,0.92116,0.35126,SEAS20,0.5699,0,neutral,False,SEAS (bernd_bias bug)
XAUUSD,metal,2009-02-05,1,-0.42257,0.39953,SEAS20,-0.8221,0,neutral,False,SEAS (bernd_bias bug)
XAUUSD,metal,2009-03-05,1,-0.1325,-0.14066,SEAS20,0.0081615,0,neutral,False,SEAS (bernd_bias bug)
XAUUSD,metal,2009-04-02,1,-1.0588,-0.17063,SEAS20,-0.88821,0,neutral,False,SEAS (bernd_bias bug)
XAUUSD,metal,2009-04-30,1,1.1047,-0.033776,SEAS20,1.1385,0,neutral,False,SEAS (bernd_bias bug)
XAUUSD,metal,2009-05-29,1,-1.4844,-0.076332,SEAS20,-1.408,0,neutral,False,SEAS (bernd_bias bug)
XAUUSD,metal,2009-06-26,1,-0.44873,0.21458,SEAS20,-0.66332,0,neutral,False,SEAS (bernd_bias bug)
XAUUSD,metal,2009-07-24,1,-1.2834,0.029978,SEAS20,-1.3134,0,neutral,False,SEAS (bernd_bias bug)
XAUUSD,metal,2009-08-21,1,1.8489,0.27582,SEAS20,1.5731,-1,against,False,SEAS (bernd_bias bug)
XAUUSD,metal,2009-09-18,1,0.42681,-0.070117,SEAS20,0.49693,-1,against,False,SEAS (bernd_bias bug)
XAUUSD,metal,2009-10-16,1,1.3276,-0.27315,SEAS20,1.6008,-1,against,False,SEAS (bernd_bias bug)
XAUUSD,metal,2009-11-16,1,-0.95203,0.065453,SEAS20,-1.0175,-1,against,False,SEAS (bernd_bias bug)
XAUUSD,metal,2009-12-14,1,-0.20802,0.22756,SEAS20,-0.43558,-1,against,False,SEAS (bernd_bias bug)
XAUUSD,metal,2010-01-13,1,-1.205,0.027872,SEAS20,-1.2329,-1,against,False,SEAS (bernd_bias bug)
XAUUSD,metal,2010-02-10,1,0.47795,-0.102,SEAS20,0.57995,0,neutral,False,SEAS (bernd_bias bug)
XAUUSD,metal,2010-03-10,1,-0.33269,-0.37947,SEAS20,0.046772,0,neutral,False,SEAS (bernd_bias bug)
XAUUSD,metal,2010-04-07,1,0.45993,-0.49919,SEAS20,0.95913,0,neutral,False,SEAS (bernd_bias bug)
XAUUSD,metal,2010-05-06,1,0.76908,0.15473,SEAS20,0.61435,-1,against,False,SEAS (bernd_bias bug)
XAUUSD,metal,2010-06-03,1,-0.096787,0.10316,SEAS20,-0.19995,-1,against,False,SEAS (bernd_bias bug)
XAUUSD,metal,2010-07-01,1,-1.0004,-0.37601,SEAS20,-0.62442,-1,against,False,SEAS (bernd_bias bug)
XAUUSD,metal,2010-07-29,1,1.3866,-0.2727,SEAS20,1.6593,0,neutral,False,SEAS (bernd_bias bug)
XAUUSD,metal,2010-08-26,1,1.0828,0.44401,SEAS20,0.63874,0,neutral,False,SEAS (bernd_bias bug)
XAUUSD,metal,2010-09-23,1,0.4451,0.22935,SEAS20,0.21575,-1,against,False,SEAS (bernd_bias bug)
XAUUSD,metal,2010-10-22,1,0.12662,-0.21526,SEAS20,0.34188,-1,against,False,SEAS (bernd_bias bug)
XAUUSD,metal,2010-11-22,1,0.019635,0.05349,SEAS20,-0.033855,-1,against,False,SEAS (bernd_bias bug)
XAUUSD,metal,2010-12-21,1,-1.1364,-0.31502,SEAS20,-0.82142,-1,against,False,SEAS (bernd_bias bug)
XAUUSD,metal,2011-01-18,1,-1.1976,-0.27974,SEAS20,-0.91786,0,neutral,False,SEAS (bernd_bias bug)
XAUUSD,metal,2011-02-15,1,0.99218,0.12543,SEAS20,0.86675,0,neutral,False,SEAS (bernd_bias bug)
XAUUSD,metal,2011-03-15,1,-1.0299,-0.13222,SEAS20,-0.89772,0,neutral,False,SEAS (bernd_bias bug)
XAUUSD,metal,2011-04-12,1,0.33372,-0.12564,SEAS20,0.45937,0,neutral,False,SEAS (bernd_bias bug)
XAUUSD,metal,2011-05-12,1,0.2841,0.38698,SEAS20,-0.10288,0,neutral,False,SEAS (bernd_bias bug)
XAUUSD,metal,2011-06-09,1,-1.3919,0.18931,SEAS20,-1.5812,0,neutral,False,SEAS (bernd_bias bug)
XAUUSD,metal,2011-07-08,1,2.4726,-0.43363,SEAS20,2.9063,0,neutral,False,SEAS (bernd_bias bug)
XAUUSD,metal,2011-08-05,1,2.7888,0.069569,SEAS20,2.7193,-1,against,False,SEAS (bernd_bias bug)
XAUUSD,metal,2011-09-02,1,-1.1855,0.1971,SEAS20,-1.3826,0,neutral,False,SEAS (bernd_bias bug)
XAUUSD,metal,2011-09-30,1,0.8283,0.27691,SEAS20,0.55139,0,neutral,False,SEAS (bernd_bias bug)
XAUUSD,metal,2011-10-28,1,-1.2844,-0.019866,SEAS20,-1.2645,0,neutral,False,SEAS (bernd_bias bug)
XAUUSD,metal,2011-11-25,1,-1.2352,-0.17528,SEAS20,-1.0599,0,neutral,False,SEAS (bernd_bias bug)
XAUUSD,metal,2011-12-23,1,-1.0936,-0.33963,SEAS20,-0.75401,0,neutral,False,SEAS (bernd_bias bug)
XAUUSD,metal,2012-01-24,1,0.6687,-0.70953,SEAS20,1.3782,0,neutral,False,SEAS (bernd_bias bug)
XAUUSD,metal,2012-02-21,1,-1.2562,0.06495,SEAS20,-1.3211,0,neutral,False,SEAS (bernd_bias bug)
XAUUSD,metal,2012-03-21,1,-0.54017,0.29856,SEAS20,-0.83873,0,neutral,False,SEAS (bernd_bias bug)
XAUUSD,metal,2012-04-19,1,-1.3582,-0.28737,SEAS20,-1.0708,1,agree,False,SEAS (bernd_bias bug)
XAUUSD,metal,2012-05-17,1,1.3141,-0.51249,SEAS20,1.8265,1,agree,False,SEAS (bernd_bias bug)
XAUUSD,metal,2012-06-14,1,-1.2166,-0.69002,SEAS20,-0.52661,1,agree,False,SEAS (bernd_bias bug)
XAUUSD,metal,2012-07-12,1,0.26462,-0.72871,SEAS20,0.99333,0,neutral,False,SEAS (bernd_bias bug)
XAUUSD,metal,2012-08-09,1,1.4407,-0.1249,SEAS20,1.5656,1,agree,False,SEAS (bernd_bias bug)
XAUUSD,metal,2012-09-06,1,1.7706,-0.77953,SEAS20,2.5501,0,neutral,False,SEAS (bernd_bias bug)
XAUUSD,metal,2012-10-04,1,-1.1978,0.24952,SEAS20,-1.4474,0,neutral,False,SEAS (bernd_bias bug)
XAUUSD,metal,2012-11-01,1,-1.0206,-0.33459,SEAS20,-0.68603,0,neutral,False,SEAS (bernd_bias bug)
XAUUSD,metal,2012-11-29,1,-1.4168,-0.068694,SEAS20,-1.3481,0,neutral,False,SEAS (bernd_bias bug)
XAUUSD,metal,2012-12-27,1,-0.45836,-0.21572,SEAS20,-0.24264,0,neutral,False,SEAS (bernd_bias bug)
XAUUSD,metal,2013-01-25,1,-1.4915,-0.91266,SEAS20,-0.5788,0,neutral,False,SEAS (bernd_bias bug)
XAUUSD,metal,2013-02-22,1,0.36007,-1.0497,SEAS20,1.4097,1,agree,False,SEAS (bernd_bias bug)
XAUUSD,metal,2013-03-22,1,-1.2499,-0.63022,SEAS20,-0.61964,1,agree,False,SEAS (bernd_bias bug)
XAUUSD,metal,2013-04-19,1,-0.39904,-1.1489,SEAS20,0.74991,1,agree,False,SEAS (bernd_bias bug)
XAUUSD,metal,2013-05-17,1,-0.41602,-0.7351,SEAS20,0.31908,1,agree,False,SEAS (bernd_bias bug)
XAUUSD,metal,2013-06-14,1,-1.0919,-0.41373,SEAS20,-0.6782,1,agree,False,SEAS (bernd_bias bug)
XAUUSD,metal,2013-07-12,1,0.049604,-0.70041,SEAS20,0.75001,1,agree,False,SEAS (bernd_bias bug)
XAUUSD,metal,2013-08-09,1,0.60503,-0.84172,SEAS20,1.4467,1,agree,False,SEAS (bernd_bias bug)
XAUUSD,metal,2013-09-06,1,-1.1228,-0.75781,SEAS20,-0.36504,0,neutral,False,SEAS (bernd_bias bug)
XAUUSD,metal,2013-10-04,1,-1.1476,-0.9423,SEAS20,-0.20532,1,agree,False,SEAS (bernd_bias bug)
XAUUSD,metal,2013-11-01,1,-1.1885,-0.82271,SEAS20,-0.36583,1,agree,False,SEAS (bernd_bias bug)
XAUUSD,metal,2013-11-29,1,-1.4874,-0.98787,SEAS20,-0.49949,1,agree,False,SEAS (bernd_bias bug)
XAUUSD,metal,2013-12-30,1,0.44584,-1.0967,SEAS20,1.5426,1,agree,False,SEAS (bernd_bias bug)
XAUUSD,metal,2014-01-28,1,1.5265,-1.0402,SEAS20,2.5667,1,agree,False,SEAS (bernd_bias bug)
XAUUSD,metal,2014-02-25,1,-1.4618,-0.75194,SEAS20,-0.7099,0,neutral,False,SEAS (bernd_bias bug)
XAUUSD,metal,2014-03-25,1,-1.2638,-0.79313,SEAS20,-0.47069,0,neutral,False,SEAS (bernd_bias bug)
XAUUSD,metal,2014-04-23,1,-0.42193,-0.35913,SEAS20,-0.062806,0,neutral,False,SEAS (bernd_bias bug)
XAUUSD,metal,2014-05-21,1,-1.1923,-0.65259,SEAS20,-0.5397,0,neutral,False,SEAS (bernd_bias bug)
XAUUSD,metal,2014-06-18,1,-0.048643,-0.61868,SEAS20,0.57004,1,agree,False,SEAS (bernd_bias bug)
XAUUSD,metal,2014-07-16,1,-0.29142,-0.6277,SEAS20,0.33628,0,neutral,False,SEAS (bernd_bias bug)
XAUUSD,metal,2014-08-13,1,-1.2822,-0.55909,SEAS20,-0.7231,0,neutral,False,SEAS (bernd_bias bug)
XAUUSD,metal,2014-09-10,1,-1.1084,-0.67753,SEAS20,-0.43091,0,neutral,False,SEAS (bernd_bias bug)
XAUUSD,metal,2014-10-08,1,-1.6918,-0.45174,SEAS20,-1.2401,1,agree,False,SEAS (bernd_bias bug)
XAUUSD,metal,2014-11-05,1,-1.0005,-0.72623,SEAS20,-0.27431,0,neutral,False,SEAS (bernd_bias bug)
XAUUSD,metal,2014-12-03,1,-0.68009,-0.80714,SEAS20,0.12704,1,agree,False,SEAS (bernd_bias bug)
XAUUSD,metal,2015-01-02,1,1.0886,-0.61378,SEAS20,1.7024,0,neutral,False,SEAS (bernd_bias bug)
XAUUSD,metal,2015-01-30,1,-1.3591,-0.65491,SEAS20,-0.70417,0,neutral,False,SEAS (bernd_bias bug)
XAUUSD,metal,2015-02-27,1,-1.1773,-0.59113,SEAS20,-0.58618,0,neutral,False,SEAS (bernd_bias bug)
XAUUSD,metal,2015-03-27,1,-1.0073,-0.66028,SEAS20,-0.347,1,agree,False,SEAS (bernd_bias bug)
XAUUSD,metal,2015-04-24,1,-0.41613,-0.63707,SEAS20,0.22094,0,neutral,False,SEAS (bernd_bias bug)
XAUUSD,metal,2015-05-22,1,-1.3731,-0.67815,SEAS20,-0.69496,0,neutral,False,SEAS (bernd_bias bug)
XAUUSD,metal,2015-06-19,1,-1.1471,-1.1571,SEAS20,0.0099804,0,neutral,False,SEAS (bernd_bias bug)
XAUUSD,metal,2015-07-17,1,-1.1099,-0.50257,SEAS20,-0.60738,1,agree,False,SEAS (bernd_bias bug)
XAUUSD,metal,2015-08-14,1,-0.77896,-0.86272,SEAS20,0.08376,1,agree,False,SEAS (bernd_bias bug)
XAUUSD,metal,2015-09-11,1,0.10548,-0.37678,SEAS20,0.48227,0,neutral,False,SEAS (bernd_bias bug)
XAUUSD,metal,2015-10-09,1,-1.7311,-0.81156,SEAS20,-0.91955,0,neutral,False,SEAS (bernd_bias bug)
XAUUSD,metal,2015-11-06,1,-1.3039,-0.55664,SEAS20,-0.74726,0,neutral,False,SEAS (bernd_bias bug)
XAUUSD,metal,2015-12-04,1,-0.55342,-0.66838,SEAS20,0.11495,1,agree,False,SEAS (bernd_bias bug)
XAUUSD,metal,2016-01-05,1,1.0081,-0.19127,SEAS20,1.1994,1,agree,False,SEAS (bernd_bias bug)
XAUUSD,metal,2016-02-02,1,2.8127,-0.30931,SEAS20,3.122,0,neutral,False,SEAS (bernd_bias bug)
XAUUSD,metal,2016-03-01,1,-0.437,0.01946,SEAS20,-0.45646,0,neutral,False,SEAS (bernd_bias bug)
XAUUSD,metal,2016-03-30,1,-0.46241,-0.33754,SEAS20,-0.12487,-1,against,False,SEAS (bernd_bias bug)
XAUUSD,metal,2016-04-27,1,-1.1678,-0.22474,SEAS20,-0.9431,-1,against,False,SEAS (bernd_bias bug)
XAUUSD,metal,2016-05-25,1,0.40561,-0.65537,SEAS20,1.061,-1,against,False,SEAS (bernd_bias bug)
XAUUSD,metal,2016-06-22,1,1.0792,-0.11261,SEAS20,1.1918,-1,against,True,SEAS (valid seasonal)
XAUUSD,metal,2016-07-20,1,-0.20001,-0.050922,SEAS20,-0.14909,-1,against,True,SEAS (valid seasonal)
XAUUSD,metal,2016-08-17,1,-1.351,0.035049,SEAS20,-1.3861,-1,against,True,SEAS (valid seasonal)
XAUUSD,metal,2016-09-14,1,-1.6429,-0.25362,SEAS20,-1.3893,-1,against,True,SEAS (valid seasonal)
XAUUSD,metal,2016-10-12,1,-0.047243,-0.73502,SEAS20,0.68777,0,neutral,True,SEAS (valid seasonal)
XAUUSD,metal,2016-11-09,1,-1.1158,-0.12266,SEAS20,-0.99315,0,neutral,True,SEAS (valid seasonal)
XAUUSD,metal,2016-12-07,1,-1.1924,-0.25685,SEAS20,-0.93553,0,neutral,True,SEAS (valid seasonal)
XAUUSD,metal,2017-01-06,1,0.38658,-0.60042,SEAS20,0.987,0,neutral,True,SEAS (valid seasonal)
XAUUSD,metal,2017-02-03,1,-0.20025,-0.09495,SEAS20,-0.1053,0,neutral,True,SEAS (valid seasonal)
XAUUSD,metal,2017-03-03,1,-1.1416,-0.52548,SEAS20,-0.61616,0,neutral,True,SEAS (valid seasonal)
XAUUSD,metal,2017-03-31,1,0.025518,-0.029133,SEAS20,0.054651,0,neutral,True,SEAS (valid seasonal)
XAUUSD,metal,2017-05-01,1,-1.0686,-0.2572,SEAS20,-0.81138,0,neutral,True,SEAS (valid seasonal)
XAUUSD,metal,2017-05-29,1,-1.7987,-0.35262,SEAS20,-1.4461,0,neutral,True,SEAS (valid seasonal)
XAUUSD,metal,2017-06-26,1,-1.2801,-0.21753,SEAS20,-1.0626,0,neutral,True,SEAS (valid seasonal)
XAUUSD,metal,2017-07-24,1,0.26524,-0.68694,SEAS20,0.95218,0,neutral,True,SEAS (valid seasonal)
XAUUSD,metal,2017-08-21,1,0.55062,-0.252,SEAS20,0.80262,0,neutral,True,SEAS (valid seasonal)
XAUUSD,metal,2017-09-18,1,-1.127,-0.63675,SEAS20,-0.49023,0,neutral,True,SEAS (valid seasonal)
XAUUSD,metal,2017-10-16,1,-1.0659,-0.45758,SEAS20,-0.60828,0,neutral,True,SEAS (valid seasonal)
XAUUSD,metal,2017-11-13,1,-1.9111,-0.39627,SEAS20,-1.5148,0,neutral,True,SEAS (valid seasonal)
XAUUSD,metal,2017-12-11,1,1.5908,-0.1477,SEAS20,1.7385,0,neutral,True,SEAS (valid seasonal)
XAUUSD,metal,2018-01-10,1,-0.56496,-0.60027,SEAS20,0.035313,0,neutral,True,SEAS (valid seasonal)
XAUUSD,metal,2018-02-07,1,-0.2584,-0.79528,SEAS20,0.53688,0,neutral,True,SEAS (valid seasonal)
XAUUSD,metal,2018-03-07,-1,0.041002,0.2546,SEAS20,-0.2136,0,neutral,True,SEAS (valid seasonal)
XAUUSD,metal,2018-04-05,1,-1.7709,-0.76486,SEAS20,-1.0061,0,neutral,True,SEAS (valid seasonal)
XAUUSD,metal,2018-05-03,-1,0.043952,-0.42023,SEAS20,0.46419,0,neutral,True,SEAS (valid seasonal)
XAUUSD,metal,2018-05-31,-1,2.146,-0.068375,SEAS20,2.2143,0,neutral,True,SEAS (valid seasonal)
XAUUSD,metal,2018-06-28,1,-1.7832,-1.1632,SEAS20,-0.61998,0,neutral,True,SEAS (valid seasonal)
XAUUSD,metal,2018-07-26,1,-1.2723,-0.63182,SEAS20,-0.64048,0,neutral,True,SEAS (valid seasonal)
XAUUSD,metal,2018-08-23,1,-0.57339,-0.66223,SEAS20,0.088845,1,agree,True,SEAS (valid seasonal)
XAUUSD,metal,2018-09-20,1,-0.18634,-1.2149,SEAS20,1.0286,1,agree,True,SEAS (valid seasonal)
XAUUSD,metal,2018-10-18,1,-1.2682,-0.74416,SEAS20,-0.52402,1,agree,True,SEAS (valid seasonal)
XAUUSD,metal,2018-11-15,1,0.44676,-0.91729,SEAS20,1.364,1,agree,True,SEAS (valid seasonal)
XAUUSD,metal,2018-12-13,1,0.76628,-1.0431,SEAS20,1.8094,0,neutral,True,SEAS (valid seasonal)
XAUUSD,metal,2019-01-14,1,0.13638,-0.15688,SEAS20,0.29326,0,neutral,True,SEAS (valid seasonal)
XAUUSD,metal,2019-02-11,1,-1.8974,0.86581,SEAS20,-2.7632,0,neutral,True,SEAS (valid seasonal)
XAUUSD,metal,2019-03-11,1,-1.1685,-0.45425,SEAS20,-0.71426,0,neutral,True,SEAS (valid seasonal)
XAUUSD,metal,2019-04-08,1,-1.5596,0.10184,SEAS20,-1.6614,0,neutral,True,SEAS (valid seasonal)
XAUUSD,metal,2019-05-07,-1,-1.0308,-0.28665,SEAS20,-0.74415,0,neutral,True,SEAS (valid seasonal)
XAUUSD,metal,2019-06-04,-1,-1.0224,-0.58028,SEAS20,-0.44209,0,neutral,True,SEAS (valid seasonal)
XAUUSD,metal,2019-07-02,1,0.49016,-0.65238,SEAS20,1.1425,0,neutral,True,SEAS (valid seasonal)
XAUUSD,metal,2019-07-30,1,1.8209,0.081918,SEAS20,1.739,-1,against,True,SEAS (valid seasonal)
XAUUSD,metal,2019-08-27,1,-0.57653,-0.40258,SEAS20,-0.17395,-1,against,True,SEAS (valid seasonal)
XAUUSD,metal,2019-09-24,-1,0.83307,-0.12333,SEAS20,0.9564,-1,agree,True,SEAS (valid seasonal)
XAUUSD,metal,2019-10-22,1,-0.88504,-0.46977,SEAS20,-0.41528,-1,against,True,SEAS (valid seasonal)
XAUUSD,metal,2019-11-19,1,-0.63386,0.28089,SEAS20,-0.91474,-1,against,True,SEAS (valid seasonal)
XAUUSD,metal,2019-12-17,1,2.287,-0.021455,SEAS20,2.3085,-1,against,True,SEAS (valid seasonal)
XAUUSD,metal,2020-01-16,1,-0.4091,0.058113,SEAS20,-0.46721,-1,against,True,SEAS (valid seasonal)
XAUUSD,metal,2020-02-13,1,1.5427,-0.43667,SEAS20,1.9793,-1,against,True,SEAS (valid seasonal)
XAUUSD,metal,2020-03-12,1,-1.0023,-0.033146,SEAS20,-0.96914,-1,against,True,SEAS (valid seasonal)
XAUUSD,metal,2020-04-09,1,0.4385,0.32413,SEAS20,0.11437,0,neutral,True,SEAS (valid seasonal)
XAUUSD,metal,2020-05-08,-1,0.0064809,-0.70063,SEAS20,0.70711,0,neutral,True,SEAS (valid seasonal)
XAUUSD,metal,2020-06-05,-1,-1.0221,-0.74548,SEAS20,-0.27666,0,neutral,True,SEAS (valid seasonal)
XAUUSD,metal,2020-07-03,1,3.3138,0.087099,SEAS20,3.2267,0,neutral,True,SEAS (valid seasonal)
XAUUSD,metal,2020-07-31,1,-1.1761,0.043193,SEAS20,-1.2193,-1,against,True,SEAS (valid seasonal)
XAUUSD,metal,2020-08-28,1,-0.83583,0.17021,SEAS20,-1.006,0,neutral,True,SEAS (valid seasonal)
XAUUSD,metal,2020-09-25,-1,-1.0167,-0.74195,SEAS20,-0.27474,0,neutral,True,SEAS (valid seasonal)
XAUUSD,metal,2020-10-23,1,-1.2776,-0.42227,SEAS20,-0.85531,0,neutral,True,SEAS (valid seasonal)
XAUUSD,metal,2020-11-20,-1,-0.36361,-0.7944,SEAS20,0.43079,0,neutral,True,SEAS (valid seasonal)
XAUUSD,metal,2020-12-18,1,-1.3344,0.0077721,SEAS20,-1.3421,0,neutral,True,SEAS (valid seasonal)
XAUUSD,metal,2021-01-18,1,-0.44686,-0.69214,SEAS20,0.24528,0,neutral,True,SEAS (valid seasonal)
XAUUSD,metal,2021-02-15,1,-1.0283,-0.228,SEAS20,-0.80028,0,neutral,True,SEAS (valid seasonal)
XAUUSD,metal,2021-03-15,1,-0.34434,0.30306,SEAS20,-0.6474,0,neutral,True,SEAS (valid seasonal)
XAUUSD,metal,2021-04-13,1,1.8269,-0.31071,SEAS20,2.1376,0,neutral,True,SEAS (valid seasonal)
XAUUSD,metal,2021-05-11,-1,-1.0115,0.43119,SEAS20,-1.4427,0,neutral,True,SEAS (valid seasonal)
XAUUSD,metal,2021-06-08,-1,2.2682,-0.12315,SEAS20,2.3913,0,neutral,True,SEAS (valid seasonal)
XAUUSD,metal,2021-07-06,1,-0.047617,-0.11495,SEAS20,0.067333,0,neutral,True,SEAS (valid seasonal)
XAUUSD,metal,2021-08-03,1,-1.0932,-0.54388,SEAS20,-0.54932,0,neutral,True,SEAS (valid seasonal)
XAUUSD,metal,2021-08-31,1,-1.321,-0.17942,SEAS20,-1.1416,0,neutral,True,SEAS (valid seasonal)
XAUUSD,metal,2021-09-28,-1,-1.0208,0.18346,SEAS20,-1.2043,0,neutral,True,SEAS (valid seasonal)
XAUUSD,metal,2021-10-26,1,-1.1587,-0.027398,SEAS20,-1.1313,0,neutral,True,SEAS (valid seasonal)
XAUUSD,metal,2021-11-23,-1,0.35926,0.076575,SEAS20,0.28269,0,neutral,True,SEAS (valid seasonal)
XAUUSD,metal,2021-12-21,1,-0.056349,-0.53151,SEAS20,0.47516,0,neutral,True,SEAS (valid seasonal)
XAUUSD,metal,2022-01-19,1,0.42709,-0.48863,SEAS20,0.91572,0,neutral,True,SEAS (valid seasonal)
XAUUSD,metal,2022-02-16,-1,-1.0055,0.52041,SEAS20,-1.5259,0,neutral,True,SEAS (valid seasonal)
XAUUSD,metal,2022-03-16,1,0.25296,0.27036,SEAS20,-0.017398,0,neutral,True,SEAS (valid seasonal)
XAUUSD,metal,2022-04-13,-1,2.0939,-0.091202,SEAS20,2.1851,0,neutral,True,SEAS (valid seasonal)
XAUUSD,metal,2022-05-12,1,-1.0511,0.024114,SEAS20,-1.0752,0,neutral,True,SEAS (valid seasonal)
XAUUSD,metal,2022-06-09,-1,2.4421,0.14675,SEAS20,2.2953,1,against,True,SEAS (valid seasonal)
XAUUSD,metal,2022-07-07,1,-1.2331,-0.44804,SEAS20,-0.78511,1,agree,True,SEAS (valid seasonal)
XAUUSD,metal,2022-08-04,1,-1.4852,-0.22813,SEAS20,-1.2571,1,agree,True,SEAS (valid seasonal)
XAUUSD,metal,2022-09-01,-1,1.2315,-0.052833,SEAS20,1.2844,1,against,True,SEAS (valid seasonal)
XAUUSD,metal,2022-09-29,1,-0.32968,-0.20267,SEAS20,-0.12701,1,agree,True,SEAS (valid seasonal)
XAUUSD,metal,2022-10-27,1,1.1635,-0.30182,SEAS20,1.4653,1,agree,True,SEAS (valid seasonal)
XAUUSD,metal,2022-11-24,-1,-1.0093,-0.15858,SEAS20,-0.85074,0,neutral,True,SEAS (valid seasonal)
XAUUSD,metal,2022-12-22,1,1.8766,0.12727,SEAS20,1.7493,0,neutral,True,SEAS (valid seasonal)
XAUUSD,metal,2023-01-23,1,-1.2192,-0.41349,SEAS20,-0.80568,0,neutral,True,SEAS (valid seasonal)
XAUUSD,metal,2023-02-20,-1,-1.0234,-0.27818,SEAS20,-0.74521,0,neutral,True,SEAS (valid seasonal)
XAUUSD,metal,2023-03-20,-1,-1.0281,-0.13237,SEAS20,-0.89574,0,neutral,True,SEAS (valid seasonal)
XAUUSD,metal,2023-04-18,1,-0.045634,0.16771,SEAS20,-0.21334,0,neutral,True,SEAS (valid seasonal)
XAUUSD,metal,2023-05-16,1,-1.0528,-0.42588,SEAS20,-0.6269,0,neutral,True,SEAS (valid seasonal)
XAUUSD,metal,2023-06-13,-1,0.6184,-0.27301,SEAS20,0.8914,0,neutral,True,SEAS (valid seasonal)
XAUUSD,metal,2023-07-11,1,-0.31874,-0.76339,SEAS20,0.44464,0,neutral,True,SEAS (valid seasonal)
XAUUSD,metal,2023-08-08,1,-1.1677,-0.058738,SEAS20,-1.109,0,neutral,True,SEAS (valid seasonal)
XAUUSD,metal,2023-09-05,-1,3.5842,-0.27755,SEAS20,3.8618,0,neutral,True,SEAS (valid seasonal)
XAUUSD,metal,2023-10-03,-1,-1.0137,0.20175,SEAS20,-1.2154,0,neutral,True,SEAS (valid seasonal)
XAUUSD,metal,2023-10-31,1,-1.1851,0.038389,SEAS20,-1.2235,0,neutral,True,SEAS (valid seasonal)
XAUUSD,metal,2023-11-28,1,0.66778,-0.77208,SEAS20,1.4399,0,neutral,True,SEAS (valid seasonal)
XAUUSD,metal,2023-12-27,1,-1.3065,0.080987,SEAS20,-1.3874,0,neutral,True,SEAS (valid seasonal)
XAUUSD,metal,2024-01-25,1,-0.28829,0.54115,SEAS20,-0.82945,0,neutral,True,SEAS (valid seasonal)
XAUUSD,metal,2024-02-22,-1,-1.0162,-0.45765,SEAS20,-0.55853,0,neutral,True,SEAS (valid seasonal)
XAUUSD,metal,2024-03-21,1,3.3202,0.39296,SEAS20,2.9272,0,neutral,True,SEAS (valid seasonal)
XAUUSD,metal,2024-04-19,1,-1.0359,0.83201,SEAS20,-1.8679,0,neutral,True,SEAS (valid seasonal)
XAUUSD,metal,2024-05-17,1,-1.26,0.20387,SEAS20,-1.4639,0,neutral,True,SEAS (valid seasonal)
XAUUSD,metal,2024-06-14,-1,-1.0184,-0.72529,SEAS20,-0.29308,-1,agree,True,SEAS (valid seasonal)
XAUUSD,metal,2024-07-12,1,-1.2076,0.32865,SEAS20,-1.5362,-1,against,True,SEAS (valid seasonal)
XAUUSD,metal,2024-08-09,1,0.79308,0.18078,SEAS20,0.6123,-1,against,True,SEAS (valid seasonal)
XAUUSD,metal,2024-09-06,-1,-1.0096,-0.60456,SEAS20,-0.40508,-1,agree,True,SEAS (valid seasonal)
XAUUSD,metal,2024-10-04,1,0.99159,0.34353,SEAS20,0.64806,-1,against,True,SEAS (valid seasonal)
XAUUSD,metal,2024-11-01,-1,1.7065,-0.47522,SEAS20,2.1817,-1,agree,True,SEAS (valid seasonal)
XAUUSD,metal,2024-11-29,-1,0.19584,-0.37555,SEAS20,0.57139,0,neutral,True,SEAS (valid seasonal)
XAUUSD,metal,2024-12-30,1,1.3997,0.21739,SEAS20,1.1823,-1,against,True,SEAS (valid seasonal)
XAUUSD,metal,2025-01-28,1,3.1321,1.0085,SEAS20,2.1237,-1,against,True,SEAS (valid seasonal)
XAUUSD,metal,2025-02-25,1,-1.0396,0.93997,SEAS20,-1.9796,-1,against,True,SEAS (valid seasonal)
XAUUSD,metal,2025-03-25,1,4.3376,1.0561,SEAS20,3.2815,-1,against,True,SEAS (valid seasonal)
XAUUSD,metal,2025-04-23,1,-1.1315,1.3287,SEAS20,-2.4601,0,neutral,True,SEAS (valid seasonal)
XAUUSD,metal,2025-05-21,-1,-0.57443,-0.67553,SEAS20,0.1011,0,neutral,True,SEAS (valid seasonal)
XAUUSD,metal,2025-06-18,-1,0.59206,-0.72384,SEAS20,1.3159,0,neutral,True,SEAS (valid seasonal)
XAUUSD,metal,2025-07-16,1,-0.015783,0.94887,SEAS20,-0.96465,0,neutral,True,SEAS (valid seasonal)
XAUUSD,metal,2025-08-13,1,2.8075,1.1283,SEAS20,1.6792,0,neutral,True,SEAS (valid seasonal)
XAUUSD,metal,2025-09-10,-1,-1.0118,-0.71961,SEAS20,-0.29215,0,neutral,True,SEAS (valid seasonal)
XAUUSD,metal,2025-10-08,1,-0.73254,0.69636,SEAS20,-1.4289,-1,against,True,SEAS (valid seasonal)
XAUUSD,metal,2025-11-05,-1,-1.003,-0.61511,SEAS20,-0.38788,-1,agree,True,SEAS (valid seasonal)
XAUUSD,metal,2025-12-03,1,0.54542,0.54291,SEAS20,0.0025073,-1,against,True,SEAS (valid seasonal)
XAUUSD,metal,2026-01-02,1,6.823,-0.06355,SEAS20,6.8865,0,neutral,True,SEAS (valid seasonal)
XAUUSD,metal,2026-01-30,1,-1.0023,-0.14311,SEAS20,-0.8592,0,neutral,True,SEAS (valid seasonal)
XAUUSD,metal,2026-02-27,1,-1.0451,-0.25981,SEAS20,-0.78528,0,neutral,True,SEAS (valid seasonal)
XAUUSD,metal,2026-03-27,1,0.82514,-0.088417,SEAS20,0.91356,0,neutral,True,SEAS (valid seasonal)
XAUUSD,metal,2026-04-27,-1,0.76958,0.31175,SEAS20,0.45784,0,neutral,True,SEAS (valid seasonal)
XAUUSD,metal,2026-05-25,1,-1.054,-0.19416,SEAS20,-0.85986,0,neutral,True,SEAS (valid seasonal)
XAUUSD,metal,2026-06-22,-1,0.59743,0.40869,SEAS20,0.18874,0,neutral,True,SEAS (valid seasonal)
XAUUSD,metal,2026-07-20,1,1.7948,-0.45238,SEAS20,2.2471,0,neutral,True,SEAS (valid seasonal)
XAUUSD,metal,2026-08-17,1,-0.27107,-0.40537,SEAS20,0.1343,0,neutral,True,SEAS (valid seasonal)
XAUUSD,metal,2026-09-14,-1,0.69123,-0.27753,SEAS20,0.96877,0,neutral,True,SEAS (valid seasonal)
XAUUSD,metal,2004-07-28,1,-1.8499,-2.0453,SEAS30,0.19536,0,neutral,False,SEAS (bernd_bias bug)
XAUUSD,metal,2004-09-09,1,-0.91986,-1.9567,SEAS30,1.0368,0,neutral,False,SEAS (bernd_bias bug)
XAUUSD,metal,2004-10-21,1,-1.1598,-1.7276,SEAS30,0.56783,0,neutral,False,SEAS (bernd_bias bug)
XAUUSD,metal,2004-12-06,1,-1.1265,-1.4939,SEAS30,0.36737,0,neutral,False,SEAS (bernd_bias bug)
XAUUSD,metal,2005-01-19,1,-2.7946,-1.7988,SEAS30,-0.99586,0,neutral,False,SEAS (bernd_bias bug)
XAUUSD,metal,2005-03-03,1,-4.0181,-2.4867,SEAS30,-1.5313,0,neutral,False,SEAS (bernd_bias bug)
XAUUSD,metal,2005-04-15,1,-4.9951,-2.2317,SEAS30,-2.7634,0,neutral,False,SEAS (bernd_bias bug)
XAUUSD,metal,2005-05-27,1,-4.0432,-2.5203,SEAS30,-1.5229,0,neutral,False,SEAS (bernd_bias bug)
XAUUSD,metal,2005-07-11,1,-2.5053,-1.9785,SEAS30,-0.52679,0,neutral,False,SEAS (bernd_bias bug)
XAUUSD,metal,2005-08-22,1,-0.91737,-2.4449,SEAS30,1.5276,0,neutral,False,SEAS (bernd_bias bug)
XAUUSD,metal,2005-10-04,1,-2.65,-2.042,SEAS30,-0.60798,0,neutral,False,SEAS (bernd_bias bug)
XAUUSD,metal,2005-11-15,1,0.80469,-2.0027,SEAS30,2.8074,0,neutral,False,SEAS (bernd_bias bug)
XAUUSD,metal,2006-01-02,1,-0.75908,-0.82981,SEAS30,0.070727,0,neutral,False,SEAS (bernd_bias bug)
XAUUSD,metal,2006-02-14,1,-0.48667,-0.45802,SEAS30,-0.02865,0,neutral,False,SEAS (bernd_bias bug)
XAUUSD,metal,2006-03-29,1,5.7406,-1.0138,SEAS30,6.7545,0,neutral,False,SEAS (bernd_bias bug)
XAUUSD,metal,2006-05-11,1,-1.2015,-1.0387,SEAS30,-0.16274,0,neutral,False,SEAS (bernd_bias bug)
XAUUSD,metal,2006-06-23,1,0.73096,-1.0479,SEAS30,1.7789,0,neutral,False,SEAS (bernd_bias bug)
XAUUSD,metal,2006-08-04,1,-1.3634,-0.55284,SEAS30,-0.81051,0,neutral,False,SEAS (bernd_bias bug)
XAUUSD,metal,2006-09-18,1,-0.58078,-1.0147,SEAS30,0.43395,0,neutral,False,SEAS (bernd_bias bug)
XAUUSD,metal,2006-10-31,1,-0.55608,-0.45382,SEAS30,-0.10226,0,neutral,False,SEAS (bernd_bias bug)
XAUUSD,metal,2006-12-14,1,-2.0418,-0.3861,SEAS30,-1.6557,0,neutral,False,SEAS (bernd_bias bug)
XAUUSD,metal,2007-01-29,1,-1.6452,-0.45295,SEAS30,-1.1922,0,neutral,False,SEAS (bernd_bias bug)
XAUUSD,metal,2007-03-12,1,0.23014,-0.79883,SEAS30,1.029,0,neutral,False,SEAS (bernd_bias bug)
XAUUSD,metal,2007-04-23,1,-1.2269,-0.23756,SEAS30,-0.98938,0,neutral,False,SEAS (bernd_bias bug)
XAUUSD,metal,2007-06-05,1,-1.2107,-0.47966,SEAS30,-0.731,0,neutral,False,SEAS (bernd_bias bug)
XAUUSD,metal,2007-07-17,1,-2.8837,-0.903,SEAS30,-1.9807,0,neutral,False,SEAS (bernd_bias bug)
XAUUSD,metal,2007-08-28,1,1.6124,0.098618,SEAS30,1.5138,0,neutral,False,SEAS (bernd_bias bug)
XAUUSD,metal,2007-10-09,1,0.4485,-1.1129,SEAS30,1.5614,0,neutral,False,SEAS (bernd_bias bug)
XAUUSD,metal,2007-11-20,1,1.2674,-0.63726,SEAS30,1.9047,0,neutral,False,SEAS (bernd_bias bug)
XAUUSD,metal,2008-01-04,1,0.19353,-0.47356,SEAS30,0.66709,0,neutral,False,SEAS (bernd_bias bug)
XAUUSD,metal,2008-02-15,1,0.098267,-0.57805,SEAS30,0.67631,0,neutral,False,SEAS (bernd_bias bug)
XAUUSD,metal,2008-03-28,1,-1.0565,-0.3968,SEAS30,-0.65966,0,neutral,False,SEAS (bernd_bias bug)
XAUUSD,metal,2008-05-09,-1,-1.0143,0.32374,SEAS30,-1.338,0,neutral,False,SEAS (bernd_bias bug)
XAUUSD,metal,2008-06-23,1,-0.74713,-0.60232,SEAS30,-0.14481,0,neutral,False,SEAS (bernd_bias bug)
XAUUSD,metal,2008-08-04,1,-1.0175,-0.61246,SEAS30,-0.40505,0,neutral,False,SEAS (bernd_bias bug)
XAUUSD,metal,2008-09-15,1,-1.7573,-0.93411,SEAS30,-0.82323,0,neutral,False,SEAS (bernd_bias bug)
XAUUSD,metal,2008-10-27,1,-0.024002,-0.42477,SEAS30,0.40076,0,neutral,False,SEAS (bernd_bias bug)
XAUUSD,metal,2008-12-09,1,0.77481,-0.81315,SEAS30,1.588,0,neutral,False,SEAS (bernd_bias bug)
XAUUSD,metal,2009-01-22,1,0.36928,0.023961,SEAS30,0.34532,0,neutral,False,SEAS (bernd_bias bug)
XAUUSD,metal,2009-03-05,1,-1.0738,0.11858,SEAS30,-1.1924,0,neutral,False,SEAS (bernd_bias bug)
XAUUSD,metal,2009-04-16,1,0.78539,-0.11726,SEAS30,0.90265,0,neutral,False,SEAS (bernd_bias bug)
XAUUSD,metal,2009-05-29,1,-1.4844,-0.31021,SEAS30,-1.1742,0,neutral,False,SEAS (bernd_bias bug)
XAUUSD,metal,2009-07-10,1,-0.33356,-0.020085,SEAS30,-0.31347,0,neutral,False,SEAS (bernd_bias bug)
XAUUSD,metal,2009-08-21,1,0.8403,-0.3646,SEAS30,1.2049,-1,against,False,SEAS (bernd_bias bug)
XAUUSD,metal,2009-10-02,1,2.7643,-0.29611,SEAS30,3.0604,-1,against,False,SEAS (bernd_bias bug)
XAUUSD,metal,2009-11-16,1,-1.9297,-0.51367,SEAS30,-1.416,-1,against,False,SEAS (bernd_bias bug)
XAUUSD,metal,2009-12-29,1,-1.667,-0.22704,SEAS30,-1.4399,-1,against,False,SEAS (bernd_bias bug)
XAUUSD,metal,2010-02-10,1,-0.22639,-0.14528,SEAS30,-0.081114,0,neutral,False,SEAS (bernd_bias bug)
XAUUSD,metal,2010-03-24,1,1.0474,0.071045,SEAS30,0.97639,0,neutral,False,SEAS (bernd_bias bug)
XAUUSD,metal,2010-05-06,-1,-1.0005,-0.78309,SEAS30,-0.21744,-1,agree,False,SEAS (bernd_bias bug)
XAUUSD,metal,2010-06-17,1,-1.4498,-0.61247,SEAS30,-0.83731,-1,against,False,SEAS (bernd_bias bug)
XAUUSD,metal,2010-07-29,1,1.4523,0.10213,SEAS30,1.3502,0,neutral,False,SEAS (bernd_bias bug)
XAUUSD,metal,2010-09-09,1,1.3907,-0.38332,SEAS30,1.774,-1,against,False,SEAS (bernd_bias bug)
XAUUSD,metal,2010-10-22,1,1.4303,-0.593,SEAS30,2.0232,-1,against,False,SEAS (bernd_bias bug)
XAUUSD,metal,2010-12-06,1,-1.2063,-0.20885,SEAS30,-0.9974,-1,against,False,SEAS (bernd_bias bug)
XAUUSD,metal,2011-01-18,1,-1.1976,-0.18677,SEAS30,-1.0108,0,neutral,False,SEAS (bernd_bias bug)
XAUUSD,metal,2011-03-01,1,0.46083,0.40132,SEAS30,0.059506,0,neutral,False,SEAS (bernd_bias bug)
XAUUSD,metal,2011-04-12,1,0.62753,0.042129,SEAS30,0.58541,0,neutral,False,SEAS (bernd_bias bug)
XAUUSD,metal,2011-05-26,1,-0.63906,0.18626,SEAS30,-0.82532,0,neutral,False,SEAS (bernd_bias bug)
XAUUSD,metal,2011-07-08,1,6.9572,-0.053831,SEAS30,7.0111,0,neutral,False,SEAS (bernd_bias bug)
XAUUSD,metal,2011-08-19,1,-1.0671,-0.073409,SEAS30,-0.99371,0,neutral,False,SEAS (bernd_bias bug)
XAUUSD,metal,2011-09-30,1,0.83967,0.39654,SEAS30,0.44313,0,neutral,False,SEAS (bernd_bias bug)
XAUUSD,metal,2011-11-11,1,-1.1365,0.15966,SEAS30,-1.2961,0,neutral,False,SEAS (bernd_bias bug)
XAUUSD,metal,2011-12-23,1,-1.0936,-0.02451,SEAS30,-1.0691,0,neutral,False,SEAS (bernd_bias bug)
XAUUSD,metal,2012-02-07,1,-1.5117,-0.47514,SEAS30,-1.0366,0,neutral,False,SEAS (bernd_bias bug)
XAUUSD,metal,2012-03-21,1,-0.5561,-0.16491,SEAS30,-0.39119,0,neutral,False,SEAS (bernd_bias bug)
XAUUSD,metal,2012-05-03,-1,0.85082,0.18972,SEAS30,0.6611,1,against,False,SEAS (bernd_bias bug)
XAUUSD,metal,2012-06-14,1,-1.2166,-0.57354,SEAS30,-0.6431,1,agree,False,SEAS (bernd_bias bug)
XAUUSD,metal,2012-07-26,1,1.0956,-0.7279,SEAS30,1.8235,1,agree,False,SEAS (bernd_bias bug)
XAUUSD,metal,2012-09-06,1,0.6121,-0.58137,SEAS30,1.1935,0,neutral,False,SEAS (bernd_bias bug)
XAUUSD,metal,2012-10-18,1,-1.0934,-0.722,SEAS30,-0.37144,0,neutral,False,SEAS (bernd_bias bug)
XAUUSD,metal,2012-11-29,1,-1.4168,-0.70112,SEAS30,-0.71565,0,neutral,False,SEAS (bernd_bias bug)
XAUUSD,metal,2013-01-11,1,-1.7434,-0.98781,SEAS30,-0.75561,0,neutral,False,SEAS (bernd_bias bug)
XAUUSD,metal,2013-02-22,-1,-1.0048,1.3881,SEAS30,-2.3929,1,against,False,SEAS (bernd_bias bug)
XAUUSD,metal,2013-04-05,1,-1.1943,-1.0062,SEAS30,-0.18811,1,agree,False,SEAS (bernd_bias bug)
XAUUSD,metal,2013-05-17,1,-1.5121,-1.0663,SEAS30,-0.44584,1,agree,False,SEAS (bernd_bias bug)
XAUUSD,metal,2013-06-28,1,1.2701,-1.1078,SEAS30,2.3779,1,agree,False,SEAS (bernd_bias bug)
XAUUSD,metal,2013-08-09,1,0.31875,-0.98399,SEAS30,1.3027,1,agree,False,SEAS (bernd_bias bug)
XAUUSD,metal,2013-09-20,1,-1.0496,-1.0457,SEAS30,-0.0039674,0,neutral,False,SEAS (bernd_bias bug)
XAUUSD,metal,2013-11-01,1,-1.1885,-1.1112,SEAS30,-0.077345,1,agree,False,SEAS (bernd_bias bug)
XAUUSD,metal,2013-12-13,1,-1.3255,-1.2568,SEAS30,-0.068662,1,agree,False,SEAS (bernd_bias bug)
XAUUSD,metal,2014-01-28,1,1.2624,-1.1451,SEAS30,2.4076,1,agree,False,SEAS (bernd_bias bug)
XAUUSD,metal,2014-03-11,1,-1.3737,-0.83148,SEAS30,-0.54223,0,neutral,False,SEAS (bernd_bias bug)
XAUUSD,metal,2014-04-23,1,-2.0375,-0.63567,SEAS30,-1.4018,0,neutral,False,SEAS (bernd_bias bug)
XAUUSD,metal,2014-06-04,1,0.45892,-0.84294,SEAS30,1.3019,0,neutral,False,SEAS (bernd_bias bug)
XAUUSD,metal,2014-07-16,1,-1.5658,-0.5098,SEAS30,-1.056,0,neutral,False,SEAS (bernd_bias bug)
XAUUSD,metal,2014-08-27,1,-1.4198,-1.1447,SEAS30,-0.27512,0,neutral,False,SEAS (bernd_bias bug)
XAUUSD,metal,2014-10-08,1,-1.6918,-0.67967,SEAS30,-1.0121,1,agree,False,SEAS (bernd_bias bug)
XAUUSD,metal,2014-11-19,1,-1.2675,-1.0659,SEAS30,-0.20155,1,agree,False,SEAS (bernd_bias bug)
XAUUSD,metal,2015-01-02,1,-0.016471,-1.0975,SEAS30,1.081,0,neutral,False,SEAS (bernd_bias bug)
XAUUSD,metal,2015-02-13,1,-1.4381,-1.0072,SEAS30,-0.43084,0,neutral,False,SEAS (bernd_bias bug)
XAUUSD,metal,2015-03-27,1,-1.6464,-1.0373,SEAS30,-0.60906,1,agree,False,SEAS (bernd_bias bug)
XAUUSD,metal,2015-05-08,-1,-1.0215,0.10511,SEAS30,-1.1266,0,neutral,False,SEAS (bernd_bias bug)
XAUUSD,metal,2015-06-19,1,-1.1471,-0.44166,SEAS30,-0.70547,0,neutral,False,SEAS (bernd_bias bug)
XAUUSD,metal,2015-07-31,1,-0.46124,-0.97634,SEAS30,0.51509,1,agree,False,SEAS (bernd_bias bug)
XAUUSD,metal,2015-09-11,1,0.55278,-1.1088,SEAS30,1.6616,0,neutral,False,SEAS (bernd_bias bug)
XAUUSD,metal,2015-10-23,1,-1.2777,-0.7822,SEAS30,-0.49554,0,neutral,False,SEAS (bernd_bias bug)
XAUUSD,metal,2015-12-04,1,-0.48456,-0.75816,SEAS30,0.27359,1,agree,False,SEAS (bernd_bias bug)
XAUUSD,metal,2016-01-19,1,3.8895,-0.33694,SEAS30,4.2264,0,neutral,False,SEAS (bernd_bias bug)
XAUUSD,metal,2016-03-01,1,-0.39399,-0.23171,SEAS30,-0.16228,0,neutral,False,SEAS (bernd_bias bug)
XAUUSD,metal,2016-04-13,1,-1.7166,0.035299,SEAS30,-1.7519,-1,against,False,SEAS (bernd_bias bug)
XAUUSD,metal,2016-05-25,-1,-1.0325,-0.18615,SEAS30,-0.84637,-1,agree,False,SEAS (bernd_bias bug)
XAUUSD,metal,2016-07-06,1,-0.95439,-0.31394,SEAS30,-0.64045,-1,against,True,SEAS (valid seasonal)
XAUUSD,metal,2016-08-17,1,-1.351,0.2848,SEAS30,-1.6358,-1,against,True,SEAS (valid seasonal)
XAUUSD,metal,2016-09-28,1,-1.2102,0.4952,SEAS30,-1.7053,-1,against,True,SEAS (valid seasonal)
XAUUSD,metal,2016-11-09,-1,-1.0135,-0.79687,SEAS30,-0.21665,0,neutral,True,SEAS (valid seasonal)
XAUUSD,metal,2016-12-21,1,1.3005,-0.90547,SEAS30,2.206,0,neutral,True,SEAS (valid seasonal)
XAUUSD,metal,2017-02-03,1,-0.90352,0.14386,SEAS30,-1.0474,0,neutral,True,SEAS (valid seasonal)
XAUUSD,metal,2017-03-17,1,0.16516,-1.0783,SEAS30,1.2434,0,neutral,True,SEAS (valid seasonal)
XAUUSD,metal,2017-05-01,-1,-1.0908,-0.28176,SEAS30,-0.80903,0,neutral,True,SEAS (valid seasonal)
XAUUSD,metal,2017-06-12,1,-1.3056,-0.65869,SEAS30,-0.64692,0,neutral,True,SEAS (valid seasonal)
XAUUSD,metal,2017-07-24,1,1.3506,-0.92621,SEAS30,2.2768,0,neutral,True,SEAS (valid seasonal)
XAUUSD,metal,2017-09-04,1,-1.4632,-1.1546,SEAS30,-0.30854,0,neutral,True,SEAS (valid seasonal)
XAUUSD,metal,2017-10-16,1,-1.0659,-1.0832,SEAS30,0.017316,0,neutral,True,SEAS (valid seasonal)
XAUUSD,metal,2017-11-27,1,-1.3059,-0.86949,SEAS30,-0.4364,0,neutral,True,SEAS (valid seasonal)
XAUUSD,metal,2018-01-10,1,-0.91521,-0.86891,SEAS30,-0.046302,0,neutral,True,SEAS (valid seasonal)
XAUUSD,metal,2018-02-21,-1,-0.21307,0.1277,SEAS30,-0.34078,0,neutral,True,SEAS (valid seasonal)
XAUUSD,metal,2018-04-05,1,-1.7709,-1.0795,SEAS30,-0.69142,0,neutral,True,SEAS (valid seasonal)
XAUUSD,metal,2018-05-17,-1,1.4573,-0.19223,SEAS30,1.6495,0,neutral,True,SEAS (valid seasonal)
XAUUSD,metal,2018-06-28,1,-1.7832,-0.82406,SEAS30,-0.95909,0,neutral,True,SEAS (valid seasonal)
XAUUSD,metal,2018-08-09,1,-1.1785,-0.82207,SEAS30,-0.35644,1,agree,True,SEAS (valid seasonal)
XAUUSD,metal,2018-09-20,-1,-1.0627,0.13152,SEAS30,-1.1942,1,against,True,SEAS (valid seasonal)
XAUUSD,metal,2018-11-01,1,-0.17138,-1.2237,SEAS30,1.0524,1,agree,True,SEAS (valid seasonal)
XAUUSD,metal,2018-12-13,1,0.90762,-1.1542,SEAS30,2.0618,0,neutral,True,SEAS (valid seasonal)
XAUUSD,metal,2019-01-28,1,-2.5189,0.14579,SEAS30,-2.6647,0,neutral,True,SEAS (valid seasonal)
XAUUSD,metal,2019-03-11,1,-2.3939,-0.46676,SEAS30,-1.9271,0,neutral,True,SEAS (valid seasonal)
XAUUSD,metal,2019-04-23,1,0.57615,-0.82683,SEAS30,1.403,0,neutral,True,SEAS (valid seasonal)
XAUUSD,metal,2019-06-04,1,2.4175,0.024256,SEAS30,2.3932,0,neutral,True,SEAS (valid seasonal)
XAUUSD,metal,2019-07-16,1,1.6541,-0.1145,SEAS30,1.7686,-1,against,True,SEAS (valid seasonal)
XAUUSD,metal,2019-08-27,1,-1.6018,-0.11046,SEAS30,-1.4914,-1,against,True,SEAS (valid seasonal)
XAUUSD,metal,2019-10-08,1,-1.6989,0.027232,SEAS30,-1.7261,-1,against,True,SEAS (valid seasonal)
XAUUSD,metal,2019-11-19,1,0.40199,-0.71775,SEAS30,1.1197,-1,against,True,SEAS (valid seasonal)
XAUUSD,metal,2020-01-02,1,0.52295,-0.028277,SEAS30,0.55123,-1,against,True,SEAS (valid seasonal)
XAUUSD,metal,2020-02-13,1,-1.8364,0.0043407,SEAS30,-1.8407,-1,against,True,SEAS (valid seasonal)
XAUUSD,metal,2020-03-26,1,0.53192,-0.021691,SEAS30,0.55361,0,neutral,True,SEAS (valid seasonal)
XAUUSD,metal,2020-05-08,-1,-0.15303,-0.65821,SEAS30,0.50518,0,neutral,True,SEAS (valid seasonal)
XAUUSD,metal,2020-06-19,1,4.0707,-0.22536,SEAS30,4.2961,0,neutral,True,SEAS (valid seasonal)
XAUUSD,metal,2020-07-31,1,-1.1761,-0.1383,SEAS30,-1.0378,-1,against,True,SEAS (valid seasonal)
XAUUSD,metal,2020-09-11,1,-1.1261,0.011024,SEAS30,-1.1371,0,neutral,True,SEAS (valid seasonal)
XAUUSD,metal,2020-10-23,1,-1.2776,-0.060192,SEAS30,-1.2174,0,neutral,True,SEAS (valid seasonal)
XAUUSD,metal,2020-12-04,1,-0.82161,-0.40081,SEAS30,-0.4208,0,neutral,True,SEAS (valid seasonal)
XAUUSD,metal,2021-01-18,1,-1.4924,-0.51561,SEAS30,-0.97683,0,neutral,True,SEAS (valid seasonal)
XAUUSD,metal,2021-03-01,-1,-0.026596,-0.25161,SEAS30,0.22501,0,neutral,True,SEAS (valid seasonal)
XAUUSD,metal,2021-04-13,-1,-1.0072,0.25421,SEAS30,-1.2614,0,neutral,True,SEAS (valid seasonal)
XAUUSD,metal,2021-05-25,-1,1.8875,-0.11874,SEAS30,2.0062,0,neutral,True,SEAS (valid seasonal)
XAUUSD,metal,2021-07-06,1,-1.6101,-0.53209,SEAS30,-1.078,0,neutral,True,SEAS (valid seasonal)
XAUUSD,metal,2021-08-17,1,-1.7239,-0.50316,SEAS30,-1.2208,0,neutral,True,SEAS (valid seasonal)
XAUUSD,metal,2021-09-28,1,0.8499,-0.30599,SEAS30,1.1559,0,neutral,True,SEAS (valid seasonal)
XAUUSD,metal,2021-11-09,-1,-1.0034,0.12347,SEAS30,-1.1269,0,neutral,True,SEAS (valid seasonal)
XAUUSD,metal,2021-12-21,1,-0.66514,-0.64688,SEAS30,-0.018263,0,neutral,True,SEAS (valid seasonal)
XAUUSD,metal,2022-02-02,-1,-1.0164,0.14109,SEAS30,-1.1575,0,neutral,True,SEAS (valid seasonal)
XAUUSD,metal,2022-03-16,1,-0.88069,-0.45723,SEAS30,-0.42347,0,neutral,True,SEAS (valid seasonal)
XAUUSD,metal,2022-04-28,1,-1.1985,0.35262,SEAS30,-1.5512,0,neutral,True,SEAS (valid seasonal)
XAUUSD,metal,2022-06-09,1,-1.0773,-0.43026,SEAS30,-0.64707,1,agree,True,SEAS (valid seasonal)
XAUUSD,metal,2022-07-21,1,-0.47868,-0.40148,SEAS30,-0.077203,1,agree,True,SEAS (valid seasonal)
XAUUSD,metal,2022-09-01,1,-1.3108,-0.15778,SEAS30,-1.153,1,agree,True,SEAS (valid seasonal)
XAUUSD,metal,2022-10-13,-1,-1.029,-0.12583,SEAS30,-0.90319,1,against,True,SEAS (valid seasonal)
XAUUSD,metal,2022-11-24,1,1.4971,0.3705,SEAS30,1.1266,0,neutral,True,SEAS (valid seasonal)
XAUUSD,metal,2023-01-09,1,-1.2254,-0.58925,SEAS30,-0.63618,0,neutral,True,SEAS (valid seasonal)
XAUUSD,metal,2023-02-20,-1,-1.0234,-0.66058,SEAS30,-0.36282,0,neutral,True,SEAS (valid seasonal)
XAUUSD,metal,2023-04-03,1,0.17921,-0.8642,SEAS30,1.0434,0,neutral,True,SEAS (valid seasonal)
XAUUSD,metal,2023-05-16,1,-1.0528,-0.42056,SEAS30,-0.63222,0,neutral,True,SEAS (valid seasonal)
XAUUSD,metal,2023-06-27,1,-0.51087,-0.35743,SEAS30,-0.15344,0,neutral,True,SEAS (valid seasonal)
XAUUSD,metal,2023-08-08,1,-1.1677,0.036222,SEAS30,-1.204,0,neutral,True,SEAS (valid seasonal)
XAUUSD,metal,2023-09-19,-1,-1.0619,-0.42657,SEAS30,-0.63534,0,neutral,True,SEAS (valid seasonal)
XAUUSD,metal,2023-10-31,1,-1.1851,-1.0299,SEAS30,-0.15527,0,neutral,True,SEAS (valid seasonal)
XAUUSD,metal,2023-12-12,1,-0.14059,-0.7649,SEAS30,0.62432,0,neutral,True,SEAS (valid seasonal)
XAUUSD,metal,2024-01-25,1,2.0543,0.65445,SEAS30,1.3998,0,neutral,True,SEAS (valid seasonal)
XAUUSD,metal,2024-03-07,-1,-1.0061,-0.59157,SEAS30,-0.41455,0,neutral,True,SEAS (valid seasonal)
XAUUSD,metal,2024-04-19,1,-1.0359,0.65867,SEAS30,-1.6945,0,neutral,True,SEAS (valid seasonal)
XAUUSD,metal,2024-05-31,-1,-1.0364,-0.76608,SEAS30,-0.27036,-1,agree,True,SEAS (valid seasonal)
XAUUSD,metal,2024-07-12,1,-1.2076,0.98734,SEAS30,-2.1949,-1,against,True,SEAS (valid seasonal)
XAUUSD,metal,2024-08-23,-1,-1.0168,-0.81113,SEAS30,-0.20572,-1,agree,True,SEAS (valid seasonal)
XAUUSD,metal,2024-10-04,1,-1.5309,1.2231,SEAS30,-2.7541,-1,against,True,SEAS (valid seasonal)
XAUUSD,metal,2024-11-15,-1,-1.0055,-0.63124,SEAS30,-0.37428,0,neutral,True,SEAS (valid seasonal)
XAUUSD,metal,2024-12-30,1,3.6505,1.5912,SEAS30,2.0593,-1,against,True,SEAS (valid seasonal)
XAUUSD,metal,2025-02-11,1,-1.2432,1.41,SEAS30,-2.6531,-1,against,True,SEAS (valid seasonal)
XAUUSD,metal,2025-03-25,1,4.8132,1.7495,SEAS30,3.0637,-1,against,True,SEAS (valid seasonal)
XAUUSD,metal,2025-05-07,-1,0.14383,-0.78203,SEAS30,0.92585,0,neutral,True,SEAS (valid seasonal)
XAUUSD,metal,2025-06-18,1,-1.0809,0.79722,SEAS30,-1.8781,0,neutral,True,SEAS (valid seasonal)
XAUUSD,metal,2025-07-30,1,3.1212,2.9107,SEAS30,0.2105,0,neutral,True,SEAS (valid seasonal)
XAUUSD,metal,2025-09-10,-1,-1.0118,-0.79184,SEAS30,-0.21992,0,neutral,True,SEAS (valid seasonal)
XAUUSD,metal,2025-10-22,-1,-0.45788,-0.82654,SEAS30,0.36866,-1,agree,True,SEAS (valid seasonal)
XAUUSD,metal,2025-12-03,1,2.3499,1.9053,SEAS30,0.44458,-1,against,True,SEAS (valid seasonal)
XAUUSD,metal,2026-01-16,1,-1.0892,-0.09117,SEAS30,-0.99799,0,neutral,True,SEAS (valid seasonal)
XAUUSD,metal,2026-02-27,1,-1.0451,-0.20601,SEAS30,-0.83907,0,neutral,True,SEAS (valid seasonal)
XAUUSD,metal,2026-04-13,-1,0.45476,-0.076626,SEAS30,0.53138,0,neutral,True,SEAS (valid seasonal)
XAUUSD,metal,2026-05-25,-1,1.8393,-0.11679,SEAS30,1.9561,0,neutral,True,SEAS (valid seasonal)
XAUUSD,metal,2026-07-06,1,0.67662,-0.086341,SEAS30,0.76297,0,neutral,True,SEAS (valid seasonal)
XAUUSD,metal,2026-08-17,1,-0.68365,-0.30047,SEAS30,-0.38318,0,neutral,True,SEAS (valid seasonal)
XAUUSD,metal,2026-09-28,1,-1.0431,-0.042053,SEAS30,-1.001,0,neutral,True,SEAS (valid seasonal)
XPDUSD,metal,2017-01-09,-1,0.021996,-0.87185,VAL_dxy,0.89385,0,neutral,False,VAL_dxy
XPDUSD,metal,2018-02-08,1,-0.74636,-0.54004,VAL_dxy,-0.20632,-1,against,False,VAL_dxy
XPDUSD,metal,2018-04-20,-1,0.80272,-0.35834,VAL_dxy,1.1611,0,neutral,False,VAL_dxy
XPDUSD,metal,2018-05-02,1,0.18004,0.040857,VAL_dxy,0.13918,0,neutral,False,VAL_dxy
XPDUSD,metal,2018-08-16,1,2.3163,-0.40014,VAL_dxy,2.7165,1,agree,False,VAL_dxy
XPDUSD,metal,2018-08-30,-1,-1.1835,-0.57816,VAL_dxy,-0.60539,1,against,False,VAL_dxy
XPDUSD,metal,2019-03-29,1,0.99006,0.60452,VAL_dxy,0.38554,0,neutral,False,VAL_dxy
XPDUSD,metal,2019-06-20,-1,-1.1254,-0.2145,VAL_dxy,-0.91087,0,neutral,False,VAL_dxy
XPDUSD,metal,2019-06-25,-1,-0.076899,-0.55856,VAL_dxy,0.48166,0,neutral,False,VAL_dxy
XPDUSD,metal,2020-01-09,-1,-1.1682,-0.6062,VAL_dxy,-0.56195,0,neutral,False,VAL_dxy
XPDUSD,metal,2020-01-15,-1,-1.1455,-0.070106,VAL_dxy,-1.0754,0,neutral,False,VAL_dxy
XPDUSD,metal,2020-03-12,1,-1.0395,-0.12746,VAL_dxy,-0.912,1,agree,False,VAL_dxy
XPDUSD,metal,2020-03-27,-1,0.56511,-0.44775,VAL_dxy,1.0129,1,against,False,VAL_dxy
XPDUSD,metal,2022-03-07,-1,-1.0733,-0.30431,VAL_dxy,-0.76895,0,neutral,False,VAL_dxy
XPDUSD,metal,2022-03-21,1,-0.20763,-0.26962,VAL_dxy,0.061998,0,neutral,False,VAL_dxy
XPDUSD,metal,2022-03-23,1,-0.12547,0.40375,VAL_dxy,-0.52922,0,neutral,False,VAL_dxy
XPDUSD,metal,2022-03-28,1,-0.46701,-0.14795,VAL_dxy,-0.31906,0,neutral,False,VAL_dxy
XPDUSD,metal,2022-05-09,1,-0.38847,-0.15908,VAL_dxy,-0.22939,1,agree,False,VAL_dxy
XPDUSD,metal,2022-05-16,1,-0.1847,0.15435,VAL_dxy,-0.33905,1,agree,False,VAL_dxy
XPDUSD,metal,2023-12-20,-1,2.5374,0.21999,VAL_dxy,2.3175,1,against,False,VAL_dxy
XPDUSD,metal,2024-01-05,1,-1.1089,-0.46241,VAL_dxy,-0.64644,0,neutral,False,VAL_dxy
XPDUSD,metal,2024-01-09,1,-0.64874,-0.53859,VAL_dxy,-0.11015,0,neutral,False,VAL_dxy
XPDUSD,metal,2024-01-17,1,-1.0585,-0.1944,VAL_dxy,-0.8641,1,agree,False,VAL_dxy
XPDUSD,metal,2024-02-14,1,1.9933,-0.6003,VAL_dxy,2.5936,1,agree,False,VAL_dxy
XPDUSD,metal,2024-11-11,1,-0.51776,-0.47516,VAL_dxy,-0.042597,0,neutral,False,VAL_dxy
XPDUSD,metal,2025-10-17,-1,1.2455,-0.78548,VAL_dxy,2.0309,-1,agree,False,VAL_dxy
XPDUSD,metal,2025-12-24,-1,-0.48544,-0.63372,VAL_dxy,0.14827,-1,agree,False,VAL_dxy
XPDUSD,metal,2025-12-29,-1,-1.0776,-0.68723,VAL_dxy,-0.39033,-1,agree,False,VAL_dxy
XPDUSD,metal,2026-02-12,1,-0.35812,-0.51971,VAL_dxy,0.16159,-1,against,False,VAL_dxy
XPDUSD,metal,2017-03-27,-1,0.033608,-0.87158,VAL_dxy_level,0.90519,0,neutral,False,VAL_dxy_level
XPDUSD,metal,2018-04-23,-1,0.95716,-0.23597,VAL_dxy_level,1.1931,0,neutral,False,VAL_dxy_level
XPDUSD,metal,2018-10-23,-1,-1.2414,-0.62589,VAL_dxy_level,-0.61552,0,neutral,False,VAL_dxy_level
XPDUSD,metal,2019-06-25,-1,-0.076899,-0.72798,VAL_dxy_level,0.65108,0,neutral,False,VAL_dxy_level
XPDUSD,metal,2019-09-03,-1,-1.1217,-0.56649,VAL_dxy_level,-0.5552,0,neutral,False,VAL_dxy_level
XPDUSD,metal,2020-09-09,-1,-1.0985,-0.37554,VAL_dxy_level,-0.72298,1,against,False,VAL_dxy_level
XPDUSD,metal,2020-10-02,-1,-1.1046,-0.38682,VAL_dxy_level,-0.71779,1,against,False,VAL_dxy_level
XPDUSD,metal,2020-11-06,-1,0.26536,-0.62637,VAL_dxy_level,0.89173,1,against,False,VAL_dxy_level
XPDUSD,metal,2021-07-05,-1,0.5363,-0.081396,VAL_dxy_level,0.61769,1,against,False,VAL_dxy_level
XPDUSD,metal,2021-12-01,1,-1.1395,-0.35309,VAL_dxy_level,-0.78644,1,agree,False,VAL_dxy_level
XPDUSD,metal,2022-06-13,1,1.0495,-0.057789,VAL_dxy_level,1.1072,1,agree,False,VAL_dxy_level
XPDUSD,metal,2022-08-04,1,0.1264,-0.20329,VAL_dxy_level,0.32969,1,agree,False,VAL_dxy_level
XPDUSD,metal,2022-09-05,1,0.63984,-0.38081,VAL_dxy_level,1.0207,1,agree,False,VAL_dxy_level
XPDUSD,metal,2022-09-27,1,-0.49459,-0.27485,VAL_dxy_level,-0.21974,1,agree,False,VAL_dxy_level
XPDUSD,metal,2022-10-17,1,-1.1476,-0.56657,VAL_dxy_level,-0.58099,0,neutral,False,VAL_dxy_level
XPDUSD,metal,2022-11-21,1,-1.1931,-0.20713,VAL_dxy_level,-0.98593,1,agree,False,VAL_dxy_level
XPDUSD,metal,2023-05-01,1,-0.81481,-0.65012,VAL_dxy_level,-0.16469,1,agree,False,VAL_dxy_level
XPDUSD,metal,2023-05-17,1,-1.1669,-0.53976,VAL_dxy_level,-0.62718,1,agree,False,VAL_dxy_level
XPDUSD,metal,2024-01-05,1,-1.1089,-0.23699,VAL_dxy_level,-0.87187,0,neutral,False,VAL_dxy_level
XPDUSD,metal,2024-03-28,1,-0.18758,-0.17493,VAL_dxy_level,-0.012654,1,agree,False,VAL_dxy_level
XPDUSD,metal,2024-04-25,1,-0.27342,-0.26385,VAL_dxy_level,-0.0095711,0,neutral,False,VAL_dxy_level
XPDUSD,metal,2024-11-28,1,-1.2373,-0.49666,VAL_dxy_level,-0.74066,0,neutral,False,VAL_dxy_level
XPDUSD,metal,2025-02-24,1,-1.1346,0.82338,VAL_dxy_level,-1.958,0,neutral,False,VAL_dxy_level
XPDUSD,metal,2025-07-14,-1,-1.0736,-0.40663,VAL_dxy_level,-0.66701,0,neutral,False,VAL_dxy_level
XPDUSD,metal,2025-09-24,-1,-1.093,-0.76518,VAL_dxy_level,-0.32779,-1,agree,False,VAL_dxy_level
XPDUSD,metal,2026-02-27,-1,1.6205,0.11594,VAL_dxy_level,1.5046,-1,agree,False,VAL_dxy_level
XPDUSD,metal,2015-02-06,-1,0.010388,0.51923,SEAS10,-0.50884,0,neutral,False,SEAS (bernd_bias bug)
XPDUSD,metal,2015-02-20,-1,-1.0629,0.16285,SEAS10,-1.2257,0,neutral,False,SEAS (bernd_bias bug)
XPDUSD,metal,2015-03-06,-1,1.7811,0.31601,SEAS10,1.4651,0,neutral,False,SEAS (bernd_bias bug)
XPDUSD,metal,2015-04-06,-1,-1.0562,0.74265,SEAS10,-1.7988,0,neutral,False,SEAS (bernd_bias bug)
XPDUSD,metal,2015-04-20,-1,0.20285,0.47972,SEAS10,-0.27687,0,neutral,False,SEAS (bernd_bias bug)
XPDUSD,metal,2015-05-04,-1,-0.37744,0.51568,SEAS10,-0.89311,0,neutral,False,SEAS (bernd_bias bug)
XPDUSD,metal,2015-06-01,-1,1.3293,0.4748,SEAS10,0.85446,0,neutral,False,SEAS (bernd_bias bug)
XPDUSD,metal,2015-06-15,-1,2.4098,0.04221,SEAS10,2.3676,0,neutral,False,SEAS (bernd_bias bug)
XPDUSD,metal,2015-06-29,-1,0.9916,-0.027339,SEAS10,1.0189,1,against,False,SEAS (bernd_bias bug)
XPDUSD,metal,2015-07-13,-1,0.65824,0.26767,SEAS10,0.39057,1,against,False,SEAS (bernd_bias bug)
XPDUSD,metal,2015-07-27,-1,0.4839,0.54543,SEAS10,-0.061535,1,against,False,SEAS (bernd_bias bug)
XPDUSD,metal,2015-08-10,-1,-0.17429,0.13303,SEAS10,-0.30732,1,against,False,SEAS (bernd_bias bug)
XPDUSD,metal,2015-08-24,-1,0.73451,0.54104,SEAS10,0.19347,1,against,False,SEAS (bernd_bias bug)
XPDUSD,metal,2015-09-07,-1,-0.71432,0.42892,SEAS10,-1.1432,1,against,False,SEAS (bernd_bias bug)
XPDUSD,metal,2015-09-21,-1,-1.0255,0.3052,SEAS10,-1.3307,1,against,False,SEAS (bernd_bias bug)
XPDUSD,metal,2015-10-05,-1,-0.021398,0.46784,SEAS10,-0.48924,1,against,False,SEAS (bernd_bias bug)
XPDUSD,metal,2015-10-19,-1,0.36412,0.45599,SEAS10,-0.09187,0,neutral,False,SEAS (bernd_bias bug)
XPDUSD,metal,2015-11-02,-1,3.3678,0.49709,SEAS10,2.8707,0,neutral,False,SEAS (bernd_bias bug)
XPDUSD,metal,2015-11-16,-1,-0.29166,-0.097811,SEAS10,-0.19385,0,neutral,False,SEAS (bernd_bias bug)
XPDUSD,metal,2015-11-30,-1,0.090533,0.13512,SEAS10,-0.044582,1,against,False,SEAS (bernd_bias bug)
XPDUSD,metal,2015-12-14,-1,-0.32118,0.53887,SEAS10,-0.86005,1,against,False,SEAS (bernd_bias bug)
XPDUSD,metal,2015-12-29,-1,2.4142,0.45498,SEAS10,1.9593,1,against,False,SEAS (bernd_bias bug)
XPDUSD,metal,2016-01-13,-1,-1.0539,-0.60786,SEAS10,-0.44605,1,against,False,SEAS (bernd_bias bug)
XPDUSD,metal,2016-01-27,-1,-0.66618,-0.51986,SEAS10,-0.14632,1,against,False,SEAS (bernd_bias bug)
XPDUSD,metal,2016-02-10,-1,0.41104,-0.019106,SEAS10,0.43014,1,against,False,SEAS (bernd_bias bug)
XPDUSD,metal,2016-02-24,-1,-1.1057,-0.56374,SEAS10,-0.54199,1,against,False,SEAS (bernd_bias bug)
XPDUSD,metal,2016-03-09,-1,-1.0873,0.014386,SEAS10,-1.1017,1,against,False,SEAS (bernd_bias bug)
XPDUSD,metal,2016-03-23,-1,1.5742,-0.22846,SEAS10,1.8027,1,against,False,SEAS (bernd_bias bug)
XPDUSD,metal,2016-04-07,-1,-1.0973,-0.36297,SEAS10,-0.73436,1,against,False,SEAS (bernd_bias bug)
XPDUSD,metal,2016-04-21,-1,-1.0711,-0.91043,SEAS10,-0.16063,1,against,False,SEAS (bernd_bias bug)
XPDUSD,metal,2016-05-05,-1,0.58144,-0.11133,SEAS10,0.69277,1,against,False,SEAS (bernd_bias bug)
XPDUSD,metal,2016-05-19,-1,0.71794,-0.21728,SEAS10,0.93522,1,against,False,SEAS (bernd_bias bug)
XPDUSD,metal,2016-06-02,-1,-4.5194,-0.41548,SEAS10,-4.1039,1,against,False,SEAS (bernd_bias bug)
XPDUSD,metal,2016-10-17,-1,0.55808,-0.025519,SEAS10,0.5836,0,neutral,False,SEAS (bernd_bias bug)
XPDUSD,metal,2016-10-31,-1,-1.5353,-0.89948,SEAS10,-0.63582,0,neutral,False,SEAS (bernd_bias bug)
XPDUSD,metal,2016-11-16,-1,-1.0508,-0.10132,SEAS10,-0.94953,1,against,False,SEAS (bernd_bias bug)
XPDUSD,metal,2016-11-30,-1,0.66304,-0.73685,SEAS10,1.3999,0,neutral,False,SEAS (bernd_bias bug)
XPDUSD,metal,2016-12-14,-1,1.4436,-0.23804,SEAS10,1.6817,0,neutral,False,SEAS (bernd_bias bug)
XPDUSD,metal,2016-12-29,-1,-1.0328,-0.18614,SEAS10,-0.84669,0,neutral,False,SEAS (bernd_bias bug)
XPDUSD,metal,2017-01-13,-1,-1.1395,-0.70245,SEAS10,-0.43702,0,neutral,False,SEAS (bernd_bias bug)
XPDUSD,metal,2017-01-27,-1,-1.092,-0.15912,SEAS10,-0.9329,0,neutral,False,SEAS (bernd_bias bug)
XPDUSD,metal,2017-02-10,-1,-0.24359,-0.8379,SEAS10,0.5943,0,neutral,False,SEAS (bernd_bias bug)
XPDUSD,metal,2017-02-24,-1,0.54564,-0.50791,SEAS10,1.0536,0,neutral,False,SEAS (bernd_bias bug)
XPDUSD,metal,2017-03-10,-1,-1.1387,-0.47911,SEAS10,-0.65964,0,neutral,False,SEAS (bernd_bias bug)
XPDUSD,metal,2017-03-24,-1,-0.34082,-0.41144,SEAS10,0.070618,0,neutral,False,SEAS (bernd_bias bug)
XPDUSD,metal,2017-04-07,-1,0.14262,-0.54974,SEAS10,0.69236,0,neutral,False,SEAS (bernd_bias bug)
XPDUSD,metal,2017-04-24,-1,-1.1207,-0.58421,SEAS10,-0.53654,0,neutral,False,SEAS (bernd_bias bug)
XPDUSD,metal,2017-05-08,-1,1.4328,-0.63309,SEAS10,2.0659,0,neutral,False,SEAS (bernd_bias bug)
XPDUSD,metal,2017-05-22,-1,-1.1321,-0.58536,SEAS10,-0.54679,0,neutral,False,SEAS (bernd_bias bug)
XPDUSD,metal,2017-06-05,-1,-1.1076,-0.63137,SEAS10,-0.47623,0,neutral,False,SEAS (bernd_bias bug)
XPDUSD,metal,2017-06-20,-1,0.10651,-0.60263,SEAS10,0.70913,0,neutral,False,SEAS (bernd_bias bug)
XPDUSD,metal,2017-07-04,-1,-0.55678,-0.5494,SEAS10,-0.0073869,0,neutral,False,SEAS (bernd_bias bug)
XPDUSD,metal,2017-07-18,-1,-0.70974,-0.2944,SEAS10,-0.41534,0,neutral,False,SEAS (bernd_bias bug)
XPDUSD,metal,2017-08-01,-1,-0.39796,-0.75589,SEAS10,0.35793,0,neutral,False,SEAS (bernd_bias bug)
XPDUSD,metal,2017-08-15,-1,-1.1022,-0.47453,SEAS10,-0.62762,0,neutral,False,SEAS (bernd_bias bug)
XPDUSD,metal,2017-08-29,-1,-1.112,-0.56233,SEAS10,-0.54967,0,neutral,False,SEAS (bernd_bias bug)
XPDUSD,metal,2017-09-12,-1,0.35429,-0.48134,SEAS10,0.83563,0,neutral,False,SEAS (bernd_bias bug)
XPDUSD,metal,2017-09-26,-1,-0.46175,-0.35545,SEAS10,-0.1063,-1,agree,False,SEAS (bernd_bias bug)
XPDUSD,metal,2017-10-10,-1,-1.0878,-0.43304,SEAS10,-0.65472,-1,agree,False,SEAS (bernd_bias bug)
XPDUSD,metal,2017-10-24,-1,-1.1059,-0.48863,SEAS10,-0.61723,-1,agree,False,SEAS (bernd_bias bug)
XPDUSD,metal,2017-11-07,-1,0.098119,-0.69876,SEAS10,0.79688,-1,agree,False,SEAS (bernd_bias bug)
XPDUSD,metal,2017-11-21,-1,-1.1346,-0.57209,SEAS10,-0.56252,-1,agree,False,SEAS (bernd_bias bug)
XPDUSD,metal,2017-12-05,-1,-1.1543,-0.28225,SEAS10,-0.8721,-1,agree,False,SEAS (bernd_bias bug)
XPDUSD,metal,2017-12-19,-1,-1.1291,-0.51013,SEAS10,-0.61901,-1,agree,False,SEAS (bernd_bias bug)
XPDUSD,metal,2018-01-04,-1,-1.166,-0.20118,SEAS10,-0.96479,-1,agree,False,SEAS (bernd_bias bug)
XPDUSD,metal,2018-01-18,-1,1.8108,-0.25272,SEAS10,2.0635,-1,agree,False,SEAS (bernd_bias bug)
XPDUSD,metal,2018-02-01,-1,0.4489,-0.44259,SEAS10,0.89149,-1,agree,False,SEAS (bernd_bias bug)
XPDUSD,metal,2018-02-15,-1,-1.0962,-0.39985,SEAS10,-0.6964,0,neutral,False,SEAS (bernd_bias bug)
XPDUSD,metal,2018-03-01,-1,1.0672,-0.42832,SEAS10,1.4955,0,neutral,False,SEAS (bernd_bias bug)
XPDUSD,metal,2018-03-15,-1,0.30014,-0.32777,SEAS10,0.62791,0,neutral,False,SEAS (bernd_bias bug)
XPDUSD,metal,2018-03-29,-1,-0.084916,-0.32094,SEAS10,0.23602,0,neutral,False,SEAS (bernd_bias bug)
XPDUSD,metal,2018-04-13,-1,-1.1009,-0.048959,SEAS10,-1.052,0,neutral,False,SEAS (bernd_bias bug)
XPDUSD,metal,2018-04-27,-1,-0.30685,-0.48676,SEAS10,0.17991,0,neutral,False,SEAS (bernd_bias bug)
XPDUSD,metal,2018-05-11,-1,0.35006,-0.34025,SEAS10,0.69031,0,neutral,False,SEAS (bernd_bias bug)
XPDUSD,metal,2018-05-25,-1,-1.1684,-0.54352,SEAS10,-0.62491,0,neutral,False,SEAS (bernd_bias bug)
XPDUSD,metal,2018-06-08,-1,1.394,-0.57683,SEAS10,1.9708,0,neutral,False,SEAS (bernd_bias bug)
XPDUSD,metal,2018-06-22,-1,-0.11156,-0.37832,SEAS10,0.26676,0,neutral,False,SEAS (bernd_bias bug)
XPDUSD,metal,2018-07-06,-1,1.8654,-0.33938,SEAS10,2.2048,0,neutral,False,SEAS (bernd_bias bug)
XPDUSD,metal,2018-07-20,-1,-1.107,0.063751,SEAS10,-1.1708,0,neutral,False,SEAS (bernd_bias bug)
XPDUSD,metal,2018-08-03,-1,0.63012,-0.27664,SEAS10,0.90676,1,against,False,SEAS (bernd_bias bug)
XPDUSD,metal,2018-08-17,-1,-1.1146,-0.082065,SEAS10,-1.0325,1,against,False,SEAS (bernd_bias bug)
XPDUSD,metal,2018-08-31,-1,-0.43663,-0.13324,SEAS10,-0.30339,1,against,False,SEAS (bernd_bias bug)
XPDUSD,metal,2018-09-14,-1,-1.115,-0.42499,SEAS10,-0.68996,1,against,False,SEAS (bernd_bias bug)
XPDUSD,metal,2018-09-28,-1,-0.091628,-0.41316,SEAS10,0.32153,0,neutral,False,SEAS (bernd_bias bug)
XPDUSD,metal,2018-10-12,-1,-1.1422,-0.57274,SEAS10,-0.5695,0,neutral,False,SEAS (bernd_bias bug)
XPDUSD,metal,2018-10-26,-1,-0.65133,-0.47662,SEAS10,-0.1747,0,neutral,False,SEAS (bernd_bias bug)
XPDUSD,metal,2018-11-09,-1,-1.1024,-0.38516,SEAS10,-0.71725,0,neutral,False,SEAS (bernd_bias bug)
XPDUSD,metal,2018-11-23,-1,-1.1113,-0.43778,SEAS10,-0.6735,0,neutral,False,SEAS (bernd_bias bug)
XPDUSD,metal,2018-12-07,-1,-1.0867,-0.39177,SEAS10,-0.69495,0,neutral,False,SEAS (bernd_bias bug)
XPDUSD,metal,2018-12-21,-1,-0.76858,-0.19796,SEAS10,-0.57062,0,neutral,False,SEAS (bernd_bias bug)
XPDUSD,metal,2019-01-08,-1,-1.133,-0.5804,SEAS10,-0.55257,0,neutral,False,SEAS (bernd_bias bug)
XPDUSD,metal,2019-01-22,-1,-0.21623,-0.092484,SEAS10,-0.12375,0,neutral,False,SEAS (bernd_bias bug)
XPDUSD,metal,2019-02-05,-1,-1.1149,-0.29851,SEAS10,-0.81641,0,neutral,False,SEAS (bernd_bias bug)
XPDUSD,metal,2019-02-19,-1,-1.1042,-0.36472,SEAS10,-0.73952,0,neutral,False,SEAS (bernd_bias bug)
XPDUSD,metal,2019-03-05,-1,-0.86164,-0.37656,SEAS10,-0.48507,0,neutral,False,SEAS (bernd_bias bug)
XPDUSD,metal,2019-03-19,-1,2.0768,-0.78883,SEAS10,2.8656,0,neutral,False,SEAS (bernd_bias bug)
XPDUSD,metal,2019-04-02,-1,0.62921,-0.42303,SEAS10,1.0522,0,neutral,False,SEAS (bernd_bias bug)
XPDUSD,metal,2019-04-16,-1,-1.0845,-0.72152,SEAS10,-0.36296,0,neutral,False,SEAS (bernd_bias bug)
XPDUSD,metal,2019-05-01,-1,0.48063,-0.45738,SEAS10,0.93801,0,neutral,False,SEAS (bernd_bias bug)
XPDUSD,metal,2019-05-15,-1,-0.11602,-0.62961,SEAS10,0.51359,0,neutral,False,SEAS (bernd_bias bug)
XPDUSD,metal,2019-05-29,-1,-0.83453,-0.4019,SEAS10,-0.43263,0,neutral,False,SEAS (bernd_bias bug)
XPDUSD,metal,2019-06-12,-1,-1.0877,-0.78095,SEAS10,-0.30671,0,neutral,False,SEAS (bernd_bias bug)
XPDUSD,metal,2019-06-26,-1,-0.36851,-0.33275,SEAS10,-0.035758,0,neutral,False,SEAS (bernd_bias bug)
XPDUSD,metal,2019-07-10,-1,0.22132,-0.48983,SEAS10,0.71115,0,neutral,False,SEAS (bernd_bias bug)
XPDUSD,metal,2019-07-24,-1,1.0596,-0.49571,SEAS10,1.5554,0,neutral,False,SEAS (bernd_bias bug)
XPDUSD,metal,2019-08-07,-1,-0.6925,-0.30899,SEAS10,-0.38351,0,neutral,False,SEAS (bernd_bias bug)
XPDUSD,metal,2019-08-21,-1,-0.80856,-0.82435,SEAS10,0.01579,0,neutral,False,SEAS (bernd_bias bug)
XPDUSD,metal,2019-09-04,-1,-1.1184,-0.40634,SEAS10,-0.71208,0,neutral,False,SEAS (bernd_bias bug)
XPDUSD,metal,2019-09-18,-1,-1.0965,-0.63223,SEAS10,-0.46431,0,neutral,False,SEAS (bernd_bias bug)
XPDUSD,metal,2019-10-02,-1,-1.1204,-0.60758,SEAS10,-0.5128,0,neutral,False,SEAS (bernd_bias bug)
XPDUSD,metal,2019-10-16,-1,-1.115,-0.40493,SEAS10,-0.71004,0,neutral,False,SEAS (bernd_bias bug)
XPDUSD,metal,2019-10-30,-1,1.0407,-0.37078,SEAS10,1.4115,0,neutral,False,SEAS (bernd_bias bug)
XPDUSD,metal,2019-11-13,-1,-1.0911,-0.34276,SEAS10,-0.74839,0,neutral,False,SEAS (bernd_bias bug)
XPDUSD,metal,2019-11-27,-1,-1.1074,-0.52938,SEAS10,-0.57797,0,neutral,False,SEAS (bernd_bias bug)
XPDUSD,metal,2019-12-11,-1,-1.0939,-0.42669,SEAS10,-0.66716,0,neutral,False,SEAS (bernd_bias bug)
XPDUSD,metal,2019-12-26,-1,-1.0818,-0.6409,SEAS10,-0.44087,0,neutral,False,SEAS (bernd_bias bug)
XPDUSD,metal,2020-01-10,-1,-1.1536,-0.035592,SEAS10,-1.118,0,neutral,False,SEAS (bernd_bias bug)
XPDUSD,metal,2020-01-24,-1,0.43385,-0.46247,SEAS10,0.89631,0,neutral,False,SEAS (bernd_bias bug)
XPDUSD,metal,2020-02-07,-1,-1.0603,-0.19306,SEAS10,-0.86723,0,neutral,False,SEAS (bernd_bias bug)
XPDUSD,metal,2020-02-21,-1,0.57888,-0.22538,SEAS10,0.80426,1,against,False,SEAS (bernd_bias bug)
XPDUSD,metal,2020-03-06,-1,2.9017,-0.059648,SEAS10,2.9614,1,against,False,SEAS (bernd_bias bug)
XPDUSD,metal,2020-03-20,-1,-1.031,-0.36651,SEAS10,-0.66453,1,against,False,SEAS (bernd_bias bug)
XPDUSD,metal,2020-04-03,-1,0.090049,-0.12885,SEAS10,0.2189,1,against,False,SEAS (bernd_bias bug)
XPDUSD,metal,2020-04-20,-1,0.71039,0.099837,SEAS10,0.61055,1,against,False,SEAS (bernd_bias bug)
XPDUSD,metal,2020-05-04,-1,0.094955,-0.44868,SEAS10,0.54363,1,against,False,SEAS (bernd_bias bug)
XPDUSD,metal,2020-05-18,-1,-1.0632,-0.39296,SEAS10,-0.67022,1,against,False,SEAS (bernd_bias bug)
XPDUSD,metal,2020-06-01,1,-0.32731,0.28401,SEAS10,-0.61131,1,agree,False,SEAS (bernd_bias bug)
XPDUSD,metal,2020-06-15,-1,0.14202,-0.32994,SEAS10,0.47196,1,against,False,SEAS (bernd_bias bug)
XPDUSD,metal,2020-06-29,-1,-0.64962,-0.64578,SEAS10,-0.0038416,1,against,False,SEAS (bernd_bias bug)
XPDUSD,metal,2020-07-13,-1,-1.1392,-0.29454,SEAS10,-0.84464,1,against,False,SEAS (bernd_bias bug)
XPDUSD,metal,2020-07-27,-1,-1.0982,-0.35185,SEAS10,-0.74634,1,against,False,SEAS (bernd_bias bug)
XPDUSD,metal,2020-08-10,-1,-0.090921,-0.22891,SEAS10,0.13799,1,against,False,SEAS (bernd_bias bug)
XPDUSD,metal,2020-08-24,-1,-0.67199,-0.35292,SEAS10,-0.31907,1,against,False,SEAS (bernd_bias bug)
XPDUSD,metal,2020-09-07,-1,-0.35473,-0.46883,SEAS10,0.1141,1,against,False,SEAS (bernd_bias bug)
XPDUSD,metal,2020-09-21,-1,0.24919,-0.48751,SEAS10,0.73671,1,against,False,SEAS (bernd_bias bug)
XPDUSD,metal,2020-10-05,-1,-1.1025,-0.20002,SEAS10,-0.90252,1,against,False,SEAS (bernd_bias bug)
XPDUSD,metal,2020-10-19,-1,0.67193,-0.44284,SEAS10,1.1148,1,against,False,SEAS (bernd_bias bug)
XPDUSD,metal,2020-11-02,-1,-1.1073,0.17443,SEAS10,-1.2818,1,against,False,SEAS (bernd_bias bug)
XPDUSD,metal,2020-11-16,-1,-0.65553,-0.509,SEAS10,-0.14653,1,against,False,SEAS (bernd_bias bug)
XPDUSD,metal,2020-11-30,-1,0.60247,-0.17342,SEAS10,0.77588,1,against,False,SEAS (bernd_bias bug)
XPDUSD,metal,2020-12-14,-1,-1.1259,-0.56001,SEAS10,-0.56588,1,against,False,SEAS (bernd_bias bug)
XPDUSD,metal,2020-12-29,-1,-1.1043,-0.46936,SEAS10,-0.63497,1,against,False,SEAS (bernd_bias bug)
XPDUSD,metal,2021-01-13,-1,0.35124,-0.33874,SEAS10,0.68998,1,against,False,SEAS (bernd_bias bug)
XPDUSD,metal,2021-01-27,-1,-0.097972,-0.33173,SEAS10,0.23375,1,against,False,SEAS (bernd_bias bug)
XPDUSD,metal,2021-02-10,1,-0.18039,-0.34885,SEAS10,0.16845,1,agree,False,SEAS (bernd_bias bug)
XPDUSD,metal,2021-02-24,-1,-1.126,-0.21883,SEAS10,-0.90714,1,against,False,SEAS (bernd_bias bug)
XPDUSD,metal,2021-03-10,-1,-1.1326,0.048135,SEAS10,-1.1807,1,against,False,SEAS (bernd_bias bug)
XPDUSD,metal,2021-03-24,-1,-0.2643,0.065285,SEAS10,-0.32959,1,against,False,SEAS (bernd_bias bug)
XPDUSD,metal,2021-04-08,-1,-1.1076,-0.51747,SEAS10,-0.59012,1,against,False,SEAS (bernd_bias bug)
XPDUSD,metal,2021-04-22,-1,-0.80767,-0.13501,SEAS10,-0.67266,0,neutral,False,SEAS (bernd_bias bug)
XPDUSD,metal,2021-05-06,-1,0.49583,-0.27964,SEAS10,0.77547,0,neutral,False,SEAS (bernd_bias bug)
XPDUSD,metal,2021-05-20,-1,-0.068656,-0.29903,SEAS10,0.23038,0,neutral,False,SEAS (bernd_bias bug)
XPDUSD,metal,2021-06-03,-1,0.17893,-0.10186,SEAS10,0.28079,1,against,False,SEAS (bernd_bias bug)
XPDUSD,metal,2021-06-17,-1,-0.049471,-0.30218,SEAS10,0.2527,0,neutral,False,SEAS (bernd_bias bug)
XPDUSD,metal,2021-07-01,-1,-0.35431,0.15283,SEAS10,-0.50713,1,against,False,SEAS (bernd_bias bug)
XPDUSD,metal,2021-07-15,-1,0.81383,-0.12951,SEAS10,0.94333,1,against,False,SEAS (bernd_bias bug)
XPDUSD,metal,2021-07-29,-1,-0.17225,0.010274,SEAS10,-0.18252,1,against,False,SEAS (bernd_bias bug)
XPDUSD,metal,2021-08-12,-1,1.1082,-0.51802,SEAS10,1.6262,1,against,False,SEAS (bernd_bias bug)
XPDUSD,metal,2021-08-26,-1,0.84823,-0.19772,SEAS10,1.046,1,against,False,SEAS (bernd_bias bug)
XPDUSD,metal,2021-09-09,-1,0.95928,-0.37437,SEAS10,1.3336,1,against,False,SEAS (bernd_bias bug)
XPDUSD,metal,2021-09-23,-1,0.4636,0.023357,SEAS10,0.44024,1,against,False,SEAS (bernd_bias bug)
XPDUSD,metal,2021-10-07,-1,-1.1237,-0.27536,SEAS10,-0.84829,1,against,False,SEAS (bernd_bias bug)
XPDUSD,metal,2021-10-21,-1,0.22344,-0.083451,SEAS10,0.30689,1,against,False,SEAS (bernd_bias bug)
XPDUSD,metal,2021-11-04,-1,-1.1058,-0.20866,SEAS10,-0.89711,1,against,False,SEAS (bernd_bias bug)
XPDUSD,metal,2021-11-18,-1,2.9227,-0.21387,SEAS10,3.1365,1,against,False,SEAS (bernd_bias bug)
XPDUSD,metal,2021-12-02,-1,0.75524,0.19017,SEAS10,0.56507,1,against,False,SEAS (bernd_bias bug)
XPDUSD,metal,2021-12-16,-1,-1.0824,0.1461,SEAS10,-1.2285,1,against,False,SEAS (bernd_bias bug)
XPDUSD,metal,2021-12-31,-1,0.26714,-0.3043,SEAS10,0.57144,1,against,False,SEAS (bernd_bias bug)
XPDUSD,metal,2022-01-14,-1,-1.1336,-0.17267,SEAS10,-0.96096,1,against,False,SEAS (bernd_bias bug)
XPDUSD,metal,2022-01-28,-1,0.46074,-0.51336,SEAS10,0.9741,1,against,False,SEAS (bernd_bias bug)
XPDUSD,metal,2022-02-11,1,0.55752,-0.25422,SEAS10,0.81174,1,agree,False,SEAS (bernd_bias bug)
XPDUSD,metal,2022-02-25,-1,-1.0913,0.019624,SEAS10,-1.1109,1,against,False,SEAS (bernd_bias bug)
XPDUSD,metal,2022-03-11,-1,0.81093,-0.094369,SEAS10,0.9053,0,neutral,False,SEAS (bernd_bias bug)
XPDUSD,metal,2022-03-25,-1,0.59484,-0.43753,SEAS10,1.0324,0,neutral,False,SEAS (bernd_bias bug)
XPDUSD,metal,2022-04-08,-1,-0.47731,-0.48411,SEAS10,0.0068038,1,against,False,SEAS (bernd_bias bug)
XPDUSD,metal,2022-04-25,-1,0.98277,-0.29379,SEAS10,1.2766,1,against,False,SEAS (bernd_bias bug)
XPDUSD,metal,2022-05-09,-1,0.20205,-0.36234,SEAS10,0.5644,1,against,False,SEAS (bernd_bias bug)
XPDUSD,metal,2022-05-23,-1,-0.12722,-0.10614,SEAS10,-0.021086,1,against,False,SEAS (bernd_bias bug)
XPDUSD,metal,2022-06-06,-1,0.57365,0.087148,SEAS10,0.48651,1,against,False,SEAS (bernd_bias bug)
XPDUSD,metal,2022-06-20,-1,-1.1553,-0.38246,SEAS10,-0.77288,1,against,False,SEAS (bernd_bias bug)
XPDUSD,metal,2022-07-04,-1,-1.1466,-0.16694,SEAS10,-0.97961,1,against,False,SEAS (bernd_bias bug)
XPDUSD,metal,2022-07-18,-1,-1.1288,-0.2216,SEAS10,-0.90723,1,against,False,SEAS (bernd_bias bug)
XPDUSD,metal,2022-08-01,-1,-0.65579,-0.085219,SEAS10,-0.57057,1,against,False,SEAS (bernd_bias bug)
XPDUSD,metal,2022-08-15,-1,0.50242,-0.2075,SEAS10,0.70992,1,against,False,SEAS (bernd_bias bug)
XPDUSD,metal,2022-08-29,-1,-0.51346,-0.26457,SEAS10,-0.2489,1,against,False,SEAS (bernd_bias bug)
XPDUSD,metal,2022-09-12,-1,0.48605,-0.41919,SEAS10,0.90523,1,against,False,SEAS (bernd_bias bug)
XPDUSD,metal,2022-09-26,-1,-1.1193,-0.39969,SEAS10,-0.71958,1,against,False,SEAS (bernd_bias bug)
XPDUSD,metal,2022-10-10,-1,0.65432,-0.10634,SEAS10,0.76066,0,neutral,False,SEAS (bernd_bias bug)
XPDUSD,metal,2022-10-24,-1,0.60433,-0.37654,SEAS10,0.98087,1,against,False,SEAS (bernd_bias bug)
XPDUSD,metal,2022-11-07,-1,-1.1235,-0.14585,SEAS10,-0.97762,1,against,False,SEAS (bernd_bias bug)
XPDUSD,metal,2022-11-21,-1,-0.0020926,-0.15452,SEAS10,0.15243,1,against,False,SEAS (bernd_bias bug)
XPDUSD,metal,2022-12-05,-1,0.88126,-0.23899,SEAS10,1.1203,1,against,False,SEAS (bernd_bias bug)
XPDUSD,metal,2022-12-19,-1,-0.1388,-0.34171,SEAS10,0.20291,0,neutral,False,SEAS (bernd_bias bug)
XPDUSD,metal,2023-01-04,1,0.084668,-0.59248,SEAS10,0.67715,1,agree,False,SEAS (bernd_bias bug)
XPDUSD,metal,2023-01-18,-1,0.43823,-0.024007,SEAS10,0.46223,1,against,False,SEAS (bernd_bias bug)
XPDUSD,metal,2023-02-01,1,-1.1109,-0.3878,SEAS10,-0.72314,1,agree,False,SEAS (bernd_bias bug)
XPDUSD,metal,2023-02-15,1,-0.61174,-0.27494,SEAS10,-0.33681,1,agree,False,SEAS (bernd_bias bug)
XPDUSD,metal,2023-03-01,-1,-0.70497,0.28303,SEAS10,-0.988,1,against,False,SEAS (bernd_bias bug)
XPDUSD,metal,2023-03-15,1,-0.68719,-0.38116,SEAS10,-0.30603,1,agree,False,SEAS (bernd_bias bug)
XPDUSD,metal,2023-03-29,-1,-0.50253,-0.26645,SEAS10,-0.23607,1,against,False,SEAS (bernd_bias bug)
XPDUSD,metal,2023-04-13,-1,-1.0727,0.19636,SEAS10,-1.269,1,against,False,SEAS (bernd_bias bug)
XPDUSD,metal,2023-04-27,-1,-1.0877,0.15994,SEAS10,-1.2476,1,against,False,SEAS (bernd_bias bug)
XPDUSD,metal,2023-05-11,-1,1.2867,0.35968,SEAS10,0.92704,1,against,False,SEAS (bernd_bias bug)
XPDUSD,metal,2023-05-25,-1,0.084962,0.016888,SEAS10,0.068074,1,against,False,SEAS (bernd_bias bug)
XPDUSD,metal,2023-06-08,-1,0.21528,0.13566,SEAS10,0.079626,1,against,False,SEAS (bernd_bias bug)
XPDUSD,metal,2023-06-22,-1,0.83338,0.32509,SEAS10,0.50829,1,against,False,SEAS (bernd_bias bug)
XPDUSD,metal,2023-07-06,-1,-0.62403,0.19985,SEAS10,-0.82388,1,against,False,SEAS (bernd_bias bug)
XPDUSD,metal,2023-07-20,-1,0.52496,0.08225,SEAS10,0.44271,1,against,False,SEAS (bernd_bias bug)
XPDUSD,metal,2023-08-03,-1,-1.1046,0.23797,SEAS10,-1.3426,1,against,False,SEAS (bernd_bias bug)
XPDUSD,metal,2023-08-17,-1,-0.33616,0.14847,SEAS10,-0.48463,1,against,False,SEAS (bernd_bias bug)
XPDUSD,metal,2023-08-31,-1,-0.31535,0.31631,SEAS10,-0.63166,1,against,False,SEAS (bernd_bias bug)
XPDUSD,metal,2023-09-14,-1,0.24254,-0.018817,SEAS10,0.26135,1,against,False,SEAS (bernd_bias bug)
XPDUSD,metal,2023-09-28,1,-1.1562,-0.48961,SEAS10,-0.66656,1,agree,False,SEAS (bernd_bias bug)
XPDUSD,metal,2023-10-12,-1,0.39674,0.08912,SEAS10,0.30762,1,against,False,SEAS (bernd_bias bug)
XPDUSD,metal,2023-10-26,-1,0.66646,0.15412,SEAS10,0.51234,1,against,False,SEAS (bernd_bias bug)
XPDUSD,metal,2023-11-09,-1,-0.24533,-0.14118,SEAS10,-0.10415,1,against,False,SEAS (bernd_bias bug)
XPDUSD,metal,2023-11-23,-1,1.2561,0.11853,SEAS10,1.1376,1,against,False,SEAS (bernd_bias bug)
XPDUSD,metal,2023-12-07,-1,-1.1139,0.13905,SEAS10,-1.2529,1,against,False,SEAS (bernd_bias bug)
XPDUSD,metal,2023-12-21,1,-1.117,-0.36535,SEAS10,-0.75166,1,agree,False,SEAS (bernd_bias bug)
XPDUSD,metal,2024-01-08,1,-1.0965,-0.24807,SEAS10,-0.84846,0,neutral,False,SEAS (bernd_bias bug)
XPDUSD,metal,2024-01-22,-1,-0.15326,-0.24421,SEAS10,0.090951,1,against,False,SEAS (bernd_bias bug)
XPDUSD,metal,2024-02-05,-1,-0.18786,-0.32896,SEAS10,0.1411,1,against,False,SEAS (bernd_bias bug)
XPDUSD,metal,2024-02-19,-1,-0.14055,-0.06242,SEAS10,-0.078129,1,against,False,SEAS (bernd_bias bug)
XPDUSD,metal,2024-03-04,-1,-1.0659,-0.20163,SEAS10,-0.8643,1,against,False,SEAS (bernd_bias bug)
XPDUSD,metal,2024-03-18,1,-1.0676,-0.19431,SEAS10,-0.87328,1,agree,False,SEAS (bernd_bias bug)
XPDUSD,metal,2024-04-02,1,0.21069,-0.4186,SEAS10,0.62929,1,agree,False,SEAS (bernd_bias bug)
XPDUSD,metal,2024-04-16,-1,0.5837,-0.33193,SEAS10,0.91563,0,neutral,False,SEAS (bernd_bias bug)
XPDUSD,metal,2024-04-30,-1,0.060954,0.009607,SEAS10,0.051348,0,neutral,False,SEAS (bernd_bias bug)
XPDUSD,metal,2024-05-14,-1,-1.1014,-0.22017,SEAS10,-0.88119,1,against,False,SEAS (bernd_bias bug)
XPDUSD,metal,2024-05-28,-1,1.0104,-0.28436,SEAS10,1.2948,1,against,False,SEAS (bernd_bias bug)
XPDUSD,metal,2024-06-11,-1,-1.1221,-0.22836,SEAS10,-0.89374,1,against,False,SEAS (bernd_bias bug)
XPDUSD,metal,2024-06-25,-1,-1.1014,0.11227,SEAS10,-1.2137,1,against,False,SEAS (bernd_bias bug)
XPDUSD,metal,2024-07-09,-1,1.2467,-0.22268,SEAS10,1.4694,1,against,False,SEAS (bernd_bias bug)
XPDUSD,metal,2024-07-23,-1,0.65009,0.026246,SEAS10,0.62384,0,neutral,False,SEAS (bernd_bias bug)
XPDUSD,metal,2024-08-06,-1,-1.0935,-0.13956,SEAS10,-0.95394,1,against,False,SEAS (bernd_bias bug)
XPDUSD,metal,2024-08-20,-1,-0.80478,-0.13187,SEAS10,-0.67291,1,against,False,SEAS (bernd_bias bug)
XPDUSD,metal,2024-09-03,-1,-1.125,0.15719,SEAS10,-1.2822,1,against,False,SEAS (bernd_bias bug)
XPDUSD,metal,2024-09-17,-1,0.95877,-0.30455,SEAS10,1.2633,1,against,False,SEAS (bernd_bias bug)
XPDUSD,metal,2024-10-01,-1,-1.107,-0.099749,SEAS10,-1.0072,0,neutral,False,SEAS (bernd_bias bug)
XPDUSD,metal,2024-10-15,-1,-1.1119,-0.11707,SEAS10,-0.99482,0,neutral,False,SEAS (bernd_bias bug)
XPDUSD,metal,2024-10-29,-1,2.7491,-0.043284,SEAS10,2.7924,0,neutral,False,SEAS (bernd_bias bug)
XPDUSD,metal,2024-11-12,-1,-0.01065,-0.19026,SEAS10,0.17961,0,neutral,False,SEAS (bernd_bias bug)
XPDUSD,metal,2024-11-26,-1,-0.067538,-0.097491,SEAS10,0.029953,0,neutral,False,SEAS (bernd_bias bug)
XPDUSD,metal,2024-12-10,-1,0.52904,-0.23693,SEAS10,0.76598,0,neutral,False,SEAS (bernd_bias bug)
XPDUSD,metal,2024-12-24,-1,0.0059728,-0.094574,SEAS10,0.10055,0,neutral,False,SEAS (bernd_bias bug)
XPDUSD,metal,2025-01-09,1,0.77305,0.30684,SEAS10,0.46621,0,neutral,False,SEAS (bernd_bias bug)
XPDUSD,metal,2025-01-23,-1,-0.32335,-0.64749,SEAS10,0.32414,0,neutral,False,SEAS (bernd_bias bug)
XPDUSD,metal,2025-02-06,1,-0.67345,0.38772,SEAS10,-1.0612,0,neutral,False,SEAS (bernd_bias bug)
XPDUSD,metal,2025-02-20,1,-1.1718,0.034976,SEAS10,-1.2067,0,neutral,False,SEAS (bernd_bias bug)
XPDUSD,metal,2025-03-06,-1,-0.41238,-0.40971,SEAS10,-0.0026703,0,neutral,False,SEAS (bernd_bias bug)
XPDUSD,metal,2025-03-20,-1,-0.5438,-0.34644,SEAS10,-0.19736,0,neutral,False,SEAS (bernd_bias bug)
XPDUSD,metal,2025-04-03,1,-1.1725,0.29642,SEAS10,-1.469,0,neutral,False,SEAS (bernd_bias bug)
XPDUSD,metal,2025-04-17,-1,0.38128,-0.59621,SEAS10,0.97749,0,neutral,False,SEAS (bernd_bias bug)
XPDUSD,metal,2025-05-02,-1,-0.47563,-0.45335,SEAS10,-0.022284,0,neutral,False,SEAS (bernd_bias bug)
XPDUSD,metal,2025-05-16,-1,-1.1209,-0.25993,SEAS10,-0.86095,0,neutral,False,SEAS (bernd_bias bug)
XPDUSD,metal,2025-05-30,-1,-1.1308,-0.43042,SEAS10,-0.70041,0,neutral,False,SEAS (bernd_bias bug)
XPDUSD,metal,2025-06-13,-1,-1.1561,-0.44397,SEAS10,-0.7121,0,neutral,False,SEAS (bernd_bias bug)
XPDUSD,metal,2025-06-27,1,-0.16705,-0.074456,SEAS10,-0.092596,0,neutral,False,SEAS (bernd_bias bug)
XPDUSD,metal,2025-07-11,-1,-1.0719,-0.34045,SEAS10,-0.73145,-1,agree,False,SEAS (bernd_bias bug)
XPDUSD,metal,2025-07-25,-1,0.58176,-0.6339,SEAS10,1.2157,-1,agree,False,SEAS (bernd_bias bug)
XPDUSD,metal,2025-08-08,-1,0.36438,-0.6442,SEAS10,1.0086,-1,agree,False,SEAS (bernd_bias bug)
XPDUSD,metal,2025-08-22,-1,-0.2401,-0.16855,SEAS10,-0.071548,-1,agree,False,SEAS (bernd_bias bug)
XPDUSD,metal,2025-09-05,-1,-1.1031,-0.34768,SEAS10,-0.75539,-1,agree,False,SEAS (bernd_bias bug)
XPDUSD,metal,2025-09-19,-1,-1.0893,-0.58087,SEAS10,-0.50845,-1,agree,False,SEAS (bernd_bias bug)
XPDUSD,metal,2025-10-03,-1,-1.0681,-0.2421,SEAS10,-0.826,-1,agree,False,SEAS (bernd_bias bug)
XPDUSD,metal,2025-10-17,-1,1.0793,-0.60668,SEAS10,1.686,-1,agree,False,SEAS (bernd_bias bug)
XPDUSD,metal,2025-10-31,-1,0.090738,-0.45957,SEAS10,0.55031,-1,agree,False,SEAS (bernd_bias bug)
XPDUSD,metal,2025-11-14,-1,-0.078044,-0.64687,SEAS10,0.56882,-1,agree,False,SEAS (bernd_bias bug)
XPDUSD,metal,2025-11-28,-1,-0.70826,-0.76167,SEAS10,0.053407,-1,agree,False,SEAS (bernd_bias bug)
XPDUSD,metal,2025-12-12,1,4.012,0.53664,SEAS10,3.4754,-1,against,False,SEAS (bernd_bias bug)
XPDUSD,metal,2025-12-29,-1,0.50405,-0.47183,SEAS10,0.97588,-1,agree,False,SEAS (bernd_bias bug)
XPDUSD,metal,2026-01-13,-1,-1.0462,-0.044322,SEAS10,-1.0019,-1,agree,False,SEAS (bernd_bias bug)
XPDUSD,metal,2026-01-27,-1,0.7998,-0.17813,SEAS10,0.97793,-1,agree,False,SEAS (bernd_bias bug)
XPDUSD,metal,2026-02-10,1,-0.019185,-0.51724,SEAS10,0.49805,-1,against,False,SEAS (bernd_bias bug)
XPDUSD,metal,2026-02-24,1,-0.24717,-0.46029,SEAS10,0.21312,-1,against,False,SEAS (bernd_bias bug)
XPDUSD,metal,2026-03-10,-1,1.3555,0.19718,SEAS10,1.1583,-1,agree,False,SEAS (bernd_bias bug)
XPDUSD,metal,2026-03-24,-1,-0.34149,-0.057233,SEAS10,-0.28426,-1,agree,False,SEAS (bernd_bias bug)
XPDUSD,metal,2026-04-08,1,0.27977,-0.36967,SEAS10,0.64944,-1,against,False,SEAS (bernd_bias bug)
XPDUSD,metal,2026-04-22,-1,0.32297,-0.032415,SEAS10,0.35538,-1,agree,False,SEAS (bernd_bias bug)
XPDUSD,metal,2026-05-06,-1,0.90655,-0.018348,SEAS10,0.9249,0,neutral,False,SEAS (bernd_bias bug)
XPDUSD,metal,2026-05-20,-1,-0.18304,-0.12447,SEAS10,-0.058569,0,neutral,False,SEAS (bernd_bias bug)
XPDUSD,metal,2026-06-03,-1,0.10038,-0.0022146,SEAS10,0.10259,0,neutral,False,SEAS (bernd_bias bug)
XPDUSD,metal,2026-06-17,-1,1.1537,0.10663,SEAS10,1.0471,0,neutral,False,SEAS (bernd_bias bug)
XPDUSD,metal,2026-07-01,-1,-0.82049,-0.050677,SEAS10,-0.76981,0,neutral,False,SEAS (bernd_bias bug)
XPDUSD,metal,2026-07-15,-1,0.25815,-0.086159,SEAS10,0.34431,0,neutral,False,SEAS (bernd_bias bug)
XPDUSD,metal,2026-07-29,-1,-1.1012,-0.021244,SEAS10,-1.0799,0,neutral,False,SEAS (bernd_bias bug)
XPDUSD,metal,2026-08-12,-1,0.12554,0.080075,SEAS10,0.045461,0,neutral,False,SEAS (bernd_bias bug)
XPDUSD,metal,2026-08-26,-1,-1.083,-0.016747,SEAS10,-1.0662,0,neutral,False,SEAS (bernd_bias bug)
XPDUSD,metal,2026-09-09,1,-0.47538,-0.40033,SEAS10,-0.075049,0,neutral,False,SEAS (bernd_bias bug)
XPDUSD,metal,2026-09-23,1,-1.1221,-0.27511,SEAS10,-0.84702,0,neutral,False,SEAS (bernd_bias bug)
XPDUSD,metal,2026-10-07,1,-0.26969,-0.42523,SEAS10,0.15554,0,neutral,False,SEAS (bernd_bias bug)
XPDUSD,metal,2015-02-06,1,0.38856,-0.97095,SEAS20,1.3595,0,neutral,False,SEAS (bernd_bias bug)
XPDUSD,metal,2015-03-06,1,-1.0972,-0.56489,SEAS20,-0.53234,0,neutral,False,SEAS (bernd_bias bug)
XPDUSD,metal,2015-04-20,1,-0.77691,-0.60202,SEAS20,-0.17488,0,neutral,False,SEAS (bernd_bias bug)
XPDUSD,metal,2015-06-01,1,-1.1062,-0.74687,SEAS20,-0.35936,0,neutral,False,SEAS (bernd_bias bug)
XPDUSD,metal,2015-06-29,1,-1.1932,-0.33048,SEAS20,-0.86276,1,agree,False,SEAS (bernd_bias bug)
XPDUSD,metal,2015-07-27,1,-0.86542,-0.54577,SEAS20,-0.31965,1,agree,False,SEAS (bernd_bias bug)
XPDUSD,metal,2015-08-24,1,-1.0002,-0.53233,SEAS20,-0.46791,1,agree,False,SEAS (bernd_bias bug)
XPDUSD,metal,2015-09-21,1,1.5958,-0.45896,SEAS20,2.0548,1,agree,False,SEAS (bernd_bias bug)
XPDUSD,metal,2015-10-19,1,-1.1773,-0.61485,SEAS20,-0.56247,0,neutral,False,SEAS (bernd_bias bug)
XPDUSD,metal,2015-11-16,1,-0.37243,-0.74131,SEAS20,0.36888,0,neutral,False,SEAS (bernd_bias bug)
XPDUSD,metal,2015-12-14,1,-1.3543,-0.60878,SEAS20,-0.7455,1,agree,False,SEAS (bernd_bias bug)
XPDUSD,metal,2016-01-13,-1,-1.0539,-1.2491,SEAS20,0.19514,1,against,False,SEAS (bernd_bias bug)
XPDUSD,metal,2016-02-10,1,-1.2766,0.28456,SEAS20,-1.5612,1,agree,False,SEAS (bernd_bias bug)
XPDUSD,metal,2016-03-09,-1,-1.0873,-0.7499,SEAS20,-0.33745,1,against,False,SEAS (bernd_bias bug)
XPDUSD,metal,2016-04-07,1,1.1352,0.7564,SEAS20,0.37879,1,agree,False,SEAS (bernd_bias bug)
XPDUSD,metal,2016-05-05,-1,1.328,-0.86715,SEAS20,2.1951,1,against,False,SEAS (bernd_bias bug)
XPDUSD,metal,2016-06-02,-1,-4.5194,-0.44051,SEAS20,-4.0789,1,against,False,SEAS (bernd_bias bug)
XPDUSD,metal,2016-10-31,-1,-1.5353,-0.53752,SEAS20,-0.99779,0,neutral,False,SEAS (bernd_bias bug)
XPDUSD,metal,2016-11-30,1,-1.1348,0.30151,SEAS20,-1.4363,0,neutral,False,SEAS (bernd_bias bug)
XPDUSD,metal,2016-12-29,-1,-1.0328,-0.48196,SEAS20,-0.55087,0,neutral,False,SEAS (bernd_bias bug)
XPDUSD,metal,2017-01-27,1,0.68209,0.15456,SEAS20,0.52752,0,neutral,False,SEAS (bernd_bias bug)
XPDUSD,metal,2017-02-24,1,0.27758,0.2877,SEAS20,-0.01012,0,neutral,False,SEAS (bernd_bias bug)
XPDUSD,metal,2017-03-24,1,-0.82964,0.0010052,SEAS20,-0.83065,0,neutral,False,SEAS (bernd_bias bug)
XPDUSD,metal,2017-04-24,-1,-1.1207,-0.78062,SEAS20,-0.34012,0,neutral,False,SEAS (bernd_bias bug)
XPDUSD,metal,2017-05-22,1,2.3139,-0.038296,SEAS20,2.3522,0,neutral,False,SEAS (bernd_bias bug)
XPDUSD,metal,2017-06-20,-1,-0.42201,-0.90952,SEAS20,0.48751,0,neutral,False,SEAS (bernd_bias bug)
XPDUSD,metal,2017-07-18,1,0.31426,0.35667,SEAS20,-0.042414,0,neutral,False,SEAS (bernd_bias bug)
XPDUSD,metal,2017-08-15,1,0.61475,0.62355,SEAS20,-0.0087934,0,neutral,False,SEAS (bernd_bias bug)
XPDUSD,metal,2017-09-12,1,-0.59255,-0.22595,SEAS20,-0.3666,0,neutral,False,SEAS (bernd_bias bug)
XPDUSD,metal,2017-10-10,-1,-1.0878,-0.64542,SEAS20,-0.44234,-1,agree,False,SEAS (bernd_bias bug)
XPDUSD,metal,2017-11-07,1,-0.60467,0.3703,SEAS20,-0.97496,-1,against,False,SEAS (bernd_bias bug)
XPDUSD,metal,2017-12-05,-1,-1.1543,-0.89453,SEAS20,-0.25982,-1,agree,False,SEAS (bernd_bias bug)
XPDUSD,metal,2018-01-04,1,-1.5333,-0.41651,SEAS20,-1.1167,-1,against,False,SEAS (bernd_bias bug)
XPDUSD,metal,2018-02-01,1,-1.1323,-0.38126,SEAS20,-0.75103,-1,against,False,SEAS (bernd_bias bug)
XPDUSD,metal,2018-03-01,1,-1.0805,-0.23694,SEAS20,-0.84352,0,neutral,False,SEAS (bernd_bias bug)
XPDUSD,metal,2018-03-29,1,-1.1469,-0.31648,SEAS20,-0.83046,0,neutral,False,SEAS (bernd_bias bug)
XPDUSD,metal,2018-04-27,-1,0.0084722,-0.25661,SEAS20,0.26508,0,neutral,False,SEAS (bernd_bias bug)
XPDUSD,metal,2018-05-25,1,-1.1346,-0.65019,SEAS20,-0.48443,0,neutral,False,SEAS (bernd_bias bug)
XPDUSD,metal,2018-06-22,-1,1.8496,-0.32972,SEAS20,2.1793,0,neutral,False,SEAS (bernd_bias bug)
XPDUSD,metal,2018-07-20,1,-1.503,-0.39334,SEAS20,-1.1097,0,neutral,False,SEAS (bernd_bias bug)
XPDUSD,metal,2018-08-17,1,1.4654,0.0092481,SEAS20,1.4561,1,agree,False,SEAS (bernd_bias bug)
XPDUSD,metal,2018-09-14,1,1.8644,-0.30673,SEAS20,2.1711,1,agree,False,SEAS (bernd_bias bug)
XPDUSD,metal,2018-10-12,-1,-1.1422,-0.52403,SEAS20,-0.6182,0,neutral,False,SEAS (bernd_bias bug)
XPDUSD,metal,2018-11-09,-1,-1.1024,-0.49339,SEAS20,-0.60902,0,neutral,False,SEAS (bernd_bias bug)
XPDUSD,metal,2018-12-07,1,1.1533,0.085658,SEAS20,1.0677,0,neutral,False,SEAS (bernd_bias bug)
XPDUSD,metal,2019-01-08,1,0.88984,0.60068,SEAS20,0.28916,0,neutral,False,SEAS (bernd_bias bug)
XPDUSD,metal,2019-02-05,1,1.9057,0.28447,SEAS20,1.6213,0,neutral,False,SEAS (bernd_bias bug)
XPDUSD,metal,2019-03-05,-1,-1.1394,-0.42623,SEAS20,-0.71318,0,neutral,False,SEAS (bernd_bias bug)
XPDUSD,metal,2019-04-02,1,-1.0808,0.36903,SEAS20,-1.4499,0,neutral,False,SEAS (bernd_bias bug)
XPDUSD,metal,2019-05-01,-1,0.40795,-0.60814,SEAS20,1.0161,0,neutral,False,SEAS (bernd_bias bug)
XPDUSD,metal,2019-05-29,1,2.3946,-0.068768,SEAS20,2.4634,0,neutral,False,SEAS (bernd_bias bug)
XPDUSD,metal,2019-06-26,-1,-0.1013,-0.9103,SEAS20,0.80901,0,neutral,False,SEAS (bernd_bias bug)
XPDUSD,metal,2019-07-24,1,-1.1578,0.79343,SEAS20,-1.9513,0,neutral,False,SEAS (bernd_bias bug)
XPDUSD,metal,2019-08-21,1,1.1568,-0.014247,SEAS20,1.171,0,neutral,False,SEAS (bernd_bias bug)
XPDUSD,metal,2019-09-18,1,1.6822,0.41611,SEAS20,1.2661,0,neutral,False,SEAS (bernd_bias bug)
XPDUSD,metal,2019-10-16,-1,-1.115,-0.81156,SEAS20,-0.30341,0,neutral,False,SEAS (bernd_bias bug)
XPDUSD,metal,2019-11-13,1,2.3325,0.22902,SEAS20,2.1035,0,neutral,False,SEAS (bernd_bias bug)
XPDUSD,metal,2019-12-11,1,-1.1795,0.90403,SEAS20,-2.0835,0,neutral,False,SEAS (bernd_bias bug)
XPDUSD,metal,2020-01-10,1,2.2184,0.26659,SEAS20,1.9518,0,neutral,False,SEAS (bernd_bias bug)
XPDUSD,metal,2020-02-07,1,0.59259,0.17209,SEAS20,0.4205,0,neutral,False,SEAS (bernd_bias bug)
XPDUSD,metal,2020-03-06,-1,0.99895,-0.90409,SEAS20,1.903,1,against,False,SEAS (bernd_bias bug)
XPDUSD,metal,2020-04-03,1,-0.68671,-0.053103,SEAS20,-0.6336,1,agree,False,SEAS (bernd_bias bug)
XPDUSD,metal,2020-05-04,-1,-0.20674,-0.28782,SEAS20,0.081079,1,against,False,SEAS (bernd_bias bug)
XPDUSD,metal,2020-06-01,1,-0.43905,0.30887,SEAS20,-0.74791,1,agree,False,SEAS (bernd_bias bug)
XPDUSD,metal,2020-06-29,-1,-1.125,-0.7013,SEAS20,-0.42368,1,against,False,SEAS (bernd_bias bug)
XPDUSD,metal,2020-07-27,1,-1.1132,0.18785,SEAS20,-1.301,1,agree,False,SEAS (bernd_bias bug)
XPDUSD,metal,2020-08-24,1,0.68274,-0.21296,SEAS20,0.8957,1,agree,False,SEAS (bernd_bias bug)
XPDUSD,metal,2020-09-21,1,-1.0972,0.49376,SEAS20,-1.591,1,agree,False,SEAS (bernd_bias bug)
XPDUSD,metal,2020-10-19,-1,-1.1327,-0.6459,SEAS20,-0.48678,1,against,False,SEAS (bernd_bias bug)
XPDUSD,metal,2020-11-16,1,-0.27549,0.10364,SEAS20,-0.37914,1,agree,False,SEAS (bernd_bias bug)
XPDUSD,metal,2020-12-14,1,0.27632,0.025736,SEAS20,0.25059,1,agree,False,SEAS (bernd_bias bug)
XPDUSD,metal,2021-01-13,1,-1.1719,-0.17486,SEAS20,-0.99704,1,agree,False,SEAS (bernd_bias bug)
XPDUSD,metal,2021-02-10,1,-0.46097,-0.58654,SEAS20,0.12557,1,agree,False,SEAS (bernd_bias bug)
XPDUSD,metal,2021-03-10,-1,-1.1326,-0.0061432,SEAS20,-1.1264,1,against,False,SEAS (bernd_bias bug)
XPDUSD,metal,2021-04-08,-1,-1.1076,-0.20959,SEAS20,-0.898,1,against,False,SEAS (bernd_bias bug)
XPDUSD,metal,2021-05-06,-1,0.56917,-0.1283,SEAS20,0.69747,0,neutral,False,SEAS (bernd_bias bug)
XPDUSD,metal,2021-06-03,1,-1.1397,-0.01472,SEAS20,-1.125,1,agree,False,SEAS (bernd_bias bug)
XPDUSD,metal,2021-07-01,1,-1.1314,-0.046943,SEAS20,-1.0845,1,agree,False,SEAS (bernd_bias bug)
XPDUSD,metal,2021-07-29,-1,0.92649,-0.26343,SEAS20,1.1899,1,against,False,SEAS (bernd_bias bug)
XPDUSD,metal,2021-08-26,1,-1.1284,-0.28596,SEAS20,-0.84246,1,agree,False,SEAS (bernd_bias bug)
XPDUSD,metal,2021-09-23,1,0.066439,-0.46487,SEAS20,0.53131,1,agree,False,SEAS (bernd_bias bug)
XPDUSD,metal,2021-10-21,-1,-0.77222,-0.086086,SEAS20,-0.68613,1,against,False,SEAS (bernd_bias bug)
XPDUSD,metal,2021-11-18,1,-1.123,-0.54669,SEAS20,-0.5763,1,agree,False,SEAS (bernd_bias bug)
XPDUSD,metal,2021-12-16,1,1.2922,-0.4358,SEAS20,1.728,1,agree,False,SEAS (bernd_bias bug)
XPDUSD,metal,2022-01-14,1,1.839,-0.20352,SEAS20,2.0425,1,agree,False,SEAS (bernd_bias bug)
XPDUSD,metal,2022-02-11,1,3.0955,-0.079104,SEAS20,3.1746,1,agree,False,SEAS (bernd_bias bug)
XPDUSD,metal,2022-03-11,-1,1.5037,-0.32769,SEAS20,1.8314,0,neutral,False,SEAS (bernd_bias bug)
XPDUSD,metal,2022-04-08,1,-0.6765,-0.082973,SEAS20,-0.59353,1,agree,False,SEAS (bernd_bias bug)
XPDUSD,metal,2022-05-09,-1,0.12905,-0.67915,SEAS20,0.8082,1,against,False,SEAS (bernd_bias bug)
XPDUSD,metal,2022-06-06,1,-0.22104,-0.37384,SEAS20,0.1528,1,agree,False,SEAS (bernd_bias bug)
XPDUSD,metal,2022-07-04,1,0.69562,-0.3049,SEAS20,1.0005,1,agree,False,SEAS (bernd_bias bug)
XPDUSD,metal,2022-08-01,-1,-0.054469,-0.15672,SEAS20,0.10225,1,against,False,SEAS (bernd_bias bug)
XPDUSD,metal,2022-08-29,1,-0.34248,-0.14712,SEAS20,-0.19537,1,agree,False,SEAS (bernd_bias bug)
XPDUSD,metal,2022-09-26,1,-0.42737,-0.10221,SEAS20,-0.32516,1,agree,False,SEAS (bernd_bias bug)
XPDUSD,metal,2022-10-24,1,-1.1416,0.043054,SEAS20,-1.1846,1,agree,False,SEAS (bernd_bias bug)
XPDUSD,metal,2022-11-21,1,-1.1931,-0.50359,SEAS20,-0.68947,1,agree,False,SEAS (bernd_bias bug)
XPDUSD,metal,2022-12-19,1,-0.061814,-0.20499,SEAS20,0.14318,0,neutral,False,SEAS (bernd_bias bug)
XPDUSD,metal,2023-01-18,1,-1.1141,-0.4687,SEAS20,-0.64535,1,agree,False,SEAS (bernd_bias bug)
XPDUSD,metal,2023-02-15,-1,-0.19395,0.2481,SEAS20,-0.44205,1,against,False,SEAS (bernd_bias bug)
XPDUSD,metal,2023-03-15,1,-0.37313,-0.86387,SEAS20,0.49073,1,agree,False,SEAS (bernd_bias bug)
XPDUSD,metal,2023-04-13,-1,-1.0727,0.23627,SEAS20,-1.309,1,against,False,SEAS (bernd_bias bug)
XPDUSD,metal,2023-05-11,-1,1.4311,0.086568,SEAS20,1.3445,1,against,False,SEAS (bernd_bias bug)
XPDUSD,metal,2023-06-08,1,-1.1479,-0.67658,SEAS20,-0.47133,1,agree,False,SEAS (bernd_bias bug)
XPDUSD,metal,2023-07-06,-1,-0.054004,-0.37333,SEAS20,0.31933,1,against,False,SEAS (bernd_bias bug)
XPDUSD,metal,2023-08-03,1,-0.36826,-0.83552,SEAS20,0.46725,1,agree,False,SEAS (bernd_bias bug)
XPDUSD,metal,2023-08-31,1,-0.39758,-0.64506,SEAS20,0.24748,1,agree,False,SEAS (bernd_bias bug)
XPDUSD,metal,2023-09-28,1,-1.1562,-0.81952,SEAS20,-0.33664,1,agree,False,SEAS (bernd_bias bug)
XPDUSD,metal,2023-10-26,-1,0.52447,0.096306,SEAS20,0.42816,1,against,False,SEAS (bernd_bias bug)
XPDUSD,metal,2023-11-23,-1,-1.1741,0.57989,SEAS20,-1.754,1,against,False,SEAS (bernd_bias bug)
XPDUSD,metal,2023-12-21,1,-1.117,-0.67596,SEAS20,-0.44106,1,agree,False,SEAS (bernd_bias bug)
XPDUSD,metal,2024-01-22,1,-1.1981,0.11525,SEAS20,-1.3133,1,agree,False,SEAS (bernd_bias bug)
XPDUSD,metal,2024-02-19,-1,-1.1176,-0.62948,SEAS20,-0.48815,1,against,False,SEAS (bernd_bias bug)
XPDUSD,metal,2024-03-18,1,-1.0676,-0.11538,SEAS20,-0.95221,1,agree,False,SEAS (bernd_bias bug)
XPDUSD,metal,2024-04-16,-1,0.6571,-0.049117,SEAS20,0.70622,0,neutral,False,SEAS (bernd_bias bug)
XPDUSD,metal,2024-05-14,-1,-1.1014,-0.41639,SEAS20,-0.68497,1,against,False,SEAS (bernd_bias bug)
XPDUSD,metal,2024-06-11,1,1.1619,-0.27832,SEAS20,1.4403,1,agree,False,SEAS (bernd_bias bug)
XPDUSD,metal,2024-07-09,-1,1.8794,-0.45012,SEAS20,2.3295,1,against,False,SEAS (bernd_bias bug)
XPDUSD,metal,2024-08-06,1,1.5802,-0.58217,SEAS20,2.1624,1,agree,False,SEAS (bernd_bias bug)
XPDUSD,metal,2024-09-03,1,-1.1136,-0.62871,SEAS20,-0.48487,1,agree,False,SEAS (bernd_bias bug)
XPDUSD,metal,2024-10-01,1,2.4064,-0.25684,SEAS20,2.6632,0,neutral,False,SEAS (bernd_bias bug)
XPDUSD,metal,2024-10-29,-1,2.7886,-0.36686,SEAS20,3.1554,0,neutral,False,SEAS (bernd_bias bug)
XPDUSD,metal,2024-11-26,1,-0.80767,-0.38911,SEAS20,-0.41857,0,neutral,False,SEAS (bernd_bias bug)
XPDUSD,metal,2024-12-24,1,0.48721,-0.64402,SEAS20,1.1312,0,neutral,False,SEAS (bernd_bias bug)
XPDUSD,metal,2025-01-23,1,-0.60278,0.47596,SEAS20,-1.0787,0,neutral,False,SEAS (bernd_bias bug)
XPDUSD,metal,2025-02-20,-1,-0.049005,-0.65593,SEAS20,0.60692,0,neutral,False,SEAS (bernd_bias bug)
XPDUSD,metal,2025-03-20,1,-1.3138,0.72281,SEAS20,-2.0366,0,neutral,False,SEAS (bernd_bias bug)
XPDUSD,metal,2025-04-17,-1,-0.060423,-0.70617,SEAS20,0.64575,0,neutral,False,SEAS (bernd_bias bug)
XPDUSD,metal,2025-05-16,-1,-1.1209,-0.81774,SEAS20,-0.30315,0,neutral,False,SEAS (bernd_bias bug)
XPDUSD,metal,2025-06-13,1,0.90291,0.81931,SEAS20,0.0836,0,neutral,False,SEAS (bernd_bias bug)
XPDUSD,metal,2025-07-11,-1,-1.0719,-0.63741,SEAS20,-0.43449,-1,agree,False,SEAS (bernd_bias bug)
XPDUSD,metal,2025-08-08,1,-0.53981,0.50729,SEAS20,-1.0471,-1,against,False,SEAS (bernd_bias bug)
XPDUSD,metal,2025-09-05,1,1.7802,0.29468,SEAS20,1.4855,-1,against,False,SEAS (bernd_bias bug)
XPDUSD,metal,2025-10-03,1,2.0172,0.25942,SEAS20,1.7578,-1,against,False,SEAS (bernd_bias bug)
XPDUSD,metal,2025-10-31,-1,0.037904,-0.72295,SEAS20,0.76085,-1,agree,False,SEAS (bernd_bias bug)
XPDUSD,metal,2025-11-28,1,4.4944,0.91864,SEAS20,3.5758,-1,against,False,SEAS (bernd_bias bug)
XPDUSD,metal,2025-12-29,1,-1.0293,0.11242,SEAS20,-1.1417,-1,against,False,SEAS (bernd_bias bug)
XPDUSD,metal,2026-01-27,1,-1.0413,-0.41713,SEAS20,-0.62415,-1,against,False,SEAS (bernd_bias bug)
XPDUSD,metal,2026-02-24,-1,1.067,-0.33095,SEAS20,1.3979,-1,agree,False,SEAS (bernd_bias bug)
XPDUSD,metal,2026-03-24,1,0.52519,-0.37721,SEAS20,0.9024,-1,against,False,SEAS (bernd_bias bug)
XPDUSD,metal,2026-04-22,-1,1.2168,0.41568,SEAS20,0.80111,-1,agree,False,SEAS (bernd_bias bug)
XPDUSD,metal,2026-05-20,-1,-0.054019,-0.15172,SEAS20,0.097698,0,neutral,False,SEAS (bernd_bias bug)
XPDUSD,metal,2026-06-17,1,-1.0915,-0.40086,SEAS20,-0.69066,0,neutral,False,SEAS (bernd_bias bug)
XPDUSD,metal,2026-07-15,1,0.32796,-0.58675,SEAS20,0.9147,0,neutral,False,SEAS (bernd_bias bug)
XPDUSD,metal,2026-08-12,1,-0.37278,-0.36822,SEAS20,-0.0045674,0,neutral,False,SEAS (bernd_bias bug)
XPDUSD,metal,2026-09-09,1,-1.177,-0.44554,SEAS20,-0.73144,0,neutral,False,SEAS (bernd_bias bug)
XPDUSD,metal,2026-10-07,1,-0.26969,-0.78538,SEAS20,0.51569,0,neutral,False,SEAS (bernd_bias bug)
XPDUSD,metal,2015-02-20,-1,-1.0629,0.58421,SEAS30,-1.6471,0,neutral,False,SEAS (bernd_bias bug)
XPDUSD,metal,2015-04-20,-1,0.81904,0.76519,SEAS30,0.053853,0,neutral,False,SEAS (bernd_bias bug)
XPDUSD,metal,2015-06-15,-1,4.4105,0.93357,SEAS30,3.4769,0,neutral,False,SEAS (bernd_bias bug)
XPDUSD,metal,2015-07-27,-1,0.88913,0.60918,SEAS30,0.27995,1,against,False,SEAS (bernd_bias bug)
XPDUSD,metal,2015-09-07,-1,-1.0982,0.77437,SEAS30,-1.8725,1,against,False,SEAS (bernd_bias bug)
XPDUSD,metal,2015-10-19,-1,2.7825,0.89872,SEAS30,1.8838,0,neutral,False,SEAS (bernd_bias bug)
XPDUSD,metal,2015-11-30,-1,1.39,0.89671,SEAS30,0.49332,1,against,False,SEAS (bernd_bias bug)
XPDUSD,metal,2016-01-13,-1,-1.0539,-1.098,SEAS30,0.044115,1,against,False,SEAS (bernd_bias bug)
XPDUSD,metal,2016-02-24,-1,-1.1057,-1.1897,SEAS30,0.083928,1,against,False,SEAS (bernd_bias bug)
XPDUSD,metal,2016-04-07,-1,-1.0973,-1.0108,SEAS30,-0.086556,1,against,False,SEAS (bernd_bias bug)
XPDUSD,metal,2016-05-19,-1,-3.3754,-1.2564,SEAS30,-2.119,1,against,False,SEAS (bernd_bias bug)
XPDUSD,metal,2016-10-31,-1,-1.5353,-1.2093,SEAS30,-0.326,0,neutral,False,SEAS (bernd_bias bug)
XPDUSD,metal,2016-12-14,-1,-1.209,-1.3824,SEAS30,0.17344,0,neutral,False,SEAS (bernd_bias bug)
XPDUSD,metal,2017-01-27,-1,-1.092,-0.92292,SEAS30,-0.16909,0,neutral,False,SEAS (bernd_bias bug)
XPDUSD,metal,2017-03-10,-1,-1.1387,-1.1575,SEAS30,0.01874,0,neutral,False,SEAS (bernd_bias bug)
XPDUSD,metal,2017-04-24,-1,-1.1207,-1.1205,SEAS30,-0.00023649,0,neutral,False,SEAS (bernd_bias bug)
XPDUSD,metal,2017-06-05,-1,-1.1076,-1.043,SEAS30,-0.064562,0,neutral,False,SEAS (bernd_bias bug)
XPDUSD,metal,2017-07-18,-1,-1.1958,-1.1123,SEAS30,-0.083511,0,neutral,False,SEAS (bernd_bias bug)
XPDUSD,metal,2017-08-29,1,-1.4793,-0.13107,SEAS30,-1.3482,0,neutral,False,SEAS (bernd_bias bug)
XPDUSD,metal,2017-10-10,-1,-1.0878,-1.1184,SEAS30,0.030669,-1,agree,False,SEAS (bernd_bias bug)
XPDUSD,metal,2017-11-21,-1,-1.1346,-1.1075,SEAS30,-0.02706,-1,agree,False,SEAS (bernd_bias bug)
XPDUSD,metal,2018-01-04,-1,-1.166,-0.19814,SEAS30,-0.96783,-1,agree,False,SEAS (bernd_bias bug)
XPDUSD,metal,2018-02-15,-1,-1.0962,0.018695,SEAS30,-1.1149,0,neutral,False,SEAS (bernd_bias bug)
XPDUSD,metal,2018-03-29,-1,-1.2033,-0.098264,SEAS30,-1.1051,0,neutral,False,SEAS (bernd_bias bug)
XPDUSD,metal,2018-05-11,-1,0.66187,-0.58827,SEAS30,1.2501,0,neutral,False,SEAS (bernd_bias bug)
XPDUSD,metal,2018-06-22,-1,0.60876,-0.31092,SEAS30,0.91968,0,neutral,False,SEAS (bernd_bias bug)
XPDUSD,metal,2018-08-03,-1,-1.2629,-0.18399,SEAS30,-1.0789,1,against,False,SEAS (bernd_bias bug)
XPDUSD,metal,2018-09-14,1,2.1545,0.17436,SEAS30,1.9801,1,agree,False,SEAS (bernd_bias bug)
XPDUSD,metal,2018-10-26,-1,-1.2038,-0.39615,SEAS30,-0.80768,0,neutral,False,SEAS (bernd_bias bug)
XPDUSD,metal,2018-12-07,-1,-1.0867,-0.65067,SEAS30,-0.43606,0,neutral,False,SEAS (bernd_bias bug)
XPDUSD,metal,2019-01-22,-1,-1.196,-0.38483,SEAS30,-0.81121,0,neutral,False,SEAS (bernd_bias bug)
XPDUSD,metal,2019-03-05,-1,-1.1394,-0.5576,SEAS30,-0.5818,0,neutral,False,SEAS (bernd_bias bug)
XPDUSD,metal,2019-04-16,-1,-1.0845,-0.38889,SEAS30,-0.69559,0,neutral,False,SEAS (bernd_bias bug)
XPDUSD,metal,2019-05-29,-1,-1.1275,-0.76248,SEAS30,-0.36506,0,neutral,False,SEAS (bernd_bias bug)
XPDUSD,metal,2019-07-10,-1,0.64339,-0.56807,SEAS30,1.2115,0,neutral,False,SEAS (bernd_bias bug)
XPDUSD,metal,2019-08-21,1,1.7833,1.1217,SEAS30,0.66161,0,neutral,False,SEAS (bernd_bias bug)
XPDUSD,metal,2019-10-02,-1,-1.1204,-0.85061,SEAS30,-0.26977,0,neutral,False,SEAS (bernd_bias bug)
XPDUSD,metal,2019-11-13,-1,-1.0911,-0.78003,SEAS30,-0.31111,0,neutral,False,SEAS (bernd_bias bug)
XPDUSD,metal,2019-12-26,-1,-1.0818,-0.68494,SEAS30,-0.39683,0,neutral,False,SEAS (bernd_bias bug)
XPDUSD,metal,2020-02-07,1,-1.1237,-0.11445,SEAS30,-1.0093,0,neutral,False,SEAS (bernd_bias bug)
XPDUSD,metal,2020-03-20,-1,-1.031,-0.78897,SEAS30,-0.24206,1,against,False,SEAS (bernd_bias bug)
XPDUSD,metal,2020-05-04,-1,-0.044684,-0.63973,SEAS30,0.59504,1,against,False,SEAS (bernd_bias bug)
XPDUSD,metal,2020-06-15,-1,-1.1265,-0.60319,SEAS30,-0.52327,1,against,False,SEAS (bernd_bias bug)
XPDUSD,metal,2020-07-27,1,-1.1132,-0.22196,SEAS30,-0.8912,1,agree,False,SEAS (bernd_bias bug)
XPDUSD,metal,2020-09-07,1,-0.059666,0.86095,SEAS30,-0.92062,1,agree,False,SEAS (bernd_bias bug)
XPDUSD,metal,2020-10-19,-1,-1.1327,-0.86435,SEAS30,-0.26834,1,against,False,SEAS (bernd_bias bug)
XPDUSD,metal,2020-11-30,1,-1.102,-0.046253,SEAS30,-1.0558,1,agree,False,SEAS (bernd_bias bug)
XPDUSD,metal,2021-01-13,1,-1.1719,0.1206,SEAS30,-1.2925,1,agree,False,SEAS (bernd_bias bug)
XPDUSD,metal,2021-02-24,-1,-1.126,0.17671,SEAS30,-1.3027,1,against,False,SEAS (bernd_bias bug)
XPDUSD,metal,2021-04-08,-1,-1.1076,-0.085607,SEAS30,-1.022,1,against,False,SEAS (bernd_bias bug)
XPDUSD,metal,2021-05-20,-1,0.3374,0.54943,SEAS30,-0.21203,0,neutral,False,SEAS (bernd_bias bug)
XPDUSD,metal,2021-07-01,-1,0.55736,0.46077,SEAS30,0.096588,1,against,False,SEAS (bernd_bias bug)
XPDUSD,metal,2021-08-12,1,-1.111,-0.017538,SEAS30,-1.0935,1,agree,False,SEAS (bernd_bias bug)
XPDUSD,metal,2021-09-23,1,-0.2501,-0.5427,SEAS30,0.2926,1,agree,False,SEAS (bernd_bias bug)
XPDUSD,metal,2021-11-04,1,-1.1575,-0.162,SEAS30,-0.99555,1,agree,False,SEAS (bernd_bias bug)
XPDUSD,metal,2021-12-16,1,3.7073,-1.0048,SEAS30,4.7121,1,agree,False,SEAS (bernd_bias bug)
XPDUSD,metal,2022-01-28,1,-1.1529,-0.61684,SEAS30,-0.5361,1,agree,False,SEAS (bernd_bias bug)
XPDUSD,metal,2022-03-11,-1,1.1644,-0.0013795,SEAS30,1.1658,0,neutral,False,SEAS (bernd_bias bug)
XPDUSD,metal,2022-04-25,-1,1.1956,0.06138,SEAS30,1.1342,1,against,False,SEAS (bernd_bias bug)
XPDUSD,metal,2022-06-06,1,-0.85507,-0.63513,SEAS30,-0.21994,1,agree,False,SEAS (bernd_bias bug)
XPDUSD,metal,2022-07-18,-1,-1.1288,-0.22402,SEAS30,-0.90481,1,against,False,SEAS (bernd_bias bug)
XPDUSD,metal,2022-08-29,1,0.22089,-0.52215,SEAS30,0.74304,1,agree,False,SEAS (bernd_bias bug)
XPDUSD,metal,2022-10-10,1,-1.1333,-0.7614,SEAS30,-0.3719,0,neutral,False,SEAS (bernd_bias bug)
XPDUSD,metal,2022-11-21,1,-1.1931,0.21231,SEAS30,-1.4054,1,agree,False,SEAS (bernd_bias bug)
XPDUSD,metal,2023-01-04,1,-1.1776,-0.88819,SEAS30,-0.28939,1,agree,False,SEAS (bernd_bias bug)
XPDUSD,metal,2023-02-15,-1,0.33737,0.46041,SEAS30,-0.12304,1,against,False,SEAS (bernd_bias bug)
XPDUSD,metal,2023-03-29,-1,-1.1067,0.4161,SEAS30,-1.5228,1,against,False,SEAS (bernd_bias bug)
XPDUSD,metal,2023-05-11,-1,1.693,0.28645,SEAS30,1.4066,1,against,False,SEAS (bernd_bias bug)
XPDUSD,metal,2023-06-22,-1,0.85838,-0.046788,SEAS30,0.90517,1,against,False,SEAS (bernd_bias bug)
XPDUSD,metal,2023-08-03,1,-0.22516,-0.77302,SEAS30,0.54786,1,agree,False,SEAS (bernd_bias bug)
XPDUSD,metal,2023-09-14,1,-1.2234,-0.66175,SEAS30,-0.56161,1,agree,False,SEAS (bernd_bias bug)
XPDUSD,metal,2023-10-26,-1,1.8191,0.33349,SEAS30,1.4857,1,against,False,SEAS (bernd_bias bug)
XPDUSD,metal,2023-12-07,1,-0.38784,-0.69818,SEAS30,0.31034,1,agree,False,SEAS (bernd_bias bug)
XPDUSD,metal,2024-01-22,1,-1.1981,-0.23718,SEAS30,-0.96088,1,agree,False,SEAS (bernd_bias bug)
XPDUSD,metal,2024-03-04,-1,-1.0659,-0.33722,SEAS30,-0.72871,1,against,False,SEAS (bernd_bias bug)
XPDUSD,metal,2024-04-16,-1,0.39725,-0.60043,SEAS30,0.99768,0,neutral,False,SEAS (bernd_bias bug)
XPDUSD,metal,2024-05-28,1,-1.1078,-0.69169,SEAS30,-0.41614,1,agree,False,SEAS (bernd_bias bug)
XPDUSD,metal,2024-07-09,-1,0.77472,-0.49713,SEAS30,1.2719,1,against,False,SEAS (bernd_bias bug)
XPDUSD,metal,2024-08-20,1,0.55396,-0.56091,SEAS30,1.1149,1,agree,False,SEAS (bernd_bias bug)
XPDUSD,metal,2024-10-01,-1,-1.107,-0.44532,SEAS30,-0.66166,0,neutral,False,SEAS (bernd_bias bug)
XPDUSD,metal,2024-11-12,1,-0.88728,-0.70048,SEAS30,-0.1868,0,neutral,False,SEAS (bernd_bias bug)
XPDUSD,metal,2024-12-24,1,0.47063,-0.75508,SEAS30,1.2257,0,neutral,False,SEAS (bernd_bias bug)
XPDUSD,metal,2025-02-06,-1,0.36005,-0.5351,SEAS30,0.89515,0,neutral,False,SEAS (bernd_bias bug)
XPDUSD,metal,2025-03-20,-1,-0.037867,-0.70442,SEAS30,0.66656,0,neutral,False,SEAS (bernd_bias bug)
XPDUSD,metal,2025-05-02,-1,-1.1935,-0.75171,SEAS30,-0.44182,0,neutral,False,SEAS (bernd_bias bug)
XPDUSD,metal,2025-06-13,1,2.4314,0.39719,SEAS30,2.0342,0,neutral,False,SEAS (bernd_bias bug)
XPDUSD,metal,2025-07-25,1,-1.1262,0.99641,SEAS30,-2.1226,-1,against,False,SEAS (bernd_bias bug)
XPDUSD,metal,2025-09-05,1,7.4724,0.51924,SEAS30,6.9532,-1,against,False,SEAS (bernd_bias bug)
XPDUSD,metal,2025-10-17,-1,1.1777,-0.94566,SEAS30,2.1234,-1,agree,False,SEAS (bernd_bias bug)
XPDUSD,metal,2025-11-28,1,3.7345,0.28332,SEAS30,3.4512,-1,against,False,SEAS (bernd_bias bug)
XPDUSD,metal,2026-01-13,1,-1.0713,-0.41967,SEAS30,-0.65164,-1,against,False,SEAS (bernd_bias bug)
XPDUSD,metal,2026-02-24,-1,0.91126,0.045174,SEAS30,0.86608,-1,agree,False,SEAS (bernd_bias bug)
XPDUSD,metal,2026-04-08,1,-0.92991,-0.46592,SEAS30,-0.464,-1,against,False,SEAS (bernd_bias bug)
XPDUSD,metal,2026-05-20,-1,1.0608,0.3411,SEAS30,0.71969,0,neutral,False,SEAS (bernd_bias bug)
XPDUSD,metal,2026-07-01,1,0.96852,-0.82497,SEAS30,1.7935,0,neutral,False,SEAS (bernd_bias bug)
XPDUSD,metal,2026-08-12,1,-0.80381,-0.60024,SEAS30,-0.20357,0,neutral,False,SEAS (bernd_bias bug)
XPDUSD,metal,2026-09-23,1,-1.1221,-0.59905,SEAS30,-0.52308,0,neutral,False,SEAS (bernd_bias bug)
XPTUSD,metal,2016-11-21,1,-0.36484,-0.30418,VAL_dxy,-0.060663,1,agree,False,VAL_dxy
XPTUSD,metal,2017-01-10,-1,-1.0503,-0.18632,VAL_dxy,-0.864,0,neutral,False,VAL_dxy
XPTUSD,metal,2018-01-15,-1,-1.2028,-0.19507,VAL_dxy,-1.0078,0,neutral,False,VAL_dxy
XPTUSD,metal,2018-12-07,1,0.21629,-0.92599,VAL_dxy,1.1423,0,neutral,False,VAL_dxy
XPTUSD,metal,2018-12-11,1,0.47929,-1.0815,VAL_dxy,1.5608,0,neutral,False,VAL_dxy
XPTUSD,metal,2019-02-26,-1,-0.59249,-0.24306,VAL_dxy,-0.34943,0,neutral,False,VAL_dxy
XPTUSD,metal,2019-05-20,1,-0.99482,0.15786,VAL_dxy,-1.1527,0,neutral,False,VAL_dxy
XPTUSD,metal,2019-05-27,1,-0.54687,-0.17874,VAL_dxy,-0.36813,0,neutral,False,VAL_dxy
XPTUSD,metal,2019-05-29,1,-0.38968,0.12583,VAL_dxy,-0.5155,0,neutral,False,VAL_dxy
XPTUSD,metal,2019-09-02,-1,-1.0496,-0.38273,VAL_dxy,-0.66683,0,neutral,False,VAL_dxy
XPTUSD,metal,2019-09-04,-1,1.6868,-0.77844,VAL_dxy,2.4653,0,neutral,False,VAL_dxy
XPTUSD,metal,2019-09-19,1,-1.1834,-0.072111,VAL_dxy,-1.1112,-1,against,False,VAL_dxy
XPTUSD,metal,2019-10-01,1,0.24052,-0.26399,VAL_dxy,0.50451,-1,against,False,VAL_dxy
XPTUSD,metal,2019-11-13,1,0.85764,-0.32445,VAL_dxy,1.1821,-1,against,False,VAL_dxy
XPTUSD,metal,2020-02-28,1,-1.0713,-0.087717,VAL_dxy,-0.98362,-1,against,False,VAL_dxy
XPTUSD,metal,2020-03-13,1,-1.0748,-0.11736,VAL_dxy,-0.95743,0,neutral,False,VAL_dxy
XPTUSD,metal,2020-04-01,-1,-0.60281,-0.58761,VAL_dxy,-0.015203,0,neutral,False,VAL_dxy
XPTUSD,metal,2022-03-23,1,-0.74935,-0.33841,VAL_dxy,-0.41094,0,neutral,False,VAL_dxy
XPTUSD,metal,2022-04-28,1,0.10057,-0.25918,VAL_dxy,0.35976,1,agree,False,VAL_dxy
XPTUSD,metal,2022-05-03,1,-0.11307,-0.25632,VAL_dxy,0.14325,1,agree,False,VAL_dxy
XPTUSD,metal,2022-06-20,1,-1.2486,-0.24575,VAL_dxy,-1.0029,1,agree,False,VAL_dxy
XPTUSD,metal,2022-07-06,1,0.05023,-0.53983,VAL_dxy,0.59006,1,agree,False,VAL_dxy
XPTUSD,metal,2022-07-13,1,1.2504,-0.29345,VAL_dxy,1.5439,1,agree,False,VAL_dxy
XPTUSD,metal,2022-08-25,1,-1.1936,-0.37727,VAL_dxy,-0.81631,1,agree,False,VAL_dxy
XPTUSD,metal,2022-08-31,1,-0.49743,-0.18997,VAL_dxy,-0.30746,1,agree,False,VAL_dxy
XPTUSD,metal,2022-09-27,1,0.98891,-0.42625,VAL_dxy,1.4152,1,agree,False,VAL_dxy
XPTUSD,metal,2022-11-15,-1,-0.0059319,-0.57653,VAL_dxy,0.5706,0,neutral,False,VAL_dxy
XPTUSD,metal,2023-01-04,-1,0.85777,-0.19152,VAL_dxy,1.0493,0,neutral,False,VAL_dxy
XPTUSD,metal,2023-01-09,-1,1.6184,-0.45741,VAL_dxy,2.0759,0,neutral,False,VAL_dxy
XPTUSD,metal,2023-02-16,1,0.36739,-0.64184,VAL_dxy,1.0092,0,neutral,False,VAL_dxy
XPTUSD,metal,2023-04-24,-1,0.85449,-0.057932,VAL_dxy,0.91242,0,neutral,False,VAL_dxy
XPTUSD,metal,2023-05-25,1,-1.3375,-0.50376,VAL_dxy,-0.83377,0,neutral,False,VAL_dxy
XPTUSD,metal,2023-06-30,1,0.32478,-0.48458,VAL_dxy,0.80937,0,neutral,False,VAL_dxy
XPTUSD,metal,2023-07-14,-1,1.1327,-0.61169,VAL_dxy,1.7444,0,neutral,False,VAL_dxy
XPTUSD,metal,2023-07-19,-1,1.9045,-0.42922,VAL_dxy,2.3338,0,neutral,False,VAL_dxy
XPTUSD,metal,2023-08-31,-1,2.0326,0.27194,VAL_dxy,1.7606,1,against,False,VAL_dxy
XPTUSD,metal,2023-11-27,-1,-1.2668,-0.32191,VAL_dxy,-0.9449,1,against,False,VAL_dxy
XPTUSD,metal,2024-01-15,1,-1.1822,-0.34862,VAL_dxy,-0.83361,0,neutral,False,VAL_dxy
XPTUSD,metal,2024-05-15,-1,-1.0793,-0.35831,VAL_dxy,-0.72095,0,neutral,False,VAL_dxy
XPTUSD,metal,2024-06-12,1,0.12013,-0.56497,VAL_dxy,0.6851,-1,against,False,VAL_dxy
XPTUSD,metal,2024-11-13,1,-0.59081,-0.43523,VAL_dxy,-0.15558,-1,against,False,VAL_dxy
XPTUSD,metal,2025-05-26,-1,-1.1667,-0.79966,VAL_dxy,-0.36701,0,neutral,False,VAL_dxy
XPTUSD,metal,2025-06-10,-1,-1.0688,-0.49917,VAL_dxy,-0.5696,0,neutral,False,VAL_dxy
XPTUSD,metal,2025-07-31,1,0.0086292,1.1028,VAL_dxy,-1.0942,0,neutral,False,VAL_dxy
XPTUSD,metal,2025-08-05,1,0.46584,0.19294,VAL_dxy,0.2729,0,neutral,False,VAL_dxy
XPTUSD,metal,2025-12-19,-1,-1.0364,-0.83241,VAL_dxy,-0.20403,0,neutral,False,VAL_dxy
XPTUSD,metal,2026-02-03,1,0.27358,-0.61338,VAL_dxy,0.88696,0,neutral,False,VAL_dxy
XPTUSD,metal,2026-03-16,1,-1.0515,-0.35578,VAL_dxy,-0.69574,0,neutral,False,VAL_dxy
XPTUSD,metal,2016-12-29,1,1.2313,-0.74314,VAL_dxy_level,1.9745,0,neutral,False,VAL_dxy_level
XPTUSD,metal,2017-09-11,-1,2.534,-0.48539,VAL_dxy_level,3.0194,0,neutral,False,VAL_dxy_level
XPTUSD,metal,2018-01-24,-1,-0.22827,-0.031312,VAL_dxy_level,-0.19696,0,neutral,False,VAL_dxy_level
XPTUSD,metal,2018-07-03,1,-0.5176,-1.0174,VAL_dxy_level,0.49984,1,agree,False,VAL_dxy_level
XPTUSD,metal,2018-12-03,1,-1.083,-0.65286,VAL_dxy_level,-0.43012,0,neutral,False,VAL_dxy_level
XPTUSD,metal,2019-02-07,1,-0.042337,0.17747,VAL_dxy_level,-0.21981,0,neutral,False,VAL_dxy_level
XPTUSD,metal,2019-05-24,1,-0.46709,-0.12298,VAL_dxy_level,-0.34411,0,neutral,False,VAL_dxy_level
XPTUSD,metal,2019-07-10,1,0.52785,-0.36668,VAL_dxy_level,0.89453,0,neutral,False,VAL_dxy_level
XPTUSD,metal,2020-01-24,-1,0.20823,0.078534,VAL_dxy_level,0.1297,-1,agree,False,VAL_dxy_level
XPTUSD,metal,2020-03-17,1,0.89952,0.16854,VAL_dxy_level,0.73099,0,neutral,False,VAL_dxy_level
XPTUSD,metal,2020-08-06,-1,0.53853,-0.43358,VAL_dxy_level,0.97212,0,neutral,False,VAL_dxy_level
XPTUSD,metal,2020-11-20,-1,-1.1094,-0.5123,VAL_dxy_level,-0.59705,0,neutral,False,VAL_dxy_level
XPTUSD,metal,2022-05-26,1,-0.71917,-0.41009,VAL_dxy_level,-0.30907,1,agree,False,VAL_dxy_level
XPTUSD,metal,2022-06-13,1,-1.0861,-0.62641,VAL_dxy_level,-0.45966,1,agree,False,VAL_dxy_level
XPTUSD,metal,2022-08-23,1,-1.2469,-0.73291,VAL_dxy_level,-0.51402,1,agree,False,VAL_dxy_level
XPTUSD,metal,2022-11-04,1,1.7627,-0.34543,VAL_dxy_level,2.1082,0,neutral,False,VAL_dxy_level
XPTUSD,metal,2025-01-02,1,0.42457,0.41405,VAL_dxy_level,0.010527,0,neutral,False,VAL_dxy_level
XPTUSD,metal,2025-04-30,-1,-1.2587,-0.91726,VAL_dxy_level,-0.34144,0,neutral,False,VAL_dxy_level
XPTUSD,metal,2025-05-09,-1,-1.1994,-0.57198,VAL_dxy_level,-0.62744,0,neutral,False,VAL_dxy_level
XPTUSD,metal,2015-02-06,1,-1.0635,-0.6134,SEAS10,-0.45005,0,neutral,False,SEAS (bernd_bias bug)
XPTUSD,metal,2015-02-20,1,-0.032849,-0.31179,SEAS10,0.27894,0,neutral,False,SEAS (bernd_bias bug)
XPTUSD,metal,2015-03-06,1,-1.0532,-0.69385,SEAS10,-0.35935,0,neutral,False,SEAS (bernd_bias bug)
XPTUSD,metal,2015-04-06,1,0.0020413,-0.68048,SEAS10,0.68253,0,neutral,False,SEAS (bernd_bias bug)
XPTUSD,metal,2015-04-20,1,-1.071,-0.63637,SEAS10,-0.43463,0,neutral,False,SEAS (bernd_bias bug)
XPTUSD,metal,2015-05-04,1,0.74271,-0.44035,SEAS10,1.1831,0,neutral,False,SEAS (bernd_bias bug)
XPTUSD,metal,2015-05-18,1,-1.154,-0.65535,SEAS10,-0.49866,0,neutral,False,SEAS (bernd_bias bug)
XPTUSD,metal,2015-06-01,1,-0.72365,-0.47174,SEAS10,-0.25191,0,neutral,False,SEAS (bernd_bias bug)
XPTUSD,metal,2015-06-15,1,-1.1797,-0.71873,SEAS10,-0.46101,1,agree,False,SEAS (bernd_bias bug)
XPTUSD,metal,2015-06-29,1,-1.186,-0.42709,SEAS10,-0.75889,1,agree,False,SEAS (bernd_bias bug)
XPTUSD,metal,2015-07-13,1,-1.1008,-0.5263,SEAS10,-0.57448,1,agree,False,SEAS (bernd_bias bug)
XPTUSD,metal,2015-07-27,1,-0.80304,-0.54682,SEAS10,-0.25623,1,agree,False,SEAS (bernd_bias bug)
XPTUSD,metal,2015-08-10,1,1.2668,-0.58998,SEAS10,1.8568,1,agree,False,SEAS (bernd_bias bug)
XPTUSD,metal,2015-08-24,1,-1.0004,-0.43335,SEAS10,-0.567,1,agree,False,SEAS (bernd_bias bug)
XPTUSD,metal,2015-09-07,1,-0.41988,-0.32521,SEAS10,-0.094667,1,agree,False,SEAS (bernd_bias bug)
XPTUSD,metal,2015-09-21,1,-1.1199,-0.28046,SEAS10,-0.83945,1,agree,False,SEAS (bernd_bias bug)
XPTUSD,metal,2015-10-05,1,2.122,-0.6178,SEAS10,2.7398,1,agree,False,SEAS (bernd_bias bug)
XPTUSD,metal,2015-10-19,1,-0.85613,-0.70976,SEAS10,-0.14637,0,neutral,False,SEAS (bernd_bias bug)
XPTUSD,metal,2015-11-02,1,-1.0896,-0.78557,SEAS10,-0.30405,0,neutral,False,SEAS (bernd_bias bug)
XPTUSD,metal,2015-11-16,1,-0.96288,-0.46889,SEAS10,-0.49399,0,neutral,False,SEAS (bernd_bias bug)
XPTUSD,metal,2015-11-30,1,-0.11055,-0.62791,SEAS10,0.51736,1,agree,False,SEAS (bernd_bias bug)
XPTUSD,metal,2015-12-14,1,0.70126,-0.40847,SEAS10,1.1097,1,agree,False,SEAS (bernd_bias bug)
XPTUSD,metal,2015-12-29,1,-1.2587,-0.49767,SEAS10,-0.76107,1,agree,False,SEAS (bernd_bias bug)
XPTUSD,metal,2016-01-13,1,0.6244,-0.098946,SEAS10,0.72334,0,neutral,False,SEAS (bernd_bias bug)
XPTUSD,metal,2016-01-27,1,1.0728,-0.083921,SEAS10,1.1567,1,agree,False,SEAS (bernd_bias bug)
XPTUSD,metal,2016-02-10,1,0.012487,0.13852,SEAS10,-0.12603,1,agree,False,SEAS (bernd_bias bug)
XPTUSD,metal,2016-02-24,1,0.7265,-0.17492,SEAS10,0.90141,0,neutral,False,SEAS (bernd_bias bug)
XPTUSD,metal,2016-03-09,1,0.078154,0.099208,SEAS10,-0.021054,0,neutral,False,SEAS (bernd_bias bug)
XPTUSD,metal,2016-03-23,1,-1.041,-0.28624,SEAS10,-0.75474,0,neutral,False,SEAS (bernd_bias bug)
XPTUSD,metal,2016-04-07,1,1.342,-0.26124,SEAS10,1.6033,0,neutral,False,SEAS (bernd_bias bug)
XPTUSD,metal,2016-04-21,1,0.65647,-0.26956,SEAS10,0.92602,0,neutral,False,SEAS (bernd_bias bug)
XPTUSD,metal,2016-05-05,1,-0.84378,-0.72373,SEAS10,-0.12005,0,neutral,False,SEAS (bernd_bias bug)
XPTUSD,metal,2016-05-19,1,-1.1329,-0.32229,SEAS10,-0.81066,0,neutral,False,SEAS (bernd_bias bug)
XPTUSD,metal,2016-06-02,1,-3.08,-0.0085116,SEAS10,-3.0715,0,neutral,False,SEAS (bernd_bias bug)
XPTUSD,metal,2016-10-17,1,0.84056,-0.038834,SEAS10,0.8794,0,neutral,False,SEAS (bernd_bias bug)
XPTUSD,metal,2016-10-31,1,-1.235,-0.56331,SEAS10,-0.67165,1,agree,False,SEAS (bernd_bias bug)
XPTUSD,metal,2016-11-14,1,-1.1059,-0.38877,SEAS10,-0.71709,1,agree,False,SEAS (bernd_bias bug)
XPTUSD,metal,2016-11-28,1,-0.022629,0.33195,SEAS10,-0.35458,1,agree,False,SEAS (bernd_bias bug)
XPTUSD,metal,2016-12-12,1,-0.81241,-0.14195,SEAS10,-0.67046,1,agree,False,SEAS (bernd_bias bug)
XPTUSD,metal,2016-12-27,1,1.5972,-0.12356,SEAS10,1.7208,0,neutral,False,SEAS (bernd_bias bug)
XPTUSD,metal,2017-01-11,1,0.094245,-0.0898,SEAS10,0.18404,0,neutral,False,SEAS (bernd_bias bug)
XPTUSD,metal,2017-01-25,1,-0.10456,-0.14106,SEAS10,0.036496,0,neutral,False,SEAS (bernd_bias bug)
XPTUSD,metal,2017-02-08,1,-0.45861,-0.21047,SEAS10,-0.24814,0,neutral,False,SEAS (bernd_bias bug)
XPTUSD,metal,2017-02-22,1,-1.3686,-0.20261,SEAS10,-1.1659,0,neutral,False,SEAS (bernd_bias bug)
XPTUSD,metal,2017-03-08,1,-0.062116,-0.36662,SEAS10,0.30451,0,neutral,False,SEAS (bernd_bias bug)
XPTUSD,metal,2017-03-22,1,-0.64907,-0.11876,SEAS10,-0.53031,0,neutral,False,SEAS (bernd_bias bug)
XPTUSD,metal,2017-04-05,1,-0.26445,-0.44878,SEAS10,0.18433,0,neutral,False,SEAS (bernd_bias bug)
XPTUSD,metal,2017-04-20,1,-1.3143,-0.3997,SEAS10,-0.91465,0,neutral,False,SEAS (bernd_bias bug)
XPTUSD,metal,2017-05-04,1,1.0917,-0.19223,SEAS10,1.2839,0,neutral,False,SEAS (bernd_bias bug)
XPTUSD,metal,2017-05-18,1,-0.28417,-0.44231,SEAS10,0.15814,1,agree,False,SEAS (bernd_bias bug)
XPTUSD,metal,2017-06-01,1,-0.80172,-0.1229,SEAS10,-0.67882,1,agree,False,SEAS (bernd_bias bug)
XPTUSD,metal,2017-06-15,1,-0.78761,-0.30978,SEAS10,-0.47783,0,neutral,False,SEAS (bernd_bias bug)
XPTUSD,metal,2017-06-29,1,-0.41844,-0.32019,SEAS10,-0.098255,1,agree,False,SEAS (bernd_bias bug)
XPTUSD,metal,2017-07-13,1,0.093853,-0.45243,SEAS10,0.54629,1,agree,False,SEAS (bernd_bias bug)
XPTUSD,metal,2017-07-27,1,1.1066,-0.052809,SEAS10,1.1594,1,agree,False,SEAS (bernd_bias bug)
XPTUSD,metal,2017-08-10,1,-0.29344,-0.39967,SEAS10,0.10623,1,agree,False,SEAS (bernd_bias bug)
XPTUSD,metal,2017-08-24,1,0.54026,-0.1236,SEAS10,0.66386,0,neutral,False,SEAS (bernd_bias bug)
XPTUSD,metal,2017-09-07,1,-1.2715,-0.25195,SEAS10,-1.0196,0,neutral,False,SEAS (bernd_bias bug)
XPTUSD,metal,2017-09-21,1,-1.2551,-0.063568,SEAS10,-1.1915,0,neutral,False,SEAS (bernd_bias bug)
XPTUSD,metal,2017-10-05,1,-0.11615,-0.3159,SEAS10,0.19975,0,neutral,False,SEAS (bernd_bias bug)
XPTUSD,metal,2017-10-19,1,-0.020541,-0.31261,SEAS10,0.29207,0,neutral,False,SEAS (bernd_bias bug)
XPTUSD,metal,2017-11-02,1,-0.57257,-0.11583,SEAS10,-0.45674,0,neutral,False,SEAS (bernd_bias bug)
XPTUSD,metal,2017-11-16,1,-0.19903,-0.023193,SEAS10,-0.17584,0,neutral,False,SEAS (bernd_bias bug)
XPTUSD,metal,2017-11-30,1,-1.1938,-0.2931,SEAS10,-0.90072,0,neutral,False,SEAS (bernd_bias bug)
XPTUSD,metal,2017-12-14,1,0.78935,-0.012444,SEAS10,0.80179,0,neutral,False,SEAS (bernd_bias bug)
XPTUSD,metal,2017-12-29,1,1.8959,-0.12658,SEAS10,2.0225,1,agree,False,SEAS (bernd_bias bug)
XPTUSD,metal,2018-01-15,1,0.16442,-0.60361,SEAS10,0.76803,0,neutral,False,SEAS (bernd_bias bug)
XPTUSD,metal,2018-01-29,1,-1.2573,-0.47862,SEAS10,-0.77872,0,neutral,False,SEAS (bernd_bias bug)
XPTUSD,metal,2018-02-12,1,0.64899,-0.65115,SEAS10,1.3001,0,neutral,False,SEAS (bernd_bias bug)
XPTUSD,metal,2018-02-26,1,-1.1645,-0.47454,SEAS10,-0.68994,0,neutral,False,SEAS (bernd_bias bug)
XPTUSD,metal,2018-03-12,1,-0.86803,-0.40715,SEAS10,-0.46089,0,neutral,False,SEAS (bernd_bias bug)
XPTUSD,metal,2018-03-26,1,-1.2564,-0.5713,SEAS10,-0.68506,0,neutral,False,SEAS (bernd_bias bug)
XPTUSD,metal,2018-04-10,1,-0.85409,-0.48385,SEAS10,-0.37023,0,neutral,False,SEAS (bernd_bias bug)
XPTUSD,metal,2018-04-24,1,-1.2841,-0.51786,SEAS10,-0.76624,0,neutral,False,SEAS (bernd_bias bug)
XPTUSD,metal,2018-05-08,1,-1.3547,-0.58335,SEAS10,-0.77136,1,agree,False,SEAS (bernd_bias bug)
XPTUSD,metal,2018-05-22,1,-0.44376,-0.59054,SEAS10,0.14678,1,agree,False,SEAS (bernd_bias bug)
XPTUSD,metal,2018-06-05,1,-1.1489,-0.46328,SEAS10,-0.68559,1,agree,False,SEAS (bernd_bias bug)
XPTUSD,metal,2018-06-19,1,-1.0994,-0.69167,SEAS10,-0.40774,1,agree,False,SEAS (bernd_bias bug)
XPTUSD,metal,2018-07-03,1,-0.30827,-0.67363,SEAS10,0.36536,1,agree,False,SEAS (bernd_bias bug)
XPTUSD,metal,2018-07-17,1,-0.23368,-0.77487,SEAS10,0.5412,1,agree,False,SEAS (bernd_bias bug)
XPTUSD,metal,2018-07-31,1,-1.0357,-0.45535,SEAS10,-0.58038,1,agree,False,SEAS (bernd_bias bug)
XPTUSD,metal,2018-08-14,1,-1.066,-0.6137,SEAS10,-0.45234,1,agree,False,SEAS (bernd_bias bug)
XPTUSD,metal,2018-08-28,1,-0.73598,-0.40225,SEAS10,-0.33373,1,agree,False,SEAS (bernd_bias bug)
XPTUSD,metal,2018-09-11,1,0.66625,-0.72071,SEAS10,1.387,1,agree,False,SEAS (bernd_bias bug)
XPTUSD,metal,2018-09-25,1,-0.65127,-0.74103,SEAS10,0.089754,1,agree,False,SEAS (bernd_bias bug)
XPTUSD,metal,2018-10-09,1,-0.35152,-0.37121,SEAS10,0.019692,0,neutral,False,SEAS (bernd_bias bug)
XPTUSD,metal,2018-10-23,1,0.99356,-0.60128,SEAS10,1.5948,0,neutral,False,SEAS (bernd_bias bug)
XPTUSD,metal,2018-11-06,1,-1.2772,-0.14929,SEAS10,-1.1279,0,neutral,False,SEAS (bernd_bias bug)
XPTUSD,metal,2018-11-20,1,-1.2947,-0.79284,SEAS10,-0.5019,0,neutral,False,SEAS (bernd_bias bug)
XPTUSD,metal,2018-12-04,1,-0.87039,-0.5039,SEAS10,-0.36649,0,neutral,False,SEAS (bernd_bias bug)
XPTUSD,metal,2018-12-18,1,-0.32366,-0.64841,SEAS10,0.32475,0,neutral,False,SEAS (bernd_bias bug)
XPTUSD,metal,2019-01-03,1,-0.053228,0.11151,SEAS10,-0.16473,0,neutral,False,SEAS (bernd_bias bug)
XPTUSD,metal,2019-01-17,1,-0.0019678,-0.29184,SEAS10,0.28987,0,neutral,False,SEAS (bernd_bias bug)
XPTUSD,metal,2019-01-31,1,-1.3544,0.38519,SEAS10,-1.7395,0,neutral,False,SEAS (bernd_bias bug)
XPTUSD,metal,2019-02-14,1,2.8833,-0.023149,SEAS10,2.9065,0,neutral,False,SEAS (bernd_bias bug)
XPTUSD,metal,2019-02-28,1,-1.1368,-0.020084,SEAS10,-1.1167,0,neutral,False,SEAS (bernd_bias bug)
XPTUSD,metal,2019-03-14,1,-0.087388,-0.4106,SEAS10,0.32322,0,neutral,False,SEAS (bernd_bias bug)
XPTUSD,metal,2019-03-28,1,1.1384,-0.024959,SEAS10,1.1633,0,neutral,False,SEAS (bernd_bias bug)
XPTUSD,metal,2019-04-11,1,-0.70411,-0.091426,SEAS10,-0.61269,0,neutral,False,SEAS (bernd_bias bug)
XPTUSD,metal,2019-04-26,1,-1.1879,0.10107,SEAS10,-1.289,0,neutral,False,SEAS (bernd_bias bug)
XPTUSD,metal,2019-05-10,1,-1.2465,-0.078024,SEAS10,-1.1685,0,neutral,False,SEAS (bernd_bias bug)
XPTUSD,metal,2019-05-24,1,-0.23647,0.087629,SEAS10,-0.3241,0,neutral,False,SEAS (bernd_bias bug)
XPTUSD,metal,2019-06-07,1,-0.33958,0.079863,SEAS10,-0.41944,0,neutral,False,SEAS (bernd_bias bug)
XPTUSD,metal,2019-06-21,1,0.46959,0.21727,SEAS10,0.25232,0,neutral,False,SEAS (bernd_bias bug)
XPTUSD,metal,2019-07-05,1,0.20161,0.32924,SEAS10,-0.12762,0,neutral,False,SEAS (bernd_bias bug)
XPTUSD,metal,2019-07-19,1,-0.36794,-0.37706,SEAS10,0.0091216,0,neutral,False,SEAS (bernd_bias bug)
XPTUSD,metal,2019-08-02,1,-0.68906,-0.18668,SEAS10,-0.50238,0,neutral,False,SEAS (bernd_bias bug)
XPTUSD,metal,2019-08-16,1,1.8464,0.40296,SEAS10,1.4434,0,neutral,False,SEAS (bernd_bias bug)
XPTUSD,metal,2019-08-30,1,0.60166,0.089178,SEAS10,0.51249,0,neutral,False,SEAS (bernd_bias bug)
XPTUSD,metal,2019-09-13,1,-0.64495,-0.038855,SEAS10,-0.60609,-1,against,False,SEAS (bernd_bias bug)
XPTUSD,metal,2019-09-27,1,-1.0668,-0.24891,SEAS10,-0.81787,-1,against,False,SEAS (bernd_bias bug)
XPTUSD,metal,2019-10-11,1,0.30544,-0.08107,SEAS10,0.38651,0,neutral,False,SEAS (bernd_bias bug)
XPTUSD,metal,2019-10-25,1,-0.6932,-0.22867,SEAS10,-0.46453,-1,against,False,SEAS (bernd_bias bug)
XPTUSD,metal,2019-11-08,1,-1.0941,-0.26298,SEAS10,-0.83112,-1,against,False,SEAS (bernd_bias bug)
XPTUSD,metal,2019-11-22,1,-0.81326,0.15123,SEAS10,-0.96449,-1,against,False,SEAS (bernd_bias bug)
XPTUSD,metal,2019-12-06,1,0.71814,-0.15025,SEAS10,0.86839,-1,against,False,SEAS (bernd_bias bug)
XPTUSD,metal,2019-12-20,1,0.49154,-0.10865,SEAS10,0.60019,-1,against,False,SEAS (bernd_bias bug)
XPTUSD,metal,2020-01-07,1,1.0188,-0.060572,SEAS10,1.0794,-1,against,False,SEAS (bernd_bias bug)
XPTUSD,metal,2020-01-21,1,-1.2291,-0.20931,SEAS10,-1.0197,-1,against,False,SEAS (bernd_bias bug)
XPTUSD,metal,2020-02-04,1,-0.19897,-0.14583,SEAS10,-0.053143,-1,against,False,SEAS (bernd_bias bug)
XPTUSD,metal,2020-02-18,1,-1.2066,-0.12816,SEAS10,-1.0785,-1,against,False,SEAS (bernd_bias bug)
XPTUSD,metal,2020-03-03,1,-1.2212,-0.091888,SEAS10,-1.1294,0,neutral,False,SEAS (bernd_bias bug)
XPTUSD,metal,2020-03-17,1,0.48844,-0.11258,SEAS10,0.60101,0,neutral,False,SEAS (bernd_bias bug)
XPTUSD,metal,2020-03-31,1,0.31837,0.011108,SEAS10,0.30726,0,neutral,False,SEAS (bernd_bias bug)
XPTUSD,metal,2020-04-15,1,-0.31103,0.06477,SEAS10,-0.3758,0,neutral,False,SEAS (bernd_bias bug)
XPTUSD,metal,2020-04-29,1,-0.40496,0.10962,SEAS10,-0.51459,0,neutral,False,SEAS (bernd_bias bug)
XPTUSD,metal,2020-05-13,1,0.97461,0.011123,SEAS10,0.96349,0,neutral,False,SEAS (bernd_bias bug)
XPTUSD,metal,2020-05-27,1,-0.14734,-0.0065766,SEAS10,-0.14076,0,neutral,False,SEAS (bernd_bias bug)
XPTUSD,metal,2020-06-10,1,-0.33974,-0.037563,SEAS10,-0.30217,0,neutral,False,SEAS (bernd_bias bug)
XPTUSD,metal,2020-06-24,1,-0.017077,-0.061212,SEAS10,0.044135,0,neutral,False,SEAS (bernd_bias bug)
XPTUSD,metal,2020-07-08,1,0.59067,-0.11972,SEAS10,0.71039,0,neutral,False,SEAS (bernd_bias bug)
XPTUSD,metal,2020-07-22,1,0.92682,-0.036805,SEAS10,0.96362,0,neutral,False,SEAS (bernd_bias bug)
XPTUSD,metal,2020-08-05,1,0.21834,-0.11666,SEAS10,0.335,0,neutral,False,SEAS (bernd_bias bug)
XPTUSD,metal,2020-08-19,1,-0.25529,0.052265,SEAS10,-0.30756,0,neutral,False,SEAS (bernd_bias bug)
XPTUSD,metal,2020-09-02,1,0.17618,-0.25918,SEAS10,0.43536,0,neutral,False,SEAS (bernd_bias bug)
XPTUSD,metal,2020-09-16,1,-1.1215,0.024897,SEAS10,-1.1464,0,neutral,False,SEAS (bernd_bias bug)
XPTUSD,metal,2020-09-30,1,-0.33781,0.060155,SEAS10,-0.39796,0,neutral,False,SEAS (bernd_bias bug)
XPTUSD,metal,2020-10-14,1,0.12288,-0.12577,SEAS10,0.24864,0,neutral,False,SEAS (bernd_bias bug)
XPTUSD,metal,2020-10-28,1,-0.030969,-0.19699,SEAS10,0.16603,0,neutral,False,SEAS (bernd_bias bug)
XPTUSD,metal,2020-11-11,1,0.93782,-0.19475,SEAS10,1.1326,0,neutral,False,SEAS (bernd_bias bug)
XPTUSD,metal,2020-11-25,1,0.69056,-0.29067,SEAS10,0.98124,0,neutral,False,SEAS (bernd_bias bug)
XPTUSD,metal,2020-12-09,1,-1.1886,0.10987,SEAS10,-1.2985,0,neutral,False,SEAS (bernd_bias bug)
XPTUSD,metal,2020-12-23,1,1.1258,-0.1227,SEAS10,1.2485,0,neutral,False,SEAS (bernd_bias bug)
XPTUSD,metal,2021-01-08,1,-1.0724,-0.31713,SEAS10,-0.75527,0,neutral,False,SEAS (bernd_bias bug)
XPTUSD,metal,2021-01-22,1,-0.40118,-0.28786,SEAS10,-0.11332,0,neutral,False,SEAS (bernd_bias bug)
XPTUSD,metal,2021-02-05,1,1.7242,-0.31445,SEAS10,2.0386,0,neutral,False,SEAS (bernd_bias bug)
XPTUSD,metal,2021-02-19,1,-1.1077,-0.17792,SEAS10,-0.92976,0,neutral,False,SEAS (bernd_bias bug)
XPTUSD,metal,2021-03-05,1,0.57126,-0.34687,SEAS10,0.91813,0,neutral,False,SEAS (bernd_bias bug)
XPTUSD,metal,2021-03-19,1,-0.094086,-0.3952,SEAS10,0.30112,0,neutral,False,SEAS (bernd_bias bug)
XPTUSD,metal,2021-04-05,1,-0.34437,-0.45571,SEAS10,0.11134,0,neutral,False,SEAS (bernd_bias bug)
XPTUSD,metal,2021-04-19,1,-0.2681,-0.44607,SEAS10,0.17796,0,neutral,False,SEAS (bernd_bias bug)
XPTUSD,metal,2021-05-03,1,0.21078,-0.43205,SEAS10,0.64283,0,neutral,False,SEAS (bernd_bias bug)
XPTUSD,metal,2021-05-17,1,-0.88594,-0.3898,SEAS10,-0.49614,0,neutral,False,SEAS (bernd_bias bug)
XPTUSD,metal,2021-05-31,1,-0.76945,-0.27648,SEAS10,-0.49297,0,neutral,False,SEAS (bernd_bias bug)
XPTUSD,metal,2021-06-14,1,-1.1422,-0.38948,SEAS10,-0.7527,0,neutral,False,SEAS (bernd_bias bug)
XPTUSD,metal,2021-06-28,1,-0.37838,-0.53699,SEAS10,0.15861,0,neutral,False,SEAS (bernd_bias bug)
XPTUSD,metal,2021-07-12,1,-0.81289,-0.33417,SEAS10,-0.47871,0,neutral,False,SEAS (bernd_bias bug)
XPTUSD,metal,2021-07-26,1,-1.2222,-0.30516,SEAS10,-0.91706,0,neutral,False,SEAS (bernd_bias bug)
XPTUSD,metal,2021-08-09,1,0.0030817,-0.55652,SEAS10,0.55961,0,neutral,False,SEAS (bernd_bias bug)
XPTUSD,metal,2021-08-23,1,0.21841,-0.24581,SEAS10,0.46422,0,neutral,False,SEAS (bernd_bias bug)
XPTUSD,metal,2021-09-06,1,-1.1521,-0.27128,SEAS10,-0.88078,0,neutral,False,SEAS (bernd_bias bug)
XPTUSD,metal,2021-09-20,1,0.26877,-0.63477,SEAS10,0.90354,1,agree,False,SEAS (bernd_bias bug)
XPTUSD,metal,2021-10-04,1,1.2447,-0.36501,SEAS10,1.6097,1,agree,False,SEAS (bernd_bias bug)
XPTUSD,metal,2021-10-18,1,-0.78006,-0.27652,SEAS10,-0.50354,1,agree,False,SEAS (bernd_bias bug)
XPTUSD,metal,2021-11-01,1,0.76215,-0.24312,SEAS10,1.0053,0,neutral,False,SEAS (bernd_bias bug)
XPTUSD,metal,2021-11-15,1,-1.1772,-0.28387,SEAS10,-0.89335,0,neutral,False,SEAS (bernd_bias bug)
XPTUSD,metal,2021-11-29,1,-0.5104,-0.30223,SEAS10,-0.20816,0,neutral,False,SEAS (bernd_bias bug)
XPTUSD,metal,2021-12-13,1,0.12582,-0.25434,SEAS10,0.38017,1,agree,False,SEAS (bernd_bias bug)
XPTUSD,metal,2021-12-28,1,-0.88333,-0.28839,SEAS10,-0.59494,1,agree,False,SEAS (bernd_bias bug)
XPTUSD,metal,2022-01-11,1,1.322,-0.55271,SEAS10,1.8747,1,agree,False,SEAS (bernd_bias bug)
XPTUSD,metal,2022-01-25,1,-0.36701,-0.27804,SEAS10,-0.088965,1,agree,False,SEAS (bernd_bias bug)
XPTUSD,metal,2022-02-08,1,0.69452,-0.34565,SEAS10,1.0402,1,agree,False,SEAS (bernd_bias bug)
XPTUSD,metal,2022-02-22,1,0.49325,-0.32725,SEAS10,0.8205,1,agree,False,SEAS (bernd_bias bug)
XPTUSD,metal,2022-03-08,1,-1.106,-0.40759,SEAS10,-0.69839,0,neutral,False,SEAS (bernd_bias bug)
XPTUSD,metal,2022-03-22,1,-0.79952,-0.15282,SEAS10,-0.64669,0,neutral,False,SEAS (bernd_bias bug)
XPTUSD,metal,2022-04-05,1,-0.13508,-0.10521,SEAS10,-0.029876,0,neutral,False,SEAS (bernd_bias bug)
XPTUSD,metal,2022-04-20,1,-1.1263,-0.16376,SEAS10,-0.96255,1,agree,False,SEAS (bernd_bias bug)
XPTUSD,metal,2022-05-04,1,-0.49762,-0.019524,SEAS10,-0.47809,1,agree,False,SEAS (bernd_bias bug)
XPTUSD,metal,2022-05-18,1,-0.0015632,-0.29647,SEAS10,0.2949,1,agree,False,SEAS (bernd_bias bug)
XPTUSD,metal,2022-06-01,1,-0.99254,-0.13059,SEAS10,-0.86195,1,agree,False,SEAS (bernd_bias bug)
XPTUSD,metal,2022-06-15,1,-0.44515,0.062278,SEAS10,-0.50742,1,agree,False,SEAS (bernd_bias bug)
XPTUSD,metal,2022-06-29,1,-1.1637,-0.24293,SEAS10,-0.92079,1,agree,False,SEAS (bernd_bias bug)
XPTUSD,metal,2022-07-13,1,0.28725,-0.55311,SEAS10,0.84036,1,agree,False,SEAS (bernd_bias bug)
XPTUSD,metal,2022-07-27,1,0.85371,-0.51859,SEAS10,1.3723,1,agree,False,SEAS (bernd_bias bug)
XPTUSD,metal,2022-08-10,1,-1.2913,-0.22723,SEAS10,-1.0641,1,agree,False,SEAS (bernd_bias bug)
XPTUSD,metal,2022-08-24,1,-1.2322,-0.061709,SEAS10,-1.1705,1,agree,False,SEAS (bernd_bias bug)
XPTUSD,metal,2022-09-07,1,1.1223,-0.21183,SEAS10,1.3341,1,agree,False,SEAS (bernd_bias bug)
XPTUSD,metal,2022-09-21,1,-1.1364,-0.43386,SEAS10,-0.70253,1,agree,False,SEAS (bernd_bias bug)
XPTUSD,metal,2022-10-05,1,-1.1952,-0.071862,SEAS10,-1.1233,1,agree,False,SEAS (bernd_bias bug)
XPTUSD,metal,2022-10-19,1,0.44329,-0.34453,SEAS10,0.78783,1,agree,False,SEAS (bernd_bias bug)
XPTUSD,metal,2022-11-02,1,1.0066,-0.45828,SEAS10,1.4649,0,neutral,False,SEAS (bernd_bias bug)
XPTUSD,metal,2022-11-16,1,-0.40024,0.01848,SEAS10,-0.41872,0,neutral,False,SEAS (bernd_bias bug)
XPTUSD,metal,2022-11-30,1,0.3047,-0.23558,SEAS10,0.54028,0,neutral,False,SEAS (bernd_bias bug)
XPTUSD,metal,2022-12-14,1,-1.2046,-0.16781,SEAS10,-1.0368,0,neutral,False,SEAS (bernd_bias bug)
XPTUSD,metal,2022-12-29,1,0.73891,-0.044611,SEAS10,0.78352,0,neutral,False,SEAS (bernd_bias bug)
XPTUSD,metal,2023-01-13,1,-0.90714,-0.18513,SEAS10,-0.722,0,neutral,False,SEAS (bernd_bias bug)
XPTUSD,metal,2023-01-27,1,-1.2168,-0.22638,SEAS10,-0.99039,0,neutral,False,SEAS (bernd_bias bug)
XPTUSD,metal,2023-02-10,1,-0.30775,-0.45192,SEAS10,0.14417,0,neutral,False,SEAS (bernd_bias bug)
XPTUSD,metal,2023-02-24,1,-0.28385,-0.51157,SEAS10,0.22771,0,neutral,False,SEAS (bernd_bias bug)
XPTUSD,metal,2023-03-10,1,0.60108,-0.33354,SEAS10,0.93463,0,neutral,False,SEAS (bernd_bias bug)
XPTUSD,metal,2023-03-24,1,0.14839,-0.20506,SEAS10,0.35345,0,neutral,False,SEAS (bernd_bias bug)
XPTUSD,metal,2023-04-10,1,1.8738,-0.24401,SEAS10,2.1178,0,neutral,False,SEAS (bernd_bias bug)
XPTUSD,metal,2023-04-24,1,-1.0549,-0.42833,SEAS10,-0.62654,0,neutral,False,SEAS (bernd_bias bug)
XPTUSD,metal,2023-05-08,1,-0.13131,-0.20375,SEAS10,0.072443,0,neutral,False,SEAS (bernd_bias bug)
XPTUSD,metal,2023-05-22,1,-1.1588,-0.33557,SEAS10,-0.82322,0,neutral,False,SEAS (bernd_bias bug)
XPTUSD,metal,2023-06-05,1,-0.66164,-0.57129,SEAS10,-0.090346,0,neutral,False,SEAS (bernd_bias bug)
XPTUSD,metal,2023-06-19,1,-1.1217,-0.38721,SEAS10,-0.73453,0,neutral,False,SEAS (bernd_bias bug)
XPTUSD,metal,2023-07-03,1,1.3483,0.2967,SEAS10,1.0516,0,neutral,False,SEAS (bernd_bias bug)
XPTUSD,metal,2023-07-17,1,-1.2739,-0.21583,SEAS10,-1.0581,0,neutral,False,SEAS (bernd_bias bug)
XPTUSD,metal,2023-07-31,1,-1.2243,-0.30326,SEAS10,-0.92104,0,neutral,False,SEAS (bernd_bias bug)
XPTUSD,metal,2023-08-14,1,0.47243,-0.3221,SEAS10,0.79454,0,neutral,False,SEAS (bernd_bias bug)
XPTUSD,metal,2023-08-28,1,-1.2725,-0.42432,SEAS10,-0.84821,1,agree,False,SEAS (bernd_bias bug)
XPTUSD,metal,2023-09-11,1,0.51624,-0.41186,SEAS10,0.9281,0,neutral,False,SEAS (bernd_bias bug)
XPTUSD,metal,2023-09-25,1,-1.093,-0.38234,SEAS10,-0.7107,0,neutral,False,SEAS (bernd_bias bug)
XPTUSD,metal,2023-10-09,1,-0.0034296,0.09918,SEAS10,-0.10261,0,neutral,False,SEAS (bernd_bias bug)
XPTUSD,metal,2023-10-23,1,0.63705,-0.2857,SEAS10,0.92275,1,agree,False,SEAS (bernd_bias bug)
XPTUSD,metal,2023-11-06,1,-1.0897,-0.62961,SEAS10,-0.46013,0,neutral,False,SEAS (bernd_bias bug)
XPTUSD,metal,2023-11-20,1,0.58111,-0.19559,SEAS10,0.7767,1,agree,False,SEAS (bernd_bias bug)
XPTUSD,metal,2023-12-04,1,-1.0775,-0.22406,SEAS10,-0.8534,0,neutral,False,SEAS (bernd_bias bug)
XPTUSD,metal,2023-12-18,1,0.50834,-0.21938,SEAS10,0.72772,0,neutral,False,SEAS (bernd_bias bug)
XPTUSD,metal,2024-01-03,1,-1.1555,-0.14508,SEAS10,-1.0104,0,neutral,False,SEAS (bernd_bias bug)
XPTUSD,metal,2024-01-17,1,0.29797,-0.34228,SEAS10,0.64024,0,neutral,False,SEAS (bernd_bias bug)
XPTUSD,metal,2024-01-31,1,-1.1871,-0.32195,SEAS10,-0.86514,0,neutral,False,SEAS (bernd_bias bug)
XPTUSD,metal,2024-02-14,1,0.12035,-0.40761,SEAS10,0.52796,0,neutral,False,SEAS (bernd_bias bug)
XPTUSD,metal,2024-02-28,1,0.49418,-0.30693,SEAS10,0.80111,0,neutral,False,SEAS (bernd_bias bug)
XPTUSD,metal,2024-03-13,1,-0.82721,-0.15932,SEAS10,-0.66789,1,agree,False,SEAS (bernd_bias bug)
XPTUSD,metal,2024-03-27,1,1.166,-0.34796,SEAS10,1.5139,0,neutral,False,SEAS (bernd_bias bug)
XPTUSD,metal,2024-04-11,1,-1.2445,-0.093878,SEAS10,-1.1506,0,neutral,False,SEAS (bernd_bias bug)
XPTUSD,metal,2024-04-25,1,1.3298,-0.33961,SEAS10,1.6695,0,neutral,False,SEAS (bernd_bias bug)
XPTUSD,metal,2024-05-09,1,1.1515,-0.31522,SEAS10,1.4668,0,neutral,False,SEAS (bernd_bias bug)
XPTUSD,metal,2024-05-23,1,-1.2222,-0.18427,SEAS10,-1.038,-1,against,False,SEAS (bernd_bias bug)
XPTUSD,metal,2024-06-06,-1,0.21474,-0.12773,SEAS10,0.34247,-1,agree,False,SEAS (bernd_bias bug)
XPTUSD,metal,2024-06-20,1,0.15327,-0.25029,SEAS10,0.40356,0,neutral,False,SEAS (bernd_bias bug)
XPTUSD,metal,2024-07-04,1,-0.25207,-0.11211,SEAS10,-0.13995,-1,against,False,SEAS (bernd_bias bug)
XPTUSD,metal,2024-07-18,1,-1.0898,-0.50816,SEAS10,-0.58168,-1,against,False,SEAS (bernd_bias bug)
XPTUSD,metal,2024-08-01,1,-1.097,-0.089157,SEAS10,-1.0078,0,neutral,False,SEAS (bernd_bias bug)
XPTUSD,metal,2024-08-15,1,-0.049918,-0.55991,SEAS10,0.50999,0,neutral,False,SEAS (bernd_bias bug)
XPTUSD,metal,2024-08-29,1,0.2189,-0.21324,SEAS10,0.43214,0,neutral,False,SEAS (bernd_bias bug)
XPTUSD,metal,2024-09-12,1,0.51839,-0.33756,SEAS10,0.85595,0,neutral,False,SEAS (bernd_bias bug)
XPTUSD,metal,2024-09-26,1,-1.2612,-0.37219,SEAS10,-0.88906,-1,against,False,SEAS (bernd_bias bug)
XPTUSD,metal,2024-10-10,1,1.1451,-0.47502,SEAS10,1.6202,-1,against,False,SEAS (bernd_bias bug)
XPTUSD,metal,2024-10-24,1,-1.2371,-0.25246,SEAS10,-0.98463,-1,against,False,SEAS (bernd_bias bug)
XPTUSD,metal,2024-11-07,1,-1.12,-0.20972,SEAS10,-0.91026,-1,against,False,SEAS (bernd_bias bug)
XPTUSD,metal,2024-11-21,1,-0.64014,-0.46588,SEAS10,-0.17427,0,neutral,False,SEAS (bernd_bias bug)
XPTUSD,metal,2024-12-05,1,-0.76823,0.16005,SEAS10,-0.92828,0,neutral,False,SEAS (bernd_bias bug)
XPTUSD,metal,2024-12-19,1,0.042155,-0.44351,SEAS10,0.48566,0,neutral,False,SEAS (bernd_bias bug)
XPTUSD,metal,2025-01-06,1,-0.20948,0.62574,SEAS10,-0.83521,0,neutral,False,SEAS (bernd_bias bug)
XPTUSD,metal,2025-01-20,1,0.69001,0.94959,SEAS10,-0.25958,0,neutral,False,SEAS (bernd_bias bug)
XPTUSD,metal,2025-02-03,1,-0.36531,0.24792,SEAS10,-0.61323,0,neutral,False,SEAS (bernd_bias bug)
XPTUSD,metal,2025-02-17,1,-1.3438,0.21196,SEAS10,-1.5558,0,neutral,False,SEAS (bernd_bias bug)
XPTUSD,metal,2025-03-03,1,0.77585,0.3802,SEAS10,0.39565,0,neutral,False,SEAS (bernd_bias bug)
XPTUSD,metal,2025-03-17,1,-0.63413,0.075448,SEAS10,-0.70957,0,neutral,False,SEAS (bernd_bias bug)
XPTUSD,metal,2025-03-31,1,-1.1932,0.59604,SEAS10,-1.7893,0,neutral,False,SEAS (bernd_bias bug)
XPTUSD,metal,2025-04-14,1,0.62335,0.90931,SEAS10,-0.28595,0,neutral,False,SEAS (bernd_bias bug)
XPTUSD,metal,2025-04-29,1,-0.52156,0.45712,SEAS10,-0.97869,0,neutral,False,SEAS (bernd_bias bug)
XPTUSD,metal,2025-05-13,1,2.2929,0.67076,SEAS10,1.6222,0,neutral,False,SEAS (bernd_bias bug)
XPTUSD,metal,2025-05-27,1,2.4762,0.26785,SEAS10,2.2084,0,neutral,False,SEAS (bernd_bias bug)
XPTUSD,metal,2025-06-10,-1,-1.0688,-0.46714,SEAS10,-0.60164,0,neutral,False,SEAS (bernd_bias bug)
XPTUSD,metal,2025-06-24,1,0.68089,0.19953,SEAS10,0.48137,0,neutral,False,SEAS (bernd_bias bug)
XPTUSD,metal,2025-07-08,1,0.45122,0.47271,SEAS10,-0.021493,0,neutral,False,SEAS (bernd_bias bug)
XPTUSD,metal,2025-07-22,1,-1.0891,0.61777,SEAS10,-1.7069,0,neutral,False,SEAS (bernd_bias bug)
XPTUSD,metal,2025-08-05,1,-0.17606,1.0669,SEAS10,-1.243,0,neutral,False,SEAS (bernd_bias bug)
XPTUSD,metal,2025-08-19,1,0.7409,0.46368,SEAS10,0.27722,0,neutral,False,SEAS (bernd_bias bug)
XPTUSD,metal,2025-09-02,1,-0.20591,0.40659,SEAS10,-0.61251,0,neutral,False,SEAS (bernd_bias bug)
XPTUSD,metal,2025-09-16,-1,-1.0828,-0.61584,SEAS10,-0.46694,0,neutral,False,SEAS (bernd_bias bug)
XPTUSD,metal,2025-09-30,1,0.14926,0.44867,SEAS10,-0.2994,0,neutral,False,SEAS (bernd_bias bug)
XPTUSD,metal,2025-10-14,1,-1.0828,0.26241,SEAS10,-1.3452,0,neutral,False,SEAS (bernd_bias bug)
XPTUSD,metal,2025-10-28,1,-0.16802,0.54097,SEAS10,-0.70899,0,neutral,False,SEAS (bernd_bias bug)
XPTUSD,metal,2025-11-11,1,-0.31007,0.49676,SEAS10,-0.80684,0,neutral,False,SEAS (bernd_bias bug)
XPTUSD,metal,2025-11-25,1,0.77118,-0.24914,SEAS10,1.0203,0,neutral,False,SEAS (bernd_bias bug)
XPTUSD,metal,2025-12-09,1,4.3752,0.88254,SEAS10,3.4927,0,neutral,False,SEAS (bernd_bias bug)
XPTUSD,metal,2025-12-23,1,-1.0696,0.78131,SEAS10,-1.8509,0,neutral,False,SEAS (bernd_bias bug)
XPTUSD,metal,2026-01-08,1,0.56034,-0.34591,SEAS10,0.90625,0,neutral,False,SEAS (bernd_bias bug)
XPTUSD,metal,2026-01-22,1,-1.0372,-0.22332,SEAS10,-0.81389,0,neutral,False,SEAS (bernd_bias bug)
XPTUSD,metal,2026-02-05,1,-0.40127,-0.26781,SEAS10,-0.13346,0,neutral,False,SEAS (bernd_bias bug)
XPTUSD,metal,2026-02-19,-1,-0.20668,0.27883,SEAS10,-0.4855,0,neutral,False,SEAS (bernd_bias bug)
XPTUSD,metal,2026-03-05,-1,0.44015,-0.042286,SEAS10,0.48243,0,neutral,False,SEAS (bernd_bias bug)
XPTUSD,metal,2026-03-19,1,-1.0372,-0.38135,SEAS10,-0.65586,0,neutral,False,SEAS (bernd_bias bug)
XPTUSD,metal,2026-04-02,1,0.47505,-0.33505,SEAS10,0.8101,0,neutral,False,SEAS (bernd_bias bug)
XPTUSD,metal,2026-04-17,1,-1.0778,-0.23257,SEAS10,-0.84528,0,neutral,False,SEAS (bernd_bias bug)
XPTUSD,metal,2026-05-01,1,0.31736,-0.254,SEAS10,0.57136,0,neutral,False,SEAS (bernd_bias bug)
XPTUSD,metal,2026-05-15,1,-1.1083,-0.3223,SEAS10,-0.78601,0,neutral,False,SEAS (bernd_bias bug)
XPTUSD,metal,2026-05-29,1,-1.0873,-0.077469,SEAS10,-1.0098,0,neutral,False,SEAS (bernd_bias bug)
XPTUSD,metal,2026-06-12,1,-1.1186,-0.45413,SEAS10,-0.66448,0,neutral,False,SEAS (bernd_bias bug)
XPTUSD,metal,2026-06-26,1,0.029495,-0.34187,SEAS10,0.37137,0,neutral,False,SEAS (bernd_bias bug)
XPTUSD,metal,2026-07-10,1,-0.27251,-0.30988,SEAS10,0.037369,0,neutral,False,SEAS (bernd_bias bug)
XPTUSD,metal,2026-07-24,1,0.94115,-0.023559,SEAS10,0.96471,0,neutral,False,SEAS (bernd_bias bug)
XPTUSD,metal,2026-08-07,1,0.77914,-0.014555,SEAS10,0.79369,0,neutral,False,SEAS (bernd_bias bug)
XPTUSD,metal,2026-08-21,1,-0.21934,-0.13465,SEAS10,-0.084689,0,neutral,False,SEAS (bernd_bias bug)
XPTUSD,metal,2026-09-04,1,-0.50072,-0.40892,SEAS10,-0.091803,0,neutral,False,SEAS (bernd_bias bug)
XPTUSD,metal,2026-09-18,1,-0.53021,-0.12379,SEAS10,-0.40641,0,neutral,False,SEAS (bernd_bias bug)
XPTUSD,metal,2026-10-02,1,-0.39491,-0.28237,SEAS10,-0.11253,0,neutral,False,SEAS (bernd_bias bug)
XPTUSD,metal,2015-02-06,1,-1.0635,-1.0595,SEAS20,-0.0039446,0,neutral,False,SEAS (bernd_bias bug)
XPTUSD,metal,2015-03-06,1,-1.0532,-0.70497,SEAS20,-0.34824,0,neutral,False,SEAS (bernd_bias bug)
XPTUSD,metal,2015-04-20,1,-1.071,-0.90128,SEAS20,-0.16972,0,neutral,False,SEAS (bernd_bias bug)
XPTUSD,metal,2015-05-18,1,-1.154,-0.79091,SEAS20,-0.36309,0,neutral,False,SEAS (bernd_bias bug)
XPTUSD,metal,2015-06-15,1,-1.1797,-0.31097,SEAS20,-0.86876,1,agree,False,SEAS (bernd_bias bug)
XPTUSD,metal,2015-07-13,1,-1.1008,-0.88201,SEAS20,-0.21877,1,agree,False,SEAS (bernd_bias bug)
XPTUSD,metal,2015-08-10,1,0.23322,-0.83399,SEAS20,1.0672,1,agree,False,SEAS (bernd_bias bug)
XPTUSD,metal,2015-09-07,1,-1.2467,-0.97316,SEAS20,-0.27351,1,agree,False,SEAS (bernd_bias bug)
XPTUSD,metal,2015-10-05,1,1.1982,-1.0396,SEAS20,2.2378,1,agree,False,SEAS (bernd_bias bug)
XPTUSD,metal,2015-11-02,1,-1.0896,-0.90711,SEAS20,-0.18251,0,neutral,False,SEAS (bernd_bias bug)
XPTUSD,metal,2015-11-30,1,0.59844,-0.8204,SEAS20,1.4188,1,agree,False,SEAS (bernd_bias bug)
XPTUSD,metal,2015-12-29,1,-1.2587,-0.95564,SEAS20,-0.3031,1,agree,False,SEAS (bernd_bias bug)
XPTUSD,metal,2016-01-27,1,1.0446,0.14505,SEAS20,0.89959,1,agree,False,SEAS (bernd_bias bug)
XPTUSD,metal,2016-02-24,1,0.77637,-1.0025,SEAS20,1.7789,0,neutral,False,SEAS (bernd_bias bug)
XPTUSD,metal,2016-03-23,1,-1.041,-0.013776,SEAS20,-1.0272,0,neutral,False,SEAS (bernd_bias bug)
XPTUSD,metal,2016-04-21,1,-0.21953,-0.1547,SEAS20,-0.064827,0,neutral,False,SEAS (bernd_bias bug)
XPTUSD,metal,2016-05-19,1,-1.1329,-0.25003,SEAS20,-0.88292,0,neutral,False,SEAS (bernd_bias bug)
XPTUSD,metal,2016-10-17,1,-0.3282,-0.53692,SEAS20,0.20873,0,neutral,False,SEAS (bernd_bias bug)
XPTUSD,metal,2016-11-14,1,-1.3546,-0.43527,SEAS20,-0.91938,1,agree,False,SEAS (bernd_bias bug)
XPTUSD,metal,2016-12-12,1,0.97199,-0.73802,SEAS20,1.71,1,agree,False,SEAS (bernd_bias bug)
XPTUSD,metal,2017-01-11,1,0.044414,-0.21436,SEAS20,0.25877,0,neutral,False,SEAS (bernd_bias bug)
XPTUSD,metal,2017-02-08,1,-1.6428,-0.53744,SEAS20,-1.1053,0,neutral,False,SEAS (bernd_bias bug)
XPTUSD,metal,2017-03-08,1,-0.65963,-0.37626,SEAS20,-0.28337,0,neutral,False,SEAS (bernd_bias bug)
XPTUSD,metal,2017-04-05,1,-1.7946,-0.52859,SEAS20,-1.266,0,neutral,False,SEAS (bernd_bias bug)
XPTUSD,metal,2017-05-04,1,0.86878,-0.77866,SEAS20,1.6474,0,neutral,False,SEAS (bernd_bias bug)
XPTUSD,metal,2017-06-01,1,-1.4458,-0.32874,SEAS20,-1.117,1,agree,False,SEAS (bernd_bias bug)
XPTUSD,metal,2017-06-29,1,-0.34878,-0.32196,SEAS20,-0.026817,1,agree,False,SEAS (bernd_bias bug)
XPTUSD,metal,2017-07-27,1,0.84024,-0.97174,SEAS20,1.812,1,agree,False,SEAS (bernd_bias bug)
XPTUSD,metal,2017-08-24,1,-1.795,-0.49514,SEAS20,-1.2999,0,neutral,False,SEAS (bernd_bias bug)
XPTUSD,metal,2017-09-21,1,-1.2551,-0.48586,SEAS20,-0.76924,0,neutral,False,SEAS (bernd_bias bug)
XPTUSD,metal,2017-10-19,1,-0.50649,-0.63317,SEAS20,0.12668,0,neutral,False,SEAS (bernd_bias bug)
XPTUSD,metal,2017-11-16,1,-1.6651,-0.39299,SEAS20,-1.2721,0,neutral,False,SEAS (bernd_bias bug)
XPTUSD,metal,2017-12-14,1,2.7225,-0.17358,SEAS20,2.8961,0,neutral,False,SEAS (bernd_bias bug)
XPTUSD,metal,2018-01-15,1,-1.758,-1.1155,SEAS20,-0.64248,0,neutral,False,SEAS (bernd_bias bug)
XPTUSD,metal,2018-02-12,1,-0.62834,-0.81672,SEAS20,0.18838,0,neutral,False,SEAS (bernd_bias bug)
XPTUSD,metal,2018-03-12,1,-1.5136,-1.1159,SEAS20,-0.39771,0,neutral,False,SEAS (bernd_bias bug)
XPTUSD,metal,2018-04-10,1,-1.6233,-0.82275,SEAS20,-0.80059,0,neutral,False,SEAS (bernd_bias bug)
XPTUSD,metal,2018-05-08,1,-1.3547,-0.85999,SEAS20,-0.49473,1,agree,False,SEAS (bernd_bias bug)
XPTUSD,metal,2018-06-05,1,-1.4835,-1.1075,SEAS20,-0.37601,1,agree,False,SEAS (bernd_bias bug)
XPTUSD,metal,2018-07-03,1,-0.5176,-0.89678,SEAS20,0.37919,1,agree,False,SEAS (bernd_bias bug)
XPTUSD,metal,2018-07-31,1,-1.3705,-0.72759,SEAS20,-0.64293,1,agree,False,SEAS (bernd_bias bug)
XPTUSD,metal,2018-08-28,1,-0.050709,-0.67262,SEAS20,0.62191,1,agree,False,SEAS (bernd_bias bug)
XPTUSD,metal,2018-09-25,1,-0.90982,-0.87791,SEAS20,-0.031908,1,agree,False,SEAS (bernd_bias bug)
XPTUSD,metal,2018-10-23,1,0.19719,-0.94226,SEAS20,1.1394,0,neutral,False,SEAS (bernd_bias bug)
XPTUSD,metal,2018-11-20,1,-1.2947,-0.76789,SEAS20,-0.52685,0,neutral,False,SEAS (bernd_bias bug)
XPTUSD,metal,2018-12-18,1,-0.351,-0.99366,SEAS20,0.64266,0,neutral,False,SEAS (bernd_bias bug)
XPTUSD,metal,2019-01-17,1,-1.5175,0.027525,SEAS20,-1.545,0,neutral,False,SEAS (bernd_bias bug)
XPTUSD,metal,2019-02-14,1,1.3959,0.0134,SEAS20,1.3825,0,neutral,False,SEAS (bernd_bias bug)
XPTUSD,metal,2019-03-14,1,1.1441,0.24672,SEAS20,0.89739,0,neutral,False,SEAS (bernd_bias bug)
XPTUSD,metal,2019-04-11,1,-1.4482,-0.17518,SEAS20,-1.2731,0,neutral,False,SEAS (bernd_bias bug)
XPTUSD,metal,2019-05-10,1,-1.2465,-0.091069,SEAS20,-1.1554,0,neutral,False,SEAS (bernd_bias bug)
XPTUSD,metal,2019-06-07,1,0.23371,0.3743,SEAS20,-0.14058,0,neutral,False,SEAS (bernd_bias bug)
XPTUSD,metal,2019-07-05,1,-0.13523,0.20108,SEAS20,-0.33631,0,neutral,False,SEAS (bernd_bias bug)
XPTUSD,metal,2019-08-02,1,1.1936,-0.22405,SEAS20,1.4177,0,neutral,False,SEAS (bernd_bias bug)
XPTUSD,metal,2019-08-30,1,-0.23506,0.12056,SEAS20,-0.35561,0,neutral,False,SEAS (bernd_bias bug)
XPTUSD,metal,2019-09-27,1,-1.0668,-0.14826,SEAS20,-0.91851,-1,against,False,SEAS (bernd_bias bug)
XPTUSD,metal,2019-10-25,1,-1.3475,0.066934,SEAS20,-1.4144,-1,against,False,SEAS (bernd_bias bug)
XPTUSD,metal,2019-11-22,1,-0.11532,-0.32922,SEAS20,0.2139,-1,against,False,SEAS (bernd_bias bug)
XPTUSD,metal,2019-12-20,1,1.7915,-0.048335,SEAS20,1.8398,-1,against,False,SEAS (bernd_bias bug)
XPTUSD,metal,2020-01-21,1,-1.2291,-0.28986,SEAS20,-0.93919,-1,against,False,SEAS (bernd_bias bug)
XPTUSD,metal,2020-02-18,1,-1.2066,0.36451,SEAS20,-1.5712,-1,against,False,SEAS (bernd_bias bug)
XPTUSD,metal,2020-03-17,1,0.89952,0.044508,SEAS20,0.85502,0,neutral,False,SEAS (bernd_bias bug)
XPTUSD,metal,2020-04-15,1,-0.5531,-0.25069,SEAS20,-0.30241,0,neutral,False,SEAS (bernd_bias bug)
XPTUSD,metal,2020-05-13,1,0.86345,-0.45786,SEAS20,1.3213,0,neutral,False,SEAS (bernd_bias bug)
XPTUSD,metal,2020-06-10,1,-0.35154,-0.2868,SEAS20,-0.06474,0,neutral,False,SEAS (bernd_bias bug)
XPTUSD,metal,2020-07-08,1,1.3485,0.038927,SEAS20,1.3095,0,neutral,False,SEAS (bernd_bias bug)
XPTUSD,metal,2020-08-05,1,-0.17567,0.056891,SEAS20,-0.23256,0,neutral,False,SEAS (bernd_bias bug)
XPTUSD,metal,2020-09-02,1,-1.2491,-0.22987,SEAS20,-1.0193,0,neutral,False,SEAS (bernd_bias bug)
XPTUSD,metal,2020-09-30,1,-0.29498,-0.48336,SEAS20,0.18837,0,neutral,False,SEAS (bernd_bias bug)
XPTUSD,metal,2020-10-28,-1,-1.181,-0.13325,SEAS20,-1.0478,0,neutral,False,SEAS (bernd_bias bug)
XPTUSD,metal,2020-11-25,1,0.22801,-0.26246,SEAS20,0.49047,0,neutral,False,SEAS (bernd_bias bug)
XPTUSD,metal,2020-12-23,1,1.1042,-0.0085497,SEAS20,1.1127,0,neutral,False,SEAS (bernd_bias bug)
XPTUSD,metal,2021-01-22,1,1.3758,-0.83092,SEAS20,2.2067,0,neutral,False,SEAS (bernd_bias bug)
XPTUSD,metal,2021-02-19,-1,0.52996,-0.12339,SEAS20,0.65335,0,neutral,False,SEAS (bernd_bias bug)
XPTUSD,metal,2021-03-19,1,-0.33158,-0.67027,SEAS20,0.33869,0,neutral,False,SEAS (bernd_bias bug)
XPTUSD,metal,2021-04-19,1,-0.012063,-0.56301,SEAS20,0.55094,0,neutral,False,SEAS (bernd_bias bug)
XPTUSD,metal,2021-05-17,1,-1.2705,-0.32317,SEAS20,-0.94733,0,neutral,False,SEAS (bernd_bias bug)
XPTUSD,metal,2021-06-14,1,-1.1422,-0.62702,SEAS20,-0.51515,0,neutral,False,SEAS (bernd_bias bug)
XPTUSD,metal,2021-07-12,1,-1.3483,-0.87056,SEAS20,-0.47778,0,neutral,False,SEAS (bernd_bias bug)
XPTUSD,metal,2021-08-09,1,0.28393,-0.30794,SEAS20,0.59187,0,neutral,False,SEAS (bernd_bias bug)
XPTUSD,metal,2021-09-06,-1,0.7528,-0.31723,SEAS20,1.07,0,neutral,False,SEAS (bernd_bias bug)
XPTUSD,metal,2021-10-04,1,0.43796,-0.29319,SEAS20,0.73115,1,agree,False,SEAS (bernd_bias bug)
XPTUSD,metal,2021-11-01,1,-1.362,-0.12355,SEAS20,-1.2385,0,neutral,False,SEAS (bernd_bias bug)
XPTUSD,metal,2021-11-29,1,-1.2662,-0.63796,SEAS20,-0.62826,0,neutral,False,SEAS (bernd_bias bug)
XPTUSD,metal,2021-12-28,1,0.63762,-0.76012,SEAS20,1.3977,1,agree,False,SEAS (bernd_bias bug)
XPTUSD,metal,2022-01-25,1,0.37117,-0.1208,SEAS20,0.49197,1,agree,False,SEAS (bernd_bias bug)
XPTUSD,metal,2022-02-22,-1,-1.2282,-0.71543,SEAS20,-0.51276,1,against,False,SEAS (bernd_bias bug)
XPTUSD,metal,2022-03-22,1,-1.1953,-0.47575,SEAS20,-0.71951,0,neutral,False,SEAS (bernd_bias bug)
XPTUSD,metal,2022-04-20,1,-1.1263,-0.31092,SEAS20,-0.81538,1,agree,False,SEAS (bernd_bias bug)
XPTUSD,metal,2022-05-18,-1,-1.1617,-0.38932,SEAS20,-0.77239,1,against,False,SEAS (bernd_bias bug)
XPTUSD,metal,2022-06-15,1,-1.3175,-0.46709,SEAS20,-0.85039,1,agree,False,SEAS (bernd_bias bug)
XPTUSD,metal,2022-07-13,1,1.2504,-0.25425,SEAS20,1.5047,1,agree,False,SEAS (bernd_bias bug)
XPTUSD,metal,2022-08-10,1,-1.2913,-0.35802,SEAS20,-0.9333,1,agree,False,SEAS (bernd_bias bug)
XPTUSD,metal,2022-09-07,-1,-1.1284,-0.37951,SEAS20,-0.7489,1,against,False,SEAS (bernd_bias bug)
XPTUSD,metal,2022-10-05,1,-1.1952,-0.13052,SEAS20,-1.0647,1,agree,False,SEAS (bernd_bias bug)
XPTUSD,metal,2022-11-02,-1,-1.1136,-0.63203,SEAS20,-0.48153,0,neutral,False,SEAS (bernd_bias bug)
XPTUSD,metal,2022-11-30,1,-0.33843,-0.14087,SEAS20,-0.19756,0,neutral,False,SEAS (bernd_bias bug)
XPTUSD,metal,2022-12-29,1,-0.20729,-0.51077,SEAS20,0.30348,0,neutral,False,SEAS (bernd_bias bug)
XPTUSD,metal,2023-01-27,1,-1.2168,-0.52706,SEAS20,-0.68971,0,neutral,False,SEAS (bernd_bias bug)
XPTUSD,metal,2023-02-24,-1,-1.1677,-0.011566,SEAS20,-1.1561,0,neutral,False,SEAS (bernd_bias bug)
XPTUSD,metal,2023-03-24,1,1.8053,-0.58877,SEAS20,2.3941,0,neutral,False,SEAS (bernd_bias bug)
XPTUSD,metal,2023-04-24,1,-1.0549,-0.45712,SEAS20,-0.59775,0,neutral,False,SEAS (bernd_bias bug)
XPTUSD,metal,2023-05-22,-1,1.1676,-0.13612,SEAS20,1.3037,0,neutral,False,SEAS (bernd_bias bug)
XPTUSD,metal,2023-06-19,1,-1.1217,-0.6794,SEAS20,-0.44234,0,neutral,False,SEAS (bernd_bias bug)
XPTUSD,metal,2023-07-17,1,-1.2739,-0.39216,SEAS20,-0.88174,0,neutral,False,SEAS (bernd_bias bug)
XPTUSD,metal,2023-08-14,1,-1.0175,-0.38994,SEAS20,-0.62752,0,neutral,False,SEAS (bernd_bias bug)
XPTUSD,metal,2023-09-11,-1,-1.1256,-0.27817,SEAS20,-0.84745,0,neutral,False,SEAS (bernd_bias bug)
XPTUSD,metal,2023-10-09,1,0.65148,-0.90396,SEAS20,1.5554,0,neutral,False,SEAS (bernd_bias bug)
XPTUSD,metal,2023-11-06,-1,-0.40683,-0.42774,SEAS20,0.020907,0,neutral,False,SEAS (bernd_bias bug)
XPTUSD,metal,2023-12-04,1,-1.0775,-0.76474,SEAS20,-0.31272,0,neutral,False,SEAS (bernd_bias bug)
XPTUSD,metal,2024-01-03,1,-1.1555,-0.25371,SEAS20,-0.90175,0,neutral,False,SEAS (bernd_bias bug)
XPTUSD,metal,2024-01-31,1,-1.1871,-0.31955,SEAS20,-0.86754,0,neutral,False,SEAS (bernd_bias bug)
XPTUSD,metal,2024-02-28,-1,-1.1655,-0.30164,SEAS20,-0.86386,0,neutral,False,SEAS (bernd_bias bug)
XPTUSD,metal,2024-03-27,1,-0.57543,-0.64943,SEAS20,0.074,0,neutral,False,SEAS (bernd_bias bug)
XPTUSD,metal,2024-04-25,1,2.488,-0.5032,SEAS20,2.9912,0,neutral,False,SEAS (bernd_bias bug)
XPTUSD,metal,2024-05-23,-1,0.95931,-0.26552,SEAS20,1.2248,-1,agree,False,SEAS (bernd_bias bug)
XPTUSD,metal,2024-06-20,1,-0.097665,-0.56097,SEAS20,0.4633,0,neutral,False,SEAS (bernd_bias bug)
XPTUSD,metal,2024-07-18,1,-1.0898,-0.80303,SEAS20,-0.28681,-1,against,False,SEAS (bernd_bias bug)
XPTUSD,metal,2024-08-15,1,0.16042,0.073074,SEAS20,0.087348,0,neutral,False,SEAS (bernd_bias bug)
XPTUSD,metal,2024-09-12,1,-0.60295,-0.52098,SEAS20,-0.081969,0,neutral,False,SEAS (bernd_bias bug)
XPTUSD,metal,2024-10-10,1,0.22549,-0.66846,SEAS20,0.89396,-1,against,False,SEAS (bernd_bias bug)
XPTUSD,metal,2024-11-07,-1,0.69515,-0.54677,SEAS20,1.2419,-1,agree,False,SEAS (bernd_bias bug)
XPTUSD,metal,2024-12-05,1,-1.5026,-0.46204,SEAS20,-1.0406,0,neutral,False,SEAS (bernd_bias bug)
XPTUSD,metal,2025-01-06,1,0.55991,1.2208,SEAS20,-0.66086,0,neutral,False,SEAS (bernd_bias bug)
XPTUSD,metal,2025-02-03,1,-1.7234,1.6561,SEAS20,-3.3795,0,neutral,False,SEAS (bernd_bias bug)
XPTUSD,metal,2025-03-03,-1,-1.177,-0.50494,SEAS20,-0.67206,0,neutral,False,SEAS (bernd_bias bug)
XPTUSD,metal,2025-03-31,1,-1.1932,1.1264,SEAS20,-2.3196,0,neutral,False,SEAS (bernd_bias bug)
XPTUSD,metal,2025-04-29,1,1.6297,0.5401,SEAS20,1.0896,0,neutral,False,SEAS (bernd_bias bug)
XPTUSD,metal,2025-05-27,-1,-1.1633,-0.61102,SEAS20,-0.55227,0,neutral,False,SEAS (bernd_bias bug)
XPTUSD,metal,2025-06-24,1,1.3595,0.96699,SEAS20,0.39247,0,neutral,False,SEAS (bernd_bias bug)
XPTUSD,metal,2025-07-22,1,-1.0891,0.8146,SEAS20,-1.9037,0,neutral,False,SEAS (bernd_bias bug)
XPTUSD,metal,2025-08-19,1,0.64162,1.5149,SEAS20,-0.87332,0,neutral,False,SEAS (bernd_bias bug)
XPTUSD,metal,2025-09-16,1,2.5025,0.74016,SEAS20,1.7623,0,neutral,False,SEAS (bernd_bias bug)
XPTUSD,metal,2025-10-14,1,-1.0828,1.4043,SEAS20,-2.4871,0,neutral,False,SEAS (bernd_bias bug)
XPTUSD,metal,2025-11-11,-1,-1.0796,-0.63929,SEAS20,-0.44035,0,neutral,False,SEAS (bernd_bias bug)
XPTUSD,metal,2025-12-09,1,5.9356,0.79761,SEAS20,5.138,0,neutral,False,SEAS (bernd_bias bug)
XPTUSD,metal,2026-01-08,1,-1.0837,-0.45138,SEAS20,-0.6323,0,neutral,False,SEAS (bernd_bias bug)
XPTUSD,metal,2026-02-05,1,-0.24235,-0.5902,SEAS20,0.34785,0,neutral,False,SEAS (bernd_bias bug)
XPTUSD,metal,2026-03-05,-1,0.6229,-0.12047,SEAS20,0.74338,0,neutral,False,SEAS (bernd_bias bug)
XPTUSD,metal,2026-04-02,1,-0.031457,-0.16697,SEAS20,0.13551,0,neutral,False,SEAS (bernd_bias bug)
XPTUSD,metal,2026-05-01,1,-0.58663,-0.52938,SEAS20,-0.057241,0,neutral,False,SEAS (bernd_bias bug)
XPTUSD,metal,2026-05-29,-1,2.0908,-0.085341,SEAS20,2.1761,0,neutral,False,SEAS (bernd_bias bug)
XPTUSD,metal,2026-06-26,1,-0.19829,-0.49906,SEAS20,0.30077,0,neutral,False,SEAS (bernd_bias bug)
XPTUSD,metal,2026-07-24,1,1.7441,-0.37602,SEAS20,2.1201,0,neutral,False,SEAS (bernd_bias bug)
XPTUSD,metal,2026-08-21,1,-0.68312,-0.40566,SEAS20,-0.27745,0,neutral,False,SEAS (bernd_bias bug)
XPTUSD,metal,2026-09-18,1,-1.1656,-0.3355,SEAS20,-0.83008,0,neutral,False,SEAS (bernd_bias bug)
XPTUSD,metal,2015-02-20,-1,-0.40988,0.68537,SEAS30,-1.0952,0,neutral,False,SEAS (bernd_bias bug)
XPTUSD,metal,2015-04-20,-1,0.98668,0.82643,SEAS30,0.16025,0,neutral,False,SEAS (bernd_bias bug)
XPTUSD,metal,2015-06-01,-1,1.7738,0.24401,SEAS30,1.5298,0,neutral,False,SEAS (bernd_bias bug)
XPTUSD,metal,2015-07-13,-1,-0.064361,-0.021912,SEAS30,-0.04245,1,against,False,SEAS (bernd_bias bug)
XPTUSD,metal,2015-08-24,-1,2.4403,0.17638,SEAS30,2.2639,1,against,False,SEAS (bernd_bias bug)
XPTUSD,metal,2015-10-05,-1,-1.034,0.29559,SEAS30,-1.3295,1,against,False,SEAS (bernd_bias bug)
XPTUSD,metal,2015-11-16,-1,-0.81975,0.49098,SEAS30,-1.3107,0,neutral,False,SEAS (bernd_bias bug)
XPTUSD,metal,2015-12-29,-1,-1.3642,0.64935,SEAS30,-2.0136,1,against,False,SEAS (bernd_bias bug)
XPTUSD,metal,2016-02-10,-1,-1.2191,-0.86993,SEAS30,-0.34922,1,against,False,SEAS (bernd_bias bug)
XPTUSD,metal,2016-03-23,-1,-1.2532,-0.47523,SEAS30,-0.778,0,neutral,False,SEAS (bernd_bias bug)
XPTUSD,metal,2016-05-05,-1,1.5514,-0.559,SEAS30,2.1104,0,neutral,False,SEAS (bernd_bias bug)
XPTUSD,metal,2016-10-17,-1,-1.109,-0.67444,SEAS30,-0.43461,0,neutral,False,SEAS (bernd_bias bug)
XPTUSD,metal,2016-11-28,-1,-1.0669,-0.6433,SEAS30,-0.42361,1,against,False,SEAS (bernd_bias bug)
XPTUSD,metal,2017-01-11,-1,-1.2992,-0.88945,SEAS30,-0.40975,0,neutral,False,SEAS (bernd_bias bug)
XPTUSD,metal,2017-02-22,-1,-1.1152,-0.63729,SEAS30,-0.47789,0,neutral,False,SEAS (bernd_bias bug)
XPTUSD,metal,2017-04-05,-1,-1.2265,-0.63762,SEAS30,-0.58893,0,neutral,False,SEAS (bernd_bias bug)
XPTUSD,metal,2017-05-18,-1,0.34923,-0.81653,SEAS30,1.1658,1,against,False,SEAS (bernd_bias bug)
XPTUSD,metal,2017-06-29,-1,-1.4378,-0.82863,SEAS30,-0.60915,1,against,False,SEAS (bernd_bias bug)
XPTUSD,metal,2017-08-10,-1,-1.319,-0.67192,SEAS30,-0.64703,1,against,False,SEAS (bernd_bias bug)
XPTUSD,metal,2017-09-21,-1,-0.16454,-0.51576,SEAS30,0.35123,0,neutral,False,SEAS (bernd_bias bug)
XPTUSD,metal,2017-11-02,-1,1.1503,-0.10245,SEAS30,1.2528,0,neutral,False,SEAS (bernd_bias bug)
XPTUSD,metal,2017-12-14,-1,-1.111,-0.78196,SEAS30,-0.32904,0,neutral,False,SEAS (bernd_bias bug)
XPTUSD,metal,2018-01-29,-1,0.8758,-0.28783,SEAS30,1.1636,0,neutral,False,SEAS (bernd_bias bug)
XPTUSD,metal,2018-03-12,-1,0.84183,-0.087075,SEAS30,0.9289,0,neutral,False,SEAS (bernd_bias bug)
XPTUSD,metal,2018-04-24,-1,0.058022,0.27746,SEAS30,-0.21944,0,neutral,False,SEAS (bernd_bias bug)
XPTUSD,metal,2018-06-05,-1,2.2386,0.29854,SEAS30,1.9401,1,against,False,SEAS (bernd_bias bug)
XPTUSD,metal,2018-07-17,-1,0.12088,0.013407,SEAS30,0.10747,1,against,False,SEAS (bernd_bias bug)
XPTUSD,metal,2018-08-28,-1,-0.77538,0.078132,SEAS30,-0.85351,1,against,False,SEAS (bernd_bias bug)
XPTUSD,metal,2018-10-09,-1,-1.3428,0.0037787,SEAS30,-1.3466,0,neutral,False,SEAS (bernd_bias bug)
XPTUSD,metal,2018-11-20,-1,1.4398,-0.13848,SEAS30,1.5783,0,neutral,False,SEAS (bernd_bias bug)
XPTUSD,metal,2019-01-03,-1,-1.0828,-0.5705,SEAS30,-0.51231,0,neutral,False,SEAS (bernd_bias bug)
XPTUSD,metal,2019-02-14,-1,-1.1125,-1.0123,SEAS30,-0.10018,0,neutral,False,SEAS (bernd_bias bug)
XPTUSD,metal,2019-03-28,-1,-1.1152,-0.64066,SEAS30,-0.47453,0,neutral,False,SEAS (bernd_bias bug)
XPTUSD,metal,2019-05-10,-1,0.72312,-0.88892,SEAS30,1.612,0,neutral,False,SEAS (bernd_bias bug)
XPTUSD,metal,2019-06-21,-1,-1.1319,-0.92547,SEAS30,-0.20639,0,neutral,False,SEAS (bernd_bias bug)
XPTUSD,metal,2019-08-02,-1,-1.3212,-0.42323,SEAS30,-0.89795,0,neutral,False,SEAS (bernd_bias bug)
XPTUSD,metal,2019-09-13,-1,0.20772,-0.57841,SEAS30,0.78613,-1,agree,False,SEAS (bernd_bias bug)
XPTUSD,metal,2019-10-25,-1,0.21123,-0.61673,SEAS30,0.82797,-1,agree,False,SEAS (bernd_bias bug)
XPTUSD,metal,2019-12-06,-1,-1.0825,-0.68727,SEAS30,-0.39522,-1,agree,False,SEAS (bernd_bias bug)
XPTUSD,metal,2020-01-21,-1,2.7373,-0.65038,SEAS30,3.3877,-1,agree,False,SEAS (bernd_bias bug)
XPTUSD,metal,2020-03-03,-1,-1.1111,-0.094018,SEAS30,-1.0171,0,neutral,False,SEAS (bernd_bias bug)
XPTUSD,metal,2020-04-15,-1,-1.2049,-0.46151,SEAS30,-0.7434,0,neutral,False,SEAS (bernd_bias bug)
XPTUSD,metal,2020-05-27,-1,-0.44452,-0.4997,SEAS30,0.055174,0,neutral,False,SEAS (bernd_bias bug)
XPTUSD,metal,2020-07-08,-1,-1.1543,-0.51086,SEAS30,-0.64339,0,neutral,False,SEAS (bernd_bias bug)
XPTUSD,metal,2020-08-19,-1,0.57206,-0.82586,SEAS30,1.3979,0,neutral,False,SEAS (bernd_bias bug)
XPTUSD,metal,2020-09-30,-1,-0.36147,-0.060363,SEAS30,-0.30111,0,neutral,False,SEAS (bernd_bias bug)
XPTUSD,metal,2020-11-11,-1,-1.0907,-0.18233,SEAS30,-0.90837,0,neutral,False,SEAS (bernd_bias bug)
XPTUSD,metal,2020-12-23,-1,-1.0963,0.017659,SEAS30,-1.1139,0,neutral,False,SEAS (bernd_bias bug)
XPTUSD,metal,2021-02-05,-1,-1.0625,0.055096,SEAS30,-1.1176,0,neutral,False,SEAS (bernd_bias bug)
XPTUSD,metal,2021-03-19,-1,-0.13824,-0.31713,SEAS30,0.17889,0,neutral,False,SEAS (bernd_bias bug)
XPTUSD,metal,2021-05-03,-1,-1.0748,-0.055517,SEAS30,-1.0193,0,neutral,False,SEAS (bernd_bias bug)
XPTUSD,metal,2021-06-14,-1,1.212,-0.56687,SEAS30,1.7789,0,neutral,False,SEAS (bernd_bias bug)
XPTUSD,metal,2021-07-26,-1,0.3336,-0.24278,SEAS30,0.57638,0,neutral,False,SEAS (bernd_bias bug)
XPTUSD,metal,2021-09-06,-1,-0.9452,-0.22153,SEAS30,-0.72368,0,neutral,False,SEAS (bernd_bias bug)
XPTUSD,metal,2021-10-18,-1,1.267,-0.039051,SEAS30,1.3061,1,against,False,SEAS (bernd_bias bug)
XPTUSD,metal,2021-11-29,-1,-0.019629,-0.1204,SEAS30,0.10077,0,neutral,False,SEAS (bernd_bias bug)
XPTUSD,metal,2022-01-11,-1,-1.13,-0.82645,SEAS30,-0.30353,1,against,False,SEAS (bernd_bias bug)
XPTUSD,metal,2022-02-22,-1,-1.2282,-0.54404,SEAS30,-0.68415,1,against,False,SEAS (bernd_bias bug)
XPTUSD,metal,2022-04-05,-1,0.24361,-0.62511,SEAS30,0.86872,0,neutral,False,SEAS (bernd_bias bug)
XPTUSD,metal,2022-05-18,-1,-1.1617,-0.60646,SEAS30,-0.55526,1,against,False,SEAS (bernd_bias bug)
XPTUSD,metal,2022-06-29,-1,-0.77176,-0.59882,SEAS30,-0.17294,1,against,False,SEAS (bernd_bias bug)
XPTUSD,metal,2022-08-10,-1,-0.14469,-0.89374,SEAS30,0.74904,1,against,False,SEAS (bernd_bias bug)
XPTUSD,metal,2022-09-21,-1,-0.96205,-0.52604,SEAS30,-0.43601,1,against,False,SEAS (bernd_bias bug)
XPTUSD,metal,2022-11-02,-1,-1.1136,-0.43752,SEAS30,-0.67604,0,neutral,False,SEAS (bernd_bias bug)
XPTUSD,metal,2022-12-14,1,-1.2046,-0.43917,SEAS30,-0.7654,0,neutral,False,SEAS (bernd_bias bug)
XPTUSD,metal,2023-01-27,-1,0.92931,-0.075532,SEAS30,1.0048,0,neutral,False,SEAS (bernd_bias bug)
XPTUSD,metal,2023-03-10,-1,-1.0625,-0.16083,SEAS30,-0.9017,0,neutral,False,SEAS (bernd_bias bug)
XPTUSD,metal,2023-04-24,-1,1.8354,0.1413,SEAS30,1.6941,0,neutral,False,SEAS (bernd_bias bug)
XPTUSD,metal,2023-06-05,-1,0.26242,0.1173,SEAS30,0.14512,0,neutral,False,SEAS (bernd_bias bug)
XPTUSD,metal,2023-07-17,-1,0.22111,-0.37479,SEAS30,0.5959,0,neutral,False,SEAS (bernd_bias bug)
XPTUSD,metal,2023-08-28,-1,1.2292,-0.60384,SEAS30,1.8331,1,against,False,SEAS (bernd_bias bug)
XPTUSD,metal,2023-10-09,-1,-1.2629,-0.020122,SEAS30,-1.2428,0,neutral,False,SEAS (bernd_bias bug)
XPTUSD,metal,2023-11-20,-1,-1.0629,-0.50535,SEAS30,-0.55754,1,against,False,SEAS (bernd_bias bug)
XPTUSD,metal,2024-01-03,-1,1.9969,-0.70794,SEAS30,2.7049,0,neutral,False,SEAS (bernd_bias bug)
XPTUSD,metal,2024-02-14,-1,-1.2685,-0.33569,SEAS30,-0.93278,0,neutral,False,SEAS (bernd_bias bug)
XPTUSD,metal,2024-03-27,-1,-1.1484,-0.44636,SEAS30,-0.70208,0,neutral,False,SEAS (bernd_bias bug)
XPTUSD,metal,2024-05-09,-1,-1.0852,-0.1252,SEAS30,-0.96003,0,neutral,False,SEAS (bernd_bias bug)
XPTUSD,metal,2024-06-20,-1,-1.1648,-0.52129,SEAS30,-0.64352,0,neutral,False,SEAS (bernd_bias bug)
XPTUSD,metal,2024-08-01,-1,0.12687,-0.64117,SEAS30,0.76804,0,neutral,False,SEAS (bernd_bias bug)
XPTUSD,metal,2024-09-12,-1,-1.0595,-0.24758,SEAS30,-0.81196,0,neutral,False,SEAS (bernd_bias bug)
XPTUSD,metal,2024-10-24,-1,1.2815,-0.57296,SEAS30,1.8544,-1,agree,False,SEAS (bernd_bias bug)
XPTUSD,metal,2024-12-05,1,-1.5026,-0.64811,SEAS30,-0.85451,0,neutral,False,SEAS (bernd_bias bug)
XPTUSD,metal,2025-01-20,-1,-1.2191,-0.78916,SEAS30,-0.42989,0,neutral,False,SEAS (bernd_bias bug)
XPTUSD,metal,2025-03-03,-1,-1.177,-0.75712,SEAS30,-0.41988,0,neutral,False,SEAS (bernd_bias bug)
XPTUSD,metal,2025-04-14,-1,-1.2164,-0.96137,SEAS30,-0.25498,0,neutral,False,SEAS (bernd_bias bug)
XPTUSD,metal,2025-05-27,-1,-1.1633,-0.72408,SEAS30,-0.43921,0,neutral,False,SEAS (bernd_bias bug)
XPTUSD,metal,2025-07-08,-1,0.20897,-0.85451,SEAS30,1.0635,0,neutral,False,SEAS (bernd_bias bug)
XPTUSD,metal,2025-08-19,-1,-1.1063,-0.79084,SEAS30,-0.31549,0,neutral,False,SEAS (bernd_bias bug)
XPTUSD,metal,2025-09-30,1,-1.243,1.6981,SEAS30,-2.9411,0,neutral,False,SEAS (bernd_bias bug)
XPTUSD,metal,2025-11-11,-1,-1.0796,-0.85519,SEAS30,-0.22445,0,neutral,False,SEAS (bernd_bias bug)
XPTUSD,metal,2025-12-23,1,-1.0696,1.4305,SEAS30,-2.5001,0,neutral,False,SEAS (bernd_bias bug)
XPTUSD,metal,2026-02-05,-1,0.43909,0.14582,SEAS30,0.29327,0,neutral,False,SEAS (bernd_bias bug)
XPTUSD,metal,2026-03-19,1,-1.0372,-0.38786,SEAS30,-0.64935,0,neutral,False,SEAS (bernd_bias bug)
XPTUSD,metal,2026-05-01,-1,-1.0684,-0.29817,SEAS30,-0.77025,0,neutral,False,SEAS (bernd_bias bug)
XPTUSD,metal,2026-06-12,-1,0.76107,-0.19778,SEAS30,0.95884,0,neutral,False,SEAS (bernd_bias bug)
XPTUSD,metal,2026-07-24,-1,-1.0908,-0.13408,SEAS30,-0.95674,0,neutral,False,SEAS (bernd_bias bug)
XPTUSD,metal,2026-09-04,-1,0.87335,-0.45349,SEAS30,1.3268,0,neutral,False,SEAS (bernd_bias bug)
