scope_type,scope,group,N,thr,hold,primary,n,meanR,t,t_wk,win,half1,half2,pre24,from24,years_pos,worst_year,worst_yr,last60,base_rand,base_long,edge,t_edge,t_edge_wk,edge_long,t_edge_long,longs,shorts,R_long,R_short,cost,swap,first,last,by_year,rule4,beats_both,candidate,n_signal_weeks,overlap_meanR,n_markets
pooled,commodities15,comm,26,80/20,1,False,2492,-0.075926,-2.4481,-2.15,0.49117,-0.073261,-0.07859,-0.034779,-0.1609,7/20,-0.49266,2013,-0.028666,-0.221,-0.067208,0.14508,4.6895,4.1078,-0.0087175,-0.2769,1351,1141,0.0089875,-0.17647,0.16275,0.080551,2007-01-14,2026-09-27,07:-0.13 08:+0.32 09:-0.30 10:-0.10 11:-0.22 12:+0.09 13:-0.49 14:+0.26 15:+0.22 16:-0.08 17:+0.21 18:-0.32 19:-0.16 20:-0.07 21:-0.07 22:+0.02 23:+0.10 24:-0.04 25:-0.35 26:-0.11,False,False,False,2733,-0.083323,15
group,metals,comm,26,80/20,1,False,1612,-0.038142,-1.0256,-0.85548,0.50062,-0.030302,-0.045983,-0.024822,-0.098864,8/20,-0.49266,2013,-0.16939,-0.20859,-0.086125,0.17045,4.562,3.8233,0.047983,1.2638,881,731,-0.032614,-0.044805,0.12828,0.051931,2007-01-14,2026-09-27,07:-0.13 08:+0.32 09:-0.30 10:-0.10 11:-0.22 12:+0.09 13:-0.49 14:+0.26 15:+0.22 16:+0.09 17:+0.27 18:-0.34 19:-0.25 20:-0.01 21:-0.07 22:-0.04 23:+0.25 24:+0.10 25:-0.24 26:-0.19,False,True,False,1747,-0.045328,5
market,XAUUSD,comm,26,80/20,1,False,532,-0.043531,-0.67398,-0.67462,0.5094,-0.013957,-0.073105,-0.010932,-0.22243,9/20,-0.62041,2013,-0.2045,-0.15281,0.034045,0.10928,1.7006,1.7022,-0.077576,-1.1856,271,261,0.08081,-0.17264,0.059795,0.040917,2007-01-14,2026-09-27,07:-0.13 08:+0.29 09:-0.25 10:-0.15 11:-0.15 12:+0.11 13:-0.62 14:+0.25 15:+0.25 16:+0.13 17:+0.53 18:-0.49 19:-0.50 20:+0.15 21:+0.32 22:-0.12 23:+0.30 24:-0.22 25:-0.00 26:-0.37,False,False,False,561,-0.039784,1
market,XAGUSD,comm,26,80/20,1,False,459,0.033335,0.47299,0.47351,0.51634,-0.018883,0.085326,0.033343,0.033289,10/19,-0.35544,2013,0.071777,-0.16626,-0.095315,0.1996,2.8276,2.8307,0.12865,1.8077,244,215,-0.048964,0.12673,0.11358,0.035174,2008-12-07,2026-09-27,08:+0.63 09:-0.35 10:-0.05 11:-0.27 12:+0.07 13:-0.36 14:+0.27 15:+0.39 16:-0.13 17:+0.55 18:-0.14 19:-0.13 20:+0.05 21:+0.09 22:+0.02 23:+0.79 24:-0.10 25:+0.68 26:-0.06,False,True,False,494,0.013846,1
market,XPTUSD,comm,26,80/20,1,False,274,0.0056031,0.062783,0.062898,0.51825,0.066094,-0.054888,0.010966,-0.027701,5/12,-0.86379,2025,0.084694,-0.25171,-0.24011,0.25732,2.873,2.8782,0.24571,2.6804,159,115,-0.12834,0.1908,0.18758,0.083168,2015-03-29,2026-08-23,15:+0.57 16:+0.02 17:+0.59 18:-0.32 19:-0.01 20:-0.00 21:-0.29 22:-0.25 23:+0.49 24:+0.57 25:-0.86 26:-0.45,False,True,False,307,-0.020962,1
market,XPDUSD,comm,26,80/20,1,False,314,-0.16985,-2.1352,-2.1386,0.44586,-0.21225,-0.12744,-0.17764,-0.14218,3/12,-0.46247,2025,-0.27777,-0.32958,-0.17179,0.15973,1.9481,1.9512,0.0019486,0.023683,201,113,-0.1175,-0.26296,0.2194,0.072562,2015-02-08,2026-08-30,15:-0.18 16:+0.62 17:-0.38 18:-0.40 19:-0.32 20:-0.20 21:-0.30 22:+0.24 23:-0.15 24:+0.42 25:-0.46 26:-0.31,False,True,False,348,-0.16156,1
market,XCUUSD,comm,26,80/20,1,False,33,-0.055498,-0.1506,-0.15293,0.51515,-0.32751,0.20052,,-0.055498,2/3,-0.5094,2025,-0.055498,-0.18728,0.19807,0.13178,0.35446,0.35996,-0.25357,-0.67363,6,27,0.88963,-0.26553,0.077306,0.0068906,2024-12-30,2026-09-27,24:+0.73 25:-0.51 26:+0.18,False,False,False,37,-0.028401,1
group,energy,comm,26,80/20,1,False,415,-0.098069,-1.1358,-1.2055,0.5012,-0.13599,-0.060326,-0.094828,-0.1038,4/11,-0.85576,2016,0.097481,-0.20278,0.10169,0.10471,1.2321,1.2968,-0.19976,-2.3051,231,184,0.32937,-0.6347,0.27111,0.21603,2016-06-05,2026-09-27,16:-0.86 17:-0.08 18:-0.19 19:+0.16 20:-0.34 21:-0.08 22:+0.15 23:+0.00 24:-0.13 25:-0.28 26:+0.10,False,False,False,439,-0.098761,3
market,USOIL.cash,comm,26,80/20,1,False,140,0.025567,0.16816,0.16876,0.57143,0.12655,-0.075419,0.090692,-0.063843,4/6,-0.79985,2026,-0.073384,-0.021455,0.15969,0.047022,0.30645,0.30755,-0.13412,-0.8706,100,40,0.32531,-0.72379,0.21901,0.098765,2021-02-14,2026-07-26,21:+0.12 22:+0.21 23:-0.07 24:+0.09 25:+0.24 26:-0.80,False,False,False,146,0.054383,1
market,UKOIL.cash,comm,26,80/20,1,False,244,-0.13222,-1.204,-1.2064,0.48361,-0.21649,-0.047938,-0.1765,0.0035827,4/11,-0.85576,2016,0.0035827,-0.27541,0.17369,0.14319,1.3576,1.3604,-0.3059,-2.8086,109,135,0.49754,-0.64068,0.27349,0.28719,2016-06-05,2026-09-27,16:-0.86 17:-0.08 18:-0.19 19:+0.16 20:-0.34 21:-0.30 22:+0.07 23:+0.12 24:-0.26 25:-0.81 26:+1.12,False,False,False,257,-0.14921,1
market,NATGAS.cash,comm,26,80/20,1,False,31,-0.38766,-1.1219,-1.1404,0.32258,-0.21534,-0.54921,,-0.38766,0/3,-1.0716,2024,-0.38766,-0.45002,-0.72697,0.062356,0.17199,0.17484,0.33931,0.97497,22,9,-0.48535,-0.14886,0.48769,0.18555,2024-11-24,2026-09-27,24:-1.07 25:-0.48 26:-0.27,False,True,False,36,-0.35968,1
group,grains,comm,26,80/20,1,False,205,-0.08842,-0.90767,-0.82958,0.46341,-0.091636,-0.085236,0.13429,-0.14581,2/4,-0.42145,2025,0.21887,-0.23253,-0.29925,0.14411,1.4805,1.3641,0.21083,2.1627,104,101,-0.18973,0.0159,0.16624,0.073471,2023-04-30,2026-09-27,23:+0.13 24:-0.29 25:-0.42 26:+0.36,False,True,False,238,-0.078322,3
market,WHEAT.c,comm,26,80/20,1,False,69,0.048673,0.31133,0.31361,0.56522,0.18023,-0.079122,0.5448,-0.08914,2/4,-0.22061,2025,0.016617,-0.16152,-0.15152,0.2102,1.3438,1.3537,0.20019,1.2958,31,38,-0.025734,0.10937,0.12498,0.040064,2023-04-30,2026-09-07,23:+0.54 24:-0.17 25:-0.22 26:+0.10,False,True,False,77,0.12151,1
market,CORN.c,comm,26,80/20,1,False,79,-0.24646,-1.3961,-1.405,0.39241,-0.2588,-0.23443,-0.15054,-0.27477,1/4,-0.77389,2025,-0.2407,-0.24442,-0.41571,-0.0020451,-0.011594,-0.011668,0.16925,0.94072,42,37,-0.44904,-0.016512,0.23167,0.12297,2023-04-30,2026-09-27,23:-0.15 24:-0.50 25:-0.77 26:+0.80,False,False,False,94,-0.23519,1
market,SOYBEAN.c,comm,26,80/20,1,False,57,-0.035336,-0.21442,-0.21632,0.4386,-0.14556,0.071085,0.019779,-0.04567,2/4,-0.149,2024,-0.035336,-0.302,-0.31667,0.26667,1.6169,1.6312,0.28134,1.7185,31,26,-0.0024143,-0.074588,0.1255,0.045302,2023-10-01,2026-09-27,23:+0.02 24:-0.15 25:-0.13 26:+0.24,False,True,False,67,-0.087903,1
group,softs,comm,26,80/20,1,False,260,-0.26499,-2.6195,-2.5508,0.43846,-0.12017,-0.4098,-0.1218,-0.29908,1/4,-0.46004,2025,-0.34053,-0.31798,-0.036547,0.05299,0.52926,0.51044,-0.22844,-2.2754,135,125,-0.11465,-0.42734,0.20076,0.047324,2023-04-02,2026-09-27,23:-0.12 24:+0.09 25:-0.46 26:-0.37,False,False,False,309,-0.28006,4
market,SUGAR.c,comm,26,80/20,1,False,39,-0.72967,-3.0323,-3.072,0.30769,-0.78178,-0.68016,,-0.72967,0/2,-0.7772,2026,-0.72967,-0.69304,-0.41906,-0.03663,-0.14977,-0.15172,-0.3106,-1.2542,22,17,-0.74414,-0.71094,0.50001,0.073708,2025-01-20,2026-09-27,25:-0.67 26:-0.78,False,False,False,48,-0.69898,1
market,COFFEE.c,comm,26,80/20,1,False,83,-0.05345,-0.30478,-0.30663,0.49398,-0.1708,0.061101,0.0084643,-0.077184,2/4,-0.36286,2024,-0.077184,-0.22393,0.091329,0.17048,0.97451,0.98043,-0.14478,-0.79942,42,41,0.23521,-0.34915,0.094071,0.070033,2023-04-16,2026-08-30,23:+0.01 24:-0.36 25:-0.20 26:+0.45,False,False,False,99,-0.088016,1
market,COCOA.c,comm,26,80/20,1,False,101,-0.0417,-0.24859,-0.24983,0.49505,0.057762,-0.13921,-0.23276,0.02801,1/4,-0.3144,2025,-0.10051,-0.11024,0.14862,0.068538,0.40199,0.404,-0.19032,-1.1393,64,37,0.019613,-0.14776,0.072317,0.027779,2023-04-02,2026-09-07,23:-0.23 24:+0.39 25:-0.31 26:-0.09,False,False,False,117,-0.10236,1
market,COTTON.c,comm,26,80/20,1,False,37,-0.85922,-3.5165,-3.565,0.2973,-1.1071,-0.62433,,-0.85922,0/2,-0.98624,2025,-0.85922,-0.70066,-0.42566,-0.15855,-0.64156,-0.65041,-0.43356,-1.7666,7,30,-1.463,-0.71833,0.47527,0.021925,2025-02-09,2026-09-20,25:-0.99 26:-0.81,False,False,False,45,-0.7177,1
pooled,commodities15,comm,26,80/20,4,False,825,-0.12734,-1.1219,-1.0775,0.50303,-0.21039,-0.044492,-0.08039,-0.21973,11/20,-1.3959,2013,0.36316,-0.6305,0.072754,0.50316,4.8061,4.4593,-0.2001,-1.6571,443,382,0.26775,-0.58553,0.41581,0.3255,2007-01-14,2026-09-07,07:+0.56 08:+1.80 09:-0.30 10:-0.50 11:+0.10 12:+0.11 13:-1.40 14:+0.79 15:+0.21 16:-0.47 17:+0.25 18:-0.90 19:-1.14 20:+0.18 21:-0.24 22:+0.51 23:+0.15 24:-0.29 25:-0.38 26:+0.00,False,False,False,2701,-0.25319,15
group,metals,comm,26,80/20,4,False,525,-0.079607,-0.5816,-0.54074,0.51238,-0.06722,-0.091947,-0.022094,-0.33993,11/20,-1.3974,2019,-0.58297,-0.55695,-0.026872,0.47734,3.7111,3.4102,-0.052735,-0.36201,281,244,0.042224,-0.21991,0.28537,0.20773,2007-01-14,2026-09-06,07:+0.56 08:+1.80 09:-0.30 10:-0.50 11:+0.10 12:+0.11 13:-1.40 14:+0.79 15:+0.21 16:-0.02 17:+0.20 18:-1.03 19:-1.40 20:+0.37 21:-0.06 22:+0.67 23:+0.50 24:+0.08 25:-0.68 26:-0.50,False,False,False,1733,-0.14408,5
market,XAUUSD,comm,26,80/20,4,False,176,0.0022328,0.0089144,0.0089399,0.55114,0.13884,-0.13437,0.16603,-1.0351,11/20,-2.3537,2019,0.11643,-0.4497,0.2119,0.45193,1.9252,1.9307,-0.20967,-0.79491,90,86,0.37453,-0.38738,0.19369,0.17049,2007-01-14,2026-09-06,07:+0.56 08:+1.63 09:-0.91 10:-0.37 11:+0.04 12:+0.62 13:-1.60 14:+0.78 15:+0.46 16:-0.01 17:+0.82 18:-1.30 19:-2.35 20:+1.17 21:+0.64 22:+1.41 23:+1.00 24:-1.47 25:-0.30 26:-0.89,False,False,False,558,-0.17417,1
market,XAGUSD,comm,26,80/20,4,False,149,0.24484,1.0195,1.023,0.53691,0.083493,0.40404,0.22581,0.34914,11/19,-1.1294,2013,0.55891,-0.39132,-0.02168,0.63616,2.7305,2.7397,0.26652,1.081,77,72,0.22407,0.26707,0.22176,0.1376,2008-12-07,2026-08-30,08:+3.64 09:+0.32 10:-0.61 11:+0.17 12:-0.40 13:-1.13 14:+0.79 15:+1.24 16:-0.50 17:+1.10 18:-0.18 19:-1.04 20:+1.04 21:+0.50 22:+0.50 23:+1.56 24:-0.33 25:+2.77 26:-0.32,False,True,False,492,0.2053,1
market,XPTUSD,comm,26,80/20,4,False,91,0.0073376,0.024405,0.02454,0.48352,0.047413,-0.031867,0.065741,-0.28857,5/12,-2.6802,2025,0.14538,-0.69423,-0.44723,0.70157,2.6279,2.6424,0.45457,1.3218,52,39,-0.27636,0.38561,0.42454,0.33013,2015-03-29,2026-08-23,15:+0.28 16:-0.45 17:+1.17 18:-0.77 19:-0.27 20:+0.55 21:-0.55 22:-0.53 23:+1.66 24:+1.76 25:-2.68 26:-0.83,False,True,False,304,-0.010253,1
market,XPDUSD,comm,26,80/20,4,False,97,-0.78346,-2.4013,-2.4137,0.4433,-1.2094,-0.36624,-0.89717,-0.37195,3/12,-1.8642,2019,-0.74627,-0.80939,-0.20584,0.025932,0.081841,0.082266,-0.57762,-1.6618,60,37,-0.49903,-1.2447,0.43221,0.29122,2015-02-08,2026-08-09,15:-1.11 16:+1.65 17:-1.80 18:-1.66 19:-1.86 20:-1.10 21:-0.57 22:+1.51 23:-1.43 24:+1.38 25:-1.44 26:-0.99,False,False,False,344,-0.79473,1
market,XCUUSD,comm,26,80/20,4,False,12,-0.27836,-0.25919,-0.27072,0.41667,-1.0978,0.54106,,-0.27836,2/3,-1.7165,2025,-0.27836,-1.1049,1.041,0.8265,0.90983,0.95028,-1.3194,-1.1568,2,10,2.6083,-0.8557,0.17765,0.021884,2024-12-30,2026-08-23,24:+2.00 25:-1.72 26:+0.54,False,False,False,35,0.65714,1
group,energy,comm,26,80/20,4,False,141,-0.14518,-0.47942,-0.48553,0.50355,-0.42314,0.12886,-0.31948,0.13563,6/11,-2.5921,2016,0.11203,-0.80402,0.60899,0.65884,2.6414,2.6097,-0.75417,-2.3981,78,63,1.3557,-2.0035,0.95578,0.86957,2016-06-05,2026-09-06,16:-2.59 17:+0.49 18:-0.34 19:+0.04 20:-0.86 21:-0.64 22:+0.21 23:+0.11 24:-0.26 25:+0.04 26:+0.69,False,False,False,433,-0.48482,3
market,USOIL.cash,comm,26,80/20,4,False,46,0.05342,0.10095,0.10207,0.52174,0.53101,-0.42417,0.489,-0.51283,4/6,-3.8701,2026,0.05342,-0.38907,0.7786,0.44249,1.0146,1.0258,-0.72518,-1.2944,33,13,1.1127,-2.6356,0.85041,0.39704,2021-02-14,2026-07-12,21:+0.59 22:+0.87 23:-0.01 24:+0.32 25:+0.34 26:-3.87,False,False,False,146,-0.13833,1
market,UKOIL.cash,comm,26,80/20,4,False,83,-0.38486,-0.93068,-0.93634,0.46988,-0.91624,0.13386,-0.66408,0.38933,4/11,-2.5921,2016,-0.29223,-1.0514,0.83749,0.66658,1.9944,2.0065,-1.2223,-3.0285,37,46,1.7728,-2.1204,1.0325,1.1583,2016-06-05,2026-08-30,16:-2.59 17:+0.49 18:-0.34 19:+0.04 20:-0.86 21:-1.71 22:-0.53 23:+0.24 24:-0.90 25:-1.32 26:+4.33,False,False,False,254,-0.71949,1
market,NATGAS.cash,comm,26,80/20,4,False,12,0.75129,1.2139,1.2679,0.66667,1.4124,0.090171,,0.75129,3/3,0.090171,2026,0.75129,-0.68331,-1.6216,1.4346,2.0491,2.1402,2.3729,3.5711,8,4,0.42894,1.396,0.82912,0.68417,2024-11-24,2026-09-06,24:+1.00 25:+1.49 26:+0.09,False,True,False,33,-0.21155,1
group,grains,comm,26,80/20,4,False,73,0.011689,0.035439,0.033403,0.52055,-0.24607,0.26248,0.1953,-0.03188,3/4,-0.93106,2024,-0.086802,-0.67685,-0.72468,0.68853,2.0315,1.8559,0.73637,2.2456,37,36,-0.4515,0.48774,0.38367,0.28509,2023-04-30,2026-08-30,23:+0.20 24:-0.93 25:+0.19 26:+1.07,False,True,False,231,-0.30689,3
market,WHEAT.c,comm,26,80/20,4,False,24,0.62181,1.0888,1.1123,0.625,1.0185,0.22516,1.4884,0.39377,4/4,0.097666,2025,0.62181,-0.52325,-0.11522,1.1451,1.9442,1.986,0.73703,1.2547,10,14,0.35195,0.81458,0.24317,0.14788,2023-04-30,2026-08-30,23:+1.49 24:+0.34 25:+0.10 26:+0.63,False,True,False,76,0.43197,1
market,CORN.c,comm,26,80/20,4,False,27,-0.56214,-0.98544,-1.0042,0.48148,-0.9194,-0.23039,-0.53383,-0.57023,1/4,-2.0359,2024,-0.56214,-0.86124,-1.2985,0.2991,0.55965,0.57031,0.73639,1.2803,15,12,-1.1274,0.14449,0.60714,0.49184,2023-04-30,2026-08-30,23:-0.53 24:-2.04 25:-0.39 26:+1.82,False,True,False,91,-0.99349,1
market,SOYBEAN.c,comm,26,80/20,4,False,22,0.050339,0.089712,0.091823,0.45455,-0.83077,0.93145,-0.50158,0.13748,2/4,-0.95422,2024,0.050339,-0.6181,-0.68529,0.66844,1.0092,1.033,0.73563,1.3249,12,10,-0.27611,0.44208,0.26268,0.18103,2023-10-01,2026-08-30,23:-0.50 24:-0.95 25:+0.94 26:+0.92,False,True,False,64,-0.20804,1
group,softs,comm,26,80/20,4,False,86,-0.50751,-1.2493,-1.3034,0.43023,-0.52994,-0.48508,-0.58826,-0.48905,0/4,-0.77658,2025,-0.62631,-0.75565,0.47866,0.24814,0.65297,0.69847,-0.98618,-2.2659,47,39,0.37677,-1.5732,0.35405,0.18668,2023-04-02,2026-09-07,23:-0.59 24:-0.11 25:-0.78 26:-0.44,False,False,False,304,-0.50448,4
market,SUGAR.c,comm,26,80/20,4,False,13,-0.77153,-0.81653,-0.84987,0.46154,-0.27661,-1.1957,,-0.77153,0/2,-1.1957,2026,-0.77153,-1.3803,-0.68265,0.60876,0.65432,0.68104,-0.088884,-0.087085,8,5,-0.098883,-1.8478,0.56101,0.30904,2025-01-20,2026-09-07,25:-0.28 26:-1.20,False,False,False,45,-1.4262,1
market,COFFEE.c,comm,26,80/20,4,False,29,-0.16931,-0.23507,-0.23923,0.48276,-0.40885,0.054261,0.61339,-0.46748,2/4,-1.7718,2024,-0.16931,-0.60024,0.46733,0.43093,0.6422,0.65356,-0.63664,-0.82215,16,13,0.85152,-1.4257,0.3068,0.23918,2023-04-16,2026-08-23,23:+0.61 24:-1.77 25:-1.10 26:+1.78,False,False,False,99,-0.17188,1
market,COCOA.c,comm,26,80/20,4,False,32,-0.21472,-0.32452,-0.32971,0.375,-0.11846,-0.31099,-1.7899,0.31034,2/4,-1.7899,2023,-0.21472,-0.18997,1.2147,-0.024755,-0.038669,-0.039287,-1.4294,-2.0447,20,12,0.57279,-1.5272,0.15755,0.1099,2023-04-02,2026-09-07,23:-1.79 24:+0.88 25:-0.81 26:+0.44,False,False,False,117,0.044089,1
market,COTTON.c,comm,26,80/20,4,False,12,-1.8196,-1.5415,-1.61,0.41667,-1.9097,-1.7295,,-1.8196,0/2,-2.5784,2026,-1.8196,-1.963,-0.19868,0.14347,0.13769,0.14381,-1.6209,-1.2405,3,9,-2.1935,-1.6949,0.76807,0.13197,2025-02-09,2026-08-23,25:-0.76 26:-2.58,False,False,False,43,-1.7983,1
pooled,commodities15,comm,26,80/20,8,False,483,-0.36347,-1.6104,-1.538,0.49482,-0.65803,-0.070122,-0.5065,-0.080044,8/20,-3.0537,2013,-0.3399,-1.2048,0.20737,0.84131,4.2626,3.9495,-0.57084,-2.3585,255,228,0.41799,-1.2375,0.77426,0.69655,2007-01-14,2026-08-09,07:+1.37 08:+1.35 09:-0.81 10:-1.35 11:+1.09 12:+1.10 13:-3.05 14:+1.34 15:-1.36 16:-0.88 17:-0.88 18:-1.23 19:-1.96 20:+0.03 21:+0.08 22:-0.55 23:-0.25 24:-0.12 25:-0.20 26:+0.11,False,False,False,2652,-0.50876,15
group,metals,comm,26,80/20,8,False,305,-0.2006,-0.82854,-0.76071,0.51148,-0.41647,0.013849,-0.23819,-0.025892,12/20,-3.0537,2013,0.0041614,-0.96274,0.011421,0.76213,3.547,3.2784,-0.21203,-0.82529,156,149,-0.054252,-0.35383,0.50259,0.41092,2007-01-14,2026-08-09,07:+1.37 08:+1.35 09:-0.81 10:-1.35 11:+1.09 12:+1.10 13:-3.05 14:+1.34 15:-1.36 16:+0.03 17:-0.55 18:-1.52 19:-2.09 20:+0.53 21:+0.29 22:+0.53 23:+0.46 24:+0.45 25:+0.68 26:-1.54,False,False,False,1710,-0.24471,5
market,XAUUSD,comm,26,80/20,8,False,100,-0.20861,-0.4681,-0.47045,0.54,-0.14999,-0.26722,-0.08438,-1.04,8/20,-3.9942,2013,-0.20889,-0.9013,0.48518,0.6927,1.7883,1.7974,-0.69378,-1.4213,47,53,0.32452,-0.68138,0.37504,0.31959,2007-01-14,2026-08-09,07:+1.37 08:+0.58 09:-1.75 10:-1.30 11:-0.09 12:+0.89 13:-3.99 14:+1.42 15:+1.77 16:-0.35 17:-1.49 18:-0.72 19:-3.15 20:+1.92 21:-0.41 22:+0.33 23:+1.90 24:-0.67 25:-0.92 26:-1.69,False,False,False,554,-0.36599,1
market,XAGUSD,comm,26,80/20,8,False,88,0.34241,0.75892,0.76327,0.54545,0.36347,0.32136,0.32074,0.47966,12/19,-2.0415,2019,0.23795,-0.60383,0.054735,0.94624,2.2252,2.2379,0.28768,0.60788,44,44,0.45961,0.22522,0.36719,0.27134,2008-12-07,2026-06-28,08:+5.22 09:+0.14 10:-1.40 11:+2.28 12:+1.28 13:-1.88 14:+1.29 15:+0.58 16:-1.32 17:+0.56 18:-1.31 19:-2.04 20:+1.01 21:+1.38 22:+0.35 23:+1.11 24:-1.72 25:+5.02 26:-1.92,False,True,False,488,0.21454,1
market,XPTUSD,comm,26,80/20,8,False,54,0.025691,0.054203,0.054712,0.57407,-0.55879,0.61017,-0.2572,1.2704,6/12,-3.7378,2015,0.025691,-1.0194,-0.86834,1.0451,2.474,2.4973,0.89403,1.9002,31,23,-0.77128,1.0999,0.76977,0.68944,2015-03-29,2026-06-22,15:-3.74 16:+1.25 17:+2.49 18:-1.25 19:-0.67 20:-0.25 21:-1.22 22:+0.35 23:+2.60 24:+2.16 25:+2.14 26:-2.26,False,True,False,300,0.0042115,1
market,XPDUSD,comm,26,80/20,8,False,56,-1.3161,-2.188,-2.2078,0.35714,-2.1854,-0.44678,-1.4887,-0.68306,4/12,-5.0101,2015,-1.3161,-1.5916,-0.30146,0.27546,0.51977,0.52448,-1.0146,-1.6093,33,23,-0.7815,-2.0831,0.70996,0.56797,2015-06-07,2026-08-02,15:-5.01 16:+2.27 17:-3.33 18:-2.55 19:-2.95 20:-0.84 21:+1.29 22:+1.16 23:-2.97 24:+1.36 25:-1.87 26:-1.43,False,False,False,337,-1.0812,1
market,XCUUSD,comm,26,80/20,8,False,7,0.26542,0.23536,0.25421,0.42857,1.8188,-0.8996,,0.26542,1/3,-0.71803,2025,0.26542,-0.88475,1.9887,1.1502,2.0708,2.2367,-1.7233,-2.2383,1,6,5.7606,-0.65044,0.307,0.065341,2024-12-30,2026-07-26,24:+5.76 25:-0.72 26:-0.58,False,False,False,31,1.3779,1
group,energy,comm,26,80/20,8,False,84,-1.0637,-1.5197,-1.4926,0.46429,-1.9306,-0.19685,-1.7878,0.11278,2/11,-4.9867,2016,-0.58459,-1.8298,1.1714,0.76606,1.3469,1.3435,-2.2352,-3.1036,46,38,2.2115,-5.0285,1.8913,1.9525,2016-06-05,2026-08-09,16:-4.99 17:-2.40 18:-0.09 19:-1.49 20:-2.06 21:-0.45 22:-2.93 23:-1.19 24:-0.29 25:+0.27 26:+0.41,False,False,False,428,-1.1266,3
market,USOIL.cash,comm,26,80/20,8,False,27,0.31997,0.3277,0.33394,0.7037,0.42248,0.22479,0.63579,-0.0748,3/6,-4.9799,2026,0.31997,-0.39855,1.484,0.71853,1.1073,1.1284,-1.164,-1.1009,20,7,2.1934,-5.0328,1.8083,0.97408,2021-02-14,2026-07-12,21:+2.10 22:-0.13 23:-0.06 24:+0.23 25:+1.59 26:-4.98,False,False,False,146,0.39945,1
market,UKOIL.cash,comm,26,80/20,8,False,49,-1.9618,-1.903,-1.9228,0.34694,-2.1469,-1.784,-2.7703,0.53113,1/11,-5.7229,2022,-1.9618,-2.6525,1.5977,0.69076,0.79036,0.79855,-3.5594,-3.5168,20,29,3.1109,-5.4602,2.0586,2.5629,2016-06-05,2026-08-02,16:-4.99 17:-2.40 18:-0.09 19:-1.49 20:-2.06 21:-3.64 22:-5.72 23:-2.32 24:-0.94 25:-2.48 26:+7.00,False,False,False,252,-1.9904,1
market,NATGAS.cash,comm,26,80/20,8,False,8,-0.23337,-0.1424,-0.15223,0.375,2.9917,-3.4584,,-0.23337,2/3,-2.5752,2026,-0.23337,-1.6211,-2.4942,1.3877,0.82147,0.87819,2.2608,1.4121,6,2,-0.72645,1.2459,1.1465,1.5161,2024-11-24,2026-08-09,24:+0.35 25:+1.38 26:-2.58,False,True,False,30,-1.2971,1
group,grains,comm,26,80/20,8,False,44,0.55824,0.82149,0.81734,0.59091,-0.63324,1.7497,0.071108,0.66649,3/4,-1.0357,2024,0.55824,-1.4784,-1.2084,2.0366,3.0974,3.0208,1.7666,2.7076,24,20,-0.17727,1.4409,0.70779,0.63909,2023-04-30,2026-07-19,23:+0.07 24:-1.04 25:+0.31 26:+3.48,False,True,False,225,-0.64712,3
market,WHEAT.c,comm,26,80/20,8,False,14,1.278,1.4053,1.4583,0.64286,1.6935,0.8626,2.5945,0.919,3/4,-0.82965,2025,1.278,-1.0479,0.062435,2.3259,3.4588,3.5894,1.2156,1.3032,7,7,1.3601,1.196,0.42075,0.3884,2023-04-30,2026-07-19,23:+2.59 24:+1.02 25:-0.83 26:+2.13,False,True,False,74,0.94087,1
market,CORN.c,comm,26,80/20,8,False,17,-0.12083,-0.085774,-0.088414,0.52941,-0.87669,0.55105,-0.87158,0.040045,1/4,-2.1464,2024,-0.12083,-1.9521,-2.5587,1.8312,1.3024,1.3425,2.4378,1.7533,10,7,-1.5311,1.8939,1.1468,1.067,2023-04-30,2026-06-28,23:-0.87 24:-2.15 25:-0.51 26:+5.34,False,True,False,89,-1.9306,1
market,SOYBEAN.c,comm,26,80/20,8,False,13,0.6711,0.64644,0.67283,0.61538,-1.7154,2.7167,-2.2999,1.2113,2/4,-2.2999,2023,0.6711,-1.3225,-0.81114,1.9936,1.7785,1.8511,1.4822,1.7793,7,6,0.21946,1.198,0.44284,0.34943,2023-10-01,2026-07-06,23:-2.30 24:-1.42 25:+2.18 26:+3.43,False,True,False,62,-0.70004,1
group,softs,comm,26,80/20,8,False,50,-0.99157,-1.0898,-1.1335,0.36,-0.55805,-1.4251,-1.0407,-0.9793,1/4,-1.8367,2025,-0.99157,-1.3904,1.0289,0.39881,0.48745,0.49459,-2.0205,-2.0086,29,21,0.60615,-3.1979,0.61333,0.37951,2023-04-02,2026-08-09,23:-1.04 24:+0.21 25:-1.84 26:-0.70,False,False,False,289,-1.0484,4
market,SUGAR.c,comm,26,80/20,8,False,8,-1.4466,-0.91188,-0.97484,0.375,-1.7742,-1.1191,,-1.4466,0/2,-1.7742,2025,-1.4466,-2.8849,-1.3236,1.4382,0.89331,0.95499,-0.12309,-0.070028,5,3,-1.129,-1.9761,0.78815,0.65437,2025-01-20,2026-07-26,25:-1.77 26:-1.12,False,False,False,41,-3.3682,1
market,COFFEE.c,comm,26,80/20,8,False,17,-0.096608,-0.073843,-0.076116,0.41176,-1.0822,0.7795,1.0168,-0.56051,2/4,-1.7829,2025,-0.096608,-1.0477,1.0371,0.95108,0.83944,0.86527,-1.1338,-0.80526,10,7,1.2233,-1.9823,0.58798,0.40256,2023-04-16,2026-07-26,23:+1.02 24:-1.62 25:-1.78 26:+2.89,False,False,False,96,-0.32561,1
market,COCOA.c,comm,26,80/20,8,False,18,-0.6255,-0.34174,-0.35165,0.33333,0.13264,-1.3836,-3.0981,0.32551,2/4,-3.0981,2023,-0.6255,-0.38061,2.6171,-0.24489,-0.1475,-0.15178,-3.2426,-1.6631,12,6,1.3752,-4.6268,0.28178,0.24516,2023-04-02,2026-08-09,23:-3.10 24:+1.68 25:-2.45 26:+1.41,False,False,False,113,0.05991,1
market,COTTON.c,comm,26,80/20,8,False,7,-3.5863,-1.2757,-1.3779,0.28571,-1.7453,-4.967,,-3.5863,0/2,-6.557,2026,-3.5863,-3.1112,-0.3863,-0.47511,-0.18549,-0.20035,-3.2,-0.90512,2,5,-2.7562,-3.9184,1.3276,0.35491,2025-02-09,2026-06-28,25:-1.36 26:-6.56,False,False,False,39,-3.6001,1
pooled,commodities15,comm,26,90/10,1,False,1728,-0.090825,-2.4812,-2.2425,0.50116,-0.073848,-0.1078,-0.039617,-0.19763,7/20,-0.60791,2013,-0.20283,-0.21837,-0.076882,0.12754,3.518,3.154,-0.013943,-0.37576,934,794,0.005606,-0.20426,0.16395,0.085734,2007-01-14,2026-09-27,07:-0.06 08:+0.25 09:-0.02 10:-0.27 11:-0.34 12:+0.11 13:-0.61 14:+0.63 15:+0.23 16:-0.17 17:+0.41 18:-0.32 19:-0.25 20:-0.01 21:-0.21 22:+0.02 23:+0.09 24:-0.10 25:-0.31 26:-0.18,False,False,False,1874,-0.095713,15
group,metals,comm,26,90/10,1,False,1103,-0.019882,-0.44553,-0.37816,0.51949,0.0064295,-0.046145,-0.015659,-0.040698,8/20,-0.60791,2013,-0.1799,-0.1941,-0.098026,0.17422,3.9238,3.3565,0.078144,1.7229,609,494,-0.016693,-0.023813,0.12828,0.051487,2007-01-14,2026-09-27,07:-0.06 08:+0.25 09:-0.02 10:-0.27 11:-0.34 12:+0.11 13:-0.61 14:+0.63 15:+0.23 16:-0.04 17:+0.45 18:-0.28 19:-0.39 20:+0.09 21:-0.22 22:-0.04 23:+0.27 24:+0.16 25:-0.01 26:-0.22,False,True,False,1183,-0.030167,5
market,XAUUSD,comm,26,90/10,1,False,364,-0.030371,-0.38424,-0.38477,0.54121,-0.0088521,-0.051889,0.012742,-0.28904,10/20,-0.83242,2019,-0.067615,-0.15228,0.023689,0.1219,1.5582,1.5603,-0.05406,-0.67796,190,174,0.083235,-0.15442,0.058648,0.040467,2007-01-14,2026-09-13,07:-0.06 08:+0.19 09:+0.03 10:-0.15 11:-0.53 12:+0.11 13:-0.53 14:+0.72 15:+0.34 16:-0.05 17:+0.65 18:-0.38 19:-0.83 20:+0.27 21:+0.32 22:-0.14 23:+0.52 24:-0.22 25:+0.18 26:-0.60,False,False,False,382,-0.029103,1
market,XAGUSD,comm,26,90/10,1,False,308,0.022987,0.27775,0.27821,0.52597,-0.047124,0.093097,0.043738,-0.081582,9/19,-0.69833,2013,0.018502,-0.15777,-0.098095,0.18075,2.1996,2.2032,0.12108,1.439,163,145,-0.020015,0.071326,0.1143,0.034058,2008-12-07,2026-09-27,08:+1.15 09:-0.07 10:-0.42 11:-0.21 12:+0.11 13:-0.70 14:+0.55 15:+0.45 16:-0.31 17:+0.58 18:-0.07 19:+0.05 20:+0.39 21:+0.06 22:-0.03 23:+0.59 24:-0.12 25:-0.18 26:-0.02,False,True,False,325,0.022337,1
market,XPTUSD,comm,26,90/10,1,False,194,0.011145,0.11263,0.11292,0.52577,0.012234,0.010056,-0.052468,0.5352,6/12,-0.5705,2021,0.20661,-0.24068,-0.25688,0.25183,2.5503,2.5569,0.26803,2.6702,107,87,-0.097488,0.14475,0.18533,0.08038,2015-03-29,2026-08-02,15:+0.63 16:-0.24 17:+0.77 18:-0.29 19:-0.11 20:+0.04 21:-0.57 22:-0.12 23:+0.29 24:+0.98 25:-0.46 26:+0.35,False,True,False,215,-0.009774,1
market,XPDUSD,comm,26,90/10,1,False,218,-0.10174,-1.025,-1.0273,0.4633,-0.11964,-0.083842,-0.11713,-0.039086,4/12,-0.62756,2019,-0.023532,-0.27264,-0.185,0.17091,1.695,1.6989,0.083256,0.82028,146,72,-0.11401,-0.076856,0.21769,0.072817,2015-02-08,2026-08-02,15:-0.24 16:+0.91 17:+0.01 18:-0.33 19:-0.63 20:-0.16 21:-0.31 22:+0.28 23:-0.04 24:+0.59 25:-0.10 26:-0.43,False,True,False,240,-0.13625,1
market,XCUUSD,comm,26,90/10,1,False,19,0.10856,0.18963,0.19483,0.57895,0.24579,-0.014943,,0.10856,3/3,0.0048791,2026,0.10856,-0.2075,0.19117,0.31606,0.58334,0.59933,-0.082612,-0.14448,3,16,1.4529,-0.1435,0.080358,0.0053909,2024-12-30,2026-09-27,24:+0.73 25:+0.21 26:+0.00,False,False,False,21,0.14148,1
group,energy,comm,26,90/10,1,False,279,-0.21598,-2.1526,-2.1541,0.48746,-0.23665,-0.19545,-0.15255,-0.33312,4/11,-0.72107,2016,-0.40264,-0.22735,0.093311,0.011374,0.11795,0.11404,-0.30929,-3.0636,146,133,0.30834,-0.79154,0.27425,0.25436,2016-06-05,2026-09-27,16:-0.72 17:+0.15 18:-0.50 19:+0.21 20:-0.49 21:-0.21 22:+0.12 23:+0.07 24:-0.30 25:-0.43 26:-0.26,False,False,False,291,-0.20112,3
market,USOIL.cash,comm,26,90/10,1,False,100,-0.0078635,-0.049733,-0.049983,0.6,0.15143,-0.16716,0.054387,-0.090382,5/6,-1.2775,2026,-0.039489,-0.046634,0.17309,0.038771,0.25679,0.25809,-0.18095,-1.1123,74,26,0.35538,-1.0417,0.2235,0.087555,2021-02-14,2026-07-19,21:+0.06 22:+0.02 23:+0.09 24:+0.22 25:+0.32 26:-1.28,False,False,False,103,0.031582,1
market,UKOIL.cash,comm,26,90/10,1,False,156,-0.30237,-2.2299,-2.2371,0.45513,-0.29722,-0.30752,-0.24768,-0.51431,5/11,-1.2713,2025,-0.20139,-0.29021,0.16188,-0.012158,-0.091941,-0.092237,-0.46425,-3.4595,55,101,0.50213,-0.74046,0.27553,0.36916,2016-06-05,2026-09-27,16:-0.72 17:+0.15 18:-0.50 19:+0.21 20:-0.49 21:-0.56 22:+0.27 23:+0.04 24:-1.02 25:-1.27 26:+1.14,False,False,False,162,-0.30528,1
market,NATGAS.cash,comm,26,90/10,1,False,23,-0.53483,-1.3381,-1.3681,0.21739,-0.046462,-0.98251,,-0.53483,0/3,-1.0716,2024,-0.53483,-0.58671,-0.71861,0.051873,0.13696,0.14004,0.18378,0.4562,17,6,-0.52337,-0.56731,0.48623,0.20088,2024-11-24,2026-09-27,24:-1.07 25:-0.60 26:-0.43,False,True,False,26,-0.47402,1
group,grains,comm,26,90/10,1,False,141,-0.17173,-1.569,-1.503,0.46099,-0.24684,-0.097679,0.13883,-0.25214,2/4,-0.57391,2024,0.02116,-0.23505,-0.31395,0.06332,0.55344,0.52515,0.14222,1.3011,75,66,-0.22003,-0.11685,0.17304,0.079072,2023-04-30,2026-09-27,23:+0.14 24:-0.57 25:-0.29 26:+0.38,False,True,False,162,-0.15629,3
market,WHEAT.c,comm,26,90/10,1,False,42,0.033538,0.1705,0.17257,0.54762,-0.15688,0.22396,0.55225,-0.12856,3/4,-0.71721,2024,0.033538,-0.20973,-0.1643,0.24327,1.1714,1.1856,0.19783,1.018,23,19,0.11182,-0.061226,0.12642,0.051907,2023-04-30,2026-09-07,23:+0.55 24:-0.72 25:+0.18 26:+0.38,False,True,False,44,0.024732,1
market,CORN.c,comm,26,90/10,1,False,60,-0.41165,-2.3097,-2.3292,0.4,-0.45515,-0.36816,-0.0073247,-0.51274,1/4,-0.83718,2025,-0.41165,-0.21073,-0.41021,-0.20093,-1.0782,-1.0873,-0.0014405,-0.007918,31,29,-0.63371,-0.17428,0.23563,0.12,2023-04-30,2026-09-27,23:-0.01 24:-0.75 25:-0.84 26:+0.56,False,False,False,71,-0.3224,1
market,SOYBEAN.c,comm,26,90/10,1,False,39,-0.023676,-0.12722,-0.12889,0.46154,-0.15821,0.10413,-0.2012,0.015157,2/4,-0.2012,2023,-0.023676,-0.29974,-0.32703,0.27607,1.4479,1.4668,0.30335,1.6306,21,18,0.027198,-0.083029,0.12696,0.045361,2023-10-08,2026-09-27,23:-0.20 24:-0.13 25:+0.12 26:+0.06,False,True,False,47,-0.074824,1
group,softs,comm,26,90/10,1,False,205,-0.24656,-2.1593,-2.1636,0.44878,-0.12205,-0.36986,-0.20311,-0.25742,1/4,-0.44722,2025,-0.30862,-0.32526,-0.031687,0.078703,0.69297,0.70768,-0.21487,-1.8964,104,101,-0.1261,-0.3706,0.19955,0.04509,2023-04-02,2026-09-27,23:-0.20 24:+0.19 25:-0.45 26:-0.32,False,False,False,238,-0.25139,4
market,SUGAR.c,comm,26,90/10,1,False,30,-0.59212,-2.534,-2.5774,0.3,-0.76446,-0.41977,,-0.59212,0/2,-0.74571,2025,-0.59212,-0.7149,-0.42229,0.12278,0.50665,0.51531,-0.16983,-0.72493,17,13,-0.70336,-0.44665,0.51327,0.071243,2025-01-20,2026-09-27,25:-0.75 26:-0.46,False,False,False,37,-0.50753,1
market,COFFEE.c,comm,26,90/10,1,False,64,-0.075669,-0.36421,-0.36709,0.5,-0.22035,0.069008,-0.099736,-0.066251,1/4,-0.37541,2024,-0.093679,-0.21852,0.094543,0.14285,0.66426,0.66951,-0.17021,-0.79673,32,32,0.18912,-0.34046,0.094098,0.07407,2023-04-16,2026-08-30,23:-0.10 24:-0.38 25:-0.12 26:+0.49,False,False,False,76,-0.11911,1
market,COCOA.c,comm,26,90/10,1,False,83,-0.087415,-0.46092,-0.46372,0.49398,0.12578,-0.29554,-0.28402,-0.01205,2/4,-0.68923,2025,-0.01205,-0.14032,0.13017,0.05291,0.27898,0.28067,-0.21758,-1.1712,51,32,-0.088496,-0.085691,0.073338,0.027211,2023-04-02,2026-09-07,23:-0.28 24:+0.56 25:-0.69 26:+0.03,False,False,False,94,-0.10478,1
market,COTTON.c,comm,26,90/10,1,False,28,-0.73869,-2.5276,-2.574,0.35714,-0.89398,-0.58341,,-0.73869,0/2,-0.89092,2026,-0.73869,-0.70001,-0.38151,-0.038678,-0.14173,-0.14433,-0.35719,-1.1783,4,24,-0.67397,-0.74948,0.47861,0.0038289,2025-02-09,2026-09-07,25:-0.18 26:-0.89,False,False,False,31,-0.71455,1
pooled,commodities15,comm,26,90/10,4,False,658,-0.071345,-0.552,-0.54347,0.50304,-0.053704,-0.088986,-0.0086512,-0.19788,8/20,-1.2012,2010,0.0049645,-0.65827,0.044607,0.58692,4.9201,4.6541,-0.11595,-0.84719,354,304,0.31569,-0.52204,0.42341,0.35592,2007-01-14,2026-09-07,07:+1.36 08:+1.46 09:-0.24 10:-1.20 11:-0.28 12:+0.29 13:-1.17 14:+1.98 15:+0.32 16:-1.06 17:+1.05 18:-0.76 19:-1.10 20:+0.71 21:-0.26 22:-0.25 23:+0.35 24:-0.16 25:-0.32 26:-0.11,False,False,False,1848,-0.29459,15
group,metals,comm,26,90/10,4,False,412,0.1163,0.75667,0.70448,0.54369,0.11048,0.12212,0.15248,-0.051717,9/20,-1.2012,2010,-0.033236,-0.56087,-0.07192,0.67716,4.7375,4.3665,0.18822,1.1504,222,190,0.1384,0.090474,0.28591,0.20741,2007-01-14,2026-09-06,07:+1.36 08:+1.46 09:-0.24 10:-1.20 11:-0.28 12:+0.29 13:-1.17 14:+1.98 15:+0.32 16:-0.67 17:+1.36 18:-0.63 19:-1.18 20:+1.18 21:-0.21 22:-0.29 23:+0.98 24:+0.24 25:-0.23 26:-0.29,False,True,False,1173,-0.12578,5
market,XAUUSD,comm,26,90/10,4,False,136,0.078481,0.27566,0.27668,0.56618,0.38408,-0.22712,0.29429,-1.2505,11/20,-2.4215,2019,-0.40765,-0.51877,0.19579,0.59725,2.2888,2.2973,-0.11731,-0.38887,71,65,0.38437,-0.25565,0.19058,0.16947,2007-01-14,2026-08-09,07:+1.36 08:+1.26 09:-0.60 10:-0.07 11:-1.41 12:+0.21 13:-1.30 14:+2.15 15:+0.86 16:+0.11 17:+1.73 18:-1.79 19:-2.42 20:+0.75 21:+1.02 22:+0.32 23:+1.68 24:-0.97 25:-1.47 26:-1.53,False,False,False,381,-0.17716,1
market,XAGUSD,comm,26,90/10,4,False,114,0.41022,1.2548,1.2603,0.57895,-0.065483,0.88592,0.42481,0.33239,12/19,-2.5619,2010,0.87578,-0.37099,-0.061782,0.7812,2.555,2.5663,0.472,1.3937,57,57,0.30428,0.51615,0.22082,0.13047,2008-12-07,2026-08-30,08:+3.64 09:+0.07 10:-2.56 11:+0.67 12:+0.35 13:-1.04 14:+1.83 15:+1.16 16:-2.03 17:+2.47 18:+0.21 19:-0.03 20:+3.53 21:-0.36 22:-0.69 23:+2.70 24:-0.34 25:+2.56 26:+0.23,False,True,False,323,0.21062,1
market,XPTUSD,comm,26,90/10,4,False,75,0.13949,0.44531,0.44831,0.53333,0.070638,0.20653,0.015631,0.86012,6/12,-1.9472,2016,0.10716,-0.69667,-0.51272,0.83616,2.8792,2.8986,0.65221,1.8194,40,35,-0.12737,0.44447,0.42642,0.31905,2015-03-29,2026-07-26,15:+0.44 16:-1.95 17:+2.31 18:-0.17 19:-0.95 20:+0.94 21:-0.87 22:-1.06 23:+1.88 24:+1.39 25:-1.20 26:+1.17,False,True,False,213,-0.062864,1
market,XPDUSD,comm,26,90/10,4,False,79,-0.2926,-1.0836,-1.0905,0.4557,-0.36318,-0.22379,-0.39556,0.082881,4/12,-1.1431,2019,-0.30165,-0.74405,-0.24275,0.45145,1.7284,1.7395,-0.049849,-0.1749,52,27,-0.26984,-0.33643,0.42092,0.29332,2015-02-08,2026-07-12,15:-1.11 16:+1.40 17:-0.67 18:-0.67 19:-1.14 20:+0.09 21:-0.75 22:+0.94 23:-0.99 24:+1.45 25:-0.46 26:-0.91,False,False,False,237,-0.69214,1
market,XCUUSD,comm,26,90/10,4,False,8,0.39125,0.2703,0.28896,0.625,0.31936,0.46313,,0.39125,2/3,-0.23941,2025,0.39125,-0.90031,1.0519,1.2916,0.93961,1.0045,-0.66068,-0.4479,2,6,2.6083,-0.34777,0.18367,0.053784,2024-12-30,2026-09-06,24:+2.00 25:-0.24 26:+0.46,False,False,False,19,1.5451,1
group,energy,comm,26,90/10,4,False,117,-0.49112,-1.4822,-1.5336,0.42735,-0.96505,-0.02521,-0.66547,-0.17976,2/11,-2.5921,2016,-0.040169,-0.91241,0.63357,0.4213,1.4604,1.4978,-1.1247,-3.3071,62,55,1.0862,-2.2692,0.9627,0.98493,2016-06-05,2026-09-06,16:-2.59 17:-0.37 18:-1.30 19:-0.83 20:-1.56 21:-0.35 22:-0.18 23:+0.10 24:-0.77 25:-0.07 26:+0.28,False,False,False,285,-0.79987,3
market,USOIL.cash,comm,26,90/10,4,False,36,-0.08739,-0.1395,-0.14148,0.47222,0.66999,-0.84477,0.58557,-0.92859,4/6,-5.0727,2026,-0.08739,-0.11464,0.7893,0.027255,0.051217,0.051943,-0.87669,-1.3282,27,9,0.91317,-3.0891,0.87471,0.36752,2021-02-14,2026-07-19,21:+1.07 22:+0.61 23:+0.14 24:+0.25 25:-0.23 26:-5.07,False,False,False,103,-0.2218,1
market,UKOIL.cash,comm,26,90/10,4,False,71,-0.77983,-1.7843,-1.797,0.39437,-1.508,-0.071875,-1.1204,0.39086,2/11,-2.5921,2016,-0.59835,-1.3083,0.86517,0.5285,1.394,1.4039,-1.645,-3.8965,28,43,1.5084,-2.2698,1.0302,1.3312,2016-06-05,2026-09-06,16:-2.59 17:-0.37 18:-1.30 19:-0.83 20:-1.56 21:-1.41 22:-0.87 23:+0.06 24:-2.56 25:-0.77 26:+4.74,False,False,False,159,-1.2152,1
market,NATGAS.cash,comm,26,90/10,4,False,10,0.10537,0.18001,0.18975,0.5,1.1881,-0.97738,,0.10537,2/3,-0.97738,2026,0.10537,-0.97331,-1.5715,1.0787,1.4836,1.5638,1.6768,2.6895,7,3,0.064756,0.20013,0.79988,0.74943,2024-11-24,2026-09-06,24:+1.00 25:+1.23 26:-0.98,False,True,False,23,-0.51766,1
group,grains,comm,26,90/10,4,False,56,-0.19331,-0.51027,-0.46475,0.46429,-0.35653,-0.030089,0.53871,-0.39295,3/4,-1.3292,2024,-0.19331,-0.79884,-0.79694,0.60553,1.6451,1.517,0.60363,1.5338,31,25,-0.2527,-0.11966,0.38706,0.30348,2023-04-30,2026-09-07,23:+0.54 24:-1.33 25:+0.06 26:+0.39,False,True,False,156,-0.45087,3
market,WHEAT.c,comm,26,90/10,4,False,19,-0.014082,-0.021004,-0.021579,0.47368,0.059638,-0.080431,1.8402,-0.50856,2/4,-1.3648,2024,-0.014082,-0.79127,-0.098342,0.77719,1.2379,1.2718,0.084259,0.12041,10,9,0.70423,-0.81221,0.25447,0.19561,2023-04-30,2026-09-07,23:+1.84 24:-1.36 25:+0.10 26:-0.20,False,True,False,44,0.2654,1
market,CORN.c,comm,26,90/10,4,False,21,-0.64694,-0.99742,-1.0221,0.47619,-0.6466,-0.64725,0.14616,-0.89478,2/4,-2.3958,2024,-0.64694,-1.0758,-1.3466,0.4289,0.71277,0.73037,0.69965,1.0701,11,10,-1.5125,0.30515,0.60976,0.46825,2023-04-30,2026-08-30,23:+0.15 24:-2.40 25:-0.83 26:+2.49,False,True,False,68,-0.97597,1
market,SOYBEAN.c,comm,26,90/10,4,False,16,0.18925,0.28703,0.29645,0.4375,-0.07861,0.4571,-0.54235,0.35808,2/4,-0.99645,2026,0.18925,-0.44425,-0.9051,0.63349,0.86346,0.89178,1.0943,1.5422,10,6,0.1761,0.21116,0.25223,0.2153,2023-10-08,2026-08-30,23:-0.54 24:+0.20 25:+0.94 26:-1.00,False,True,False,44,-0.35562,1
group,softs,comm,26,90/10,4,False,73,-0.36402,-0.74727,-0.72621,0.42466,-0.13983,-0.58215,-0.86073,-0.24615,1/4,-0.86073,2023,-0.23251,-0.6928,0.40389,0.32878,0.70783,0.6967,-0.7679,-1.5429,39,34,0.55182,-1.4145,0.36298,0.22615,2023-04-02,2026-09-07,23:-0.86 24:+1.16 25:-0.82 26:-0.38,False,False,False,234,-0.42117,4
market,SUGAR.c,comm,26,90/10,4,False,11,-0.99786,-1.007,-1.0561,0.36364,-0.22421,-1.6426,,-0.99786,0/2,-2.0667,2026,-0.99786,-1.2965,-0.84339,0.29866,0.29832,0.31288,-0.15447,-0.13766,7,4,-0.14713,-2.4866,0.56156,0.32033,2025-01-20,2026-09-07,25:-0.11 26:-2.07,False,False,False,34,-1.245,1
market,COFFEE.c,comm,26,90/10,4,False,24,-0.14864,-0.16989,-0.17354,0.54167,-0.98836,0.69107,-0.1462,-0.14965,1/4,-2.1674,2024,-0.14864,-0.61634,0.50845,0.4677,0.55378,0.56569,-0.65709,-0.69663,11,13,1.2416,-1.325,0.30806,0.32037,2023-04-16,2026-08-30,23:-0.15 24:-2.17 25:-0.69 26:+3.46,False,False,False,76,-0.17838,1
market,COCOA.c,comm,26,90/10,4,False,28,0.42028,0.52969,0.53941,0.39286,0.98024,-0.13967,-1.5753,1.0855,2/4,-1.5753,2023,0.42028,-0.18642,1.0054,0.60671,0.78101,0.79534,-0.58511,-0.75986,18,10,1.0204,-0.65995,0.16248,0.11896,2023-04-02,2026-09-07,23:-1.58 24:+3.54 25:-0.91 26:+0.44,False,False,False,94,0.25966,1
market,COTTON.c,comm,26,90/10,4,False,10,-2.3797,-1.6955,-1.7872,0.3,-0.80277,-3.9567,,-2.3797,0/2,-2.6199,2026,-2.3797,-1.63,-0.15927,-0.74969,-0.56311,-0.59357,-2.2205,-1.4988,3,7,-3.1579,-2.0462,0.83775,0.1966,2025-02-09,2026-08-16,25:-2.02 26:-2.62,False,False,False,30,-2.2359,1
pooled,commodities15,comm,26,90/10,8,False,415,-0.29901,-1.2265,-1.176,0.49157,-0.46509,-0.13373,-0.36407,-0.16106,8/20,-3.3087,2013,-0.31839,-1.2154,0.21964,0.91635,4.4372,3.9994,-0.51865,-1.9801,222,193,0.51009,-1.2297,0.77271,0.70542,2007-01-14,2026-08-09,07:+3.08 08:+2.28 09:-0.83 10:-2.19 11:+1.11 12:+2.53 13:-3.31 14:+2.03 15:+0.46 16:-1.28 17:-0.64 18:-1.56 19:-2.11 20:+0.33 21:-0.11 22:-1.08 23:-0.04 24:+0.17 25:-0.48 26:-0.15,False,False,False,1806,-0.57371,15
group,metals,comm,26,90/10,8,False,261,0.073309,0.28222,0.25956,0.52874,0.043844,0.10255,0.037388,0.24573,11/20,-3.3087,2013,0.46309,-0.88484,-0.02802,0.95815,4.1472,3.8485,0.10133,0.3618,137,124,0.22795,-0.097547,0.49406,0.40473,2007-01-14,2026-08-09,07:+3.08 08:+2.28 09:-0.83 10:-2.19 11:+1.11 12:+2.53 13:-3.31 14:+2.03 15:+0.46 16:-0.29 17:-0.03 18:-1.79 19:-2.19 20:+0.99 21:-0.08 22:+0.10 23:+0.94 24:+0.21 25:+1.29 26:-0.55,False,True,False,1155,-0.23518,5
market,XAUUSD,comm,26,90/10,8,False,87,-0.073636,-0.13924,-0.14005,0.56322,0.43566,-0.57135,0.10008,-1.1594,9/20,-5.0556,2013,-0.44915,-0.79969,0.48919,0.72605,1.518,1.5268,-0.56282,-0.98972,42,45,0.41332,-0.52813,0.37124,0.32159,2007-01-14,2026-08-09,07:+3.08 08:+1.79 09:-1.64 10:-1.48 11:-0.52 12:+2.42 13:-5.06 14:+0.80 15:+3.26 16:-0.37 17:+0.05 18:-4.04 19:-4.37 20:+3.04 21:-0.12 22:+0.07 23:+3.25 24:-0.94 25:-0.46 26:-1.95,False,False,False,378,-0.47764,1
market,XAGUSD,comm,26,90/10,8,False,75,0.45645,0.97591,0.98249,0.56,0.93094,-0.0055608,0.69051,-1.0649,12/19,-2.9061,2010,0.3976,-0.43912,-0.06125,0.89557,2.0572,2.0711,0.5177,0.98207,38,37,0.53403,0.37677,0.35854,0.26027,2008-12-07,2026-08-02,08:+5.22 09:+0.17 10:-2.91 11:+2.41 12:+2.63 13:-1.56 14:+2.76 15:+2.52 16:-1.41 17:+0.58 18:+0.73 19:-0.89 20:+1.24 21:+0.08 22:-0.80 23:+1.94 24:-1.55 25:+1.73 26:-2.11,False,True,False,319,0.14219,1
market,XPTUSD,comm,26,90/10,8,False,47,0.21525,0.44798,0.45283,0.53191,-0.20187,0.615,-0.13583,1.9268,7/12,-3.5935,2015,0.21525,-1.3326,-0.92507,1.5478,3.9851,4.0282,1.1403,2.3344,26,21,-0.24836,0.78925,0.75145,0.65447,2015-03-29,2026-06-28,15:-3.59 16:-1.19 17:+2.49 18:-0.45 19:-0.89 20:+0.77 21:-1.17 22:+0.02 23:+1.62 24:+1.79 25:+3.25 26:+0.87,False,True,False,210,-0.053176,1
market,XPDUSD,comm,26,90/10,8,False,46,-0.75622,-1.362,-1.377,0.36957,-1.5492,0.036728,-1.0545,0.46991,5/12,-4.6057,2015,-0.75622,-1.4452,-0.29761,0.68902,1.4571,1.4732,-0.45861,-0.79782,29,17,-0.37717,-1.4028,0.70639,0.57245,2015-06-14,2026-06-14,15:-4.61 16:+2.33 17:-2.59 18:-2.86 19:-2.58 20:-0.22 21:+0.91 22:+1.40 23:-2.25 24:+1.13 25:+1.19 26:-0.92,False,False,False,233,-0.7412,1
market,XCUUSD,comm,26,90/10,8,False,6,2.6626,2.0777,2.276,0.83333,3.0084,2.3168,,2.6626,3/3,1.6323,2025,2.6626,0.11267,1.9817,2.55,2.5564,2.8004,0.68098,0.57097,2,4,5.4862,1.2508,0.32499,0.17409,2024-12-30,2026-08-09,24:+5.76 25:+1.63 26:+2.32,False,True,False,15,3.1613,1
group,energy,comm,26,90/10,8,False,75,-1.2763,-1.7642,-1.855,0.44,-2.4192,-0.16342,-2.0033,0.094015,1/11,-4.9867,2016,-1.0297,-1.9437,1.2039,0.66739,1.1856,1.2226,-2.4802,-3.3905,42,33,1.7249,-5.0959,1.8866,1.9695,2016-06-05,2026-08-09,16:-4.99 17:-3.25 18:-0.77 19:-1.84 20:-3.42 21:-0.15 22:-4.03 23:-0.75 24:-0.06 25:-0.08 26:+0.53,False,False,False,281,-1.5762,3
market,USOIL.cash,comm,26,90/10,8,False,25,0.54957,0.52987,0.54079,0.64,0.65542,0.45187,0.70463,0.35223,4/6,-4.8473,2026,0.54957,-0.39469,1.5294,0.94426,1.2964,1.3232,-0.97984,-0.86835,18,7,2.4,-4.2085,1.8107,1.0435,2021-02-14,2026-07-19,21:+2.10 22:-0.73 23:+0.26 24:+1.83 25:+1.11 26:-4.85,False,False,False,103,0.41217,1
market,UKOIL.cash,comm,26,90/10,8,False,43,-2.353,-2.2575,-2.2842,0.34884,-2.6791,-2.0418,-3.0865,0.85608,1/11,-6.0101,2022,-2.353,-2.74,1.6172,0.38702,0.46431,0.46981,-3.9703,-3.9763,18,25,2.0573,-5.5285,2.0503,2.5321,2016-06-05,2026-05-10,16:-4.99 17:-3.25 18:-0.77 19:-1.84 20:-3.42 21:-2.96 22:-6.01 23:-1.97 24:-4.97 25:-1.94 26:+12.29,False,False,False,158,-2.8784,1
market,NATGAS.cash,comm,26,90/10,8,False,7,-1.1827,-0.59879,-0.64676,0.28571,2.9939,-4.3151,,-1.1827,2/3,-3.7174,2026,-1.1827,-2.5836,-2.4974,1.4009,0.68333,0.73808,1.3147,0.68942,6,1,-1.2976,-0.49334,1.1514,1.8208,2024-11-24,2026-08-09,24:+0.35 25:+0.84 26:-3.72,False,True,False,20,-1.5296,1
group,grains,comm,26,90/10,8,False,35,0.23129,0.34504,0.3387,0.45714,0.33672,0.1317,0.037609,0.28867,3/4,-0.46401,2024,0.23129,-1.3185,-1.1785,1.5497,2.67,2.5369,1.4098,2.129,19,16,-0.49009,1.0879,0.64749,0.56162,2023-04-30,2026-08-02,23:+0.04 24:-0.46 25:+0.08 26:+1.74,False,True,False,151,-0.78861,3
market,WHEAT.c,comm,26,90/10,8,False,13,0.83143,1.061,1.1043,0.46154,2.1098,-0.26427,2.8251,0.23334,3/4,-0.21518,2025,0.83143,-0.99911,0.1558,1.8305,3.4345,3.5747,0.67563,0.69845,6,7,1.3704,0.36949,0.40271,0.35706,2023-04-30,2026-08-02,23:+2.83 24:+0.53 25:-0.22 26:+0.16,False,True,False,43,1.0166,1
market,CORN.c,comm,26,90/10,8,False,12,-0.63027,-0.41434,-0.43277,0.41667,0.051512,-1.3121,-1.1118,-0.46976,1/4,-1.7823,2025,-0.63027,-1.8132,-2.6009,1.183,0.826,0.86272,1.9706,1.3264,6,6,-2.8278,1.5672,1.0971,0.84576,2023-04-30,2026-05-10,23:-1.11 24:-1.21 25:-1.78 26:+2.98,False,True,False,66,-2.0732,1
market,SOYBEAN.c,comm,26,90/10,8,False,10,0.48496,0.4213,0.44409,0.5,-1.4487,2.4186,-2.4194,1.2111,2/4,-2.4194,2023,0.48496,-1.1399,-1.2063,1.6248,1.6905,1.782,1.6912,1.8789,7,3,-0.081037,1.8056,0.42617,0.48657,2023-10-08,2026-07-06,23:-2.42 24:-0.80 25:+1.62 26:+5.63,False,True,False,42,-0.61817,1
group,softs,comm,26,90/10,8,False,44,-1.2636,-1.2187,-1.193,0.38636,-0.68595,-1.8412,-1.4312,-1.2205,1/4,-2.5167,2025,-1.2636,-1.8526,1.1231,0.58897,0.65666,0.65718,-2.3867,-2.1647,24,20,0.78655,-3.7238,0.62662,0.44873,2023-04-02,2026-08-09,23:-1.43 24:+1.28 25:-2.52 26:-1.07,False,False,False,219,-0.92461,4
market,SUGAR.c,comm,26,90/10,8,False,6,-1.7553,-0.86333,-0.94573,0.33333,0.034281,-3.5448,,-1.7553,1/2,-3.5448,2026,-1.7553,-2.572,-1.3236,0.81679,0.39057,0.42785,-0.4317,-0.16398,4,2,0.36452,-5.9948,0.79297,0.7124,2025-01-20,2026-07-12,25:+0.03 26:-3.54,False,False,False,30,-3.4278,1
market,COFFEE.c,comm,26,90/10,8,False,14,-0.97144,-0.65539,-0.68013,0.35714,-1.1909,-0.75202,-0.10607,-1.3176,1/4,-3.4469,2025,-0.97144,-1.6102,0.92064,0.63873,0.46933,0.48705,-1.8921,-1.1948,7,7,0.57183,-2.5147,0.61969,0.61071,2023-04-16,2026-06-14,23:-0.11 24:-2.64 25:-3.45 26:+5.99,False,False,False,73,-0.55359,1
market,COCOA.c,comm,26,90/10,8,False,17,-0.092211,-0.047871,-0.049344,0.41176,1.1529,-1.199,-2.4914,0.90744,2/4,-2.908,2025,-0.092211,-1.0019,2.3856,0.9097,0.59272,0.61096,-2.4778,-1.2734,11,6,2.0617,-4.0411,0.28751,0.23666,2023-04-02,2026-08-09,23:-2.49 24:+4.22 25:-2.91 26:+1.41,False,False,False,90,0.45665,1
market,COTTON.c,comm,26,90/10,8,False,7,-4.2713,-1.3642,-1.4735,0.42857,-2.9956,-5.228,,-4.2713,0/2,-5.228,2026,-4.2713,-3.7865,0.55907,-0.48474,-0.15652,-0.16906,-4.8303,-1.3503,2,5,-4.6315,-4.1272,1.3214,0.41377,2025-02-09,2026-07-19,25:-3.00 26:-5.23,False,False,False,26,-3.8593,1
pooled,commodities15,comm,52,80/20,1,False,2215,-0.11299,-3.5183,-3.1772,0.47675,-0.061934,-0.16399,-0.045194,-0.24123,8/20,-0.46923,2010,-0.22698,-0.24468,-0.083855,0.13169,4.1567,3.7731,-0.029131,-0.89166,1256,959,-0.025877,-0.22707,0.16575,0.078264,2007-06-17,2026-09-27,07:-0.34 08:+0.15 09:-0.30 10:-0.47 11:-0.19 12:+0.16 13:-0.32 14:+0.12 15:+0.08 16:-0.10 17:+0.09 18:-0.25 19:-0.03 20:+0.01 21:-0.17 22:+0.05 23:+0.05 24:-0.25 25:-0.35 26:-0.14,False,False,False,2447,-0.12232,15
group,metals,comm,52,80/20,1,False,1377,-0.054042,-1.3631,-1.1378,0.49383,-0.070016,-0.038091,-0.033716,-0.14523,8/20,-0.46923,2010,-0.2799,-0.23878,-0.10695,0.18474,4.6514,3.9303,0.052907,1.3068,769,608,-0.059883,-0.046655,0.12835,0.052907,2007-06-17,2026-09-27,07:-0.34 08:+0.15 09:-0.30 10:-0.47 11:-0.19 12:+0.16 13:-0.32 14:+0.12 15:+0.08 16:+0.02 17:+0.07 18:-0.27 19:-0.16 20:+0.10 21:-0.02 22:-0.03 23:+0.21 24:-0.10 25:-0.13 26:-0.20,False,True,False,1493,-0.059222,5
market,XAUUSD,comm,52,80/20,1,False,439,-0.11016,-1.598,-1.5998,0.50569,-0.11056,-0.10976,-0.050249,-0.43144,8/20,-0.53562,2019,-0.42064,-0.18507,0.018628,0.074911,1.0892,1.0904,-0.12879,-1.8158,224,215,0.035826,-0.26226,0.060121,0.040562,2007-06-17,2026-08-30,07:-0.34 08:+0.08 09:-0.52 10:-0.31 11:-0.10 12:+0.18 13:-0.35 14:+0.19 15:+0.04 16:+0.17 17:+0.58 18:-0.16 19:-0.54 20:-0.09 21:+0.41 22:-0.12 23:+0.43 24:-0.37 25:-0.51 26:-0.49,False,False,False,465,-0.090524,1
market,XAGUSD,comm,52,80/20,1,False,385,0.015527,0.19452,0.19477,0.4987,0.022012,0.0090744,0.034934,-0.071807,9/19,-0.73383,2010,0.053326,-0.21359,-0.10173,0.22911,2.8848,2.8886,0.11725,1.4566,200,185,-0.090674,0.13034,0.11223,0.032432,2008-12-07,2026-09-27,08:+0.63 09:-0.10 10:-0.73 11:-0.26 12:+0.15 13:-0.26 14:+0.06 15:+0.53 16:-0.20 17:+0.72 18:-0.22 19:-0.19 20:+0.38 21:-0.14 22:+0.03 23:+0.87 24:-0.15 25:+0.64 26:-0.17,False,True,False,409,0.0066413,1
market,XPTUSD,comm,52,80/20,1,False,243,0.088625,1.005,1.007,0.52263,0.070783,0.10632,0.055858,0.29714,7/12,-0.39957,2018,0.29741,-0.22396,-0.24814,0.31259,3.5468,3.5542,0.33677,3.8146,154,89,-0.050059,0.32859,0.18728,0.088546,2015-03-01,2026-08-23,15:+0.23 16:-0.07 17:+0.41 18:-0.40 19:+0.03 20:+0.20 21:-0.14 22:-0.19 23:+0.60 24:+0.34 25:+0.83 26:-0.09,False,True,False,270,0.057076,1
market,XPDUSD,comm,52,80/20,1,False,284,-0.18124,-2.0628,-2.0665,0.44014,-0.20105,-0.16143,-0.18228,-0.17674,4/12,-0.56189,2017,-0.13665,-0.38192,-0.20387,0.20067,2.2287,2.2326,0.022624,0.25117,188,96,-0.16274,-0.21748,0.2102,0.074427,2015-02-08,2026-09-27,15:-0.25 16:+0.27 17:-0.56 18:-0.25 19:+0.77 20:-0.06 21:-0.20 22:+0.35 23:-0.32 24:+0.06 25:-0.55 26:-0.14,False,True,False,320,-0.19576,1
market,XCUUSD,comm,52,80/20,1,False,26,-0.080571,-0.36324,-0.37043,0.53846,-0.25733,0.09619,,-0.080571,0/2,-0.13719,2025,-0.080571,-0.093707,0.07368,0.013136,0.063925,0.065191,-0.15425,-0.68454,3,23,0.7883,-0.1939,0.074275,-0.003599,2025-03-09,2026-09-27,25:-0.14 26:-0.07,False,False,False,29,-0.062335,1
group,energy,comm,52,80/20,1,False,371,-0.095392,-1.1014,-1.1435,0.50135,-0.16883,-0.022349,-0.066358,-0.14986,5/11,-0.81743,2016,0.11743,-0.19234,0.071934,0.09695,1.1888,1.234,-0.16733,-1.9323,231,140,0.26716,-0.69361,0.27676,0.18333,2016-06-19,2026-09-27,16:-0.82 17:+0.32 18:-0.20 19:+0.36 20:-0.44 21:-0.45 22:+0.16 23:+0.15 24:-0.30 25:-0.31 26:+0.15,False,False,False,394,-0.1057,3
market,USOIL.cash,comm,52,80/20,1,False,137,0.12755,0.906,0.90933,0.61314,0.10636,0.14843,0.095321,0.18926,5/6,-0.089983,2021,0.08865,0.02779,0.14324,0.099758,0.73129,0.73398,-0.015688,-0.11074,116,21,0.26291,-0.62016,0.21045,-0.002419,2021-02-14,2026-07-19,21:-0.09 22:+0.21 23:+0.04 24:+0.36 25:+0.08 26:+0.24,False,False,False,145,0.13532,1
market,UKOIL.cash,comm,52,80/20,1,False,197,-0.16647,-1.4043,-1.4079,0.47208,-0.15576,-0.17707,-0.16209,-0.18127,5/11,-0.81743,2016,-0.051525,-0.27798,0.17351,0.11151,1.008,1.0106,-0.33998,-2.8808,88,109,0.54498,-0.74085,0.28225,0.31129,2016-06-19,2026-09-27,16:-0.82 17:+0.32 18:-0.20 19:+0.36 20:-0.44 21:-0.80 22:+0.04 23:+0.34 24:-0.68 25:-0.80 26:+1.54,False,False,False,208,-0.19474,1
market,NATGAS.cash,comm,52,80/20,1,False,37,-0.54243,-1.9537,-1.9806,0.24324,-0.32884,-0.74477,,-0.54243,0/3,-1.0716,2024,-0.54243,-0.55147,-0.73292,0.0090454,0.03416,0.034631,0.19049,0.68217,27,10,-0.62004,-0.33288,0.49306,0.18982,2024-11-24,2026-09-27,24:-1.07 25:-0.51 26:-0.51,False,True,False,41,-0.50638,1
group,grains,comm,52,80/20,1,False,206,-0.16038,-1.7739,-1.6493,0.42233,-0.17879,-0.14197,-0.0040646,-0.19805,1/4,-0.38324,2025,0.075064,-0.2575,-0.30585,0.097121,1.0653,0.99126,0.14547,1.6144,110,96,-0.2403,-0.068805,0.16525,0.082743,2023-04-30,2026-09-27,23:-0.00 24:-0.32 25:-0.38 26:+0.18,False,True,False,243,-0.11626,3
market,WHEAT.c,comm,52,80/20,1,False,62,0.058534,0.34548,0.3483,0.54839,0.14538,-0.028312,0.68837,-0.034774,2/4,-0.13866,2024,0.059053,-0.18646,-0.17165,0.245,1.3897,1.4011,0.23019,1.3716,29,33,0.025592,0.087483,0.13264,0.039841,2023-04-30,2026-09-20,23:+0.69 24:-0.14 25:-0.13 26:+0.16,False,True,False,69,0.15712,1
market,CORN.c,comm,52,80/20,1,False,76,-0.3506,-2.2538,-2.2688,0.34211,-0.39176,-0.30944,-0.25224,-0.39067,1/4,-0.72672,2025,-0.44169,-0.29331,-0.41229,-0.057289,-0.37347,-0.37595,0.061692,0.38995,46,30,-0.46718,-0.17186,0.22461,0.15518,2023-04-30,2026-09-27,23:-0.25 24:-0.57 25:-0.73 26:+0.39,False,False,False,94,-0.29578,1
market,SOYBEAN.c,comm,52,80/20,1,False,68,-0.14738,-1.0317,-1.0393,0.39706,-0.23221,-0.062546,-0.012021,-0.17071,1/4,-0.27425,2025,-0.20885,-0.28224,-0.30924,0.13487,0.92875,0.93565,0.16186,1.1348,35,33,-0.16243,-0.13141,0.12865,0.040898,2023-10-01,2026-09-27,23:-0.01 24:-0.22 25:-0.27 26:+0.02,False,True,False,80,-0.14113,1
group,softs,comm,52,80/20,1,False,261,-0.41158,-4.1242,-4.219,0.39464,-0.47492,-0.34872,-0.27562,-0.43691,0/4,-0.49291,2025,-0.34818,-0.34007,-0.00825,-0.071508,-0.72824,-0.74283,-0.40333,-3.9785,146,115,-0.14886,-0.74511,0.20562,0.059157,2023-04-02,2026-09-27,23:-0.28 24:-0.40 25:-0.49 26:-0.42,False,False,False,317,-0.44476,4
market,SUGAR.c,comm,52,80/20,1,False,38,-0.83513,-3.5152,-3.5624,0.21053,-0.75718,-0.91307,,-0.83513,0/2,-0.91307,2026,-0.83513,-0.67351,-0.44324,-0.16162,-0.69447,-0.70379,-0.39188,-1.5941,27,11,-0.54682,-1.5428,0.52073,0.09916,2025-01-20,2026-09-27,25:-0.76 26:-0.91,False,False,False,47,-0.82667,1
market,COFFEE.c,comm,52,80/20,1,False,89,-0.29766,-1.6541,-1.6634,0.42697,-0.43447,-0.16388,-0.12345,-0.32745,1/4,-0.61556,2024,-0.26448,-0.36145,0.19526,0.063798,0.35504,0.35705,-0.49292,-2.6267,40,49,0.2104,-0.71239,0.10021,0.083668,2023-04-23,2026-09-27,23:-0.12 24:-0.62 25:-0.19 26:+0.25,False,False,False,110,-0.33042,1
market,COCOA.c,comm,52,80/20,1,False,96,-0.18979,-1.1797,-1.1859,0.46875,-0.22594,-0.15363,-0.34627,-0.12536,1/4,-0.41079,2025,-0.19417,-0.042452,0.14701,-0.14734,-0.93071,-0.9356,-0.3368,-2.052,67,29,-0.075202,-0.45452,0.072502,0.023963,2023-04-02,2026-06-22,23:-0.35 24:-0.04 25:-0.41 26:+0.13,False,False,False,114,-0.28162,1
market,COTTON.c,comm,52,80/20,1,False,38,-0.81515,-3.26,-3.3038,0.31579,-1.1806,-0.44966,,-0.81515,0/3,-1.0521,2024,-0.81515,-0.70842,-0.44214,-0.10673,-0.41242,-0.41796,-0.373,-1.4763,12,26,-0.86227,-0.7934,0.47371,0.050653,2024-12-30,2026-09-27,24:-1.05 25:-0.85 26:-0.79,False,False,False,46,-0.73226,1
pooled,commodities15,comm,52,80/20,4,False,721,-0.27917,-2.2634,-2.0949,0.47434,-0.12728,-0.43064,-0.12686,-0.56437,6/20,-1.5276,2010,-0.42863,-0.78214,0.020582,0.50297,4.3524,4.0779,-0.29975,-2.2746,405,316,0.2055,-0.90034,0.42233,0.33852,2007-06-17,2026-09-07,07:-0.73 08:+1.22 09:-0.59 10:-1.53 11:+0.61 12:+0.57 13:-0.79 14:+1.70 15:-0.27 16:-0.36 17:-0.37 18:-0.73 19:-0.47 20:+0.34 21:-0.56 22:+0.50 23:-0.10 24:-0.79 25:-0.59 26:-0.29,False,False,False,2411,-0.35235,15
group,metals,comm,52,80/20,4,False,437,-0.053034,-0.36533,-0.33907,0.50572,-0.11578,0.0094275,-0.0013772,-0.30237,9/20,-1.5276,2010,-0.30408,-0.72172,-0.11276,0.66868,4.842,4.4882,0.059723,0.38559,244,193,0.091661,-0.23596,0.28793,0.21467,2007-06-17,2026-08-30,07:-0.73 08:+1.22 09:-0.59 10:-1.53 11:+0.61 12:+0.57 13:-0.79 14:+1.70 15:-0.27 16:+0.27 17:-0.32 18:-0.81 19:-1.07 20:+0.96 21:-0.11 22:+0.68 23:+0.29 24:+0.06 25:-0.75 26:-0.39,False,True,False,1476,-0.17475,5
market,XAUUSD,comm,52,80/20,4,False,147,-0.066536,-0.25689,-0.25777,0.55782,0.15114,-0.28127,0.13056,-1.3181,10/20,-2.2784,2019,-0.40607,-0.60067,0.17467,0.53414,2.171,2.1784,-0.24121,-0.85471,76,71,0.48501,-0.65693,0.19439,0.17187,2007-06-17,2026-08-30,07:-0.73 08:+0.87 09:-1.54 10:-0.44 11:+0.49 12:+0.87 13:-1.26 14:+2.27 15:-0.07 16:+1.02 17:+0.65 18:-0.78 19:-2.28 20:+0.34 21:+1.42 22:+1.41 23:+1.06 24:-1.18 25:-2.12 26:-1.01,False,False,False,465,-0.21267,1
market,XAGUSD,comm,52,80/20,4,False,121,0.21568,0.7314,0.73444,0.5124,0.1635,0.267,0.24464,0.069443,11/19,-3.7068,2010,0.29414,-0.64706,-0.11384,0.86274,2.9866,2.999,0.32952,1.0791,63,58,0.195,0.23814,0.2258,0.13637,2008-12-07,2026-08-23,08:+3.64 09:+0.23 10:-3.71 11:+0.72 12:+0.16 13:-0.12 14:+1.21 15:+0.92 16:-0.85 17:+0.63 18:-0.60 19:-0.69 20:+3.41 21:-0.06 22:+0.46 23:+1.40 24:-0.39 25:+2.11 26:-0.49,False,True,False,406,0.11967,1
market,XPTUSD,comm,52,80/20,4,False,78,0.29076,0.93735,0.94342,0.53846,-0.24614,0.82766,0.04955,1.7599,6/12,-0.98107,2019,0.49428,-0.73076,-0.50855,1.0215,3.7054,3.7294,0.79931,2.5114,48,30,0.16443,0.49288,0.43295,0.35001,2015-03-29,2026-08-09,15:+0.03 16:-0.45 17:+0.48 18:-0.87 19:-0.98 20:+1.29 21:-0.65 22:-0.33 23:+1.86 24:+1.64 25:+4.98 26:-0.14,False,True,False,266,0.1495,1
market,XPDUSD,comm,52,80/20,4,False,82,-0.63516,-2.0334,-2.0459,0.39024,-0.77659,-0.49372,-0.67325,-0.46501,5/12,-3.1265,2025,-0.51399,-1.0806,-0.34803,0.4454,1.5184,1.5278,-0.28713,-0.85905,55,27,-0.53325,-0.84275,0.42275,0.29973,2015-02-08,2026-08-23,15:-1.54 16:+1.72 17:-1.92 18:-0.96 19:+3.29 20:-0.12 21:-0.90 22:+1.60 23:-1.43 24:+1.37 25:-3.13 26:+0.36,False,False,False,312,-0.76986,1
market,XCUUSD,comm,52,80/20,4,False,9,-1.1209,-1.711,-1.8148,0.33333,-1.4766,-0.83644,,-1.1209,0/2,-2.6041,2025,-1.1209,-0.35462,0.78086,-0.76633,-0.87259,-0.92552,-1.9018,-2.3359,2,7,-2.6723,-0.67772,0.16592,0.018579,2025-03-09,2026-08-23,25:-2.60 26:-0.38,False,False,False,27,-0.26687,1
group,energy,comm,52,80/20,4,False,126,-0.31215,-0.91314,-0.91963,0.44444,-0.71398,0.089672,-0.4117,-0.13903,5/11,-3.4156,2016,0.12185,-0.8182,0.59008,0.50605,1.7439,1.7675,-0.90223,-2.5738,73,53,1.3098,-2.5461,0.94713,0.85299,2016-06-19,2026-08-16,16:-3.42 17:-0.79 18:-0.45 19:+1.47 20:-2.75 21:-1.37 22:+0.23 23:+0.98 24:-1.06 25:+0.37 26:+0.11,False,False,False,390,-0.23149,3
market,USOIL.cash,comm,52,80/20,4,False,42,0.63953,1.2207,1.2355,0.52381,1.1649,0.11414,0.90973,0.24219,5/6,-1.4344,2026,0.63953,0.071709,0.72608,0.56783,1.1227,1.1363,-0.086545,-0.15859,35,7,1.1198,-1.7618,0.82414,0.0371,2021-02-14,2026-07-19,21:+0.41 22:+1.23 23:+0.71 24:+0.56 25:+0.62 26:-1.43,False,False,False,145,0.66457,1
market,UKOIL.cash,comm,52,80/20,4,False,73,-0.84354,-1.7261,-1.7381,0.39726,-1.4072,-0.29512,-1.0123,-0.32774,3/11,-3.4156,2016,-0.77936,-1.323,0.84052,0.47946,1.2056,1.2139,-1.6841,-3.4573,30,43,2.0763,-2.8806,1.0483,1.3461,2016-06-19,2026-08-02,16:-3.42 17:-0.79 18:-0.45 19:+1.47 20:-2.75 21:-2.56 22:-1.21 23:+1.25 24:-2.33 25:-0.48 26:+3.91,False,False,False,207,-0.79773,1
market,NATGAS.cash,comm,52,80/20,4,False,11,-0.41937,-0.59946,-0.62872,0.45455,1.0597,-1.6519,,-0.41937,2/3,-1.6519,2026,-0.41937,-0.86603,-1.5912,0.44666,0.63669,0.66777,1.1718,1.6493,8,3,-0.73371,0.41889,0.74542,0.69559,2024-11-24,2026-08-16,24:+1.00 25:+1.07 26:-1.65,False,True,False,38,-0.56616,1
group,grains,comm,52,80/20,4,False,70,-0.40146,-1.2303,-1.1116,0.48571,-0.55617,-0.24675,-0.55357,-0.36677,1/4,-0.80083,2024,-0.46778,-0.94003,-0.76046,0.53857,1.615,1.4256,0.359,1.0878,36,34,-0.74231,-0.040568,0.37923,0.32665,2023-04-30,2026-08-30,23:-0.55 24:-0.80 25:-0.49 26:+0.39,False,True,False,235,-0.44619,3
market,WHEAT.c,comm,52,80/20,4,False,21,0.32115,0.60088,0.61572,0.52381,0.54738,0.11548,1.5682,0.1133,3/4,-0.38128,2025,0.32115,-0.8204,-0.16709,1.1415,1.9532,2.0015,0.48824,0.89615,9,12,0.085627,0.49779,0.24432,0.13854,2023-04-30,2026-08-30,23:+1.57 24:+0.11 25:-0.38 26:+0.53,False,True,False,67,0.28648,1
market,CORN.c,comm,52,80/20,4,False,26,-0.64296,-1.0734,-1.0947,0.42308,-0.95336,-0.33257,-1.5966,-0.29161,1/4,-1.5966,2023,-0.64296,-1.0178,-1.2931,0.37487,0.63688,0.64949,0.65016,1.0831,16,10,-1.1483,0.16551,0.60268,0.63619,2023-04-30,2026-08-30,23:-1.60 24:-1.35 25:-0.11 26:+1.19,False,True,False,91,-1.0946,1
market,SOYBEAN.c,comm,52,80/20,4,False,23,-0.78823,-1.4715,-1.5046,0.52174,-0.82923,-0.75066,-0.24155,-0.87024,0/4,-1.0496,2024,-0.78823,-0.96132,-0.7001,0.17309,0.31065,0.31763,-0.088137,-0.1567,11,12,-0.82923,-0.75066,0.24981,0.14849,2023-10-01,2026-08-30,23:-0.24 24:-1.05 25:-0.89 26:-0.56,False,False,False,77,-0.31742,1
group,softs,comm,52,80/20,4,False,88,-1.2576,-2.9205,-3.0022,0.35227,-1.5736,-0.94164,-1.2661,-1.2559,0/4,-1.7741,2024,-1.097,-0.90493,0.4886,-0.35267,-0.83708,-0.87118,-1.7462,-3.7433,52,36,-0.15435,-2.8512,0.37259,0.22635,2023-04-02,2026-09-07,23:-1.27 24:-1.77 25:-1.21 26:-0.85,False,False,False,310,-1.2788,4
market,SUGAR.c,comm,52,80/20,4,False,12,-1.2739,-1.4873,-1.5534,0.33333,-0.27661,-2.2712,,-1.2739,0/2,-2.296,2026,-1.2739,-1.3414,-0.91595,0.067544,0.083354,0.08706,-0.35794,-0.36475,9,3,-0.099666,-4.7966,0.5801,0.40106,2025-01-20,2026-09-07,25:-0.54 26:-2.30,False,False,False,44,-2.0939,1
market,COFFEE.c,comm,52,80/20,4,False,31,-0.92974,-1.3804,-1.4032,0.41935,-1.1452,-0.7277,0.30668,-1.2265,2/4,-2.1059,2024,-0.92974,-0.84843,0.71386,-0.081305,-0.12903,-0.13117,-1.6436,-2.2656,16,15,0.43015,-2.3803,0.31469,0.27448,2023-04-23,2026-06-22,23:+0.31 24:-2.11 25:-0.90 26:+0.11,False,False,False,109,-0.9966,1
market,COCOA.c,comm,52,80/20,4,False,32,-1.4083,-1.6887,-1.7157,0.34375,-1.8377,-0.97896,-2.3146,-1.0537,1/4,-2.3146,2023,-1.4083,-0.2339,1.076,-1.1744,-1.4579,-1.4812,-2.4844,-2.8099,22,10,-0.33791,-3.7633,0.16056,0.092921,2023-04-02,2026-06-28,23:-2.31 24:-1.28 25:-2.27 26:+0.91,False,False,False,114,-0.97587,1
market,COTTON.c,comm,52,80/20,4,False,13,-1.6534,-1.4429,-1.5018,0.23077,-1.1538,-2.0815,,-1.6534,0/3,-2.5547,2024,-1.6534,-2.2885,-0.19802,0.63514,0.53414,0.55595,-1.4553,-1.1934,5,8,-1.3155,-1.8645,0.841,0.27876,2024-12-30,2026-09-07,24:-2.55 25:-1.01 26:-1.86,False,False,False,43,-1.9635,1
pooled,commodities15,comm,52,80/20,8,False,419,-0.76249,-2.9795,-3.0165,0.45823,-0.4654,-1.0582,-0.42114,-1.4144,6/20,-4.8648,2010,-0.92262,-1.5615,0.12106,0.79901,3.7076,3.7769,-0.88355,-3.1045,236,183,0.1549,-1.9456,0.77512,0.71829,2007-06-17,2026-08-09,07:+0.41 08:+2.00 09:-1.24 10:-4.86 11:+1.94 12:+1.41 13:-2.22 14:+2.66 15:-1.65 16:-0.72 17:-1.67 18:-0.75 19:-0.68 20:+1.51 21:-0.60 22:-0.67 23:-0.28 24:-2.28 25:-1.29 26:-0.47,False,False,False,2369,-0.70163,15
group,metals,comm,52,80/20,8,False,253,-0.16482,-0.61568,-0.59207,0.50988,-0.35477,0.023637,-0.053674,-0.72318,9/20,-4.8648,2010,-0.4589,-1.2385,-0.17088,1.0736,4.5054,4.3468,0.0060586,0.020671,141,112,-0.0088174,-0.36121,0.49444,0.42574,2007-06-17,2026-08-09,07:+0.41 08:+2.00 09:-1.24 10:-4.86 11:+1.94 12:+1.41 13:-2.22 14:+2.66 15:-1.65 16:+0.45 17:-1.13 18:-0.64 19:-1.43 20:+3.12 21:-0.08 22:+0.15 23:+0.35 24:-0.46 25:-0.58 26:-1.21,False,True,False,1452,-0.32024,5
market,XAUUSD,comm,52,80/20,8,False,87,-0.21277,-0.46545,-0.46815,0.54023,0.21234,-0.62821,0.1575,-3.0638,10/20,-4.6628,2025,-0.21023,-1.1703,0.36106,0.95751,2.394,2.4078,-0.57383,-1.0859,45,42,0.62247,-1.1077,0.36992,0.34337,2007-06-17,2026-06-07,07:+0.41 08:+1.20 09:-3.10 10:-1.48 11:+1.69 12:+1.21 13:-2.94 14:+2.88 15:-0.21 16:+1.18 17:+0.76 18:-0.24 19:-3.15 20:+4.34 21:-0.22 22:+0.33 23:+1.09 24:-2.92 25:-4.66 26:-2.24,False,False,False,464,-0.49987,1
market,XAGUSD,comm,52,80/20,8,False,71,0.3098,0.54477,0.54865,0.56338,0.20627,0.41046,0.4794,-0.72471,13/19,-18.393,2010,0.37904,-0.9547,-0.20243,1.2645,2.4241,2.4414,0.51224,0.82393,39,32,0.3096,0.31005,0.38064,0.29818,2008-12-07,2026-06-28,08:+5.22 09:+0.24 10:-18.39 11:+2.20 12:+1.67 13:-1.50 14:+2.44 15:+0.58 16:-1.73 17:+0.71 18:-0.88 19:+0.30 20:+4.89 21:+0.04 22:+0.77 23:+3.04 24:-1.49 25:+1.49 26:-1.92,False,True,False,402,0.098586,1
market,XPTUSD,comm,52,80/20,8,False,44,0.15014,0.2466,0.24945,0.54545,-0.80892,1.1092,-0.30533,2.1997,5/12,-3.0206,2015,0.15014,-1.4291,-1.1222,1.5793,3.0667,3.1022,1.2723,2.2663,27,17,-0.40364,1.0297,0.74743,0.68876,2015-03-29,2026-08-09,15:-3.02 16:+0.35 17:-1.77 18:-1.87 19:-2.53 20:+4.31 21:-0.54 22:-0.94 23:+2.58 24:+2.06 25:+9.54 26:-1.12,False,True,False,261,0.38182,1
market,XPDUSD,comm,52,80/20,8,False,45,-1.0446,-1.8559,-1.8769,0.37778,-1.1347,-0.95846,-1.1271,-0.66286,7/12,-3.9531,2015,-1.0446,-1.7299,-0.42347,0.68534,1.3292,1.3442,-0.62113,-1.0472,28,17,-1.1284,-0.9066,0.69648,0.57225,2015-05-21,2026-06-22,15:-3.95 16:+2.27 17:-3.59 18:+0.44 19:+1.62 20:-0.17 21:+0.31 22:+0.27 23:-2.97 24:+0.84 25:-3.64 26:+1.55,False,False,False,302,-1.2026,1
market,XCUUSD,comm,52,80/20,8,False,6,-0.79725,-1.263,-1.3835,0.16667,-0.22849,-1.366,,-0.79725,0/2,-1.366,2026,-0.79725,-0.50018,1.3601,-0.29707,-0.51213,-0.56101,-2.1573,-3.7225,2,4,0.58218,-1.487,0.27586,0.10218,2025-03-09,2026-06-28,25:-0.23 26:-1.37,False,False,False,23,-0.39784,1
group,energy,comm,52,80/20,8,False,76,-1.1405,-1.6141,-1.6559,0.43421,-2.3375,0.056399,-1.6446,-0.32357,4/11,-6.6142,2016,-0.90529,-2.0169,1.1739,0.87638,1.7366,1.7772,-2.3144,-3.2074,43,33,2.1292,-5.4011,1.8706,1.8213,2016-06-19,2026-07-19,16:-6.61 17:-4.94 18:-1.11 19:+1.57 20:-6.02 21:-1.69 22:-1.94 23:+1.20 24:-1.86 25:+0.19 26:+0.68,False,False,False,386,-0.72296,3
market,USOIL.cash,comm,52,80/20,8,False,25,1.3078,1.6011,1.6342,0.64,1.4365,1.1889,1.1855,1.4634,6/6,0.79026,2023,1.3078,-0.5086,1.4593,1.8164,2.8517,2.9105,-0.15154,-0.18211,20,5,2.353,-2.8732,1.6996,0.4077,2021-02-14,2026-07-19,21:+1.84 22:+1.01 23:+0.79 24:+1.61 25:+1.04 26:+2.52,False,False,False,145,1.5036,1
market,UKOIL.cash,comm,52,80/20,8,False,44,-2.4055,-2.2431,-2.2691,0.34091,-3.5187,-1.2923,-2.8453,-1.086,4/11,-6.6142,2016,-2.4055,-2.8989,1.5958,0.49346,0.63084,0.63814,-4.0012,-3.6975,18,26,3.3125,-6.364,2.0978,2.7056,2016-06-19,2026-06-22,16:-6.61 17:-4.94 18:-1.11 19:+1.57 20:-6.02 21:-4.51 22:-5.48 23:+1.62 24:-4.38 25:+0.20 26:+4.56,False,False,False,207,-2.1189,1
market,NATGAS.cash,comm,52,80/20,8,False,7,-1.9336,-1.8628,-2.0121,0.28571,0.64874,-3.8704,,-1.9336,1/3,-3.1245,2026,-1.9336,-1.8599,-2.4974,-0.073776,-0.12065,-0.13032,0.56376,0.6023,5,2,-3.026,0.79733,1.0529,1.311,2024-11-24,2026-07-19,24:+0.35 25:-1.50 26:-3.12,False,False,False,34,-1.7197,1
group,grains,comm,52,80/20,8,False,40,-0.80359,-1.5499,-1.5233,0.425,-1.1258,-0.48142,-1.0904,-0.73189,0/4,-1.1088,2024,-0.80359,-1.9261,-1.2121,1.1225,2.273,2.1856,0.40847,0.72675,22,18,-1.2475,-0.26108,0.6562,0.7202,2023-04-30,2026-08-02,23:-1.09 24:-1.11 25:-0.84 26:-0.07,False,True,False,229,-0.90717,3
market,WHEAT.c,comm,52,80/20,8,False,12,0.19333,0.26745,0.27935,0.33333,1.2952,-0.90856,2.3408,-0.23616,2/4,-1.5472,2025,0.19333,-1.5118,-0.061056,1.7051,2.4883,2.5989,0.25439,0.28934,6,6,-0.097044,0.4837,0.42867,0.339,2023-04-30,2026-07-19,23:+2.34 24:+0.77 25:-1.55 26:-0.27,False,True,False,65,0.47746,1
market,CORN.c,comm,52,80/20,8,False,15,-1.317,-1.3051,-1.3509,0.53333,-2.0619,-0.66531,-2.38,-0.9305,1/4,-2.5693,2024,-1.317,-2.117,-2.4803,0.79995,0.82051,0.84931,1.1633,1.1258,10,5,-1.832,-0.28715,1.0419,1.4059,2023-04-30,2026-05-25,23:-2.38 24:-2.57 25:-0.41 26:+1.28,False,True,False,89,-1.9999,1
market,SOYBEAN.c,comm,52,80/20,8,False,13,-1.1314,-1.2942,-1.3471,0.38462,-1.4237,-0.88084,-1.9423,-0.98395,0/4,-1.9423,2023,-1.1314,-2.0884,-0.81114,0.95701,1.125,1.1709,-0.32025,-0.32572,6,7,-1.4237,-0.88084,0.42118,0.2809,2023-10-01,2026-08-02,23:-1.94 24:-1.16 25:-0.63 26:-1.22,False,False,False,75,-0.81049,1
group,softs,comm,52,80/20,8,False,50,-3.1792,-2.7635,-2.7303,0.26,-4.2171,-2.1413,-2.0519,-3.4266,0/4,-6.4533,2024,-3.1792,-2.2121,1.0645,-0.96703,-0.95696,-0.95671,-4.2436,-3.2177,30,20,-0.87704,-6.6324,0.62546,0.52048,2023-04-02,2026-07-26,23:-2.05 24:-6.45 25:-3.10 26:-0.66,False,False,False,302,-2.3522,4
market,SUGAR.c,comm,52,80/20,8,False,7,-3.6195,-2.1541,-2.3267,0.14286,-0.28823,-6.118,,-3.6195,0/2,-7.0469,2026,-3.6195,-2.8692,-2.3334,-0.75037,-0.37373,-0.40367,-1.2861,-0.56856,6,1,-2.4383,-10.707,0.83537,0.96574,2025-01-20,2026-07-12,25:-2.25 26:-7.05,False,False,False,40,-3.8258,1
market,COFFEE.c,comm,52,80/20,8,False,18,-1.5328,-1.3296,-1.3681,0.33333,-1.6351,-1.4306,1.0057,-2.2581,2/4,-4.1282,2024,-1.5328,-1.9947,1.3255,0.46189,0.42207,0.43431,-2.8583,-2.1102,9,9,0.9649,-4.0305,0.61411,0.6089,2023-04-23,2026-05-25,23:+1.01 24:-4.13 25:-2.47 26:+3.97,False,False,False,109,-1.7391,1
market,COCOA.c,comm,52,80/20,8,False,18,-4.5921,-1.5816,-1.6274,0.27778,-8.5256,-0.6586,-4.4979,-4.6284,1/4,-9.8944,2024,-4.5921,-1.4558,2.32,-3.1364,-1.3084,-1.3464,-6.9121,-2.1621,12,6,-0.90358,-11.969,0.29181,0.18226,2023-04-02,2026-06-28,23:-4.50 24:-9.89 25:-4.68 26:+4.24,False,False,False,114,-2.1744,1
market,COTTON.c,comm,52,80/20,8,False,7,-3.339,-3.0217,-3.2638,0.14286,-3.1743,-3.4626,,-3.339,0/3,-3.4626,2026,-3.339,-4.0592,0.56252,0.72021,0.57381,0.61978,-3.9015,-2.1949,3,4,-3.1743,-3.4626,1.3027,0.71758,2024-12-30,2026-07-26,24:-3.20 25:-3.16 26:-3.46,False,False,False,39,-3.0739,1
pooled,commodities15,comm,52,90/10,1,False,1439,-0.11113,-2.8156,-2.5387,0.48714,-0.051579,-0.17059,-0.04334,-0.23611,9/20,-1.5035,2010,-0.18399,-0.23682,-0.10045,0.1257,3.233,2.9435,-0.010673,-0.26633,812,627,-0.023686,-0.22436,0.16808,0.074303,2007-07-01,2026-09-27,07:-0.65 08:+0.26 09:-0.48 10:-1.50 11:-0.11 12:+0.17 13:-0.53 14:+0.63 15:+0.09 16:+0.05 17:+0.20 18:-0.33 19:-0.33 20:+0.03 21:-0.07 22:+0.10 23:+0.03 24:-0.19 25:-0.43 26:-0.12,False,False,False,1562,-0.12387,15
group,metals,comm,52,90/10,1,False,886,-0.04857,-1.0029,-0.85719,0.50564,-0.040777,-0.056363,-0.046336,-0.058631,9/20,-1.5035,2010,-0.057227,-0.2334,-0.11941,0.18483,3.8147,3.2968,0.070837,1.4259,488,398,-0.062602,-0.031364,0.12746,0.050947,2007-07-01,2026-09-27,07:-0.65 08:+0.26 09:-0.48 10:-1.50 11:-0.11 12:+0.17 13:-0.53 14:+0.63 15:+0.09 16:+0.15 17:+0.16 18:-0.25 19:-0.47 20:+0.14 21:-0.15 22:-0.02 23:+0.14 24:+0.03 25:-0.25 26:-0.09,False,True,False,946,-0.064014,5
market,XAUUSD,comm,52,90/10,1,False,287,-0.15075,-1.7272,-1.7302,0.50174,-0.10891,-0.19229,-0.12648,-0.27789,8/20,-0.90418,2019,-0.084953,-0.18061,0.0066703,0.029857,0.34886,0.34947,-0.15742,-1.7609,140,147,-0.0766,-0.22137,0.058993,0.037673,2007-07-01,2026-05-31,07:-0.65 08:+0.18 09:-0.55 10:-0.46 11:+0.31 12:+0.12 13:-0.56 14:+0.79 15:-0.02 16:+0.15 17:+0.62 18:-0.27 19:-0.90 20:-0.57 21:+0.07 22:-0.08 23:+0.72 24:-0.26 25:-0.33 26:-0.26,False,False,False,303,-0.155,1
market,XAGUSD,comm,52,90/10,1,False,243,-0.017934,-0.18911,-0.1895,0.50206,0.021847,-0.05739,0.025899,-0.18295,8/19,-2.5468,2010,-0.089829,-0.19489,-0.10917,0.17696,1.8586,1.8625,0.091235,0.94324,125,118,-0.14093,0.11236,0.11322,0.030878,2008-12-07,2026-08-09,08:+1.15 09:-0.36 10:-2.55 11:-0.37 12:+0.21 13:-0.45 14:+0.54 15:+0.52 16:-0.05 17:+0.52 18:-0.10 19:-0.27 20:+0.43 21:-0.06 22:+0.12 23:+0.20 24:-0.06 25:-0.04 26:-0.31,False,True,False,255,-0.011968,1
market,XPTUSD,comm,52,90/10,1,False,146,0.13691,1.2212,1.2254,0.54795,-0.0020846,0.27591,0.096146,0.46815,9/12,-0.35201,2018,0.18341,-0.27984,-0.26023,0.41675,3.6591,3.6717,0.39714,3.5228,85,61,0.093198,0.19783,0.18386,0.087289,2015-03-29,2026-08-02,15:+0.42 16:+0.04 17:+0.35 18:-0.35 19:-0.06 20:+0.58 21:+0.04 22:-0.04 23:+0.29 24:+0.51 25:+0.67 26:+0.35,False,True,False,161,0.090958,1
market,XPDUSD,comm,52,90/10,1,False,196,-0.071561,-0.70854,-0.71036,0.47959,-0.094309,-0.048813,-0.12706,0.19286,4/11,-0.50648,2021,0.07966,-0.33535,-0.22274,0.26379,2.5974,2.604,0.15118,1.4707,138,58,-0.073414,-0.067153,0.20666,0.072669,2015-02-15,2026-08-02,15:-0.26 16:+0.60 17:-0.18 18:-0.23 20:-0.08 21:-0.51 22:-0.07 23:-0.07 24:+0.34 25:+0.04 26:+0.09,False,True,False,213,-0.11179,1
market,XCUUSD,comm,52,90/10,1,False,14,-0.098105,-0.29124,-0.30224,0.57143,-0.28647,0.090264,,-0.098105,1/2,-2.9136,2025,-0.098105,-0.072387,0.033552,-0.025718,-0.075708,-0.078566,-0.13166,-0.36552,0,14,,-0.098105,0.081036,-0.01172,2025-12-29,2026-09-27,25:-2.91 26:+0.12,False,False,False,14,-0.098105,1
group,energy,comm,52,90/10,1,False,226,-0.064345,-0.56489,-0.53545,0.51327,-0.088015,-0.040675,0.0072582,-0.19758,6/11,-0.6826,2016,-0.1253,-0.15751,0.050168,0.093161,0.87593,0.82296,-0.11451,-1.011,143,83,0.37465,-0.82069,0.28077,0.18289,2016-09-11,2026-09-27,16:-0.68 17:+0.80 18:-0.65 19:+0.16 20:-0.41 21:+0.10 22:+0.27 23:+0.22 24:-0.46 25:-0.51 26:+0.36,False,False,False,237,-0.062273,3
market,USOIL.cash,comm,52,90/10,1,False,87,0.35635,2.2154,2.2282,0.66667,0.41716,0.29691,0.35032,0.3705,6/6,0.086229,2026,0.21226,0.10381,0.14395,0.25253,1.6474,1.6569,0.21239,1.3185,77,10,0.4796,-0.59272,0.20141,-0.029363,2021-03-14,2026-03-29,21:+0.63 22:+0.33 23:+0.20 24:+0.66 25:+0.30 26:+0.09,False,True,False,89,0.37576,1
market,UKOIL.cash,comm,52,90/10,1,False,113,-0.31088,-1.8675,-1.8759,0.45133,-0.30881,-0.31291,-0.23607,-0.54916,5/11,-1.7185,2025,-0.31408,-0.27793,0.15578,-0.032947,-0.21635,-0.21732,-0.46666,-2.8545,47,66,0.54763,-0.92225,0.28968,0.34147,2016-09-11,2026-03-01,16:-0.68 17:+0.80 18:-0.65 19:+0.16 20:-0.41 21:-0.54 22:+0.08 23:+0.26 24:-1.10 25:-1.72 26:+2.31,False,False,False,119,-0.31734,1
market,NATGAS.cash,comm,52,90/10,1,False,26,-0.40056,-1.0748,-1.0961,0.26923,-0.15902,-0.64211,,-0.40056,0/3,-1.0716,2024,-0.40056,-0.50852,-0.72264,0.10796,0.27271,0.27811,0.32208,0.85713,19,7,-0.47855,-0.18887,0.50761,0.20387,2024-11-24,2026-09-27,24:-1.07 25:-0.45 26:-0.29,False,True,False,29,-0.35993,1
group,grains,comm,52,90/10,1,False,135,-0.14513,-1.3408,-1.2066,0.45926,-0.19002,-0.10091,-0.020391,-0.18232,1/4,-0.44884,2024,0.013132,-0.2468,-0.31421,0.10167,0.91525,0.83383,0.16907,1.561,71,64,-0.17567,-0.11126,0.1697,0.077299,2023-04-30,2026-09-27,23:-0.02 24:-0.45 25:-0.22 26:+0.32,False,True,False,159,-0.13375,3
market,WHEAT.c,comm,52,90/10,1,False,44,0.01287,0.066172,0.066937,0.52273,-0.010514,0.036254,0.68837,-0.13724,2/4,-0.51376,2024,0.01287,-0.24705,-0.16303,0.25992,1.2631,1.2777,0.1759,0.90411,23,21,0.21438,-0.20783,0.1349,0.046449,2023-04-30,2026-09-07,23:+0.69 24:-0.51 25:+0.18 26:-0.02,False,True,False,48,0.086548,1
market,CORN.c,comm,52,90/10,1,False,55,-0.33669,-1.8215,-1.8383,0.4,-0.45194,-0.22556,-0.29567,-0.35352,1/4,-0.7434,2025,-0.33669,-0.19674,-0.41488,-0.13995,-0.75988,-0.76688,0.078186,0.41434,28,27,-0.50573,-0.16139,0.22971,0.1226,2023-04-30,2026-09-27,23:-0.30 24:-0.62 25:-0.74 26:+0.56,False,False,False,67,-0.31622,1
market,SOYBEAN.c,comm,52,90/10,1,False,36,-0.045594,-0.27192,-0.27578,0.47222,-0.32509,0.2339,-0.2012,-0.0080345,1/4,-0.2012,2023,-0.045594,-0.32298,-0.34518,0.27738,1.6201,1.6431,0.29958,1.8297,20,16,-0.16213,0.10008,0.12054,0.045795,2023-10-08,2026-09-27,23:-0.20 24:-0.14 25:-0.11 26:+0.74,False,True,False,44,-0.096244,1
group,softs,comm,52,90/10,1,False,192,-0.43094,-3.733,-3.7853,0.39062,-0.38433,-0.47756,-0.24258,-0.46582,0/4,-0.56938,2025,-0.60277,-0.33899,-0.03998,-0.091955,-0.80679,-0.83312,-0.39096,-3.4075,110,82,-0.27078,-0.64579,0.22178,0.052164,2023-04-02,2026-09-27,23:-0.24 24:-0.17 25:-0.57 26:-0.56,False,False,False,220,-0.44046,4
market,SUGAR.c,comm,52,90/10,1,False,30,-0.92953,-4.9568,-5.0416,0.2,-0.85632,-1.0027,,-0.92953,0/2,-1.0716,2026,-0.92953,-0.67928,-0.4642,-0.25025,-1.2579,-1.2794,-0.46534,-2.2862,20,10,-0.85596,-1.0767,0.59373,0.090544,2025-01-26,2026-09-27,25:-0.81 26:-1.07,False,False,False,36,-0.76844,1
market,COFFEE.c,comm,52,90/10,1,False,58,-0.11573,-0.50056,-0.50493,0.48276,-0.29204,0.060576,-0.21554,-0.10203,1/4,-0.31376,2024,-0.11573,-0.27008,0.17423,0.15435,0.69491,0.70098,-0.28996,-1.215,29,29,0.31596,-0.54742,0.097074,0.071551,2023-08-20,2026-06-22,23:-0.22 24:-0.31 25:-0.17 26:+0.57,False,False,False,70,-0.15081,1
market,COCOA.c,comm,52,90/10,1,False,75,-0.22534,-1.2023,-1.2104,0.45333,-0.13359,-0.31468,-0.25082,-0.21408,1/4,-0.485,2025,-0.13896,-0.080265,0.11587,-0.14508,-0.73955,-0.74453,-0.34121,-1.811,52,23,-0.21408,-0.25082,0.07492,0.023411,2023-04-02,2026-06-14,23:-0.25 24:+0.03 25:-0.48 26:-0.13,False,False,False,82,-0.31582,1
market,COTTON.c,comm,52,90/10,1,False,29,-1.0773,-4.0337,-4.1051,0.24138,-1.6365,-0.55543,,-1.0773,0/2,-1.1886,2025,-1.0773,-0.79388,-0.4326,-0.28343,-1.045,-1.0635,-0.6447,-2.3997,9,20,-1.1886,-1.0272,0.46622,0.048049,2025-01-06,2026-09-20,25:-1.19 26:-1.03,False,False,False,32,-1.0245,1
pooled,commodities15,comm,52,90/10,4,False,518,-0.12176,-0.85118,-0.84534,0.49614,-0.046313,-0.19721,-0.012513,-0.32345,9/20,-6.1339,2010,0.22843,-0.7579,-0.019573,0.63614,4.7353,4.5452,-0.10219,-0.67148,290,228,0.2253,-0.5632,0.42912,0.3146,2007-07-01,2026-09-07,07:-1.27 08:+1.60 09:-0.95 10:-6.13 11:+1.39 12:+0.34 13:-0.71 14:+2.03 15:-0.18 16:-0.82 17:+0.45 18:-0.79 19:-0.95 20:+1.57 21:+0.01 22:-0.22 23:+0.37 24:-0.64 25:-0.43 26:+0.17,False,False,False,1539,-0.28701,15
group,metals,comm,52,90/10,4,False,311,0.027386,0.15972,0.15254,0.52733,-0.092158,0.14616,0.032345,0.0057503,9/20,-6.1339,2010,0.0085685,-0.70152,-0.15441,0.72891,4.5545,4.2928,0.18179,0.99097,169,142,-0.0073811,0.068763,0.28826,0.20754,2007-07-01,2026-09-06,07:-1.27 08:+1.60 09:-0.95 10:-6.13 11:+1.39 12:+0.34 13:-0.71 14:+2.03 15:-0.18 16:-0.37 17:+0.22 18:-0.64 19:-1.27 20:+2.39 21:-0.26 22:-0.62 23:+0.98 24:+0.00 25:-0.16 26:+0.09,False,True,False,938,-0.15545,5
market,XAUUSD,comm,52,90/10,4,False,102,-0.10959,-0.36405,-0.36584,0.53922,0.16453,-0.38372,0.088282,-1.1732,10/20,-3.2868,2010,-0.3307,-0.57536,0.12193,0.46577,1.69,1.6983,-0.23152,-0.70197,52,50,0.032925,-0.25781,0.19008,0.16336,2007-07-01,2026-05-24,07:-1.27 08:+1.31 09:-2.16 10:-3.29 11:+2.52 12:+0.16 13:-1.06 14:+3.03 15:+0.40 16:+0.54 17:+1.77 18:-1.17 19:-2.29 20:+1.85 21:+0.60 22:-0.32 23:+2.17 24:-1.09 25:-1.67 26:-1.00,False,False,False,303,-0.32647,1
market,XAGUSD,comm,52,90/10,4,False,85,0.27502,0.79097,0.79566,0.52941,0.10366,0.44239,0.33432,0.019268,10/19,-8.981,2010,0.29074,-0.62019,-0.12431,0.89521,2.7776,2.794,0.39933,1.1186,42,43,0.14008,0.40682,0.21971,0.12075,2008-12-07,2026-07-26,08:+3.64 09:+0.26 10:-8.98 11:+0.45 12:+0.55 13:-0.03 14:+1.28 15:+1.18 16:-0.96 17:+1.69 18:-0.43 19:-0.42 20:+5.16 21:-0.19 22:-1.13 23:+2.24 24:-0.61 25:+3.60 26:-0.37,False,True,False,255,0.23104,1
market,XPTUSD,comm,52,90/10,4,False,57,0.3496,0.8113,0.81851,0.57895,-0.082035,0.76635,0.13068,1.5172,7/12,-2.3601,2016,0.3496,-0.78647,-0.58715,1.1361,2.7318,2.7561,0.93675,2.0469,32,25,-0.083965,0.90457,0.43275,0.34042,2015-03-29,2026-07-26,15:-0.67 16:-2.36 17:+1.18 18:-0.77 19:-0.65 20:+3.80 21:+0.10 22:-1.54 23:+2.30 24:+1.38 25:+1.84 26:+1.76,False,True,False,159,0.066894,1
market,XPDUSD,comm,52,90/10,4,False,62,-0.35099,-1.0668,-1.0755,0.45161,-0.73283,0.030854,-0.575,0.58238,5/11,-1.7722,2015,-0.27719,-0.92811,-0.31248,0.57712,1.8637,1.8789,-0.038511,-0.11023,43,19,-0.14316,-0.82133,0.41914,0.29751,2015-03-29,2026-07-26,15:-1.77 16:+0.89 17:-1.42 18:-0.28 20:+0.24 21:-1.72 22:+0.95 23:-0.57 24:+1.17 25:-1.05 26:+1.06,False,False,False,209,-0.56014,1
market,XCUUSD,comm,52,90/10,4,False,5,-0.36942,-0.46274,-0.51736,0.6,-2.1319,0.80553,,-0.36942,1/2,-2.4679,2025,-0.36942,-0.87989,0.59013,0.51047,0.72587,0.81154,-0.95955,-0.95039,0,5,,-0.36942,0.18616,-0.046581,2025-12-29,2026-09-06,25:-2.47 26:+0.16,False,False,False,12,0.052121,1
group,energy,comm,52,90/10,4,False,93,-0.0032244,-0.0084041,-0.008518,0.51613,-0.35977,0.34574,0.026908,-0.063489,5/11,-3.5593,2016,0.19295,-0.68033,0.51416,0.6771,1.9863,2.0106,-0.51738,-1.3501,57,36,1.3214,-2.1006,0.94408,0.73923,2016-09-11,2026-08-30,16:-3.56 17:+2.93 18:-1.30 19:-0.05 20:-1.71 21:+0.56 22:+0.28 23:+1.11 24:-1.32 25:-0.28 26:+2.32,False,False,False,234,-0.14915,3
market,USOIL.cash,comm,52,90/10,4,False,31,0.89249,1.9387,1.9708,0.58065,1.3885,0.42746,1.2753,-0.043252,4/6,-1.619,2026,0.89249,0.21413,0.67053,0.67836,1.4622,1.4864,0.22196,0.48278,27,4,1.1629,-0.9331,0.77325,-0.090057,2021-03-14,2026-03-15,21:+1.99 22:+1.17 23:+1.03 24:+1.39 25:-0.59 26:-1.62,False,True,False,89,0.95836,1
market,UKOIL.cash,comm,52,90/10,4,False,53,-0.61563,-1.0284,-1.0382,0.4717,-0.90174,-0.34012,-0.65971,-0.48003,3/11,-3.5593,2016,-0.61563,-1.2189,0.77275,0.60328,1.1553,1.1664,-1.3884,-2.4175,24,29,1.7478,-2.5716,1.0766,1.2355,2016-09-11,2026-02-15,16:-3.56 17:+2.93 18:-1.30 19:-0.05 20:-1.71 21:-0.39 22:-1.34 23:+1.21 24:-2.82 25:-1.60 26:+9.95,False,False,False,119,-0.93457,1
market,NATGAS.cash,comm,52,90/10,4,False,9,0.51794,0.83867,0.88955,0.55556,0.92186,0.19479,,0.51794,2/3,-0.51662,2026,0.51794,-0.58957,-1.5473,1.1075,1.4745,1.564,2.0653,3.0226,6,3,0.32924,0.89533,0.7521,0.67301,2024-11-24,2026-08-30,24:+1.00 25:+1.43 26:-0.52,False,True,False,26,-0.34543,1
group,grains,comm,52,90/10,4,False,51,-0.096992,-0.23248,-0.21509,0.4902,-0.2452,0.045513,0.0046022,-0.12825,3/4,-1.0859,2024,-0.096992,-0.92004,-0.7982,0.82305,1.8772,1.7192,0.70121,1.6382,27,24,-0.42586,0.27299,0.38746,0.30907,2023-04-30,2026-09-07,23:+0.00 24:-1.09 25:+0.44 26:+0.82,False,True,False,152,-0.26703,3
market,WHEAT.c,comm,52,90/10,4,False,17,-0.068128,-0.091457,-0.094271,0.47059,0.55034,-0.61788,1.5682,-0.41878,2/4,-1.1903,2026,-0.068128,-0.77267,-0.14815,0.70455,0.92476,0.95322,0.080024,0.098905,8,9,0.38347,-0.46955,0.24569,0.15625,2023-04-30,2026-09-07,23:+1.57 24:-0.06 25:+0.10 26:-1.19,False,True,False,47,0.29079,1
market,CORN.c,comm,52,90/10,4,False,20,-0.57258,-0.85408,-0.87626,0.5,-1.0991,-0.046055,-0.50374,-0.60208,2/4,-2.6023,2024,-0.57258,-1.0541,-1.288,0.48151,0.6806,0.69828,0.7154,1.0363,11,9,-1.1815,0.17168,0.60964,0.52696,2023-04-30,2026-08-30,23:-0.50 24:-2.60 25:+0.58 26:+2.49,False,True,False,64,-0.81299,1
market,SOYBEAN.c,comm,52,90/10,4,False,14,0.54737,0.69848,0.72485,0.5,-0.47697,1.5717,-0.54235,0.84457,3/4,-0.54235,2023,0.54737,-0.9075,-0.88785,1.4549,1.6957,1.7597,1.4352,1.9982,8,6,-0.19615,1.5387,0.2422,0.18335,2023-10-08,2026-09-07,23:-0.54 24:+0.01 25:+0.63 26:+3.36,False,True,False,41,-0.054264,1
group,softs,comm,52,90/10,4,False,63,-1.0531,-2.2191,-2.2748,0.31746,-1.4782,-0.64118,-1.5679,-0.96725,0/4,-1.5679,2023,-0.97315,-1.0195,0.48846,-0.03357,-0.072108,-0.073665,-1.5415,-3.0023,37,26,0.074639,-2.6579,0.39807,0.22078,2023-04-02,2026-09-07,23:-1.57 24:-0.82 25:-1.11 26:-0.91,False,False,False,215,-1.0251,4
market,SUGAR.c,comm,52,90/10,4,False,10,-1.5806,-1.5889,-1.6748,0.3,-0.45699,-2.7042,,-1.5806,0/2,-2.7042,2026,-1.5806,-1.1138,-0.75632,-0.46682,-0.484,-0.51018,-0.82428,-0.71456,7,3,-0.20234,-4.7966,0.78533,0.37692,2025-01-26,2026-09-07,25:-0.46 26:-2.70,False,False,False,33,-1.7572,1
market,COFFEE.c,comm,52,90/10,4,False,22,-0.50209,-0.62879,-0.64358,0.40909,-1.1113,0.10711,-0.091023,-0.5432,1/4,-1.338,2024,-0.50209,-1.2496,0.81028,0.7475,0.93922,0.96133,-1.3124,-1.4999,11,11,1.1244,-2.1286,0.30277,0.27791,2023-08-20,2026-06-07,23:-0.09 24:-1.34 25:-1.13 26:+3.40,False,False,False,70,-0.29119,1
market,COCOA.c,comm,52,90/10,4,False,23,-0.63179,-0.79745,-0.81537,0.30435,-1.1106,-0.19291,-1.9899,-0.037633,2/4,-1.9899,2023,-0.63179,-0.5097,0.92657,-0.1221,-0.15484,-0.15832,-1.5584,-1.7912,16,7,-0.037633,-1.9899,0.16106,0.091347,2023-04-02,2026-06-14,23:-1.99 24:+0.11 25:-0.91 26:+0.85,False,False,False,82,-0.94442,1
market,COTTON.c,comm,52,90/10,4,False,8,-3.1199,-2.0427,-2.1837,0.125,-4.3446,-1.8953,,-3.1199,0/2,-3.4742,2026,-3.1199,-1.7345,-0.10015,-1.3854,-0.92556,-0.98947,-3.0198,-1.8482,3,5,-2.5296,-3.4742,0.85747,0.24062,2025-01-06,2026-08-16,25:-2.53 26:-3.47,False,False,False,30,-2.1529,1
pooled,commodities15,comm,52,90/10,8,False,317,-0.50507,-1.831,-1.7906,0.46372,-0.34292,-0.6662,-0.36277,-0.78832,7/20,-8.5255,2010,-0.16279,-1.3948,0.065284,0.8897,3.6633,3.587,-0.57035,-1.8938,181,136,0.085887,-1.2916,0.77361,0.6115,2007-07-01,2026-08-09,07:-3.60 08:+2.90 09:-2.03 10:-8.53 11:+3.46 12:+1.95 13:-1.56 14:+2.43 15:-1.83 16:-0.90 17:+0.41 18:-0.35 19:-1.79 20:+0.62 21:-0.10 22:-1.38 23:-0.10 24:-1.39 25:-1.09 26:+0.30,False,False,False,1512,-0.57657,15
group,metals,comm,52,90/10,8,False,191,-0.12001,-0.3963,-0.38106,0.50785,-0.228,-0.013137,-0.1146,-0.14591,8/20,-8.5255,2010,0.051569,-1.2137,-0.18657,1.0937,4.2944,4.0999,0.066561,0.20148,105,86,-0.079795,-0.1691,0.49397,0.41143,2007-07-01,2026-08-09,07:-3.60 08:+2.90 09:-2.03 10:-8.53 11:+3.46 12:+1.95 13:-1.56 14:+2.43 15:-1.83 16:+0.21 17:-0.06 18:-0.85 19:-2.05 20:+1.62 21:-0.09 22:-0.48 23:+0.79 24:-0.27 25:+0.20 26:-0.24,False,True,False,927,-0.24476,5
market,XAUUSD,comm,52,90/10,8,False,64,-0.13537,-0.22222,-0.22397,0.53125,0.37061,-0.64135,0.18873,-2.404,8/20,-4.0852,2019,0.11611,-1.1884,0.32131,1.0531,2.0512,2.0675,-0.45668,-0.669,32,32,0.27408,-0.54481,0.36614,0.32712,2007-07-01,2026-04-19,07:-3.60 08:+2.44 09:-3.76 10:-3.08 11:+6.44 12:+1.59 13:-2.48 14:+2.14 15:-0.64 16:+0.54 17:+4.87 18:-2.14 19:-4.09 20:+2.84 21:-0.12 22:-0.57 23:+2.46 24:-1.80 25:-3.71 26:-2.31,False,False,False,303,-0.65685,1
market,XAGUSD,comm,52,90/10,8,False,54,0.16616,0.29534,0.29811,0.53704,0.74709,-0.41477,0.42474,-1.1267,10/19,-13.972,2010,0.16616,-0.91888,-0.067233,1.085,2.237,2.258,0.2334,0.35654,26,28,0.080833,0.2454,0.36336,0.23223,2008-12-07,2026-06-28,08:+5.22 09:-0.30 10:-13.97 11:+0.49 12:+2.40 13:+0.28 14:+2.62 15:+2.52 16:-1.00 17:+1.27 18:-1.21 19:-2.12 20:+3.19 21:-0.31 22:-1.38 23:+2.75 24:-1.64 25:+1.08 26:-1.92,False,True,False,255,0.26977,1
market,XPTUSD,comm,52,90/10,8,False,35,0.27203,0.46074,0.46747,0.51429,-1.1716,1.6355,-0.33294,3.1961,8/12,-4.7697,2015,0.27203,-1.2729,-1.1016,1.5449,3.3546,3.4036,1.3737,2.7892,22,13,-0.05922,0.83261,0.7577,0.7046,2015-03-29,2026-06-28,15:-4.77 16:-1.19 17:+0.64 18:-0.67 19:+0.03 20:+2.12 21:-0.31 22:+0.39 23:+3.21 24:+1.73 25:+9.54 26:+2.71,False,True,False,156,0.38581,1
market,XPDUSD,comm,52,90/10,8,False,35,-0.90538,-1.4318,-1.4527,0.4,-1.554,-0.29283,-1.3619,0.92069,5/11,-5.6987,2015,-0.90538,-1.5892,-0.49772,0.68379,1.2584,1.2767,-0.40766,-0.65272,25,10,-0.71791,-1.3741,0.68082,0.59186,2015-06-07,2026-06-28,15:-5.70 16:+2.33 17:-3.38 18:-0.01 20:+0.20 21:+0.34 22:-0.67 23:-2.35 24:+0.94 25:-0.42 26:+2.23,False,False,False,205,-0.74998,1
market,XCUUSD,comm,52,90/10,8,False,3,-0.35448,-0.4738,-0.58028,0.66667,-1.8498,0.39318,,-0.35448,1/2,-1.8498,2025,-0.35448,-1.9919,1.1364,1.6374,8.1718,10.008,-1.4909,-1.2472,0,3,,-0.35448,0.31544,-0.089496,2025-12-29,2026-08-09,25:-1.85 26:+0.39,False,False,False,8,-0.38771,1
group,energy,comm,52,90/10,8,False,59,-0.71283,-0.84989,-0.86737,0.44068,-1.5183,0.065786,-0.87011,-0.38173,4/11,-8.133,2016,-0.71283,-1.5786,0.95816,0.86574,1.258,1.3122,-1.671,-2.0342,37,22,1.5524,-4.5226,1.8128,1.3699,2016-09-11,2026-08-02,16:-8.13 17:+6.52 18:+0.75 19:-1.07 20:-3.40 21:-0.11 22:-2.44 23:+1.24 24:-2.70 25:-0.96 26:+3.32,False,False,False,230,-0.48778,3
market,USOIL.cash,comm,52,90/10,8,False,18,1.02,1.1509,1.1843,0.61111,1.3135,0.72644,1.2967,0.3005,5/6,-1.7157,2026,1.02,-0.17251,1.3638,1.1925,1.4218,1.463,-0.34384,-0.36022,15,3,1.8183,-2.9717,1.5435,-0.014869,2021-03-14,2026-03-15,21:+2.23 22:+0.86 23:+1.26 24:+1.31 25:+0.64 26:-1.72,False,False,False,89,2.1105,1
market,UKOIL.cash,comm,52,90/10,8,False,34,-1.4853,-1.102,-1.1186,0.38235,-1.3015,-1.669,-1.9134,0.16607,4/11,-8.133,2016,-1.4853,-2.1929,1.4548,0.70763,0.63869,0.64829,-2.9401,-2.2929,17,17,2.5044,-5.4749,2.1059,2.1148,2016-09-11,2026-01-18,16:-8.13 17:+6.52 18:+0.75 19:-1.07 20:-3.40 21:-1.87 22:-6.39 23:+1.22 24:-4.46 25:-2.99 26:+24.97,False,False,False,119,-2.1937,1
market,NATGAS.cash,comm,52,90/10,8,False,7,-1.4168,-1.2855,-1.3885,0.28571,0.94776,-3.1903,,-1.4168,1/3,-2.2177,2026,-1.4168,-2.2103,-2.4974,0.7935,1.0195,1.1012,1.0806,1.0323,5,2,-2.4819,1.2459,1.0814,1.3129,2024-11-24,2026-08-02,24:+0.35 25:-1.21 26:-2.22,False,True,False,22,-1.7712,1
group,grains,comm,52,90/10,8,False,30,-0.15598,-0.21041,-0.19921,0.46667,-0.57098,0.25902,-0.35232,-0.096223,2/4,-1.52,2024,-0.15598,-1.847,-1.2547,1.6911,2.3273,2.1386,1.0987,1.4223,16,14,-1.1889,1.0245,0.67488,0.59954,2023-04-30,2026-08-02,23:-0.35 24:-1.52 25:+0.72 26:+1.33,False,True,False,148,-0.75536,3
market,WHEAT.c,comm,52,90/10,8,False,10,0.33477,0.3731,0.39328,0.4,1.7367,-1.0671,2.3408,-0.16673,2/4,-1.7704,2025,0.33477,-1.5021,0.11704,1.8369,2.1222,2.237,0.21774,0.19392,5,5,0.10374,0.56581,0.4261,0.33804,2023-04-30,2026-08-02,23:+2.34 24:+1.33 25:-1.77 26:-0.60,False,True,False,46,0.94608,1
market,CORN.c,comm,52,90/10,8,False,11,-1.0549,-0.65266,-0.68451,0.45455,-2.5079,0.15592,-0.76965,-1.1619,2/4,-4.5411,2024,-1.0549,-2.0221,-2.4601,0.96722,0.60284,0.63227,1.4052,0.82127,6,5,-2.2773,0.41192,1.1178,1.0517,2023-04-30,2026-05-10,23:-0.77 24:-4.54 25:+1.46 26:+2.98,False,True,False,62,-2.1507,1
market,SOYBEAN.c,comm,52,90/10,8,False,9,0.39745,0.33035,0.35039,0.55556,-1.803,2.1578,-2.4194,1.2023,2/4,-2.4194,2023,0.39745,-2.0163,-1.3056,2.4137,2.0682,2.1936,1.703,1.7076,5,4,-1.1753,2.3634,0.4099,0.33745,2023-10-08,2026-05-10,23:-2.42 24:-0.35 25:+1.89 26:+3.79,False,True,False,40,-0.5493,1
group,softs,comm,52,90/10,8,False,37,-2.4446,-2.5389,-2.5739,0.27027,-3.2359,-1.6949,-3.528,-2.2349,0/4,-3.528,2023,-2.4446,-1.6694,1.0119,-0.77516,-0.77148,-0.78212,-3.4564,-3.0098,23,14,-0.63018,-5.4253,0.64008,0.44456,2023-04-02,2026-07-19,23:-3.53 24:-2.49 25:-2.79 26:-1.27,False,False,False,207,-2.0333,4
market,SUGAR.c,comm,52,90/10,8,False,5,-2.7342,-1.3044,-1.4583,0.2,-0.95464,-3.9205,,-2.7342,0/2,-4.6275,2026,-2.7342,-2.5273,-1.7948,-0.20687,-0.097268,-0.10875,-0.93936,-0.34275,4,1,-0.74098,-10.707,1.1975,0.87412,2025-01-26,2026-07-12,25:-1.47 26:-4.63,False,False,False,29,-4.1688,1
market,COFFEE.c,comm,52,90/10,8,False,13,-1.4885,-0.89816,-0.93483,0.30769,-2.4602,-0.65563,-0.67238,-1.6369,1/4,-3.4469,2025,-1.4885,-1.4777,1.1404,-0.010838,-0.0066596,-0.0069316,-2.6289,-1.4437,7,6,0.66822,-4.0047,0.60803,0.52663,2023-08-20,2026-06-07,23:-0.67 24:-3.35 25:-3.45 26:+6.32,False,False,False,70,-1.1187,1
market,COCOA.c,comm,52,90/10,8,False,14,-2.1572,-1.7295,-1.7947,0.28571,-3.4048,-0.90957,-4.9558,-1.0378,1/4,-4.9558,2023,-2.1572,-0.4631,1.9891,-1.6941,-1.0932,-1.1344,-4.1463,-2.4817,10,4,-1.0378,-4.9558,0.27691,0.19281,2023-04-02,2026-06-14,23:-4.96 24:-1.34 25:-2.91 26:+1.76,False,False,False,82,-1.8823,1
market,COTTON.c,comm,52,90/10,8,False,5,-5.4452,-1.2544,-1.4025,0.2,-2.9151,-7.132,,-5.4452,0/2,-7.132,2026,-5.4452,-4.6875,0.74814,-0.7577,-0.17315,-0.19358,-6.1934,-1.2432,2,3,-2.9151,-7.132,1.1829,0.50655,2025-01-06,2026-07-19,25:-2.92 26:-7.13,False,False,False,26,-2.5901,1
pooled,commodities15,comm,157,80/20,1,True,1697,-0.18808,-5.0923,-4.3269,0.44903,-0.13476,-0.24133,-0.097445,-0.34158,4/18,-0.69587,2010,-0.27286,-0.30569,-0.12831,0.11761,3.2177,2.7403,-0.059771,-1.5782,1072,625,-0.12027,-0.30438,0.18,0.074866,2009-06-14,2026-09-27,09:-0.31 10:-0.70 11:-0.65 12:+0.15 13:-0.43 14:+0.76 15:+0.03 16:+0.03 17:-0.11 18:-0.33 19:-0.04 20:-0.08 21:-0.26 22:-0.08 23:-0.00 24:-0.31 25:-0.62 26:-0.13,False,False,False,1876,-0.20273,15
group,metals,comm,157,80/20,1,True,1033,-0.14697,-3.1737,-2.6446,0.45886,-0.095393,-0.19844,-0.11675,-0.2752,5/18,-0.74904,2025,-0.49855,-0.29974,-0.12884,0.15277,3.3064,2.7843,-0.018123,-0.37784,629,404,-0.12109,-0.18726,0.13955,0.055952,2009-06-14,2026-09-27,09:-0.31 10:-0.70 11:-0.65 12:+0.15 13:-0.43 14:+0.76 15:+0.03 16:+0.04 17:+0.07 18:-0.26 19:-0.20 20:-0.07 21:-0.26 22:-0.15 23:-0.13 24:-0.10 25:-0.75 26:-0.17,False,False,False,1113,-0.15799,5
market,XAUUSD,comm,157,80/20,1,True,291,-0.26627,-2.9574,-2.9625,0.46392,-0.24498,-0.28742,-0.20082,-0.72988,5/17,-4.2265,2026,-0.45278,-0.30379,0.0043547,0.037513,0.42081,0.42153,-0.27063,-2.8902,139,152,-0.055399,-0.45911,0.064405,0.041709,2009-06-14,2026-01-18,09:-0.52 10:-0.54 11:-1.68 12:+0.03 13:-0.46 14:+0.81 15:-0.16 16:+0.23 18:-0.07 19:-0.42 20:-0.74 21:+3.77 22:-0.32 23:+3.06 24:-0.39 25:-1.24 26:-4.23,False,False,False,310,-0.22934,1
market,XAGUSD,comm,157,80/20,1,True,260,-0.057415,-0.56196,-0.56305,0.48462,0.020524,-0.13535,0.018313,-0.34631,8/16,-2.8447,2010,-0.20143,-0.30959,-0.060518,0.25217,2.4969,2.5017,0.0031026,0.029043,124,136,-0.12886,0.007726,0.12818,0.035903,2009-10-11,2025-09-28,09:+0.95 10:-2.84 11:-0.22 12:+0.24 13:-0.39 14:+0.69 15:+0.50 16:-0.18 17:+0.43 18:-0.40 19:+0.91 20:+0.35 22:-0.04 23:+0.83 24:-0.19 25:-0.55,False,True,False,273,-0.075481,1
market,XPTUSD,comm,157,80/20,1,True,159,0.004891,0.047349,0.047499,0.48428,-0.07553,0.084307,-0.028795,0.30596,7/10,-0.61273,2018,0.047391,-0.29299,-0.28196,0.29788,2.8808,2.8899,0.28685,2.7896,122,37,-0.078011,0.27824,0.18688,0.10167,2015-03-29,2024-11-10,15:-0.13 16:+0.24 17:+0.27 18:-0.61 19:+0.03 20:+0.84 21:+0.01 22:-0.20 23:+0.82 24:+0.31,False,True,False,174,-0.046321,1
market,XPDUSD,comm,157,80/20,1,True,290,-0.18929,-2.273,-2.2769,0.42414,-0.1676,-0.21099,-0.19847,-0.15258,2/11,-0.70237,2017,-0.173,-0.30421,-0.256,0.11492,1.3563,1.3587,0.066708,0.78828,244,46,-0.17609,-0.25931,0.20664,0.070741,2015-06-28,2026-04-26,15:-0.02 16:-0.01 17:-0.70 18:+0.35 20:-0.08 21:-0.43 22:-0.06 23:-0.44 24:+0.01 25:-0.58 26:-0.10,False,True,False,319,-0.22281,1
market,XCUUSD,comm,157,80/20,1,True,33,-0.16011,-0.83053,-0.84341,0.39394,-0.27868,-0.048522,,-0.16011,0/2,-2.9136,2025,-0.16011,-0.17967,0.013529,0.019554,0.10378,0.10539,-0.17364,-0.86905,0,33,,-0.16011,0.074173,-0.010745,2025-12-29,2026-09-27,25:-2.91 26:-0.07,False,False,False,37,-0.13536,1
group,energy,comm,157,80/20,1,True,263,-0.081016,-0.76385,-0.83647,0.5057,-0.070907,-0.091048,0.013637,-0.19733,3/11,-1.4247,2017,-0.24251,-0.16832,-0.011335,0.087301,0.85011,0.9201,-0.06968,-0.66384,204,59,0.11962,-0.77474,0.2861,0.10387,2016-11-06,2026-09-27,16:-0.06 17:-1.42 18:-0.66 19:+0.27 20:-0.26 21:-0.32 22:+0.12 23:+0.35 24:-0.09 25:-0.35 26:-0.12,False,False,False,284,-0.10159,3
market,USOIL.cash,comm,157,80/20,1,True,123,0.21268,1.4914,1.4975,0.61789,0.2179,0.20754,0.22023,0.20365,5/5,0.05533,2025,0.19052,0.10799,0.090457,0.10469,0.71374,0.71666,0.12222,0.85805,123,0,0.21268,,0.20651,-0.10917,2022-02-27,2026-07-26,22:+0.20 23:+0.25 24:+0.17 25:+0.06 26:+0.87,False,True,False,131,0.19673,1
market,UKOIL.cash,comm,157,80/20,1,True,101,-0.23003,-1.268,-1.2744,0.48515,-0.34212,-0.12014,-0.16382,-0.45459,3/11,-1.4247,2017,-0.046953,-0.33619,0.14237,0.10615,0.62329,0.6264,-0.37241,-2.0674,48,53,0.43765,-0.83473,0.29596,0.31614,2016-11-06,2026-09-27,16:-0.06 17:-1.42 18:-0.66 19:+0.27 20:-0.26 21:-0.32 22:-0.49 23:+0.53 24:-1.39 25:-1.10 26:+1.62,False,False,False,109,-0.26145,1
market,NATGAS.cash,comm,157,80/20,1,True,39,-0.62137,-2.2465,-2.2758,0.20513,-0.32807,-0.90001,,-0.62137,1/3,-0.71631,2026,-0.62137,-0.605,-0.73044,-0.016372,-0.05999,-0.060774,0.10907,0.39681,33,6,-0.68982,-0.2449,0.51155,0.22601,2024-11-24,2026-09-27,24:+0.11 25:-0.54 26:-0.72,False,False,False,44,-0.59375,1
group,grains,comm,157,80/20,1,True,182,-0.13744,-1.4029,-1.1283,0.42857,-0.25426,-0.020623,0.0058056,-0.18589,2/4,-0.34324,2025,-0.030336,-0.31169,-0.29334,0.17425,1.7801,1.4387,0.1559,1.5863,122,60,-0.19817,-0.013965,0.14712,0.11401,2023-04-30,2026-09-27,23:+0.01 24:-0.32 25:-0.34 26:+0.03,False,True,False,211,-0.10201,3
market,WHEAT.c,comm,157,80/20,1,True,52,0.039695,0.20067,0.20262,0.53846,0.10501,-0.025625,0.64173,-0.12183,1/4,-0.25333,2024,0.039695,-0.27434,-0.14766,0.31403,1.6126,1.6284,0.18736,0.95083,31,21,0.11724,-0.074775,0.14067,0.054706,2023-04-30,2026-09-27,23:+0.64 24:-0.25 25:-0.16 26:-0.07,False,True,False,60,0.07155,1
market,CORN.c,comm,157,80/20,1,True,71,-0.21052,-1.3561,-1.3657,0.39437,-0.38083,-0.044936,-0.22848,-0.20135,1/4,-0.72532,2025,-0.26782,-0.27668,-0.41299,0.066162,0.42797,0.43102,0.20247,1.2826,55,16,-0.33989,0.23422,0.17754,0.21016,2023-05-07,2026-09-27,23:-0.23 24:-0.34 25:-0.73 26:+0.49,False,True,False,83,-0.17999,1
market,SOYBEAN.c,comm,157,80/20,1,True,59,-0.20562,-1.2656,-1.2765,0.37288,-0.36824,-0.048421,-0.11896,-0.22548,0/4,-0.31232,2024,-0.20562,-0.38673,-0.27775,0.18111,1.0903,1.0996,0.07213,0.44293,36,23,-0.25323,-0.13109,0.1162,0.050577,2023-09-24,2026-09-27,23:-0.12 24:-0.31 25:-0.16 26:-0.13,False,True,False,68,-0.15997,1
group,softs,comm,157,80/20,1,True,219,-0.55266,-5.3239,-5.4692,0.3516,-0.58566,-0.51995,-0.21545,-0.62801,0/4,-0.94985,2024,-0.10002,-0.49374,-0.12911,-0.058911,-0.5656,-0.59014,-0.42355,-3.9155,117,102,-0.45291,-0.66707,0.27067,0.096726,2023-04-02,2026-09-27,23:-0.22 24:-0.95 25:-0.81 26:-0.23,False,False,False,268,-0.57498,4
market,SUGAR.c,comm,157,80/20,1,True,40,-0.59476,-2.828,-2.864,0.3,-0.64065,-0.54888,,-0.59476,0/2,-0.76736,2025,-0.59476,-0.59019,-0.56897,-0.0045733,-0.023036,-0.023329,-0.025796,-0.12518,37,3,-0.53571,-1.323,0.53558,0.13007,2025-01-06,2026-09-27,25:-0.77 26:-0.19,False,False,False,52,-0.70976,1
market,COFFEE.c,comm,157,80/20,1,True,56,-0.57838,-2.5041,-2.5268,0.375,-0.2943,-0.86245,0.20675,-0.74906,1/3,-0.77292,2024,-0.57838,-0.45547,0.35724,-0.12291,-0.52331,-0.52804,-0.93562,-3.9418,10,46,0.20675,-0.74906,0.10019,0.13754,2023-07-23,2025-03-30,23:+0.21 24:-0.77 25:-0.62,False,False,False,67,-0.53502,1
market,COCOA.c,comm,157,80/20,1,True,72,-0.4234,-2.2376,-2.2533,0.40278,-0.53769,-0.30911,-0.35618,-0.47142,0/4,-3.2159,2024,-0.41784,-0.33791,0.0454,-0.08549,-0.4536,-0.45678,-0.4688,-2.3825,39,33,-0.2603,-0.61616,0.092015,0.015198,2023-04-02,2026-09-27,23:-0.36 24:-3.22 25:-1.04 26:-0.06,False,False,False,85,-0.49392,1
market,COTTON.c,comm,157,80/20,1,True,51,-0.67386,-3.4722,-3.5068,0.29412,-0.75105,-0.59964,,-0.67386,0/3,-1.0521,2024,-0.67386,-0.68013,-0.5645,0.0062671,0.030982,0.031291,-0.10936,-0.56735,31,20,-0.80918,-0.46411,0.50232,0.14086,2024-12-30,2026-09-27,24:-1.05 25:-0.83 26:-0.47,False,False,False,64,-0.61495,1
pooled,commodities15,comm,157,80/20,4,True,529,-0.63534,-4.4574,-4.2467,0.43478,-0.60075,-0.6698,-0.52675,-0.81836,3/18,-2.2353,2010,0.10746,-0.94353,-0.073343,0.30819,2.3218,2.2006,-0.562,-3.6145,331,198,-0.22473,-1.3218,0.43686,0.32165,2009-06-14,2026-09-07,09:-1.09 10:-2.24 11:-0.53 12:+0.29 13:-1.24 14:+1.96 15:-0.62 16:-0.10 17:-0.25 18:-0.77 19:-0.26 20:-0.88 21:-0.97 22:-0.84 23:-0.29 24:-1.01 25:-1.50 26:+0.20,False,False,False,1846,-0.61339,15
group,metals,comm,157,80/20,4,True,312,-0.4785,-2.7607,-2.5987,0.45513,-0.24322,-0.71378,-0.32527,-1.1356,5/18,-3.65,2025,-1.2081,-0.90749,-0.15061,0.42899,2.5689,2.4034,-0.32789,-1.6728,189,123,-0.23018,-0.86007,0.29697,0.2249,2009-06-14,2026-09-06,09:-1.09 10:-2.24 11:-0.53 12:+0.29 13:-1.24 14:+1.96 15:-0.62 16:+0.30 17:+0.36 18:-0.40 19:-0.87 20:+0.12 21:-0.62 22:-0.51 23:-0.37 24:-0.03 25:-3.65 26:-0.34,False,False,False,1107,-0.41947,5
market,XAUUSD,comm,157,80/20,4,True,91,-0.83658,-2.1987,-2.2109,0.49451,-0.78037,-0.89158,-0.45436,-3.3529,4/16,-7.4548,2025,-0.50939,-1.0358,0.17201,0.19917,0.5483,0.55134,-1.0086,-2.3352,43,48,0.22252,-1.7854,0.19909,0.16731,2009-06-14,2026-01-18,09:-1.36 10:-1.86 11:-2.80 12:+0.52 13:-1.47 14:+2.14 15:-0.14 16:+1.07 18:-0.14 19:-1.54 20:-0.29 22:-0.90 23:+7.37 24:-0.88 25:-7.45 26:-4.25,False,False,False,310,-0.74675,1
market,XAGUSD,comm,157,80/20,4,True,81,-0.15053,-0.42735,-0.43001,0.45679,0.037147,-0.33364,0.17255,-1.3668,9/16,-5.2019,2010,-0.14305,-0.90391,0.080083,0.75337,2.1791,2.1927,-0.23062,-0.54776,39,42,-0.087608,-0.20897,0.2472,0.14699,2009-10-11,2025-09-28,09:+0.81 10:-5.20 11:+0.83 12:+0.06 13:-0.85 14:+1.77 15:+0.96 16:-0.91 17:+1.96 18:-0.86 19:+3.36 20:+1.91 22:-0.67 23:+4.32 24:-0.55 25:-2.28,False,False,False,273,-0.051339,1
market,XPTUSD,comm,157,80/20,4,True,49,-0.10845,-0.28781,-0.29079,0.44898,-0.48988,0.25772,-0.29101,1.498,5/10,-1.632,2018,-0.10845,-0.93895,-0.74826,0.8305,2.3316,2.3558,0.63981,1.737,38,11,-0.27243,0.45803,0.44238,0.40931,2015-03-29,2024-10-20,15:-1.62 16:+0.48 17:+1.43 18:-1.63 19:-0.74 20:+1.94 21:+0.86 22:-0.24 23:-0.28 24:+1.50,False,True,False,174,-0.17552,1
market,XPDUSD,comm,157,80/20,4,True,82,-0.63071,-2.2292,-2.2429,0.41463,-0.5646,-0.69682,-0.67631,-0.44263,4/11,-2.9699,2017,-0.65285,-0.76531,-0.44674,0.1346,0.49524,0.49829,-0.18397,-0.61177,69,13,-0.5696,-0.95506,0.38154,0.28496,2015-06-28,2026-04-05,15:-1.35 16:+0.87 17:-2.97 18:+3.05 20:-0.34 21:-1.16 22:-0.41 23:-1.43 24:+0.31 25:-2.87 26:+0.54,False,False,False,316,-0.54041,1
market,XCUUSD,comm,157,80/20,4,True,9,-0.43751,-0.67031,-0.71097,0.44444,-0.50211,-0.38583,,-0.43751,0/2,-2.4679,2025,-0.43751,-0.7669,0.46297,0.32939,0.48462,0.51402,-0.90048,-1.2346,0,9,,-0.43751,0.17227,-0.042885,2025-12-29,2026-09-06,25:-2.47 26:-0.18,False,False,False,34,-0.51571,1
group,energy,comm,157,80/20,4,True,90,-0.54597,-1.1626,-1.1819,0.5,-1.7091,0.61712,-1.2388,0.35998,4/11,-5.8661,2020,0.49211,-0.46211,0.36425,-0.083864,-0.20545,-0.2063,-0.91022,-1.971,64,26,0.58835,-3.3382,0.93073,0.52443,2016-11-06,2026-09-06,16:-5.51 17:-4.51 18:-2.49 19:+0.79 20:-5.87 21:-2.72 22:-1.66 23:+1.33 24:-0.49 25:+0.18 26:+1.37,False,False,False,278,-0.52053,3
market,USOIL.cash,comm,157,80/20,4,True,35,0.78571,2.0793,2.1096,0.65714,0.5323,1.025,0.45093,1.1833,5/5,0.051436,2022,0.78571,0.63226,0.56607,0.15346,0.39335,0.39909,0.21965,0.59694,35,0,0.78571,,0.77308,-0.42995,2022-02-27,2026-07-12,22:+0.05 23:+1.00 24:+1.15 25:+0.65 26:+3.42,False,True,False,131,0.58491,1
market,UKOIL.cash,comm,157,80/20,4,True,43,-1.5384,-1.7313,-1.7518,0.44186,-2.6879,-0.44115,-2.242,0.50844,3/11,-7.914,2022,-1.5384,-1.198,0.75028,-0.34042,-0.43814,-0.44332,-2.2887,-2.6732,20,23,1.0876,-3.8219,1.1076,1.2406,2016-11-06,2026-09-06,16:-5.51 17:-4.51 18:-2.49 19:+0.79 20:-5.87 21:-2.72 22:-7.91 23:+1.76 24:-3.32 25:-1.60 26:+8.42,False,False,False,106,-1.7073,1
market,NATGAS.cash,comm,157,80/20,4,True,12,-0.87382,-1.2462,-1.3016,0.25,0.013098,-1.7607,,-0.87382,2/3,-2.2343,2026,-0.87382,-1.0171,-1.6077,0.14329,0.21644,0.22607,0.73383,1.0489,9,3,-1.2887,0.37068,0.75658,0.74173,2024-11-24,2026-08-16,24:+1.00 25:+1.04 26:-2.23,False,True,False,41,-0.98436,1
group,grains,comm,157,80/20,4,True,58,-0.57746,-1.7869,-1.5634,0.43103,-1.2564,0.10146,-0.7782,-0.50743,1/4,-1.3546,2024,-0.57746,-1.2429,-0.69724,0.66549,2.0339,1.7542,0.11978,0.35456,40,18,-0.8843,0.10441,0.35564,0.45548,2023-04-30,2026-08-23,23:-0.78 24:-1.35 25:+0.22 26:-0.08,False,True,False,202,-0.50257,3
market,WHEAT.c,comm,157,80/20,4,True,17,0.24073,0.42184,0.43482,0.47059,0.96359,-0.40181,1.2636,-0.073994,2/4,-0.18738,2026,0.24073,-1.1914,-0.10462,1.4321,2.5992,2.6792,0.34535,0.55204,11,6,0.47424,-0.18738,0.27085,0.24735,2023-04-30,2026-08-23,23:+1.26 24:+0.56 25:-0.07 26:-0.19,False,True,False,57,-0.091316,1
market,CORN.c,comm,157,80/20,4,True,23,-0.98628,-1.722,-1.7607,0.3913,-2.1544,0.084476,-1.8482,-0.5266,2/4,-1.8872,2024,-0.98628,-1.1281,-1.2922,0.14184,0.24285,0.24831,0.30588,0.52096,18,5,-1.6752,1.4938,0.51012,0.80825,2023-05-07,2026-08-23,23:-1.85 24:-1.89 25:+0.78 26:+1.36,False,True,False,80,-0.65251,1
market,SOYBEAN.c,comm,157,80/20,4,True,18,-0.8278,-1.6796,-1.7283,0.44444,-1.2896,-0.36604,-0.64727,-0.86391,0/4,-1.0616,2024,-0.8278,-1.4384,-0.49676,0.61058,1.1768,1.2109,-0.33105,-0.60664,11,7,-0.94864,-0.63792,0.23833,0.20128,2023-09-24,2026-08-23,23:-0.65 24:-1.06 25:-0.35 26:-0.69,False,False,False,65,-0.67867,1
group,softs,comm,157,80/20,4,True,69,-1.5098,-4.2699,-4.2472,0.26087,-2.1574,-0.88061,-1.3645,-1.5435,1/4,-3.1038,2024,-1.5353,-1.4828,0.22972,-0.026988,-0.083257,-0.082374,-1.7395,-4.244,38,31,-0.87279,-2.2906,0.49355,0.38213,2023-04-02,2026-09-07,23:-1.36 24:-3.10 25:-1.89 26:+0.03,False,False,False,259,-1.6283,4
market,SUGAR.c,comm,157,80/20,4,True,14,-1.4336,-2.5278,-2.6232,0.21429,-2.1842,-0.68304,,-1.4336,1/2,-2.0255,2025,-1.4336,-1.3709,-1.1668,-0.062671,-0.12804,-0.13287,-0.26682,-0.52873,13,1,-1.2996,-3.1765,0.78838,0.49792,2025-01-06,2026-09-07,25:-2.03 26:+0.05,False,False,False,49,-1.7477,1
market,COFFEE.c,comm,157,80/20,4,True,18,-1.6318,-2.0438,-2.103,0.27778,-0.82473,-2.4388,0.77329,-2.3189,1/3,-2.5122,2024,-1.6318,-1.7081,1.3015,0.076305,0.10687,0.10997,-2.9332,-3.3739,4,14,0.77329,-2.3189,0.31463,0.49849,2023-07-23,2025-03-02,23:+0.77 24:-2.51 25:-1.16,False,False,False,67,-1.8689,1
market,COCOA.c,comm,157,80/20,4,True,21,-1.8406,-2.4006,-2.4599,0.33333,-3.1584,-0.64266,-2.3146,-1.4851,1/4,-10.752,2024,-1.8406,-1.1626,0.87773,-0.67798,-0.99647,-1.0211,-2.7183,-3.1243,11,10,-0.64266,-3.1584,0.20033,0.052493,2023-04-02,2026-08-23,23:-2.31 24:-10.75 25:-3.86 26:+0.56,False,False,False,82,-1.7607,1
market,COTTON.c,comm,157,80/20,4,True,16,-1.005,-1.7475,-1.8048,0.1875,-0.97356,-1.0364,,-1.005,0/3,-2.5547,2024,-1.005,-1.7474,-0.60456,0.74245,1.2826,1.3246,-0.40041,-0.66181,10,6,-1.2296,-0.63064,0.8217,0.58255,2024-12-30,2026-09-07,24:-2.55 25:-1.17 26:-0.60,False,False,False,61,-1.0902,1
pooled,commodities15,comm,157,80/20,8,True,307,-1.4291,-4.6814,-4.4772,0.40065,-1.3309,-1.5267,-1.1497,-1.9296,3/18,-5.2402,2010,-1.4619,-1.8182,-0.094183,0.38905,1.4517,1.4094,-1.335,-3.9003,189,118,-0.55896,-2.8229,0.77774,0.68785,2009-06-14,2026-08-09,09:-2.71 10:-5.24 11:-0.17 12:-0.08 13:-3.79 14:+2.41 15:-1.08 16:+0.01 17:-2.35 18:-0.96 19:-1.06 20:-1.48 21:-1.75 22:-1.04 23:-0.86 24:-2.54 25:-3.33 26:+1.29,False,False,False,1816,-1.1158,15
group,metals,comm,157,80/20,8,True,184,-0.96791,-2.918,-2.7929,0.44565,-0.89357,-1.0422,-0.73961,-2.0125,2/18,-5.2852,2025,-1.4209,-1.645,-0.26781,0.67714,2.2446,2.138,-0.70009,-1.7925,110,74,-0.35336,-1.8814,0.51732,0.45712,2009-06-14,2026-06-28,09:-2.71 10:-5.24 11:-0.17 12:-0.08 13:-3.79 14:+2.41 15:-1.08 16:+0.85 17:-0.50 18:-0.25 19:-1.63 20:-0.23 21:-0.85 22:-0.61 23:-0.41 24:-0.45 25:-5.29 26:-1.11,False,False,False,1099,-0.6356,5
market,XAUUSD,comm,157,80/20,8,True,55,-1.63,-2.3057,-2.3269,0.36364,-1.6781,-1.5837,-1.0553,-5.5713,5/16,-9.7984,2025,-1.63,-1.9711,0.40632,0.34106,0.53862,0.54359,-2.0363,-2.4047,26,29,0.52913,-3.5658,0.38301,0.34301,2009-06-14,2026-01-18,09:-3.09 10:-2.85 11:-2.27 12:+0.44 13:-4.18 14:+2.95 15:-0.98 16:+1.18 18:+0.82 19:-4.71 20:-1.79 22:-0.32 23:+11.61 24:-3.80 25:-9.80 26:-4.22,False,False,False,310,-1.1653,1
market,XAGUSD,comm,157,80/20,8,True,51,-0.5885,-0.84265,-0.85104,0.52941,-0.8148,-0.37091,-0.14851,-2.6418,7/16,-17.194,2010,-0.5885,-1.5091,-0.085858,0.92055,1.4355,1.4498,-0.50264,-0.59031,25,26,-0.32673,-0.8402,0.41876,0.30951,2009-10-11,2025-08-31,09:-1.20 10:-17.19 11:+1.94 12:-0.47 13:-3.31 14:+1.87 15:+2.21 16:-1.13 17:+0.71 18:-1.00 19:+7.59 20:+4.98 22:-1.15 23:+1.64 24:-1.25 25:-4.38,False,False,False,273,-0.18802,1
market,XPTUSD,comm,157,80/20,8,True,30,-0.50112,-0.83601,-0.8503,0.53333,-1.2384,0.23619,-0.87315,1.9171,4/9,-3.7378,2015,-0.50112,-1.7432,-1.3417,1.242,2.4117,2.4529,0.84053,1.6187,23,7,-0.86172,0.68371,0.8041,0.83157,2015-03-29,2024-09-22,15:-3.74 16:+2.03 17:+1.57 18:-3.40 19:-0.60 21:+1.65 22:-0.90 23:-0.81 24:+1.92,False,True,False,174,-0.30775,1
market,XPDUSD,comm,157,80/20,8,True,44,-0.85109,-1.4855,-1.5027,0.43182,-0.64253,-1.0597,-0.91686,-0.59534,4/11,-6.0148,2017,-0.85109,-1.3575,-0.7067,0.50642,0.92519,0.93588,-0.14439,-0.23414,36,8,-0.68441,-1.6011,0.6241,0.56464,2015-06-28,2026-03-01,15:-2.29 16:+2.45 17:-6.01 18:+4.71 20:-0.31 21:-1.69 22:-0.30 23:-2.31 24:+1.15 25:-4.63 26:+2.77,False,False,False,312,-0.65097,1
market,XCUUSD,comm,157,80/20,8,True,4,-1.487,-2.8744,-3.3191,0,-0.96554,-2.0084,,-1.487,0/2,-1.8498,2025,-1.487,-1.3228,1.0245,-0.16417,-0.26859,-0.31014,-2.5115,-3.6976,0,4,,-1.487,0.29533,-0.083009,2025-12-29,2026-06-28,25:-1.85 26:-1.37,False,False,False,30,-0.97631,1
group,energy,comm,157,80/20,8,True,52,-1.1755,-1.3475,-1.3907,0.42308,-3.3704,1.0193,-2.4772,0.59953,3/11,-13.383,2016,-1.1755,-1.2132,0.73851,0.03771,0.056946,0.058838,-1.914,-2.2418,35,17,1.0116,-5.6784,1.7813,1.2352,2016-11-06,2026-07-19,16:-13.38 17:-10.67 18:-4.02 19:+0.09 20:-5.64 21:-5.33 22:-1.99 23:+2.24 24:-0.59 25:-0.33 26:+4.12,False,False,False,273,-0.91448,3
market,USOIL.cash,comm,157,80/20,8,True,19,1.3271,1.8509,1.9016,0.63158,0.82009,1.7834,0.68674,2.0386,4/5,-0.49712,2022,1.3271,1.2612,1.0379,0.065834,0.09894,0.10165,0.28915,0.43392,19,0,1.3271,,1.5096,-0.84713,2022-02-27,2026-07-12,22:-0.50 23:+2.46 24:+1.86 25:+1.25 26:+6.50,False,True,False,131,1.7588,1
market,UKOIL.cash,comm,157,80/20,8,True,26,-2.8054,-1.791,-1.8264,0.30769,-4.8725,-0.73828,-4.0592,1.3742,3/11,-13.383,2016,-2.8054,-2.9444,1.3909,0.13907,0.11258,0.11481,-4.1963,-2.7962,11,15,2.3774,-6.6061,2.166,2.7285,2016-11-06,2026-02-01,16:-13.38 17:-10.67 18:-4.02 19:+0.09 20:-5.64 21:-5.33 22:-6.49 23:+1.93 24:-3.36 25:-2.99 26:+24.29,False,False,False,105,-3.6965,1
market,NATGAS.cash,comm,157,80/20,8,True,7,-1.9146,-1.6612,-1.7944,0.28571,0.97012,-4.0782,,-1.9146,1/3,-3.4016,2026,-1.9146,-1.4995,-2.4974,-0.41511,-0.6338,-0.68458,0.58277,0.55557,5,2,-3.1922,1.2794,1.0901,1.3411,2024-11-24,2026-07-19,24:+0.35 25:-1.18 26:-3.40,False,False,False,37,-2.4847,1
group,grains,comm,157,80/20,8,True,33,-1.7343,-2.4281,-2.3381,0.33333,-3.1629,-0.38982,-2.2937,-1.5246,1/4,-2.6305,2024,-1.7343,-2.1356,-1.2497,0.40126,0.56247,0.53127,-0.48466,-0.66739,23,10,-2.4525,-0.082545,0.65106,0.9217,2023-04-30,2026-07-26,23:-2.29 24:-2.63 25:-2.06 26:+0.26,False,False,False,193,-1.4459,3
market,WHEAT.c,comm,157,80/20,8,True,10,-0.13314,-0.11024,-0.1162,0.4,0.66235,-0.92864,0.094413,-0.23067,2/4,-2.1578,2025,-0.13314,-1.9998,0.061455,1.8667,1.4986,1.5797,-0.1946,-0.14816,7,3,-0.074538,-0.26989,0.44558,0.53468,2023-04-30,2026-07-19,23:+0.09 24:+5.67 25:-2.16 26:-0.27,False,False,False,54,-0.52975,1
market,CORN.c,comm,157,80/20,8,True,13,-2.7688,-2.1959,-2.2855,0.30769,-4.3424,-1.4201,-3.9559,-2.2412,2/4,-4.8569,2024,-2.7688,-2.2046,-2.4805,-0.56421,-0.49208,-0.51217,-0.28833,-0.2194,10,3,-4.3094,2.3665,0.98055,1.6262,2023-05-07,2026-05-17,23:-3.96 24:-4.86 25:+0.53 26:+1.53,False,False,False,77,-1.9867,1
market,SOYBEAN.c,comm,157,80/20,8,True,10,-1.9907,-1.7293,-1.8229,0.3,-2.1854,-1.7959,-2.5515,-1.8504,0/4,-6.9526,2025,-1.9907,-2.1816,-0.96073,0.19096,0.14382,0.1516,-1.0299,-0.86399,6,4,-2.1319,-1.7788,0.42819,0.39288,2023-09-24,2026-07-26,23:-2.55 24:-1.92 25:-6.95 26:-0.05,False,False,False,62,-1.5723,1
group,softs,comm,157,80/20,8,True,38,-3.7445,-2.9641,-2.9759,0.21053,-5.5793,-1.9097,-2.835,-3.9499,1/4,-8.8327,2024,-3.7445,-3.2087,0.61053,-0.53577,-0.45756,-0.45868,-4.355,-3.0237,21,17,-2.1796,-5.6776,0.7754,0.85292,2023-04-02,2026-08-09,23:-2.84 24:-8.83 25:-4.55 26:+2.06,False,False,False,251,-3.1831,4
market,SUGAR.c,comm,157,80/20,8,True,7,-3.7907,-5.9863,-6.4659,0,-3.7623,-3.812,,-3.7907,0/2,-3.858,2025,-3.7907,-3.1249,-3.0066,-0.66581,-0.7015,-0.75771,-0.78411,-0.89732,7,0,-3.7907,,1.0662,1.1069,2025-01-06,2026-03-01,25:-3.86 26:-3.39,False,False,False,48,-3.2873,1
market,COFFEE.c,comm,157,80/20,8,True,10,-2.947,-2.7811,-2.9315,0.2,-1.2157,-4.6783,1.3222,-4.0143,1/3,-4.1282,2024,-2.947,-3.3922,2.3812,0.44513,0.4182,0.44082,-5.3282,-3.8743,2,8,1.3222,-4.0143,0.64391,1.1369,2023-07-23,2025-03-30,23:+1.32 24:-4.13 25:-3.67,False,False,False,67,-3.5178,1
market,COCOA.c,comm,157,80/20,8,True,12,-6.4558,-1.7387,-1.8161,0.25,-10.864,-2.0477,-4.4979,-7.8544,1/4,-42.694,2024,-6.4558,-3.373,1.9118,-3.0829,-0.9062,-0.94649,-8.3676,-2.0458,6,6,-2.0477,-10.864,0.37101,0.11791,2023-04-02,2026-06-28,23:-4.50 24:-42.69 25:-8.34 26:+4.24,False,False,False,79,-3.9804,1
market,COTTON.c,comm,157,80/20,8,True,9,-0.97959,-0.69549,-0.73768,0.33333,-2.2595,0.044349,,-0.97959,1/3,-3.1983,2024,-0.97959,-2.8512,-0.27858,1.8716,1.447,1.5348,-0.70101,-0.61375,6,3,-1.5992,0.25953,1.2345,1.3199,2024-12-30,2026-08-09,24:-3.20 25:-3.19 26:+1.78,False,False,False,57,-1.597,1
pooled,commodities15,comm,157,90/10,1,False,958,-0.12805,-2.7001,-2.4317,0.46451,-0.074283,-0.18182,-0.077427,-0.22758,5/18,-0.64973,2010,-0.010421,-0.29957,-0.14169,0.17152,3.6146,3.2571,0.013635,0.28176,617,341,-0.10116,-0.17671,0.17972,0.070889,2009-09-13,2026-09-27,09:-0.61 10:-0.65 11:-0.33 12:-0.02 13:-0.51 14:+0.69 15:+0.29 16:+0.19 17:+0.51 18:-0.24 19:-0.22 20:-0.02 21:-0.10 22:-0.11 23:-0.09 24:-0.26 25:-0.56 26:+0.05,False,True,False,1049,-0.15167,15
group,metals,comm,157,90/10,1,False,586,-0.094161,-1.5579,-1.3937,0.46758,-0.024831,-0.16349,-0.089502,-0.11708,4/18,-0.64973,2010,-0.11627,-0.27564,-0.15355,0.18147,2.97,2.664,0.059384,0.95055,357,229,-0.10076,-0.083868,0.13848,0.054581,2009-09-13,2026-09-27,09:-0.61 10:-0.65 11:-0.33 12:-0.02 13:-0.51 14:+0.69 15:+0.29 16:+0.19 17:+0.54 18:-0.16 19:-0.46 20:-0.02 21:-0.10 22:-0.17 23:-0.27 24:-0.10 25:-0.29 26:-0.03,False,True,False,629,-0.10962,5
market,XAUUSD,comm,157,90/10,1,False,166,-0.33962,-2.8892,-2.8979,0.43976,-0.40242,-0.27681,-0.30407,-0.69748,3/14,-2.2224,2011,-0.44382,-0.2516,-0.031972,-0.088017,-0.75762,-0.75992,-0.30765,-2.5261,79,87,-0.18706,-0.47815,0.06406,0.040205,2009-09-13,2025-02-09,09:-0.61 10:-0.65 11:-2.22 12:-0.02 13:-0.56 14:+0.45 15:+0.04 16:+0.12 18:-0.01 19:-0.73 20:-0.59 22:-0.16 24:-0.51 25:-1.44,False,False,False,173,-0.29614,1
market,XAGUSD,comm,157,90/10,1,False,143,0.079412,0.61367,0.61583,0.51049,-0.0024418,0.16013,0.11237,-0.039645,4/11,-0.41597,2013,-0.087113,-0.27395,-0.077786,0.35336,2.6688,2.6782,0.1572,1.1769,69,74,-0.13614,0.2804,0.11836,0.033359,2011-10-02,2025-08-03,11:-0.12 12:-0.02 13:-0.42 14:+0.86 15:+0.80 16:-0.01 17:+1.58 18:-0.03 22:-0.25 24:-0.12 25:+0.11,False,True,False,150,0.05835,1
market,XPTUSD,comm,157,90/10,1,False,95,0.0062272,0.04261,0.042836,0.45263,-0.0018534,0.014139,-0.017238,0.30122,7/9,-0.5369,2018,0.037786,-0.31537,-0.2887,0.3216,2.1898,2.2015,0.29493,2.0085,72,23,-0.10261,0.34695,0.19187,0.10087,2015-06-28,2024-11-03,15:+0.20 16:+1.08 17:+0.35 18:-0.54 19:+0.01 20:+0.84 21:+0.35 22:-0.36 24:+0.30,False,True,False,106,-0.080511,1
market,XPDUSD,comm,157,90/10,1,False,162,-0.034917,-0.32568,-0.32669,0.46914,-0.019547,-0.050286,-0.064273,0.11864,7/11,-0.55527,2017,-0.10378,-0.2986,-0.28754,0.26368,2.3982,2.4056,0.25263,2.3183,137,25,-0.032212,-0.049737,0.20853,0.069055,2015-07-26,2026-03-22,15:+0.16 16:+0.46 17:-0.56 18:+0.14 20:-0.11 21:-0.23 22:+0.15 23:-0.27 24:+0.15 25:+0.05 26:+0.12,False,True,False,178,-0.071427,1
market,XCUUSD,comm,157,90/10,1,False,20,-0.25463,-0.95496,-0.97976,0.45,-0.71243,0.20318,,-0.25463,0/2,-2.9136,2025,-0.25463,-0.11246,0.023119,-0.14217,-0.55471,-0.56912,-0.27775,-0.9913,0,20,,-0.25463,0.078948,-0.011444,2025-12-29,2026-09-27,25:-2.91 26:-0.11,False,False,False,22,-0.2373,1
group,energy,comm,157,90/10,1,False,150,-0.0076677,-0.059049,-0.05805,0.54667,-0.031904,0.016569,0.031275,-0.066082,5/9,-0.67183,2018,-0.066082,-0.1746,-0.0047445,0.16693,1.321,1.2761,-0.0029232,-0.022583,124,26,0.1669,-0.8402,0.28728,0.088972,2017-11-27,2026-09-27,17:-0.22 18:-0.67 19:+0.25 21:-0.14 22:+0.02 23:+0.26 24:+0.09 25:-0.39 26:+0.21,False,False,False,157,-0.026041,3
market,USOIL.cash,comm,157,90/10,1,False,85,0.20259,1.5841,1.5935,0.65882,0.06994,0.33216,0.096988,0.3962,4/5,-0.008745,2022,0.3246,0.094964,0.088108,0.10763,0.79317,0.79788,0.11448,0.88594,85,0,0.20259,,0.1986,-0.10476,2022-03-20,2026-07-19,22:-0.01 23:+0.30 24:+0.30 25:+0.36 26:+0.92,False,True,False,87,0.22174,1
market,UKOIL.cash,comm,157,90/10,1,False,45,-0.25791,-0.87389,-0.88377,0.46667,-0.19019,-0.32269,-0.071988,-0.90864,4/8,-1.7185,2025,-0.25791,-0.3866,0.14292,0.12869,0.47624,0.48162,-0.40083,-1.3954,19,26,0.53891,-0.8402,0.31044,0.36067,2017-11-27,2026-03-01,17:-0.22 18:-0.67 19:+0.25 21:-0.14 22:+0.55 23:+0.16 25:-1.72 26:+6.38,False,False,False,49,-0.30219,1
market,NATGAS.cash,comm,157,90/10,1,False,20,-0.33822,-0.7424,-0.76169,0.25,-0.012132,-0.66432,,-0.33822,0/2,-1.0716,2024,-0.33822,-0.84326,-0.73162,0.50504,1.1131,1.142,0.3934,0.8551,20,0,-0.33822,,0.61206,0.30102,2024-11-24,2026-09-27,24:-1.07 26:-0.26,False,True,False,21,-0.40821,1
group,grains,comm,157,90/10,1,False,99,-0.094379,-0.80326,-0.71513,0.44444,-0.36581,0.17162,-0.1289,-0.07937,2/4,-0.50784,2024,0.063345,-0.34726,-0.29747,0.25288,2.1319,1.9186,0.20309,1.7525,71,28,-0.25862,0.32209,0.13031,0.11781,2023-04-30,2026-09-27,23:-0.13 24:-0.51 25:+0.28 26:+0.32,False,True,False,117,-0.11616,3
market,WHEAT.c,comm,157,90/10,1,False,27,0.33572,1.4171,1.4441,0.66667,0.53965,0.14635,0.68837,0.18723,3/3,0.11762,2026,0.33572,-0.20568,-0.12546,0.54139,2.183,2.2246,0.46117,1.9303,16,11,0.48566,0.11762,0.12778,0.049579,2023-04-30,2026-09-07,23:+0.69 25:+0.28 26:+0.12,False,True,False,30,0.35118,1
market,CORN.c,comm,157,90/10,1,False,33,-0.35311,-1.6905,-1.7168,0.30303,-0.64278,-0.080479,-0.53104,-0.20484,1/3,-0.70903,2024,-0.35311,-0.33729,-0.41739,-0.01582,-0.074472,-0.075626,0.064274,0.29773,27,6,-0.61014,0.80354,0.16583,0.24032,2023-08-20,2026-09-27,23:-0.53 24:-0.71 26:+0.80,False,False,False,42,-0.37221,1
market,SOYBEAN.c,comm,157,90/10,1,False,39,-0.17321,-1.0411,-1.0547,0.41026,-0.4561,0.095533,-0.2012,-0.16709,1/3,-0.39288,2024,-0.17321,-0.45372,-0.3151,0.28051,1.686,1.708,0.14189,0.88102,28,11,-0.34496,0.26395,0.10201,0.061387,2023-10-08,2026-09-27,23:-0.20 24:-0.39 26:+0.26,False,True,False,45,-0.18875,1
group,softs,comm,157,90/10,1,False,123,-0.46343,-3.3806,-3.4104,0.36585,-0.47407,-0.45297,-0.16164,-0.55238,0/4,-1.0333,2025,-0.4248,-0.5276,-0.12681,0.064169,0.46251,0.47487,-0.33662,-2.4448,65,58,-0.44271,-0.48666,0.28484,0.088767,2023-04-02,2026-09-20,23:-0.16 24:-0.49 25:-1.03 26:-0.17,False,False,False,146,-0.49641,4
market,SUGAR.c,comm,157,90/10,1,False,26,-0.55741,-2.2673,-2.3122,0.26923,-0.50471,-0.61011,,-0.55741,0/2,-0.75718,2025,-0.55741,-0.71507,-0.58831,0.15766,0.66996,0.68323,0.030902,0.13034,26,0,-0.55741,,0.58202,0.14817,2025-01-20,2026-03-15,25:-0.76 26:-0.02,False,True,False,34,-0.66733,1
market,COFFEE.c,comm,157,90/10,1,False,27,-0.53124,-1.5043,-1.533,0.44444,-0.0099013,-1.0153,0.24855,-0.70847,1/3,-2.0629,2025,-0.53124,-0.5428,0.3611,0.011555,0.030779,0.031365,-0.89234,-2.5246,5,22,0.24855,-0.70847,0.10183,0.13706,2023-08-20,2025-02-09,23:+0.25 24:-0.49 25:-2.06,False,False,False,32,-0.44161,1
market,COCOA.c,comm,157,90/10,1,False,44,-0.13903,-0.6117,-0.61878,0.43182,-0.33969,0.061629,-0.25082,-0.016601,1/3,-1.0436,2025,-0.13903,-0.29251,0.074713,0.15348,0.67247,0.68025,-0.21374,-0.9208,21,23,-0.016601,-0.25082,0.10129,0.010095,2023-04-02,2026-07-06,23:-0.25 25:-1.04 26:+0.03,False,False,False,51,-0.2366,1
market,COTTON.c,comm,157,90/10,1,False,26,-0.84802,-3.1013,-3.1627,0.26923,-1.1675,-0.52854,,-0.84802,0/2,-1.2122,2025,-0.84802,-0.7222,-0.51302,-0.12582,-0.43744,-0.4461,-0.335,-1.2623,13,13,-1.1675,-0.52854,0.48832,0.11234,2025-01-06,2026-09-20,25:-1.21 26:-0.54,False,False,False,29,-0.81342,1
pooled,commodities15,comm,157,90/10,4,False,330,-0.40174,-2.3766,-2.1838,0.47273,-0.47871,-0.32476,-0.44974,-0.31436,5/18,-2.4931,2011,0.044024,-0.87972,-0.11017,0.47798,2.9514,2.6548,-0.29156,-1.6099,210,120,-0.15213,-0.83855,0.42469,0.3039,2009-09-13,2026-08-30,09:-1.78 10:-1.88 11:-2.49 12:-0.05 13:-0.69 14:+3.97 15:+0.77 16:+0.03 17:-0.06 18:-1.00 19:-1.13 20:+0.72 21:-0.29 22:-0.84 23:-0.45 24:-0.34 25:-1.45 26:+0.59,False,False,False,1034,-0.36613,15
group,metals,comm,157,90/10,4,False,193,-0.38255,-1.8207,-1.6806,0.47668,-0.2164,-0.54698,-0.40304,-0.27945,6/18,-2.4931,2011,-0.72007,-0.8042,-0.25688,0.42165,2.0393,1.8058,-0.12567,-0.54101,118,75,-0.31044,-0.496,0.30204,0.22467,2009-09-13,2026-08-23,09:-1.78 10:-1.88 11:-2.49 12:-0.05 13:-0.69 14:+3.97 15:+0.77 16:+0.03 17:+0.51 18:-0.58 19:-1.73 20:+0.72 21:-0.14 22:-0.82 23:-1.43 24:+0.11 25:-1.42 26:-0.10,False,False,False,626,-0.20108,5
market,XAUUSD,comm,157,90/10,4,False,55,-1.0244,-2.3754,-2.3973,0.41818,-1.0651,-0.98522,-0.95816,-1.6872,3/13,-7.128,2011,-1.0244,-0.91729,-0.012171,-0.10714,-0.25093,-0.25325,-1.0123,-2.0769,27,28,-0.54193,-1.4897,0.20175,0.1728,2009-09-13,2025-01-26,09:-1.78 10:-1.88 11:-7.13 12:-0.67 13:-1.06 15:+0.75 16:+0.43 18:+0.32 19:-1.46 20:-3.63 22:-1.42 24:-0.59 25:-6.06,False,False,False,173,-0.66333,1
market,XAGUSD,comm,157,90/10,4,False,46,-0.057749,-0.14291,-0.14449,0.52174,0.23475,-0.35024,-0.023525,-0.19845,6/11,-1.6457,2022,-0.057749,-0.71056,-0.055508,0.65281,1.5459,1.563,-0.0022408,-0.0048565,22,24,-0.48622,0.33502,0.23848,0.13629,2011-10-02,2025-07-07,11:-0.95 12:+0.57 13:+0.03 14:+3.97 15:+3.17 16:-0.96 17:+1.33 18:-0.84 22:-1.65 24:-0.33 25:+0.05,False,False,False,150,0.10341,1
market,XPTUSD,comm,157,90/10,4,False,32,0.13612,0.20507,0.20835,0.5625,-0.3874,0.65964,0.07016,0.77378,5/9,-2.1748,2019,0.13612,-0.89962,-0.66191,1.0357,1.6344,1.6605,0.79803,1.1828,23,9,-0.14349,0.85069,0.44703,0.39526,2015-06-28,2024-11-03,15:-0.69 16:+0.58 17:+1.18 18:-1.65 19:-2.17 20:+7.58 21:+1.92 22:-0.51 24:+0.77,False,True,False,106,-0.26122,1
market,XPDUSD,comm,157,90/10,4,False,53,-0.2516,-0.83964,-0.84767,0.4717,-0.10618,-0.39162,-0.40324,0.60139,6/11,-2.1204,2017,-0.2516,-0.72665,-0.54213,0.47505,1.6803,1.6964,0.29053,0.90834,46,7,-0.17397,-0.76169,0.3908,0.2876,2015-07-26,2026-03-01,15:+0.46 16:+0.82 17:-2.12 18:+0.54 20:-0.12 21:-0.60 22:+0.08 23:-1.43 24:+0.96 25:-0.79 26:+1.28,False,True,False,177,0.0089242,1
market,XCUUSD,comm,157,90/10,4,False,7,-0.83613,-1.1442,-1.2358,0.28571,-1.3023,-0.48651,,-0.83613,0/2,-2.4679,2025,-0.83613,-0.68198,0.50839,-0.15414,-0.21071,-0.2276,-1.3445,-1.6222,0,7,,-0.83613,0.1729,-0.043269,2025-12-29,2026-08-23,25:-2.47 26:-0.56,False,False,False,20,-0.026172,1
group,energy,comm,157,90/10,4,False,54,0.05222,0.10393,0.10529,0.53704,-0.79978,0.90422,-0.37273,0.62497,4/9,-5.2113,2017,0.05222,-0.46784,0.36551,0.52006,1.1413,1.1803,-0.31329,-0.63082,42,12,0.79843,-2.5595,0.91513,0.47815,2017-11-27,2026-08-30,17:-5.21 18:-3.52 19:+0.08 21:-1.07 22:-0.88 23:+1.84 24:+0.95 25:-0.60 26:+1.95,False,False,False,154,-0.20517,3
market,USOIL.cash,comm,157,90/10,4,False,27,0.40799,0.95636,0.97457,0.59259,0.10622,0.68821,0.44043,0.36081,3/5,-0.41429,2022,0.40799,0.47092,0.53781,-0.062931,-0.13843,-0.14106,-0.12982,-0.29467,27,0,0.40799,,0.76821,-0.42653,2022-03-20,2026-07-19,22:-0.41 23:+1.86 24:+0.94 25:+0.07 26:-0.19,False,False,False,87,0.34714,1
market,UKOIL.cash,comm,157,90/10,4,False,20,-0.43361,-0.35201,-0.36115,0.45,-1.7603,0.89304,-1.2401,1.9858,3/8,-5.2113,2017,-0.43361,-1.3607,0.74468,0.9271,0.88833,0.91141,-1.1783,-1.007,8,12,2.7553,-2.5595,1.127,1.48,2017-11-27,2026-03-01,17:-5.21 18:-3.52 19:+0.08 21:-1.07 22:-3.21 23:+1.81 25:-1.60 26:+16.32,False,False,False,49,-0.89799,1
market,NATGAS.cash,comm,157,90/10,4,False,7,0.068043,0.13883,0.14995,0.57143,0.10964,0.036842,,0.068043,1/2,-0.087526,2026,0.068043,-1.5377,-1.3824,1.6058,2.7287,2.9474,1.4504,2.7466,7,0,0.068043,,0.87661,1.1052,2024-11-24,2026-08-30,24:+1.00 26:-0.09,False,True,False,18,-0.98864,1
group,grains,comm,157,90/10,4,False,40,-0.42403,-0.87697,-0.75322,0.45,-0.86949,0.021431,-0.96841,-0.21754,1/4,-0.96841,2023,-0.42403,-1.3265,-0.50566,0.90248,1.9005,1.6487,0.081628,0.16735,26,14,-0.84283,0.35375,0.32492,0.39581,2023-04-30,2026-08-30,23:-0.97 24:-0.87 25:-0.28 26:+0.35,False,True,False,110,-0.71041,3
market,WHEAT.c,comm,157,90/10,4,False,12,0.060723,0.077704,0.081159,0.5,0.64456,-0.52312,1.5682,-0.44178,1/3,-0.52312,2026,0.060723,-1.1495,0.17275,1.2102,1.5507,1.6197,-0.11203,-0.12967,6,6,0.64456,-0.52312,0.25027,0.16208,2023-04-30,2026-08-30,23:+1.57 25:-0.28 26:-0.52,False,False,False,29,0.032511,1
market,CORN.c,comm,157,90/10,4,False,12,-0.55526,-0.53988,-0.56389,0.5,-2.863,1.7525,-2.746,1.0096,1/3,-2.746,2023,-0.55526,-1.2201,-1.1149,0.66483,0.68194,0.71226,0.5596,0.57863,9,3,-1.6909,2.8517,0.52901,0.85211,2023-08-20,2026-08-30,23:-2.75 24:-0.37 26:+2.85,False,True,False,39,-1.53,1
market,SOYBEAN.c,comm,157,90/10,4,False,16,-0.68917,-0.90131,-0.93087,0.375,-0.85954,-0.5188,-0.54235,-0.72305,0/3,-1.117,2024,-0.68917,-1.5391,-0.55756,0.8499,1.097,1.133,-0.1316,-0.16917,11,5,-0.96026,-0.09277,0.22783,0.22888,2023-10-08,2026-08-30,23:-0.54 24:-1.12 26:-0.09,False,False,False,42,-0.4623,1
group,softs,comm,157,90/10,4,False,43,-1.0372,-2.3546,-2.5838,0.39535,-1.4566,-0.63693,-0.86971,-1.088,1/4,-2.4004,2025,-1.0372,-1.3203,0.31882,0.28305,0.68565,0.80681,-1.356,-2.795,24,19,-0.289,-1.9823,0.45208,0.35515,2023-04-02,2026-08-16,23:-0.87 24:-1.46 25:-2.40 26:+0.43,False,False,False,144,-0.99278,4
market,SUGAR.c,comm,157,90/10,4,False,9,-0.099666,-0.12876,-0.13657,0.44444,0.28983,-0.41127,,-0.099666,1/2,-0.54378,2025,-0.099666,-1.234,-1.2884,1.1344,1.7365,1.8419,1.1888,1.6597,9,0,-0.099666,,0.59157,0.56304,2025-01-20,2026-03-01,25:-0.54 26:+1.45,False,True,False,34,-1.1641,1
market,COFFEE.c,comm,157,90/10,4,False,11,-1.2867,-1.186,-1.2439,0.36364,0.76216,-2.9941,1.744,-2.4232,1/3,-9.1477,2025,-1.2867,-1.4387,1.2608,0.15206,0.14137,0.14827,-2.5475,-2.2815,3,8,1.744,-2.4232,0.32083,0.46242,2023-08-20,2025-01-20,23:+1.74 24:-1.46 25:-9.15,False,False,False,32,-1.3262,1
market,COCOA.c,comm,157,90/10,4,False,14,-1.19,-1.3587,-1.41,0.42857,-1.9899,-0.39014,-1.9899,-0.39014,1/3,-8.1619,2025,-1.19,-1.186,0.9868,-0.003954,-0.0049854,-0.0051736,-2.1768,-2.4165,7,7,-0.39014,-1.9899,0.21221,0.045185,2023-04-02,2026-06-28,23:-1.99 25:-8.16 26:+0.91,False,False,False,51,-0.62538,1
market,COTTON.c,comm,157,90/10,4,False,9,-1.4322,-2.3014,-2.441,0.33333,-2.5221,-0.56024,,-1.4322,0/2,-2.5221,2025,-1.4322,-1.4705,-0.26436,0.038304,0.062663,0.066464,-1.1678,-2.2331,5,4,-1.708,-1.0875,0.84616,0.49832,2025-01-06,2026-08-16,25:-2.52 26:-0.56,False,False,False,27,-1.0758,1
pooled,commodities15,comm,157,90/10,8,False,202,-0.91342,-2.8509,-2.7606,0.42574,-0.97131,-0.85553,-0.95364,-0.84234,6/18,-3.1528,2009,-0.86384,-1.8447,-0.099026,0.93131,3.3943,3.3313,-0.81439,-2.3102,128,74,-0.41051,-1.7833,0.78719,0.64099,2009-09-13,2026-08-09,09:-3.15 10:-2.86 11:+0.80 12:-0.28 13:-1.69 14:+5.96 15:-0.76 16:+0.55 17:-1.24 18:-0.86 19:-2.46 20:+1.74 21:+0.07 22:-2.51 23:-1.04 24:-0.95 25:-2.67 26:+1.17,False,False,False,1014,-0.63445,15
group,metals,comm,157,90/10,8,False,116,-0.76979,-2.284,-2.0765,0.44828,-0.41821,-1.1214,-0.64663,-1.327,6/18,-3.1528,2009,-1.053,-1.7439,-0.38273,0.9741,3.205,2.8357,-0.38706,-0.94435,68,48,-0.81689,-0.70307,0.52284,0.44421,2009-09-13,2026-06-28,09:-3.15 10:-2.86 11:+0.80 12:-0.28 13:-1.69 14:+5.96 15:-0.76 16:+0.55 17:+0.39 18:-0.69 19:-2.68 20:+1.74 21:+0.42 22:-1.74 23:-2.97 24:-0.49 25:-3.10 26:-0.33,False,False,False,620,-0.21706,5
market,XAUUSD,comm,157,90/10,8,False,31,-2.1201,-2.9973,-3.0469,0.41935,-1.8513,-2.372,-1.7117,-5.9318,2/13,-8.5747,2025,-2.1201,-2.1847,0.22419,0.064613,0.091843,0.093361,-2.3443,-2.5746,14,17,-1.6909,-2.4735,0.38163,0.32376,2009-09-13,2025-01-26,09:-3.15 10:-2.86 11:+2.12 12:-1.52 13:-2.48 15:-0.68 16:+0.00 18:-0.45 19:-3.31 20:-1.57 22:-2.59 24:-4.61 25:-8.57,False,False,False,173,-0.96613,1
market,XAGUSD,comm,157,90/10,8,False,29,-0.20687,-0.29447,-0.29969,0.44828,1.1058,-1.432,0.2695,-2.033,5/11,-3.6113,2025,-0.20687,-1.4982,0.016388,1.2914,2.0426,2.0788,-0.22326,-0.22934,13,16,-0.79012,0.26702,0.40573,0.26539,2011-10-02,2025-08-03,11:+0.14 12:+0.97 13:-0.10 14:+5.96 15:+3.84 16:-1.00 17:+0.87 18:-1.31 22:-3.33 24:-0.45 25:-3.61,False,False,False,150,0.095718,1
market,XPTUSD,comm,157,90/10,8,False,21,-0.078532,-0.095156,-0.097506,0.57143,-1.221,0.96011,-0.25692,1.6162,5/9,-3.5825,2015,-0.078532,-1.7361,-1.3656,1.6576,2.3276,2.3851,1.2871,1.6442,15,6,-0.69682,1.4672,0.7989,0.79865,2015-06-28,2024-10-06,15:-3.58 16:+1.33 17:+0.64 18:-1.80 19:-1.74 20:+9.06 21:+3.11 22:-1.11 24:+1.62,False,True,False,106,-0.24785,1
market,XPDUSD,comm,157,90/10,8,False,31,-0.32186,-0.59083,-0.60059,0.45161,0.11773,-0.73398,-0.59279,0.80702,5/11,-2.9667,2023,-0.32186,-1.5169,-0.87878,1.195,2.6718,2.716,0.55692,1.1623,26,5,-0.42891,0.2348,0.61596,0.55988,2015-07-26,2026-03-01,15:-2.63 16:+4.00 17:-0.58 18:+4.63 20:+0.74 21:-0.65 22:-0.16 23:-2.97 24:+0.83 25:-0.21 26:+2.77,False,True,False,175,0.30664,1
market,XCUUSD,comm,157,90/10,8,False,4,-1.487,-2.8744,-3.3191,0,-0.96554,-2.0084,,-1.487,0/2,-1.8498,2025,-1.487,-1.9093,1.0245,0.42231,0.54047,0.62408,-2.5115,-3.6976,0,4,,-1.487,0.29533,-0.083009,2025-12-29,2026-06-28,25:-1.85 26:-1.37,False,False,False,16,-0.57405,1
group,energy,comm,157,90/10,8,False,36,-0.56809,-0.51702,-0.52562,0.5,-2.6263,1.4901,-1.7024,1.0199,3/9,-12.673,2017,-0.56809,-1.0656,0.76524,0.49748,0.54494,0.56837,-1.3333,-1.2434,28,8,1.0655,-6.2857,1.8092,0.99756,2017-11-27,2026-08-09,17:-12.67 18:-1.71 19:-2.08 21:-2.44 22:-3.57 23:+2.93 24:+1.34 25:-0.09 26:+1.97,False,False,False,150,-0.33178,3
market,USOIL.cash,comm,157,90/10,8,False,17,1.5637,1.9321,1.9916,0.70588,0.13143,2.8368,1.0733,2.2642,4/5,-0.4586,2022,1.5637,0.80685,1.067,0.75682,0.94332,0.97236,0.49663,0.65818,17,0,1.5637,,1.5251,-0.85507,2022-03-20,2026-07-19,22:-0.46 23:+3.37 24:+1.83 25:+1.36 26:+6.76,False,True,False,87,1.3594,1
market,UKOIL.cash,comm,157,90/10,8,False,14,-2.6886,-1.0582,-1.0982,0.35714,-3.5394,-1.8379,-4.2257,2.9472,2/8,-12.896,2022,-2.6886,-2.7733,1.6155,0.084682,0.039094,0.04057,-4.3042,-1.7683,6,8,2.1074,-6.2857,2.326,2.8007,2017-11-27,2026-03-01,17:-12.67 18:-1.71 19:-2.08 21:-2.44 22:-12.90 23:+2.04 25:-2.99 26:+14.81,False,False,False,49,-2.5531,1
market,NATGAS.cash,comm,157,90/10,8,False,5,-1.8785,-1.9079,-2.1331,0.2,-1.1871,-2.3394,,-1.8785,1/2,-2.436,2026,-1.8785,-2.6501,-2.6417,0.77154,0.83345,0.93183,0.7632,0.93799,5,0,-1.8785,,1.3283,2.2477,2024-11-24,2026-08-09,24:+0.35 26:-2.44,False,True,False,14,-3.0668,1
group,grains,comm,157,90/10,8,False,23,-1.2532,-1.8541,-1.6507,0.34783,-1.6464,-0.89269,-1.9372,-0.95389,0/4,-1.9372,2023,-1.2532,-2.4462,-0.96667,1.193,1.8262,1.6841,-0.2865,-0.41223,16,7,-1.6087,-0.44048,0.56847,0.85993,2023-04-30,2026-08-02,23:-1.94 24:-1.23 25:-1.77 26:-0.44,False,False,False,104,-1.7572,3
market,WHEAT.c,comm,157,90/10,8,False,7,-0.093452,-0.077131,-0.083311,0.28571,0.49724,-0.53647,2.3408,-1.0671,1/3,-1.7704,2025,-0.093452,-1.9449,0.48936,1.8514,1.4469,1.5628,-0.58282,-0.39382,4,3,0.2852,-0.59832,0.4313,0.39404,2023-04-30,2026-08-02,23:+2.34 25:-1.77 26:-0.60,False,False,False,27,-0.076249,1
market,CORN.c,comm,157,90/10,8,False,7,-2.4981,-2.3397,-2.5272,0.28571,-4.4678,-1.0208,-4.4678,-1.0208,1/3,-4.4678,2023,-2.4981,-2.6658,-2.3377,0.1677,0.16565,0.17892,-0.16034,-0.1973,6,1,-3.0527,0.82987,0.9233,1.8784,2023-08-20,2026-03-29,23:-4.47 24:-1.64 26:+0.83,False,False,False,37,-3.2014,1
market,SOYBEAN.c,comm,157,90/10,8,False,9,-1.1869,-1.0006,-1.0613,0.44444,-1.6081,-0.84998,-2.4194,-0.83476,0/3,-2.4194,2023,-1.1869,-2.6653,-1.0328,1.4784,1.3008,1.3797,-0.15416,-0.11756,6,3,-1.4273,-0.70609,0.39917,0.43017,2023-10-08,2026-08-02,23:-2.42 24:-0.93 26:-0.71,False,False,False,40,-1.556,1
group,softs,comm,157,90/10,8,False,27,-1.7015,-1.5246,-1.5772,0.2963,-2.7271,-0.74918,-2.0466,-1.6029,1/4,-4.0895,2025,-1.7015,-2.8044,0.70661,1.1029,1.2473,1.3786,-2.4081,-2.012,16,11,-0.068185,-4.0772,0.74647,0.82444,2023-04-02,2026-07-19,23:-2.05 24:-3.36 25:-4.09 26:+2.95,False,False,False,140,-1.9731,4
market,SUGAR.c,comm,157,90/10,8,False,6,-2.4383,-1.7244,-1.889,0.16667,-0.28823,-4.5883,,-2.4383,0/2,-3.3869,2026,-2.4383,-2.8999,-2.8944,0.46159,0.25748,0.28206,0.45613,0.26719,6,0,-2.4383,,0.84048,1.1565,2025-01-20,2026-03-01,25:-2.25 26:-3.39,False,True,False,34,-2.9286,1
market,COFFEE.c,comm,157,90/10,8,False,7,-1.9824,-1.0999,-1.188,0.28571,1.153,-4.3338,3.7716,-4.2839,1/3,-7.9853,2025,-1.9824,-2.4885,2.3786,0.50611,0.33793,0.36501,-4.361,-2.1568,2,5,3.7716,-4.2839,0.66349,0.99774,2023-08-20,2025-01-20,23:+3.77 24:-3.36 25:-7.99,False,False,False,32,-2.836,1
market,COCOA.c,comm,157,90/10,8,False,8,-2.5733,-1.0259,-1.0967,0.375,-4.9558,-0.19078,-4.9558,-0.19078,1/3,-13.483,2025,-2.5733,-2.9329,2.4095,0.3596,0.19014,0.20327,-4.9828,-2.0032,4,4,-0.19078,-4.9558,0.377,0.10392,2023-04-02,2026-06-28,23:-4.96 25:-13.48 26:+4.24,False,False,False,51,-1.1177,1
market,COTTON.c,comm,157,90/10,8,False,6,0.52535,0.17017,0.18641,0.33333,-2.7281,3.7788,,0.52535,1/2,-2.7281,2025,0.52535,-2.9064,0.086383,3.4317,1.7446,1.9111,0.43896,0.16121,4,2,1.6896,-1.8032,1.2419,1.2509,2025-01-06,2026-07-19,25:-2.73 26:+3.78,False,True,False,23,-1.2569,1
pooled,commodities15,large,26,80/20,1,False,2474,-0.081816,-2.626,-2.3403,0.4907,-0.074607,-0.089024,-0.036616,-0.17501,7/20,-0.51271,2013,-0.09486,-0.21334,-0.068565,0.13153,4.2631,3.847,-0.01325,-0.41947,1355,1119,0.015597,-0.19977,0.16457,0.079363,2007-01-14,2026-09-27,07:-0.11 08:+0.20 09:-0.27 10:-0.08 11:-0.18 12:+0.02 13:-0.51 14:+0.32 15:+0.21 16:-0.12 17:+0.20 18:-0.29 19:-0.15 20:-0.05 21:-0.04 22:+0.06 23:+0.06 24:-0.04 25:-0.36 26:-0.14,False,False,False,2721,-0.087227,15
group,metals,large,26,80/20,1,False,1589,-0.03911,-1.0438,-0.88059,0.50283,-0.042674,-0.035551,-0.030672,-0.078559,9/20,-0.51271,2013,-0.28764,-0.20165,-0.088192,0.16254,4.3611,3.7148,0.049082,1.2851,878,711,-0.018486,-0.064579,0.12898,0.052473,2007-01-14,2026-09-27,07:-0.11 08:+0.20 09:-0.27 10:-0.08 11:-0.18 12:+0.02 13:-0.51 14:+0.32 15:+0.21 16:+0.02 17:+0.30 18:-0.35 19:-0.25 20:+0.01 21:-0.09 22:-0.02 23:+0.20 24:+0.09 25:-0.08 26:-0.24,False,True,False,1717,-0.04446,5
market,XAUUSD,large,26,80/20,1,False,521,-0.033708,-0.51885,-0.51935,0.51823,-0.018373,-0.048984,0.0033106,-0.24082,9/20,-0.67477,2013,-0.23213,-0.14091,0.038672,0.1072,1.6645,1.6661,-0.072379,-1.0963,264,257,0.1269,-0.19869,0.06039,0.040956,2007-01-14,2026-09-27,07:-0.11 08:+0.14 09:-0.31 10:-0.15 11:-0.05 12:+0.13 13:-0.67 14:+0.38 15:+0.25 16:+0.13 17:+0.66 18:-0.49 19:-0.54 20:+0.08 21:+0.46 22:-0.10 23:+0.30 24:-0.25 25:-0.07 26:-0.38,False,False,False,549,-0.032024,1
market,XAGUSD,large,26,80/20,1,False,446,0.018854,0.26232,0.26262,0.52018,-0.047023,0.08473,0.016838,0.030458,10/19,-0.35065,2013,0.089159,-0.16535,-0.088837,0.18421,2.563,2.5659,0.10769,1.4878,243,203,-0.039551,0.088767,0.1138,0.03576,2008-12-07,2026-08-09,08:+0.63 09:-0.23 10:-0.02 11:-0.29 12:-0.08 13:-0.35 14:+0.28 15:+0.37 16:-0.32 17:+0.53 18:-0.18 19:+0.17 20:+0.17 21:+0.04 22:+0.00 23:+0.68 24:-0.10 25:+0.76 26:-0.14,False,True,False,479,0.017535,1
market,XPTUSD,large,26,80/20,1,False,278,0.012957,0.14619,0.14645,0.51439,0.091727,-0.065812,0.0082947,0.043328,4/12,-0.84237,2025,0.11711,-0.23351,-0.23811,0.24647,2.8243,2.8294,0.25107,2.7516,161,117,-0.097893,0.16549,0.18689,0.082958,2015-03-01,2026-08-23,15:+0.47 16:-0.00 17:+0.71 18:-0.31 19:-0.01 20:-0.01 21:-0.37 22:-0.26 23:+0.43 24:+0.68 25:-0.84 26:-0.30,False,True,False,308,-0.011048,1
market,XPDUSD,large,26,80/20,1,False,315,-0.18634,-2.3258,-2.3295,0.44127,-0.25961,-0.11354,-0.2033,-0.12589,3/12,-0.58232,2019,-0.2124,-0.32083,-0.18595,0.13449,1.661,1.6637,-0.00038636,-0.0046859,205,110,-0.14961,-0.2548,0.21762,0.072641,2015-02-08,2026-09-27,15:-0.18 16:+0.50 17:-0.43 18:-0.40 19:-0.58 20:-0.16 21:-0.36 22:+0.31 23:-0.20 24:+0.37 25:-0.31 26:-0.39,False,False,False,348,-0.19148,1
market,XCUUSD,large,26,80/20,1,False,29,0.072475,0.18482,0.1881,0.51724,0.16047,-0.009657,,0.072475,3/3,0.010314,2026,0.072475,-0.25139,0.14162,0.32386,0.85438,0.86951,-0.069143,-0.17632,5,24,1.2618,-0.1753,0.076469,0.0051523,2024-12-30,2026-09-27,24:+0.73 25:+0.16 26:+0.01,False,False,False,33,0.087344,1
group,energy,large,26,80/20,1,False,410,-0.11162,-1.2712,-1.3331,0.49268,-0.095822,-0.12741,-0.081522,-0.16546,4/11,-0.818,2016,0.078738,-0.20635,0.098335,0.094737,1.1062,1.1551,-0.20995,-2.3832,230,180,0.34102,-0.68999,0.27449,0.20624,2016-06-05,2026-09-27,16:-0.82 17:-0.25 18:-0.07 19:+0.19 20:-0.38 21:+0.07 22:+0.23 23:-0.13 24:-0.16 25:-0.42 26:+0.14,False,False,False,437,-0.11838,3
market,USOIL.cash,large,26,80/20,1,False,132,-0.018645,-0.11647,-0.11691,0.55303,0.12181,-0.1591,0.093299,-0.15715,3/6,-0.6547,2026,-0.1418,-0.096583,0.17053,0.077939,0.4954,0.49729,-0.18917,-1.1717,93,39,0.37327,-0.95322,0.2242,0.10532,2021-02-14,2026-07-26,21:+0.05 22:+0.42 23:-0.23 24:+0.14 25:-0.08 26:-0.65,False,False,False,138,0.020807,1
market,UKOIL.cash,large,26,80/20,1,False,249,-0.14369,-1.3135,-1.3161,0.4739,-0.2757,-0.012739,-0.14869,-0.12759,4/11,-0.818,2016,-0.12973,-0.22326,0.15581,0.079574,0.75455,0.75607,-0.2995,-2.7645,118,131,0.42782,-0.65849,0.27791,0.26501,2016-06-05,2026-09-27,16:-0.82 17:-0.25 18:-0.07 19:+0.19 20:-0.38 21:+0.09 22:+0.05 23:-0.00 24:-0.36 25:-0.76 26:+1.07,False,False,False,265,-0.17415,1
market,NATGAS.cash,large,26,80/20,1,False,29,-0.25942,-0.70891,-0.72146,0.37931,-0.078555,-0.42823,,-0.25942,0/3,-1.0716,2024,-0.25942,-0.56081,-0.72374,0.30139,0.80477,0.81902,0.46432,1.2576,19,10,-0.35595,-0.076022,0.47406,0.16102,2024-11-24,2026-09-27,24:-1.07 25:-0.48 26:-0.03,False,True,False,34,-0.24865,1
group,grains,large,26,80/20,1,False,210,-0.098942,-1.0618,-0.93792,0.4619,-0.023828,-0.17406,0.16504,-0.16891,2/4,-0.43872,2025,0.16772,-0.22156,-0.29393,0.12262,1.2999,1.1754,0.19499,2.0968,106,104,-0.20675,0.010936,0.16294,0.073373,2023-04-30,2026-09-27,23:+0.17 24:-0.23 25:-0.44 26:+0.22,False,True,False,250,-0.075726,3
market,WHEAT.c,large,26,80/20,1,False,70,0.054168,0.34894,0.35146,0.57143,0.16579,-0.057453,0.46313,-0.067007,2/4,-0.24638,2025,0.036536,-0.18985,-0.14768,0.24402,1.5253,1.5363,0.20185,1.3143,30,40,-0.03126,0.11824,0.12222,0.037755,2023-04-30,2026-09-07,23:+0.46 24:-0.10 25:-0.25 26:+0.10,False,True,False,80,0.14591,1
market,CORN.c,large,26,80/20,1,False,80,-0.28039,-1.7084,-1.7192,0.4,-0.15392,-0.40686,-0.01719,-0.36237,1/4,-0.85739,2025,-0.32976,-0.18804,-0.41263,-0.092349,-0.57806,-0.58171,0.13224,0.79364,44,36,-0.47848,-0.038277,0.22449,0.12598,2023-04-30,2026-09-27,23:-0.02 24:-0.41 25:-0.86 26:+0.46,False,False,False,98,-0.27143,1
market,SOYBEAN.c,large,26,80/20,1,False,60,-0.03564,-0.2236,-0.22548,0.41667,-0.22088,0.1496,0.019779,-0.04542,2/4,-0.14051,2024,-0.03564,-0.30326,-0.3063,0.26762,1.5951,1.6085,0.27066,1.7021,32,28,0.0023698,-0.079079,0.12837,0.044786,2023-10-01,2026-09-27,23:+0.02 24:-0.14 25:-0.08 26:+0.13,False,True,False,72,-0.05562,1
group,softs,large,26,80/20,1,False,265,-0.2782,-2.7644,-2.7339,0.43774,-0.20547,-0.35039,-0.13347,-0.31186,1/4,-0.50281,2025,-0.26443,-0.28771,-0.030505,0.0095043,0.095588,0.094998,-0.2477,-2.4813,141,124,-0.13584,-0.44008,0.2092,0.049035,2023-04-02,2026-09-27,23:-0.13 24:+0.04 25:-0.50 26:-0.36,False,False,False,317,-0.285,4
market,SUGAR.c,large,26,80/20,1,False,38,-0.68233,-2.737,-2.7738,0.34211,-0.76603,-0.59863,,-0.68233,0/2,-0.71994,2026,-0.68233,-0.69167,-0.41016,0.0093429,0.035811,0.036291,-0.27217,-1.0635,21,17,-0.71641,-0.64022,0.50273,0.072067,2025-01-20,2026-09-27,25:-0.64 26:-0.72,False,False,False,48,-0.65662,1
market,COFFEE.c,large,26,80/20,1,False,84,-0.003931,-0.022569,-0.022705,0.52381,-0.16283,0.15497,0.014939,-0.011479,2/4,-0.34428,2024,-0.011479,-0.14991,0.099312,0.14598,0.84744,0.85253,-0.10324,-0.5711,43,41,0.30096,-0.32369,0.094339,0.070396,2023-04-16,2026-09-27,23:+0.01 24:-0.34 25:-0.20 26:+0.74,False,False,False,100,-0.046074,1
market,COCOA.c,large,26,80/20,1,False,102,-0.083028,-0.4972,-0.49966,0.47059,0.045936,-0.21199,-0.27046,-0.018906,1/4,-0.3144,2025,-0.18731,-0.069655,0.1723,-0.013373,-0.078988,-0.079378,-0.25533,-1.5322,67,35,-0.018941,-0.20571,0.070815,0.027925,2023-04-02,2026-09-07,23:-0.27 24:+0.29 25:-0.31 26:-0.18,False,False,False,120,-0.12264,1
market,COTTON.c,large,26,80/20,1,False,41,-0.95113,-4.1203,-4.1715,0.26829,-1.1474,-0.76418,,-0.95113,0/2,-1.1706,2025,-0.95113,-0.7381,-0.44915,-0.21303,-0.90875,-0.92004,-0.50198,-2.1829,10,31,-1.5781,-0.74887,0.51677,0.036444,2025-01-26,2026-09-20,25:-1.17 26:-0.84,False,False,False,49,-0.80616,1
pooled,us_index,large,26,80/20,1,False,309,-0.087995,-1.0113,-1.0282,0.49191,-0.028629,-0.14698,-0.075471,-0.10827,3/9,-0.39723,2022,-0.10069,-0.070795,0.067691,-0.0172,-0.19872,-0.20185,-0.15569,-1.7749,151,158,0.18386,-0.3478,0.057947,0.050349,2018-02-11,2026-09-27,18:+0.32 19:+0.34 20:+0.15 21:-0.03 22:-0.40 23:-0.18 24:-0.07 25:-0.03 26:-0.21,False,False,False,329,-0.085263,2
market,US500.cash,large,26,80/20,1,False,177,-0.099491,-0.8593,-0.86174,0.47458,-0.087623,-0.11123,-0.084978,-0.12779,4/9,-0.75283,2026,-0.12779,-0.074201,0.022571,-0.02529,-0.22055,-0.22118,-0.12206,-1.0451,97,80,0.070984,-0.30619,0.065154,0.064458,2018-02-11,2026-08-23,18:+0.32 19:+0.34 20:+0.18 21:-0.41 22:-0.41 23:-0.06 24:-0.06 25:+0.32 26:-0.75,False,False,False,189,-0.1014,1
market,US100.cash,large,26,80/20,1,False,132,-0.072581,-0.54842,-0.55051,0.51515,-0.024526,-0.12064,-0.060441,-0.088069,3/7,-0.73919,2025,-0.12388,-0.066228,0.12819,-0.0063532,-0.047961,-0.048143,-0.20077,-1.5073,54,78,0.38661,-0.39048,0.048283,0.031431,2020-02-16,2026-09-27,20:+0.11 21:+0.30 22:-0.38 23:-0.38 24:-0.08 25:-0.74 26:+0.23,False,False,False,140,-0.063481,1
pooled,commodities15,large,26,80/20,4,False,827,-0.1385,-1.2017,-1.1771,0.49093,-0.23655,-0.040685,-0.1291,-0.15725,9/20,-1.1162,2013,0.048746,-0.63249,0.070532,0.494,4.6002,4.3578,-0.20903,-1.7088,445,382,0.29001,-0.63767,0.42082,0.3177,2007-01-14,2026-09-07,07:+0.67 08:+1.95 09:-0.20 10:-0.50 11:-0.61 12:+0.14 13:-1.12 14:+1.38 15:+0.12 16:-0.56 17:-0.20 18:-0.82 19:-1.03 20:+0.10 21:+0.03 22:+0.37 23:+0.01 24:-0.08 25:-0.38 26:-0.01,False,False,False,2688,-0.23503,15
group,metals,large,26,80/20,4,False,527,-0.033566,-0.242,-0.23389,0.51613,-0.08402,0.016697,0.0072353,-0.2191,11/20,-1.2703,2019,-0.38961,-0.56878,-0.032647,0.53521,4.0745,3.8853,-0.00091821,-0.0062208,281,246,0.11314,-0.20114,0.28796,0.20847,2007-01-14,2026-09-06,07:+0.67 08:+1.95 09:-0.20 10:-0.50 11:-0.61 12:+0.14 13:-1.12 14:+1.38 15:+0.12 16:-0.13 17:+0.22 18:-0.97 19:-1.27 20:+0.52 21:+0.23 22:+0.46 23:+0.56 24:+0.17 25:-0.28 26:-0.59,False,False,False,1703,-0.11532,5
market,XAUUSD,large,26,80/20,4,False,172,-0.012249,-0.047491,-0.04763,0.54651,0.11144,-0.13594,0.14891,-1.006,10/20,-2.3537,2019,0.091017,-0.51032,0.2281,0.49807,2.0166,2.0225,-0.24035,-0.87411,87,85,0.44711,-0.48242,0.19544,0.16824,2007-01-14,2026-09-06,07:+0.67 08:+1.78 09:-0.87 10:-0.37 11:-1.70 12:+0.84 13:-1.60 14:+1.92 15:+0.45 16:-0.01 17:+0.87 18:-1.30 19:-2.35 20:+0.47 21:+1.42 22:+1.41 23:+1.02 24:-1.47 25:-0.48 26:-0.72,False,False,False,546,-0.15621,1
market,XAGUSD,large,26,80/20,4,False,150,0.32176,1.2858,1.2901,0.56,0.048079,0.59544,0.30278,0.43216,11/19,-0.85401,2016,0.73013,-0.44859,-0.027153,0.77035,3.2314,3.2422,0.34891,1.368,78,72,0.3699,0.2696,0.22184,0.13935,2008-12-07,2026-08-02,08:+3.64 09:+0.40 10:-0.62 11:+0.36 12:-0.55 13:-0.57 14:+0.92 15:+0.71 16:-0.85 17:+1.10 18:-0.08 19:-0.43 20:+2.35 21:+0.23 22:+0.00 23:+2.04 24:-0.11 25:+2.77 26:-0.46,False,True,False,479,0.22137,1
market,XPTUSD,large,26,80/20,4,False,93,0.0022155,0.0073097,0.0073493,0.48387,0.060074,-0.054412,0.051785,-0.25554,5/12,-2.292,2025,0.10416,-0.69638,-0.40378,0.69859,2.5116,2.5252,0.40599,1.1637,52,41,-0.22043,0.2846,0.42769,0.32922,2015-03-29,2026-08-23,15:+0.28 16:-0.45 17:+0.98 18:-0.70 19:-0.27 20:+0.56 21:-0.37 22:-0.98 23:+1.66 24:+2.01 25:-2.29 26:-1.11,False,True,False,304,-0.036643,1
market,XPDUSD,large,26,80/20,4,False,101,-0.6452,-2.0532,-2.0634,0.43564,-1.1524,-0.14799,-0.79113,-0.15032,3/12,-1.8642,2019,-0.18691,-0.73421,-0.23903,0.089005,0.29402,0.29549,-0.40617,-1.2221,62,39,-0.47926,-0.90901,0.42737,0.28804,2015-02-08,2026-09-06,15:-1.11 16:+1.65 17:-1.80 18:-1.66 19:-1.86 20:-0.96 21:-0.20 22:+1.47 23:-1.43 24:+1.18 25:-0.88 26:-0.84,False,False,False,343,-0.69113,1
market,XCUUSD,large,26,80/20,4,False,11,0.10122,0.09093,0.095368,0.45455,0.63671,-0.34503,,0.10122,1/3,-0.23941,2025,0.10122,-0.52398,0.84795,0.62519,0.65619,0.68822,-0.74674,-0.66536,2,9,2.6083,-0.45591,0.17489,0.02876,2024-12-30,2026-08-23,24:+2.00 25:-0.24 26:-0.02,False,False,False,31,1.0023,1
group,energy,large,26,80/20,4,False,141,-0.34635,-1.0865,-1.0827,0.46809,-0.81522,0.11592,-0.69313,0.22945,4/11,-2.5921,2016,-0.092713,-0.76061,0.61405,0.41426,1.5248,1.522,-0.96039,-2.903,80,61,1.2373,-2.4232,0.97996,0.8076,2016-06-05,2026-08-30,16:-2.59 17:-2.17 18:-0.25 19:+0.04 20:-1.85 21:-0.41 22:+0.15 23:-0.32 24:-0.36 25:+0.19 26:+0.91,False,False,False,431,-0.5375,3
market,USOIL.cash,large,26,80/20,4,False,43,0.081113,0.13845,0.14009,0.51163,0.94126,-0.73994,0.46291,-0.40116,4/6,-3.2775,2026,0.081113,-0.29179,0.80738,0.37291,0.73358,0.74226,-0.72627,-1.178,31,12,1.3066,-3.0847,0.87767,0.42392,2021-02-14,2026-07-12,21:+0.25 22:+1.38 23:-0.24 24:+0.27 25:+0.45 26:-3.28,False,False,False,138,-0.16249,1
market,UKOIL.cash,large,26,80/20,4,False,87,-0.72885,-1.7448,-1.7549,0.41379,-1.4166,-0.056734,-1.1267,0.37807,2/11,-2.5921,2016,-0.4349,-0.99759,0.79925,0.26873,0.76861,0.77307,-1.5281,-3.7318,42,45,1.2613,-2.5863,1.0541,1.0217,2016-06-05,2026-08-30,16:-2.59 17:-2.17 18:-0.25 19:+0.04 20:-1.85 21:-1.07 22:-0.94 23:-0.42 24:-1.08 25:-0.77 26:+4.03,False,False,False,262,-0.77786,1
market,NATGAS.cash,large,26,80/20,4,False,11,1.0079,1.675,1.7567,0.72727,1.0868,0.94223,,1.0079,3/3,0.52259,2026,1.0079,-0.71901,-1.6065,1.727,2.4441,2.5634,2.6144,3.9352,7,4,0.78621,1.396,0.79374,0.61409,2024-11-24,2026-08-23,24:+1.00 25:+1.49 26:+0.52,False,True,False,31,-0.17543,1
group,grains,large,26,80/20,4,False,74,-0.23733,-0.75719,-0.69728,0.45946,-0.29028,-0.18439,0.042913,-0.30858,2/4,-0.78175,2025,-0.35889,-0.73311,-0.73295,0.49577,1.5627,1.3773,0.49562,1.6303,38,36,-0.66893,0.21824,0.36992,0.2941,2023-04-30,2026-08-30,23:+0.04 24:-0.63 25:-0.78 26:+0.72,False,True,False,243,-0.193,3
market,WHEAT.c,large,26,80/20,4,False,25,0.55368,1.1526,1.1764,0.56,0.98754,0.15319,1.3045,0.36597,4/4,0.097666,2025,0.55368,-0.39247,-0.13124,0.94614,1.8933,1.9324,0.68491,1.3791,10,15,0.35195,0.68816,0.23962,0.13982,2023-04-30,2026-08-30,23:+1.30 24:+0.28 25:+0.10 26:+0.63,False,True,False,79,0.55879,1
market,CORN.c,large,26,80/20,4,False,27,-1.0833,-2.0058,-2.0441,0.37037,-1.0214,-1.1407,-0.62487,-1.2437,1/4,-2.3474,2025,-1.0833,-1.0226,-1.3289,-0.060702,-0.10874,-0.11081,0.24566,0.47044,16,11,-1.629,-0.28949,0.58375,0.52914,2023-04-30,2026-08-30,23:-0.62 24:-1.47 25:-2.35 26:+1.20,False,False,False,95,-0.98103,1
market,SOYBEAN.c,large,26,80/20,4,False,22,-0.098021,-0.17082,-0.17484,0.45455,-0.65238,0.45633,-0.50158,-0.034301,2/4,-0.70893,2024,-0.098021,-0.76495,-0.68529,0.66693,1.1296,1.1562,0.58727,1.0073,12,10,-0.23959,0.07186,0.25558,0.18097,2023-10-01,2026-08-30,23:-0.50 24:-0.71 25:+0.46 26:+0.45,False,True,False,69,0.031237,1
group,softs,large,26,80/20,4,False,85,-0.35823,-0.87882,-0.92998,0.4,-0.49851,-0.22122,-0.86935,-0.23971,1/4,-0.86935,2023,-0.55535,-0.72741,0.50815,0.36918,0.94464,1.02,-0.86638,-1.9948,46,39,0.51524,-1.3885,0.36137,0.20277,2023-04-02,2026-09-07,23:-0.87 24:+0.47 25:-0.69 26:-0.25,False,False,False,311,-0.50423,4
market,SUGAR.c,large,26,80/20,4,False,13,-0.31457,-0.36816,-0.38319,0.46154,-0.10715,-0.49235,,-0.31457,0/2,-0.49235,2026,-0.31457,-1.2825,-0.68265,0.96797,1.1201,1.1658,0.36808,0.40242,8,5,0.028214,-0.86302,0.56877,0.31307,2025-01-20,2026-09-07,25:-0.11 26:-0.49,False,True,False,45,-1.3898,1
market,COFFEE.c,large,26,80/20,4,False,29,-0.039854,-0.062269,-0.063371,0.44828,-0.26099,0.16654,0.21521,-0.13702,2/4,-1.0995,2025,-0.039854,-0.39405,0.54825,0.3542,0.55779,0.56766,-0.5881,-0.8542,15,14,0.9846,-1.1375,0.30584,0.27249,2023-04-16,2026-08-16,23:+0.22 24:-0.67 25:-1.10 26:+2.34,False,False,False,99,-0.18368,1
market,COCOA.c,large,26,80/20,4,False,31,-0.15,-0.19919,-0.20248,0.32258,0.11967,-0.40281,-1.9539,0.47745,2/4,-1.9539,2023,-0.15,-0.31429,1.2436,0.1643,0.22802,0.23179,-1.3936,-1.7885,20,11,0.70034,-1.6961,0.15696,0.11351,2023-04-02,2026-08-16,23:-1.95 24:+1.27 25:-0.81 26:+0.45,False,False,False,120,0.092887,1
market,COTTON.c,large,26,80/20,4,False,12,-1.7129,-1.4423,-1.5065,0.41667,-1.6964,-1.7295,,-1.7129,0/2,-2.5784,2026,-1.7129,-1.9989,-0.19868,0.28594,0.2616,0.27323,-1.5142,-1.1443,3,9,-1.7669,-1.6949,0.79898,0.14534,2025-01-26,2026-08-23,25:-0.50 26:-2.58,False,False,False,47,-1.8561,1
pooled,us_index,large,26,80/20,4,False,117,-0.46991,-1.5425,-1.5493,0.45299,-0.37801,-0.56026,-0.5334,-0.36834,3/9,-1.1595,2020,-0.51047,-0.20156,0.24172,-0.26836,-0.91485,-0.91865,-0.71163,-2.2479,57,60,0.24464,-1.1487,0.21067,0.19814,2018-02-11,2026-09-06,18:+0.70 19:+1.64 20:-1.16 21:-0.50 22:-0.82 23:-0.94 24:-0.20 25:+0.06 26:-0.99,False,False,False,326,-0.30965,2
market,US500.cash,large,26,80/20,4,False,65,-0.33387,-0.89734,-0.90432,0.49231,-0.27755,-0.38848,-0.34007,-0.32254,4/9,-1.9661,2021,-0.4201,-0.15043,0.075609,-0.18344,-0.5294,-0.53352,-0.40948,-1.0652,33,32,0.38484,-1.075,0.24022,0.23991,2018-02-11,2026-08-23,18:+0.70 19:+1.64 20:+0.55 21:-1.97 22:-1.47 23:-0.56 24:-0.48 25:+0.84 26:-1.86,False,False,False,189,-0.26534,1
market,US100.cash,large,26,80/20,4,False,52,-0.63997,-1.2629,-1.2752,0.40385,-0.68746,-0.59248,-0.80405,-0.41622,2/7,-2.8671,2020,-0.63997,-0.26547,0.44935,-0.3745,-0.74661,-0.75389,-1.0893,-2.0733,24,28,0.051869,-1.233,0.17373,0.14593,2020-02-16,2026-09-06,20:-2.87 21:+0.79 22:-0.10 23:-1.37 24:+0.04 25:-1.35 26:-0.35,False,False,False,137,-0.37078,1
pooled,commodities15,large,26,80/20,8,False,487,-0.1986,-0.8702,-0.85151,0.49076,-0.49116,0.092771,-0.42383,0.25326,10/20,-2.6407,2013,-0.0040489,-1.1769,0.2467,0.97834,4.981,4.7112,-0.44529,-1.8423,267,220,0.58996,-1.1556,0.79026,0.67407,2007-01-14,2026-08-09,07:+1.44 08:+0.97 09:-0.99 10:-1.35 11:+1.06 12:+1.63 13:-2.64 14:+2.09 15:-1.37 16:-0.77 17:-1.41 18:-1.19 19:-1.84 20:+0.56 21:+0.37 22:-0.39 23:-0.22 24:+0.65 25:+0.03 26:+0.08,False,False,False,2643,-0.46576,15
group,metals,large,26,80/20,8,False,307,-0.0037915,-0.015,-0.013929,0.52117,-0.41723,0.40697,-0.19694,0.88118,11/20,-2.6407,2013,0.82684,-0.85918,0.041824,0.85539,3.772,3.5728,-0.045616,-0.17333,164,143,0.17031,-0.20346,0.50678,0.42768,2007-01-14,2026-08-09,07:+1.44 08:+0.97 09:-0.99 10:-1.35 11:+1.06 12:+1.63 13:-2.64 14:+2.09 15:-1.37 16:+0.16 17:-0.89 18:-1.57 19:-1.93 20:+1.02 21:-0.02 22:+0.55 23:+0.71 24:+1.31 25:+1.76 26:-0.81,False,False,False,1682,-0.17606,5
market,XAUUSD,large,26,80/20,8,False,101,-0.40734,-0.9245,-0.92911,0.53465,-0.45408,-0.36152,-0.31388,-1.04,8/20,-3.9942,2013,-0.5913,-0.74974,0.48656,0.3424,0.86105,0.86535,-0.8939,-1.872,49,52,0.037249,-0.82628,0.3797,0.33154,2007-01-14,2026-08-09,07:+1.44 08:+0.12 09:-1.75 10:-1.30 11:-0.15 12:+0.89 13:-3.99 14:+1.95 15:-0.75 16:-0.35 17:-1.59 18:-0.72 19:-3.15 20:+0.83 21:+0.04 22:+0.33 23:+2.11 24:-0.67 25:-0.92 26:-1.69,False,False,False,542,-0.43076,1
market,XAGUSD,large,26,80/20,8,False,87,1.0221,1.9582,1.9696,0.56322,0.79476,1.2442,0.8459,2.0249,11/19,-1.9157,2026,1.1029,-0.46073,0.17914,1.4828,3.1254,3.1435,0.84292,1.5716,48,39,1.2276,0.76915,0.36577,0.29954,2008-12-07,2026-06-28,08:+5.22 09:-0.22 10:-1.40 11:+2.28 12:+2.37 13:-1.29 14:+2.23 15:+3.16 16:-1.30 17:+0.56 18:-1.44 19:-1.28 20:+4.49 21:+0.54 22:-0.17 23:+1.94 24:+2.03 25:+4.38 26:-1.92,False,True,False,479,0.37849,1
market,XPTUSD,large,26,80/20,8,False,57,-0.037485,-0.081058,-0.081779,0.5614,-0.83823,0.73565,-0.37955,1.393,6/12,-3.7378,2015,-0.037485,-1.2753,-0.7709,1.2378,2.9668,2.9932,0.73342,1.5801,32,25,-0.5583,0.62916,0.76777,0.68055,2015-03-29,2026-07-19,15:-3.74 16:+2.03 17:+0.79 18:-1.32 19:-0.67 20:-0.66 21:-1.25 22:+0.47 23:+2.60 24:+2.16 25:+1.79 26:-1.33,False,True,False,300,-0.012322,1
market,XPDUSD,large,26,80/20,8,False,56,-1.0773,-1.8431,-1.8598,0.375,-2.1955,0.040873,-1.526,0.56806,5/12,-5.0101,2015,-1.0773,-1.3441,-0.35423,0.26682,0.50651,0.5111,-0.72306,-1.2051,33,23,-0.78558,-1.4958,0.7089,0.56989,2015-06-07,2026-06-28,15:-5.01 16:+2.27 17:-3.33 18:-2.55 19:-2.95 20:-0.90 21:+0.70 22:+1.59 23:-2.97 24:+1.23 25:+0.52 26:-0.47,False,False,False,334,-0.85278,1
market,XCUUSD,large,26,80/20,8,False,6,2.2537,1.5289,1.6748,0.66667,3.0084,1.4989,,2.2537,3/3,1.4989,2026,2.2537,-8.0621e-05,1.9817,2.2538,1.971,2.1592,0.27203,0.20613,2,4,5.4862,0.63743,0.32479,0.17427,2024-12-30,2026-07-26,24:+5.76 25:+1.63 26:+1.50,False,True,False,27,1.651,1
group,energy,large,26,80/20,8,False,88,-0.80815,-1.2138,-1.3381,0.44318,-1.4306,-0.18566,-1.4536,0.21691,4/11,-4.9867,2016,-0.19649,-1.6644,1.1816,0.85624,1.647,1.794,-1.9897,-2.8761,50,38,2.3473,-4.9601,1.9305,1.6917,2016-06-05,2026-08-02,16:-4.99 17:-4.01 18:+0.07 19:-1.49 20:-1.58 21:+1.22 22:-2.57 23:-1.51 24:+0.46 25:+0.53 26:-0.71,False,False,False,427,-1.1376,3
market,USOIL.cash,large,26,80/20,8,False,28,0.50107,0.50033,0.50951,0.64286,0.746,0.25614,0.79361,0.16352,4/6,-4.9799,2026,0.50107,-0.35265,1.4459,0.85372,1.2973,1.3211,-0.9448,-0.87707,21,7,2.3798,-5.135,1.8834,0.92408,2021-02-14,2026-07-12,21:+2.10 22:+1.36 23:-0.67 24:+1.04 25:+1.15 26:-4.98,False,False,False,138,0.42998,1
market,UKOIL.cash,large,26,80/20,8,False,52,-1.6238,-1.7067,-1.7233,0.34615,-2.214,-1.0336,-2.3179,0.45842,3/11,-5.7229,2022,-1.6238,-2.3737,1.6048,0.74987,0.9744,0.98391,-3.2286,-3.4085,24,28,2.918,-5.5168,2.0819,2.2036,2016-06-05,2026-08-02,16:-4.99 17:-4.01 18:+0.07 19:-1.49 20:-1.58 21:+0.35 22:-5.72 23:-2.52 24:-0.24 25:-0.65 26:+3.61,False,False,False,260,-1.9693,1
market,NATGAS.cash,large,26,80/20,8,False,8,-0.088774,-0.054581,-0.05835,0.375,2.9917,-3.1692,,-0.088774,2/3,-2.1896,2026,-0.088774,-1.6452,-2.4942,1.5564,0.90207,0.96436,2.4054,1.5065,5,3,-0.5284,0.64394,1.1112,1.0514,2024-11-24,2026-07-26,24:+0.35 25:+1.38 26:-2.19,False,True,False,29,-1.1396,1
group,grains,large,26,80/20,8,False,43,0.19241,0.29655,0.2939,0.51163,-0.14194,0.51156,-0.24993,0.3095,1/4,-0.92465,2025,0.19241,-1.7154,-1.2048,1.9078,3.3459,3.1618,1.3972,2.3028,24,19,-0.75911,1.3943,0.68663,0.66061,2023-04-30,2026-07-19,23:-0.25 24:-0.35 25:-0.92 26:+2.85,False,True,False,237,-0.64435,3
market,WHEAT.c,large,26,80/20,8,False,14,1.2497,1.3763,1.4283,0.64286,1.6368,0.8626,2.3775,0.94209,3/4,-0.82965,2025,1.2497,-1.2072,0.062435,2.4569,3.4732,3.6043,1.1872,1.2782,7,7,1.3601,1.1393,0.42107,0.38824,2023-04-30,2026-07-19,23:+2.38 24:+1.08 25:-0.83 26:+2.13,False,True,False,77,1.0115,1
market,CORN.c,large,26,80/20,8,False,16,-1.0965,-0.8163,-0.84307,0.375,-1.2032,-0.98987,-1.1955,-1.0635,1/4,-2.8762,2025,-1.0965,-2.3562,-2.6334,1.2596,1.0039,1.0368,1.5368,1.1835,10,6,-2.9275,1.9551,1.1238,1.1507,2023-04-30,2026-05-03,23:-1.20 24:-1.60 25:-2.88 26:+4.16,False,True,False,93,-2.036,1
market,SOYBEAN.c,large,26,80/20,8,False,13,0.64021,0.69517,0.72355,0.53846,-0.70817,1.796,-2.2999,1.1748,3/4,-2.2999,2023,0.64021,-1.4739,-0.81114,2.1141,2.5564,2.6608,1.4514,1.794,7,6,0.21946,1.1311,0.43453,0.35079,2023-10-01,2026-07-06,23:-2.30 24:+0.09 25:+0.96 26:+2.92,False,True,False,67,-0.61556,1
group,softs,large,26,80/20,8,False,49,-0.66753,-0.70485,-0.72766,0.36735,-0.43985,-0.8861,-0.73731,-0.64963,1/4,-1.754,2025,-0.66753,-1.8199,1.125,1.1524,1.3977,1.4061,-1.7926,-1.7396,29,20,1.0497,-3.1575,0.60954,0.40199,2023-04-02,2026-08-09,23:-0.74 24:+0.79 25:-1.75 26:-0.31,False,False,False,297,-0.9981,4
market,SUGAR.c,large,26,80/20,8,False,7,-0.62479,-0.38203,-0.41264,0.42857,0.034281,-1.1191,,-0.62479,1/2,-1.1191,2026,-0.62479,-3.0158,-0.98695,2.391,1.3888,1.5001,0.36216,0.18052,4,3,0.38869,-1.9761,0.78256,0.59048,2025-01-20,2026-07-26,25:+0.03 26:-1.12,False,True,False,41,-3.5196,1
market,COFFEE.c,large,26,80/20,8,False,17,0.22488,0.15777,0.16263,0.41176,-1.0822,1.3868,1.0168,-0.10506,2/4,-1.7829,2025,0.22488,-1.0945,1.0371,1.3194,1.0732,1.1062,-0.81226,-0.53053,10,7,1.6929,-1.8723,0.58777,0.40423,2023-04-16,2026-08-02,23:+1.02 24:-1.62 25:-1.78 26:+4.72,False,False,False,96,-0.40809,1
market,COCOA.c,large,26,80/20,8,False,18,-0.1675,-0.091569,-0.094223,0.38889,0.65818,-0.99318,-2.4914,0.72629,2/4,-2.4914,2023,-0.1675,-1.2606,2.6171,1.0931,0.731,0.75219,-2.7846,-1.4623,12,6,1.7693,-4.0411,0.28062,0.23915,2023-04-02,2026-08-09,23:-2.49 24:+2.72 25:-2.45 26:+1.41,False,False,False,117,0.36024,1
market,COTTON.c,large,26,80/20,8,False,7,-4.1633,-1.5154,-1.6368,0.14286,-3.0917,-4.967,,-4.1633,0/2,-6.557,2026,-4.1633,-3.8238,-0.3863,-0.33955,-0.11727,-0.12667,-3.777,-1.1091,3,4,-3.0917,-4.967,1.3352,0.62681,2025-01-26,2026-06-28,25:-2.37 26:-6.56,False,False,False,43,-3.607,1
pooled,us_index,large,26,80/20,8,False,71,-0.74321,-1.4369,-1.5676,0.50704,-0.5783,-0.90353,-0.6018,-1.0034,2/9,-2.3302,2020,-1.1331,-0.57744,0.46401,-0.16577,-0.34783,-0.37784,-1.2072,-2.2612,35,36,0.77157,-2.2159,0.41991,0.39769,2018-02-11,2026-08-09,18:+1.97 19:+3.81 20:-2.33 21:-0.27 22:-1.87 23:-0.49 24:-1.59 25:-0.00 26:-1.31,False,False,False,322,-0.20702,2
market,US500.cash,large,26,80/20,8,False,39,-0.64063,-0.91273,-0.92466,0.51282,0.53623,-1.7587,-0.18717,-1.6609,3/9,-4.6443,2026,-0.64063,-0.7657,0.18316,0.12507,0.19846,0.20106,-0.82379,-1.1068,19,20,1.1877,-2.3776,0.48448,0.45387,2018-02-11,2026-07-26,18:+1.97 19:+3.81 20:-0.35 21:-1.07 22:-1.82 23:-1.70 24:-2.52 25:+0.82 26:-4.64,False,False,False,187,-0.0058018,1
market,US100.cash,large,26,80/20,8,False,32,-0.86822,-1.1177,-1.1356,0.5,-1.2473,-0.48912,-1.191,-0.39643,3/7,-3.9138,2020,-0.86822,-0.34799,0.8063,-0.52023,-0.70974,-0.72109,-1.6745,-2.1846,16,16,0.27736,-2.0138,0.34121,0.32922,2020-02-16,2026-08-09,20:-3.91 21:+0.74 22:-1.92 23:+0.71 24:-0.97 25:-1.37 26:+1.20,False,False,False,135,-0.48575,1
pooled,commodities15,large,26,90/10,1,False,1704,-0.049889,-1.3544,-1.2511,0.50763,-0.017856,-0.081922,0.021933,-0.19978,7/20,-0.61902,2013,-0.1464,-0.2246,-0.068982,0.17471,4.7695,4.3951,0.019093,0.51163,921,783,0.063916,-0.18375,0.1644,0.08238,2007-01-14,2026-09-27,07:-0.13 08:+0.25 09:-0.08 10:-0.31 11:-0.24 12:+0.26 13:-0.62 14:+0.67 15:+0.25 16:-0.06 17:+0.47 18:-0.32 19:-0.18 20:-0.00 21:-0.03 22:+0.15 23:+0.13 24:-0.12 25:-0.34 26:-0.15,False,True,False,1848,-0.064352,15
group,metals,large,26,90/10,1,False,1090,0.0092385,0.20798,0.18282,0.52385,0.01808,0.00039689,0.024877,-0.064368,10/20,-0.61902,2013,-0.25656,-0.2101,-0.086596,0.21934,4.9195,4.3173,0.095834,2.1119,600,490,0.04217,-0.031086,0.12814,0.051598,2007-01-14,2026-09-27,07:-0.13 08:+0.25 09:-0.08 10:-0.31 11:-0.24 12:+0.26 13:-0.62 14:+0.67 15:+0.25 16:+0.08 17:+0.44 18:-0.32 19:-0.29 20:+0.09 21:-0.18 22:+0.06 23:+0.39 24:+0.10 25:-0.12 26:-0.19,False,True,False,1167,-0.0073466,5
market,XAUUSD,large,26,90/10,1,False,366,0.01202,0.15535,0.15557,0.54372,0.067617,-0.043578,0.065837,-0.27377,10/20,-0.65747,2019,-0.27747,-0.15978,0.038572,0.1718,2.2118,2.2148,-0.026552,-0.3367,187,179,0.17416,-0.15737,0.05867,0.040147,2007-01-14,2026-08-30,07:-0.13 08:+0.18 09:-0.13 10:-0.11 11:-0.40 12:+0.32 13:-0.33 14:+0.72 15:+0.36 16:+0.00 17:+0.69 18:-0.48 19:-0.66 20:+0.26 21:+0.28 22:+0.05 23:+0.54 24:-0.31 25:-0.01 26:-0.42,False,False,False,385,0.004803,1
market,XAGUSD,large,26,90/10,1,False,297,0.04175,0.48785,0.48867,0.53535,-0.022545,0.10561,0.048346,0.0091679,11/19,-0.96356,2013,0.054756,-0.15603,-0.086382,0.19778,2.2858,2.2896,0.12813,1.4775,160,137,0.01754,0.070025,0.11353,0.034771,2008-12-07,2026-08-09,08:+1.15 09:-0.02 10:-0.56 11:-0.13 12:+0.19 13:-0.96 14:+0.60 15:+0.35 16:-0.30 17:+0.72 18:-0.00 19:+0.03 20:+0.22 21:+0.18 22:-0.03 23:+0.55 24:+0.05 25:+0.13 26:-0.06,False,True,False,314,0.042146,1
market,XPTUSD,large,26,90/10,1,False,182,0.035899,0.35054,0.35151,0.52198,0.12943,-0.057634,0.022487,0.14454,7/12,-1.5504,2025,0.031662,-0.29687,-0.25504,0.33277,3.3737,3.383,0.29094,2.7529,101,81,-0.069304,0.16708,0.18542,0.080571,2015-03-29,2026-08-02,15:+0.76 16:+0.41 17:+0.77 18:-0.38 19:-0.11 20:+0.11 21:-0.56 22:+0.03 23:+0.35 24:+1.08 25:-1.55 26:-0.09,False,True,False,200,-0.00087415,1
market,XPDUSD,large,26,90/10,1,False,225,-0.076333,-0.82068,-0.82251,0.47111,-0.10729,-0.045654,-0.074165,-0.08551,4/12,-0.41815,2021,0.012217,-0.29899,-0.1759,0.22266,2.3455,2.3507,0.099569,1.0459,148,77,-0.055048,-0.11724,0.21836,0.072822,2015-02-08,2026-08-30,15:-0.24 16:+0.91 17:-0.06 18:-0.32 19:-0.38 20:-0.13 21:-0.42 22:+0.22 23:+0.25 24:+0.29 25:-0.02 26:-0.41,False,True,False,246,-0.11505,1
market,XCUUSD,large,26,90/10,1,False,20,0.19561,0.35679,0.36606,0.6,0.27796,0.11326,,0.19561,3/3,0.16398,2026,0.19561,-0.1443,0.15721,0.33991,0.61222,0.62812,0.038403,0.069884,4,16,1.2687,-0.072667,0.080267,0.008618,2024-12-30,2026-09-27,24:+0.73 25:+0.18 26:+0.16,False,True,False,22,0.21913,1
group,energy,large,26,90/10,1,False,272,-0.089471,-0.86079,-0.87433,0.51471,0.039644,-0.21859,0.042606,-0.35656,5/11,-0.59972,2016,-0.43331,-0.20978,0.098974,0.1203,1.2148,1.2298,-0.18845,-1.8183,146,126,0.44838,-0.7127,0.27175,0.23348,2016-06-05,2026-09-27,16:-0.60 17:+0.65 18:-0.33 19:+0.15 20:-0.49 21:+0.39 22:+0.34 23:+0.08 24:-0.24 25:-0.58 26:-0.21,False,False,False,282,-0.09336,3
market,USOIL.cash,large,26,90/10,1,False,84,0.10311,0.54742,0.55071,0.61905,0.53946,-0.33323,0.38594,-0.33399,5/6,-1.9032,2026,-0.16351,-0.062442,0.17085,0.16556,0.89762,0.90301,-0.067732,-0.35267,62,22,0.45984,-0.90221,0.21641,0.085141,2021-03-14,2026-07-19,21:+0.61 22:+0.42 23:+0.10 24:+0.27 25:+0.08 26:-1.90,False,False,False,86,0.13224,1
market,UKOIL.cash,large,26,90/10,1,False,168,-0.13983,-1.0886,-1.0919,0.49405,-0.1966,-0.083048,-0.091059,-0.31249,6/11,-1.1705,2025,-0.13944,-0.23858,0.1619,0.098755,0.83241,0.8349,-0.30172,-2.3925,70,98,0.61509,-0.67905,0.27789,0.31403,2016-06-05,2026-09-27,16:-0.60 17:+0.65 18:-0.33 19:+0.15 20:-0.49 21:+0.07 22:+0.24 23:+0.04 24:-0.62 25:-1.17 26:+1.12,False,False,False,174,-0.15348,1
market,NATGAS.cash,large,26,90/10,1,False,20,-0.47534,-1.0385,-1.0655,0.25,-0.014852,-0.93584,,-0.47534,0/3,-1.7807,2024,-0.47534,-0.58661,-0.73143,0.11127,0.22787,0.23379,0.25608,0.5547,14,6,-0.43593,-0.56731,0.4526,0.17984,2024-11-24,2026-09-27,24:-1.78 25:-0.60 26:-0.29,False,True,False,22,-0.49977,1
group,grains,large,26,90/10,1,False,136,-0.17831,-1.5522,-1.4917,0.45588,-0.31563,-0.040991,0.076047,-0.2503,2/4,-0.67539,2024,0.079585,-0.20972,-0.31304,0.031415,0.26502,0.25411,0.13473,1.1824,71,65,-0.31066,-0.033743,0.17369,0.082185,2023-04-30,2026-09-27,23:+0.08 24:-0.68 25:-0.31 26:+0.54,False,True,False,157,-0.16194,3
market,WHEAT.c,large,26,90/10,1,False,38,0.10336,0.46874,0.47503,0.57895,-0.15035,0.35706,0.55225,-0.056961,3/4,-0.8078,2024,0.10336,-0.16878,-0.14138,0.27214,1.1977,1.2137,0.24473,1.1271,20,18,0.072162,0.13802,0.12362,0.052673,2023-04-30,2026-09-07,23:+0.55 24:-0.81 25:+0.27 26:+0.54,False,True,False,40,0.090179,1
market,CORN.c,large,26,90/10,1,False,62,-0.4411,-2.55,-2.5708,0.3871,-0.46856,-0.41363,-0.14098,-0.52072,1/4,-0.83718,2025,-0.41031,-0.20233,-0.4092,-0.23877,-1.3301,-1.341,-0.031893,-0.18056,33,29,-0.67557,-0.17428,0.23155,0.12386,2023-04-30,2026-09-27,23:-0.14 24:-0.76 25:-0.84 26:+0.56,False,False,False,74,-0.34735,1
market,SOYBEAN.c,large,26,90/10,1,False,36,-0.023043,-0.11279,-0.11439,0.44444,-0.31511,0.26902,-0.2012,0.01996,2/4,-0.35705,2024,-0.023043,-0.26568,-0.32863,0.24263,1.1594,1.1759,0.30558,1.5206,18,18,-0.067004,0.020917,0.12688,0.041573,2023-10-08,2026-09-27,23:-0.20 24:-0.36 25:+0.12 26:+0.49,False,True,False,43,-0.077374,1
group,softs,large,26,90/10,1,False,206,-0.2257,-1.989,-1.976,0.4466,-0.11722,-0.33419,-0.17398,-0.23855,1/4,-0.3731,2025,-0.354,-0.33074,-0.036425,0.10504,0.92312,0.90267,-0.18928,-1.6769,104,102,-0.09464,-0.35933,0.20836,0.045874,2023-04-02,2026-09-27,23:-0.17 24:+0.19 25:-0.37 26:-0.33,False,False,False,242,-0.24214,4
market,SUGAR.c,large,26,90/10,1,False,31,-0.52943,-2.3497,-2.3886,0.32258,-0.68457,-0.384,,-0.52943,0/2,-0.66011,2025,-0.52943,-0.69045,-0.41282,0.16101,0.65829,0.66918,-0.11661,-0.51357,17,14,-0.63287,-0.40384,0.51386,0.070901,2025-01-20,2026-09-27,25:-0.66 26:-0.42,False,False,False,40,-0.53766,1
market,COFFEE.c,large,26,90/10,1,False,63,-0.10899,-0.52312,-0.52732,0.49206,-0.26134,0.038588,-0.099736,-0.1127,1/4,-0.37541,2024,-0.11453,-0.20865,0.099373,0.099655,0.48047,0.48433,-0.20837,-0.97565,31,32,0.12994,-0.34046,0.093566,0.075855,2023-04-16,2026-08-30,23:-0.10 24:-0.38 25:-0.12 26:+0.32,False,False,False,75,-0.14769,1
market,COCOA.c,large,26,90/10,1,False,82,-0.032587,-0.16914,-0.17018,0.4878,0.15491,-0.22009,-0.23209,0.045187,2/4,-0.485,2025,0.053787,-0.17464,0.1315,0.14205,0.72352,0.72798,-0.16408,-0.8643,51,31,0.0078856,-0.09917,0.072449,0.026418,2023-04-02,2026-09-07,23:-0.23 24:+0.56 25:-0.48 26:+0.03,False,False,False,93,-0.056626,1
market,COTTON.c,large,26,90/10,1,False,30,-0.68478,-2.4609,-2.5029,0.36667,-0.88893,-0.48064,,-0.68478,0/2,-0.81053,2026,-0.68478,-0.64211,-0.39164,-0.042667,-0.15467,-0.15732,-0.29314,-1.0193,5,25,-0.70282,-0.68117,0.50524,0.010234,2025-02-02,2026-09-07,25:-0.27 26:-0.81,False,False,False,34,-0.61024,1
pooled,us_index,large,26,90/10,1,False,201,-0.072888,-0.64629,-0.66005,0.47264,0.014308,-0.15922,-0.01442,-0.17112,4/9,-0.34959,2022,-0.20206,-0.089621,0.05867,0.016733,0.14478,0.14842,-0.13156,-1.1574,89,112,0.21878,-0.30466,0.059373,0.045259,2018-02-11,2026-09-27,18:+0.37 19:+0.74 20:+0.12 21:-0.04 22:-0.35 23:+0.00 24:-0.09 25:-0.20 26:-0.24,False,False,False,209,-0.077333,2
market,US500.cash,large,26,90/10,1,False,121,-0.099451,-0.68626,-0.68911,0.44628,-0.049465,-0.14862,-0.011824,-0.28369,5/9,-0.665,2026,-0.13791,-0.085128,0.021972,-0.014323,-0.095531,-0.095928,-0.12142,-0.82991,59,62,0.12178,-0.30998,0.065704,0.056274,2018-02-11,2026-08-23,18:+0.37 19:+0.74 20:+0.21 21:-0.38 22:-0.44 23:+0.09 24:-0.23 25:+0.14 26:-0.66,False,False,False,124,-0.10236,1
market,US100.cash,large,26,90/10,1,False,80,-0.032712,-0.18112,-0.18226,0.5125,0.10997,-0.17539,-0.019258,-0.049157,3/7,-1.1996,2025,-0.053016,-0.096418,0.11417,0.063706,0.34926,0.35146,-0.14689,-0.80864,30,50,0.40954,-0.29806,0.049796,0.028598,2020-02-16,2026-09-27,20:-0.04 21:+0.27 22:-0.23 23:-0.32 24:+0.00 25:-1.20 26:+0.21,False,False,False,85,-0.040829,1
pooled,commodities15,large,26,90/10,4,False,648,-0.089903,-0.7116,-0.70988,0.50463,0.028176,-0.20798,0.010538,-0.28802,10/20,-1.2477,2013,0.12874,-0.67222,0.049479,0.58232,5.0003,4.7906,-0.13938,-1.0493,353,295,0.30465,-0.56203,0.42452,0.34598,2007-01-14,2026-09-07,07:+1.42 08:+0.88 09:+0.37 10:-1.08 11:-0.30 12:+0.05 13:-1.25 14:+2.39 15:+0.25 16:-0.69 17:+1.12 18:-0.87 19:-0.98 20:+0.31 21:+0.18 22:-0.09 23:+0.16 24:-0.26 25:-0.53 26:-0.08,False,False,False,1825,-0.29051,15
group,metals,large,26,90/10,4,False,400,0.027631,0.18621,0.1716,0.5275,0.14128,-0.086019,0.11153,-0.34819,10/20,-1.2477,2013,-0.29096,-0.56038,-0.0685,0.58801,4.274,3.8925,0.096132,0.60665,220,180,0.11332,-0.077095,0.28783,0.2112,2007-01-14,2026-09-06,07:+1.42 08:+0.88 09:+0.37 10:-1.08 11:-0.30 12:+0.05 13:-1.25 14:+2.39 15:+0.25 16:-0.16 17:+1.33 18:-0.79 19:-1.15 20:+0.66 21:-0.45 22:+0.04 23:+0.63 24:-0.03 25:-0.51 26:-0.59,False,True,False,1160,-0.14228,5
market,XAUUSD,large,26,90/10,4,False,129,0.14887,0.51434,0.51634,0.51938,0.23073,0.068268,0.35531,-1.1242,10/20,-2.2887,2019,0.011398,-0.47588,0.21316,0.62474,2.3118,2.3208,-0.064291,-0.20975,68,61,0.58557,-0.33795,0.19158,0.1724,2007-01-14,2026-08-09,07:+1.42 08:+0.58 09:-0.60 10:-0.19 11:-1.66 12:-0.28 13:-0.58 14:+2.15 15:+0.84 16:+0.11 17:+1.73 18:-1.79 19:-2.29 20:+1.40 21:+1.10 22:+1.54 23:+1.09 24:-1.40 25:-0.15 26:-1.40,False,False,False,385,-0.17104,1
market,XAGUSD,large,26,90/10,4,False,110,0.28821,1.0225,1.0272,0.60909,0.20658,0.36985,0.34384,0.0039124,12/19,-2.156,2010,0.44373,-0.42434,-0.049446,0.71255,2.7143,2.7267,0.33766,1.1439,59,51,0.25612,0.32534,0.22115,0.13943,2008-12-07,2026-08-02,08:+3.64 09:+1.19 10:-2.16 11:+0.54 12:+0.30 13:-2.05 14:+2.63 15:+1.16 16:-1.43 17:+2.36 18:+0.46 19:+0.06 20:+1.32 21:-0.53 22:-0.99 23:+3.38 24:-0.35 25:+2.06 26:-0.12,False,True,False,314,0.20153,1
market,XPTUSD,large,26,90/10,4,False,70,-0.046697,-0.12616,-0.12707,0.51429,0.28478,-0.37817,0.076482,-0.70738,6/12,-3.8991,2025,-0.13806,-0.79131,-0.5196,0.74462,2.221,2.2371,0.47291,1.1195,38,32,-0.2667,0.21455,0.42533,0.3197,2015-03-29,2026-07-26,15:+0.16 16:+0.40 17:+2.31 18:-0.42 19:-0.95 20:+0.48 21:-1.13 22:-0.62 23:+1.64 24:+0.99 25:-3.90 26:-0.34,False,True,False,198,-0.10494,1
market,XPDUSD,large,26,90/10,4,False,83,-0.50084,-1.9614,-1.9733,0.42169,-0.54578,-0.45696,-0.60176,-0.13639,3/12,-1.5722,2019,-0.55693,-0.66953,-0.24182,0.1687,0.71634,0.72069,-0.25901,-0.96985,53,30,-0.44175,-0.60523,0.41901,0.29016,2015-02-08,2026-08-30,15:-1.11 16:+1.40 17:-0.56 18:-1.05 19:-1.57 20:-0.15 21:-1.41 22:+0.42 23:-1.31 24:+1.61 25:-0.48 26:-1.09,False,False,False,243,-0.7324,1
market,XCUUSD,large,26,90/10,4,False,8,0.62288,0.76655,0.81948,0.75,1.4966,-0.2508,,0.62288,3/3,0.10951,2026,0.62288,-0.64052,0.87311,1.2634,1.3857,1.4814,-0.25023,-0.32461,2,6,1.7732,0.23943,0.19257,0.054871,2024-12-30,2026-09-06,24:+2.00 25:+1.22 26:+0.11,False,False,False,20,1.8139,1
group,energy,large,26,90/10,4,False,116,-0.26195,-0.78947,-0.77701,0.48276,-0.52215,-0.001745,-0.30798,-0.17107,4/11,-2.5921,2016,-0.025067,-0.83518,0.63869,0.57323,2.0704,2.0471,-0.90064,-2.6894,63,53,1.3077,-2.1277,0.94678,0.91167,2016-06-05,2026-09-06,16:-2.59 17:+0.21 18:-1.20 19:-0.51 20:-1.56 21:+1.50 22:-0.35 23:+0.22 24:-0.61 25:-0.27 26:+0.39,False,False,False,276,-0.6367,3
market,USOIL.cash,large,26,90/10,4,False,35,0.29567,0.48873,0.49586,0.57143,1.7523,-1.08,1.0963,-0.90528,4/6,-5.0727,2026,0.29567,-0.19011,0.80686,0.48578,0.92393,0.93741,-0.51119,-0.80916,26,9,1.2242,-2.3868,0.84188,0.3655,2021-03-14,2026-07-19,21:+2.90 22:+0.40 23:+0.36 24:+0.87 25:-0.53 26:-5.07,False,False,False,86,-0.033386,1
market,UKOIL.cash,large,26,90/10,4,False,72,-0.60269,-1.3728,-1.3825,0.43056,-1.2595,0.054094,-0.83458,0.20893,4/11,-2.6923,2024,-0.52829,-1.1714,0.83019,0.56868,1.5876,1.5988,-1.4329,-3.4209,31,41,1.5644,-2.2412,1.0232,1.2088,2016-06-05,2026-09-06,16:-2.59 17:+0.21 18:-1.20 19:-0.51 20:-1.56 21:+0.10 22:-0.93 23:+0.06 24:-2.69 25:-1.05 26:+4.62,False,False,False,171,-0.90962,1
market,NATGAS.cash,large,26,90/10,4,False,9,0.29548,0.49328,0.5232,0.55556,0.72503,-0.048164,,0.29548,2/3,-0.82032,2026,0.29548,-0.65421,-1.5473,0.94969,1.3397,1.421,1.8428,2.8195,6,3,0.34315,0.20013,0.74362,0.65888,2024-11-24,2026-08-23,24:+1.00 25:+1.23 26:-0.82,False,True,False,19,-0.91114,1
group,grains,large,26,90/10,4,False,57,-0.18434,-0.5137,-0.45633,0.49123,-0.48122,0.1023,0.43731,-0.35011,3/4,-1.3505,2024,-0.18434,-0.88414,-0.79938,0.6998,1.8706,1.6484,0.61503,1.6667,31,26,-0.4359,0.1156,0.3892,0.31035,2023-04-30,2026-09-07,23:+0.44 24:-1.35 25:+0.12 26:+0.61,False,True,False,151,-0.43618,3
market,WHEAT.c,large,26,90/10,4,False,19,0.15088,0.26631,0.27361,0.52632,0.16686,0.13649,1.8402,-0.29961,3/4,-1.1718,2024,0.15088,-0.78751,-0.098342,0.93839,1.5738,1.6169,0.24922,0.41598,10,9,0.513,-0.25148,0.26123,0.20296,2023-04-30,2026-09-07,23:+1.84 24:-1.17 25:+0.30 26:+0.02,False,True,False,40,0.40697,1
market,CORN.c,large,26,90/10,4,False,22,-0.79746,-1.2684,-1.2982,0.45455,-0.94768,-0.64725,-0.097211,-1.0034,1/4,-2.4391,2024,-0.79746,-1.0113,-1.3279,0.21387,0.32028,0.32781,0.53046,0.83416,12,10,-1.7163,0.30515,0.59994,0.49005,2023-04-30,2026-08-30,23:-0.10 24:-2.44 25:-0.83 26:+2.49,False,True,False,71,-1.0002,1
market,SOYBEAN.c,large,26,90/10,4,False,16,0.26063,0.39393,0.40685,0.5,-0.070504,0.59177,-0.54235,0.44594,2/4,-0.54235,2023,0.26063,-0.82401,-0.9051,1.0846,1.5983,1.6507,1.1657,1.666,9,7,0.21697,0.31677,0.25142,0.19077,2023-10-08,2026-08-30,23:-0.54 24:+0.21 25:+0.94 26:-0.46,False,True,False,40,-0.27818,1
group,softs,large,26,90/10,4,False,75,-0.37888,-0.7882,-0.75895,0.42667,-0.17965,-0.57288,-0.96236,-0.24497,1/4,-1.145,2025,-0.43852,-0.8556,0.41252,0.47671,1.0277,1.0185,-0.79141,-1.6317,39,36,0.35231,-1.171,0.3726,0.21697,2023-04-02,2026-09-07,23:-0.96 24:+1.16 25:-1.14 26:-0.06,False,False,False,238,-0.51911,4
market,SUGAR.c,large,26,90/10,4,False,12,-1.2204,-1.1718,-1.2239,0.33333,-1.1395,-1.3013,,-1.2204,0/2,-1.3013,2026,-1.2204,-1.5889,-0.75632,0.36849,0.34625,0.36164,-0.46409,-0.42682,7,5,-1.032,-1.4841,0.55254,0.28771,2025-01-20,2026-09-07,25:-1.14 26:-1.30,False,False,False,37,-1.2633,1
market,COFFEE.c,large,26,90/10,4,False,24,-0.14864,-0.16989,-0.17354,0.54167,-0.98836,0.69107,-0.1462,-0.14965,1/4,-2.1674,2024,-0.14864,-0.57047,0.50845,0.42183,0.49078,0.50133,-0.65709,-0.69663,11,13,1.2416,-1.325,0.30806,0.32037,2023-04-16,2026-08-30,23:-0.15 24:-2.17 25:-0.69 26:+3.46,False,False,False,75,-0.28019,1
market,COCOA.c,large,26,90/10,4,False,27,0.37094,0.45934,0.46809,0.37037,0.6766,0.08711,-1.7785,1.1232,2/4,-1.7785,2023,0.37094,-0.28863,1.0308,0.65956,0.86372,0.88017,-0.65987,-0.84098,18,9,1.0204,-0.92802,0.16252,0.12451,2023-04-02,2026-08-16,23:-1.78 24:+3.54 25:-0.91 26:+0.45,False,False,False,93,0.1476,1
market,COTTON.c,large,26,90/10,4,False,12,-1.6849,-1.325,-1.3839,0.41667,-2.2121,-1.1578,,-1.6849,0/2,-2.416,2025,-1.6849,-1.9682,-0.0016288,0.28328,0.21653,0.22616,-1.6833,-1.3204,3,9,-3.6867,-1.0177,0.79445,0.14747,2025-02-02,2026-09-07,25:-2.42 26:-1.32,False,False,False,33,-2.1066,1
pooled,us_index,large,26,90/10,4,False,86,-0.48681,-1.2665,-1.3739,0.44186,-0.63113,-0.34249,-0.69476,-0.098635,4/9,-1.2824,2020,-0.53365,-0.24084,0.14568,-0.24597,-0.68267,-0.73945,-0.63249,-1.5861,42,44,0.35106,-1.2866,0.21002,0.19587,2018-02-11,2026-09-06,18:+0.70 19:+1.61 20:-1.28 21:-0.85 22:-0.96 23:-1.02 24:-0.64 25:+0.02 26:+0.39,False,False,False,206,-0.47201,2
market,US500.cash,large,26,90/10,4,False,49,-0.39344,-0.90156,-0.9109,0.44898,-0.12362,-0.65246,-0.30655,-0.59037,4/9,-2.0576,2021,-0.39344,-0.19342,-0.01915,-0.20002,-0.48779,-0.49284,-0.37429,-0.82335,25,24,0.45495,-1.2772,0.23525,0.23822,2018-02-11,2026-08-09,18:+0.70 19:+1.61 20:+0.51 21:-2.06 22:-1.79 23:-0.19 24:-1.92 25:+0.98 26:-1.28,False,False,False,124,-0.36303,1
market,US100.cash,large,26,90/10,4,False,37,-0.61046,-0.88683,-0.89906,0.43243,-1.0757,-0.16967,-1.2947,0.3931,3/7,-3.3706,2020,-0.61046,-0.30363,0.36398,-0.30683,-0.47607,-0.48264,-0.97444,-1.3752,17,20,0.19828,-1.2979,0.17661,0.13979,2020-02-16,2026-09-06,20:-3.37 21:+0.36 22:-0.14 23:-2.28 24:+0.42 25:-1.89 26:+1.50,False,False,False,82,-0.6368,1
pooled,commodities15,large,26,90/10,8,False,405,-0.26387,-1.0091,-0.94752,0.48395,-0.35727,-0.17094,-0.28665,-0.21623,9/20,-3.9733,2013,-0.49664,-1.1679,0.23671,0.90401,4.0607,3.7358,-0.50059,-1.8064,217,188,0.63554,-1.302,0.7678,0.69941,2007-01-14,2026-08-09,07:+3.49 08:+0.13 09:-0.22 10:-2.38 11:+1.35 12:+3.01 13:-3.97 14:+2.43 15:+0.90 16:-1.21 17:-0.69 18:-1.51 19:-1.46 20:-0.03 21:+0.27 22:-1.03 23:+0.10 24:+0.12 25:-0.53 26:-0.23,False,False,False,1790,-0.57635,15
group,metals,large,26,90/10,8,False,253,0.17679,0.64814,0.59017,0.52964,-0.029353,0.38131,0.070532,0.66794,11/20,-3.9733,2013,0.86235,-0.81413,-0.00052434,0.99092,4.1604,3.7885,0.17731,0.6112,134,119,0.44607,-0.12643,0.49581,0.40979,2007-01-14,2026-08-09,07:+3.49 08:+0.13 09:-0.22 10:-2.38 11:+1.35 12:+3.01 13:-3.97 14:+2.43 15:+0.90 16:-0.14 17:-0.28 18:-1.72 19:-1.32 20:+0.51 21:-0.54 22:+0.06 23:+1.60 24:+0.33 25:+2.42 26:-0.33,False,True,False,1146,-0.2432,5
market,XAUUSD,large,26,90/10,8,False,84,-0.26261,-0.502,-0.50502,0.53571,-0.0069277,-0.51828,-0.013715,-1.9143,9/20,-4.531,2013,-0.28881,-0.78725,0.45385,0.52465,1.1532,1.1601,-0.71645,-1.2591,42,42,0.40768,-0.93289,0.36981,0.32837,2007-01-14,2026-08-09,07:+3.49 08:-0.72 09:-1.64 10:-1.85 11:-0.29 12:+2.29 13:-4.53 14:+0.80 15:+2.49 16:-0.37 17:+0.05 18:-4.04 19:-3.36 20:+1.88 21:+0.04 22:+0.46 23:+3.24 24:-3.30 25:-0.91 26:-0.61,False,False,False,382,-0.47866,1
market,XAGUSD,large,26,90/10,8,False,72,1.0598,1.9558,1.9695,0.56944,1.0993,1.0203,0.9452,1.6956,13/19,-3.2296,2013,1.0618,-0.4288,0.049737,1.4886,3.0423,3.0636,1.0101,1.7851,37,35,1.3233,0.78131,0.36226,0.26939,2008-12-07,2026-08-02,08:+5.22 09:+1.56 10:-2.91 11:+2.66 12:+3.59 13:-3.23 14:+3.65 15:+2.52 16:-1.41 17:+0.58 18:+1.20 19:+0.31 20:+0.60 21:-0.79 22:-0.66 23:+3.75 24:+1.23 25:+7.21 26:-0.48,False,True,False,314,0.17577,1
market,XPTUSD,large,26,90/10,8,False,45,0.29581,0.5717,0.57816,0.55556,0.15173,0.43363,0.063512,1.3702,6/12,-1.6999,2021,0.29581,-1.2029,-0.9534,1.4987,3.4978,3.5374,1.2492,2.3031,24,21,-0.38728,1.0765,0.75765,0.65098,2015-03-29,2026-07-26,15:-0.26 16:+0.00 17:+2.49 18:-0.98 19:-0.89 20:+0.42 21:-1.70 22:-0.50 23:+1.94 24:+1.79 25:+3.25 26:-1.35,False,True,False,196,-0.13141,1
market,XPDUSD,large,26,90/10,8,False,46,-0.76939,-1.4007,-1.4162,0.3913,-1.7854,0.24658,-1.1982,0.9937,5/12,-4.6057,2015,-0.76939,-1.1972,-0.23531,0.42785,0.87492,0.88458,-0.53408,-0.94096,29,17,-0.22606,-1.6962,0.70006,0.57222,2015-06-14,2026-06-14,15:-4.61 16:+2.33 17:-3.46 18:-2.24 19:-2.58 20:-0.59 21:+0.07 22:+0.95 23:-1.66 24:+1.13 25:+2.77 26:-0.92,False,False,False,238,-0.7014,1
market,XCUUSD,large,26,90/10,8,False,6,2.093,1.7369,1.9026,0.83333,2.7478,1.4383,,2.093,3/3,1.2414,2025,2.093,0.038562,1.9817,2.0545,2.3897,2.6178,0.11139,0.11095,2,4,4.769,0.75505,0.33259,0.17996,2024-12-30,2026-08-09,24:+5.76 25:+1.24 26:+1.44,False,True,False,16,2.602,1
group,energy,large,26,90/10,8,False,72,-1.3337,-1.5836,-1.5953,0.43056,-1.8941,-0.77318,-1.6385,-0.68413,1/11,-4.9867,2016,-1.0328,-1.7531,1.242,0.41939,0.6349,0.62361,-2.5756,-3.0518,40,32,1.9863,-5.4836,1.8657,1.9312,2016-06-05,2026-07-19,16:-4.99 17:-2.40 18:-0.77 19:-1.84 20:-3.42 21:+1.90 22:-3.48 23:-1.03 24:-0.49 25:-1.07 26:-0.26,False,False,False,273,-1.4133,3
market,USOIL.cash,large,26,90/10,8,False,24,-0.19663,-0.1402,-0.14322,0.625,1.4906,-1.8839,0.79053,-1.8419,2/6,-10.146,2026,-0.19663,-0.38714,1.5656,0.19051,0.18018,0.18405,-1.7622,-1.1675,17,7,2.1083,-5.7944,1.7814,1.0626,2021-03-14,2026-07-19,21:+2.90 22:-0.31 23:-0.24 24:+1.49 25:-0.74 26:-10.15,False,False,False,86,0.42446,1
market,UKOIL.cash,large,26,90/10,8,False,42,-2.0177,-1.7363,-1.7574,0.33333,-2.5186,-1.5167,-2.7102,0.92555,2/11,-6.0101,2022,-2.0177,-2.5217,1.5759,0.504,0.55369,0.5604,-3.5936,-3.2686,18,24,2.76,-5.6009,2.0351,2.4744,2016-06-05,2026-05-10,16:-4.99 17:-2.40 18:-0.77 19:-1.84 20:-3.42 21:+0.22 22:-6.01 23:-1.97 24:-4.87 25:-2.76 26:+14.09,False,False,False,170,-2.2865,1
market,NATGAS.cash,large,26,90/10,8,False,6,-1.0937,-0.46846,-0.51317,0.33333,2.9939,-5.1812,,-1.0937,2/3,-4.7178,2026,-1.0937,-1.8364,-2.3901,0.74271,0.29947,0.32805,1.2964,0.57459,5,1,-1.2138,-0.49334,1.0169,1.6032,2024-11-24,2026-05-31,24:+0.35 25:+0.84 26:-4.72,False,True,False,17,-1.9781,1
group,grains,large,26,90/10,8,False,36,0.049976,0.073265,0.071898,0.38889,0.18815,-0.088197,-0.00537,0.065789,1/4,-0.52269,2024,0.049976,-1.6516,-1.1899,1.7016,2.7103,2.4939,1.2399,1.8457,19,17,-0.94461,1.1616,0.64957,0.57556,2023-04-30,2026-07-26,23:-0.01 24:-0.52 25:-0.27 26:+1.51,False,True,False,146,-0.80104,3
market,WHEAT.c,large,26,90/10,8,False,13,1.1392,1.1349,1.1813,0.38462,2.4328,0.030449,2.8251,0.6335,3/4,-1.7704,2025,1.1392,-0.88653,0.1558,2.0258,2.4718,2.5727,0.98344,0.90615,6,7,1.5823,0.75945,0.40152,0.35684,2023-04-30,2026-07-26,23:+2.83 24:+1.22 25:-1.77 26:+1.24,False,True,False,39,1.3863,1
market,CORN.c,large,26,90/10,8,False,13,-0.76971,-0.54508,-0.56733,0.38462,-0.44666,-1.0466,-1.2264,-0.6327,1/4,-1.7823,2025,-0.76971,-2.1259,-2.5231,1.3562,0.95368,0.99262,1.7534,1.2644,7,6,-2.7728,1.5672,1.0709,0.92312,2023-04-30,2026-05-10,23:-1.23 24:-1.39 25:-1.78 26:+2.98,False,True,False,69,-2.1323,1
market,SOYBEAN.c,large,26,90/10,8,False,10,-0.30048,-0.29621,-0.31223,0.4,-1.8153,1.2143,-2.4194,0.22926,1/4,-2.4194,2023,-0.30048,-2.0297,-1.2063,1.7292,1.9141,2.0177,0.90581,0.96371,6,4,-1.3387,1.2568,0.42434,0.40806,2023-10-08,2026-03-15,23:-2.42 24:-1.41 25:+1.62 26:-0.39,False,True,False,38,-0.62861,1
group,softs,large,26,90/10,8,False,44,-1.3039,-1.2526,-1.21,0.38636,-0.61554,-1.9923,-1.4312,-1.2712,1/4,-2.6662,2025,-1.3039,-1.8486,1.1231,0.54467,0.57161,0.58832,-2.427,-2.2055,24,20,0.69308,-3.7003,0.63201,0.45035,2023-04-02,2026-08-09,23:-1.43 24:+1.28 25:-2.67 26:-1.04,False,False,False,225,-1.1119,4
market,SUGAR.c,large,26,90/10,8,False,6,-2.3873,-1.1019,-1.207,0.33333,-1.2298,-3.5448,,-2.3873,0/2,-3.5448,2026,-2.3873,-2.6002,-1.3236,0.21287,0.099024,0.10848,-1.0637,-0.40508,4,2,-0.58351,-5.9948,0.79644,0.71757,2025-01-20,2026-07-12,25:-1.23 26:-3.54,False,False,False,33,-3.5534,1
market,COFFEE.c,large,26,90/10,8,False,14,-0.97144,-0.65539,-0.68013,0.35714,-1.1909,-0.75202,-0.10607,-1.3176,1/4,-3.4469,2025,-0.97144,-1.3901,0.92064,0.41864,0.27975,0.29031,-1.8921,-1.1948,7,7,0.57183,-2.5147,0.61969,0.61071,2023-04-16,2026-06-14,23:-0.11 24:-2.64 25:-3.45 26:+5.99,False,False,False,72,-0.68216,1
market,COCOA.c,large,26,90/10,8,False,17,-0.092211,-0.047871,-0.049344,0.41176,1.1529,-1.199,-2.4914,0.90744,2/4,-2.908,2025,-0.092211,-0.98897,2.3856,0.89676,0.51879,0.53475,-2.4778,-1.2734,11,6,2.0617,-4.0411,0.28751,0.23666,2023-04-02,2026-08-09,23:-2.49 24:+4.22 25:-2.91 26:+1.41,False,False,False,91,0.24783,1
market,COTTON.c,large,26,90/10,8,False,7,-3.983,-1.2646,-1.3659,0.42857,-2.4793,-5.1108,,-3.983,0/2,-5.1108,2026,-3.983,-4.209,0.55907,0.22606,0.077731,0.083959,-4.542,-1.2535,2,5,-3.857,-4.0333,1.3523,0.41957,2025-02-02,2026-07-12,25:-2.48 26:-5.11,False,False,False,29,-3.6672,1
pooled,us_index,large,26,90/10,8,False,56,-0.84722,-1.5152,-1.6152,0.5,-0.96683,-0.72762,-0.96098,-0.6257,3/9,-2.4079,2022,-0.84722,-0.33095,0.33803,-0.51628,-1.0204,-1.059,-1.1853,-2.0204,26,30,0.6055,-2.1063,0.41888,0.37469,2018-02-11,2026-08-09,18:+1.97 19:+4.10 20:-2.07 21:-0.19 22:-2.41 23:-1.76 24:-0.71 25:+0.37 26:-1.52,False,False,False,202,-0.55359,2
market,US500.cash,large,26,90/10,8,False,32,-0.32218,-0.41648,-0.42314,0.5625,0.49273,-1.1371,-0.081379,-0.85193,3/9,-3.6138,2022,-0.32218,-0.56331,0.13892,0.24114,0.35336,0.35901,-0.46109,-0.58642,14,18,1.6069,-1.8226,0.47753,0.41653,2018-02-11,2026-08-02,18:+1.97 19:+4.10 20:-0.98 21:-0.01 22:-3.61 23:-0.40 24:-2.34 25:+2.19 26:-3.41,False,False,False,122,-0.38904,1
market,US100.cash,large,26,90/10,8,False,24,-1.5473,-1.9466,-1.9885,0.41667,-1.9219,-1.1727,-2.2511,-0.37434,2/7,-3.5678,2023,-1.5473,-0.021122,0.60351,-1.5262,-2.1287,-2.1745,-2.1508,-2.5031,12,12,-0.56278,-2.5318,0.34067,0.3189,2020-02-16,2026-08-09,20:-2.95 21:-0.56 22:-1.44 23:-3.57 24:+0.51 25:-3.25 26:+0.37,False,False,False,80,-0.80452,1
pooled,commodities15,large,52,80/20,1,False,2225,-0.098057,-3.049,-2.7601,0.4809,-0.038523,-0.15754,-0.029728,-0.22924,8/20,-0.5666,2007,-0.26021,-0.22893,-0.085597,0.13087,4.0616,3.6685,-0.01246,-0.38106,1290,935,-0.010788,-0.21846,0.1645,0.07687,2007-07-01,2026-09-27,07:-0.57 08:+0.07 09:-0.28 10:-0.56 11:-0.02 12:+0.12 13:-0.42 14:+0.37 15:+0.13 16:-0.09 17:+0.12 18:-0.27 19:-0.01 20:+0.02 21:-0.03 22:+0.02 23:+0.03 24:-0.26 25:-0.33 26:-0.12,False,False,False,2451,-0.10965,15
group,metals,large,52,80/20,1,False,1387,-0.030426,-0.76457,-0.64962,0.49964,-0.049041,-0.011837,-0.019684,-0.081507,10/20,-0.5666,2007,-0.23962,-0.23087,-0.10943,0.20045,4.9704,4.2397,0.079002,1.945,798,589,-0.03454,-0.024852,0.12784,0.054162,2007-07-01,2026-09-27,07:-0.57 08:+0.07 09:-0.28 10:-0.56 11:-0.02 12:+0.12 13:-0.42 14:+0.37 15:+0.13 16:+0.06 17:+0.08 18:-0.30 19:-0.12 20:+0.14 21:+0.00 22:-0.02 23:+0.17 24:-0.03 25:+0.06 26:-0.18,False,True,False,1496,-0.040544,5
market,XAUUSD,large,52,80/20,1,False,449,-0.10003,-1.4755,-1.4771,0.5078,-0.083914,-0.11607,-0.049301,-0.38923,9/20,-0.5666,2007,-0.3671,-0.17913,0.018477,0.079103,1.1609,1.1622,-0.1185,-1.7019,239,210,0.024756,-0.24204,0.060345,0.042604,2007-07-01,2026-06-14,07:-0.57 08:-0.01 09:-0.43 10:-0.14 11:+0.12 12:+0.18 13:-0.49 14:+0.23 15:+0.18 16:+0.18 17:+0.56 18:-0.33 19:-0.55 20:+0.05 21:+0.46 22:-0.12 23:+0.08 24:-0.34 25:-0.40 26:-0.47,False,False,False,475,-0.080019,1
market,XAGUSD,large,52,80/20,1,False,387,0.042565,0.52606,0.52674,0.50388,-0.0048485,0.089735,0.070943,-0.090561,11/19,-0.9701,2010,-0.017829,-0.19532,-0.10431,0.23788,2.8962,2.9,0.14687,1.7954,212,175,-0.031806,0.13266,0.11365,0.034449,2008-12-07,2026-09-27,08:+0.63 09:-0.12 10:-0.97 11:-0.12 12:+0.05 13:-0.33 14:+0.46 15:+0.40 16:-0.19 17:+0.57 18:-0.24 19:+0.08 20:+0.38 21:+0.12 22:+0.15 23:+1.09 24:-0.21 25:+0.74 26:-0.17,False,True,False,408,0.029941,1
market,XPTUSD,large,52,80/20,1,False,232,0.13178,1.4835,1.4867,0.53879,0.070559,0.19301,0.087476,0.4682,7/12,-0.39957,2018,0.32158,-0.26921,-0.26202,0.401,4.4644,4.474,0.39381,4.3913,148,84,0.021187,0.32665,0.18771,0.09116,2015-03-01,2026-08-23,15:+0.33 16:-0.00 17:+0.47 18:-0.40 19:+0.03 20:+0.24 21:-0.20 22:-0.08 23:+0.51 24:+0.70 25:-0.05 26:+0.14,False,True,False,255,0.095874,1
market,XPDUSD,large,52,80/20,1,False,293,-0.16046,-1.9022,-1.9054,0.45392,-0.19458,-0.12657,-0.18453,-0.051443,3/12,-0.51244,2017,-0.025972,-0.33208,-0.20928,0.17162,1.9879,1.9913,0.048824,0.56807,198,95,-0.15882,-0.16388,0.20725,0.074118,2015-02-08,2026-09-27,15:-0.25 16:+0.33 17:-0.51 18:-0.25 19:+0.59 20:-0.01 21:-0.29 22:-0.05 23:-0.27 24:+0.12 25:-0.18 26:-0.15,False,True,False,329,-0.18928,1
market,XCUUSD,large,52,80/20,1,False,26,0.10302,0.27029,0.27565,0.46154,0.16376,0.042279,,0.10302,1/2,-0.10264,2026,0.10302,-0.17119,0.092406,0.27421,0.70665,0.72065,0.010611,0.028333,1,25,1.5735,0.044198,0.075571,-0.007848,2025-03-09,2026-09-27,25:+0.97 26:-0.10,False,True,False,29,0.10226,1
group,energy,large,52,80/20,1,False,359,-0.070457,-0.79556,-0.79993,0.50418,-0.096227,-0.04483,-0.045353,-0.11745,5/11,-0.81412,2016,0.17476,-0.15079,0.077454,0.080332,0.94251,0.92982,-0.14791,-1.6831,229,130,0.31043,-0.74141,0.27763,0.17241,2016-06-12,2026-09-27,16:-0.81 17:+0.51 18:-0.16 19:+0.34 20:-0.60 21:-0.10 22:+0.09 23:+0.13 24:-0.35 25:-0.30 26:+0.24,False,False,False,379,-0.081301,3
market,USOIL.cash,large,52,80/20,1,False,124,0.29699,2.0669,2.0753,0.64516,0.36108,0.23289,0.25278,0.37194,6/6,0.16328,2025,0.26703,0.10459,0.15176,0.19239,1.3079,1.3132,0.14523,1.0116,108,16,0.40662,-0.44303,0.20781,-0.025677,2021-07-25,2026-07-19,21:+0.46 22:+0.19 23:+0.24 24:+0.57 25:+0.16 26:+0.63,False,True,False,128,0.30765,1
market,UKOIL.cash,large,52,80/20,1,False,201,-0.21375,-1.8051,-1.8096,0.46269,-0.18409,-0.24312,-0.19442,-0.28077,3/11,-0.82481,2024,-0.18897,-0.24111,0.16869,0.02736,0.24722,0.24784,-0.38244,-3.2653,95,106,0.44819,-0.807,0.28415,0.28986,2016-06-12,2026-09-27,16:-0.81 17:+0.51 18:-0.16 19:+0.34 20:-0.60 21:-0.59 22:-0.09 23:-0.04 24:-0.82 25:-0.80 26:+1.36,False,False,False,213,-0.23636,1
market,NATGAS.cash,large,52,80/20,1,False,34,-0.56342,-1.8843,-1.9126,0.23529,-0.44204,-0.68479,,-0.56342,0/3,-1.0716,2024,-0.56342,-0.54821,-0.73289,-0.01521,-0.048839,-0.049573,0.16948,0.56313,26,8,-0.59242,-0.46915,0.49366,0.20055,2024-11-24,2026-09-27,24:-1.07 25:-0.67 26:-0.48,False,False,False,38,-0.52231,1
group,grains,large,52,80/20,1,False,214,-0.17651,-2.0478,-1.8725,0.42991,-0.17769,-0.17532,0.016911,-0.22235,2/4,-0.43002,2025,0.11459,-0.25477,-0.30787,0.07826,0.87905,0.80978,0.13136,1.5264,113,101,-0.2726,-0.069002,0.16731,0.084838,2023-04-30,2026-09-27,23:+0.02 24:-0.34 25:-0.43 26:+0.16,False,True,False,255,-0.12081,3
market,WHEAT.c,large,52,80/20,1,False,64,-0.0011926,-0.0073709,-0.0074292,0.54688,0.13497,-0.13736,0.68837,-0.099701,2/4,-0.26174,2025,0.015124,-0.19375,-0.16688,0.19256,1.1307,1.1396,0.16569,1.0356,28,36,-0.045019,0.032894,0.13222,0.036217,2023-04-30,2026-09-20,23:+0.69 24:-0.13 25:-0.26 26:+0.07,False,True,False,73,0.12355,1
market,CORN.c,large,52,80/20,1,False,83,-0.3068,-2.1212,-2.1341,0.37349,-0.29853,-0.31488,-0.20406,-0.34619,1/4,-0.72672,2025,-0.34619,-0.2574,-0.417,-0.049399,-0.33108,-0.33309,0.1102,0.74767,51,32,-0.42447,-0.11928,0.22604,0.15833,2023-04-30,2026-09-27,23:-0.20 24:-0.53 25:-0.73 26:+0.39,False,False,False,102,-0.27197,1
market,SOYBEAN.c,large,52,80/20,1,False,67,-0.18256,-1.299,-1.3088,0.38806,-0.25208,-0.11508,-0.012021,-0.21248,1/4,-0.32395,2024,-0.24447,-0.30979,-0.30734,0.12722,0.88942,0.89613,0.12478,0.89256,34,33,-0.23221,-0.13141,0.12807,0.04024,2023-10-01,2026-09-27,23:-0.01 24:-0.32 25:-0.27 26:+0.02,False,True,False,80,-0.15104,1
group,softs,large,52,80/20,1,False,265,-0.42607,-4.2886,-4.414,0.39245,-0.49273,-0.35992,-0.26227,-0.45692,0/4,-0.47507,2024,-0.30303,-0.30374,-0.0022632,-0.12233,-1.2309,-1.2754,-0.42381,-4.1733,150,115,-0.1776,-0.75017,0.20086,0.059858,2023-04-02,2026-09-27,23:-0.26 24:-0.48 25:-0.46 26:-0.43,False,False,False,321,-0.45631,4
market,SUGAR.c,large,52,80/20,1,False,37,-0.79687,-3.3079,-3.3535,0.21622,-0.67422,-0.91307,,-0.79687,0/2,-0.91307,2026,-0.79687,-0.62777,-0.43475,-0.1691,-0.75301,-0.7634,-0.36212,-1.4444,26,11,-0.48129,-1.5428,0.52057,0.097466,2025-01-20,2026-09-27,25:-0.67 26:-0.91,False,False,False,46,-0.79571,1
market,COFFEE.c,large,52,80/20,1,False,88,-0.29365,-1.6138,-1.623,0.43182,-0.43447,-0.15283,-0.12345,-0.32315,1/4,-0.61556,2024,-0.26766,-0.31815,0.19986,0.024502,0.13743,0.13822,-0.49351,-2.6002,39,49,0.23246,-0.71239,0.09997,0.085052,2023-04-23,2026-09-27,23:-0.12 24:-0.62 25:-0.19 26:+0.32,False,False,False,109,-0.32748,1
market,COCOA.c,large,52,80/20,1,False,102,-0.24618,-1.5564,-1.564,0.46078,-0.18591,-0.30645,-0.32451,-0.21507,1/4,-0.40012,2025,-0.2676,-0.037151,0.14411,-0.20903,-1.2522,-1.2584,-0.39029,-2.3938,72,30,-0.16964,-0.42988,0.071539,0.024543,2023-04-02,2026-06-22,23:-0.32 24:-0.26 25:-0.40 26:+0.13,False,False,False,120,-0.32497,1
market,COTTON.c,large,52,80/20,1,False,38,-0.85456,-3.4745,-3.5211,0.28947,-1.2595,-0.44966,,-0.85456,0/3,-1.0521,2024,-0.85456,-0.67045,-0.44214,-0.18411,-0.72565,-0.73539,-0.41242,-1.6539,13,25,-0.84451,-0.85979,0.4703,0.059688,2024-12-30,2026-09-27,24:-1.05 25:-0.85 26:-0.85,False,False,False,46,-0.76482,1
pooled,us_index,large,52,80/20,1,False,235,-0.042385,-0.41327,-0.43847,0.48936,-0.032659,-0.05203,-0.040196,-0.045612,6/9,-0.38988,2022,0.03929,-0.12557,0.035139,0.083181,0.82691,0.88265,-0.077524,-0.75399,112,123,0.19447,-0.25806,0.056484,0.043465,2018-01-28,2026-09-27,18:+0.91 19:+1.01 20:+0.04 21:-0.09 22:-0.39 23:+0.13 24:-0.18 25:+0.02 26:+0.01,False,False,False,249,-0.063984,2
market,US500.cash,large,52,80/20,1,False,150,-0.032276,-0.24535,-0.24617,0.49333,-0.045206,-0.019346,-0.027878,-0.041071,5/9,-0.53081,2026,-0.17227,-0.15156,-0.0023021,0.11928,0.93185,0.93498,-0.029974,-0.2261,78,72,0.084485,-0.15877,0.061431,0.050978,2018-01-28,2026-08-23,18:+0.91 19:+1.01 20:+0.03 21:-0.19 22:-0.39 23:+0.07 24:-0.31 25:+0.48 26:-0.53,False,False,False,159,-0.052897,1
market,US100.cash,large,52,80/20,1,False,85,-0.060225,-0.36763,-0.36981,0.48235,-0.1084,-0.013168,-0.070989,-0.050658,4/7,-0.77173,2025,0.0015219,-0.079695,0.10121,0.019469,0.11946,0.12016,-0.16144,-0.99593,34,51,0.44678,-0.39823,0.047755,0.030207,2020-09-13,2026-09-27,20:+0.07 21:+0.01 22:-0.40 23:+0.37 24:-0.04 25:-0.77 26:+0.42,False,False,False,90,-0.083571,1
pooled,commodities15,large,52,80/20,4,False,734,-0.24378,-2.0009,-1.8989,0.48093,-0.095145,-0.39241,-0.10314,-0.51771,6/20,-1.171,2013,-0.49807,-0.7304,0.0096364,0.48662,4.2424,4.058,-0.25341,-1.9588,421,313,0.15633,-0.78194,0.41889,0.32555,2007-07-01,2026-09-07,07:-0.61 08:+0.71 09:-0.37 10:-1.04 11:+0.06 12:+0.36 13:-1.17 14:+1.63 15:-0.02 16:-0.47 17:+0.03 18:-0.53 19:-0.53 20:-0.27 21:-0.01 22:+0.46 23:-0.08 24:-0.69 25:-0.62 26:-0.22,False,False,False,2413,-0.31938,15
group,metals,large,52,80/20,4,False,451,-0.032114,-0.22618,-0.21488,0.50998,-0.1041,0.039548,0.0086071,-0.23626,10/20,-1.171,2013,-0.2005,-0.68222,-0.11845,0.65011,4.7261,4.4381,0.086336,0.56964,256,195,0.043992,-0.13203,0.28802,0.21813,2007-07-01,2026-09-06,07:-0.61 08:+0.71 09:-0.37 10:-1.04 11:+0.06 12:+0.36 13:-1.17 14:+1.63 15:-0.02 16:+0.06 17:-0.05 18:-0.61 19:-1.06 20:+0.50 21:+0.15 22:+0.68 23:+0.50 24:+0.09 25:-0.26 26:-0.57,False,True,False,1478,-0.13399,5
market,XAUUSD,large,52,80/20,4,False,145,-0.18904,-0.74257,-0.74514,0.55172,-0.03433,-0.34164,0.01208,-1.5228,10/20,-2.5728,2019,-0.42222,-0.62394,0.1816,0.43489,1.7989,1.8051,-0.37064,-1.3326,77,68,0.2285,-0.66184,0.19394,0.17687,2007-07-01,2026-06-07,07:-0.61 08:+0.35 09:-1.37 10:-0.21 11:+0.35 12:+0.81 13:-1.65 14:+2.25 15:+0.65 16:+0.08 17:+0.95 18:-1.29 19:-2.57 20:-0.15 21:+1.34 22:+1.41 23:+0.66 24:-1.43 25:-1.68 26:-1.54,False,False,False,475,-0.17157,1
market,XAGUSD,large,52,80/20,4,False,130,0.2978,1.037,1.041,0.53846,0.064269,0.53133,0.38125,-0.16117,10/19,-1.7104,2010,0.49505,-0.54737,-0.10327,0.84517,3.0374,3.0491,0.40107,1.3474,70,60,0.36235,0.2225,0.22513,0.14151,2008-12-07,2026-08-23,08:+3.64 09:+0.51 10:-1.71 11:-0.17 12:-0.14 13:-0.56 14:+1.28 15:+0.64 16:-0.85 17:+1.56 18:-0.52 19:-0.36 20:+2.60 21:+0.88 22:+1.30 23:+1.89 24:-0.97 25:+2.11 26:-0.49,False,True,False,405,0.12303,1
market,XPTUSD,large,52,80/20,4,False,77,0.24341,0.78153,0.78666,0.50649,-0.15873,0.63525,0.022199,1.5707,7/12,-0.98107,2019,0.36386,-0.71141,-0.57014,0.95482,3.1736,3.1944,0.81356,2.4371,48,29,0.022523,0.60903,0.43695,0.35976,2015-03-29,2026-08-23,15:+0.20 16:-0.45 17:+1.31 18:-0.87 19:-0.98 20:+0.85 21:-0.76 22:-0.62 23:+1.86 24:+2.08 25:+1.84 26:+0.29,False,True,False,251,0.097389,1
market,XPDUSD,large,52,80/20,4,False,90,-0.46383,-1.61,-1.6191,0.41111,-0.53552,-0.39214,-0.56336,-0.0035233,5/12,-2.1524,2017,-0.27698,-0.93465,-0.32728,0.47082,1.6763,1.6857,-0.13655,-0.45437,60,30,-0.47219,-0.44711,0.41488,0.29651,2015-02-08,2026-09-06,15:-1.54 16:+2.21 17:-2.15 18:+0.15 19:+1.65 20:-0.16 21:-0.72 22:+0.42 23:-1.25 24:+1.45 25:-1.44 26:-0.50,False,False,False,320,-0.61593,1
market,XCUUSD,large,52,80/20,4,False,9,-0.30941,-0.29069,-0.30832,0.44444,0.34938,-0.83644,,-0.30941,0/2,-0.37935,2026,-0.30941,-0.79528,0.78086,0.48587,0.35108,0.37237,-1.0903,-1.0066,1,8,-4.4462,0.20769,0.16916,-0.0057589,2025-03-09,2026-08-23,25:-0.17 26:-0.38,False,False,False,27,0.23289,1
group,energy,large,52,80/20,4,False,124,-0.18649,-0.52589,-0.53122,0.45968,-0.52399,0.151,-0.32377,0.063111,6/11,-4.0198,2020,0.18218,-0.76124,0.54918,0.57475,1.9242,1.9126,-0.73567,-2.069,75,49,1.2603,-2.401,0.95878,0.77083,2016-06-12,2026-08-30,16:-2.58 17:+0.91 18:-0.24 19:+1.42 20:-4.02 21:-0.38 22:+0.13 23:+0.52 24:-1.07 25:+0.32 26:+1.01,False,False,False,374,-0.22187,3
market,USOIL.cash,large,52,80/20,4,False,40,0.85621,1.5596,1.5795,0.55,1.6968,0.015579,1.1479,0.41874,6/6,0.098545,2026,0.85621,0.042594,0.69819,0.81362,1.5703,1.5903,0.15803,0.28571,34,6,1.2689,-1.4826,0.80886,-0.033955,2021-07-25,2026-07-12,21:+2.48 22:+1.20 23:+0.39 24:+0.56 25:+0.45 26:+0.10,False,True,False,128,0.83573,1
market,UKOIL.cash,large,52,80/20,4,False,73,-0.76392,-1.5179,-1.5284,0.41096,-1.4284,-0.1174,-0.95447,-0.1362,4/11,-4.0198,2020,-0.83488,-1.1611,0.79005,0.39716,0.96633,0.97302,-1.554,-3.1661,33,40,1.6636,-2.7666,1.0702,1.2212,2016-06-12,2026-08-02,16:-2.58 17:+0.91 18:-0.24 19:+1.42 20:-4.02 21:-1.65 22:-1.31 23:+0.66 24:-2.35 25:-0.48 26:+6.46,False,False,False,211,-0.79912,1
market,NATGAS.cash,large,52,80/20,4,False,11,-0.14615,-0.21962,-0.23034,0.45455,1.1907,-1.2602,,-0.14615,2/3,-1.2602,2026,-0.14615,-1.0308,-1.5912,0.88462,1.333,1.398,1.445,2.1055,8,3,-0.43991,0.63721,0.76478,0.70843,2024-11-24,2026-08-30,24:+1.00 25:+1.24 26:-1.26,False,True,False,35,-0.60965,1
group,grains,large,52,80/20,4,False,72,-0.40118,-1.2487,-1.1473,0.47222,-0.41606,-0.3863,-0.59768,-0.35375,1/4,-0.92019,2025,-0.48057,-0.86754,-0.7675,0.46636,1.4098,1.3287,0.36632,1.1485,37,35,-0.69596,-0.089549,0.37697,0.32296,2023-04-30,2026-08-30,23:-0.60 24:-0.47 25:-0.92 26:+0.46,False,True,False,247,-0.35622,3
market,WHEAT.c,large,52,80/20,4,False,22,0.38887,0.75646,0.77426,0.54545,0.66226,0.11548,1.5682,0.20266,3/4,-0.38128,2025,0.38887,-0.79494,-0.18293,1.1838,2.1878,2.2392,0.57181,1.0868,9,13,0.085627,0.59881,0.24626,0.12928,2023-04-30,2026-08-30,23:+1.57 24:+0.32 25:-0.38 26:+0.53,False,True,False,71,0.33101,1
market,CORN.c,large,52,80/20,4,False,27,-0.71521,-1.2218,-1.2451,0.37037,-1.0432,-0.41064,-1.5434,-0.36648,1/4,-1.5434,2023,-0.71521,-0.90888,-1.3012,0.19367,0.31772,0.32378,0.58602,1.0349,17,10,-1.0235,-0.19109,0.5918,0.6294,2023-04-30,2026-08-30,23:-1.54 24:-0.69 25:-1.41 26:+1.40,False,True,False,99,-0.93653,1
market,SOYBEAN.c,large,52,80/20,4,False,23,-0.78823,-1.4715,-1.5046,0.52174,-0.82923,-0.75066,-0.24155,-0.87024,0/4,-1.0496,2024,-0.78823,-0.88846,-0.7001,0.10023,0.18601,0.19019,-0.088137,-0.1567,11,12,-0.82923,-0.75066,0.24981,0.14849,2023-10-01,2026-08-30,23:-0.24 24:-1.05 25:-0.89 26:-0.56,False,False,False,77,-0.24378,1
group,softs,large,52,80/20,4,False,87,-1.2924,-3.0642,-3.2271,0.36782,-1.6221,-0.97018,-1.2661,-1.2979,0/4,-1.7345,2024,-1.1216,-0.82267,0.54777,-0.46974,-1.1605,-1.2199,-1.8402,-4.0214,53,34,-0.2683,-2.8888,0.36254,0.24991,2023-04-02,2026-09-07,23:-1.27 24:-1.73 25:-1.26 26:-0.92,False,False,False,314,-1.2792,4
market,SUGAR.c,large,52,80/20,4,False,12,-1.9107,-2.4562,-2.5654,0.25,-0.27661,-3.5448,,-1.9107,0/2,-3.5448,2026,-1.9107,-1.4145,-0.75632,-0.4962,-0.61401,-0.64132,-1.1544,-1.1702,9,3,-0.94877,-4.7966,0.5783,0.39663,2025-01-20,2026-09-07,25:-0.28 26:-3.54,False,False,False,43,-2.0927,1
market,COFFEE.c,large,52,80/20,4,False,30,-0.86064,-1.2424,-1.2637,0.43333,-1.1452,-0.57604,0.30668,-1.1525,2/4,-2.1059,2024,-0.86064,-0.8858,0.75731,0.025162,0.035937,0.036551,-1.6179,-2.1584,15,15,0.65899,-2.3803,0.3131,0.28889,2023-04-23,2026-06-22,23:+0.31 24:-2.11 25:-0.90 26:+0.89,False,False,False,108,-0.97802,1
market,COCOA.c,large,52,80/20,4,False,33,-1.4597,-1.8105,-1.8386,0.33333,-1.8377,-1.1039,-2.3146,-1.1391,1/4,-2.5413,2025,-1.4597,-0.19096,1.1325,-1.2687,-1.7403,-1.7672,-2.5922,-3.0509,23,10,-0.45813,-3.7633,0.15846,0.094815,2023-04-02,2026-06-28,23:-2.31 24:-1.24 25:-2.54 26:+0.91,False,False,False,120,-1.0294,1
market,COTTON.c,large,52,80/20,4,False,12,-1.2935,-1.2735,-1.3301,0.41667,-0.83811,-1.749,,-1.2935,0/3,-2.5547,2024,-1.2935,-1.8102,-0.28007,0.51666,0.56156,0.58653,-1.0135,-0.94112,6,6,-0.83811,-1.749,0.8316,0.43229,2024-12-30,2026-08-23,24:-2.55 25:-1.01 26:-1.28,False,False,False,43,-1.9194,1
pooled,us_index,large,52,80/20,4,False,83,-0.19472,-0.6385,-0.66987,0.45783,-0.076489,-0.31014,-0.25435,-0.099679,4/9,-0.55958,2024,-0.36018,-0.44655,0.132,0.25183,0.83393,0.86282,-0.32672,-1.0284,39,44,0.58493,-0.88577,0.2031,0.16501,2018-01-28,2026-08-09,18:+1.00 19:+4.94 20:-0.54 21:-0.11 22:-0.54 23:-0.47 24:-0.56 25:+0.17 26:+0.05,False,False,False,248,-0.42009,2
market,US500.cash,large,52,80/20,4,False,50,-0.40664,-1.111,-1.1223,0.48,-0.3792,-0.43408,-0.36696,-0.48366,3/9,-1.8456,2024,-0.40664,-0.55872,-0.0078597,0.15209,0.42139,0.42567,-0.39878,-1.0456,25,25,0.19143,-1.0047,0.22376,0.18923,2018-01-28,2026-08-09,18:+1.00 19:+4.94 20:-0.36 21:-1.22 22:-1.12 23:-0.20 24:-1.85 25:+1.32 26:-1.64,False,False,False,159,-0.40137,1
market,US100.cash,large,52,80/20,4,False,33,0.12637,0.23743,0.24111,0.42424,0.3908,-0.12251,-0.04791,0.3355,4/7,-1.8357,2025,0.12637,-0.27658,0.34391,0.40295,0.75568,0.76739,-0.21755,-0.38923,14,19,1.2876,-0.72927,0.1718,0.12831,2020-09-13,2026-08-09,20:-0.89 21:+0.99 22:+0.30 23:-1.06 24:+0.73 25:-1.84 26:+1.46,False,False,False,89,-0.45352,1
pooled,commodities15,large,52,80/20,8,False,430,-0.65635,-2.6115,-2.5916,0.46047,-0.46774,-0.84495,-0.42079,-1.1098,8/20,-3.4616,2010,-0.21925,-1.3677,0.1592,0.71137,3.2342,3.3076,-0.81555,-2.9288,250,180,0.16205,-1.793,0.76918,0.68476,2007-07-01,2026-08-02,07:+0.51 08:+0.83 09:+0.26 10:-3.46 11:+0.92 12:+1.57 13:-2.73 14:+1.99 15:-0.80 16:-0.35 17:-1.06 18:-0.64 19:-2.12 20:+0.95 21:-0.14 22:-0.47 23:-0.38 24:-2.08 25:-1.15 26:+0.30,False,False,False,2372,-0.62906,15
group,metals,large,52,80/20,8,False,263,-0.13813,-0.52393,-0.50259,0.50951,-0.29522,0.017759,-0.080686,-0.42407,11/20,-3.4616,2010,-0.21926,-1.1675,-0.10063,1.0293,4.3564,4.3232,-0.0375,-0.12975,152,111,0.020288,-0.35507,0.50137,0.44707,2007-07-01,2026-07-06,07:+0.51 08:+0.83 09:+0.26 10:-3.46 11:+0.92 12:+1.57 13:-2.73 14:+1.99 15:-0.80 16:+0.85 17:-0.92 18:-0.72 19:-2.64 20:+2.34 21:+0.24 22:+0.49 23:+0.43 24:-0.20 25:-0.21 26:-1.00,False,False,False,1455,-0.27969,5
market,XAUUSD,large,52,80/20,8,False,86,-0.66089,-1.3412,-1.3491,0.48837,-0.24957,-1.0722,-0.35223,-2.7653,10/20,-5.9276,2019,-0.89216,-1.0041,0.41621,0.3432,0.81394,0.81872,-1.0771,-1.9398,46,40,0.11082,-1.5483,0.37649,0.36527,2007-07-01,2026-06-07,07:+0.51 08:-0.05 09:-2.95 10:-2.20 11:+2.30 12:+0.91 13:-4.09 14:+2.57 15:-0.75 16:+1.59 17:+0.87 18:-1.57 19:-5.93 20:+1.70 21:+0.20 22:+0.33 23:+1.09 24:-2.92 25:-3.04 26:-2.24,False,False,False,475,-0.48397,1
market,XAGUSD,large,52,80/20,8,False,76,0.65891,1.2857,1.2943,0.59211,0.67541,0.6424,0.86855,-0.72471,11/19,-4.3017,2010,0.79122,-0.85475,-0.10429,1.5137,3.0977,3.1183,0.7632,1.3427,44,32,0.47733,0.90857,0.37873,0.31637,2008-12-07,2026-06-28,08:+5.22 09:+2.82 10:-4.30 11:-0.23 12:+2.40 13:-1.37 14:+1.56 15:+3.10 16:-1.73 17:+0.69 18:-0.88 19:-0.08 20:+4.43 21:+1.10 22:+1.49 23:+2.73 24:-1.49 25:+1.49 26:-1.92,False,True,False,401,0.16656,1
market,XPTUSD,large,52,80/20,8,False,44,0.25709,0.42026,0.42512,0.59091,-0.5934,1.1076,-0.3426,2.9557,6/12,-3.0206,2015,0.25709,-1.3882,-1.1185,1.6453,3.1538,3.1902,1.3756,2.4854,29,15,-0.2255,1.1901,0.76493,0.73731,2015-03-29,2026-06-22,15:-3.02 16:+2.03 17:-0.47 18:-2.26 19:-2.53 20:+4.77 21:-0.75 22:-0.72 23:+1.13 24:+2.24 25:+9.54 26:+0.67,False,True,False,246,0.24576,1
market,XPDUSD,large,52,80/20,8,False,51,-0.78505,-1.538,-1.5533,0.39216,-1.15,-0.43417,-0.86293,-0.42159,7/12,-4.0919,2017,-0.78505,-1.6987,-0.26041,0.91365,2.0056,2.0256,-0.52464,-0.94364,32,19,-0.49461,-1.2742,0.69262,0.57845,2015-05-21,2026-07-06,15:-3.95 16:+1.64 17:-4.09 18:+1.33 19:-0.74 20:+0.34 21:+0.20 22:+0.67 23:-2.52 24:+0.81 25:-3.64 26:+1.94,False,False,False,310,-0.97153,1
market,XCUUSD,large,52,80/20,8,False,6,-0.14075,-0.11435,-0.12526,0.16667,1.0845,-1.366,,-0.14075,1/2,-1.366,2026,-0.14075,-1.3365,1.3601,1.1958,0.80357,0.88027,-1.5008,-1.3285,1,5,-0.64958,-0.038984,0.28621,0.029781,2025-03-09,2026-06-28,25:+1.08 26:-1.37,False,False,False,23,-0.13633,1
group,energy,large,52,80/20,8,False,76,-1.0882,-1.6158,-1.6483,0.42105,-2.0964,-0.080095,-1.68,-0.12907,2/11,-6.0162,2020,-0.84276,-1.6908,1.1377,0.60259,1.2123,1.2096,-2.2259,-3.2388,45,31,1.7498,-5.2079,1.8569,1.5881,2016-06-12,2026-08-02,16:-5.17 17:-2.39 18:-0.31 19:-0.45 20:-6.02 21:-0.99 22:-2.06 23:-0.14 24:-1.51 25:+0.31 26:+0.82,False,False,False,370,-0.539,3
market,USOIL.cash,large,52,80/20,8,False,25,1.4871,2.0686,2.1113,0.68,1.3417,1.6214,1.2161,1.8321,6/6,0.0032515,2023,1.4871,0.25502,1.3797,1.2321,1.787,1.8238,0.1075,0.15019,21,4,2.1717,-2.1066,1.6563,0.010527,2021-07-25,2026-07-12,21:+4.08 22:+0.79 23:+0.00 24:+2.83 25:+1.15 26:+2.39,False,True,False,128,1.942,1
market,UKOIL.cash,large,52,80/20,8,False,44,-2.4992,-2.4491,-2.4774,0.29545,-2.9428,-2.0556,-2.9087,-1.2708,2/11,-6.0162,2020,-2.4992,-2.8267,1.5785,0.32744,0.43254,0.43754,-4.0777,-3.9908,19,25,2.3971,-6.2204,2.0942,2.5282,2016-06-12,2026-08-02,16:-5.17 17:-2.39 18:-0.31 19:-0.45 20:-6.02 21:-4.04 22:-5.48 23:-0.29 24:-4.49 25:+0.20 26:+3.82,False,False,False,211,-1.8477,1
market,NATGAS.cash,large,52,80/20,8,False,7,-1.4168,-1.2855,-1.3885,0.28571,0.94776,-3.1903,,-1.4168,1/3,-2.2177,2026,-1.4168,-1.5006,-2.4974,0.083762,0.1118,0.12076,1.0806,1.0323,5,2,-2.4819,1.2459,1.0814,1.3129,2024-11-24,2026-08-02,24:+0.35 25:-1.21 26:-2.22,False,True,False,31,-1.8759,1
group,grains,large,52,80/20,8,False,41,-0.68869,-1.3462,-1.3183,0.43902,-1.0931,-0.30353,-0.49815,-0.73489,1/4,-1.1277,2024,-0.68869,-1.7595,-1.2837,1.0708,1.9509,1.8578,0.59501,1.0588,21,20,-1.3552,0.011146,0.67533,0.65301,2023-04-30,2026-08-02,23:-0.50 24:-1.13 25:-0.92 26:+0.05,False,True,False,241,-0.78957,3
market,WHEAT.c,large,52,80/20,8,False,12,0.54657,0.73284,0.76543,0.41667,1.935,-0.84183,2.3408,0.18773,2/4,-1.4138,2025,0.54657,-1.5026,-0.061056,2.0491,2.5269,2.6392,0.60763,0.65772,5,7,0.088045,0.87409,0.42602,0.26623,2023-04-30,2026-07-19,23:+2.34 24:+1.73 25:-1.41 26:-0.27,False,True,False,69,0.61587,1
market,CORN.c,large,52,80/20,8,False,16,-1.2555,-1.3403,-1.3843,0.5,-2.4725,-0.038369,-1.1955,-1.2754,1/4,-3.3863,2024,-1.2555,-1.8333,-2.5847,0.57787,0.57328,0.59209,1.3292,1.3434,10,6,-2.0357,0.045022,1.0688,1.2454,2023-04-30,2026-05-17,23:-1.20 24:-3.39 25:-0.83 26:+1.65,False,True,False,97,-1.8114,1
market,SOYBEAN.c,large,52,80/20,8,False,13,-1.1314,-1.2942,-1.3471,0.38462,-1.4237,-0.88084,-1.9423,-0.98395,0/4,-1.9423,2023,-1.1314,-1.9059,-0.81114,0.77447,0.79805,0.83064,-0.32025,-0.32572,6,7,-1.4237,-0.88084,0.42118,0.2809,2023-10-01,2026-08-02,23:-1.94 24:-1.16 25:-0.63 26:-1.22,False,False,False,75,-0.76098,1
group,softs,large,52,80/20,8,False,50,-2.6991,-2.2411,-2.2492,0.28,-4.3182,-1.0801,-2.0519,-2.8412,1/4,-6.1683,2024,-2.6991,-1.6086,1.2218,-1.0906,-0.98885,-0.9969,-3.921,-2.9051,32,18,-0.40163,-6.7836,0.60155,0.58803,2023-04-02,2026-07-12,23:-2.05 24:-6.17 25:-3.15 26:+1.57,False,False,False,306,-2.2728,4
market,SUGAR.c,large,52,80/20,8,False,7,-3.1579,-1.8503,-1.9985,0.14286,-0.28823,-5.3102,,-3.1579,0/2,-5.0029,2026,-3.1579,-1.9172,-1.6602,-1.2408,-0.68137,-0.73597,-1.4978,-0.66574,6,1,-1.8998,-10.707,0.82335,0.95048,2025-01-20,2026-07-12,25:-1.77 26:-5.00,False,False,False,39,-3.8176,1
market,COFFEE.c,large,52,80/20,8,False,18,-1.5328,-1.3296,-1.3681,0.33333,-1.6351,-1.4306,1.0057,-2.2581,2/4,-4.1282,2024,-1.5328,-2.0857,1.3255,0.55292,0.54582,0.56164,-2.8583,-2.1102,9,9,0.9649,-4.0305,0.61411,0.6089,2023-04-23,2026-05-25,23:+1.01 24:-4.13 25:-2.47 26:+3.97,False,False,False,108,-1.7243,1
market,COCOA.c,large,52,80/20,8,False,19,-4.5986,-1.6737,-1.7196,0.26316,-8.5256,-1.0642,-4.4979,-4.6345,1/4,-8.7034,2024,-4.5986,-0.75241,2.5427,-3.8462,-1.5555,-1.5981,-7.1413,-2.3693,13,6,-1.1967,-11.969,0.28851,0.19549,2023-04-02,2026-06-28,23:-4.50 24:-8.70 25:-5.08 26:+4.24,False,False,False,120,-2.1653,1
market,COTTON.c,large,52,80/20,8,False,6,0.35197,0.11267,0.12342,0.33333,-3.1743,3.8782,,0.35197,1/3,-3.1983,2024,0.35197,-2.5284,0.090405,2.8804,1.297,1.4208,0.26156,0.09693,4,2,1.355,-1.6541,1.2964,1.3456,2024-12-30,2026-06-22,24:-3.20 25:-3.16 26:+3.88,False,True,False,39,-2.5778,1
pooled,us_index,large,52,80/20,8,False,57,-0.12136,-0.21731,-0.22847,0.52632,0.052566,-0.28928,-0.21647,0.041703,4/9,-1.1448,2022,-0.12136,-0.44491,0.3642,0.32356,0.64962,0.66154,-0.48555,-0.79499,28,29,1.4318,-1.6209,0.40923,0.34576,2018-01-28,2026-08-09,18:+4.87 19:+5.11 20:-0.87 21:-0.06 22:-1.14 23:-1.05 24:-0.77 25:+0.51 26:+0.57,False,False,False,245,-0.4497,2
market,US500.cash,large,52,80/20,8,False,33,0.10272,0.14294,0.14515,0.51515,0.72343,-0.48148,0.30822,-0.30828,3/9,-3.4927,2024,0.10272,-0.81515,0.096003,0.91787,1.5217,1.5453,0.0067178,0.0082185,16,17,1.6148,-1.3204,0.45823,0.36992,2018-01-28,2026-08-02,18:+4.87 19:+5.11 20:-0.30 21:-1.38 22:-0.56 23:-0.80 24:-3.49 25:+2.67 26:-0.04,False,True,False,157,-0.38315,1
market,US100.cash,large,52,80/20,8,False,24,-0.42946,-0.47772,-0.48799,0.54167,-0.2218,-0.63712,-1.041,0.42669,3/7,-3.8083,2025,-0.42946,0.064152,0.73297,-0.49361,-0.59495,-0.60774,-1.1624,-1.2649,12,12,1.1877,-2.0466,0.34186,0.31253,2020-09-13,2026-08-09,20:-2.02 21:+1.26 22:-1.73 23:-1.42 24:+1.95 25:-3.81 26:+1.02,False,False,False,88,-0.56844,1
pooled,commodities15,large,52,90/10,1,False,1431,-0.077411,-1.9343,-1.8006,0.49476,-0.019552,-0.13519,0.0035805,-0.22502,9/20,-1.4935,2010,-0.17685,-0.25,-0.096832,0.17259,4.3132,4.05,0.019421,0.47754,818,613,0.031174,-0.22231,0.16861,0.074806,2007-09-23,2026-09-27,07:-0.80 08:+0.06 09:-0.25 10:-1.49 11:-0.12 12:+0.32 13:-0.56 14:+0.59 15:+0.14 16:+0.03 17:+0.27 18:-0.29 19:-0.24 20:+0.06 21:-0.02 22:+0.27 23:+0.08 24:-0.24 25:-0.37 26:-0.09,False,True,False,1555,-0.099314,15
group,metals,large,52,90/10,1,False,875,-0.018639,-0.37466,-0.33016,0.51086,-0.033514,-0.0037984,-0.0048652,-0.078354,10/20,-1.4935,2010,-0.18843,-0.24755,-0.11433,0.22891,4.558,4.0136,0.095695,1.8728,494,381,0.015578,-0.063004,0.12656,0.051665,2007-09-23,2026-09-27,07:-0.80 08:+0.06 09:-0.25 10:-1.49 11:-0.12 12:+0.32 13:-0.56 14:+0.59 15:+0.14 16:+0.18 17:+0.18 18:-0.22 19:-0.44 20:+0.12 21:-0.11 22:+0.22 23:+0.24 24:-0.08 25:+0.10 26:-0.12,False,True,False,932,-0.034857,5
market,XAUUSD,large,52,90/10,1,False,289,-0.1497,-1.7529,-1.7559,0.49827,-0.10463,-0.19446,-0.086432,-0.43142,9/20,-0.95036,2019,-0.2849,-0.20697,0.019142,0.057274,0.66116,0.66231,-0.16884,-1.9078,146,143,0.05657,-0.36029,0.058508,0.03867,2007-09-23,2026-05-31,07:-0.80 08:-0.06 09:-0.66 10:-0.47 11:+0.19 12:+0.37 13:-0.30 14:+0.43 15:+0.09 16:+0.08 17:+0.98 18:-0.24 19:-0.95 20:-0.28 21:+0.33 22:+0.09 23:+0.61 24:-0.48 25:-0.29 26:-0.46,False,False,False,302,-0.14797,1
market,XAGUSD,large,52,90/10,1,False,237,0.048969,0.48654,0.48757,0.53586,-0.032648,0.1299,0.090641,-0.10688,12/19,-2.5144,2010,0.035817,-0.2299,-0.11048,0.27887,2.8144,2.8203,0.15945,1.5634,129,108,0.022731,0.08031,0.1131,0.032598,2008-12-07,2026-08-30,08:+1.15 09:+0.35 10:-2.51 11:-0.29 12:+0.26 13:-1.13 14:+0.73 15:+0.52 16:-0.25 17:+0.67 18:-0.01 19:+0.06 20:+0.69 21:+0.31 22:+0.16 23:+0.58 24:-0.20 25:+0.21 26:-0.07,False,True,False,250,0.062257,1
market,XPTUSD,large,52,90/10,1,False,135,0.19123,1.6668,1.673,0.54074,0.14391,0.23785,0.13131,0.86668,9/12,-0.35201,2018,0.27692,-0.26316,-0.26807,0.45438,3.8582,3.8726,0.45929,3.9883,81,54,0.032898,0.42872,0.18261,0.08941,2015-03-29,2026-08-02,15:+0.58 16:+0.87 17:+0.35 18:-0.35 19:-0.06 20:+0.21 21:-0.29 22:+0.19 23:+0.39 24:+0.87 25:+0.67 26:+0.93,False,True,False,148,0.12297,1
market,XPDUSD,large,52,90/10,1,False,195,-0.059121,-0.59159,-0.59311,0.48205,-0.12702,0.0080825,-0.099349,0.1537,5/12,-1.3575,2019,0.11438,-0.32279,-0.22892,0.26367,2.6043,2.611,0.1698,1.6626,138,57,-0.044643,-0.094172,0.20958,0.074131,2015-02-15,2026-09-27,15:-0.34 16:+0.65 17:-0.27 18:-0.23 19:-1.36 20:-0.08 21:-0.48 22:+0.56 23:+0.02 24:+0.33 25:+0.19 26:-0.00,False,True,False,213,-0.10622,1
market,XCUUSD,large,52,90/10,1,False,19,0.055837,0.10839,0.11136,0.47368,-0.10787,0.20318,,0.055837,1/2,-0.1449,2026,0.055837,-0.20155,0.075651,0.25738,0.47561,0.48864,-0.019815,-0.03901,0,19,,0.055837,0.079434,-0.011574,2025-07-20,2026-09-27,25:+1.13 26:-0.14,False,False,False,19,0.055837,1
group,energy,large,52,90/10,1,False,225,-0.025976,-0.22874,-0.216,0.52889,0.065066,-0.11621,0.092488,-0.27771,6/11,-0.78248,2016,-0.27303,-0.16855,0.057747,0.14258,1.3135,1.2477,-0.083723,-0.7429,141,84,0.37854,-0.70499,0.28467,0.18316,2016-06-19,2026-09-27,16:-0.78 17:+1.00 18:-0.51 19:+0.40 20:-0.19 21:+0.17 22:+0.33 23:+0.25 24:-0.44 25:-0.54 26:+0.18,False,False,False,234,-0.04728,3
market,USOIL.cash,large,52,90/10,1,False,80,0.30648,1.773,1.7842,0.6375,0.40204,0.21092,0.37286,0.16044,6/6,0.067939,2025,0.14588,0.047566,0.14752,0.25892,1.5346,1.5443,0.15896,0.91398,70,10,0.43309,-0.57979,0.20666,-0.01942,2021-07-25,2026-03-29,21:+0.33 22:+0.43 23:+0.30 24:+0.62 25:+0.07 26:+0.09,False,True,False,82,0.32877,1
market,UKOIL.cash,large,52,90/10,1,False,122,-0.15997,-1.0225,-1.0267,0.5082,-0.11623,-0.20371,-0.064866,-0.54832,5/11,-1.499,2025,-0.22122,-0.23887,0.1487,0.078895,0.53722,0.53944,-0.30867,-2.0053,54,68,0.60103,-0.76429,0.29389,0.31116,2016-06-19,2026-03-01,16:-0.78 17:+1.00 18:-0.51 19:+0.40 20:-0.19 21:-0.08 22:+0.12 23:+0.15 24:-0.73 25:-1.50 26:+2.29,False,False,False,127,-0.20227,1
market,NATGAS.cash,large,52,90/10,1,False,23,-0.47159,-1.1564,-1.1824,0.26087,-0.16657,-0.7512,,-0.47159,0/3,-1.7807,2024,-0.47159,-0.54731,-0.73696,0.075723,0.17576,0.17971,0.26536,0.64561,17,6,-0.55276,-0.24161,0.50706,0.20879,2024-11-24,2026-09-27,24:-1.78 25:-0.54 26:-0.35,False,True,False,25,-0.49339,1
group,grains,large,52,90/10,1,False,138,-0.080277,-0.73924,-0.66291,0.47826,-0.17291,0.012355,0.035732,-0.1153,2/4,-0.46054,2024,0.20699,-0.2535,-0.31195,0.17322,1.5857,1.4456,0.23167,2.1449,71,67,-0.13987,-0.017129,0.16818,0.074956,2023-04-30,2026-09-27,23:+0.04 24:-0.46 25:-0.18 26:+0.49,False,True,False,161,-0.079471,3
market,WHEAT.c,large,52,90/10,1,False,43,0.11912,0.59508,0.60212,0.55814,-0.055808,0.2861,0.68837,-0.010991,3/4,-0.51376,2024,0.11912,-0.25239,-0.15816,0.37151,1.8006,1.8219,0.27728,1.3969,22,21,0.23784,-0.0052453,0.13337,0.045279,2023-04-30,2026-09-07,23:+0.69 24:-0.51 25:+0.23 26:+0.33,False,True,False,46,0.18887,1
market,CORN.c,large,52,90/10,1,False,57,-0.31404,-1.764,-1.7797,0.40351,-0.38753,-0.24309,-0.29783,-0.32037,1/4,-0.67378,2025,-0.31404,-0.19673,-0.41738,-0.11731,-0.68059,-0.68664,0.10334,0.56796,29,28,-0.48163,-0.14047,0.22658,0.11821,2023-04-30,2026-09-27,23:-0.30 24:-0.62 25:-0.67 26:+0.55,False,False,False,70,-0.2955,1
market,SOYBEAN.c,large,52,90/10,1,False,38,0.044733,0.25286,0.25625,0.5,-0.10591,0.19537,0.050222,0.043269,2/4,-0.13313,2024,0.044733,-0.33991,-0.32782,0.38465,2.1338,2.1624,0.37255,2.1574,20,18,-0.059787,0.16087,0.11997,0.043653,2023-10-08,2026-09-27,23:+0.05 24:-0.13 25:-0.11 26:+0.71,False,True,False,45,-0.017727,1
group,softs,large,52,90/10,1,False,193,-0.40178,-3.5021,-3.5199,0.39378,-0.42092,-0.38284,-0.30452,-0.41828,0/4,-0.53346,2025,-0.429,-0.35356,-0.043882,-0.048217,-0.4087,-0.41509,-0.3579,-3.1254,112,81,-0.22892,-0.64079,0.22424,0.053292,2023-04-02,2026-09-27,23:-0.30 24:-0.19 25:-0.53 26:-0.45,False,False,False,228,-0.43021,4
market,SUGAR.c,large,52,90/10,1,False,30,-0.94878,-5.1549,-5.2431,0.16667,-0.89481,-1.0027,,-0.94878,0/2,-1.0716,2026,-0.94878,-0.72317,-0.4642,-0.22561,-1.118,-1.1371,-0.48458,-2.4305,20,10,-0.88482,-1.0767,0.59103,0.089887,2025-01-26,2026-09-27,25:-0.84 26:-1.07,False,False,False,37,-0.85478,1
market,COFFEE.c,large,52,90/10,1,False,55,-0.11498,-0.47379,-0.47815,0.47273,-0.35993,0.12122,-0.55155,-0.071323,1/4,-0.55155,2023,-0.11498,-0.33604,0.18555,0.22106,0.88987,0.89807,-0.30053,-1.1962,27,28,0.41014,-0.62135,0.096956,0.074078,2023-08-27,2026-06-22,23:-0.55 24:-0.31 25:-0.21 26:+0.95,False,False,False,65,-0.14322,1
market,COCOA.c,large,52,90/10,1,False,78,-0.16713,-0.93091,-0.93693,0.47436,-0.11363,-0.22063,-0.25082,-0.13213,1/4,-0.3144,2025,-0.098251,-0.092163,0.11345,-0.074965,-0.38376,-0.38625,-0.28058,-1.5372,55,23,-0.13213,-0.25082,0.075031,0.024153,2023-04-02,2026-06-22,23:-0.25 24:+0.01 25:-0.31 26:-0.05,False,False,False,90,-0.2771,1
market,COTTON.c,large,52,90/10,1,False,30,-0.99068,-3.7247,-3.7883,0.26667,-1.539,-0.44232,,-0.99068,0/3,-1.1886,2025,-0.99068,-0.69572,-0.45325,-0.29496,-1.1135,-1.1325,-0.53743,-2.0184,10,20,-1.175,-0.89853,0.47872,0.054352,2024-12-30,2026-09-20,24:-1.05 25:-1.19 26:-0.90,False,False,False,36,-0.89479,1
pooled,us_index,large,52,90/10,1,False,136,-0.089886,-0.6576,-0.68662,0.47059,0.012896,-0.19267,0.026277,-0.2718,3/9,-2.0756,2018,-0.26686,-0.11567,0.038846,0.025784,0.18553,0.19132,-0.12873,-0.94139,64,72,0.31611,-0.45077,0.055917,0.043731,2018-02-11,2026-09-27,18:-2.08 19:+2.73 20:+0.18 21:-0.22 22:-0.22 23:+0.25 24:-0.59 25:-0.31 26:-0.04,False,False,False,141,-0.11102,2
market,US500.cash,large,52,90/10,1,False,92,-0.1295,-0.75957,-0.76373,0.44565,-0.045567,-0.21343,-0.00097131,-0.42328,5/9,-2.0756,2018,-0.22609,-0.16668,0.0029784,0.037179,0.21435,0.21552,-0.13248,-0.77934,47,45,0.16001,-0.43187,0.060366,0.051774,2018-02-11,2026-08-23,18:-2.08 19:+2.73 20:+0.15 21:+0.27 22:-0.44 23:+0.13 24:-1.28 25:+0.08 26:-0.58,False,False,False,94,-0.14471,1
market,US100.cash,large,52,90/10,1,False,44,-0.0070589,-0.030822,-0.031178,0.52273,0.025507,-0.039625,0.11806,-0.10215,4/7,-1.2486,2025,-0.0070589,-0.0090167,0.11384,0.0019578,0.0084039,0.008501,-0.1209,-0.52222,17,27,0.7477,-0.48228,0.046612,0.026913,2020-09-13,2026-09-27,20:+0.31 21:-0.91 22:+0.34 23:+1.06 24:-0.21 25:-1.25 26:+0.51,False,False,False,47,-0.043642,1
pooled,commodities15,large,52,90/10,4,False,521,-0.082629,-0.58268,-0.55498,0.47409,0.073411,-0.23807,0.044131,-0.31874,9/20,-3.6871,2010,0.21704,-0.73466,-0.016444,0.65203,4.8745,4.6467,-0.066185,-0.43864,301,220,0.24081,-0.52515,0.43416,0.31148,2007-09-23,2026-09-07,07:-2.00 08:+1.75 09:-0.37 10:-3.69 11:+0.81 12:+0.05 13:-1.09 14:+2.57 15:-0.01 16:-0.57 17:+0.47 18:-0.80 19:-0.77 20:+1.25 21:+0.35 22:-0.01 23:+0.25 24:-0.82 25:-0.27 26:+0.21,False,False,False,1532,-0.28221,15
group,metals,large,52,90/10,4,False,307,0.053474,0.30853,0.2774,0.5114,-0.041745,0.14808,0.13426,-0.32502,9/20,-3.6871,2010,-0.23079,-0.72424,-0.16564,0.77772,4.6684,4.2345,0.21911,1.1759,175,132,0.052975,0.054137,0.29068,0.21703,2007-09-23,2026-08-23,07:-2.00 08:+1.75 09:-0.37 10:-3.69 11:+0.81 12:+0.05 13:-1.09 14:+2.57 15:-0.01 16:+0.04 17:+0.15 18:-0.68 19:-1.05 20:+1.81 21:+0.10 22:-0.03 23:+0.89 24:-0.31 25:-0.38 26:-0.32,False,True,False,923,-0.13372,5
market,XAUUSD,large,52,90/10,4,False,101,-0.18216,-0.6084,-0.61143,0.49505,0.04899,-0.40878,0.088425,-1.7335,9/20,-2.8807,2019,-0.31645,-0.64332,0.15124,0.46116,1.6123,1.6204,-0.3334,-1.0011,54,47,0.15593,-0.57061,0.18751,0.17118,2007-09-23,2026-05-10,07:-2.00 08:+1.43 09:-1.61 10:-0.81 11:+1.86 12:-0.22 13:-0.30 14:+1.36 15:+0.40 16:+0.54 17:+1.77 18:-1.08 19:-2.88 20:+0.87 21:+1.25 22:-0.32 23:+1.52 24:-1.86 25:-1.67 26:-1.53,False,False,False,302,-0.32665,1
market,XAGUSD,large,52,90/10,4,False,83,0.25723,0.7397,0.74419,0.54217,-0.020938,0.52877,0.4219,-0.48929,10/19,-9.4321,2010,0.46108,-0.54169,-0.17081,0.79891,2.4021,2.4167,0.42804,1.1724,46,37,0.21978,0.30379,0.2259,0.14228,2008-12-07,2026-08-16,08:+3.64 09:+1.49 10:-9.43 11:+0.14 12:+0.27 13:-2.47 14:+3.79 15:+0.78 16:-1.16 17:+1.69 18:-0.12 19:-0.03 20:+4.37 21:+1.37 22:-0.59 23:+3.46 24:-0.56 25:-2.64 26:-0.17,False,True,False,250,0.20931,1
market,XPTUSD,large,52,90/10,4,False,53,0.65174,1.473,1.4871,0.60377,-0.03455,1.3126,0.51704,1.5369,9/12,-0.78856,2022,0.65174,-0.84286,-0.6793,1.4946,3.5793,3.6136,1.331,2.8873,31,22,0.070074,1.4714,0.43515,0.35088,2015-03-29,2026-07-26,15:+0.28 16:+0.40 17:+1.18 18:-0.77 19:-0.65 20:+2.72 21:+0.03 22:-0.79 23:+2.30 24:+0.98 25:+1.84 26:+4.02,False,True,False,146,0.20561,1
market,XPDUSD,large,52,90/10,4,False,64,-0.32786,-0.97759,-0.98532,0.4375,-0.72228,0.066564,-0.49265,0.46612,6/12,-1.7722,2015,-0.12364,-0.95226,-0.32238,0.6244,1.9054,1.9205,-0.0054775,-0.015799,44,20,-0.25982,-0.47756,0.42822,0.3001,2015-03-29,2026-08-23,15:-1.77 16:+0.89 17:-1.58 18:-0.68 19:+3.46 20:+0.24 21:-1.72 22:+1.85 23:-0.74 24:+1.17 25:-0.79 26:+0.21,False,False,False,208,-0.56038,1
market,XCUUSD,large,52,90/10,4,False,6,-0.015747,-0.010855,-0.011891,0.33333,0.19754,-0.22904,,-0.015747,1/2,-1.008,2026,-0.015747,-1.1318,0.78086,1.116,0.70654,0.77397,-0.79661,-0.59099,0,6,,-0.015747,0.1805,-0.045324,2025-07-20,2026-08-23,25:+1.97 26:-1.01,False,False,False,17,0.55512,1
group,energy,large,52,90/10,4,False,96,0.017283,0.045202,0.045279,0.46875,-0.27421,0.30878,-0.053416,0.16552,7/11,-3.122,2016,0.17586,-0.53198,0.51144,0.54926,1.699,1.6863,-0.49415,-1.3083,60,36,1.2739,-2.0771,0.94712,0.68485,2016-06-19,2026-09-06,16:-3.12 17:+3.98 18:-1.18 19:+0.03 20:-1.71 21:+0.72 22:+0.01 23:+0.92 24:-1.20 25:+0.02 26:+2.04,False,False,False,231,-0.27566,3
market,USOIL.cash,large,52,90/10,4,False,30,0.87879,1.5969,1.6242,0.53333,1.8013,-0.043744,1.4126,-0.18884,4/6,-1.619,2026,0.87879,0.15997,0.62056,0.71881,1.332,1.3547,0.25823,0.47325,26,4,1.1282,-0.74206,0.80482,-0.057749,2021-07-25,2026-03-15,21:+2.48 22:+1.24 23:+1.02 24:+1.11 25:-0.36 26:-1.62,False,True,False,82,0.9621,1
market,UKOIL.cash,large,52,90/10,4,False,57,-0.44426,-0.79318,-0.80023,0.4386,-0.91019,0.0056034,-0.70498,0.53344,4/11,-3.122,2016,-0.44426,-0.8973,0.77907,0.45304,0.9943,1.0031,-1.2233,-2.2831,28,29,1.756,-2.5687,1.0507,1.0732,2016-06-19,2026-03-01,16:-3.12 17:+3.98 18:-1.18 19:+0.03 20:-1.71 21:-0.29 22:-1.23 23:+0.79 24:-2.56 25:-0.57 26:+11.02,False,False,False,127,-0.94671,1
market,NATGAS.cash,large,52,90/10,4,False,9,0.068705,0.099982,0.10605,0.44444,0.92186,-0.61382,,0.068705,2/3,-1.5274,2026,0.068705,-0.52476,-1.5473,0.59347,0.84236,0.89346,1.616,2.2186,6,3,-0.34461,0.89533,0.7654,0.70045,2024-11-24,2026-09-06,24:+1.00 25:+1.43 26:-1.53,False,True,False,22,-1.0154,1
group,grains,large,52,90/10,4,False,52,0.0097516,0.024255,0.022374,0.48077,-0.31199,0.33149,-0.010445,0.015811,2/4,-1.1256,2024,0.0097516,-0.91854,-0.74276,0.92829,2.2074,2.0542,0.75251,1.8727,27,25,-0.48779,0.54709,0.38078,0.29377,2023-04-30,2026-09-07,23:-0.01 24:-1.13 25:+0.50 26:+1.40,False,True,False,155,-0.2401,3
market,WHEAT.c,large,52,90/10,4,False,17,0.29512,0.4366,0.45004,0.47059,0.55034,0.068262,1.5682,0.022312,3/4,-0.060398,2024,0.29512,-0.79607,-0.14815,1.0912,1.5109,1.5574,0.44327,0.62484,8,9,0.38347,0.21659,0.24938,0.15548,2023-04-30,2026-08-30,23:+1.57 24:-0.06 25:+0.10 26:+0.04,False,True,False,46,0.34617,1
market,CORN.c,large,52,90/10,4,False,20,-0.7032,-1.0454,-1.0725,0.45,-1.4857,0.079343,-0.53383,-0.77578,2/4,-2.6197,2024,-0.7032,-0.78318,-1.234,0.079988,0.11835,0.12142,0.53082,0.7658,11,9,-1.419,0.17168,0.59296,0.50336,2023-04-30,2026-08-30,23:-0.53 24:-2.62 25:+0.88 26:+2.49,False,True,False,67,-0.71464,1
market,SOYBEAN.c,large,52,90/10,4,False,15,0.63693,0.86073,0.89094,0.53333,-0.47697,1.6116,-0.54235,0.93175,3/4,-0.54235,2023,0.63693,-1.2378,-0.76164,1.8748,2.4274,2.5126,1.3986,2.028,8,7,-0.07861,1.4547,0.24677,0.17103,2023-10-08,2026-09-07,23:-0.54 24:+0.20 25:+0.63 26:+2.56,False,True,False,42,-0.12519,1
group,softs,large,52,90/10,4,False,66,-0.93382,-2.15,-2.2125,0.30303,-1.4256,-0.4421,-1.7122,-0.81092,0/4,-1.7122,2023,-0.86016,-0.93303,0.48197,-0.00079852,-0.0018724,-0.001973,-1.4158,-2.9633,39,27,-0.0012672,-2.2809,0.39745,0.22171,2023-04-02,2026-09-07,23:-1.71 24:-1.05 25:-0.84 26:-0.58,False,False,False,223,-0.93284,4
market,SUGAR.c,large,52,90/10,4,False,11,-1.7194,-1.8885,-1.9807,0.27273,-1.1741,-2.1738,,-1.7194,0/2,-2.7042,2026,-1.7194,-1.6497,-0.84339,-0.06975,-0.086712,-0.090945,-0.87603,-0.83854,8,3,-0.56549,-4.7966,0.75466,0.3879,2025-01-26,2026-09-07,25:-0.90 26:-2.70,False,False,False,34,-1.7644,1
market,COFFEE.c,large,52,90/10,4,False,22,-0.50159,-0.68692,-0.70308,0.36364,-1.3684,0.36525,-0.74035,-0.47772,1/4,-1.508,2024,-0.50159,-0.85927,0.81028,0.35768,0.49927,0.51102,-1.3119,-1.6021,11,11,0.9263,-1.9295,0.30272,0.27827,2023-08-27,2026-06-07,23:-0.74 24:-1.51 25:-0.77 26:+3.40,False,False,False,65,-0.057046,1
market,COCOA.c,large,52,90/10,4,False,24,-0.62973,-0.83241,-0.85031,0.29167,-1.113,-0.1465,-1.9899,-0.069678,1/4,-1.9899,2023,-0.62973,-0.32507,1.0105,-0.30466,-0.39237,-0.40081,-1.6402,-1.951,17,7,-0.069678,-1.9899,0.15848,0.093709,2023-04-02,2026-06-14,23:-1.99 24:-0.10 25:-0.81 26:+0.85,False,False,False,90,-0.90042,1
market,COTTON.c,large,52,90/10,4,False,9,-1.8411,-1.343,-1.4245,0.22222,-3.8788,-0.21098,,-1.8411,0/3,-2.5547,2024,-1.8411,-1.8586,-0.11014,0.017494,0.01282,0.013597,-1.731,-1.1846,3,6,-1.5101,-2.0066,0.82971,0.22165,2024-12-30,2026-09-07,24:-2.55 25:-0.99 26:-2.01,False,False,False,34,-1.8615,1
pooled,us_index,large,52,90/10,4,False,57,-0.026172,-0.067267,-0.068486,0.49123,-0.21977,0.16075,-0.10346,0.088075,4/9,-2.9323,2018,-0.026172,-0.35388,0.11033,0.32771,0.88611,0.89834,-0.13651,-0.34767,27,30,1.193,-1.1234,0.19742,0.17673,2018-02-11,2026-08-09,18:-2.93 19:+4.94 20:-0.34 21:-0.81 22:-0.35 23:+0.63 24:-1.43 25:+0.08 26:+0.94,False,False,False,140,-0.4735,2
market,US500.cash,large,52,90/10,4,False,35,-0.39445,-0.81534,-0.82724,0.48571,-0.72693,-0.080434,-0.3125,-0.55152,3/9,-5.3014,2024,-0.39445,-0.45969,-0.0063507,0.065245,0.13267,0.13461,-0.3881,-0.82098,18,17,0.55077,-1.3953,0.21553,0.2141,2018-02-11,2026-08-09,18:-2.93 19:+4.94 20:-0.12 21:-0.42 22:-1.79 23:+0.86 24:-5.30 25:+1.40 26:-1.11,False,False,False,94,-0.47551,1
market,US100.cash,large,52,90/10,4,False,22,0.55972,0.86733,0.88774,0.5,0.33362,0.78581,0.33362,0.78581,3/7,-2.5609,2025,0.55972,-0.18556,0.29597,0.74527,1.3417,1.3732,0.26375,0.38185,9,13,2.4774,-0.76794,0.16862,0.11727,2020-09-13,2026-08-09,20:-0.91 21:-1.40 22:+1.68 23:-0.05 24:+1.15 25:-2.56 26:+2.57,False,True,False,46,-0.46938,1
pooled,commodities15,large,52,90/10,8,False,325,-0.42422,-1.6137,-1.5057,0.44923,-0.33081,-0.51706,-0.321,-0.62052,7/20,-6.1131,2007,0.12797,-1.3409,0.10899,0.91663,3.9663,3.8046,-0.53321,-1.8382,189,136,0.2866,-1.412,0.77095,0.62332,2007-09-23,2026-08-09,07:-6.11 08:+2.18 09:-0.63 10:-5.86 11:+3.34 12:+2.20 13:-3.64 14:+2.93 15:-1.46 16:-1.23 17:+0.63 18:-1.16 19:-0.83 20:+0.96 21:+0.22 22:-1.17 23:-0.01 24:-1.40 25:-0.32 26:-0.03,False,False,False,1499,-0.57615,15
group,metals,large,52,90/10,8,False,196,-0.079059,-0.25189,-0.23563,0.4898,-0.23194,0.07382,-0.044229,-0.24501,9/20,-6.1131,2007,-0.066992,-1.181,-0.14504,1.1019,3.9937,3.7918,0.065978,0.19345,111,85,0.20449,-0.44935,0.49668,0.42899,2007-09-23,2026-07-26,07:-6.11 08:+2.18 09:-0.63 10:-5.86 11:+3.34 12:+2.20 13:-3.64 14:+2.93 15:-1.46 16:+0.11 17:+0.11 18:-1.20 19:-0.76 20:+1.75 21:-0.02 22:-0.11 23:+0.90 24:-0.60 25:+0.39 26:-0.22,False,True,False,907,-0.23985,5
market,XAUUSD,large,52,90/10,8,False,66,-0.38149,-0.61827,-0.62301,0.4697,0.017966,-0.78094,0.14266,-4.1815,10/20,-6.1131,2007,-0.31085,-1.0515,0.39046,0.67,1.2833,1.2931,-0.77195,-1.1131,35,31,0.68494,-1.5855,0.3614,0.34282,2007-09-23,2026-04-12,07:-6.11 08:+1.42 09:-3.09 10:+0.41 11:+6.20 12:+1.24 13:-2.48 14:+2.14 15:-0.64 16:+0.07 17:+4.87 18:-2.46 19:-4.09 20:+4.10 21:+0.20 22:-0.57 23:+1.46 24:-5.52 25:-3.71 26:-1.97,False,False,False,302,-0.66851,1
market,XAGUSD,large,52,90/10,8,False,55,0.21465,0.34007,0.3432,0.52727,0.34091,0.092908,0.34616,-0.4575,10/19,-18.393,2010,0.21465,-0.85699,-0.14915,1.0716,1.8421,1.8591,0.36381,0.52307,30,25,0.25485,0.16642,0.37408,0.28801,2008-12-07,2026-06-28,08:+5.22 09:+2.64 10:-18.39 11:+0.49 12:+3.15 13:-5.18 14:+3.73 15:+2.52 16:-1.47 17:+1.27 18:-0.51 19:+0.68 20:+0.62 21:-1.59 22:-0.54 23:+3.88 24:-0.07 25:-2.50 26:-0.33,False,True,False,247,0.08737,1
market,XPTUSD,large,52,90/10,8,False,34,0.30723,0.50622,0.51384,0.52941,-1.0567,1.6712,-0.30367,3.1581,9/12,-3.7378,2015,0.30723,-1.4157,-1.2016,1.7229,3.6338,3.6884,1.5088,2.9675,22,12,-0.052363,0.96647,0.7629,0.7226,2015-03-29,2026-07-26,15:-3.74 16:+0.00 17:+0.64 18:-0.67 19:+0.03 20:+1.70 21:+0.25 22:-0.20 23:+3.21 24:+1.73 25:+9.54 26:+2.48,False,True,False,144,0.47848,1
market,XPDUSD,large,52,90/10,8,False,37,-0.35081,-0.58835,-0.59646,0.45946,-1.0829,0.34277,-0.762,1.4114,7/12,-5.8109,2015,-0.35081,-1.608,-0.28595,1.2572,2.311,2.3428,-0.064862,-0.10681,24,13,-0.32365,-0.40096,0.69583,0.5784,2015-06-07,2026-07-06,15:-5.81 16:+2.33 17:-2.43 18:-1.51 19:+3.64 20:+0.20 21:+0.34 22:+1.20 23:-1.66 24:+2.14 25:-0.21 26:+1.94,False,False,False,201,-0.56034,1
market,XCUUSD,large,52,90/10,8,False,4,0.10272,0.054443,0.062865,0.25,1.9516,-1.7461,,0.10272,1/2,-1.7461,2026,0.10272,-1.8288,1.3601,1.9315,0.86667,1.0007,-1.2574,-0.74056,0,4,,0.10272,0.30945,-0.088319,2025-07-20,2026-07-26,25:+1.95 26:-1.75,False,False,False,13,0.49974,1
group,energy,large,52,90/10,8,False,59,-0.66588,-0.87417,-0.89734,0.45763,-1.677,0.31149,-1.0098,-0.043573,5/11,-6.6142,2016,-0.66588,-1.3499,0.96971,0.68406,1.1879,1.2133,-1.6356,-2.1724,37,22,1.6497,-4.5602,1.8301,1.381,2016-06-19,2026-08-09,16:-6.61 17:+7.89 18:-1.05 19:-1.07 20:-3.40 21:+0.68 22:-2.95 23:+1.33 24:-2.03 25:+0.66 26:+0.39,False,False,False,227,-0.54681,3
market,USOIL.cash,large,52,90/10,8,False,19,1.7191,2.4454,2.5124,0.73684,2.4643,1.0485,2.1076,1.0532,5/6,-1.7157,2026,1.7191,0.12401,1.3006,1.5951,2.3143,2.3777,0.41853,0.54468,16,3,2.3471,-1.6298,1.6499,0.0088231,2021-07-25,2026-03-15,21:+4.08 22:+1.36 23:+1.52 24:+1.31 25:+1.56 26:-1.72,False,True,False,82,2.2846,1
market,UKOIL.cash,large,52,90/10,8,False,33,-1.7434,-1.4222,-1.4442,0.33333,-2.4535,-1.0752,-2.4486,0.87566,4/11,-6.6142,2016,-1.7434,-2.1103,1.5146,0.36682,0.39396,0.40007,-3.2581,-2.7504,16,17,2.5246,-5.7604,2.0826,2.1657,2016-06-19,2026-03-01,16:-6.61 17:+7.89 18:-1.05 19:-1.07 20:-3.40 21:-1.87 22:-6.39 23:+1.01 24:-3.94 25:+1.04 26:+14.81,False,False,False,127,-2.0852,1
market,NATGAS.cash,large,52,90/10,8,False,7,-2.0596,-1.5996,-1.7278,0.28571,0.94776,-4.3151,,-2.0596,1/3,-3.7174,2026,-2.0596,-1.7663,-2.4974,-0.29324,-0.34152,-0.36888,0.43782,0.36993,5,2,-3.3818,1.2459,1.1289,1.4058,2024-11-24,2026-08-09,24:+0.35 25:-1.21 26:-3.72,False,False,False,18,-2.5912,1
group,grains,large,52,90/10,8,False,32,-0.2211,-0.31906,-0.30085,0.40625,-0.77102,0.32882,-0.39601,-0.17212,2/4,-1.6969,2024,-0.2211,-1.8818,-1.1681,1.6607,2.51,2.3006,0.94702,1.3049,17,15,-1.2835,0.98292,0.67274,0.61843,2023-04-30,2026-07-26,23:-0.40 24:-1.70 25:+0.86 26:+1.19,False,True,False,150,-0.72827,3
market,WHEAT.c,large,52,90/10,8,False,10,0.4139,0.47438,0.50004,0.4,1.7367,-0.9089,2.3408,-0.067824,2/4,-1.7704,2025,0.4139,-1.4996,0.11704,1.9135,2.1036,2.2173,0.29686,0.27389,5,5,0.10374,0.72406,0.43059,0.33692,2023-04-30,2026-07-26,23:+2.34 24:+1.33 25:-1.77 26:-0.33,False,True,False,44,0.95763,1
market,CORN.c,large,52,90/10,8,False,12,-1.0862,-0.73344,-0.76605,0.41667,-2.4908,0.31831,-0.87158,-1.1578,2/4,-4.0527,2024,-1.0862,-2.1479,-2.3875,1.0616,0.73677,0.76953,1.3013,0.82397,7,5,-2.1563,0.41192,1.0878,1.1155,2023-04-30,2026-05-10,23:-0.87 24:-4.05 25:+1.94 26:+2.98,False,True,False,65,-1.9456,1
market,SOYBEAN.c,large,52,90/10,8,False,10,0.18207,0.16963,0.17881,0.4,-1.4487,1.8128,-2.4194,0.83245,2/4,-2.4194,2023,0.18207,-1.9447,-0.98996,2.1268,2.2759,2.399,1.172,1.2335,5,5,-1.4487,1.8128,0.41686,0.30342,2023-10-08,2026-05-10,23:-2.42 24:-0.80 25:+1.89 26:+1.70,False,True,False,41,-0.60768,1
group,softs,large,52,90/10,8,False,38,-2.0004,-2.4629,-2.6593,0.26316,-2.722,-1.2787,-3.344,-1.7484,0/4,-3.344,2023,-2.0004,-1.6957,1.1583,-0.30468,-0.35072,-0.38241,-3.1587,-3.0807,24,14,-0.32294,-4.8759,0.62379,0.45337,2023-04-02,2026-07-12,23:-3.34 24:-2.01 25:-2.23 26:-0.89,False,False,False,215,-1.9198,4
market,SUGAR.c,large,52,90/10,8,False,5,-2.7342,-1.3044,-1.4583,0.2,-0.95464,-3.9205,,-2.7342,0/2,-4.6275,2026,-2.7342,-2.3952,-1.7948,-0.33899,-0.14773,-0.16517,-0.93936,-0.34275,4,1,-0.74098,-10.707,1.1975,0.87412,2025-01-26,2026-07-12,25:-1.47 26:-4.63,False,False,False,30,-4.2066,1
market,COFFEE.c,large,52,90/10,8,False,13,-0.89465,-0.58347,-0.6073,0.30769,-1.6259,-0.2679,-0.1205,-1.0354,1/4,-2.9041,2025,-0.89465,-1.8257,1.1404,0.93105,0.65094,0.67752,-2.0351,-1.2064,7,6,1.2202,-3.3619,0.61294,0.53933,2023-08-27,2026-06-07,23:-0.12 24:-2.38 25:-2.90 26:+6.32,False,False,False,65,-1.0786,1
market,COCOA.c,large,52,90/10,8,False,15,-1.9822,-1.7042,-1.764,0.26667,-3.5713,-0.59168,-4.9558,-0.90089,1/4,-4.9558,2023,-1.9822,-0.23903,2.2933,-1.7432,-1.2413,-1.2849,-4.2755,-2.6564,11,4,-0.90089,-4.9558,0.26844,0.19975,2023-04-02,2026-06-14,23:-4.96 24:-1.35 25:-2.45 26:+1.76,False,False,False,90,-1.7289,1
market,COTTON.c,large,52,90/10,8,False,5,-4.1958,-1.5528,-1.7361,0.2,-1.709,-5.8537,,-4.1958,0/3,-5.8537,2026,-4.1958,-5.028,0.75297,0.83214,0.28958,0.32376,-4.9488,-1.3617,2,3,-1.709,-5.8537,1.1443,0.56998,2024-12-30,2026-07-12,24:-3.20 25:-0.22 26:-5.85,False,False,False,30,-2.0282,1
pooled,us_index,large,52,90/10,8,False,39,-0.51886,-0.8301,-0.86495,0.53846,0.3374,-1.3323,0.16796,-1.5062,5/9,-4.0064,2024,-0.51886,-0.47817,0.34317,-0.040688,-0.065718,-0.067713,-0.86202,-1.31,18,21,1.1694,-1.9659,0.38401,0.35059,2018-02-11,2026-08-02,18:+0.17 19:+5.11 20:+0.54 21:+1.56 22:-1.58 23:+0.38 24:-4.01 25:-0.26 26:-1.08,False,False,False,137,-0.53954,2
market,US500.cash,large,52,90/10,8,False,23,-0.50323,-0.56641,-0.57914,0.56522,0.063612,-1.0228,0.18377,-1.5719,5/9,-5.7383,2024,-0.50323,-1.0219,0.21124,0.51866,0.60022,0.61371,-0.71447,-0.77371,11,12,1.6103,-2.4407,0.4244,0.42018,2018-02-11,2026-08-02,18:+0.17 19:+5.11 20:+0.63 21:-0.00 22:-2.74 23:+0.91 24:-5.74 25:+1.68 26:-3.13,False,False,False,92,-0.60368,1
market,US100.cash,large,52,90/10,8,False,16,-0.54133,-0.62577,-0.64629,0.5,0.71385,-1.7965,0.14338,-1.4217,3/7,-4.1463,2025,-0.54133,0.30342,0.53281,-0.84475,-0.99575,-1.0284,-1.0741,-1.1509,7,9,0.47652,-1.333,0.32596,0.25056,2020-09-13,2026-06-28,20:+0.41 21:+4.67 22:-0.71 23:-0.68 24:-2.27 25:-4.15 26:+0.96,False,False,False,45,-0.40842,1
pooled,commodities15,large,157,80/20,1,False,1661,-0.19423,-5.2099,-4.5568,0.44973,-0.15435,-0.23406,-0.13448,-0.30241,5/18,-0.74961,2010,-0.23597,-0.30354,-0.13048,0.10931,2.9479,2.5994,-0.063751,-1.6715,1066,595,-0.13155,-0.30652,0.18051,0.077502,2009-06-14,2026-09-27,09:-0.44 10:-0.75 11:-0.35 12:+0.07 13:-0.54 14:+0.36 15:+0.07 16:+0.01 17:+0.12 18:-0.35 19:-0.06 20:-0.13 21:-0.36 22:-0.13 23:-0.01 24:-0.31 25:-0.58 26:-0.06,False,False,False,1835,-0.21103,15
group,metals,large,157,80/20,1,False,1018,-0.14904,-3.2094,-2.7572,0.46267,-0.12393,-0.17416,-0.15063,-0.141,5/18,-0.74961,2010,-0.23415,-0.28872,-0.14556,0.13968,2.9813,2.5679,-0.0034829,-0.072928,649,369,-0.14213,-0.16121,0.14151,0.057919,2009-06-14,2026-09-27,09:-0.44 10:-0.75 11:-0.35 12:+0.07 13:-0.54 14:+0.36 15:+0.07 16:+0.01 17:+0.26 18:-0.25 19:-0.20 20:-0.10 21:-0.34 22:-0.22 23:-0.05 24:-0.05 25:-0.60 26:-0.02,False,False,False,1096,-0.16324,5
market,XAUUSD,large,157,80/20,1,False,280,-0.25528,-2.8054,-2.8104,0.475,-0.26636,-0.24421,-0.20613,-0.66495,6/17,-2.1098,2011,-0.39055,-0.26758,-0.0011543,0.012291,0.13575,0.13599,-0.25413,-2.7019,136,144,-0.093211,-0.40835,0.064603,0.042899,2009-06-14,2025-09-28,09:-0.66 10:-0.43 11:-2.11 12:+0.13 13:-0.52 14:+0.73 15:-0.06 16:+0.20 17:+1.50 18:-0.12 19:-0.42 20:-0.68 21:+0.70 22:-0.32 23:+3.06 24:-0.44 25:-1.28,False,False,False,294,-0.22486,1
market,XAGUSD,large,157,80/20,1,False,262,-0.12096,-1.2343,-1.2366,0.46183,-0.1623,-0.079634,-0.097973,-0.22614,6/16,-2.3595,2010,-0.14666,-0.2942,-0.095923,0.17323,1.7628,1.7662,-0.025042,-0.24641,141,121,-0.15865,-0.077051,0.13008,0.040686,2009-09-20,2025-09-28,09:+0.15 10:-2.36 11:-0.10 12:-0.03 13:-0.57 14:+0.23 15:+0.54 16:-0.19 17:+0.55 18:-0.35 19:+0.30 20:-1.03 22:-0.11 23:+0.67 24:-0.13 25:-0.40,False,False,False,277,-0.13537,1
market,XPTUSD,large,157,80/20,1,False,154,0.055686,0.51286,0.51454,0.50649,-0.046009,0.15738,-0.0065809,0.67836,8/11,-0.61273,2018,0.095547,-0.29658,-0.27342,0.35227,3.2278,3.2384,0.3291,3.0457,119,35,-0.047812,0.40758,0.18833,0.10217,2015-06-21,2025-04-13,15:-0.14 16:+0.11 17:+0.47 18:-0.61 19:+0.06 20:+0.84 21:+0.12 22:-0.22 23:+0.57 24:+0.68 25:+0.67,False,True,False,169,-0.021756,1
market,XPDUSD,large,157,80/20,1,False,293,-0.1816,-2.1621,-2.1658,0.43345,-0.17305,-0.19009,-0.22253,0.027344,4/11,-0.6297,2017,-0.044713,-0.30756,-0.27669,0.12596,1.4491,1.4516,0.095093,1.1259,253,40,-0.20357,-0.042606,0.20694,0.071266,2015-07-06,2026-05-10,15:-0.03 16:-0.01 17:-0.63 18:+0.35 20:-0.06 21:-0.47 22:-0.22 23:-0.36 24:+0.02 25:+0.19 26:+0.01,False,True,False,323,-0.21049,1
market,XCUUSD,large,157,80/20,1,False,29,-0.1352,-0.62888,-0.64001,0.41379,-0.15764,-0.11425,,-0.1352,0/2,-2.9136,2025,-0.1352,-0.21126,0.015564,0.076069,0.37955,0.38626,-0.15076,-0.67537,0,29,,-0.1352,0.077595,-0.011228,2025-12-29,2026-09-27,25:-2.91 26:-0.04,False,False,False,33,-0.11046,1
group,energy,large,157,80/20,1,False,259,-0.10024,-0.92309,-1.0449,0.49421,-0.13831,-0.062471,-0.048691,-0.16379,4/10,-1.2535,2017,-0.068301,-0.17379,0.0053237,0.073548,0.70244,0.78439,-0.10557,-0.98055,197,62,0.13352,-0.84299,0.28607,0.11542,2017-06-18,2026-09-27,17:-1.25 18:-0.88 19:+0.20 20:-0.53 21:-0.46 22:+0.09 23:+0.29 24:-0.09 25:-0.36 26:+0.00,False,False,False,278,-0.11985,3
market,USOIL.cash,large,157,80/20,1,False,123,0.2312,1.552,1.5583,0.62602,0.076755,0.38315,0.14257,0.34825,5/5,0.053243,2025,0.36085,0.086348,0.096143,0.14485,0.9464,0.95027,0.13505,0.91069,123,0,0.2312,,0.20551,-0.10857,2022-01-03,2026-08-16,22:+0.16 23:+0.12 24:+0.48 25:+0.05 26:+0.88,False,True,False,132,0.21087,1
market,UKOIL.cash,large,157,80/20,1,False,101,-0.32252,-1.7895,-1.7984,0.43564,-0.38103,-0.26515,-0.23209,-0.55828,3/10,-1.2535,2017,-0.21297,-0.3412,0.15633,0.018684,0.11316,0.11373,-0.47884,-2.6838,45,56,0.40536,-0.90742,0.30252,0.34956,2017-06-18,2026-09-27,17:-1.25 18:-0.88 19:+0.20 20:-0.53 21:-0.46 22:-0.49 23:+0.71 24:-1.25 25:-0.98 26:+1.88,False,False,False,109,-0.34715,1
market,NATGAS.cash,large,157,80/20,1,False,35,-0.62359,-2.164,-2.1956,0.2,-0.41667,-0.81901,,-0.62359,0/3,-1.7807,2024,-0.62359,-0.60489,-0.7496,-0.018694,-0.063077,-0.063998,0.12601,0.43488,29,6,-0.70262,-0.24161,0.52168,0.22694,2024-11-24,2026-09-27,24:-1.78 25:-0.54 26:-0.60,False,False,False,37,-0.6301,1
group,grains,large,157,80/20,1,False,171,-0.14818,-1.5425,-1.3164,0.4269,-0.25615,-0.04146,-0.078239,-0.16884,1/4,-0.32568,2025,-0.042178,-0.34708,-0.28976,0.1989,2.0644,1.7788,0.14159,1.4656,115,56,-0.23053,0.020955,0.1489,0.11264,2023-04-30,2026-09-27,23:-0.08 24:-0.29 25:-0.33 26:+0.05,False,True,False,200,-0.10235,3
market,WHEAT.c,large,157,80/20,1,False,50,0.021877,0.10666,0.10774,0.54,0.11002,-0.06627,0.6656,-0.15969,1/4,-0.25333,2024,0.021877,-0.31964,-0.15356,0.34152,1.6583,1.6752,0.17543,0.8576,31,19,0.12571,-0.14753,0.14038,0.057318,2023-04-30,2026-09-20,23:+0.67 24:-0.25 25:-0.16 26:-0.15,False,True,False,59,0.068025,1
market,CORN.c,large,157,80/20,1,False,62,-0.22351,-1.6124,-1.6256,0.3871,-0.42765,-0.019367,-0.52856,-0.1174,1/4,-0.59333,2025,-0.20087,-0.32396,-0.41048,0.10045,0.74549,0.75157,0.18697,1.3066,47,15,-0.4401,0.45513,0.19026,0.21456,2023-08-20,2026-09-27,23:-0.53 24:-0.28 25:-0.59 26:+0.80,False,True,False,73,-0.18032,1
market,SOYBEAN.c,large,157,80/20,1,False,59,-0.21312,-1.3107,-1.3219,0.37288,-0.36775,-0.063655,-0.15966,-0.22677,0/3,-0.31232,2024,-0.21312,-0.39463,-0.27834,0.18151,1.0856,1.0949,0.065218,0.4003,37,22,-0.26281,-0.12956,0.11266,0.052421,2023-09-24,2026-09-27,23:-0.16 24:-0.31 26:-0.13,False,True,False,68,-0.16648,1
group,softs,large,157,80/20,1,False,213,-0.56147,-5.2843,-5.5217,0.35211,-0.65695,-0.46688,-0.15376,-0.65,0/4,-1.0091,2024,-0.089984,-0.49719,-0.095666,-0.064278,-0.60662,-0.64698,-0.4658,-4.1911,105,108,-0.45513,-0.66485,0.2639,0.09678,2023-04-02,2026-09-27,23:-0.15 24:-1.01 25:-0.85 26:-0.21,False,False,False,261,-0.59211,4
market,SUGAR.c,large,157,80/20,1,False,37,-0.57458,-2.6391,-2.6755,0.2973,-0.68145,-0.47334,,-0.57458,0/2,-0.81386,2025,-0.57458,-0.59169,-0.55368,0.017111,0.081596,0.082721,-0.020905,-0.09948,34,3,-0.54947,-0.85923,0.54681,0.12975,2025-01-06,2026-09-27,25:-0.81 26:-0.08,False,False,False,48,-0.73864,1
market,COFFEE.c,large,157,80/20,1,False,57,-0.57223,-2.5331,-2.5556,0.36842,-0.24615,-0.88707,0.4951,-0.72166,1/3,-0.75159,2024,-0.57223,-0.54475,0.36585,-0.027478,-0.12262,-0.12371,-0.93808,-4.0421,7,50,0.4951,-0.72166,0.099874,0.15041,2023-08-20,2025-03-30,23:+0.50 24:-0.75 25:-0.59,False,False,False,69,-0.51982,1
market,COCOA.c,large,157,80/20,1,False,72,-0.49655,-2.5559,-2.5738,0.38889,-0.68398,-0.30911,-0.30028,-0.64495,0/4,-3.638,2024,-0.50562,-0.30363,0.067331,-0.19291,-0.98817,-0.9951,-0.56388,-2.7807,37,35,-0.32137,-0.68174,0.092231,0.013139,2023-04-02,2026-09-27,23:-0.30 24:-3.64 25:-1.67 26:-0.06,False,False,False,86,-0.55745,1
market,COTTON.c,large,157,80/20,1,False,47,-0.63753,-3.121,-3.1547,0.31915,-0.72648,-0.5523,,-0.63753,0/3,-1.0521,2024,-0.63753,-0.66161,-0.54451,0.024076,0.11709,0.11835,-0.093023,-0.4571,27,20,-0.766,-0.46411,0.5031,0.13391,2024-12-30,2026-09-27,24:-1.05 25:-0.78 26:-0.47,False,False,False,58,-0.60822,1
pooled,us_index,large,157,80/20,1,True,143,0.0022725,0.017461,0.019642,0.5035,0.11445,-0.10835,0.099178,-0.28575,6/8,-0.64382,2025,-0.1914,-0.0071587,-0.072277,0.0094313,0.070999,0.078808,0.07455,0.55213,55,88,0.0028025,0.0019413,0.054013,0.031183,2018-02-04,2026-09-27,18:+0.12 20:+0.12 21:+0.33 22:+0.07 23:+0.08 24:-0.24 25:-0.64 26:+0.09,False,True,False,149,-0.01454,2
market,US500.cash,large,157,80/20,1,True,85,0.10601,0.62431,0.62801,0.54118,0.14208,0.070773,0.083704,1.9795,5/6,-0.2084,2022,0.073229,0.093672,-0.2366,0.012336,0.06967,0.070084,0.3426,2.0303,45,40,-0.033598,0.26306,0.054966,0.04506,2018-02-04,2024-11-10,18:+0.12 20:+0.12 21:+0.33 22:-0.21 23:+0.41 24:+1.98,False,True,False,88,0.11165,1
market,US100.cash,large,157,80/20,1,True,58,-0.14975,-0.7388,-0.74525,0.44828,0.018984,-0.31849,0.15569,-0.35047,2/5,-0.64382,2025,-0.14975,-0.15493,0.16853,0.0051742,0.025657,0.025881,-0.31829,-1.4853,10,48,0.16661,-0.21566,0.052615,0.010847,2022-08-07,2026-09-27,22:+0.86 23:-0.30 24:-0.44 25:-0.64 26:+0.09,False,False,False,61,-0.19659,1
pooled,commodities15,large,157,80/20,4,False,521,-0.54464,-3.7893,-3.655,0.4453,-0.58732,-0.50213,-0.47379,-0.66605,6/18,-3.0539,2010,0.30643,-0.89206,-0.068577,0.34741,2.6725,2.5902,-0.47607,-3.0535,327,194,-0.13346,-1.2377,0.44145,0.33499,2009-06-14,2026-09-07,09:-0.95 10:-3.05 11:-0.43 12:+0.10 13:-1.71 14:+1.54 15:-0.47 16:+0.41 17:+0.43 18:-1.03 19:-0.75 20:+0.02 21:-1.15 22:-0.68 23:-0.11 24:-0.90 25:-1.36 26:+0.41,False,False,False,1806,-0.61957,15
group,metals,large,157,80/20,4,False,310,-0.39029,-2.2707,-2.1144,0.46774,-0.37568,-0.4049,-0.34292,-0.61486,8/18,-3.068,2025,-0.48565,-0.8621,-0.18583,0.47182,2.9806,2.797,-0.20445,-1.0709,192,118,-0.2143,-0.67663,0.30039,0.22926,2009-06-14,2026-09-06,09:-0.95 10:-3.05 11:-0.43 12:+0.10 13:-1.71 14:+1.54 15:-0.47 16:+0.41 17:+1.05 18:-0.64 19:-1.04 20:+0.37 21:-0.73 22:-0.53 23:+0.25 24:+0.14 25:-3.07 26:+0.23,False,False,False,1090,-0.38628,5
market,XAUUSD,large,157,80/20,4,False,87,-0.70199,-1.8435,-1.8542,0.49425,-0.80624,-0.60012,-0.40839,-2.9627,6/16,-7.3439,2025,-0.35237,-1.0289,0.1155,0.32687,0.96137,0.96694,-0.81749,-1.9194,42,45,0.1066,-1.4567,0.19956,0.17164,2009-06-14,2025-09-21,09:-1.36 10:-1.46 11:-3.47 12:+0.16 13:-1.69 14:+3.90 15:+0.23 16:+1.01 17:+2.78 18:-0.22 19:-1.54 20:-0.20 22:-0.90 23:+7.37 24:-1.09 25:-7.34,False,False,False,294,-0.63902,1
market,XAGUSD,large,157,80/20,4,False,82,-0.34912,-0.93249,-0.93822,0.45122,-0.64342,-0.054813,-0.12059,-1.4591,8/16,-8.6259,2010,-0.060503,-0.95757,-0.023434,0.60845,1.7695,1.7804,-0.32568,-0.75141,43,39,-0.2768,-0.42885,0.24398,0.15678,2009-09-20,2025-09-07,09:+0.00 10:-8.63 11:+0.34 12:-0.03 13:-1.76 14:+0.75 15:+0.89 16:-0.85 17:+2.57 18:-0.73 19:+1.56 20:+1.02 22:-0.66 23:+4.09 24:-0.60 25:-2.61,False,False,False,277,-0.27298,1
market,XPTUSD,large,157,80/20,4,False,50,0.10226,0.28081,0.28366,0.48,-0.50489,0.70942,-0.19952,1.956,7/11,-1.7027,2015,0.10226,-0.67815,-0.56424,0.78041,2.1999,2.2223,0.6665,1.868,37,13,-0.14509,0.80627,0.44498,0.40117,2015-06-21,2025-04-13,15:-1.70 16:+0.88 17:+1.43 18:-1.63 19:-0.82 20:+1.94 21:+0.85 22:-0.33 23:+0.14 24:+1.98 25:+1.84,False,True,False,169,-0.11043,1
market,XPDUSD,large,157,80/20,4,False,83,-0.38865,-1.5217,-1.531,0.44578,-0.40403,-0.37364,-0.58179,0.48689,5/11,-2.1889,2017,-0.36431,-0.71809,-0.49863,0.32944,1.3403,1.3484,0.10997,0.4239,70,13,-0.40504,-0.3004,0.3869,0.28399,2015-07-06,2026-05-03,15:-1.64 16:+0.87 17:-2.19 18:+0.50 20:+0.20 21:-1.12 22:-0.41 23:-1.06 24:+0.52 25:-0.79 26:+1.05,False,True,False,320,-0.39578,1
market,XCUUSD,large,157,80/20,4,False,8,-0.51792,-0.7887,-0.84315,0.5,-1.0025,-0.033329,,-0.51792,0/2,-2.4679,2025,-0.51792,-0.71399,0.48284,0.19607,0.32779,0.35042,-1.0008,-1.334,0,8,,-0.51792,0.17388,-0.043613,2025-12-29,2026-09-06,25:-2.47 26:-0.24,False,False,False,30,-0.40816,1
group,energy,large,157,80/20,4,False,91,-0.28191,-0.64124,-0.6805,0.48352,-1.0019,0.42246,-0.83817,0.33904,3/10,-4.5094,2017,0.50243,-0.48241,0.38472,0.2005,0.52286,0.54508,-0.66663,-1.528,64,27,0.85436,-2.9753,0.94006,0.59869,2017-06-18,2026-09-06,17:-4.51 18:-3.33 19:-0.31 20:-2.06 21:-2.71 22:-1.03 23:+1.42 24:-0.33 25:+0.19 26:+1.33,False,False,False,272,-0.614,3
market,USOIL.cash,large,157,80/20,4,False,38,1.0858,2.5582,2.5925,0.60526,0.79363,1.378,0.77753,1.4283,5/5,0.64954,2025,1.0858,0.52442,0.62018,0.56139,1.2989,1.3163,0.46562,1.1445,38,0,1.0858,,0.78511,-0.43671,2022-01-03,2026-08-16,22:+0.69 23:+0.91 24:+1.29 25:+0.65 26:+3.84,False,True,False,132,0.52768,1
market,UKOIL.cash,large,157,80/20,4,False,41,-1.4267,-1.7074,-1.7286,0.41463,-1.9151,-0.96145,-1.9922,-0.20846,2/10,-7.914,2022,-1.4267,-1.2962,0.74962,-0.13048,-0.17645,-0.17864,-2.1763,-2.6627,17,24,1.4427,-3.4591,1.135,1.5149,2017-06-18,2026-09-06,17:-4.51 18:-3.33 19:-0.31 20:-2.06 21:-2.71 22:-7.91 23:+2.45 24:-2.43 25:-1.54 26:+9.77,False,False,False,106,-1.8246,1
market,NATGAS.cash,large,157,80/20,4,False,12,-0.70177,-1.0613,-1.1085,0.33333,0.72531,-2.1288,,-0.70177,2/3,-2.1642,2026,-0.70177,-0.89035,-1.6077,0.18858,0.36388,0.38006,0.90588,1.3584,9,3,-1.2341,0.89533,0.76457,0.74723,2024-11-24,2026-08-16,24:+1.00 25:+1.43 26:-2.16,False,True,False,34,-1.2722,1
group,grains,large,157,80/20,4,False,53,-0.5305,-1.5161,-1.4703,0.45283,-1.0375,-0.042286,-0.75719,-0.46415,1/4,-1.0104,2024,-0.5305,-1.0608,-0.64041,0.53028,1.5646,1.5237,0.10991,0.30761,36,17,-0.85657,0.16001,0.3567,0.43601,2023-04-30,2026-08-30,23:-0.76 24:-1.01 25:-0.35 26:+0.04,False,True,False,192,-0.50602,3
market,WHEAT.c,large,157,80/20,4,False,17,0.33081,0.59723,0.61561,0.47059,1.155,-0.40181,1.6464,-0.073994,2/4,-0.18738,2026,0.33081,-0.97676,-0.10462,1.3076,2.4005,2.4743,0.43544,0.7105,11,6,0.61347,-0.18738,0.27108,0.24785,2023-04-30,2026-08-23,23:+1.65 24:+0.56 25:-0.07 26:-0.19,False,True,False,57,-0.037417,1
market,CORN.c,large,157,80/20,4,False,19,-1.0101,-1.4718,-1.5121,0.42105,-1.7952,-0.3036,-2.746,-0.39015,1/4,-2.746,2023,-1.0101,-0.88124,-1.2762,-0.12889,-0.19782,-0.20325,0.26606,0.3976,14,5,-1.9393,1.5915,0.54901,0.80089,2023-08-20,2026-08-30,23:-2.75 24:-1.18 25:-0.77 26:+1.95,False,False,False,70,-0.7024,1
market,SOYBEAN.c,large,157,80/20,4,False,17,-0.85576,-1.6397,-1.6901,0.47059,-0.99861,-0.72878,-0.64727,-0.90044,0/3,-1.0616,2024,-0.85576,-1.3455,-0.46563,0.48971,0.95074,0.98,-0.39013,-0.67801,11,6,-0.94864,-0.68548,0.2274,0.21637,2023-09-24,2026-08-23,23:-0.65 24:-1.06 26:-0.69,False,False,False,65,-0.70547,1
group,softs,large,157,80/20,4,False,67,-1.6269,-3.9379,-4.1394,0.28358,-2.4793,-0.7995,-1.4441,-1.6709,1/4,-3.5455,2024,-1.6643,-1.4536,0.31063,-0.17329,-0.45897,-0.49389,-1.9375,-4.083,35,32,-0.75253,-2.5832,0.48394,0.38614,2023-04-02,2026-09-07,23:-1.44 24:-3.55 25:-2.01 26:+0.20,False,False,False,252,-1.7211,4
market,SUGAR.c,large,157,80/20,4,False,12,-1.4235,-2.0995,-2.1928,0.25,-2.5795,-0.26746,,-1.4235,1/2,-2.2714,2025,-1.4235,-1.1573,-1.2352,-0.26619,-0.446,-0.46583,-0.18827,-0.34329,12,0,-1.4235,,0.84219,0.54394,2025-01-06,2026-04-26,25:-2.27 26:+1.12,False,False,False,45,-1.6945,1
market,COFFEE.c,large,157,80/20,4,False,18,-1.8244,-2.1798,-2.243,0.27778,-1.039,-2.6099,1.744,-2.5381,1/3,-2.5967,2025,-1.8244,-1.7955,1.3,-0.02897,-0.036067,-0.037113,-3.1245,-3.4951,3,15,1.744,-2.5381,0.32131,0.56609,2023-08-20,2025-03-16,23:+1.74 24:-2.52 25:-2.60,False,False,False,69,-1.8394,1
market,COCOA.c,large,157,80/20,4,False,22,-2.1762,-2.3667,-2.4224,0.31818,-3.7097,-0.64266,-2.4005,-1.9892,1/4,-16.801,2024,-2.1762,-1.2239,0.92406,-0.95225,-1.2177,-1.2464,-3.1002,-3.0115,11,11,-0.64266,-3.7097,0.19969,0.047214,2023-04-02,2026-08-23,23:-2.40 24:-16.80 25:-3.86 26:+0.56,False,False,False,83,-2.0981,1
market,COTTON.c,large,157,80/20,4,False,15,-0.74688,-1.2971,-1.3426,0.26667,-0.64404,-0.83687,,-0.74688,0/3,-2.5547,2024,-0.74688,-1.6172,-0.53966,0.8703,1.473,1.5247,-0.20722,-0.32546,9,6,-0.82438,-0.63064,0.80941,0.54106,2024-12-30,2026-09-07,24:-2.55 25:-0.64 26:-0.60,False,False,False,55,-1.0258,1
pooled,us_index,large,157,80/20,4,True,50,0.28617,0.5867,0.59457,0.5,0.84777,-0.27543,0.68297,-0.97035,4/8,-1.7536,2024,0.28617,-0.20401,-0.093904,0.49018,1.0798,1.0913,0.38007,0.70074,18,32,0.43223,0.20401,0.20692,0.11056,2018-02-04,2026-08-09,18:+1.38 20:+0.81 21:-0.18 22:+0.87 23:-0.03 24:-1.75 25:-1.45 26:+0.30,False,True,False,148,-0.1495,2
market,US500.cash,large,157,80/20,4,True,30,0.75614,1.1236,1.1428,0.56667,1.0601,0.45217,0.82514,-1.2447,3/6,-1.2447,2024,0.75614,-0.010874,-0.58791,0.76702,1.2033,1.2239,1.3441,1.9537,14,16,0.47132,1.0054,0.22176,0.15111,2018-02-04,2024-11-10,18:+1.38 20:+0.81 21:-0.18 22:-0.02 23:+1.65 24:-1.24,False,True,False,88,0.29224,1
market,US100.cash,large,157,80/20,4,True,20,-0.41879,-0.62191,-0.63807,0.4,-0.19374,-0.64383,0.22487,-0.94541,2/5,-1.9233,2024,-0.41879,-0.49371,0.6471,0.074924,0.12103,0.12417,-1.0659,-1.3431,4,16,0.2954,-0.59733,0.18465,0.049745,2022-08-07,2026-08-09,22:+3.55 23:-1.44 24:-1.92 25:-1.45 26:+0.30,False,False,False,60,-0.79739,1
pooled,commodities15,large,157,80/20,8,False,301,-1.1476,-4.0206,-3.997,0.4186,-1.2175,-1.0781,-0.9177,-1.5525,4/18,-6.4629,2010,-1.0379,-1.7301,-0.058824,0.58248,2.4591,2.4878,-1.0888,-3.3798,188,113,-0.42519,-2.3494,0.78213,0.65543,2009-06-14,2026-08-09,09:-1.95 10:-6.46 11:+0.71 12:-0.28 13:-3.36 14:+1.83 15:-0.76 16:+0.96 17:-0.34 18:-1.42 19:-2.37 20:-0.70 21:-1.33 22:-1.32 23:-0.05 24:-2.18 25:-2.63 26:+1.14,False,False,False,1777,-1.1263,15
group,metals,large,157,80/20,8,False,181,-0.64743,-2.0401,-1.983,0.45856,-0.70433,-0.59116,-0.62416,-0.75182,6/18,-6.4629,2010,-0.51407,-1.5954,-0.26331,0.94795,3.4143,3.3134,-0.38413,-1.0384,110,71,-0.32935,-1.1402,0.51858,0.46558,2009-06-14,2026-06-28,09:-1.95 10:-6.46 11:+0.71 12:-0.28 13:-3.36 14:+1.83 15:-0.76 16:+0.96 17:+1.53 18:-0.82 19:-2.83 20:-0.13 21:-0.44 22:-1.39 23:+1.18 24:-0.32 25:-2.25 26:+0.69,False,False,False,1082,-0.57918,5
market,XAUUSD,large,157,80/20,8,False,52,-1.1294,-1.5762,-1.5916,0.40385,-1.3005,-0.95827,-0.73734,-4.1353,6/16,-6.145,2025,-1.1294,-2.0681,0.35502,0.93868,1.4872,1.5017,-1.4844,-1.7788,25,27,0.36443,-2.5126,0.38876,0.36215,2009-06-14,2025-09-21,09:-3.09 10:-3.48 11:+0.88 12:-0.06 13:-3.70 14:+3.82 15:-0.85 16:+1.59 17:+5.35 18:+0.45 19:-4.71 20:-1.39 22:-0.32 23:+11.61 24:-3.13 25:-6.15,False,False,False,294,-0.99107,1
market,XAGUSD,large,157,80/20,8,False,50,-0.66066,-1.0071,-1.0174,0.48,-0.84066,-0.48066,-0.22898,-2.927,7/16,-18.393,2010,-0.66066,-1.5178,-0.082986,0.85717,1.4876,1.5027,-0.57768,-0.68981,26,24,-0.43508,-0.90505,0.41326,0.32086,2009-09-20,2025-09-28,09:+0.31 10:-18.39 11:+0.63 12:-0.60 13:-2.84 14:+0.84 15:+2.94 16:-1.73 17:+2.22 18:-0.76 19:+2.79 20:-2.15 22:-1.17 23:+2.44 24:-1.49 25:-4.36,False,False,False,277,-0.50709,1
market,XPTUSD,large,157,80/20,8,False,31,0.063007,0.091629,0.093144,0.58065,-1.287,1.3287,-0.5877,3.4467,7/11,-4.0324,2015,0.063007,-1.4037,-1.1146,1.4667,2.6371,2.6807,1.1776,2.1101,23,8,-0.43446,1.4932,0.8043,0.81802,2015-06-21,2025-04-13,15:-4.03 16:+2.03 17:+1.57 18:-3.40 19:-1.89 20:+4.35 21:+1.74 22:-1.39 23:+1.04 24:+1.92 25:+9.54,False,True,False,169,-0.053208,1
market,XPDUSD,large,157,80/20,8,False,44,-0.487,-1.0717,-1.0841,0.45455,-0.78664,-0.18736,-0.98707,1.2132,4/11,-3.7023,2017,-0.487,-1.2366,-0.7163,0.7496,1.7778,1.7983,0.2293,0.48505,36,8,-0.66764,0.32588,0.61066,0.55382,2015-07-06,2026-05-03,15:-2.44 16:+2.45 17:-3.70 18:+0.99 20:-0.12 21:-1.06 22:-2.23 23:-1.32 24:+0.84 25:-0.21 26:+3.77,False,True,False,316,-0.5081,1
market,XCUUSD,large,157,80/20,8,False,4,-1.487,-2.8744,-3.3191,0,-0.96554,-2.0084,,-1.487,0/2,-1.8498,2025,-1.487,-1.8519,1.0245,0.36496,0.53402,0.61663,-2.5115,-3.6976,0,4,,-1.487,0.29533,-0.083009,2025-12-29,2026-06-28,25:-1.85 26:-1.37,False,False,False,26,-0.97232,1
group,energy,large,157,80/20,8,False,53,-0.95627,-1.2648,-1.476,0.45283,-2.3855,0.42003,-1.757,0.011264,2/10,-10.67,2017,-0.95627,-0.99976,0.74097,0.043489,0.079976,0.098086,-1.6972,-2.2493,37,16,1.0378,-5.5675,1.7939,1.0851,2017-06-18,2026-07-19,17:-10.67 18:-5.36 19:-1.73 20:-3.54 21:-5.33 22:-1.18 23:+2.59 24:-0.83 25:-0.33 26:+2.22,False,False,False,266,-1.0365,3
market,USOIL.cash,large,157,80/20,8,False,21,1.6369,2.1075,2.1595,0.61905,1.2725,1.9682,1.1101,2.2164,5/5,0.33732,2022,1.6369,1.322,1.0265,0.3149,0.40152,0.41144,0.61042,0.82333,21,0,1.6369,,1.5657,-0.87861,2022-01-03,2026-07-12,22:+0.34 23:+2.46 24:+2.35 25:+1.25 26:+6.50,False,True,False,131,1.7881,1
market,UKOIL.cash,large,157,80/20,8,False,25,-2.8635,-2.1879,-2.233,0.36,-4.669,-1.197,-3.5091,-1.2035,2/10,-10.67,2017,-2.8635,-2.7163,1.4079,-0.14724,-0.15612,-0.15934,-4.2714,-3.3444,11,14,1.8166,-6.5408,2.1825,2.663,2017-06-18,2026-03-01,17:-10.67 18:-5.36 19:-1.73 20:-3.54 21:-5.33 22:-6.49 23:+2.76 24:-4.32 25:-2.99 26:+14.81,False,False,False,105,-4.0669,1
market,NATGAS.cash,large,157,80/20,8,False,7,-1.9242,-1.6725,-1.8065,0.28571,0.94776,-4.0782,,-1.9242,1/3,-3.4016,2026,-1.9242,-1.8346,-2.4974,-0.089569,-0.12881,-0.13913,0.57319,0.54758,5,2,-3.1922,1.2459,1.0903,1.3408,2024-11-24,2026-07-19,24:+0.35 25:-1.21 26:-3.40,False,False,False,30,-2.7647,1
group,grains,large,157,80/20,8,False,30,-1.3872,-2.0984,-2.1855,0.36667,-2.3924,-0.38199,-2.2406,-1.0769,0/4,-2.2406,2023,-1.3872,-2.33,-1.1914,0.9428,1.6146,1.6661,-0.1958,-0.29002,21,9,-2.0704,0.20705,0.62314,0.86286,2023-04-30,2026-07-26,23:-2.24 24:-1.57 25:-1.62 26:-0.18,False,False,False,184,-1.3289,3
market,WHEAT.c,large,157,80/20,8,False,10,-0.10327,-0.085249,-0.089861,0.4,0.72209,-0.92864,0.19397,-0.23067,2/4,-2.1578,2025,-0.10327,-1.8836,0.061455,1.7804,1.4252,1.5023,-0.16473,-0.12486,7,3,-0.031869,-0.26989,0.44633,0.53641,2023-04-30,2026-07-19,23:+0.19 24:+5.67 25:-2.16 26:-0.27,False,False,False,54,-0.45771,1
market,CORN.c,large,157,80/20,8,False,11,-2.2445,-1.9217,-2.0155,0.36364,-3.3637,-1.3118,-4.4678,-1.4107,1/4,-4.4678,2023,-2.2445,-2.471,-2.4601,0.22649,0.24883,0.26098,0.21566,0.18766,8,3,-3.8081,1.9252,0.96787,1.4976,2023-08-20,2026-05-25,23:-4.47 24:-3.03 25:-0.80 26:+1.23,False,True,False,68,-1.7912,1
market,SOYBEAN.c,large,157,80/20,8,False,9,-1.766,-1.7636,-1.8706,0.33333,-1.2275,-2.1968,-2.5515,-1.5415,0/3,-2.5515,2023,-1.766,-2.6537,-1.0328,0.88767,1.0407,1.1038,-0.73322,-0.65519,6,3,-2.1319,-1.0342,0.39827,0.44986,2023-09-24,2026-07-26,23:-2.55 24:-1.92 26:-1.03,False,False,False,62,-1.5807,1
group,softs,large,157,80/20,8,False,37,-3.6741,-3.1306,-3.1632,0.21622,-5.2082,-2.2207,-2.1352,-4.0331,1/4,-8.5722,2024,-3.6741,-2.9486,0.71412,-0.7255,-0.72428,-0.73357,-4.3882,-3.2619,20,17,-1.9312,-5.7244,0.7511,0.80053,2023-04-02,2026-08-09,23:-2.14 24:-8.57 25:-4.92 26:+2.06,False,False,False,245,-3.4879,4
market,SUGAR.c,large,157,80/20,8,False,7,-4.6154,-3.5876,-3.875,0,-4.7061,-4.5474,,-4.6154,0/2,-4.8202,2025,-4.6154,-3.084,-3.0066,-1.5314,-1.1383,-1.2295,-1.6088,-1.1884,7,0,-4.6154,,1.0574,1.1146,2025-01-06,2026-03-01,25:-4.82 26:-3.39,False,False,False,45,-3.154,1
market,COFFEE.c,large,157,80/20,8,False,10,-3.3153,-2.2692,-2.392,0.2,-1.3763,-5.2543,3.7716,-5.087,1/3,-5.1127,2025,-3.3153,-2.4991,2.3812,-0.81622,-0.60111,-0.63363,-5.6965,-3.2567,2,8,3.7716,-5.087,0.63628,1.1067,2023-08-20,2025-03-16,23:+3.77 24:-5.08 25:-5.11,False,False,False,69,-3.6352,1
market,COCOA.c,large,157,80/20,8,False,12,-5.807,-1.8426,-1.9246,0.25,-9.5663,-2.0477,-4.4979,-6.7421,1/4,-34.908,2024,-5.807,-3.3431,1.9118,-2.4639,-0.95162,-0.99394,-7.7188,-2.1984,6,6,-2.0477,-9.5663,0.37345,0.11707,2023-04-02,2026-06-28,23:-4.50 24:-34.91 25:-8.34 26:+4.24,False,False,False,80,-4.834,1
market,COTTON.c,large,157,80/20,8,False,8,-0.099412,-0.075291,-0.08049,0.375,-1.9807,1.7818,,-0.099412,1/3,-3.1983,2024,-0.099412,-2.8,0.0894,2.7006,2.3357,2.4969,-0.18881,-0.15271,5,3,-0.31478,0.25953,1.1931,1.1682,2024-12-30,2026-08-09,24:-3.20 25:-1.57 26:+1.78,False,False,False,51,-1.4719,1
pooled,us_index,large,157,80/20,8,True,30,0.27764,0.37218,0.37854,0.56667,0.90675,-0.35147,0.48392,-0.28962,4/8,-2.0939,2021,0.27764,-0.68136,-0.14557,0.959,1.3584,1.3817,0.42321,0.48556,10,20,0.56478,0.13407,0.39177,0.18357,2018-02-04,2026-06-28,18:+0.32 20:+1.30 21:-2.09 22:+1.51 23:-0.40 24:-0.60 25:-0.89 26:+1.08,False,True,False,147,-0.14528,2
market,US500.cash,large,157,80/20,8,True,18,0.68444,0.75012,0.77187,0.61111,0.27061,1.0983,0.66711,0.97898,5/6,-2.0939,2021,0.68444,-0.27502,-0.92163,0.95946,1.0384,1.0685,1.6061,1.6473,8,10,0.43715,0.88227,0.41998,0.25537,2018-02-04,2024-11-10,18:+0.32 20:+1.30 21:-2.09 22:+0.87 23:+1.52 24:+0.98,False,True,False,88,0.87014,1
market,US100.cash,large,157,80/20,8,True,12,-0.33256,-0.25646,-0.26787,0.5,-1.0201,0.35495,-0.13894,-0.47085,2/5,-2.3162,2023,-0.33256,-1.2909,1.0185,0.95831,0.83863,0.87592,-1.3511,-0.88583,2,10,1.0753,-0.61412,0.34945,0.075872,2022-08-07,2026-06-28,22:+3.13 23:-2.32 24:-1.39 25:-0.89 26:+1.08,False,False,False,59,-1.6598,1
pooled,commodities15,large,157,90/10,1,False,976,-0.13552,-2.8306,-2.6294,0.46311,-0.11963,-0.15141,-0.092415,-0.2239,6/18,-1.1656,2010,0.0047867,-0.29319,-0.14645,0.15767,3.2799,3.0357,0.010929,0.22293,643,333,-0.082178,-0.23853,0.18023,0.079005,2009-09-13,2026-09-27,09:-0.61 10:-1.17 11:-0.47 12:+0.05 13:-0.36 14:+0.91 15:+0.39 16:+0.13 17:+0.45 18:-0.38 19:-0.11 20:-0.12 21:-0.33 22:-0.08 23:-0.06 24:-0.28 25:-0.55 26:+0.07,False,True,False,1072,-0.15743,15
group,metals,large,157,90/10,1,False,607,-0.10391,-1.7169,-1.5742,0.47117,-0.019873,-0.18767,-0.10343,-0.10649,6/18,-1.1656,2010,-0.087714,-0.28136,-0.16133,0.17745,2.8915,2.6383,0.057427,0.91993,396,211,-0.080085,-0.14862,0.14309,0.057631,2009-09-13,2026-09-27,09:-0.61 10:-1.17 11:-0.47 12:+0.05 13:-0.36 14:+0.91 15:+0.39 16:+0.13 17:+0.48 18:-0.23 19:-0.30 20:-0.12 21:-0.35 22:-0.17 23:-0.21 24:-0.15 25:-0.13 26:+0.00,False,True,False,647,-0.11444,5
market,XAUUSD,large,157,90/10,1,False,161,-0.27766,-2.4276,-2.4351,0.4472,-0.29411,-0.26141,-0.23895,-0.65447,5/15,-1.6976,2011,-0.37165,-0.27094,-0.027102,-0.0067203,-0.058764,-0.058947,-0.25056,-2.0918,81,80,-0.037761,-0.52056,0.063486,0.042163,2009-09-13,2025-02-09,09:-0.61 10:-0.86 11:-1.70 12:+0.07 13:-0.28 14:+0.26 15:+0.23 16:+0.04 18:-0.04 19:-0.76 20:-0.59 22:-0.11 23:+2.04 24:-0.46 25:-1.44,False,False,False,169,-0.23094,1
market,XAGUSD,large,157,90/10,1,False,152,-0.0264,-0.19431,-0.19496,0.49342,-0.072386,0.019586,0.004539,-0.14716,6/13,-3.5791,2010,-0.18443,-0.25583,-0.093637,0.22943,1.665,1.6705,0.067237,0.4829,81,71,-0.098314,0.055643,0.12485,0.038831,2010-10-03,2025-08-03,10:-3.58 11:-0.30 12:+0.03 13:-0.49 14:+1.12 15:+0.78 16:-0.25 17:+1.22 18:-0.12 19:+2.01 22:-0.46 24:-0.44 25:+0.48,False,True,False,159,-0.039897,1
market,XPTUSD,large,157,90/10,1,False,92,0.15646,1.0793,1.0852,0.51087,0.11321,0.19971,0.11071,0.71201,8/10,-0.66966,2018,0.096547,-0.32517,-0.29486,0.48163,3.349,3.3674,0.45132,3.1315,71,21,0.04073,0.54774,0.19077,0.10413,2015-06-28,2024-11-03,15:+0.41 16:+1.13 17:+0.35 18:-0.67 19:+0.22 20:+0.84 21:+0.18 22:-0.08 23:+1.21 24:+0.71,False,True,False,101,0.072536,1
market,XPDUSD,large,157,90/10,1,False,185,-0.12713,-1.216,-1.2193,0.45405,-0.12019,-0.13399,-0.17475,0.19237,6/11,-0.55527,2017,-0.10738,-0.30132,-0.28472,0.1742,1.6072,1.6116,0.15759,1.4868,163,22,-0.14468,0.0029451,0.20922,0.069801,2015-07-26,2026-03-22,15:+0.16 16:+0.46 17:-0.56 18:+0.20 20:-0.22 21:-0.42 22:-0.11 23:-0.31 24:+0.15 25:+0.16 26:+0.24,False,True,False,200,-0.15257,1
market,XCUUSD,large,157,90/10,1,False,17,-0.30777,-0.99994,-1.0307,0.47059,-0.75864,0.093001,,-0.30777,0/2,-2.9136,2025,-0.30777,-0.15401,0.027415,-0.15376,-0.52403,-0.54016,-0.33519,-1.035,0,17,,-0.30777,0.082635,-0.011874,2025-12-29,2026-09-27,25:-2.91 26:-0.14,False,False,False,18,-0.30435,1
group,energy,large,157,90/10,1,False,138,-0.085317,-0.58872,-0.57514,0.52899,-0.06738,-0.10325,-0.00065718,-0.21701,5/9,-1.0506,2018,-0.098344,-0.16934,0.018209,0.084019,0.59428,0.58221,-0.10353,-0.7074,106,32,0.21525,-1.0809,0.28516,0.13595,2017-11-27,2026-09-27,17:-0.22 18:-1.05 19:+0.32 21:-0.14 22:+0.10 23:+0.39 24:+0.14 25:-0.64 26:+0.07,False,False,False,146,-0.10204,3
market,USOIL.cash,large,157,90/10,1,False,78,0.26984,1.6763,1.6872,0.65385,0.19181,0.34786,0.2305,0.34414,5/5,0.051932,2025,0.26226,0.10741,0.092245,0.16243,0.99693,1.0034,0.17759,1.0977,78,0,0.26984,,0.19765,-0.1043,2022-02-27,2026-07-19,22:+0.12 23:+0.44 24:+0.58 25:+0.05 26:+0.92,False,True,False,80,0.28898,1
market,UKOIL.cash,large,157,90/10,1,False,45,-0.68503,-2.5478,-2.5766,0.4,-0.57649,-0.78885,-0.3579,-1.5847,3/9,-2.0478,2024,-0.68503,-0.48305,0.15389,-0.20198,-0.78266,-0.79151,-0.83892,-3.1932,13,32,0.28953,-1.0809,0.3122,0.49175,2017-11-27,2026-09-27,17:-0.22 18:-1.05 19:+0.32 21:-0.14 22:-0.20 23:+0.11 24:-2.05 25:-1.72 26:+0.55,False,False,False,50,-0.68429,1
market,NATGAS.cash,large,157,90/10,1,False,15,-0.13297,-0.2267,-0.23466,0.26667,0.65835,-0.82537,,-0.13297,0/1,-0.13297,2026,-0.13297,-0.66728,-0.77382,0.53431,0.86902,0.89952,0.64085,1.0926,15,0,-0.13297,,0.65909,0.3179,2026-01-18,2026-09-27,26:-0.13,False,True,False,16,-0.23765,1
group,grains,large,157,90/10,1,False,107,-0.06035,-0.51031,-0.45872,0.42991,-0.3151,0.18969,-0.071269,-0.055691,2/4,-0.47189,2024,0.12763,-0.34222,-0.3007,0.28187,2.3331,2.1228,0.24035,2.0664,76,31,-0.22489,0.34304,0.13263,0.11616,2023-04-30,2026-09-27,23:-0.07 24:-0.47 25:+0.21 26:+0.38,False,True,False,126,-0.080262,3
market,WHEAT.c,large,157,90/10,1,False,25,0.50493,2.0646,2.1072,0.72,0.6448,0.37583,0.68837,0.41861,3/4,-1.4051,2024,0.50493,-0.32653,-0.14366,0.83146,3.3184,3.3868,0.6486,2.704,17,8,0.36934,0.79307,0.1271,0.060296,2023-04-30,2026-09-07,23:+0.69 24:-1.41 25:+0.27 26:+0.79,False,True,False,28,0.50337,1
market,CORN.c,large,157,90/10,1,False,38,-0.33675,-1.633,-1.655,0.28947,-0.70004,0.026533,-0.53104,-0.21004,2/4,-0.63361,2024,-0.33675,-0.30666,-0.40552,-0.030088,-0.14371,-0.14564,0.068764,0.32695,29,9,-0.58056,0.44884,0.17151,0.2197,2023-08-20,2026-09-27,23:-0.53 24:-0.63 25:+0.10 26:+0.73,False,False,False,47,-0.35695,1
market,SOYBEAN.c,large,157,90/10,1,False,44,-0.14282,-0.86346,-0.87344,0.38636,-0.29236,0.0067087,0.019779,-0.18464,2/3,-0.31964,2024,-0.14282,-0.38185,-0.29939,0.23903,1.4029,1.4191,0.15657,0.95243,30,14,-0.21781,0.017866,0.1022,0.058492,2023-10-01,2026-09-27,23:+0.02 24:-0.32 26:+0.02,False,True,False,51,-0.1457,1
group,softs,large,157,90/10,1,False,124,-0.41103,-3.1035,-3.048,0.37903,-0.48034,-0.34172,-0.19357,-0.47156,0/4,-0.95695,2025,-0.27292,-0.44665,-0.12376,0.035622,0.26989,0.26694,-0.28727,-2.1368,65,59,-0.41311,-0.40874,0.28631,0.088192,2023-04-02,2026-09-27,23:-0.19 24:-0.52 25:-0.96 26:-0.08,False,False,False,153,-0.45564,4
market,SUGAR.c,large,157,90/10,1,False,26,-0.48129,-2.0352,-2.0755,0.26923,-0.50471,-0.45788,,-0.48129,0/2,-0.67422,2025,-0.48129,-0.50863,-0.56413,0.027336,0.12532,0.1278,0.082841,0.3613,26,0,-0.48129,,0.58108,0.1473,2025-01-20,2026-03-22,25:-0.67 26:-0.05,False,True,False,34,-0.60912,1
market,COFFEE.c,large,157,90/10,1,False,25,-0.60364,-1.6849,-1.7196,0.44,-0.0366,-1.1271,0.16513,-0.70847,1/3,-2.0629,2025,-0.60364,-0.54616,0.38559,-0.057482,-0.15705,-0.16029,-0.98923,-2.7837,3,22,0.16513,-0.70847,0.10171,0.15158,2023-08-20,2025-02-09,23:+0.17 24:-0.49 25:-2.06,False,False,False,30,-0.49596,1
market,COCOA.c,large,157,90/10,1,False,47,-0.18582,-0.85362,-0.86285,0.42553,-0.25082,-0.12353,-0.23841,-0.13095,0/3,-1.0436,2025,-0.18582,-0.2495,0.069623,0.063685,0.28165,0.2847,-0.25544,-1.1555,23,24,-0.13095,-0.23841,0.10007,0.01103,2023-04-02,2026-09-27,23:-0.24 25:-1.04 26:-0.09,False,False,False,56,-0.29233,1
market,COTTON.c,large,157,90/10,1,False,26,-0.56269,-2.0777,-2.1189,0.34615,-0.90941,-0.21597,,-0.56269,0/3,-1.1101,2025,-0.56269,-0.64539,-0.52274,0.082702,0.31949,0.32582,-0.039949,-0.15617,13,13,-0.90941,-0.21597,0.50572,0.10762,2024-12-30,2026-09-20,24:-1.05 25:-1.11 26:-0.10,False,False,False,33,-0.53798,1
pooled,us_index,large,157,90/10,1,False,56,-0.28551,-1.3733,-1.4088,0.42857,-0.18743,-0.38358,-0.13767,-0.59761,4/8,-0.96023,2025,-0.28551,-0.059718,-0.022887,-0.22579,-1.0839,-1.1065,-0.26262,-1.2448,28,28,-0.081855,-0.48916,0.051562,0.042229,2018-02-04,2026-09-27,18:+0.21 20:+0.12 21:-0.69 22:-0.82 23:+0.29 24:-0.90 25:-0.96 26:+0.06,False,False,False,57,-0.27192,2
market,US500.cash,large,157,90/10,1,False,36,-0.12796,-0.48005,-0.48686,0.47222,0.049691,-0.3056,-0.12796,,3/5,-0.95974,2022,-0.12796,-0.057977,-0.11393,-0.069978,-0.26046,-0.26416,-0.014026,-0.052813,23,13,-0.14757,-0.093252,0.049395,0.056742,2018-02-04,2023-06-04,18:+0.21 20:+0.12 21:-0.69 22:-0.96 23:+0.29,False,False,False,36,-0.12796,1
market,US100.cash,large,157,90/10,1,False,20,-0.5691,-1.7305,-1.7755,0.35,-0.81408,-0.32413,-0.31253,-0.59761,1/4,-0.96023,2025,-0.5691,-0.062852,0.14099,-0.50625,-1.5555,-1.5959,-0.71009,-2.1363,5,15,0.22043,-0.83228,0.055462,0.016106,2022-08-28,2026-09-27,22:-0.31 24:-0.90 25:-0.96 26:+0.06,False,False,False,21,-0.51873,1
pooled,commodities15,large,157,90/10,4,False,338,-0.50709,-3.2527,-3.1003,0.44675,-0.4879,-0.52628,-0.46512,-0.58637,5/18,-3.0831,2010,-0.40271,-0.88804,-0.12364,0.38095,2.4971,2.316,-0.38345,-2.2292,219,119,-0.20404,-1.0648,0.42511,0.32801,2009-09-13,2026-09-07,09:-1.78 10:-3.08 11:-0.76 12:-0.67 13:-0.49 14:+3.87 15:+0.98 16:+0.01 17:+0.47 18:-1.10 19:-0.96 20:-0.59 21:-0.67 22:-0.51 23:-0.50 24:-0.72 25:-1.31 26:+0.17,False,False,False,1055,-0.44596,15
group,metals,large,157,90/10,4,False,203,-0.40177,-2.0775,-2.016,0.45813,-0.17338,-0.62793,-0.38148,-0.51019,4/18,-3.0831,2010,-0.53762,-0.81311,-0.24626,0.41133,2.1535,2.0553,-0.15551,-0.71477,132,71,-0.1251,-0.91616,0.30639,0.23492,2009-09-13,2026-08-23,09:-1.78 10:-3.08 11:-0.76 12:-0.67 13:-0.49 14:+3.87 15:+0.98 16:+0.01 17:+1.10 18:-0.61 19:-0.99 20:-0.59 21:-0.60 22:-0.46 23:-1.08 24:-0.19 25:-1.44 26:-0.39,False,False,False,644,-0.22655,5
market,XAUUSD,large,157,90/10,4,False,54,-0.9243,-2.4237,-2.4465,0.37037,-0.91016,-0.93843,-0.81077,-2.0369,4/14,-6.0559,2025,-0.9243,-0.98954,0.067686,0.06524,0.17414,0.17577,-0.99198,-2.2004,27,27,-0.18003,-1.6686,0.19807,0.17112,2009-09-13,2025-01-26,09:-1.78 10:-2.01 11:-2.65 12:-0.75 13:-0.30 15:+1.17 16:+0.43 18:+0.35 19:-2.10 20:-3.63 22:-0.99 23:+0.19 24:-1.03 25:-6.06,False,False,False,169,-0.58076,1
market,XAGUSD,large,157,90/10,4,False,51,-0.057526,-0.12789,-0.12916,0.56863,-0.25383,0.13123,0.10841,-0.8319,5/13,-7.3941,2010,-0.057526,-0.78826,-0.10261,0.73074,1.619,1.6351,0.045088,0.088436,28,23,0.14074,-0.29889,0.25044,0.16729,2010-10-03,2025-07-07,10:-7.39 11:-0.00 12:-0.54 13:-0.75 14:+3.87 15:+2.68 16:-1.16 17:+2.65 18:-0.43 19:+2.99 22:-1.00 24:-1.28 25:+0.05,False,True,False,159,0.15306,1
market,XPTUSD,large,157,90/10,4,False,32,0.063516,0.13078,0.13287,0.59375,-0.55122,0.67826,-0.013462,0.60236,7/10,-2.2796,2018,0.063516,-0.97924,-0.67929,1.0428,2.2449,2.2808,0.74281,1.5241,24,8,0.079169,0.016558,0.4465,0.4041,2015-06-28,2024-11-03,15:-0.34 16:+0.58 17:+1.18 18:-2.28 19:-0.84 20:+3.64 21:+2.36 22:+0.04 23:+1.54 24:+0.60,False,True,False,101,-0.29505,1
market,XPDUSD,large,157,90/10,4,False,60,-0.38313,-1.2717,-1.2825,0.4,-0.20527,-0.561,-0.57082,0.83685,5/11,-2.1204,2017,-0.38313,-0.59257,-0.49883,0.20944,0.69989,0.70579,0.1157,0.36524,53,7,-0.33005,-0.78503,0.38894,0.28766,2015-07-26,2026-03-01,15:+0.46 16:+0.82 17:-2.12 18:+0.54 20:-0.41 21:-1.26 22:-0.23 23:-1.43 24:+1.47 25:-0.87 26:+1.28,False,True,False,199,-0.18269,1
market,XCUUSD,large,157,90/10,4,False,6,-1.2932,-1.9166,-2.0996,0.16667,-1.4753,-1.111,,-1.2932,0/2,-2.4679,2025,-1.2932,-0.75578,0.54245,-0.53738,-0.86881,-0.95173,-1.8356,-2.3236,0,6,,-1.2932,0.18396,-0.045682,2025-12-29,2026-08-23,25:-2.47 26:-1.06,False,False,False,16,-0.37053,1
group,energy,large,157,90/10,4,False,52,-0.67372,-1.5717,-1.6028,0.44231,-1.0255,-0.32196,-0.48844,-0.94723,1/9,-5.2113,2017,-0.67372,-0.55429,0.35026,-0.11942,-0.30194,-0.3139,-1.024,-2.3068,38,14,0.17787,-2.9852,0.92953,0.60232,2017-11-27,2026-09-06,17:-5.21 18:-3.33 19:-0.89 21:-1.07 22:-0.61 23:+1.75 24:-0.91 25:-1.04 26:-0.82,False,False,False,142,-0.66049,3
market,USOIL.cash,large,157,90/10,4,False,26,0.47752,1.1,1.1217,0.57692,0.53842,0.41661,0.85852,-0.042029,2/5,-0.66977,2025,0.47752,0.52851,0.53219,-0.050988,-0.11493,-0.11721,-0.05467,-0.1248,26,0,0.47752,,0.77783,-0.43237,2022-02-27,2026-07-19,22:-0.03 23:+2.19 24:+0.94 25:-0.67 26:-0.19,False,False,False,80,0.50607,1
market,UKOIL.cash,large,157,90/10,4,False,21,-2.035,-2.4851,-2.5465,0.33333,-2.0691,-2.0039,-1.7512,-2.943,1/8,-8.3232,2024,-2.035,-1.6213,0.63428,-0.41364,-0.51762,-0.5304,-2.6692,-3.2144,7,14,-0.13456,-2.9852,1.1199,1.7516,2017-11-27,2025-06-08,17:-5.21 18:-3.33 19:-0.89 21:-1.07 22:-3.21 23:+0.87 24:-8.32 25:-1.60,False,False,False,49,-2.2525,1
market,NATGAS.cash,large,157,90/10,4,False,5,-0.94288,-1.3714,-1.5333,0.2,-1.8275,-0.35312,,-0.94288,0/1,-0.94288,2026,-0.94288,-1.7033,-1.7887,0.76044,0.94617,1.0579,0.84579,1.2302,5,0,-0.94288,,0.91862,1.1558,2026-01-18,2026-09-06,26:-0.94,False,True,False,13,-1.8388,1
group,grains,large,157,90/10,4,False,42,-0.3412,-0.76999,-0.69502,0.47619,-1.0015,0.31907,-0.9573,-0.12259,1/4,-0.9573,2023,-0.3412,-1.1062,-0.56819,0.76504,1.7107,1.5292,0.22699,0.50232,27,15,-0.91449,0.69072,0.33354,0.38382,2023-04-30,2026-08-30,23:-0.96 24:-0.85 25:-0.09 26:+0.54,False,True,False,119,-0.5327,3
market,WHEAT.c,large,157,90/10,4,False,14,0.071414,0.12404,0.12872,0.42857,0.021056,0.12177,1.5682,-0.33681,2/4,-1.4759,2024,0.071414,-0.91782,0.040793,0.98923,1.6511,1.7135,0.030621,0.05247,8,6,-0.090653,0.2875,0.26238,0.20293,2023-04-30,2026-08-30,23:+1.57 24:-1.48 25:-0.99 26:+0.29,False,True,False,27,-0.097103,1
market,CORN.c,large,157,90/10,4,False,13,-0.21035,-0.21194,-0.22059,0.53846,-2.863,2.0633,-2.746,1.3744,2/4,-2.746,2023,-0.21035,-1.017,-1.286,0.80665,0.82253,0.85611,1.0756,1.1131,9,4,-1.5736,2.8568,0.53656,0.76358,2023-08-20,2026-08-30,23:-2.75 24:-0.11 25:+1.70 26:+4.02,False,True,False,44,-1.1007,1
market,SOYBEAN.c,large,157,90/10,4,False,15,-0.83971,-1.1212,-1.1606,0.46667,-0.7124,-0.9511,-0.50158,-0.92424,0/3,-1.1856,2024,-0.83971,-1.3594,-0.5145,0.51972,0.66728,0.6907,-0.32521,-0.41414,10,5,-0.9804,-0.55832,0.22401,0.22352,2023-10-01,2026-08-30,23:-0.50 24:-1.19 26:-0.56,False,False,False,48,-0.25704,1
group,softs,large,157,90/10,4,False,41,-0.98715,-2.0114,-2.2837,0.36585,-1.5958,-0.40747,-1.4858,-0.86627,1/4,-2.1313,2025,-0.98715,-1.4588,0.33782,0.47166,0.98515,1.1505,-1.325,-2.4722,22,19,-0.46545,-1.5912,0.467,0.38386,2023-04-02,2026-09-07,23:-1.49 24:-1.60 25:-2.13 26:+0.55,False,False,False,150,-1.1161,4
market,SUGAR.c,large,157,90/10,4,False,9,-0.94877,-1.2348,-1.3097,0.33333,0.28983,-1.9397,,-0.94877,0/2,-2.2931,2026,-0.94877,-1.161,-1.0756,0.21223,0.2148,0.22783,0.12682,0.13316,9,0,-0.94877,,0.58917,0.55713,2025-01-20,2026-03-15,25:-0.28 26:-2.29,False,True,False,34,-1.3323,1
market,COFFEE.c,large,157,90/10,4,False,9,-1.927,-1.652,-1.7523,0.33333,-0.099302,-3.3891,2.0428,-2.4232,1/3,-9.1477,2025,-1.927,-2.0182,1.4524,0.09124,0.079005,0.083798,-3.3793,-2.9948,1,8,2.0428,-2.4232,0.30967,0.6046,2023-08-20,2025-01-20,23:+2.04 24:-1.46 25:-9.15,False,False,False,30,-1.5209,1
market,COCOA.c,large,157,90/10,4,False,14,-1.19,-1.3587,-1.41,0.42857,-1.9899,-0.39014,-1.9899,-0.39014,1/3,-8.1619,2025,-1.19,-1.0844,0.9868,-0.10556,-0.13608,-0.14122,-2.1768,-2.4165,7,7,-0.39014,-1.9899,0.21221,0.045185,2023-04-02,2026-06-28,23:-1.99 25:-8.16 26:+0.91,False,False,False,55,-0.88308,1
market,COTTON.c,large,157,90/10,4,False,9,0.22984,0.20217,0.21443,0.33333,-1.7575,1.8197,,0.22984,1/3,-2.5547,2024,0.22984,-1.7796,-0.37288,2.0094,2.0061,2.1278,0.60272,0.63015,5,4,-0.20255,0.77034,0.89848,0.5167,2024-12-30,2026-09-07,24:-2.55 25:-1.49 26:+1.82,False,True,False,31,-0.90051,1
pooled,us_index,large,157,90/10,4,False,23,-0.59302,-0.938,-0.95908,0.3913,-0.5304,-0.65042,-0.030653,-1.4678,3/8,-3.874,2021,-0.59302,-0.36173,-0.051285,-0.23129,-0.36445,-0.37264,-0.54174,-0.80949,11,12,-0.32131,-0.84208,0.19329,0.15524,2018-02-04,2026-08-09,18:+1.21 20:+0.81 21:-3.87 22:-1.36 23:+1.80 24:-1.89 25:-1.89 26:-0.62,False,False,False,56,-0.16226,2
market,US500.cash,large,157,90/10,4,False,13,-0.3599,-0.43634,-0.45415,0.46154,0.1604,-0.80587,-0.3599,,3/5,-3.874,2021,-0.3599,-0.40554,-0.45081,0.045644,0.055037,0.057284,0.090911,0.11382,8,5,-0.20914,-0.60112,0.19282,0.21273,2018-02-04,2023-06-04,18:+1.21 20:+0.81 21:-3.87 22:-2.76 23:+1.80,False,True,False,36,0.31337,1
market,US100.cash,large,157,90/10,4,False,10,-0.89608,-0.87452,-0.92183,0.3,-0.63134,-1.1608,4.2496,-1.4678,1/4,-1.8922,2025,-0.89608,-0.30477,0.4681,-0.5913,-0.57795,-0.60922,-1.3642,-1.2062,3,7,-0.62045,-1.0142,0.19389,0.080514,2022-08-28,2026-08-09,22:+4.25 24:-1.89 25:-1.89 26:-0.62,False,False,False,20,-1.0184,1
pooled,commodities15,large,157,90/10,8,False,211,-0.98393,-3.1569,-3.1574,0.3981,-0.99662,-0.97136,-0.98649,-0.9791,6/18,-5.4197,2010,-0.88241,-1.8263,-0.11572,0.84237,3.0891,3.0466,-0.86821,-2.459,137,74,-0.2833,-2.281,0.77593,0.67712,2009-09-13,2026-08-09,09:-3.15 10:-5.42 11:+1.44 12:+1.82 13:-2.89 14:+2.84 15:-0.30 16:+0.40 17:-0.92 18:-1.37 19:-0.89 20:-0.58 21:+0.64 22:-2.34 23:-1.22 24:-1.20 25:-2.52 26:+0.98,False,False,False,1035,-0.75548,15
group,metals,large,157,90/10,8,False,128,-0.72459,-2.0944,-2.0936,0.4375,-0.57055,-0.87863,-0.55383,-1.5474,7/18,-5.4197,2010,-1.1692,-1.7659,-0.37327,1.0413,3.4195,3.3908,-0.35132,-0.85554,82,46,-0.29766,-1.4856,0.52064,0.47217,2009-09-13,2026-06-28,09:-3.15 10:-5.42 11:+1.44 12:+1.82 13:-2.89 14:+2.84 15:-0.30 16:+0.40 17:+0.76 18:-0.58 19:+0.18 20:-0.58 21:+1.03 22:-1.50 23:-1.81 24:-0.73 25:-3.44 26:-0.41,False,False,False,638,-0.26304,5
market,XAUUSD,large,157,90/10,8,False,33,-1.4482,-2.1479,-2.1812,0.39394,-1.0148,-1.8561,-0.96404,-6.2899,5/14,-8.5747,2025,-1.4482,-2.0605,0.29239,0.61231,1.047,1.0632,-1.7406,-2.0082,16,17,-0.40457,-2.4305,0.37513,0.33756,2009-09-13,2025-01-26,09:-3.15 10:-3.24 11:+2.70 12:+0.79 13:-2.48 15:+0.96 16:+0.00 18:-0.47 19:-3.42 20:-0.86 22:-2.02 23:+2.88 24:-5.15 25:-8.57,False,False,False,169,-0.82887,1
market,XAGUSD,large,157,90/10,8,False,36,-0.44121,-0.53429,-0.54187,0.52778,-0.5319,-0.35051,0.037261,-2.4234,6/13,-11.967,2010,-0.44121,-1.7432,-0.027024,1.3019,1.7195,1.7439,-0.41418,-0.4085,20,16,0.29866,-1.366,0.41544,0.34961,2010-10-03,2025-08-03,10:-11.97 11:+0.59 12:+3.35 13:-3.31 14:+2.84 15:+3.00 16:-1.47 17:+1.74 18:-0.31 19:+9.09 22:-2.11 24:-1.53 25:-3.61,False,False,False,159,-0.033372,1
market,XPTUSD,large,157,90/10,8,False,21,-0.23909,-0.3541,-0.36284,0.52381,-1.3885,0.80584,-0.51829,1.4361,4/9,-3.2065,2015,-0.23909,-2.0733,-1.3961,1.8342,3.5363,3.6236,1.157,1.9073,16,5,-0.43344,0.38284,0.80397,0.82802,2015-06-28,2024-10-06,15:-3.21 16:+1.33 17:+0.64 18:-2.73 19:-0.66 21:+3.48 22:-0.21 23:-0.45 24:+1.44,False,True,False,101,-0.23942,1
market,XPDUSD,large,157,90/10,8,False,35,-0.51959,-0.91555,-0.92892,0.37143,0.057211,-1.0644,-0.74262,0.55836,5/11,-2.8215,2023,-0.51959,-1.3257,-0.87274,0.8061,1.6646,1.6889,0.35315,0.65584,30,5,-0.56578,-0.24245,0.61449,0.55948,2015-07-26,2026-03-01,15:-2.63 16:+4.00 17:-0.58 18:+4.63 20:-0.46 21:+0.21 22:-1.78 23:-2.82 24:+1.13 25:-1.41 26:+2.77,False,True,False,197,0.053515,1
market,XCUUSD,large,157,90/10,8,False,3,-1.9555,-6.308,-7.7257,0,-1.8498,-2.0084,,-1.9555,0/2,-2.0084,2026,-1.9555,-1.7835,1.1364,-0.172,-0.21276,-0.26057,-3.0919,-6.1968,0,3,,-1.9555,0.30527,-0.086106,2025-12-29,2026-06-28,25:-1.85 26:-2.01,False,False,False,12,-0.7331,1
group,energy,large,157,90/10,8,False,33,-1.609,-1.4907,-1.5219,0.39394,-3.7483,0.4045,-2.2783,-0.57925,1/9,-12.673,2017,-1.609,-1.2329,0.77072,-0.37606,-0.40917,-0.42936,-2.3797,-2.1615,24,9,0.52447,-7.2982,1.9058,1.2177,2017-11-27,2026-08-09,17:-12.67 18:-5.36 19:-2.68 21:-2.44 22:-3.78 23:+2.46 24:-0.25 25:-0.87 26:-0.39,False,False,False,138,-0.93324,3
market,USOIL.cash,large,157,90/10,8,False,16,1.6611,1.8389,1.8992,0.6875,1.2846,2.0377,1.3041,2.1202,4/5,-0.12906,2022,1.6611,0.92575,1.0763,0.73539,0.90145,0.93101,0.58488,0.69471,16,0,1.6611,,1.654,-0.92846,2022-02-27,2026-07-19,22:-0.13 23:+3.10 24:+3.66 25:+0.19 26:+6.76,False,True,False,80,1.475,1
market,UKOIL.cash,large,157,90/10,8,False,14,-5.0975,-2.6237,-2.7228,0.14286,-4.8379,-5.357,-5.2094,-4.6871,1/8,-12.896,2022,-5.0975,-3.2256,1.2598,-1.8718,-0.97198,-1.0087,-6.3572,-3.1894,5,9,-1.1361,-7.2982,2.2965,3.4203,2017-11-27,2025-05-11,17:-12.67 18:-5.36 19:-2.68 21:-2.44 22:-12.90 23:+1.18 24:-8.09 25:-2.99,False,False,False,49,-4.2076,1
market,NATGAS.cash,large,157,90/10,8,False,3,-2.7702,-4.849,-5.9388,0,-3.6799,-2.3153,,-2.7702,0/1,-2.7702,2026,-2.7702,-3.4465,-3.141,0.67634,0.96794,1.1855,0.37082,0.6491,3,0,-2.7702,,1.4259,2.3853,2026-01-18,2026-08-09,26:-2.77,False,True,False,9,-4.5125,1
group,grains,large,157,90/10,8,False,24,-0.7308,-0.9575,-0.81386,0.33333,-1.6637,0.20209,-1.9031,-0.24809,1/4,-1.9031,2023,-0.7308,-2.1916,-1.0396,1.4608,2.1654,1.8038,0.30883,0.37669,16,8,-1.4876,0.78281,0.61219,0.80778,2023-04-30,2026-08-02,23:-1.90 24:-0.91 25:-0.02 26:+0.32,False,True,False,113,-1.5697,3
market,WHEAT.c,large,157,90/10,8,False,8,0.30993,0.28793,0.30781,0.375,1.2379,-0.61801,2.3408,-0.36703,2/4,-2.054,2025,0.30993,-1.8458,0.33423,2.1557,2.0723,2.2154,-0.024304,-0.018377,5,3,0.69663,-0.33458,0.44519,0.46859,2023-04-30,2026-07-26,23:+2.34 24:+2.91 25:-2.05 26:-0.33,False,False,False,25,-0.15034,1
market,CORN.c,large,157,90/10,8,False,8,-0.94175,-0.58061,-0.6207,0.375,-4.1926,2.3091,-4.4678,1.1739,2/4,-4.4678,2023,-0.94175,-2.1215,-2.5642,1.1797,0.89727,0.95922,1.6224,1.0656,6,2,-3.0754,5.4593,0.99724,1.5479,2023-08-20,2026-05-10,23:-4.47 24:-1.68 25:+4.04 26:+6.88,False,True,False,42,-2.541,1
market,SOYBEAN.c,large,157,90/10,8,False,8,-1.5606,-1.1993,-1.2821,0.25,-1.5483,-1.5728,-2.2999,-1.3141,0/3,-2.2999,2023,-1.5606,-2.6075,-0.88892,1.047,0.83543,0.89311,-0.67166,-0.45718,5,3,-1.7664,-1.2175,0.39413,0.40685,2023-10-01,2026-08-02,23:-2.30 24:-1.41 26:-1.22,False,False,False,46,-1.4543,1
group,softs,large,157,90/10,8,False,26,-1.701,-1.5626,-1.6735,0.26923,-3.028,-0.37392,-3.7083,-1.2231,1/4,-3.8924,2025,-1.701,-2.5394,0.87997,0.83845,0.88688,1.0461,-2.5809,-2.1783,15,11,-0.21264,-3.7305,0.74977,0.87934,2023-04-02,2026-07-12,23:-3.71 24:-3.33 25:-3.89 26:+2.76,False,False,False,146,-2.1091,4
market,SUGAR.c,large,157,90/10,8,False,6,-1.8998,-1.3923,-1.5251,0.16667,-0.28823,-3.5113,,-1.8998,0/2,-2.1509,2026,-1.8998,-2.2722,-2.109,0.37248,0.22736,0.24906,0.20922,0.12066,6,0,-1.8998,,0.82645,1.1387,2025-01-20,2026-03-15,25:-1.77 26:-2.15,False,True,False,34,-2.9359,1
market,COFFEE.c,large,157,90/10,8,False,6,-3.3563,-2.4321,-2.6642,0.16667,-1.2823,-5.4304,1.2817,-4.2839,1/3,-7.9853,2025,-3.3563,-2.1875,2.6191,-1.1688,-0.6221,-0.68148,-5.9754,-4.1482,1,5,1.2817,-4.2839,0.64728,1.2258,2023-08-20,2025-01-20,23:+1.28 24:-3.36 25:-7.99,False,False,False,30,-3.3265,1
market,COCOA.c,large,157,90/10,8,False,8,-2.5733,-1.0259,-1.0967,0.375,-4.9558,-0.19078,-4.9558,-0.19078,1/3,-13.483,2025,-2.5733,-2.7907,2.4095,0.21737,0.1152,0.12315,-4.9828,-2.0032,4,4,-0.19078,-4.9558,0.377,0.10392,2023-04-02,2026-06-28,23:-4.96 25:-13.48 26:+4.24,False,False,False,55,-1.5341,1
market,COTTON.c,large,157,90/10,8,False,6,1.3162,0.47793,0.52355,0.33333,-1.924,4.5564,,1.3162,1/3,-3.1983,2024,1.3162,-2.8236,0.090405,4.1398,2.2543,2.4694,1.2258,0.52328,4,2,1.9226,0.10345,1.2726,1.3074,2024-12-30,2026-07-12,24:-3.20 25:-1.29 26:+4.56,False,True,False,27,-0.8867,1
pooled,us_index,large,157,90/10,8,False,16,0.039928,0.032925,0.034005,0.6875,0.8816,-0.80174,1.4248,-2.2682,5/8,-4.314,2024,0.039928,-0.057371,-0.11794,0.097299,0.086257,0.089086,0.15787,0.12146,7,9,0.10174,-0.0081469,0.3926,0.28826,2018-02-04,2026-08-09,18:+5.44 20:+1.30 21:+2.12 22:-2.85 23:+3.60 24:-4.31 25:-3.25 26:+0.76,False,True,False,55,0.6914,2
market,US500.cash,large,157,90/10,8,False,9,1.1872,0.70421,0.74693,0.77778,3.3687,-0.55809,1.1872,,4/5,-6.0526,2022,1.1872,0.17151,-0.71961,1.0157,0.61174,0.64885,1.9068,1.1679,5,4,-0.16093,2.8723,0.40589,0.38301,2018-02-04,2023-06-04,18:+5.44 20:+1.30 21:+2.12 22:-6.05 23:+3.60,False,True,False,36,2.3018,1
market,US100.cash,large,157,90/10,8,False,7,-1.4351,-0.84459,-0.91226,0.57143,-1.6882,-1.2453,3.5635,-2.2682,2/4,-4.314,2024,-1.4351,-0.35164,0.65563,-1.0834,-0.74195,-0.8014,-2.0907,-1.1039,2,5,0.75841,-2.3125,0.37552,0.16644,2022-08-28,2026-08-09,22:+3.56 24:-4.31 25:-3.25 26:+0.76,False,False,False,19,-2.36,1
pooled,commodities15,small,26,80/20,1,False,2016,-0.19267,-5.6347,-5.1832,0.45536,-0.14229,-0.24306,-0.13934,-0.29494,4/21,-0.53414,2013,-0.1461,-0.20161,-0.070237,0.0089372,0.26324,0.24101,-0.12244,-3.501,969,1047,-0.15117,-0.23109,0.15733,0.071907,2006-12-10,2026-09-27,06:-0.07 07:-0.17 08:+0.29 09:-0.08 10:-0.02 11:+0.41 12:+0.16 13:-0.53 14:+0.09 15:-0.19 16:-0.12 17:-0.05 18:-0.29 19:-0.31 20:-0.22 21:-0.28 22:-0.06 23:-0.21 24:-0.24 25:-0.33 26:-0.32,False,False,False,2181,-0.19114,15
group,metals,small,26,80/20,1,False,1301,-0.13251,-3.1825,-2.7679,0.47194,-0.024597,-0.24026,-0.10195,-0.26899,6/21,-0.53414,2013,-0.21197,-0.17481,-0.082971,0.042301,1.0143,0.88647,-0.049539,-1.1693,630,671,-0.18761,-0.080775,0.12465,0.047769,2006-12-10,2026-09-27,06:-0.07 07:-0.17 08:+0.29 09:-0.08 10:-0.02 11:+0.41 12:+0.16 13:-0.53 14:+0.09 15:-0.19 16:+0.03 17:-0.01 18:-0.20 19:-0.41 20:-0.25 21:+0.00 22:-0.12 23:-0.32 24:-0.24 25:-0.37 26:-0.21,False,False,False,1388,-0.12136,5
market,XAUUSD,small,26,80/20,1,False,453,-0.085828,-1.2004,-1.2017,0.5011,-0.01143,-0.1599,-0.055907,-0.29795,9/21,-0.57993,2026,-0.29361,-0.17826,0.035999,0.092435,1.2816,1.2831,-0.12183,-1.6759,206,247,-0.11405,-0.062289,0.05987,0.038476,2006-12-10,2026-09-27,06:-0.07 07:-0.17 08:+0.25 09:+0.01 10:+0.09 11:-0.02 12:+0.08 13:-0.50 14:+0.21 15:+0.16 16:-0.10 17:+0.06 18:-0.29 19:-0.12 20:-0.21 21:+0.24 22:-0.21 23:-0.22 24:+0.18 25:-0.48 26:-0.58,False,False,False,474,-0.086966,1
market,XAGUSD,small,26,80/20,1,False,372,-0.12304,-1.6253,-1.6275,0.45968,0.038301,-0.28439,-0.1005,-0.30013,5/19,-0.91113,2019,-0.23379,-0.15292,-0.094081,0.02988,0.39485,0.39538,-0.028962,-0.37825,173,199,-0.11367,-0.13119,0.1165,0.030348,2008-12-07,2026-08-30,08:+0.63 09:-0.15 10:-0.10 11:+0.69 12:+0.24 13:-0.58 14:-0.02 15:+0.08 16:-0.11 17:-0.56 18:-0.50 19:-0.91 20:-0.12 21:-0.08 22:-0.05 23:+0.07 24:-0.11 25:-0.40 26:-0.45,False,False,False,394,-0.12405,1
market,XPTUSD,small,26,80/20,1,False,197,-0.29755,-2.8555,-2.8627,0.43147,-0.25899,-0.33572,-0.27155,-0.39647,2/12,-0.97643,2019,-0.41563,-0.16159,-0.23829,-0.13596,-1.3261,-1.3295,-0.059254,-0.55862,95,102,-0.63514,0.01688,0.18717,0.075932,2015-05-17,2026-09-13,15:-0.58 16:-0.33 17:+0.44 18:-0.13 19:-0.98 20:-0.26 21:-0.05 22:-0.25 23:-0.87 24:-0.82 25:+0.01 26:-0.06,False,False,False,213,-0.29248,1
market,XPDUSD,small,26,80/20,1,False,240,-0.10378,-1.0484,-1.0506,0.46667,-0.0077352,-0.19982,-0.059182,-0.23757,4/12,-0.41842,2020,-0.23757,-0.25743,-0.21058,0.15365,1.5552,1.5585,0.1068,1.0573,129,111,-0.12867,-0.074847,0.2167,0.068441,2015-02-08,2026-09-27,15:-0.34 16:+1.25 17:-0.00 18:+0.09 19:+0.01 20:-0.42 21:-0.02 22:+0.09 23:-0.41 24:-0.19 25:-0.38 26:-0.20,False,True,False,263,-0.054546,1
market,XCUUSD,small,26,80/20,1,False,39,-0.10818,-0.40353,-0.40881,0.48718,-0.38997,0.15951,,-0.10818,1/2,-0.40284,2025,-0.10818,0.098156,0.21101,-0.20634,-0.76588,-0.77589,-0.31919,-1.1525,27,12,0.070441,-0.51009,0.072527,0.052431,2025-01-06,2026-09-13,25:-0.40 26:+0.12,False,False,False,44,-0.038717,1
group,energy,small,26,80/20,1,False,316,-0.24896,-2.6722,-2.624,0.45886,-0.39773,-0.10019,-0.2987,-0.16771,4/11,-0.96201,2016,-0.2017,-0.26226,0.099789,0.013299,0.14735,0.14332,-0.34875,-3.6699,177,139,0.08836,-0.6785,0.26483,0.19389,2016-05-22,2026-09-06,16:-0.96 17:-0.42 18:-0.50 19:+0.40 20:-0.04 21:-0.91 22:+0.11 23:+0.15 24:+0.04 25:-0.38 26:-0.22,False,False,False,336,-0.21637,3
market,USOIL.cash,small,26,80/20,1,False,100,-0.13942,-0.84467,-0.84893,0.54,-0.31115,0.032319,-0.31474,0.050517,3/6,-0.99146,2021,0.0618,-0.17988,0.18646,0.040466,0.25689,0.25819,-0.32587,-1.9095,63,37,0.25569,-0.81217,0.21895,0.14344,2021-01-31,2026-09-06,21:-0.99 22:+0.12 23:-0.06 24:+0.12 25:+0.58 26:-0.68,False,False,False,106,-0.06796,1
market,UKOIL.cash,small,26,80/20,1,False,188,-0.2608,-2.0984,-2.104,0.43085,-0.50564,-0.015962,-0.29291,-0.15571,5/11,-0.96201,2016,0.0035882,-0.29712,0.16837,0.036323,0.29933,0.30013,-0.42917,-3.4114,100,88,0.12839,-0.70307,0.2692,0.2332,2016-05-22,2026-08-30,16:-0.96 17:-0.42 18:-0.50 19:+0.40 20:-0.04 21:-0.84 22:+0.11 23:+0.33 24:+0.03 25:-0.96 26:+0.26,False,False,False,200,-0.25296,1
market,NATGAS.cash,small,26,80/20,1,False,28,-0.56069,-2.2419,-2.283,0.35714,-0.36155,-0.75983,,-0.56069,0/3,-0.72631,2025,-0.56069,-0.32238,-0.67022,-0.23831,-0.96976,-0.98756,0.10953,0.4391,14,14,-0.9506,-0.17077,0.39936,0.11008,2024-11-24,2026-08-30,24:-0.29 25:-0.73 26:-0.48,False,False,False,30,-0.49676,1
group,grains,small,26,80/20,1,False,205,-0.23588,-2.4361,-2.2905,0.42927,-0.1601,-0.31093,-0.10671,-0.26623,0/4,-0.32636,2026,-0.38691,-0.10885,-0.3019,-0.12703,-1.3304,-1.2631,0.066011,0.67111,85,120,-0.37675,-0.13611,0.168,0.054897,2023-04-30,2026-09-07,23:-0.11 24:-0.21 25:-0.30 26:-0.33,False,False,False,237,-0.28216,3
market,WHEAT.c,small,26,80/20,1,False,60,-0.55722,-3.3611,-3.3894,0.26667,-0.46203,-0.65242,-0.38461,-0.62547,0/4,-0.85431,2025,-0.55722,-0.10063,-0.15942,-0.45659,-2.7938,-2.8174,-0.39781,-2.4164,29,31,-0.41323,-0.69193,0.11895,0.031959,2023-04-30,2026-07-26,23:-0.38 24:-0.52 25:-0.85 26:-0.51,False,False,False,68,-0.54551,1
market,CORN.c,small,26,80/20,1,False,75,-0.064058,-0.38702,-0.38963,0.46667,-0.16954,0.03865,0.15307,-0.10542,2/4,-0.23034,2026,-0.15688,-0.1813,-0.41776,0.11725,0.72345,0.72832,0.3537,2.1408,31,44,-0.3785,0.15748,0.23078,0.1026,2023-09-10,2026-07-19,23:+0.15 24:-0.19 25:+0.16 26:-0.23,False,True,False,91,-0.15541,1
market,SOYBEAN.c,small,26,80/20,1,False,70,-0.14455,-0.86864,-0.87491,0.52857,-0.024976,-0.26413,0.053974,-0.17764,2/4,-0.29463,2025,-0.17764,-0.038277,-0.29988,-0.10627,-0.64796,-0.65264,0.15533,0.92063,25,45,-0.33226,-0.040266,0.14276,0.023453,2023-09-04,2026-09-07,23:+0.05 24:+0.03 25:-0.29 26:-0.28,False,False,False,78,-0.20047,1
group,softs,small,26,80/20,1,False,194,-0.4588,-3.8143,-3.7492,0.36598,-0.47215,-0.44546,-0.50166,-0.45187,0/4,-0.55934,2024,-0.54589,-0.38057,-0.016995,-0.078235,-0.65036,-0.62791,-0.44181,-3.5531,77,117,-0.15462,-0.65899,0.19007,0.05306,2023-03-19,2026-09-27,23:-0.50 24:-0.56 25:-0.28 26:-0.54,False,False,False,220,-0.49479,4
market,SUGAR.c,small,26,80/20,1,False,28,-0.72156,-2.6364,-2.6847,0.25,-0.68215,-0.76097,,-0.72156,0/2,-0.77978,2026,-0.72156,-0.66202,-0.42079,-0.059538,-0.22153,-0.22559,-0.30077,-1.0634,16,12,-0.65409,-0.81151,0.39336,0.070172,2025-01-20,2026-09-27,25:-0.65 26:-0.78,False,False,False,34,-0.78302,1
market,COFFEE.c,small,26,80/20,1,False,75,-0.1608,-0.88638,-0.89235,0.44,-0.44774,0.11858,-0.43403,-0.092496,2/4,-0.44835,2024,-0.092496,-0.23285,0.11251,0.072051,0.39571,0.39838,-0.27331,-1.4499,31,44,0.28645,-0.47591,0.092337,0.08442,2023-03-19,2026-08-30,23:-0.43 24:-0.45 25:+0.17 26:+0.09,False,False,False,81,-0.19137,1
market,COCOA.c,small,26,80/20,1,False,67,-0.54692,-2.3598,-2.3776,0.37313,-0.53721,-0.55634,-0.5862,-0.53835,0/4,-0.71008,2026,-0.49951,-0.36344,0.1918,-0.18347,-0.7762,-0.78206,-0.73871,-3.0733,22,45,-0.30185,-0.66673,0.067046,0.018106,2023-03-26,2026-09-20,23:-0.59 24:-0.66 25:-0.21 26:-0.71,False,False,False,77,-0.5544,1
market,COTTON.c,small,26,80/20,1,False,24,-0.83751,-2.7192,-2.7777,0.25,-0.63263,-1.0424,,-0.83751,0/2,-1.0424,2026,-0.83751,-0.5616,-0.53348,-0.2759,-0.89242,-0.91161,-0.30403,-0.94882,8,16,-0.45991,-1.0263,0.6018,0.032676,2025-01-26,2026-05-17,25:-0.63 26:-1.04,False,False,False,28,-0.85866,1
pooled,commodities15,small,26,80/20,4,False,772,-0.50022,-4.2647,-4.293,0.44819,-0.29453,-0.7059,-0.29157,-0.89712,7/21,-1.3936,2013,-0.56811,-0.61122,0.052504,0.111,1.0128,1.0285,-0.55272,-4.3688,367,405,-0.12239,-0.84259,0.41116,0.30677,2006-12-10,2026-09-06,06:+1.55 07:-0.49 08:+1.22 09:-0.69 10:+0.34 11:+1.25 12:+0.01 13:-1.39 14:+0.84 15:-0.60 16:-0.71 17:-0.13 18:-0.84 19:-0.67 20:+0.17 21:-0.93 22:-0.20 23:-0.33 24:-0.93 25:-1.14 26:-0.58,False,False,False,2166,-0.39065,15
group,metals,small,26,80/20,4,False,491,-0.31862,-2.2927,-2.1998,0.47454,-0.092806,-0.54352,-0.16471,-1.0044,7/21,-1.9691,2025,-1.0458,-0.51961,-0.023929,0.20099,1.5153,1.4299,-0.29469,-1.9717,231,260,-0.20031,-0.42373,0.28476,0.19528,2006-12-10,2026-09-06,06:+1.55 07:-0.49 08:+1.22 09:-0.69 10:+0.34 11:+1.25 12:+0.01 13:-1.39 14:+0.84 15:-0.60 16:-0.56 17:-0.09 18:-0.42 19:-0.83 20:+0.32 21:-0.30 22:-0.36 23:-0.31 24:-0.87 25:-1.97 26:-0.21,False,False,False,1378,-0.12206,5
market,XAUUSD,small,26,80/20,4,False,163,-0.16078,-0.60163,-0.60349,0.53988,0.078632,-0.39727,0.10561,-1.9621,11/21,-4.4332,2025,-0.71246,-0.64325,0.29316,0.48247,1.9476,1.9536,-0.45394,-1.5424,71,92,0.16432,-0.41167,0.19091,0.15144,2006-12-10,2026-06-28,06:+1.55 07:-0.49 08:+1.02 09:-1.04 10:+0.04 11:+0.46 12:+0.27 13:-1.69 14:+1.39 15:+1.30 16:-0.24 17:+0.79 18:-0.21 19:+0.60 20:-0.97 21:+1.43 22:-0.58 23:+0.26 24:-0.17 25:-4.43 26:-0.87,False,False,False,472,0.022477,1
market,XAGUSD,small,26,80/20,4,False,142,-0.062179,-0.23672,-0.23756,0.47887,-0.024222,-0.10014,0.019521,-0.625,6/19,-1.6079,2017,0.037173,-0.46568,-0.068516,0.4035,1.5856,1.5912,0.0063371,0.023072,64,78,0.035999,-0.14274,0.22723,0.1205,2008-12-07,2026-08-16,08:+3.64 09:-0.38 10:+0.64 11:+1.88 12:-0.25 13:-1.06 14:+0.30 15:-0.23 16:-1.48 17:-1.61 18:-0.41 19:-0.82 20:+2.99 21:-0.47 22:-1.11 23:+0.70 24:-0.26 25:-1.54 26:-0.29,False,True,False,394,0.036782,1
market,XPTUSD,small,26,80/20,4,False,82,-0.84694,-2.793,-2.8102,0.41463,-0.95457,-0.73932,-0.80999,-0.96947,2/12,-3.5444,2019,-0.83715,-0.2469,-0.48378,-0.60004,-2.097,-2.1099,-0.36317,-1.1302,40,42,-1.3163,-0.39994,0.43197,0.32076,2015-05-17,2026-08-09,15:-2.05 16:-1.38 17:+0.69 18:-0.52 19:-3.54 20:-0.43 21:-0.38 22:-0.38 23:-1.07 24:-2.07 25:+0.96 26:-0.31,False,False,False,211,-0.40549,1
market,XPDUSD,small,26,80/20,4,False,90,-0.53394,-1.8716,-1.8821,0.41111,-0.48809,-0.57978,-0.45052,-0.8676,2/12,-1.7682,2025,-0.74535,-0.68048,-0.27117,0.14655,0.52465,0.52759,-0.26276,-0.8551,47,43,-0.27242,-0.81978,0.42879,0.27858,2015-02-08,2026-07-26,15:-0.63 16:+1.17 17:-0.41 18:-0.54 19:-0.90 20:-0.87 21:-0.80 22:+1.01 23:-1.07 24:-0.54 25:-1.77 26:-0.51,False,False,False,258,-0.47936,1
market,XCUUSD,small,26,80/20,4,False,14,-0.27871,-0.43092,-0.44718,0.42857,-1.2721,0.71464,,-0.27871,1/2,-1.2721,2025,-0.27871,-0.19023,1.0193,-0.088479,-0.13858,-0.14382,-1.298,-1.7238,9,5,0.57926,-1.8231,0.17265,0.19394,2025-01-06,2026-09-06,25:-1.27 26:+0.71,False,False,False,43,0.37044,1
group,energy,small,26,80/20,4,False,130,-0.65801,-2.1169,-2.0119,0.40769,-1.0915,-0.22451,-0.90729,-0.2841,2/11,-2.1944,2018,-0.08475,-0.88577,0.56538,0.22776,0.84176,0.80292,-1.2234,-3.7897,72,58,0.7535,-2.4102,0.93012,0.82139,2016-05-22,2026-09-06,16:-1.31 17:-0.48 18:-2.19 19:+0.27 20:-0.60 21:-2.11 22:+0.20 23:-0.25 24:-0.46 25:-0.27 26:-0.10,False,False,False,336,-0.82451,3
market,USOIL.cash,small,26,80/20,4,False,38,-1.0289,-1.7121,-1.7351,0.39474,-1.3123,-0.74546,-1.2078,-0.83007,1/6,-4.2927,2026,-1.0289,-0.71553,0.84844,-0.31334,-0.62674,-0.63515,-1.8773,-2.878,22,16,0.61254,-3.2858,0.84551,0.67605,2021-01-31,2026-09-06,21:-1.80 22:-0.34 23:-1.36 24:-0.76 25:+1.39 26:-4.29,False,False,False,106,-0.85889,1
market,UKOIL.cash,small,26,80/20,4,False,78,-0.49639,-1.1837,-1.1914,0.42308,-1.2673,0.27452,-0.80367,0.39475,4/11,-2.3915,2021,-0.14443,-0.99668,0.79,0.5003,1.3674,1.3763,-1.2864,-3.1352,41,37,1.1915,-2.3667,1.0094,0.92786,2016-05-22,2026-08-16,16:-1.31 17:-0.48 18:-2.19 19:+0.27 20:-0.60 21:-2.39 22:+0.60 23:+0.72 24:-0.26 25:-1.76 26:+4.46,False,False,False,200,-0.97038,1
market,NATGAS.cash,small,26,80/20,4,False,14,-0.55191,-1.0639,-1.1041,0.35714,-0.60279,-0.50104,,-0.55191,0/3,-1.0913,2026,-0.55191,-0.7299,-1.4544,0.17799,0.32267,0.33485,0.90246,1.5929,9,5,-0.8971,0.069434,0.71787,0.6227,2024-11-24,2026-08-30,24:-0.02 25:-0.19 26:-1.09,False,True,False,30,0.26941,1
group,grains,small,26,80/20,4,False,76,-0.68899,-2.0166,-2.0685,0.44737,-0.5116,-0.86638,0.11872,-0.87137,1/4,-1.3555,2026,-0.94795,-0.18755,-0.76089,-0.50144,-1.5341,-1.6051,0.071903,0.1966,32,44,-1.3677,-0.19534,0.38544,0.22333,2023-04-30,2026-08-23,23:+0.12 24:-0.63 25:-0.80 26:-1.36,False,False,False,236,-0.83624,3
market,WHEAT.c,small,26,80/20,4,False,23,-1.5716,-3.1152,-3.1852,0.26087,-1.8196,-1.3442,-1.1833,-1.7086,0/4,-2.5101,2024,-1.5716,-0.44149,-0.33395,-1.1301,-2.1519,-2.2003,-1.2376,-2.4289,11,12,-1.2373,-1.878,0.24122,0.1325,2023-04-30,2026-07-06,23:-1.18 24:-2.51 25:-1.32 26:-0.89,False,False,False,68,-1.6404,1
market,CORN.c,small,26,80/20,4,False,27,-0.36098,-0.53219,-0.54233,0.51852,-0.0023165,-0.69403,0.81745,-0.56593,2/4,-1.9691,2026,-0.36098,-0.30103,-1.2068,-0.059958,-0.093559,-0.095341,0.84584,1.2212,11,16,-1.7705,0.60807,0.62466,0.41305,2023-09-10,2026-07-06,23:+0.82 24:+0.22 25:-0.60 26:-1.97,False,False,False,91,-0.5009,1
market,SOYBEAN.c,small,26,80/20,4,False,26,-0.24885,-0.46304,-0.47221,0.53846,0.28939,-0.78709,1.3731,-0.54375,1/4,-1.0513,2026,-0.24885,0.15493,-0.67548,-0.40378,-0.7978,-0.8136,0.42663,0.70889,10,16,-1.0682,0.26324,0.26461,0.10666,2023-09-04,2026-08-23,23:+1.37 24:-0.16 25:-0.55 26:-1.05,False,False,False,77,-0.52237,1
group,softs,small,26,80/20,4,False,75,-1.2243,-2.6383,-2.6059,0.34667,-1.3765,-1.0761,-0.95215,-1.2813,0/4,-1.9232,2024,-1.3936,-1.1644,0.48813,-0.059888,-0.13805,-0.13418,-1.7124,-3.3844,32,43,-0.28535,-1.923,0.36521,0.2292,2023-03-19,2026-08-23,23:-0.95 24:-1.92 25:-1.12 26:-0.90,False,False,False,216,-0.94238,4
market,SUGAR.c,small,26,80/20,4,False,11,-0.61365,-0.591,-0.61985,0.36364,-1.1644,-0.1547,,-0.61365,0/2,-0.99475,2025,-0.61365,-1.1319,-0.84339,0.5182,0.49026,0.51419,0.22974,0.22011,8,3,-1.1246,0.74887,0.56164,0.367,2025-01-20,2026-08-16,25:-0.99 26:-0.16,False,True,False,31,-0.74958,1
market,COFFEE.c,small,26,80/20,4,False,28,-0.90614,-1.3349,-1.3594,0.32143,-1.5919,-0.22041,-1.1755,-0.83269,1/4,-1.9042,2024,-0.90614,-0.9403,0.53335,0.034155,0.052866,0.053836,-1.4395,-1.9691,12,16,0.6411,-2.0666,0.29699,0.33662,2023-03-19,2026-08-23,23:-1.18 24:-1.90 25:-0.45 26:+0.01,False,False,False,81,-0.458,1
market,COCOA.c,small,26,80/20,4,False,27,-1.5739,-1.7461,-1.7793,0.37037,-1.4008,-1.7346,-0.76074,-1.8585,0/4,-2.1802,2025,-1.5739,-1.2963,1.3221,-0.27756,-0.34177,-0.34829,-2.896,-3.0439,9,18,-0.34081,-2.1904,0.16239,0.085083,2023-03-26,2026-08-16,23:-0.76 24:-1.94 25:-2.18 26:-1.18,False,False,False,76,-1.2357,1
market,COTTON.c,small,26,80/20,4,False,9,-1.9115,-1.3552,-1.4374,0.33333,-0.70919,-2.8734,,-1.9115,0/2,-3.1497,2026,-1.9115,-1.5055,-0.5271,-0.40602,-0.29461,-0.31248,-1.3844,-0.87778,3,6,-1.5867,-2.0739,0.94584,0.15894,2025-01-26,2026-05-03,25:-0.92 26:-3.15,False,False,False,28,-1.7611,1
pooled,commodities15,small,26,80/20,8,False,463,-0.65696,-2.8247,-2.5626,0.42981,-0.33664,-0.97591,-0.37488,-1.1861,7/21,-3.2649,2013,-2.4637,-1.1618,0.21413,0.50481,2.5693,2.3226,-0.8711,-3.3816,219,244,0.2598,-1.4798,0.74533,0.62782,2006-12-10,2026-07-26,06:-2.29 07:+0.85 08:+2.48 09:-1.17 10:+0.82 11:+2.57 12:+0.42 13:-3.26 14:+1.20 15:-0.70 16:-0.15 17:-0.12 18:-0.93 19:-1.07 20:+0.52 21:-2.44 22:-0.51 23:-0.32 24:-0.40 25:-1.49 26:-1.77,False,False,False,2131,-0.84131,15
group,metals,small,26,80/20,8,False,292,-0.14964,-0.58808,-0.56112,0.4589,0.22388,-0.52316,-0.0079914,-0.78841,10/21,-3.2649,2013,-0.69335,-0.79352,0.025062,0.64388,2.8967,2.7938,-0.1747,-0.63418,140,152,0.23709,-0.50585,0.49889,0.40316,2006-12-10,2026-07-19,06:-2.29 07:+0.85 08:+2.48 09:-1.17 10:+0.82 11:+2.57 12:+0.42 13:-3.26 14:+1.20 15:-0.70 16:-0.36 17:-0.31 18:+0.01 19:-0.69 20:+0.91 21:-0.12 22:-0.81 23:+0.12 24:-1.34 25:-1.27 26:+0.40,False,False,False,1363,-0.35557,5
market,XAUUSD,small,26,80/20,8,False,98,-0.16834,-0.35416,-0.35598,0.5102,-0.24215,-0.094529,-0.036724,-1.1116,11/21,-4.169,2013,0.038929,-1.0442,0.61095,0.8759,2.1692,2.1804,-0.77929,-1.4449,43,55,0.62001,-0.78468,0.37415,0.31436,2006-12-10,2026-06-28,06:-2.29 07:+0.85 08:+1.93 09:-1.11 10:-0.81 11:-2.23 12:+0.86 13:-4.17 14:+0.84 15:+1.05 16:-0.15 17:-0.05 18:+1.70 19:+0.44 20:-0.99 21:+0.42 22:-0.36 23:+1.12 24:+0.28 25:-3.36 26:+0.78,False,False,False,472,-0.37483,1
market,XAGUSD,small,26,80/20,8,False,81,0.78246,1.5502,1.5598,0.50617,1.1866,0.38822,1.034,-1.2299,9/19,-5.4332,2025,0.53905,-0.48894,-0.069467,1.2714,2.8174,2.8349,0.85193,1.6184,39,42,1.11,0.4783,0.37461,0.2669,2008-12-07,2026-06-28,08:+5.22 09:-1.22 10:+2.86 11:+6.40 12:-0.02 13:-2.13 14:+1.56 15:+1.12 16:+0.26 17:-2.11 18:-0.52 19:-1.20 20:+5.86 21:-0.05 22:-0.55 23:+1.57 24:-0.24 25:-5.43 26:+0.25,False,True,False,391,0.16358,1
market,XPTUSD,small,26,80/20,8,False,50,-0.80866,-1.601,-1.6172,0.38,-1.2439,-0.37341,-1.0847,0.065494,4/12,-3.3186,2019,-0.80866,-0.70445,-0.94866,-0.10421,-0.24442,-0.2469,0.14,0.26813,25,25,-1.2891,-0.32824,0.75112,0.64258,2015-05-17,2026-06-22,15:-2.19 16:-0.93 17:+0.29 18:-0.69 19:-3.32 20:-1.03 21:+0.02 22:-1.71 23:-0.42 24:-2.22 25:+3.72 26:+0.98,False,False,False,207,-0.73948,1
market,XPDUSD,small,26,80/20,8,False,55,-1.0415,-1.9413,-1.9592,0.36364,-0.49229,-1.571,-0.74376,-2.1083,2/12,-2.7342,2024,-1.0415,-0.97581,-0.21305,-0.06566,-0.13372,-0.13495,-0.82842,-1.4406,28,27,-0.47212,-1.6319,0.70379,0.54932,2015-05-31,2026-07-19,15:-1.81 16:-1.18 17:+0.69 18:-0.75 19:+0.16 20:-0.81 21:-0.53 22:-0.71 23:-2.40 24:-2.73 25:-2.65 26:-0.94,False,False,False,251,-0.9692,1
market,XCUUSD,small,26,80/20,8,False,8,0.89201,0.75186,0.80377,0.5,1.1943,0.58975,,0.89201,2/2,0.58545,2025,0.89201,-0.10964,1.5278,1.0017,0.87436,0.93473,-0.63583,-0.51214,5,3,1.7376,-0.51738,0.30019,0.36931,2025-01-06,2026-07-19,25:+0.59 26:+1.40,False,False,False,42,0.58729,1
group,energy,small,26,80/20,8,False,77,-1.7821,-2.7712,-2.7897,0.38961,-2.5347,-1.0488,-2.0453,-1.3697,3/11,-6.8314,2021,-1.8341,-2.2632,1.1743,0.48109,1.0015,1.0164,-2.9564,-4.107,40,37,1.428,-5.2524,1.8094,1.7387,2016-05-22,2026-06-22,16:+0.72 17:+1.13 18:-4.88 19:-3.25 20:-1.21 21:-6.83 22:+0.11 23:-0.23 24:-0.74 25:-0.61 26:-4.17,False,False,False,331,-2.0285,3
market,USOIL.cash,small,26,80/20,8,False,24,-1.9521,-1.6178,-1.6526,0.29167,-2.7146,-1.1896,-2.7146,-1.1896,2/6,-10.415,2026,-1.9521,-2.2281,1.513,0.27603,0.35068,0.35822,-3.4651,-2.4664,13,11,1.6863,-6.2521,1.7351,1.5603,2021-01-31,2026-06-22,21:-7.71 22:+1.04 23:-2.31 24:-0.15 25:+1.86 26:-10.41,False,False,False,105,-0.92878,1
market,UKOIL.cash,small,26,80/20,8,False,46,-2.0348,-2.4827,-2.5102,0.41304,-2.2836,-1.7859,-1.8158,-2.7314,3/11,-6.1299,2021,-2.0348,-2.4988,1.5418,0.46403,0.72988,0.73795,-3.5766,-4.2083,23,23,1.6748,-5.7444,1.9676,1.9365,2016-05-22,2026-05-31,16:+0.72 17:+1.13 18:-4.88 19:-3.25 20:-1.21 21:-6.13 22:-0.81 23:+1.01 24:-1.92 25:-4.21 26:-0.66,False,False,False,197,-2.9201,1
market,NATGAS.cash,small,26,80/20,8,False,7,0.46138,0.21861,0.23613,0.57143,1.0386,0.02846,,0.46138,2/3,-1.4255,2026,0.46138,-0.83486,-2.4018,1.2962,0.65201,0.70425,2.8631,1.3583,4,3,-0.83102,2.1846,1.0249,1.0502,2024-11-24,2026-06-22,24:+0.35 25:+1.43 26:-1.43,False,True,False,29,0.046595,1
group,grains,small,26,80/20,8,False,47,-0.7357,-1.1187,-1.1274,0.40426,0.27024,-1.6997,0.10902,-0.90897,2/4,-2.6904,2026,-0.7357,-0.15094,-1.1805,-0.58476,-1.0301,-1.0008,0.44485,0.58729,18,29,-1.6416,-0.1734,0.67403,0.39468,2023-04-30,2026-07-26,23:+0.11 24:+0.57 25:-1.36 26:-2.69,False,False,False,232,-1.3965,3
market,WHEAT.c,small,26,80/20,8,False,15,-1.6761,-1.5451,-1.5993,0.26667,-2.5053,-0.95055,-2.2894,-1.4531,0/4,-3.129,2024,-1.6761,-0.63472,-0.24666,-1.0414,-1.2582,-1.3024,-1.4294,-1.2779,7,8,-0.91293,-2.3439,0.41283,0.2687,2023-04-30,2026-07-06,23:-2.29 24:-3.13 25:-0.26 26:-0.81,False,False,False,68,-2.4655,1
market,CORN.c,small,26,80/20,8,False,16,-1.0399,-0.82431,-0.85135,0.5625,0.66107,-2.7409,1.54,-1.4084,2/4,-4.9063,2026,-1.0399,-0.059168,-2.2851,-0.98073,-0.8246,-0.85164,1.2452,0.89434,6,10,-3.2625,0.29369,1.1691,0.75976,2023-09-10,2026-07-06,23:+1.54 24:+0.37 25:-0.58 26:-4.91,False,False,False,91,-1.236,1
market,SOYBEAN.c,small,26,80/20,8,False,16,0.45012,0.42545,0.4394,0.375,3.2965,-2.3962,3.4749,0.018009,2/4,-2.8627,2025,0.45012,0.21083,-0.95152,0.23929,0.26424,0.27291,1.4016,1.0413,5,11,-0.71666,0.98047,0.42379,0.1477,2023-09-04,2026-07-26,23:+3.47 24:+3.24 25:-2.86 26:-1.62,False,True,False,73,-0.60084,1
group,softs,small,26,80/20,8,False,47,-1.8868,-1.7653,-1.8007,0.34043,-0.78568,-2.9421,-2.0058,-1.8624,1/4,-2.7014,2026,-1.8868,-2.6561,1.2104,0.76928,0.81061,0.81352,-3.0972,-2.7806,21,26,-0.18413,-3.2621,0.60441,0.43684,2023-03-19,2026-07-06,23:-2.01 24:+0.06 25:-2.55 26:-2.70,False,False,False,205,-1.5258,4
market,SUGAR.c,small,26,80/20,8,False,6,-0.54881,-0.35499,-0.38887,0.5,-1.3036,0.20593,,-0.54881,1/2,-1.3036,2025,-0.54881,-2.9177,-1.3236,2.3689,1.454,1.5928,0.77475,0.4639,4,2,-1.6267,1.607,0.76578,0.66483,2025-01-20,2026-05-17,25:-1.30 26:+0.21,False,True,False,27,-1.4762,1
market,COFFEE.c,small,26,80/20,8,False,17,-2.2078,-2.0532,-2.1163,0.17647,-2.6652,-1.8013,-2.2123,-2.2065,0/4,-3.668,2024,-2.2078,-2.0486,1.2061,-0.15924,-0.15503,-0.1598,-3.4139,-2.7325,8,9,0.096481,-4.2561,0.59383,0.61503,2023-03-19,2026-06-22,23:-2.21 24:-3.67 25:-1.76 26:-0.52,False,False,False,78,-0.86607,1
market,COCOA.c,small,26,80/20,8,False,18,-1.4091,-0.63651,-0.65497,0.38889,2.387,-5.2052,-1.7993,-1.2976,1/4,-4.8117,2026,-1.4091,-2.9627,2.4338,1.5535,0.84217,0.86659,-3.8429,-1.8094,7,11,1.1267,-3.0228,0.28189,0.22274,2023-03-26,2026-07-06,23:-1.80 24:+3.17 25:-4.55 26:-4.81,False,False,False,72,-1.7763,1
market,COTTON.c,small,26,80/20,8,False,6,-3.7485,-0.87821,-0.96203,0.5,-1.8166,-5.6803,,-3.7485,0/2,-5.6803,2026,-3.7485,-3.1962,0.086383,-0.55229,-0.13698,-0.15005,-3.8349,-0.80024,2,4,-3.0095,-4.1179,1.4405,0.3463,2025-01-26,2026-05-03,25:-1.82 26:-5.68,False,False,False,28,-2.7671,1
pooled,commodities15,small,26,90/10,1,False,1256,-0.23415,-5.4161,-4.8974,0.44427,-0.15832,-0.30998,-0.16414,-0.36721,6/21,-0.75518,2013,-0.32442,-0.22859,-0.075147,-0.0055539,-0.1295,-0.11693,-0.159,-3.5745,614,642,-0.2105,-0.25676,0.15596,0.07462,2006-12-10,2026-09-27,06:+0.86 07:-0.09 08:+0.48 09:-0.03 10:+0.05 11:+0.18 12:+0.08 13:-0.76 14:-0.02 15:-0.23 16:-0.11 17:+0.04 18:-0.13 19:-0.44 20:-0.20 21:-0.43 22:-0.11 23:-0.20 24:-0.22 25:-0.41 26:-0.46,False,False,False,1342,-0.2276,15
group,metals,small,26,90/10,1,False,812,-0.18776,-3.5327,-3.0702,0.45197,-0.042302,-0.33321,-0.13353,-0.43107,8/21,-0.75518,2013,-0.23136,-0.18777,-0.085028,1.5187e-05,0.00028725,0.00025013,-0.10273,-1.8962,409,403,-0.23523,-0.13958,0.12363,0.04842,2006-12-10,2026-09-27,06:+0.86 07:-0.09 08:+0.48 09:-0.03 10:+0.05 11:+0.18 12:+0.08 13:-0.76 14:-0.02 15:-0.23 16:+0.07 17:+0.00 18:+0.00 19:-0.58 20:-0.27 21:-0.06 22:-0.16 23:-0.47 24:-0.39 25:-0.58 26:-0.35,False,False,False,852,-0.16814,5
market,XAUUSD,small,26,90/10,1,False,291,-0.14256,-1.6053,-1.6081,0.46735,-0.0017199,-0.28244,-0.077456,-0.58949,7/21,-0.98813,2026,-0.40089,-0.19149,0.02802,0.048929,0.54822,0.54916,-0.17058,-1.8881,143,148,-0.17046,-0.1156,0.057261,0.039043,2006-12-10,2026-09-13,06:+0.86 07:-0.09 08:+0.43 09:+0.02 10:-0.05 11:+0.02 12:-0.07 13:-0.75 14:+0.15 15:+0.73 16:-0.07 17:-0.08 18:-0.18 19:-0.17 20:-0.47 21:+0.29 22:-0.25 23:-0.19 24:-0.27 25:-0.48 26:-0.99,False,False,False,301,-0.13448,1
market,XAGUSD,small,26,90/10,1,False,222,-0.13635,-1.4353,-1.4385,0.45495,-0.029759,-0.24294,-0.096972,-0.39841,8/19,-0.89229,2019,-0.17387,-0.16132,-0.090264,0.024968,0.27294,0.27356,-0.046085,-0.47934,97,125,-0.063738,-0.19269,0.1136,0.02888,2008-12-07,2026-08-23,08:+1.15 09:-0.08 10:+0.08 11:+0.34 12:+0.26 13:-0.76 14:-0.21 15:+0.04 16:-0.12 17:-0.34 18:-0.51 19:-0.89 20:+0.41 21:-0.05 22:-0.15 23:+0.07 24:+0.01 25:-0.87 26:-0.55,False,False,False,229,-0.13261,1
market,XPTUSD,small,26,90/10,1,False,121,-0.35925,-2.5797,-2.5904,0.42149,-0.17208,-0.54334,-0.31678,-0.52233,2/12,-1.324,2019,-0.52508,-0.19332,-0.22981,-0.16592,-1.1731,-1.178,-0.12944,-0.90966,62,59,-0.63991,-0.064315,0.18404,0.076111,2015-06-07,2026-07-06,15:-0.79 16:-0.11 17:+0.86 18:+0.28 19:-1.32 20:-0.26 21:-0.09 22:-0.41 23:-1.30 24:-1.09 25:-0.04 26:-0.21,False,False,False,127,-0.3092,1
market,XPDUSD,small,26,90/10,1,False,155,-0.1981,-1.5729,-1.578,0.44516,-0.090817,-0.30401,-0.16414,-0.31896,3/12,-0.70649,2023,-0.31057,-0.25981,-0.21745,0.061715,0.49338,0.49498,0.019351,0.15015,92,63,-0.25287,-0.11812,0.22287,0.072331,2015-02-08,2026-09-27,15:-0.49 16:+1.21 17:-0.13 18:+0.30 19:-0.51 20:-0.46 21:-0.22 22:+0.17 23:-0.71 24:-0.22 25:-0.68 26:-0.21,False,True,False,169,-0.15794,1
market,XCUUSD,small,26,90/10,1,False,23,-0.28395,-0.68605,-0.70146,0.43478,-0.7159,0.11201,,-0.28395,1/2,-0.81263,2025,-0.28395,0.11858,0.1893,-0.40252,-0.97916,-1.0012,-0.47324,-1.1062,15,8,-0.18078,-0.47738,0.073642,0.048842,2025-01-12,2026-09-13,25:-0.81 26:+0.06,False,False,False,26,-0.24812,1
group,energy,small,26,90/10,1,False,184,-0.38,-3.0534,-2.9122,0.46196,-0.52179,-0.23821,-0.34959,-0.43068,5/11,-1.4085,2021,-0.50686,-0.32822,0.099752,-0.051782,-0.41452,-0.39399,-0.47975,-3.6876,92,92,-0.03005,-0.72995,0.26441,0.21811,2016-05-22,2026-08-30,16:-0.84 17:+0.29 18:-0.52 19:+0.66 20:+0.31 21:-1.41 22:+0.06 23:+0.30 24:-0.08 25:-0.60 26:-0.75,False,False,False,197,-0.35316,3
market,USOIL.cash,small,26,90/10,1,False,62,-0.4646,-2.0614,-2.0783,0.48387,-0.5584,-0.37081,-0.47436,-0.45275,2/6,-2.0466,2026,-0.36127,-0.24401,0.18027,-0.2206,-1.0125,-1.0207,-0.64488,-2.7268,36,26,-0.039692,-1.0529,0.22531,0.18217,2021-01-31,2026-03-15,21:-1.34 22:-0.17 23:+0.19 24:-0.15 25:+0.27 26:-2.05,False,False,False,65,-0.42609,1
market,UKOIL.cash,small,26,90/10,1,False,103,-0.33515,-2.0003,-2.0101,0.45631,-0.46226,-0.21048,-0.29722,-0.47479,6/11,-2.748,2025,-0.39801,-0.40489,0.19013,0.069745,0.40825,0.41025,-0.52528,-3.0555,49,54,0.047723,-0.68257,0.26533,0.26663,2016-05-22,2026-08-23,16:-0.84 17:+0.29 18:-0.52 19:+0.66 20:+0.31 21:-1.47 22:+0.31 23:+0.40 24:+0.16 25:-2.75 26:-0.10,False,False,False,111,-0.32503,1
market,NATGAS.cash,small,26,90/10,1,False,19,-0.34708,-1.1036,-1.1339,0.42105,-0.78853,0.050228,,-0.34708,0/3,-0.35075,2025,-0.34708,-0.18736,-0.65296,-0.15972,-0.49379,-0.50732,0.30588,0.96627,7,12,-0.52487,-0.24336,0.387,0.072364,2024-11-24,2026-08-30,24:-0.34 25:-0.35 26:-0.35,False,False,False,21,-0.2761,1
group,grains,small,26,90/10,1,False,126,-0.10263,-0.87047,-0.84211,0.45238,0.022159,-0.22742,0.035738,-0.13861,2/4,-0.42051,2026,-0.23644,-0.13604,-0.30945,0.033405,0.28289,0.28798,0.20682,1.7378,55,71,-0.3168,0.063273,0.17017,0.056042,2023-04-30,2026-09-07,23:+0.04 24:+0.04 25:-0.11 26:-0.42,False,True,False,145,-0.15412,3
market,WHEAT.c,small,26,90/10,1,False,37,-0.27012,-1.1878,-1.2042,0.37838,0.14641,-0.66472,0.07325,-0.39729,2/4,-0.91707,2025,-0.27012,-0.11304,-0.17437,-0.15708,-0.66591,-0.6751,-0.09575,-0.4272,19,18,-0.15853,-0.3879,0.1256,0.032425,2023-04-30,2026-07-26,23:+0.07 24:+0.32 25:-0.92 26:-0.50,False,False,False,42,-0.31708,1
market,CORN.c,small,26,90/10,1,False,52,0.071018,0.38213,0.38586,0.48077,0.19252,-0.050484,0.14793,0.050384,3/4,-0.31753,2026,0.071018,-0.19643,-0.41625,0.26745,1.5127,1.5275,0.48727,2.6412,20,32,-0.40554,0.36887,0.22244,0.090603,2023-09-10,2026-05-17,23:+0.15 24:+0.03 25:+0.36 26:-0.32,False,True,False,62,-0.019337,1
market,SOYBEAN.c,small,26,90/10,1,False,37,-0.17919,-0.87677,-0.88886,0.48649,-0.18875,-0.17014,-0.2861,-0.16249,1/4,-0.46535,2026,-0.17919,-0.074161,-0.29444,-0.10503,-0.50466,-0.51162,0.11524,0.55167,16,21,-0.39381,-0.01568,0.14128,0.031087,2023-10-01,2026-09-07,23:-0.29 24:-0.17 25:+0.14 26:-0.47,False,False,False,41,-0.19099,1
group,softs,small,26,90/10,1,False,134,-0.43862,-3.2139,-3.1445,0.36567,-0.30422,-0.57303,-0.39725,-0.44505,0/4,-0.52011,2026,-0.49603,-0.42617,-0.035113,-0.012456,-0.09402,-0.091698,-0.40351,-2.8942,58,76,-0.22151,-0.60431,0.18961,0.053816,2023-03-19,2026-09-20,23:-0.40 24:-0.45 25:-0.37 26:-0.52,False,False,False,148,-0.47475,4
market,SUGAR.c,small,26,90/10,1,False,22,-0.57367,-2.0906,-2.1398,0.22727,-0.80067,-0.34668,,-0.57367,0/2,-0.78334,2025,-0.57367,-0.65049,-0.47182,0.076821,0.25568,0.2617,-0.10186,-0.37669,14,8,-0.73682,-0.28817,0.39323,0.080443,2025-01-20,2026-09-20,25:-0.78 26:-0.32,False,False,False,27,-0.60451,1
market,COFFEE.c,small,26,90/10,1,False,50,-0.11748,-0.60552,-0.61167,0.46,-0.24808,0.013116,-0.46193,-0.020327,1/4,-0.46193,2023,-0.11748,-0.24896,0.094574,0.13148,0.67031,0.67712,-0.21205,-1.0759,21,29,0.067273,-0.25127,0.091754,0.081277,2023-03-19,2026-08-30,23:-0.46 24:-0.08 25:+0.29 26:-0.21,False,False,False,53,-0.13781,1
market,COCOA.c,small,26,90/10,1,False,44,-0.45284,-1.5703,-1.5884,0.40909,-0.64641,-0.25928,-0.2956,-0.48259,0/4,-0.71751,2024,-0.45284,-0.38323,0.21556,-0.069613,-0.25576,-0.25872,-0.66841,-2.213,18,26,-0.010057,-0.75939,0.062603,0.025412,2023-04-16,2026-09-07,23:-0.30 24:-0.72 25:-0.27 26:-0.18,False,False,False,47,-0.48292,1
market,COTTON.c,small,26,90/10,1,False,18,-1.1309,-3.4232,-3.5225,0.16667,-0.85095,-1.4108,,-1.1309,0/2,-1.318,2026,-1.1309,-0.7492,-0.47438,-0.38167,-1.1649,-1.1987,-0.6565,-1.8932,5,13,-0.75282,-1.2763,0.52302,0.014426,2025-02-02,2026-05-17,25:-0.84 26:-1.32,False,False,False,21,-1.14,1
pooled,commodities15,small,26,90/10,4,False,585,-0.47322,-3.6352,-3.6801,0.46667,-0.29944,-0.6464,-0.313,-0.78638,6/21,-1.7164,2013,-1.0955,-0.59417,0.064622,0.12096,0.97859,1.0061,-0.53784,-3.7636,279,306,-0.13219,-0.78416,0.40319,0.29075,2006-12-10,2026-09-07,06:+1.55 07:+0.86 08:+0.88 09:-0.30 10:-1.03 11:+1.75 12:-0.05 13:-1.72 14:+0.43 15:-0.17 16:-0.55 17:+0.02 18:-0.91 19:-0.81 20:-0.07 21:-1.28 22:-0.22 23:-0.18 24:-0.72 25:-0.67 26:-0.98,False,False,False,1336,-0.45478,15
group,metals,small,26,90/10,4,False,374,-0.34134,-2.2605,-2.2329,0.49465,-0.0041865,-0.6785,-0.20776,-0.92146,5/21,-1.7164,2013,-1.0802,-0.49821,-0.031053,0.15687,1.0753,1.0673,-0.31029,-1.9052,176,198,-0.23513,-0.43576,0.28449,0.19591,2006-12-10,2026-09-06,06:+1.55 07:+0.86 08:+0.88 09:-0.30 10:-1.03 11:+1.75 12:-0.05 13:-1.72 14:+0.43 15:-0.17 16:-0.25 17:-0.00 18:-0.37 19:-1.22 20:-0.36 21:-0.42 22:-0.42 23:-0.26 24:-0.45 25:-1.67 26:-0.64,False,False,False,848,-0.19095,5
market,XAUUSD,small,26,90/10,4,False,126,-0.20432,-0.7198,-0.72267,0.54762,0.33549,-0.74412,0.17356,-2.8022,12/21,-5.456,2025,-0.82943,-0.659,0.29401,0.45468,1.674,1.6807,-0.49833,-1.552,57,69,0.02269,-0.39184,0.18718,0.15185,2006-12-10,2026-06-28,06:+1.55 07:+0.86 08:+0.57 09:-0.07 10:-3.26 11:+0.42 12:+0.05 13:-1.64 14:+1.30 15:+4.34 16:-0.03 17:+0.51 18:-1.01 19:+0.04 20:-0.59 21:+0.79 22:-0.35 23:+0.63 24:+0.51 25:-5.46 26:-2.30,False,False,False,300,-0.084971,1
market,XAGUSD,small,26,90/10,4,False,103,-0.31019,-1.0573,-1.0625,0.48544,-0.12322,-0.49356,-0.26911,-0.62172,5/19,-3.1997,2019,-0.55746,-0.46657,-0.13384,0.15638,0.55466,0.55737,-0.17634,-0.57622,46,57,-0.19281,-0.40492,0.22393,0.12182,2008-12-07,2026-08-16,08:+3.64 09:-0.58 10:-0.29 11:+3.07 12:-0.18 13:-1.79 14:-0.18 15:+0.02 16:-0.83 17:-0.73 18:-0.79 19:-3.20 20:+1.88 21:-0.45 22:-1.26 23:+0.18 24:-0.40 25:-1.16 26:-0.48,False,False,False,229,-0.040118,1
market,XPTUSD,small,26,90/10,4,False,62,-0.53892,-1.7121,-1.7261,0.43548,-0.33917,-0.73866,-0.45309,-0.78566,2/12,-1.6051,2024,-0.46215,-0.24326,-0.39119,-0.29566,-0.97192,-0.97985,-0.14773,-0.44444,27,35,-1.0813,-0.12051,0.42472,0.30067,2015-06-07,2026-06-28,15:-1.43 16:-0.99 17:+1.19 18:-0.37 19:-1.34 20:-0.17 21:-0.11 22:-0.67 23:-0.54 24:-1.61 25:+1.43 26:-1.36,False,False,False,127,-0.4556,1
market,XPDUSD,small,26,90/10,4,False,72,-0.63404,-1.9525,-1.9662,0.45833,-0.68999,-0.57809,-0.64772,-0.58207,4/12,-1.5865,2015,-0.65607,-0.56667,-0.29329,-0.067369,-0.20869,-0.21016,-0.34075,-1.002,39,33,-0.42885,-0.87655,0.43747,0.28848,2015-02-08,2026-07-26,15:-1.59 16:+1.42 17:-0.99 18:+0.60 19:-0.95 20:-1.55 21:-1.28 22:+0.55 23:-1.23 24:+0.38 25:-1.51 26:-0.77,False,False,False,167,-0.52638,1
market,XCUUSD,small,26,90/10,4,False,11,0.8268,1.0525,1.1039,0.54545,0.71828,0.91724,,0.8268,2/2,0.71828,2025,0.8268,0.058341,0.95426,0.76846,1.0632,1.1151,-0.12745,-0.15434,7,4,1.7305,-0.75475,0.17435,0.19792,2025-01-12,2026-09-06,25:+0.72 26:+0.92,False,False,False,25,0.74075,1
group,energy,small,26,90/10,4,False,94,-0.69702,-1.9495,-1.9378,0.42553,-1.1048,-0.28923,-0.92924,-0.26777,5/11,-2.9946,2021,-0.16272,-0.85164,0.69036,0.15461,0.48959,0.48409,-1.3874,-3.54,52,42,0.63544,-2.3467,0.90351,0.74449,2016-05-22,2026-08-23,16:-1.81 17:+0.13 18:-2.66 19:+1.04 20:+1.47 21:-2.99 22:+0.26 23:-0.23 24:-0.32 25:+0.68 26:-1.25,False,False,False,197,-1.2907,3
market,USOIL.cash,small,26,90/10,4,False,30,-0.83835,-1.0945,-1.1132,0.4,-1.5565,-0.12021,-1.1949,-0.30356,3/6,-7.5124,2026,-0.83835,-0.74205,0.78476,-0.096303,-0.15217,-0.15478,-1.6231,-1.9506,18,12,0.90376,-3.4515,0.82867,0.58634,2021-01-31,2026-03-15,21:-2.61 22:+0.27 23:-1.25 24:+0.37 25:+1.91 26:-7.51,False,False,False,65,-1.5395,1
market,UKOIL.cash,small,26,90/10,4,False,55,-0.655,-1.4848,-1.4985,0.45455,-1.276,-0.056154,-0.81805,-0.070756,7/11,-3.3269,2021,-0.655,-1.0915,0.95333,0.43646,1.0903,1.1003,-1.6083,-3.4469,30,25,0.73448,-2.3224,0.97616,0.89078,2016-05-22,2026-08-23,16:-1.81 17:+0.13 18:-2.66 19:+1.04 20:+1.47 21:-3.33 22:+0.26 23:+1.30 24:-0.67 25:+1.11 26:+0.06,False,False,False,111,-1.4939,1
market,NATGAS.cash,small,26,90/10,4,False,9,-0.48273,-0.77408,-0.82104,0.33333,-1.133,0.03746,,-0.48273,1/3,-1.1498,2024,-0.48273,0.24864,-1.2313,-0.73138,-1.0618,-1.1262,0.7486,0.91391,4,5,-1.3148,0.18289,0.70903,0.3777,2024-11-24,2026-08-09,24:-1.15 25:-1.06 26:+0.73,False,False,False,21,0.55389,1
group,grains,small,26,90/10,4,False,59,-0.42823,-1.1968,-1.2257,0.40678,-0.23584,-0.6142,0.14583,-0.5748,1/4,-1.5589,2026,-0.42823,-0.085888,-0.77227,-0.34234,-0.96938,-0.98334,0.34404,0.8799,26,33,-1.0301,0.046007,0.39986,0.23485,2023-04-30,2026-09-07,23:+0.15 24:-0.24 25:-0.23 26:-1.56,False,False,False,145,-0.60602,3
market,WHEAT.c,small,26,90/10,4,False,18,-0.81095,-1.3667,-1.4063,0.33333,-0.45523,-1.1667,-0.62014,-0.88434,0/4,-1.3183,2025,-0.81095,-0.30566,-0.3769,-0.50528,-0.86019,-0.88512,-0.43405,-0.71328,9,9,-0.49291,-1.129,0.25672,0.13873,2023-04-30,2026-07-06,23:-0.62 24:-0.25 25:-1.32 26:-0.86,False,False,False,42,-1.109,1
market,CORN.c,small,26,90/10,4,False,22,-0.0035733,-0.0058153,-0.0059522,0.54545,0.25689,-0.26404,0.81745,-0.18602,3/4,-2.0291,2026,-0.0035733,-0.092784,-1.2416,0.08921,0.14886,0.15236,1.238,1.9289,9,13,-1.1944,0.82081,0.62886,0.41386,2023-09-10,2026-05-10,23:+0.82 24:+0.39 25:+0.25 26:-2.03,False,True,False,62,-0.1074,1
market,SOYBEAN.c,small,26,90/10,4,False,19,-0.55736,-0.8443,-0.86743,0.31579,-0.64145,-0.48169,0.52694,-0.76067,2/4,-1.6002,2026,-0.55736,0.13031,-0.60346,-0.68767,-1.0438,-1.0724,0.046095,0.061944,8,11,-1.4498,0.091688,0.27031,0.11863,2023-10-01,2026-09-07,23:+0.53 24:-1.37 25:+0.45 26:-1.60,False,False,False,41,-0.84483,1
group,softs,small,26,90/10,4,False,58,-1.0066,-1.8079,-1.7885,0.41379,-1.0217,-0.99157,-0.30356,-1.1531,0/4,-2.0903,2024,-1.0066,-1.3127,0.51876,0.30612,0.57511,0.5529,-1.5254,-2.5096,25,33,-0.070304,-1.716,0.36117,0.22377,2023-03-19,2026-08-23,23:-0.30 24:-2.09 25:-0.63 26:-0.91,False,False,False,146,-0.70904,4
market,SUGAR.c,small,26,90/10,4,False,8,-0.39557,-0.2884,-0.30831,0.25,-1.0425,0.25133,,-0.39557,1/2,-0.86329,2025,-0.39557,-1.4368,-0.99577,1.0412,0.71637,0.76583,0.6002,0.44198,6,2,-0.7839,0.76944,0.56406,0.37739,2025-01-20,2026-08-16,25:-0.86 26:+0.38,False,True,False,25,-0.81392,1
market,COFFEE.c,small,26,90/10,4,False,22,-0.13703,-0.1721,-0.17615,0.5,-0.84776,0.57369,-1.13,0.15501,2/4,-1.13,2023,-0.13703,-0.80091,0.49383,0.66388,0.82977,0.8493,-0.63087,-0.75584,9,13,1.1126,-1.0022,0.29789,0.34377,2023-03-19,2026-08-23,23:-1.13 24:-0.61 25:+1.01 26:+0.21,False,False,False,53,0.13044,1
market,COCOA.c,small,26,90/10,4,False,21,-1.6691,-1.6112,-1.651,0.42857,-1.658,-1.6792,0.52287,-2.3541,1/4,-3.1987,2024,-1.6691,-1.6736,1.3704,0.0044761,0.0047408,0.0048579,-3.0395,-2.6916,8,13,-0.50948,-2.3827,0.15245,0.09341,2023-04-16,2026-08-16,23:+0.52 24:-3.20 25:-1.70 26:-1.31,False,False,False,47,-0.87853,1
market,COTTON.c,small,26,90/10,4,False,7,-2.4505,-1.3795,-1.4901,0.28571,-1.5182,-3.1497,,-2.4505,0/2,-3.1497,2026,-2.4505,-1.6971,-0.22683,-0.7534,-0.42603,-0.46017,-2.2237,-1.1563,2,5,-1.496,-2.8323,0.95436,0.062194,2025-02-02,2026-05-03,25:-1.52 26:-3.15,False,False,False,21,-2.3236,1
pooled,commodities15,small,26,90/10,8,False,382,-0.98905,-3.7114,-3.6531,0.45026,-0.76852,-1.2096,-0.78325,-1.388,6/21,-3.87,2013,-2.3038,-1.2726,0.25571,0.28358,1.3114,1.286,-1.2448,-4.1462,180,202,0.15643,-2.0098,0.74058,0.642,2006-12-10,2026-08-09,06:-2.29 07:+2.85 08:+1.70 09:-1.28 10:+0.11 11:+1.20 12:+0.94 13:-3.87 14:+1.30 15:-0.39 16:-1.18 17:-0.77 18:-1.94 19:-2.13 20:-0.13 21:-2.37 22:-0.33 23:-0.87 24:-0.79 25:-1.13 26:-2.41,False,False,False,1309,-1.0102,15
group,metals,small,26,90/10,8,False,243,-0.46989,-1.6986,-1.6185,0.46914,-0.17405,-0.7633,-0.3443,-1.0225,7/21,-3.87,2013,-1.1108,-0.93805,-0.0061741,0.46816,1.9909,1.8988,-0.46371,-1.515,114,129,0.072183,-0.94893,0.49572,0.39395,2006-12-10,2026-08-02,06:-2.29 07:+2.85 08:+1.70 09:-1.28 10:+0.11 11:+1.20 12:+0.94 13:-3.87 14:+1.30 15:-0.39 16:-0.61 17:-0.36 18:-0.67 19:-1.99 20:-0.50 21:+0.06 22:-0.29 23:-0.98 24:-1.16 25:-1.75 26:-0.04,False,False,False,836,-0.52586,5
market,XAUUSD,small,26,90/10,8,False,83,-0.49026,-0.97628,-0.98221,0.48193,-0.068032,-0.90244,-0.2442,-2.1008,8/21,-7.6387,2010,-0.55815,-1.1817,0.66485,0.69146,1.6021,1.6119,-1.1551,-1.9669,38,45,0.3473,-1.1975,0.36561,0.31239,2006-12-10,2026-06-28,06:-2.29 07:+2.85 08:+1.00 09:-0.55 10:-7.64 11:-2.82 12:+0.89 13:-6.75 14:+0.74 15:+4.18 16:+1.32 17:-0.27 18:-0.13 19:-2.38 20:-0.99 21:+0.38 22:-0.11 23:+0.50 24:-0.67 25:-3.78 26:-0.77,False,False,False,300,-0.49758,1
market,XAGUSD,small,26,90/10,8,False,67,0.23536,0.42823,0.43146,0.55224,1.2438,-0.74337,0.4658,-1.4641,10/19,-7.9779,2025,0.14204,-0.8227,-0.091284,1.0581,2.2577,2.2748,0.32665,0.53466,31,36,0.89957,-0.33659,0.36911,0.25063,2008-12-07,2026-07-06,08:+5.22 09:-2.26 10:+2.04 11:+6.22 12:+1.01 13:-1.71 14:+1.86 15:+1.12 16:-0.53 17:-2.48 18:-0.38 19:-4.51 20:+3.48 21:+0.24 22:-0.50 23:-0.73 24:+1.11 25:-7.98 26:+0.30,False,True,False,227,-0.048056,1
market,XPTUSD,small,26,90/10,8,False,41,-0.75307,-1.2964,-1.3125,0.43902,-1.2204,-0.30799,-1.0519,0.1734,3/12,-2.7902,2016,-0.75307,-0.64994,-1.0573,-0.10312,-0.22152,-0.22427,0.30424,0.52868,16,25,-1.3589,-0.36534,0.74521,0.58429,2015-06-07,2026-06-28,15:-1.65 16:-2.79 17:+0.28 18:-1.70 19:-1.91 20:-0.89 21:-0.26 22:-0.55 23:-0.97 24:-1.94 25:+5.04 26:+0.46,False,False,False,124,-0.94326,1
market,XPDUSD,small,26,90/10,8,False,46,-1.2436,-2.0643,-2.0871,0.36957,-1.4953,-0.99185,-1.2628,-1.1744,2/12,-5.3061,2015,-1.2436,-1.0327,-0.36348,-0.21092,-0.42264,-0.42731,-0.88011,-1.4634,25,21,-0.59352,-2.0175,0.71864,0.57696,2015-06-07,2026-08-02,15:-5.31 16:-3.49 17:+0.45 18:-0.41 19:-0.38 20:-2.36 21:-0.02 22:-0.00 23:-2.42 24:-2.79 25:+0.95 26:-1.56,False,False,False,161,-1.1621,1
market,XCUUSD,small,26,90/10,8,False,6,-0.19649,-0.12137,-0.13296,0.33333,-1.4172,1.0242,,-0.19649,1/2,-1.5253,2025,-0.19649,-0.098619,1.5838,-0.097867,-0.060692,-0.066485,-1.7802,-0.99888,4,2,0.93119,-2.4518,0.29552,0.41897,2025-01-12,2026-06-14,25:-1.53 26:+2.46,False,False,False,24,1.0262,1
group,energy,small,26,90/10,8,False,62,-2.7377,-3.3474,-3.2646,0.41935,-3.7181,-1.7573,-2.9063,-2.4518,2/11,-7.5411,2026,-2.8619,-2.5165,1.3712,-0.22124,-0.39854,-0.39374,-4.1089,-4.3289,31,31,1.0336,-6.5091,1.8063,1.8223,2016-05-22,2026-08-09,16:-3.80 17:-2.98 18:-6.71 19:-2.70 20:+1.99 21:-6.70 22:-0.42 23:-0.07 24:-1.61 25:+0.42 26:-7.54,False,False,False,195,-2.7413,3
market,USOIL.cash,small,26,90/10,8,False,19,-2.3689,-1.6579,-1.7033,0.36842,-3.8888,-1.0011,-3.571,-1.0334,2/6,-16.458,2026,-2.3689,-1.8226,1.4314,-0.54638,-0.65084,-0.66868,-3.8003,-2.2993,11,8,1.4709,-7.6487,1.714,1.2561,2021-01-31,2026-03-01,21:-7.43 22:+0.31 23:-2.31 24:-0.60 25:+2.39 26:-16.46,False,False,False,65,-2.3536,1
market,UKOIL.cash,small,26,90/10,8,False,38,-3.4189,-3.0932,-3.1348,0.42105,-3.5709,-3.2668,-2.6772,-5.8089,2/11,-10.287,2026,-3.4189,-3.1443,1.8339,-0.27461,-0.34388,-0.34849,-5.2528,-4.2881,18,20,0.9571,-7.3573,1.943,2.2415,2016-05-22,2026-05-31,16:-3.80 17:-2.98 18:-6.71 19:-2.70 20:+1.99 21:-6.12 22:-0.85 23:+2.17 24:-3.10 25:-4.50 26:-10.29,False,False,False,110,-3.6101,1
market,NATGAS.cash,small,26,90/10,8,False,5,1.0377,0.98039,1.0961,0.6,-0.037361,1.7545,,1.0377,3/3,0.35155,2024,1.0377,-0.38221,-2.3739,1.4199,1.8187,2.0334,3.4116,2.8284,2,3,-0.68256,2.1846,1.1179,0.7879,2024-11-24,2026-08-09,24:+0.35 25:+1.38 26:+1.04,False,True,False,20,0.77671,1
group,grains,small,26,90/10,8,False,39,-1.1991,-1.7664,-1.8417,0.4359,-0.71564,-1.6583,-0.2809,-1.436,0/4,-2.0595,2026,-1.1991,-0.35524,-1.0708,-0.84381,-1.3802,-1.4738,-0.12826,-0.16258,16,23,-1.6902,-0.8574,0.70183,0.47097,2023-04-30,2026-08-02,23:-0.28 24:-1.29 25:-1.05 26:-2.06,False,False,False,143,-1.1589,3
market,WHEAT.c,small,26,90/10,8,False,13,-1.6024,-1.1857,-1.2341,0.38462,-2.7051,-0.65727,-2.292,-1.2959,0/4,-3.7262,2024,-1.6024,-0.56679,-0.13822,-1.0356,-0.86619,-0.90156,-1.4642,-1.0791,6,7,-0.69226,-2.3825,0.42131,0.24619,2023-04-30,2026-07-06,23:-2.29 24:-3.73 25:-0.01 26:-0.15,False,False,False,42,-2.0486,1
market,CORN.c,small,26,90/10,8,False,14,-0.9021,-0.80704,-0.83751,0.57143,-1.0328,-0.77143,1.54,-1.3091,2/4,-3.4613,2026,-0.9021,-0.58069,-2.2573,-0.32141,-0.31418,-0.32604,1.3552,1.0515,6,8,-3.2625,0.86822,1.1837,0.9371,2023-09-10,2026-05-10,23:+1.54 24:-1.09 25:+0.40 26:-3.46,False,False,False,62,-0.69005,1
market,SOYBEAN.c,small,26,90/10,8,False,12,-1.1085,-0.98519,-1.029,0.33333,0.62126,-2.8383,1.9205,-1.7143,2/4,-2.9262,2025,-1.1085,0.13695,-0.69678,-1.2455,-1.235,-1.2899,-0.41174,-0.28375,4,8,-0.82853,-1.2485,0.44358,0.17066,2023-10-01,2026-08-02,23:+1.92 24:+0.75 25:-2.93 26:-2.56,False,False,False,39,-0.94605,1
group,softs,small,26,90/10,8,False,38,-1.2404,-0.95659,-0.97053,0.39474,-0.070427,-2.4103,-1.9446,-1.0813,1/4,-3.041,2026,-1.2404,-2.3243,1.4718,1.0839,0.97534,0.98659,-2.7121,-2.0373,19,19,0.78573,-3.2664,0.60739,0.47793,2023-03-19,2026-06-22,23:-1.94 24:+1.08 25:-1.41 26:-3.04,False,False,False,135,-1.3514,4
market,SUGAR.c,small,26,90/10,8,False,4,-0.63885,-0.28595,-0.33018,0.5,-1.2075,-0.070178,,-0.63885,1/2,-1.3036,2025,-0.63885,-2.556,-2.5017,1.9171,0.8816,1.018,1.8628,0.84909,4,0,-0.63885,,0.7647,1.0913,2025-01-20,2026-02-08,25:-1.30 26:+1.36,False,True,False,21,-1.6051,1
market,COFFEE.c,small,26,90/10,8,False,15,-1.4937,-1.3366,-1.3835,0.33333,-2.8293,-0.32505,-2.537,-1.1143,1/4,-3.747,2024,-1.4937,-1.2833,1.1434,-0.21041,-0.19871,-0.20569,-2.6371,-1.933,7,8,0.32702,-3.0868,0.6026,0.65848,2023-03-19,2026-06-22,23:-2.54 24:-3.75 25:+1.07 26:-0.52,False,False,False,50,-0.45049,1
market,COCOA.c,small,26,90/10,8,False,14,-0.024268,-0.0086207,-0.0089462,0.42857,4.3035,-4.352,-1.1548,0.28405,1/4,-5.0623,2026,-0.024268,-2.7634,3.2173,2.7391,1.248,1.2951,-3.2416,-1.2156,7,7,2.4937,-2.5423,0.27018,0.29997,2023-04-16,2026-04-05,23:-1.15 24:+4.30 25:-4.18 26:-5.06,False,False,False,43,-1.4372,1
market,COTTON.c,small,26,90/10,8,False,5,-4.3666,-0.85028,-0.95064,0.4,-2.3961,-5.6803,,-4.3666,0/2,-5.6803,2026,-4.3666,-4.0325,0.74814,-0.33408,-0.067404,-0.07536,-5.1148,-0.90974,1,4,-2.261,-4.893,1.4401,-0.056092,2025-02-02,2026-05-03,25:-2.40 26:-5.68,False,False,False,21,-3.0674,1
pooled,commodities15,small,52,80/20,1,False,1731,-0.19378,-5.3214,-4.8735,0.45985,-0.16196,-0.22555,-0.14508,-0.28992,6/20,-0.44189,2019,-0.2726,-0.23082,-0.075647,0.037043,1.0133,0.93887,-0.11813,-3.1479,840,891,-0.10507,-0.27741,0.15585,0.070063,2007-06-17,2026-09-27,07:+0.11 08:+0.35 09:-0.14 10:-0.08 11:+0.21 12:+0.14 13:-0.39 14:+0.18 15:-0.21 16:-0.14 17:+0.01 18:-0.19 19:-0.44 20:-0.28 21:-0.35 22:-0.07 23:-0.17 24:-0.16 25:-0.36 26:-0.41,False,False,False,1882,-0.18842,15
group,metals,small,52,80/20,1,False,1089,-0.11603,-2.5908,-2.2978,0.48026,0.016431,-0.24824,-0.089584,-0.25319,7/20,-0.49921,2023,-0.34059,-0.19577,-0.099312,0.079739,1.7566,1.5782,-0.016715,-0.36653,527,562,-0.088444,-0.14189,0.12469,0.047093,2007-06-17,2026-09-20,07:+0.11 08:+0.35 09:-0.14 10:-0.08 11:+0.21 12:+0.14 13:-0.39 14:+0.18 15:-0.21 16:+0.01 17:+0.08 18:-0.02 19:-0.46 20:-0.31 21:-0.03 22:-0.09 23:-0.50 24:-0.14 25:-0.40 26:-0.23,False,False,False,1164,-0.096481,5
market,XAUUSD,small,52,80/20,1,False,379,-0.036038,-0.46334,-0.46395,0.5277,0.0019543,-0.07383,-0.043466,0.017737,12/20,-0.41436,2013,0.028169,-0.19013,0.010054,0.1541,1.9696,1.9722,-0.046092,-0.58147,181,198,0.042621,-0.10794,0.060612,0.041161,2007-06-17,2026-03-15,07:+0.11 08:+0.31 09:-0.26 10:+0.39 11:+0.14 12:+0.08 13:-0.41 14:+0.19 15:+0.48 16:-0.18 17:+0.14 18:+0.04 19:-0.33 20:-0.34 21:-0.03 22:-0.11 23:+1.27 24:+0.55 25:-0.40 26:+0.02,False,False,False,399,-0.019404,1
market,XAGUSD,small,52,80/20,1,False,313,-0.11878,-1.4522,-1.4545,0.44728,0.008171,-0.24492,-0.10208,-0.28231,5/19,-0.95603,2019,-0.14793,-0.16034,-0.11353,0.041565,0.49625,0.49705,-0.0052444,-0.063395,152,161,-0.058782,-0.17542,0.11705,0.02934,2008-12-07,2026-07-06,08:+0.63 09:-0.04 10:-0.64 11:+0.25 12:+0.18 13:-0.34 14:+0.17 15:-0.15 16:-0.01 17:-0.58 18:-0.40 19:-0.96 20:-0.05 21:-0.00 22:-0.08 23:-0.07 24:+0.07 25:-0.58 26:-0.51,False,False,False,327,-0.10639,1
market,XPTUSD,small,52,80/20,1,False,167,-0.2814,-2.469,-2.4764,0.45509,-0.20888,-0.35305,-0.23273,-0.47904,1/12,-1.6828,2015,-0.55526,-0.16606,-0.21378,-0.11534,-1.0012,-1.0042,-0.067618,-0.58572,71,96,-0.4451,-0.16033,0.18831,0.069949,2015-11-08,2026-09-13,15:-1.68 16:-0.32 17:+0.77 18:-0.11 19:-0.25 20:-0.37 21:-0.11 22:-0.24 23:-1.05 24:-0.82 25:-0.02 26:-0.02,False,False,False,184,-0.26325,1
market,XPDUSD,small,52,80/20,1,False,205,-0.1143,-1.1547,-1.1576,0.45854,-0.016251,-0.21139,-0.044077,-0.37885,5/12,-0.54872,2023,-0.42725,-0.30929,-0.23175,0.195,1.948,1.9528,0.11746,1.1545,110,95,-0.11018,-0.11906,0.21068,0.068033,2015-02-08,2026-08-16,15:-0.26 16:+0.86 17:-0.11 18:+0.30 19:+0.20 20:-0.42 21:+0.02 22:+0.13 23:-0.55 24:-0.23 25:-0.52 26:-0.43,False,True,False,227,-0.079003,1
market,XCUUSD,small,52,80/20,1,False,25,-0.20369,-0.56039,-0.57194,0.52,-0.18436,-0.22152,,-0.20369,1/2,-0.39408,2025,-0.20369,0.0078735,0.27143,-0.21156,-0.58462,-0.59668,-0.47512,-1.2749,13,12,-0.12827,-0.28539,0.061727,0.03489,2025-01-12,2026-09-20,25:-0.39 26:+0.04,False,False,False,27,-0.12594,1
group,energy,small,52,80/20,1,False,277,-0.36321,-3.6917,-3.5427,0.44765,-0.61132,-0.11689,-0.42288,-0.24705,3/11,-1.0651,2021,-0.39418,-0.30894,0.12064,-0.054271,-0.5661,-0.5439,-0.48385,-4.7542,159,118,-0.043645,-0.79381,0.25241,0.19288,2016-05-22,2026-08-23,16:-0.96 17:-0.40 18:-0.55 19:+0.41 20:-0.19 21:-1.07 22:-0.03 23:+0.16 24:+0.05 25:-0.29 26:-0.69,False,False,False,292,-0.32749,3
market,USOIL.cash,small,52,80/20,1,False,101,-0.28359,-1.5964,-1.6043,0.48515,-0.48142,-0.089645,-0.40626,-0.11813,2/6,-1.549,2026,-0.10245,-0.232,0.19021,-0.051594,-0.30243,-0.30394,-0.4738,-2.5697,59,42,0.21044,-0.97759,0.21808,0.17626,2021-01-31,2026-08-09,21:-1.05 22:-0.00 23:-0.03 24:+0.19 25:+0.35 26:-1.55,False,False,False,107,-0.1808,1
market,UKOIL.cash,small,52,80/20,1,False,163,-0.40914,-3.3615,-3.3718,0.42945,-0.48538,-0.33382,-0.43059,-0.33856,2/11,-1.3764,2025,-0.12646,-0.34418,0.13368,-0.064951,-0.53891,-0.54058,-0.54282,-4.3401,92,71,-0.13826,-0.76013,0.26675,0.20852,2016-05-22,2026-08-23,16:-0.96 17:-0.40 18:-0.55 19:+0.41 20:-0.19 21:-1.08 22:-0.10 23:+0.33 24:-0.00 25:-1.38 26:-0.23,False,False,False,171,-0.41132,1
market,NATGAS.cash,small,52,80/20,1,False,13,-0.40599,-0.94004,-0.97842,0.38462,-0.60921,-0.2318,,-0.40599,0/3,-0.6305,2025,-0.40599,-0.46483,-0.58343,0.05884,0.14708,0.15309,0.17744,0.41009,8,5,-0.82948,0.2716,0.33942,0.12584,2024-11-24,2026-04-12,24:-0.29 25:-0.63 26:-0.03,False,True,False,14,-0.42472,1
group,grains,small,52,80/20,1,False,187,-0.16103,-1.6986,-1.5824,0.44385,0.026139,-0.34621,-0.057863,-0.18911,0/4,-0.3848,2025,-0.37228,-0.080474,-0.33766,-0.08056,-0.8256,-0.79279,0.17663,1.8292,74,113,-0.29498,-0.073314,0.16685,0.046451,2023-04-30,2026-07-26,23:-0.06 24:-0.02 25:-0.38 26:-0.28,False,False,False,218,-0.19197,3
market,WHEAT.c,small,52,80/20,1,False,47,-0.58381,-3.1144,-3.1481,0.23404,-0.43085,-0.7304,-0.65278,-0.55744,0/4,-1.9388,2026,-0.58381,-0.096752,-0.20353,-0.48706,-2.5441,-2.5716,-0.38028,-2.0048,26,21,-0.53883,-0.6395,0.11005,0.040347,2023-04-30,2026-07-26,23:-0.65 24:-0.32 25:-0.66 26:-1.94,False,False,False,53,-0.62652,1
market,CORN.c,small,52,80/20,1,False,75,0.00065099,0.0043693,0.0043987,0.48,0.1046,-0.10056,0.2536,-0.057404,2/4,-0.2263,2026,-0.091039,-0.15707,-0.42097,0.15772,1.039,1.0459,0.42162,2.8405,25,50,-0.15034,0.076147,0.23813,0.071027,2023-09-10,2026-07-19,23:+0.25 24:+0.01 25:-0.00 26:-0.23,False,True,False,91,-0.028721,1
market,SOYBEAN.c,small,52,80/20,1,False,65,-0.04189,-0.26733,-0.26941,0.55385,0.28418,-0.35808,0.20163,-0.10277,2/4,-0.48231,2025,-0.08724,0.019679,-0.33852,-0.061569,-0.37528,-0.3782,0.29663,1.8742,23,42,-0.17655,0.031853,0.12569,0.022508,2023-09-04,2026-05-17,23:+0.20 24:+0.16 25:-0.48 26:-0.01,False,False,False,74,-0.081477,1
group,softs,small,52,80/20,1,False,178,-0.44017,-3.4379,-3.181,0.37079,-0.46133,-0.41901,-0.40016,-0.44332,0/4,-0.5371,2026,-0.48786,-0.48165,0.038941,0.04148,0.32289,0.29632,-0.47911,-3.6285,80,98,-0.16097,-0.66809,0.18467,0.04428,2023-03-19,2026-09-27,23:-0.40 24:-0.46 25:-0.33 26:-0.54,False,False,False,208,-0.50395,4
market,SUGAR.c,small,52,80/20,1,False,27,-0.53971,-2.3961,-2.4417,0.25926,-0.5738,-0.50807,,-0.53971,0/2,-0.6195,2025,-0.53971,-0.57458,-0.40832,0.034866,0.14727,0.15008,-0.1314,-0.57196,17,10,-0.57668,-0.47687,0.40374,0.083019,2025-01-20,2026-09-27,25:-0.62 26:-0.48,False,False,False,32,-0.61732,1
market,COFFEE.c,small,52,80/20,1,False,58,-0.13969,-0.6074,-0.61271,0.46552,-0.37669,0.097305,0.13808,-0.18414,3/4,-0.62204,2024,-0.13969,-0.35373,0.14397,0.21404,0.93188,0.94002,-0.28367,-1.1779,32,26,0.345,-0.73624,0.10029,0.061921,2023-03-19,2026-08-30,23:+0.14 24:-0.62 25:+0.19 26:+0.13,False,False,False,68,-0.15572,1
market,COCOA.c,small,52,80/20,1,False,70,-0.50552,-2.2202,-2.2362,0.38571,-0.39211,-0.61892,-1.2613,-0.44738,0/4,-1.2613,2023,-0.39879,-0.46183,0.29712,-0.043682,-0.19296,-0.19435,-0.80264,-3.4786,22,48,-0.42649,-0.54174,0.057656,0.013731,2023-05-14,2026-09-20,23:-1.26 24:-0.35 25:-0.47 26:-1.03,False,False,False,83,-0.6043,1
market,COTTON.c,small,52,80/20,1,False,23,-0.88216,-2.9482,-3.0145,0.21739,-0.32196,-1.3957,,-0.88216,0/3,-1.1113,2026,-0.88216,-0.75543,-0.48665,-0.12672,-0.38172,-0.3903,-0.39551,-1.2532,9,14,-0.5257,-1.1113,0.52688,0.047294,2024-12-30,2026-08-23,24:-1.05 25:-0.46 26:-1.11,False,False,False,25,-0.97285,1
pooled,commodities15,small,52,80/20,4,False,665,-0.45545,-3.6333,-3.5477,0.46015,-0.30368,-0.60677,-0.24294,-0.86007,8/20,-1.2179,2013,-0.7554,-0.66729,0.060973,0.21184,1.7973,1.7858,-0.51643,-3.7237,318,347,-0.0049596,-0.8683,0.41405,0.29397,2007-06-17,2026-08-30,07:+0.55 08:+1.89 09:-0.97 10:+0.02 11:+0.71 12:+0.24 13:-1.22 14:+1.31 15:-0.40 16:-0.45 17:-0.78 18:-0.29 19:-1.02 20:+0.36 21:-1.14 22:+0.02 23:-0.24 24:-0.71 25:-1.15 26:-0.72,False,False,False,1867,-0.43116,15
group,metals,small,52,80/20,4,False,416,-0.21514,-1.4413,-1.3595,0.49279,0.086557,-0.51683,-0.047459,-1.0163,8/20,-1.7808,2025,-1.1512,-0.53032,-0.046848,0.31518,2.1796,2.0599,-0.16829,-1.0432,195,221,0.02978,-0.43124,0.28596,0.19279,2007-06-17,2026-08-09,07:+0.55 08:+1.89 09:-0.97 10:+0.02 11:+0.71 12:+0.24 13:-1.22 14:+1.31 15:-0.40 16:-0.25 17:-0.30 18:+0.21 19:-1.07 20:+0.38 21:-0.01 22:-0.07 23:-0.75 24:-0.83 25:-1.78 26:-0.25,False,False,False,1154,-0.13094,5
market,XAUUSD,small,52,80/20,4,False,139,-0.1373,-0.49468,-0.49647,0.52518,0.31713,-0.58524,0.17339,-2.0996,12/20,-4.9861,2025,-0.85223,-0.77054,0.21472,0.63324,2.4504,2.4592,-0.35202,-1.1036,62,77,0.31418,-0.50083,0.19257,0.15553,2007-06-17,2026-03-01,07:+0.55 08:+1.70 09:-1.47 10:+0.27 11:+0.23 12:+0.53 13:-1.28 14:+1.41 15:+2.79 16:-0.00 17:+0.41 18:+0.29 19:-1.19 20:-0.80 21:+0.24 22:-0.10 23:+0.69 24:-0.16 25:-4.99 26:+0.73,False,False,False,399,0.008249,1
market,XAGUSD,small,52,80/20,4,False,118,0.075727,0.2721,0.27326,0.51695,-0.22893,0.38038,0.09709,-0.13207,7/19,-1.9528,2017,0.31156,-0.24302,-0.12922,0.31875,1.1454,1.1503,0.20494,0.71509,56,62,-0.085143,0.22103,0.22807,0.11853,2008-12-07,2026-06-28,08:+3.64 09:-0.59 10:-0.18 11:+1.14 12:-0.01 13:-1.06 14:+1.17 15:-0.77 16:-1.14 17:-1.95 18:+0.55 19:-0.82 20:+3.48 21:+0.63 22:-0.82 23:-0.21 24:+0.54 25:-0.80 26:-0.40,False,True,False,327,0.23545,1
market,XPTUSD,small,52,80/20,4,False,73,-0.55885,-1.6688,-1.6804,0.42466,-0.71215,-0.40969,-0.44299,-0.94048,4/12,-2.1473,2015,-0.56356,-0.35188,-0.28113,-0.20697,-0.61468,-0.61893,-0.27772,-0.8004,32,41,-0.41144,-0.6739,0.4338,0.30342,2015-11-08,2026-08-09,15:-2.15 16:-0.58 17:+0.11 18:-0.37 19:-1.56 20:-0.55 21:+0.04 22:+0.28 23:-1.10 24:-2.07 25:+1.43 26:-0.35,False,False,False,181,-0.58098,1
market,XPDUSD,small,52,80/20,4,False,77,-0.56997,-1.7473,-1.7588,0.46753,-0.3149,-0.81851,-0.37236,-1.3233,3/12,-2.4665,2025,-0.64415,-0.86963,-0.32317,0.29966,0.95499,0.96126,-0.2468,-0.71699,39,38,-0.03666,-1.1173,0.41778,0.26954,2015-02-08,2026-08-09,15:-1.35 16:+0.95 17:-0.36 18:+0.27 19:-0.71 20:-0.75 21:-0.63 22:+0.54 23:-1.03 24:-0.68 25:-2.47 26:-0.95,False,False,False,221,-0.58633,1
market,XCUUSD,small,52,80/20,4,False,9,0.59286,0.69699,0.73927,0.44444,1.4663,-0.10589,,0.59286,2/2,0.58743,2026,0.59286,0.86858,1.2577,-0.27572,-0.32819,-0.3481,-0.66484,-0.75293,6,3,0.94862,-0.11867,0.16025,0.18777,2025-01-12,2026-08-02,25:+0.60 26:+0.59,False,False,False,26,0.12884,1
group,energy,small,52,80/20,4,False,113,-1.0274,-3.1095,-3.16,0.38053,-1.6104,-0.45457,-1.2288,-0.65967,4/11,-3.6472,2017,-0.41121,-1.0699,0.78343,0.042503,0.15248,0.15595,-1.8108,-5.0328,63,50,0.56078,-3.0284,0.92185,0.78773,2016-05-22,2026-08-23,16:-1.31 17:-3.65 18:-1.91 19:+0.28 20:+0.27 21:-3.34 22:+0.25 23:+0.06 24:-0.03 25:-0.21 26:-2.11,False,False,False,292,-1.1135,3
market,USOIL.cash,small,52,80/20,4,False,39,-1.3233,-1.9967,-2.0228,0.35897,-1.4885,-1.1664,-1.2948,-1.3566,2/6,-5.2456,2026,-1.3233,-1.1824,0.88716,-0.14095,-0.25756,-0.26093,-2.2105,-3.0332,20,19,0.84359,-3.6043,0.84243,0.84238,2021-01-31,2026-08-09,21:-3.86 22:+0.63 23:-0.65 24:-0.64 25:+1.05 26:-5.25,False,False,False,107,-0.93861,1
market,UKOIL.cash,small,52,80/20,4,False,69,-0.94283,-2.4353,-2.4532,0.37681,-1.8101,-0.10038,-1.2022,-0.14942,5/11,-3.6472,2017,-0.83465,-1.1033,0.83363,0.16043,0.47875,0.48226,-1.7765,-4.3537,40,29,0.53011,-2.9745,0.98969,0.77699,2016-05-22,2026-08-23,16:-1.31 17:-3.65 18:-1.91 19:+0.28 20:+0.27 21:-2.93 22:-0.19 23:+0.76 24:+0.50 25:-2.21 26:+0.46,False,False,False,171,-1.3482,1
market,NATGAS.cash,small,52,80/20,4,False,5,0.11454,0.12443,0.13911,0.6,-0.018798,0.20343,,0.11454,1/3,-0.018798,2024,0.11454,0.2685,-0.71829,-0.15396,-0.21613,-0.24164,0.83283,0.69307,3,2,-0.91576,1.66,0.60522,0.50982,2024-11-24,2026-04-05,24:-0.02 25:-0.02 26:+0.64,False,False,False,14,0.41633,1
group,grains,small,52,80/20,4,False,70,-0.21524,-0.68366,-0.68286,0.5,0.076076,-0.50655,-0.11825,-0.23736,1/4,-1.3663,2026,-0.16686,-0.035537,-0.90917,-0.1797,-0.55388,-0.54034,0.69393,2.0678,28,42,-0.90807,0.24665,0.38975,0.17561,2023-04-30,2026-07-26,23:-0.12 24:+0.29 25:-0.39 26:-1.37,False,False,False,218,-0.4332,3
market,WHEAT.c,small,52,80/20,4,False,20,-0.78588,-1.4413,-1.4787,0.4,-1.5823,0.010513,-1.8402,-0.43444,1/4,-1.8402,2023,-0.78588,-0.1654,-0.44438,-0.62048,-1.0763,-1.1043,-0.3415,-0.63126,11,9,-1.3716,-0.069977,0.22182,0.1571,2023-04-30,2026-07-26,23:-1.84 24:-1.10 25:-0.05 26:+1.25,False,False,False,53,-1.4456,1
market,CORN.c,small,52,80/20,4,False,26,-0.13271,-0.226,-0.23047,0.5,0.51431,-0.77973,0.81745,-0.30546,2/4,-2.3903,2026,-0.13271,-0.17588,-1.2682,0.043175,0.07055,0.071947,1.1355,1.8924,8,18,-0.64113,0.093258,0.64752,0.26053,2023-09-10,2026-07-06,23:+0.82 24:+0.94 25:-0.59 26:-2.39,False,True,False,91,-0.18401,1
market,SOYBEAN.c,small,52,80/20,4,False,24,0.17089,0.3503,0.35783,0.58333,0.92014,-0.57837,1.0985,-0.014636,2/4,-1.4047,2026,0.17089,0.22472,-0.90758,-0.053836,-0.10962,-0.11197,1.0785,1.9509,9,15,-0.5788,0.62069,0.25046,0.09903,2023-09-04,2026-05-17,23:+1.10 24:+0.81 25:-0.42 26:-1.40,False,False,False,74,-0.014577,1
group,softs,small,52,80/20,4,False,66,-1.2458,-2.4318,-2.3685,0.34848,-1.5948,-0.8967,0.27453,-1.3978,2/4,-2.2961,2024,-1.3978,-1.5114,0.53257,0.26565,0.54654,0.53235,-1.7783,-3.1464,32,34,-0.54022,-1.9098,0.37774,0.21187,2023-03-19,2026-08-30,23:+0.27 24:-2.30 25:-1.69 26:+0.03,False,False,False,203,-1.1541,4
market,SUGAR.c,small,52,80/20,4,False,11,-1.1303,-1.192,-1.2502,0.27273,-1.4415,-0.87097,,-1.1303,0/2,-1.705,2025,-1.1303,-1.3646,-0.84339,0.23436,0.24907,0.26122,-0.28689,-0.30758,8,3,-1.5757,0.057571,0.5897,0.39206,2025-01-20,2026-08-16,25:-1.71 26:-0.44,False,False,False,29,-1.1253,1
market,COFFEE.c,small,52,80/20,4,False,24,-0.1388,-0.174,-0.17774,0.375,-1.0139,0.73628,2.0273,-0.44825,2/4,-2.0276,2024,-0.1388,-0.81406,0.61451,0.67525,0.91538,0.93507,-0.75332,-0.84448,13,11,1.4431,-2.0083,0.30944,0.24771,2023-03-19,2026-08-30,23:+2.03 24:-2.03 25:-0.00 26:+1.27,False,False,False,68,-0.1886,1
market,COCOA.c,small,52,80/20,4,False,22,-2.3308,-2.381,-2.437,0.36364,-1.8809,-2.7808,-1.4783,-2.4654,1/4,-3.1364,2025,-2.3308,-2.0925,1.5016,-0.2383,-0.24738,-0.2532,-3.8324,-3.6697,7,15,-2.3038,-2.3434,0.1349,0.054221,2023-05-14,2026-08-23,23:-1.48 24:-2.48 25:-3.14 26:+1.69,False,False,False,81,-1.5902,1
market,COTTON.c,small,52,80/20,4,False,9,-1.6865,-1.0796,-1.1451,0.33333,-1.8287,-1.5727,,-1.6865,0/3,-2.5547,2024,-1.6865,-2.13,-0.37288,0.44352,0.28273,0.29988,-1.3136,-0.81478,4,5,-1.8287,-1.5727,0.89441,0.28144,2024-12-30,2026-08-23,24:-2.55 25:-1.59 26:-1.57,False,False,False,25,-2.4011,1
pooled,commodities15,small,52,80/20,8,False,402,-0.83296,-3.3464,-3.1338,0.44776,-0.70558,-0.96034,-0.51877,-1.4082,6/20,-2.8261,2019,-2.0647,-1.1673,0.21348,0.33434,1.5543,1.461,-1.0464,-3.6285,196,206,0.082569,-1.704,0.75561,0.5715,2007-06-17,2026-08-02,07:+1.33 08:+3.39 09:-2.42 10:-0.59 11:-1.67 12:+0.96 13:-2.04 14:+1.99 15:-0.89 16:-0.89 17:-1.57 18:-0.77 19:-2.83 20:+0.86 21:-1.76 22:-0.18 23:+0.60 24:-0.84 25:-1.66 26:-2.06,False,False,False,1845,-0.81048,15
group,metals,small,52,80/20,8,False,251,-0.44202,-1.5555,-1.494,0.46614,-0.22729,-0.65505,-0.29097,-1.1152,9/20,-2.6389,2019,-0.66658,-0.80862,0.029748,0.3666,1.4522,1.4074,-0.47177,-1.4669,116,135,0.28197,-1.0641,0.50206,0.39561,2007-06-17,2026-08-02,07:+1.33 08:+3.39 09:-2.42 10:-0.59 11:-1.67 12:+0.96 13:-2.04 14:+1.99 15:-0.89 16:-1.25 17:-1.05 18:+0.69 19:-2.64 20:+0.63 21:-0.13 22:+0.14 23:+0.16 24:-1.62 25:-1.59 26:+0.45,False,False,False,1142,-0.23213,5
market,XAUUSD,small,52,80/20,8,False,82,-0.11599,-0.2269,-0.2283,0.5122,0.32115,-0.55313,0.14217,-1.7823,11/20,-3.8408,2025,-0.20087,-1.2079,0.5522,1.0919,2.6645,2.6809,-0.66819,-1.0562,37,45,0.9687,-1.0078,0.37413,0.32669,2007-06-17,2026-03-01,07:+1.33 08:+3.02 09:-2.81 10:-0.59 11:-2.82 12:+2.44 13:-2.05 14:+1.65 15:+3.88 16:+0.07 17:-1.32 18:+1.57 19:-2.92 20:-1.80 21:+1.92 22:+1.31 23:+0.80 24:-0.85 25:-3.84 26:+3.87,False,False,False,399,-0.33839,1
market,XAGUSD,small,52,80/20,8,False,70,-0.074648,-0.13048,-0.13142,0.48571,-0.55691,0.40761,0.080392,-1.47,8/19,-5.844,2025,0.098289,-0.46083,-0.10141,0.38619,0.72531,0.73055,0.026761,0.042846,34,36,0.18336,-0.31833,0.37559,0.25665,2008-12-07,2026-06-28,08:+5.22 09:-2.04 10:-0.59 11:-0.51 12:-0.52 13:-2.03 14:+2.50 15:+0.03 16:-1.87 17:-2.70 18:+1.70 19:-1.20 20:+6.05 21:-0.25 22:-1.45 23:+0.97 24:+0.33 25:-5.84 26:+0.25,False,True,False,327,0.74114,1
market,XPTUSD,small,52,80/20,8,False,46,-0.59444,-1.0611,-1.0728,0.43478,-1.5538,0.36497,-0.82755,0.14728,5/12,-3.8901,2015,-0.59444,-0.39795,-0.60783,-0.19649,-0.38545,-0.38971,0.013385,0.022953,20,26,-0.049964,-1.0133,0.76576,0.61183,2015-11-08,2026-06-28,15:-3.89 16:-1.40 17:-1.17 18:+0.26 19:-3.26 20:-1.55 21:+0.47 22:+0.94 23:-0.50 24:-2.22 25:+3.72 26:+1.88,False,False,False,176,-0.62039,1
market,XPDUSD,small,52,80/20,8,False,47,-1.4816,-2.1723,-2.1958,0.38298,-1.4272,-1.5338,-1.2734,-2.163,2/12,-4.2893,2015,-1.4816,-1.25,-0.2608,-0.23158,-0.36763,-0.37161,-1.2208,-1.6705,21,26,-0.52702,-2.2526,0.68092,0.51042,2015-05-21,2026-07-06,15:-4.29 16:-2.00 17:+1.82 18:-0.86 19:-3.36 20:-0.61 21:-2.12 22:-0.65 23:+0.04 24:-2.46 25:-2.60 26:-1.22,False,False,False,214,-1.2019,1
market,XCUUSD,small,52,80/20,8,False,6,0.12802,0.14519,0.15904,0.5,0.7728,-0.51676,,0.12802,2/2,0.11715,2025,0.12802,0.90036,1.5838,-0.77234,-0.70811,-0.7757,-1.4557,-1.5685,4,2,0.6748,-0.96554,0.30295,0.40164,2025-01-12,2026-08-02,25:+0.12 26:+0.15,False,False,False,26,-0.232,1
group,energy,small,52,80/20,8,False,66,-1.6966,-2.6168,-2.806,0.40909,-2.645,-0.74821,-2.053,-1.073,4/11,-6.0229,2017,-1.7134,-1.9446,1.4074,0.24801,0.50073,0.5403,-3.104,-4.2075,39,27,1.0528,-5.668,1.8449,1.4533,2016-05-22,2026-06-22,16:+0.72 17:-6.02 18:-5.41 19:-5.63 20:+1.75 21:-5.03 22:-0.88 23:+0.93 24:+0.81 25:-1.01 26:-5.31,False,False,False,291,-2.3966,3
market,USOIL.cash,small,52,80/20,8,False,22,-2.0061,-1.6456,-1.6843,0.31818,-2.6232,-1.3889,-2.6232,-1.3889,2/6,-10.415,2026,-2.0061,-1.8436,1.5671,-0.1625,-0.19357,-0.19813,-3.5731,-2.5133,14,8,0.7713,-6.8664,1.7358,1.0922,2021-01-31,2026-06-22,21:-5.19 22:-0.97 23:-1.40 24:+0.61 25:+0.63 26:-10.41,False,False,False,107,-1.4376,1
market,UKOIL.cash,small,52,80/20,8,False,41,-1.6726,-2.0504,-2.0759,0.43902,-2.684,-0.70944,-1.8506,-1.1209,4/11,-6.0229,2017,-1.6726,-2.1663,1.5773,0.49365,0.75153,0.76086,-3.2499,-3.6572,24,17,1.2463,-5.7935,1.97,1.7244,2016-05-22,2026-05-10,16:+0.72 17:-6.02 18:-5.41 19:-5.63 20:+1.75 21:-4.91 22:-0.81 23:+3.26 24:+1.10 25:-4.41 26:-1.74,False,False,False,170,-3.1478,1
market,NATGAS.cash,small,52,80/20,8,False,3,0.24516,0.17353,0.21253,0.66667,0.35155,0.19196,,0.24516,2/3,-2.2533,2026,0.24516,0.34378,-2.0856,-0.098625,-0.067824,-0.083067,2.3308,1.6777,1,2,0.35155,0.19196,0.9357,0.39608,2024-11-24,2026-04-05,24:+0.35 25:+2.64 26:-2.25,False,False,False,14,-0.60359,1
group,grains,small,52,80/20,8,False,45,-0.27766,-0.42068,-0.39541,0.48889,1.1218,-1.6163,-0.216,-0.29099,1/4,-3.6105,2026,-0.27766,-0.1742,-1.3287,-0.10346,-0.16781,-0.15614,1.0511,1.4012,19,26,-1.9542,0.94749,0.67748,0.34016,2023-04-30,2026-07-26,23:-0.22 24:+1.52 25:-0.87 26:-3.61,False,False,False,218,-0.77971,3
market,WHEAT.c,small,52,80/20,8,False,15,-1.5148,-2.3143,-2.3955,0.4,-2.4361,-0.70868,-2.9394,-0.99675,1/4,-2.9394,2023,-1.5148,-0.51177,-0.46442,-1.003,-1.4235,-1.4735,-1.0504,-1.715,9,6,-2.2761,-0.3729,0.3778,0.36115,2023-04-30,2026-07-26,23:-2.94 24:-2.29 25:-0.41 26:+1.07,False,False,False,53,-1.9898,1
market,CORN.c,small,52,80/20,8,False,15,-0.4017,-0.26005,-0.26918,0.6,2.3955,-2.8492,1.54,-0.70041,2/4,-8.8322,2026,-0.4017,-0.29587,-2.3835,-0.10583,-0.071375,-0.07388,1.9818,1.1817,4,11,-3.4977,0.72414,1.2262,0.44151,2023-09-10,2026-07-06,23:+1.54 24:+2.91 25:-0.02 26:-8.83,False,False,False,91,-0.7061,1
market,SOYBEAN.c,small,52,80/20,8,False,15,1.0835,1.0574,1.0945,0.46667,3.8579,-1.3441,3.4749,0.71562,2/4,-1.9129,2025,1.0835,0.28503,-1.1383,0.79849,0.90825,0.94013,2.2219,1.7335,6,9,-0.44231,2.1007,0.42843,0.21783,2023-09-04,2026-05-17,23:+3.47 24:+3.30 25:-1.91 26:-0.46,False,True,False,74,-0.0035548,1
group,softs,small,52,80/20,8,False,40,-2.4858,-2.1717,-2.1966,0.35,-2.2944,-2.6771,2.5441,-3.2043,1/4,-4.2409,2024,-2.4858,-3.2527,1.1315,0.76693,0.74835,0.73497,-3.6173,-2.7788,22,18,-0.92984,-4.3875,0.6372,0.48056,2023-03-19,2026-05-17,23:+2.54 24:-4.24 25:-2.86 26:-2.13,False,False,False,194,-1.8704,4
market,SUGAR.c,small,52,80/20,8,False,6,-1.3416,-0.72396,-0.79306,0.33333,-0.98185,-1.7014,,-1.3416,1/2,-2.1732,2025,-1.3416,-2.5915,-2.109,1.2499,0.62932,0.68938,0.76737,0.41763,5,1,-2.2665,3.2828,0.778,0.89116,2025-01-20,2026-03-29,25:-2.17 26:+0.32,False,True,False,25,-1.306,1
market,COFFEE.c,small,52,80/20,8,False,16,-1.3451,-1.0275,-1.0612,0.3125,-1.4188,-1.2714,1.9201,-2.0986,1/4,-3.6214,2024,-1.3451,-2.0823,1.4895,0.7372,0.61604,0.63624,-2.8346,-1.8669,9,7,0.85534,-4.1742,0.5971,0.47051,2023-03-19,2026-05-17,23:+1.92 24:-3.62 25:-0.98 26:-0.55,False,False,False,67,-0.5154,1
market,COCOA.c,small,52,80/20,8,False,12,-3.718,-1.3038,-1.3617,0.41667,-1.5746,-5.8614,3.4802,-5.1576,1/3,-5.3425,2025,-3.718,-4.9073,2.7949,1.1893,0.48656,0.50819,-6.5129,-2.1095,5,7,-1.521,-5.2873,0.24662,0.17851,2023-05-14,2025-12-29,23:+3.48 24:-5.03 25:-5.34,False,False,False,78,-2.4819,1
market,COTTON.c,small,52,80/20,8,False,6,-4.2074,-1.1647,-1.2759,0.33333,-3.0724,-5.3424,,-4.2074,0/3,-5.3424,2026,-4.2074,-3.7259,0.090405,-0.48151,-0.13623,-0.14923,-4.2978,-1.0506,3,3,-3.0724,-5.3424,1.3845,0.70086,2024-12-30,2026-05-10,24:-3.20 25:-3.01 26:-5.34,False,False,False,24,-4.2538,1
pooled,commodities15,small,52,90/10,1,False,982,-0.17781,-3.6656,-3.38,0.45927,-0.067527,-0.2881,-0.060228,-0.38734,8/20,-0.61143,2026,-0.39908,-0.24679,-0.072956,0.068971,1.4413,1.3279,-0.10486,-2.0818,474,508,-0.043129,-0.30349,0.15448,0.070902,2007-06-17,2026-09-27,07:+0.98 08:+0.76 09:+0.03 10:+0.58 11:+0.01 12:+0.07 13:-0.37 14:+0.36 15:-0.03 16:-0.09 17:-0.08 18:-0.06 19:-0.33 20:-0.19 21:-0.25 22:-0.08 23:+0.04 24:-0.24 25:-0.36 26:-0.61,False,False,False,1055,-0.19041,15
group,metals,small,52,90/10,1,False,596,-0.073292,-1.2038,-1.0752,0.4849,0.093689,-0.24027,0.012614,-0.50456,11/20,-0.69048,2025,-0.57277,-0.19822,-0.091738,0.12493,2.0545,1.8561,0.018446,0.29458,291,305,0.021844,-0.16406,0.12109,0.045956,2007-06-17,2026-08-09,07:+0.98 08:+0.76 09:+0.03 10:+0.58 11:+0.01 12:+0.07 13:-0.37 14:+0.36 15:-0.03 16:+0.08 17:+0.05 18:+0.15 19:-0.33 20:-0.27 21:+0.19 22:-0.09 23:-0.12 24:-0.37 25:-0.69 26:-0.45,False,True,False,628,-0.069377,5
market,XAUUSD,small,52,90/10,1,False,223,0.015034,0.14402,0.14435,0.55157,0.1962,-0.16452,0.094361,-0.61324,12/20,-1.2658,2026,-0.20693,-0.2124,0.0032667,0.22743,2.1932,2.1982,0.011767,0.10944,113,110,0.17666,-0.151,0.059039,0.041982,2007-06-17,2026-02-01,07:+0.98 08:+0.70 09:+0.31 10:+0.90 11:+0.07 12:-0.08 13:-0.29 14:+0.46 15:+0.77 16:+0.06 17:+0.25 18:+0.28 19:-0.18 20:-0.70 21:+0.33 22:-0.11 23:+1.27 24:-0.01 25:-0.79 26:-1.27,False,True,False,233,0.0024671,1
market,XAGUSD,small,52,90/10,1,False,166,-0.12991,-1.2882,-1.2921,0.41566,-0.077266,-0.18255,-0.090799,-0.39996,8/19,-1.2851,2017,-0.024999,-0.14302,-0.10683,0.013107,0.12948,0.12987,-0.023076,-0.22674,74,92,0.014705,-0.24623,0.11435,0.026222,2008-12-07,2026-07-06,08:+1.15 09:-0.15 10:-0.05 11:-0.05 12:+0.20 13:-0.62 14:+0.24 15:+0.09 16:-0.29 17:-1.29 18:-0.45 19:-0.43 20:+0.41 21:+0.35 22:+0.02 23:+0.06 24:-0.09 25:-0.85 26:-0.62,False,False,False,170,-0.12062,1
market,XPTUSD,small,52,90/10,1,False,86,-0.098894,-0.60837,-0.61194,0.47674,0.10279,-0.30058,0.046968,-0.64993,4/12,-1.2047,2024,-0.24254,-0.14935,-0.17474,0.050456,0.31464,0.31649,0.075841,0.44702,38,48,-0.16036,-0.050238,0.18867,0.069037,2015-12-06,2026-08-09,15:+0.42 16:-0.14 17:+1.73 18:+0.57 19:-0.77 20:-0.21 21:+0.49 22:-0.38 23:-0.67 24:-1.20 25:-0.02 26:-0.25,False,True,False,89,-0.094175,1
market,XPDUSD,small,52,90/10,1,False,108,-0.090819,-0.64571,-0.64872,0.47222,0.060779,-0.24242,-0.028401,-0.33482,4/12,-0.58166,2025,-0.15709,-0.31166,-0.23656,0.22084,1.5979,1.6054,0.14574,1.0118,61,47,-0.078898,-0.10629,0.21347,0.068993,2015-02-08,2026-08-02,15:-0.55 16:+1.34 17:+0.72 18:+0.27 19:-0.10 20:-0.30 21:-0.20 22:+0.11 23:-0.15 24:-0.04 25:-0.58 26:-0.36,False,True,False,122,-0.067367,1
market,XCUUSD,small,52,90/10,1,False,13,-0.55047,-0.82515,-0.85885,0.38462,-1.1822,-0.0090195,,-0.55047,0/2,-1.1822,2025,-0.55047,-0.040753,0.22349,-0.50971,-0.71937,-0.74874,-0.77396,-1.1246,5,8,-0.75759,-0.42101,0.056918,0.022037,2025-03-23,2026-08-02,25:-1.18 26:-0.01,False,False,False,14,-0.5027,1
group,energy,small,52,90/10,1,False,159,-0.38843,-2.9709,-2.9912,0.44654,-0.6346,-0.14534,-0.43236,-0.30982,3/10,-1.3013,2021,-0.27463,-0.36035,0.1174,-0.028078,-0.22304,-0.22595,-0.50583,-3.6632,89,70,0.051276,-0.94748,0.24927,0.20091,2016-05-22,2026-08-23,16:-0.84 17:-0.87 18:-0.52 20:+0.16 21:-1.30 22:-0.06 23:+0.25 24:-0.08 25:+0.06 26:-1.05,False,False,False,169,-0.36043,3
market,USOIL.cash,small,52,90/10,1,False,59,-0.50299,-2.2189,-2.238,0.47458,-0.76722,-0.24756,-0.55448,-0.4279,2/6,-3.2627,2026,-0.50299,-0.26581,0.17209,-0.23717,-1.1147,-1.1243,-0.67508,-2.8157,37,22,0.040043,-1.4163,0.21901,0.15605,2021-01-31,2026-03-15,21:-1.42 22:-0.22 23:+0.08 24:-0.23 25:+0.59 26:-3.26,False,False,False,63,-0.39622,1
market,UKOIL.cash,small,52,90/10,1,False,90,-0.35299,-2.0618,-2.0733,0.43333,-0.45589,-0.2501,-0.36856,-0.30764,4/10,-1.4341,2025,-0.18866,-0.41446,0.15442,0.061464,0.36985,0.37192,-0.50741,-2.8582,46,44,0.09594,-0.82233,0.25982,0.23925,2016-05-22,2026-08-23,16:-0.84 17:-0.87 18:-0.52 20:+0.16 21:-1.14 22:+0.71 23:+0.40 24:+0.25 25:-1.43 26:-0.31,False,False,False,95,-0.36808,1
market,NATGAS.cash,small,52,90/10,1,False,10,-0.031457,-0.073117,-0.077072,0.4,-0.28855,0.22564,,-0.031457,1/3,-0.39329,2026,-0.031457,-0.43116,-0.53849,0.3997,0.92346,0.97341,0.50703,1.1371,6,4,-0.22189,0.25419,0.33285,0.12049,2024-11-24,2026-04-12,24:-0.29 25:+0.38 26:-0.39,False,True,False,11,-0.089344,1
group,grains,small,52,90/10,1,False,113,-0.12698,-1.0393,-1.0025,0.44248,0.1086,-0.35843,-0.042217,-0.15107,0/4,-0.26671,2026,-0.3377,-0.084499,-0.34341,-0.042484,-0.34538,-0.3445,0.21643,1.7676,44,69,-0.36989,0.027912,0.16654,0.048847,2023-04-30,2026-05-17,23:-0.04 24:-0.05 25:-0.23 26:-0.27,False,False,False,133,-0.22004,3
market,WHEAT.c,small,52,90/10,1,False,27,-0.24939,-0.91413,-0.93154,0.33333,0.032818,-0.51143,-0.18726,-0.26714,1/4,-1.7505,2026,-0.24939,-0.082896,-0.22522,-0.16649,-0.5732,-0.58412,-0.024165,-0.088837,12,15,0.056219,-0.49387,0.11766,0.031441,2023-04-30,2026-05-10,23:-0.19 24:+0.24 25:-0.63 26:-1.75,False,False,False,31,-0.32439,1
market,CORN.c,small,52,90/10,1,False,49,-0.053407,-0.27444,-0.27729,0.44898,0.17982,-0.2773,0.14793,-0.11169,2/4,-0.32877,2026,-0.053407,-0.15014,-0.42401,0.096731,0.4917,0.49679,0.3706,1.9143,17,32,-0.57939,0.22602,0.22514,0.07437,2023-09-10,2026-05-17,23:+0.15 24:-0.14 25:+0.31 26:-0.33,False,True,False,60,-0.16963,1
market,SOYBEAN.c,small,52,90/10,1,False,37,-0.1351,-0.71966,-0.72958,0.51351,-0.01961,-0.24452,-0.19488,-0.11861,1/4,-0.20279,2025,-0.1351,0.0012573,-0.32293,-0.13636,-0.79137,-0.80228,0.18783,1.0012,15,22,-0.47334,0.09551,0.12462,0.027747,2023-10-01,2026-05-17,23:-0.19 24:-0.15 25:-0.20 26:+0.04,False,False,False,42,-0.21505,1
group,softs,small,52,90/10,1,False,114,-0.4809,-3.1017,-3.0351,0.35965,-0.25626,-0.70554,0.20064,-0.51216,1/4,-0.74139,2026,-0.66184,-0.50317,0.027829,0.022264,0.14587,0.1422,-0.50873,-3.2284,50,64,-0.30176,-0.62086,0.18485,0.04186,2023-03-26,2026-09-27,23:+0.20 24:-0.44 25:-0.35 26:-0.74,False,False,False,125,-0.53706,4
market,SUGAR.c,small,52,90/10,1,False,19,-0.76194,-2.5586,-2.6288,0.15789,-1.0024,-0.54556,,-0.76194,0/2,-0.99728,2025,-0.76194,-0.62279,-0.39361,-0.13915,-0.46116,-0.47379,-0.36833,-1.248,11,8,-0.90334,-0.56753,0.40142,0.074458,2025-06-01,2026-09-27,25:-1.00 26:-0.59,False,False,False,23,-0.75611,1
market,COFFEE.c,small,52,90/10,1,False,36,-0.08419,-0.34197,-0.34682,0.47222,-0.20026,0.031879,0.29921,-0.11904,2/4,-0.36692,2026,-0.08419,-0.29625,0.15552,0.21206,0.85286,0.86496,-0.23971,-0.94265,19,17,-0.025267,-0.15005,0.098558,0.064679,2023-03-26,2026-08-30,23:+0.30 24:-0.30 25:+0.53 26:-0.37,False,False,False,38,-0.13759,1
market,COCOA.c,small,52,90/10,1,False,43,-0.45683,-1.5451,-1.5633,0.4186,-0.28881,-0.61723,0.052779,-0.48169,1/4,-0.65376,2026,-0.45683,-0.54944,0.27889,0.092604,0.32037,0.32416,-0.73573,-2.4088,15,28,-0.060471,-0.66917,0.058651,0.016008,2023-05-21,2026-09-07,23:+0.05 24:-0.52 25:-0.34 26:-0.65,False,False,False,47,-0.49294,1
market,COTTON.c,small,52,90/10,1,False,16,-1.1044,-3.0401,-3.1398,0.1875,-0.99472,-1.2142,,-1.1044,0/2,-1.2643,2026,-1.1044,-0.70231,-0.43375,-0.40213,-1.0488,-1.0832,-0.6707,-1.7685,5,11,-0.75282,-1.2643,0.46101,0.021286,2025-04-13,2026-05-17,25:-0.75 26:-1.26,False,False,False,17,-1.2556,1
pooled,commodities15,small,52,90/10,4,False,442,-0.44143,-2.8551,-2.7086,0.46606,-0.18725,-0.69562,-0.20855,-0.84395,6/20,-1.2911,2025,-1.5349,-0.6601,0.064789,0.21867,1.5049,1.4519,-0.50622,-2.9838,213,229,-0.031929,-0.82233,0.4016,0.26685,2007-06-17,2026-08-30,07:+4.09 08:+0.95 09:-1.01 10:+1.46 11:+1.37 12:+0.08 13:-1.11 14:+0.91 15:-0.06 16:-0.42 17:-0.34 18:-0.58 19:-0.49 20:-0.33 21:-0.98 22:-0.13 23:-0.19 24:-0.36 25:-1.29 26:-1.06,False,False,False,1051,-0.47963,15
group,metals,small,52,90/10,4,False,268,-0.2586,-1.4104,-1.3427,0.5,0.22586,-0.74307,0.021606,-1.511,10/20,-2.8085,2025,-1.5087,-0.54381,-0.047467,0.28521,1.6218,1.5262,-0.21113,-1.0556,125,143,0.085131,-0.55907,0.27704,0.18567,2007-06-17,2026-08-09,07:+4.09 08:+0.95 09:-1.01 10:+1.46 11:+1.37 12:+0.08 13:-1.11 14:+0.91 15:-0.06 16:-0.06 17:+0.28 18:+0.28 19:-0.49 20:-0.49 21:+0.27 22:+0.03 23:-1.50 24:-0.71 25:-2.81 26:-0.97,False,False,False,627,-0.073614,5
market,XAUUSD,small,52,90/10,4,False,92,-0.19605,-0.55542,-0.55847,0.54348,0.30632,-0.69842,0.26084,-3.242,13/20,-5.456,2025,-0.31972,-0.7023,0.26625,0.50624,1.6119,1.6207,-0.4623,-1.1378,41,51,0.48731,-0.74542,0.19013,0.15108,2007-06-17,2026-02-01,07:+4.09 08:+0.50 09:-2.47 10:+2.05 11:+0.23 12:+0.20 13:-1.14 14:+1.12 15:+3.03 16:+0.19 17:+1.70 18:+0.48 19:-0.17 20:-0.93 21:+0.63 22:-0.14 23:+0.69 24:+0.66 25:-5.46 26:-3.37,False,False,False,233,0.12386,1
market,XAGUSD,small,52,90/10,4,False,76,-0.086603,-0.2502,-0.25186,0.53947,0.21305,-0.38625,0.02714,-1.0534,9/19,-3.6036,2025,-0.34721,-0.3489,-0.18639,0.2623,0.77056,0.77568,0.099791,0.27851,36,40,-0.064478,-0.10652,0.22036,0.11553,2008-12-07,2026-07-06,08:+3.64 09:+0.08 10:+0.87 11:+2.32 12:-0.03 13:-1.06 14:+0.73 15:+0.03 16:-0.74 17:-3.50 18:-0.95 19:-1.62 20:+1.88 21:+2.00 22:+0.08 23:-0.87 24:-0.72 25:-3.60 26:-0.67,False,True,False,170,-0.024668,1
market,XPTUSD,small,52,90/10,4,False,46,-0.49586,-1.348,-1.3629,0.41304,-0.12055,-0.87118,-0.38228,-0.78419,3/12,-2.7934,2023,-0.49586,-0.30869,-0.21418,-0.18718,-0.51371,-0.51938,-0.28168,-0.72,20,26,-0.084015,-0.81267,0.41939,0.28287,2015-12-06,2026-08-09,15:-0.60 16:-1.37 17:+3.06 18:-0.33 19:-1.34 20:-0.15 21:+0.96 22:-0.49 23:-2.79 24:-2.12 25:+1.85 26:-0.30,False,False,False,89,-0.14544,1
market,XPDUSD,small,52,90/10,4,False,49,-0.29718,-0.74112,-0.7488,0.4898,0.078981,-0.6583,-0.1412,-0.83603,6/12,-1.8072,2025,-0.29718,-0.76975,-0.38794,0.47257,1.1507,1.1627,0.090762,0.22919,26,23,-0.055214,-0.57071,0.40747,0.27501,2015-02-08,2026-07-06,15:-1.27 16:+2.34 17:+1.25 18:+1.30 19:+1.69 20:-1.46 21:-1.37 22:+0.83 23:-1.78 24:+0.41 25:-1.81 26:-1.35,False,True,False,121,-0.44085,1
market,XCUUSD,small,52,90/10,4,False,5,-1.463,-2.1924,-2.4512,0,-1.8082,-1.2328,,-1.463,0/2,-2.0281,2025,-1.463,-0.5393,1.1623,-0.9237,-0.73645,-0.82338,-2.6253,-2.916,2,3,-1.9506,-1.1379,0.14981,0.11878,2025-03-23,2026-08-02,25:-2.03 26:-0.62,False,False,False,14,-0.32396,1
group,energy,small,52,90/10,4,False,72,-1.1163,-2.5466,-2.6191,0.36111,-2.0272,-0.20535,-1.4595,-0.47101,3/10,-3.9353,2021,-0.821,-0.90485,0.67267,-0.21141,-0.54823,-0.55948,-1.7889,-3.7771,44,28,0.24414,-3.254,0.90123,0.65502,2016-05-22,2026-08-23,16:-1.81 17:-3.03 18:-2.66 20:+0.23 21:-3.94 22:-0.57 23:+0.51 24:+0.02 25:-0.01 26:-1.97,False,False,False,169,-1.4179,3
market,USOIL.cash,small,52,90/10,4,False,24,-1.1003,-1.1406,-1.1652,0.33333,-1.8267,-0.3739,-1.4007,-0.67979,2/6,-17.086,2026,-1.1003,-0.69771,0.68493,-0.4026,-0.50672,-0.51762,-1.7852,-1.6898,17,7,0.56608,-5.1473,0.83772,0.35505,2021-01-31,2026-02-15,21:-3.76 22:-0.79 23:-0.12 24:+0.15 25:+1.94 26:-17.09,False,False,False,63,-1.3132,1
market,UKOIL.cash,small,52,90/10,4,False,43,-1.2456,-2.5073,-2.537,0.37209,-1.9561,-0.56749,-1.4844,-0.45771,3/10,-4.8794,2025,-1.2456,-1.1346,0.82756,-0.11106,-0.23561,-0.23839,-2.0732,-4.0589,24,19,0.16108,-3.0226,0.96695,0.8403,2016-05-22,2026-08-23,16:-1.81 17:-3.03 18:-2.66 20:+0.23 21:-4.11 22:-0.19 23:+1.30 24:-0.11 25:-4.88 26:+1.40,False,False,False,95,-1.7676,1
market,NATGAS.cash,small,52,90/10,4,False,5,-0.08008,-0.08769,-0.09804,0.4,-0.018798,-0.12093,,-0.08008,0/3,-0.332,2026,-0.08008,0.076645,-0.71829,-0.15672,-0.23191,-0.25928,0.63821,0.55414,3,2,-0.91576,1.1734,0.64088,0.50147,2024-11-24,2026-04-12,24:-0.02 25:-0.02 26:-0.33,False,False,False,11,1.0025,1
group,grains,small,52,90/10,4,False,51,-0.1048,-0.31391,-0.32567,0.45098,0.39013,-0.5807,0.54812,-0.28436,2/4,-1.2226,2026,-0.1048,-0.054959,-0.84734,-0.049845,-0.14717,-0.15045,0.74254,2.106,21,30,-1.0882,0.58357,0.40311,0.212,2023-04-30,2026-05-17,23:+0.55 24:+0.16 25:-0.40 26:-1.22,False,False,False,133,-0.71176,3
market,WHEAT.c,small,52,90/10,4,False,16,0.030704,0.058336,0.06025,0.5,0.15934,-0.097935,0.29467,-0.057283,2/4,-0.42459,2024,0.030704,-0.2547,-0.53165,0.2854,0.59676,0.61634,0.56236,1.0974,7,9,-0.86889,0.73039,0.23766,0.12881,2023-04-30,2026-05-10,23:+0.29 24:-0.42 25:-0.05 26:+2.09,False,True,False,31,-1.0075,1
market,CORN.c,small,52,90/10,4,False,20,-0.022393,-0.036305,-0.037248,0.45,0.56106,-0.60585,0.81745,-0.23235,2/4,-1.9152,2026,-0.022393,-0.1755,-1.1642,0.15311,0.23823,0.24442,1.1418,1.8194,7,13,-1.0508,0.53138,0.64563,0.33605,2023-09-10,2026-05-03,23:+0.82 24:+0.78 25:-1.03 26:-1.92,False,True,False,60,-0.45325,1
market,SOYBEAN.c,small,52,90/10,4,False,15,-0.35923,-0.61442,-0.63598,0.4,0.40969,-1.032,0.52694,-0.58077,1/4,-1.4047,2026,-0.35923,0.31882,-0.76164,-0.67805,-1.157,-1.1976,0.40241,0.5864,7,8,-1.3449,0.5032,0.25622,0.13533,2023-10-01,2026-05-17,23:+0.53 24:-0.27 25:-0.36 26:-1.40,False,False,False,42,-0.86279,1
group,softs,small,52,90/10,4,False,51,-0.78614,-1.2991,-1.3029,0.45098,-0.58072,-0.98366,-0.18656,-0.82361,0/4,-1.0382,2025,-0.78614,-1.5308,0.70864,0.74467,1.3153,1.3199,-1.4948,-2.3715,23,28,-0.23183,-1.2415,0.34931,0.20025,2023-03-26,2026-08-30,23:-0.19 24:-0.76 25:-1.04 26:-0.70,False,False,False,122,-1.0135,4
market,SUGAR.c,small,52,90/10,4,False,7,-1.2131,-1.0172,-1.0987,0.28571,-1.6429,-0.89083,,-1.2131,0/2,-1.6429,2025,-1.2131,-0.84302,-0.61949,-0.37013,-0.29834,-0.32225,-0.59365,-0.49225,5,2,-1.5914,-0.26751,0.62358,0.38043,2025-06-01,2026-08-16,25:-1.64 26:-0.89,False,False,False,20,-1.2855,1
market,COFFEE.c,small,52,90/10,4,False,20,-0.016792,-0.020254,-0.02078,0.5,-1.0513,1.0177,1.4167,-0.17607,3/4,-1.6683,2024,-0.016792,-0.98379,0.64045,0.967,1.225,1.2568,-0.65724,-0.71535,10,10,0.9229,-0.95648,0.30699,0.2856,2023-03-26,2026-08-30,23:+1.42 24:-1.67 25:+2.09 26:+0.30,False,False,False,38,0.30846,1
market,COCOA.c,small,52,90/10,4,False,18,-0.99075,-0.83443,-0.85862,0.5,0.31529,-2.2968,-3.3931,-0.84943,1/4,-3.3931,2023,-0.99075,-2.1834,1.5377,1.1926,1.1015,1.1334,-2.5284,-2.1592,6,12,-0.602,-1.1851,0.13172,0.06776,2023-05-21,2026-08-23,23:-3.39 24:-0.10 25:-3.00 26:+1.69,False,False,False,47,-1.2526,1
market,COTTON.c,small,52,90/10,4,False,6,-2.2386,-0.98507,-1.0791,0.33333,0.35722,-4.8344,,-2.2386,0/2,-2.6099,2026,-2.2386,-2.1989,-0.0016288,-0.039706,-0.018363,-0.020116,-2.237,-0.94135,2,4,-1.496,-2.6099,0.82314,0.10296,2025-04-13,2026-05-03,25:-1.50 26:-2.61,False,False,False,17,-2.9871,1
pooled,commodities15,small,52,90/10,8,False,299,-0.88968,-3.0576,-2.9466,0.44816,-0.6053,-1.1722,-0.65435,-1.3059,6/20,-2.4685,2025,-2.0606,-1.2806,0.26483,0.39091,1.604,1.5377,-1.1545,-3.5212,140,159,0.18296,-1.8341,0.73684,0.58089,2007-06-17,2026-08-02,07:+6.44 08:+1.41 09:-0.92 10:+1.00 11:+1.47 12:+0.39 13:-1.75 14:+2.64 15:-0.33 16:-1.33 17:-1.70 18:-1.71 19:-2.10 20:-0.49 21:-1.56 22:-0.90 23:-0.78 24:-0.22 25:-2.47 26:-1.40,False,False,False,1033,-0.96091,15
group,metals,small,52,90/10,8,False,183,-0.3366,-1.0489,-0.99883,0.49727,0.13061,-0.79874,-0.10878,-1.2999,9/20,-2.6509,2025,-1.0924,-0.94201,0.0528,0.60541,2.2398,2.1113,-0.3894,-1.0732,81,102,0.46759,-0.97522,0.47941,0.36032,2007-06-17,2026-08-02,07:+6.44 08:+1.41 09:-0.92 10:+1.00 11:+1.47 12:+0.39 13:-1.75 14:+2.64 15:-0.33 16:-0.80 17:-0.43 18:+0.10 19:-2.10 20:-0.77 21:+1.02 22:-0.58 23:-1.98 24:-1.06 25:-2.65 26:+0.31,False,False,False,618,-0.33134,5
market,XAUUSD,small,52,90/10,8,False,63,-0.057967,-0.095729,-0.096497,0.50794,0.83078,-0.91894,0.2821,-2.0984,11/19,-3.7786,2025,-0.1951,-1.2176,0.73,1.1596,2.4412,2.4608,-0.78796,-1.0737,27,36,1.5067,-1.2315,0.37407,0.29751,2007-06-17,2025-12-29,07:+6.44 08:+0.46 09:-1.56 10:+1.35 11:-1.44 12:+0.71 13:-1.61 14:+2.13 15:+3.51 16:+1.64 17:-0.28 18:+1.81 19:-2.38 20:-2.02 21:+1.73 22:-0.38 23:+0.80 24:+0.00 25:-3.78,False,False,False,233,-0.22656,1
market,XAGUSD,small,52,90/10,8,False,53,0.094459,0.159,0.16052,0.58491,1.0616,-0.8369,0.36026,-1.9877,11/19,-13.493,2025,0.094459,-0.73147,-0.1526,0.82593,1.6155,1.631,0.24706,0.36844,24,29,0.44938,-0.19927,0.37034,0.23177,2008-12-07,2026-07-06,08:+5.22 09:-0.28 10:+0.82 11:+4.38 12:+0.07 13:-2.03 14:+3.15 15:+1.03 16:-1.87 17:-3.42 18:-3.02 19:-4.51 20:+3.48 21:+3.22 22:+0.33 23:-1.06 24:+0.33 25:-13.49 26:+0.30,False,True,False,170,0.13127,1
market,XPTUSD,small,52,90/10,8,False,31,-0.46841,-0.68937,-0.70077,0.41935,-0.33348,-0.59491,-0.79932,0.34047,5/12,-2.7902,2016,-0.46841,-0.45976,-0.69282,-0.0086534,-0.015002,-0.01525,0.22441,0.32485,12,19,-0.12732,-0.68383,0.72084,0.54745,2015-12-06,2026-07-06,15:+0.06 16:-2.79 17:+4.66 18:-0.52 19:-1.91 20:-1.25 21:+1.67 22:-1.18 23:-2.63 24:-1.94 25:+5.04 26:+1.35,False,False,False,86,-0.44035,1
market,XPDUSD,small,52,90/10,8,False,32,-1.217,-1.6748,-1.7016,0.4375,-1.3294,-1.1045,-1.2272,-1.1802,3/12,-6.4171,2015,-1.217,-1.2152,-0.42327,-0.0017302,-0.0026554,-0.0026979,-0.79369,-1.1506,16,16,-0.46746,-1.9665,0.65816,0.52173,2015-06-07,2026-07-06,15:-6.42 16:-0.94 17:+5.85 18:+1.10 19:+3.49 20:-1.78 21:-1.63 22:-1.22 23:-2.87 24:-2.39 25:-1.14 26:-0.40,False,False,False,115,-1.1687,1
market,XCUUSD,small,52,90/10,8,False,4,-2.3722,-2.1187,-2.4464,0.25,-4.0099,-0.73452,,-2.3722,1/2,-3.2898,2025,-2.3722,-0.94256,1.6956,-1.4296,-0.79279,-0.91543,-4.0678,-2.8894,2,2,-2.2925,-2.4518,0.28251,0.31112,2025-03-23,2026-08-02,25:-3.29 26:+0.38,False,False,False,14,-0.14432,1
group,energy,small,52,90/10,8,False,51,-2.6663,-3.2819,-3.5804,0.33333,-4.1273,-1.2615,-3.1798,-1.7249,2/10,-8.075,2017,-2.6663,-2.1886,1.366,-0.47771,-0.83498,-0.91795,-4.0323,-4.3881,28,23,0.70793,-6.774,1.7715,1.5724,2016-05-22,2026-05-31,16:-3.80 17:-8.07 18:-6.71 20:+0.61 21:-6.36 22:-1.53 23:+0.38 24:-0.53 25:-1.05 26:-5.14,False,False,False,168,-2.8748,3
market,USOIL.cash,small,52,90/10,8,False,18,-1.8757,-1.2351,-1.2709,0.27778,-2.941,-0.81044,-2.718,-0.8229,1/6,-16.458,2026,-1.8757,-1.3966,1.3771,-0.47913,-0.49884,-0.5133,-3.2528,-1.8821,12,6,1.335,-8.2973,1.6508,0.91444,2021-01-31,2026-03-01,21:-5.79 22:-1.40 23:-1.40 24:-0.23 25:+3.60 26:-16.46,False,False,False,63,-2.02,1
market,UKOIL.cash,small,52,90/10,8,False,30,-3.4144,-3.335,-3.392,0.33333,-4.473,-2.3559,-3.3806,-3.5257,2/10,-9.8508,2025,-3.4144,-2.8852,1.7045,-0.52928,-0.67608,-0.68764,-5.119,-4.6276,15,15,0.23,-7.0589,1.919,2.0876,2016-05-22,2026-05-31,16:-3.80 17:-8.07 18:-6.71 20:+0.61 21:-6.79 22:-1.71 23:+2.17 24:-1.22 25:-9.85 26:-0.66,False,False,False,94,-3.7817,1
market,NATGAS.cash,small,52,90/10,8,False,3,0.07184,0.045813,0.05611,0.66667,0.35155,-0.068017,,0.07184,2/3,-2.7732,2026,0.07184,0.025318,-2.0856,0.046522,0.026665,0.032657,2.1575,1.4512,1,2,0.35155,-0.068017,1.0202,0.36826,2024-11-24,2026-04-12,24:+0.35 25:+2.64 26:-2.77,False,True,False,11,-0.020235,1
group,grains,small,52,90/10,8,False,34,-0.92451,-1.6263,-1.6691,0.38235,-0.10084,-1.7482,-0.03683,-1.1547,1/4,-2.7573,2025,-0.92451,0.0034279,-1.3701,-0.92794,-1.5804,-1.6202,0.44558,0.66088,15,19,-1.9219,-0.13707,0.71317,0.46403,2023-04-30,2026-05-17,23:-0.04 24:+0.01 25:-2.76 26:-1.07,False,False,False,133,-1.1567,3
market,WHEAT.c,small,52,90/10,8,False,11,-2.0814,-3.3866,-3.5519,0.18182,-2.7738,-1.5045,-2.3929,-1.9646,1/4,-2.7449,2024,-2.0814,-0.65675,-0.60637,-1.4247,-1.6983,-1.7812,-1.4751,-2.7542,6,5,-2.7369,-1.2949,0.39981,0.35317,2023-04-30,2026-05-10,23:-2.39 24:-2.74 25:-1.96 26:+1.13,False,False,False,31,-1.6462,1
market,CORN.c,small,52,90/10,8,False,13,0.15211,0.14548,0.15142,0.61538,1.5876,-1.0783,1.54,-0.10022,2/4,-2.2137,2026,0.15211,-0.19352,-2.3087,0.34563,0.31219,0.32493,2.4608,2.2341,5,8,-1.5346,1.2063,1.1882,0.74296,2023-09-10,2026-05-17,23:+1.54 24:+2.04 25:-1.56 26:-2.21,False,True,False,60,-1.2035,1
market,SOYBEAN.c,small,52,90/10,8,False,10,-1.0515,-0.90867,-0.95783,0.3,0.93412,-3.0371,1.9205,-1.7945,2/4,-4.7556,2025,-1.0515,0.98566,-0.98996,-2.0372,-2.1333,-2.2487,-0.061547,-0.042001,4,6,-1.1838,-0.96334,0.44036,0.22337,2023-10-01,2026-05-17,23:+1.92 24:+0.28 25:-4.76 26:-0.46,False,False,False,42,-0.7285,1
group,softs,small,52,90/10,8,False,31,-1.1936,-0.84664,-0.86144,0.41935,0.59635,-2.8716,-1.2298,-1.1897,1/4,-2.8251,2025,-1.1936,-3.1938,1.498,2.0002,1.6012,1.6271,-2.6916,-1.9132,16,15,-0.20332,-2.2499,0.58032,0.37997,2023-03-26,2026-06-22,23:-1.23 24:+0.85 25:-2.83 26:-1.69,False,False,False,114,-1.325,4
market,SUGAR.c,small,52,90/10,8,False,4,-1.5683,-0.93469,-1.0793,0.25,-3.4799,0.34334,,-1.5683,1/2,-3.4799,2025,-1.5683,-2.5607,-1.3236,0.99238,0.45761,0.5284,-0.24474,-0.18978,3,1,-3.1853,3.2828,0.81936,0.7946,2025-06-01,2026-03-29,25:-3.48 26:+0.34,False,False,False,16,-1.2089,1
market,COFFEE.c,small,52,90/10,8,False,12,-0.33545,-0.27865,-0.29104,0.41667,-1.575,0.90406,0.76969,-0.55648,2/4,-2.7473,2024,-0.33545,-1.5717,1.3112,1.2362,0.96839,1.0114,-1.6466,-1.0785,7,5,0.43248,-1.4106,0.61929,0.49319,2023-03-26,2026-06-22,23:+0.77 24:-2.75 25:+2.33 26:-0.52,False,False,False,37,-0.036287,1
market,COCOA.c,small,52,90/10,8,False,11,-1.0709,-0.2966,-0.31107,0.45455,4.4086,-5.6371,-5.2286,-0.65512,1/3,-6.5032,2025,-1.0709,-4.4542,2.6396,3.3834,1.1193,1.1739,-3.7105,-1.1108,5,6,1.1073,-2.8861,0.24887,0.22453,2023-05-21,2025-12-29,23:-5.23 24:+3.24 25:-6.50,False,False,False,44,-1.4893,1
market,COTTON.c,small,52,90/10,8,False,4,-3.7306,-1.0415,-1.2027,0.5,-0.8886,-6.5727,,-3.7306,0/2,-4.2205,2026,-3.7306,-5.2268,1.7408,1.4962,0.43568,0.50308,-5.4714,-1.3197,1,3,-2.261,-4.2205,1.1359,0.053155,2025-04-13,2026-05-17,25:-2.26 26:-4.22,False,False,False,17,-3.8141,1
pooled,commodities15,small,157,80/20,1,False,1213,-0.21932,-5.0414,-4.3807,0.45095,-0.19307,-0.24553,-0.19013,-0.29459,2/18,-0.5123,2019,-0.44337,-0.26281,-0.1093,0.043485,1.0119,0.873,-0.11002,-2.4662,535,678,-0.16244,-0.2642,0.16491,0.077347,2009-09-13,2026-09-27,09:-0.41 10:-0.19 11:+0.05 12:+0.14 13:-0.39 14:-0.15 15:-0.15 16:-0.08 17:-0.26 18:-0.27 19:-0.51 20:-0.12 21:-0.28 22:-0.15 23:-0.13 24:-0.04 25:-0.43 26:-0.38,False,False,False,1319,-0.21858,15
group,metals,small,157,80/20,1,False,832,-0.17741,-3.5167,-3.0754,0.45553,-0.090342,-0.26447,-0.14564,-0.41259,4/18,-0.60076,2023,-0.32568,-0.23749,-0.11362,0.060078,1.1922,1.0563,-0.063789,-1.2309,344,488,-0.16655,-0.18507,0.12572,0.044804,2009-09-13,2026-03-15,09:-0.41 10:-0.19 11:+0.05 12:+0.14 13:-0.39 14:-0.15 15:-0.15 16:+0.05 17:-0.22 18:-0.03 19:-0.51 20:-0.12 21:+0.17 22:-0.15 23:-0.60 24:-0.56 25:-0.48 26:-0.06,False,False,False,891,-0.1825,5
market,XAUUSD,small,157,80/20,1,False,328,-0.21123,-2.5291,-2.5329,0.48476,-0.19022,-0.23225,-0.19007,-0.45702,6/17,-1.9135,2024,-0.21361,-0.28741,-0.020445,0.076176,0.92456,0.92597,-0.19079,-2.2098,141,187,-0.14954,-0.25775,0.063696,0.037062,2009-09-13,2026-03-15,09:-0.41 10:-0.18 11:-0.26 12:+0.08 13:-0.41 14:-0.15 15:+0.06 16:-0.07 18:+0.47 19:-0.56 20:-0.41 21:+0.59 22:-0.20 23:+0.36 24:-1.91 25:-0.56 26:+0.02,False,False,False,349,-0.18882,1
market,XAGUSD,small,157,80/20,1,False,201,-0.1003,-0.97929,-0.98174,0.42786,-0.0595,-0.1407,-0.09876,-0.12257,6/15,-2.3876,2026,-0.017638,-0.18167,-0.12766,0.08137,0.79494,0.79693,0.027359,0.26853,90,111,-0.05098,-0.14029,0.12117,0.027492,2009-11-16,2026-01-18,09:-0.41 10:-0.44 11:+0.45 12:+0.19 13:-0.34 16:-0.01 17:-1.54 18:-0.42 19:-0.63 20:+0.32 21:+0.27 22:-0.03 23:+0.19 24:+0.07 26:-2.39,False,True,False,211,-0.11524,1
market,XPTUSD,small,157,80/20,1,False,157,-0.1486,-1.2847,-1.2888,0.4586,-0.085271,-0.21112,-0.098884,-0.50966,5/12,-1.5162,2023,-0.39847,-0.13646,-0.20676,-0.012136,-0.10405,-0.10438,0.058163,0.49038,42,115,-0.44157,-0.041598,0.1946,0.06755,2015-09-20,2026-02-08,15:-1.19 16:+0.04 17:-0.09 18:+0.02 19:-0.19 20:+0.31 21:+0.22 22:-0.45 23:-1.52 24:-0.93 25:-0.11 26:+0.16,False,False,False,175,-0.16514,1
market,XPDUSD,small,157,80/20,1,False,133,-0.23475,-1.9759,-1.9833,0.42857,-0.15545,-0.31287,-0.16326,-0.50283,4/11,-2.1687,2019,-0.41917,-0.34092,-0.24153,0.10617,0.87965,0.88298,0.0067796,0.054781,68,65,-0.18521,-0.28657,0.21176,0.067222,2015-04-05,2026-02-01,15:-0.39 16:+0.54 18:+0.72 19:-2.17 20:-0.39 21:-0.06 22:+0.01 23:-0.58 24:-0.91 25:-0.47 26:+0.24,False,True,False,142,-0.28171,1
market,XCUUSD,small,157,80/20,1,False,13,-0.27751,-1.0064,-1.0475,0.38462,-0.59995,-0.0011458,,-0.27751,0/2,-0.70021,2025,-0.27751,-0.0027659,0.18604,-0.27475,-0.8896,-0.92593,-0.46355,-1.5127,3,10,-0.15924,-0.313,0.048991,0.0037381,2025-04-13,2026-03-01,25:-0.70 26:-0.01,False,False,False,14,-0.24924,1
group,energy,small,157,80/20,1,False,174,-0.2914,-2.069,-1.7979,0.47701,-0.65459,0.071779,-0.64071,0.091574,3/9,-1.4525,2016,-0.0017181,-0.42117,0.16285,0.12976,0.95261,0.82568,-0.45425,-3.1469,85,89,0.26592,-0.82368,0.27346,0.27287,2016-09-11,2026-08-09,16:-1.45 17:-0.40 18:-0.90 21:-0.94 22:-0.11 23:+0.55 24:+0.21 25:+0.22 26:-0.38,False,False,False,189,-0.26714,3
market,USOIL.cash,small,157,80/20,1,False,75,-0.41847,-1.8715,-1.8841,0.44,-0.82008,-0.027435,-0.83394,-0.03497,3/6,-1.0393,2026,-0.20034,-0.41094,0.25654,-0.0075366,-0.035133,-0.03537,-0.67502,-2.9067,33,42,0.41079,-1.07,0.23411,0.25075,2021-01-31,2026-08-09,21:-1.01 22:-1.01 23:+0.57 24:+0.14 25:+0.47 26:-1.04,False,False,False,81,-0.35383,1
market,UKOIL.cash,small,157,80/20,1,False,89,-0.16817,-0.86424,-0.86914,0.51685,-0.8282,0.4772,-0.51424,0.39165,5/9,-1.4525,2016,0.13258,-0.41939,0.16201,0.25123,1.327,1.3345,-0.33018,-1.6877,42,47,0.31902,-0.60353,0.29939,0.29514,2016-09-11,2026-06-22,16:-1.45 17:-0.40 18:-0.90 21:-0.56 22:+1.08 23:+0.54 24:+0.39 25:+0.24 26:+0.57,False,False,False,96,-0.15205,1
market,NATGAS.cash,small,157,80/20,1,False,10,-0.43518,-0.91618,-0.96574,0.4,-0.28855,-0.5818,,-0.43518,0/2,-0.5818,2025,-0.43518,-0.51366,-0.5324,0.078488,0.16784,0.17692,0.097227,0.20573,10,0,-0.43518,,0.33778,0.24049,2024-11-24,2025-09-21,24:-0.29 25:-0.58,False,True,False,12,-0.6027,1
group,grains,small,157,80/20,1,False,101,-0.12742,-0.90804,-0.85111,0.49505,-0.043099,-0.21009,-0.17982,-0.10632,1/4,-0.38222,2025,-0.23591,-0.034813,-0.31789,-0.092611,-0.67047,-0.63033,0.19047,1.3301,21,80,-0.69828,0.022427,0.16378,0.0019297,2023-04-30,2026-05-17,23:-0.18 24:+0.07 25:-0.38 26:-0.13,False,False,False,117,-0.1322,3
market,WHEAT.c,small,157,80/20,1,False,24,-0.52848,-1.832,-1.8714,0.33333,-0.33223,-0.72474,-0.26068,-0.84498,0/4,-1.7505,2026,-0.52848,-0.038004,-0.15464,-0.49048,-1.6909,-1.7273,-0.37384,-1.3004,5,19,-0.71176,-0.48025,0.10238,0.0094705,2023-04-30,2026-05-10,23:-0.26 24:-0.94 25:-0.63 26:-1.75,False,False,False,26,-0.32599,1
market,CORN.c,small,157,80/20,1,False,53,-0.018012,-0.089897,-0.090757,0.54717,0.11027,-0.14155,-0.11412,0.023548,2/4,-0.16122,2025,-0.018012,-0.061152,-0.40428,0.043141,0.22038,0.22249,0.38627,1.9202,8,45,-0.92406,0.14306,0.20555,-0.01056,2023-04-30,2026-05-17,23:-0.11 24:+0.07 25:-0.16 26:+0.19,False,True,False,65,-0.11633,1
market,SOYBEAN.c,small,157,80/20,1,False,24,0.03202,0.12333,0.12599,0.54167,0.40036,-0.33632,,0.03202,1/3,-0.62018,2025,0.03202,0.026545,-0.29036,0.0054753,0.021549,0.022013,0.32238,1.1994,8,16,-0.46409,0.28007,0.13296,0.021969,2024-01-01,2026-05-17,24:+0.40 25:-0.62 26:-0.19,False,True,False,26,0.02189,1
group,softs,small,157,80/20,1,False,106,-0.51753,-3.7303,-3.6228,0.33019,-0.31696,-0.71811,0.19552,-0.6937,2/4,-0.81645,2025,-0.68768,-0.41883,-0.32337,-0.098702,-0.73188,-0.6995,-0.19417,-1.4398,85,21,-0.44181,-0.82402,0.29544,0.083688,2023-03-19,2026-09-27,23:+0.20 24:+0.38 25:-0.82 26:-0.69,False,False,False,122,-0.48975,4
market,SUGAR.c,small,157,80/20,1,False,29,-0.83009,-4.1938,-4.268,0.17241,-0.69493,-0.95624,,-0.83009,0/2,-0.83732,2026,-0.83009,-0.65402,-0.51911,-0.17607,-0.93758,-0.95417,-0.31098,-1.5063,24,5,-0.74306,-1.2478,0.428,0.12066,2025-01-20,2026-09-27,25:-0.83 26:-0.84,False,False,False,38,-0.7837,1
market,COFFEE.c,small,157,80/20,1,False,34,-0.087011,-0.32738,-0.3323,0.47059,0.26021,-0.43423,0.26021,-0.43423,2/4,-2.3145,2025,-0.087011,-0.13083,-0.016523,0.04382,0.17051,0.17307,-0.070488,-0.26844,29,5,0.07615,-1.0333,0.10401,-0.0015851,2023-03-19,2026-07-06,23:+0.26 24:+0.89 25:-2.31 26:-0.18,False,False,False,37,-0.08218,1
market,COCOA.c,small,157,80/20,1,False,14,0.028334,0.065592,0.068068,0.57143,0.35916,-0.30249,-0.079386,0.071422,2/4,-0.77864,2026,0.028334,0.12998,0.037116,-0.10164,-0.22058,-0.2289,-0.0087825,-0.020001,11,3,-0.2995,1.2304,0.081174,0.069657,2023-08-13,2026-06-14,23:-0.08 24:+0.59 25:+0.66 26:-0.78,False,False,False,16,0.11559,1
market,COTTON.c,small,157,80/20,1,False,29,-0.97325,-3.9269,-3.9964,0.2069,-0.98919,-0.95838,,-0.97325,0/3,-1.1987,2026,-0.97325,-0.78624,-0.66141,-0.18701,-0.68829,-0.70047,-0.31185,-1.2145,21,8,-0.88736,-1.1987,0.49077,0.15346,2024-12-30,2026-08-23,24:-1.05 25:-0.88 26:-1.20,False,False,False,31,-0.9283,1
pooled,commodities15,small,157,80/20,4,False,449,-0.44303,-2.9165,-2.6752,0.47216,-0.6194,-0.26744,-0.47103,-0.37926,4/18,-1.735,2019,-0.77937,-0.73101,-0.059286,0.28798,2.016,1.836,-0.38374,-2.3529,205,244,-0.16621,-0.6756,0.4276,0.3122,2009-09-13,2026-08-23,09:-1.09 10:-1.04 11:+0.13 12:+0.33 13:-1.22 14:-0.20 15:-0.68 16:-0.18 17:-1.32 18:-0.41 19:-1.74 20:-0.04 21:-0.62 22:-0.31 23:+0.01 24:+0.04 25:-0.77 26:-0.24,False,False,False,1310,-0.46494,15
group,metals,small,157,80/20,4,False,296,-0.33463,-1.8903,-1.786,0.49324,-0.14333,-0.52593,-0.30073,-0.53962,6/18,-1.735,2019,-0.57237,-0.65268,-0.099321,0.31805,1.877,1.7849,-0.23531,-1.2399,123,173,-0.19752,-0.43212,0.28937,0.18247,2009-09-13,2026-03-01,09:-1.09 10:-1.04 11:+0.13 12:+0.33 13:-1.22 14:-0.20 15:-0.68 16:+0.40 17:-0.61 18:+0.71 19:-1.74 20:-0.04 21:+0.91 22:-0.16 23:-1.23 24:-0.81 25:-0.78 26:+0.73,False,False,False,885,-0.31991,5
market,XAUUSD,small,157,80/20,4,False,110,-0.52321,-1.6688,-1.6764,0.48182,-0.81403,-0.23238,-0.49051,-0.8502,6/17,-1.7757,2009,-0.21224,-0.95477,0.15482,0.43156,1.468,1.4747,-0.67802,-1.9703,45,65,-0.078926,-0.83079,0.19254,0.14445,2009-09-13,2026-03-01,09:-1.78 10:-1.26 11:-1.30 12:+0.62 13:-1.28 14:-0.20 15:-0.25 16:+1.08 18:+1.95 19:-1.65 20:-1.10 21:+2.58 22:-0.45 23:+0.04 24:-1.71 25:-1.18 26:+0.73,False,False,False,349,-0.5897,1
market,XAGUSD,small,157,80/20,4,False,75,0.047952,0.15462,0.15566,0.52,0.25343,-0.15212,-0.038307,1.0399,9/15,-1.6505,2019,-0.23842,-0.3873,-0.18114,0.43525,1.3848,1.3941,0.22909,0.73243,32,43,-0.10051,0.15843,0.23907,0.10874,2009-11-16,2026-01-18,09:+1.64 10:+1.09 11:+2.03 12:+0.07 13:-1.06 16:-0.23 17:-1.11 18:+0.03 19:-1.65 20:+0.52 21:+1.88 22:-0.15 23:-0.68 24:+0.64 26:+3.03,False,True,False,211,0.27238,1
market,XPTUSD,small,157,80/20,4,False,59,-0.36362,-0.80685,-0.81378,0.45763,-0.18425,-0.537,-0.24672,-0.87374,5/12,-2.5177,2016,-0.36362,-0.21213,-0.34209,-0.15148,-0.35224,-0.35526,-0.021531,-0.044909,20,39,-0.56723,-0.2592,0.45431,0.29014,2015-09-20,2026-02-01,15:+1.40 16:-2.52 17:-0.46 18:+0.59 19:-2.28 20:+2.04 21:+1.09 22:-0.67 23:-1.53 24:-1.99 25:+1.85 26:-1.23,False,False,False,173,-0.26331,1
market,XPDUSD,small,157,80/20,4,False,47,-0.50657,-1.3691,-1.3839,0.51064,-0.39824,-0.61039,-0.3473,-1.0958,4/11,-1.7407,2023,-0.50657,-0.96231,-0.39302,0.45574,1.3253,1.3396,-0.11355,-0.2923,24,23,-0.27942,-0.7436,0.40704,0.2688,2015-04-05,2026-01-05,15:-1.52 16:+2.12 18:+2.68 19:+0.21 20:-1.07 21:-0.67 22:+0.66 23:-1.74 24:-0.15 25:-1.71 26:-0.26,False,False,False,138,-0.6694,1
market,XCUUSD,small,157,80/20,4,False,5,0.033618,0.03762,0.042061,0.6,0.26204,-0.11867,,0.033618,1/2,-0.64793,2025,0.033618,-0.27545,1.1623,0.30906,0.329,0.36784,-1.1287,-1.0245,2,3,0.26204,-0.11867,0.12178,0.043214,2025-04-13,2026-03-01,25:-0.65 26:+1.06,False,False,False,14,0.22466,1
group,energy,small,157,80/20,4,False,70,-1.0444,-2.3744,-2.1195,0.42857,-2.3595,0.27074,-2.099,0.20801,3/9,-3.958,2018,-0.66603,-1.3879,0.83165,0.34356,0.85777,0.78488,-1.876,-3.9706,36,34,0.80425,-3.0018,0.9806,0.97108,2016-09-11,2026-08-09,16:-3.77 17:-3.65 18:-3.96 21:-2.70 22:-1.04 23:+1.37 24:+0.39 25:+1.38 26:-2.39,False,False,False,189,-1.3302,3
market,USOIL.cash,small,157,80/20,4,False,29,-1.4805,-1.9379,-1.9722,0.37931,-2.4078,-0.61514,-2.1954,-0.71462,3/6,-4.6925,2026,-1.4805,-1.6923,1.0048,0.21178,0.33309,0.33899,-2.4854,-2.9439,12,17,1.1872,-3.3637,0.86835,0.98629,2021-01-31,2026-08-09,21:-2.93 22:-3.24 23:+1.05 24:+0.21 25:+1.55 26:-4.69,False,False,False,81,-1.4128,1
market,UKOIL.cash,small,157,80/20,4,False,37,-0.74156,-1.2851,-1.3028,0.45946,-3.0732,1.4674,-2.0362,1.3853,5/9,-3.958,2018,-0.74156,-1.2286,0.83455,0.48701,0.85284,0.86461,-1.5761,-2.6648,20,17,0.87198,-2.6398,1.1028,0.95288,2016-09-11,2026-06-07,16:-3.77 17:-3.65 18:-3.96 21:-1.67 22:+1.17 23:+1.61 24:+0.61 25:+2.53 26:+2.22,False,False,False,96,-1.3933,1
market,NATGAS.cash,small,157,80/20,4,False,4,-0.68322,-0.8609,-0.99408,0.5,-0.018798,-1.3476,,-0.68322,0/2,-1.3476,2025,-0.68322,-0.65519,-0.4507,-0.028029,-0.030104,-0.034761,-0.23252,-0.27428,4,0,-0.68322,,0.66456,1.0292,2024-11-24,2025-09-21,24:-0.02 25:-1.35,False,False,False,12,-0.26787,1
group,grains,small,157,80/20,4,False,40,-0.33348,-0.71983,-0.63629,0.475,0.22371,-0.89067,-0.49184,-0.28069,1/4,-1.26,2026,-0.33348,-0.11451,-0.89613,-0.21897,-0.49364,-0.42938,0.56265,1.1549,11,29,-2.7387,0.57886,0.4099,0.091208,2023-04-30,2026-05-17,23:-0.49 24:+0.80 25:-0.83 26:-1.26,False,False,False,117,-0.23584,3
market,WHEAT.c,small,157,80/20,4,False,10,-0.72484,-1.0687,-1.1265,0.5,-1.3028,-0.14689,-0.78816,-0.68262,1/4,-3.3613,2024,-0.72484,-0.12596,-0.4942,-0.59888,-0.81944,-0.86377,-0.23064,-0.36376,2,8,-2.5787,-0.26138,0.2374,0.030647,2023-04-30,2026-05-10,23:-0.79 24:-3.36 25:-0.71 26:+2.09,False,False,False,26,-0.68038,1
market,CORN.c,small,157,80/20,4,False,19,-0.44967,-0.56659,-0.58212,0.47368,0.41825,-1.2308,-0.2943,-0.52139,1/4,-2.0776,2026,-0.44967,-0.42991,-1.3065,-0.019764,-0.027042,-0.027783,0.85683,1.073,5,14,-3.658,0.69616,0.58718,0.11814,2023-04-30,2026-05-17,23:-0.29 24:+0.60 25:-1.03 26:-2.08,False,False,False,65,-0.30431,1
market,SOYBEAN.c,small,157,80/20,4,False,11,0.223,0.27412,0.2875,0.45455,1.8656,-1.1459,,0.223,1/3,-1.5605,2026,0.223,0.44069,-0.55268,-0.21769,-0.26539,-0.27834,0.77568,0.78455,4,7,-1.6696,1.3045,0.2605,0.099739,2024-01-01,2026-05-17,24:+1.87 25:-0.73 26:-1.56,False,False,False,26,0.37987,1
group,softs,small,157,80/20,4,False,43,-0.31218,-0.53894,-0.47555,0.39535,-0.078775,-0.53498,1.4106,-0.83425,2/4,-1.9652,2025,-0.31218,-0.77424,-0.4556,0.46206,0.87495,0.77179,0.14341,0.26061,35,8,-0.24588,-0.60226,0.49541,0.33817,2023-03-19,2026-08-23,23:+1.41 24:-0.25 25:-1.97 26:+0.86,False,True,False,119,-0.39453,4
market,SUGAR.c,small,157,80/20,4,False,11,-0.9904,-1.2752,-1.3375,0.18182,-0.86329,-1.0963,,-0.9904,1/2,-1.6641,2025,-0.9904,-1.3447,-1.1917,0.35429,0.51386,0.53894,0.20128,0.28807,10,1,-1.0403,-0.49122,0.60671,0.52443,2025-01-20,2026-08-23,25:-1.66 26:+0.81,False,True,False,35,-1.3925,1
market,COFFEE.c,small,157,80/20,4,False,13,0.90601,0.78137,0.81328,0.53846,0.75603,1.0346,0.93812,0.86854,3/4,-6.3082,2025,0.90601,-0.4008,0.19725,1.3068,1.1309,1.1771,0.70876,0.59281,11,2,1.457,-2.1247,0.32821,-0.00035427,2023-03-19,2026-06-14,23:+0.94 24:+2.06 25:-6.31 26:+2.37,False,True,False,37,0.66616,1
market,COCOA.c,small,157,80/20,4,False,8,0.77955,0.46641,0.49861,0.75,2.3571,-0.79801,2.5132,-0.26061,2/3,-1.3281,2025,0.77955,0.9602,0.27435,-0.18064,-0.13108,-0.14013,0.5052,0.32579,6,2,0.34313,2.0888,0.17818,0.24567,2023-08-13,2026-06-14,23:+2.51 25:-1.33 26:+1.34,False,False,False,16,1.779,1
market,COTTON.c,small,157,80/20,4,False,11,-1.8676,-1.8431,-1.9331,0.18182,-2.0183,-1.7421,,-1.8676,0/3,-2.5547,2024,-1.8676,-1.9066,-1.0219,0.03892,0.03695,0.038753,-0.84571,-0.81122,8,3,-2.0361,-1.4184,0.81242,0.61928,2024-12-30,2026-08-23,24:-2.55 25:-1.96 26:-1.42,False,False,False,31,-1.6556,1
pooled,commodities15,small,157,80/20,8,False,287,-0.7453,-2.4693,-2.3791,0.44251,-1.2195,-0.27441,-0.91783,-0.38541,4/18,-3.3109,2015,-1.1744,-1.3091,-0.066107,0.5638,2.1971,2.1273,-0.67919,-2.0404,134,153,-0.13156,-1.2828,0.7912,0.6443,2009-09-13,2026-08-09,09:-2.24 10:-1.40 11:-1.54 12:+0.79 13:-2.04 14:-0.22 15:-3.31 16:-0.64 17:-1.46 18:-0.90 19:-2.72 20:+0.27 21:-0.95 22:-0.97 23:+0.12 24:+1.28 25:-1.47 26:-0.69,False,False,False,1300,-0.81069,15
group,metals,small,157,80/20,8,False,182,-0.67299,-2.1352,-2.0782,0.46154,-0.65654,-0.68944,-0.59484,-1.1216,6/18,-3.3109,2015,-0.71674,-1.1509,-0.18073,0.47788,1.6757,1.6223,-0.49226,-1.3817,76,106,-0.51158,-0.78871,0.50594,0.3676,2009-09-13,2026-03-01,09:-2.24 10:-1.40 11:-1.54 12:+0.79 13:-2.04 14:-0.22 15:-3.31 16:+0.30 17:-0.00 18:+0.96 19:-2.72 20:+0.27 21:+1.50 22:-0.01 23:-1.50 24:-1.72 25:-1.60 26:+1.21,False,False,False,879,-0.57492,5
market,XAUUSD,small,157,80/20,8,False,62,-1.2171,-1.9658,-1.9819,0.46774,-1.6076,-0.82668,-0.90145,-4.1635,7/17,-5.9098,2011,-1.1526,-2.0248,0.40051,0.80764,1.4885,1.5006,-1.6177,-2.0898,25,37,-0.11156,-1.9641,0.36442,0.28382,2009-09-13,2026-03-01,09:-3.15 10:-2.01 11:-5.91 12:+2.06 13:-2.05 14:-0.22 15:-1.25 16:+1.31 18:+3.60 19:-2.43 20:-1.85 21:+5.05 22:+0.04 23:+0.68 24:-5.51 25:-5.83 26:+3.87,False,False,False,349,-1.2227,1
market,XAGUSD,small,157,80/20,8,False,47,-0.054329,-0.093855,-0.09487,0.51064,0.050657,-0.15494,-0.11821,0.88267,7/15,-3.5819,2019,-0.054329,-0.61234,-0.28835,0.55801,0.92533,0.93533,0.23402,0.39564,20,27,-0.54674,0.31042,0.38754,0.21583,2009-11-16,2026-01-18,09:-0.41 10:+2.28 11:+2.84 12:-0.49 13:-2.03 16:-1.40 17:-0.11 18:-0.12 19:-3.58 20:+4.68 21:+2.38 22:+0.32 23:-1.39 24:+0.33 26:+1.99,False,True,False,211,0.30316,1
market,XPTUSD,small,157,80/20,8,False,39,-0.27914,-0.4309,-0.43653,0.48718,-0.53025,-0.040587,-0.33133,-0.040587,6/12,-5.4276,2015,-0.27914,-0.39894,-0.83635,0.1198,0.21192,0.21469,0.55721,0.83211,14,25,-0.54489,-0.13032,0.7872,0.58754,2015-09-20,2026-02-01,15:-5.43 16:-2.00 17:+0.05 18:+0.45 19:-2.99 20:+2.37 21:+2.27 22:-0.96 23:-1.29 24:-2.85 25:+5.04 26:+1.06,False,True,False,169,-0.010255,1
market,XPDUSD,small,157,80/20,8,False,30,-1.1155,-1.6031,-1.6305,0.33333,-0.96763,-1.2635,-1.1268,-1.0787,5/11,-5.3591,2015,-1.1155,-1.3099,-0.61122,0.19437,0.34356,0.34943,-0.50432,-0.81194,15,15,-1.2896,-0.94149,0.65683,0.52527,2015-05-31,2026-01-05,15:-5.36 16:+2.64 18:+6.26 19:+1.48 20:-1.40 21:-1.33 22:+0.32 23:-2.88 24:+0.37 25:-1.88 26:-0.78,False,False,False,136,-1.0403,1
market,XCUUSD,small,157,80/20,8,False,4,-0.028726,-0.044057,-0.050873,0.5,0.90809,-0.96554,,-0.028726,0/2,-0.081264,2026,-0.028726,-0.071583,1.6956,0.042858,0.042291,0.048833,-1.7243,-2.3776,2,2,0.90809,-0.96554,0.21668,0.12253,2025-04-13,2026-03-01,25:-0.01 26:-0.08,False,False,False,14,0.043786,1
group,energy,small,157,80/20,8,False,48,-2.2994,-2.7927,-2.7134,0.33333,-4.3194,-0.27943,-3.81,-0.5142,3/9,-8.133,2016,-2.2994,-2.6705,1.5054,0.37104,0.53739,0.54116,-3.8048,-4.0666,26,22,1.0311,-6.2355,1.9395,1.8817,2016-09-11,2026-08-09,16:-8.13 17:-5.85 18:-6.46 21:-5.03 22:-3.84 23:+1.66 24:+0.02 25:+1.11 26:-5.08,False,False,False,189,-2.6932,3
market,USOIL.cash,small,157,80/20,8,False,20,-3.3737,-2.4873,-2.5519,0.3,-4.4914,-2.2561,-4.4914,-2.2561,2/6,-8.6717,2022,-3.3737,-3.1238,1.9455,-0.24996,-0.24648,-0.25289,-5.3193,-3.39,9,11,1.229,-7.1396,1.7722,1.792,2021-01-31,2026-08-09,21:-5.95 22:-8.67 23:+0.72 24:-0.52 25:+0.63 26:-7.84,False,False,False,81,-2.178,1
market,UKOIL.cash,small,157,80/20,8,False,25,-2.0175,-1.911,-1.9504,0.32,-5.1327,0.85816,-3.3841,0.41212,3/9,-8.133,2016,-2.0175,-2.4233,1.5574,0.40579,0.42208,0.43078,-3.5748,-3.2766,14,11,0.58629,-5.3314,2.1795,1.9374,2016-09-11,2026-05-10,16:-8.13 17:-5.85 18:-6.46 21:-0.47 22:-0.62 23:+2.60 24:+0.23 25:-0.43 26:+3.20,False,False,False,96,-3.4215,1
market,NATGAS.cash,small,157,80/20,8,False,3,2.5131,0.75179,0.92075,0.66667,0.35155,3.5939,,2.5131,2/2,0.35155,2024,2.5131,-1.7083,-1.8624,4.2215,1.1716,1.4349,4.3756,1.2201,3,0,2.5131,,1.0554,2.015,2024-11-24,2025-09-21,24:+0.35 25:+3.59,False,True,False,12,-0.34484,1
group,grains,small,157,80/20,8,False,30,0.53437,0.62601,0.59542,0.56667,2.3271,-1.2584,0.25855,0.61831,2/4,-1.2618,2025,0.53437,-0.24504,-1.5064,0.7794,0.97613,0.94279,2.0407,2.1927,9,21,-2.4955,1.8329,0.72048,0.23907,2023-04-30,2026-05-17,23:+0.26 24:+3.29 25:-1.26 26:-0.80,False,True,False,117,-0.14535,3
market,WHEAT.c,small,157,80/20,8,False,8,-0.39788,-0.31055,-0.33199,0.5,-0.7317,-0.064065,0.19232,-0.752,2/4,-3.5038,2024,-0.39788,-0.53634,-0.55186,0.13846,0.10065,0.1076,0.15398,0.11934,2,6,-3.2315,0.54666,0.39809,0.10509,2023-04-30,2026-05-10,23:+0.19 24:-3.50 25:-0.46 26:+1.13,False,True,False,26,-0.96705,1
market,CORN.c,small,157,80/20,8,False,13,0.46787,0.31538,0.32826,0.61538,1.1544,-0.1206,0.30821,0.53883,2/4,-2.1149,2026,0.46787,-0.51303,-2.6774,0.9809,0.71151,0.74057,3.1453,2.1267,4,9,-3.822,2.3745,1.1131,0.3606,2023-04-30,2026-05-17,23:+0.31 24:+3.34 25:-1.43 26:-2.11,False,True,False,65,-0.21146,1
market,SOYBEAN.c,small,157,80/20,8,False,9,1.4591,0.91282,0.96819,0.55556,4.9306,-1.3181,,1.4591,1/3,-1.8905,2025,1.4591,0.401,-0.66332,1.0581,0.73881,0.78363,2.1224,1.0864,3,6,-0.2363,2.3068,0.43997,0.18261,2024-01-01,2026-05-17,24:+4.93 25:-1.89 26:-0.46,False,True,False,26,0.84162,1
group,softs,small,157,80/20,8,False,27,0.10826,0.066582,0.06583,0.37037,2.0607,-1.7047,1.8987,-0.4033,3/4,-3.1921,2025,0.10826,-1.1378,-0.4869,1.2461,1.0052,1.0079,0.59516,0.41501,23,4,0.73486,-3.4947,0.75123,0.75998,2023-03-19,2026-06-22,23:+1.90 24:+8.46 25:-3.19 26:+0.74,False,True,False,115,-0.19578,4
market,SUGAR.c,small,157,80/20,8,False,6,-2.942,-1.8611,-2.0387,0.16667,-1.3036,-4.5804,,-2.942,0/2,-3.3869,2026,-2.942,-3.0033,-2.8944,0.061331,0.035203,0.038563,-0.047561,-0.02636,6,0,-2.942,,0.83559,1.1618,2025-01-20,2026-03-01,25:-2.85 26:-3.39,False,False,False,32,-2.9471,1
market,COFFEE.c,small,157,80/20,8,False,9,0.28606,0.14825,0.15724,0.55556,2.4115,-1.4143,2.4115,-1.4143,2/4,-7.4913,2025,0.28606,-0.51397,0.78793,0.80003,0.51647,0.5478,-0.50188,-0.24566,7,2,2.1995,-6.4112,0.64411,0.1308,2023-03-19,2026-06-22,23:+2.41 24:-5.33 25:-7.49 26:+1.92,False,False,False,37,0.99801,1
market,COCOA.c,small,157,80/20,8,False,6,5.6057,0.88033,0.96435,0.66667,11.881,-0.66932,0.87311,7.9721,3/4,-4.6881,2025,5.6057,2.3524,1.6369,3.2534,0.64029,0.7014,3.9688,0.7368,5,1,5.9055,4.107,0.35272,0.64259,2023-08-13,2026-06-14,23:+0.87 24:+33.90 25:-4.69 26:+7.37,False,True,False,16,5.9254,1
market,COTTON.c,small,157,80/20,8,False,6,-2.6057,-3.7129,-4.0673,0,-1.6783,-3.5331,,-2.6057,0/3,-5.2634,2026,-2.6057,-3.6983,-2.1155,1.0926,2.4829,2.7199,-0.49024,-0.28884,5,1,-2.0741,-5.2634,1.2261,1.4193,2024-12-30,2026-04-05,24:-3.20 25:-1.79 26:-5.26,False,False,False,30,-1.998,1
pooled,commodities15,small,157,90/10,1,False,562,-0.23113,-3.6024,-3.3094,0.44128,-0.24623,-0.21603,-0.19642,-0.31463,7/18,-0.62513,2019,-0.69691,-0.28304,-0.079076,0.051912,0.80941,0.74116,-0.15205,-2.2826,238,324,-0.065672,-0.35267,0.15594,0.084087,2009-09-13,2026-09-27,09:+0.31 10:+0.39 11:-0.50 12:-0.03 13:-0.41 14:+0.11 15:+0.10 16:-0.21 17:+0.32 18:-0.39 19:-0.63 20:-0.27 21:-0.27 22:-0.07 23:+0.04 24:+0.06 25:-0.44 26:-0.59,False,False,False,599,-0.24307,15
group,metals,small,157,90/10,1,False,386,-0.17724,-2.3954,-2.1542,0.44819,-0.046412,-0.30806,-0.11718,-0.56301,6/18,-0.62513,2019,-0.47139,-0.25687,-0.083549,0.079631,1.0654,0.96953,-0.093688,-1.2157,160,226,-0.060825,-0.25965,0.11476,0.042398,2009-09-13,2026-02-15,09:+0.31 10:+0.39 11:-0.50 12:-0.03 13:-0.41 14:+0.11 15:+0.10 16:-0.01 17:+0.86 18:-0.05 19:-0.63 20:-0.27 21:+0.33 22:-0.07 23:-0.30 24:-0.50 25:-0.60 26:-0.54,False,False,False,401,-0.19283,5
market,XAUUSD,small,157,90/10,1,False,167,-0.26913,-2.1988,-2.2055,0.48503,-0.082506,-0.45353,-0.19711,-0.90463,5/14,-1.2658,2026,-0.65121,-0.29293,-0.014072,0.023795,0.19353,0.19411,-0.25506,-2.0093,76,91,-0.14604,-0.37193,0.059367,0.036477,2009-09-13,2026-02-01,09:+0.31 10:+0.39 11:-0.82 12:-0.05 13:-0.35 14:+0.11 15:+0.06 16:+0.06 19:-0.36 20:-0.74 21:-0.94 22:-0.19 25:-0.79 26:-1.27,False,False,False,172,-0.27138,1
market,XAGUSD,small,157,90/10,1,False,93,-0.22981,-1.8947,-1.9049,0.35484,-0.30321,-0.15797,-0.25392,0.19456,4/11,-0.85212,2019,-0.20465,-0.19835,-0.12205,-0.031454,-0.25921,-0.26061,-0.10776,-0.89711,44,49,-0.092845,-0.35279,0.11154,0.028341,2011-08-07,2024-06-24,11:-0.22 12:-0.01 13:-0.62 16:-0.29 17:-0.80 18:-0.53 19:-0.85 20:+0.25 21:+0.59 22:+0.12 24:+0.19,False,False,False,96,-0.23737,1
market,XPTUSD,small,157,90/10,1,False,64,0.021924,0.11709,0.11801,0.48438,0.11948,-0.075636,0.14041,-0.54896,5/11,-1.1764,2024,0.10635,-0.15357,-0.14806,0.17549,0.92391,0.93121,0.16999,0.86233,18,46,0.075291,0.0010421,0.19343,0.066104,2016-03-27,2026-02-01,16:-0.34 17:+1.03 18:+0.18 19:-0.57 20:+0.27 21:+0.70 22:-0.41 23:-0.96 24:-1.18 25:-0.03 26:+0.00,False,True,False,68,-0.011688,1
market,XPDUSD,small,157,90/10,1,False,53,-0.014321,-0.069956,-0.070625,0.4717,0.14857,-0.17118,0.12401,-0.60914,5/11,-2.1687,2019,-0.014321,-0.36578,-0.19855,0.35146,1.6353,1.651,0.18423,0.84818,21,32,0.16523,-0.13215,0.21108,0.064585,2015-04-05,2026-02-01,15:+0.13 16:+1.36 18:+0.24 19:-2.17 20:-0.13 21:+0.17 22:-0.06 23:+0.03 24:-0.64 25:-0.54 26:-0.83,False,True,False,55,-0.080778,1
market,XCUUSD,small,157,90/10,1,False,9,-0.30454,-0.8275,-0.87769,0.33333,-0.62368,-0.049236,,-0.30454,0/2,-0.79869,2025,-0.30454,-0.28565,0.16107,-0.018889,-0.06485,-0.068784,-0.46561,-1.1565,1,8,0.62722,-0.42101,0.049405,-0.0017039,2025-04-13,2026-02-15,25:-0.80 26:-0.06,False,False,False,10,-0.26226,1
group,energy,small,157,90/10,1,False,84,-0.5128,-2.4033,-2.3952,0.44048,-0.9666,-0.05901,-0.85954,-0.11272,2/8,-1.8575,2016,-0.30432,-0.40533,0.1664,-0.10748,-0.50671,-0.50327,-0.6792,-3.1198,37,47,0.027624,-0.93825,0.28109,0.33101,2016-11-06,2026-06-14,16:-1.86 17:-0.87 18:-0.77 21:-0.91 23:+0.64 24:+0.08 25:-0.22 26:-0.50,False,False,False,93,-0.43932,3
market,USOIL.cash,small,157,90/10,1,False,32,-0.49898,-1.3242,-1.3454,0.46875,-0.87932,-0.11863,-0.86503,-0.084118,3/5,-3.8032,2026,-0.49898,-0.39186,0.24734,-0.10712,-0.30202,-0.30685,-0.74631,-1.8866,15,17,0.52132,-1.3992,0.25039,0.26426,2021-01-31,2026-03-15,21:-1.08 23:+0.74 24:+0.11 25:+0.72 26:-3.80,False,False,False,36,-0.31258,1
market,UKOIL.cash,small,157,90/10,1,False,46,-0.56037,-1.9904,-2.0124,0.43478,-1.0919,-0.028814,-0.85621,-0.10016,4/8,-2.8217,2025,-0.56037,-0.4198,0.18554,-0.14056,-0.48137,-0.48669,-0.74591,-2.699,16,30,-0.34165,-0.67701,0.29669,0.39027,2016-11-06,2026-06-14,16:-1.86 17:-0.87 18:-0.77 21:+0.36 23:+0.44 24:+0.26 25:-2.82 26:+0.82,False,False,False,50,-0.55208,1
market,NATGAS.cash,small,157,90/10,1,False,6,-0.22189,-0.35269,-0.38635,0.33333,0.10576,-0.54954,,-0.22189,1/2,-0.28855,2024,-0.22189,-0.36618,-0.41202,0.14429,0.22874,0.25057,0.19013,0.29786,6,0,-0.22189,,0.32524,0.23262,2024-11-24,2025-05-04,24:-0.29 25:+0.11,False,True,False,7,-0.28565,1
group,grains,small,157,90/10,1,False,48,-0.12196,-0.63068,-0.61078,0.47917,0.040821,-0.28474,-0.12786,-0.11999,1/4,-0.85071,2026,-0.12196,-0.073023,-0.30167,-0.048935,-0.2563,-0.24883,0.17971,0.90221,9,39,-0.43705,-0.049244,0.15161,0.0075506,2023-04-30,2026-05-17,23:-0.13 24:+0.11 25:-0.16 26:-0.85,False,False,False,57,-0.2263,3
market,WHEAT.c,small,157,90/10,1,False,11,-0.59525,-1.1873,-1.2453,0.27273,-0.76485,-0.45391,-0.5316,-0.70662,0/3,-1.7505,2026,-0.59525,-0.058547,-0.13369,-0.5367,-1.1366,-1.192,-0.46156,-0.90747,0,11,,-0.59525,0.096241,-0.014005,2023-04-30,2026-05-10,23:-0.53 25:-0.36 26:-1.75,False,False,False,12,-0.55664,1
market,CORN.c,small,157,90/10,1,False,28,0.11396,0.55769,0.56793,0.60714,0.42974,-0.20182,0.43737,0.043652,2/4,-0.9873,2026,0.11396,-0.10175,-0.38322,0.21571,1.0157,1.0343,0.49718,2.4484,5,23,-0.31339,0.20686,0.18265,0.0082348,2023-10-15,2026-05-17,23:+0.44 24:+0.13 25:-0.04 26:-0.99,False,True,False,36,-0.10339,1
market,SOYBEAN.c,small,157,90/10,1,False,9,-0.27746,-0.51488,-0.54611,0.33333,0.0085097,-0.50623,,-0.27746,1/3,-0.59162,2026,-0.27746,-0.0013441,-0.25325,-0.27611,-0.54373,-0.57671,-0.024204,-0.043628,4,5,-0.59162,-0.026129,0.12268,0.031768,2024-04-28,2026-05-17,24:+0.01 25:-0.16 26:-0.59,False,False,False,9,-0.27746,1
group,softs,small,157,90/10,1,False,44,-0.28525,-1.4422,-1.4122,0.34091,0.024151,-0.59466,0.22833,-0.36635,2/4,-0.57328,2026,-0.28525,-0.5083,-0.26564,0.22305,1.1893,1.151,-0.01961,-0.10522,32,12,-0.093331,-0.79705,0.28295,0.061915,2023-03-19,2026-09-27,23:+0.23 24:+1.67 25:-0.49 26:-0.57,False,False,False,48,-0.30243,4
market,SUGAR.c,small,157,90/10,1,False,12,-0.84468,-3.5706,-3.7293,0.083333,-0.67782,-1.0115,,-0.84468,0/2,-0.93725,2026,-0.84468,-0.63354,-0.33847,-0.21114,-0.87854,-0.91761,-0.50621,-1.8997,8,4,-0.62279,-1.2884,0.40589,0.090935,2025-07-07,2026-09-27,25:-0.66 26:-0.94,False,False,False,15,-0.78292,1
market,COFFEE.c,small,157,90/10,1,False,14,0.27113,1.0449,1.0843,0.57143,0.15911,0.38315,0.22833,0.30322,3/4,-0.25626,2024,0.27113,-0.21716,-0.030187,0.48829,1.6387,1.7005,0.30131,1.1036,12,2,0.29887,0.10465,0.1058,-0.0030666,2023-03-19,2026-06-22,23:+0.23 24:-0.26 25:+0.47 26:+0.37,False,True,False,14,0.27113,1
market,COCOA.c,small,157,90/10,1,False,4,0.52213,0.41656,0.481,0.5,2.6347,-1.5904,,0.52213,1/3,-2.1373,2026,0.52213,0.13012,0.19912,0.39201,0.33906,0.39152,0.32301,0.31751,4,0,0.52213,,0.099378,0.10061,2024-01-07,2026-01-19,24:+2.63 25:-1.04 26:-2.14,False,True,False,4,0.52213,1
market,COTTON.c,small,157,90/10,1,False,14,-0.59281,-1.6496,-1.7119,0.28571,-0.58193,-0.60369,,-0.59281,0/2,-0.77002,2026,-0.59281,-0.87451,-0.57147,0.2817,0.78701,0.81672,-0.021344,-0.056906,8,6,-0.45991,-0.77002,0.40716,0.090967,2025-04-13,2026-05-17,25:-0.46 26:-0.77,False,False,False,15,-0.57713,1
pooled,commodities15,small,157,90/10,4,False,249,-0.6638,-2.961,-2.8961,0.46988,-0.55684,-0.7699,-0.57103,-0.87497,5/18,-2.474,2009,-1.2524,-0.77186,0.025997,0.10806,0.53098,0.51996,-0.6898,-2.8034,103,146,0.088584,-1.1946,0.4222,0.33858,2009-09-13,2026-08-30,09:-2.47 10:-0.92 11:+0.59 12:+0.31 13:-1.11 14:+1.43 15:-0.86 16:-0.83 17:-0.01 18:-0.74 19:-1.37 20:-0.43 21:-1.68 22:-0.24 23:+0.06 24:+0.76 25:-1.48 26:-1.78,False,False,False,595,-0.48342,15
group,metals,small,157,90/10,4,False,171,-0.53899,-2.3294,-2.27,0.50292,0.0062733,-1.0779,-0.27166,-1.9648,5/18,-2.9716,2023,-1.1032,-0.68791,-0.023006,0.14892,0.68592,0.67062,-0.51599,-1.9577,66,105,0.076501,-0.92588,0.28894,0.17691,2009-09-13,2026-02-01,09:-2.47 10:-0.92 11:+0.59 12:+0.31 13:-1.11 14:+1.43 15:-0.86 16:-0.20 17:+1.29 18:+0.75 19:-1.37 20:-0.43 21:-0.23 22:-0.24 23:-2.97 24:-1.10 25:-2.47 26:-1.43,False,False,False,400,-0.3369,5
market,XAUUSD,small,157,90/10,4,False,62,-0.80284,-1.7643,-1.7787,0.51613,-0.016969,-1.5887,-0.26284,-5.0457,5/14,-5.3248,2025,-0.66079,-1.0204,0.21636,0.2176,0.50421,0.50833,-1.0192,-1.8865,26,36,0.19769,-1.5254,0.19084,0.1444,2009-09-13,2026-02-01,09:-2.47 10:-0.92 11:-0.10 12:+1.47 13:-1.14 14:+1.43 15:+0.82 16:+0.54 19:-1.20 20:-1.44 21:+0.06 22:-0.14 25:-5.32 26:-3.37,False,False,False,172,-0.38009,1
market,XAGUSD,small,157,90/10,4,False,44,-0.40269,-1.0109,-1.0226,0.5,-0.36196,-0.44342,-0.45493,0.69424,5/11,-1.1646,2019,-0.40269,-0.48146,-0.22629,0.078772,0.20615,0.20853,-0.1764,-0.43563,19,25,-0.5375,-0.30023,0.23182,0.10668,2011-08-07,2024-06-24,11:+1.10 12:-0.67 13:-1.06 16:-0.80 17:+1.50 18:-0.26 19:-1.16 20:+0.76 21:+1.92 22:-0.66 24:+0.69,False,False,False,96,-0.33062,1
market,XPTUSD,small,157,90/10,4,False,35,-0.20671,-0.45657,-0.46324,0.48571,-0.22223,-0.19205,-0.1406,-0.42981,5/11,-4.1595,2023,-0.20671,-0.35885,-0.16945,0.15215,0.37689,0.38239,-0.037253,-0.071925,9,26,0.5325,-0.46258,0.45796,0.26809,2016-03-27,2026-02-01,16:-2.35 17:+1.25 18:+0.79 19:-2.72 20:+0.74 21:+0.74 22:-0.53 23:-4.16 24:-1.63 25:+1.43 26:-1.23,False,False,False,67,0.024257,1
market,XPDUSD,small,157,90/10,4,False,26,-0.55282,-0.96038,-0.9794,0.53846,0.2907,-1.3963,-0.088015,-2.1022,4/11,-2.609,2024,-0.55282,-0.71786,-0.26802,0.16504,0.3044,0.31042,-0.2848,-0.46914,11,15,0.45283,-1.2903,0.41813,0.27404,2015-04-05,2026-01-05,15:-1.70 16:+3.29 18:+2.68 19:+0.21 20:-0.40 21:-1.58 22:+1.27 23:-1.78 24:-2.61 25:-2.44 26:-0.26,False,False,False,55,-0.68361,1
market,XCUUSD,small,157,90/10,4,False,4,-0.76644,-1.2323,-1.4229,0.25,0.14159,-1.6745,,-0.76644,0/2,-0.88103,2026,-0.76644,-0.48927,1.3769,-0.27716,-0.52751,-0.60912,-2.1433,-3.07,1,3,0.34795,-1.1379,0.11918,0.024169,2025-04-13,2026-02-01,25:-0.73 26:-0.88,False,False,False,10,-0.16711,1
group,energy,small,157,90/10,4,False,36,-1.6414,-2.1068,-2.1052,0.36111,-3.7144,0.43168,-3.4663,0.63976,2/8,-6.1448,2016,-1.6414,-1.6705,0.88298,0.029123,0.042875,0.042927,-2.5244,-3.0626,17,19,1.0747,-4.0715,1.0258,1.2714,2016-11-06,2026-06-14,16:-6.14 17:-3.03 18:-4.03 21:-3.55 23:-0.98 24:+1.78 25:+1.94 26:-4.57,False,False,False,93,-1.5737,3
market,USOIL.cash,small,157,90/10,4,False,14,-1.7933,-1.0642,-1.1044,0.35714,-3.6228,0.036279,-3.0728,-0.087252,3/5,-17.09,2026,-1.7933,-1.5014,0.9422,-0.2919,-0.21511,-0.22323,-2.7355,-1.4797,7,7,2.4103,-5.9969,0.99265,1.0277,2021-01-31,2026-03-01,21:-4.15 23:+0.15 24:+2.90 25:+3.59 26:-17.09,False,False,False,36,-1.2544,1
market,UKOIL.cash,small,157,90/10,4,False,19,-1.644,-1.9656,-2.0195,0.36842,-4.3104,0.75573,-3.7286,1.9296,4/8,-6.1448,2016,-1.644,-2.0503,0.97067,0.40626,0.48768,0.50105,-2.6147,-3.2319,7,12,0.59208,-2.9484,1.1151,1.4992,2016-11-06,2026-06-14,16:-6.14 17:-3.03 18:-4.03 21:+0.02 23:-3.24 24:+2.12 25:+1.63 26:+1.69,False,False,False,50,-2.0964,1
market,NATGAS.cash,small,157,90/10,4,False,3,-0.91576,-0.85339,-1.0452,0.33333,1.0015,-1.8744,,-0.91576,0/2,-2.7097,2025,-0.91576,-0.054455,0.051269,-0.8613,-1.3753,-1.6844,-0.96703,-1.6153,3,0,-0.91576,,0.61417,0.96594,2024-11-24,2025-05-04,24:-0.02 25:-2.71,False,False,False,7,0.51736,1
group,grains,small,157,90/10,4,False,22,-0.62537,-0.84723,-0.78115,0.45455,0.28278,-1.5335,0.59577,-1.0833,1/4,-2.9563,2026,-0.62537,-0.026056,-0.84166,-0.59932,-0.82041,-0.74862,0.21629,0.27149,5,17,-3.9189,0.3433,0.40936,0.10488,2023-04-30,2026-05-17,23:+0.60 24:-0.09 25:-0.83 26:-2.96,False,False,False,57,-0.296,3
market,WHEAT.c,small,157,90/10,4,False,6,-0.61833,-0.61879,-0.67785,0.5,-1.6679,0.43121,-1.6679,0.43121,1/3,-1.6679,2023,-0.61833,-0.17694,-0.34612,-0.4414,-0.37987,-0.41612,-0.27222,-0.29482,0,6,,-0.61833,0.22886,-0.05739,2023-04-30,2026-05-10,23:-1.67 25:-0.40 26:+2.09,False,False,False,12,-0.61068,1
market,CORN.c,small,157,90/10,4,False,11,-0.32059,-0.25175,-0.26403,0.54545,2.0899,-2.3293,2.8594,-1.5131,1/4,-7.5795,2026,-0.32059,-0.28688,-1.3652,-0.033709,-0.028872,-0.030281,1.0446,0.79641,3,8,-4.4182,1.216,0.56835,0.1876,2023-10-15,2026-05-17,23:+2.86 24:-0.17 25:-1.28 26:-7.58,False,False,False,36,-0.24411,1
market,SOYBEAN.c,small,157,90/10,4,False,5,-1.3043,-0.92174,-1.0305,0.2,0.085324,-2.2308,,-1.3043,1/3,-3.1699,2026,-1.3043,0.72882,-0.28447,-2.0332,-1.4007,-1.566,-1.0199,-0.58037,2,3,-3.1699,-0.060623,0.27618,0.11763,2024-04-28,2026-05-17,24:+0.09 25:-0.35 26:-3.17,False,False,False,9,-0.084016,1
group,softs,small,157,90/10,4,False,20,-0.01351,-0.01196,-0.012128,0.4,1.2138,-1.2408,2.0273,-0.37366,2/4,-2.1969,2025,-0.01351,-0.69241,-0.14318,0.6789,0.71631,0.73085,0.12967,0.12453,15,5,0.36,-1.134,0.48926,0.29881,2023-03-19,2026-08-30,23:+2.03 24:+5.75 25:-2.20 26:-0.31,False,True,False,45,0.23013,4
market,SUGAR.c,small,157,90/10,4,False,5,-1.4185,-1.685,-1.8839,0.2,-1.8862,-1.1067,,-1.4185,0/2,-1.8862,2025,-1.4185,-0.68493,-0.56476,-0.73355,-0.75714,-0.84651,-0.85372,-0.986,4,1,-1.7002,-0.29168,0.61148,0.4535,2025-07-07,2026-08-30,25:-1.89 26:-1.11,False,False,False,12,-1.3609,1
market,COFFEE.c,small,157,90/10,4,False,8,1.901,1.2821,1.3706,0.625,1.5546,2.2474,2.0273,1.8252,4/4,0.13644,2024,1.901,-0.42319,0.19477,2.3242,1.716,1.8345,1.7062,1.094,6,2,2.2925,0.7264,0.32836,0.078656,2023-03-19,2026-06-14,23:+2.03 24:+0.14 25:+1.32 26:+2.56,False,True,False,14,1.7462,1
market,COCOA.c,small,157,90/10,4,False,2,1.6029,,,0.5,11.368,-8.1619,,1.6029,1/2,-8.1619,2025,1.6029,0.80364,0.78151,0.79922,,,0.82135,,2,0,1.6029,,0.23601,0.40415,2024-01-07,2025-12-29,24:+11.37 25:-8.16,False,True,False,4,3.9123,1
market,COTTON.c,small,157,90/10,4,False,5,-2.3183,-1.1188,-1.2508,0.2,-1.496,-2.8665,,-2.3183,0/2,-3.4156,2026,-2.3183,-1.7291,-0.63219,-0.58922,-0.30375,-0.3396,-1.6861,-0.74309,3,2,-1.5867,-3.4156,0.72579,0.45422,2025-04-13,2026-05-03,25:-1.59 26:-3.42,False,False,False,15,-0.89392,1
pooled,commodities15,small,157,90/10,8,False,167,-1.0724,-2.4905,-2.449,0.43114,-1.5572,-0.59337,-1.3076,-0.56656,5/18,-3.8739,2015,-0.29669,-1.3794,0.11968,0.30694,0.90022,0.92565,-1.1921,-2.482,69,98,0.38979,-2.1019,0.78662,0.65737,2009-09-13,2026-06-14,09:-1.56 10:-2.58 11:-0.43 12:+1.11 13:-1.75 14:+0.61 15:-3.87 16:-1.56 17:-2.44 18:-0.96 19:-3.05 20:-1.08 21:-3.72 22:+0.17 23:+0.09 24:+2.32 25:-1.95 26:-1.54,False,False,False,588,-0.86983,15
group,metals,small,157,90/10,8,False,111,-0.87205,-2.1565,-2.1265,0.44144,-0.56765,-1.171,-0.68356,-1.8459,6/18,-3.8739,2015,-1.3802,-1.3303,-0.014073,0.45823,1.2967,1.3061,-0.85797,-1.7819,41,70,0.047247,-1.4105,0.52033,0.35924,2009-09-13,2026-02-01,09:-1.56 10:-2.58 11:-0.43 12:+1.11 13:-1.75 14:+0.61 15:-3.87 16:-0.49 17:-0.18 18:+1.53 19:-3.05 20:-1.08 21:+0.33 22:+0.17 23:-3.13 24:-1.59 25:-2.26 26:+0.14,False,False,False,395,-0.54737,5
market,XAUUSD,small,157,90/10,8,False,38,-1.3836,-1.8724,-1.8975,0.39474,-0.54462,-2.2225,-0.73632,-6.885,5/13,-6.885,2025,-1.3836,-2.294,0.60669,0.9104,1.4268,1.446,-1.9902,-1.9446,14,24,0.13612,-2.27,0.37976,0.26663,2009-09-13,2025-12-29,09:-1.56 10:-2.58 11:-5.33 12:+2.70 13:-1.61 14:+0.61 15:+1.77 16:+1.39 19:-3.60 20:-2.02 21:+3.20 22:-0.38 25:-6.89,False,False,False,172,-0.99706,1
market,XAGUSD,small,157,90/10,8,False,27,-0.81741,-1.0633,-1.0836,0.51852,-0.4297,-1.1774,-0.89675,1.2452,3/10,-3.2835,2019,-0.81741,-0.91612,-0.33251,0.098705,0.13943,0.14208,-0.4849,-0.61397,12,15,-0.55704,-1.0257,0.37908,0.22487,2011-08-07,2024-05-26,11:+2.84 12:-0.49 13:-2.03 16:-1.87 17:-2.07 18:-0.33 19:-3.28 21:+0.48 22:-0.28 24:+1.25,False,False,False,96,0.054815,1
market,XPTUSD,small,157,90/10,8,False,25,0.20405,0.24901,0.25414,0.48,-0.23351,0.60795,-0.14815,1.6128,7/11,-4.4612,2023,0.20405,-0.21399,-0.60376,0.41804,0.6063,0.6188,0.80781,0.91689,7,18,1.2678,-0.20962,0.79499,0.55169,2016-03-27,2026-02-01,16:-1.80 17:+0.29 18:+1.28 19:-3.70 20:+1.49 21:+3.34 22:+0.14 23:-4.46 24:-1.53 25:+5.04 26:+1.06,False,True,False,63,0.16773,1
market,XPDUSD,small,157,90/10,8,False,18,-1.2986,-1.1978,-1.2325,0.38889,-1.6978,-0.89928,-0.94291,-2.2233,4/11,-6.6954,2015,-1.2986,-1.413,-0.36877,0.1144,0.11721,0.1206,-0.92979,-0.93068,7,11,-0.45471,-1.8356,0.69841,0.535,2015-06-14,2026-01-05,15:-6.70 16:+3.42 18:+6.26 19:+1.48 20:-1.23 21:-4.20 22:+1.93 23:-1.80 24:-4.55 25:-1.93 26:-0.78,False,False,False,54,-1.1458,1
market,XCUUSD,small,157,90/10,8,False,3,-1.293,-1.0688,-1.309,0.33333,1.0246,-2.4518,,-1.293,0/1,-1.293,2025,-1.293,-1.6573,2.0311,0.36432,0.27711,0.33939,-3.3242,-2.7477,1,2,1.0246,-2.4518,0.21477,0.083346,2025-04-13,2025-12-29,25:-1.29,False,False,False,10,0.13241,1
group,energy,small,157,90/10,8,False,25,-3.5928,-2.6302,-2.5651,0.4,-7.8842,0.36841,-6.8941,0.60883,2/8,-13.383,2016,-3.5928,-2.8712,1.6291,-0.72162,-0.7041,-0.71187,-5.222,-3.3843,13,12,1.3081,-8.9022,2.0273,2.312,2016-11-06,2026-05-17,16:-13.38 17:-8.07 18:-6.78 21:-8.58 23:-1.25 24:+2.58 25:+1.80 26:-6.70,False,False,False,93,-3.6521,3
market,USOIL.cash,small,157,90/10,8,False,10,-3.2009,-1.2119,-1.2775,0.4,-7.1797,0.77779,-5.5223,0.28118,3/5,-16.458,2026,-3.2009,-2.6077,1.9687,-0.59324,-0.34729,-0.36607,-5.1697,-1.6748,5,5,3.7032,-10.105,1.9604,2.0596,2021-01-31,2026-03-01,21:-8.52 23:+0.47 24:+4.41 25:+6.59 26:-16.46,False,False,False,36,-2.3628,1
market,UKOIL.cash,small,157,90/10,8,False,13,-4.3291,-2.5082,-2.6106,0.38462,-8.3116,-0.9155,-7.923,1.4212,2/8,-13.383,2016,-4.3291,-3.2385,1.8582,-1.0906,-0.71843,-0.74777,-6.1873,-3.5036,6,7,0.0038221,-8.043,2.2465,2.5844,2016-11-06,2026-05-17,16:-13.38 17:-8.07 18:-6.78 21:-8.84 23:-4.67 24:+2.71 25:-4.08 26:+3.05,False,False,False,50,-4.9766,1
market,NATGAS.cash,small,157,90/10,8,False,2,-0.76678,,,0.5,0.35155,-1.8851,,-0.76678,1/2,-1.8851,2025,-0.76678,-1.8017,-1.558,1.035,,,0.79117,,2,0,-0.76678,,0.93669,1.8035,2024-11-24,2025-05-04,24:+0.35 25:-1.89,False,True,False,7,-0.82171,1
group,grains,small,157,90/10,8,False,17,-0.30924,-0.27969,-0.28673,0.47059,1.5511,-1.9629,1.3156,-0.8092,2/4,-3.2797,2025,-0.30924,0.021655,-1.3234,-0.3309,-0.35596,-0.34761,1.0141,0.78789,4,13,-3.6545,0.72007,0.74518,0.20673,2023-04-30,2026-05-17,23:+1.32 24:+1.52 25:-3.28 26:-1.25,False,False,False,57,-0.28858,3
market,WHEAT.c,small,157,90/10,8,False,4,-1.0624,-0.63937,-0.73828,0.5,-2.3481,0.22328,-2.3481,0.22328,1/3,-2.3481,2023,-1.0624,-0.63048,-0.11313,-0.43191,-0.19052,-0.21999,-0.94926,-0.62664,0,4,,-1.0624,0.39176,-0.11641,2023-04-30,2026-05-10,23:-2.35 25:-0.69 26:+1.13,False,False,False,12,-1.0139,1
market,CORN.c,small,157,90/10,8,False,8,-0.49984,-0.28337,-0.30294,0.5,1.4961,-2.4957,4.9793,-2.3262,1/4,-4.9414,2026,-0.49984,-0.5265,-2.6334,0.026666,0.02326,0.024866,2.1335,1.0883,2,6,-6.7205,1.5737,1.1053,0.35009,2023-10-15,2026-05-17,23:+4.98 24:-1.18 25:-2.74 26:-4.94,False,True,False,36,-0.55521,1
market,SOYBEAN.c,small,157,90/10,8,False,5,0.59822,0.24578,0.2748,0.4,5.5604,-2.7099,,0.59822,1/3,-6.9526,2025,0.59822,1.4204,-0.19559,-0.82219,-0.37237,-0.41632,0.7938,0.26302,2,3,-0.5885,1.3894,0.45171,0.23588,2024-04-28,2026-05-17,24:+5.56 25:-6.95 26:-0.59,False,False,False,9,1.7451,1
group,softs,small,157,90/10,8,False,14,0.91292,0.32197,0.33412,0.35714,4.3602,-2.5344,1.9201,0.63824,2/4,-3.1352,2025,0.91292,-0.80573,0.23698,1.7186,0.83616,0.86772,0.67594,0.27067,11,3,2.0519,-3.2634,0.73275,0.61353,2023-03-19,2026-06-14,23:+1.92 24:+11.54 25:-3.14 26:-0.10,False,True,False,43,1.415,4
market,SUGAR.c,small,157,90/10,8,False,2,-1.3532,,,0,-0.11026,-2.5961,,-1.3532,0/2,-2.5961,2026,-1.3532,-2.4753,-1.3236,1.1221,,,-0.02963,,2,0,-1.3532,,0.82108,1.0816,2025-07-07,2026-01-19,25:-0.11 26:-2.60,False,False,False,10,-0.89944,1
market,COFFEE.c,small,157,90/10,8,False,7,1.2434,0.52765,0.56992,0.57143,1.9201,0.73586,1.9201,0.73586,3/4,-8.4632,2024,1.2434,0.010337,0.87962,1.233,0.63804,0.68917,0.36376,0.13225,5,2,2.6461,-2.2634,0.62969,0.21343,2023-03-19,2026-06-14,23:+1.92 24:-8.46 25:+3.94 26:+3.74,False,True,False,14,2.289,1
market,COCOA.c,small,157,90/10,8,False,2,9.033,,,0.5,31.549,-13.483,,9.033,1/2,-13.483,2025,9.033,3.3815,1.4286,5.6515,,,7.6045,,2,0,9.033,,0.40694,0.80829,2024-01-07,2025-12-29,24:+31.55 25:-13.48,False,True,False,4,11.576,1
market,COTTON.c,small,157,90/10,8,False,3,-3.7608,-4.3391,-5.3143,0,-2.261,-4.5107,,-3.7608,0/2,-5.2634,2026,-3.7608,-4.3883,-1.0165,0.62749,1.8608,2.2791,-2.7443,-0.91825,2,1,-3.0095,-5.2634,1.1316,1.1052,2025-04-13,2026-04-05,25:-3.01 26:-5.26,False,False,False,15,-0.56745,1
