rule,asset,group,tf,n,per_yr,avgR,t,win,coin,longs,shorts,is_,oos,yrs_pos,worst,hold_h,rr,candidate
#79 Marco trap 2R,AAPL,stock,M5,5681,485.37666666666667,-0.018128091,-0.9446420983466756,0.35926773455377575,-0.07839389,0.041963864,-0.07790355,0.01658056303858757,-0.10438867,7/11,-0.28139183,0.9166667,2.0,False
#79 Marco trap to the post-BOS low,AAPL,stock,M5,4474,382.2522807017544,0.1049297,1.1176377436751146,0.2919088064371927,0.041710977,0.12940267,0.08097627,0.18137307465076447,-0.090709396,6/11,-0.24716425,0.6666667,2.7234068,False
#79 Marco trap 2R,AAPL,stock,M15,1936,165.56403652540388,-0.038642965,-1.2557765692472458,0.3662190082644628,-0.009463783,0.046078756,-0.122148186,-0.02752961590886116,-0.0665776,3/11,-0.14659007,2.5833333,2.0,False
#79 Marco trap to the post-BOS low,AAPL,stock,M15,1560,133.4090376960899,0.019322269,0.3008500440513368,0.25769230769230766,0.24064067,0.2019157,-0.1532536,-0.029383661225438118,0.14251961,6/11,-0.23321353,2.125,3.2538595,False
#79 Marco trap 2R,AAPL,stock,M30,970,82.9724824355972,-0.08008832,-1.9359935307108695,0.35876288659793815,0.038677715,0.0116806105,-0.17691232,-0.0422934889793396,-0.19071853,4/11,-0.44531992,5.0833335,2.0,False
#79 Marco trap to the post-BOS low,AAPL,stock,M30,806,68.94414519906323,-0.17104137,-2.4981642809026265,0.23945409429280398,0.41421056,-0.13145511,-0.21023664,-0.1625644564628601,-0.19494545,3/11,-0.54323655,4.166667,3.852835,False
#79 Marco trap 2R,AAPL,stock,H1,555,47.78730551626591,-0.14368986,-2.803208099362267,0.35315315315315315,0.11073038,0.009330124,-0.3087451,-0.17281107604503632,-0.0692067,2/11,-0.4800778,21.583334,2.0,False
#79 Marco trap to the post-BOS low,AAPL,stock,H1,479,41.24345827439887,-0.2346798,-2.918508225262978,0.23382045929018788,0.48672962,-0.15456603,-0.3151288,-0.2723345160484314,-0.13971256,2/11,-0.844196,20.5,4.3078957,False
#79 Marco trap 2R,AAPL,stock,H4,175,15.298887027285781,-0.18232864,-2.55216365639958,0.32,0.21505666,-0.011176562,-0.3403152,-0.24253955483436584,-0.03180144,2/11,-0.5762897,72.5,2.0,False
#79 Marco trap to the post-BOS low,AAPL,stock,H4,141,12.388802020687995,-0.24148229,-2.1122527847096015,0.2695035460992908,0.54479903,-0.08967758,-0.37507045,-0.33450743556022644,0.0018141927,5/11,-0.874095,54.916668,3.7746868,False
#79 Marco trap 2R,AAPL,stock,D1,83,7.708047292143402,-0.25165918,-2.0366984425496923,0.30120481927710846,0.3284272,-0.06825091,-0.4395408,-0.27494052052497864,-0.18710642,1/11,-1.0062913,137.75,2.0,False
#79 Marco trap to the post-BOS low,AAPL,stock,D1,71,6.593630816170862,-0.13892381,-0.47560955673376815,0.23943661971830985,0.8468553,0.091158785,-0.36261526,0.011997993104159832,-0.4982616,4/11,-1.0224051,112.5,3.8052888,False
#79 Marco trap 2R,ADAUSD,crypto,M5,14384,2896.2271223814773,-0.5466006,-42.78975712602256,0.3296718576195773,-0.51332384,-0.63490105,-0.45854524,-0.6487270593643188,-0.46425042,0/6,-0.76795757,1.5833334,2.0,False
#79 Marco trap to the post-BOS low,ADAUSD,crypto,M5,10592,2133.8819635962495,-0.63488245,-39.41749568610406,0.32137462235649544,-0.5862604,-0.70721537,-0.5645962,-0.7775381207466125,-0.5262478,0/6,-0.9267111,1.0833334,1.9663782,False
#79 Marco trap 2R,ADAUSD,crypto,M15,5369,1082.244619205298,-0.48490125,-24.487527138652446,0.32240640715216984,-0.36084494,-0.543061,-0.42437625,-0.5755490660667419,-0.41057006,0/6,-0.6028907,2.0833333,2.0,False
#79 Marco trap to the post-BOS low,ADAUSD,crypto,M15,4415,889.9441225165564,-0.5497915,-19.654866012634628,0.26998867497168744,-0.379936,-0.5857319,-0.5125752,-0.6777200698852539,-0.4454814,0/6,-0.7265586,1.75,2.5680933,False
#79 Marco trap 2R,ADAUSD,crypto,M30,2695,543.2388245033113,-0.4267889,-15.516892407508688,0.3250463821892393,-0.2597268,-0.4646434,-0.3883399,-0.5090323686599731,-0.362441,0/6,-0.54607075,3.0,2.0,False
#79 Marco trap to the post-BOS low,ADAUSD,crypto,M30,2270,457.5703642384106,-0.46109775,-10.804015505637118,0.25066079295154187,-0.23462726,-0.5172535,-0.4036407,-0.5999979972839355,-0.35015368,0/6,-0.61562777,2.75,2.956211,False
#79 Marco trap 2R,ADAUSD,crypto,H1,1317,265.618028713418,-0.45119902,-11.833788146949914,0.2999240698557327,-0.20144323,-0.46717677,-0.4353421,-0.5379406213760376,-0.38377234,0/6,-0.8845854,5.0,2.0,False
#79 Marco trap to the post-BOS low,ADAUSD,crypto,H1,1129,227.7014080618443,-0.48590508,-8.059725607101559,0.22232063773250665,-0.1740254,-0.48944274,-0.48233595,-0.5714754462242126,-0.41690117,0/6,-1.0103741,5.0,3.1786194,False
#79 Marco trap 2R,ADAUSD,crypto,H4,329,66.46418694690266,-0.41273123,-6.047798224670326,0.2917933130699088,0.028918307,-0.47294453,-0.3506595,-0.44612565636634827,-0.38890293,0/6,-0.5463934,18.333334,2.0,False
#79 Marco trap to the post-BOS low,ADAUSD,crypto,H4,291,58.78747234513274,-0.3882646,-3.162904825950206,0.24742268041237114,0.09703283,-0.37428036,-0.40215313,-0.21873535215854645,-0.5141427,1/6,-0.59731656,17.333334,3.4153533,False
#79 Marco trap 2R,ADAUSD,crypto,D1,36,7.739258387286639,0.21206301,0.9683875143527985,0.4722222222222222,-0.07702353,0.36552626,0.020233832,0.23548515141010284,0.19533288,4/6,-0.74228805,74.41667,2.0,False
#79 Marco trap to the post-BOS low,ADAUSD,crypto,D1,33,7.265370705244123,0.33268395,0.8659911713242199,0.36363636363636365,-0.4124961,0.3527251,0.30185148,0.4131471812725067,0.27339533,4/6,-1.0836821,170.5,3.1710823,False
#79 Marco trap 2R,AMD,stock,M5,3377,571.8355354659249,0.03810722,1.5669645476888474,0.36215575954989637,0.009133028,0.056055486,0.019891238,0.001774288946762681,0.08103547,4/7,-0.11723748,0.9166667,2.0,False
#79 Marco trap to the post-BOS low,AMD,stock,M5,2661,450.80252782931353,0.41139585,1.701661543181829,0.3111612175873732,0.2885567,0.6150397,0.2051333,0.07473668456077576,0.80783814,6/7,-0.07004466,0.5833333,2.6993659,False
#79 Marco trap 2R,AMD,stock,M15,1224,207.55153203342618,-0.013593378,-0.35158719709082614,0.35866013071895425,0.03255917,0.048330877,-0.072170384,-0.010371340438723564,-0.017528817,4/7,-0.14289531,2.25,2.0,False
#79 Marco trap to the post-BOS low,AMD,stock,M15,973,165.14323884758363,0.12934524,1.471445437412029,0.28263103802672146,0.44801378,0.16962756,0.09186031,0.06093483418226242,0.21755445,6/7,-0.14156675,1.5833334,3.255148,False
#79 Marco trap 2R,AMD,stock,M30,581,98.61071096654275,-0.08573257,-1.6267770896265077,0.3459552495697074,0.16536212,-0.018259106,-0.15581028,-0.07207278162240982,-0.103441715,2/7,-0.33561394,18.583334,2.0,False
#79 Marco trap to the post-BOS low,AMD,stock,M30,479,81.41216845044207,-0.1493203,-1.482424843161202,0.2254697286012526,0.3673534,0.056134313,-0.36086893,-0.009080733172595501,-0.34664235,3/7,-0.4813093,18.083334,3.615256,False
#79 Marco trap 2R,AMD,stock,H1,341,58.09246735074627,-0.09150754,-1.418532474992161,0.34310850439882695,0.22569302,-0.17613941,-0.0012335401,-0.1599193662405014,-0.008436051,3/7,-0.2886725,22.583334,2.0,False
#79 Marco trap to the post-BOS low,AMD,stock,H1,290,49.40415111940298,-0.14874049,-1.4319357889550623,0.23793103448275862,0.06820247,-0.23932202,-0.053019557,-0.22741936147212982,-0.05324473,2/7,-0.47397208,22.583334,3.7207642,False
#79 Marco trap 2R,AMD,stock,H4,108,19.093417231364956,-0.15236543,-1.5829214702374532,0.37037037037037035,0.106278606,-0.20026164,-0.10078494,-0.004106251988559961,-0.34478694,1/6,-0.5334586,53.041668,2.0,False
#79 Marco trap to the post-BOS low,AMD,stock,H4,92,16.264762826718297,-0.46850893,-5.025341851789067,0.2391304347826087,0.678336,-0.6844471,-0.23293981,-0.3284030854701996,-0.6281643,0/6,-0.79109395,53.666668,4.4111185,False
#79 Marco trap 2R,AMD,stock,D1,50,8.856692531522793,-0.160331,-0.9179185317954293,0.3,0.29712108,-0.19500525,-0.1162001,-0.31142887473106384,0.017044783,1/6,-0.7703145,137.41667,2.0,False
#79 Marco trap to the post-BOS low,AMD,stock,D1,46,8.14815712900097,-0.23898956,-0.6060686953016348,0.17391304347826086,0.0758281,-0.6288145,0.22508776,-0.6690251231193542,0.27295753,1/6,-1.0037484,163.08333,5.173461,False
#79 Marco trap 2R,AMZN,stock,M5,2915,568.1450106723586,-0.13511668,-5.230119057007781,0.33036020583190395,-0.035325475,-0.13963316,-0.13039418,-0.13217416405677795,-0.13766548,0/6,-0.26769,1.0,2.0,False
#79 Marco trap to the post-BOS low,AMZN,stock,M5,2256,440.40833778727955,-0.12788966,-3.2586750712423567,0.27881205673758863,0.029058062,-0.11021292,-0.14601071,-0.10580857843160629,-0.14745986,0/6,-0.2925146,0.6666667,2.6567502,False
#79 Marco trap 2R,AMZN,stock,M15,1005,196.19254409406736,-0.20434152,-4.59794611917723,0.3194029850746269,-0.02322417,-0.2149207,-0.1940325,-0.16118274629116058,-0.24106222,0/6,-0.4343742,2.25,2.0,False
#79 Marco trap to the post-BOS low,AMZN,stock,M15,807,157.5396846606093,-0.2904735,-3.8152099764330485,0.20446096654275092,0.033662792,-0.34847993,-0.23513564,-0.23479416966438293,-0.33599514,0/6,-0.43333015,1.5,3.2695265,False
#79 Marco trap 2R,AMZN,stock,M30,535,104.4966577540107,-0.12894192,-2.046209424884042,0.35514018691588783,-0.06613435,-0.15355453,-0.10405172,0.02514052949845791,-0.25241542,2/6,-0.47111952,5.6666665,2.0,False
#79 Marco trap to the post-BOS low,AMZN,stock,M30,453,88.5276886035313,-0.26523754,-2.771940958030888,0.22075055187637968,0.1095522,-0.22953252,-0.29582092,0.018195994198322296,-0.49952734,2/6,-0.6022573,5.1666665,4.0480294,False
#79 Marco trap 2R,AMZN,stock,H1,307,60.97430668841762,-0.016519627,-0.22731960637094903,0.3713355048859935,0.0046138205,-0.071157604,0.04066813,-0.05484967306256294,0.014369881,1/6,-0.15365784,23.583334,2.0,False
#79 Marco trap to the post-BOS low,AMZN,stock,H1,258,51.438045851528386,-0.12680954,-1.1542597530778351,0.2596899224806202,0.031140357,-0.13445412,-0.11962478,-0.15304158627986908,-0.1043519,2/6,-0.4063677,23.916668,4.5344515,False
#79 Marco trap 2R,AMZN,stock,H4,78,15.696694214876034,-0.07549567,-0.6304448189922018,0.41025641025641024,-0.16166255,-0.16135803,0.041589398,0.02361042983829975,-0.13743697,2/6,-0.5719953,73.04167,2.0,False
#79 Marco trap to the post-BOS low,AMZN,stock,H4,73,14.690495867768595,-0.23067516,-1.9663366335166423,0.3561643835616438,-0.23158215,-0.20986158,-0.25734258,-0.25633978843688965,-0.21470603,1/6,-0.6007589,74.416664,2.8659787,False
#79 Marco trap 2R,AMZN,stock,D1,38,7.8816013628620105,-0.2643012,-1.4255275539705385,0.3157894736842105,0.34002012,-0.2503673,-0.27684167,-0.30847951769828796,-0.22454071,1/6,-0.70913744,127.041664,2.0,False
#79 Marco trap to the post-BOS low,AMZN,stock,D1,34,7.182475419317525,-0.22324024,-0.7013770734071445,0.23529411764705882,-0.3103485,-0.35998076,-0.0864997,-0.10013093799352646,-0.34634954,2/6,-1.0467212,141.33333,4.4661846,False
#79 Marco trap 2R,AUDCAD,fx,M15,10249,875.0461079943898,-0.29354385,-19.973734614173093,0.3409113084203337,-0.38129097,-0.30904505,-0.27813002,-0.2865554392337799,-0.31601804,1/12,-0.5318676,1.75,2.0,False
#79 Marco trap to the post-BOS low,AUDCAD,fx,M15,8608,734.9396914446003,-0.2922251,-13.203187696020604,0.2822955390334573,-0.36547676,-0.2704839,-0.31371522,-0.3112662732601166,-0.2307227,0/12,-0.5828599,1.5,2.758091,False
#79 Marco trap 2R,AUDCAD,fx,M30,5007,427.591010053776,-0.2625614,-13.084841802361067,0.33592969842220893,-0.2673285,-0.27208507,-0.25307953,-0.2674340307712555,-0.2469323,0/12,-0.57851875,2.75,2.0,False
#79 Marco trap to the post-BOS low,AUDCAD,fx,M30,4274,364.99380406827214,-0.25876734,-8.172547508877502,0.2604117922321011,-0.29266784,-0.2622181,-0.2553391,-0.2594115138053894,-0.25666645,2/12,-0.4768296,2.75,3.1440122,False
#79 Marco trap 2R,AUDCAD,fx,H1,2531,216.14396773439327,-0.23817077,-8.797571135292266,0.3421572500987752,-0.22914271,-0.23605382,-0.2403198,-0.21283920109272003,-0.318464,0/12,-0.44116667,4.5,2.0,False
#79 Marco trap to the post-BOS low,AUDCAD,fx,H1,2233,190.69517184942717,-0.20135035,-4.321407613507974,0.24988804299149125,-0.26536784,-0.23814917,-0.16324325,-0.14019830524921417,-0.39448595,2/12,-0.5066085,5.0,3.5310276,False
#79 Marco trap 2R,AUDCAD,fx,H4,646,55.34869809992963,-0.118225,-2.308071897759305,0.37770897832817335,-0.15922552,-0.06472832,-0.17585005,-0.08593475073575974,-0.20936377,4/12,-0.36550117,14.375,2.0,False
#79 Marco trap to the post-BOS low,AUDCAD,fx,H4,599,51.32178043631245,-0.24008347,-3.0251495662221073,0.2570951585976628,-0.36348444,-0.24278264,-0.23714918,-0.20118024945259094,-0.35055864,2/12,-0.4643643,19.75,4.240955,False
#79 Marco trap 2R,AUDCAD,fx,D1,104,9.046439628482972,0.032431565,0.2528012402267026,0.41346153846153844,-0.17363633,-0.14191811,0.17619355,0.07162588089704514,-0.0914225,6/12,-0.66730034,156.375,2.0,False
#79 Marco trap to the post-BOS low,AUDCAD,fx,D1,100,8.698499642772088,-0.12252293,-0.5705378577113152,0.26,-0.24158691,-0.39323315,0.09896732,-0.14216826856136322,-0.063586794,4/12,-1.0724916,204.375,4.91366,False
#79 Marco trap 2R,AUDCHF,fx,M15,10035,856.975391629647,-0.30743355,-21.037184464946694,0.328649725959143,-0.32303825,-0.32534635,-0.2893594,-0.30147624015808105,-0.32759312,0/12,-0.58634484,1.75,2.0,False
#79 Marco trap to the post-BOS low,AUDCHF,fx,M15,8313,709.9189268178629,-0.345572,-16.355986947119998,0.2730662817274149,-0.33043054,-0.3444929,-0.34664512,-0.3261182904243469,-0.41159326,1/12,-0.65836656,1.75,2.740964,False
#79 Marco trap 2R,AUDCHF,fx,M30,5071,433.25912280701755,-0.25987282,-11.324749523979808,0.33366199960560045,-0.29627362,-0.28113064,-0.23814884,-0.23215600848197937,-0.34707993,0/12,-0.5043253,3.0,2.0,False
#79 Marco trap to the post-BOS low,AUDCHF,fx,M30,4303,367.6422807017544,-0.26452503,-7.428117678387425,0.2563327910759935,-0.30654842,-0.25803,-0.27130705,-0.2289552092552185,-0.37500203,0/12,-0.55638945,3.0,3.0650265,False
#79 Marco trap 2R,AUDCHF,fx,H1,2510,214.40072497661367,-0.19318385,-6.923597170914842,0.34860557768924305,-0.19757941,-0.18778343,-0.19874145,-0.1857011467218399,-0.21825157,1/12,-0.57215154,5.25,2.0,False
#79 Marco trap to the post-BOS low,AUDCHF,fx,H1,2212,188.94597754911132,-0.18867175,-4.095675304379112,0.25678119349005424,-0.22662288,-0.12945454,-0.2495173,-0.1533670872449875,-0.3038371,3/12,-0.6863583,5.75,3.3094192,False
#79 Marco trap 2R,AUDCHF,fx,H4,651,55.75093786635404,-0.14892808,-3.0739738293600154,0.3901689708141321,-0.15531209,-0.12832363,-0.17131564,-0.14714209735393524,-0.15450084,1/12,-0.32809046,18.5,2.0,False
#79 Marco trap to the post-BOS low,AUDCHF,fx,H4,580,49.67057444314185,-0.063619986,-0.6162455383875335,0.2827586206896552,-0.19398193,0.04301107,-0.17630105,-0.1123378723859787,0.09094537,4/12,-0.7038498,21.875,3.8734462,False
#79 Marco trap 2R,AUDCHF,fx,D1,104,9.124669709344223,0.121850245,0.9640492872753064,0.47115384615384615,-0.18603288,-0.028825926,0.30458522,0.028158342465758324,0.37615696,7/12,-0.3905711,137.0,2.0,False
#79 Marco trap to the post-BOS low,AUDCHF,fx,D1,90,8.02159590043924,0.15074055,0.5825415882084828,0.35555555555555557,-0.09590397,0.2624149,0.011147571,0.010202485136687756,0.6125085,5/12,-1.1269602,145.75,4.851818,False
#79 Marco trap 2R,AUDJPY,fx,M15,9850,841.1766425064297,-0.19600932,-13.815480804993781,0.32629441624365485,-0.12843649,-0.18545648,-0.20683566,-0.1997930258512497,-0.18377008,0/12,-0.30004272,1.5,2.0,False
#79 Marco trap to the post-BOS low,AUDJPY,fx,M15,8216,701.6352583586627,-0.20823207,-10.122358648092968,0.26959591041869524,-0.09240592,-0.17813142,-0.23877567,-0.21428848803043365,-0.18849315,0/12,-0.39583343,1.5,2.7229767,False
#79 Marco trap 2R,AUDJPY,fx,M30,4877,416.48918634556935,-0.15345636,-7.656826521089174,0.33873282755792494,-0.09144757,-0.10410412,-0.20443378,-0.15122666954994202,-0.1604032,1/12,-0.2607424,3.0,2.0,False
#79 Marco trap to the post-BOS low,AUDJPY,fx,M30,4140,353.55038578442833,-0.16941853,-5.392278487874076,0.25628019323671497,-0.04239724,-0.115210444,-0.2259265,-0.19896094501018524,-0.07604069,2/12,-0.40782115,3.0,3.088612,False
#79 Marco trap 2R,AUDJPY,fx,H1,2462,210.2514613046528,-0.18594141,-6.923152989015247,0.3269699431356621,-0.01489146,-0.15761967,-0.21721637,-0.17906738817691803,-0.20732085,0/12,-0.3596493,5.5,2.0,False
#79 Marco trap to the post-BOS low,AUDJPY,fx,H1,2148,183.4362871171382,-0.24674942,-5.851632192050359,0.22811918063314712,-0.025553808,-0.2499789,-0.24315795,-0.25262489914894104,-0.22802351,0/12,-0.47418216,6.125,3.415781,False
#79 Marco trap 2R,AUDJPY,fx,H4,599,51.551543355325165,-0.14776449,-3.043685530493588,0.37061769616026713,0.01106273,-0.08320295,-0.21985437,-0.1579325646162033,-0.110718,2/12,-0.4305701,21.5,2.0,False
#79 Marco trap to the post-BOS low,AUDJPY,fx,H4,528,45.45180296959698,-0.33988026,-4.558053008870613,0.24431818181818182,0.017710231,-0.19236897,-0.50769675,-0.39389127492904663,-0.14373502,1/12,-0.7366586,22.0,3.4480975,False
#79 Marco trap 2R,AUDJPY,fx,D1,99,8.66309295639674,0.3060686,2.3259569063744534,0.5252525252525253,-0.27397817,0.34455478,0.25383735,0.1752532422542572,0.69328207,11/12,-0.5115039,139.5,2.0,False
#79 Marco trap to the post-BOS low,AUDJPY,fx,D1,87,7.675543478260869,1.2593641,1.5546203462324766,0.3793103448275862,-0.27074236,0.04953101,2.7483895,0.7373664975166321,2.8016288,7/12,-0.9287932,260.25,3.696298,False
#79 Marco trap 2R,AUDNZD,fx,M15,10060,858.9095371669003,-0.39479333,-20.32586356726227,0.3547713717693837,-0.62288535,-0.5048257,-0.2863679,-0.3161677420139313,-0.6528954,0/12,-0.8385503,1.75,2.0,False
#79 Marco trap to the post-BOS low,AUDNZD,fx,M15,8455,721.8767531556801,-0.365847,-12.548844400035039,0.3004139562389119,-0.6679212,-0.48895198,-0.25038838,-0.3180248439311981,-0.5260168,0/12,-0.78264743,1.75,2.7891715,False
#79 Marco trap 2R,AUDNZD,fx,M30,4981,425.3706453121347,-0.33642286,-12.444541495962723,0.36177474402730375,-0.5789732,-0.44803232,-0.22733895,-0.2800108790397644,-0.5099521,1/12,-0.7248217,3.0,2.0,False
#79 Marco trap to the post-BOS low,AUDNZD,fx,M30,4283,365.7623918634557,-0.29934052,-7.444958670949212,0.2797104833060939,-0.5693885,-0.42126453,-0.18335998,-0.2703116834163666,-0.3904378,2/12,-0.7438455,3.25,3.1980875,False
#79 Marco trap 2R,AUDNZD,fx,H1,2422,206.8355155482815,-0.30860886,-8.37028593707645,0.3666391412056152,-0.47344074,-0.38581684,-0.22972527,-0.2655242681503296,-0.44390196,2/12,-0.9529727,5.0,2.0,False
#79 Marco trap to the post-BOS low,AUDNZD,fx,H1,2131,181.98451017068038,-0.3616181,-6.7867319420663055,0.25152510558423274,-0.38493207,-0.4855132,-0.23737359,-0.3344355523586273,-0.4477937,3/12,-1.1794496,5.75,3.6150918,False
#79 Marco trap 2R,AUDNZD,fx,H4,657,56.159431312894924,-0.16015154,-3.213138716143362,0.3835616438356164,-0.18900076,-0.19002718,-0.12588237,-0.18424037098884583,-0.06524507,2/12,-0.34587184,19.0,2.0,False
#79 Marco trap to the post-BOS low,AUDNZD,fx,H4,593,50.83155362590941,-0.26383698,-3.2965500601109126,0.28161888701517707,-0.22975758,-0.35547194,-0.1614021,-0.270738422870636,-0.2351508,1/12,-0.67865056,23.25,3.6225188,False
#79 Marco trap 2R,AUDNZD,fx,D1,109,9.485882773409578,-0.23831971,-2.1656877492723465,0.3394495412844037,0.14405991,-0.17544354,-0.2777346,-0.2218606173992157,-0.29986244,1/12,-0.73623437,155.75,2.0,False
#79 Marco trap to the post-BOS low,AUDNZD,fx,D1,98,8.652284263959391,-0.2844225,-1.7548670459692153,0.25510204081632654,0.22062576,-0.2340862,-0.31365,-0.2157191038131714,-0.53633493,2/12,-0.95262957,168.25,3.7291288,False
#79 Marco trap 2R,AUDUSD,fx,M15,10155,867.2232288987608,-0.20305403,-14.581744888373336,0.32181191531265385,-0.10757495,-0.21906643,-0.18657127,-0.22708629071712494,-0.12594761,0/12,-0.43374297,1.75,2.0,False
#79 Marco trap to the post-BOS low,AUDUSD,fx,M15,8188,699.2440963292028,-0.22722939,-11.201670763114297,0.2640449438202247,-0.05750861,-0.23791176,-0.21617536,-0.2656295895576477,-0.102209195,0/12,-0.38145584,1.5,2.7065392,False
#79 Marco trap 2R,AUDUSD,fx,M30,5137,438.6928337619827,-0.1816627,-9.407494966690056,0.32762312633832974,-0.096523404,-0.1651531,-0.19834675,-0.21289676427841187,-0.08339758,0/12,-0.35721743,2.75,2.0,False
#79 Marco trap to the post-BOS low,AUDUSD,fx,M30,4245,362.51724339490295,-0.22980063,-7.605039985698597,0.23910482921083628,-0.034283653,-0.19201352,-0.2682885,-0.25487491488456726,-0.15103061,0/12,-0.43617433,2.25,3.1397545,False
#79 Marco trap 2R,AUDUSD,fx,H1,2601,222.17381898971,-0.18288901,-6.899520054459572,0.3279507881584006,-0.06274169,-0.13346194,-0.2322022,-0.20049506425857544,-0.124552526,0/12,-0.3897254,5.0,2.0,False
#79 Marco trap to the post-BOS low,AUDUSD,fx,H1,2258,192.87523386342377,-0.25278622,-6.34476706927642,0.23472099202834368,-0.012822331,-0.2657773,-0.23958637,-0.2615504860877991,-0.22406991,1/12,-0.5770972,5.25,3.2464056,False
#79 Marco trap 2R,AUDUSD,fx,H4,691,59.60976617855456,-0.1056363,-2.196847438443731,0.36468885672937773,-0.014436258,-0.01326817,-0.20322764,-0.09883172810077667,-0.12649034,2/12,-0.31642112,17.0,2.0,False
#79 Marco trap to the post-BOS low,AUDUSD,fx,H4,607,52.36342701936702,-0.07480426,-0.7396788384614263,0.2751235584843493,-0.06168363,0.13429257,-0.30640805,-0.09567203372716904,-0.012338209,3/12,-0.49933904,20.0,4.159841,False
#79 Marco trap 2R,AUDUSD,fx,D1,126,10.897821453942695,-0.0671837,-0.607290138637559,0.35714285714285715,0.03509198,-0.42926675,0.38542005,-0.18256554007530212,0.22127078,5/12,-0.8202857,168.375,2.0,False
#79 Marco trap to the post-BOS low,AUDUSD,fx,D1,113,9.77344304996448,-0.19706424,-0.9942371339538775,0.23893805309734514,-0.26497763,-0.42134243,0.08552636,-0.23633961379528046,-0.09317452,4/12,-0.8062404,202.75,4.207157,False
#79 Marco trap 2R,AUS200.cash,index,M5,11586,1526.6185064935066,-0.90418255,-11.294350160985251,0.30070775073364403,-0.94006634,-0.84716374,-0.96088743,-1.3589141368865967,-0.1601613,0/8,-2.7312162,1.4166666,2.0,False
#79 Marco trap to the post-BOS low,AUS200.cash,index,M5,8532,1124.211038961039,-1.020205,-9.421088775177955,0.2876230661040788,-1.0923673,-0.9595934,-1.0793293,-1.547415852546692,-0.16888012,0/8,-3.061869,0.9166667,2.1527612,False
#79 Marco trap 2R,AUS200.cash,index,M15,4710,620.6087662337662,-0.5862344,-20.44687753748051,0.3067940552016985,-0.6094827,-0.5887988,-0.5835881,-0.8536494970321655,-0.145255,0/8,-1.5589386,2.25,2.0,False
#79 Marco trap to the post-BOS low,AUS200.cash,index,M15,3809,502.07046192710214,-0.5830073,-14.750747031561183,0.28380152270937253,-0.7277385,-0.60195965,-0.563925,-0.8840377330780029,-0.09380676,1/8,-1.5799087,2.0,2.7668622,False
#79 Marco trap 2R,AUS200.cash,index,M30,2503,329.92448574521836,-0.47506854,-12.336812899633015,0.3284059129045146,-0.5169219,-0.47836077,-0.47174725,-0.6929821372032166,-0.11272919,1/8,-1.5863216,3.9166667,2.0,False
#79 Marco trap to the post-BOS low,AUS200.cash,index,M30,2111,278.2543305665825,-0.468631,-8.360314388033421,0.2700142112742776,-0.6358225,-0.46250173,-0.47461677,-0.6856845021247864,-0.10124578,2/8,-1.5069127,4.0,3.1414635,False
#79 Marco trap 2R,AUS200.cash,index,H1,1362,179.59223826714802,-0.56071705,-5.657007117064323,0.32158590308370044,-0.58122766,-0.6107481,-0.50827855,-0.8581759929656982,-0.057506103,1/8,-1.9564865,6.9166665,2.0,False
#79 Marco trap to the post-BOS low,AUS200.cash,index,H1,1176,155.29067245119307,-0.5450753,-4.402914485406093,0.25510204081632654,-0.6676238,-0.5870645,-0.50148517,-0.8854476809501648,0.020158228,2/8,-2.1944597,7.791667,3.666864,False
#79 Marco trap 2R,AUS200.cash,index,H4,406,53.74827836172526,-0.25567764,-3.456124307588419,0.3916256157635468,-0.22822692,-0.2469998,-0.26516068,-0.40111780166625977,-0.004817745,2/8,-0.9837496,16.125,2.0,False
#79 Marco trap to the post-BOS low,AUS200.cash,index,H4,368,48.84156976744186,-0.28831145,-2.039517941225424,0.2717391304347826,-0.30967793,-0.2501115,-0.3295329,-0.41587474942207336,-0.07070355,1/8,-1.3507339,20.333334,4.184909,False
#79 Marco trap 2R,AUS200.cash,index,D1,65,8.715583700440527,-0.40385574,-2.8646336618816908,0.27692307692307694,-0.041937593,-0.215428,-0.8278181,-0.48354700207710266,-0.29854944,1/8,-0.9327612,98.0,2.0,False
#79 Marco trap to the post-BOS low,AUS200.cash,index,D1,60,8.045154185022026,0.16733652,0.27891706011597384,0.25,-0.19072486,-0.19654551,1.0163947,0.5268881916999817,-0.2721155,3/8,-0.9664771,100.79167,4.2704725,False
#79 Marco trap 2R,AVGO,stock,M5,1837,319.0509985734665,-0.009626742,-0.29432965249183646,0.34893848666303756,0.022148421,0.114246845,-0.1293889,0.025167211890220642,-0.018581247,2/6,-0.25115594,1.8333334,2.0,False
#79 Marco trap to the post-BOS low,AVGO,stock,M5,1345,233.60021398002854,0.056068532,1.1185182043412214,0.3174721189591078,0.31957844,0.19643563,-0.073655576,0.11571744084358215,0.042981464,4/6,-0.6511201,0.8333333,2.6203077,False
#79 Marco trap 2R,AVGO,stock,M15,742,128.87089871611983,-0.077185236,-1.6059838219674802,0.34097035040431267,0.13259603,-0.043374177,-0.11136281,-0.08073315769433975,-0.07561146,1/6,-0.4052171,17.833334,2.0,False
#79 Marco trap to the post-BOS low,AVGO,stock,M15,571,99.17154065620542,-0.05991365,-0.7522072338771478,0.25569176882662,0.13092604,0.030680645,-0.14526948,-0.056934110820293427,-0.06110399,2/6,-0.23299089,2.25,3.0342722,False
#79 Marco trap 2R,AVGO,stock,M30,389,67.59383920076118,-0.041352943,-0.6421039745448913,0.35989717223650386,0.035883088,0.03497977,-0.11967349,-0.013799545355141163,-0.058273703,2/6,-0.27371195,22.083334,2.0,False
#79 Marco trap to the post-BOS low,AVGO,stock,M30,324,56.29923882017127,-0.028173588,-0.24678165279328823,0.27469135802469136,0.07883133,0.23840815,-0.29806688,0.07993217557668686,-0.09432789,3/6,-0.30628243,21.083332,3.202736,False
#79 Marco trap 2R,AVGO,stock,H1,247,42.98082420200095,0.041345272,0.5285287182864472,0.41700404858299595,-0.07919908,0.07879143,0.005385066,0.18601296842098236,-0.053805295,4/6,-0.2208377,24.75,2.0,False
#79 Marco trap to the post-BOS low,AVGO,stock,H1,213,37.064435445450215,0.042127047,0.300281504739589,0.3004694835680751,0.19383204,0.25358915,-0.15587841,0.44908368587493896,-0.21769916,2/6,-0.46295428,25.5,4.0550327,False
#79 Marco trap 2R,AVGO,stock,H4,86,15.322682926829268,-0.11547631,-1.0431227227060182,0.3488372093023256,0.22574648,0.14220761,-0.3395493,0.07486973702907562,-0.26616696,2/6,-0.3379987,54.916668,2.0,False
#79 Marco trap to the post-BOS low,AVGO,stock,H4,71,12.650121951219512,0.40800437,1.144062242079474,0.28169014084507044,0.41888136,0.6354805,0.22135732,0.7770705819129944,0.13795601,3/6,-0.46518633,54.916668,3.4154673,False
#79 Marco trap 2R,AVGO,stock,D1,39,7.316255778120185,-0.32631192,-1.7347517135261814,0.2564102564102564,-0.2302731,0.075173505,-0.84588134,-0.4850412905216217,-0.20365743,2/6,-0.576795,136.58333,2.0,False
#79 Marco trap to the post-BOS low,AVGO,stock,D1,35,6.565870570107858,-0.15184166,-0.46053740543443783,0.22857142857142856,-0.5009959,0.5073809,-0.93466854,-0.6173417568206787,0.24015833,3/6,-0.81968015,136.58333,4.9808183,False
#79 Marco trap 2R,BA,stock,M5,3394,574.9807513914657,-0.058833465,-2.341396759874529,0.33765468473777255,0.06421269,-0.07555737,-0.04191128,-0.038695719093084335,-0.080704026,4/7,-0.33770025,1.0,2.0,False
#79 Marco trap to the post-BOS low,BA,stock,M5,2590,438.77435064935065,0.06286142,0.7958139944000697,0.27181467181467184,0.28301015,-0.0006514553,0.12540092,-0.008357202634215355,0.14003879,4/7,-0.29607207,0.5833333,2.7566118,False
#79 Marco trap 2R,BA,stock,M15,1222,207.11624129930394,-0.043170415,-0.7771242200416074,0.3625204582651391,-0.050892014,-0.13664715,0.05061281,0.007459298707544804,-0.095656544,3/7,-0.35159448,2.0833333,2.0,False
#79 Marco trap to the post-BOS low,BA,stock,M15,997,169.05954038997214,0.059316672,0.668580269625225,0.2818455366098295,0.20825669,-0.06034676,0.17922038,0.09553436934947968,0.020619318,6/7,-0.39440587,1.75,3.2471156,False
#79 Marco trap 2R,BA,stock,M30,623,105.59199535962877,0.0032834655,0.06277553543917888,0.3900481540930979,0.037419207,0.019542564,-0.01162487,0.0010999294463545084,0.0055454886,4/7,-0.0852133,6.3333335,2.0,False
#79 Marco trap to the post-BOS low,BA,stock,M30,521,88.34505571030641,0.22772342,1.8541604068543043,0.30134357005758156,0.08759047,0.3646439,0.10043808,0.18487922847270966,0.27452505,6/7,-0.03288253,4.9166665,3.8087897,False
#79 Marco trap 2R,BA,stock,H1,355,60.28068340306834,-0.03663834,-0.5528588256663258,0.36901408450704226,0.13723512,-0.033861343,-0.03972939,0.02653495781123638,-0.106956206,2/7,-0.6612821,23.583334,2.0,False
#79 Marco trap to the post-BOS low,BA,stock,H1,315,53.48849372384937,0.13020806,0.9945885256766045,0.30158730158730157,-0.09378008,0.19292541,0.059439182,0.08551108092069626,0.1775343,5/7,-0.79706335,24.583334,3.5855987,False
#79 Marco trap 2R,BA,stock,H4,112,19.714698795180723,-0.05733148,-0.5882880904664174,0.4107142857142857,0.09013886,-0.23090918,0.11624618,0.01380950678139925,-0.11068726,2/6,-0.34035748,54.916668,2.0,False
#79 Marco trap to the post-BOS low,BA,stock,H4,100,17.602409638554217,0.0937878,0.4056503623723984,0.36,-0.011340474,-0.3466014,0.5169068,-0.1314968466758728,0.27811152,3/6,-0.37754622,61.75,3.9607453,False
#79 Marco trap 2R,BA,stock,D1,52,9.287530562347188,-0.17238161,-1.1149249560751955,0.3269230769230769,-0.0052081943,-0.38107944,-0.041945465,-0.40575483441352844,0.099887155,3/6,-1.0015672,319.625,2.0,False
#79 Marco trap to the post-BOS low,BA,stock,D1,46,8.215892420537898,0.0012433218,0.0038765843114372265,0.2826086956521739,0.08393304,0.23941162,-0.15186498,0.05980229377746582,-0.06846982,2/6,-1.0015672,285.0,2.8597748,False
#79 Marco trap 2R,BABA,stock,M5,2349,457.5852,-0.15403907,-4.928159194799612,0.34355044699872284,-0.081406824,-0.21982197,-0.084036335,-0.030108528211712837,-0.26833504,1/6,-0.3284224,2.0833333,2.0,False
#79 Marco trap to the post-BOS low,BABA,stock,M5,1689,329.0172,-0.07504542,-0.9604583771696615,0.2972172883362937,0.0436281,-0.04496844,-0.10699532,0.11593415588140488,-0.2552563,3/6,-0.55986875,0.75,2.542595,False
#79 Marco trap 2R,BABA,stock,M15,886,172.9617851416355,-0.19215968,-4.174722948102237,0.33182844243792325,0.023170572,-0.23130602,-0.15318969,-0.05035785213112831,-0.327701,1/6,-0.3702711,4.0833335,2.0,False
#79 Marco trap to the post-BOS low,BABA,stock,M15,703,137.2371726349546,-0.18108968,-2.1489370861448807,0.2503556187766714,0.333783,-0.27470103,-0.09087766,0.020588984712958336,-0.3810544,1/6,-0.60129625,1.5,3.126999,False
#79 Marco trap 2R,BABA,stock,M30,437,85.67592592592592,-0.20463158,-2.920906850733253,0.33867276887871856,0.075385906,-0.29148397,-0.12051784,-0.12410672008991241,-0.2738487,0/6,-0.43635005,19.083334,2.0,False
#79 Marco trap to the post-BOS low,BABA,stock,M30,368,72.14814814814815,-0.20230901,-1.5600837473272315,0.2418478260869565,0.44045407,-0.38880193,-0.03135714,-0.1025768592953682,-0.29273975,1/6,-0.40663838,18.583334,3.2767072,False
#79 Marco trap 2R,BABA,stock,H1,287,56.027124532335655,-0.14953217,-1.520386941159319,0.36585365853658536,0.06684199,-0.15968673,-0.14100496,-0.0601433590054512,-0.23004135,3/6,-0.7580216,23.5,2.0,False
#79 Marco trap to the post-BOS low,BABA,stock,H1,252,49.27355460385439,-0.1828848,-1.0354294050752602,0.26587301587301587,0.36019227,-0.30202413,-0.08757328,-0.3121817111968994,-0.059601728,2/6,-0.49444896,24.5,4.0134783,False
#79 Marco trap 2R,BABA,stock,H4,96,18.974025974025974,0.020157536,0.17330882242902415,0.4270833333333333,-0.015657535,0.07250972,-0.056357212,-0.029148638248443604,0.05246159,4/6,-0.62326795,49.666668,2.0,False
#79 Marco trap to the post-BOS low,BABA,stock,H4,85,16.87296195652174,0.12340433,0.49845700902704093,0.36470588235294116,0.32307157,0.33795145,-0.23193921,-0.2358822077512741,0.37490493,3/6,-0.72942716,54.916668,4.3344526,False
#79 Marco trap 2R,BABA,stock,D1,48,9.670159955874242,-0.07406515,-0.4492889383171951,0.3541666666666667,0.2109701,-0.05308519,-0.09504511,0.18330958485603333,-0.25790426,3/6,-1.0012468,160.625,2.0,False
#79 Marco trap to the post-BOS low,BABA,stock,D1,40,8.058466629895202,-0.38084945,-2.281222880905343,0.225,0.46880132,-0.26206532,-0.4996336,-0.3151591420173645,-0.4465398,2/6,-1.0198727,280.66666,3.3896985,False
#79 Marco trap 2R,BAC,stock,M5,2403,468.10439999999994,-0.39105833,-10.10711484167334,0.36079900124843944,-0.40811148,-0.32504076,-0.45891422,-0.09421638399362564,-0.6510557,0/6,-0.919019,1.5,2.0,False
#79 Marco trap to the post-BOS low,BAC,stock,M5,1771,344.9908,-0.38482034,-5.981365282250377,0.3156408808582722,-0.3320258,-0.2999579,-0.47113264,0.007766569498926401,-0.7398371,2/6,-1.0019403,0.6666667,2.6269057,False
#79 Marco trap 2R,BAC,stock,M15,854,166.71485836451097,-0.41227472,-6.486016775417098,0.35011709601873536,-0.29038134,-0.5221454,-0.31176525,-0.15260809659957886,-0.6204463,1/6,-0.95706284,2.0,2.0,False
#79 Marco trap to the post-BOS low,BAC,stock,M15,692,136.25498652291105,-0.17445631,-0.5760273214476002,0.2630057803468208,-0.50024897,-0.0073422585,-0.31904826,-0.07286475598812103,-0.25884724,2/6,-0.9610207,1.6666666,3.3391478,False
#79 Marco trap 2R,BAC,stock,M30,456,88.92365189535504,-0.3350162,-5.488597333415782,0.3201754385964912,-0.034396023,-0.4279522,-0.24988993,-0.30251386761665344,-0.36585176,0/6,-0.65728927,19.0,2.0,False
#79 Marco trap to the post-BOS low,BAC,stock,M30,385,75.84749190938511,-0.38799542,-3.817971328619305,0.23116883116883116,0.100711435,-0.59632367,-0.1932766,-0.2777121067047119,-0.49657333,1/6,-0.94488513,19.0,3.5181773,False
#79 Marco trap 2R,BAC,stock,H1,286,55.86176470588236,-0.20250972,-2.778852566707624,0.36363636363636365,-0.14979471,-0.19623946,-0.20796032,-0.2555459439754486,-0.15442349,1/6,-0.51853853,24.5,2.0,False
#79 Marco trap to the post-BOS low,BAC,stock,H1,246,48.04893048128343,-0.25596318,-1.8535952347677713,0.26422764227642276,0.093676746,-0.296222,-0.22003993,-0.2283884733915329,-0.28265545,2/6,-0.8146529,24.75,3.5850453,False
#79 Marco trap 2R,BAC,stock,H4,75,15.076362135388003,-0.005367717,-0.040546755144966716,0.4533333333333333,-0.10104923,-0.11300217,0.105175756,-0.15605369210243225,0.13372704,3/6,-1.0716043,73.833336,2.0,False
#79 Marco trap to the post-BOS low,BAC,stock,H4,65,13.066180517336269,-0.06895641,-0.36293634673794745,0.36923076923076925,0.1025105,-0.1638923,0.028946266,-0.029912486672401428,-0.10681716,3/6,-1.076365,73.0,4.601603,False
#79 Marco trap 2R,BAC,stock,D1,37,7.437671986791415,-0.2159431,-1.1140372514261028,0.32432432432432434,0.40028134,0.0538261,-0.47151396,-0.3393460810184479,-0.07076316,2/6,-0.84669524,189.0,2.0,False
#79 Marco trap to the post-BOS low,BAC,stock,D1,32,6.432581177765548,-0.14345512,-0.24502936499545147,0.15625,0.7033095,0.40516287,-0.6275298,0.3798635005950928,-0.8162934,2/6,-0.8771454,187.125,3.4285038,False
#79 Marco trap 2R,BTCUSD,crypto,M5,28109,3227.5423608928013,-0.36184815,-42.54119307310312,0.3086555907360632,-0.2371851,-0.3650292,-0.35865876,-0.3865647614002228,-0.3181493,0/9,-0.5845657,1.4166666,2.0,False
#79 Marco trap to the post-BOS low,BTCUSD,crypto,M5,20550,2359.599968563345,-0.4221665,-38.580411597269084,0.29897810218978105,-0.23672213,-0.42227224,-0.42206377,-0.4503016471862793,-0.3727356,0/9,-0.6642052,0.9166667,1.9348898,False
#79 Marco trap 2R,BTCUSD,crypto,M15,9547,1096.5540094339622,-0.33843327,-23.794552525610108,0.2990468209908872,-0.16734356,-0.35249814,-0.32341483,-0.35221564769744873,-0.313561,0/9,-0.54589313,1.75,2.0,False
#79 Marco trap to the post-BOS low,BTCUSD,crypto,M15,7885,905.6591981132075,-0.4028186,-20.802477076419805,0.24895370957514268,-0.19288386,-0.43137366,-0.37313345,-0.4156092405319214,-0.37976903,0/9,-0.4815589,1.4166666,2.5809507,False
#79 Marco trap 2R,BTCUSD,crypto,M30,4698,539.7749292230261,-0.31073338,-15.52283261848435,0.30119199659429546,-0.07908834,-0.27659264,-0.34537187,-0.3116064667701721,-0.30914295,0/9,-0.44694465,2.5833333,2.0,False
#79 Marco trap to the post-BOS low,BTCUSD,crypto,M30,3979,457.3095500314663,-0.41547802,-15.212814249250753,0.22794672028147775,-0.09568554,-0.410174,-0.42081678,-0.4365871846675873,-0.3773952,0/9,-0.55989045,2.0833333,2.9620051,False
#79 Marco trap 2R,BTCUSD,crypto,H1,2234,256.7553492762744,-0.27085444,-9.486253552394864,0.3164726947179946,-0.039004594,-0.25342605,-0.28856596,-0.249476358294487,-0.30939934,0/9,-0.497082,4.3333335,2.0,False
#79 Marco trap to the post-BOS low,BTCUSD,crypto,H1,1906,219.0580553807426,-0.36045012,-8.035357462565038,0.21143756558237145,-0.06314851,-0.39427513,-0.3253228,-0.36645635962486267,-0.35014883,0/9,-0.5837995,4.0,3.4330225,False
#79 Marco trap 2R,BTCUSD,crypto,H4,569,65.47802457466918,-0.25387043,-4.985315138354047,0.31985940246045697,0.07962264,-0.23697817,-0.2714286,-0.2516363263130188,-0.25736234,0/9,-0.44223467,14.083333,2.0,False
#79 Marco trap to the post-BOS low,BTCUSD,crypto,H4,502,57.767958412098295,-0.41504213,-5.252498746598524,0.19721115537848605,0.44086063,-0.46096674,-0.36911747,-0.41757288575172424,-0.41125223,0/9,-0.7096624,15.333334,4.132494,False
#79 Marco trap 2R,BTCUSD,crypto,D1,73,8.679443359375,-0.23154959,-1.7335768950828236,0.3287671232876712,0.3622286,-0.14311977,-0.3329837,-0.16346478462219238,-0.3348506,2/9,-1.018006,119.0,2.0,False
#79 Marco trap to the post-BOS low,BTCUSD,crypto,D1,63,7.490478515625,-0.39563343,-2.7753793133916664,0.2698412698412698,0.070893094,-0.5093867,-0.2534419,-0.35712286829948425,-0.45821318,3/9,-1.020496,119.0,3.372089,False
#79 Marco trap 2R,CADCHF,fx,M15,10330,882.1679915828852,-0.38122642,-25.010371014149335,0.338431752178122,-0.4776386,-0.40793383,-0.35328096,-0.3788914382457733,-0.3889879,0/12,-0.69118637,1.5,2.0,False
#79 Marco trap to the post-BOS low,CADCHF,fx,M15,8417,718.8003857844284,-0.45292693,-20.659960476463006,0.2772959486753,-0.50023437,-0.46992436,-0.43560743,-0.4460222125053406,-0.4761972,0/12,-0.7642479,1.25,2.6917722,False
#79 Marco trap 2R,CADCHF,fx,M30,5292,451.92962356792145,-0.3294162,-15.713711670790898,0.33767951625094483,-0.39825943,-0.35569012,-0.30129197,-0.32717573642730713,-0.3371393,0/12,-0.6164545,2.25,2.0,False
#79 Marco trap to the post-BOS low,CADCHF,fx,M30,4364,372.6796820201076,-0.34850436,-10.55719952727757,0.2669569202566453,-0.45242235,-0.3909046,-0.30300212,-0.34884560108184814,-0.34733367,1/12,-0.7523529,2.0,2.8968253,False
#79 Marco trap 2R,CADCHF,fx,H1,2664,227.66167524567152,-0.22570567,-8.250301801118537,0.3581081081081081,-0.30061722,-0.22708923,-0.22421645,-0.21687620878219604,-0.25543633,1/12,-0.4409908,4.5,2.0,False
#79 Marco trap to the post-BOS low,CADCHF,fx,H1,2252,192.67814476458187,-0.26733726,-5.848594477592033,0.26065719360568385,-0.34172407,-0.3388807,-0.191743,-0.23867221176624298,-0.36001375,1/12,-0.59722966,4.75,3.286848,False
#79 Marco trap 2R,CADCHF,fx,H4,712,61.20451871028478,-0.19299406,-3.97140329173725,0.36657303370786515,-0.19609955,-0.27621135,-0.103970915,-0.18760354816913605,-0.21044913,2/12,-0.45946428,16.375,2.0,False
#79 Marco trap to the post-BOS low,CADCHF,fx,H4,656,56.39068016003766,-0.28311464,-3.3548752203536663,0.2621951219512195,-0.17864119,-0.25424734,-0.3139854,-0.23420949280261993,-0.4438944,2/12,-0.72546935,22.5,3.718311,False
#79 Marco trap 2R,CADCHF,fx,D1,106,9.524354243542435,-0.09279411,-0.8212999701054869,0.41509433962264153,0.093390904,-0.11690098,-0.064751394,-0.11862115561962128,0.02546658,5/12,-0.855807,180.5,2.0,False
#79 Marco trap to the post-BOS low,CADCHF,fx,D1,97,8.715682656826568,-0.29293296,-1.9146075130341855,0.27835051546391754,-0.020748854,-0.34961236,-0.22465993,-0.4142533838748932,0.20511942,3/12,-1.052654,188.25,2.9247527,False
#79 Marco trap 2R,CADJPY,fx,M15,9996,853.445301542777,-0.20728643,-14.695848471934697,0.3307322929171669,-0.13656645,-0.2403409,-0.17299224,-0.20831090211868286,-0.203912,1/12,-0.40420708,1.75,2.0,False
#79 Marco trap to the post-BOS low,CADJPY,fx,M15,8077,689.6036115007012,-0.26206332,-12.791790245396848,0.2660641327225455,-0.08266122,-0.29346144,-0.23032914,-0.2773403525352478,-0.21139038,0/12,-0.46322426,1.5,2.6734128,False
#79 Marco trap 2R,CADJPY,fx,M30,5016,428.2594670406732,-0.20890777,-10.798076994534776,0.32097288676236047,-0.09293618,-0.23064001,-0.18538931,-0.2174644023180008,-0.18099879,0/12,-0.4595798,2.5,2.0,False
#79 Marco trap to the post-BOS low,CADJPY,fx,M30,4165,355.60220897615704,-0.25494146,-8.529249913753189,0.24273709483793518,-0.025998507,-0.31798825,-0.1884422,-0.25895947217941284,-0.24177775,0/12,-0.5254419,2.5,2.967223,False
#79 Marco trap 2R,CADJPY,fx,H1,2480,211.78863689501986,-0.21143182,-7.854320655088837,0.32298387096774195,-0.04188974,-0.2373441,-0.18302247,-0.21200980246067047,-0.20964442,0/12,-0.34698945,4.5,2.0,False
#79 Marco trap to the post-BOS low,CADJPY,fx,H1,2129,182.0265098314607,-0.2924207,-6.951626318874279,0.22686707374354156,0.04901822,-0.34793276,-0.23318985,-0.2819579541683197,-0.3243062,0/12,-0.53910565,4.5,3.3609252,False
#79 Marco trap 2R,CADJPY,fx,H4,661,56.620602720450286,-0.1417206,-2.9498533655160277,0.36459909228441756,-0.052629977,-0.12406223,-0.16065212,-0.11609315872192383,-0.21875817,3/12,-0.4253938,19.5,2.0,False
#79 Marco trap to the post-BOS low,CADJPY,fx,H4,596,51.052767354596625,-0.1073552,-0.7729241457258132,0.2701342281879195,0.088118814,0.03775938,-0.26359355,-0.03496706485748291,-0.3304693,3/12,-0.5598255,24.5,3.972198,False
#79 Marco trap 2R,CADJPY,fx,D1,101,9.1132040513834,-0.21447663,-1.8368256401161283,0.297029702970297,0.0716378,-0.23603064,-0.18655437,-0.2634536325931549,-0.10887001,3/12,-1.0295221,137.0,2.0,False
#79 Marco trap to the post-BOS low,CADJPY,fx,D1,91,8.21090662055336,-0.3231973,-2.085678025184132,0.21978021978021978,0.67829245,-0.19832927,-0.48240405,-0.5965543389320374,0.23262879,3/12,-1.1384716,148.25,3.3574393,False
#79 Marco trap 2R,CHFJPY,fx,M15,10260,875.9852734922861,-0.19061513,-12.244598280305114,0.3476608187134503,-0.31181604,-0.22298181,-0.15748239,-0.16127309203147888,-0.2862417,1/12,-0.32676256,1.75,2.0,False
#79 Marco trap to the post-BOS low,CHFJPY,fx,M15,8502,725.8895511921459,-0.1757687,-7.953638896682238,0.2981651376146789,-0.3195569,-0.20279516,-0.14891966,-0.14667393267154694,-0.26986298,2/12,-0.37300608,1.5,2.776279,False
#79 Marco trap 2R,CHFJPY,fx,M30,5018,428.5303951367781,-0.15032947,-7.560484924576739,0.3469509764846552,-0.18210945,-0.15665567,-0.14394756,-0.1441188007593155,-0.17061982,1/12,-0.36477515,2.75,2.0,False
#79 Marco trap to the post-BOS low,CHFJPY,fx,M30,4227,360.9800678045359,-0.1631048,-5.320737895416601,0.27087769103383014,-0.16368964,-0.1873432,-0.13878602,-0.16068114340305328,-0.17089528,1/12,-0.3717656,2.75,3.0315757,False
#79 Marco trap 2R,CHFJPY,fx,H1,2498,213.32581248538696,-0.14519174,-5.312735240528505,0.34787830264211367,-0.16941607,-0.10756843,-0.18549795,-0.12517313659191132,-0.20907654,1/12,-0.31198242,5.0,2.0,False
#79 Marco trap to the post-BOS low,CHFJPY,fx,H1,2148,183.47918615528533,-0.20780055,-4.794987178591765,0.2467411545623836,-0.17001562,-0.06779703,-0.35284683,-0.21600483357906342,-0.18191811,1/12,-0.35878316,5.125,3.3550453,False
#79 Marco trap 2R,CHFJPY,fx,H4,661,56.72703242481203,-0.1274526,-2.601630525685324,0.3630862329803328,-0.20850237,-0.10143417,-0.154028,-0.07972057163715363,-0.28327456,2/12,-0.36663926,18.75,2.0,False
#79 Marco trap to the post-BOS low,CHFJPY,fx,H4,599,51.4061912593985,-0.09851791,-1.0558470078491025,0.27879799666110183,-0.104043186,-0.21659325,0.022349732,-0.0845283791422844,-0.14614406,4/12,-0.47545427,24.0,4.0899405,False
#79 Marco trap 2R,CHFJPY,fx,D1,92,8.093208092485549,0.0130493995,0.09610298715648197,0.40217391304347827,-0.062047817,0.28809068,-0.3777988,0.027446437627077103,-0.05046702,6/12,-0.54529315,118.25,2.0,False
#79 Marco trap to the post-BOS low,CHFJPY,fx,D1,87,7.653359826589596,-0.28489682,-2.196707085568617,0.2988505747126437,0.20583884,0.00020130709,-0.6887858,-0.3266761004924774,-0.09950155,4/12,-1.0110557,176.0,3.4238112,False
#79 Marco trap 2R,COCOA.c,soft,M5,2892,789.464125560538,-0.4300157,-13.681122149544304,0.3281466113416321,-0.32025486,-0.43137953,-0.42853588,0.0013820672174915671,-0.5506544,1/4,-0.883611,0.75,2.0,False
#79 Marco trap to the post-BOS low,COCOA.c,soft,M5,2349,641.234865470852,-0.4717499,-10.383944680676818,0.27586206896551724,-0.28869376,-0.4891867,-0.45332065,-0.006906214635819197,-0.5949072,0/4,-1.084405,0.6666667,2.5445204,False
#79 Marco trap 2R,COCOA.c,soft,M15,981,267.79540358744396,-0.33767572,-7.328978874313244,0.32619775739041795,-0.13334648,-0.29847378,-0.37960696,-0.0800970047712326,-0.41881654,0/4,-0.7170624,1.6666666,2.0,False
#79 Marco trap to the post-BOS low,COCOA.c,soft,M15,856,233.6726457399103,-0.22250494,-2.5482321123154597,0.25,-0.15471438,-0.22472644,-0.22019883,-0.010750437155365944,-0.28833365,1/4,-1.0243976,1.9166666,3.268209,False
#79 Marco trap 2R,COCOA.c,soft,M30,506,138.43932584269663,-0.14695872,-2.2796570603764996,0.3932806324110672,-0.23712197,-0.07004988,-0.22509322,0.03045549988746643,-0.18903497,2/4,-0.5956531,4.291667,2.0,False
#79 Marco trap to the post-BOS low,COCOA.c,soft,M30,457,125.5031954887218,-0.2102567,-1.9961374164267691,0.2735229759299781,-0.21669148,-0.076063074,-0.34154573,0.0714021697640419,-0.28221902,2/4,-0.65074,15.833333,3.5133457,False
#79 Marco trap 2R,COCOA.c,soft,H1,233,63.89132882882883,-0.35770065,-4.273311684355484,0.3090128755364807,-0.0738832,-0.22045349,-0.5059766,-0.36653363704681396,-0.35516304,0/4,-0.59348714,19.833334,2.0,False
#79 Marco trap to the post-BOS low,COCOA.c,soft,H1,210,57.80143180105501,-0.31500745,-2.19398839102653,0.2714285714285714,0.09505082,-0.2553856,-0.3757758,-0.5622572302818298,-0.24565688,0/4,-0.5622573,21.416668,3.245049,False
#79 Marco trap 2R,COCOA.c,soft,H4,113,31.102675207234363,-0.40271163,-4.05551283665797,0.3185840707964602,0.09043751,-0.41614246,-0.38750684,-0.2297563999891281,-0.44691128,0/4,-0.6625358,43.833332,2.0,False
#79 Marco trap to the post-BOS low,COCOA.c,soft,H4,96,26.423511680482292,-0.6936385,-6.473491279152845,0.19791666666666666,0.59588856,-0.7183825,-0.6643956,-0.5156005024909973,-0.74348897,0/4,-1.0240308,28.75,4.247827,False
#79 Marco trap 2R,COCOA.c,soft,D1,22,7.454081632653061,0.13469443,0.46714085259136406,0.45454545454545453,-0.3201668,0.36025065,-0.2600289,1.9861407279968262,0.046530366,2/4,-0.83216554,359.95834,2.0,False
#79 Marco trap to the post-BOS low,COCOA.c,soft,D1,19,6.437615955473098,0.153169,0.41848697340311347,0.42105263157894735,-0.31072688,0.229653,-0.060985945,4.67057991027832,-0.09779823,2/4,-0.73462313,372.08334,2.7654285,False
#79 Marco trap 2R,COFFEE.c,soft,M5,3323,907.119394618834,-0.22193468,-8.983654985336045,0.33222991272946134,-0.11051693,-0.14926971,-0.2977726,-0.06778736412525177,-0.2707317,0/4,-0.34191778,0.75,2.0,False
#79 Marco trap to the post-BOS low,COFFEE.c,soft,M5,2758,752.884529147982,-0.29510188,-8.878485572265266,0.27084844089920235,-0.049021322,-0.21742696,-0.37789696,-0.13769669830799103,-0.34452066,0/4,-0.4504527,0.6666667,2.672308,False
#79 Marco trap 2R,COFFEE.c,soft,M15,1178,322.0542664670659,-0.31597593,-8.062898046021227,0.29711375212224106,-0.026045926,-0.27356902,-0.35838285,-0.20756983757019043,-0.35268617,0/4,-0.46064174,1.7083333,2.0,False
#79 Marco trap to the post-BOS low,COFFEE.c,soft,M15,990,270.6568113772455,-0.47688273,-7.515818758348586,0.18181818181818182,0.042037543,-0.4418971,-0.5118683,-0.3919183313846588,-0.50482404,0/4,-0.59349704,1.6666666,3.3821476,False
#79 Marco trap 2R,COFFEE.c,soft,M30,555,152.1875,-0.30611396,-5.603423162779133,0.3027027027027027,0.10155079,-0.3015802,-0.31059897,-0.18197442591190338,-0.35167253,0/4,-0.7224885,3.3333333,2.0,False
#79 Marco trap to the post-BOS low,COFFEE.c,soft,M30,490,134.36373873873873,-0.2794851,-2.3375660240449956,0.19591836734693877,0.114714034,-0.39471945,-0.15444358,-0.09121357649564743,-0.34818584,0/4,-0.7258303,3.5833333,3.6801875,False
#79 Marco trap 2R,COFFEE.c,soft,H1,305,83.63457207207207,-0.24846011,-3.5508888599336474,0.32786885245901637,0.0097636515,-0.10318793,-0.4066675,0.08159533143043518,-0.36383346,1/4,-0.48114395,17.916666,2.0,False
#79 Marco trap to the post-BOS low,COFFEE.c,soft,H1,278,76.23085585585586,-0.34745935,-3.1074712504480364,0.2158273381294964,-0.011009573,-0.20027855,-0.5079196,0.1708865463733673,-0.5252495,1/4,-0.58337814,18.708332,3.890591,False
#79 Marco trap 2R,COFFEE.c,soft,H4,131,36.248295454545456,-0.18615863,-1.783151275634748,0.3511450381679389,0.10411309,0.049098708,-0.3975493,-0.1897279918193817,-0.18480602,1/4,-0.50534475,30.166666,2.0,False
#79 Marco trap to the post-BOS low,COFFEE.c,soft,H4,113,31.267613636363638,-0.36326295,-3.0540762745888785,0.2920353982300885,-0.036287494,-0.18498306,-0.5264343,-0.17380259931087494,-0.42867184,0/4,-0.78261274,30.083334,4.642017,False
#79 Marco trap 2R,COFFEE.c,soft,D1,28,8.227674979887368,-0.14870119,-0.6008295030220339,0.32142857142857145,0.2210727,0.111046955,-0.44841063,-0.3626106083393097,-0.07739807,1/4,-0.3626106,122.333336,2.0,False
#79 Marco trap to the post-BOS low,COFFEE.c,soft,D1,24,7.347862531433361,-0.12636973,-0.2805839264531134,0.20833333333333334,0.30382398,-0.46248886,0.27086192,-1.0252503156661987,0.110177845,2/4,-1.0252504,135.875,5.311565,False
#79 Marco trap 2R,CORN.c,soft,M5,4052,1168.1081294396213,-0.9357413,-31.144347277466956,0.28381046396841064,-0.8754324,-0.923405,-0.9477176,-0.12352733314037323,-1.1414955,0/4,-1.4362776,1.4166666,2.0,False
#79 Marco trap to the post-BOS low,CORN.c,soft,M5,2778,800.8401736385163,-1.0950152,-25.70055043626509,0.26205903527717783,-0.9784854,-1.070541,-1.1188289,-0.17397551238536835,-1.3157195,0/4,-1.648075,0.8333333,2.264256,False
#79 Marco trap 2R,CORN.c,soft,M15,1718,496.83254156769596,-0.9194722,-8.242639658503903,0.30384167636786963,-0.8433225,-1.0160443,-0.8240181,-0.13954795897006989,-1.1147372,0/4,-1.7380359,2.0833333,2.0,False
#79 Marco trap to the post-BOS low,CORN.c,soft,M15,1241,359.172147385103,-1.1505293,-7.225750221586777,0.2570507655116841,-1.0055733,-1.2340571,-1.0615811,0.026454374194145203,-1.41829,1/4,-2.1538615,1.3333334,2.6062934,False
#79 Marco trap 2R,CORN.c,soft,M30,959,276.67831753554503,-0.6377261,-11.658735102732322,0.3222106360792492,-0.5087091,-0.65377724,-0.6219736,0.007848051376640797,-0.8014404,1/4,-0.92536944,3.5833333,2.0,False
#79 Marco trap to the post-BOS low,CORN.c,soft,M30,695,201.1479793977813,-0.7994214,-9.243586997162916,0.25755395683453236,-0.1330578,-0.78635466,-0.8126776,0.18899601697921753,-1.0398952,1/4,-1.1324687,2.0,2.7910686,False
#79 Marco trap 2R,CORN.c,soft,H1,530,153.3934231378764,-0.6962794,-4.345672734408769,0.3283018867924528,-0.5458504,-0.8464067,-0.55387926,-0.12451709806919098,-0.83922,0/4,-1.224254,11.916666,2.0,False
#79 Marco trap to the post-BOS low,CORN.c,soft,H1,420,121.55705229793978,0.69891036,0.773900734646785,0.2642857142857143,-0.54346794,2.0752409,-0.7445582,0.2752707302570343,0.8144485,2/4,-0.9671719,8.083333,2.6731668,False
#79 Marco trap 2R,CORN.c,soft,H4,189,55.67116935483871,-0.4385971,-4.232059192264489,0.3333333333333333,-0.14525071,-0.37319115,-0.5033147,0.16040876507759094,-0.59940404,1/4,-0.8615327,19.166666,2.0,False
#79 Marco trap to the post-BOS low,CORN.c,soft,H4,172,50.91004862236629,-0.4040927,-2.3470125413582923,0.2558139534883721,-0.11090527,-0.17121549,-0.6424493,0.050671566277742386,-0.52873176,1/4,-0.68024987,23.625,3.7632957,False
#79 Marco trap 2R,CORN.c,soft,D1,32,9.675496688741722,-0.47763866,-2.465792774172759,0.25,0.17950338,-0.6610267,-0.31582558,-0.5152876973152161,-0.46895045,0/4,-1.0841801,139.375,2.0,False
#79 Marco trap to the post-BOS low,CORN.c,soft,D1,29,9.398624667258208,-0.6796018,-3.1041985974414366,0.20689655172413793,0.46111405,-0.90703666,-0.4673293,-1.0152777433395386,-0.5920342,0/4,-1.2287387,187.75,3.938888,False
#79 Marco trap 2R,COTTON.c,soft,M5,2429,1346.2704855842185,-4.0873017,-52.69754073739703,0.09674763277068753,-4.0871515,-4.0831127,-4.0911245,,-4.0873017,0/3,-7.918612,1.0833334,2.0,False
#79 Marco trap to the post-BOS low,COTTON.c,soft,M5,1892,1048.6388467374811,-4.686223,-50.48544330617232,0.06448202959830866,-4.6688576,-4.7979274,-4.587005,,-4.686223,0/3,-9.120523,0.8333333,2.2372162,False
#79 Marco trap 2R,COTTON.c,soft,M15,964,534.2959028831563,-3.2611914,-28.69483079008075,0.1462655601659751,-3.2506738,-3.3286211,-3.2045712,,-3.2611914,0/3,-8.675027,1.8333334,2.0,False
#79 Marco trap to the post-BOS low,COTTON.c,soft,M15,763,422.89188163884677,-3.8127093,-26.49903191016334,0.1363040629095675,-3.8434477,-3.958308,-3.6906164,,-3.8127093,0/3,-11.448842,1.4166666,2.6437263,False
#79 Marco trap 2R,COTTON.c,soft,M30,504,279.3414264036419,-2.7362802,-20.57417171636288,0.18253968253968253,-2.7894602,-2.8568907,-2.6087775,,-2.7362802,0/3,-3.2916217,5.0,2.0,False
#79 Marco trap to the post-BOS low,COTTON.c,soft,M30,416,230.56752655538696,-3.0643451,-18.39557035350629,0.1875,-3.2359135,-3.38962,-2.7452662,,-3.0643451,0/3,-4.027154,3.4166667,2.9507658,False
#79 Marco trap 2R,COTTON.c,soft,H1,263,147.10681470137825,-2.1145995,-12.24467742410066,0.21673003802281368,-2.1316462,-2.3894706,-1.8418107,,-2.1145995,0/3,-2.4495971,9.083333,2.0,False
#79 Marco trap to the post-BOS low,COTTON.c,soft,H1,220,123.62307692307692,-2.4966466,-11.245029429847314,0.18636363636363637,-2.304048,-2.9832332,-1.9920386,,-2.4966466,0/3,-2.9092793,8.333334,3.290067,False
#79 Marco trap 2R,COTTON.c,soft,H4,79,45.65625,-1.8073995,-5.369884748178524,0.26582278481012656,-1.6336498,-1.5368263,-2.1305842,,-1.8073995,0/2,-2.2049534,27.166666,2.0,False
#79 Marco trap to the post-BOS low,COTTON.c,soft,H4,75,43.344541139240505,-1.7840378,-4.497466968202007,0.26666666666666666,-1.6884601,-1.5306666,-2.0895739,,-1.7840378,0/2,-2.0494163,31.083334,3.377656,False
#79 Marco trap 2R,COTTON.c,soft,D1,14,10.926282051282053,-0.72396696,-1.594875591221797,0.42857142857142855,-1.6204156,-0.43772927,-1.1056173,,-0.72396696,0/2,-1.1253773,35.583332,2.0,False
#79 Marco trap to the post-BOS low,COTTON.c,soft,D1,14,10.926282051282053,-1.7953911,-5.213822379844917,0.14285714285714285,-0.6963874,-1.5627067,-2.1056373,,-1.7953911,0/2,-1.8753623,120.916664,6.2399597,False
#79 Marco trap 2R,CVX,stock,M5,3426,580.4019016697588,-0.05320609,-2.2286748983263127,0.3397548161120841,0.056006376,0.03684475,-0.14811577,-0.0031285753939300776,-0.108577594,2/7,-0.3311775,1.25,2.0,False
#79 Marco trap to the post-BOS low,CVX,stock,M5,2581,437.2496521335807,-0.04030068,-1.0378022900430126,0.28051142967841924,0.1373374,0.1094563,-0.19561297,0.006486252415925264,-0.09249494,2/7,-0.5069947,0.6666667,2.6407657,False
#79 Marco trap 2R,CVX,stock,M15,1250,211.96030640668525,-0.009312868,-0.23481418590666148,0.3664,0.026572388,0.02402054,-0.043730292,-0.009542832151055336,-0.009058096,3/7,-0.371049,3.7083335,2.0,False
#79 Marco trap to the post-BOS low,CVX,stock,M15,1005,170.41608635097492,0.040011153,0.5895042955816385,0.2855721393034826,0.21345201,0.1794193,-0.0963783,0.08239162713289261,-0.005427693,4/7,-0.205346,2.5,3.1449275,False
#79 Marco trap 2R,CVX,stock,M30,635,107.72584765443567,-0.06665224,-1.2272013760841067,0.3669291338582677,0.018730659,-0.03977309,-0.09647827,-0.019731005653738976,-0.123909265,3/7,-0.4989161,18.583334,2.0,False
#79 Marco trap to the post-BOS low,CVX,stock,M30,546,92.67030669144981,-0.116075195,-1.3778448551824103,0.2673992673992674,0.017449215,-0.07675525,-0.15807603,-0.12710970640182495,-0.10251853,3/7,-0.4931973,18.083334,3.2793026,False
#79 Marco trap 2R,CVX,stock,H1,351,59.5737685873606,0.04388429,0.6490951976694245,0.42735042735042733,-0.058442064,0.09983195,-0.01705872,0.13229362666606903,-0.048123147,4/7,-1.0042499,24.583334,2.0,False
#79 Marco trap to the post-BOS low,CVX,stock,H1,312,52.954460966542754,-0.03504537,-0.36309696341868947,0.34615384615384615,0.07457023,-0.000112020825,-0.07476413,-0.11149881780147552,0.04859161,3/7,-1.0042499,24.583334,3.721459,False
#79 Marco trap 2R,CVX,stock,H4,111,19.30607142857143,-0.18757825,-1.9575659243585513,0.36936936936936937,0.01100363,-0.30645192,-0.047726866,-0.20179563760757446,-0.17410915,2/7,-0.67271185,54.916668,2.0,False
#79 Marco trap to the post-BOS low,CVX,stock,H4,98,17.045,-0.29192787,-2.405235781837246,0.2857142857142857,0.1899704,-0.39266837,-0.15187405,-0.36880412697792053,-0.21505167,2/7,-0.67271185,49.041664,4.43093,False
#79 Marco trap 2R,CVX,stock,D1,56,10.041237113402062,0.03534133,0.20902314936887395,0.44642857142857145,-0.057107992,-0.07231214,0.18980063,-0.07103178650140762,0.14171444,3/6,-0.26269037,90.125,2.0,False
#79 Marco trap to the post-BOS low,CVX,stock,D1,46,8.248159057437407,-0.28758413,-1.2412070035588139,0.2391304347826087,0.854431,-0.4965277,0.037439175,-0.2720186710357666,-0.3031496,2/6,-1.0049962,69.95833,5.2049456,False
#79 Marco trap 2R,DIS,stock,M5,3314,561.1675938803894,-0.04670325,-1.8152011291443544,0.347917923958962,0.006415086,-0.036072,-0.057373066,-0.03135246783494949,-0.06445104,3/7,-0.21745005,1.3333334,2.0,False
#79 Marco trap to the post-BOS low,DIS,stock,M5,2504,424.00834492350486,-0.028026499,-0.6847852106071022,0.2943290734824281,0.12973236,-0.071438625,0.017736092,0.04533872380852699,-0.11510364,3/7,-0.44203034,0.75,2.5487585,False
#79 Marco trap 2R,DIS,stock,M15,1138,192.96866295264624,-0.06766689,-1.7043622615496943,0.351493848857645,0.09573604,-0.097117156,-0.03893244,-0.0904908999800682,-0.042657144,3/7,-0.5360665,4.0,2.0,False
#79 Marco trap to the post-BOS low,DIS,stock,M15,899,152.44185236768803,0.10064283,0.9745967625287842,0.26585094549499444,0.09622315,-0.004939165,0.20459332,0.19774283468723297,-0.00911238,5/7,-0.6553834,2.75,3.2633376,False
#79 Marco trap 2R,DIS,stock,M30,589,99.87569637883009,-0.08771361,-1.6360183272430546,0.34974533106960953,0.0776265,-0.08050072,-0.09504999,-0.04969057813286781,-0.1250965,3/7,-0.33464172,19.083334,2.0,False
#79 Marco trap to the post-BOS low,DIS,stock,M30,494,83.766713091922,0.027781105,0.20526888138831445,0.24898785425101214,0.17882404,-0.0043802657,0.058666214,0.2300282120704651,-0.17121705,4/7,-0.43672928,19.083334,3.6153426,False
#79 Marco trap 2R,DIS,stock,H1,332,56.348977695167285,-0.13637811,-2.0874870847077345,0.3463855421686747,0.18206021,-0.11322624,-0.16187449,-0.17717616260051727,-0.09304604,2/7,-0.281851,23.791668,2.0,False
#79 Marco trap to the post-BOS low,DIS,stock,H1,289,49.05076672862454,-0.15760237,-1.4621267095208168,0.25259515570934254,1.2574463,-0.3477838,0.056351773,-0.10690990090370178,-0.20794523,2/7,-0.45401114,24.583334,3.8656511,False
#79 Marco trap 2R,DIS,stock,H4,102,17.96311475409836,-0.064595856,-0.5107770750414758,0.4117647058823529,0.09113179,-0.21128406,0.08795984,-0.07933661341667175,-0.045924224,2/6,-0.18709712,28.333334,2.0,False
#79 Marco trap to the post-BOS low,DIS,stock,H4,88,15.497589199614271,0.17873174,0.5077404744811477,0.25,-0.2491783,-0.47666392,0.8646108,0.5877176523208618,-0.2901058,2/6,-0.7742846,28.333334,5.534811,False
#79 Marco trap 2R,DIS,stock,D1,47,8.281114327062228,-0.04753062,-0.2614983850189243,0.3829787234042553,0.03616271,0.0053055817,-0.118859485,-0.020430725067853928,-0.081082866,2/6,-0.49357814,161.0,2.0,False
#79 Marco trap to the post-BOS low,DIS,stock,D1,42,7.4001447178002895,-0.068057574,-0.20821672986535725,0.2857142857142857,-0.13168599,-0.2424211,0.14301413,0.20336352288722992,-0.39661998,2/6,-0.8150519,160.58333,3.3900726,False
#79 Marco trap 2R,DOGEUSD,crypto,M5,16304,3282.8202866593165,-0.5527958,-46.54549540001612,0.3194308145240432,-0.47485515,-0.59375757,-0.51063085,-0.6717247366905212,-0.45978722,0/6,-0.8253564,1.5,2.0,False
#79 Marco trap to the post-BOS low,DOGEUSD,crypto,M5,11795,2376.2403474903476,-0.6349648,-41.25890489541082,0.3103857566765579,-0.5352067,-0.6651156,-0.6048396,-0.7979878783226013,-0.5166627,0/6,-0.93162256,1.0,1.9118791,False
#79 Marco trap 2R,DOGEUSD,crypto,M15,5620,1132.2145615002757,-0.46281618,-24.167298545575747,0.3193950177935943,-0.34113473,-0.5137839,-0.4074987,-0.5726721882820129,-0.3764882,0/6,-0.64428616,2.0833333,2.0,False
#79 Marco trap to the post-BOS low,DOGEUSD,crypto,M15,4581,922.8958907887479,-0.508724,-18.448516599533086,0.2728661864221786,-0.35262176,-0.56059295,-0.45234162,-0.6815417408943176,-0.3762281,0/6,-0.6848144,1.75,2.530948,False
#79 Marco trap 2R,DOGEUSD,crypto,M30,2790,562.3882450331126,-0.37307742,-13.807661648155921,0.33154121863799285,-0.30688998,-0.44285995,-0.30198207,-0.47555193305015564,-0.29298246,0/6,-0.4958044,3.1666667,2.0,False
#79 Marco trap to the post-BOS low,DOGEUSD,crypto,M30,2380,479.74337748344374,-0.42504492,-10.965711211208834,0.26554621848739496,-0.34482738,-0.5556456,-0.2890679,-0.5979945063591003,-0.2901261,0/6,-0.613295,3.0,2.9169621,False
#79 Marco trap 2R,DOGEUSD,crypto,H1,1350,272.2736057426836,-0.41360843,-11.050273277934481,0.30666666666666664,-0.24815558,-0.5045163,-0.3213437,-0.4834732413291931,-0.3575487,0/6,-0.5083562,4.6666665,2.0,False
#79 Marco trap to the post-BOS low,DOGEUSD,crypto,H1,1193,240.6091938155715,-0.48318642,-8.762794104129247,0.22967309304274938,-0.19584171,-0.619637,-0.34326082,-0.5556182861328125,-0.4242942,0/6,-0.65338,5.0833335,3.4180803,False
#79 Marco trap 2R,DOGEUSD,crypto,H4,349,70.58264119601328,-0.25374514,-3.6599223942518306,0.3667621776504298,-0.22416665,-0.28362048,-0.22335172,-0.2794676125049591,-0.23295392,0/6,-0.30109912,13.333333,2.0,False
#79 Marco trap to the post-BOS low,DOGEUSD,crypto,H4,325,65.72882059800665,-0.36619738,-3.5276279814214813,0.2523076923076923,-0.16795793,-0.42932713,-0.29947165,-0.3186717629432678,-0.40544614,1/6,-0.6026147,15.166667,3.6092396,False
#79 Marco trap 2R,DOGEUSD,crypto,D1,40,8.686087990487515,-0.07801046,-0.37831237565359194,0.375,-0.13479057,-0.49718675,0.30124426,-0.2473517507314682,0.060541496,2/5,-0.38853368,170.625,2.0,False
#79 Marco trap to the post-BOS low,DOGEUSD,crypto,D1,35,7.600326991676576,0.36099392,0.7416997793161854,0.2857142857142857,-0.5443045,-0.29211554,1.0525216,-0.2522643506526947,0.87742186,3/5,-0.53381217,168.58333,4.6104264,False
#79 Marco trap 2R,DXY.cash,index,M5,3457,1910.2409228441754,-0.5095671,-19.871181530348192,0.3225339890078102,-0.4325763,-0.45278606,-0.5679809,,-0.5095671,0/3,-2.166291,1.25,2.0,False
#79 Marco trap to the post-BOS low,DXY.cash,index,M5,2594,1433.3714069591526,-0.6150079,-18.775312273676533,0.299922898997687,-0.4904651,-0.557857,-0.6764566,,-0.6150079,0/3,-2.427972,0.8333333,2.0721793,False
#79 Marco trap 2R,DXY.cash,index,M15,1308,722.7639939485628,-0.40421373,-9.858140571308317,0.32951070336391436,-0.35073748,-0.31065178,-0.500093,,-0.40421373,0/3,-1.6070507,2.375,2.0,False
#79 Marco trap to the post-BOS low,DXY.cash,index,M15,1034,571.3593040847201,-0.44308785,-7.748105613025313,0.2901353965183752,-0.26172492,-0.30808547,-0.5817962,,-0.44308785,0/3,-1.2541507,1.5833334,2.5445194,False
#79 Marco trap 2R,DXY.cash,index,M30,688,380.74545454545455,-0.33290243,-5.9433681287410876,0.3372093023255814,-0.2503711,-0.32500055,-0.34089673,,-0.33290243,0/3,-1.8527377,3.25,2.0,False
#79 Marco trap to the post-BOS low,DXY.cash,index,M30,563,311.5693181818182,-0.46247575,-5.893520028881684,0.2539964476021314,-0.38790002,-0.34293634,-0.5832959,,-0.46247575,0/3,-1.6656224,2.6666667,2.806162,False
#79 Marco trap 2R,DXY.cash,index,H1,348,192.8786039453718,-0.36128244,-4.768809519715982,0.3333333333333333,-0.14700183,-0.3112139,-0.4214914,,-0.36128244,0/3,-0.9292002,6.25,2.0,False
#79 Marco trap to the post-BOS low,DXY.cash,index,H1,298,165.16616084977238,-0.400265,-3.220511380189264,0.23825503355704697,-0.19797872,-0.32524613,-0.49207914,,-0.400265,0/3,-0.64496815,5.5833335,2.9808984,False
#79 Marco trap 2R,DXY.cash,index,H4,110,63.07299843014129,-0.3274089,-2.8614680928092002,0.3090909090909091,-0.1941192,-0.25860554,-0.40700486,,-0.3274089,0/3,-0.5230684,17.833332,2.0,False
#79 Marco trap to the post-BOS low,DXY.cash,index,H4,102,58.48587127158556,-0.28094554,-1.2158661354148106,0.21568627450980393,-0.2046078,-0.20766684,-0.37015447,,-0.28094554,1/3,-2.1116579,25.666668,3.3820179,False
#79 Marco trap 2R,DXY.cash,index,D1,17,10.212582236842104,-0.24577175,-0.8288631359767671,0.29411764705882354,0.24475718,-0.21602459,-0.2882677,,-0.24577175,0/2,-0.26876336,139.91667,2.0,False
#79 Marco trap to the post-BOS low,DXY.cash,index,D1,16,9.611842105263158,-0.19731665,-0.4616299271583557,0.25,0.4663716,-0.54496825,0.38210273,,-0.19731665,1/2,-0.641498,137.70834,4.109789,False
#79 Marco trap 2R,ETHUSD,crypto,M5,25755,2964.7065080365587,-1.0777628,-63.781321175279295,0.269889341875364,-0.9314414,-1.1198775,-1.0343094,-1.481339931488037,-0.40911737,0/9,-4.720913,1.3333334,2.0,False
#79 Marco trap to the post-BOS low,ETHUSD,crypto,M5,18705,2153.1677434604476,-1.2147596,-62.048044578864726,0.25650895482491315,-1.0429769,-1.232921,-1.1967971,-1.6643530130386353,-0.4787271,0/9,-5.2250094,0.9166667,1.9571179,False
#79 Marco trap 2R,ETHUSD,crypto,M15,8986,1034.7214691046659,-0.9381966,-30.35525141588064,0.2783218339639439,-0.8143787,-0.96666783,-0.90730774,-1.2548391819000244,-0.3970308,0/9,-4.0286584,1.9166666,2.0,False
#79 Marco trap to the post-BOS low,ETHUSD,crypto,M15,7376,849.3329129886506,-1.0695041,-27.927452863717097,0.23223969631236444,-0.9030343,-1.1148162,-1.0212752,-1.4172468185424805,-0.47873586,0/9,-4.614088,1.5833334,2.6014624,False
#79 Marco trap 2R,ETHUSD,crypto,M30,4422,509.1852143757881,-0.8233549,-25.951238077325765,0.2772501130710086,-0.61884946,-0.8483138,-0.7962289,-1.1062535047531128,-0.33878276,0/9,-3.668081,2.6666667,2.0,False
#79 Marco trap to the post-BOS low,ETHUSD,crypto,M30,3758,432.86329233680226,-0.9297593,-23.174231516275388,0.21474188398084088,-0.6609496,-0.9588969,-0.89902884,-1.2677161693572998,-0.36248344,0/9,-4.0039315,2.5,2.9369087,False
#79 Marco trap 2R,ETHUSD,crypto,H1,2158,248.64652996845425,-0.683459,-17.00382608152259,0.28313253012048195,-0.4594989,-0.627114,-0.7450506,-0.8746626973152161,-0.35759822,0/9,-2.4693003,4.8333335,2.0,False
#79 Marco trap to the post-BOS low,ETHUSD,crypto,H1,1847,212.8128548895899,-0.69712764,-12.287140161779442,0.2198159177043855,-0.43976074,-0.57622343,-0.82798237,-0.9305596947669983,-0.30297744,0/9,-2.8448577,4.4166665,3.2939765,False
#79 Marco trap 2R,ETHUSD,crypto,H4,548,63.50158629441625,-0.520528,-8.634765553157932,0.2937956204379562,-0.11629771,-0.3776148,-0.675396,-0.658101499080658,-0.29564828,0/9,-1.9403855,12.583334,2.0,False
#79 Marco trap to the post-BOS low,ETHUSD,crypto,H4,485,56.20122144670051,-0.4308159,-4.128982522508842,0.2309278350515464,0.07196538,-0.19934714,-0.67910075,-0.5977219939231873,-0.15777935,1/9,-2.1923828,14.166667,3.9223158,False
#79 Marco trap 2R,ETHUSD,crypto,D1,62,7.803411440385941,-0.31237742,-2.056702909396065,0.3064516129032258,0.11544232,-0.21734369,-0.43556926,-0.29423728585243225,-0.35047168,1/9,-1.1094462,228.5,2.0,False
#79 Marco trap to the post-BOS low,ETHUSD,crypto,D1,51,6.5131993006993,-0.52095014,-2.5563720094575593,0.2549019607843137,0.6467267,-0.62131006,-0.38865757,-0.6403824687004089,-0.25969207,1/9,-1.8442677,163.0,3.4570072,False
#79 Marco trap 2R,EU50.cash,index,M5,6006,1196.776595744681,-0.23299706,-12.533385042030526,0.33666333666333664,-0.22190495,-0.22622094,-0.23967017,-0.29542791843414307,-0.1720047,0/6,-0.32260713,1.3333334,2.0,False
#79 Marco trap to the post-BOS low,EU50.cash,index,M5,4352,867.1947626841244,-0.25516057,-9.795570692042366,0.3147977941176471,-0.23847844,-0.28414246,-0.22740419,-0.2987503111362457,-0.21413724,0/6,-0.41874537,0.9166667,2.1992397,False
#79 Marco trap 2R,EU50.cash,index,M15,2639,526.1434224890829,-0.20110698,-7.37041585691722,0.33687002652519893,-0.195003,-0.21178806,-0.19041781,-0.18211613595485687,-0.2205788,0/6,-0.24269061,2.25,2.0,False
#79 Marco trap to the post-BOS low,EU50.cash,index,M15,2071,413.3512295081967,-0.21538475,-4.99608179998798,0.27812650893288265,-0.098015755,-0.17523026,-0.25465715,-0.26087522506713867,-0.17063501,0/6,-0.45567188,1.8333334,2.668502,False
#79 Marco trap 2R,EU50.cash,index,M30,1442,287.49481441048033,-0.2302339,-6.347772494323251,0.32801664355062415,-0.11669293,-0.2139362,-0.24644142,-0.1566758006811142,-0.30907637,0/6,-0.42996222,3.6666667,2.0,False
#79 Marco trap to the post-BOS low,EU50.cash,index,M30,1190,237.25300218340612,-0.2297078,-3.927558636063285,0.2596638655462185,0.10298227,-0.16453685,-0.29043528,-0.25137782096862793,-0.20744711,1/6,-0.4754559,3.1666667,2.9883876,False
#79 Marco trap 2R,EU50.cash,index,H1,836,166.94860579551667,-0.1504784,-3.2678616611810676,0.3480861244019139,-0.05515286,-0.15158792,-0.14926901,-0.07394660264253616,-0.23349918,0/6,-0.4392905,6.0833335,2.0,False
#79 Marco trap to the post-BOS low,EU50.cash,index,H1,718,143.3840896664844,-0.12031256,-1.6287672836728548,0.27158774373259054,0.0002797294,-0.04592569,-0.19809027,-0.10350159555673599,-0.13808689,1/6,-0.49393928,6.291667,3.0633464,False
#79 Marco trap 2R,EU50.cash,index,H4,236,48.155865921787715,-0.2982133,-3.907101810085572,0.326271186440678,0.07875744,-0.20271711,-0.4258568,-0.4194115400314331,-0.17069171,0/6,-0.5692335,23.333334,2.0,False
#79 Marco trap to the post-BOS low,EU50.cash,index,H4,206,42.17572869955157,-0.3217181,-2.6689251624378088,0.23300970873786409,0.24734771,-0.14132164,-0.5588684,-0.4895953834056854,-0.14719217,1/6,-0.6136914,23.041668,4.082594,False
#79 Marco trap 2R,EU50.cash,index,D1,43,8.873305084745763,0.03075226,0.1468684307913276,0.3953488372093023,0.21395396,0.046913266,0.015325898,0.0913166031241417,-0.03889671,4/6,-1.0519764,106.0,2.0,False
#79 Marco trap to the post-BOS low,EU50.cash,index,D1,39,8.047881355932203,0.1450845,0.3330061502536861,0.23076923076923078,1.0114186,0.30200016,0.010585336,0.28299975395202637,0.014065057,4/6,-1.0519764,106.0,4.44521,False
#79 Marco trap 2R,EURAUD,fx,M15,10180,869.3581949964929,-0.1693906,-11.750469365922491,0.33664047151277016,-0.17967151,-0.16573684,-0.17302717,-0.16151714324951172,-0.19476138,0/12,-0.26667064,1.75,2.0,False
#79 Marco trap to the post-BOS low,EURAUD,fx,M15,8404,717.6902034136077,-0.2003656,-9.953822952116615,0.27391718229414563,-0.14272122,-0.15866652,-0.24260403,-0.21073994040489197,-0.16714701,0/12,-0.32492578,1.5,2.7429066,False
#79 Marco trap 2R,EURAUD,fx,M30,4993,426.495147333957,-0.11921832,-6.010359084134565,0.34568395754055675,-0.15474029,-0.15281412,-0.08577023,-0.11916204541921616,-0.119398154,0/12,-0.2916741,3.0,2.0,False
#79 Marco trap to the post-BOS low,EURAUD,fx,M30,4253,363.2853718428438,-0.15943171,-5.242345053909485,0.2614624970608982,-0.09065857,-0.21547441,-0.10320421,-0.1784241646528244,-0.098921254,0/12,-0.35585123,3.0,3.051956,False
#79 Marco trap 2R,EURAUD,fx,H1,2494,213.03402712815716,-0.09947934,-3.597322595493366,0.35565356856455493,-0.110786006,-0.15310736,-0.04661988,-0.09822254627943039,-0.10357143,2/12,-0.3196583,5.0,2.0,False
#79 Marco trap to the post-BOS low,EURAUD,fx,H1,2193,187.32302385406925,-0.08647615,-1.7985437226981613,0.2507979936160511,-0.13539383,-0.14449039,-0.03079493,-0.12663394212722778,0.043377634,3/12,-0.3193377,5.75,3.5602045,False
#79 Marco trap 2R,EURAUD,fx,H4,666,57.12928604978863,-0.11958705,-2.517391969952856,0.36486486486486486,-0.05587089,-0.11963649,-0.11954156,-0.15386636555194855,0.00039066173,2/12,-0.41067007,19.25,2.0,False
#79 Marco trap to the post-BOS low,EURAUD,fx,H4,607,52.068283231564116,-0.057900205,-0.5642635126866677,0.25370675453047775,-0.12737602,-0.0736269,-0.043701824,-0.03422704339027405,-0.13760553,6/12,-0.66612357,25.0,3.6185644,False
#79 Marco trap 2R,EURAUD,fx,D1,104,9.052907530981887,-0.23512132,-1.9511584467644878,0.3076923076923077,-0.109661326,0.059085056,-0.47771254,-0.3198992609977722,0.0066529107,2/12,-0.74567455,107.25,2.0,False
#79 Marco trap to the post-BOS low,EURAUD,fx,D1,94,8.18243565300286,-0.035298876,-0.11639933437771093,0.23404255319148937,-0.054255743,0.32570243,-0.35297996,-0.3389773964881897,0.90214384,4/12,-1.1116958,153.5,3.8967752,False
#79 Marco trap 2R,EURCAD,fx,M15,10423,889.9019985974754,-0.20534717,-14.24249555475626,0.3369471361412261,-0.20649792,-0.1889434,-0.22261344,-0.17251688241958618,-0.31038556,0/12,-0.3861591,1.25,2.0,False
#79 Marco trap to the post-BOS low,EURCAD,fx,M15,8545,729.5608345021037,-0.22580199,-11.01031815617898,0.2851960210649503,-0.18464091,-0.21373932,-0.23859474,-0.1867390125989914,-0.34948558,0/12,-0.47048232,1.25,2.6605241,False
#79 Marco trap 2R,EURCAD,fx,M30,5365,458.163724573299,-0.17527717,-9.222147834629352,0.33793103448275863,-0.1374574,-0.1362704,-0.21599281,-0.16004012525081635,-0.22350813,0/12,-0.29880443,2.25,2.0,False
#79 Marco trap to the post-BOS low,EURCAD,fx,M30,4441,379.5215839962565,-0.1935629,-6.523435236850622,0.2614276063949561,-0.11550519,-0.12225615,-0.2691361,-0.17744480073451996,-0.24275535,0/12,-0.36966652,2.0,2.966332,False
#79 Marco trap 2R,EURCAD,fx,H1,2762,235.87105447743747,-0.19166468,-7.461170106498494,0.3291093410572049,-0.13531403,-0.15909544,-0.22528844,-0.20892558991909027,-0.13840106,0/12,-0.37670082,4.5,2.0,False
#79 Marco trap to the post-BOS low,EURCAD,fx,H1,2296,196.4427266338721,-0.18326296,-3.9714796633821834,0.25217770034843207,-0.15940209,-0.16565771,-0.20174846,-0.19610631465911865,-0.14428143,4/12,-0.5791938,4.0,3.081125,False
#79 Marco trap 2R,EURCAD,fx,H4,697,59.844675599435824,-0.0970823,-2.0234503106886184,0.3672883787661406,-0.087338634,-0.040992886,-0.1569998,-0.10142356157302856,-0.081516616,2/12,-0.4089051,16.75,2.0,False
#79 Marco trap to the post-BOS low,EURCAD,fx,H4,637,54.69305359661495,0.018154934,0.18526944361980854,0.2857142857142857,-0.055027798,0.14725482,-0.12595658,0.008354466408491135,0.0542581,5/12,-0.27659848,23.25,4.13523,False
#79 Marco trap 2R,EURCAD,fx,D1,114,9.997238895558223,-0.07469241,-0.6631325607231968,0.41228070175438597,-0.32738054,-0.112410896,-0.03423073,-0.16040678322315216,0.12698844,3/12,-0.86032706,160.375,2.0,False
#79 Marco trap to the post-BOS low,EURCAD,fx,D1,98,8.594117647058823,0.3325429,1.016930772327616,0.336734693877551,-0.6016222,0.37976915,0.2833487,-0.1980745643377304,1.479361,5/12,-0.86032706,155.75,4.3486176,False
#79 Marco trap 2R,EURCHF,fx,M15,10245,877.7823715693173,-0.2684135,-14.604807875901585,0.3535383113714007,-0.47152412,-0.33721712,-0.19682819,-0.2250659167766571,-0.40384856,0/12,-0.50654465,1.5,2.0,False
#79 Marco trap to the post-BOS low,EURCHF,fx,M15,8344,714.9064039408867,-0.25788176,-9.71704761639039,0.3029721955896453,-0.5276926,-0.2990802,-0.21584535,-0.21354205906391144,-0.39642414,0/12,-0.5421346,1.25,2.6577888,False
#79 Marco trap 2R,EURCHF,fx,M30,5182,444.4060812397276,-0.19512935,-6.95585900067816,0.36356619065997686,-0.36118904,-0.26564142,-0.120644026,-0.16755017638206482,-0.28088513,1/12,-0.54399353,2.25,2.0,False
#79 Marco trap to the post-BOS low,EURCHF,fx,M30,4269,366.107595679737,-0.17165911,-3.909730083102756,0.2813305223705786,-0.43627942,-0.23224893,-0.10693017,-0.13555908203125,-0.2879934,1/12,-0.623694,2.25,3.054502,False
#79 Marco trap 2R,EURCHF,fx,H1,2489,213.5558491895701,-0.14449827,-3.1923903672268406,0.38328646042587383,-0.4110759,-0.24469566,-0.030625876,-0.10944854468107224,-0.25756198,2/12,-0.65264916,4.5,2.0,False
#79 Marco trap to the post-BOS low,EURCHF,fx,H1,2115,181.4667019027484,-0.12496246,-1.8411104570602783,0.2761229314420804,-0.5310248,-0.19137411,-0.047459494,-0.07719535380601883,-0.2756774,3/12,-0.5304373,5.5,3.3767967,False
#79 Marco trap 2R,EURCHF,fx,H4,638,55.1941023211748,-0.057050556,-1.0740716424921328,0.4012539184952978,-0.27105817,-0.19850351,0.108459026,-0.037743937224149704,-0.13473316,4/12,-0.2830532,12.0,2.0,False
#79 Marco trap to the post-BOS low,EURCHF,fx,H4,588,50.86854571293226,-0.10294771,-1.024770831351093,0.2789115646258503,-0.3376753,-0.19661762,0.0051329234,-0.021744512021541595,-0.41964018,5/12,-0.57580465,19.0,4.295433,False
#79 Marco trap 2R,EURCHF,fx,D1,100,8.694358486074744,-0.17759222,-1.4479166269302368,0.36,0.0052856817,-0.21456526,-0.14206907,-0.1158488467335701,-0.32875705,5/12,-0.9454601,96.0,2.0,False
#79 Marco trap to the post-BOS low,EURCHF,fx,D1,88,7.700527072352659,-0.397042,-1.9331525980466548,0.22727272727272727,-0.23308563,-0.32792476,-0.4520537,-0.2825923562049866,-0.66996044,1/12,-1.1171744,96.0,4.5578394,False
#79 Marco trap 2R,EURGBP,fx,M15,10174,868.6427068723702,-0.19667403,-13.280227526474329,0.3467662669549833,-0.27091917,-0.21961264,-0.17312314,-0.18117374181747437,-0.24639289,0/12,-0.5237189,1.25,2.0,False
#79 Marco trap to the post-BOS low,EURGBP,fx,M15,8163,696.9461781206171,-0.17971279,-5.582617690785837,0.2954796030871003,-0.25310028,-0.2047822,-0.15412833,-0.15554296970367432,-0.2555927,1/12,-0.62986535,1.0,2.6298678,False
#79 Marco trap 2R,EURGBP,fx,M30,5149,439.71761748889406,-0.1724642,-8.790259910724222,0.3453097688871626,-0.21902335,-0.18103163,-0.16356088,-0.16764675080776215,-0.18778075,0/12,-0.5451519,1.75,2.0,False
#79 Marco trap to the post-BOS low,EURGBP,fx,M30,4213,359.8686272217025,-0.17019844,-5.4631118836636725,0.27438879658200804,-0.19946495,-0.19365682,-0.14489993,-0.16254375874996185,-0.19437908,2/12,-0.6877664,1.75,3.016324,False
#79 Marco trap 2R,EURGBP,fx,H1,2573,219.78209775491115,-0.17924984,-6.621109580562995,0.3443451224251846,-0.17685749,-0.14976116,-0.20941083,-0.16335999965667725,-0.23230532,0/12,-0.5600758,4.0,2.0,False
#79 Marco trap to the post-BOS low,EURGBP,fx,H1,2134,182.2833255378859,-0.22956268,-5.118934424024278,0.253514526710403,-0.09793651,-0.25224572,-0.20588021,-0.20952032506465912,-0.29506108,0/12,-0.8598903,3.75,3.213872,False
#79 Marco trap 2R,EURGBP,fx,H4,724,62.177521749353396,-0.15120718,-3.136455910911014,0.36049723756906077,-0.111142196,-0.12770522,-0.1757714,-0.18644379079341888,-0.036377285,3/12,-0.84669906,13.625,2.0,False
#79 Marco trap to the post-BOS low,EURGBP,fx,H4,653,56.08000235128144,-0.107496604,-1.0038821565264755,0.2572741194486983,-0.16091043,0.08021457,-0.3126553,-0.08841023594141006,-0.17319527,4/12,-0.8514623,19.5,4.721788,False
#79 Marco trap 2R,EURGBP,fx,D1,121,10.600923482849604,0.18233123,1.4547050446271896,0.4628099173553719,-0.11499161,0.46808985,-0.10819013,0.319594144821167,-0.27357778,6/12,-0.67466897,107.25,2.0,False
#79 Marco trap to the post-BOS low,EURGBP,fx,D1,112,9.812425041976493,0.12593454,0.5192065554244014,0.32142857142857145,-0.13684466,0.51449215,-0.29140514,0.14953960478305817,0.051622424,5/12,-0.887125,146.625,4.360215,False
#79 Marco trap 2R,EURJPY,fx,M15,9971,851.3108345021037,-0.19098291,-13.042216344619131,0.33075920168488615,-0.14875461,-0.19079867,-0.1911757,-0.18597206473350525,-0.20741537,0/12,-0.40821552,1.5,2.0,False
#79 Marco trap to the post-BOS low,EURJPY,fx,M15,8156,696.5113397241057,-0.20936649,-10.082736120940245,0.2742766061794998,-0.10500692,-0.19716291,-0.22181794,-0.24776680767536163,-0.086243875,1/12,-0.42415962,1.5,2.6570988,False
#79 Marco trap 2R,EURJPY,fx,M30,4888,417.42857142857144,-0.20993987,-10.726391761564136,0.31853518821603927,-0.061163034,-0.17228769,-0.2510736,-0.23075155913829803,-0.1444687,0/12,-0.47545114,2.75,2.0,False
#79 Marco trap to the post-BOS low,EURJPY,fx,M30,4105,350.5614332476035,-0.26162907,-8.725327532864723,0.23702801461632156,-0.0057522696,-0.24954148,-0.2745514,-0.30268827080726624,-0.13531195,0/12,-0.5079661,2.5,3.0165925,False
#79 Marco trap 2R,EURJPY,fx,H1,2507,214.49560787069572,-0.14429086,-5.324970866327254,0.3422417231751097,-0.060707632,-0.14531898,-0.14315118,-0.15318258106708527,-0.11705366,0/12,-0.29662,4.75,2.0,False
#79 Marco trap to the post-BOS low,EURJPY,fx,H1,2172,185.83345045678143,-0.18950216,-4.230433714409358,0.23802946593001842,0.05772399,-0.18762799,-0.19158782,-0.20622014999389648,-0.13847487,2/12,-0.4541916,5.25,3.2752442,False
#79 Marco trap 2R,EURJPY,fx,H4,635,54.66267970775395,-0.14314812,-2.865279556128909,0.352755905511811,-0.061080508,-0.120135605,-0.16900836,-0.11519157141447067,-0.23122044,2/12,-0.6608888,16.75,2.0,False
#79 Marco trap to the post-BOS low,EURJPY,fx,H4,581,50.01419985859062,-0.20959139,-2.556900223170478,0.24612736660929432,-0.19613805,-0.16399832,-0.25962853,-0.17569884657859802,-0.31736478,2/12,-0.96803695,21.0,3.686134,False
#79 Marco trap 2R,EURJPY,fx,D1,89,7.6922030288689065,0.13103805,0.9663905243931585,0.4606741573033708,-0.41687703,0.25204733,-0.039029002,0.047737132757902145,0.41842628,7/12,-1.1063504,172.5,2.0,False
#79 Marco trap to the post-BOS low,EURJPY,fx,D1,82,7.087198296261239,0.015751153,0.08590325487503236,0.34146341463414637,-0.35310805,0.02379217,0.0049532005,-0.14273494482040405,0.5412577,6/12,-1.1063504,240.5,3.5030556,False
#79 Marco trap 2R,EURNZD,fx,M15,10194,870.5537760112228,-0.31573582,-18.73909475873402,0.33902295467922305,-0.36572525,-0.39061996,-0.24276617,-0.2886184751987457,-0.40261206,0/12,-0.54179764,1.75,2.0,False
#79 Marco trap to the post-BOS low,EURNZD,fx,M15,8478,724.0097030628946,-0.34334648,-14.82603393627064,0.2826138240150979,-0.3738279,-0.38978845,-0.29772976,-0.31633326411247253,-0.43027258,1/12,-0.60633606,1.5,2.7805767,False
#79 Marco trap 2R,EURNZD,fx,M30,5012,428.01800327332245,-0.22568652,-10.940469924201505,0.34397446129289705,-0.284518,-0.25443202,-0.19773294,-0.22029733657836914,-0.24208009,2/12,-0.5742585,2.75,2.0,False
#79 Marco trap to the post-BOS low,EURNZD,fx,M30,4309,367.98275660509705,-0.23800686,-7.386236047204507,0.26479461592016706,-0.26310104,-0.2745034,-0.20229785,-0.2528504431247711,-0.19228123,2/12,-0.63891995,3.0,3.0586586,False
#79 Marco trap 2R,EURNZD,fx,H1,2542,217.23572765559197,-0.18485677,-6.629339866456011,0.35326514555468136,-0.26192343,-0.18478198,-0.18493263,-0.19979098439216614,-0.13683447,2/12,-0.46328557,4.75,2.0,False
#79 Marco trap to the post-BOS low,EURNZD,fx,H1,2254,192.6236546560599,-0.13341053,-2.5333229962936663,0.2528837622005324,-0.21462734,-0.1406005,-0.12602659,-0.1639428436756134,-0.036262177,3/12,-0.5626033,6.0,3.4384265,False
#79 Marco trap 2R,EURNZD,fx,H4,637,54.56478658536586,-0.282816,-5.8759062741768835,0.3359497645211931,-0.11831398,-0.35023427,-0.22088048,-0.2566211521625519,-0.37249696,3/12,-0.84057015,14.75,2.0,False
#79 Marco trap to the post-BOS low,EURNZD,fx,H4,574,49.16826923076923,-0.3997157,-5.51497311772067,0.24041811846689895,-0.036018617,-0.49777964,-0.3088914,-0.3543907701969147,-0.5514855,2/12,-0.851115,16.5,3.9309378,False
#79 Marco trap 2R,EURNZD,fx,D1,100,8.81607530774801,0.037601396,0.2917560189962387,0.43,-0.08184614,0.07128526,0.015145484,0.060731757432222366,-0.05492006,4/12,-0.91905046,199.625,2.0,False
#79 Marco trap to the post-BOS low,EURNZD,fx,D1,88,7.758146270818248,-0.21008067,-1.3541749575214632,0.3181818181818182,0.5577026,-0.13300842,-0.256324,-0.18668049573898315,-0.30781066,5/12,-1.0507755,226.0,3.6785438,False
#79 Marco trap 2R,EURUSD,fx,M15,10525,898.8207271451952,-0.25785685,-18.533303644294225,0.31334916864608076,-0.12369927,-0.28637022,-0.22869132,-0.2952689826488495,-0.13795269,0/12,-0.7984157,1.5,2.0,False
#79 Marco trap to the post-BOS low,EURUSD,fx,M15,8265,705.8197919102174,-0.2954889,-14.6625187688003,0.2637628554143981,-0.07348234,-0.33141378,-0.2588529,-0.3525305390357971,-0.11333772,0/12,-0.83598036,1.0,2.6320543,False
#79 Marco trap 2R,EURUSD,fx,M30,5228,446.4641103577274,-0.24145627,-12.63678496092642,0.3140780413159908,-0.10232375,-0.24857798,-0.23432907,-0.28167641162872314,-0.11412991,0/12,-0.7097053,2.25,2.0,False
#79 Marco trap to the post-BOS low,EURUSD,fx,M30,4155,354.83136544306757,-0.25142017,-8.118587553427309,0.24500601684717208,-0.06757571,-0.26531354,-0.23760013,-0.3116946518421173,-0.06783826,1/12,-0.6768326,1.75,3.0010798,False
#79 Marco trap 2R,EURUSD,fx,H1,2606,222.54886602758944,-0.1966443,-7.423444595667608,0.329623944742901,-0.06013159,-0.20162463,-0.191664,-0.23882471024990082,-0.06294924,2/12,-0.6301129,4.5,2.0,False
#79 Marco trap to the post-BOS low,EURUSD,fx,H1,2105,179.84824561403508,-0.1969376,-4.404335903757797,0.2532066508313539,0.039600667,-0.2757094,-0.118090905,-0.23460541665554047,-0.07728239,2/12,-0.5539412,3.5,3.282063,False
#79 Marco trap 2R,EURUSD,fx,H4,727,62.49393975052954,-0.13346282,-2.8708692129275817,0.3603851444291609,-0.030006062,-0.08380844,-0.18110956,-0.15281832218170166,-0.07004509,1/12,-0.32142264,18.75,2.0,False
#79 Marco trap to the post-BOS low,EURUSD,fx,H4,665,57.164332784184516,-0.075300306,-0.81425831005513,0.28421052631578947,-0.0017856684,0.03522182,-0.18749698,-0.05915910750627518,-0.12666786,5/12,-0.6846967,22.25,3.8824718,False
#79 Marco trap 2R,EURUSD,fx,D1,106,9.295678271308523,-0.25130716,-2.2257160405416543,0.32075471698113206,0.17914887,-0.4280024,-0.060753487,-0.21676039695739746,-0.35238844,2/12,-0.783434,119.0,2.0,False
#79 Marco trap to the post-BOS low,EURUSD,fx,D1,101,8.85720288115246,-0.4039983,-2.9073630718780548,0.2376237623762376,0.34778988,-0.6110601,-0.18425922,-0.4354879856109619,-0.3131625,2/12,-1.0392884,135.5,3.980407,False
#79 Marco trap 2R,FRA40.cash,index,M5,8369,1670.370081967213,-0.316363,-19.521576920160637,0.3268012904767595,-0.2431649,-0.27321163,-0.3606956,-0.3480667471885681,-0.28449973,0/6,-0.39309543,1.0,2.0,False
#79 Marco trap to the post-BOS low,FRA40.cash,index,M5,6188,1235.0639344262295,-0.3347758,-14.779292998829712,0.295087265675501,-0.20704056,-0.30563423,-0.36466146,-0.33341163396835327,-0.33610693,0/6,-0.5162914,0.75,2.2303038,False
#79 Marco trap 2R,FRA40.cash,index,M15,3330,664.6352459016393,-0.20469652,-7.815158420267001,0.33783783783783783,-0.24226163,-0.20602234,-0.20334497,-0.19142507016658783,-0.2185712,0/6,-0.31244767,1.8333334,2.0,False
#79 Marco trap to the post-BOS low,FRA40.cash,index,M15,2602,519.6175505740841,-0.22122103,-5.517001965028082,0.27478862413528055,-0.24334991,-0.17669384,-0.2658853,-0.12689019739627838,-0.31354332,0/6,-0.56292945,1.3333334,2.728127,False
#79 Marco trap 2R,FRA40.cash,index,M30,1742,347.68606557377046,-0.10284508,-2.9888171946883078,0.3582089552238806,-0.17800424,-0.09207364,-0.11376595,-0.06984597444534302,-0.13661075,1/6,-0.3136357,2.9166667,2.0,False
#79 Marco trap to the post-BOS low,FRA40.cash,index,M30,1455,290.5624658283215,-0.078435086,-1.3194583819239203,0.2632302405498282,-0.18449,-0.0875621,-0.06946972,-0.06045086681842804,-0.09659319,3/6,-0.65847886,2.8333333,3.1758149,False
#79 Marco trap 2R,FRA40.cash,index,H1,953,190.5217569786535,-0.037119903,-0.8368017885064056,0.378803777544596,-0.0791902,-0.04145084,-0.032612752,-0.07795962691307068,0.0034635076,3/6,-0.3506238,6.1666665,2.0,False
#79 Marco trap to the post-BOS low,FRA40.cash,index,H1,803,160.53407224958949,0.022473512,0.28773422758220263,0.2851805728518057,0.0069058635,0.1553229,-0.1080797,-0.04895400628447533,0.09059901,3/6,-0.62248224,6.0,3.2802944,False
#79 Marco trap 2R,FRA40.cash,index,H4,247,49.92625899280576,-0.09141611,-1.1219101872904464,0.38866396761133604,-0.012510686,-0.17688473,0.022273261,-0.005637286230921745,-0.18672591,2/6,-0.39439532,18.333334,2.0,False
#79 Marco trap to the post-BOS low,FRA40.cash,index,H4,224,45.277255118981735,-0.052401204,-0.29128565449204313,0.28125,-0.115518466,-0.11739486,0.0358533,0.1019594594836235,-0.22734328,3/6,-0.44025812,25.833334,3.9113216,False
#79 Marco trap 2R,FRA40.cash,index,D1,45,9.424455275229358,0.13294038,0.6749751418546935,0.4444444444444444,0.1136242,0.11232348,0.16115299,-0.1018332690000534,0.37838566,3/6,-0.5195702,107.666664,2.0,False
#79 Marco trap to the post-BOS low,FRA40.cash,index,D1,41,8.586725917431192,0.024277981,0.06302420595034254,0.2926829268292683,0.5870844,-0.18121065,0.26221207,0.30888286232948303,-0.24677446,3/6,-0.4641622,94.25,4.498764,False
#79 Marco trap 2R,GBPAUD,fx,M15,10369,885.4985386953472,-0.18835904,-12.56874877224945,0.34227022856591766,-0.25804484,-0.20170766,-0.17530328,-0.17109425365924835,-0.24534503,1/12,-0.32961652,1.5,2.0,False
#79 Marco trap to the post-BOS low,GBPAUD,fx,M15,8610,735.2823240589198,-0.20721757,-9.560488483196645,0.27665505226480835,-0.22497892,-0.21777119,-0.1968823,-0.17611178755760193,-0.30962163,1/12,-0.40827033,1.5,2.7494183,False
#79 Marco trap 2R,GBPAUD,fx,M30,4970,424.4312602291326,-0.13349018,-6.704867800175589,0.3466800804828974,-0.17149213,-0.12152417,-0.14516127,-0.12364695221185684,-0.16644727,2/12,-0.36628166,2.5,2.0,False
#79 Marco trap to the post-BOS low,GBPAUD,fx,M30,4214,359.86988543371524,-0.18431078,-6.052601353373243,0.2593735168485999,-0.07836222,-0.19819452,-0.17102028,-0.1556900143623352,-0.27977228,2/12,-0.39550403,2.5,3.0165062,False
#79 Marco trap 2R,GBPAUD,fx,H1,2497,213.29028297474275,-0.12721293,-4.671396468261325,0.35482579094913896,-0.13557872,-0.09103629,-0.16138913,-0.11755087226629257,-0.15823571,1/12,-0.27951056,4.75,2.0,False
#79 Marco trap to the post-BOS low,GBPAUD,fx,H1,2181,186.29800046772687,-0.14974932,-3.267354181928633,0.24530032095369098,-0.08106325,-0.09840605,-0.1980321,-0.16905637085437775,-0.09005327,4/12,-0.5264944,5.25,3.4478188,False
#79 Marco trap 2R,GBPAUD,fx,H4,631,54.38243275129778,-0.08729895,-1.7090698340421544,0.3692551505546751,-0.16137044,-0.09368083,-0.0806063,-0.02733231708407402,-0.2919404,4/12,-0.39645877,18.5,2.0,False
#79 Marco trap to the post-BOS low,GBPAUD,fx,H4,575,49.556099575271354,-0.0919639,-1.0145177690964522,0.27304347826086955,-0.24214971,-0.01240255,-0.17875807,-0.015465499833226204,-0.35911065,4/12,-0.5445232,23.5,3.9412496,False
#79 Marco trap 2R,GBPAUD,fx,D1,95,8.908536585365853,-0.26305068,-2.3324537595547166,0.3473684210526316,0.20519178,-0.109566495,-0.39546835,-0.3423093855381012,-0.05271019,3/12,-1.0239189,153.0,2.0,False
#79 Marco trap to the post-BOS low,GBPAUD,fx,D1,79,7.4081514762516045,-0.4850656,-3.5123679476686513,0.20253164556962025,0.18012124,-0.17449379,-0.77291256,-0.6312963962554932,-0.053684622,2/12,-1.154354,125.25,4.380109,False
#79 Marco trap 2R,GBPCAD,fx,M15,10579,903.2210729312762,-0.23839751,-17.155431712649616,0.3320729747613196,-0.24666408,-0.23855309,-0.2382373,-0.23870764672756195,-0.23739162,0/12,-0.39534572,1.25,2.0,False
#79 Marco trap to the post-BOS low,GBPCAD,fx,M15,8621,736.0496143057503,-0.24071337,-11.792890435043644,0.27850597378494374,-0.24560277,-0.21981353,-0.26198003,-0.24849215149879456,-0.21595405,0/12,-0.47433978,1.0,2.6840663,False
#79 Marco trap 2R,GBPCAD,fx,M30,5374,458.82503506311355,-0.18752189,-9.840606379741757,0.33755117231112763,-0.18589343,-0.19862367,-0.17623681,-0.19025544822216034,-0.17849398,0/12,-0.3600449,2.0,2.0,False
#79 Marco trap to the post-BOS low,GBPCAD,fx,M30,4372,373.27559607293125,-0.17423384,-5.599120938378566,0.26212259835315643,-0.2170347,-0.1797841,-0.16853434,-0.1660441756248474,-0.20043927,2/12,-0.4467741,2.0,3.1074858,False
#79 Marco trap 2R,GBPCAD,fx,H1,2719,232.25321562207674,-0.11550819,-4.41536107270955,0.3593232806178742,-0.18398784,-0.13698323,-0.09389051,-0.10012512654066086,-0.16694069,1/12,-0.35068473,4.25,2.0,False
#79 Marco trap to the post-BOS low,GBPCAD,fx,H1,2237,191.5742672919109,-0.12588057,-2.776833564712304,0.2597228430934287,-0.18452649,-0.15787014,-0.0934011,-0.09073829650878906,-0.24047796,3/12,-0.48824537,4.0,3.1869786,False
#79 Marco trap 2R,GBPCAD,fx,H4,678,58.1859727443609,-0.05712014,-1.153419681178449,0.3834808259587021,-0.19250073,-0.07475074,-0.037042398,-0.044514723122119904,-0.10001133,5/12,-0.29896688,19.25,2.0,False
#79 Marco trap to the post-BOS low,GBPCAD,fx,H4,630,54.06661184210527,-0.06797223,-0.8008254866898755,0.2904761904761905,-0.026615875,-0.03278547,-0.108443,-0.03841933608055115,-0.16861741,5/12,-0.5769623,25.625,4.096649,False
#79 Marco trap 2R,GBPCAD,fx,D1,110,9.491495393338058,0.021577746,0.17824771766696948,0.41818181818181815,-0.03677763,0.04640126,-0.0015037562,-0.06815449148416519,0.24030007,7/12,-0.7514574,134.25,2.0,False
#79 Marco trap to the post-BOS low,GBPCAD,fx,D1,98,8.456059532246634,-0.1884414,-1.2997804011000755,0.29591836734693877,0.028659621,-0.16658206,-0.21121149,-0.3118882477283478,0.0661678,4/12,-1.0323288,124.375,4.002416,False
#79 Marco trap 2R,GBPCHF,fx,M15,10667,910.7343969144459,-0.29449654,-16.948412876693,0.33692697103215524,-0.38937485,-0.34972876,-0.23808157,-0.24305371940135956,-0.46106738,0/12,-0.57158256,1.25,2.0,False
#79 Marco trap to the post-BOS low,GBPCHF,fx,M15,8627,736.5618863955119,-0.33887544,-14.241972921784992,0.28248522081836097,-0.39511672,-0.3993779,-0.27886197,-0.2832857072353363,-0.5197615,0/12,-0.63343996,1.25,2.6343894,False
#79 Marco trap 2R,GBPCHF,fx,M30,5327,454.81223702664795,-0.21482892,-10.147405628556443,0.3425943307677867,-0.29588363,-0.25239155,-0.17711087,-0.22468535602092743,-0.18472709,0/12,-0.3937182,2.0,2.0,False
#79 Marco trap to the post-BOS low,GBPCHF,fx,M30,4417,377.11763674614303,-0.26791313,-8.659639685513476,0.26692325107539056,-0.33000737,-0.28196767,-0.253478,-0.25126299262046814,-0.3189827,0/12,-0.52973735,2.0,2.9616218,False
#79 Marco trap 2R,GBPCHF,fx,H1,2648,226.08274894810657,-0.14126372,-4.992901266658815,0.3621601208459215,-0.2560583,-0.18695596,-0.09480589,-0.16545063257217407,-0.063627236,1/12,-0.48496,4.25,2.0,False
#79 Marco trap to the post-BOS low,GBPCHF,fx,H1,2207,188.82800421644413,-0.18583679,-3.8325045236422124,0.2673312188491164,-0.28336436,-0.2725533,-0.095182255,-0.21963530778884888,-0.080727816,1/12,-0.58456194,4.25,3.2621744,False
#79 Marco trap 2R,GBPCHF,fx,H4,661,56.96796838131194,-0.016217403,-0.30343357891686973,0.4069591527987897,-0.20637399,0.0677848,-0.10359008,0.022606413811445236,-0.16335404,5/12,-0.44630143,15.0,2.0,False
#79 Marco trap to the post-BOS low,GBPCHF,fx,H4,620,53.54812012296051,-0.083458215,-1.0110088824283672,0.31129032258064515,-0.05648225,-0.07050597,-0.096663624,-0.03637540340423584,-0.26092422,4/12,-0.5640027,25.25,4.1378813,False
#79 Marco trap 2R,GBPCHF,fx,D1,113,9.89291706615532,0.07051106,0.5766458698375605,0.4336283185840708,-0.058449388,-0.15739027,0.3791274,0.07873984426259995,0.044300906,8/12,-0.5620002,106.75,2.0,False
#79 Marco trap to the post-BOS low,GBPCHF,fx,D1,91,7.966862416107382,0.11422046,0.4349311793886777,0.2857142857142857,0.42285055,-0.38937974,0.84920466,0.1721736341714859,-0.04756537,7/12,-0.91712064,131.0,6.172619,False
#79 Marco trap 2R,GBPJPY,fx,M15,10011,854.9258241758242,-0.22704619,-15.8587614064967,0.326141244630906,-0.15132344,-0.22743598,-0.22663754,-0.20914101600646973,-0.2838592,0/12,-0.34294355,1.5,2.0,False
#79 Marco trap to the post-BOS low,GBPJPY,fx,M15,8209,701.0374678512976,-0.25326365,-12.023633786656369,0.2649531002558168,-0.1332521,-0.2339862,-0.2732052,-0.24401222169399261,-0.2831188,0/12,-0.38762754,1.25,2.7584646,False
#79 Marco trap 2R,GBPJPY,fx,M30,5021,429.18798268195644,-0.20540138,-10.306248102883805,0.32742481577375027,-0.12165178,-0.18397672,-0.22846524,-0.20796377956867218,-0.19699551,0/12,-0.35869724,2.25,2.0,False
#79 Marco trap to the post-BOS low,GBPJPY,fx,M30,4220,360.7196349169202,-0.23078889,-7.453351118315735,0.24644549763033174,-0.022755468,-0.22446123,-0.23745525,-0.21839389204978943,-0.2710694,0/12,-0.5871824,2.25,3.1476414,False
#79 Marco trap 2R,GBPJPY,fx,H1,2508,214.38029487479523,-0.20599192,-7.653850448084389,0.3281499202551834,-0.05269666,-0.14713608,-0.27055615,-0.21816281974315643,-0.16844842,1/12,-0.44797456,5.25,2.0,False
#79 Marco trap to the post-BOS low,GBPJPY,fx,H1,2120,181.21460332319214,-0.22104204,-4.891453032534712,0.23962264150943396,0.005159457,-0.18792216,-0.25785655,-0.20600199699401855,-0.2674372,3/12,-0.54915184,5.0,3.4148486,False
#79 Marco trap 2R,GBPJPY,fx,H4,626,53.53465230625146,-0.16586033,-3.3979498956525243,0.36741214057507987,-0.07883751,-0.17963153,-0.15050732,-0.20487840473651886,-0.047295775,3/12,-0.3683714,17.75,2.0,False
#79 Marco trap to the post-BOS low,GBPJPY,fx,H4,563,48.146979630063214,-0.057595477,-0.4767685370600996,0.2824156305506217,0.00022669499,-0.22127146,0.12515546,-0.056987352669239044,-0.0595424,4/12,-0.62147653,22.25,4.132741,False
#79 Marco trap 2R,GBPJPY,fx,D1,96,8.48596321393998,-0.030324752,-0.24491313469118905,0.4375,-0.13914865,0.22430317,-0.35770354,-0.10657623410224915,0.21169078,5/12,-0.3471999,110.625,2.0,False
#79 Marco trap to the post-BOS low,GBPJPY,fx,D1,86,7.6020087124878994,0.22762766,0.694631002457528,0.32558139534883723,0.15085138,0.8064701,-0.50354177,0.324176549911499,-0.090983555,5/12,-0.7204072,146.125,4.9239464,False
#79 Marco trap 2R,GBPNZD,fx,M15,10235,874.0551204115034,-0.19269896,-12.124158234899019,0.3471421592574499,-0.30167985,-0.22082673,-0.16509931,-0.15290164947509766,-0.31888592,0/12,-0.42597967,1.75,2.0,False
#79 Marco trap to the post-BOS low,GBPNZD,fx,M15,8522,727.767243394903,-0.18790984,-8.591915689758574,0.2867871391692091,-0.30543926,-0.1983131,-0.178058,-0.15820807218551636,-0.28308156,1/12,-0.4907164,1.5,2.8036897,False
#79 Marco trap 2R,GBPNZD,fx,M30,4962,423.7480710778583,-0.16550173,-8.090779018359315,0.3403869407496977,-0.21084598,-0.21230026,-0.11945168,-0.14107459783554077,-0.24124604,0/12,-0.3325432,2.5,2.0,False
#79 Marco trap to the post-BOS low,GBPNZD,fx,M30,4235,361.74783676333027,-0.21383929,-6.950100295951885,0.2528925619834711,-0.16866378,-0.22873217,-0.19939665,-0.21376226842403412,-0.21408084,1/12,-0.39956185,2.5,3.198016,False
#79 Marco trap 2R,GBPNZD,fx,H1,2518,215.2854634831461,-0.1282927,-4.6776651588500116,0.34789515488482925,-0.15838882,-0.14817545,-0.10659343,-0.13666902482509613,-0.100115165,3/12,-0.30223686,4.75,2.0,False
#79 Marco trap to the post-BOS low,GBPNZD,fx,H1,2203,188.35340589887642,-0.18947358,-4.411376447972894,0.2460281434407626,-0.16029908,-0.2499372,-0.12367999,-0.22735004127025604,-0.064695425,2/12,-0.483415,5.0,3.4726715,False
#79 Marco trap 2R,GBPNZD,fx,H4,634,54.512358757062145,-0.034879677,-0.456495421204971,0.41009463722397477,-0.19476199,-0.014868142,-0.054026503,-0.047047484666109085,0.008055329,6/12,-0.71671313,14.125,2.0,False
#79 Marco trap to the post-BOS low,GBPNZD,fx,H4,580,49.96344339622642,-0.045281738,-0.3937714734648914,0.2913793103448276,-0.07904529,-0.14374837,0.049847055,-0.0540182888507843,-0.01620331,7/12,-0.9562169,21.125,3.9080157,False
#79 Marco trap 2R,GBPNZD,fx,D1,106,9.277857656362329,-0.122452214,-1.1114464318862105,0.3584905660377358,0.124407455,-0.039344117,-0.19389603,-0.10419642925262451,-0.16466872,3/12,-0.9007745,172.625,2.0,False
#79 Marco trap to the post-BOS low,GBPNZD,fx,D1,92,8.152110625909753,-0.30180365,-1.8974019913786364,0.2391304347826087,0.43019423,-0.3207206,-0.2836917,-0.3894914984703064,-0.06680024,3/12,-1.0152845,151.375,3.2247753,False
#79 Marco trap 2R,GBPUSD,fx,M15,10416,889.5122749590835,-0.19768964,-14.436650380766592,0.3210445468509985,-0.09559381,-0.18645622,-0.20926909,-0.20519840717315674,-0.17315775,0/12,-0.38838106,1.25,2.0,False
#79 Marco trap to the post-BOS low,GBPUSD,fx,M15,8343,712.4808861351414,-0.22484322,-11.324613901120431,0.26525230732350474,-0.07016089,-0.22235674,-0.22739801,-0.2392931878566742,-0.17769067,0/12,-0.47843865,1.0,2.6491704,False
#79 Marco trap 2R,GBPUSD,fx,M30,5304,452.95440729483283,-0.23633406,-12.722340280855104,0.30524132730015086,-0.030253692,-0.21274489,-0.26075605,-0.25934892892837524,-0.16323012,0/12,-0.4016548,2.0,2.0,False
#79 Marco trap to the post-BOS low,GBPUSD,fx,M30,4248,362.7734393266308,-0.26482537,-9.02062698216768,0.23375706214689265,0.032025203,-0.25446436,-0.27571663,-0.29469120502471924,-0.17281786,0/12,-0.48786658,1.5,3.1005173,False
#79 Marco trap 2R,GBPUSD,fx,H1,2660,227.16039279869068,-0.20345959,-7.914061033562922,0.318796992481203,0.01412864,-0.18783283,-0.219612,-0.2411351501941681,-0.077649064,1/12,-0.56020683,4.0,2.0,False
#79 Marco trap to the post-BOS low,GBPUSD,fx,H1,2147,183.3508884732289,-0.19299385,-4.252884653746954,0.22682813227759666,0.08917542,-0.16512023,-0.2214181,-0.2450907826423645,-0.0209382,2/12,-0.58740956,3.25,3.3109858,False
#79 Marco trap 2R,GBPUSD,fx,H4,691,59.19037288930582,-0.083900526,-1.7559436813655969,0.37337192474674386,0.025472479,-0.034542892,-0.13727218,-0.08432737737894058,-0.08253974,4/12,-0.30977795,19.25,2.0,False
#79 Marco trap to the post-BOS low,GBPUSD,fx,H4,621,53.194242495309574,-0.15367748,-2.076402034462633,0.27053140096618356,0.06972805,-0.020630429,-0.30165842,-0.1889069676399231,-0.034840122,4/12,-0.5567714,20.75,3.984236,False
#79 Marco trap 2R,GBPUSD,fx,D1,115,9.970033230477094,-0.11160337,-0.9812830658437042,0.33043478260869563,0.09712679,-0.07950892,-0.14102332,-0.1786571592092514,0.048142318,3/12,-1.0065918,203.75,2.0,False
#79 Marco trap to the post-BOS low,GBPUSD,fx,D1,102,8.84298599572751,-0.42115033,-3.7958031362519287,0.22549019607843138,-0.3641984,-0.46901998,-0.37859938,-0.3745831251144409,-0.53291136,2/12,-1.0065918,206.0,3.5976171,False
#79 Marco trap 2R,GER40.cash,index,M5,10939,2321.59776292853,-0.1443076,-10.674146847904423,0.3289148916719993,-0.08204221,-0.092327766,-0.19721752,-0.15989235043525696,-0.13348158,0/5,-0.20445867,1.0,2.0,False
#79 Marco trap to the post-BOS low,GER40.cash,index,M5,8015,1701.0335560720512,-0.14416139,-7.805354306291324,0.3107922645040549,-0.0642135,-0.098898865,-0.18936746,-0.14329427480697632,-0.14475986,0/5,-0.22834265,0.75,2.1367257,False
#79 Marco trap 2R,GER40.cash,index,M15,3808,808.1766414875073,-0.11513735,-5.074909568140228,0.3245798319327731,-0.026453039,-0.03039268,-0.20342632,-0.11053039878606796,-0.1184328,0/5,-0.22864816,1.5833334,2.0,False
#79 Marco trap to the post-BOS low,GER40.cash,index,M15,3015,639.8772515979082,-0.11776409,-3.399957364420749,0.2746268656716418,0.029643273,0.03441352,-0.26704213,-0.10190939903259277,-0.12871923,0/5,-0.18093,1.25,2.591094,False
#79 Marco trap 2R,GER40.cash,index,M30,1940,413.4101516919486,-0.05368344,-1.7116427283261757,0.3427835051546392,0.0012390215,0.007137663,-0.11892317,-0.019264010712504387,-0.0785657,2/5,-0.14319202,2.125,2.0,False
#79 Marco trap to the post-BOS low,GER40.cash,index,M30,1589,338.61274795799295,-0.12566002,-2.2126200928495745,0.24795468848332283,0.037936915,0.012825387,-0.26607615,-0.07977034896612167,-0.15851621,1/5,-0.2510317,2.0,3.0345447,False
#79 Marco trap 2R,GER40.cash,index,H1,984,209.81085814360773,-0.12051425,-2.8697931519145086,0.32621951219512196,0.03660534,-0.14020033,-0.09880912,-0.09721510112285614,-0.1367433,0/5,-0.15794462,4.3333335,2.0,False
#79 Marco trap to the post-BOS low,GER40.cash,index,H1,841,179.32005253940457,-0.16948697,-2.481864906847477,0.2259215219976219,0.011626263,-0.124210835,-0.21940394,-0.17504501342773438,-0.16556364,0/5,-0.28391016,4.25,3.4933178,False
#79 Marco trap 2R,GER40.cash,index,H4,274,58.62829525483304,-0.079219654,-1.0425096155909006,0.38686131386861317,0.047727905,0.03218246,-0.2081654,-0.09891092032194138,-0.06476278,1/5,-0.2164611,13.583333,2.0,False
#79 Marco trap to the post-BOS low,GER40.cash,index,H4,251,53.70694200351494,-0.09725922,-0.70865258166424,0.2868525896414343,0.054907937,-0.07911078,-0.116448976,-0.22472774982452393,0.0005863485,2/5,-0.43911216,16.833334,3.8432333,False
#79 Marco trap 2R,GER40.cash,index,D1,41,10.285199175824175,-0.33261973,-1.8748331185015854,0.2926829268292683,0.30250788,-0.29549012,-0.37160587,-0.2826476991176605,-0.38021216,0/5,-0.4851205,109.083336,2.0,False
#79 Marco trap to the post-BOS low,GER40.cash,index,D1,38,9.532623626373626,-0.40130723,-1.7359924841813192,0.18421052631578946,0.31671152,-0.45464504,-0.35330322,-0.5536295175552368,-0.24898507,2/5,-1.0109124,136.875,3.8993528,False
#79 Marco trap 2R,GOOG,stock,M5,2754,536.4792,-0.059231173,-2.1127848694538667,0.35947712418300654,-0.07961172,-0.002306618,-0.11732511,0.0012827985920011997,-0.113810755,3/6,-0.254709,0.9166667,2.0,False
#79 Marco trap to the post-BOS low,GOOG,stock,M5,2134,415.7032,-0.082915805,-1.9215374185836813,0.29194001874414244,0.23437615,-0.0066154627,-0.16095188,0.08616788685321808,-0.23860669,2/6,-0.27098772,0.6666667,2.6679778,False
#79 Marco trap 2R,GOOG,stock,M15,987,192.7816844919786,-0.20630887,-4.6635387726975885,0.3161094224924012,0.058803234,-0.19387838,-0.21949194,-0.15848882496356964,-0.24605542,0/6,-0.31007376,1.9166666,2.0,False
#79 Marco trap to the post-BOS low,GOOG,stock,M15,786,153.522192513369,-0.20418333,-2.441460866819233,0.21755725190839695,0.28752112,-0.14545238,-0.26693273,-0.15207111835479736,-0.24777254,1/6,-0.31026912,1.3333334,3.3599546,False
#79 Marco trap 2R,GOOG,stock,M30,503,98.40425816818426,-0.12026716,-2.0415479534327403,0.33399602385685884,0.080616295,-0.13933249,-0.099704966,-0.10262598097324371,-0.13561301,0/6,-0.27325055,4.0,2.0,False
#79 Marco trap to the post-BOS low,GOOG,stock,M30,450,88.03561863952866,-0.17559293,-1.9074570978982994,0.23555555555555555,0.22406559,-0.20541006,-0.14414193,-0.10981328785419464,-0.2331501,1/6,-0.67564446,6.125,3.450749,False
#79 Marco trap 2R,GOOG,stock,H1,315,61.8236163353036,-0.016215209,-0.1990728924589683,0.3873015873015873,-0.04114028,-0.13107115,0.09791379,-0.11410783231258392,0.05625779,2/6,-0.1418403,23.583334,2.0,False
#79 Marco trap to the post-BOS low,GOOG,stock,H1,281,55.38869400971397,-0.079006806,-0.6423046951326754,0.2846975088967972,-0.11815521,-0.22066431,0.046488423,-0.04766272380948067,-0.102710746,2/6,-0.6520793,23.583334,3.7443905,False
#79 Marco trap 2R,GOOG,stock,H4,91,18.4244733924612,0.11426585,0.9535944356138594,0.43956043956043955,-0.04567061,0.21201462,0.018642087,-0.04147329181432724,0.26661932,4/6,-0.22106586,49.0,2.0,False
#79 Marco trap to the post-BOS low,GOOG,stock,H4,82,16.639166666666664,0.28509971,1.0754746588425754,0.3780487804878049,0.09877168,0.18334132,0.39194602,0.2802443206310272,0.29045305,4/6,-0.22106586,78.916664,4.3664074,False
#79 Marco trap 2R,GOOG,stock,D1,44,8.998320268756999,0.2728757,1.376587754153624,0.5,-0.16894487,0.40111262,0.1754157,0.3492705821990967,0.20312388,4/6,-1.006285,280.66666,2.0,False
#79 Marco trap to the post-BOS low,GOOG,stock,D1,37,7.766810344827586,0.1778911,0.6535972809800293,0.40540540540540543,0.06404124,0.39594358,0.029218972,0.26369205117225647,0.08732346,3/6,-1.006285,304.5,4.097822,False
#79 Marco trap 2R,HK50.cash,index,M5,9733,1943.673182066703,-0.23326269,-15.78373727606355,0.3311414774478578,-0.19553494,-0.22457965,-0.24219732,-0.2131037712097168,-0.25423723,0/6,-0.33864927,0.8333333,2.0,False
#79 Marco trap to the post-BOS low,HK50.cash,index,M5,6808,1359.5527610716238,-0.2585485,-12.605907287658283,0.31227967097532316,-0.15755466,-0.23071346,-0.286564,-0.23766778409481049,-0.279246,0/6,-0.4035833,0.5,2.0900583,False
#79 Marco trap 2R,HK50.cash,index,M15,3631,725.1081191908146,-0.1510442,-6.4189593075383335,0.33737262462131645,-0.07839317,-0.19479606,-0.10750872,-0.1119304746389389,-0.19180785,0/6,-0.2517863,1.25,2.0,False
#79 Marco trap to the post-BOS low,HK50.cash,index,M15,2755,550.1715418261344,-0.20230214,-5.945417884551367,0.2754990925589837,-0.0123162605,-0.2755092,-0.13165362,-0.20441240072250366,-0.2000705,0/6,-0.35679445,0.8333333,2.6049237,False
#79 Marco trap 2R,HK50.cash,index,M30,1742,347.87616183706945,-0.13892539,-4.214742395072073,0.33524684270952926,-0.029459612,-0.1580543,-0.11997135,-0.0635356679558754,-0.21501072,1/6,-0.3753366,2.7083335,2.0,False
#79 Marco trap to the post-BOS low,HK50.cash,index,M30,1400,279.5790049207217,-0.23993239,-4.80616862539303,0.24357142857142858,0.0475115,-0.3403933,-0.1388957,-0.25276926159858704,-0.22687352,0/6,-0.29326758,2.0833333,3.0530097,False
#79 Marco trap 2R,HK50.cash,index,H1,881,176.03131838074398,-0.15542534,-3.455127917379752,0.322360953461975,-0.0013033296,-0.18028232,-0.13388607,-0.09801269322633743,-0.2086922,1/6,-0.28411752,7.1666665,2.0,False
#79 Marco trap to the post-BOS low,HK50.cash,index,H1,767,153.25314551422318,-0.14599296,-1.8267903639859833,0.22816166883963493,0.09130518,-0.19297805,-0.1059308,-0.12191441655158997,-0.16843393,2/6,-0.30861786,8.0,3.4321582,False
#79 Marco trap 2R,HK50.cash,index,H4,263,53.8155462184874,-0.22060621,-3.0427694093952296,0.3231939163498099,0.11851008,-0.19276363,-0.24506786,-0.2762563228607178,-0.17461759,0/6,-0.7304325,24.75,2.0,False
#79 Marco trap to the post-BOS low,HK50.cash,index,H4,237,48.4953781512605,-0.34238857,-3.540052623939398,0.24050632911392406,0.35757282,-0.37411416,-0.31443986,-0.2453586906194687,-0.4250156,1/6,-0.8658996,24.666666,3.9298952,False
#79 Marco trap 2R,HK50.cash,index,D1,49,10.729766187050359,-0.25641775,-1.5724167674779892,0.32653061224489793,-0.03180565,-0.165745,-0.35891742,-0.62783282995224,-0.00026944999,1/5,-0.914118,100.583336,2.0,False
#79 Marco trap to the post-BOS low,HK50.cash,index,D1,42,9.224594107035477,-0.17178997,-0.6136334440482825,0.2857142857142857,-0.23449342,0.091662504,-0.46158773,-0.2074441909790039,-0.14984895,3/5,-0.9356613,116.33333,5.5364227,False
#79 Marco trap 2R,INTC,stock,M5,2804,485.61450924608823,-0.07525083,-2.6131239301730154,0.3334522111269615,0.06932665,-0.050948042,-0.10058027,-0.026626933366060257,-0.13110313,2/7,-0.3246429,1.4166666,2.0,False
#79 Marco trap to the post-BOS low,INTC,stock,M5,2074,359.35887096774195,-0.10524219,-2.040017739615044,0.2656702025072324,0.29813784,-0.17152344,-0.03474005,-0.09667371958494186,-0.11530162,3/7,-0.41765922,0.6666667,2.5729485,False
#79 Marco trap 2R,INTC,stock,M15,1032,178.89795918367346,-0.078562714,-1.8960274869634364,0.3313953488372093,0.120521046,-0.01086217,-0.14652619,-0.1184222474694252,-0.037127703,0/7,-1.0054287,4.041667,2.0,False
#79 Marco trap to the post-BOS low,INTC,stock,M15,805,139.54734219269105,-0.07959692,-1.1147981290385105,0.2546583850931677,0.39678842,-0.05732266,-0.10294805,-0.20404237508773804,0.052168865,2/7,-1.0054287,2.4166667,3.3527408,False
#79 Marco trap 2R,INTC,stock,M30,525,91.05235042735043,-0.13251206,-2.4082162156408575,0.3314285714285714,0.1741702,-0.14411429,-0.12172027,-0.14886386692523956,-0.1147976,0/7,-1.0054287,19.666666,2.0,False
#79 Marco trap to the post-BOS low,INTC,stock,M30,435,75.44337606837607,-0.18585539,-2.1846314385471817,0.2597701149425287,0.39957166,-0.1712672,-0.20037663,-0.29775291681289673,-0.06260592,2/7,-1.0054287,18.583334,3.3916938,False
#79 Marco trap 2R,INTC,stock,H1,335,58.74159865578493,-0.12136024,-1.8401408650473228,0.33134328358208953,0.12656945,-0.13458419,-0.10969642,-0.059471357613801956,-0.19069147,1/6,-0.22361377,24.833334,2.0,False
#79 Marco trap to the post-BOS low,INTC,stock,H1,277,48.57141142582814,-0.040883694,-0.26632715393413836,0.24548736462093862,0.24334662,-0.17081055,0.07401761,0.0015429125633090734,-0.08681927,2/6,-0.38963982,24.583334,3.8386736,False
#79 Marco trap 2R,INTC,stock,H4,96,16.873917228103945,-0.1768746,-1.635457560827547,0.3333333333333333,-0.012047708,-0.24543078,-0.1138029,-0.16397956013679504,-0.18873806,1/6,-0.5721156,70.625,2.0,False
#79 Marco trap to the post-BOS low,INTC,stock,H4,90,15.934318952981094,-0.44883355,-4.96885380790216,0.23333333333333334,-0.20924838,-0.35871422,-0.5350346,-0.4873025119304657,-0.41203713,0/6,-0.71078897,72.958336,4.2353225,False
#79 Marco trap 2R,INTC,stock,D1,52,9.421130952380953,0.10301261,0.6006090476753942,0.4423076923076923,-0.16777441,-0.07352831,0.2936768,0.18303464353084564,0.016588792,4/6,-0.431645,161.16666,2.0,False
#79 Marco trap to the post-BOS low,INTC,stock,D1,46,8.602918586789555,0.111825384,0.3081511974291215,0.30434782608695654,-0.5269879,-0.26335675,0.59956217,0.5639083981513977,-0.47588253,2/6,-0.6043672,137.20833,3.967734,False
#79 Marco trap 2R,JNJ,stock,M5,3514,595.0340751043116,-0.005699332,-0.2391897347205537,0.35258964143426297,-0.008752571,-0.010144025,-0.0011002165,0.01183181069791317,-0.026840143,4/7,-0.2283802,1.1666666,2.0,False
#79 Marco trap to the post-BOS low,JNJ,stock,M5,2693,456.43538283062645,0.10913168,1.7717522624418014,0.3130337913108058,-0.019678291,0.08184421,0.13845834,0.19971513748168945,-0.0030623188,4/7,-0.38794336,0.75,2.6396444,False
#79 Marco trap 2R,JNJ,stock,M15,1225,207.62470997679816,0.03517555,0.8343023713678122,0.38612244897959186,-0.03992761,0.011037244,0.060155895,0.03509995713829994,0.035259906,5/7,-0.061546132,2.9166667,2.0,False
#79 Marco trap to the post-BOS low,JNJ,stock,M15,993,168.30313225058006,0.09721893,1.171098685273124,0.2940584088620342,0.026179066,0.09288486,0.10177687,0.1421044021844864,0.045210324,4/7,-0.12232237,2.3333333,3.3924966,False
#79 Marco trap 2R,JNJ,stock,M30,601,101.91051532033427,0.016268805,0.29828247129462626,0.3876871880199667,-0.04978869,0.007090814,0.025600795,0.05778662860393524,-0.031969525,5/7,-0.26943797,18.083334,2.0,False
#79 Marco trap to the post-BOS low,JNJ,stock,M30,516,87.49721448467967,0.018291758,0.1965447090937696,0.27906976744186046,0.14379176,0.08631863,-0.051335756,-0.022487666457891464,0.06860397,4/7,-0.6263653,18.583334,3.8464012,False
#79 Marco trap 2R,JNJ,stock,H1,330,56.29729098552078,-0.045338802,-0.6377601010334418,0.37272727272727274,0.110383615,-0.009167802,-0.082849465,0.08184699714183807,-0.1854862,3/7,-0.462188,19.208332,2.0,False
#79 Marco trap to the post-BOS low,JNJ,stock,H1,291,49.64397477814105,-0.11227355,-0.9527899236810975,0.2542955326460481,0.23583336,0.028530784,-0.25020432,-0.15931320190429688,-0.06291505,2/7,-0.462188,21.583334,4.852757,False
#79 Marco trap 2R,JNJ,stock,H4,90,16.090308370044053,0.07222487,0.566743573962751,0.4111111111111111,0.09821189,0.15951383,-0.0041529587,0.14638012647628784,-0.008828572,3/6,-0.5433693,44.958336,2.0,False
#79 Marco trap to the post-BOS low,JNJ,stock,H4,85,15.19640234948605,0.18589799,0.8717505729933791,0.35294117647058826,0.2036701,0.10748295,0.24929737,0.12430358678102493,0.25199932,4/6,-0.6295336,53.916668,3.6651225,False
#79 Marco trap 2R,JNJ,stock,D1,53,9.81158134820071,-0.005463896,-0.030212899667176957,0.33962264150943394,0.1002714,0.11331949,-0.08976179,-0.18292447924613953,0.24459423,3/6,-0.60550314,233.16667,2.0,False
#79 Marco trap to the post-BOS low,JNJ,stock,D1,47,8.700836289913838,-0.4413729,-2.7523684985474337,0.1702127659574468,0.086905375,-0.5209613,-0.38241857,-0.5736076831817627,-0.26285595,1/6,-0.9388431,238.58333,3.4329324,False
#79 Marco trap 2R,JP225.cash,index,M5,9187,1833.6348360655738,-0.12035105,-8.131881197190593,0.3309023620333079,-0.0773392,-0.10344449,-0.13752843,-0.16282957792282104,-0.09461593,0/6,-0.26004812,1.1666666,2.0,False
#79 Marco trap to the post-BOS low,JP225.cash,index,M5,6621,1321.486475409836,-0.16889063,-8.633195956215731,0.31233952575139706,-0.03655261,-0.15728562,-0.18061192,-0.22494323551654816,-0.13562332,0/6,-0.3793467,0.75,2.0908055,False
#79 Marco trap 2R,JP225.cash,index,M15,3650,728.9024056861673,-0.15612268,-6.834099506193557,0.31534246575342467,0.0010478628,-0.12028718,-0.19381143,-0.1423046737909317,-0.1653452,0/6,-0.31476387,1.9166666,2.0,False
#79 Marco trap to the post-BOS low,JP225.cash,index,M15,2905,580.1264352104976,-0.20864806,-6.402255271107404,0.2557659208261618,0.015294249,-0.16459298,-0.25452977,-0.2580793499946594,-0.1761171,0/6,-0.58621496,1.5,2.6128612,False
#79 Marco trap 2R,JP225.cash,index,M30,1889,377.2319573537452,-0.124223106,-3.951747477760318,0.3292747485442033,0.00042555382,-0.08864308,-0.16315599,-0.11033038794994354,-0.13410151,0/6,-0.29660553,3.8333333,2.0,False
#79 Marco trap to the post-BOS low,JP225.cash,index,M30,1556,310.7320940404593,-0.12873234,-2.626792627087661,0.2544987146529563,0.13812655,-0.068070225,-0.19375631,-0.21330024302005768,-0.07088934,1/6,-0.38723895,3.5,2.9255135,False
#79 Marco trap 2R,JP225.cash,index,H1,954,190.61734135667396,-0.11947962,-2.7682272279769222,0.33962264150943394,-0.009668692,-0.13409674,-0.103516184,-0.18492253124713898,-0.07015684,1/6,-0.24603225,7.1666665,2.0,False
#79 Marco trap to the post-BOS low,JP225.cash,index,H1,807,161.24548687089714,-0.15697281,-2.2429475695072774,0.2503097893432466,0.20260374,-0.09492493,-0.22042032,-0.21674257516860962,-0.11188564,2/6,-0.30554506,7.25,3.2029033,False
#79 Marco trap 2R,JP225.cash,index,H4,262,52.84124792932082,-0.17006238,-2.3960796634065042,0.3549618320610687,0.101685695,-0.20520906,-0.13094753,-0.09033184498548508,-0.2406153,0/6,-0.30709556,18.791666,2.0,False
#79 Marco trap to the post-BOS low,JP225.cash,index,H4,225,45.37893429044727,-0.381501,-3.6428144574165344,0.21333333333333335,0.32553887,-0.3788353,-0.38396156,-0.29256218671798706,-0.46072376,1/6,-0.61960214,17.75,3.7877166,False
#79 Marco trap 2R,JP225.cash,index,D1,38,7.850395927601809,-0.1559585,-0.7696020875341875,0.34210526315789475,-0.06946716,-0.23161256,-0.06250348,-0.2365531474351883,-0.045140892,2/6,-0.59603894,96.5,2.0,False
#79 Marco trap to the post-BOS low,JP225.cash,index,D1,37,7.643806561085972,-0.3505106,-1.2603405449489922,0.1891891891891892,-0.57418716,-0.15732212,-0.57779115,-0.34047242999076843,-0.36523315,1/6,-0.71049166,123.25,5.1925488,False
#79 Marco trap 2R,JPM,stock,M5,3351,567.432892906815,-0.010007179,-0.4057351582404215,0.3524321098179648,-0.024779525,0.07456865,-0.09824453,0.005984022282063961,-0.028498936,3/7,-0.16532943,1.0833334,2.0,False
#79 Marco trap to the post-BOS low,JPM,stock,M5,2564,434.1682892906815,0.09204946,1.2974574102936187,0.2925117004680187,0.09349537,0.1975144,-0.015912674,0.22481635212898254,-0.053527314,5/7,-0.27335638,0.6666667,2.6884289,False
#79 Marco trap 2R,JPM,stock,M15,1168,197.87198515769944,-0.028728377,-0.7239658332069298,0.3570205479452055,-0.004421262,-0.0055627646,-0.053115375,0.0424673855304718,-0.100659385,4/7,-0.31444824,3.5416665,2.0,False
#79 Marco trap to the post-BOS low,JPM,stock,M15,928,157.28631090487238,0.039173804,0.5094444933141095,0.28448275862068967,0.10731064,-0.003353872,0.082069695,0.26205840706825256,-0.17156193,3/7,-0.41466352,2.0,3.0320559,False
#79 Marco trap 2R,JPM,stock,M30,603,102.91857476635514,-0.08643372,-1.5605770951942506,0.3482587064676617,-0.014373605,-0.05849137,-0.1158017,-0.006995296571403742,-0.1645656,3/7,-0.49622723,5.3333335,2.0,False
#79 Marco trap to the post-BOS low,JPM,stock,M30,520,88.75233644859813,0.06783929,0.7023867526386594,0.29423076923076924,0.09222112,0.04529793,0.09181187,0.24377505481243134,-0.10276508,4/7,-0.26776212,4.0,3.5183558,False
#79 Marco trap 2R,JPM,stock,H1,354,60.363445378151255,-0.16206875,-2.4705459179101137,0.3305084745762712,0.09586931,-0.024483277,-0.3143955,-0.13289779424667358,-0.19091195,2/7,-0.40519324,20.583334,2.0,False
#79 Marco trap to the post-BOS low,JPM,stock,H1,312,53.20168067226891,-0.15151122,-1.444220540942951,0.26282051282051283,0.3284956,-0.06762637,-0.24446473,-0.0586261972784996,-0.24680886,2/7,-0.44133708,20.583334,3.9174962,False
#79 Marco trap 2R,JPM,stock,H4,109,19.906125,-0.18152598,-1.871564354765942,0.3853211009174312,0.10885471,-0.057573788,-0.3512866,-0.24607567489147186,-0.089721985,2/6,-0.49424088,73.833336,2.0,False
#79 Marco trap to the post-BOS low,JPM,stock,H4,96,17.532,-0.13694964,-0.8177776177369004,0.3229166666666667,-0.10639203,-0.09524822,-0.18623309,-0.08785884082317352,-0.2118777,2/6,-0.6309836,73.333336,3.4710584,False
#79 Marco trap 2R,JPM,stock,D1,44,8.079939668174962,-0.32800698,-2.0541925384131705,0.2727272727272727,0.43975687,-0.22816132,-0.47222847,-0.32968807220458984,-0.32440457,1/6,-1.001416,190.66667,2.0,False
#79 Marco trap to the post-BOS low,JPM,stock,D1,39,7.161764705882352,0.069372706,0.17390447919361976,0.2564102564102564,0.12767163,0.04442637,0.10165625,0.23415109515190125,-0.30137873,3/6,-1.0017515,161.33333,3.4195654,False
#79 Marco trap 2R,KO,stock,M5,2818,477.6215777262181,-0.06104605,-2.230650816229902,0.3594748048261178,-0.05317624,-0.040538743,-0.081787564,0.04665195941925049,-0.18051349,4/7,-0.58418673,1.25,2.0,False
#79 Marco trap to the post-BOS low,KO,stock,M5,2135,361.8602088167053,0.024606494,0.5187258547536362,0.3114754098360656,0.037322883,0.07287914,-0.021673242,0.20746637880802155,-0.17566004,4/7,-0.67647415,0.75,2.630284,False
#79 Marco trap 2R,KO,stock,M15,1121,189.9977958236659,-0.073199436,-1.8084747502770804,0.3487957181088314,-0.08765697,-0.06849187,-0.077881865,0.016205817461013794,-0.17397119,2/7,-0.38544872,17.833334,2.0,False
#79 Marco trap to the post-BOS low,KO,stock,M15,898,152.27228412256267,-0.1370637,-2.1499248192790326,0.26948775055679286,-0.059565358,-0.082543045,-0.1878324,-0.004012453369796276,-0.29757518,1/7,-0.85123765,4.125,2.8491817,False
#79 Marco trap 2R,KO,stock,M30,586,99.32088167053364,0.0033756897,0.061293105076931594,0.3924914675767918,-0.10734464,0.00076166657,0.0062520565,0.090797059237957,-0.09548995,3/7,-0.56695944,20.875,2.0,False
#79 Marco trap to the post-BOS low,KO,stock,M30,490,83.28175895765472,0.042317454,0.395576190014871,0.3,-0.06643158,0.003274229,0.08365734,0.2005688101053238,-0.12252774,3/7,-0.6686213,18.833332,3.3667064,False
#79 Marco trap 2R,KO,stock,H1,342,58.12726849697534,-0.10358411,-1.5209860530058432,0.38011695906432746,-0.071481146,-0.020046014,-0.18810499,0.010383284650743008,-0.21889226,3/7,-0.44853935,23.75,2.0,False
#79 Marco trap to the post-BOS low,KO,stock,H1,296,50.308980921358774,-0.11591703,-0.8775996989484602,0.27702702702702703,-0.034617547,-0.072053455,-0.15747198,0.2011949121952057,-0.43302897,1/7,-0.6585909,23.583334,3.773089,False
#79 Marco trap 2R,KO,stock,H4,93,16.0454652810581,-0.0670834,-0.5824488957718968,0.44086021505376344,0.034967218,0.08323959,-0.22067426,0.2153157740831375,-0.3318326,3/7,-0.48919588,54.916668,2.0,False
#79 Marco trap to the post-BOS low,KO,stock,H4,81,13.975082664147378,-0.14728792,-0.8973320871591568,0.37037037037037035,0.021471912,0.06441202,-0.3752725,0.3175162374973297,-0.55804515,3/7,-0.70229244,54.916668,4.039504,False
#79 Marco trap 2R,KO,stock,D1,43,7.500358166189112,0.37533486,1.739149099471051,0.46511627906976744,-0.16784339,0.44219005,0.2824804,0.44565966725349426,0.29446125,5/6,-0.18185043,165.0,2.0,False
#79 Marco trap to the post-BOS low,KO,stock,D1,39,6.802650429799427,0.9401013,1.668708648343863,0.3333333333333333,0.13040496,0.9909376,0.874313,1.9231687784194946,-0.2068108,4/6,-0.9811424,352.58334,4.365971,False
#79 Marco trap 2R,LTCUSD,crypto,M5,23701,2771.946926032661,-0.7914949,-29.38723878223712,0.32652630690688156,-0.80879056,-0.9898029,-0.58904415,-0.6067569851875305,-1.1021154,0/9,-1.4564551,2.1666667,2.0,False
#79 Marco trap to the post-BOS low,LTCUSD,crypto,M5,14332,1676.196926032661,-0.47482237,-9.0342271836044,0.31133128663131454,-0.98784035,-0.7830359,-0.18610133,0.18502101302146912,-1.2517573,3/9,-1.6584407,1.0,2.0147343,False
#79 Marco trap 2R,LTCUSD,crypto,M15,8518,996.2214217098943,-0.55753565,-30.994272785273765,0.3492603897628551,-0.6748233,-0.65412647,-0.45771682,-0.37569141387939453,-0.86431897,0/9,-1.2095481,3.0,2.0,False
#79 Marco trap to the post-BOS low,LTCUSD,crypto,M15,6065,709.5583760409993,0.38428,4.370425299194441,0.29843363561417974,-0.78359425,0.49342492,0.27801195,1.4121350049972534,-0.96451044,3/9,-1.3055817,2.0,2.6550453,False
#79 Marco trap 2R,LTCUSD,crypto,M30,4448,520.5485421339315,-0.26239535,-10.21218449181686,0.4172661870503597,-0.66750365,-0.15317878,-0.39284098,-0.009748537093400955,-0.7291935,3/9,-1.0876683,3.5833333,2.0,False
#79 Marco trap to the post-BOS low,LTCUSD,crypto,M30,3504,410.73042362002565,2.7127552,16.909323101972692,0.3655821917808219,-0.6977745,4.460725,0.6845938,4.923839569091797,-0.8666235,4/9,-1.1241641,4.0833335,3.4805756,False
#79 Marco trap 2R,LTCUSD,crypto,H1,2289,268.22497593840234,-0.07547321,-2.0889503577257336,0.4508519003931848,-0.60625905,0.15091164,-0.3704112,0.17832393944263458,-0.53361446,4/9,-0.73856515,4.4166665,2.0,False
#79 Marco trap to the post-BOS low,LTCUSD,crypto,H1,1956,229.42485549132945,3.8213203,15.711250483131868,0.3911042944785276,-0.6975156,6.420977,0.6029811,6.393417835235596,-0.6331506,4/9,-0.75361806,8.333333,4.115125,False
#79 Marco trap 2R,LTCUSD,crypto,H4,538,63.63487694300518,0.1502672,2.2860347518143302,0.4888475836431227,-0.36331245,0.47980604,-0.4066535,0.5333631038665771,-0.4480922,4/9,-0.58507335,7.8333335,2.0,False
#79 Marco trap to the post-BOS low,LTCUSD,crypto,H4,482,57.10363282517028,4.0593553,8.731399144031037,0.38589211618257263,-0.308288,6.6325455,-0.53669,6.965719699859619,-0.6476917,3/9,-0.85021025,30.875,5.1850357,False
#79 Marco trap 2R,LTCUSD,crypto,D1,64,8.164862032832692,0.15461996,0.8748152256011963,0.453125,-0.2248401,0.38696876,-0.20784432,0.6057870388031006,-0.425452,5/9,-0.48466203,60.333336,2.0,False
#79 Marco trap to the post-BOS low,LTCUSD,crypto,D1,59,7.526982186517639,2.549768,2.729815300833515,0.3898305084745763,-0.30659795,4.1449685,-0.5608718,4.686862945556641,-0.3566803,4/9,-0.6056208,193.75,4.2187157,False
#79 Marco trap 2R,MCD,stock,M5,1537,610.8696953210011,-0.102870345,-2.870604872533462,0.3350683148991542,-0.06389305,-0.10566719,-0.09995078,,-0.102870345,0/3,-0.19067259,1.0,2.0,False
#79 Marco trap to the post-BOS low,MCD,stock,M5,1210,480.9058759521219,-0.18759035,-3.736494073420809,0.2694214876033058,-0.05740149,-0.15572658,-0.22152033,,-0.18759035,0/3,-0.25261202,0.5833333,2.6604223,False
#79 Marco trap 2R,MCD,stock,M15,528,211.46052631578945,-0.13979377,-2.4158817484017328,0.3390151515151515,-0.086944506,-0.21318105,-0.062408723,,-0.13979377,0/3,-0.15265343,4.458333,2.0,False
#79 Marco trap to the post-BOS low,MCD,stock,M15,422,169.00822368421052,-0.15874428,-1.5467619776705999,0.25355450236966826,-0.046215307,-0.299375,-0.012678565,,-0.15874428,0/3,-0.2542312,3.3333333,2.762973,False
#79 Marco trap 2R,MCD,stock,M30,266,106.64818880351261,-0.014734003,-0.17913583869257788,0.37969924812030076,-0.06277717,-0.22556755,0.21257095,,-0.014734003,1/3,-0.06674439,19.0,2.0,False
#79 Marco trap to the post-BOS low,MCD,stock,M30,224,90.00660066006601,0.039536458,0.2634575614086377,0.2767857142857143,0.1030126,-0.2485269,0.3327902,,0.039536458,2/3,-0.3399915,19.0,3.5662608,False
#79 Marco trap 2R,MCD,stock,H1,157,62.946487376509324,-0.28869003,-3.0375792779283604,0.2802547770700637,0.079735056,-0.43101808,-0.16812979,,-0.28869003,0/3,-0.44685096,22.083334,2.0,False
#79 Marco trap to the post-BOS low,MCD,stock,H1,140,56.192307692307686,-0.09478215,-0.44399929790113796,0.20714285714285716,0.32728493,-0.43589467,0.2008487,,-0.09478215,2/3,-0.5409944,22.583334,3.4596286,False
#79 Marco trap 2R,MCD,stock,H4,48,21.99749058971142,-0.032448333,-0.18529085244738952,0.375,-0.14946474,-0.077362716,0.0124660535,,-0.032448333,1/3,-0.13590752,54.833332,2.0,False
#79 Marco trap to the post-BOS low,MCD,stock,H4,46,21.080928481806776,-0.19378252,-0.9145990870812476,0.30434782608695654,-0.34100643,-0.2944785,-0.08393233,,-0.19378252,0/3,-0.49797282,54.833332,4.1756887,False
#79 Marco trap 2R,MCD,stock,D1,24,12.191933240611961,-0.09796083,-0.36336304315215967,0.375,-0.09336641,-0.092567466,-0.108747594,,-0.09796083,1/3,-0.3279444,149.04167,2.0,False
#79 Marco trap to the post-BOS low,MCD,stock,D1,23,11.91595744680851,-0.29088056,-0.8187602752820692,0.21739130434782608,-0.2879695,-0.15052623,-0.61169046,,-0.29088056,1/3,-1.002871,209.66667,4.6250224,False
#79 Marco trap 2R,META,stock,M5,3201,623.8875400213446,-0.089511134,-3.537042751358698,0.33614495470165573,-0.0020098349,-0.06752508,-0.111899205,-0.062225278466939926,-0.11477764,0/6,-0.15842947,0.8333333,2.0,False
#79 Marco trap to the post-BOS low,META,stock,M5,2530,493.10699039487724,-0.07175837,-1.824623250715649,0.2826086956521739,0.19281918,0.015834523,-0.15825033,-0.03906385600566864,-0.10225494,1/6,-0.14977404,0.5833333,2.6540635,False
#79 Marco trap 2R,META,stock,M15,1100,214.96789727126807,-0.10007871,-2.4825435859860256,0.3409090909090909,0.06850814,-0.05985784,-0.1404461,-0.014533194713294506,-0.17566344,1/6,-0.26875287,2.5416665,2.0,False
#79 Marco trap to the post-BOS low,META,stock,M15,897,175.29654895666133,-0.09247575,-1.2850165443835377,0.24749163879598662,0.19699728,-0.157056,-0.030850139,0.03551916405558586,-0.20517565,1/6,-0.4549215,1.75,3.1482317,False
#79 Marco trap 2R,META,stock,M30,541,105.83837707552223,-0.13260452,-2.4303495157889587,0.3438077634011091,0.06392885,-0.13581325,-0.12974358,-0.09846508502960205,-0.16237314,1/6,-0.23661804,5.0833335,2.0,False
#79 Marco trap to the post-BOS low,META,stock,M30,463,90.57886984467059,-0.08331452,-0.6672814647349884,0.22894168466522677,0.3569438,-0.064682566,-0.099608056,-0.16811244189739227,-0.012313071,2/6,-0.4209286,4.75,3.5867329,False
#79 Marco trap 2R,META,stock,H1,285,55.785771704180064,-0.14523612,-1.9948053863459334,0.3368421052631579,0.094175905,-0.11568095,-0.17109688,-0.11989247053861618,-0.16589844,2/6,-0.31666708,23.5,2.0,False
#79 Marco trap to the post-BOS low,META,stock,H1,251,49.130627009646304,0.07697377,0.42476069339996203,0.2589641434262948,0.30238703,0.31145227,-0.13441211,-0.08474787324666977,0.20519598,3/6,-0.46268508,23.583334,3.6336186,False
#79 Marco trap 2R,META,stock,H4,82,16.501652892561985,0.14432502,1.134070239978711,0.4634146341463415,-0.0029051814,0.17564984,0.11727177,0.0579245500266552,0.19684294,4/6,-0.12517825,54.916668,2.0,False
#79 Marco trap to the post-BOS low,META,stock,H4,70,14.36376404494382,0.4027064,1.483118514408701,0.44285714285714284,0.5178389,0.40484974,0.40109888,0.09769856184720993,0.5829383,4/6,-0.2271785,69.208336,4.901881,False
#79 Marco trap 2R,META,stock,D1,35,7.402287203242618,0.3312509,1.4627314532538005,0.5142857142857142,-0.33134982,0.6699799,-0.070989646,0.10500005632638931,0.4217512,4/6,-0.17534685,113.083336,2.0,False
#79 Marco trap to the post-BOS low,META,stock,D1,32,7.036724864539433,0.582465,1.033070423276105,0.34375,-0.11148861,0.4706353,0.72624594,0.7946755886077881,0.51172817,3/5,-1.0137436,364.5417,7.731944,False
#79 Marco trap 2R,MSFT,stock,M5,5550,474.6283071880122,-0.07252912,-3.829253322236238,0.33747747747747747,-0.029092181,-0.014893295,-0.13087547,-0.06091538071632385,-0.09932796,1/11,-0.1539095,1.0833334,2.0,False
#79 Marco trap to the post-BOS low,MSFT,stock,M5,4312,368.7562631702177,-0.04011449,-1.318479300389244,0.28432282003710574,0.03695079,0.050366595,-0.1307636,0.023409757763147354,-0.18664896,5/11,-0.28801206,0.6666667,2.703069,False
#79 Marco trap 2R,MSFT,stock,M15,1974,168.8928320449754,-0.02929713,-0.9551910088309774,0.3596757852077001,-0.044043522,0.10826307,-0.16967331,-0.03742118179798126,-0.00831613,5/11,-0.21012434,2.7916665,2.0,False
#79 Marco trap to the post-BOS low,MSFT,stock,M15,1573,134.5838018271258,-0.037422083,-0.7244729989767056,0.2682771773680865,0.04826206,0.09368269,-0.1663776,-0.05581960827112198,0.008633178,5/11,-0.2409186,1.9166666,3.2291234,False
#79 Marco trap 2R,MSFT,stock,M30,994,85.12508792497069,-0.022758204,-0.5388942012904381,0.37424547283702214,-0.014360025,0.07981654,-0.13171728,0.02805984579026699,-0.15043183,5/11,-0.32741982,18.416668,2.0,False
#79 Marco trap to the post-BOS low,MSFT,stock,M30,844,72.43209586466166,0.057069905,0.6885771189015456,0.27606635071090047,0.08910095,0.2276724,-0.10953723,0.11714459955692291,-0.097698845,4/11,-0.6428605,19.0,3.40379,False
#79 Marco trap 2R,MSFT,stock,H1,569,48.90052941176471,-0.029813357,-0.5577577580256299,0.37258347978910367,0.02862401,0.044190925,-0.11293013,0.02650742419064045,-0.1776106,4/11,-0.3105523,22.166666,2.0,False
#79 Marco trap to the post-BOS low,MSFT,stock,H1,503,43.22841176470588,0.058467213,0.45907645270722397,0.27037773359840955,-0.026736367,0.25718057,-0.1541479,0.023467233404517174,0.14657906,6/11,-0.66067934,23.666666,4.0939765,False
#79 Marco trap 2R,MSFT,stock,H4,170,14.703409898176652,-0.0046247146,-0.05457602095619046,0.4588235294117647,0.1274973,0.10642288,-0.12955326,-0.001039094291627407,-0.011923969,5/11,-0.2730901,54.916668,2.0,False
#79 Marco trap to the post-BOS low,MSFT,stock,H4,149,13.035269461077844,-0.04032102,-0.28653437221619504,0.3825503355704698,0.41954067,-0.07211534,-0.0053920513,-0.08346328884363174,0.05330689,3/11,-0.62486285,54.916668,4.405094,False
#79 Marco trap 2R,MSFT,stock,D1,86,7.624150485436893,-0.006515791,-0.04837867906037082,0.4186046511627907,0.06918904,-0.024774378,0.01448158,0.05922459810972214,-0.12315195,5/11,-0.5896357,140.54167,2.0,False
#79 Marco trap to the post-BOS low,MSFT,stock,D1,74,6.560315533980582,-0.23556353,-0.9659173104628875,0.21621621621621623,0.78715956,-0.5148342,0.043707088,0.04433508962392807,-0.7227946,3/11,-1.0069371,137.45834,5.3794985,False
#79 Marco trap 2R,MSTR,stock,M5,2657,545.2074438202247,0.033040136,1.1902321555171123,0.36130974783590514,0.057713933,0.042374056,0.023059236,0.036459702998399734,0.030939782,3/6,-0.07521184,1.1666666,2.0,False
#79 Marco trap to the post-BOS low,MSTR,stock,M5,2077,426.1933988764045,0.059108727,1.231317266476034,0.2980259990370727,0.25109094,0.027537595,0.09278461,0.14315927028656006,0.009897444,4/6,-0.04931644,0.75,2.7358437,False
#79 Marco trap 2R,MSTR,stock,M15,1006,206.66001124859392,-0.016444376,-0.3866034308813125,0.35685884691848907,0.17097391,-0.06582574,0.03274105,-0.07341865450143814,0.024725417,2/6,-0.17713122,2.9166667,2.0,False
#79 Marco trap to the post-BOS low,MSTR,stock,M15,828,170.18964546989307,-0.124875665,-1.9807074452982008,0.25483091787439616,0.3054054,-0.15397854,-0.095772766,-0.016521798446774483,-0.20579815,3/6,-0.43595612,2.3333333,2.895702,False
#79 Marco trap 2R,MSTR,stock,M30,473,97.496190744921,0.046777476,0.7724463844397507,0.3953488372093023,0.034045275,0.07111021,0.022134116,0.0306025929749012,0.058730222,5/6,-0.03671026,19.916666,2.0,False
#79 Marco trap to the post-BOS low,MSTR,stock,M30,390,80.3879796839729,-0.1495447,-1.5577739618372788,0.2512820512820513,0.3253356,-0.12980342,-0.16868776,-0.12637124955654144,-0.16549525,2/6,-0.27795407,19.583334,3.302774,False
#79 Marco trap 2R,MSTR,stock,H1,269,55.478402032749855,-0.03282478,-0.4406104804670798,0.379182156133829,0.021672225,0.019361485,-0.08091072,-0.059345170855522156,-0.013020627,3/6,-0.1359647,26.916666,2.0,False
#79 Marco trap to the post-BOS low,MSTR,stock,H1,224,46.19762845849802,-0.11774332,-0.8328342729465175,0.25892857142857145,0.36088824,-0.012423139,-0.20902084,-0.22038322687149048,-0.046206445,2/6,-0.36588907,25.416668,3.4091992,False
#79 Marco trap 2R,MSTR,stock,H4,70,14.651862464183381,0.16497868,1.2395530706279405,0.5,0.13134989,0.23251835,0.084775366,-0.0024908827617764473,0.26393798,4/6,-0.55689645,54.916668,2.0,False
#79 Marco trap to the post-BOS low,MSTR,stock,H4,63,13.339565217391304,0.38507876,1.0840186165738606,0.38095238095238093,0.13456412,0.989977,-0.3241124,-0.04385944455862045,0.6672749,4/6,-0.88026196,78.916664,3.8919,False
#79 Marco trap 2R,MSTR,stock,D1,37,8.542509481668773,-0.15813604,-0.8211795909571633,0.2972972972972973,0.23141825,-0.017748531,-0.30632284,0.3284240663051605,-0.39168492,2/5,-0.7572613,280.58334,2.0,False
#79 Marco trap to the post-BOS low,MSTR,stock,D1,33,7.618994943109986,-0.42145833,-2.4226661138339063,0.24242424242424243,0.10470273,-0.25001842,-0.6036132,-0.10262946039438248,-0.5600796,1/5,-0.7572613,232.58333,3.7258093,False
#79 Marco trap 2R,N25.cash,index,M5,4346,755.1743577545195,-0.5966579,-23.937966116155852,0.31523239760699495,-0.55488783,-0.5782152,-0.6154778,-0.2617432177066803,-0.7664378,0/6,-1.1525334,1.0,2.0,False
#79 Marco trap to the post-BOS low,N25.cash,index,M5,3400,590.7944814462417,-0.63211554,-12.76117386578205,0.27705882352941175,-0.56590027,-0.5967425,-0.6679494,-0.25728970766067505,-0.81796193,0/6,-1.2921599,0.75,2.3866663,False
#79 Marco trap 2R,N25.cash,index,M15,1617,280.97490485252143,-0.4560306,-10.819873015226005,0.34075448361162647,-0.4341885,-0.41845438,-0.49517253,-0.05030806362628937,-0.6617278,0/6,-1.0562239,1.9166666,2.0,False
#79 Marco trap to the post-BOS low,N25.cash,index,M15,1335,231.973715509039,-0.31268674,-2.4143414815532043,0.2689138576779026,-0.43739623,-0.063501336,-0.5570659,0.48025721311569214,-0.71994704,2/6,-1.1692138,2.0,3.049733,False
#79 Marco trap 2R,N25.cash,index,M30,815,142.02230438931298,-0.27381483,-5.225914993052766,0.37791411042944784,-0.37928346,-0.22447969,-0.32627246,0.028177324682474136,-0.42760712,1/6,-0.649626,4.0833335,2.0,False
#79 Marco trap to the post-BOS low,N25.cash,index,M30,691,120.47147971360381,-0.34068993,-3.84671328772914,0.2590448625180897,-0.37840715,-0.25876087,-0.4257608,0.15519897639751434,-0.59296536,3/6,-0.8078376,5.0833335,3.480462,False
#79 Marco trap 2R,N25.cash,index,H1,419,73.5414464199904,-0.38260162,-5.474531510697508,0.3460620525059666,-0.3095701,-0.27600494,-0.50388247,-0.2904268503189087,-0.4318965,0/6,-0.600974,7.5,2.0,False
#79 Marco trap to the post-BOS low,N25.cash,index,H1,382,67.04733301297453,-0.4849978,-5.1717506719241015,0.2591623036649215,-0.37877563,-0.28655717,-0.6985372,-0.24391059577465057,-0.6198098,1/6,-0.8331479,8.166667,3.62987,False
#79 Marco trap 2R,N25.cash,index,H4,135,23.797659266409266,-0.3301169,-3.113350623580965,0.34814814814814815,-0.35309622,-0.34035856,-0.31692433,-0.283093124628067,-0.36146608,0/6,-0.63770854,33.916668,2.0,False
#79 Marco trap to the post-BOS low,N25.cash,index,H4,122,21.50603281853282,-0.17769934,-0.82749991622054,0.3114754098360656,-0.41280997,-0.09517324,-0.2887921,-0.22594502568244934,-0.14531517,2/6,-0.7319482,40.5,4.2429614,False
#79 Marco trap 2R,N25.cash,index,D1,23,4.44249074563723,0.42040095,1.4334417801683779,0.5217391304347826,-0.7250686,0.44907698,0.37579393,0.3513217866420746,0.464809,6/6,0.15554178,254.0,2.0,False
#79 Marco trap to the post-BOS low,N25.cash,index,D1,22,4.2493389740877845,-0.29411146,-0.9124024428565042,0.36363636363636365,-0.5669127,0.030821599,-0.7634593,0.09521277248859406,-0.5165825,3/6,-0.88206774,352.79166,2.8301516,False
#79 Marco trap 2R,NATGAS.cash,energy,M5,3473,1825.1989208633092,-3.4293127,-49.50278119799337,0.12438813705729916,-3.331655,-3.5671196,-3.2980897,,-3.4293127,0/3,-4.7255383,1.25,2.0,False
#79 Marco trap to the post-BOS low,NATGAS.cash,energy,M5,2387,1254.4629496402877,-4.0354924,-41.6806484004261,0.08504398826979472,-3.9260578,-4.1954875,-3.8872485,,-4.0354924,0/3,-5.4793015,0.75,2.1623878,False
#79 Marco trap 2R,NATGAS.cash,energy,M15,1411,741.5363309352517,-2.701404,-25.728090707344446,0.1785967399007796,-2.636454,-2.7048094,-2.6979353,,-2.701404,0/3,-3.884279,1.75,2.0,False
#79 Marco trap to the post-BOS low,NATGAS.cash,energy,M15,1019,535.5248201438849,-3.3538678,-23.8210980925428,0.15407262021589793,-3.232228,-3.3599198,-3.3476834,,-3.3538678,0/3,-4.933418,1.1666666,2.4647887,False
#79 Marco trap 2R,NATGAS.cash,energy,M30,815,428.3147482014388,-2.136813,-14.563429828511806,0.20736196319018405,-2.1438198,-1.9171169,-2.3669968,,-2.136813,0/3,-2.939435,3.5,2.0,False
#79 Marco trap to the post-BOS low,NATGAS.cash,energy,M30,598,314.2726618705036,-2.6053817,-12.933208168702066,0.21739130434782608,-2.6989775,-2.263709,-2.985689,,-2.6053817,0/3,-3.6385732,2.0,2.661597,False
#79 Marco trap 2R,NATGAS.cash,energy,H1,372,196.63241678726484,-1.6692609,-13.292551538131596,0.2446236559139785,-1.6849365,-1.6950827,-1.6392354,,-1.6692609,0/3,-2.3950145,10.0,2.0,False
#79 Marco trap to the post-BOS low,NATGAS.cash,energy,H1,277,147.26965065502185,-2.11679,-11.903787499212088,0.22743682310469315,-2.063558,-2.1599033,-2.0628107,,-2.11679,0/3,-2.9604018,5.5833335,2.883053,False
#79 Marco trap 2R,NATGAS.cash,energy,H4,126,68.99775112443778,-1.5600984,-7.608561779971673,0.23809523809523808,-1.0081576,-1.9290341,-1.2649505,,-1.5600984,0/3,-2.3232706,29.541666,2.0,False
#79 Marco trap to the post-BOS low,NATGAS.cash,energy,H4,114,62.42653673163419,-1.7295411,-7.035395662827999,0.18421052631578946,-0.8352976,-2.1650686,-1.3375664,,-1.7295411,0/3,-2.580513,27.75,3.3227348,False
#79 Marco trap 2R,NATGAS.cash,energy,D1,13,8.942090395480227,-0.16963743,-0.5818551357001676,0.3076923076923077,-0.5794281,-0.12600856,-0.22053774,,-0.16963743,1/2,-0.48209167,308.16666,2.0,False
#79 Marco trap to the post-BOS low,NATGAS.cash,energy,D1,10,7.14774951076321,-0.3758433,-0.5064972183524573,0.1,-1.1294068,-0.41673833,-0.2804216,,-0.3758433,1/2,-1.9021456,474.08334,7.657275,False
#79 Marco trap 2R,NFLX,stock,M5,2657,517.8597918890074,-0.18131708,-6.152729797924186,0.3530297327813323,-0.2348104,-0.13677269,-0.2305559,0.004594224039465189,-0.32984474,1/6,-0.92447364,1.0,2.0,False
#79 Marco trap to the post-BOS low,NFLX,stock,M5,2080,405.4002134471718,-0.18425857,-4.247174892999816,0.3072115384615385,-0.12523684,-0.14035454,-0.23122056,-0.017897658050060272,-0.32330868,1/6,-1.006425,0.6666667,2.5682201,False
#79 Marco trap 2R,NFLX,stock,M15,992,193.96573875803,-0.19407664,-3.4692567202149904,0.3528225806451613,-0.17918056,-0.16419944,-0.22456235,-0.10890049487352371,-0.2674272,0/6,-0.78549635,1.8333334,2.0,False
#79 Marco trap to the post-BOS low,NFLX,stock,M15,817,159.74799250535332,-0.22134183,-2.6519706691108786,0.25703794369645044,-0.055429067,-0.15266882,-0.29018313,-0.09831194579601288,-0.33152637,0/6,-0.8066895,1.5833334,3.2732315,False
#79 Marco trap 2R,NFLX,stock,M30,473,92.43619582664527,-0.27287206,-2.8860131857305236,0.3361522198731501,-0.084533274,-0.2913234,-0.2520104,-0.05932256579399109,-0.46498078,0/6,-1.288723,5.4166665,2.0,False
#79 Marco trap to the post-BOS low,NFLX,stock,M30,407,79.79428341384863,-0.27730522,-2.0552927324858343,0.24324324324324326,0.8797938,-0.25329086,-0.30473214,-0.14589613676071167,-0.3946566,0/6,-0.81714654,6.3333335,3.5742679,False
#79 Marco trap 2R,NFLX,stock,H1,276,54.40313005936319,-0.28433084,-1.875352031267387,0.35144927536231885,-0.1626031,-0.4476228,-0.116236165,-0.07375940680503845,-0.5010956,1/6,-1.635342,22.583334,2.0,False
#79 Marco trap to the post-BOS low,NFLX,stock,H1,241,47.50418240690772,0.044849105,0.13165201836824386,0.2697095435684647,-0.08041196,0.07262218,0.013389378,-0.06252822279930115,0.15133901,3/6,-1.5282931,22.583334,3.6907954,False
#79 Marco trap 2R,NFLX,stock,H4,86,17.316152149944873,-0.15116195,-1.225078591927319,0.38372093023255816,-0.10551124,-0.07356737,-0.23632666,0.028574757277965546,-0.28057232,2/6,-0.6728964,54.916668,2.0,False
#79 Marco trap to the post-BOS low,NFLX,stock,H4,73,14.698594266813672,-0.34914014,-2.0753614181895954,0.2602739726027397,-0.18769649,-0.16040887,-0.5656259,-0.017138946801424026,-0.5941886,1/6,-0.8077686,54.916668,4.5596685,False
#79 Marco trap 2R,NFLX,stock,D1,41,8.616369390103568,0.045223318,0.2329168712284681,0.3902439024390244,0.2907729,0.11001325,-0.03756381,0.38372743129730225,-0.15006754,2/6,-0.60801214,353.08334,2.0,False
#79 Marco trap to the post-BOS low,NFLX,stock,D1,31,6.5944962143273145,-0.08831706,-0.28615020381774714,0.2903225806451613,0.3972666,-0.38148332,0.22439359,-0.34795868396759033,0.054485846,2/6,-0.7151037,304.58334,3.1868727,False
#79 Marco trap 2R,NKE,stock,M5,3178,538.3879870129871,-0.11815388,-4.7349520496805635,0.329452485840151,0.07035253,-0.09867472,-0.13724466,-0.09452017396688461,-0.14759994,1/7,-0.51773894,1.25,2.0,False
#79 Marco trap to the post-BOS low,NKE,stock,M5,2383,403.70628478664196,-0.16208327,-3.8231939960292394,0.25891733109525805,0.18601957,-0.087136365,-0.2382349,-0.10442696511745453,-0.23577973,1/7,-0.86620766,0.5833333,2.6572087,False
#79 Marco trap 2R,NKE,stock,M15,1105,187.28596287703016,-0.08161582,-2.0012669798879723,0.3556561085972851,0.035482164,-0.17797258,0.007846314,-0.05166821554303169,-0.11758872,2/7,-0.3060964,3.8333333,2.0,False
#79 Marco trap to the post-BOS low,NKE,stock,M15,871,147.8312035315985,-0.091217496,-1.2914788390014746,0.26865671641791045,0.21045329,-0.20771195,0.016276324,-0.09013595432043076,-0.0925088,2/7,-0.33688566,2.0833333,2.8899422,False
#79 Marco trap 2R,NKE,stock,M30,570,96.65389972144847,-0.06630572,-1.2002494071826266,0.3543859649122807,0.058852065,-0.19457555,0.07129284,0.011704868637025356,-0.15483458,3/7,-0.30258137,19.583334,2.0,False
#79 Marco trap to the post-BOS low,NKE,stock,M30,477,81.22342657342656,0.049528085,0.4310197013725262,0.26834381551362685,0.39122847,-0.2463318,0.38936722,0.17990612983703613,-0.101498045,5/7,-0.26266214,18.833334,3.2800264,False
#79 Marco trap 2R,NKE,stock,H1,345,58.773903917910445,-0.06610973,-0.9924545709256795,0.3565217391304348,0.05406108,-0.17259501,0.040994648,-0.039650097489356995,-0.09565362,3/7,-0.34808996,24.166666,2.0,False
#79 Marco trap to the post-BOS low,NKE,stock,H1,291,49.90035211267606,-0.05689343,-0.40517969211398985,0.26804123711340205,0.5577059,-0.3016752,0.18621178,0.00792931579053402,-0.13284245,4/7,-0.60459954,24.166666,3.750966,False
#79 Marco trap 2R,NKE,stock,H4,88,16.12744606121425,-0.14513692,-1.2786404424268867,0.3522727272727273,0.08031244,-0.2746718,-0.0032653327,-0.2763632833957672,-0.013910513,1/6,-0.58020014,52.416668,2.0,False
#79 Marco trap to the post-BOS low,NKE,stock,H4,78,14.432370820668694,-0.25175428,-1.6431373770974478,0.2948717948717949,0.12284219,-0.31230712,-0.17736085,-0.2408353090286255,-0.26324803,1/6,-0.75763685,54.416668,4.134207,False
#79 Marco trap 2R,NKE,stock,D1,37,6.941063174114022,-0.037460983,-0.18185604935437114,0.35135135135135137,-0.017498393,-0.112722024,0.08618214,0.13950558006763458,-0.24565697,4/6,-1.1030784,189.41667,2.0,False
#79 Marco trap to the post-BOS low,NKE,stock,D1,31,5.815485362095532,0.2816366,0.6467712840130205,0.3225806451612903,0.02039223,-0.13338003,0.856275,0.7255167961120605,-0.2573608,3/6,-1.1030784,112.583336,3.4141362,False
#79 Marco trap 2R,NVDA,stock,M5,2665,519.9739583333334,-0.0754094,-2.4997900605547687,0.35121951219512193,-0.051675454,-0.097472474,-0.052416485,0.035273436456918716,-0.1545398,1/6,-0.20290798,1.0,2.0,False
#79 Marco trap to the post-BOS low,NVDA,stock,M5,2075,405.50762439807386,-0.037063777,-0.7920426480039269,0.29397590361445786,-0.022397352,-0.056816224,-0.016355893,0.12294035404920578,-0.14986867,3/6,-0.230953,0.68333334,2.6516073,False
#79 Marco trap 2R,NVDA,stock,M15,986,193.51773240193444,-0.017163591,-0.39602957397121136,0.3711967545638945,0.04249722,0.050485715,-0.08564125,-0.09337161481380463,0.042262156,3/6,-0.18103795,3.1916666,2.0,False
#79 Marco trap to the post-BOS low,NVDA,stock,M15,757,148.57294465341215,-0.11410067,-1.5504765537140033,0.24834874504623514,0.21511623,-0.005093062,-0.2194275,-0.3099949359893799,0.037293,1/6,-0.39594674,1.85,3.394834,False
#79 Marco trap 2R,NVDA,stock,M30,512,100.75862068965517,-0.18503046,-1.707335790047085,0.353515625,-0.07278687,-0.33244136,-0.028109184,-0.09678898006677628,-0.25643432,1/6,-0.47769606,19.5,2.0,False
#79 Marco trap to the post-BOS low,NVDA,stock,M30,423,83.2439385775862,-0.121991694,-0.7556611536269254,0.2553191489361702,0.23714654,-0.3601199,0.1360783,-0.13609665632247925,-0.11048979,2/6,-0.5402307,19.833334,3.5633419,False
#79 Marco trap 2R,NVDA,stock,H1,287,56.47992995689655,-0.21601835,-3.0519310472331633,0.31010452961672474,0.17752892,-0.10799571,-0.30931062,-0.10906314104795456,-0.28752908,1/6,-0.36031014,24.583334,2.0,False
#79 Marco trap to the post-BOS low,NVDA,stock,H1,249,49.001751077586206,-0.25786436,-2.0640974871909274,0.2248995983935743,0.45283866,-0.100979194,-0.38821745,-0.15602518618106842,-0.3250782,1/6,-0.66219145,24.583334,4.0716662,False
#79 Marco trap 2R,NVDA,stock,H4,86,17.392857142857142,-0.13176164,-1.1867747623481004,0.3488372093023256,0.109397665,-0.22032285,-0.0679976,-0.31083059310913086,0.0034537266,2/6,-0.559476,63.99167,2.0,False
#79 Marco trap to the post-BOS low,NVDA,stock,H4,78,15.774916943521594,0.03776254,0.14534398261904152,0.3333333333333333,-0.16808549,0.21639726,-0.09323627,-0.35977575182914734,0.3292906,1/6,-0.559476,73.48334,4.607683,False
#79 Marco trap 2R,NVDA,stock,D1,46,9.303156146179402,0.030987807,0.15676965228664438,0.391304347826087,0.0033873632,0.3838543,-0.32187864,0.14323683083057404,-0.07190715,2/6,-0.65359825,112.575,2.0,False
#79 Marco trap to the post-BOS low,NVDA,stock,D1,42,8.494186046511627,-0.30891028,-1.3398538707151382,0.21428571428571427,1.6147401,0.14034955,-0.7581702,-0.12693126499652863,-0.4743458,1/6,-1.009351,184.58333,5.0265183,False
#79 Marco trap 2R,NZDCAD,fx,M15,10110,863.1784712482468,-0.30060163,-18.727386693804288,0.3373887240356083,-0.35940358,-0.31128693,-0.28999218,-0.26857465505599976,-0.40089697,0/12,-0.46544126,1.75,2.0,False
#79 Marco trap to the post-BOS low,NZDCAD,fx,M15,8462,722.4744039270687,-0.32531205,-14.267068804132009,0.277121247931931,-0.362897,-0.33354336,-0.31721577,-0.30330851674079895,-0.3948943,1/12,-0.49418887,1.5,2.766915,False
#79 Marco trap 2R,NZDCAD,fx,M30,4974,424.7728548047697,-0.2916944,-13.864232297972112,0.32750301568154405,-0.24951118,-0.31695563,-0.26622918,-0.24675312638282776,-0.44046015,0/12,-0.54403377,2.5,2.0,False
#79 Marco trap to the post-BOS low,NZDCAD,fx,M30,4228,361.0654664484452,-0.28864524,-8.280560591632806,0.24195837275307475,-0.25760552,-0.26935175,-0.30817744,-0.25390344858169556,-0.4047127,0/12,-0.4781204,2.5,3.1611526,False
#79 Marco trap 2R,NZDCAD,fx,H1,2544,217.45752398783057,-0.19369423,-7.075369472102966,0.3490566037735849,-0.21913163,-0.17603302,-0.21238427,-0.17590247094631195,-0.2523589,0/12,-0.34920016,4.0,2.0,False
#79 Marco trap to the post-BOS low,NZDCAD,fx,H1,2237,191.215597940557,-0.22391155,-4.84513775617699,0.23915958873491283,-0.23027314,-0.14457832,-0.3092058,-0.2111610323190689,-0.26477554,2/12,-0.7574863,5.0,3.486952,False
#79 Marco trap 2R,NZDCAD,fx,H4,646,55.34869809992963,-0.16490626,-3.3349911366560567,0.3653250773993808,-0.063316986,-0.22826436,-0.0974997,-0.1948145627975464,-0.06514498,2/12,-0.3969801,17.75,2.0,False
#79 Marco trap to the post-BOS low,NZDCAD,fx,H4,570,48.837086558761435,-0.25506526,-3.2052363691113164,0.25263157894736843,-0.058530934,-0.33344698,-0.17039016,-0.23789067566394806,-0.31319463,2/12,-0.5482951,21.0,3.799308,False
#79 Marco trap 2R,NZDCAD,fx,D1,101,8.891359363702096,-0.38347545,-3.740373340733615,0.27722772277227725,0.19233131,-0.41203424,-0.35434547,-0.3809254765510559,-0.3901236,2/12,-1.0496848,176.25,2.0,False
#79 Marco trap to the post-BOS low,NZDCAD,fx,D1,95,8.363159797541575,-0.13414937,-0.4349702967084844,0.22105263157894736,-0.038176786,-0.6466639,0.36768782,0.008960218168795109,-0.53485626,1/12,-1.0708493,180.75,3.475675,False
#79 Marco trap 2R,NZDCHF,fx,M15,10060,858.9095371669003,-0.40742528,-24.158259066618925,0.3404572564612326,-0.5222261,-0.48571703,-0.32765666,-0.3821142911911011,-0.49149072,0/12,-0.6336886,2.0,2.0,False
#79 Marco trap to the post-BOS low,NZDCHF,fx,M15,8393,716.5832748948106,-0.44536272,-19.055823049255537,0.2886929584177291,-0.562636,-0.5388889,-0.35145697,-0.4285230040550232,-0.50225055,0/12,-0.7458214,1.75,2.651175,False
#79 Marco trap 2R,NZDCHF,fx,M30,5023,428.8571178120617,-0.32806012,-15.34123942972174,0.3519808879155883,-0.43928394,-0.37092435,-0.28382602,-0.32769474387168884,-0.32923707,0/12,-0.5919136,3.0,2.0,False
#79 Marco trap to the post-BOS low,NZDCHF,fx,M30,4316,368.92557921834776,-0.33638912,-8.902844134668069,0.2669138090824838,-0.5136851,-0.40730238,-0.2641492,-0.3321351706981659,-0.34982312,1/12,-0.6241391,3.0,3.1711376,False
#79 Marco trap 2R,NZDCHF,fx,H1,2482,212.05859649122806,-0.28114727,-9.734511293937143,0.35656728444802577,-0.37474343,-0.32159746,-0.239774,-0.2717406749725342,-0.31299007,1/12,-0.45399702,4.5,2.0,False
#79 Marco trap to the post-BOS low,NZDCHF,fx,H1,2176,185.91438596491227,-0.30364457,-6.105047244637672,0.24678308823529413,-0.4659015,-0.33629435,-0.26989624,-0.28115424513816833,-0.37655175,1/12,-0.6119514,5.75,3.6035626,False
#79 Marco trap 2R,NZDCHF,fx,H4,624,53.53911205073995,-0.056413896,-1.0962635141640362,0.42948717948717946,-0.34499297,-0.11674864,0.011745817,-0.07063163071870804,-0.011877566,6/12,-0.3968557,17.75,2.0,False
#79 Marco trap to the post-BOS low,NZDCHF,fx,H4,568,48.73431994362227,-0.004057582,-0.03667076702018354,0.3204225352112676,-0.33377498,-0.14347602,0.15535295,-0.08977185934782028,0.2630232,6/12,-0.8876665,24.25,3.9045744,False
#79 Marco trap 2R,NZDCHF,fx,D1,101,8.874248255953813,0.015426047,0.12066172375369523,0.4158415841584158,-0.13906455,-0.1825222,0.22549357,0.059809863567352295,-0.080276616,5/12,-1.0272403,137.5,2.0,False
#79 Marco trap to the post-BOS low,NZDCHF,fx,D1,86,7.852875,0.26876956,0.4247850369726315,0.2558139534883721,-0.27955735,-0.49233618,1.1041297,-0.2895897626876831,1.6311666,4/12,-1.2342103,148.5,4.381689,False
#79 Marco trap 2R,NZDJPY,fx,M15,9911,846.188113604488,-0.22860308,-15.14129459643355,0.3336696599737665,-0.22370331,-0.25166014,-0.20477493,-0.2154780775308609,-0.27213392,0/12,-0.43991402,1.75,2.0,False
#79 Marco trap to the post-BOS low,NZDJPY,fx,M15,8209,700.8735974754558,-0.24613425,-11.831597220821912,0.2745766841271775,-0.24266703,-0.23577459,-0.2568874,-0.2396010309457779,-0.26814348,0/12,-0.50009584,1.5,2.728001,False
#79 Marco trap 2R,NZDJPY,fx,M30,4869,415.9032390084191,-0.21761785,-10.488703908123425,0.32655576093653726,-0.15121242,-0.20774734,-0.22761486,-0.21539591252803802,-0.2245877,0/12,-0.44353333,3.0,2.0,False
#79 Marco trap to the post-BOS low,NZDJPY,fx,M30,4149,354.40183582787654,-0.22336634,-7.384204848316063,0.2501807664497469,-0.1414992,-0.22391662,-0.22281529,-0.23451915383338928,-0.18806031,0/12,-0.5453754,3.0,3.012085,False
#79 Marco trap 2R,NZDJPY,fx,H1,2404,205.34635173058936,-0.20316337,-7.370571391793884,0.3286189683860233,-0.12085314,-0.16440824,-0.24356486,-0.20783397555351257,-0.18823862,0/12,-0.46333274,5.25,2.0,False
#79 Marco trap to the post-BOS low,NZDJPY,fx,H1,2139,182.96715456674474,-0.14461023,-2.969690025688661,0.24029920523609163,-0.06796137,-0.12157683,-0.16858874,-0.18340450525283813,-0.022899816,3/12,-0.6828681,6.0,3.4226696,False
#79 Marco trap 2R,NZDJPY,fx,H4,631,54.13971106412966,-0.0561679,-1.1271811567822927,0.393026941362916,-0.09645992,0.009876344,-0.12766132,-0.08032591640949249,0.024803128,5/12,-0.39236087,19.25,2.0,False
#79 Marco trap to the post-BOS low,NZDJPY,fx,H4,543,46.721024734982336,-0.1554666,-1.8888688414545198,0.27440147329650094,0.08753214,-0.10121444,-0.21539636,-0.2292397916316986,0.07655284,6/12,-0.71317166,25.0,4.1070924,False
#79 Marco trap 2R,NZDJPY,fx,D1,98,8.54691977077364,-0.10576392,-0.8414640116194098,0.3979591836734694,0.016353656,-0.19867167,-0.020143075,-0.20304609835147858,0.21146055,6/12,-0.8484156,86.0,2.0,False
#79 Marco trap to the post-BOS low,NZDJPY,fx,D1,86,7.500358166189112,-0.10140818,-0.4562491634889518,0.26744186046511625,-0.36587533,-0.52144605,0.31862974,-0.04241291433572769,-0.28401262,3/12,-1.1835979,96.75,4.5265856,False
#79 Marco trap 2R,NZDUSD,fx,M15,10143,866.1984451718495,-0.25112513,-17.585500921247544,0.32475598935226263,-0.19228268,-0.27393946,-0.22832428,-0.25909915566444397,-0.22556652,0/12,-0.4892151,1.75,2.0,False
#79 Marco trap to the post-BOS low,NZDUSD,fx,M15,8310,709.6627308861351,-0.26274198,-12.751754029386676,0.2756919374247894,-0.1970571,-0.29841912,-0.22747466,-0.2648836076259613,-0.2557758,0/12,-0.6761422,1.5,2.6482425,False
#79 Marco trap 2R,NZDUSD,fx,M30,5000,426.993219546411,-0.22423112,-11.332898759901893,0.3226,-0.06944969,-0.23721346,-0.21136256,-0.22929926216602325,-0.20786044,0/12,-0.42625558,2.75,2.0,False
#79 Marco trap to the post-BOS low,NZDUSD,fx,M30,4182,357.63884336221025,-0.22687297,-7.446775851235809,0.25251076040172166,-0.0072139646,-0.24951613,-0.204034,-0.24422994256019592,-0.17098382,2/12,-0.49452344,2.5,3.0931802,False
#79 Marco trap 2R,NZDUSD,fx,H1,2573,220.0393935846406,-0.23280741,-8.718898727657193,0.3229692965410027,-0.08056169,-0.18963417,-0.27608147,-0.2257845252752304,-0.25580102,0/12,-0.5082849,4.75,2.0,False
#79 Marco trap to the post-BOS low,NZDUSD,fx,H1,2218,189.68028564738935,-0.25466162,-5.930950497376492,0.23805229936880073,0.14515588,-0.24201497,-0.26742283,-0.2632824182510376,-0.22800383,1/12,-0.6566261,4.75,3.4037175,False
#79 Marco trap 2R,NZDUSD,fx,H4,659,56.78220099079972,-0.20999509,-4.38248489352076,0.34142640364188165,-0.03212525,-0.18484122,-0.23462024,-0.20071615278720856,-0.23846191,1/12,-0.7246688,19.0,2.0,False
#79 Marco trap to the post-BOS low,NZDUSD,fx,H4,576,49.63057324840764,-0.36453077,-4.805421710014343,0.22569444444444445,0.19262402,-0.30629006,-0.42157066,-0.328755259513855,-0.47700483,1/12,-0.7638616,18.375,4.032845,False
#79 Marco trap 2R,NZDUSD,fx,D1,116,10.104698306701646,-0.24769817,-2.2611344087787315,0.3017241379310345,-0.008195019,-0.3845524,-0.10106865,-0.22689785063266754,-0.30001414,4/12,-0.9154913,175.0,2.0,False
#79 Marco trap to the post-BOS low,NZDUSD,fx,D1,103,8.972275220605772,-0.1444754,-0.6922425682356933,0.2524271844660194,0.039330527,-0.5943958,0.39160007,-0.09942791610956192,-0.2712758,3/12,-0.8534078,190.75,3.1195874,False
#79 Marco trap 2R,PFE,stock,M5,2347,457.43956776947704,-0.6257572,-8.711106893432454,0.31870472944184064,-0.579767,-0.66123617,-0.58748144,-0.2170124351978302,-1.072025,1/6,-1.4542794,1.4166666,2.0,False
#79 Marco trap to the post-BOS low,PFE,stock,M5,1734,338.3245192307693,-0.53684235,-4.4111475528792905,0.2964244521337947,-0.4943725,-0.43299374,-0.65152955,0.05923701077699661,-1.1981859,2/6,-1.763973,0.75,2.541851,False
#79 Marco trap 2R,PFE,stock,M15,875,170.99719101123597,-0.5621148,-10.451611971366797,0.31542857142857145,-0.3557172,-0.52133226,-0.6033661,-0.2577473223209381,-0.8562227,0/6,-1.196965,3.25,2.0,False
#79 Marco trap to the post-BOS low,PFE,stock,M15,706,138.1181039100161,-0.5251142,-4.65368904196406,0.2521246458923513,-0.19820398,-0.4252906,-0.6278061,-0.1993381530046463,-0.8417902,1/6,-1.195056,2.625,2.8915765,False
#79 Marco trap 2R,PFE,stock,M30,505,98.90147453083111,-0.43814892,-6.634055905735933,0.3346534653465347,-0.27674922,-0.4640669,-0.41107664,-0.09080661833286285,-0.75272304,1/6,-1.014644,19.083334,2.0,False
#79 Marco trap to the post-BOS low,PFE,stock,M30,420,82.25469168900804,-0.5877019,-6.1944930190351455,0.22857142857142856,-0.33311063,-0.57990265,-0.59603906,-0.24005863070487976,-0.9067717,1/6,-1.513957,20.0,3.576511,False
#79 Marco trap 2R,PFE,stock,H1,291,57.021325107296136,-0.44010323,-4.753742618146108,0.3470790378006873,-0.22807667,-0.36723346,-0.52430826,0.02529829367995262,-0.7713596,2/6,-1.1317738,21.833334,2.0,False
#79 Marco trap to the post-BOS low,PFE,stock,H1,257,50.359039699570815,-0.5918852,-4.525110114033593,0.2490272373540856,-0.4308872,-0.6091322,-0.570589,0.017670853063464165,-1.0267018,2/6,-1.4462864,23.583334,3.7089367,False
#79 Marco trap 2R,PFE,stock,H4,76,15.33646408839779,-0.2769708,-2.148571498831208,0.3815789473684211,-0.41785175,-0.24312147,-0.31082022,-0.36644643545150757,-0.227668,0/6,-0.76072246,49.083336,2.0,False
#79 Marco trap to the post-BOS low,PFE,stock,H4,70,14.125690607734807,-0.09212367,-0.33335912302570736,0.32857142857142857,-0.6673596,-0.1316939,-0.05255347,0.23844487965106964,-0.27577287,2/6,-0.76072246,54.916668,4.803423,False
#79 Marco trap 2R,PFE,stock,D1,40,8.125695216907674,-0.32177496,-1.6573512473788603,0.325,-0.1476028,-0.16889428,-0.44685915,-0.3709600865840912,-0.27727413,1/6,-1.0022064,148.54166,2.0,False
#79 Marco trap to the post-BOS low,PFE,stock,D1,37,7.771276595744681,-0.58760315,-2.4139424358540205,0.1891891891891892,-0.45457715,-0.5493522,-0.6167466,-0.6835213303565979,-0.50607264,1/6,-1.6478405,161.66667,4.565319,False
#79 Marco trap 2R,PLTR,stock,M5,2745,475.62203510436433,-0.05784962,-1.9325203925959873,0.3395264116575592,0.054139607,-0.069439866,-0.04596001,0.004117538686841726,-0.11175431,4/7,-0.28615335,1.0833334,2.0,False
#79 Marco trap to the post-BOS low,PLTR,stock,M5,2072,359.01233396584445,0.018105486,0.2388648247180667,0.2722007722007722,0.30655843,0.0021065578,0.03460634,0.17217035591602325,-0.109082855,3/7,-1.0077479,0.5833333,2.7621984,False
#79 Marco trap 2R,PLTR,stock,M15,1038,179.93806359753205,-0.008963362,-0.20989598285255634,0.3554913294797688,0.05287005,0.07198268,-0.08775495,0.10856889188289642,-0.1297094,3/7,-1.0092788,2.7083335,2.0,False
#79 Marco trap to the post-BOS low,PLTR,stock,M15,837,145.16346153846155,0.1566078,1.8623284763076855,0.2867383512544803,0.10112439,0.32732964,-0.008102659,0.2989533841609955,0.010470956,4/7,-1.0168738,2.1666667,3.1379962,False
#79 Marco trap 2R,PLTR,stock,M30,536,93.31458531935176,-0.02440462,-0.43356063772188286,0.3619402985074627,0.05078012,0.006158836,-0.053629532,0.03510796278715134,-0.08853058,3/6,-0.20918693,6.2083335,2.0,False
#79 Marco trap to the post-BOS low,PLTR,stock,M30,451,78.5165633937083,0.1707849,1.3589723639145703,0.2860310421286031,0.23456272,0.40034157,-0.05373761,0.30061954259872437,0.033243172,4/6,-0.13258033,19.583334,3.6398838,False
#79 Marco trap 2R,PLTR,stock,H1,317,55.31975633062589,-0.031654164,-0.45133603793087124,0.3659305993690852,0.018729307,-0.09113656,0.037134983,-0.1668306589126587,0.111422226,2/6,-0.3046807,23.583334,2.0,False
#79 Marco trap to the post-BOS low,PLTR,stock,H1,278,48.51385570950788,0.02641331,0.17877694971436,0.3057553956834532,0.19594146,0.020297721,0.03411998,-0.07946823537349701,0.12929113,3/6,-0.342989,23.916666,3.6058655,False
#79 Marco trap 2R,PLTR,stock,H4,100,17.886875612144955,-0.061477043,-0.6011153757572174,0.39,0.022277629,-0.005032318,-0.13331576,0.009404497221112251,-0.15168989,1/6,-0.3611942,63.75,2.0,False
#79 Marco trap to the post-BOS low,PLTR,stock,H4,82,14.667238001958864,-0.11141474,-0.8013658990760172,0.34146341463414637,-0.0073277894,0.11102733,-0.42545056,-0.12429118901491165,-0.094961494,2/6,-0.39906695,54.916668,4.1111784,False
#79 Marco trap 2R,PLTR,stock,D1,55,10.317796610169491,0.1528916,0.8425571790638258,0.4,0.08093172,0.6278182,-0.37683424,-0.2592219114303589,0.47194716,2/6,-0.46768308,185.25,2.0,False
#79 Marco trap to the post-BOS low,PLTR,stock,D1,48,9.00462249614792,0.20550738,0.6899566585124925,0.3125,0.226463,0.7296808,-0.31866607,-0.3806713819503784,0.70150477,2/6,-0.6506822,209.25,3.714118,False
#79 Marco trap 2R,QCOM,stock,M5,3447,583.6888038942976,-0.014326939,-0.5926192148768065,0.3513199883957064,0.007269767,0.022417765,-0.051435865,0.04440869390964508,-0.08041357,5/7,-0.22622131,1.1666666,2.0,False
#79 Marco trap to the post-BOS low,QCOM,stock,M5,2620,443.65090403337973,0.07123095,1.3425340564956305,0.2916030534351145,0.10374765,0.04726936,0.09650806,0.042453229427337646,0.103851974,5/7,-0.23097482,0.75,2.6291497,False
#79 Marco trap 2R,QCOM,stock,M15,1224,207.74442379182156,-0.00051736366,-0.012847464003604026,0.3668300653594771,0.027394263,0.0035121753,-0.0046671983,-0.039322126656770706,0.044892445,3/7,-0.3517443,2.8333333,2.0,False
#79 Marco trap to the post-BOS low,QCOM,stock,M15,977,165.82214219330854,0.034518078,0.4662749566427374,0.2661207778915046,0.2146445,0.06522966,0.0025882742,0.00884757749736309,0.06482989,4/7,-0.47335592,1.9166666,3.3531792,False
#79 Marco trap 2R,QCOM,stock,M30,624,106.10614525139664,0.08083797,1.5270653968896257,0.40544871794871795,0.026775936,0.08403864,0.077358976,-0.004616881255060434,0.18183005,5/7,-0.17324188,19.458334,2.0,False
#79 Marco trap to the post-BOS low,QCOM,stock,M30,509,86.55132681564245,0.09758934,0.942646884730773,0.2966601178781925,0.254254,0.21147446,-0.032086592,-0.07318440824747086,0.2920418,4/7,-0.32739818,19.083334,3.6753423,False
#79 Marco trap 2R,QCOM,stock,H1,360,61.41522652965904,-0.059882376,-0.945154492681486,0.38055555555555554,0.093039066,-0.102284335,-0.018412318,-0.035098593682050705,-0.08820671,1/7,-0.37197188,24.583334,2.0,False
#79 Marco trap to the post-BOS low,QCOM,stock,H1,297,50.667561886968706,-0.021706609,-0.1823785866122236,0.27946127946127947,0.13819869,-0.0074187913,-0.036286037,0.17256571352481842,-0.23376441,2/7,-0.8782401,24.166666,3.6439714,False
#79 Marco trap 2R,QCOM,stock,H4,98,16.836547507055503,0.01184644,0.10600915344022464,0.47959183673469385,-0.120590076,0.16177124,-0.12631954,0.18955790996551514,-0.23521584,3/7,-0.27366412,46.625,2.0,False
#79 Marco trap to the post-BOS low,QCOM,stock,H4,82,14.087723424270932,0.34981588,1.337423818107803,0.43902439024390244,0.3436498,0.32666522,0.37296647,0.7051050662994385,-0.12728684,5/7,-0.57755774,54.916668,4.939601,False
#79 Marco trap 2R,QCOM,stock,D1,54,9.625915080527086,-0.089279406,-0.5451434438824628,0.4074074074074074,0.013185943,-0.2019177,0.032023363,-0.03790077939629555,-0.15350267,2/6,-0.43427885,173.375,2.0,False
#79 Marco trap to the post-BOS low,QCOM,stock,D1,47,8.378111273792094,-0.08223394,-0.3172777819187381,0.3191489361702128,-0.0072027724,-0.22581671,0.0955352,0.11843320727348328,-0.405531,2/6,-0.59456146,160.83333,4.2190757,False
#79 Marco trap 2R,SOYBEAN.c,soft,M5,4891,1567.0506578947368,-1.102407,-36.86450190026326,0.2682478020854631,-1.0112646,-1.1409158,-1.0626663,-0.11581628769636154,-1.2333279,0/4,-1.5988418,1.25,2.0,False
#79 Marco trap to the post-BOS low,SOYBEAN.c,soft,M5,3540,1134.1973684210527,-1.2381546,-29.37718557106247,0.25734463276836156,-1.2235029,-1.2643311,-1.2102045,-0.013916353695094585,-1.4020661,0/4,-1.845276,0.8333333,2.2397094,False
#79 Marco trap 2R,SOYBEAN.c,soft,M15,1904,611.6411609498681,-0.85451114,-20.31481643480694,0.2956932773109244,-0.78915346,-0.8179055,-0.89333546,-0.21172572672367096,-0.9393497,0/4,-1.2403501,2.0,2.0,False
#79 Marco trap to the post-BOS low,SOYBEAN.c,soft,M15,1411,453.2697889182058,-1.1222254,-19.156417134825674,0.24734231041814317,-0.97541535,-1.1404499,-1.1037143,-0.37611082196235657,-1.2089965,0/4,-1.5413476,1.4166666,2.790983,False
#79 Marco trap 2R,SOYBEAN.c,soft,M30,968,311.23415492957747,-0.72859067,-14.657989700150218,0.3047520661157025,-0.67983514,-0.6778974,-0.7782471,-0.2692815065383911,-0.7905139,0/4,-0.9992209,3.0416665,2.0,False
#79 Marco trap to the post-BOS low,SOYBEAN.c,soft,M30,741,238.24845950704224,-0.8275064,-9.916053739922942,0.2550607287449393,-0.82941425,-0.69595814,-0.95113415,-0.33115124702453613,-0.88842267,0/4,-1.2215991,2.5,3.216553,False
#79 Marco trap 2R,SOYBEAN.c,soft,H1,539,173.6064814814815,-0.54927176,-8.617618152161736,0.35064935064935066,-0.593557,-0.5221171,-0.57514745,-0.061314161866903305,-0.6221013,0/4,-0.87379307,9.0,2.0,False
#79 Marco trap to the post-BOS low,SOYBEAN.c,soft,H1,443,142.68584656084656,-0.5287139,-4.1788011986245746,0.27313769751693,-0.69169754,-0.5208212,-0.5358275,0.12872959673404694,-0.62972736,2/4,-1.112118,8.583333,3.1600454,False
#79 Marco trap 2R,SOYBEAN.c,soft,H4,161,52.4578501338091,-0.5835443,-5.026627549887267,0.34782608695652173,-0.62523806,-0.54658765,-0.62699336,0.04238389432430267,-0.647852,1/4,-0.9518995,17.25,2.0,False
#79 Marco trap to the post-BOS low,SOYBEAN.c,soft,H4,141,45.94134701159679,-0.77205396,-4.640765368442699,0.24113475177304963,-0.6365489,-0.70719874,-0.8571098,-0.3611910939216614,-0.8137821,0/4,-1.3410815,19.75,4.200285,False
#79 Marco trap 2R,SOYBEAN.c,soft,D1,26,9.430486593843098,-0.66634697,-3.0980200616785987,0.19230769230769232,0.28355426,-0.91121894,-0.45645684,-0.2203110158443451,-0.6841885,0/4,-1.257626,233.75,2.0,False
#79 Marco trap to the post-BOS low,SOYBEAN.c,soft,D1,22,8.631041890440386,-0.55859894,-1.5921279494705873,0.18181818181818182,1.1292204,-1.1477257,-0.06766019,,-0.55859894,1/3,-1.3015949,159.95834,4.7288733,False
#79 Marco trap 2R,SPN35.cash,index,M5,5560,1101.8936516549106,-0.4608654,-21.598716449098404,0.3329136690647482,-0.3705764,-0.3737371,-0.5502155,-0.5032225251197815,-0.4227628,0/6,-0.61351794,0.8333333,2.0,False
#79 Marco trap to the post-BOS low,SPN35.cash,index,M5,4404,872.7948996201845,-0.5020474,-13.488028987898735,0.2926884650317893,-0.35125956,-0.42948306,-0.5758749,-0.5514617562294006,-0.45967746,0/6,-0.7008377,0.6666667,2.5280185,False
#79 Marco trap 2R,SPN35.cash,index,M15,1968,390.23452768729646,-0.37488985,-11.194638264950845,0.32977642276422764,-0.24362364,-0.31151992,-0.44419232,-0.4219183623790741,-0.33343643,0/6,-0.5136459,1.7916667,2.0,False
#79 Marco trap to the post-BOS low,SPN35.cash,index,M15,1632,323.7848995111353,-0.45610246,-9.024521982775472,0.23835784313725492,-0.18172081,-0.32963553,-0.58730596,-0.5195463299751282,-0.40148425,0/6,-0.6570335,1.5,3.1064222,False
#79 Marco trap 2R,SPN35.cash,index,M30,941,186.8951876019576,-0.23129804,-4.901848266811521,0.3602550478214665,-0.20926964,-0.15618661,-0.31395414,-0.192128524184227,-0.26511568,0/6,-0.4165214,5.4166665,2.0,False
#79 Marco trap to the post-BOS low,SPN35.cash,index,M30,787,156.39377040261155,-0.17963353,-1.6649083613512616,0.2630241423125794,-0.22308242,-0.026659334,-0.3353534,-0.09311065822839737,-0.25258023,1/6,-0.4355649,5.3333335,3.2871861,False
#79 Marco trap 2R,SPN35.cash,index,H1,494,98.32888283378746,-0.22839442,-3.816954845763697,0.354251012145749,-0.105403334,-0.2075239,-0.25030416,-0.20963339507579803,-0.24555571,1/6,-0.43356478,13.083333,2.0,False
#79 Marco trap to the post-BOS low,SPN35.cash,index,H1,422,83.99754768392371,-0.28957167,-2.8413294882588462,0.24170616113744076,-0.28785604,-0.32159308,-0.25815156,-0.2939381003379822,-0.285712,1/6,-0.7574689,14.125,3.9149396,False
#79 Marco trap 2R,SPN35.cash,index,H4,160,31.98686371100164,-0.20059904,-1.9599681062293952,0.38125,-0.33127207,-0.25611803,-0.13767749,-0.21281543374061584,-0.18807334,1/6,-0.48931524,26.041668,2.0,False
#79 Marco trap to the post-BOS low,SPN35.cash,index,H4,142,28.814166666666665,-0.36382416,-2.2654043252044658,0.2605633802816901,-0.35192475,-0.45885754,-0.26879075,-0.34043705463409424,-0.3859298,1/6,-1.0477741,30.25,5.3566046,False
#79 Marco trap 2R,SPN35.cash,index,D1,45,9.25464527027027,-0.30184266,-1.6695310901694498,0.28888888888888886,0.3479854,-0.12748258,-0.5011113,-0.3337443470954895,-0.25818765,1/6,-1.054251,106.25,2.0,False
#79 Marco trap to the post-BOS low,SPN35.cash,index,D1,44,9.048986486486486,-0.39749232,-2.065247943837756,0.22727272727272727,1.4551145,-0.19285206,-0.62162215,-0.30086684226989746,-0.5370624,0/6,-1.095763,94.16667,4.125926,False
#79 Marco trap 2R,SUGAR.c,soft,M5,1019,564.7795902883156,-3.6124017,-23.297324699225165,0.1481844946025515,-3.6462789,-3.5241666,-3.6941316,,-3.6124017,0/3,-12.55526,1.1666666,2.0,False
#79 Marco trap to the post-BOS low,SUGAR.c,soft,M5,789,437.3023520485584,-4.1180363,-21.844336328947346,0.12927756653992395,-4.1282444,-4.123211,-4.113229,,-4.1180363,0/3,-15.864604,1.0,2.5476258,False
#79 Marco trap 2R,SUGAR.c,soft,M15,420,233.13829787234042,-2.4307048,-12.512837139249491,0.20714285714285716,-2.3912978,-2.4729471,-2.385549,,-2.4307048,0/3,-13.701399,2.5,2.0,False
#79 Marco trap to the post-BOS low,SUGAR.c,soft,M15,367,204.0285388127854,-2.6364856,-11.694774280992815,0.21525885558583105,-2.7571328,-2.7050552,-2.563679,,-2.6364856,0/3,-18.400888,2.9166667,2.8474576,False
#79 Marco trap 2R,SUGAR.c,soft,M30,234,129.89133738601825,-2.1572967,-9.05042276588363,0.21367521367521367,-2.1066706,-2.8128994,-1.5856115,,-2.1572967,0/3,-9.550905,6.041667,2.0,False
#79 Marco trap to the post-BOS low,SUGAR.c,soft,M30,198,109.90805471124621,-2.4689553,-8.601957150791621,0.20202020202020202,-2.4032385,-3.2579763,-1.784145,,-2.4689553,0/3,-14.373344,12.0,3.290277,False
#79 Marco trap 2R,SUGAR.c,soft,H1,133,75.19852941176471,-1.5447239,-5.7837149914909745,0.2781954887218045,-1.863402,-1.8866581,-1.1976086,,-1.5447239,0/3,-27.549454,19.75,2.0,False
#79 Marco trap to the post-BOS low,SUGAR.c,soft,H1,113,63.890479876160995,-1.4936613,-4.286396669151404,0.336283185840708,-1.5335888,-1.9690477,-1.0266149,,-1.4936613,0/3,-27.549454,22.666666,3.6328688,False
#79 Marco trap 2R,SUGAR.c,soft,H4,43,24.65580847723705,-1.006892,-3.5227484375046125,0.27906976744186046,-1.0358008,-1.1517187,-0.89223737,,-1.006892,0/2,-1.344013,54.75,2.0,False
#79 Marco trap to the post-BOS low,SUGAR.c,soft,H4,39,22.362244897959183,-1.3227029,-4.263530722180919,0.23076923076923078,-1.2709427,-1.7454033,-1.0286505,,-1.3227029,0/2,-1.9096544,71.166664,2.8770642,False
#79 Marco trap 2R,SUGAR.c,soft,D1,16,10.742647058823529,-0.9402933,-1.8738094568252563,0.4375,-0.5420105,-1.8369076,-0.24292652,,-0.9402933,0/2,-1.3451551,385.1667,2.0,False
#79 Marco trap to the post-BOS low,SUGAR.c,soft,D1,13,9.851141078838173,-1.3582708,-2.312816711546851,0.23076923076923078,-0.5232765,-1.8369076,-0.799861,,-1.3582708,0/2,-1.3735723,181.58333,3.8190217,False
#79 Marco trap 2R,T,stock,M5,1973,378.48647584033614,-0.87590724,-9.814234938502398,0.3360364926507856,-0.94496155,-0.7559563,-0.9967122,-0.3583981692790985,-1.3289734,0/6,-1.8692098,2.1666667,2.0,False
#79 Marco trap to the post-BOS low,T,stock,M5,1401,268.7580094537815,-1.0472298,-8.20753358948084,0.30549607423269093,-0.96977997,-0.947707,-1.1494889,-0.3201172947883606,-1.6658036,0/6,-2.2497468,1.0,2.6168225,False
#79 Marco trap 2R,T,stock,M15,787,151.13130914826496,-0.5806507,-10.557981247543125,0.3290978398983482,-0.50123316,-0.47147083,-0.69010836,-0.32077959179878235,-0.8019996,0/6,-1.1427709,17.916666,2.0,False
#79 Marco trap to the post-BOS low,T,stock,M15,593,113.87657728706624,-0.6932568,-7.821481075458166,0.2748735244519393,-0.71336365,-0.59425944,-0.7912576,-0.2762163579463959,-1.0638119,0/6,-1.6599567,2.75,3.1460674,False
#79 Marco trap 2R,T,stock,M30,413,79.26865475564897,-0.5266923,-6.073112249618936,0.32929782082324455,-0.30280837,-0.39807314,-0.65469015,-0.2966742515563965,-0.72077006,0/6,-1.1343142,20.833334,2.0,False
#79 Marco trap to the post-BOS low,T,stock,M30,342,65.6413557540725,-0.7391246,-6.649667324628485,0.24269005847953215,-0.38738772,-0.5283016,-0.945073,-0.4972306191921234,-0.9468378,0/6,-1.7110921,19.041668,3.2701664,False
#79 Marco trap 2R,T,stock,H1,244,46.979968371112285,-0.44206265,-3.5140859826009643,0.35655737704918034,-0.34135816,-0.32791156,-0.5765978,-0.22254417836666107,-0.60242015,1/6,-0.91728044,24.583334,2.0,False
#79 Marco trap to the post-BOS low,T,stock,H1,207,39.85595677385346,-0.5399923,-2.899243071946642,0.26570048309178745,-0.64276314,-0.22255962,-0.9367832,-0.4816555976867676,-0.58399206,1/6,-1.6736971,25.0,3.528166,False
#79 Marco trap 2R,T,stock,H4,78,15.259507230851634,-0.5353825,-4.465998201513548,0.28205128205128205,0.008517911,-0.56246537,-0.5121686,-0.4961727559566498,-0.56413627,0/6,-0.8984395,54.916668,2.0,False
#79 Marco trap to the post-BOS low,T,stock,H4,64,12.622030237580994,-0.63516796,-3.911900281906128,0.25,-0.21358684,-0.6454304,-0.62611276,-0.597795844078064,-0.6624394,0/6,-1.4721093,48.5,4.009329,False
#79 Marco trap 2R,T,stock,D1,54,11.38770207852194,-3.8293102,-1.0922194660516202,0.2962962962962963,-3.3517988,-0.42976236,-5.8290443,0.15496911108493805,-6.5685024,2/6,-17.812141,101.0,2.0,False
#79 Marco trap to the post-BOS low,T,stock,D1,48,10.145833333333334,-4.150442,-1.0499530593592248,0.25,-4.1287227,-0.105971076,-6.1726775,0.21525093913078308,-7.2687945,2/6,-19.12859,76.83333,3.9753454,False
#79 Marco trap 2R,TSLA,stock,M5,2929,570.5691999999999,-0.08788228,-3.398770885858651,0.3315124615909867,0.014886455,-0.10506317,-0.07009247,-0.0769427940249443,-0.09731262,1/6,-0.12583654,0.85,2.0,False
#79 Marco trap to the post-BOS low,TSLA,stock,M5,2324,452.7152,-0.07215347,-1.6888349247794456,0.2719449225473322,0.13260208,-0.09816959,-0.04613736,-0.06731954216957092,-0.07645292,2/6,-0.21312572,0.56666666,2.6879973,False
#79 Marco trap 2R,TSLA,stock,M15,1017,198.8539882226981,-0.13230254,-3.2404214815444314,0.32645034414945917,0.080816075,-0.13439567,-0.13013823,-0.13305070996284485,-0.13164426,0/6,-0.25725892,3.1833334,2.0,False
#79 Marco trap to the post-BOS low,TSLA,stock,M15,787,154.12962466487937,-0.10908194,-1.4522803139614247,0.22998729351969505,0.25644404,0.01536869,-0.2390278,-0.23954518139362335,-0.0024214871,1/6,-0.41297525,2.0,3.4858165,False
#79 Marco trap 2R,TSLA,stock,M30,454,89.05665950590763,-0.09751769,-1.5946540175441177,0.32819383259911894,0.13961625,-0.14924265,-0.048456684,-0.16723217070102692,-0.03644553,1/6,-0.34773818,18.083334,2.0,False
#79 Marco trap to the post-BOS low,TSLA,stock,M30,400,78.4640171858217,-0.07027302,-0.6402736157178879,0.2275,0.47935268,-0.05704506,-0.08310998,-0.06462258845567703,-0.07518416,1/6,-0.27132186,19.041668,3.3542845,False
#79 Marco trap 2R,TSLA,stock,H1,285,56.02596878363832,0.01051423,0.14146051809051427,0.3824561403508772,0.16003098,-0.18967585,0.23930289,-0.25998973846435547,0.25056407,3/6,-0.5453255,23.666666,2.0,False
#79 Marco trap to the post-BOS low,TSLA,stock,H1,248,48.7524219590958,0.019347223,0.15881430521388262,0.3024193548387097,0.5215238,-0.13744527,0.19776626,-0.14817224442958832,0.1665613,4/6,-0.5272778,25.1,3.4075327,False
#79 Marco trap 2R,TSLA,stock,H4,78,16.12308998302207,-0.15208158,-1.44382704650099,0.4230769230769231,0.030882541,-0.216876,-0.087287135,-0.3005473017692566,-0.031237377,2/6,-0.36801872,73.11667,2.0,False
#79 Marco trap to the post-BOS low,TSLA,stock,H4,63,13.022495755517825,-0.25047868,-1.9446659271764468,0.4126984126984127,-0.028309586,-0.37874815,-0.13387007,-0.3466310501098633,-0.17355683,2/6,-0.45050812,72.566666,3.5992517,False
#79 Marco trap 2R,TSLA,stock,D1,38,7.981311098332376,-0.28140604,-1.6323837496801241,0.3684210526315789,0.37313077,-0.29364008,-0.27039543,-0.2698967158794403,-0.28977644,2/5,-0.7055876,198.025,2.0,False
#79 Marco trap to the post-BOS low,TSLA,stock,D1,32,7.062235649546828,-0.3802864,-1.3494090738649267,0.21875,0.7325089,-0.66102135,-0.1882045,-0.18416325747966766,-0.53282654,1/5,-0.6685642,173.91666,4.0267096,False
#79 Marco trap 2R,UK100.cash,index,M5,10516,2118.5708769994485,-0.23031715,-15.75647849056484,0.33472803347280333,-0.29659286,-0.20674016,-0.25431034,-0.19432954490184784,-0.2569343,0/6,-0.30900374,1.0833334,2.0,False
#79 Marco trap to the post-BOS low,UK100.cash,index,M5,7723,1555.888444567016,-0.21831785,-10.72497306084522,0.32344943674737797,-0.26934934,-0.20761865,-0.22900318,-0.14396758377552032,-0.27367327,0/6,-0.32017195,0.75,2.1875546,False
#79 Marco trap 2R,UK100.cash,index,M15,4006,807.0554329840045,-0.14913915,-6.580119143389213,0.3377433849226161,-0.16000621,-0.13823971,-0.16014794,-0.1817292869091034,-0.12441754,0/6,-0.35071516,1.5833334,2.0,False
#79 Marco trap to the post-BOS low,UK100.cash,index,M15,3206,645.8861003861005,-0.15922454,-4.70502339306517,0.2825951341235184,-0.16332574,-0.123997696,-0.19366904,-0.185349702835083,-0.13925321,0/6,-0.28721914,1.3333334,2.6453788,False
#79 Marco trap 2R,UK100.cash,index,M30,2079,418.8388030888031,-0.06321528,-2.0563797466744766,0.3569023569023569,-0.185681,-0.07110703,-0.055021755,-0.05551533401012421,-0.06893376,0/6,-0.16241148,2.6666667,2.0,False
#79 Marco trap to the post-BOS low,UK100.cash,index,M30,1716,345.70821842250416,-0.034327567,-0.6273447029201321,0.2733100233100233,-0.11886747,-0.02086672,-0.04807378,0.001547439955174923,-0.061722334,2/6,-0.17836832,2.6666667,3.0459824,False
#79 Marco trap 2R,UK100.cash,index,H1,1056,212.97846493649917,-0.044986438,-1.0013763489915282,0.3683712121212121,-0.17580672,-0.006247476,-0.089057885,-0.05653853714466095,-0.036206856,2/6,-0.21545723,4.5,2.0,False
#79 Marco trap to the post-BOS low,UK100.cash,index,H1,909,183.33089453340696,-0.032539945,-0.397425987045147,0.26952695269526955,-0.18800293,0.17444614,-0.25709134,-0.11670417338609695,0.031275086,1/6,-0.31738943,5.5,3.4849048,False
#79 Marco trap 2R,UK100.cash,index,H4,238,48.00082827167311,-0.048215,-0.5860161194718736,0.3907563025210084,-0.1386206,-0.15590687,0.072938375,-0.10889528691768646,-0.00030951752,3/6,-0.31452006,22.875,2.0,False
#79 Marco trap to the post-BOS low,UK100.cash,index,H4,210,42.35367200441745,-0.2683488,-2.1321367401899947,0.24761904761904763,-0.10451,-0.31398514,-0.22271247,-0.33394855260849,-0.21519043,1/6,-0.7490503,25.5,4.272435,False
#79 Marco trap 2R,UK100.cash,index,D1,38,7.841525423728813,0.14095621,0.6512926623370336,0.47368421052631576,-0.2186835,0.08123163,0.2558111,0.08421839028596878,0.20399816,3/6,-0.62273276,85.166664,2.0,False
#79 Marco trap to the post-BOS low,UK100.cash,index,D1,35,7.222457627118644,0.93585426,1.3007569197895263,0.37142857142857144,-0.26377892,0.5900768,1.521016,0.8548066020011902,1.0216693,3/6,-1.2718427,134.58333,5.512023,False
#79 Marco trap 2R,UKOIL.cash,energy,M5,10652,2122.554828150573,-0.16327709,-11.817295685824448,0.32970334209538116,-0.09086572,-0.18801108,-0.13829103,-0.15664978325366974,-0.16908926,0/6,-0.2603471,1.0833334,2.0,False
#79 Marco trap to the post-BOS low,UKOIL.cash,energy,M5,7855,1565.2148117839606,-0.18826994,-9.766537140959233,0.30922978994271166,-0.08326292,-0.19651642,-0.17997499,-0.17047107219696045,-0.20420901,0/6,-0.28303224,0.75,2.1523335,False
#79 Marco trap 2R,UKOIL.cash,energy,M15,3890,775.1350245499182,-0.15039627,-6.769348046934558,0.3275064267352185,-0.07285492,-0.16725524,-0.1330805,-0.13265667855739594,-0.16573772,0/6,-0.34402534,1.75,2.0,False
#79 Marco trap to the post-BOS low,UKOIL.cash,energy,M15,3010,599.7831423895253,-0.20924611,-6.3940112003393095,0.2571428571428571,-0.063041694,-0.19786204,-0.22092131,-0.18588782846927643,-0.23002373,0/6,-0.38915926,1.3333334,2.7073748,False
#79 Marco trap 2R,UKOIL.cash,energy,M30,2019,402.53261462882097,-0.11220952,-3.677769521074804,0.3392768697374938,-0.032756884,-0.0741464,-0.15107277,-0.116126649081707,-0.10887764,0/6,-0.15328857,2.8333333,2.0,False
#79 Marco trap to the post-BOS low,UKOIL.cash,energy,M30,1615,321.9862172489083,-0.15057537,-3.0532079232970166,0.24891640866873066,-0.0096284,-0.1323804,-0.16911153,-0.2194753885269165,-0.09142765,1/6,-0.25865033,2.4166667,3.025705,False
#79 Marco trap 2R,UKOIL.cash,energy,H1,1037,206.74904475982532,-0.08022293,-1.9110243886707956,0.35294117647058826,0.02198782,-0.08743232,-0.07265734,-0.08926559239625931,-0.072430305,1/6,-0.34366336,6.5833335,2.0,False
#79 Marco trap to the post-BOS low,UKOIL.cash,energy,H1,857,170.86203602620088,-0.23306951,-3.5479677607578624,0.2310385064177363,0.17242742,-0.28462693,-0.17815775,-0.2591239809989929,-0.21221498,1/6,-0.6235374,5.5833335,3.1452897,False
#79 Marco trap 2R,UKOIL.cash,energy,H4,286,57.64983443708609,-0.12087167,-1.6694383823011256,0.34615384615384615,-0.0051105306,-0.19848678,-0.01801586,-0.17934107780456543,-0.07799411,1/6,-0.3970505,22.5,2.0,False
#79 Marco trap to the post-BOS low,UKOIL.cash,energy,H4,264,53.21523178807947,-0.2100475,-1.889696152511532,0.23863636363636365,0.076852866,-0.40793782,0.06699889,-0.3638366460800171,-0.094960295,1/6,-0.5640768,26.083334,3.3274257,False
#79 Marco trap 2R,UKOIL.cash,energy,D1,39,8.186637931034483,-0.4293963,-2.3408781595449377,0.23076923076923078,0.50086224,-0.41312122,-0.4448577,-0.242337167263031,-0.5739421,0/6,-1.0459453,40.25,2.0,False
#79 Marco trap to the post-BOS low,UKOIL.cash,energy,D1,38,7.976724137931034,-0.75065875,-5.116613430088906,0.13157894736842105,0.7380664,-0.7512335,-0.75008386,-0.78974449634552,-0.7190178,0/6,-1.0459453,41.583336,5.4497433,False
#79 Marco trap 2R,US100.cash,index,M5,12471,2511.0434123484015,-0.09741156,-7.771247636508911,0.32146580065752545,0.012195733,-0.073937334,-0.12174838,-0.11785734444856644,-0.08104784,0/6,-0.1507954,1.1333333,2.0,False
#79 Marco trap to the post-BOS low,US100.cash,index,M5,8791,1770.0731808158766,-0.11354583,-6.687329677904736,0.3079285633033785,0.033497468,-0.084476694,-0.14262158,-0.11158867180347443,-0.1150921,0/6,-0.21745601,0.68333334,2.0609279,False
#79 Marco trap 2R,US100.cash,index,M15,4517,910.0023441809157,-0.087551005,-4.240186252800188,0.3234447642240425,0.04176445,-0.10192716,-0.07212584,-0.04596506804227829,-0.122386426,0/6,-0.15144312,1.3666667,2.0,False
#79 Marco trap to the post-BOS low,US100.cash,index,M15,3491,703.3026751241038,-0.093382224,-2.6878836227979597,0.26639931251790316,-0.00055179413,-0.09651949,-0.09007703,-0.02262568287551403,-0.15074345,2/6,-0.26030815,1.0,2.6575408,False
#79 Marco trap 2R,US100.cash,index,M30,2373,478.06853281853284,-0.04184212,-1.4844141998155524,0.3447113358617783,0.022364905,0.0066777114,-0.093967006,-0.03312836214900017,-0.049578432,2/6,-0.1118232,2.0166667,2.0,False
#79 Marco trap to the post-BOS low,US100.cash,index,M30,1849,372.5026199669057,-0.11558423,-2.647106323391199,0.2482422931314224,-0.029798096,-0.13395633,-0.0971125,-0.03041568025946617,-0.189805,1/6,-0.24471359,1.5666667,3.124857,False
#79 Marco trap 2R,US100.cash,index,H1,1167,235.36540585311982,-0.06993808,-1.7976185217208012,0.34104541559554413,0.08475268,-0.074980125,-0.06379368,-0.04510483890771866,-0.09324504,1/6,-0.1917594,4.733333,2.0,False
#79 Marco trap to the post-BOS low,US100.cash,index,H1,911,184.44720066518846,0.040828988,0.5123934625494734,0.24478594950603733,0.17479897,-0.004552463,0.09341554,-0.021200131624937057,0.0977652,3/6,-0.24566546,3.1333334,3.3093026,False
#79 Marco trap 2R,US100.cash,index,H4,319,65.64211267605634,-0.08072904,-1.2127781908490916,0.3761755485893417,0.08510591,-0.092675224,-0.06808922,-0.19598276913166046,0.014108304,3/6,-0.2884354,27.483334,2.0,False
#79 Marco trap to the post-BOS low,US100.cash,index,H4,276,56.793802816901405,-0.063940585,-0.5111324790434162,0.29347826086956524,0.27003834,-0.15937819,0.027435854,-0.14651928842067719,0.0034262382,3/6,-0.27548015,29.058334,3.301056,False
#79 Marco trap 2R,US100.cash,index,D1,39,8.344903339191564,0.13620646,0.628021718214828,0.4358974358974359,-0.36633503,0.2229037,0.035059724,-0.2770034670829773,0.455505,3/6,-0.3250368,185.58333,2.0,False
#79 Marco trap to the post-BOS low,US100.cash,index,D1,36,7.887822435512897,0.16087821,0.4317345768213272,0.3333333333333333,-0.34249485,-0.10816362,0.42992005,0.24159781634807587,0.10322133,3/5,-0.4589406,193.33333,3.5595245,False
#79 Marco trap 2R,US2000.cash,index,M5,19972,2308.4724683544305,-0.2495877,-24.900006641802552,0.32300220308431804,-0.16721234,-0.22440837,-0.27562353,-0.25348153710365295,-0.24130373,0/9,-0.38503644,1.1666666,2.0,False
#79 Marco trap to the post-BOS low,US2000.cash,index,M5,13770,1591.6115506329115,-0.2728309,-19.813908590738126,0.3114742193173566,-0.13566805,-0.23278983,-0.31413615,-0.2833922803401947,-0.24973565,0/9,-0.41829044,0.6666667,2.0350475,False
#79 Marco trap 2R,US2000.cash,index,M15,7610,879.8836657169991,-0.18019615,-11.138804460316225,0.3306176084099869,-0.11130897,-0.15866622,-0.20331,-0.15940937399864197,-0.2238179,0/9,-0.28482577,1.3333334,2.0,False
#79 Marco trap to the post-BOS low,US2000.cash,index,M15,5759,665.8672839506173,-0.22329344,-9.259553028784417,0.27313769751693,-0.11257145,-0.18556756,-0.26324487,-0.20174483954906464,-0.26860824,0/9,-0.37791407,1.0,2.6223924,False
#79 Marco trap 2R,US2000.cash,index,M30,3955,457.42993983533887,-0.17917171,-8.33348309043343,0.32262958280657394,-0.0052997437,-0.22309063,-0.13064821,-0.17060986161231995,-0.19721013,1/9,-0.268563,2.0,2.0,False
#79 Marco trap to the post-BOS low,US2000.cash,index,M30,3032,350.67701076630783,-0.2179631,-6.2929701277205154,0.24406332453825857,0.021808192,-0.25793135,-0.17348279,-0.2275201827287674,-0.19770841,1/9,-0.36655864,1.4166666,2.8063369,False
#79 Marco trap 2R,US2000.cash,index,H1,2009,232.35821722609248,-0.17500195,-5.903203609797324,0.3245395719263315,0.048622053,-0.15789978,-0.19368963,-0.1813131719827652,-0.15996763,1/9,-0.34899104,4.5833335,2.0,False
#79 Marco trap to the post-BOS low,US2000.cash,index,H1,1582,182.97197593413554,-0.2170568,-4.621997678606994,0.2402022756005057,0.06105515,-0.22094075,-0.2129298,-0.24861839413642883,-0.14481296,1/9,-0.4717059,3.1666667,2.9564853,False
#79 Marco trap 2R,US2000.cash,index,H4,541,62.59114665821983,-0.11583438,-2.1633952162150893,0.3659889094269871,0.043975294,-0.042847294,-0.18539608,-0.051410652697086334,-0.24083042,4/9,-0.43159372,16.5,2.0,False
#79 Marco trap to the post-BOS low,US2000.cash,index,H4,498,57.61624960405448,-0.31309348,-3.772722186194124,0.23293172690763053,0.27727848,-0.06318616,-0.54370284,-0.2082386016845703,-0.5136053,1/9,-0.679616,19.291666,4.1074343,False
#79 Marco trap 2R,US2000.cash,index,D1,76,9.438626317579054,-0.0013913936,-0.009193315679274136,0.3684210526315789,0.013328316,0.27936274,-0.33027476,0.013444948010146618,-0.029922806,4/9,-1.0372456,114.54167,2.0,False
#79 Marco trap to the post-BOS low,US2000.cash,index,D1,69,8.569279156749404,-0.28797778,-1.2494081782682325,0.18840579710144928,0.087532885,0.02845471,-0.6538528,-0.2551099359989166,-0.35371345,2/9,-1.0372456,138.91667,5.018081,False
#79 Marco trap 2R,US30.cash,index,M5,18086,2381.3667988464313,-0.07753971,-7.472607993408371,0.32024770540749753,-0.0018637278,-0.053018536,-0.102692604,-0.0635594055056572,-0.10068287,0/8,-0.13006432,1.1666666,2.0,False
#79 Marco trap to the post-BOS low,US30.cash,index,M5,12818,1687.7341384282624,-0.09305019,-6.645223377981232,0.30628803245436104,0.034335528,-0.09825867,-0.0878854,-0.09703873842954636,-0.08596307,0/8,-0.14429663,0.75,2.0467124,False
#79 Marco trap 2R,US30.cash,index,M15,6629,873.1490263252795,-0.090381086,-5.346404286176454,0.31694071503997584,0.016285557,-0.058108933,-0.12442391,-0.09540297091007233,-0.082291484,0/8,-0.15119354,1.4166666,2.0,False
#79 Marco trap to the post-BOS low,US30.cash,index,M15,5054,665.6954561846376,-0.1237828,-4.9386942850044395,0.2558369608231104,0.10641831,-0.10739047,-0.14048949,-0.17188230156898499,-0.043532293,0/8,-0.22012886,1.0,2.6531963,False
#79 Marco trap 2R,US30.cash,index,M30,3413,449.5485935809593,-0.0985721,-4.264772979580163,0.31760914151772635,0.031366535,-0.10364652,-0.09318818,-0.09550917893648148,-0.10352583,1/8,-0.21742576,2.25,2.0,False
#79 Marco trap to the post-BOS low,US30.cash,index,M30,2662,350.6294626758024,-0.04852725,-1.2213045295919602,0.2539444027047333,0.11982925,-0.04994665,-0.0470842,-0.06543522328138351,-0.019971557,2/8,-0.17412105,1.5833334,2.9371119,False
#79 Marco trap 2R,US30.cash,index,H1,1687,222.6072073699422,-0.12352517,-3.8994916286597907,0.3212803793716657,0.09898148,-0.13216127,-0.1144373,-0.13510161638259888,-0.10385444,1/8,-0.29421902,4.5833335,2.0,False
#79 Marco trap to the post-BOS low,US30.cash,index,H1,1339,176.68704841040463,-0.1496202,-2.661758122841325,0.2292755787901419,0.15504278,-0.16009717,-0.1393447,-0.14637391269207,-0.15531787,2/8,-0.4607762,3.6666667,3.2683752,False
#79 Marco trap 2R,US30.cash,index,H4,466,61.51301048066498,-0.07647182,-1.3264363537527837,0.351931330472103,0.047380235,-0.072184764,-0.08064989,-0.05869073048233986,-0.10603921,2/8,-0.26581886,16.958332,2.0,False
#79 Marco trap to the post-BOS low,US30.cash,index,H4,420,55.44091073364655,-0.011536003,-0.0936219797445987,0.24761904761904763,0.24731411,0.031754304,-0.052812785,0.05588322877883911,-0.11890734,3/8,-0.31153935,19.458332,4.0188212,False
#79 Marco trap 2R,US30.cash,index,D1,64,8.68996282527881,0.14423098,0.8248328566551208,0.421875,0.021329619,0.38110986,-0.22530009,0.05150047689676285,0.3341077,6/8,-1.0053794,89.166664,2.0,False
#79 Marco trap to the post-BOS low,US30.cash,index,D1,55,7.48742079761461,-0.27614406,-1.3477300746991707,0.21818181818181817,-0.18713443,0.044613004,-0.69045526,-0.2462621033191681,-0.3327626,3/8,-1.01563,89.166664,5.9632306,False
#79 Marco trap 2R,US500.cash,index,M5,10715,2157.4717475192947,-0.12756294,-9.439408300116243,0.3226318245450303,-0.06049915,-0.10740869,-0.14844878,-0.1419491469860077,-0.11634315,0/6,-0.21861717,1.2666667,2.0,False
#79 Marco trap to the post-BOS low,US500.cash,index,M5,7468,1503.686328555678,-0.13388251,-7.142749190338801,0.31320299946438135,-0.053776804,-0.12726985,-0.14058073,-0.16322702169418335,-0.11119834,0/6,-0.20445919,0.78333336,2.04182,False
#79 Marco trap 2R,US500.cash,index,M15,4164,838.4239250275634,-0.105763026,-4.918591631150599,0.3282901056676273,-0.018507214,-0.08070855,-0.13423695,-0.06586164236068726,-0.13825789,0/6,-0.19031361,1.6333333,2.0,False
#79 Marco trap to the post-BOS low,US500.cash,index,M15,3128,630.1720904578048,-0.099984735,-2.9381178715908156,0.2790920716112532,-0.051765647,-0.08975966,-0.11145848,-0.11283020675182343,-0.08984358,1/6,-0.17967978,1.1666666,2.6259222,False
#79 Marco trap 2R,US500.cash,index,M30,2186,440.15242557883136,-0.066880964,-2.275400668539628,0.34492223238792313,-0.009185241,-0.06129726,-0.07315923,-0.06958943605422974,-0.06468411,2/6,-0.24296166,2.5,2.0,False
#79 Marco trap to the post-BOS low,US500.cash,index,M30,1646,331.4230981256891,-0.113149926,-2.383686962965142,0.2618469015795869,-0.009589836,-0.10104446,-0.1261713,-0.17240281403064728,-0.06379451,1/6,-0.42146328,1.8333334,2.9477532,False
#79 Marco trap 2R,US500.cash,index,H1,1120,225.51267916207277,-0.088067815,-2.2184829416635456,0.3455357142857143,0.018102316,-0.08071156,-0.09625685,-0.08039750158786774,-0.0944807,1/6,-0.27713963,5.0833335,2.0,False
#79 Marco trap to the post-BOS low,US500.cash,index,H1,874,175.98042998897466,-0.0693156,-0.9721196334984389,0.2517162471395881,0.06993642,-0.048164453,-0.090857506,-0.02316948212683201,-0.10754541,2/6,-0.25235575,3.7583332,3.2695704,False
#79 Marco trap 2R,US500.cash,index,H4,318,65.32592800899887,0.01457278,0.20226361300376502,0.4025157232704403,-0.15176621,0.12923093,-0.110645995,0.03473268449306488,-0.0019007492,4/6,-0.17886233,16.625,2.0,False
#79 Marco trap to the post-BOS low,US500.cash,index,H4,281,57.725112485939256,-0.112534374,-0.9469512055381247,0.2775800711743772,0.102449015,0.16659512,-0.41013572,-0.07071065157651901,-0.14509337,2/6,-0.65915215,21.983334,4.029802,False
#79 Marco trap 2R,US500.cash,index,D1,39,8.354692082111438,-0.10518238,-0.5125167523123347,0.358974358974359,-0.013117784,-0.048611287,-0.15367186,0.10032758116722107,-0.24814579,3/5,-0.8417164,92.03333,2.0,False
#79 Marco trap to the post-BOS low,US500.cash,index,D1,37,7.926246334310851,-0.112026714,-0.29018891766515437,0.24324324324324326,0.69889414,0.55044734,-0.6167688,-0.20708100497722626,-0.047216978,2/5,-0.8417164,115.21667,6.3864794,False
#79 Marco trap 2R,USDCAD,fx,M15,10768,919.5725976151508,-0.16201693,-12.033014882072088,0.32958766716196136,-0.12811163,-0.1270373,-0.1963656,-0.1560719758272171,-0.18170887,0/12,-0.2699525,1.5,2.0,False
#79 Marco trap to the post-BOS low,USDCAD,fx,M15,8567,731.6101823708207,-0.13962457,-6.507665886818418,0.27559238940119063,-0.116314925,-0.11337278,-0.1654207,-0.130279541015625,-0.17048995,1/12,-0.25605312,1.25,2.7178524,False
#79 Marco trap 2R,USDCAD,fx,M30,5460,466.38564078578116,-0.13969941,-7.492677374513606,0.3346153846153846,-0.09287459,-0.121771015,-0.15697026,-0.1314525455236435,-0.1682702,0/12,-0.2201795,2.25,2.0,False
#79 Marco trap to the post-BOS low,USDCAD,fx,M30,4416,377.20860617399444,-0.11317468,-3.6000977561575027,0.2583786231884058,-0.05451498,-0.11020148,-0.11608661,-0.11721742153167725,-0.09945355,2/12,-0.26920167,2.0,3.0751467,False
#79 Marco trap 2R,USDCAD,fx,H1,2758,235.86033715757432,-0.059918564,-2.309357269600259,0.36221899927483686,-0.071481764,-0.03604389,-0.083415374,-0.05972619727253914,-0.060587525,2/12,-0.22186874,4.5,2.0,False
#79 Marco trap to the post-BOS low,USDCAD,fx,H1,2268,193.95621634277686,-0.10129088,-2.2678869403542343,0.25308641975308643,-0.043576773,-0.09673348,-0.10591304,-0.09724419564008713,-0.11531089,3/12,-0.36624393,4.25,3.307097,False
#79 Marco trap 2R,USDCAD,fx,H4,725,62.45430424528302,-0.04030084,-0.8343247832737386,0.383448275862069,-0.05659454,-0.029713314,-0.051396817,-0.07468178123235703,0.08408368,6/12,-0.27184883,17.0,2.0,False
#79 Marco trap to the post-BOS low,USDCAD,fx,H4,657,56.59652122641509,-0.019708015,-0.23918855441139616,0.289193302891933,-0.11762809,0.009215111,-0.04854323,-0.07133422791957855,0.16922197,6/12,-0.32980713,23.0,4.135274,False
#79 Marco trap 2R,USDCAD,fx,D1,99,8.63619536661094,0.06286711,0.48126967782296526,0.42424242424242425,0.008714094,0.107864976,0.011021751,0.11394911259412766,-0.09676415,5/12,-0.6806671,165.75,2.0,False
#79 Marco trap to the post-BOS low,USDCAD,fx,D1,87,7.5893838070217345,-0.05071004,-0.2208345449949058,0.26436781609195403,-0.11739073,0.2593356,-0.3985661,-0.3190355896949768,0.9096131,3/12,-1.0750101,233.75,4.0262723,False
#79 Marco trap 2R,USDCHF,fx,M15,10443,892.0266019644529,-0.15112975,-8.851923092757636,0.34731399023269177,-0.2244299,-0.12694025,-0.17581064,-0.14857196807861328,-0.15957771,0/12,-0.23773219,1.5,2.0,False
#79 Marco trap to the post-BOS low,USDCHF,fx,M15,8441,721.018533676333,-0.12556739,-5.97879592638118,0.29676578604430753,-0.2092983,-0.047280163,-0.20540948,-0.12660814821720123,-0.1221847,2/12,-0.2701816,1.25,2.6914482,False
#79 Marco trap 2R,USDCHF,fx,M30,5377,459.618359466417,-0.1469864,-7.060347343879348,0.34424400223172774,-0.10674655,-0.1449427,-0.14902627,-0.14756989479064941,-0.14499402,2/12,-0.27473947,2.25,2.0,False
#79 Marco trap to the post-BOS low,USDCHF,fx,M30,4394,375.5929089632577,-0.13691239,-4.17836493899167,0.2669549385525717,-0.054635063,-0.12278659,-0.15112849,-0.14256516098976135,-0.117801115,2/12,-0.37825552,2.0,3.0161164,False
#79 Marco trap 2R,USDCHF,fx,H1,2595,221.86885533707866,-0.12152997,-4.548381684846735,0.34759152215799616,-0.039922304,-0.16360815,-0.077832125,-0.14991122484207153,-0.02444389,3/12,-0.31489518,4.5,2.0,False
#79 Marco trap to the post-BOS low,USDCHF,fx,H1,2136,182.625,-0.12841679,-2.794178962478649,0.25795880149812733,0.091301404,-0.13869634,-0.117563434,-0.11876435577869415,-0.16050042,2/12,-0.42814043,4.25,3.2779546,False
#79 Marco trap 2R,USDCHF,fx,H4,705,60.602788891503884,-0.08074958,-1.6769467659522563,0.37872340425531914,-0.037657432,-0.07963104,-0.082013436,-0.07756819576025009,-0.09149915,4/12,-0.49099854,17.0,2.0,False
#79 Marco trap to the post-BOS low,USDCHF,fx,H4,636,54.67145210637798,0.011840919,0.1286709431581338,0.2830188679245283,-0.011723302,0.041791335,-0.02066264,0.06288808584213257,-0.17068015,5/12,-0.6697373,22.25,4.2781124,False
#79 Marco trap 2R,USDCHF,fx,D1,110,9.69768283852281,0.049778435,0.40479428325869243,0.4090909090909091,-0.13102719,0.062033366,0.03752351,0.058385688811540604,0.02331909,6/12,-0.49115545,155.75,2.0,False
#79 Marco trap to the post-BOS low,USDCHF,fx,D1,96,8.46343229543809,-0.12265334,-0.6749428286860124,0.28125,-0.24100304,-0.16494085,-0.08209184,-0.12377515435218811,-0.119287916,4/12,-1.0148165,187.5,3.744196,False
#79 Marco trap 2R,USDJPY,fx,M15,9801,836.9921089548749,-0.2719433,-19.209631070494652,0.3039485766758494,-0.08062291,-0.24184471,-0.30345625,-0.3011740446090698,-0.17628704,0/12,-0.793056,1.5,2.0,False
#79 Marco trap to the post-BOS low,USDJPY,fx,M15,8008,683.8723404255319,-0.3132232,-15.743658856247785,0.2514985014985015,-0.025445994,-0.2883123,-0.33882806,-0.3589384853839874,-0.16295992,0/12,-0.8645739,1.25,2.6004658,False
#79 Marco trap 2R,USDJPY,fx,M30,4747,405.3873626373626,-0.25547796,-12.807944548737392,0.30545607752264586,-0.010361163,-0.2385576,-0.27389452,-0.2761659026145935,-0.19208568,0/12,-0.68332106,2.5,2.0,False
#79 Marco trap to the post-BOS low,USDJPY,fx,M30,3931,335.7020692073884,-0.33029208,-11.401937018346564,0.23047570592724498,0.10568999,-0.3449595,-0.31480378,-0.3680872917175293,-0.21348464,0/12,-0.75413567,2.0,2.978406,False
#79 Marco trap 2R,USDJPY,fx,H1,2374,202.73638064063596,-0.26527235,-9.736045085675194,0.3070766638584667,-0.007778735,-0.25606665,-0.27580863,-0.29044032096862793,-0.1858016,0/12,-0.7357427,4.5,2.0,False
#79 Marco trap to the post-BOS low,USDJPY,fx,H1,2048,174.97824561403507,-0.34680378,-9.069970105114317,0.2265625,0.2478464,-0.35885295,-0.33290488,-0.37905916571617126,-0.24614364,0/12,-0.8957495,4.25,3.3371012,False
#79 Marco trap 2R,USDJPY,fx,H4,674,57.70710267229255,-0.15961905,-3.286186266238932,0.3649851632047478,0.040683214,-0.075647585,-0.25306693,-0.16766242682933807,-0.13268669,1/12,-0.5483618,15.375,2.0,False
#79 Marco trap to the post-BOS low,USDJPY,fx,H4,601,51.5294014084507,-0.28784737,-3.2811080746753776,0.24126455906821964,0.28143653,-0.33082134,-0.24267341,-0.2226870208978653,-0.51063836,2/12,-0.8933833,17.75,4.196504,False
#79 Marco trap 2R,USDJPY,fx,D1,87,7.645993743984601,-0.14549485,-1.1226626106996247,0.39080459770114945,0.18716379,-0.057084747,-0.2594974,-0.1587408185005188,-0.10386474,5/12,-0.8230826,171.5,2.0,False
#79 Marco trap to the post-BOS low,USDJPY,fx,D1,73,6.415603946102022,-0.15488957,-0.5834590255611953,0.273972602739726,0.0126900375,-0.06273699,-0.26059395,-0.32500967383384705,0.40550607,3/12,-1.0119009,171.5,3.5699472,False
#79 Marco trap 2R,USOIL.cash,energy,M5,13357,2339.8773381294964,-0.1787775,-14.739192885126815,0.3220034438871004,-0.09449641,-0.17476267,-0.18285109,-0.14565135538578033,-0.2176322,0/6,-0.2842905,1.0833334,2.0,False
#79 Marco trap to the post-BOS low,USOIL.cash,energy,M5,9703,1699.7701438848921,-0.22839364,-13.614218371987118,0.29733072245697206,-0.08849847,-0.20136301,-0.25522998,-0.183432474732399,-0.28287587,0/6,-0.34294587,0.75,2.1359448,False
#79 Marco trap 2R,USOIL.cash,energy,M15,4874,853.826618705036,-0.1612371,-8.013608641349714,0.32293803857201475,-0.05778773,-0.16557905,-0.15683414,-0.10514066368341446,-0.22687441,0/6,-0.290706,1.6666666,2.0,False
#79 Marco trap to the post-BOS low,USOIL.cash,energy,M15,3790,664.2502399232246,-0.21373235,-7.393005141267578,0.2649076517150396,-0.03326453,-0.19160038,-0.23602842,-0.1436409205198288,-0.2966631,0/6,-0.38811913,1.1666666,2.6810668,False
#79 Marco trap 2R,USOIL.cash,energy,M30,2598,455.33565259117086,-0.1415733,-5.285975944264469,0.3317936874518861,-0.05605511,-0.116276704,-0.1670654,-0.10662394016981125,-0.18135515,0/6,-0.27660373,2.5,2.0,False
#79 Marco trap to the post-BOS low,USOIL.cash,energy,M30,2043,358.064179462572,-0.23234567,-5.71285470245741,0.23837493881546745,-0.023822125,-0.2144014,-0.25048423,-0.1820651888847351,-0.2886243,1/6,-0.44041318,2.0,3.022719,False
#79 Marco trap 2R,USOIL.cash,energy,H1,1332,233.7880826525709,-0.164202,-4.551709000803088,0.32882882882882886,0.02180718,-0.19165167,-0.13461119,-0.1101161539554596,-0.2261264,1/6,-0.36138567,5.25,2.0,False
#79 Marco trap to the post-BOS low,USOIL.cash,energy,H1,1063,186.57412301777993,-0.22191393,-3.444893945199241,0.22859830667920977,0.22994567,-0.20115344,-0.2440881,-0.12717632949352264,-0.32818645,2/6,-0.5238117,3.5833333,3.054831,False
#79 Marco trap 2R,USOIL.cash,energy,H4,354,62.2225697786333,-0.090962015,-1.372656907058983,0.3728813559322034,-0.043506872,-0.102681495,-0.07556588,-0.0673033818602562,-0.113575004,2/6,-0.26944345,24.041668,2.0,False
#79 Marco trap to the post-BOS low,USOIL.cash,energy,H4,321,56.42216073147257,-0.04317426,-0.3549998884015173,0.29906542056074764,-0.062897034,-0.077493146,0.0017612512,0.04256987199187279,-0.12424144,2/6,-0.54881674,26.833334,3.5689707,False
#79 Marco trap 2R,USOIL.cash,energy,D1,46,8.404952476238119,-0.021102382,-0.10790369647800319,0.34782608695652173,0.14854585,0.15397437,-0.31976274,-0.04494864121079445,0.00728597,3/6,-0.2383738,76.875,2.0,False
#79 Marco trap to the post-BOS low,USOIL.cash,energy,D1,44,8.03951975987994,-0.49337733,-2.383310083837489,0.13636363636363635,-0.034455314,-0.40522555,-0.66380423,-0.3056838810443878,-0.7186096,1/6,-1.1009192,177.875,5.317569,False
#79 Marco trap 2R,V,stock,M5,3115,607.1258004268943,-0.115087636,-4.088539220248867,0.365008025682183,-0.32989275,-0.064844765,-0.17345442,-0.06045013293623924,-0.15660597,1/6,-0.17229567,0.9166667,2.0,False
#79 Marco trap to the post-BOS low,V,stock,M5,2451,478.4755478353822,0.028310215,0.4675738024109443,0.31293349653202773,-0.25605157,0.15027252,-0.10831714,0.06599649786949158,-0.0011810303,2/6,-0.18738748,0.5833333,2.7593758,False
#79 Marco trap 2R,V,stock,M15,1060,207.04010695187168,-0.11649017,-2.7945461543512016,0.36698113207547167,-0.20338525,-0.071269214,-0.16791078,-0.11245540529489517,-0.12009264,1/6,-0.22587343,3.375,2.0,False
#79 Marco trap to the post-BOS low,V,stock,M15,842,164.4601604278075,0.042479184,0.4841359309037696,0.28859857482185275,-0.2410619,0.12157785,-0.049633145,0.1854807585477829,-0.08570692,4/6,-0.23481438,2.5833333,3.1737838,False
#79 Marco trap 2R,V,stock,M30,510,100.04162191192266,-0.2119768,-3.231259463816169,0.3352941176470588,-0.13995823,-0.07398938,-0.38400525,-0.07834909111261368,-0.34147704,1/6,-0.5112913,4.8333335,2.0,False
#79 Marco trap to the post-BOS low,V,stock,M30,456,89.44897959183673,-0.09630855,-0.8678454151650953,0.2675438596491228,0.36930078,0.015607372,-0.23455758,0.08716510236263275,-0.2797822,2/6,-0.47289488,6.4166665,3.342709,False
#79 Marco trap 2R,V,stock,H1,305,59.828813104189045,-0.06277597,-0.8611146777634775,0.3737704918032787,-0.06517826,-0.054671288,-0.07171907,0.0017976465169340372,-0.12129581,3/6,-0.31375355,18.666666,2.0,False
#79 Marco trap to the post-BOS low,V,stock,H1,278,54.53249194414608,-0.09334325,-0.7857115860548881,0.2697841726618705,-0.112082265,0.0066749887,-0.20721015,-0.12065324932336807,-0.06829337,2/6,-0.5759415,23.625,3.8702126,False
#79 Marco trap 2R,V,stock,H4,98,19.453532608695653,-0.042120587,-0.38016264008158873,0.40816326530612246,-0.10613747,-0.2152813,0.13104011,0.022723695263266563,-0.09075378,3/6,-0.19410804,54.916668,2.0,False
#79 Marco trap to the post-BOS low,V,stock,H4,87,17.269972826086956,0.0138107855,0.04627951932557423,0.3103448275862069,0.28372693,-0.11493569,0.12856305,0.2283671796321869,-0.16879043,1/6,-0.5056434,54.916668,3.5986664,False
#79 Marco trap 2R,V,stock,D1,46,9.292865044247788,0.10433743,0.5675851682303166,0.4782608695652174,-0.21957609,0.29211533,-0.08344055,0.1611558496952057,0.060630925,3/6,-0.17452134,186.375,2.0,False
#79 Marco trap to the post-BOS low,V,stock,D1,44,8.888827433628318,0.041539382,0.21170496468178407,0.45454545454545453,0.53220993,0.23089136,-0.13134722,0.0969044491648674,-0.0045981803,2/6,-0.26646996,211.70834,3.5566726,False
#79 Marco trap 2R,WHEAT.c,soft,M5,5476,1574.8889763779528,-0.96758306,-21.35705703496933,0.28780131482834187,-0.90152305,-1.0256319,-0.91095835,-0.05299782007932663,-1.1812404,0/4,-1.811429,1.0833334,2.0,False
#79 Marco trap to the post-BOS low,WHEAT.c,soft,M5,4017,1156.1932624113474,-1.0901095,-17.45027029580305,0.26761264625342296,-1.0406257,-1.2054996,-0.98190004,-0.034526143223047256,-1.3276881,0/4,-2.0652719,0.75,2.239311,False
#79 Marco trap 2R,WHEAT.c,soft,M15,2130,613.0673758865248,-0.7778802,-20.1808837356655,0.28732394366197184,-0.5675833,-0.8228607,-0.7343131,-0.11804834008216858,-0.9295043,0/4,-1.3017663,1.7916667,2.0,False
#79 Marco trap to the post-BOS low,WHEAT.c,soft,M15,1594,458.7931442080378,-1.0204732,-19.263967173965842,0.21957340025094102,-0.74433744,-1.0259291,-1.0152453,-0.2829832136631012,-1.2013888,0/4,-1.7428892,1.1666666,2.718987,False
#79 Marco trap 2R,WHEAT.c,soft,M30,1113,320.3492907801418,-0.61996025,-13.490510281875059,0.29469901168014373,-0.47518903,-0.6429967,-0.59516156,-0.1773991733789444,-0.70933264,0/4,-0.9782941,4.0,2.0,False
#79 Marco trap to the post-BOS low,WHEAT.c,soft,M30,834,241.95274027005559,-0.7339226,-8.120105826218392,0.2278177458033573,-0.5957386,-0.7449606,-0.7219464,-0.15711839497089386,-0.84928346,0/4,-1.0021207,2.3333333,3.0611024,False
#79 Marco trap 2R,WHEAT.c,soft,H1,555,161.78272146847567,-0.5445468,-8.427727145568912,0.3045045045045045,-0.4442352,-0.5127445,-0.57885027,-0.18981707096099854,-0.62346244,0/4,-0.87205714,9.166667,2.0,False
#79 Marco trap to the post-BOS low,WHEAT.c,soft,H1,462,134.6731843575419,-0.59191775,-6.032097534115346,0.2597402597402597,-0.4376989,-0.5151306,-0.67861307,-0.22354498505592346,-0.6785938,0/4,-1.0572218,7.416667,3.3013926,False
#79 Marco trap 2R,WHEAT.c,soft,H4,206,60.097044728434504,-0.23524946,-2.176476563168171,0.39805825242718446,-0.5368642,-0.24033417,-0.23106469,-0.1000204086303711,-0.26783475,1/4,-0.74380827,24.291668,2.0,False
#79 Marco trap to the post-BOS low,WHEAT.c,soft,H4,192,56.01277955271566,-0.121479444,-0.5789913619854894,0.3020833333333333,-0.59066063,-0.13527122,-0.10980945,-0.25589001178741455,-0.09046162,1/4,-0.48169738,32.875,3.8056278,False
#79 Marco trap 2R,WHEAT.c,soft,D1,34,11.02886323268206,-0.15817773,-0.705058689798213,0.35294117647058826,-0.19489777,0.2592474,-0.57560295,-0.012886960990726948,-0.18931152,2/4,-0.85979015,75.79167,2.0,False
#79 Marco trap to the post-BOS low,WHEAT.c,soft,D1,31,10.055728241563054,0.8905942,0.8633632241208166,0.22580645161290322,0.49644366,2.5402553,-1.112566,0.782228410243988,0.91660196,2/4,-1.2143552,136.58333,4.61614,False
#79 Marco trap 2R,WMT,stock,M5,2484,484.91769107429184,-0.18699391,-6.221817836093348,0.3711755233494364,-0.30067736,-0.05728854,-0.32758054,0.04763748124241829,-0.359932,2/6,-0.50155896,1.1666666,2.0,False
#79 Marco trap to the post-BOS low,WMT,stock,M5,1915,373.83952431854624,-0.20654902,-3.9479169546769204,0.3002610966057441,-0.16764864,-0.05722612,-0.36872208,0.18724589049816132,-0.49769253,2/6,-0.6386218,0.6666667,2.6024785,False
#79 Marco trap 2R,WMT,stock,M15,862,168.2765900587921,-0.24780037,-4.8711777008278165,0.3422273781902552,-0.14199322,-0.13380906,-0.3644675,-0.04913913086056709,-0.38891292,1/6,-0.6082355,2.8333333,2.0,False
#79 Marco trap to the post-BOS low,WMT,stock,M15,694,135.48022447888832,-0.26773527,-3.3593152773566235,0.26945244956772335,0.031334385,-0.15664159,-0.3801171,0.10224387049674988,-0.53174514,2/6,-0.85827726,1.75,2.9822364,False
#79 Marco trap 2R,WMT,stock,M30,467,91.60674006444684,-0.31330314,-5.419045193918527,0.31263383297644537,0.032732513,-0.31893244,-0.30784005,-0.18242095410823822,-0.4288805,0/6,-0.5264766,18.5,2.0,False
#79 Marco trap to the post-BOS low,WMT,stock,M30,391,76.69857679914071,-0.30268183,-2.7381125528323356,0.22762148337595908,0.21961893,-0.21793315,-0.3827924,-0.08909573405981064,-0.48117155,1/6,-0.6154233,5.8333335,2.8839195,False
#79 Marco trap 2R,WMT,stock,H1,270,52.79309421841542,-0.24473569,-3.331929600250097,0.3296296296296296,-0.03754515,-0.15938435,-0.32399046,-0.2642265558242798,-0.22793321,2/6,-0.49414083,22.791666,2.0,False
#79 Marco trap to the post-BOS low,WMT,stock,H1,233,45.55848501070664,-0.155191,-0.9877044242404743,0.23605150214592274,-0.026443096,0.057450302,-0.3588979,-0.12886202335357666,-0.17793928,2/6,-0.7711126,23.583334,3.7943084,False
#79 Marco trap 2R,WMT,stock,H4,73,14.763704318936878,-0.10031231,-0.7998939787589556,0.3561643835616438,0.1765205,-0.030287568,-0.19003147,-0.23293958604335785,0.021844432,1/6,-0.7813472,54.916668,2.0,False
#79 Marco trap to the post-BOS low,WMT,stock,H4,63,12.741279069767442,0.19037576,0.5917519307620075,0.3333333333333333,-0.06544565,0.28435946,0.072896145,0.3140510320663452,0.07056542,4/6,-1.0303288,78.916664,4.8423195,False
#79 Marco trap 2R,WMT,stock,D1,44,8.898671096345515,-0.31377003,-1.9224894168878268,0.2727272727272727,0.16556847,-0.056006268,-0.65293294,-0.30237388610839844,-0.33186984,1/6,-0.69880956,258.125,2.0,False
#79 Marco trap to the post-BOS low,WMT,stock,D1,37,7.482973421926911,-0.20874575,-0.9070640139611945,0.2972972972972973,-0.45093635,0.044602558,-0.5803234,-0.33083322644233704,-0.008173502,2/6,-0.7498286,138.5,3.3263452,False
#79 Marco trap 2R,XAGUSD,metal,M5,24817,2119.833781571562,-0.7037908,-61.12135429557552,0.30753112785590525,-0.7429302,-0.73418355,-0.67346907,-0.8827675580978394,-0.21545008,0/12,-1.832124,1.0,2.0,False
#79 Marco trap to the post-BOS low,XAGUSD,metal,M5,18900,1614.4118334892423,-0.7980808,-53.408379887658164,0.2893121693121693,-0.8251564,-0.84643054,-0.7506835,-1.0002776384353638,-0.24158801,0/12,-2.1057758,0.75,2.126639,False
#79 Marco trap 2R,XAGUSD,metal,M15,9554,816.0894527595884,-0.5500303,-33.509792771383566,0.323215407159305,-0.632943,-0.5436307,-0.5565543,-0.6770106554031372,-0.16076791,0/12,-1.4437797,1.5833334,2.0,False
#79 Marco trap to the post-BOS low,XAGUSD,metal,M15,7778,664.541403508772,-0.65885276,-29.658019874030245,0.2765492414502443,-0.6992955,-0.6990512,-0.61836386,-0.8032243251800537,-0.21096596,0/12,-1.7129569,1.3333334,2.6457844,False
#79 Marco trap 2R,XAGUSD,metal,M30,4728,404.14275684530776,-0.49970752,-22.300221532791507,0.3238155668358714,-0.49025482,-0.4960042,-0.5035578,-0.58786940574646,-0.230076,1/12,-1.398792,2.5,2.0,False
#79 Marco trap to the post-BOS low,XAGUSD,metal,M30,3912,334.39223028317343,-0.6150262,-18.438897760237687,0.2474437627811861,-0.5435231,-0.66381156,-0.5643077,-0.7420592308044434,-0.22654766,1/12,-1.6797211,2.0833333,3.1047971,False
#79 Marco trap 2R,XAGUSD,metal,H1,2367,202.37517556179776,-0.45721862,-15.122176691261183,0.32277144064216307,-0.35129493,-0.3699192,-0.55294645,-0.5400229096412659,-0.20033883,1/12,-1.0753257,4.3333335,2.0,False
#79 Marco trap to the post-BOS low,XAGUSD,metal,H1,2034,173.90414325842698,-0.5598261,-11.807967777088324,0.2305801376597837,-0.42992762,-0.38716808,-0.74515617,-0.6888731718063354,-0.16704065,0/12,-1.3848221,4.458333,3.2973213,False
#79 Marco trap 2R,XAGUSD,metal,H4,655,56.19890768146582,-0.3918925,-7.4690002835255465,0.3374045801526718,-0.14649801,-0.34356865,-0.44437152,-0.4323248267173767,-0.2301631,1/12,-0.77283657,18.083334,2.0,False
#79 Marco trap to the post-BOS low,XAGUSD,metal,H4,566,48.619825964252115,-0.49624336,-5.99510290346771,0.24558303886925795,-0.21635881,-0.4223031,-0.5790454,-0.4842952787876129,-0.54577374,0/12,-0.7391285,19.958332,4.230081,False
#79 Marco trap 2R,XAGUSD,metal,D1,105,9.225703632427232,-0.25578472,-2.138577421191836,0.3333333333333333,-0.19675623,-0.34000075,-0.16314718,-0.29863598942756653,-0.07366703,1/12,-0.6197544,155.41667,2.0,False
#79 Marco trap to the post-BOS low,XAGUSD,metal,D1,96,8.525164113785557,-0.5464452,-4.463692205535285,0.23958333333333334,-0.5181287,-0.38960204,-0.7397637,-0.5399361848831177,-0.5728237,0/12,-1.4753573,164.08334,3.8001032,False
#79 Marco trap 2R,XAUUSD,gold,M5,27376,2337.8732756605095,-0.19040868,-21.43543432331731,0.32320280537697255,-0.13258459,-0.19477166,-0.18592939,-0.22910596430301666,-0.07447496,0/12,-0.48315245,1.05,2.0,False
#79 Marco trap to the post-BOS low,XAUUSD,gold,M5,21032,1796.1042787000233,-0.20654283,-17.006374291697227,0.3109547356409281,-0.1501831,-0.20540673,-0.20768283,-0.2439880073070526,-0.09352052,1/12,-0.58272904,0.76666665,2.0970798,False
#79 Marco trap 2R,XAUUSD,gold,M15,10066,859.8237839101965,-0.1818893,-13.113192340406647,0.3163123385654679,-0.08550419,-0.17048706,-0.1937397,-0.20496773719787598,-0.1054784,1/12,-0.414667,1.4833333,2.0,False
#79 Marco trap to the post-BOS low,XAUUSD,gold,M15,8221,702.2264382600562,-0.23072778,-11.566345981676758,0.25471353849896605,-0.06402241,-0.22109285,-0.24052107,-0.23818346858024597,-0.20592391,0/12,-0.49605078,1.1833333,2.6980364,False
#79 Marco trap 2R,XAUUSD,gold,M30,4959,423.59091440598695,-0.1613682,-8.293068422546657,0.3226456946965114,-0.07709611,-0.13980792,-0.18467467,-0.18639424443244934,-0.076664716,2/12,-0.35171732,2.3,2.0,False
#79 Marco trap to the post-BOS low,XAUUSD,gold,M30,4102,350.63316171308213,-0.24320903,-8.52954817291684,0.23378839590443687,-0.013719712,-0.2485856,-0.2374973,-0.25330832600593567,-0.20918977,0/12,-0.48783892,2.0,3.0995567,False
#79 Marco trap 2R,XAUUSD,gold,H1,2414,206.39360955056182,-0.13111587,-4.806413830556048,0.3363711681855841,-0.044785917,-0.05446616,-0.21494527,-0.13585154712200165,-0.11390929,1/12,-0.28468925,4.491667,2.0,False
#79 Marco trap to the post-BOS low,XAUUSD,gold,H1,2028,173.39115168539328,-0.1486789,-3.043845034272004,0.2357001972386588,-0.002156598,-0.13306051,-0.16588338,-0.15025043487548828,-0.1430235,2/12,-0.4842046,4.1083336,3.5182204,False
#79 Marco trap 2R,XAUUSD,gold,H4,644,55.25510923185342,-0.0343949,-0.7042508995543832,0.40062111801242234,-0.0072585572,0.026847696,-0.09717819,-0.03451839089393616,-0.03397366,3/12,-0.2331863,21.641666,2.0,False
#79 Marco trap to the post-BOS low,XAUUSD,gold,H4,578,49.59231853417899,-0.12547307,-1.744593203735654,0.3044982698961938,-0.007979211,-0.06623855,-0.18595028,-0.09185975790023804,-0.23904534,4/12,-0.4709879,25.083334,4.181179,False
#79 Marco trap 2R,XAUUSD,gold,D1,85,7.491855694980695,-0.23469831,-1.804934767827615,0.3058823529411765,0.36979553,0.033722077,-0.5095097,-0.24475322663784027,-0.18370548,5/12,-1.1045575,82.36667,2.0,False
#79 Marco trap to the post-BOS low,XAUUSD,gold,D1,78,6.975881488736532,-0.10539438,-0.2483211819723917,0.20512820512820512,1.1242063,-0.28284588,0.08139668,-0.09642085433006287,-0.14641604,3/12,-1.1045575,94.34166,4.3515263,False
#79 Marco trap 2R,XCUUSD,metal,M5,4139,2311.574541284404,-0.42361948,-18.980007721204487,0.3336554723363131,-0.41511768,-0.32038373,-0.5284133,,-0.42361948,0/3,-0.8560991,1.0833334,2.0,False
#79 Marco trap to the post-BOS low,XCUUSD,metal,M5,3085,1722.9300458715597,-0.46590918,-15.204534146308495,0.3192868719611021,-0.4674424,-0.3518952,-0.5831464,,-0.46590918,0/3,-0.84005964,0.8333333,2.108334,False
#79 Marco trap 2R,XCUUSD,metal,M15,1396,779.6467889908257,-0.33488435,-8.763919836280715,0.3445558739255014,-0.3057849,-0.27629235,-0.39297482,,-0.33488435,0/3,-1.1578442,1.9166666,2.0,False
#79 Marco trap to the post-BOS low,XCUUSD,metal,M15,1146,640.0252293577983,-0.37848476,-6.849609571607541,0.28272251308900526,-0.3978508,-0.35021725,-0.40655568,,-0.37848476,0/3,-0.7013921,1.5833334,2.718108,False
#79 Marco trap 2R,XCUUSD,metal,M30,693,387.0309633027523,-0.25337797,-4.764075494504057,0.3665223665223665,-0.23668976,0.007225433,-0.5000728,,-0.25337797,0/3,-0.35797942,3.8333333,2.0,False
#79 Marco trap to the post-BOS low,XCUUSD,metal,M30,558,311.63532110091745,-0.33419412,-3.914773421378858,0.2670250896057348,-0.2481958,-0.11045922,-0.5365482,,-0.33419412,1/3,-0.5064325,3.1666667,3.0166373,False
#79 Marco trap 2R,XCUUSD,metal,H1,343,192.44354838709677,-0.30829877,-4.302571062949938,0.33527696793002915,-0.08067233,-0.16833109,-0.43956786,,-0.30829877,0/3,-0.3525773,6.6666665,2.0,False
#79 Marco trap to the post-BOS low,XCUUSD,metal,H1,301,168.8790322580645,-0.46522233,-4.949613104837989,0.24916943521594684,-0.0034637959,-0.3380631,-0.5866015,,-0.46522233,1/3,-0.6259478,8.0,3.004341,False
#79 Marco trap 2R,XCUUSD,metal,H4,106,59.932662538699695,-0.27717057,-2.533392754747377,0.3584905660377358,-0.18024032,-0.17345792,-0.40736303,,-0.27717057,0/3,-1.4009396,33.166664,2.0,False
#79 Marco trap to the post-BOS low,XCUUSD,metal,H4,87,49.190015479876166,-0.53241795,-4.195771293770593,0.26436781609195403,-0.21830349,-0.45904106,-0.64679956,,-0.53241795,0/3,-1.4009396,17.833334,3.558866,False
#79 Marco trap 2R,XCUUSD,metal,D1,12,8.19252336448598,-0.66173595,-2.254553128794942,0.16666666666666666,-0.41868433,-0.46493784,-1.055332,,-0.66173595,0/2,-0.7594252,46.541664,2.0,False
#79 Marco trap to the post-BOS low,XCUUSD,metal,D1,11,7.509813084112149,-0.5514753,-1.430277854965022,0.18181818181818182,-0.81881446,-0.35792768,-1.067602,,-0.5514753,0/2,-0.70760596,28.916666,7.552417,False
#79 Marco trap 2R,XOM,stock,M5,3170,536.7837273991655,-0.021527398,-0.8554903382301058,0.3488958990536278,0.004967939,0.024367116,-0.06841708,-0.008305801078677177,-0.03541606,2/7,-0.098217465,1.3333334,2.0,False
#79 Marco trap to the post-BOS low,XOM,stock,M5,2388,405.3052973977695,0.06626521,0.880551045862102,0.29229480737018426,0.26980296,0.14584264,-0.01411604,0.157101109623909,-0.029413218,4/7,-0.16396652,0.8333333,2.6234303,False
#79 Marco trap 2R,XOM,stock,M15,1118,189.5772980501393,-0.08069447,-2.0124126797983046,0.3407871198568873,0.12136643,-0.013155706,-0.14703575,-0.015246188268065453,-0.15099978,2/7,-0.21904632,2.9583335,2.0,False
#79 Marco trap to the post-BOS low,XOM,stock,M15,868,147.18523676880224,0.19251288,1.4932206550146236,0.26152073732718895,0.23254316,0.34424776,0.04286131,0.09197420626878738,0.29587042,5/7,-0.12286757,1.75,3.2947087,False
#79 Marco trap 2R,XOM,stock,M30,562,95.60805775500698,0.0006296711,0.011353649656643991,0.37722419928825623,-0.036514778,0.030377654,-0.029330796,-0.011106183752417564,0.014164128,3/7,-0.22333537,19.041668,2.0,False
#79 Marco trap to the post-BOS low,XOM,stock,M30,471,80.76654929577465,0.088231586,0.6717366241405042,0.27388535031847133,0.1686937,0.32803324,-0.14257757,-0.0451810285449028,0.24708563,3/7,-0.14424914,18.083334,3.4942424,False
#79 Marco trap 2R,XOM,stock,H1,341,57.9842877094972,-0.053349882,-0.784619510007656,0.36656891495601174,-0.04002127,0.055521652,-0.16546166,0.0008011828758753836,-0.112484165,3/7,-0.39185008,21.583334,2.0,False
#79 Marco trap to the post-BOS low,XOM,stock,H1,316,53.73324022346369,-0.047733072,-0.38917067062793675,0.2721518987341772,0.14602919,0.13946386,-0.24217637,-0.04282618314027786,-0.0530949,3/7,-0.3437862,22.583334,3.906117,False
#79 Marco trap 2R,XOM,stock,H4,108,18.928502879078696,0.21642429,1.9416121134057882,0.5370370370370371,-0.088465825,0.33506244,0.10626035,0.14611408114433289,0.27703658,5/6,-0.36938137,48.625,2.0,False
#79 Marco trap to the post-BOS low,XOM,stock,H4,97,17.00059980806142,0.028257217,0.16862086564178286,0.4020618556701031,-0.0032212352,0.027313927,0.029108023,-0.01749785616993904,0.06624257,2/6,-0.70161086,54.916668,4.5452375,False
#79 Marco trap 2R,XOM,stock,D1,45,8.45486111111111,-0.20043972,-1.0439677395945997,0.26666666666666666,-0.18147795,0.108274564,-0.44741115,-0.4096120297908783,0.08579604,2/6,-0.66569644,88.666664,2.0,False
#79 Marco trap to the post-BOS low,XOM,stock,D1,43,8.07908950617284,-0.44525182,-2.5002725675983553,0.18604651162790697,-0.16999294,-0.21798845,-0.60888135,-0.5629168152809143,-0.29662234,1/6,-1.040689,112.583336,4.8080077,False
#79 Marco trap 2R,XPDUSD,metal,M5,23052,2437.67892298784,-1.7044816,-63.27221423961149,0.24171438486899186,-1.8230847,-1.7303175,-1.6765223,-1.816850185394287,-1.447964,0/10,-2.5432818,1.0,2.0,False
#79 Marco trap to the post-BOS low,XPDUSD,metal,M5,17311,1830.5856253618992,-1.8564056,-52.26755059148234,0.21523886546126741,-2.0550838,-1.8749847,-1.8370844,-1.974255919456482,-1.6164682,0/10,-2.8461442,0.75,2.2258227,False
#79 Marco trap 2R,XPDUSD,metal,M15,8420,890.6472632493485,-1.2404635,-53.88836705281137,0.2845605700712589,-1.3422216,-1.2133257,-1.270209,-1.2932809591293335,-1.1097386,0/10,-1.7235527,1.3333334,2.0,False
#79 Marco trap to the post-BOS low,XPDUSD,metal,M15,6892,729.0191138140748,-1.3472024,-44.28036900454697,0.25,-1.5291849,-1.3109471,-1.3867346,-1.389139175415039,-1.2481496,0/10,-1.9210129,1.25,2.8454351,False
#79 Marco trap 2R,XPDUSD,metal,M30,4140,438.04606025492467,-0.98769265,-22.541141486437635,0.3113526570048309,-1.085596,-0.9847817,-0.9910683,-1.0441701412200928,-0.8481795,0/10,-1.285935,2.0,2.0,False
#79 Marco trap to the post-BOS low,XPDUSD,metal,M30,3423,362.18156141367325,-1.0742346,-16.493073111315734,0.26321939818872336,-1.2160958,-0.9807099,-1.1846175,-1.1254299879074097,-0.9531175,0/10,-1.4102265,2.0,3.148514,False
#79 Marco trap 2R,XPDUSD,metal,H1,1935,204.7982468849609,-0.7021344,-18.983057935011658,0.3405684754521964,-0.87094855,-0.6575916,-0.75137866,-0.7391097545623779,-0.6222023,0/10,-1.1350268,3.9166667,2.0,False
#79 Marco trap to the post-BOS low,XPDUSD,metal,H1,1667,176.43342509417562,-0.8062855,-13.136575068524662,0.26394721055788845,-0.9988992,-0.7679397,-0.84734654,-0.8034893870353699,-0.8120106,0/10,-1.3067414,4.3333335,3.3873444,False
#79 Marco trap 2R,XPDUSD,metal,H4,466,49.63735783027121,-0.51612604,-7.447101802408675,0.3669527896995708,-0.6183887,-0.43296,-0.6192838,-0.4899664521217346,-0.5844653,0/10,-0.9745774,15.916666,2.0,False
#79 Marco trap to the post-BOS low,XPDUSD,metal,H4,437,46.54833770778653,-0.7191979,-7.830216281598706,0.2517162471395881,-0.5631879,-0.67043495,-0.7780583,-0.7476215958595276,-0.6474511,0/10,-1.2277261,25.5,4.1503615,False
#79 Marco trap 2R,XPDUSD,metal,D1,73,8.456470028544244,-0.4275961,-2.822123678387391,0.3424657534246575,-0.38837147,-0.59839976,-0.25204796,-0.4389955401420593,-0.40117022,2/9,-1.0679547,116.333336,2.0,False
#79 Marco trap to the post-BOS low,XPDUSD,metal,D1,69,7.993101807802093,-0.7037896,-4.828379694713569,0.2318840579710145,-0.29691806,-0.9914796,-0.3899458,-0.7543531656265259,-0.57990855,0/9,-1.0679547,128.83333,3.9109447,False
#79 Marco trap 2R,XPTUSD,metal,M5,23749,2512.1118592528237,-1.1667465,-75.22711272027837,0.2959282496105099,-1.2744703,-1.1706574,-1.1627568,-1.1801317930221558,-1.1350412,0/10,-1.4931331,1.0,2.0,False
#79 Marco trap to the post-BOS low,XPTUSD,metal,M5,18587,1966.0879669852304,-1.2728206,-61.071491958242795,0.27002743853230754,-1.4339399,-1.2420312,-1.3033032,-1.2943872213363647,-1.2234638,0/10,-1.6675949,0.75,2.2212107,False
#79 Marco trap 2R,XPTUSD,metal,M15,8668,916.8801042571678,-0.7878822,-44.688260751869,0.3320258421781264,-0.9662429,-0.78411597,-0.791774,-0.7948009967803955,-0.77048135,0/10,-0.9784024,1.4166666,2.0,False
#79 Marco trap to the post-BOS low,XPTUSD,metal,M15,7190,760.5408340573415,-0.8749526,-30.54233062855967,0.28178025034770515,-1.1025089,-0.86987346,-0.8801635,-0.8747636079788208,-0.8754273,0/10,-1.1232568,1.4166666,2.8383002,False
#79 Marco trap 2R,XPTUSD,metal,M30,4231,447.5449609035622,-0.6267446,-26.403688947628293,0.3372725124084141,-0.7653074,-0.6388054,-0.61385226,-0.6422423720359802,-0.58741707,0/10,-0.9999152,2.25,2.0,False
#79 Marco trap to the post-BOS low,XPTUSD,metal,M30,3531,373.50065160729804,-0.72783715,-19.784289021651034,0.26791277258566976,-0.8838512,-0.7136942,-0.7427622,-0.7520574331283569,-0.6684583,0/10,-1.2890866,2.1666667,3.0964782,False
#79 Marco trap 2R,XPTUSD,metal,H1,2024,214.40429234338745,-0.49383557,-14.848122062108635,0.34980237154150196,-0.60253036,-0.47529167,-0.5133576,-0.5467700362205505,-0.3537263,0/10,-0.7910267,5.125,2.0,False
#79 Marco trap to the post-BOS low,XPTUSD,metal,H1,1716,181.98867595818814,-0.6082176,-11.436974180430129,0.2523310023310023,-0.7051725,-0.606946,-0.6095436,-0.6582520008087158,-0.48085722,0/10,-1.2249264,5.291667,3.4045296,False
#79 Marco trap 2R,XPTUSD,metal,H4,557,59.26136032624527,-0.4924425,-8.893391561230041,0.3052064631956912,-0.27195302,-0.489519,-0.49566385,-0.5100550055503845,-0.44551438,0/10,-0.9152815,17.416666,2.0,False
#79 Marco trap to the post-BOS low,XPTUSD,metal,H4,509,54.154456743373146,-0.64849603,-8.595714421130136,0.2180746561886051,-0.3563602,-0.57987463,-0.72302336,-0.6541242599487305,-0.63366175,0/10,-0.9634495,24.0,4.037156,False
#79 Marco trap 2R,XPTUSD,metal,D1,66,7.296156174334141,-0.4030768,-2.92961585103129,0.2878787878787879,-0.14003299,-0.475725,-0.29131046,-0.5613377690315247,0.018952303,3/10,-1.2512383,75.70833,2.0,False
#79 Marco trap to the post-BOS low,XPTUSD,metal,D1,61,6.743417070217918,-0.7373527,-3.630000615483255,0.13114754098360656,-0.05833926,-0.5743842,-1.006605,-0.8388904333114624,-0.42597058,2/10,-1.5320765,98.0,4.4660196,False
#79 Marco trap 2R,XRPUSD,crypto,M5,22618,2645.2848222862635,-2.9242458,-58.51742234936495,0.26134052524537976,-2.8391666,-2.8967698,-2.9534364,-4.444874286651611,-0.8286857,0/9,-16.614464,1.5833334,2.0,False
#79 Marco trap to the post-BOS low,XRPUSD,crypto,M5,16460,1925.6934657270979,-3.2444804,-50.78150999764647,0.24993924665856623,-3.125833,-3.2275186,-3.2617335,-4.972362995147705,-0.9140093,0/9,-19.263584,1.0833334,1.9501455,False
#79 Marco trap 2R,XRPUSD,crypto,M15,8313,976.6237536185268,-2.786284,-18.018879157689085,0.2659689642728257,-2.6896117,-3.0915782,-2.4524667,-4.153713703155518,-0.6943582,0/9,-16.834404,2.25,2.0,False
#79 Marco trap to the post-BOS low,XRPUSD,crypto,M15,6797,800.3237427466152,-3.132412,-17.40145801378696,0.221862586435192,-2.9543064,-3.5348587,-2.7069435,-4.669225692749023,-0.7961356,0/9,-19.319218,1.9166666,2.5178742,False
#79 Marco trap 2R,XRPUSD,crypto,M30,4113,483.51247183778565,-2.4511173,-23.202824329821944,0.2689034767809385,-2.342635,-2.7060084,-2.1870146,-3.6624813079833984,-0.54266864,0/9,-13.066647,3.25,2.0,False
#79 Marco trap to the post-BOS low,XRPUSD,crypto,M30,3470,408.8443548387097,-2.7630196,-22.140518565955144,0.20951008645533142,-2.581066,-3.0757513,-2.4407713,-4.101316452026367,-0.6537357,0/9,-15.231052,3.0,2.8631513,False
#79 Marco trap 2R,XRPUSD,crypto,H1,1964,230.88220148052784,-2.1219058,-14.299877470638865,0.2525458248472505,-1.889773,-2.2976103,-1.9370209,-3.112095355987549,-0.5498649,0/9,-10.981754,4.6666665,2.0,False
#79 Marco trap to the post-BOS low,XRPUSD,crypto,H1,1669,196.2028484068233,-2.364331,-13.488216696985129,0.18034751348112643,-2.0432105,-2.5810924,-2.1420455,-3.4610657691955566,-0.5829989,0/9,-12.567694,4.4166665,3.3009639,False
#79 Marco trap 2R,XRPUSD,crypto,H4,494,58.544289422452955,-1.5436344,-7.027707180790455,0.2773279352226721,-1.1885527,-1.330955,-1.7615435,-2.2179651260375977,-0.34650767,0/9,-8.529661,12.333334,2.0,False
#79 Marco trap to the post-BOS low,XRPUSD,crypto,H4,440,52.14471122647632,-1.7412174,-6.655193157871237,0.20227272727272727,-1.1487836,-1.57379,-1.9164315,-2.3772096633911133,-0.548212,0/9,-9.143361,15.5,4.1134663,False
#79 Marco trap 2R,XRPUSD,crypto,D1,74,9.253166723724751,-1.2783802,-2.9750336148989924,0.32432432432432434,-0.9268109,-1.4816978,-1.0857635,-2.002470016479492,-0.08880315,1/9,-6.6073976,45.333336,2.0,False
#79 Marco trap to the post-BOS low,XRPUSD,crypto,D1,64,8.002738788086273,-1.6856564,-3.445507526397705,0.1875,-1.2642372,-1.9277587,-1.4279345,-2.3637866973876953,-0.69454265,0/9,-6.6073976,42.333336,4.247174,False
#79 Marco trap 2R,ZM,stock,M5,2873,559.9590448239061,-0.28590545,-8.456476179055242,0.3477201531500174,-0.34494254,-0.31288537,-0.25538287,-0.15909846127033234,-0.40133014,0/6,-0.5843777,0.9166667,2.0,False
#79 Marco trap to the post-BOS low,ZM,stock,M5,2291,447.00200320512823,-0.31209806,-6.127601739310589,0.28764731558271495,-0.32815972,-0.37483495,-0.24297239,-0.18372654914855957,-0.42658302,0/6,-0.7134317,0.5833333,2.7485912,False
#79 Marco trap 2R,ZM,stock,M15,1060,207.04010695187168,-0.27386856,-5.640431013356973,0.34056603773584904,-0.17829487,-0.26144552,-0.2862916,-0.17251266539096832,-0.3630042,1/6,-0.4441142,2.5416665,2.0,False
#79 Marco trap to the post-BOS low,ZM,stock,M15,866,169.14786096256685,-0.2772883,-3.549142403216893,0.2528868360277136,-0.07676813,-0.24167371,-0.3139038,-0.1545780748128891,-0.39391828,0/6,-0.48009357,1.75,3.0789526,False
#79 Marco trap 2R,ZM,stock,M30,528,103.4058981233244,-0.22586995,-2.7714238935238797,0.3693181818181818,-0.27703008,-0.32565942,-0.13266,-0.1103525310754776,-0.34404296,1/6,-0.5680972,5.0833335,2.0,False
#79 Marco trap to the post-BOS low,ZM,stock,M30,454,89.34455818965517,-0.26753452,-2.2237396787278216,0.2555066079295154,-0.31857368,-0.35032576,-0.18690306,-0.1316102296113968,-0.40709966,1/6,-0.7284043,6.083333,3.6972213,False
#79 Marco trap 2R,ZM,stock,H1,291,57.29797843665768,-0.29220232,-1.8180102582064883,0.4054982817869416,-0.33070725,-0.2024422,-0.38013062,-0.12890973687171936,-0.43547836,1/6,-1.1471833,18.583334,2.0,False
#79 Marco trap to the post-BOS low,ZM,stock,H1,255,50.20956873315364,-0.053718224,-0.18939148062425382,0.2627450980392157,-0.22818321,0.14798634,-0.26022524,0.18091021478176117,-0.26558423,3/6,-0.9553565,23.583334,4.485772,False
#79 Marco trap 2R,ZM,stock,H4,98,19.42186652197504,-0.29188645,-1.545704037927231,0.35714285714285715,-0.10145489,-0.0750477,-0.5177601,0.10569009929895401,-0.60271907,1/6,-1.0149184,25.916668,2.0,False
#79 Marco trap to the post-BOS low,ZM,stock,H4,89,17.989623685666853,0.18983963,0.48340054016027845,0.33707865168539325,1.1775362,1.0211182,-0.6229661,1.1458157300949097,-0.55582184,2/6,-0.7339023,54.916668,3.4103768,False
#79 Marco trap 2R,ZM,stock,D1,46,11.097424042272127,-0.03794173,-0.196271430392021,0.34782608695652173,0.054305393,0.03605017,-0.09485858,-0.0641426295042038,-0.025263865,2/5,-0.67258954,112.54167,2.0,False
#79 Marco trap to the post-BOS low,ZM,stock,D1,42,10.186254980079681,0.119348176,0.38282695250872384,0.30952380952380953,-0.1313905,0.055615373,0.1671478,-0.41507187485694885,0.38655823,2/5,-0.42380485,89.208336,4.45514,False
