rule,tf,group,n,avgR,t,win
"#33 gap retest after BOS, pullback target",ALL,ALL,265711,-0.3292326902007009,-11.315160605050686,0.26446402294221916
"#33 gap retest after BOS, pullback target",M5,ALL,73508,-0.5380911765790185,-34.79753813305583,0.2561898024704794
"#33 gap retest after BOS, pullback target",ALL,stock,45830,0.012016990074166772,0.6437051719861598,0.2634518874099935
"#33 gap retest after BOS, pullback target",M5,stock,21048,0.0011449424830997728,0.03613091934094187,0.2548935765868491
"#33 gap retest after BOS, pullback target",IS,ALL,164440,-0.30674312683435856,-6.567814703825546,0.2655801508148869
"#33 gap retest after BOS, pullback target",OOS,ALL,101271,-0.36575038825800593,-41.66631342960827,0.26265169693199436
#35 breaker block retest 2R,ALL,ALL,1526966,-0.5066798468914864,-219.90095272054248,0.31737772812230264
#35 breaker block retest 2R,M5,ALL,636655,-0.7680470255056348,-192.71660175485837,0.30519669208598066
#35 breaker block retest 2R,ALL,stock,211958,-0.10196908118981671,-31.212841977894808,0.33675067702091926
#35 breaker block retest 2R,M5,stock,122437,-0.12994802456883178,-29.686978289637587,0.3316644478384802
#35 breaker block retest 2R,IS,ALL,924536,-0.5410538974037871,-154.79043914158973,0.3167707909697405
#35 breaker block retest 2R,OOS,ALL,602430,-0.4539267516531344,-196.71383398927568,0.31830918114967716
HA flip alone (3+ red then green no lower wick),ALL,ALL,1274945,-0.4294470314448957,-219.32051408765574,0.32685959002153037
HA flip alone (3+ red then green no lower wick),M5,ALL,572640,-0.6422526358578946,-183.61885978336593,0.3170002095557418
HA flip alone (3+ red then green no lower wick),ALL,stock,190554,-0.04060447792642534,-12.500775687749595,0.3605697072745783
HA flip alone (3+ red then green no lower wick),M5,stock,114922,-0.07251192643674896,-16.9690095625475,0.34510363550930195
HA flip alone (3+ red then green no lower wick),IS,ALL,777512,-0.47037221533346296,-166.9183888509461,0.32539947936494873
HA flip alone (3+ red then green no lower wick),OOS,ALL,497433,-0.36547897629863935,-152.11667826641127,0.3291418140734531
"HA at support (rejected level, HA turns green)",ALL,ALL,2003132,-0.2914612780681662,-224.5376458150937,0.33583657991585175
"HA at support (rejected level, HA turns green)",M5,ALL,765194,-0.4816278295054225,-200.11221868796795,0.3224084349851149
"HA at support (rejected level, HA turns green)",ALL,stock,208564,-0.016332107543767262,-5.391470821556523,0.36785830728217717
"HA at support (rejected level, HA turns green)",M5,stock,124406,-0.0371037567901165,-9.15586891497339,0.35142195714033087
"HA at support (rejected level, HA turns green)",IS,ALL,1272600,-0.31558882651993436,-178.19214440966826,0.3352750275027503
"HA at support (rejected level, HA turns green)",OOS,ALL,730532,-0.2494306508544093,-140.62531563118716,0.33681481440922506
"FVG inversion (bearish gap broken up, retest)",ALL,ALL,6977847,-0.755939001332658,-503.5074743228972,0.30426935414319056
"FVG inversion (bearish gap broken up, retest)",M5,ALL,3024020,-1.0103463238456103,-365.6768078900035,0.2920678434666437
"FVG inversion (bearish gap broken up, retest)",ALL,stock,950370,-0.17438600336537777,-111.52880044287578,0.33048812567736774
"FVG inversion (bearish gap broken up, retest)",M5,stock,578392,-0.19276070316270288,-97.10906263098093,0.32681987302728943
"FVG inversion (bearish gap broken up, retest)",IS,ALL,4256817,-0.8116389101434404,-348.39414619305666,0.30375254562270354
"FVG inversion (bearish gap broken up, retest)",OOS,ALL,2721030,-0.6688012929192307,-539.6790973734393,0.30507785654696934
FVG nearest the 61.8% retracement,ALL,ALL,678952,-0.5556592459487945,-148.91922209308476,0.32223338321413003
FVG nearest the 61.8% retracement,M5,ALL,276650,-0.7559615400122476,-137.82347585000326,0.3105440086752214
FVG nearest the 61.8% retracement,ALL,stock,89318,-0.09843821822750475,-20.41630378934653,0.3471976533285564
FVG nearest the 61.8% retracement,M5,stock,51664,-0.11436597864633957,-17.79440162738703,0.34164989160730874
FVG nearest the 61.8% retracement,IS,ALL,413749,-0.5958892245168647,-104.73192997494166,0.32194156360498755
FVG nearest the 61.8% retracement,OOS,ALL,265203,-0.49289557659904937,-139.78619249475554,0.3226886573681293
FVG + EMA200 trend + MACD cross on the retest,ALL,ALL,578619,-0.33169383070022745,-127.58217030522088,0.33514627068934827
FVG + EMA200 trend + MACD cross on the retest,M5,ALL,252946,-0.5131533490719504,-109.20223886794153,0.3234919706182347
FVG + EMA200 trend + MACD cross on the retest,ALL,stock,85296,-0.018138391090339885,-3.6682011932359786,0.37516413430876006
FVG + EMA200 trend + MACD cross on the retest,M5,stock,50819,-0.038876286178761224,-5.6035793732810655,0.3532143489639702
FVG + EMA200 trend + MACD cross on the retest,IS,ALL,351025,-0.36613909985542387,-98.59288296913068,0.33377679652446407
FVG + EMA200 trend + MACD cross on the retest,OOS,ALL,227594,-0.27856786689976337,-84.5267723223738,0.337258451453026
Pullback to SMA50 + rejection candle,ALL,ALL,987613,-0.5056734647332622,-209.9674108949339,0.31880200037869083
Pullback to SMA50 + rejection candle,M5,ALL,384901,-0.7839069053702605,-162.3698628813749,0.3074868602575727
Pullback to SMA50 + rejection candle,ALL,stock,102840,-0.10176392654163374,-22.39285958815648,0.34301828082458186
Pullback to SMA50 + rejection candle,M5,stock,65739,-0.1376933219760703,-23.82252352651348,0.3326031731544441
Pullback to SMA50 + rejection candle,IS,ALL,628623,-0.5570761311709724,-162.80857381721185,0.3171614783423451
Pullback to SMA50 + rejection candle,OOS,ALL,358990,-0.4156628839815067,-147.30019169517075,0.32167469845956714
Pullback to SMA50 + RSI crosses 50,ALL,ALL,816840,-0.41737816374888687,-179.9789574405633,0.32429361931345185
Pullback to SMA50 + RSI crosses 50,M5,ALL,323303,-0.6478962627540594,-145.29038661365348,0.3147542707614838
Pullback to SMA50 + RSI crosses 50,ALL,stock,84282,-0.07285203811125926,-14.704560683665674,0.35006288412709713
Pullback to SMA50 + RSI crosses 50,M5,stock,54417,-0.10801949866146164,-17.157785125811206,0.33728430453718505
Pullback to SMA50 + RSI crosses 50,IS,ALL,515004,-0.4533805767778607,-139.2717875750517,0.3237217575009126
Pullback to SMA50 + RSI crosses 50,OOS,ALL,301836,-0.3559494848650771,-121.98144140230463,0.32526935156840137
Broken resistance retest + RSI crosses 50,ALL,ALL,797184,-0.37597322297831437,-173.79193105495543,0.32574035605330764
Broken resistance retest + RSI crosses 50,M5,ALL,299059,-0.5735719132140373,-138.1916506076828,0.31756609899718785
Broken resistance retest + RSI crosses 50,ALL,stock,84839,-0.0639353110881855,-13.028880236110894,0.3513006989709921
Broken resistance retest + RSI crosses 50,M5,stock,51690,-0.0902263754320553,-14.144774831133724,0.33936931708260787
Broken resistance retest + RSI crosses 50,IS,ALL,501215,-0.4075510084795948,-137.06646918963378,0.3233143461388825
Broken resistance retest + RSI crosses 50,OOS,ALL,295969,-0.3224971502814297,-110.07859371061484,0.3298487341579692
Williams VIX Fix + Stochastic cross,ALL,ALL,4246536,-0.45672470342013993,-412.44827586256065,0.3238178129185765
Williams VIX Fix + Stochastic cross,M5,ALL,1696427,-0.6967807054368826,-320.66779179821464,0.3163537246223975
Williams VIX Fix + Stochastic cross,ALL,stock,531341,-0.10594244560310785,-52.080466222417314,0.3401958441001165
Williams VIX Fix + Stochastic cross,M5,stock,322783,-0.13333017836737784,-50.36573748496073,0.3348131716973942
Williams VIX Fix + Stochastic cross,IS,ALL,2623079,-0.4762989663282501,-302.8253147124199,0.32353848282876724
Williams VIX Fix + Stochastic cross,OOS,ALL,1623457,-0.4250978491365078,-305.93977795215756,0.32426913678649943
"Equal lows above a demand zone, limit at zone top",ALL,ALL,57056,-0.4491914022614905,-48.685096962546936,0.3311833987661245
"Equal lows above a demand zone, limit at zone top",M5,ALL,20116,-0.6880833421507404,-38.45574148996276,0.31780672101809504
"Equal lows above a demand zone, limit at zone top",ALL,stock,4929,-0.16811525110468242,-7.323406024550435,0.32663826333941975
"Equal lows above a demand zone, limit at zone top",M5,stock,2920,-0.18414254079458037,-6.8714858213724765,0.3226027397260274
"Equal lows above a demand zone, limit at zone top",IS,ALL,36735,-0.4550273544153318,-36.44243582601172,0.33491220906492447
"Equal lows above a demand zone, limit at zone top",OOS,ALL,20321,-0.4386415423937989,-34.50428902902549,0.3244426947492742
SMA20/50 cross (every signal),ALL,ALL,949411,-0.33191496828256856,-150.66391257706303,0.34338553060792426
SMA20/50 cross (every signal),M5,ALL,385606,-0.5291625376324856,-126.25814963064286,0.3279331753136621
SMA20/50 cross (every signal),ALL,stock,117437,-0.028795321598961577,-7.278151828929454,0.3784497219785928
SMA20/50 cross (every signal),M5,stock,72686,-0.04946188475636719,-9.430342273249193,0.358652285171835
SMA20/50 cross (every signal),IS,ALL,592341,-0.372349862811025,-117.9812175834034,0.34265397802954717
SMA20/50 cross (every signal),OOS,ALL,357070,-0.26483779613178465,-100.96233291910221,0.34459909821603607
"SMA20/50 cross, only after two winning crosses",ALL,ALL,40960,-0.28248606815151617,-29.278281859340595,0.3464111328125
"SMA20/50 cross, only after two winning crosses",M5,ALL,13888,-0.4860142281769743,-21.700384811836056,0.3259648617511521
"SMA20/50 cross, only after two winning crosses",ALL,stock,6239,-0.026230797362327994,-1.564151577193092,0.38371533899663407
"SMA20/50 cross, only after two winning crosses",M5,stock,3553,-0.0632294641644897,-2.7147531128517586,0.355474247115114
"SMA20/50 cross, only after two winning crosses",IS,ALL,25356,-0.3209647155579031,-23.26977534046592,0.3427196718725351
"SMA20/50 cross, only after two winning crosses",OOS,ALL,15604,-0.21995949908997126,-18.6785555053925,0.35240963855421686
"SB second breakout (small double bottom, buy stop over H1)",ALL,ALL,314023,-0.2891215420574176,-90.04957647635901,0.3363607124318919
"SB second breakout (small double bottom, buy stop over H1)",M5,ALL,124060,-0.44116495291002156,-72.99222984808873,0.33275834273738514
"SB second breakout (small double bottom, buy stop over H1)",ALL,stock,39339,-0.010055643343836025,-1.4116935680434886,0.36569307811586466
"SB second breakout (small double bottom, buy stop over H1)",M5,stock,24587,-0.03168493386375409,-3.446968692289752,0.35421157522267865
"SB second breakout (small double bottom, buy stop over H1)",IS,ALL,193204,-0.3097407270359713,-69.82859038782777,0.33332643216496555
"SB second breakout (small double bottom, buy stop over H1)",OOS,ALL,120819,-0.25614900450457845,-58.29127338587953,0.3412128887012804
Sweep of an obvious low + inversion FVG close,ALL,ALL,1714605,-0.507976027235357,-225.55430850823453,0.317762983311025
Sweep of an obvious low + inversion FVG close,M5,ALL,687570,-0.7180877228366448,-155.02361888309838,0.3104222115566415
Sweep of an obvious low + inversion FVG close,ALL,stock,199877,-0.09235192993169371,-28.21943303771079,0.3430709886580247
Sweep of an obvious low + inversion FVG close,M5,stock,119406,-0.11515187606181976,-27.356635121192877,0.3357536472204077
Sweep of an obvious low + inversion FVG close,IS,ALL,1056912,-0.5491178631964048,-161.59892472339453,0.31527128086349665
Sweep of an obvious low + inversion FVG close,OOS,ALL,657693,-0.44186113756910994,-205.0689410328408,0.3217671466778573
"Trendline touch + Stochastic(5,3,3) cross from oversold",ALL,ALL,527597,-0.491978766443808,-158.9472216799495,0.32161479310913443
"Trendline touch + Stochastic(5,3,3) cross from oversold",M5,ALL,204343,-0.7355859414027942,-120.79703501851597,0.31196077183950516
"Trendline touch + Stochastic(5,3,3) cross from oversold",ALL,stock,53827,-0.10428835969984508,-16.598953222549085,0.33964367324948447
"Trendline touch + Stochastic(5,3,3) cross from oversold",M5,stock,32535,-0.13432539443031943,-16.566878500277525,0.33324112494236974
"Trendline touch + Stochastic(5,3,3) cross from oversold",IS,ALL,334181,-0.5277174315403618,-121.46581175491181,0.32277119285656575
"Trendline touch + Stochastic(5,3,3) cross from oversold",OOS,ALL,193416,-0.4302300856695627,-111.4270224769366,0.31961678454729703
"Z1 fresh demand zone, blind limit at proximal, 2R",ALL,ALL,187524,-0.8797260648514936,-116.97452066280879,0.3034171626031868
"Z1 fresh demand zone, blind limit at proximal, 2R",M5,ALL,67992,-1.3457175638225158,-87.23763608661457,0.27909165784209905
"Z1 fresh demand zone, blind limit at proximal, 2R",ALL,stock,21327,-0.14989796141898332,-15.122685846084282,0.33089510948562856
"Z1 fresh demand zone, blind limit at proximal, 2R",M5,stock,10828,-0.16068985301909722,-11.355420712340582,0.3356113779091245
"Z1 fresh demand zone, blind limit at proximal, 2R",IS,ALL,121380,-0.942996583549101,-88.0967580695587,0.30607184050090624
"Z1 fresh demand zone, blind limit at proximal, 2R",OOS,ALL,66144,-0.7636191532719769,-92.29238747317883,0.2985455974842767
"Z2 fresh demand zone + inside bar breakout, 2R",ALL,ALL,17126,-0.7964744208642256,-29.52857350593034,0.31250729884386313
"Z2 fresh demand zone + inside bar breakout, 2R",M5,ALL,6737,-1.2963139983826664,-23.372181003510278,0.2946415318390975
"Z2 fresh demand zone + inside bar breakout, 2R",ALL,stock,1959,-0.05171279298619858,-1.583598677635447,0.3603879530372639
"Z2 fresh demand zone + inside bar breakout, 2R",M5,stock,966,-0.02864416933948209,-0.59042473700505,0.3747412008281574
"Z2 fresh demand zone + inside bar breakout, 2R",IS,ALL,11018,-0.8794426705060617,-22.3121265417456,0.31466690869486297
"Z2 fresh demand zone + inside bar breakout, 2R",OOS,ALL,6108,-0.6468110000139063,-25.196238068033157,0.30861165684348396
"Z3 fresh demand zone + strict engulfing, 2R",ALL,ALL,16244,-0.6514860330180219,-26.55308614127719,0.3170401378970697
"Z3 fresh demand zone + strict engulfing, 2R",M5,ALL,5964,-1.0929547551273746,-21.253441155907684,0.2992957746478873
"Z3 fresh demand zone + strict engulfing, 2R",ALL,stock,1942,-0.10237063223977566,-3.160907895466383,0.3357363542739444
"Z3 fresh demand zone + strict engulfing, 2R",M5,stock,908,-0.12156011909656719,-2.5216417019457973,0.3303964757709251
"Z3 fresh demand zone + strict engulfing, 2R",IS,ALL,10479,-0.7034160953117584,-21.470013738383372,0.31825555873652067
"Z3 fresh demand zone + strict engulfing, 2R",OOS,ALL,5765,-0.5570931236032665,-15.880113988620467,0.3148308759757155
#35 breaker + break-even at 1R,ALL,ALL,1526966,-0.5061267504377612,-226.2299688801784,0.24251227597733022
#35 breaker + break-even at 1R,M5,ALL,636655,-0.7662993379037384,-196.72593885034553,0.23598338189443263
#35 breaker + break-even at 1R,ALL,stock,211958,-0.09281201685563603,-31.365553479270414,0.26887874012776114
#35 breaker + break-even at 1R,M5,stock,122437,-0.12126530789027222,-30.422926749404436,0.2662348799790913
#35 breaker + break-even at 1R,IS,ALL,924536,-0.5417222010150441,-158.28861223670384,0.24141839798558412
#35 breaker + break-even at 1R,OOS,ALL,602430,-0.45149919952741696,-211.38768536887727,0.2441910263433096
#33 gap retest + break-even at 1R,ALL,ALL,265711,-0.34437711182388153,-11.87434406471452,0.18591251397194697
#33 gap retest + break-even at 1R,M5,ALL,73508,-0.551140855712479,-36.88211936897729,0.18380312346955432
#33 gap retest + break-even at 1R,ALL,stock,45830,0.013190241022727202,0.7284308006042609,0.19415230198559896
#33 gap retest + break-even at 1R,M5,stock,21048,0.0011063173597910664,0.03574093487208018,0.1919897377423033
#33 gap retest + break-even at 1R,IS,ALL,164440,-0.3331334141253461,-7.150600699730637,0.18474823643882268
#33 gap retest + break-even at 1R,OOS,ALL,101271,-0.3626342007194901,-44.094555134468735,0.18780302357041997
"Z0 baseline: any bullish close above the prior high as a zone, blind limit, 2R",ALL,ALL,3796351,-0.47996997360297305,-412.4732417586163,0.3235385769124088
"Z0 baseline: any bullish close above the prior high as a zone, blind limit, 2R",M5,ALL,1122922,-0.7493568236022298,-277.1522468447016,0.30992001225374516
"Z0 baseline: any bullish close above the prior high as a zone, blind limit, 2R",ALL,stock,550401,-0.11451300778288909,-58.84164363877082,0.33634386565431384
"Z0 baseline: any bullish close above the prior high as a zone, blind limit, 2R",M5,stock,273492,-0.13321844050603385,-47.92792471596095,0.3354248021879982
"Z0 baseline: any bullish close above the prior high as a zone, blind limit, 2R",IS,ALL,2355880,-0.4882998818198478,-295.31572336641716,0.32597330933663854
"Z0 baseline: any bullish close above the prior high as a zone, blind limit, 2R",OOS,ALL,1440471,-0.4663464683953222,-322.440127419229,0.31955658947663645
Z1 + discount location (lower 40% of the 500-bar range),ALL,ALL,77492,-0.8450568710764679,-75.74910396318273,0.3062122541681722
Z1 + discount location (lower 40% of the 500-bar range),M5,ALL,28497,-1.2995613669205275,-56.35086715421407,0.2832578867951012
Z1 + discount location (lower 40% of the 500-bar range),ALL,stock,9580,-0.12251992448483884,-8.237831774224249,0.3396659707724426
Z1 + discount location (lower 40% of the 500-bar range),M5,stock,4900,-0.13739448269525048,-6.515052096524564,0.34224489795918367
Z1 + discount location (lower 40% of the 500-bar range),IS,ALL,49766,-0.9015080237433722,-56.8382783739668,0.3087449262548728
Z1 + discount location (lower 40% of the 500-bar range),OOS,ALL,27726,-0.7437314702389449,-58.58826797615328,0.3016663059943735
Z4 action matrix: Z1 + uptrend (SMA200 rising),ALL,ALL,105894,-0.9004729528134868,-87.58825912614829,0.3025383874440478
Z4 action matrix: Z1 + uptrend (SMA200 rising),M5,ALL,40036,-1.3496395002036692,-67.31004196954795,0.2772005195324208
Z4 action matrix: Z1 + uptrend (SMA200 rising),ALL,stock,11245,-0.17357645242240174,-12.769271454990603,0.32361049355269006
Z4 action matrix: Z1 + uptrend (SMA200 rising),M5,stock,5802,-0.18566130528464703,-9.641549943487533,0.32764563943467767
Z4 action matrix: Z1 + uptrend (SMA200 rising),IS,ALL,68652,-0.9798294833799941,-66.54356419682911,0.3045213540756278
Z4 action matrix: Z1 + uptrend (SMA200 rising),OOS,ALL,37242,-0.7541869172500945,-69.75981539602762,0.29888298157993665
Z4 action matrix: Z1 + uptrend + discount,ALL,ALL,17231,-0.915126790913749,-34.06207562391431,0.30700481689977366
Z4 action matrix: Z1 + uptrend + discount,M5,ALL,7432,-1.304729325935891,-28.122552032282904,0.27933261571582346
Z4 action matrix: Z1 + uptrend + discount,ALL,stock,1828,-0.14542984046221302,-4.273397279273911,0.33150984682713347
Z4 action matrix: Z1 + uptrend + discount,M5,stock,941,-0.1751158983940526,-3.629808612576212,0.3283740701381509
Z4 action matrix: Z1 + uptrend + discount,IS,ALL,11088,-1.027513400362303,-26.262240543160253,0.30916305916305914
Z4 action matrix: Z1 + uptrend + discount,OOS,ALL,6143,-0.7122710647920549,-27.279665751428485,0.3031092300179066
"#33 gap retest after BOS, pullback target",M15,ALL,92101,-0.29435438432130556,-26.153926643000872,0.2599863193667821
"#33 gap retest after BOS, pullback target",M15,stock,11032,0.054421538976206836,1.341112785201773,0.24936548223350255
#35 breaker block retest 2R,M15,ALL,483114,-0.38254314433897363,-87.83360487335483,0.32111675505160275
#35 breaker block retest 2R,M15,stock,43463,-0.07585021759299286,-10.778727584316648,0.34010537698732257
HA flip alone (3+ red then green no lower wick),M15,ALL,388447,-0.3064354563930557,-101.8506799516529,0.326543904316419
HA flip alone (3+ red then green no lower wick),M15,stock,37650,0.003024887578373829,0.41900417214159413,0.36698539176626827
"HA at support (rejected level, HA turns green)",M15,ALL,662998,-0.21198243579945406,-96.0657277677753,0.33323780765552835
"HA at support (rejected level, HA turns green)",M15,stock,41415,0.006641363786761966,0.9760750361958035,0.371990824580466
"FVG inversion (bearish gap broken up, retest)",M15,ALL,2179076,-0.6164011038302858,-245.9523932378702,0.3096188476216525
"FVG inversion (bearish gap broken up, retest)",M15,stock,187467,-0.16536575435815912,-46.30462231610638,0.33142899817034466
FVG nearest the 61.8% retracement,M15,ALL,218149,-0.4689950449985982,-83.14528456905886,0.325777335674241
FVG nearest the 61.8% retracement,M15,stock,18293,-0.08837096231641692,-8.410389865758752,0.3474553107746132
FVG + EMA200 trend + MACD cross on the retest,M15,ALL,177372,-0.235209792121839,-57.30956988315383,0.33106691022258306
FVG + EMA200 trend + MACD cross on the retest,M15,stock,17059,0.01405169819472731,1.3678236037806601,0.3851339468902046
Pullback to SMA50 + rejection candle,M15,ALL,334997,-0.37578254160908087,-109.2001965729506,0.3219431815807306
Pullback to SMA50 + rejection candle,M15,stock,19897,-0.05979846102315519,-5.885421711723465,0.3501532894406192
Pullback to SMA50 + RSI crosses 50,M15,ALL,277181,-0.30938061096656844,-90.92479837028702,0.325422738210772
Pullback to SMA50 + RSI crosses 50,M15,stock,15927,-0.04047910828126576,-3.5986665655410537,0.353236642179946
Broken resistance retest + RSI crosses 50,M15,ALL,272512,-0.3028684390493835,-92.07199635765433,0.32360776773132927
Broken resistance retest + RSI crosses 50,M15,stock,17012,-0.039168468649790185,-3.6406809899522226,0.35427933223606867
Williams VIX Fix + Stochastic cross,M15,ALL,1397883,-0.3379623080470133,-209.8705812209341,0.3264407679326524
Williams VIX Fix + Stochastic cross,M15,stock,110229,-0.07994271617253702,-18.45752047774848,0.3416523782307741
"Equal lows above a demand zone, limit at zone top",M15,ALL,20777,-0.3788149617183726,-26.22314285701529,0.33662222650045726
"Equal lows above a demand zone, limit at zone top",M15,stock,1299,-0.14806883704072127,-2.8100892924578584,0.3364126250962279
SMA20/50 cross (every signal),M15,ALL,310625,-0.24124879308006392,-69.99495097248959,0.33910020120724343
SMA20/50 cross (every signal),M15,stock,23631,-0.001957386150167696,-0.2248993960736774,0.3914349794761119
"SMA20/50 cross, only after two winning crosses",M15,ALL,13761,-0.23150699984979226,-17.51866985462718,0.3379114889906257
"SMA20/50 cross, only after two winning crosses",M15,stock,1387,-0.004827305343730285,-0.13754125836570835,0.39149242970439796
"SB second breakout (small double bottom, buy stop over H1)",M15,ALL,107012,-0.21965873575703235,-45.29543668957536,0.3337849960752065
"SB second breakout (small double bottom, buy stop over H1)",M15,stock,8054,0.03514018257415449,2.2213545923045794,0.3743481499875838
Sweep of an obvious low + inversion FVG close,M15,ALL,558205,-0.4138140177329874,-131.12799879638393,0.31923039026880806
Sweep of an obvious low + inversion FVG close,M15,stock,39361,-0.07292279434208329,-9.957868260885808,0.34455425421102104
"Trendline touch + Stochastic(5,3,3) cross from oversold",M15,ALL,175400,-0.3874214191729823,-85.44981254053862,0.32358038768529074
"Trendline touch + Stochastic(5,3,3) cross from oversold",M15,stock,10734,-0.07652150274121025,-5.483167719595948,0.3432084963666853
"Z1 fresh demand zone, blind limit at proximal, 2R",M15,ALL,52272,-0.7763038905723786,-59.21375216655979,0.31077823691460055
"Z1 fresh demand zone, blind limit at proximal, 2R",M15,stock,3069,-0.1428361011886925,-5.459994607921113,0.3365917236884979
"Z2 fresh demand zone + inside bar breakout, 2R",M15,ALL,4329,-0.678363723914411,-14.117246183383317,0.3125433125433125
"Z2 fresh demand zone + inside bar breakout, 2R",M15,stock,242,-0.16636144055807886,-1.8417563261174565,0.3140495867768595
"Z3 fresh demand zone + strict engulfing, 2R",M15,ALL,4263,-0.5142039016302943,-14.707449753252403,0.3103448275862069
"Z3 fresh demand zone + strict engulfing, 2R",M15,stock,256,-0.24960973323322833,-2.947375183905604,0.27734375
#35 breaker + break-even at 1R,M15,ALL,483114,-0.382409073689199,-90.14745798802143,0.24407075762656433
#35 breaker + break-even at 1R,M15,stock,43463,-0.07060446200919442,-11.217757885400175,0.2679750592457953
#33 gap retest + break-even at 1R,M15,ALL,92101,-0.29967700554541865,-27.941140899587296,0.18235415467801652
#33 gap retest + break-even at 1R,M15,stock,11032,0.043784385460585155,1.1115825067539262,0.17494561276287166
"Z0 baseline: any bullish close above the prior high as a zone, blind limit, 2R",M15,ALL,1262483,-0.42546525437924465,-232.33251334549183,0.32671727064839684
"Z0 baseline: any bullish close above the prior high as a zone, blind limit, 2R",M15,stock,125477,-0.1125412132169282,-27.620786871229328,0.33575077504243805
Z1 + discount location (lower 40% of the 500-bar range),M15,ALL,21321,-0.7352154246781347,-39.52822630241346,0.3133530322217532
Z1 + discount location (lower 40% of the 500-bar range),M15,stock,1396,-0.07548439902063982,-1.9216319797892063,0.35673352435530087
Z4 action matrix: Z1 + uptrend (SMA200 rising),M15,ALL,29339,-0.7869780737417416,-42.035039907949745,0.31258734108183645
Z4 action matrix: Z1 + uptrend (SMA200 rising),M15,stock,1603,-0.1776246018405639,-4.928683165423581,0.32626325639426074
Z4 action matrix: Z1 + uptrend + discount,M15,ALL,4444,-0.7502662095172196,-14.964949092282273,0.32268226822682267
Z4 action matrix: Z1 + uptrend + discount,M15,stock,269,-0.02080025991985789,-0.22774705976980839,0.379182156133829
"#33 gap retest after BOS, pullback target",M30,ALL,54848,-0.27631120861495767,-2.8266173027621084,0.2619603267211202
"#33 gap retest after BOS, pullback target",M30,stock,6797,-0.021497632783866526,-0.5841496695718453,0.2552596733853171
#35 breaker block retest 2R,M30,ALL,236823,-0.28900825197224644,-78.25995251095543,0.32647166871460964
#35 breaker block retest 2R,M30,stock,23533,-0.07046256712099545,-7.171316219181584,0.34024561254408703
HA flip alone (3+ red then green no lower wick),M30,ALL,189081,-0.23321411140039067,-60.186745257443434,0.3342059752169705
HA flip alone (3+ red then green no lower wick),M30,stock,19416,0.018048036736139215,1.732810468269682,0.3858673259167697
"HA at support (rejected level, HA turns green)",M30,ALL,337753,-0.15143992582298163,-58.706863501774215,0.3439614155906831
"HA at support (rejected level, HA turns green)",M30,stock,23467,0.02568608073056087,3.0006122135859363,0.3948523458473601
"FVG inversion (bearish gap broken up, retest)",M30,ALL,1058938,-0.5455193437446135,-238.12849308537847,0.3138890095548559
"FVG inversion (bearish gap broken up, retest)",M30,stock,95795,-0.1475770639357469,-29.58446755372854,0.33451641526175685
FVG nearest the 61.8% retracement,M30,ALL,109189,-0.398351371385988,-36.518929313017395,0.33258844755424083
FVG nearest the 61.8% retracement,M30,stock,10215,-0.06419598313503887,-4.615302289087593,0.3598629466470876
FVG + EMA200 trend + MACD cross on the retest,M30,ALL,86866,-0.1683458824756835,-32.95308744928492,0.34321829024014
FVG + EMA200 trend + MACD cross on the retest,M30,stock,8970,-0.005098390214533494,-0.3942266435718416,0.4041248606465998
Pullback to SMA50 + rejection candle,M30,ALL,162350,-0.30711900430031513,-67.887267777503,0.3244595010779181
Pullback to SMA50 + rejection candle,M30,stock,9888,-0.026178534639133503,-1.8574161163196345,0.3628640776699029
Pullback to SMA50 + RSI crosses 50,M30,ALL,130987,-0.24792635574601052,-52.804016994042776,0.3285135166085184
Pullback to SMA50 + RSI crosses 50,M30,stock,7671,0.013662719964601557,0.8596929134388273,0.37687394081606046
Broken resistance retest + RSI crosses 50,M30,ALL,134107,-0.23286263126593898,-51.33027778874242,0.33146666467820474
Broken resistance retest + RSI crosses 50,M30,stock,8620,-0.006836098025438404,-0.4251903118339758,0.37389791183294663
Williams VIX Fix + Stochastic cross,M30,ALL,686471,-0.2789053749435495,-132.99720766358064,0.32808086576126305
Williams VIX Fix + Stochastic cross,M30,stock,54431,-0.06458984741154275,-10.492133154618791,0.3450974628428653
"Equal lows above a demand zone, limit at zone top",M30,ALL,10041,-0.27907549137094323,-14.522150595485728,0.33691863360223084
"Equal lows above a demand zone, limit at zone top",M30,stock,481,-0.15614326553818095,-1.9066542121389147,0.32432432432432434
SMA20/50 cross (every signal),M30,ALL,151991,-0.1626235271856985,-40.44884121926319,0.360198959148897
SMA20/50 cross (every signal),M30,stock,12017,0.009540102368202784,0.8558688810612938,0.41882333361071816
"SMA20/50 cross, only after two winning crosses",M30,ALL,7730,-0.14153985715122414,-8.571909988854312,0.3628719275549806
"SMA20/50 cross, only after two winning crosses",M30,stock,752,0.05968888875492105,1.3554966609516188,0.44680851063829785
"SB second breakout (small double bottom, buy stop over H1)",M30,ALL,50366,-0.183968845942632,-27.086506927470076,0.33385617281499425
"SB second breakout (small double bottom, buy stop over H1)",M30,stock,3896,0.010779981647039145,0.4969269606277935,0.3821868583162218
Sweep of an obvious low + inversion FVG close,M30,ALL,277122,-0.3446497724876671,-98.27830474254097,0.32277119824481637
Sweep of an obvious low + inversion FVG close,M30,stock,21088,-0.05240095434845524,-4.886571743962137,0.3534711684370258
"Trendline touch + Stochastic(5,3,3) cross from oversold",M30,ALL,87362,-0.31245056356134043,-50.11963028759331,0.3302007737918088
"Trendline touch + Stochastic(5,3,3) cross from oversold",M30,stock,6057,-0.041082487929940216,-2.157465013857266,0.3531451213472016
"Z1 fresh demand zone, blind limit at proximal, 2R",M30,ALL,32377,-0.609845571818045,-41.04095959512443,0.3169533928405967
"Z1 fresh demand zone, blind limit at proximal, 2R",M30,stock,3265,-0.17312314351065053,-6.980476808138619,0.31332312404287904
"Z2 fresh demand zone + inside bar breakout, 2R",M30,ALL,2849,-0.3644843588251128,-7.983357060275142,0.33415233415233414
"Z2 fresh demand zone + inside bar breakout, 2R",M30,stock,325,-0.09838132618711545,-1.254141252607925,0.3323076923076923
"Z3 fresh demand zone + strict engulfing, 2R",M30,ALL,2792,-0.3900959561565587,-7.765492351190978,0.32772206303724927
"Z3 fresh demand zone + strict engulfing, 2R",M30,stock,383,-0.05490666322468466,-0.7320070895894883,0.3472584856396867
#35 breaker + break-even at 1R,M30,ALL,236823,-0.28841006918366335,-84.60273624285973,0.24710015496805632
#35 breaker + break-even at 1R,M30,stock,23533,-0.061716735546438764,-6.9639057633379124,0.26749670675222026
#33 gap retest + break-even at 1R,M30,ALL,54848,-0.29325651281828924,-3.0055090695968665,0.18037120770128354
#33 gap retest + break-even at 1R,M30,stock,6797,-0.011331601557177976,-0.3252024537656508,0.18110931293217597
"Z0 baseline: any bullish close above the prior high as a zone, blind limit, 2R",M30,ALL,762475,-0.3609266065980362,-163.4370375362199,0.3290809534738844
"Z0 baseline: any bullish close above the prior high as a zone, blind limit, 2R",M30,stock,74490,-0.09513885309845449,-18.075851599326498,0.33690428245402065
Z1 + discount location (lower 40% of the 500-bar range),M30,ALL,13191,-0.5847558612655587,-26.542841786804576,0.3157455841103783
Z1 + discount location (lower 40% of the 500-bar range),M30,stock,1438,-0.13371927267321293,-3.5372576302804073,0.32684283727399166
Z4 action matrix: Z1 + uptrend (SMA200 rising),M30,ALL,17924,-0.6056092705599591,-29.777526642783485,0.3194041508591832
Z4 action matrix: Z1 + uptrend (SMA200 rising),M30,stock,1771,-0.18705302762116907,-5.568211265780571,0.308300395256917
Z4 action matrix: Z1 + uptrend + discount,M30,ALL,2623,-0.6348548873391229,-10.530107276381834,0.32443766679374764
Z4 action matrix: Z1 + uptrend + discount,M30,stock,298,-0.1408599451084265,-1.7189024914518725,0.3187919463087248
"#33 gap retest after BOS, pullback target",H1,ALL,31876,-0.23131358501433627,-1.3800065152384196,0.27155226502697954
"#33 gap retest after BOS, pullback target",H1,stock,4509,-0.0022762898844930126,-0.08203263277332566,0.29762696828565094
#35 breaker block retest 2R,H1,ALL,124472,-0.20887868449539376,-34.62199502913121,0.33601934571630565
#35 breaker block retest 2R,H1,stock,15092,-0.043551655736242874,-3.767483895592703,0.346342433077127
HA flip alone (3+ red then green no lower wick),H1,ALL,93626,-0.1598625639604721,-31.990988985369466,0.348108431418623
HA flip alone (3+ red then green no lower wick),H1,stock,12133,0.022573205168844254,1.9648274967002204,0.41003873732794854
"HA at support (rejected level, HA turns green)",H1,ALL,178527,-0.1157716736337629,-35.048835764553296,0.3602088199544047
"HA at support (rejected level, HA turns green)",H1,stock,13312,0.015008537485759742,1.4504027108078126,0.42007211538461536
"FVG inversion (bearish gap broken up, retest)",H1,ALL,529110,-0.45887101643900263,-141.90919636239695,0.3210693428587628
"FVG inversion (bearish gap broken up, retest)",H1,stock,57209,-0.11454410095670525,-18.339696155198293,0.3435298641822091
FVG nearest the 61.8% retracement,H1,ALL,54957,-0.3324862365377411,-17.360341500332122,0.3377731681132522
FVG nearest the 61.8% retracement,H1,stock,6213,-0.07468026256451804,-4.138051735277291,0.36117817479478515
FVG + EMA200 trend + MACD cross on the retest,H1,ALL,45334,-0.10742494463116505,-16.400879701556192,0.3697886795782415
FVG + EMA200 trend + MACD cross on the retest,H1,stock,5656,0.02164041622266511,1.471479631156404,0.4481966053748232
Pullback to SMA50 + rejection candle,H1,ALL,80465,-0.23163683904223797,-38.570275590304576,0.3347666687379606
Pullback to SMA50 + rejection candle,H1,stock,5242,0.001871004773692332,0.0997675957760568,0.37886302937809996
Pullback to SMA50 + RSI crosses 50,H1,ALL,64739,-0.17972134832544265,-27.897453950498473,0.33919275861536324
Pullback to SMA50 + RSI crosses 50,H1,stock,4312,0.0430467234651378,2.176012434662675,0.4109461966604824
Broken resistance retest + RSI crosses 50,H1,ALL,68678,-0.174148709683745,-26.747420219370817,0.3418998806022307
Broken resistance retest + RSI crosses 50,H1,stock,5234,-0.005855856357751941,-0.3284905840746884,0.39491784486052733
Williams VIX Fix + Stochastic cross,H1,ALL,353680,-0.22011654089566265,-78.96598964842026,0.33189323682424793
Williams VIX Fix + Stochastic cross,H1,stock,30730,-0.031161061049176254,-3.509648338672828,0.36049463065408394
"Equal lows above a demand zone, limit at zone top",H1,ALL,5166,-0.17548744282312043,-7.231109776007512,0.34881920247773907
"Equal lows above a demand zone, limit at zone top",H1,stock,186,-0.1092496600843245,-1.0533709167534078,0.3225806451612903
SMA20/50 cross (every signal),H1,ALL,76826,-0.12915461139357892,-23.263843518823446,0.377814802280478
SMA20/50 cross (every signal),H1,stock,6373,0.006570969556004214,0.4747454617899798,0.4376274909775616
"SMA20/50 cross, only after two winning crosses",H1,ALL,4167,-0.11788925960412623,-5.7126678560244075,0.3813294936405088
"SMA20/50 cross, only after two winning crosses",H1,stock,399,0.04810389925922409,0.8590434829085335,0.44862155388471175
"SB second breakout (small double bottom, buy stop over H1)",H1,ALL,24803,-0.12317353202085243,-13.440058940317504,0.348949723823731
"SB second breakout (small double bottom, buy stop over H1)",H1,stock,2006,0.034094349726009,1.2099570678011495,0.4127617148554337
Sweep of an obvious low + inversion FVG close,H1,ALL,140834,-0.2997091436025074,-58.26728011461064,0.3253191700867688
Sweep of an obvious low + inversion FVG close,H1,stock,13238,-0.03800231293638211,-3.1558259135982762,0.36319685753134917
"Trendline touch + Stochastic(5,3,3) cross from oversold",H1,ALL,45109,-0.25762128708138693,-31.64931917493512,0.33332594382495734
"Trendline touch + Stochastic(5,3,3) cross from oversold",H1,stock,3122,-0.03841879342943382,-1.4764148647406123,0.3526585522101217
"Z1 fresh demand zone, blind limit at proximal, 2R",H1,ALL,20426,-0.47871657022434433,-28.240598984144654,0.32204053657103693
"Z1 fresh demand zone, blind limit at proximal, 2R",H1,stock,2193,-0.12517980661802078,-4.148782949298788,0.3237574099407205
"Z2 fresh demand zone + inside bar breakout, 2R",H1,ALL,1624,-0.31473726215160147,-6.345308205709086,0.33435960591133007
"Z2 fresh demand zone + inside bar breakout, 2R",H1,stock,181,-0.061898562460314506,-0.6014740785373487,0.3370165745856354
"Z3 fresh demand zone + strict engulfing, 2R",H1,ALL,1807,-0.34151526071712596,-4.656915549012892,0.3381294964028777
"Z3 fresh demand zone + strict engulfing, 2R",H1,stock,225,-0.03686842868725459,-0.3924398943047137,0.3511111111111111
#35 breaker + break-even at 1R,H1,ALL,124472,-0.21375222152474482,-37.48070763130446,0.2524262484735523
#35 breaker + break-even at 1R,H1,stock,15092,-0.026365667984269852,-2.5463259406720886,0.276636628677445
#33 gap retest + break-even at 1R,H1,ALL,31876,-0.25504495011298584,-1.5233307051335636,0.18662943907642113
#33 gap retest + break-even at 1R,H1,stock,4509,0.009672819869437875,0.39576323590585655,0.21645597693501886
"Z0 baseline: any bullish close above the prior high as a zone, blind limit, 2R",H1,ALL,454509,-0.29995676077346645,-111.23993946379697,0.3316259964049117
"Z0 baseline: any bullish close above the prior high as a zone, blind limit, 2R",H1,stock,48731,-0.08840061681886219,-13.707402872043119,0.3353512138064066
Z1 + discount location (lower 40% of the 500-bar range),H1,ALL,8509,-0.4610694646459361,-18.25868496480232,0.3216594194382419
Z1 + discount location (lower 40% of the 500-bar range),H1,stock,959,-0.14563162856355574,-3.182330284969845,0.3180396246089677
Z4 action matrix: Z1 + uptrend (SMA200 rising),H1,ALL,11024,-0.49434931812377403,-20.544419756247112,0.3225689404934688
Z4 action matrix: Z1 + uptrend (SMA200 rising),H1,stock,1150,-0.11901354331037273,-2.873344987656893,0.32521739130434785
Z4 action matrix: Z1 + uptrend + discount,H1,ALL,1623,-0.5259512104851481,-7.060112490306522,0.32224276032039434
Z4 action matrix: Z1 + uptrend + discount,H1,stock,175,-0.17644638878958566,-1.6741034338122789,0.3028571428571429
"#33 gap retest after BOS, pullback target",H4,ALL,10884,0.12225680773126599,4.6304579224997715,0.34132671811833887
"#33 gap retest after BOS, pullback target",H4,stock,1621,0.050206016101139006,1.2415519743132326,0.40160394818013573
#35 breaker block retest 2R,H4,ALL,37992,-0.13540210505758452,-17.37652121068558,0.3497315224257738
#35 breaker block retest 2R,H4,stock,4958,-0.012282620868245504,-0.6486625111082197,0.381605486083098
HA flip alone (3+ red then green no lower wick),H4,ALL,25395,-0.06101804644762032,-7.810365156651977,0.40578854105138806
HA flip alone (3+ red then green no lower wick),H4,stock,4214,-0.009940998162507925,-0.6650799210989591,0.4584717607973422
"HA at support (rejected level, HA turns green)",H4,ALL,50229,-0.05843140207356703,-11.69145079804465,0.4185629815445261
"HA at support (rejected level, HA turns green)",H4,stock,3997,0.014866652471267752,1.0575969657530309,0.4798598949211909
"FVG inversion (bearish gap broken up, retest)",H4,ALL,153924,-0.32173615588434207,-54.795765249504775,0.3371209168160911
"FVG inversion (bearish gap broken up, retest)",H4,stock,21262,-0.0860705201703141,-8.618886761174817,0.3619132725049384
FVG nearest the 61.8% retracement,H4,ALL,16363,-0.21775483860346584,-16.647865754047512,0.3474301778402493
FVG nearest the 61.8% retracement,H4,stock,1924,-0.026338529525704202,-0.8468650055282149,0.3887733887733888
FVG + EMA200 trend + MACD cross on the retest,H4,ALL,13486,-0.052619144576814145,-5.589117097157054,0.42614563250778587
FVG + EMA200 trend + MACD cross on the retest,H4,stock,1909,0.029023835578277004,1.5601712753790926,0.48349921424829756
Pullback to SMA50 + rejection candle,H4,ALL,21288,-0.14104819480376443,-14.284861549533737,0.36269259676813226
Pullback to SMA50 + rejection candle,H4,stock,1415,-0.0042651498018082745,-0.12100048348801777,0.42897526501766786
Pullback to SMA50 + RSI crosses 50,H4,ALL,17209,-0.08376962839554865,-8.06521889747506,0.38752978092858387
Pullback to SMA50 + RSI crosses 50,H4,stock,1270,0.04574189953019936,1.5982184108592836,0.46692913385826773
Broken resistance retest + RSI crosses 50,H4,ALL,18994,-0.11687772891927158,-12.198533189458006,0.3757502369169211
Broken resistance retest + RSI crosses 50,H4,stock,1491,-0.00968754458821914,-0.3450599004063644,0.42857142857142855
Williams VIX Fix + Stochastic cross,H4,ALL,93355,-0.14847365550902275,-30.55346241735754,0.3535322157356328
Williams VIX Fix + Stochastic cross,H4,stock,8782,0.00552320448456411,0.4069438180793991,0.40810749259849693
"Equal lows above a demand zone, limit at zone top",H4,ALL,888,-0.2316323163854126,-4.170987046020857,0.3367117117117117
"Equal lows above a demand zone, limit at zone top",H4,stock,33,-0.0612877874889157,-0.26187534807014146,0.36363636363636365
SMA20/50 cross (every signal),H4,ALL,20390,-0.06910556430901132,-8.194295257858379,0.42805296714075525
SMA20/50 cross (every signal),H4,stock,1823,0.04916189763319765,2.4219057059773195,0.492046077893582
"SMA20/50 cross, only after two winning crosses",H4,ALL,1175,-0.04662664886068632,-1.450784892888743,0.4323404255319149
"SMA20/50 cross, only after two winning crosses",H4,stock,109,0.054052470764572466,0.6351851492369549,0.5045871559633027
"SB second breakout (small double bottom, buy stop over H1)",H4,ALL,6347,-0.035062886111022866,-2.3420749957979883,0.40712147471246257
"SB second breakout (small double bottom, buy stop over H1)",H4,stock,498,-0.029541157578523963,-0.758352275739197,0.46184738955823296
Sweep of an obvious low + inversion FVG close,H4,ALL,42773,-0.1752401444868065,-21.418447511146063,0.35337713043274965
Sweep of an obvious low + inversion FVG close,H4,stock,4621,-0.05869591206030677,-2.557594012935696,0.40207747240856956
"Trendline touch + Stochastic(5,3,3) cross from oversold",H4,ALL,12906,-0.15690282561570554,-11.90130698962382,0.3474353014101968
"Trendline touch + Stochastic(5,3,3) cross from oversold",H4,stock,915,0.042855482867567754,0.9985126109152928,0.41857923497267757
"Z1 fresh demand zone, blind limit at proximal, 2R",H4,ALL,13407,-0.2337363427215921,-16.09952123017963,0.33616767360334154
"Z1 fresh demand zone, blind limit at proximal, 2R",H4,stock,1769,-0.06987972415503538,-2.102163443805687,0.34087054833239117
"Z2 fresh demand zone + inside bar breakout, 2R",H4,ALL,1501,-0.2678904329394167,-6.491078004184809,0.3284477015323118
"Z2 fresh demand zone + inside bar breakout, 2R",H4,stock,235,0.04638661571401865,0.542621847000971,0.4085106382978723
"Z3 fresh demand zone + strict engulfing, 2R",H4,ALL,1310,-0.1315880432838702,-3.0877876039055305,0.3618320610687023
"Z3 fresh demand zone + strict engulfing, 2R",H4,stock,153,0.012475514297489247,0.11841852507370426,0.40522875816993464
#35 breaker + break-even at 1R,H4,ALL,37992,-0.13089434816779683,-18.53804902106995,0.2675300063171194
#35 breaker + break-even at 1R,H4,stock,4958,0.01657907874674458,0.9519141182480058,0.32129891085114964
#33 gap retest + break-even at 1R,H4,ALL,10884,0.05378588266569525,2.434080313271319,0.25211319367879453
#33 gap retest + break-even at 1R,H4,stock,1621,0.06615562325200286,1.7506907770505484,0.34855027760641577
"Z0 baseline: any bullish close above the prior high as a zone, blind limit, 2R",H4,ALL,157808,-0.1879873199022657,-46.50854324270107,0.340990317347663
"Z0 baseline: any bullish close above the prior high as a zone, blind limit, 2R",H4,stock,18300,-0.04777986492920653,-4.661090422448915,0.35185792349726774
Z1 + discount location (lower 40% of the 500-bar range),H4,ALL,5525,-0.19036369291028826,-8.52594745999801,0.34841628959276016
Z1 + discount location (lower 40% of the 500-bar range),H4,stock,793,-0.04953190365108611,-0.9955957506692514,0.3505674653215637
Z4 action matrix: Z1 + uptrend (SMA200 rising),H4,ALL,7099,-0.2525228966413986,-12.73184065860923,0.33145513452598957
Z4 action matrix: Z1 + uptrend (SMA200 rising),H4,stock,828,-0.10765796878649561,-2.2388412433757785,0.32971014492753625
Z4 action matrix: Z1 + uptrend + discount,H4,ALL,1029,-0.1928315882790975,-3.235338193433902,0.37123420796890183
Z4 action matrix: Z1 + uptrend + discount,H4,stock,129,-0.1253518653932468,-1.0384580385792619,0.3333333333333333
"#33 gap retest after BOS, pullback target",D1,ALL,2494,0.15293421135192517,2.4421547993851482,0.3027265437048917
"#33 gap retest after BOS, pullback target",D1,stock,823,0.0015318794051504367,0.019404881438438486,0.27946537059538273
#35 breaker block retest 2R,D1,ALL,7910,-0.03823334795889985,-2.333562562203596,0.3484197218710493
#35 breaker block retest 2R,D1,stock,2475,-0.011985375659935403,-0.39162667361271436,0.3478787878787879
HA flip alone (3+ red then green no lower wick),D1,ALL,5756,-0.016445322747858756,-0.9878572308310375,0.3938498957609451
HA flip alone (3+ red then green no lower wick),D1,stock,2219,-0.04525782220794199,-1.7062885623724529,0.3749436683190626
"HA at support (rejected level, HA turns green)",D1,ALL,8431,-1.740937559136932e-05,-0.001368797893870178,0.42450480370062865
"HA at support (rejected level, HA turns green)",D1,stock,1967,0.036907621149999244,1.332545860997542,0.4173868835790544
"FVG inversion (bearish gap broken up, retest)",D1,ALL,32779,-0.19363093058918593,-18.618792815861884,0.33808230879526524
"FVG inversion (bearish gap broken up, retest)",D1,stock,10245,-0.07020261700271019,-3.597512987352,0.3446559297218155
FVG nearest the 61.8% retracement,D1,ALL,3644,-0.13371016023617696,-5.345615635167461,0.3397365532381998
FVG nearest the 61.8% retracement,D1,stock,1009,-0.09584248895970117,-2.225994898703058,0.3330029732408325
FVG + EMA200 trend + MACD cross on the retest,D1,ALL,2615,-0.07704653634478732,-3.55629917479406,0.4011472275334608
FVG + EMA200 trend + MACD cross on the retest,D1,stock,883,0.0642601645787353,1.6514156513114753,0.44960362400906
Pullback to SMA50 + rejection candle,D1,ALL,3612,-0.08168579114148247,-3.601065363473255,0.3646179401993355
Pullback to SMA50 + rejection candle,D1,stock,659,0.047511073260402735,0.8523579820812188,0.3990895295902883
Pullback to SMA50 + RSI crosses 50,D1,ALL,3421,-0.0462570145390808,-2.0530715535790227,0.3726980415083309
Pullback to SMA50 + RSI crosses 50,D1,stock,685,0.04989187055450939,0.9793433980686149,0.39124087591240875
Broken resistance retest + RSI crosses 50,D1,ALL,3834,-0.06365189689829029,-3.049658146976415,0.37741262389149716
Broken resistance retest + RSI crosses 50,D1,stock,792,0.012561014494176653,0.27035726745808397,0.38636363636363635
Williams VIX Fix + Stochastic cross,D1,ALL,18720,-0.09917202907015915,-9.646653545222707,0.347275641025641
Williams VIX Fix + Stochastic cross,D1,stock,4386,-0.004122151287185088,-0.19580156331056367,0.36069311445508434
SMA20/50 cross (every signal),D1,ALL,3973,-0.022340539554314656,-1.275632466568064,0.43468411779511706
SMA20/50 cross (every signal),D1,stock,907,0.015063976156825658,0.41847871526302666,0.4476295479603087
"SMA20/50 cross, only after two winning crosses",D1,ALL,239,0.02107961225677983,0.2926620870781674,0.4602510460251046
"SMA20/50 cross, only after two winning crosses",D1,stock,39,-0.05834373120122995,-0.36053931533672645,0.46153846153846156
"SB second breakout (small double bottom, buy stop over H1)",D1,ALL,1435,-0.007231473896282527,-0.2244612125261485,0.397212543554007
"SB second breakout (small double bottom, buy stop over H1)",D1,stock,298,0.015969487850948066,0.21988054795365702,0.3859060402684564
Sweep of an obvious low + inversion FVG close,D1,ALL,8101,-0.12773587666561723,-7.711357897113458,0.34896926305394393
Sweep of an obvious low + inversion FVG close,D1,stock,2163,0.018701838077658677,0.6237762667250502,0.36939435968562184
"Trendline touch + Stochastic(5,3,3) cross from oversold",D1,ALL,2477,-0.1447854873819548,-5.307207147050345,0.32821962050867987
"Trendline touch + Stochastic(5,3,3) cross from oversold",D1,stock,464,-0.19893035278976734,-3.249867167746477,0.28663793103448276
"Z1 fresh demand zone, blind limit at proximal, 2R",D1,ALL,1050,-0.2245972654933021,-4.265551101965477,0.3142857142857143
"Z1 fresh demand zone, blind limit at proximal, 2R",D1,stock,203,-0.27180536274839506,-2.901081952475895,0.2660098522167488
"Z3 fresh demand zone + strict engulfing, 2R",D1,ALL,108,0.05870920640450937,0.4153466380448416,0.3888888888888889
"Z3 fresh demand zone + strict engulfing, 2R",D1,stock,17,0.16992981293622186,0.47687082497890154,0.4117647058823529
#35 breaker + break-even at 1R,D1,ALL,7910,-0.04318773730173569,-2.99016941843043,0.2592920353982301
#35 breaker + break-even at 1R,D1,stock,2475,0.0048017342167911165,0.17324400656606692,0.27636363636363637
#33 gap retest + break-even at 1R,D1,ALL,2494,0.09541605755483197,1.8650499460209542,0.2032878909382518
#33 gap retest + break-even at 1R,D1,stock,823,0.029600879201551085,0.416225564891677,0.18833535844471447
"Z0 baseline: any bullish close above the prior high as a zone, blind limit, 2R",D1,ALL,36154,-0.06433895869679812,-8.369543213251887,0.3407921668418432
"Z0 baseline: any bullish close above the prior high as a zone, blind limit, 2R",D1,stock,9911,-0.02052742420592263,-1.43495706931444,0.34123700938351326
Z1 + discount location (lower 40% of the 500-bar range),D1,ALL,449,-0.1948878993435798,-2.2358878763501027,0.33184855233853006
Z1 + discount location (lower 40% of the 500-bar range),D1,stock,94,-0.25429622163163856,-1.7934480686757552,0.2765957446808511
Z4 action matrix: Z1 + uptrend (SMA200 rising),D1,ALL,472,-0.2840225377072722,-4.189863252724394,0.2838983050847458
Z4 action matrix: Z1 + uptrend (SMA200 rising),D1,stock,91,-0.3587999186673007,-2.6671637415712817,0.24175824175824176
Z4 action matrix: Z1 + uptrend + discount,D1,ALL,80,-0.2543932542204857,-1.6144310279339857,0.3
Z4 action matrix: Z1 + uptrend + discount,D1,stock,16,-0.4026028588414192,-1.171910591703576,0.25
"#33 gap retest after BOS, pullback target",ALL,crypto,30148,-0.8101463084539542,-3.213854100982681,0.2673145813984344
"#33 gap retest after BOS, pullback target",M5,crypto,12866,-0.890315516514124,-20.1946737452741,0.26123115187315404
#35 breaker block retest 2R,ALL,crypto,231029,-1.2154219818762932,-101.65718313393536,0.3084201550454705
#35 breaker block retest 2R,M5,crypto,151427,-1.3427359929753508,-104.27519878907134,0.3058041168351747
HA flip alone (3+ red then green no lower wick),ALL,crypto,221855,-1.0008989756182134,-124.4613875179431,0.3147280881656938
HA flip alone (3+ red then green no lower wick),M5,crypto,145250,-1.1474842584301288,-105.1155261722393,0.3099896729776248
"HA at support (rejected level, HA turns green)",ALL,crypto,353117,-0.6982344855336544,-143.11933150152367,0.31581600432717766
"HA at support (rejected level, HA turns green)",M5,crypto,212067,-0.8276999432599802,-128.63808272928495,0.3094446566415331
"FVG inversion (bearish gap broken up, retest)",ALL,crypto,1127408,-1.6818402534547845,-207.32246470789025,0.2971444233143636
"FVG inversion (bearish gap broken up, retest)",M5,crypto,749333,-1.7593952474187624,-175.42060457465044,0.29314336883601816
FVG nearest the 61.8% retracement,ALL,crypto,119254,-1.2466480596704554,-82.52864557699571,0.3071175809616449
FVG nearest the 61.8% retracement,M5,crypto,75247,-1.3066023242035831,-78.61998575526887,0.30476962536712426
FVG + EMA200 trend + MACD cross on the retest,ALL,crypto,92601,-0.8504222005152385,-75.98212780127821,0.3208172697919029
FVG + EMA200 trend + MACD cross on the retest,M5,crypto,60973,-1.004403797780368,-66.14136455113899,0.31271218408147866
Pullback to SMA50 + rejection candle,ALL,crypto,170923,-1.2689035940174775,-117.94228137151286,0.3062080585994863
Pullback to SMA50 + rejection candle,M5,crypto,105202,-1.447743248266822,-97.13550395204038,0.3010399041843311
Pullback to SMA50 + RSI crosses 50,ALL,crypto,139552,-1.0188911434550796,-103.55554868201115,0.3153233203393717
Pullback to SMA50 + RSI crosses 50,M5,crypto,86661,-1.160411109273179,-86.65653735921235,0.3104741463864945
Broken resistance retest + RSI crosses 50,ALL,crypto,135584,-0.8847380150319185,-103.10036754563886,0.3166229053575643
Broken resistance retest + RSI crosses 50,M5,crypto,81610,-1.0012647731416846,-86.10443491296829,0.3138463423600049
Williams VIX Fix + Stochastic cross,ALL,crypto,644649,-1.1216126237858932,-215.11549936017087,0.31615033917682334
Williams VIX Fix + Stochastic cross,M5,crypto,407996,-1.2990846874419657,-179.578395995862,0.3139736664084942
"Equal lows above a demand zone, limit at zone top",ALL,crypto,10438,-0.9574132419821693,-27.148951944517986,0.3289902280130293
"Equal lows above a demand zone, limit at zone top",M5,crypto,5910,-1.0295940200955995,-21.981728520682413,0.3269035532994924
SMA20/50 cross (every signal),ALL,crypto,158290,-0.8853832938753177,-89.35626605080756,0.3283846105249858
SMA20/50 cross (every signal),M5,crypto,99328,-1.0459195360273985,-79.03500425966345,0.32040310889175255
"SMA20/50 cross, only after two winning crosses",ALL,crypto,5800,-0.7775060240101824,-15.826431453199369,0.33206896551724135
"SMA20/50 cross, only after two winning crosses",M5,crypto,3013,-1.0499898096014257,-12.153436809529437,0.32027879190175906
"SB second breakout (small double bottom, buy stop over H1)",ALL,crypto,44555,-0.7800034886301422,-54.57130235612641,0.3225451688923802
"SB second breakout (small double bottom, buy stop over H1)",M5,crypto,27676,-0.9163406261931538,-45.700882741974226,0.3190128631305102
Sweep of an obvious low + inversion FVG close,ALL,crypto,274196,-1.1323096540569422,-95.84168510703948,0.3134728442428044
Sweep of an obvious low + inversion FVG close,M5,crypto,176798,-1.2065002114826013,-74.31395358656695,0.3115306734239075
"Trendline touch + Stochastic(5,3,3) cross from oversold",ALL,crypto,93999,-1.0959778078753697,-85.73725992724412,0.3198331897147842
"Trendline touch + Stochastic(5,3,3) cross from oversold",M5,crypto,58880,-1.2243297390214178,-70.4952149307026,0.3133661684782609
"Z1 fresh demand zone, blind limit at proximal, 2R",ALL,crypto,31657,-1.9929035028088489,-54.902765373013466,0.3015130934706384
"Z1 fresh demand zone, blind limit at proximal, 2R",M5,crypto,16159,-2.2471603216566427,-40.949879639304,0.2969861996410669
"Z2 fresh demand zone + inside bar breakout, 2R",ALL,crypto,3393,-1.7226669777110888,-14.78836123350905,0.3156498673740053
"Z2 fresh demand zone + inside bar breakout, 2R",M5,crypto,1780,-2.2304534546777166,-11.96937593296869,0.30168539325842697
"Z3 fresh demand zone + strict engulfing, 2R",ALL,crypto,3076,-1.3646145728112455,-14.55212153377812,0.3156697009102731
"Z3 fresh demand zone + strict engulfing, 2R",M5,crypto,1586,-1.7717361478625313,-11.568387788732661,0.30012610340479196
#35 breaker + break-even at 1R,ALL,crypto,231029,-1.2188978618380504,-102.69670885315293,0.23445108622727018
#35 breaker + break-even at 1R,M5,crypto,151427,-1.3478238918970928,-105.69891846995132,0.23330713809294248
#33 gap retest + break-even at 1R,ALL,crypto,30148,-0.9374238443056804,-3.7241547920950877,0.18601565609659015
#33 gap retest + break-even at 1R,M5,crypto,12866,-0.9650529351725826,-22.87671644595465,0.1823410539406187
"Z0 baseline: any bullish close above the prior high as a zone, blind limit, 2R",ALL,crypto,470615,-1.2985135883705186,-192.57658302744352,0.3139530189220488
"Z0 baseline: any bullish close above the prior high as a zone, blind limit, 2R",M5,crypto,232770,-1.5006994796038664,-143.9827844675302,0.3076728100700262
Z1 + discount location (lower 40% of the 500-bar range),ALL,crypto,12376,-1.9190971266358687,-34.290756702432674,0.30462184873949577
Z1 + discount location (lower 40% of the 500-bar range),M5,crypto,6326,-2.221745458413323,-25.599693176263187,0.29687006006955424
Z4 action matrix: Z1 + uptrend (SMA200 rising),ALL,crypto,19187,-2.0109740878818316,-42.83151806119053,0.30088080471152345
Z4 action matrix: Z1 + uptrend (SMA200 rising),M5,crypto,10256,-2.2039774686739473,-32.93682708224078,0.2955343213728549
Z4 action matrix: Z1 + uptrend + discount,ALL,crypto,3516,-2.0267262291765813,-17.931658247258678,0.3054607508532423
Z4 action matrix: Z1 + uptrend + discount,M5,crypto,2065,-2.1404674513150486,-14.685854651761963,0.2876513317191283
"#33 gap retest after BOS, pullback target",M15,crypto,8091,-0.6689547552999849,-8.393564191443211,0.26152515140279325
#35 breaker block retest 2R,M15,crypto,44477,-1.1134020583851842,-27.31971885546246,0.3124311441868831
HA flip alone (3+ red then green no lower wick),M15,crypto,44036,-0.8443543449475324,-56.0612741228861,0.31558270505949676
"HA at support (rejected level, HA turns green)",M15,crypto,75498,-0.6075910174972643,-49.753058881066146,0.3164587141381229
"FVG inversion (bearish gap broken up, retest)",M15,crypto,215734,-1.6514249800722955,-74.62067719110566,0.3010559299878554
FVG nearest the 61.8% retracement,M15,crypto,24643,-1.2344320131808284,-44.41032641842698,0.3090938603254474
FVG + EMA200 trend + MACD cross on the retest,M15,crypto,17788,-0.6670007246753205,-31.075670871090797,0.330953451765235
Pullback to SMA50 + rejection candle,M15,crypto,36158,-1.124422972251927,-51.725403740451796,0.31437026384202665
Pullback to SMA50 + RSI crosses 50,M15,crypto,29975,-0.8812491685680477,-45.09916797012901,0.3250708924103419
Broken resistance retest + RSI crosses 50,M15,crypto,29934,-0.798838894383215,-45.9475061473251,0.3194360927373555
Williams VIX Fix + Stochastic cross,M15,crypto,131252,-0.9491934129024978,-94.33743823181048,0.3184484807850547
"Equal lows above a demand zone, limit at zone top",M15,crypto,2522,-0.9982586098062339,-13.166652462138131,0.3251387787470262
SMA20/50 cross (every signal),M15,crypto,32816,-0.7496386419593197,-33.09555549852099,0.32770599707459774
"SMA20/50 cross, only after two winning crosses",M15,crypto,1372,-0.6208513483762166,-9.605999563884216,0.3360058309037901
"SB second breakout (small double bottom, buy stop over H1)",M15,crypto,9438,-0.6624317713650518,-25.024366110938022,0.32305573214664124
Sweep of an obvious low + inversion FVG close,M15,crypto,54623,-1.116767776697949,-45.63029589218383,0.3136773886458085
"Trendline touch + Stochastic(5,3,3) cross from oversold",M15,crypto,19469,-1.022960182252034,-39.51292714785518,0.3197904360778674
"Z1 fresh demand zone, blind limit at proximal, 2R",M15,crypto,7023,-1.9920424425479322,-25.47314870794452,0.3051402534529403
"Z2 fresh demand zone + inside bar breakout, 2R",M15,crypto,723,-1.5399353217622098,-6.4800452223698235,0.3278008298755187
"Z3 fresh demand zone + strict engulfing, 2R",M15,crypto,636,-1.1102792036502898,-6.318016151282725,0.3443396226415094
#35 breaker + break-even at 1R,M15,crypto,44477,-1.1149177116950342,-27.444192787834773,0.2365042606290892
#33 gap retest + break-even at 1R,M15,crypto,8091,-0.7131778068073416,-9.136832767625858,0.18304288715857125
"Z0 baseline: any bullish close above the prior high as a zone, blind limit, 2R",M15,crypto,113097,-1.2625780512064466,-93.02846226773978,0.31560518846653757
Z1 + discount location (lower 40% of the 500-bar range),M15,crypto,2727,-1.8995479194786868,-16.930117929830555,0.3047304730473047
Z4 action matrix: Z1 + uptrend (SMA200 rising),M15,crypto,4140,-2.0418207165915607,-18.667135299217495,0.3113526570048309
Z4 action matrix: Z1 + uptrend + discount,M15,crypto,687,-2.0022196936213685,-7.2184533132191495,0.33478893740902477
"#33 gap retest after BOS, pullback target",M30,crypto,5051,-1.1910549786706663,-1.1268445558491464,0.2615323698277569
#35 breaker block retest 2R,M30,crypto,21089,-0.8892302443771176,-37.08537507809461,0.3099246052444402
HA flip alone (3+ red then green no lower wick),M30,crypto,20455,-0.6554671985794362,-33.23591468818558,0.32456612075287217
"HA at support (rejected level, HA turns green)",M30,crypto,39142,-0.45366683881521797,-43.038058878557464,0.326963364161259
"FVG inversion (bearish gap broken up, retest)",M30,crypto,99788,-1.4798206582079914,-90.17747678402611,0.30629935463181945
FVG nearest the 61.8% retracement,M30,crypto,11885,-1.08958034097801,-27.487202504116286,0.31619688683214137
FVG + EMA200 trend + MACD cross on the retest,M30,crypto,8509,-0.48645218102721266,-19.177199248993265,0.3328240686332119
Pullback to SMA50 + rejection candle,M30,crypto,17924,-0.9374435989790418,-37.17794440701956,0.30623744699843786
Pullback to SMA50 + RSI crosses 50,M30,crypto,14227,-0.7680041233633562,-30.52594601340915,0.3127152597174387
Broken resistance retest + RSI crosses 50,M30,crypto,14827,-0.6655562897611428,-30.623432949268256,0.3206312807715654
Williams VIX Fix + Stochastic cross,M30,crypto,63863,-0.7419391049482428,-64.52590110468462,0.3187448131155755
"Equal lows above a demand zone, limit at zone top",M30,crypto,1260,-0.7294401941436623,-7.399177052094464,0.346031746031746
SMA20/50 cross (every signal),M30,crypto,15691,-0.5050804079251271,-24.467231976655476,0.35440698489580014
"SMA20/50 cross, only after two winning crosses",M30,crypto,833,-0.43116946189942695,-5.9986028004465775,0.34213685474189676
"SB second breakout (small double bottom, buy stop over H1)",M30,crypto,4455,-0.49191653922661555,-14.090214297635425,0.3349046015712682
Sweep of an obvious low + inversion FVG close,M30,crypto,26034,-0.9320470608570409,-43.38063219388494,0.31908273795805486
"Trendline touch + Stochastic(5,3,3) cross from oversold",M30,crypto,9475,-0.8137705410150492,-24.350780740128553,0.33730870712401056
"Z1 fresh demand zone, blind limit at proximal, 2R",M30,crypto,4441,-1.6989267458432504,-19.9686496412415,0.306912857464535
"Z2 fresh demand zone + inside bar breakout, 2R",M30,crypto,466,-0.9166858183867558,-4.058597007135061,0.3240343347639485
"Z3 fresh demand zone + strict engulfing, 2R",M30,crypto,420,-0.9130004721028464,-4.296830895656763,0.31666666666666665
#35 breaker + break-even at 1R,M30,crypto,21089,-0.8897708211499831,-37.85270024379601,0.2339134145763194
#33 gap retest + break-even at 1R,M30,crypto,5051,-1.320856427010061,-1.2508964634659883,0.18392397545040587
"Z0 baseline: any bullish close above the prior high as a zone, blind limit, 2R",M30,crypto,67827,-1.074686940647891,-68.31582503920593,0.32037389240273045
Z1 + discount location (lower 40% of the 500-bar range),M30,crypto,1703,-1.556692107086777,-11.733109353474187,0.31356429829712273
Z4 action matrix: Z1 + uptrend (SMA200 rising),M30,crypto,2534,-1.7500386129448744,-15.469046947079217,0.2995264404104183
Z4 action matrix: Z1 + uptrend + discount,M30,crypto,403,-1.9787641372716531,-5.902339396041183,0.3076923076923077
"#33 gap retest after BOS, pullback target",H1,crypto,3014,-1.2593929527825525,-0.7116383436202446,0.285335102853351
#35 breaker block retest 2R,H1,crypto,10661,-0.7182039863736328,-15.001242867257144,0.32276521902260574
HA flip alone (3+ red then green no lower wick),H1,crypto,9384,-0.48220092019622135,-20.59002716273806,0.33535805626598464
"HA at support (rejected level, HA turns green)",H1,crypto,20388,-0.3326441243798101,-26.64681732252464,0.33784579164214246
"FVG inversion (bearish gap broken up, retest)",H1,crypto,48000,-1.2732726950958912,-54.53796278572892,0.3129375
FVG nearest the 61.8% retracement,H1,crypto,5701,-1.0344991108383292,-5.972176064769808,0.30538502017189967
FVG + EMA200 trend + MACD cross on the retest,H1,crypto,4034,-0.3094121118385336,-9.619729395889054,0.36142786316311354
Pullback to SMA50 + rejection candle,H1,crypto,9099,-0.6847179882370525,-22.154683987854515,0.32366194087262334
Pullback to SMA50 + RSI crosses 50,H1,crypto,6885,-0.5474791935056288,-16.038283434963983,0.3289760348583878
Broken resistance retest + RSI crosses 50,H1,crypto,7229,-0.5417646879949892,-14.770011925771527,0.3214829160326463
Williams VIX Fix + Stochastic cross,H1,crypto,32444,-0.5608975459469442,-37.58261830349855,0.3223092097152016
"Equal lows above a demand zone, limit at zone top",H1,crypto,610,-0.5602061225895266,-4.46159712585529,0.3475409836065574
SMA20/50 cross (every signal),H1,crypto,8101,-0.41481447867682886,-13.69167915366808,0.3566226391803481
"SMA20/50 cross, only after two winning crosses",H1,crypto,441,-0.27706738262354924,-3.5136444284875665,0.36054421768707484
"SB second breakout (small double bottom, buy stop over H1)",H1,crypto,2294,-0.36628902376126476,-9.2093261715067,0.32781168265039234
Sweep of an obvious low + inversion FVG close,H1,crypto,12942,-0.8034031990483351,-28.98048339887086,0.3184979137691238
"Trendline touch + Stochastic(5,3,3) cross from oversold",H1,crypto,4757,-0.6218222685784062,-15.73045250323373,0.35295354214841285
"Z1 fresh demand zone, blind limit at proximal, 2R",H1,crypto,2720,-1.4858435380368438,-14.894376385745005,0.3040441176470588
"Z2 fresh demand zone + inside bar breakout, 2R",H1,crypto,252,-0.7629010343244151,-3.3391149352780474,0.373015873015873
"Z3 fresh demand zone + strict engulfing, 2R",H1,crypto,262,-0.9605216928508901,-5.157830243903886,0.2900763358778626
#35 breaker + break-even at 1R,H1,crypto,10661,-0.7191826622206899,-15.170871278329365,0.24294156270518713
#33 gap retest + break-even at 1R,H1,crypto,3014,-1.5758369081531765,-0.8910767378462884,0.19110816191108163
"Z0 baseline: any bullish close above the prior high as a zone, blind limit, 2R",H1,crypto,40804,-0.9088130209591953,-50.123097761024866,0.3249681403783943
Z1 + discount location (lower 40% of the 500-bar range),H1,crypto,1068,-1.3430599153725507,-8.735526492311125,0.3192883895131086
Z4 action matrix: Z1 + uptrend (SMA200 rising),H1,crypto,1539,-1.5828049205766435,-11.431824905068293,0.30539311241065625
Z4 action matrix: Z1 + uptrend + discount,H1,crypto,233,-1.7794729872194994,-3.934676175358016,0.3261802575107296
"#33 gap retest after BOS, pullback target",H4,crypto,964,1.8359846767526955,7.786949293541159,0.3599585062240664
#35 breaker block retest 2R,H4,crypto,2948,-0.4931278747817302,-11.903313037682892,0.3130936227951153
HA flip alone (3+ red then green no lower wick),H4,crypto,2284,-0.19046523220437103,-5.789633882528357,0.38572679509632224
"HA at support (rejected level, HA turns green)",H4,crypto,5443,-0.12146687872789788,-7.112244388188148,0.38030497887194564
"FVG inversion (bearish gap broken up, retest)",H4,crypto,12692,-0.9266412082738774,-18.80493008858653,0.32981405609832964
FVG nearest the 61.8% retracement,H4,crypto,1528,-0.6520817543717323,-9.071794441158545,0.3174083769633508
FVG + EMA200 trend + MACD cross on the retest,H4,crypto,1150,-0.19838203213744512,-4.495128496229992,0.3660869565217391
Pullback to SMA50 + rejection candle,H4,crypto,2310,-0.37018190151984726,-8.515782745100482,0.34155844155844156
Pullback to SMA50 + RSI crosses 50,H4,crypto,1625,-0.29069854466989636,-5.997181266878782,0.36
Broken resistance retest + RSI crosses 50,H4,crypto,1764,-0.30815080045672266,-8.532657123479694,0.33276643990929705
Williams VIX Fix + Stochastic cross,H4,crypto,8081,-0.3281814083453623,-16.844882074198058,0.344016829600297
"Equal lows above a demand zone, limit at zone top",H4,crypto,129,-0.9638132486030344,-4.272029143120542,0.2558139534883721
SMA20/50 cross (every signal),H4,crypto,2113,-0.195819456885127,-5.53856034662243,0.3899668717463322
"SMA20/50 cross, only after two winning crosses",H4,crypto,120,-0.13482350294749873,-1.0517616130640908,0.38333333333333336
"SB second breakout (small double bottom, buy stop over H1)",H4,crypto,602,-0.16213587872752264,-3.217809685731372,0.36046511627906974
Sweep of an obvious low + inversion FVG close,H4,crypto,3393,-0.42487332145273116,-10.201711817527567,0.3445328617742411
"Trendline touch + Stochastic(5,3,3) cross from oversold",H4,crypto,1257,-0.22461340157861556,-4.306430180479024,0.37788385043754974
"Z1 fresh demand zone, blind limit at proximal, 2R",H4,crypto,1192,-0.9027035974213016,-10.061785532285095,0.3196308724832215
"Z2 fresh demand zone + inside bar breakout, 2R",H4,crypto,164,-0.8207199949680305,-3.8937299026174395,0.3048780487804878
"Z3 fresh demand zone + strict engulfing, 2R",H4,crypto,158,-0.35807434460030324,-2.091932005651103,0.3670886075949367
#35 breaker + break-even at 1R,H4,crypto,2948,-0.46988937780646456,-11.87656646063899,0.23236092265943012
#33 gap retest + break-even at 1R,H4,crypto,964,1.095581257451547,5.707150751131771,0.24481327800829875
"Z0 baseline: any bullish close above the prior high as a zone, blind limit, 2R",H4,crypto,13780,-0.6027480151692926,-25.67204269110223,0.3384615384615385
Z1 + discount location (lower 40% of the 500-bar range),H4,crypto,489,-0.7548790751539308,-5.688571175622813,0.34355828220858897
Z4 action matrix: Z1 + uptrend (SMA200 rising),H4,crypto,670,-0.9201440282583014,-7.908119862760237,0.31791044776119404
Z4 action matrix: Z1 + uptrend + discount,H4,crypto,115,-0.9905964959412813,-2.8534170134194703,0.4
"#33 gap retest after BOS, pullback target",D1,crypto,162,2.9935881598496143,3.9268971724365103,0.3333333333333333
#35 breaker block retest 2R,D1,crypto,427,-0.20367258680800077,-2.525826376973984,0.35362997658079626
HA flip alone (3+ red then green no lower wick),D1,crypto,446,0.3749143670975009,5.584052010918295,0.5246636771300448
"HA at support (rejected level, HA turns green)",D1,crypto,579,0.07219984768913972,1.411960931164884,0.43005181347150256
"FVG inversion (bearish gap broken up, retest)",D1,crypto,1861,-0.5009980981825205,-8.378784660658562,0.33369156367544334
FVG nearest the 61.8% retracement,D1,crypto,250,-0.3441272547412664,-2.269045946922387,0.364
FVG + EMA200 trend + MACD cross on the retest,D1,crypto,147,-0.192483896934459,-1.961550169450241,0.2925170068027211
Pullback to SMA50 + rejection candle,D1,crypto,230,-0.14925969486003338,-1.5327394296204007,0.3391304347826087
Pullback to SMA50 + RSI crosses 50,D1,crypto,179,-0.2362672481998052,-2.3726586038854443,0.30726256983240224
Broken resistance retest + RSI crosses 50,D1,crypto,220,-0.011178998716852882,-0.11775811439281623,0.40454545454545454
Williams VIX Fix + Stochastic cross,D1,crypto,1013,-0.20662916312959534,-4.784486158688143,0.3119447186574531
"Equal lows above a demand zone, limit at zone top",D1,ALL,68,-0.03657414227285806,-0.21067777338941296,0.36764705882352944
"Equal lows above a demand zone, limit at zone top",D1,crypto,7,-0.8311798061643328,-1.6697599695219736,0.14285714285714285
SMA20/50 cross (every signal),D1,crypto,241,0.17141513051811744,2.132907750708398,0.5269709543568465
"SMA20/50 cross, only after two winning crosses",D1,crypto,21,0.1629573759578523,0.6987309612981579,0.47619047619047616
"SB second breakout (small double bottom, buy stop over H1)",D1,crypto,90,-0.12244672771129343,-1.0579635135119552,0.35555555555555557
Sweep of an obvious low + inversion FVG close,D1,crypto,406,-0.15417409704291615,-2.00248820451724,0.3522167487684729
"Trendline touch + Stochastic(5,3,3) cross from oversold",D1,crypto,161,-0.4065073733015553,-4.292082349815743,0.22981366459627328
"Z1 fresh demand zone, blind limit at proximal, 2R",D1,crypto,122,-1.0239154662265153,-3.668110863154126,0.26229508196721313
"Z3 fresh demand zone + strict engulfing, 2R",D1,crypto,14,0.7320933086531503,1.5084959137605631,0.6428571428571429
#35 breaker + break-even at 1R,D1,crypto,427,-0.23141331681888988,-3.185813156636061,0.25526932084309134
#33 gap retest + break-even at 1R,D1,crypto,162,1.7920775462913343,2.956867558857097,0.24691358024691357
"Z0 baseline: any bullish close above the prior high as a zone, blind limit, 2R",D1,crypto,2337,-0.30231039226692763,-7.466604141155003,0.3363286264441592
Z1 + discount location (lower 40% of the 500-bar range),D1,crypto,63,-0.9737551931350951,-2.302038984482929,0.2857142857142857
Z4 action matrix: Z1 + uptrend (SMA200 rising),D1,crypto,48,-0.8416254557669163,-2.6192564275057864,0.22916666666666666
Z4 action matrix: Z1 + uptrend + discount,D1,crypto,13,-0.3385734558105469,-0.765633315427199,0.3076923076923077
"Equal lows above a demand zone, limit at zone top",D1,stock,10,-0.11545897722244262,-0.25084982754202656,0.3
"Z2 fresh demand zone + inside bar breakout, 2R",D1,ALL,86,-0.21935083630473115,-1.3975023491528844,0.3023255813953488
"Z2 fresh demand zone + inside bar breakout, 2R",D1,stock,10,-0.10989091396331788,-0.24066031756476922,0.3
"#33 gap retest after BOS, pullback target",ALL,fx,101261,-0.17625487681884555,-26.09466655746773,0.2718321960083349
"#33 gap retest after BOS, pullback target",M15,fx,49197,-0.22998227206800628,-21.145780820244852,0.26759761774091917
#35 breaker block retest 2R,ALL,fx,497910,-0.20867196236228736,-100.06171951730975,0.32845092486593963
#35 breaker block retest 2R,M15,fx,272672,-0.2517839804281056,-88.79272596622327,0.3238212944490083
HA flip alone (3+ red then green no lower wick),ALL,fx,377079,-0.1732894310654846,-74.20547910725462,0.32911140636312286
HA flip alone (3+ red then green no lower wick),M15,fx,210718,-0.2010605500399725,-63.739728535042765,0.3226017710874249
"HA at support (rejected level, HA turns green)",ALL,fx,740997,-0.11166571871101323,-69.21362467151036,0.3431943719070388
"HA at support (rejected level, HA turns green)",M15,fx,401317,-0.13446420178608248,-59.91927939313653,0.33317302780594893
"FVG inversion (bearish gap broken up, retest)",ALL,fx,2208941,-0.3874895380399007,-362.4100818100496,0.31884962070059814
"FVG inversion (bearish gap broken up, retest)",M15,fx,1228754,-0.42011624053857394,-296.4507676532505,0.31610314188193894
FVG nearest the 61.8% retracement,ALL,fx,229289,-0.28231032234656733,-84.8062623456226,0.33470859919141344
FVG nearest the 61.8% retracement,M15,fx,125492,-0.31552296792533535,-70.06583572409828,0.3315430465687056
FVG + EMA200 trend + MACD cross on the retest,ALL,fx,177714,-0.14381090394145069,-43.95503479674938,0.3332376740155531
FVG + EMA200 trend + MACD cross on the retest,M15,fx,98207,-0.1719079922069851,-38.140898046220606,0.32134165589010966
Pullback to SMA50 + rejection candle,ALL,fx,370575,-0.2126722692663915,-89.7702302337397,0.3254105106928422
Pullback to SMA50 + rejection candle,M15,fx,207775,-0.24029749324477329,-76.45298829477507,0.3223150042112862
Pullback to SMA50 + RSI crosses 50,ALL,fx,303978,-0.18215404322159442,-70.79554394876072,0.3272407871622288
Pullback to SMA50 + RSI crosses 50,M15,fx,172297,-0.21208368821101645,-61.80824475806905,0.32232134047603844
Broken resistance retest + RSI crosses 50,ALL,fx,302158,-0.17934882323669263,-69.08420964366134,0.3286293925694504
Broken resistance retest + RSI crosses 50,M15,fx,166759,-0.21425622335236122,-61.474005097831565,0.3214159355716933
Williams VIX Fix + Stochastic cross,ALL,fx,1508525,-0.20101678041433596,-171.29958082478808,0.3297618534661341
Williams VIX Fix + Stochastic cross,M15,fx,828892,-0.2254389106789319,-142.87986302233995,0.32797517650067803
"Equal lows above a demand zone, limit at zone top",ALL,fx,22758,-0.19932139397980245,-18.838715563202303,0.3427366200896388
"Equal lows above a demand zone, limit at zone top",M15,fx,12673,-0.23628171533748527,-15.939829024788287,0.3457744811804624
SMA20/50 cross (every signal),ALL,fx,329817,-0.12579872620285934,-52.17215091588311,0.3506489962615632
SMA20/50 cross (every signal),M15,fx,182127,-0.15219336761910554,-45.77872513935823,0.3370505196923026
"SMA20/50 cross, only after two winning crosses",ALL,fx,15341,-0.1263462867942173,-11.566629020757352,0.3512808812984812
"SMA20/50 cross, only after two winning crosses",M15,fx,7837,-0.173548623103941,-11.018061654239244,0.3304836034196759
"SB second breakout (small double bottom, buy stop over H1)",ALL,fx,117394,-0.14899772016698754,-36.406320605889306,0.3320016355179992
"SB second breakout (small double bottom, buy stop over H1)",M15,fx,66070,-0.17030242017582636,-30.882449792149888,0.3271984259119116
Sweep of an obvious low + inversion FVG close,ALL,fx,606168,-0.26753852565024766,-142.48711876060455,0.3205349012155046
Sweep of an obvious low + inversion FVG close,M15,fx,333758,-0.29502788452451756,-117.25537776098672,0.3185571581804781
"Trendline touch + Stochastic(5,3,3) cross from oversold",ALL,fx,198195,-0.23122796539706214,-69.76426583317382,0.32712227856404047
"Trendline touch + Stochastic(5,3,3) cross from oversold",M15,fx,108184,-0.2578504861391321,-57.427185292120356,0.32532537158914443
"Z1 fresh demand zone, blind limit at proximal, 2R",ALL,fx,58244,-0.30831237176567156,-49.50415952307314,0.329029599615411
"Z1 fresh demand zone, blind limit at proximal, 2R",M15,fx,26040,-0.3798199727908746,-40.351381296830695,0.3250768049155146
"Z2 fresh demand zone + inside bar breakout, 2R",ALL,fx,4765,-0.22675872714591486,-11.039532744929424,0.32444910807974814
"Z2 fresh demand zone + inside bar breakout, 2R",M15,fx,2063,-0.2585143636816402,-8.250618671939073,0.3247697527872031
"Z3 fresh demand zone + strict engulfing, 2R",ALL,fx,4937,-0.23711120630000432,-10.493385551605966,0.32246303423131456
"Z3 fresh demand zone + strict engulfing, 2R",M15,fx,2147,-0.3088285955576583,-10.092640296778047,0.30181648812296225
#35 breaker + break-even at 1R,ALL,fx,497910,-0.21112402683113185,-114.79950526263858,0.24698640316523066
#35 breaker + break-even at 1R,M15,fx,272672,-0.2523481398512742,-100.53365984070254,0.2450783358760709
#33 gap retest + break-even at 1R,ALL,fx,101261,-0.1838411939025439,-30.39259204747313,0.18811783411184957
#33 gap retest + break-even at 1R,M15,fx,49197,-0.23381522834957466,-23.40282922510617,0.18873102018415758
"Z0 baseline: any bullish close above the prior high as a zone, blind limit, 2R",ALL,fx,1507984,-0.23775389305919195,-200.74264745590375,0.33477875096818005
"Z0 baseline: any bullish close above the prior high as a zone, blind limit, 2R",M15,fx,716641,-0.27442823062931826,-158.94980080577437,0.3337333476594278
Z1 + discount location (lower 40% of the 500-bar range),ALL,fx,23489,-0.303640334686378,-31.832463032897984,0.33028225978117415
Z1 + discount location (lower 40% of the 500-bar range),M15,fx,10537,-0.3736696553899933,-26.011284584812554,0.3261839233178324
Z4 action matrix: Z1 + uptrend (SMA200 rising),ALL,fx,32400,-0.3076206346665923,-36.01697812969555,0.32969135802469135
Z4 action matrix: Z1 + uptrend (SMA200 rising),M15,fx,14717,-0.37864223910246814,-29.605661134936618,0.32581368485425016
Z4 action matrix: Z1 + uptrend + discount,ALL,fx,4666,-0.27670187058555584,-12.694021347291839,0.33883411915988
Z4 action matrix: Z1 + uptrend + discount,M15,fx,2190,-0.3579138959311459,-11.180782087813862,0.32968036529680367
"#33 gap retest after BOS, pullback target",M30,fx,28945,-0.14961171713931973,-12.895689935394584,0.2694765935394714
#35 breaker block retest 2R,M30,fx,133186,-0.18503248934945493,-46.13030409500685,0.3295616656405328
HA flip alone (3+ red then green no lower wick),M30,fx,102267,-0.16232697563252563,-36.19095718140695,0.3283463873976943
"HA at support (rejected level, HA turns green)",M30,fx,201942,-0.09565122833643763,-31.003508267423125,0.34260827366273483
"FVG inversion (bearish gap broken up, retest)",M30,fx,595417,-0.37829109019906615,-183.0625050710811,0.3188639222595257
FVG nearest the 61.8% retracement,M30,fx,62287,-0.2681454026143465,-41.34304972959466,0.3355595870727439
FVG + EMA200 trend + MACD cross on the retest,M30,fx,47275,-0.12453323454083777,-19.683500487207045,0.33400317292437864
Pullback to SMA50 + rejection candle,M30,fx,99644,-0.19886647383461012,-42.42332123719616,0.32390309501826503
Pullback to SMA50 + RSI crosses 50,M30,fx,80742,-0.16262151171898176,-32.62082213198649,0.3265338980951673
Broken resistance retest + RSI crosses 50,M30,fx,81355,-0.15518685962505596,-30.98005076392113,0.32953106754348227
Williams VIX Fix + Stochastic cross,M30,fx,408592,-0.18976878751003,-83.06653111206467,0.3292404158671731
"Equal lows above a demand zone, limit at zone top",M30,fx,6289,-0.18772705368630116,-9.723000487941903,0.33280330736206076
SMA20/50 cross (every signal),M30,fx,89429,-0.10278057305101318,-22.27260125149634,0.3559136298068859
"SMA20/50 cross, only after two winning crosses",M30,fx,4401,-0.08898875196790249,-4.359200838750899,0.3596909793228812
"SB second breakout (small double bottom, buy stop over H1)",M30,fx,31281,-0.14770198779252774,-18.605493574458734,0.3265880246795179
Sweep of an obvious low + inversion FVG close,M30,fx,163851,-0.25125136474022586,-69.64971938957163,0.3206815948636261
"Trendline touch + Stochastic(5,3,3) cross from oversold",M30,fx,53427,-0.21516496387141604,-34.716013788119646,0.3277556291762592
"Z1 fresh demand zone, blind limit at proximal, 2R",M30,fx,15145,-0.31109788077002526,-24.779935018236138,0.3290855067679102
"Z2 fresh demand zone + inside bar breakout, 2R",M30,fx,1225,-0.20946209034749438,-5.167398147792828,0.32653061224489793
"Z3 fresh demand zone + strict engulfing, 2R",M30,fx,1259,-0.2911730398253092,-5.8497115941166635,0.30818109610802225
#35 breaker + break-even at 1R,M30,fx,133186,-0.18824215261060892,-53.4359306858582,0.2469028276245251
#33 gap retest + break-even at 1R,M30,fx,28945,-0.1668220074157335,-16.604990218765746,0.18279495595094145
"Z0 baseline: any bullish close above the prior high as a zone, blind limit, 2R",M30,fx,434758,-0.23609978819758734,-106.97624397101244,0.33389149825880143
Z1 + discount location (lower 40% of the 500-bar range),M30,fx,6066,-0.3143336262751679,-16.850039406700876,0.32772832179360367
Z4 action matrix: Z1 + uptrend (SMA200 rising),M30,fx,8442,-0.3014718974557999,-17.155784639042594,0.332030324567638
Z4 action matrix: Z1 + uptrend + discount,M30,fx,1164,-0.272822570388567,-6.358251859646293,0.33762886597938147
"#33 gap retest after BOS, pullback target",H1,fx,16540,-0.10588030768918749,-7.605072146060771,0.26898428053204354
#35 breaker block retest 2R,H1,fx,68462,-0.1269104183053436,-22.850363470504746,0.3378516549326634
HA flip alone (3+ red then green no lower wick),H1,fx,49433,-0.11378384139466727,-17.79118474160084,0.33876155604555663
"HA at support (rejected level, HA turns green)",H1,fx,105294,-0.07762718563585451,-18.799288457159836,0.3577316846164074
"FVG inversion (bearish gap broken up, retest)",H1,fx,290488,-0.3213602348519268,-105.44205213364386,0.32443680978215966
FVG nearest the 61.8% retracement,H1,fx,30836,-0.22138653191127017,-24.526253753550346,0.34281359449993515
FVG + EMA200 trend + MACD cross on the retest,H1,fx,24277,-0.09504927088538725,-11.109913642008463,0.3541623759113564
Pullback to SMA50 + rejection candle,H1,fx,48691,-0.15361894881967747,-23.632736695548854,0.33207368918280583
Pullback to SMA50 + RSI crosses 50,H1,fx,39027,-0.1261059066978837,-17.42974511276996,0.33389704563507316
Broken resistance retest + RSI crosses 50,H1,fx,41049,-0.11419342788350052,-15.741994122474315,0.34076347779483057
Williams VIX Fix + Stochastic cross,H1,fx,208284,-0.1532069600991892,-48.915969195368504,0.3316721399627432
"Equal lows above a demand zone, limit at zone top",H1,fx,3251,-0.09896898926850219,-3.884049089611466,0.34850815133804985
SMA20/50 cross (every signal),H1,fx,44683,-0.08447858857531963,-13.365553205053738,0.37347537094644495
"SMA20/50 cross, only after two winning crosses",H1,fx,2360,-0.07466961695201955,-2.8332202889683282,0.3771186440677966
"SB second breakout (small double bottom, buy stop over H1)",H1,fx,15401,-0.10005187262304804,-8.970239905193234,0.3415362638789689
Sweep of an obvious low + inversion FVG close,H1,fx,81043,-0.23000169755517996,-44.118689196870896,0.3197685179472626
"Trendline touch + Stochastic(5,3,3) cross from oversold",H1,fx,27637,-0.18985395186730372,-20.298696439554906,0.32890690017006186
"Z1 fresh demand zone, blind limit at proximal, 2R",H1,fx,9940,-0.24041420915154685,-16.759510539010844,0.33249496981891347
"Z2 fresh demand zone + inside bar breakout, 2R",H1,fx,762,-0.1967154108476764,-3.854113519247283,0.3215223097112861
"Z3 fresh demand zone + strict engulfing, 2R",H1,fx,840,-0.1256757651943536,-2.039324829723725,0.35833333333333334
#35 breaker + break-even at 1R,H1,fx,68462,-0.13493881914558414,-27.818681152052992,0.25064999561800705
#33 gap retest + break-even at 1R,H1,fx,16540,-0.10745842612923957,-9.241268883483329,0.18180169286577993
"Z0 baseline: any bullish close above the prior high as a zone, blind limit, 2R",H1,fx,254761,-0.19170402152220137,-67.0236144402051,0.3362524091207053
Z1 + discount location (lower 40% of the 500-bar range),H1,fx,4080,-0.2449392906353608,-10.96613220941631,0.33088235294117646
Z4 action matrix: Z1 + uptrend (SMA200 rising),H1,fx,5386,-0.2305697008989533,-11.784064126060635,0.3351281099145934
Z4 action matrix: Z1 + uptrend + discount,H1,fx,764,-0.19926220081083437,-3.8376112445620874,0.34424083769633507
"#33 gap retest after BOS, pullback target",H4,fx,5576,-0.06680945541995355,-3.2467720918306773,0.3229913916786227
#35 breaker block retest 2R,H4,fx,20266,-0.09106116998641839,-8.959474845458084,0.34836672258955886
HA flip alone (3+ red then green no lower wick),H4,fx,12622,-0.04765275903254668,-4.296997993192354,0.3975598161939471
"HA at support (rejected level, HA turns green)",H4,fx,28313,-0.04330471676543151,-6.548973959334081,0.4227739907463003
"FVG inversion (bearish gap broken up, retest)",H4,fx,80558,-0.2302369713222098,-41.17713474789609,0.33742148514114056
FVG nearest the 61.8% retracement,H4,fx,9070,-0.160561750958342,-10.586729813317708,0.34332965821389194
FVG + EMA200 trend + MACD cross on the retest,H4,fx,6895,-0.03987712251673696,-3.0445554970957334,0.4203045685279188
Pullback to SMA50 + rejection candle,H4,fx,12558,-0.1123472213981507,-9.507331523011239,0.3573817486860965
Pullback to SMA50 + RSI crosses 50,H4,fx,10121,-0.0642389770173971,-4.99708856036907,0.3841517636597174
Broken resistance retest + RSI crosses 50,H4,fx,11039,-0.08486639517673147,-6.773833905719214,0.37965395416251474
Williams VIX Fix + Stochastic cross,H4,fx,53531,-0.11096478066637318,-18.150036725302307,0.350712671162504
"Equal lows above a demand zone, limit at zone top",H4,fx,503,-0.08859095956841354,-1.4500516243715225,0.34592445328031807
SMA20/50 cross (every signal),H4,fx,11607,-0.05899657209101837,-5.979188493237047,0.4228482812096149
"SMA20/50 cross, only after two winning crosses",H4,fx,625,-0.016081530628353356,-0.37500496236108877,0.4352
"SB second breakout (small double bottom, buy stop over H1)",H4,fx,3892,-0.016775372918861938,-0.8645785922754113,0.4051901336073998
Sweep of an obvious low + inversion FVG close,H4,fx,23700,-0.1372848726370969,-14.097357446760558,0.3465400843881857
"Trendline touch + Stochastic(5,3,3) cross from oversold",H4,fx,7638,-0.14433610510555006,-8.627010767338982,0.3359518198481278
"Z1 fresh demand zone, blind limit at proximal, 2R",H4,fx,6609,-0.13891308216533382,-7.863250615747486,0.3395369950068089
"Z2 fresh demand zone + inside bar breakout, 2R",H4,fx,666,-0.20119386374955303,-3.6733073847195676,0.32432432432432434
"Z3 fresh demand zone + strict engulfing, 2R",H4,fx,626,-0.047003282314410415,-0.7980119742290513,0.3722044728434505
#35 breaker + break-even at 1R,H4,fx,20266,-0.0937892433803774,-10.387919363499122,0.2601401361886904
#33 gap retest + break-even at 1R,H4,fx,5576,-0.07790789413784074,-4.329167329120126,0.22722381635581063
"Z0 baseline: any bullish close above the prior high as a zone, blind limit, 2R",H4,fx,85613,-0.11461744467952893,-23.692334120681767,0.3420274958242323
Z1 + discount location (lower 40% of the 500-bar range),H4,fx,2611,-0.1145443640070051,-3.9999864685319837,0.3485254691689008
Z4 action matrix: Z1 + uptrend (SMA200 rising),H4,fx,3606,-0.1549721004008003,-6.500750144463441,0.33444259567387685
Z4 action matrix: Z1 + uptrend + discount,H4,fx,515,-0.07385920867757889,-1.0732001941766123,0.37087378640776697
"#33 gap retest after BOS, pullback target",D1,fx,1003,-0.07876996752241458,-1.6705394909124194,0.3100697906281156
#35 breaker block retest 2R,D1,fx,3324,-0.020364444359921807,-0.8380670736111225,0.348676293622142
HA flip alone (3+ red then green no lower wick),D1,fx,2039,-0.07350947534872831,-2.6921354523335923,0.38254046101029915
"HA at support (rejected level, HA turns green)",D1,fx,4131,-0.01583849350791142,-0.8965392753380707,0.42943597191963206
"FVG inversion (bearish gap broken up, retest)",D1,fx,13724,-0.18816297946392818,-12.891698490345657,0.3368551442728068
FVG nearest the 61.8% retracement,D1,fx,1604,-0.09357876420698066,-2.66059067294127,0.34476309226932667
FVG + EMA200 trend + MACD cross on the retest,D1,fx,1060,-0.19327379285285406,-5.998074849561009,0.35566037735849054
Pullback to SMA50 + rejection candle,D1,fx,1907,-0.09263081404692569,-3.0319672125962285,0.36077608809648665
Pullback to SMA50 + RSI crosses 50,D1,fx,1791,-0.0711080493662342,-2.304996147643292,0.3657174762702401
Broken resistance retest + RSI crosses 50,D1,fx,1956,-0.10886250470040255,-3.807942052216438,0.36349693251533743
Williams VIX Fix + Stochastic cross,D1,fx,9226,-0.1068400765885069,-7.4052453799461695,0.34868848905267724
"Equal lows above a demand zone, limit at zone top",D1,fx,42,0.12301837351350557,0.5573615803542058,0.42857142857142855
SMA20/50 cross (every signal),D1,fx,1971,-0.06136132051400653,-2.5041826097849142,0.4256722475900558
"SMA20/50 cross, only after two winning crosses",D1,fx,118,-0.002263359188780946,-0.021702814961347384,0.4576271186440678
"SB second breakout (small double bottom, buy stop over H1)",D1,fx,750,-0.01747058461420238,-0.4012334011891316,0.4053333333333333
Sweep of an obvious low + inversion FVG close,D1,fx,3816,-0.16873949494523308,-7.103567551686302,0.3419811320754717
"Trendline touch + Stochastic(5,3,3) cross from oversold",D1,fx,1309,-0.06713387783335037,-1.7411380868071287,0.3605805958747135
"Z1 fresh demand zone, blind limit at proximal, 2R",D1,fx,510,-0.09306369879666497,-1.4968648295499078,0.3254901960784314
"Z2 fresh demand zone + inside bar breakout, 2R",D1,fx,49,-0.13687521584179937,-0.6828054344879634,0.30612244897959184
"Z3 fresh demand zone + strict engulfing, 2R",D1,fx,65,-0.09206886474902813,-0.5389253283602173,0.3384615384615385
#35 breaker + break-even at 1R,D1,fx,3324,-0.030793811574594536,-1.4714342416757529,0.25120336943441635
#33 gap retest + break-even at 1R,D1,fx,1003,-0.07227871995298554,-1.775738295529386,0.1984047856430708
"Z0 baseline: any bullish close above the prior high as a zone, blind limit, 2R",D1,fx,16211,-0.03484188569332499,-3.1426170983421304,0.3433471099870458
Z1 + discount location (lower 40% of the 500-bar range),D1,fx,195,0.05294745946541811,0.5094802318574624,0.37435897435897436
Z4 action matrix: Z1 + uptrend (SMA200 rising),D1,fx,249,-0.19569144143636927,-2.26528437656823,0.2931726907630522
Z4 action matrix: Z1 + uptrend + discount,D1,fx,33,0.017569386597835655,0.0687115422453743,0.36363636363636365
"#33 gap retest after BOS, pullback target",ALL,index,42754,-0.22360250211654364,-17.430823565062585,0.2559292697759274
"#33 gap retest after BOS, pullback target",M5,index,18481,-0.30495655547602124,-14.94908920700537,0.25837346463935934
#35 breaker block retest 2R,ALL,index,294081,-0.25881463356831697,-83.30836348655997,0.3281680897439821
#35 breaker block retest 2R,M5,index,179416,-0.30654475782536017,-73.15302563926743,0.3260913185000223
HA flip alone (3+ red then green no lower wick),ALL,index,236570,-0.24862583717197737,-67.70533544429108,0.3326245931436784
HA flip alone (3+ red then green no lower wick),M5,index,149992,-0.2855238543112521,-60.790681032284134,0.3292908955144274
"HA at support (rejected level, HA turns green)",ALL,index,318649,-0.15484965776673923,-56.15695087053328,0.3394863941201761
"HA at support (rejected level, HA turns green)",M5,index,191242,-0.18462608565829794,-51.847707967518524,0.33382311416948157
"FVG inversion (bearish gap broken up, retest)",ALL,index,1322855,-0.3975699726720708,-220.0355360424224,0.3221214721190153
"FVG inversion (bearish gap broken up, retest)",M5,index,817044,-0.4289132921206203,-183.60515249250062,0.32147350693475507
FVG nearest the 61.8% retracement,ALL,index,117102,-0.29324915564640497,-57.675888989992345,0.33024201123806596
FVG nearest the 61.8% retracement,M5,index,71777,-0.31767039458471175,-50.336463194108866,0.32879613246583167
FVG + EMA200 trend + MACD cross on the retest,ALL,index,109895,-0.1714292795380572,-37.35536905102813,0.3405523454206288
FVG + EMA200 trend + MACD cross on the retest,M5,index,68454,-0.20869109317336865,-34.67617797139732,0.3336693253863909
Pullback to SMA50 + rejection candle,ALL,index,161304,-0.2644678076952661,-64.52955300385182,0.32928507662550216
Pullback to SMA50 + rejection candle,M5,index,100767,-0.3063059664151745,-57.83682323313448,0.3258308771720901
Pullback to SMA50 + RSI crosses 50,ALL,index,137043,-0.2088373857705472,-49.035462172405744,0.33386601285727835
Pullback to SMA50 + RSI crosses 50,M5,index,86618,-0.25141334707042556,-45.714964394138754,0.32957352975132187
Broken resistance retest + RSI crosses 50,ALL,index,130137,-0.19345095312055088,-44.33911418986618,0.33337175438192057
Broken resistance retest + RSI crosses 50,M5,index,78975,-0.22787582409704998,-39.274586113524244,0.3290534979423868
Williams VIX Fix + Stochastic cross,ALL,index,781565,-0.26537104760360264,-130.4056322448136,0.3295951072527557
Williams VIX Fix + Stochastic cross,M5,index,484797,-0.3011251543683437,-120.36719749053904,0.3294925504902052
"Equal lows above a demand zone, limit at zone top",ALL,index,8217,-0.2242174896182819,-12.331035667371793,0.3343069246683705
"Equal lows above a demand zone, limit at zone top",M5,index,4850,-0.2795510464551926,-11.212799649344278,0.32804123711340205
SMA20/50 cross (every signal),ALL,index,168086,-0.17583093660348054,-47.50277162620321,0.34164653808169626
SMA20/50 cross (every signal),M5,index,104458,-0.2098705136223702,-42.950056428934076,0.3337513641846484
"SMA20/50 cross, only after two winning crosses",ALL,index,6667,-0.2053561825240267,-11.421999751145234,0.3340332983350833
"SMA20/50 cross, only after two winning crosses",M5,index,3483,-0.25456302807279446,-9.849559403039096,0.3172552397358599
"SB second breakout (small double bottom, buy stop over H1)",ALL,index,58356,-0.15439938242229329,-24.84361190755022,0.3439749126053876
"SB second breakout (small double bottom, buy stop over H1)",M5,index,37494,-0.18848446013641879,-23.919457959820974,0.3390142422787646
Sweep of an obvious low + inversion FVG close,ALL,index,305765,-0.2576754457912225,-81.83988426716965,0.33194446715614934
Sweep of an obvious low + inversion FVG close,M5,index,184749,-0.29383620553994394,-70.02983132879228,0.32969596587802913
"Trendline touch + Stochastic(5,3,3) cross from oversold",ALL,index,85086,-0.2788958145868986,-49.49841972129078,0.3267282514162142
"Trendline touch + Stochastic(5,3,3) cross from oversold",M5,index,52324,-0.31119398378835633,-42.10600608977681,0.3242871340111612
"Z1 fresh demand zone, blind limit at proximal, 2R",ALL,index,30173,-0.40234820613689304,-36.946609168148285,0.31561329665595067
"Z1 fresh demand zone, blind limit at proximal, 2R",M5,index,13891,-0.49914039487555284,-27.903815383482858,0.3112086962781657
"Z2 fresh demand zone + inside bar breakout, 2R",ALL,index,2765,-0.46526441224105486,-10.95847099169263,0.30886075949367087
"Z2 fresh demand zone + inside bar breakout, 2R",M5,index,1359,-0.6279472110428415,-9.325212455669833,0.29506990434142755
"Z3 fresh demand zone + strict engulfing, 2R",ALL,index,2578,-0.26466801812651203,-6.3972338587830375,0.3359193173002327
"Z3 fresh demand zone + strict engulfing, 2R",M5,index,1166,-0.46109575012740306,-5.961903104400927,0.30617495711835335
#35 breaker + break-even at 1R,ALL,index,294081,-0.2587930358599502,-91.08562204974923,0.2515157388610621
#35 breaker + break-even at 1R,M5,index,179416,-0.3072443566128484,-79.40816763984554,0.2504681856690596
#33 gap retest + break-even at 1R,ALL,index,42754,-0.21961805305974172,-18.5269663327089,0.18073162745006316
#33 gap retest + break-even at 1R,M5,index,18481,-0.3079052331447331,-16.11182784739068,0.1827823169741897
"Z0 baseline: any bullish close above the prior high as a zone, blind limit, 2R",ALL,index,618841,-0.28368901596016605,-136.3788737522496,0.32298603356920436
"Z0 baseline: any bullish close above the prior high as a zone, blind limit, 2R",M5,index,295639,-0.33286832890253476,-106.35770839748427,0.32131417032258935
Z1 + discount location (lower 40% of the 500-bar range),ALL,index,12841,-0.37640317816363444,-24.282267545919975,0.31664200607429327
Z1 + discount location (lower 40% of the 500-bar range),M5,index,5805,-0.4490704555909579,-17.505068974980762,0.31851851851851853
Z4 action matrix: Z1 + uptrend (SMA200 rising),ALL,index,17037,-0.40509417921598195,-27.32357037641058,0.31689851499677174
Z4 action matrix: Z1 + uptrend (SMA200 rising),M5,index,8286,-0.49179287262557303,-21.208065249308177,0.3118513154718803
Z4 action matrix: Z1 + uptrend + discount,ALL,index,3001,-0.34867799874484817,-11.270924725577236,0.3245584805064978
Z4 action matrix: Z1 + uptrend + discount,M5,index,1589,-0.37525736597950393,-8.331769429898172,0.32976714915040906
"#33 gap retest after BOS, pullback target",M15,index,11545,-0.24204201552244092,-9.020802492957774,0.24460805543525335
#35 breaker block retest 2R,M15,index,62476,-0.216259585707778,-34.69302911277502,0.3279019143351047
HA flip alone (3+ red then green no lower wick),M15,index,47637,-0.21010909698281896,-24.396967436389474,0.33440392971849614
"HA at support (rejected level, HA turns green)",M15,index,66998,-0.13037161570742717,-19.911596470051244,0.3388160840622108
"FVG inversion (bearish gap broken up, retest)",M15,index,275463,-0.37659499591802287,-90.7655661473543,0.3218254357209498
FVG nearest the 61.8% retracement,M15,index,24339,-0.2920289793447804,-23.01956420271133,0.33021077283372363
FVG + EMA200 trend + MACD cross on the retest,M15,index,22389,-0.13973221813529407,-14.085289926153894,0.3385591138505516
Pullback to SMA50 + rejection candle,M15,index,33217,-0.22141312988258433,-24.61734420218137,0.3325706716440377
Pullback to SMA50 + RSI crosses 50,M15,index,27945,-0.14466404158567953,-15.788279333899181,0.34242261585256756
Broken resistance retest + RSI crosses 50,M15,index,27587,-0.16511336846656038,-18.071511158122075,0.3351578642114039
Williams VIX Fix + Stochastic cross,M15,index,162871,-0.22532816994051633,-42.57871009195139,0.32954915239668203
"Equal lows above a demand zone, limit at zone top",M15,index,1836,-0.20742570962716292,-5.7560348517453255,0.33387799564270154
SMA20/50 cross (every signal),M15,index,35056,-0.1483359637665681,-19.214039242858522,0.33937129164764945
"SMA20/50 cross, only after two winning crosses",M15,index,1595,-0.16075264035160639,-4.3818955047157555,0.3385579937304075
"SB second breakout (small double bottom, buy stop over H1)",M15,index,11955,-0.10536009994702003,-7.827379510520898,0.3503136762860728
Sweep of an obvious low + inversion FVG close,M15,index,64124,-0.22594460809835118,-35.55483305347559,0.33316698895889213
"Trendline touch + Stochastic(5,3,3) cross from oversold",M15,index,17635,-0.25828585057887204,-21.915698378577748,0.325886022115112
"Z1 fresh demand zone, blind limit at proximal, 2R",M15,index,6227,-0.4064962603403062,-17.705973349219445,0.31283121888549864
"Z2 fresh demand zone + inside bar breakout, 2R",M15,index,491,-0.6064362569679858,-5.307566991322551,0.27494908350305497
"Z3 fresh demand zone + strict engulfing, 2R",M15,index,478,-0.1094799169288582,-1.5797299117717487,0.36610878661087864
#35 breaker + break-even at 1R,M15,index,62476,-0.21555926336876097,-38.50724558697602,0.24982393239003778
#33 gap retest + break-even at 1R,M15,index,11545,-0.21942050484424128,-8.755302925119704,0.1743611953226505
"Z0 baseline: any bullish close above the prior high as a zone, blind limit, 2R",M15,index,151528,-0.27519049863174155,-65.93743717061083,0.3230558048677472
Z1 + discount location (lower 40% of the 500-bar range),M15,index,2613,-0.35858857148379325,-11.062029297720283,0.31802525832376577
Z4 action matrix: Z1 + uptrend (SMA200 rising),M15,index,3446,-0.4346441511276653,-13.256505927763733,0.3110853163087638
Z4 action matrix: Z1 + uptrend + discount,M15,index,558,-0.33576260608584224,-5.115253340151171,0.3207885304659498
"#33 gap retest after BOS, pullback target",M30,index,7062,-0.13323871253722452,-4.861057319390001,0.2495043896913056
#35 breaker block retest 2R,M30,index,30691,-0.17208270623883729,-20.04752328602166,0.3303574337753739
HA flip alone (3+ red then green no lower wick),M30,index,23693,-0.18001509118726022,-17.713799266246042,0.33406491368758706
"HA at support (rejected level, HA turns green)",M30,index,34688,-0.10142943869170025,-13.208341212604529,0.3448743081180812
"FVG inversion (bearish gap broken up, retest)",M30,index,138093,-0.34253094019516184,-67.30375983579765,0.32256522778127783
FVG nearest the 61.8% retracement,M30,index,12456,-0.22963049132541122,-15.659498982928456,0.33429672447013487
FVG + EMA200 trend + MACD cross on the retest,M30,index,11229,-0.10015845999796956,-7.515172749247901,0.34865081485439486
Pullback to SMA50 + rejection candle,M30,index,16359,-0.17954457164371151,-14.945605359914344,0.3346170303808301
Pullback to SMA50 + RSI crosses 50,M30,index,13311,-0.14764577138492543,-11.395565064541353,0.3325820749755841
Broken resistance retest + RSI crosses 50,M30,index,13759,-0.12221734775134849,-9.694857917849049,0.3401409986190857
Williams VIX Fix + Stochastic cross,M30,index,79331,-0.19888229615300584,-36.611355919473574,0.32770291563197235
"Equal lows above a demand zone, limit at zone top",M30,index,893,-0.11484301430647745,-2.3316987490127503,0.3449048152295633
SMA20/50 cross (every signal),M30,index,17112,-0.10406785114795691,-9.59837009506582,0.3590462833099579
"SMA20/50 cross, only after two winning crosses",M30,index,892,-0.15469932774418022,-3.373193332850957,0.3486547085201794
"SB second breakout (small double bottom, buy stop over H1)",M30,index,5498,-0.11452465371536033,-5.8269567736957395,0.3412149872680975
Sweep of an obvious low + inversion FVG close,M30,index,33166,-0.20014999490279434,-20.875451959285964,0.332780558403184
"Trendline touch + Stochastic(5,3,3) cross from oversold",M30,index,8801,-0.19299513357016865,-11.776502727646534,0.3387115100556755
"Z1 fresh demand zone, blind limit at proximal, 2R",M30,index,4560,-0.3306761374831886,-13.274687759988039,0.3206140350877193
"Z2 fresh demand zone + inside bar breakout, 2R",M30,index,398,-0.03984852082765282,-0.504854008771422,0.3944723618090452
"Z3 fresh demand zone + strict engulfing, 2R",M30,index,391,-0.04555134379955204,-0.5619861235240341,0.391304347826087
#35 breaker + break-even at 1R,M30,index,30691,-0.16498984378952322,-21.52223521990065,0.25466749209866085
#33 gap retest + break-even at 1R,M30,index,7062,-0.14345949443520203,-5.982782736170744,0.17176437269895214
"Z0 baseline: any bullish close above the prior high as a zone, blind limit, 2R",M30,index,92879,-0.23069226040943544,-45.15282639348429,0.3251542329267111
Z1 + discount location (lower 40% of the 500-bar range),M30,index,1942,-0.3929952445548377,-11.006790160158342,0.2981462409886715
Z4 action matrix: Z1 + uptrend (SMA200 rising),M30,index,2499,-0.2894965040960721,-8.427316144644712,0.3349339735894358
Z4 action matrix: Z1 + uptrend + discount,M30,index,393,-0.40780114820914265,-4.552141015944578,0.3155216284987277
"#33 gap retest after BOS, pullback target",H1,index,4029,-0.07418441918920601,-2.1375378269947993,0.25738396624472576
#35 breaker block retest 2R,H1,index,15746,-0.12046721358126128,-10.152653003253894,0.33970532198653625
HA flip alone (3+ red then green no lower wick),H1,index,11504,-0.13498638115274952,-9.720745428221482,0.3451842837273992
"HA at support (rejected level, HA turns green)",H1,index,18908,-0.07909402187032918,-7.943608984493197,0.3620689655172414
"FVG inversion (bearish gap broken up, retest)",H1,index,68674,-0.2859085833733968,-43.427007759421585,0.32614963450505285
FVG nearest the 61.8% retracement,H1,index,6187,-0.22006598790109416,-10.971183168206489,0.3290770971391628
FVG + EMA200 trend + MACD cross on the retest,H1,index,5709,-0.04172603397460375,-2.349296194197662,0.37519705727798214
Pullback to SMA50 + rejection candle,H1,index,8307,-0.148944895706183,-8.958847002797906,0.3381485494161551
Pullback to SMA50 + RSI crosses 50,H1,index,6876,-0.11023225691643898,-6.367930104053481,0.34002326934264104
Broken resistance retest + RSI crosses 50,H1,index,7215,-0.11187420158241362,-6.785444949942538,0.34275814275814276
Williams VIX Fix + Stochastic cross,H1,index,41373,-0.1779503857609172,-23.078607647262675,0.3297802914944529
"Equal lows above a demand zone, limit at zone top",H1,index,520,-0.018374955768768603,-0.28741458110121765,0.36730769230769234
SMA20/50 cross (every signal),H1,index,8715,-0.06748419042416005,-4.7745296729023865,0.3835915088927137
"SMA20/50 cross, only after two winning crosses",H1,index,501,-0.17970253595944768,-2.9978064108030593,0.36726546906187624
"SB second breakout (small double bottom, buy stop over H1)",H1,index,2576,-0.023672682627231486,-0.842192840661491,0.36995341614906835
Sweep of an obvious low + inversion FVG close,H1,index,17251,-0.16354262682898466,-13.383802417847933,0.34055996753811374
"Trendline touch + Stochastic(5,3,3) cross from oversold",H1,index,4654,-0.2168388429222301,-9.057440748040847,0.3255264288783842
"Z1 fresh demand zone, blind limit at proximal, 2R",H1,index,2974,-0.2505645618308022,-8.62658962223594,0.3285137861466039
"Z2 fresh demand zone + inside bar breakout, 2R",H1,index,236,-0.1875148947371399,-1.7392047375930704,0.3389830508474576
"Z3 fresh demand zone + strict engulfing, 2R",H1,index,284,-0.12914639249653884,-1.4978802152545045,0.3415492957746479
#35 breaker + break-even at 1R,H1,index,15746,-0.12785492504429177,-12.146712110843723,0.25708116347008764
#33 gap retest + break-even at 1R,H1,index,4029,-0.07201098429120487,-2.368692505403837,0.1762223876892529
"Z0 baseline: any bullish close above the prior high as a zone, blind limit, 2R",H1,index,55188,-0.20450027649373853,-31.7934919510682,0.3237116764514025
Z1 + discount location (lower 40% of the 500-bar range),H1,index,1314,-0.27009211560991936,-6.49656568686428,0.317351598173516
Z4 action matrix: Z1 + uptrend (SMA200 rising),H1,index,1566,-0.2544118283871956,-6.216075745157419,0.32630906768837803
Z4 action matrix: Z1 + uptrend + discount,H1,index,259,-0.34709734764511063,-4.051897142859229,0.2857142857142857
"#33 gap retest after BOS, pullback target",H4,index,1390,0.08374433854038713,1.7187145205348342,0.3359712230215827
#35 breaker block retest 2R,H4,index,4880,-0.09346722716633298,-4.464659768975053,0.34938524590163933
HA flip alone (3+ red then green no lower wick),H4,index,3192,-0.042187939971058984,-1.8914415693619748,0.3969298245614035
"HA at support (rejected level, HA turns green)",H4,index,5953,-0.04610507667708774,-3.112121436073669,0.41290105828993784
"FVG inversion (bearish gap broken up, retest)",H4,index,20057,-0.2091524541828873,-18.838434610524377,0.33280151568031113
FVG nearest the 61.8% retracement,H4,index,1957,-0.0850316304044858,-2.5487882064665737,0.3633111905978539
FVG + EMA200 trend + MACD cross on the retest,H4,index,1824,-0.037794897001587835,-1.5516956783604654,0.44024122807017546
Pullback to SMA50 + rejection candle,H4,index,2247,-0.08750492909779788,-3.0792232983158643,0.36404094348019583
Pullback to SMA50 + RSI crosses 50,H4,index,1923,-0.03833632671618829,-1.3126904492367475,0.3796151846073843
Broken resistance retest + RSI crosses 50,H4,index,2168,-0.055260983416449784,-1.9883613573557264,0.3842250922509225
Williams VIX Fix + Stochastic cross,H4,index,11185,-0.11603161830645117,-8.701593790769305,0.3476978095663836
"Equal lows above a demand zone, limit at zone top",H4,index,113,0.04880853485217137,0.3666403089349882,0.37168141592920356
SMA20/50 cross (every signal),H4,index,2313,-0.004108478190731482,-0.17950942986540297,0.4427150886294855
"SMA20/50 cross, only after two winning crosses",H4,index,166,-0.013670617703303516,-0.1615331455728066,0.4457831325301205
"SB second breakout (small double bottom, buy stop over H1)",H4,index,669,-0.025378781416062236,-0.5365871336242543,0.40657698056801195
Sweep of an obvious low + inversion FVG close,H4,index,5594,-0.07944341225099526,-4.15097417887567,0.35841973543081873
"Trendline touch + Stochastic(5,3,3) cross from oversold",H4,index,1417,-0.058401602200096395,-1.4389175930221927,0.37191249117854625
"Z1 fresh demand zone, blind limit at proximal, 2R",H4,index,2428,-0.17229003316524885,-5.989131975252672,0.32166392092257
"Z2 fresh demand zone + inside bar breakout, 2R",H4,index,273,-0.25621033110570557,-3.181439610608897,0.29304029304029305
"Z3 fresh demand zone + strict engulfing, 2R",H4,index,252,-0.15629809796218835,-1.8492146187764147,0.32142857142857145
#35 breaker + break-even at 1R,H4,index,4880,-0.09205633055925184,-4.8826720634493075,0.26967213114754096
#33 gap retest + break-even at 1R,H4,index,1390,0.10271070953910809,2.3316554467773933,0.2589928057553957
"Z0 baseline: any bullish close above the prior high as a zone, blind limit, 2R",H4,index,19851,-0.1291611504062003,-12.764410753453813,0.33272882978187496
Z1 + discount location (lower 40% of the 500-bar range),H4,index,1114,-0.1509242265333072,-3.5302868583849403,0.3339317773788151
Z4 action matrix: Z1 + uptrend (SMA200 rising),H4,index,1216,-0.16650392892647928,-4.131933017894014,0.3190789473684211
Z4 action matrix: Z1 + uptrend + discount,H4,index,196,-0.03169290618780924,-0.3073689924332516,0.37244897959183676
"#33 gap retest after BOS, pullback target",D1,index,247,-0.025133693326822658,-0.23335615832949924,0.3117408906882591
#35 breaker block retest 2R,D1,index,872,0.036684682417592596,0.7573336131131205,0.3704128440366973
HA flip alone (3+ red then green no lower wick),D1,index,552,-0.05345743167065624,-1.024172947359315,0.3894927536231884
"HA at support (rejected level, HA turns green)",D1,index,860,-0.013292510189159319,-0.3339057895755625,0.4290697674418605
"FVG inversion (bearish gap broken up, retest)",D1,index,3524,-0.175319250466653,-5.473136485435422,0.3388195232690125
FVG nearest the 61.8% retracement,D1,index,386,-0.1106446018934713,-1.5790735040490422,0.32124352331606215
FVG + EMA200 trend + MACD cross on the retest,D1,index,290,0.023500746535137295,0.3756243188847049,0.496551724137931
Pullback to SMA50 + rejection candle,D1,index,407,-0.16811677537107936,-2.628207353013998,0.32923832923832924
Pullback to SMA50 + RSI crosses 50,D1,index,370,-0.00852243718313607,-0.12351236330362218,0.3864864864864865
Broken resistance retest + RSI crosses 50,D1,index,433,-0.03483676240837533,-0.5545390362935674,0.3810623556581986
Williams VIX Fix + Stochastic cross,D1,index,2008,-0.14095647144409645,-4.38818912097416,0.3281872509960159
SMA20/50 cross (every signal),D1,index,432,-0.12398716139055237,-2.3476637713386674,0.3587962962962963
"SMA20/50 cross, only after two winning crosses",D1,index,30,0.14086375509699187,0.5809478125460281,0.43333333333333335
"SB second breakout (small double bottom, buy stop over H1)",D1,index,164,0.14696197517261636,1.4315907266728203,0.4451219512195122
Sweep of an obvious low + inversion FVG close,D1,index,881,-0.12469972854757112,-2.405737970733288,0.34619750283768447
"Trendline touch + Stochastic(5,3,3) cross from oversold",D1,index,255,-0.3994944369091707,-5.3494121371974055,0.24313725490196078
"Z1 fresh demand zone, blind limit at proximal, 2R",D1,index,93,-0.04149022666356897,-0.2766857854598515,0.34408602150537637
#35 breaker + break-even at 1R,D1,index,872,0.013602160743476156,0.3218310490656286,0.27522935779816515
#33 gap retest + break-even at 1R,D1,index,247,-0.022139996721933366,-0.22985300312029835,0.2145748987854251
"Z0 baseline: any bullish close above the prior high as a zone, blind limit, 2R",D1,index,3756,-0.04634261190101774,-2.008528154441919,0.3359957401490948
Z1 + discount location (lower 40% of the 500-bar range),D1,index,53,-0.06263935116102111,-0.3129308108000205,0.33962264150943394
Z4 action matrix: Z1 + uptrend (SMA200 rising),D1,index,24,-0.1866908073425293,-0.6583151726882945,0.2916666666666667
"Z2 fresh demand zone + inside bar breakout, 2R",D1,crypto,8,-0.9254921525716782,-1.2514159202967223,0.25
"#33 gap retest after BOS, pullback target",ALL,soft,10098,-1.0817192676823681,-33.051800400499395,0.2410378292731234
"#33 gap retest after BOS, pullback target",M5,soft,4865,-1.4156332481338547,-25.84559988297783,0.23453237410071942
#35 breaker block retest 2R,ALL,soft,56109,-1.3467348252547051,-113.07629473871806,0.2643426188312035
#35 breaker block retest 2R,M5,soft,33593,-1.6157354237201564,-98.85740113724806,0.2436221831929271
HA flip alone (3+ red then green no lower wick),ALL,soft,53797,-1.0760578517221,-111.1207567872628,0.2902392326709668
HA flip alone (3+ red then green no lower wick),M5,soft,35580,-1.297006674346606,-101.17627077382551,0.27248454187745924
"HA at support (rejected level, HA turns green)",ALL,soft,57534,-0.7320654162202624,-92.30643024024477,0.3162130218653318
"HA at support (rejected level, HA turns green)",M5,soft,34845,-0.9163125086654869,-83.3954623027357,0.3000430477830392
"FVG inversion (bearish gap broken up, retest)",ALL,soft,264248,-1.8347368061565996,-278.32260586971086,0.22600738700009082
"FVG inversion (bearish gap broken up, retest)",M5,soft,165207,-2.0004711458846094,-233.65063736910344,0.21197649010029843
FVG nearest the 61.8% retracement,ALL,soft,20975,-1.3457776670920603,-68.00475142068103,0.2700357568533969
FVG nearest the 61.8% retracement,M5,soft,12574,-1.4541149397794904,-57.13572131537898,0.2610943216160331
FVG + EMA200 trend + MACD cross on the retest,ALL,soft,24296,-0.7731177281071822,-58.560558340059025,0.3160602568324004
FVG + EMA200 trend + MACD cross on the retest,M5,soft,15570,-0.9477372452485398,-57.20681931922693,0.3022479126525369
Pullback to SMA50 + rejection candle,ALL,soft,28058,-1.249821667253951,-79.82563649339006,0.277710456910685
Pullback to SMA50 + rejection candle,M5,soft,17062,-1.509947592878841,-68.6441118915067,0.2591138201852069
Pullback to SMA50 + RSI crosses 50,ALL,soft,24497,-1.053315971544254,-71.25027793564716,0.28848430420051435
Pullback to SMA50 + RSI crosses 50,M5,soft,15203,-1.2998282051165744,-63.211696181832835,0.26849963822929684
Broken resistance retest + RSI crosses 50,ALL,soft,21978,-0.9198788784008651,-59.85743630428826,0.30362180362180363
Broken resistance retest + RSI crosses 50,M5,soft,12831,-1.1007142772970535,-52.89248625341153,0.2894552256254384
Williams VIX Fix + Stochastic cross,ALL,soft,146691,-1.3177584636515662,-175.82910525635242,0.2739977231050303
Williams VIX Fix + Stochastic cross,M5,soft,88785,-1.5382130902610378,-146.0528684033156,0.2579602410317058
"Equal lows above a demand zone, limit at zone top",ALL,soft,1422,-1.2858250298993805,-17.62991391539777,0.2714486638537271
"Equal lows above a demand zone, limit at zone top",M5,soft,854,-1.5047829487711077,-13.876345916525642,0.2646370023419204
SMA20/50 cross (every signal),ALL,soft,30626,-0.8087644010934941,-60.77893832487968,0.31816103963952197
SMA20/50 cross (every signal),M5,soft,18709,-0.9770705740617653,-52.25204164618828,0.30242129456411354
"SMA20/50 cross, only after two winning crosses",ALL,soft,1389,-0.6398788727025378,-12.411074317055062,0.3354931605471562
"SMA20/50 cross, only after two winning crosses",M5,soft,775,-0.7884213947072144,-10.308670625104076,0.32129032258064516
"SB second breakout (small double bottom, buy stop over H1)",ALL,soft,9423,-0.7863588942016361,-38.847395108328485,0.32802716756871486
"SB second breakout (small double bottom, buy stop over H1)",M5,soft,5779,-0.9585413848638602,-34.40802088383202,0.31458729884062986
Sweep of an obvious low + inversion FVG close,ALL,soft,55327,-1.2099770627927895,-101.26274409370966,0.2789777143166989
Sweep of an obvious low + inversion FVG close,M5,soft,32936,-1.370655469979602,-93.85344334362001,0.2629038134564003
"Trendline touch + Stochastic(5,3,3) cross from oversold",ALL,soft,13678,-1.2354417145055792,-51.579640722507115,0.2781839450212019
"Trendline touch + Stochastic(5,3,3) cross from oversold",M5,soft,8070,-1.408301608646727,-44.05267261917154,0.2681536555142503
"Z1 fresh demand zone, blind limit at proximal, 2R",ALL,soft,10110,-1.9543373878481638,-58.21355220577192,0.22512363996043522
"Z1 fresh demand zone, blind limit at proximal, 2R",M5,soft,5833,-2.2581656587138133,-48.11051509230995,0.19561117778158751
"Z2 fresh demand zone + inside bar breakout, 2R",ALL,soft,1093,-1.6724708044474599,-18.26672071811832,0.2552607502287283
"Z2 fresh demand zone + inside bar breakout, 2R",M5,soft,678,-1.8874740812406878,-16.160977315149356,0.2374631268436578
"Z3 fresh demand zone + strict engulfing, 2R",ALL,soft,800,-1.634058375391178,-10.377566194670798,0.265
"Z3 fresh demand zone + strict engulfing, 2R",M5,soft,487,-2.010105626256008,-8.385075388828987,0.24229979466119098
#35 breaker + break-even at 1R,ALL,soft,56109,-1.3381486429990583,-115.39340104156719,0.20821971519720545
#35 breaker + break-even at 1R,M5,soft,33593,-1.6103175137527221,-100.75887984764245,0.19390944542017682
#33 gap retest + break-even at 1R,ALL,soft,10098,-1.0758204384499217,-34.59863965075032,0.1717171717171717
#33 gap retest + break-even at 1R,M5,soft,4865,-1.411564745896382,-26.703220360920227,0.1660842754367934
"Z0 baseline: any bullish close above the prior high as a zone, blind limit, 2R",ALL,soft,132512,-1.4155829277559846,-189.1398804752122,0.2598028857763825
"Z0 baseline: any bullish close above the prior high as a zone, blind limit, 2R",M5,soft,62936,-1.6712961471465946,-139.34431140498478,0.2402440574551926
Z1 + discount location (lower 40% of the 500-bar range),ALL,soft,4343,-1.919122583221133,-38.25087671956275,0.23370941745337323
Z1 + discount location (lower 40% of the 500-bar range),M5,soft,2576,-2.2030882642393634,-32.02412234988451,0.20729813664596272
Z4 action matrix: Z1 + uptrend (SMA200 rising),ALL,soft,5436,-1.8905134889937552,-42.48770621678718,0.22553348050036792
Z4 action matrix: Z1 + uptrend (SMA200 rising),M5,soft,3161,-2.17879798763523,-35.4401079382796,0.19360961720974376
Z4 action matrix: Z1 + uptrend + discount,ALL,soft,807,-1.7716307026631852,-15.17539192686517,0.2527881040892193
Z4 action matrix: Z1 + uptrend + discount,M5,soft,505,-1.9959314457629578,-13.093095684080135,0.2198019801980198
"#33 gap retest after BOS, pullback target",M15,soft,2488,-0.9680065729466665,-15.740061906274388,0.2315112540192926
#35 breaker block retest 2R,M15,soft,11690,-1.111610641770638,-53.933978944255166,0.2842600513259196
HA flip alone (3+ red then green no lower wick),M15,soft,9869,-0.8026872079548827,-41.2443290693181,0.3130003039821664
"HA at support (rejected level, HA turns green)",M15,soft,11569,-0.5512793966203697,-35.376901306731305,0.32984700492695995
"FVG inversion (bearish gap broken up, retest)",M15,soft,52023,-1.7139822388636154,-114.45953698854451,0.23606866193798898
FVG nearest the 61.8% retracement,M15,soft,4409,-1.3230934252050317,-30.082793125799526,0.271943751417555
FVG + EMA200 trend + MACD cross on the retest,M15,soft,4531,-0.5809996647288316,-16.23779362826626,0.3299492385786802
Pullback to SMA50 + rejection candle,M15,soft,5751,-1.0120089480289363,-33.611061179908404,0.2935141714484438
Pullback to SMA50 + RSI crosses 50,M15,soft,4872,-0.803297015328554,-29.49648562216533,0.3066502463054187
Broken resistance retest + RSI crosses 50,M15,soft,4704,-0.7684065169764867,-25.4482443629293,0.31781462585034015
Williams VIX Fix + Stochastic cross,M15,soft,30890,-1.1217238262119051,-82.66695648641881,0.2882162512139851
"Equal lows above a demand zone, limit at zone top",M15,soft,297,-1.2014762810760675,-10.542854054571048,0.2558922558922559
SMA20/50 cross (every signal),M15,soft,6457,-0.6251047005635053,-26.746466760683322,0.3312683908936038
"SMA20/50 cross, only after two winning crosses",M15,soft,320,-0.6127536688974942,-6.373421679161357,0.334375
"SB second breakout (small double bottom, buy stop over H1)",M15,soft,2036,-0.6183568701611865,-15.976481268413615,0.3443025540275049
Sweep of an obvious low + inversion FVG close,M15,soft,11464,-1.0798777743692176,-44.265326319146574,0.2975401256106071
"Trendline touch + Stochastic(5,3,3) cross from oversold",M15,soft,2870,-1.1199032864854623,-25.56987205186953,0.28362369337979093
"Z1 fresh demand zone, blind limit at proximal, 2R",M15,soft,2148,-1.8613219139620565,-25.88109486725466,0.24581005586592178
"Z2 fresh demand zone + inside bar breakout, 2R",M15,soft,195,-1.8468223499946106,-7.03940387182419,0.2717948717948718
"Z3 fresh demand zone + strict engulfing, 2R",M15,soft,167,-1.4095340165906323,-6.1566428131651945,0.2754491017964072
#35 breaker + break-even at 1R,M15,soft,11690,-1.0940175675492756,-55.661277282256336,0.22369546621043626
#33 gap retest + break-even at 1R,M15,soft,2488,-0.989325956988352,-17.342771451069996,0.16157556270096463
"Z0 baseline: any bullish close above the prior high as a zone, blind limit, 2R",M15,soft,31848,-1.4049713622507252,-93.96782367850959,0.26111529766390357
Z1 + discount location (lower 40% of the 500-bar range),M15,soft,877,-1.827513075171372,-17.11603974892371,0.2531356898517674
Z4 action matrix: Z1 + uptrend (SMA200 rising),M15,soft,1145,-1.8100016620851989,-18.213612372381153,0.24716157205240175
Z4 action matrix: Z1 + uptrend + discount,M15,soft,145,-1.8411595962716845,-5.766384873947117,0.2827586206896552
"#33 gap retest after BOS, pullback target",M30,soft,1452,-0.787038044060982,-12.19231357145585,0.2327823691460055
#35 breaker block retest 2R,M30,soft,5994,-0.8772545674138957,-33.225622467835336,0.30113446780113445
HA flip alone (3+ red then green no lower wick),M30,soft,4763,-0.5411119090854447,-22.43578947306157,0.3340331723703548
"HA at support (rejected level, HA turns green)",M30,soft,6001,-0.3978935149240297,-18.29959749769614,0.34627562072987833
"FVG inversion (bearish gap broken up, retest)",M30,soft,26352,-1.5317069316498315,-82.099160146647,0.2513281724347298
FVG nearest the 61.8% retracement,M30,soft,2196,-1.1357390998446217,-17.022099236666605,0.2918943533697632
FVG + EMA200 trend + MACD cross on the retest,M30,soft,2361,-0.3558867660566868,-11.285911707719153,0.3566285472257518
Pullback to SMA50 + rejection candle,M30,soft,2991,-0.7375578130538365,-20.739964627810664,0.31828819792711466
Pullback to SMA50 + RSI crosses 50,M30,soft,2448,-0.5862017697110632,-15.500200118632085,0.3312908496732026
Broken resistance retest + RSI crosses 50,M30,soft,2411,-0.7096289175217612,-13.29292777365842,0.3090004147656574
Williams VIX Fix + Stochastic cross,M30,soft,15540,-0.9375718556037215,-47.2684933380526,0.3019305019305019
"Equal lows above a demand zone, limit at zone top",M30,soft,174,-0.7096137150950815,-4.9823084044165995,0.3103448275862069
SMA20/50 cross (every signal),M30,soft,3114,-0.5094889973711364,-15.087787352042112,0.3426461143224149
"SMA20/50 cross, only after two winning crosses",M30,soft,174,-0.17557487595055637,-1.527476809492864,0.3793103448275862
"SB second breakout (small double bottom, buy stop over H1)",M30,soft,944,-0.44273900774246383,-8.573346599021212,0.3516949152542373
Sweep of an obvious low + inversion FVG close,M30,soft,6041,-0.9287051330702101,-30.725437327885814,0.30491640456878
"Trendline touch + Stochastic(5,3,3) cross from oversold",M30,soft,1438,-1.073245485015317,-10.851712330002483,0.2795549374130737
"Z1 fresh demand zone, blind limit at proximal, 2R",M30,soft,1027,-1.6185778601670016,-17.278626790588735,0.25803310613437197
"Z2 fresh demand zone + inside bar breakout, 2R",M30,soft,95,-1.2097368692881183,-4.695545860842177,0.28421052631578947
"Z3 fresh demand zone + strict engulfing, 2R",M30,soft,69,-0.9298195367058119,-3.3389438105547007,0.30434782608695654
#35 breaker + break-even at 1R,M30,soft,5994,-0.8602875320825341,-34.57812951336523,0.23289956623289956
#33 gap retest + break-even at 1R,M30,soft,1452,-0.7339390728909063,-12.498531944462163,0.1652892561983471
"Z0 baseline: any bullish close above the prior high as a zone, blind limit, 2R",M30,soft,19492,-1.166707203970398,-69.60594241241515,0.2790888569669608
Z1 + discount location (lower 40% of the 500-bar range),M30,soft,438,-1.5723148919471868,-10.835200126046368,0.2602739726027397
Z4 action matrix: Z1 + uptrend (SMA200 rising),M30,soft,557,-1.5105283744399114,-12.295851527950413,0.2764811490125673
Z4 action matrix: Z1 + uptrend + discount,M30,soft,92,-1.2624550758982482,-5.254880606352432,0.30434782608695654
"#33 gap retest after BOS, pullback target",H1,soft,860,-0.48274129481856215,-7.232301536501385,0.26744186046511625
#35 breaker block retest 2R,H1,soft,3326,-0.7522334097206964,-10.995797128472196,0.3063740228502706
HA flip alone (3+ red then green no lower wick),H1,soft,2550,-0.44072103006619157,-14.810746321780542,0.3254901960784314
"HA at support (rejected level, HA turns green)",H1,soft,3458,-0.33568224041389294,-14.261547387348013,0.3449971081550029
"FVG inversion (bearish gap broken up, retest)",H1,soft,14399,-1.318699850534581,-54.0289256414667,0.27036599763872493
FVG nearest the 61.8% retracement,H1,soft,1235,-0.9275835338548233,-13.987780908175518,0.3060728744939271
FVG + EMA200 trend + MACD cross on the retest,H1,soft,1332,-0.36100256847435824,-9.669620087134312,0.3310810810810811
Pullback to SMA50 + rejection candle,H1,soft,1552,-0.6716571719194858,-13.59439633266891,0.31378865979381443
Pullback to SMA50 + RSI crosses 50,H1,soft,1361,-0.43768374606711047,-10.853568550535764,0.3262307127112417
Broken resistance retest + RSI crosses 50,H1,soft,1353,-0.4363289571712062,-10.132633610305229,0.3429416112342942
Williams VIX Fix + Stochastic cross,H1,soft,8144,-0.7276058504915995,-31.184044963925167,0.3164292730844794
"Equal lows above a demand zone, limit at zone top",H1,soft,77,-0.6277767762832054,-3.358052559956868,0.2987012987012987
SMA20/50 cross (every signal),H1,soft,1664,-0.3915043634715403,-10.152490957099676,0.3623798076923077
"SMA20/50 cross, only after two winning crosses",H1,soft,79,-0.4459545192650602,-2.6946780180593213,0.3670886075949367
"SB second breakout (small double bottom, buy stop over H1)",H1,soft,480,-0.39592810838124326,-5.766791527796938,0.34375
Sweep of an obvious low + inversion FVG close,H1,soft,3282,-0.9083109212575179,-10.185247314301218,0.30225472273004267
"Trendline touch + Stochastic(5,3,3) cross from oversold",H1,soft,862,-0.6555845348970433,-10.370425081192298,0.33874709976798145
"Z1 fresh demand zone, blind limit at proximal, 2R",H1,soft,572,-1.273802238433472,-12.352271469533894,0.26223776223776224
"Z2 fresh demand zone + inside bar breakout, 2R",H1,soft,53,-0.9837316055342836,-3.8243367090379077,0.24528301886792453
"Z3 fresh demand zone + strict engulfing, 2R",H1,soft,35,-0.6691737006817545,-2.2443507824594104,0.3142857142857143
#35 breaker + break-even at 1R,H1,soft,3326,-0.759602097299281,-11.267033022507754,0.22940469031870114
#33 gap retest + break-even at 1R,H1,soft,860,-0.47164067204251103,-8.077727845060934,0.19534883720930232
"Z0 baseline: any bullish close above the prior high as a zone, blind limit, 2R",H1,soft,12009,-0.9635557649079445,-51.58797791382216,0.2937796652510617
Z1 + discount location (lower 40% of the 500-bar range),H1,soft,253,-1.3185295940564554,-7.798624433276893,0.25296442687747034
Z4 action matrix: Z1 + uptrend (SMA200 rising),H1,soft,297,-1.2433696070134088,-9.967768151347427,0.25925925925925924
Z4 action matrix: Z1 + uptrend + discount,H1,soft,39,-1.0130488305137708,-3.5859314907925595,0.28205128205128205
"#33 gap retest after BOS, pullback target",H4,soft,364,-0.1425037500064738,-1.4764086210900764,0.3543956043956044
#35 breaker block retest 2R,H4,soft,1282,-0.3811125187857103,-9.257285277563403,0.3330733229329173
HA flip alone (3+ red then green no lower wick),H4,soft,861,-0.14812134850851902,-3.419892865084951,0.39256678281068524
"HA at support (rejected level, HA turns green)",H4,soft,1447,-0.16511980659227352,-5.542566869299691,0.39668279198341394
"FVG inversion (bearish gap broken up, retest)",H4,soft,5339,-0.9779968706686936,-25.96920377973636,0.3004307922831991
FVG nearest the 61.8% retracement,H4,soft,458,-0.8793779287383562,-7.1789447910350965,0.2903930131004367
FVG + EMA200 trend + MACD cross on the retest,H4,soft,443,-0.16162094406564942,-3.1750917679138633,0.38826185101580135
Pullback to SMA50 + rejection candle,H4,soft,608,-0.36196718704319975,-5.937827359763638,0.34210526315789475
Pullback to SMA50 + RSI crosses 50,H4,soft,519,-0.19315929396117468,-2.786016683215605,0.37764932562620424
Broken resistance retest + RSI crosses 50,H4,soft,565,-0.301258715286035,-4.936472191489895,0.368141592920354
Williams VIX Fix + Stochastic cross,H4,soft,2765,-0.5101224315612936,-12.375268904912371,0.338878842676311
SMA20/50 cross (every signal),H4,soft,577,-0.37122096485810185,-3.330246754718453,0.4038128249566724
"SMA20/50 cross, only after two winning crosses",H4,soft,35,-0.4001914538443089,-2.1089563229711823,0.34285714285714286
"SB second breakout (small double bottom, buy stop over H1)",H4,soft,146,-0.0991080185360186,-0.9944863196803354,0.3904109589041096
Sweep of an obvious low + inversion FVG close,H4,soft,1379,-0.493681588787599,-9.861045399276476,0.34155184916606235
"Trendline touch + Stochastic(5,3,3) cross from oversold",H4,soft,376,-0.5271660983512931,-6.927775602950332,0.29521276595744683
"Z1 fresh demand zone, blind limit at proximal, 2R",H4,soft,506,-0.3812589984122119,-5.2273089645033615,0.36363636363636365
"Z2 fresh demand zone + inside bar breakout, 2R",H4,soft,69,-0.3390365098265634,-1.9845270613269075,0.3333333333333333
"Z3 fresh demand zone + strict engulfing, 2R",H4,soft,39,-0.1335068601064193,-0.5810923334045,0.38461538461538464
#35 breaker + break-even at 1R,H4,soft,1282,-0.3599223294325337,-9.499369626634495,0.26911076443057724
#33 gap retest + break-even at 1R,H4,soft,364,-0.16639820467949343,-1.9078222539305492,0.27472527472527475
"Z0 baseline: any bullish close above the prior high as a zone, blind limit, 2R",H4,soft,5196,-0.5869617152445613,-24.782994495044978,0.3248652809853734
Z1 + discount location (lower 40% of the 500-bar range),H4,soft,192,-0.15527349355397746,-1.3429098265195811,0.4166666666666667
Z4 action matrix: Z1 + uptrend (SMA200 rising),H4,soft,268,-0.38514579054134995,-4.041941209502485,0.3656716417910448
Z4 action matrix: Z1 + uptrend + discount,H4,soft,26,0.033165995891277604,0.10649314036086323,0.5
"#33 gap retest after BOS, pullback target",D1,soft,69,-0.2599556647996972,-1.5127899719924485,0.2898550724637681
#35 breaker block retest 2R,D1,soft,224,-0.19213112496903964,-2.098227980793094,0.33035714285714285
HA flip alone (3+ red then green no lower wick),D1,soft,174,0.05299086306757968,0.529018034879105,0.40804597701149425
"HA at support (rejected level, HA turns green)",D1,soft,214,-0.11455337531433797,-1.4168071049835933,0.3598130841121495
"FVG inversion (bearish gap broken up, retest)",D1,soft,928,-0.6402709477637284,-8.952954432306882,0.32435344827586204
FVG nearest the 61.8% retracement,D1,soft,103,-0.6575008136699501,-3.4515954443586248,0.2912621359223301
FVG + EMA200 trend + MACD cross on the retest,D1,soft,59,-0.037080993173422956,-0.2508387649453136,0.3898305084745763
Pullback to SMA50 + rejection candle,D1,soft,94,-0.17216649588118207,-1.0799673618477283,0.3829787234042553
Pullback to SMA50 + RSI crosses 50,D1,soft,94,0.03009670600295067,0.21204488414952638,0.425531914893617
Broken resistance retest + RSI crosses 50,D1,soft,114,-0.06815147635183837,-0.5190728364252037,0.41228070175438597
Williams VIX Fix + Stochastic cross,D1,soft,567,-0.3122246477028562,-4.50594069819473,0.31922398589065254
SMA20/50 cross (every signal),D1,soft,105,-0.006644103578513577,-0.06132704834065053,0.41904761904761906
"SMA20/50 cross, only after two winning crosses",D1,soft,6,-0.31614381944139797,-1.0751703668021313,0.5
"SB second breakout (small double bottom, buy stop over H1)",D1,soft,38,0.2891125461196919,1.3547222880632708,0.47368421052631576
Sweep of an obvious low + inversion FVG close,D1,soft,225,-0.6604556672771772,-4.3921348076840925,0.26666666666666666
"Trendline touch + Stochastic(5,3,3) cross from oversold",D1,soft,62,-0.20322625002553385,-1.1186628659530746,0.3548387096774194
"Z1 fresh demand zone, blind limit at proximal, 2R",D1,soft,24,-0.18915986269712448,-0.6450570655172648,0.3333333333333333
#35 breaker + break-even at 1R,D1,soft,224,-0.23794703855050361,-3.0103531862439863,0.22321428571428573
#33 gap retest + break-even at 1R,D1,soft,69,-0.04449071589708868,-0.2933774726037315,0.2318840579710145
"Z0 baseline: any bullish close above the prior high as a zone, blind limit, 2R",D1,soft,1031,-0.2801664287493601,-6.1782551729483695,0.32492725509214354
Z1 + discount location (lower 40% of the 500-bar range),D1,soft,7,-0.6843746559960502,-1.7263367576267552,0.14285714285714285
Z4 action matrix: Z1 + uptrend (SMA200 rising),D1,soft,8,-0.4168543070554733,-0.8399941302499935,0.25
"Equal lows above a demand zone, limit at zone top",H4,soft,19,-0.7117255592816755,-1.4285842769643946,0.3684210526315789
"Z2 fresh demand zone + inside bar breakout, 2R",D1,soft,3,0.7611643075942993,0.8026573558519489,0.6666666666666666
"Z2 fresh demand zone + inside bar breakout, 2R",D1,index,8,-0.6571238785982132,-1.7383715669157844,0.125
Z4 action matrix: Z1 + uptrend + discount,D1,index,6,-1.0612185994784038,-28.277958720724502,0.0
"Z3 fresh demand zone + strict engulfing, 2R",D1,index,7,0.21859511307307652,0.3674410408862437,0.42857142857142855
"Equal lows above a demand zone, limit at zone top",D1,index,5,0.17109806537628175,0.23152622708068146,0.4
"#33 gap retest after BOS, pullback target",ALL,energy,8102,-0.639065575074856,-24.010277037781123,0.2245124660577635
"#33 gap retest after BOS, pullback target",M5,energy,3461,-0.6739981944568625,-15.858528858038381,0.2432822883559665
#35 breaker block retest 2R,ALL,energy,56719,-0.6739191451662924,-75.13129498654699,0.29535076429415186
#35 breaker block retest 2R,M5,energy,34979,-0.7666695334274896,-63.4381031417748,0.2890019726121387
HA flip alone (3+ red then green no lower wick),ALL,energy,42868,-0.6386871749468919,-55.341800803824164,0.30015396099654756
HA flip alone (3+ red then green no lower wick),M5,energy,27392,-0.7666769700554992,-57.3729772226861,0.2903402453271028
"HA at support (rejected level, HA turns green)",ALL,energy,59852,-0.385344052246194,-54.777300027648714,0.31694847289981953
"HA at support (rejected level, HA turns green)",M5,energy,37007,-0.46895077033979765,-49.38010694761986,0.30740130245629205
"FVG inversion (bearish gap broken up, retest)",ALL,energy,248838,-0.9001097347701169,-180.29888619276974,0.2858325496909636
"FVG inversion (bearish gap broken up, retest)",M5,energy,155251,-0.962137442536368,-148.54189872953344,0.283154375817225
FVG nearest the 61.8% retracement,ALL,energy,22682,-0.627316554059709,-44.64658622496858,0.3025306410369456
FVG nearest the 61.8% retracement,M5,energy,14256,-0.6894738171647642,-37.26979252257688,0.29790965207631875
FVG + EMA200 trend + MACD cross on the retest,ALL,energy,20391,-0.4494956244885106,-36.210349172860056,0.3112647736746604
FVG + EMA200 trend + MACD cross on the retest,M5,energy,12848,-0.5176503212476549,-31.070633963545898,0.3086083437110834
Pullback to SMA50 + rejection candle,ALL,energy,28098,-0.6037361042760276,-49.808054323440786,0.3016584810306783
Pullback to SMA50 + rejection candle,M5,energy,17657,-0.7060745714995075,-43.1214187951427,0.2959166336297219
Pullback to SMA50 + RSI crosses 50,ALL,energy,24688,-0.49091849018207867,-41.315181042454235,0.3108797796500324
Pullback to SMA50 + RSI crosses 50,M5,energy,15698,-0.5910275041934556,-37.41646226534552,0.30086635240157983
Broken resistance retest + RSI crosses 50,ALL,energy,24744,-0.4324907864366691,-38.22097244039629,0.3101357904946654
Broken resistance retest + RSI crosses 50,M5,energy,15114,-0.49545959574754567,-32.52848281586339,0.3058753473600635
Williams VIX Fix + Stochastic cross,ALL,energy,147352,-0.635861193517866,-116.80373250830854,0.301930072208046
Williams VIX Fix + Stochastic cross,M5,energy,91375,-0.723524943150817,-98.51123814086925,0.2982544459644323
"Equal lows above a demand zone, limit at zone top",ALL,energy,1557,-0.559103977926286,-11.256840474275492,0.3037893384714194
"Equal lows above a demand zone, limit at zone top",M5,energy,957,-0.5753669411123048,-8.684596022435974,0.30929989550679204
SMA20/50 cross (every signal),ALL,energy,30965,-0.40611561674464014,-39.936055613210556,0.3225577264653641
SMA20/50 cross (every signal),M5,energy,19257,-0.4826471840135957,-35.71916679406034,0.30986134911980057
"SMA20/50 cross, only after two winning crosses",ALL,energy,1237,-0.40888728964441395,-8.684233004492638,0.3104284559417947
"SMA20/50 cross, only after two winning crosses",M5,energy,695,-0.44223883776999207,-6.599001164184325,0.3064748201438849
"SB second breakout (small double bottom, buy stop over H1)",ALL,energy,9671,-0.3874787460684121,-21.49453383278153,0.3266466756281667
"SB second breakout (small double bottom, buy stop over H1)",M5,energy,6179,-0.4338953385251205,-18.404969201737426,0.32513351675028324
Sweep of an obvious low + inversion FVG close,ALL,energy,58792,-0.5549163765779883,-66.07797386748145,0.30507552047897674
Sweep of an obvious low + inversion FVG close,M5,energy,35979,-0.6189957494579769,-54.315932015097864,0.29992495622446425
"Trendline touch + Stochastic(5,3,3) cross from oversold",ALL,energy,15372,-0.5358872539746097,-33.48293914916601,0.3084829560239396
"Trendline touch + Stochastic(5,3,3) cross from oversold",M5,energy,9651,-0.5922048124077005,-27.960780510454292,0.30701481711739714
"Z1 fresh demand zone, blind limit at proximal, 2R",ALL,energy,6090,-1.1878544641884996,-33.951857088424035,0.26486042692939243
"Z1 fresh demand zone, blind limit at proximal, 2R",M5,energy,3518,-1.3099729716550133,-26.915214199158644,0.2649232518476407
"Z2 fresh demand zone + inside bar breakout, 2R",ALL,energy,514,-1.0648499966783862,-9.48730243554849,0.2821011673151751
"Z2 fresh demand zone + inside bar breakout, 2R",M5,energy,326,-1.3360545063231346,-8.927686936149668,0.24539877300613497
"Z3 fresh demand zone + strict engulfing, 2R",ALL,energy,504,-0.8997185810631703,-9.156374922808713,0.2757936507936508
"Z3 fresh demand zone + strict engulfing, 2R",M5,energy,321,-1.0386591100154265,-8.015835486235162,0.26479750778816197
#35 breaker + break-even at 1R,ALL,energy,56719,-0.6732659193841783,-79.2972528875681,0.22468661295156825
#35 breaker + break-even at 1R,M5,energy,34979,-0.7630780543819414,-66.25919117545936,0.22130421109808743
#33 gap retest + break-even at 1R,ALL,energy,8102,-0.5797322318923599,-23.311884413533566,0.15959022463589237
#33 gap retest + break-even at 1R,M5,energy,3461,-0.6670315016161439,-16.791976334456546,0.16989309448136378
"Z0 baseline: any bullish close above the prior high as a zone, blind limit, 2R",ALL,energy,115686,-0.6985216178991945,-110.7455769399761,0.2914354373044275
"Z0 baseline: any bullish close above the prior high as a zone, blind limit, 2R",M5,energy,56006,-0.7844544686516934,-81.64074413366184,0.2891654465592972
Z1 + discount location (lower 40% of the 500-bar range),ALL,energy,2563,-1.1797149703676957,-22.073208302072857,0.26024190401872804
Z1 + discount location (lower 40% of the 500-bar range),M5,energy,1520,-1.3667814418636752,-18.1576763225574,0.25855263157894737
Z4 action matrix: Z1 + uptrend (SMA200 rising),ALL,energy,3493,-1.1918683949252178,-25.88791250746462,0.2619524763813341
Z4 action matrix: Z1 + uptrend (SMA200 rising),M5,energy,2084,-1.2750866252521407,-20.563739756154124,0.2624760076775432
Z4 action matrix: Z1 + uptrend + discount,ALL,energy,567,-1.199527363573748,-10.822394859045955,0.2328042328042328
Z4 action matrix: Z1 + uptrend + discount,M5,energy,395,-1.3564787019279938,-9.661137903996538,0.22784810126582278
"#33 gap retest after BOS, pullback target",M15,energy,2260,-0.6860473799329679,-13.720090399030338,0.20442477876106194
#35 breaker block retest 2R,M15,energy,11909,-0.6129117385186598,-33.8255985737791,0.2947350743135444
HA flip alone (3+ red then green no lower wick),M15,energy,8416,-0.525986543363954,-14.59678696001759,0.3073906844106464
"HA at support (rejected level, HA turns green)",M15,energy,12188,-0.30766374164359767,-21.24591858510888,0.3201509681654086
"FVG inversion (bearish gap broken up, retest)",M15,energy,51312,-0.8504171918278464,-81.26640226267965,0.2856641721234799
FVG nearest the 61.8% retracement,M15,energy,4698,-0.5735390345630799,-19.44638175373712,0.30864197530864196
FVG + EMA200 trend + MACD cross on the retest,M15,energy,4092,-0.37618938055597717,-14.805308752153014,0.30913978494623656
Pullback to SMA50 + rejection candle,M15,energy,5836,-0.5180047026866021,-21.204792877659496,0.3039753255654558
Pullback to SMA50 + RSI crosses 50,M15,energy,5136,-0.3774031149887123,-15.660284165077591,0.32242990654205606
Broken resistance retest + RSI crosses 50,M15,energy,5277,-0.37669772757566733,-16.033539041193006,0.3160886867538374
Williams VIX Fix + Stochastic cross,M15,energy,30947,-0.5357250349316448,-49.080438143782544,0.3080427828222445
"Equal lows above a demand zone, limit at zone top",M15,energy,321,-0.6175850735878647,-5.849213408766823,0.2772585669781931
SMA20/50 cross (every signal),M15,energy,6565,-0.35064222794551025,-16.321727027854948,0.32414318354912414
"SMA20/50 cross, only after two winning crosses",M15,energy,286,-0.49567603377195507,-5.433315370888929,0.2727272727272727
"SB second breakout (small double bottom, buy stop over H1)",M15,energy,2034,-0.365441485060628,-9.744378463976526,0.32104228121927236
Sweep of an obvious low + inversion FVG close,M15,energy,12231,-0.5092894310506985,-30.202012900557634,0.30455400212574607
"Trendline touch + Stochastic(5,3,3) cross from oversold",M15,energy,3088,-0.5087284998261911,-15.209789298032586,0.3021373056994819
"Z1 fresh demand zone, blind limit at proximal, 2R",M15,energy,1381,-1.2170330219788128,-16.458240457956386,0.25778421433743665
"Z2 fresh demand zone + inside bar breakout, 2R",M15,energy,102,-0.8266980729851068,-3.4606900244784367,0.3333333333333333
"Z3 fresh demand zone + strict engulfing, 2R",M15,energy,97,-0.508272764609032,-2.9872598486677946,0.29896907216494845
#35 breaker + break-even at 1R,M15,energy,11909,-0.6105327725124277,-35.871316598985146,0.22411621462759257
#33 gap retest + break-even at 1R,M15,energy,2260,-0.6111650344996046,-13.224084142158526,0.1433628318584071
"Z0 baseline: any bullish close above the prior high as a zone, blind limit, 2R",M15,energy,28141,-0.6832051973559491,-54.042469070699184,0.2916385345225827
Z1 + discount location (lower 40% of the 500-bar range),M15,energy,543,-1.0768037842789024,-9.748767958840006,0.2578268876611418
Z4 action matrix: Z1 + uptrend (SMA200 rising),M15,energy,772,-1.2137599003747337,-12.256979000342936,0.2616580310880829
Z4 action matrix: Z1 + uptrend + discount,M15,energy,98,-0.6960629582861249,-3.0258224288658013,0.2857142857142857
"#33 gap retest after BOS, pullback target",M30,energy,1379,-0.5970334201548694,-9.803464722182854,0.2001450326323423
#35 breaker block retest 2R,M30,energy,5766,-0.49528841864573825,-20.55404063305048,0.30558446063128686
HA flip alone (3+ red then green no lower wick),M30,energy,4340,-0.3388357745112276,-13.666923625417082,0.3170506912442396
"HA at support (rejected level, HA turns green)",M30,energy,6175,-0.23019491138374093,-12.061756195894999,0.3287449392712551
"FVG inversion (bearish gap broken up, retest)",M30,energy,25382,-0.8036939773846673,-54.96845574391702,0.2890631155937278
FVG nearest the 61.8% retracement,M30,energy,2241,-0.5429493285206906,-13.398758813668401,0.29808121374386437
FVG + EMA200 trend + MACD cross on the retest,M30,energy,2041,-0.34265552262608134,-10.113578585191384,0.300342969132778
Pullback to SMA50 + rejection candle,M30,energy,2699,-0.3714278086494736,-11.837920167876014,0.31085587254538716
Pullback to SMA50 + RSI crosses 50,M30,energy,2263,-0.24246679564260548,-7.297287674982661,0.3384887317719841
Broken resistance retest + RSI crosses 50,M30,energy,2542,-0.3212126946480861,-10.258984596320426,0.3131392604248623
Williams VIX Fix + Stochastic cross,M30,energy,14896,-0.48606948915781595,-32.60700244967905,0.30410848549946295
"Equal lows above a demand zone, limit at zone top",M30,energy,170,-0.5407045471317627,-4.035671530751157,0.29411764705882354
SMA20/50 cross (every signal),M30,energy,3072,-0.22294879529599143,-8.004724641025247,0.3518880208333333
"SMA20/50 cross, only after two winning crosses",M30,energy,142,-0.3167902908851983,-2.5412985918529523,0.31690140845070425
"SB second breakout (small double bottom, buy stop over H1)",M30,energy,890,-0.25897273807681764,-4.953941154973467,0.33146067415730335
Sweep of an obvious low + inversion FVG close,M30,energy,6335,-0.4520336373204155,-20.068353373719344,0.31097079715864245
"Trendline touch + Stochastic(5,3,3) cross from oversold",M30,energy,1529,-0.42833847784485357,-9.11879465430926,0.31523871811641596
"Z1 fresh demand zone, blind limit at proximal, 2R",M30,energy,703,-0.8277294960556549,-9.741422516937092,0.2773826458036984
"Z2 fresh demand zone + inside bar breakout, 2R",M30,energy,59,-0.5345925793872547,-2.16697372641928,0.3220338983050847
"Z3 fresh demand zone + strict engulfing, 2R",M30,energy,53,-0.9403193491809773,-2.807551345868761,0.2830188679245283
#35 breaker + break-even at 1R,M30,energy,5766,-0.4964594544820711,-22.34921087121379,0.2299687825182102
#33 gap retest + break-even at 1R,M30,energy,1379,-0.5002450651966678,-8.79475891629821,0.14720812182741116
"Z0 baseline: any bullish close above the prior high as a zone, blind limit, 2R",M30,energy,17176,-0.6292600662992962,-41.409384835962854,0.2879017233348859
Z1 + discount location (lower 40% of the 500-bar range),M30,energy,318,-0.7099257005882338,-6.279502620650219,0.27672955974842767
Z4 action matrix: Z1 + uptrend (SMA200 rising),M30,energy,373,-0.9837315072362928,-7.939019000493185,0.2546916890080429
Z4 action matrix: Z1 + uptrend + discount,M30,energy,47,-0.992433119327464,-3.1959769120567034,0.19148936170212766
"#33 gap retest after BOS, pullback target",H1,energy,700,-0.582014039978385,-8.97176234663216,0.1957142857142857
#35 breaker block retest 2R,H1,energy,2944,-0.3437964059508965,-9.73132283009742,0.33559782608695654
HA flip alone (3+ red then green no lower wick),H1,energy,2139,-0.2255695380695868,-7.032223806077746,0.33286582515194013
"HA at support (rejected level, HA turns green)",H1,energy,3239,-0.14289854646109904,-5.854223396699197,0.3556653288051868
"FVG inversion (bearish gap broken up, retest)",H1,energy,12625,-0.6888544956894942,-35.497266986819156,0.29837623762376236
FVG nearest the 61.8% retracement,H1,energy,1065,-0.35235297791353765,-6.6150770433091,0.3286384976525822
FVG + EMA200 trend + MACD cross on the retest,H1,energy,1051,-0.23659803595510864,-5.594564273293209,0.3368220742150333
Pullback to SMA50 + rejection candle,H1,energy,1406,-0.3012928752780721,-7.313518912369225,0.3186344238975818
Pullback to SMA50 + RSI crosses 50,H1,energy,1171,-0.25787700389779905,-6.107786459248265,0.31682322801024765
Broken resistance retest + RSI crosses 50,H1,energy,1302,-0.27799687598017936,-7.0318652927855005,0.30798771121351765
Williams VIX Fix + Stochastic cross,H1,energy,7683,-0.41278924477433554,-21.294879623957726,0.30743199271118055
"Equal lows above a demand zone, limit at zone top",H1,energy,96,-0.22982561867684126,-1.3404750243228043,0.3645833333333333
SMA20/50 cross (every signal),H1,energy,1566,-0.18456584883117536,-5.0847556401789955,0.36845466155810985
"SMA20/50 cross, only after two winning crosses",H1,energy,82,-0.15998169160788742,-0.974916251482357,0.4146341463414634
"SB second breakout (small double bottom, buy stop over H1)",H1,energy,416,-0.2319539795146109,-3.2656617579937954,0.3269230769230769
Sweep of an obvious low + inversion FVG close,H1,energy,3020,-0.36633206572112265,-11.547328914708554,0.326158940397351
"Trendline touch + Stochastic(5,3,3) cross from oversold",H1,energy,761,-0.32332435626727524,-5.400819014428228,0.3219448094612352
"Z1 fresh demand zone, blind limit at proximal, 2R",H1,energy,274,-0.9702897702554499,-7.946371789809451,0.2116788321167883
"Z2 fresh demand zone + inside bar breakout, 2R",H1,energy,6,0.7965785264968872,1.313218296289377,0.6666666666666666
"Z3 fresh demand zone + strict engulfing, 2R",H1,energy,12,-0.5382167100906372,-0.9450606458092349,0.3333333333333333
#35 breaker + break-even at 1R,H1,energy,2944,-0.3772151738750203,-11.544844681147124,0.24490489130434784
#33 gap retest + break-even at 1R,H1,energy,700,-0.38939192600082606,-6.538872293526093,0.15
"Z0 baseline: any bullish close above the prior high as a zone, blind limit, 2R",H1,energy,10060,-0.5572101815714534,-29.881949143714134,0.291948310139165
Z1 + discount location (lower 40% of the 500-bar range),H1,energy,109,-1.0315176505561268,-5.506513155670323,0.1834862385321101
Z4 action matrix: Z1 + uptrend (SMA200 rising),H1,energy,148,-1.0590985896367882,-5.922445900865366,0.20945945945945946
Z4 action matrix: Z1 + uptrend + discount,H1,energy,20,-1.1069556772708893,-2.042559903081985,0.2
"#33 gap retest after BOS, pullback target",H4,energy,247,-0.23800610339925116,-1.1076817978583207,0.3441295546558704
#35 breaker block retest 2R,H4,energy,977,-0.21629752400984173,-4.600266681015852,0.34698055271238487
HA flip alone (3+ red then green no lower wick),H4,energy,488,-0.013206338341973845,-0.22170719997856858,0.4077868852459016
"HA at support (rejected level, HA turns green)",H4,energy,1067,-0.05641740587240586,-1.564368598887842,0.41237113402061853
"FVG inversion (bearish gap broken up, retest)",H4,energy,3597,-0.4604844981913235,-8.09484246077862,0.3324993049763692
FVG nearest the 61.8% retracement,H4,energy,363,-0.3272900491085073,-3.7406380044441785,0.33884297520661155
FVG + EMA200 trend + MACD cross on the retest,H4,energy,327,-0.06888203088379079,-1.0615119187308504,0.42201834862385323
Pullback to SMA50 + rejection candle,H4,energy,433,-0.07410243763125934,-1.1134790317541898,0.38799076212471134
Pullback to SMA50 + RSI crosses 50,H4,energy,346,-0.11245761254554712,-1.6353948717626983,0.3815028901734104
Broken resistance retest + RSI crosses 50,H4,energy,441,-0.09771397030427144,-1.573293322856632,0.36054421768707484
Williams VIX Fix + Stochastic cross,H4,energy,2097,-0.24068810354472345,-7.3427699811318385,0.3361945636623748
"Equal lows above a demand zone, limit at zone top",H4,energy,13,-0.5900684584362003,-1.6446712640656433,0.23076923076923078
SMA20/50 cross (every signal),H4,energy,435,-0.042323790316138116,-0.8001692985162818,0.45057471264367815
"SMA20/50 cross, only after two winning crosses",H4,energy,26,0.048528500904257484,0.21782261834316013,0.38461538461538464
"SB second breakout (small double bottom, buy stop over H1)",H4,energy,124,0.1044590862828397,0.8822681360315083,0.47580645161290325
Sweep of an obvious low + inversion FVG close,H4,energy,1084,-0.12467759005326737,-2.5995282582492774,0.3828413284132841
"Trendline touch + Stochastic(5,3,3) cross from oversold",H4,energy,274,-0.24698149769084296,-2.8535731504428505,0.32116788321167883
"Z1 fresh demand zone, blind limit at proximal, 2R",H4,energy,202,-0.4886068829639566,-3.7854009488246763,0.3316831683168317
"Z2 fresh demand zone + inside bar breakout, 2R",H4,energy,21,-0.03306832200004941,-0.09375704556435895,0.38095238095238093
"Z3 fresh demand zone + strict engulfing, 2R",H4,energy,21,-0.6881241117204938,-1.5980747104570365,0.2857142857142857
#35 breaker + break-even at 1R,H4,energy,977,-0.21657131913884475,-5.120316584507868,0.2640736949846469
#33 gap retest + break-even at 1R,H4,energy,247,-0.18886677749258907,-0.9002539385822539,0.2388663967611336
"Z0 baseline: any bullish close above the prior high as a zone, blind limit, 2R",H4,energy,3590,-0.3362892791270188,-12.094353445910953,0.3261838440111421
Z1 + discount location (lower 40% of the 500-bar range),H4,energy,68,-0.3087271451950073,-1.5151371123489203,0.36764705882352944
Z4 action matrix: Z1 + uptrend (SMA200 rising),H4,energy,112,-0.419999874446408,-2.398244687450407,0.3392857142857143
Z4 action matrix: Z1 + uptrend + discount,H4,energy,6,-1.0498687426249187,-1.5148241315457855,0.16666666666666666
"#33 gap retest after BOS, pullback target",D1,energy,55,-0.09141886681318283,-0.45609574878978265,0.3090909090909091
#35 breaker block retest 2R,D1,energy,144,-0.19602895083112848,-1.7256083745692976,0.3055555555555556
HA flip alone (3+ red then green no lower wick),D1,energy,93,0.0834590699824114,0.6558814778213863,0.43010752688172044
"HA at support (rejected level, HA turns green)",D1,energy,176,-0.08435245496697132,-1.0511009927470623,0.3977272727272727
"FVG inversion (bearish gap broken up, retest)",D1,energy,671,-0.3272546354553561,-5.3417613329229585,0.30998509687034276
FVG nearest the 61.8% retracement,D1,energy,59,0.09563893584881798,0.493240347195081,0.4067796610169492
FVG + EMA200 trend + MACD cross on the retest,D1,energy,32,-0.15556639852002263,-0.7743086883004225,0.375
Pullback to SMA50 + rejection candle,D1,energy,67,-0.2291807525638324,-1.4932294212219948,0.3283582089552239
Pullback to SMA50 + RSI crosses 50,D1,energy,74,-0.18806570486442462,-1.3197896256303194,0.36486486486486486
Broken resistance retest + RSI crosses 50,D1,energy,68,-0.055519379675388336,-0.3659632753487272,0.39705882352941174
Williams VIX Fix + Stochastic cross,D1,energy,354,-0.24737406660944727,-3.414091038748837,0.3022598870056497
SMA20/50 cross (every signal),D1,energy,70,0.18960919601044485,1.4039751691138795,0.5571428571428572
"SMA20/50 cross, only after two winning crosses",D1,energy,6,0.02778993546962738,0.05824224620814837,0.6666666666666666
"SB second breakout (small double bottom, buy stop over H1)",D1,energy,28,-0.31907179286437376,-1.3489644780785064,0.25
Sweep of an obvious low + inversion FVG close,D1,energy,143,-0.13685365260897817,-1.1143508911816977,0.34965034965034963
"Trendline touch + Stochastic(5,3,3) cross from oversold",D1,energy,69,0.2509519133878791,1.4339234930967055,0.4492753623188406
"Z1 fresh demand zone, blind limit at proximal, 2R",D1,energy,12,0.13547115524609885,0.293487939597299,0.4166666666666667
#35 breaker + break-even at 1R,D1,energy,144,-0.2759080850309046,-2.824434353130247,0.2013888888888889
#33 gap retest + break-even at 1R,D1,energy,55,0.034560898511501195,0.17796954253071545,0.2545454545454545
"Z0 baseline: any bullish close above the prior high as a zone, blind limit, 2R",D1,energy,713,-0.03920563920642684,-0.7141304422846811,0.364656381486676
"Equal lows above a demand zone, limit at zone top",D1,soft,1,-1.1857149600982666,,0.0
"Z3 fresh demand zone + strict engulfing, 2R",D1,soft,3,-0.049228151639302574,-0.048165029236694516,0.3333333333333333
Z1 + discount location (lower 40% of the 500-bar range),D1,energy,5,-0.4423959970474243,-0.7393241993008255,0.2
Z4 action matrix: Z1 + uptrend (SMA200 rising),D1,energy,4,0.4563240110874176,0.5315237591882255,0.5
Z4 action matrix: Z1 + uptrend + discount,D1,energy,1,-1.0260753631591797,,0.0
"#33 gap retest after BOS, pullback target",ALL,metal,20462,-0.9387219444364582,-34.37172269793961,0.27084351480793667
"#33 gap retest after BOS, pullback target",M5,metal,9743,-1.3193810658131238,-25.081816266503562,0.25721030483423996
#35 breaker block retest 2R,ALL,metal,131854,-1.287602822616047,-153.9746430708233,0.2638979477300651
#35 breaker block retest 2R,M5,metal,85049,-1.5047444975435573,-126.41216414725217,0.245188068054886
HA flip alone (3+ red then green no lower wick),ALL,metal,114263,-0.90946454834714,-174.20272456817148,0.2998520956040013
HA flip alone (3+ red then green no lower wick),M5,metal,75034,-1.0580778169817062,-161.7685715674381,0.28952208332222723
"HA at support (rejected level, HA turns green)",ALL,metal,195196,-0.6662417847854745,-179.333258843881,0.3154675300723375
"HA at support (rejected level, HA turns green)",M5,metal,121353,-0.813356284665946,-164.2906829064538,0.30546422420541725
"FVG inversion (bearish gap broken up, retest)",ALL,metal,636780,-1.6882506297142246,-485.9450954357608,0.22016709067495838
"FVG inversion (bearish gap broken up, retest)",M5,metal,418635,-1.820420594444144,-409.54357787553016,0.20659285535132035
FVG nearest the 61.8% retracement,ALL,metal,57964,-1.284378030885128,-59.175280072422865,0.26987440480298114
FVG nearest the 61.8% retracement,M5,metal,36676,-1.39727859084438,-137.95171545071113,0.2539535390991384
FVG + EMA200 trend + MACD cross on the retest,ALL,metal,50947,-0.7461809911348426,-95.09430804871543,0.3042573654974778
FVG + EMA200 trend + MACD cross on the retest,M5,metal,33224,-0.896805792219004,-102.38364826548406,0.2881350830724777
Pullback to SMA50 + rejection candle,ALL,metal,93078,-1.0090447837533,-179.40787279790413,0.28351490148047875
Pullback to SMA50 + rejection candle,M5,metal,57716,-1.1775816376568125,-161.81124203243604,0.267499480213459
Pullback to SMA50 + RSI crosses 50,ALL,metal,76584,-0.8884905915047029,-154.82852998042915,0.29362530032382744
Pullback to SMA50 + RSI crosses 50,M5,metal,47827,-1.0469643266366921,-142.687527388885,0.28090827356932274
Broken resistance retest + RSI crosses 50,ALL,metal,71088,-0.8541636116003949,-143.10869271774274,0.2960415259959487
Broken resistance retest + RSI crosses 50,M5,metal,42541,-1.016097492804551,-128.6759067334477,0.2839378481935074
Williams VIX Fix + Stochastic cross,ALL,metal,355936,-0.9680631696163539,-318.30285934251725,0.30157387845005845
Williams VIX Fix + Stochastic cross,M5,metal,219913,-1.1290080715788153,-290.08084267961294,0.2885504722322009
"Equal lows above a demand zone, limit at zone top",ALL,metal,5597,-0.9781992406295125,-39.08651492456082,0.30677148472395926
"Equal lows above a demand zone, limit at zone top",M5,metal,3325,-1.1653774197258167,-34.22077059323699,0.28661654135338344
SMA20/50 cross (every signal),ALL,metal,84162,-0.7258211149158036,-120.86198056186912,0.31219552767282144
SMA20/50 cross (every signal),M5,metal,52427,-0.8650710916453161,-106.02194125650058,0.29858660613805865
"SMA20/50 cross, only after two winning crosses",ALL,metal,3068,-0.667329088032001,-23.027766400870465,0.3239895697522816
"SMA20/50 cross, only after two winning crosses",M5,metal,1697,-0.8511975028028829,-20.54945356425623,0.30524454920447847
"SB second breakout (small double bottom, buy stop over H1)",ALL,metal,25634,-0.6677840017970802,-69.68880604503553,0.3240617929312632
"SB second breakout (small double bottom, buy stop over H1)",M5,metal,16058,-0.789462141435612,-64.13972088086815,0.31597957404409016
Sweep of an obvious low + inversion FVG close,ALL,metal,158217,-1.220100169932362,-237.3138653080036,0.2666780434466587
Sweep of an obvious low + inversion FVG close,M5,metal,101616,-1.3646409215865867,-221.4166543638212,0.2540938434892143
"Trendline touch + Stochastic(5,3,3) cross from oversold",ALL,metal,49124,-1.0837371093358763,-134.68188761007698,0.28768015633906036
"Trendline touch + Stochastic(5,3,3) cross from oversold",M5,metal,30787,-1.2474106591892624,-121.58694815042625,0.2709260402117777
"Z1 fresh demand zone, blind limit at proximal, 2R",ALL,metal,24382,-1.6735683912059776,-125.93716569565434,0.2369780985973259
"Z1 fresh demand zone, blind limit at proximal, 2R",M5,metal,14857,-1.9003346265526861,-109.50026855040981,0.21067510264521774
"Z2 fresh demand zone + inside bar breakout, 2R",ALL,metal,2130,-1.3495402632970248,-32.47836305235761,0.2737089201877934
"Z2 fresh demand zone + inside bar breakout, 2R",M5,metal,1338,-1.5753439620617666,-28.49171334359148,0.2615844544095665
"Z3 fresh demand zone + strict engulfing, 2R",ALL,metal,1915,-1.3004122697218752,-16.23400836993864,0.2908616187989556
"Z3 fresh demand zone + strict engulfing, 2R",M5,metal,1213,-1.410484630668744,-21.565929557964086,0.2893652102225886
#35 breaker + break-even at 1R,ALL,metal,131854,-1.2839190066812736,-157.60479979417198,0.19835575712530526
#35 breaker + break-even at 1R,M5,metal,85049,-1.4972499347502484,-128.20563492941602,0.1860692071629296
#33 gap retest + break-even at 1R,ALL,metal,20462,-0.9531729184785476,-36.25548926267843,0.184683804124719
#33 gap retest + break-even at 1R,M5,metal,9743,-1.3186951455005966,-25.597697105173918,0.1808477881555989
"Z0 baseline: any bullish close above the prior high as a zone, blind limit, 2R",ALL,metal,294959,-1.125404584067351,-338.81875203533303,0.29332890333910816
"Z0 baseline: any bullish close above the prior high as a zone, blind limit, 2R",M5,metal,150225,-1.3323980433191538,-277.00907796361196,0.2705475120652355
Z1 + discount location (lower 40% of the 500-bar range),ALL,metal,10109,-1.6782004199849592,-80.63401003996678,0.23939064200217627
Z1 + discount location (lower 40% of the 500-bar range),M5,metal,6228,-1.8896691366240228,-69.3484855417292,0.2145150931278099
Z4 action matrix: Z1 + uptrend (SMA200 rising),ALL,metal,13844,-1.6630379855385324,-95.4849342210413,0.236275642877781
Z4 action matrix: Z1 + uptrend (SMA200 rising),M5,metal,8659,-1.8902772088649145,-84.56996180927567,0.20983947338029796
Z4 action matrix: Z1 + uptrend + discount,ALL,metal,2356,-1.632497673496388,-39.760738576430754,0.23429541595925296
Z4 action matrix: Z1 + uptrend + discount,M5,metal,1625,-1.7848186150623055,-35.847178513370295,0.2123076923076923
"#33 gap retest after BOS, pullback target",M15,metal,5504,-0.7224997492832995,-23.535872067511082,0.28070494186046513
#35 breaker block retest 2R,M15,metal,26728,-1.05850755991039,-81.46205019448378,0.2850194552529183
HA flip alone (3+ red then green no lower wick),M15,metal,22396,-0.7385103304778713,-61.99284361217787,0.3107251294874085
"HA at support (rejected level, HA turns green)",M15,metal,40424,-0.523605411651878,-68.73574246868013,0.3198347516326934
"FVG inversion (bearish gap broken up, retest)",M15,metal,124575,-1.5607160326730485,-225.77545645848193,0.23291190046156934
FVG nearest the 61.8% retracement,M15,metal,11859,-1.2059908573880567,-20.291656248573265,0.2813896618601906
FVG + EMA200 trend + MACD cross on the retest,M15,metal,9844,-0.573910976760657,-23.54986183366615,0.32598537180008125
Pullback to SMA50 + rejection candle,M15,metal,19655,-0.8715887275791933,-72.22334102828087,0.29549732892393793
Pullback to SMA50 + RSI crosses 50,M15,metal,15820,-0.7539480716201925,-61.39793420034966,0.3024020227560051
Broken resistance retest + RSI crosses 50,M15,metal,15467,-0.7369042511692125,-59.7436683565902,0.30354949246783475
Williams VIX Fix + Stochastic cross,M15,metal,75384,-0.804211121889571,-138.75739882179934,0.31740157062506635
"Equal lows above a demand zone, limit at zone top",M15,metal,1316,-0.8612424334196945,-17.88218648708307,0.3183890577507599
SMA20/50 cross (every signal),M15,metal,17706,-0.602016904995155,-52.30020605482466,0.31650288037953234
"SMA20/50 cross, only after two winning crosses",M15,metal,685,-0.5117364417516838,-8.782162310087738,0.3445255474452555
"SB second breakout (small double bottom, buy stop over H1)",M15,metal,5442,-0.5389840507974663,-26.4295832070689,0.3331495773612642
Sweep of an obvious low + inversion FVG close,M15,metal,31557,-1.0832044648991468,-85.57323073425609,0.28272649491396523
"Trendline touch + Stochastic(5,3,3) cross from oversold",M15,metal,9962,-0.9405489409953011,-56.22785678728968,0.3072676169443887
"Z1 fresh demand zone, blind limit at proximal, 2R",M15,metal,5160,-1.5386207861402408,-54.485796266597006,0.2563953488372093
"Z2 fresh demand zone + inside bar breakout, 2R",M15,metal,419,-1.1877410486203686,-14.15811014088214,0.27684964200477324
"Z3 fresh demand zone + strict engulfing, 2R",M15,metal,387,-1.057142388980441,-11.43303040829395,0.268733850129199
#35 breaker + break-even at 1R,M15,metal,26728,-1.0608080178593344,-86.49221740925454,0.2118751870697396
#33 gap retest + break-even at 1R,M15,metal,5504,-0.767354526910367,-28.429895572246668,0.18531976744186046
"Z0 baseline: any bullish close above the prior high as a zone, blind limit, 2R",M15,metal,70396,-1.058991938843158,-159.8318399172908,0.30425024149099383
Z1 + discount location (lower 40% of the 500-bar range),M15,metal,2115,-1.552247807718307,-35.901706306224305,0.25295508274231676
Z4 action matrix: Z1 + uptrend (SMA200 rising),M15,metal,2831,-1.4966537052873556,-39.099465470915355,0.26351112681031436
Z4 action matrix: Z1 + uptrend + discount,M15,metal,406,-1.589804571896695,-16.513805414600007,0.23891625615763548
"#33 gap retest after BOS, pullback target",M30,metal,2988,-0.5411248795300764,-15.784608849168645,0.28012048192771083
#35 breaker block retest 2R,M30,metal,11958,-0.7955494368932983,-53.84105850049958,0.30490048503094164
HA flip alone (3+ red then green no lower wick),M30,metal,10535,-0.555714996109422,-36.4929812900758,0.3215946843853821
"HA at support (rejected level, HA turns green)",M30,metal,19596,-0.3570535536500914,-35.28185772888763,0.3335884874464176
"FVG inversion (bearish gap broken up, retest)",M30,metal,57384,-1.3742002523640076,-133.00823545698395,0.2527185278126307
FVG nearest the 61.8% retracement,M30,metal,5778,-1.102997066425397,-6.596326593267154,0.3077189338871582
FVG + EMA200 trend + MACD cross on the retest,M30,metal,4742,-0.3989791805510857,-19.261446100804644,0.3291859974694222
Pullback to SMA50 + rejection candle,M30,metal,9575,-0.6740278531383364,-42.78086455335074,0.31237597911227155
Pullback to SMA50 + RSI crosses 50,M30,metal,7812,-0.5628065210364472,-32.72065212988673,0.31771633384536613
Broken resistance retest + RSI crosses 50,M30,metal,7768,-0.5442643751423702,-32.24757871824133,0.3224768280123584
Williams VIX Fix + Stochastic cross,M30,metal,36490,-0.6549285707791161,-59.68073563780985,0.3284461496300356
"Equal lows above a demand zone, limit at zone top",M30,metal,577,-0.5534490179109098,-7.981177240837965,0.36395147313691506
SMA20/50 cross (every signal),M30,metal,8484,-0.4291523556543662,-27.119613913853,0.34052333804809054
"SMA20/50 cross, only after two winning crosses",M30,metal,374,-0.4502872299841222,-6.259268074822175,0.3235294117647059
"SB second breakout (small double bottom, buy stop over H1)",M30,metal,2526,-0.44643367816393964,-15.590191098913511,0.32977038796516234
Sweep of an obvious low + inversion FVG close,M30,metal,15203,-0.8728273466890287,-61.978702526886536,0.29434979938170097
"Trendline touch + Stochastic(5,3,3) cross from oversold",M30,metal,4950,-0.7626288018480056,-27.810957081430526,0.31717171717171716
"Z1 fresh demand zone, blind limit at proximal, 2R",M30,metal,2494,-1.2285915868156667,-32.31435100026011,0.28789093825180434
"Z2 fresh demand zone + inside bar breakout, 2R",M30,metal,215,-0.7107308812401539,-6.867017170597614,0.31627906976744186
"Z3 fresh demand zone + strict engulfing, 2R",M30,metal,166,-1.0014644331152898,-2.3677358257841337,0.3614457831325301
#35 breaker + break-even at 1R,M30,metal,11958,-0.797320037685593,-59.97300230745281,0.22562301388192005
#33 gap retest + break-even at 1R,M30,metal,2988,-0.5607872245190968,-19.781247283047385,0.18708165997322623
"Z0 baseline: any bullish close above the prior high as a zone, blind limit, 2R",M30,metal,40598,-0.8905268606273432,-105.95128027144071,0.32238041282821817
Z1 + discount location (lower 40% of the 500-bar range),M30,metal,1007,-1.2393330488975467,-20.686283424095812,0.29493545183714004
Z4 action matrix: Z1 + uptrend (SMA200 rising),M30,metal,1336,-1.1686140340027917,-23.36059697887645,0.2911676646706587
Z4 action matrix: Z1 + uptrend + discount,M30,metal,181,-0.9725729145871177,-6.941543139727395,0.35359116022099446
"#33 gap retest after BOS, pullback target",H1,metal,1599,-0.39100588654739327,-8.025630431054221,0.2782989368355222
#35 breaker block retest 2R,H1,metal,5874,-0.5704018607317696,-23.297290268508593,0.3229485869935308
HA flip alone (3+ red then green no lower wick),H1,metal,4828,-0.3917728169180195,-18.89616138023212,0.337821043910522
"HA at support (rejected level, HA turns green)",H1,metal,10442,-0.2585861760516405,-19.78427018282841,0.3530932771499713
"FVG inversion (bearish gap broken up, retest)",H1,metal,27386,-1.2049167594553372,-62.69017552088261,0.2706857518440079
FVG nearest the 61.8% retracement,H1,metal,2714,-0.7870239988919938,-20.70719063388821,0.32792925571112747
FVG + EMA200 trend + MACD cross on the retest,H1,metal,2361,-0.22580695122638966,-7.9487329802670565,0.36255823803473103
Pullback to SMA50 + rejection candle,H1,metal,4645,-0.4433443753777595,-20.212670510097478,0.34424111948331537
Pullback to SMA50 + RSI crosses 50,H1,metal,3885,-0.36890685607773877,-15.898817778688162,0.338996138996139
Broken resistance retest + RSI crosses 50,H1,metal,3952,-0.3726946652147199,-16.512965467895384,0.3312246963562753
Williams VIX Fix + Stochastic cross,H1,metal,18240,-0.5271715786810347,-41.331876310230435,0.327905701754386
"Equal lows above a demand zone, limit at zone top",H1,metal,320,-0.38915661368519067,-4.707589982281045,0.359375
SMA20/50 cross (every signal),H1,metal,4211,-0.3134276916742629,-14.883516744465256,0.36475896461648066
"SMA20/50 cross, only after two winning crosses",H1,metal,222,-0.31442385983259025,-3.4932504372772084,0.36486486486486486
"SB second breakout (small double bottom, buy stop over H1)",H1,metal,1233,-0.2849927395113894,-7.14523562658625,0.35117599351175993
Sweep of an obvious low + inversion FVG close,H1,metal,7335,-0.7625884488712626,-28.170418250115258,0.2962508520790729
"Trendline touch + Stochastic(5,3,3) cross from oversold",H1,metal,2513,-0.542258487968571,-17.89773572285244,0.34301631516116193
"Z1 fresh demand zone, blind limit at proximal, 2R",H1,metal,1297,-0.9806118878864797,-19.94658021691827,0.3084040092521203
"Z2 fresh demand zone + inside bar breakout, 2R",H1,metal,93,-0.6856894412989257,-3.787924829139101,0.34408602150537637
"Z3 fresh demand zone + strict engulfing, 2R",H1,metal,101,-1.7183289425355373,-1.657401605345214,0.2871287128712871
#35 breaker + break-even at 1R,H1,metal,5874,-0.5803615061294638,-25.692211822513368,0.23527408920667348
#33 gap retest + break-even at 1R,H1,metal,1599,-0.37946764732786153,-9.15507969520794,0.18761726078799248
"Z0 baseline: any bullish close above the prior high as a zone, blind limit, 2R",H1,metal,23863,-0.7136526268140962,-67.56901165209251,0.33457654108871476
Z1 + discount location (lower 40% of the 500-bar range),H1,metal,544,-1.00389100003539,-12.787869766399915,0.3161764705882353
Z4 action matrix: Z1 + uptrend (SMA200 rising),H1,metal,696,-0.9736980910348738,-14.73843912566248,0.30028735632183906
Z4 action matrix: Z1 + uptrend + discount,H1,metal,105,-1.0114557783873308,-5.775843950747612,0.29523809523809524
"#33 gap retest after BOS, pullback target",H4,metal,527,-0.26243226093715466,-3.864037980540116,0.32637571157495254
#35 breaker block retest 2R,H4,metal,1911,-0.30038816355045034,-8.93704942509595,0.35269492412349557
HA flip alone (3+ red then green no lower wick),H4,metal,1296,-0.17981828548237652,-5.142769198329315,0.3765432098765432
"HA at support (rejected level, HA turns green)",H4,metal,3012,-0.15585546718461912,-7.717820231809208,0.39741035856573703
"FVG inversion (bearish gap broken up, retest)",H4,metal,7480,-0.8080777854802782,-35.52609293138923,0.31283422459893045
FVG nearest the 61.8% retracement,H4,metal,759,-0.448406572245081,-8.484092815900315,0.34914361001317523
FVG + EMA200 trend + MACD cross on the retest,H4,metal,677,-0.1819905434505384,-4.297427552972293,0.38995568685376664
Pullback to SMA50 + rejection candle,H4,metal,1299,-0.22364882145900053,-5.971007929810408,0.37028483448806776
Pullback to SMA50 + RSI crosses 50,H4,metal,1072,-0.17927056722605336,-4.540416165414229,0.38152985074626866
Broken resistance retest + RSI crosses 50,H4,metal,1167,-0.3343214961481077,-9.005359673875322,0.32390745501285345
Williams VIX Fix + Stochastic cross,H4,metal,5062,-0.40358844352955076,-16.668893898609813,0.3303042275780324
"Equal lows above a demand zone, limit at zone top",H4,metal,56,-0.4015222644167287,-2.0942899114211824,0.3392857142857143
SMA20/50 cross (every signal),H4,metal,1149,-0.11687381785351611,-3.461644795878853,0.43342036553524804
"SMA20/50 cross, only after two winning crosses",H4,metal,75,-0.23066836016252637,-1.790406320543275,0.41333333333333333
"SB second breakout (small double bottom, buy stop over H1)",H4,metal,323,-0.06534101029759959,-0.9762688685875767,0.42105263157894735
Sweep of an obvious low + inversion FVG close,H4,metal,2156,-0.5687286215760885,-9.509305799602263,0.3177179962894249
"Trendline touch + Stochastic(5,3,3) cross from oversold",H4,metal,795,-0.3984685800792049,-8.171938477604126,0.31949685534591193
"Z1 fresh demand zone, blind limit at proximal, 2R",H4,metal,521,-0.5802892111027309,-8.244781440613059,0.3512476007677543
"Z2 fresh demand zone + inside bar breakout, 2R",H4,metal,62,-0.820817862907725,-4.50221844975911,0.25806451612903225
"Z3 fresh demand zone + strict engulfing, 2R",H4,metal,46,-0.6145150415275408,-2.725809198165534,0.2826086956521739
#35 breaker + break-even at 1R,H4,metal,1911,-0.3123094946083448,-10.445102723126675,0.26478283621140764
#33 gap retest + break-even at 1R,H4,metal,527,-0.28142472043097994,-5.163044404465932,0.22011385199240988
"Z0 baseline: any bullish close above the prior high as a zone, blind limit, 2R",H4,metal,8292,-0.447832900427966,-27.021760657994044,0.3451519536903039
Z1 + discount location (lower 40% of the 500-bar range),H4,metal,192,-0.625129890240108,-5.037880639765142,0.3645833333333333
Z4 action matrix: Z1 + uptrend (SMA200 rising),H4,metal,292,-0.6255958304829794,-6.849186051978771,0.3287671232876712
Z4 action matrix: Z1 + uptrend + discount,H4,metal,29,-0.5711789192824528,-1.822365386915692,0.3793103448275862
"#33 gap retest after BOS, pullback target",D1,metal,101,0.036052191611563804,0.20698103883234648,0.36633663366336633
#35 breaker block retest 2R,D1,metal,334,-0.20663252543702632,-2.7068962126922025,0.32335329341317365
HA flip alone (3+ red then green no lower wick),D1,metal,174,-0.044127959329849004,-0.4670175282738361,0.41379310344827586
"HA at support (rejected level, HA turns green)",D1,metal,369,-0.032157437628523765,-0.5445939124351503,0.43089430894308944
"FVG inversion (bearish gap broken up, retest)",D1,metal,1320,-0.47490997921365,-10.950832886765971,0.3340909090909091
FVG nearest the 61.8% retracement,D1,metal,178,-0.279844019771292,-2.551076704072349,0.33146067415730335
FVG + EMA200 trend + MACD cross on the retest,D1,metal,99,-0.22556136864604373,-2.0776966735132034,0.3838383838383838
Pullback to SMA50 + rejection candle,D1,metal,188,-0.1054308835932232,-1.067546752379171,0.3776595744680851
Pullback to SMA50 + RSI crosses 50,D1,metal,168,-0.12807375265817558,-1.264042349011879,0.35714285714285715
Broken resistance retest + RSI crosses 50,D1,metal,193,-0.03312517190110807,-0.347482312083366,0.40932642487046633
Williams VIX Fix + Stochastic cross,D1,metal,847,-0.12209119115996811,-2.4192380393516886,0.3778040141676505
"Equal lows above a demand zone, limit at zone top",D1,metal,3,-0.11691343784332275,-0.11773623113589471,0.3333333333333333
SMA20/50 cross (every signal),D1,metal,185,0.11295880927024661,1.358890890966586,0.5081081081081081
"SMA20/50 cross, only after two winning crosses",D1,metal,15,0.2110420455535253,0.7544557727009186,0.4666666666666667
"SB second breakout (small double bottom, buy stop over H1)",D1,metal,52,-0.14323394745588303,-0.8234644466160626,0.34615384615384615
Sweep of an obvious low + inversion FVG close,D1,metal,350,-0.2834116203470954,-3.7072358426279184,0.33714285714285713
"Trendline touch + Stochastic(5,3,3) cross from oversold",D1,metal,117,-0.07889379303390956,-0.601423752153195,0.37606837606837606
"Z1 fresh demand zone, blind limit at proximal, 2R",D1,metal,53,0.11135856385500927,0.5423683865975496,0.4528301886792453
"Z2 fresh demand zone + inside bar breakout, 2R",D1,metal,3,-0.526691734790802,-0.9470196102002112,0.3333333333333333
#35 breaker + break-even at 1R,D1,metal,334,-0.16991126703336823,-2.5514395697732515,0.23952095808383234
#33 gap retest + break-even at 1R,D1,metal,101,-0.015310065085437186,-0.10265921493978454,0.21782178217821782
"Z0 baseline: any bullish close above the prior high as a zone, blind limit, 2R",D1,metal,1585,-0.21639469762564834,-6.05009353354952,0.3312302839116719
Z1 + discount location (lower 40% of the 500-bar range),D1,metal,23,0.04719451199407163,0.14757504473045752,0.43478260869565216
Z4 action matrix: Z1 + uptrend (SMA200 rising),D1,metal,30,0.11584409077962239,0.42530066727689286,0.4666666666666667
Z4 action matrix: Z1 + uptrend + discount,D1,metal,10,-0.15708701610565184,-0.3269888750420691,0.4
"#33 gap retest after BOS, pullback target",ALL,gold,7056,-0.12620603108447037,-6.130656961526844,0.2657312925170068
"#33 gap retest after BOS, pullback target",M5,gold,3044,-0.13564723808411386,-4.321553713771625,0.27660972404730616
#35 breaker block retest 2R,ALL,gold,47306,-0.16268848802363234,-24.955617333758372,0.3290703082061472
#35 breaker block retest 2R,M5,gold,29754,-0.19067240675234334,-23.160689887407404,0.32728372655777377
HA flip alone (3+ red then green no lower wick),ALL,gold,37959,-0.11544730245577378,-15.918878138482782,0.3335967754682684
HA flip alone (3+ red then green no lower wick),M5,gold,24470,-0.13926552261762903,-15.390124753959471,0.33011851246424195
"HA at support (rejected level, HA turns green)",ALL,gold,69223,-0.09467965694980639,-17.812820383036225,0.3360010401167242
"HA at support (rejected level, HA turns green)",M5,gold,44274,-0.11519388189642356,-17.17849140274374,0.33026155305596966
"FVG inversion (bearish gap broken up, retest)",ALL,gold,218407,-0.2163624910229588,-70.70701332427325,0.33226957011451097
"FVG inversion (bearish gap broken up, retest)",M5,gold,140158,-0.23577589995562345,-61.70659944919801,0.33106922187816606
FVG nearest the 61.8% retracement,ALL,gold,22368,-0.17127150027494403,-17.939113079172344,0.33793812589413447
FVG nearest the 61.8% retracement,M5,gold,14456,-0.19016695725326965,-15.987169562981675,0.33785279468732704
FVG + EMA200 trend + MACD cross on the retest,ALL,gold,17479,-0.07241981894340403,-6.824477555746362,0.3456147376852223
FVG + EMA200 trend + MACD cross on the retest,M5,gold,11058,-0.09899297488597639,-7.342593803553582,0.33676975945017185
Pullback to SMA50 + rejection candle,ALL,gold,32737,-0.14166206750775184,-18.152886724652863,0.33228457097473807
Pullback to SMA50 + rejection candle,M5,gold,20758,-0.15938556850098648,-16.205511332649674,0.3323537913093747
Pullback to SMA50 + RSI crosses 50,ALL,gold,26216,-0.10090032194867654,-11.48769575334096,0.340669819957278
Pullback to SMA50 + RSI crosses 50,M5,gold,16879,-0.12660697481939667,-11.546690386951033,0.33852716393151255
Broken resistance retest + RSI crosses 50,ALL,gold,26656,-0.1250401279604088,-14.46399224926419,0.3326830732292917
Broken resistance retest + RSI crosses 50,M5,gold,16298,-0.14240308259364096,-12.802645990518212,0.3321266413056817
Williams VIX Fix + Stochastic cross,ALL,gold,130477,-0.13756489380216588,-35.063541005188284,0.33308552465185437
Williams VIX Fix + Stochastic cross,M5,gold,80778,-0.14891512879733365,-29.73548267725833,0.33610636559459256
"Equal lows above a demand zone, limit at zone top",ALL,gold,2138,-0.11901053441975917,-3.809419948742001,0.3409728718428438
"Equal lows above a demand zone, limit at zone top",M5,gold,1300,-0.11728795079084543,-2.8860540897244586,0.3484615384615385
SMA20/50 cross (every signal),ALL,gold,30028,-0.07054554409445621,-8.718208698507658,0.3499067536965499
SMA20/50 cross (every signal),M5,gold,18741,-0.09145087402249444,-8.80530363084277,0.34240435408996317
"SMA20/50 cross, only after two winning crosses",ALL,gold,1219,-0.12149420781752478,-3.110247891195253,0.3355209187858901
"SMA20/50 cross, only after two winning crosses",M5,gold,672,-0.16664323844348214,-3.107481439981771,0.31845238095238093
"SB second breakout (small double bottom, buy stop over H1)",ALL,gold,9651,-0.08967661121154731,-6.2223095087969025,0.3380996787897627
"SB second breakout (small double bottom, buy stop over H1)",M5,gold,6287,-0.09966184876483519,-5.551263880156581,0.33911245427071735
Sweep of an obvious low + inversion FVG close,ALL,gold,56263,-0.15060293132812017,-25.07874740528633,0.33688214279366546
Sweep of an obvious low + inversion FVG close,M5,gold,36086,-0.17482881543575934,-23.318351896716585,0.33494984204400596
"Trendline touch + Stochastic(5,3,3) cross from oversold",ALL,gold,18316,-0.1638068060428685,-15.659838071243726,0.32889277134745576
"Trendline touch + Stochastic(5,3,3) cross from oversold",M5,gold,12096,-0.17243036410152893,-13.340501661763184,0.33217592592592593
"Z1 fresh demand zone, blind limit at proximal, 2R",ALL,gold,5541,-0.14235754850818197,-7.312068167020549,0.35047825302292007
"Z1 fresh demand zone, blind limit at proximal, 2R",M5,gold,2906,-0.17172032340345758,-6.381534936937191,0.3499655884377151
"Z2 fresh demand zone + inside bar breakout, 2R",ALL,gold,507,-0.1524276761613654,-2.4194146154015863,0.33136094674556216
"Z2 fresh demand zone + inside bar breakout, 2R",M5,gold,290,-0.20323556209432667,-2.45508205529985,0.32413793103448274
"Z3 fresh demand zone + strict engulfing, 2R",ALL,gold,492,-0.16759022082982025,-2.6513729020781756,0.32723577235772355
"Z3 fresh demand zone + strict engulfing, 2R",M5,gold,283,-0.13125627200932047,-1.5366905936140935,0.3462897526501767
#35 breaker + break-even at 1R,ALL,gold,47306,-0.1644495083270592,-29.06243394168218,0.2458039149367945
#35 breaker + break-even at 1R,M5,gold,29754,-0.1906550145290191,-26.64108092970165,0.24521072796934865
#33 gap retest + break-even at 1R,ALL,gold,7056,-0.11024638369194784,-6.455125051467644,0.18579931972789115
#33 gap retest + break-even at 1R,M5,gold,3044,-0.13333600306564958,-5.117391313711155,0.19316688567674112
"Z0 baseline: any bullish close above the prior high as a zone, blind limit, 2R",ALL,gold,105353,-0.12889879120796643,-29.1762142389545,0.3418127628069443
"Z0 baseline: any bullish close above the prior high as a zone, blind limit, 2R",M5,gold,51854,-0.15485903190947248,-24.533758511764216,0.34157442048829406
Z1 + discount location (lower 40% of the 500-bar range),ALL,gold,2191,-0.12404026097219756,-3.9980205499899406,0.35554541305340026
Z1 + discount location (lower 40% of the 500-bar range),M5,gold,1142,-0.15519176890678874,-3.597178135242803,0.35464098073555167
Z4 action matrix: Z1 + uptrend (SMA200 rising),ALL,gold,3252,-0.1496409094751541,-5.894826389597426,0.34809348093480935
Z4 action matrix: Z1 + uptrend (SMA200 rising),M5,gold,1788,-0.20447436135087238,-6.025669624421741,0.3389261744966443
Z4 action matrix: Z1 + uptrend + discount,ALL,gold,490,-0.16991520560517603,-2.608854495925385,0.3408163265306122
Z4 action matrix: Z1 + uptrend + discount,M5,gold,312,-0.22926388337061956,-2.832151563272971,0.3301282051282051
"#33 gap retest after BOS, pullback target",M15,gold,1984,-0.12796354984804506,-3.250389083692083,0.2550403225806452
#35 breaker block retest 2R,M15,gold,9699,-0.12819131153344443,-8.898722463025038,0.3324054026188267
HA flip alone (3+ red then green no lower wick),M15,gold,7725,-0.09083347712568095,-5.63843911488479,0.33501618122977345
"HA at support (rejected level, HA turns green)",M15,gold,13589,-0.0703426780312375,-5.85623377202608,0.33725807638531163
"FVG inversion (bearish gap broken up, retest)",M15,gold,43748,-0.19952706614902804,-29.189820449539283,0.33338666910487336
FVG nearest the 61.8% retracement,M15,gold,4416,-0.1677919981657001,-7.852659585224868,0.3319746376811594
FVG + EMA200 trend + MACD cross on the retest,M15,gold,3462,-0.07574851916761825,-3.1879542797203944,0.3344887348353553
Pullback to SMA50 + rejection candle,M15,gold,6708,-0.11666984823335252,-6.75998334245184,0.33243887895050683
Pullback to SMA50 + RSI crosses 50,M15,gold,5209,-0.06350330635476167,-3.2099236518768017,0.3442119408715684
Broken resistance retest + RSI crosses 50,M15,gold,5772,-0.11646818192591807,-6.286909726327045,0.3283090783090783
Williams VIX Fix + Stochastic cross,M15,gold,27418,-0.1319756653045454,-15.480233546894286,0.3273761762345904
"Equal lows above a demand zone, limit at zone top",M15,gold,513,-0.18904237533405743,-3.0696909347430466,0.3079922027290448
SMA20/50 cross (every signal),M15,gold,6267,-0.05989214549744949,-3.389716666212459,0.34705600765916705
"SMA20/50 cross, only after two winning crosses",M15,gold,279,-0.08021254307093052,-0.9697954896772166,0.34050179211469533
"SB second breakout (small double bottom, buy stop over H1)",M15,gold,1983,-0.04549366341686826,-1.423029212064551,0.34392334846192635
Sweep of an obvious low + inversion FVG close,M15,gold,11087,-0.12389496940260267,-9.145557672809032,0.3388653377829891
"Trendline touch + Stochastic(5,3,3) cross from oversold",M15,gold,3458,-0.1767873819971305,-7.430505854620561,0.3169462116830538
"Z1 fresh demand zone, blind limit at proximal, 2R",M15,gold,1224,-0.09035070571634504,-2.1483044483677407,0.3668300653594771
"Z2 fresh demand zone + inside bar breakout, 2R",M15,gold,94,-0.10437722409025152,-0.7084651588215184,0.3404255319148936
"Z3 fresh demand zone + strict engulfing, 2R",M15,gold,95,-0.1349308315076326,-0.9366726545023977,0.3263157894736842
#35 breaker + break-even at 1R,M15,gold,9699,-0.14450675835847837,-11.629893359662384,0.244045777915249
#33 gap retest + break-even at 1R,M15,gold,1984,-0.10627358903730055,-3.2945300446727743,0.17137096774193547
"Z0 baseline: any bullish close above the prior high as a zone, blind limit, 2R",M15,gold,25355,-0.13179008648008125,-14.669595635209328,0.338868073358312
Z1 + discount location (lower 40% of the 500-bar range),M15,gold,513,-0.08830027459425303,-1.3699061636428806,0.3645224171539961
Z4 action matrix: Z1 + uptrend (SMA200 rising),M15,gold,685,-0.05038969133892199,-0.8832298474613774,0.381021897810219
Z4 action matrix: Z1 + uptrend + discount,M15,gold,91,-0.013548371556041005,-0.08681436370669589,0.38461538461538464
"#33 gap retest after BOS, pullback target",M30,gold,1174,-0.11802951948403094,-2.352304683221656,0.25468483816013626
#35 breaker block retest 2R,M30,gold,4606,-0.10426064091684038,-4.995275018421481,0.33174120712114635
HA flip alone (3+ red then green no lower wick),M30,gold,3612,-0.07505132645267502,-3.2058164782177427,0.33554817275747506
"HA at support (rejected level, HA turns green)",M30,gold,6742,-0.05253906820718604,-3.125243598907331,0.34336991990507265
"FVG inversion (bearish gap broken up, retest)",M30,gold,20727,-0.17868452208962196,-18.028835777615708,0.3336710570753124
FVG nearest the 61.8% retracement,M30,gold,2131,-0.11448330321344397,-3.6893968195322304,0.342092914124824
FVG + EMA200 trend + MACD cross on the retest,M30,gold,1739,0.002861760897308057,0.08557243142608004,0.36572742955721677
Pullback to SMA50 + rejection candle,M30,gold,3270,-0.11737663457497659,-4.788367690251574,0.326605504587156
Pullback to SMA50 + RSI crosses 50,M30,gold,2513,-0.07062229471280429,-2.5072825563345917,0.3342618384401114
Broken resistance retest + RSI crosses 50,M30,gold,2825,-0.08470071127786573,-3.1990625813553883,0.3327433628318584
Williams VIX Fix + Stochastic cross,M30,gold,13328,-0.11540091854645501,-9.469258806278777,0.32630552220888354
"Equal lows above a demand zone, limit at zone top",M30,gold,197,0.05028142980512629,0.4835138657888255,0.38578680203045684
SMA20/50 cross (every signal),M30,gold,3072,-0.007158297958814804,-0.28873335916045156,0.3720703125
"SMA20/50 cross, only after two winning crosses",M30,gold,162,-0.038592634979853935,-0.3679657027305083,0.35802469135802467
"SB second breakout (small double bottom, buy stop over H1)",M30,gold,876,-0.10301399941143652,-2.188001956973059,0.3219178082191781
Sweep of an obvious low + inversion FVG close,M30,gold,5404,-0.10928806359414356,-5.662462983816752,0.33641746854182086
"Trendline touch + Stochastic(5,3,3) cross from oversold",M30,gold,1685,-0.10062660166347062,-2.8931842796578486,0.3359050445103858
"Z1 fresh demand zone, blind limit at proximal, 2R",M30,gold,742,-0.14426958231591794,-2.734106790694953,0.33962264150943394
"Z2 fresh demand zone + inside bar breakout, 2R",M30,gold,66,-0.11428090478434708,-0.6494662958624244,0.3333333333333333
"Z3 fresh demand zone + strict engulfing, 2R",M30,gold,51,-0.39261680958317774,-2.186732861980614,0.23529411764705882
#35 breaker + break-even at 1R,M30,gold,4606,-0.0861825235790051,-4.73606486434404,0.2542336083369518
#33 gap retest + break-even at 1R,M30,gold,1174,-0.053614008934332255,-1.2649597187422785,0.19335604770017037
"Z0 baseline: any bullish close above the prior high as a zone, blind limit, 2R",M30,gold,15255,-0.09451685985828064,-8.141588423341855,0.3444772205834153
Z1 + discount location (lower 40% of the 500-bar range),M30,gold,279,-0.1354708812570059,-1.5785314029522115,0.34050179211469533
Z4 action matrix: Z1 + uptrend (SMA200 rising),M30,gold,412,-0.12385868968315494,-1.7347054483330766,0.3446601941747573
Z4 action matrix: Z1 + uptrend + discount,M30,gold,45,-0.2033092048433092,-0.9476515929193567,0.3111111111111111
"#33 gap retest after BOS, pullback target",H1,gold,625,-0.11094818708896637,-1.599132380661942,0.2496
#35 breaker block retest 2R,H1,gold,2367,-0.09948037877064285,-3.4433973209925868,0.3269961977186312
HA flip alone (3+ red then green no lower wick),H1,gold,1655,-0.024669901771454023,-0.717708372333623,0.3504531722054381
"HA at support (rejected level, HA turns green)",H1,gold,3486,-0.02674519289553441,-1.1793986617949472,0.36775674125071717
"FVG inversion (bearish gap broken up, retest)",H1,gold,10329,-0.1408485995917742,-9.999057563656036,0.3379804434117533
FVG nearest the 61.8% retracement,H1,gold,1006,-0.06535796745574735,-1.456043560875753,0.3508946322067594
FVG + EMA200 trend + MACD cross on the retest,H1,gold,914,0.07017841485748781,1.5979178986721285,0.41575492341356673
Pullback to SMA50 + rejection candle,H1,gold,1523,-0.11536918114809636,-3.268995587255645,0.32435981615233095
Pullback to SMA50 + RSI crosses 50,H1,gold,1222,-0.033426095300190965,-0.8313113069253409,0.3445171849427169
Broken resistance retest + RSI crosses 50,H1,gold,1344,-0.06936449989111029,-1.8446488945326014,0.3385416666666667
Williams VIX Fix + Stochastic cross,H1,gold,6782,-0.104672309156783,-6.162550461050999,0.32483043350044233
"Equal lows above a demand zone, limit at zone top",H1,gold,106,-0.1725151831249021,-1.2843458038905853,0.3113207547169811
SMA20/50 cross (every signal),H1,gold,1513,0.012770661230422116,0.38089746678397096,0.3972240581625909
"SMA20/50 cross, only after two winning crosses",H1,gold,83,-0.046373683117689135,-0.33547392891843303,0.39759036144578314
"SB second breakout (small double bottom, buy stop over H1)",H1,gold,397,-0.10928272977659023,-1.5893997928710155,0.3224181360201511
Sweep of an obvious low + inversion FVG close,H1,gold,2723,-0.061047273034598316,-2.2195179356449306,0.3474109438119721
"Trendline touch + Stochastic(5,3,3) cross from oversold",H1,gold,803,-0.14080411837822474,-2.88008249453891,0.3138231631382316
"Z1 fresh demand zone, blind limit at proximal, 2R",H1,gold,456,-0.133830662620695,-2.0268554253556275,0.33114035087719296
"Z2 fresh demand zone + inside bar breakout, 2R",H1,gold,41,-0.058549587319536904,-0.25626227836649645,0.34146341463414637
"Z3 fresh demand zone + strict engulfing, 2R",H1,gold,48,-0.23937238877018294,-1.223380330775745,0.2916666666666667
#35 breaker + break-even at 1R,H1,gold,2367,-0.10294164506646512,-4.0946407076423315,0.2454583861427968
#33 gap retest + break-even at 1R,H1,gold,625,-0.11425026447661221,-2.0182959668916642,0.1712
"Z0 baseline: any bullish close above the prior high as a zone, blind limit, 2R",H1,gold,9093,-0.06714535244269097,-4.476828135524057,0.34609039920818213
Z1 + discount location (lower 40% of the 500-bar range),H1,gold,182,-0.015373034791632012,-0.1432974227925485,0.37362637362637363
Z4 action matrix: Z1 + uptrend (SMA200 rising),H1,gold,242,-0.13605771577062686,-1.5030993990501544,0.32644628099173556
Z4 action matrix: Z1 + uptrend + discount,H1,gold,28,0.06649709173611232,0.23525585743849572,0.39285714285714285
"#33 gap retest after BOS, pullback target",H4,gold,195,-0.07971547813369678,-0.7512924793801312,0.3230769230769231
#35 breaker block retest 2R,H4,gold,770,-0.07018456639504278,-1.4421601900088459,0.34675324675324676
HA flip alone (3+ red then green no lower wick),H4,gold,438,0.06967892267711495,1.135237963282885,0.4155251141552511
"HA at support (rejected level, HA turns green)",H4,gold,997,-0.06430924489628057,-1.8019691492395722,0.3981945837512538
"FVG inversion (bearish gap broken up, retest)",H4,gold,2939,-0.09093020274264244,-3.4893995923171115,0.3446750595440626
FVG nearest the 61.8% retracement,H4,gold,304,-0.10349415514716193,-1.321552368176856,0.34868421052631576
FVG + EMA200 trend + MACD cross on the retest,H4,gold,261,0.09322529960195337,1.3585895280906268,0.4904214559386973
Pullback to SMA50 + rejection candle,H4,gold,418,0.020774198063252647,0.3190772720056158,0.3875598086124402
Pullback to SMA50 + RSI crosses 50,H4,gold,333,0.08385251011254054,1.1613612514346572,0.4084084084084084
Broken resistance retest + RSI crosses 50,H4,gold,359,-0.005156748349620107,-0.07779427874605722,0.3955431754874652
Williams VIX Fix + Stochastic cross,H4,gold,1852,-0.03303640865726843,-1.0420104400938253,0.35799136069114473
"Equal lows above a demand zone, limit at zone top",H4,gold,22,0.15407816930250687,0.49009781356936827,0.4090909090909091
SMA20/50 cross (every signal),H4,gold,373,-0.06366916543656795,-1.1616549777611371,0.3967828418230563
"SMA20/50 cross, only after two winning crosses",H4,gold,19,-0.11230764822348167,-0.5493440475257887,0.42105263157894735
"SB second breakout (small double bottom, buy stop over H1)",H4,gold,93,-0.05738382986796799,-0.46931713845623596,0.3870967741935484
Sweep of an obvious low + inversion FVG close,H4,gold,846,-0.0502877712875041,-1.0618759586383566,0.3534278959810875
"Trendline touch + Stochastic(5,3,3) cross from oversold",H4,gold,234,-0.059818131674049244,-0.6641860794481802,0.3418803418803419
"Z1 fresh demand zone, blind limit at proximal, 2R",H4,gold,180,-0.02066746453444163,-0.1921743146470064,0.35555555555555557
"Z2 fresh demand zone + inside bar breakout, 2R",H4,gold,11,0.04662542993372137,0.10342988618031065,0.36363636363636365
"Z3 fresh demand zone + strict engulfing, 2R",H4,gold,15,-0.06514018177986144,-0.18663899015715155,0.4
#35 breaker + break-even at 1R,H4,gold,770,-0.06506690057175984,-1.5723087433207192,0.24545454545454545
#33 gap retest + break-even at 1R,H4,gold,195,-0.15793154295892098,-1.735809928687698,0.21025641025641026
"Z0 baseline: any bullish close above the prior high as a zone, blind limit, 2R",H4,gold,3186,-0.043433935659758074,-1.7373300543832966,0.34526051475204017
Z1 + discount location (lower 40% of the 500-bar range),H4,gold,66,-0.08043814608545015,-0.4566455584876215,0.3333333333333333
Z4 action matrix: Z1 + uptrend (SMA200 rising),H4,gold,107,0.06736883883164307,0.47825540196143096,0.38317757009345793
Z4 action matrix: Z1 + uptrend + discount,H4,gold,13,-0.16033302820645845,-0.4112702054584787,0.3076923076923077
"#33 gap retest after BOS, pullback target",D1,gold,34,-0.007826137192109051,-0.02614310043671378,0.2647058823529412
#35 breaker block retest 2R,D1,gold,110,-0.0891873512417078,-0.6886562897665583,0.32727272727272727
HA flip alone (3+ red then green no lower wick),D1,gold,59,0.14655094536936888,0.8328401268314046,0.3898305084745763
"HA at support (rejected level, HA turns green)",D1,gold,135,0.1002899500782843,1.011852094897355,0.4444444444444444
"FVG inversion (bearish gap broken up, retest)",D1,gold,506,-0.10796593001531989,-1.7232197060804701,0.3221343873517787
FVG nearest the 61.8% retracement,D1,gold,55,0.0036061341112310235,0.01676879355096028,0.38181818181818183
FVG + EMA200 trend + MACD cross on the retest,D1,gold,45,-0.05270671645800273,-0.30180296976527365,0.3333333333333333
Pullback to SMA50 + rejection candle,D1,gold,60,0.07335186749696732,0.4209736090483572,0.4166666666666667
Pullback to SMA50 + RSI crosses 50,D1,gold,60,0.2163773295780023,1.2240558959063224,0.45
Broken resistance retest + RSI crosses 50,D1,gold,58,-0.09608956644761152,-0.6238556495360481,0.39655172413793105
Williams VIX Fix + Stochastic cross,D1,gold,319,0.023996516011164853,0.3098702192023697,0.3730407523510972
SMA20/50 cross (every signal),D1,gold,62,-0.043545364267042565,-0.30862562177648034,0.3709677419354839
"SMA20/50 cross, only after two winning crosses",D1,gold,4,-0.3757539242506027,-0.7201813738962808,0.25
"SB second breakout (small double bottom, buy stop over H1)",D1,gold,15,-0.6479195786019166,-2.987085112118352,0.2
Sweep of an obvious low + inversion FVG close,D1,gold,117,0.0725752898515799,0.5469070469912192,0.4017094017094017
"Trendline touch + Stochastic(5,3,3) cross from oversold",D1,gold,40,-0.16545086726546288,-0.7735146108457817,0.3
"Z1 fresh demand zone, blind limit at proximal, 2R",D1,gold,33,-0.22423323717984286,-0.9568703940171305,0.2727272727272727
"Z2 fresh demand zone + inside bar breakout, 2R",D1,gold,5,0.17982666492462157,0.242590735968871,0.4
#35 breaker + break-even at 1R,D1,gold,110,-0.1309727126097476,-1.1952894761184862,0.21818181818181817
#33 gap retest + break-even at 1R,D1,gold,34,0.11673597985988154,0.40399124549570065,0.23529411764705882
"Z0 baseline: any bullish close above the prior high as a zone, blind limit, 2R",D1,gold,610,-0.028669771942936007,-0.5034881133410611,0.3360655737704918
Z1 + discount location (lower 40% of the 500-bar range),D1,gold,9,-0.37133166525099015,-0.8413260514214855,0.2222222222222222
Z4 action matrix: Z1 + uptrend (SMA200 rising),D1,gold,18,-0.5426588522063361,-2.0202916449402792,0.16666666666666666
Z4 action matrix: Z1 + uptrend + discount,D1,gold,1,-1.1238923072814941,,0.0
"Z3 fresh demand zone + strict engulfing, 2R",D1,metal,2,-1.0977619886398315,-14.17812933025404,0.0
